<aetgt:getResponse xmlns:aetgt="http://schemas.active-endpoints.com/appmodules/repository/2010/10/avrepository.xsd"
                   xmlns:types1="http://schemas.active-endpoints.com/appmodules/repository/2010/10/avrepository.xsd">
   <types1:Item>
      <types1:EntryId>04HpMZQELaabclv-gt-2689989-2019-11-14T05:50:59.94Z::svc.xml</types1:EntryId>
      <types1:Name>SAP_S4HANA_Reservation_Document_-_Read-Create-Delete_API_v1</types1:Name>
      <types1:MimeType>application/xml+businesssconnector</types1:MimeType>
      <types1:Description>For example, a user might create a  reservation for a material with some  quantity and assign that reserved material  to a cost center, a sales order or an  asset. A reservation can also be created  for a transfer posting from one plant to  another. The service also allows to delete  existing reservation documents. It can be  consumed by external systems and user  interfaces.</types1:Description>
      <types1:AppliesTo/>
      <types1:Tags/>
      <types1:VersionLabel>1.0</types1:VersionLabel>
      <types1:State>CURRENT</types1:State>
      <types1:ProcessGroup/>
      <types1:CreatedBy>sorabh@na1.dm-us.org</types1:CreatedBy>
      <types1:CreationDate>2019-11-14T05:51:00Z</types1:CreationDate>
      <types1:ModifiedBy/>
      <types1:PublicationStatus>published</types1:PublicationStatus>
      <types1:PublishedBy>sorabh@na1.dm-us.org</types1:PublishedBy>
      <types1:PublicationDate>2019-11-14T05:51:04Z</types1:PublicationDate>
      <types1:PublishedContributionId>project:/rt.connector/SAP_S4HANA_Reservation_Document___Read_Create_Delete_API_v1/SAP_S4HANA_Reservation_Document___Read_Create_Delete_API_v1_svcDef.xml</types1:PublishedContributionId>
      <types1:AutosaveExists>false</types1:AutosaveExists>
      <types1:Entry>
         <businessConnector xmlns="http://schemas.informatica.com/socrates/data-services/2014/05/business-connector-model.xsd"
                            agentOnly="false"
                            debug="false"
                            displayName="SAP S4HANA Reservation Document - Read-Create-Delete API v1"
                            label=""
                            name="SAP_S4HANA_Reservation_Document_-_Read-Create-Delete_API_v1"
                            uuid="3002147c-9a0a-4dbf-aca1-56e1eaf44b8c">
            <description>For example, a user might create a  reservation for a material with some  quantity and assign that reserved material  to a cost center, a sales order or an  asset. A reservation can also be created  for a transfer posting from one plant to  another. The service also allows to delete  existing reservation documents. It can be  consumed by external systems and user  interfaces.</description>
            <tags/>
            <connectionAttributes xmlns="http://schemas.informatica.com/appmodules/screenflow/2014/04/avosConnectors.xsd">
               <connectionAttribute description="Host Name"
                                    masked="false"
                                    name="hostName"
                                    required="true"
                                    testWith="sandbox.api.sap.com"
                                    type="string"/>
               <connectionAttribute description="User Name"
                                    masked="false"
                                    name="username"
                                    required="true"
                                    testWith=""
                                    type="string"/>
               <connectionAttribute description="Password"
                                    masked="true"
                                    name="password"
                                    required="true"
                                    testWith=""
                                    type="string"/>
            </connectionAttributes>
            <actions>
               <action category="Batch Requests"
                       failOnError="true"
                       forSearch="false"
                       label="POST_batch"
                       maxRedirects="100"
                       name="POST_batch"
                       preemptiveAuth="true"
                       responseEncoding="">
                  <description>Send a group of requests. Group multiple requests into a single request payload, see [Batch Requests](https://help.sap.com/doc/5890d27be418427993fafa6722cdc03b/Cloud/en-US/OdataV2.pdf#page=152).</description>
                  <input>
                     <parameter description="Batch request"
                                label="requestBody"
                                name="requestBody"
                                required="false"
                                testWith=""
                                type="string"/>
                  </input>
                  <binding>
                     <restSimpleBinding multiUsing="semicolonSeparated"
                                        url="https://{$hostName}/s4hanacloud/sap/opu/odata/sap/API_RESERVATION_DOCUMENT_SRV/$batch"
                                        verb="POST">
                        <authentication>
                           <username>{$username}</username>
                           <password>{$password}</password>
                           <isExpressionInPassword>true</isExpressionInPassword>
                        </authentication>
                        <httpHeaders>
                           <header name="Content-Type">multipart/mixed;boundary=request-separator</header>
                           <header name="Accept">multipart/mixed</header>
                        </httpHeaders>
                        <body>{$requestBody}</body>
                     </restSimpleBinding>
                  </binding>
                  <output/>
               </action>
               <action category="A_ReservationDocumentHeader"
                       failOnError="true"
                       forSearch="false"
                       label="POST_A_ReservationDocumentHeader"
                       maxRedirects="100"
                       name="POST_A_ReservationDocumentHeader"
                       preemptiveAuth="true"
                       responseEncoding="">
                  <description>Add new entity to A_ReservationDocumentHeader</description>
                  <input>
                     <parameter description="New entity"
                                label="A_ReservationDocumentHeaderType"
                                name="A_ReservationDocumentHeaderType"
                                required="false"
                                testWith=""
                                type="reference">
                        <options>
                           <option name="referenceTo">API_RESERVATION_DOCUMENT_SRV_A_ReservationDocumentHeaderType_create</option>
                        </options>
                     </parameter>
                  </input>
                  <binding>
                     <restSimpleBinding multiUsing="semicolonSeparated"
                                        url="https://{$hostName}/s4hanacloud/sap/opu/odata/sap/API_RESERVATION_DOCUMENT_SRV/A_ReservationDocumentHeader"
                                        verb="POST">
                        <authentication>
                           <username>{$username}</username>
                           <password>{$password}</password>
                           <isExpressionInPassword>true</isExpressionInPassword>
                        </authentication>
                        <httpHeaders>
                           <header name="Content-Type">application/json</header>
                           <header name="Accept">application/json</header>
                        </httpHeaders>
                        <body generateUsing="UnwrappedJSON" preserveJsonStringFormatting="false"/>
                     </restSimpleBinding>
                  </binding>
                  <output/>
               </action>
               <action category="A_ReservationDocumentHeader"
                       failOnError="true"
                       forSearch="false"
                       label="GET_A_ReservationDocumentHeader"
                       maxRedirects="100"
                       name="GET_A_ReservationDocumentHeader"
                       preemptiveAuth="true"
                       responseEncoding="">
                  <description>Get entities from A_ReservationDocumentHeader</description>
                  <input>
                     <parameter description="Show only the first n items, see [Paging - Top](https://help.sap.com/doc/5890d27be418427993fafa6722cdc03b/Cloud/en-US/OdataV2.pdf#page=66)"
                                label="$top"
                                name="$top"
                                required="false"
                                testWith=""
                                type="int"/>
                     <parameter description="Skip the first n items, see [Paging - Skip](https://help.sap.com/doc/5890d27be418427993fafa6722cdc03b/Cloud/en-US/OdataV2.pdf#page=65)"
                                label="$skip"
                                name="$skip"
                                required="false"
                                testWith=""
                                type="int"/>
                     <parameter description="Filter items by property values, see [Filtering](https://help.sap.com/doc/5890d27be418427993fafa6722cdc03b/Cloud/en-US/OdataV2.pdf#page=64)"
                                label="$filter"
                                name="$filter"
                                required="false"
                                testWith=""
                                type="string"/>
                     <parameter description="Include count of items, see [Inlinecount](https://help.sap.com/doc/5890d27be418427993fafa6722cdc03b/Cloud/en-US/OdataV2.pdf#page=67)"
                                label="$inlinecount"
                                name="$inlinecount"
                                required="false"
                                testWith=""
                                type="picklist">
                        <options>
                           <option name="values">[{"value":"allpages","label":"allpages"},{"value":"none","label":"none"}]</option>
                        </options>
                     </parameter>
                     <parameter description="Order items by property values, see [Sorting](https://help.sap.com/doc/5890d27be418427993fafa6722cdc03b/Cloud/en-US/OdataV2.pdf#page=65)"
                                label="$orderby"
                                name="$orderby"
                                required="false"
                                testWith=""
                                type="picklist">
                        <options>
                           <option name="values">[{"value":"Reservation","label":"Reservation"},{"value":"Reservation desc","label":"Reservation desc"},{"value":"OrderID","label":"OrderID"},{"value":"OrderID desc","label":"OrderID desc"},{"value":"GoodsMovementType","label":"GoodsMovementType"},{"value":"GoodsMovementType desc","label":"GoodsMovementType desc"},{"value":"CostCenter","label":"CostCenter"},{"value":"CostCenter desc","label":"CostCenter desc"},{"value":"GoodsRecipientName","label":"GoodsRecipientName"},{"value":"GoodsRecipientName desc","label":"GoodsRecipientName desc"},{"value":"ReservationDate","label":"ReservationDate"},{"value":"ReservationDate desc","label":"ReservationDate desc"},{"value":"IsCheckedAgainstFactoryCal","label":"IsCheckedAgainstFactoryCal"},{"value":"IsCheckedAgainstFactoryCal desc","label":"IsCheckedAgainstFactoryCal desc"},{"value":"Customer","label":"Customer"},{"value":"Customer desc","label":"Customer desc"},{"value":"WBSElement","label":"WBSElement"},{"value":"WBSElement desc","label":"WBSElement desc"},{"value":"ControllingArea","label":"ControllingArea"},{"value":"ControllingArea desc","label":"ControllingArea desc"},{"value":"SalesOrder","label":"SalesOrder"},{"value":"SalesOrder desc","label":"SalesOrder desc"},{"value":"SalesOrderItem","label":"SalesOrderItem"},{"value":"SalesOrderItem desc","label":"SalesOrderItem desc"},{"value":"SalesOrderScheduleLine","label":"SalesOrderScheduleLine"},{"value":"SalesOrderScheduleLine desc","label":"SalesOrderScheduleLine desc"},{"value":"AssetNumber","label":"AssetNumber"},{"value":"AssetNumber desc","label":"AssetNumber desc"},{"value":"AssetSubNumber","label":"AssetSubNumber"},{"value":"AssetSubNumber desc","label":"AssetSubNumber desc"},{"value":"NetworkNumberForAcctAssgmt","label":"NetworkNumberForAcctAssgmt"},{"value":"NetworkNumberForAcctAssgmt desc","label":"NetworkNumberForAcctAssgmt desc"},{"value":"IssuingOrReceivingPlant","label":"IssuingOrReceivingPlant"},{"value":"IssuingOrReceivingPlant desc","label":"IssuingOrReceivingPlant desc"},{"value":"IssuingOrReceivingStorageLoc","label":"IssuingOrReceivingStorageLoc"},{"value":"IssuingOrReceivingStorageLoc desc","label":"IssuingOrReceivingStorageLoc desc"}]</option>
                        </options>
                     </parameter>
                     <parameter description="Select properties to be returned, see [Select](https://help.sap.com/doc/5890d27be418427993fafa6722cdc03b/Cloud/en-US/OdataV2.pdf#page=68)"
                                label="$select"
                                name="$select"
                                required="false"
                                testWith=""
                                type="picklist">
                        <options>
                           <option name="values">[{"value":"Reservation","label":"Reservation"},{"value":"OrderID","label":"OrderID"},{"value":"GoodsMovementType","label":"GoodsMovementType"},{"value":"CostCenter","label":"CostCenter"},{"value":"GoodsRecipientName","label":"GoodsRecipientName"},{"value":"ReservationDate","label":"ReservationDate"},{"value":"IsCheckedAgainstFactoryCal","label":"IsCheckedAgainstFactoryCal"},{"value":"Customer","label":"Customer"},{"value":"WBSElement","label":"WBSElement"},{"value":"ControllingArea","label":"ControllingArea"},{"value":"SalesOrder","label":"SalesOrder"},{"value":"SalesOrderItem","label":"SalesOrderItem"},{"value":"SalesOrderScheduleLine","label":"SalesOrderScheduleLine"},{"value":"AssetNumber","label":"AssetNumber"},{"value":"AssetSubNumber","label":"AssetSubNumber"},{"value":"NetworkNumberForAcctAssgmt","label":"NetworkNumberForAcctAssgmt"},{"value":"IssuingOrReceivingPlant","label":"IssuingOrReceivingPlant"},{"value":"IssuingOrReceivingStorageLoc","label":"IssuingOrReceivingStorageLoc"},{"value":"to_ReservationDocumentItem","label":"to_ReservationDocumentItem"}]</option>
                        </options>
                     </parameter>
                     <parameter description="Expand related entities, see [Expand](https://help.sap.com/doc/5890d27be418427993fafa6722cdc03b/Cloud/en-US/OdataV2.pdf#page=63)"
                                label="$expand"
                                name="$expand"
                                required="false"
                                testWith=""
                                type="picklist">
                        <options>
                           <option name="values">[{"value":"to_ReservationDocumentItem","label":"to_ReservationDocumentItem"}]</option>
                        </options>
                     </parameter>
                  </input>
                  <binding>
                     <restSimpleBinding multiUsing="semicolonSeparated"
                                        url="https://{$hostName}/s4hanacloud/sap/opu/odata/sap/API_RESERVATION_DOCUMENT_SRV/A_ReservationDocumentHeader"
                                        verb="GET">
                        <authentication>
                           <username>{$username}</username>
                           <password>{$password}</password>
                           <isExpressionInPassword>true</isExpressionInPassword>
                        </authentication>
                        <httpHeaders>
                           <header name="Content-Type">application/json</header>
                           <header name="Accept">application/json</header>
                        </httpHeaders>
                     </restSimpleBinding>
                  </binding>
                  <output>
                     <field description="Retrieved entities"
                            entireResponse="true"
                            name="entireResponse"
                            type="object"/>
                  </output>
               </action>
               <action category="A_ReservationDocumentHeader"
                       failOnError="true"
                       forSearch="false"
                       label="GET_A_ReservationDocumentHeader_Reservation_to_ReservationDocumentItem"
                       maxRedirects="100"
                       name="GET_A_ReservationDocumentHeader_Reservation_to_ReservationDocumentItem"
                       preemptiveAuth="true"
                       responseEncoding="">
                  <description>Get entities from related to_ReservationDocumentItem</description>
                  <input>
                     <parameter description="Show only the first n items, see [Paging - Top](https://help.sap.com/doc/5890d27be418427993fafa6722cdc03b/Cloud/en-US/OdataV2.pdf#page=66)"
                                label="$top"
                                name="$top"
                                required="false"
                                testWith=""
                                type="int"/>
                     <parameter description="Skip the first n items, see [Paging - Skip](https://help.sap.com/doc/5890d27be418427993fafa6722cdc03b/Cloud/en-US/OdataV2.pdf#page=65)"
                                label="$skip"
                                name="$skip"
                                required="false"
                                testWith=""
                                type="int"/>
                     <parameter description="Filter items by property values, see [Filtering](https://help.sap.com/doc/5890d27be418427993fafa6722cdc03b/Cloud/en-US/OdataV2.pdf#page=64)"
                                label="$filter"
                                name="$filter"
                                required="false"
                                testWith=""
                                type="string"/>
                     <parameter description="Include count of items, see [Inlinecount](https://help.sap.com/doc/5890d27be418427993fafa6722cdc03b/Cloud/en-US/OdataV2.pdf#page=67)"
                                label="$inlinecount"
                                name="$inlinecount"
                                required="false"
                                testWith=""
                                type="picklist">
                        <options>
                           <option name="values">[{"value":"allpages","label":"allpages"},{"value":"none","label":"none"}]</option>
                        </options>
                     </parameter>
                     <parameter description="Order items by property values, see [Sorting](https://help.sap.com/doc/5890d27be418427993fafa6722cdc03b/Cloud/en-US/OdataV2.pdf#page=65)"
                                label="$orderby"
                                name="$orderby"
                                required="false"
                                testWith=""
                                type="picklist">
                        <options>
                           <option name="values">[{"value":"Reservation","label":"Reservation"},{"value":"Reservation desc","label":"Reservation desc"},{"value":"ReservationItem","label":"ReservationItem"},{"value":"ReservationItem desc","label":"ReservationItem desc"},{"value":"RecordType","label":"RecordType"},{"value":"RecordType desc","label":"RecordType desc"},{"value":"Product","label":"Product"},{"value":"Product desc","label":"Product desc"},{"value":"RequirementType","label":"RequirementType"},{"value":"RequirementType desc","label":"RequirementType desc"},{"value":"MatlCompRequirementDate","label":"MatlCompRequirementDate"},{"value":"MatlCompRequirementDate desc","label":"MatlCompRequirementDate desc"},{"value":"Plant","label":"Plant"},{"value":"Plant desc","label":"Plant desc"},{"value":"ManufacturingOrderOperation","label":"ManufacturingOrderOperation"},{"value":"ManufacturingOrderOperation desc","label":"ManufacturingOrderOperation desc"},{"value":"GoodsMovementIsAllowed","label":"GoodsMovementIsAllowed"},{"value":"GoodsMovementIsAllowed desc","label":"GoodsMovementIsAllowed desc"},{"value":"StorageLocation","label":"StorageLocation"},{"value":"StorageLocation desc","label":"StorageLocation desc"},{"value":"Batch","label":"Batch"},{"value":"Batch desc","label":"Batch desc"},{"value":"DebitCreditCode","label":"DebitCreditCode"},{"value":"DebitCreditCode desc","label":"DebitCreditCode desc"},{"value":"BaseUnit","label":"BaseUnit"},{"value":"BaseUnit desc","label":"BaseUnit desc"},{"value":"GLAccount","label":"GLAccount"},{"value":"GLAccount desc","label":"GLAccount desc"},{"value":"GoodsMovementType","label":"GoodsMovementType"},{"value":"GoodsMovementType desc","label":"GoodsMovementType desc"},{"value":"EntryUnit","label":"EntryUnit"},{"value":"EntryUnit desc","label":"EntryUnit desc"},{"value":"QuantityIsFixed","label":"QuantityIsFixed"},{"value":"QuantityIsFixed desc","label":"QuantityIsFixed desc"},{"value":"CompanyCodeCurrency","label":"CompanyCodeCurrency"},{"value":"CompanyCodeCurrency desc","label":"CompanyCodeCurrency desc"},{"value":"IssuingOrReceivingPlant","label":"IssuingOrReceivingPlant"},{"value":"IssuingOrReceivingPlant desc","label":"IssuingOrReceivingPlant desc"},{"value":"IssuingOrReceivingStorageLoc","label":"IssuingOrReceivingStorageLoc"},{"value":"IssuingOrReceivingStorageLoc desc","label":"IssuingOrReceivingStorageLoc desc"},{"value":"PurchasingDocument","label":"PurchasingDocument"},{"value":"PurchasingDocument desc","label":"PurchasingDocument desc"},{"value":"PurchasingDocumentItem","label":"PurchasingDocumentItem"},{"value":"PurchasingDocumentItem desc","label":"PurchasingDocumentItem desc"},{"value":"Supplier","label":"Supplier"},{"value":"Supplier desc","label":"Supplier desc"},{"value":"ResvnItmRequiredQtyInBaseUnit","label":"ResvnItmRequiredQtyInBaseUnit"},{"value":"ResvnItmRequiredQtyInBaseUnit desc","label":"ResvnItmRequiredQtyInBaseUnit desc"},{"value":"ReservationItemIsFinallyIssued","label":"ReservationItemIsFinallyIssued"},{"value":"ReservationItemIsFinallyIssued desc","label":"ReservationItemIsFinallyIssued desc"},{"value":"ReservationItmIsMarkedForDeltn","label":"ReservationItmIsMarkedForDeltn"},{"value":"ReservationItmIsMarkedForDeltn desc","label":"ReservationItmIsMarkedForDeltn desc"},{"value":"ResvnItmRequiredQtyInEntryUnit","label":"ResvnItmRequiredQtyInEntryUnit"},{"value":"ResvnItmRequiredQtyInEntryUnit desc","label":"ResvnItmRequiredQtyInEntryUnit desc"},{"value":"ResvnItmWithdrawnQtyInBaseUnit","label":"ResvnItmWithdrawnQtyInBaseUnit"},{"value":"ResvnItmWithdrawnQtyInBaseUnit desc","label":"ResvnItmWithdrawnQtyInBaseUnit desc"},{"value":"ResvnItmWithdrawnAmtInCCCrcy","label":"ResvnItmWithdrawnAmtInCCCrcy"},{"value":"ResvnItmWithdrawnAmtInCCCrcy desc","label":"ResvnItmWithdrawnAmtInCCCrcy desc"},{"value":"GoodsRecipientName","label":"GoodsRecipientName"},{"value":"GoodsRecipientName desc","label":"GoodsRecipientName desc"},{"value":"UnloadingPointName","label":"UnloadingPointName"},{"value":"UnloadingPointName desc","label":"UnloadingPointName desc"},{"value":"ReservationItemText","label":"ReservationItemText"},{"value":"ReservationItemText desc","label":"ReservationItemText desc"}]</option>
                        </options>
                     </parameter>
                     <parameter description="Select properties to be returned, see [Select](https://help.sap.com/doc/5890d27be418427993fafa6722cdc03b/Cloud/en-US/OdataV2.pdf#page=68)"
                                label="$select"
                                name="$select"
                                required="false"
                                testWith=""
                                type="picklist">
                        <options>
                           <option name="values">[{"value":"Reservation","label":"Reservation"},{"value":"ReservationItem","label":"ReservationItem"},{"value":"RecordType","label":"RecordType"},{"value":"Product","label":"Product"},{"value":"RequirementType","label":"RequirementType"},{"value":"MatlCompRequirementDate","label":"MatlCompRequirementDate"},{"value":"Plant","label":"Plant"},{"value":"ManufacturingOrderOperation","label":"ManufacturingOrderOperation"},{"value":"GoodsMovementIsAllowed","label":"GoodsMovementIsAllowed"},{"value":"StorageLocation","label":"StorageLocation"},{"value":"Batch","label":"Batch"},{"value":"DebitCreditCode","label":"DebitCreditCode"},{"value":"BaseUnit","label":"BaseUnit"},{"value":"GLAccount","label":"GLAccount"},{"value":"GoodsMovementType","label":"GoodsMovementType"},{"value":"EntryUnit","label":"EntryUnit"},{"value":"QuantityIsFixed","label":"QuantityIsFixed"},{"value":"CompanyCodeCurrency","label":"CompanyCodeCurrency"},{"value":"IssuingOrReceivingPlant","label":"IssuingOrReceivingPlant"},{"value":"IssuingOrReceivingStorageLoc","label":"IssuingOrReceivingStorageLoc"},{"value":"PurchasingDocument","label":"PurchasingDocument"},{"value":"PurchasingDocumentItem","label":"PurchasingDocumentItem"},{"value":"Supplier","label":"Supplier"},{"value":"ResvnItmRequiredQtyInBaseUnit","label":"ResvnItmRequiredQtyInBaseUnit"},{"value":"ReservationItemIsFinallyIssued","label":"ReservationItemIsFinallyIssued"},{"value":"ReservationItmIsMarkedForDeltn","label":"ReservationItmIsMarkedForDeltn"},{"value":"ResvnItmRequiredQtyInEntryUnit","label":"ResvnItmRequiredQtyInEntryUnit"},{"value":"ResvnItmWithdrawnQtyInBaseUnit","label":"ResvnItmWithdrawnQtyInBaseUnit"},{"value":"ResvnItmWithdrawnAmtInCCCrcy","label":"ResvnItmWithdrawnAmtInCCCrcy"},{"value":"GoodsRecipientName","label":"GoodsRecipientName"},{"value":"UnloadingPointName","label":"UnloadingPointName"},{"value":"ReservationItemText","label":"ReservationItemText"}]</option>
                        </options>
                     </parameter>
                     <parameter description="Number of reservation/dependent requirements  &#xA;Alphanumeric key uniquely identifying the document."
                                label="ReservationPathParam"
                                name="ReservationPathParam"
                                nogen="true"
                                required="true"
                                testWith=""
                                type="string"/>
                  </input>
                  <binding>
                     <restSimpleBinding multiUsing="semicolonSeparated"
                                        url="https://{$hostName}/s4hanacloud/sap/opu/odata/sap/API_RESERVATION_DOCUMENT_SRV/A_ReservationDocumentHeader('{$ReservationPathParam}')/to_ReservationDocumentItem"
                                        verb="GET">
                        <authentication>
                           <username>{$username}</username>
                           <password>{$password}</password>
                           <isExpressionInPassword>true</isExpressionInPassword>
                        </authentication>
                        <httpHeaders>
                           <header name="Content-Type">application/json</header>
                           <header name="Accept">application/json</header>
                        </httpHeaders>
                     </restSimpleBinding>
                  </binding>
                  <output>
                     <field description="Retrieved entities"
                            entireResponse="true"
                            name="entireResponse"
                            type="object"/>
                  </output>
               </action>
               <action category="A_ReservationDocumentHeader"
                       failOnError="true"
                       forSearch="false"
                       label="GET_A_ReservationDocumentHeader_Reservation_"
                       maxRedirects="100"
                       name="GET_A_ReservationDocumentHeader_Reservation_"
                       preemptiveAuth="true"
                       responseEncoding="">
                  <description>Get entity from A_ReservationDocumentHeader by key</description>
                  <input>
                     <parameter description="Select properties to be returned, see [Select](https://help.sap.com/doc/5890d27be418427993fafa6722cdc03b/Cloud/en-US/OdataV2.pdf#page=68)"
                                label="$select"
                                name="$select"
                                required="false"
                                testWith=""
                                type="picklist">
                        <options>
                           <option name="values">[{"value":"Reservation","label":"Reservation"},{"value":"OrderID","label":"OrderID"},{"value":"GoodsMovementType","label":"GoodsMovementType"},{"value":"CostCenter","label":"CostCenter"},{"value":"GoodsRecipientName","label":"GoodsRecipientName"},{"value":"ReservationDate","label":"ReservationDate"},{"value":"IsCheckedAgainstFactoryCal","label":"IsCheckedAgainstFactoryCal"},{"value":"Customer","label":"Customer"},{"value":"WBSElement","label":"WBSElement"},{"value":"ControllingArea","label":"ControllingArea"},{"value":"SalesOrder","label":"SalesOrder"},{"value":"SalesOrderItem","label":"SalesOrderItem"},{"value":"SalesOrderScheduleLine","label":"SalesOrderScheduleLine"},{"value":"AssetNumber","label":"AssetNumber"},{"value":"AssetSubNumber","label":"AssetSubNumber"},{"value":"NetworkNumberForAcctAssgmt","label":"NetworkNumberForAcctAssgmt"},{"value":"IssuingOrReceivingPlant","label":"IssuingOrReceivingPlant"},{"value":"IssuingOrReceivingStorageLoc","label":"IssuingOrReceivingStorageLoc"},{"value":"to_ReservationDocumentItem","label":"to_ReservationDocumentItem"}]</option>
                        </options>
                     </parameter>
                     <parameter description="Expand related entities, see [Expand](https://help.sap.com/doc/5890d27be418427993fafa6722cdc03b/Cloud/en-US/OdataV2.pdf#page=63)"
                                label="$expand"
                                name="$expand"
                                required="false"
                                testWith=""
                                type="picklist">
                        <options>
                           <option name="values">[{"value":"to_ReservationDocumentItem","label":"to_ReservationDocumentItem"}]</option>
                        </options>
                     </parameter>
                     <parameter description="Number of reservation/dependent requirements  &#xA;Alphanumeric key uniquely identifying the document."
                                label="ReservationPathParam"
                                name="ReservationPathParam"
                                nogen="true"
                                required="true"
                                testWith=""
                                type="string"/>
                  </input>
                  <binding>
                     <restSimpleBinding multiUsing="semicolonSeparated"
                                        url="https://{$hostName}/s4hanacloud/sap/opu/odata/sap/API_RESERVATION_DOCUMENT_SRV/A_ReservationDocumentHeader('{$ReservationPathParam}')"
                                        verb="GET">
                        <authentication>
                           <username>{$username}</username>
                           <password>{$password}</password>
                           <isExpressionInPassword>true</isExpressionInPassword>
                        </authentication>
                        <httpHeaders>
                           <header name="Content-Type">application/json</header>
                           <header name="Accept">application/json</header>
                        </httpHeaders>
                     </restSimpleBinding>
                  </binding>
                  <output>
                     <field description="Retrieved entity"
                            entireResponse="true"
                            name="entireResponse"
                            type="object"/>
                  </output>
               </action>
               <action category="A_ReservationDocumentHeader"
                       failOnError="true"
                       forSearch="false"
                       label="DELETE_A_ReservationDocumentHeader_Reservation_"
                       maxRedirects="100"
                       name="DELETE_A_ReservationDocumentHeader_Reservation_"
                       preemptiveAuth="true"
                       responseEncoding="">
                  <description>Delete entity from A_ReservationDocumentHeader</description>
                  <input>
                     <parameter description="Number of reservation/dependent requirements  &#xA;Alphanumeric key uniquely identifying the document."
                                label="ReservationPathParam"
                                name="ReservationPathParam"
                                nogen="true"
                                required="true"
                                testWith=""
                                type="string"/>
                  </input>
                  <binding>
                     <restSimpleBinding multiUsing="semicolonSeparated"
                                        url="https://{$hostName}/s4hanacloud/sap/opu/odata/sap/API_RESERVATION_DOCUMENT_SRV/A_ReservationDocumentHeader('{$ReservationPathParam}')"
                                        verb="DELETE">
                        <authentication>
                           <username>{$username}</username>
                           <password>{$password}</password>
                           <isExpressionInPassword>true</isExpressionInPassword>
                        </authentication>
                        <httpHeaders>
                           <header name="Content-Type">application/json</header>
                           <header name="Accept">application/json</header>
                        </httpHeaders>
                     </restSimpleBinding>
                  </binding>
                  <output/>
               </action>
               <action category="A_ReservationDocumentItem"
                       failOnError="true"
                       forSearch="false"
                       label="GET_A_ReservationDocumentItem_Reservation_Reservation_ReservationItem_ReservationItem_RecordType_RecordType_"
                       maxRedirects="100"
                       name="GET_A_ReservationDocumentItem_Reservation_Reservation_ReservationItem_ReservationItem_RecordType_RecordType_"
                       preemptiveAuth="true"
                       responseEncoding="">
                  <description>Get entity from A_ReservationDocumentItem by key</description>
                  <input>
                     <parameter description="Select properties to be returned, see [Select](https://help.sap.com/doc/5890d27be418427993fafa6722cdc03b/Cloud/en-US/OdataV2.pdf#page=68)"
                                label="$select"
                                name="$select"
                                required="false"
                                testWith=""
                                type="picklist">
                        <options>
                           <option name="values">[{"value":"Reservation","label":"Reservation"},{"value":"ReservationItem","label":"ReservationItem"},{"value":"RecordType","label":"RecordType"},{"value":"Product","label":"Product"},{"value":"RequirementType","label":"RequirementType"},{"value":"MatlCompRequirementDate","label":"MatlCompRequirementDate"},{"value":"Plant","label":"Plant"},{"value":"ManufacturingOrderOperation","label":"ManufacturingOrderOperation"},{"value":"GoodsMovementIsAllowed","label":"GoodsMovementIsAllowed"},{"value":"StorageLocation","label":"StorageLocation"},{"value":"Batch","label":"Batch"},{"value":"DebitCreditCode","label":"DebitCreditCode"},{"value":"BaseUnit","label":"BaseUnit"},{"value":"GLAccount","label":"GLAccount"},{"value":"GoodsMovementType","label":"GoodsMovementType"},{"value":"EntryUnit","label":"EntryUnit"},{"value":"QuantityIsFixed","label":"QuantityIsFixed"},{"value":"CompanyCodeCurrency","label":"CompanyCodeCurrency"},{"value":"IssuingOrReceivingPlant","label":"IssuingOrReceivingPlant"},{"value":"IssuingOrReceivingStorageLoc","label":"IssuingOrReceivingStorageLoc"},{"value":"PurchasingDocument","label":"PurchasingDocument"},{"value":"PurchasingDocumentItem","label":"PurchasingDocumentItem"},{"value":"Supplier","label":"Supplier"},{"value":"ResvnItmRequiredQtyInBaseUnit","label":"ResvnItmRequiredQtyInBaseUnit"},{"value":"ReservationItemIsFinallyIssued","label":"ReservationItemIsFinallyIssued"},{"value":"ReservationItmIsMarkedForDeltn","label":"ReservationItmIsMarkedForDeltn"},{"value":"ResvnItmRequiredQtyInEntryUnit","label":"ResvnItmRequiredQtyInEntryUnit"},{"value":"ResvnItmWithdrawnQtyInBaseUnit","label":"ResvnItmWithdrawnQtyInBaseUnit"},{"value":"ResvnItmWithdrawnAmtInCCCrcy","label":"ResvnItmWithdrawnAmtInCCCrcy"},{"value":"GoodsRecipientName","label":"GoodsRecipientName"},{"value":"UnloadingPointName","label":"UnloadingPointName"},{"value":"ReservationItemText","label":"ReservationItemText"}]</option>
                        </options>
                     </parameter>
                     <parameter description="Number of reservation/dependent requirements  &#xA;Alphanumeric key uniquely identifying the document."
                                label="ReservationPathParam"
                                name="ReservationPathParam"
                                nogen="true"
                                required="true"
                                testWith=""
                                type="string"/>
                     <parameter description="Item Number of Reservation / Dependent Requirements  &#xA;Specifies the number that uniquely identifies an item in ."
                                label="ReservationItemPathParam"
                                name="ReservationItemPathParam"
                                nogen="true"
                                required="true"
                                testWith=""
                                type="string"/>
                     <parameter description="Record type"
                                label="RecordTypePathParam"
                                name="RecordTypePathParam"
                                nogen="true"
                                required="true"
                                testWith=""
                                type="string"/>
                  </input>
                  <binding>
                     <restSimpleBinding multiUsing="semicolonSeparated"
                                        url="https://{$hostName}/s4hanacloud/sap/opu/odata/sap/API_RESERVATION_DOCUMENT_SRV/A_ReservationDocumentItem(Reservation='{$ReservationPathParam}',ReservationItem='{$ReservationItemPathParam}',RecordType='{$RecordTypePathParam}')"
                                        verb="GET">
                        <authentication>
                           <username>{$username}</username>
                           <password>{$password}</password>
                           <isExpressionInPassword>true</isExpressionInPassword>
                        </authentication>
                        <httpHeaders>
                           <header name="Content-Type">application/json</header>
                           <header name="Accept">application/json</header>
                        </httpHeaders>
                     </restSimpleBinding>
                  </binding>
                  <output>
                     <field description="Retrieved entity"
                            entireResponse="true"
                            name="entireResponse"
                            type="object"/>
                  </output>
               </action>
               <action category="A_ReservationDocumentItem"
                       failOnError="true"
                       forSearch="false"
                       label="GET_A_ReservationDocumentItem"
                       maxRedirects="100"
                       name="GET_A_ReservationDocumentItem"
                       preemptiveAuth="true"
                       responseEncoding="">
                  <description>Get entities from A_ReservationDocumentItem</description>
                  <input>
                     <parameter description="Show only the first n items, see [Paging - Top](https://help.sap.com/doc/5890d27be418427993fafa6722cdc03b/Cloud/en-US/OdataV2.pdf#page=66)"
                                label="$top"
                                name="$top"
                                required="false"
                                testWith=""
                                type="int"/>
                     <parameter description="Skip the first n items, see [Paging - Skip](https://help.sap.com/doc/5890d27be418427993fafa6722cdc03b/Cloud/en-US/OdataV2.pdf#page=65)"
                                label="$skip"
                                name="$skip"
                                required="false"
                                testWith=""
                                type="int"/>
                     <parameter description="Filter items by property values, see [Filtering](https://help.sap.com/doc/5890d27be418427993fafa6722cdc03b/Cloud/en-US/OdataV2.pdf#page=64)"
                                label="$filter"
                                name="$filter"
                                required="false"
                                testWith=""
                                type="string"/>
                     <parameter description="Include count of items, see [Inlinecount](https://help.sap.com/doc/5890d27be418427993fafa6722cdc03b/Cloud/en-US/OdataV2.pdf#page=67)"
                                label="$inlinecount"
                                name="$inlinecount"
                                required="false"
                                testWith=""
                                type="picklist">
                        <options>
                           <option name="values">[{"value":"allpages","label":"allpages"},{"value":"none","label":"none"}]</option>
                        </options>
                     </parameter>
                     <parameter description="Order items by property values, see [Sorting](https://help.sap.com/doc/5890d27be418427993fafa6722cdc03b/Cloud/en-US/OdataV2.pdf#page=65)"
                                label="$orderby"
                                name="$orderby"
                                required="false"
                                testWith=""
                                type="picklist">
                        <options>
                           <option name="values">[{"value":"Reservation","label":"Reservation"},{"value":"Reservation desc","label":"Reservation desc"},{"value":"ReservationItem","label":"ReservationItem"},{"value":"ReservationItem desc","label":"ReservationItem desc"},{"value":"RecordType","label":"RecordType"},{"value":"RecordType desc","label":"RecordType desc"},{"value":"Product","label":"Product"},{"value":"Product desc","label":"Product desc"},{"value":"RequirementType","label":"RequirementType"},{"value":"RequirementType desc","label":"RequirementType desc"},{"value":"MatlCompRequirementDate","label":"MatlCompRequirementDate"},{"value":"MatlCompRequirementDate desc","label":"MatlCompRequirementDate desc"},{"value":"Plant","label":"Plant"},{"value":"Plant desc","label":"Plant desc"},{"value":"ManufacturingOrderOperation","label":"ManufacturingOrderOperation"},{"value":"ManufacturingOrderOperation desc","label":"ManufacturingOrderOperation desc"},{"value":"GoodsMovementIsAllowed","label":"GoodsMovementIsAllowed"},{"value":"GoodsMovementIsAllowed desc","label":"GoodsMovementIsAllowed desc"},{"value":"StorageLocation","label":"StorageLocation"},{"value":"StorageLocation desc","label":"StorageLocation desc"},{"value":"Batch","label":"Batch"},{"value":"Batch desc","label":"Batch desc"},{"value":"DebitCreditCode","label":"DebitCreditCode"},{"value":"DebitCreditCode desc","label":"DebitCreditCode desc"},{"value":"BaseUnit","label":"BaseUnit"},{"value":"BaseUnit desc","label":"BaseUnit desc"},{"value":"GLAccount","label":"GLAccount"},{"value":"GLAccount desc","label":"GLAccount desc"},{"value":"GoodsMovementType","label":"GoodsMovementType"},{"value":"GoodsMovementType desc","label":"GoodsMovementType desc"},{"value":"EntryUnit","label":"EntryUnit"},{"value":"EntryUnit desc","label":"EntryUnit desc"},{"value":"QuantityIsFixed","label":"QuantityIsFixed"},{"value":"QuantityIsFixed desc","label":"QuantityIsFixed desc"},{"value":"CompanyCodeCurrency","label":"CompanyCodeCurrency"},{"value":"CompanyCodeCurrency desc","label":"CompanyCodeCurrency desc"},{"value":"IssuingOrReceivingPlant","label":"IssuingOrReceivingPlant"},{"value":"IssuingOrReceivingPlant desc","label":"IssuingOrReceivingPlant desc"},{"value":"IssuingOrReceivingStorageLoc","label":"IssuingOrReceivingStorageLoc"},{"value":"IssuingOrReceivingStorageLoc desc","label":"IssuingOrReceivingStorageLoc desc"},{"value":"PurchasingDocument","label":"PurchasingDocument"},{"value":"PurchasingDocument desc","label":"PurchasingDocument desc"},{"value":"PurchasingDocumentItem","label":"PurchasingDocumentItem"},{"value":"PurchasingDocumentItem desc","label":"PurchasingDocumentItem desc"},{"value":"Supplier","label":"Supplier"},{"value":"Supplier desc","label":"Supplier desc"},{"value":"ResvnItmRequiredQtyInBaseUnit","label":"ResvnItmRequiredQtyInBaseUnit"},{"value":"ResvnItmRequiredQtyInBaseUnit desc","label":"ResvnItmRequiredQtyInBaseUnit desc"},{"value":"ReservationItemIsFinallyIssued","label":"ReservationItemIsFinallyIssued"},{"value":"ReservationItemIsFinallyIssued desc","label":"ReservationItemIsFinallyIssued desc"},{"value":"ReservationItmIsMarkedForDeltn","label":"ReservationItmIsMarkedForDeltn"},{"value":"ReservationItmIsMarkedForDeltn desc","label":"ReservationItmIsMarkedForDeltn desc"},{"value":"ResvnItmRequiredQtyInEntryUnit","label":"ResvnItmRequiredQtyInEntryUnit"},{"value":"ResvnItmRequiredQtyInEntryUnit desc","label":"ResvnItmRequiredQtyInEntryUnit desc"},{"value":"ResvnItmWithdrawnQtyInBaseUnit","label":"ResvnItmWithdrawnQtyInBaseUnit"},{"value":"ResvnItmWithdrawnQtyInBaseUnit desc","label":"ResvnItmWithdrawnQtyInBaseUnit desc"},{"value":"ResvnItmWithdrawnAmtInCCCrcy","label":"ResvnItmWithdrawnAmtInCCCrcy"},{"value":"ResvnItmWithdrawnAmtInCCCrcy desc","label":"ResvnItmWithdrawnAmtInCCCrcy desc"},{"value":"GoodsRecipientName","label":"GoodsRecipientName"},{"value":"GoodsRecipientName desc","label":"GoodsRecipientName desc"},{"value":"UnloadingPointName","label":"UnloadingPointName"},{"value":"UnloadingPointName desc","label":"UnloadingPointName desc"},{"value":"ReservationItemText","label":"ReservationItemText"},{"value":"ReservationItemText desc","label":"ReservationItemText desc"}]</option>
                        </options>
                     </parameter>
                     <parameter description="Select properties to be returned, see [Select](https://help.sap.com/doc/5890d27be418427993fafa6722cdc03b/Cloud/en-US/OdataV2.pdf#page=68)"
                                label="$select"
                                name="$select"
                                required="false"
                                testWith=""
                                type="picklist">
                        <options>
                           <option name="values">[{"value":"Reservation","label":"Reservation"},{"value":"ReservationItem","label":"ReservationItem"},{"value":"RecordType","label":"RecordType"},{"value":"Product","label":"Product"},{"value":"RequirementType","label":"RequirementType"},{"value":"MatlCompRequirementDate","label":"MatlCompRequirementDate"},{"value":"Plant","label":"Plant"},{"value":"ManufacturingOrderOperation","label":"ManufacturingOrderOperation"},{"value":"GoodsMovementIsAllowed","label":"GoodsMovementIsAllowed"},{"value":"StorageLocation","label":"StorageLocation"},{"value":"Batch","label":"Batch"},{"value":"DebitCreditCode","label":"DebitCreditCode"},{"value":"BaseUnit","label":"BaseUnit"},{"value":"GLAccount","label":"GLAccount"},{"value":"GoodsMovementType","label":"GoodsMovementType"},{"value":"EntryUnit","label":"EntryUnit"},{"value":"QuantityIsFixed","label":"QuantityIsFixed"},{"value":"CompanyCodeCurrency","label":"CompanyCodeCurrency"},{"value":"IssuingOrReceivingPlant","label":"IssuingOrReceivingPlant"},{"value":"IssuingOrReceivingStorageLoc","label":"IssuingOrReceivingStorageLoc"},{"value":"PurchasingDocument","label":"PurchasingDocument"},{"value":"PurchasingDocumentItem","label":"PurchasingDocumentItem"},{"value":"Supplier","label":"Supplier"},{"value":"ResvnItmRequiredQtyInBaseUnit","label":"ResvnItmRequiredQtyInBaseUnit"},{"value":"ReservationItemIsFinallyIssued","label":"ReservationItemIsFinallyIssued"},{"value":"ReservationItmIsMarkedForDeltn","label":"ReservationItmIsMarkedForDeltn"},{"value":"ResvnItmRequiredQtyInEntryUnit","label":"ResvnItmRequiredQtyInEntryUnit"},{"value":"ResvnItmWithdrawnQtyInBaseUnit","label":"ResvnItmWithdrawnQtyInBaseUnit"},{"value":"ResvnItmWithdrawnAmtInCCCrcy","label":"ResvnItmWithdrawnAmtInCCCrcy"},{"value":"GoodsRecipientName","label":"GoodsRecipientName"},{"value":"UnloadingPointName","label":"UnloadingPointName"},{"value":"ReservationItemText","label":"ReservationItemText"}]</option>
                        </options>
                     </parameter>
                  </input>
                  <binding>
                     <restSimpleBinding multiUsing="semicolonSeparated"
                                        url="https://{$hostName}/s4hanacloud/sap/opu/odata/sap/API_RESERVATION_DOCUMENT_SRV/A_ReservationDocumentItem"
                                        verb="GET">
                        <authentication>
                           <username>{$username}</username>
                           <password>{$password}</password>
                           <isExpressionInPassword>true</isExpressionInPassword>
                        </authentication>
                        <httpHeaders>
                           <header name="Content-Type">application/json</header>
                           <header name="Accept">application/json</header>
                        </httpHeaders>
                     </restSimpleBinding>
                  </binding>
                  <output>
                     <field description="Retrieved entities"
                            entireResponse="true"
                            name="entireResponse"
                            type="object"/>
                  </output>
               </action>
            </actions>
            <objects>
               <processObject xmlns="http://schemas.active-endpoints.com/appmodules/screenflow/2011/06/avosHostEnvironment.xsd"
                              isByCopy="true"
                              name="API_RESERVATION_DOCUMENT_SRV_A_ReservationDocumentHeaderType">
                  <description/>
                  <detail>
                     <field name="to_ReservationDocumentItem" type="object"/>
                     <field name="WBSElement" type="string"/>
                     <field name="Customer" type="string"/>
                     <field name="IssuingOrReceivingPlant" type="string"/>
                     <field name="IssuingOrReceivingStorageLoc" type="string"/>
                     <field name="OrderID" type="string"/>
                     <field name="AssetSubNumber" type="string"/>
                     <field name="AssetNumber" type="string"/>
                     <field name="Reservation" type="string"/>
                     <field name="ReservationDate" type="string"/>
                     <field name="CostCenter" type="string"/>
                     <field name="NetworkNumberForAcctAssgmt" type="string"/>
                     <field name="SalesOrderScheduleLine" type="string"/>
                     <field name="GoodsMovementType" type="string"/>
                     <field name="SalesOrderItem" type="string"/>
                     <field name="GoodsRecipientName" type="string"/>
                     <field name="ControllingArea" type="string"/>
                     <field name="IsCheckedAgainstFactoryCal" type="boolean"/>
                     <field name="SalesOrder" type="string"/>
                  </detail>
               </processObject>
               <processObject xmlns="http://schemas.active-endpoints.com/appmodules/screenflow/2011/06/avosHostEnvironment.xsd"
                              isByCopy="true"
                              name="API_RESERVATION_DOCUMENT_SRV_A_ReservationDocumentHeaderType_create">
                  <description/>
                  <detail>
                     <field name="to_ReservationDocumentItem" type="object"/>
                     <field name="WBSElement" type="string"/>
                     <field name="Customer" type="string"/>
                     <field name="IssuingOrReceivingPlant" type="string"/>
                     <field name="IssuingOrReceivingStorageLoc" type="string"/>
                     <field name="OrderID" type="string"/>
                     <field name="AssetSubNumber" type="string"/>
                     <field name="AssetNumber" type="string"/>
                     <field name="Reservation" type="string"/>
                     <field name="ReservationDate" type="string"/>
                     <field name="CostCenter" type="string"/>
                     <field name="NetworkNumberForAcctAssgmt" type="string"/>
                     <field name="SalesOrderScheduleLine" type="string"/>
                     <field name="GoodsMovementType" type="string"/>
                     <field name="SalesOrderItem" type="string"/>
                     <field name="GoodsRecipientName" type="string"/>
                     <field name="ControllingArea" type="string"/>
                     <field name="IsCheckedAgainstFactoryCal" type="boolean"/>
                     <field name="SalesOrder" type="string"/>
                  </detail>
               </processObject>
               <processObject xmlns="http://schemas.active-endpoints.com/appmodules/screenflow/2011/06/avosHostEnvironment.xsd"
                              isByCopy="true"
                              name="API_RESERVATION_DOCUMENT_SRV_A_ReservationDocumentItemType">
                  <description/>
                  <detail>
                     <field name="CompanyCodeCurrency" type="string"/>
                     <field name="ReservationItemText" type="string"/>
                     <field name="IssuingOrReceivingPlant" type="string"/>
                     <field name="PurchasingDocumentItem" type="string"/>
                     <field name="IssuingOrReceivingStorageLoc" type="string"/>
                     <field name="Product" type="string"/>
                     <field name="ManufacturingOrderOperation" type="string"/>
                     <field name="MatlCompRequirementDate" type="string"/>
                     <field name="Reservation" type="string"/>
                     <field name="Plant" type="string"/>
                     <field name="ResvnItmWithdrawnQtyInBaseUnit" type="string"/>
                     <field name="RecordType" type="string"/>
                     <field name="Batch" type="string"/>
                     <field name="QuantityIsFixed" type="boolean"/>
                     <field name="Supplier" type="string"/>
                     <field name="ReservationItmIsMarkedForDeltn" type="boolean"/>
                     <field name="StorageLocation" type="string"/>
                     <field name="GoodsRecipientName" type="string"/>
                     <field name="DebitCreditCode" type="string"/>
                     <field name="GLAccount" type="string"/>
                     <field name="UnloadingPointName" type="string"/>
                     <field name="EntryUnit" type="string"/>
                     <field name="PurchasingDocument" type="string"/>
                     <field name="BaseUnit" type="string"/>
                     <field name="ResvnItmWithdrawnAmtInCCCrcy" type="string"/>
                     <field name="ResvnItmRequiredQtyInEntryUnit" type="string"/>
                     <field name="ResvnItmRequiredQtyInBaseUnit" type="string"/>
                     <field name="ReservationItem" type="string"/>
                     <field name="RequirementType" type="string"/>
                     <field name="GoodsMovementIsAllowed" type="boolean"/>
                     <field name="ReservationItemIsFinallyIssued" type="boolean"/>
                     <field name="GoodsMovementType" type="string"/>
                  </detail>
               </processObject>
               <processObject xmlns="http://schemas.active-endpoints.com/appmodules/screenflow/2011/06/avosHostEnvironment.xsd"
                              isByCopy="true"
                              name="API_RESERVATION_DOCUMENT_SRV_A_ReservationDocumentItemType_create">
                  <description/>
                  <detail>
                     <field name="CompanyCodeCurrency" type="string"/>
                     <field name="ReservationItemText" type="string"/>
                     <field name="IssuingOrReceivingPlant" type="string"/>
                     <field name="PurchasingDocumentItem" type="string"/>
                     <field name="IssuingOrReceivingStorageLoc" type="string"/>
                     <field name="Product" type="string"/>
                     <field name="ManufacturingOrderOperation" type="string"/>
                     <field name="MatlCompRequirementDate" type="string"/>
                     <field name="Reservation" type="string"/>
                     <field name="Plant" type="string"/>
                     <field name="ResvnItmWithdrawnQtyInBaseUnit" type="string"/>
                     <field name="RecordType" type="string"/>
                     <field name="Batch" type="string"/>
                     <field name="QuantityIsFixed" type="boolean"/>
                     <field name="Supplier" type="string"/>
                     <field name="ReservationItmIsMarkedForDeltn" type="boolean"/>
                     <field name="StorageLocation" type="string"/>
                     <field name="GoodsRecipientName" type="string"/>
                     <field name="DebitCreditCode" type="string"/>
                     <field name="GLAccount" type="string"/>
                     <field name="UnloadingPointName" type="string"/>
                     <field name="EntryUnit" type="string"/>
                     <field name="PurchasingDocument" type="string"/>
                     <field name="BaseUnit" type="string"/>
                     <field name="ResvnItmWithdrawnAmtInCCCrcy" type="string"/>
                     <field name="ResvnItmRequiredQtyInEntryUnit" type="string"/>
                     <field name="ResvnItmRequiredQtyInBaseUnit" type="string"/>
                     <field name="ReservationItem" type="string"/>
                     <field name="RequirementType" type="string"/>
                     <field name="GoodsMovementIsAllowed" type="boolean"/>
                     <field name="ReservationItemIsFinallyIssued" type="boolean"/>
                     <field name="GoodsMovementType" type="string"/>
                  </detail>
               </processObject>
               <processObject xmlns="http://schemas.active-endpoints.com/appmodules/screenflow/2011/06/avosHostEnvironment.xsd"
                              isByCopy="true"
                              name="API_RESERVATION_DOCUMENT_SRV_A_ReservationDocumentItemType_update">
                  <description/>
                  <detail>
                     <field name="CompanyCodeCurrency" type="string"/>
                     <field name="ReservationItemText" type="string"/>
                     <field name="IssuingOrReceivingPlant" type="string"/>
                     <field name="PurchasingDocumentItem" type="string"/>
                     <field name="IssuingOrReceivingStorageLoc" type="string"/>
                     <field name="Product" type="string"/>
                     <field name="ManufacturingOrderOperation" type="string"/>
                     <field name="MatlCompRequirementDate" type="string"/>
                     <field name="Plant" type="string"/>
                     <field name="ResvnItmWithdrawnQtyInBaseUnit" type="string"/>
                     <field name="Batch" type="string"/>
                     <field name="QuantityIsFixed" type="boolean"/>
                     <field name="Supplier" type="string"/>
                     <field name="ReservationItmIsMarkedForDeltn" type="boolean"/>
                     <field name="StorageLocation" type="string"/>
                     <field name="GoodsRecipientName" type="string"/>
                     <field name="DebitCreditCode" type="string"/>
                     <field name="GLAccount" type="string"/>
                     <field name="UnloadingPointName" type="string"/>
                     <field name="EntryUnit" type="string"/>
                     <field name="PurchasingDocument" type="string"/>
                     <field name="BaseUnit" type="string"/>
                     <field name="ResvnItmWithdrawnAmtInCCCrcy" type="string"/>
                     <field name="ResvnItmRequiredQtyInEntryUnit" type="string"/>
                     <field name="ResvnItmRequiredQtyInBaseUnit" type="string"/>
                     <field name="RequirementType" type="string"/>
                     <field name="GoodsMovementIsAllowed" type="boolean"/>
                     <field name="ReservationItemIsFinallyIssued" type="boolean"/>
                     <field name="GoodsMovementType" type="string"/>
                  </detail>
               </processObject>
               <processObject xmlns="http://schemas.active-endpoints.com/appmodules/screenflow/2011/06/avosHostEnvironment.xsd"
                              isByCopy="true"
                              name="API_RESERVATION_DOCUMENT_SRV_A_ReservationDocumentHeaderType_update">
                  <description/>
                  <detail>
                     <field name="WBSElement" type="string"/>
                     <field name="Customer" type="string"/>
                     <field name="IssuingOrReceivingPlant" type="string"/>
                     <field name="IssuingOrReceivingStorageLoc" type="string"/>
                     <field name="OrderID" type="string"/>
                     <field name="AssetSubNumber" type="string"/>
                     <field name="AssetNumber" type="string"/>
                     <field name="ReservationDate" type="string"/>
                     <field name="CostCenter" type="string"/>
                     <field name="NetworkNumberForAcctAssgmt" type="string"/>
                     <field name="SalesOrderScheduleLine" type="string"/>
                     <field name="GoodsMovementType" type="string"/>
                     <field name="SalesOrderItem" type="string"/>
                     <field name="GoodsRecipientName" type="string"/>
                     <field name="ControllingArea" type="string"/>
                     <field name="IsCheckedAgainstFactoryCal" type="boolean"/>
                     <field name="SalesOrder" type="string"/>
                  </detail>
               </processObject>
               <processObject xmlns="http://schemas.active-endpoints.com/appmodules/screenflow/2011/06/avosHostEnvironment.xsd"
                              isByCopy="true"
                              name="error">
                  <description/>
                  <detail>
                     <field name="error" type="object"/>
                  </detail>
               </processObject>
               <processObject xmlns="http://schemas.active-endpoints.com/appmodules/screenflow/2011/06/avosHostEnvironment.xsd"
                              isByCopy="true"
                              name="string">
                  <description/>
                  <detail>
                     <field name="string" type="string"/>
                  </detail>
               </processObject>
               <processObject xmlns="http://schemas.active-endpoints.com/appmodules/screenflow/2011/06/avosHostEnvironment.xsd"
                              isByCopy="true"
                              name="boolean">
                  <description/>
                  <detail>
                     <field name="boolean" type="boolean"/>
                  </detail>
               </processObject>
               <processObject xmlns="http://schemas.active-endpoints.com/appmodules/screenflow/2011/06/avosHostEnvironment.xsd"
                              isByCopy="true"
                              name="double">
                  <description/>
                  <detail>
                     <field name="double" type="double"/>
                  </detail>
               </processObject>
               <processObject xmlns="http://schemas.active-endpoints.com/appmodules/screenflow/2011/06/avosHostEnvironment.xsd"
                              isByCopy="true"
                              name="integer">
                  <description/>
                  <detail>
                     <field name="integer" type="int"/>
                  </detail>
               </processObject>
            </objects>
         </businessConnector>
      </types1:Entry>
      <types1:GUID>5czueYMaE6yglXMl3Bbze4</types1:GUID>
      <types1:DisplayName>SAP S4HANA Reservation Document - Read-Create-Delete API v1</types1:DisplayName>
   </types1:Item>
   <types1:CurrentServerDateTime>2019-11-15T05:59:09.363Z</types1:CurrentServerDateTime>
</aetgt:getResponse>
