{
   "exportedObjects": [
      {
         "objectGuid": "almpU5d486xjg3tXw87BET",
         "objectName": "Shared assets",
         "objectType": "Project",
         "path": "/Explore",
         "metadata": {
            "additionalInfo": {
               "contentType": "Binary",
               "description": "This Project contains shared assets",
               "documentState": "COMPLETE"
            },
            "contextAttributes": [],
            "modelVersion": {
               "major": 0,
               "minor": 0
            },
            "objectRefs": [],
            "repoInfo": null
         }
      },
      {
         "objectGuid": "00m3cKr9AGOjGY55vZSASH",
         "objectName": "Service Connectors",
         "objectType": "Folder",
         "path": "/Explore/Shared assets",
         "metadata": {
            "additionalInfo": {
               "contentType": "Binary",
               "description": "",
               "documentState": "COMPLETE"
            },
            "contextAttributes": [],
            "modelVersion": {
               "major": 0,
               "minor": 0
            },
            "objectRefs": [],
            "repoInfo": null
         }
      },
      {
         "objectGuid": "17Mm2MyQHKtgyeK0ZHPOad",
         "objectName": "Oracle Eloqua Marketing Cloud Service Form data API v2",
         "objectType": "AI_SERVICE_CONNECTOR",
         "path": "/Explore/Shared assets/Service Connectors",
         "metadata": {
            "additionalInfo": {
               "contentType": "application/json; charset=utf-8",
               "description": "Learning about your prospects and contacts can be accomplished in a few different ways, the primary method, however, is by placing a form on a landing page that is reached by a click-through link in a marketing email. In this fashion, your contacts can provide varying degrees of personal information that you can then use in customizing future communications. \u003ca href='https://docs.oracle.com/cloud/latest/marketingcs_gs/OMCAA/index.html#CSHID=Forms'\u003eLearn more about Forms\u003c/a\u003e.\r\n\r\nCreating and updating landing pages with the type \u003ccode\u003eResponsiveHtmlContent\u003c/code\u003e is not supported. If you use these endpoints with this landing page type, we cannot guarantee your landing page will be responsive.",
               "documentState": "VALID"
            },
            "contextAttributes": null,
            "modelVersion": {
               "major": 1,
               "minor": 0
            },
            "objectRefs": [],
            "repoInfo": {
               "repoHandle": "giUhuCMLkZlkZ2s-gt-5666983-2019-02-22T03:45:54.106Z::svc.xml"
            }
         }
      }
   ]
}