{"EntryId":{"$t":"4W6jKsJlv58pIO3-gt-580946-2018-08-02T04:23:16.893Z::conn.xml"},"Name":{"$t":"Marketo-Lead-Database-API-actions"},"ParentFlowIds":{"$t":"gi2J5bfOC2XZPnE-gt-275396-2018-07-30T19:06:18.106Z::pd.xml"},"MimeType":{"$t":"application\/xml+connection"},"Description":{"$t":"Actions for Marketo Lead Database API"},"AppliesTo":{},"Tags":{},"VersionLabel":{"$t":"1.0"},"State":{"$t":"CURRENT"},"ProcessGroup":{},"CreatedBy":{"$t":"sagarwal@svccon.com"},"CreationDate":{"$t":"2018-08-02T04:23:17Z"},"ModifiedBy":{},"PublicationStatus":{"$t":"published"},"PublishedBy":{"$t":"gstasko@svccon.com"},"PublicationDate":{"$t":"2018-08-05T15:14:22Z"},"PublishedContributionId":{"$t":"project:\/rt.connection\/Marketo-Lead-Database-API-actions\/Marketo-Lead-Database-API-actions.conn.xml"},"AutosaveExists":{"$t":"false"},"Entry":{"connection":{"displayName":"Marketo-Lead-Database-API-actions","label":"Marketo-Lead-Database-API-actions","name":"Marketo-Lead-Database-API-actions","xmlns":"http:\/\/schemas.informatica.com\/socrates\/data-services\/2014\/04\/avosConnections.xsd","xmlns$aetgt":"http:\/\/schemas.active-endpoints.com\/appmodules\/repository\/2010\/10\/avrepository.xsd","description":{"$t":"Actions for Marketo Lead Database API"},"tags":{},"agent":{},"attributes":{"attribute":{"encrypted":"false","name":"hostName","value":"462-VKM-148.mktorest.com"}},"businessConnector":{"agentOnly":"false","connectorPath":"project:\/rt.connector\/Marketo_Lead_Database_API\/Marketo_Lead_Database_API_svcDef.xml","guid":"k7tZkzu5YiGjrsPgPvEjq2","name":"Marketo_Lead_Database_API","supportsConnectionTest":"false","uuid":"db10eea4-afc2-46ef-b541-41090acdc6fb","xmlns":"http:\/\/schemas.informatica.com\/appmodules\/screenflow\/2014\/04\/avosConnectors.xsd","description":{"$t":"Marketo REST API which relies upon token from Authentication API call."}}}},"GUID":{"$t":"5g5xGJ3ZAMzjXtdW5D8P6K"},"DisplayName":{"$t":"Marketo-Lead-Database-API-actions"}}