{"EntryId":{"$t":"JfTBbcgp5OjG4ab-gt-582912-2018-08-02T04:24:25.75Z::conn.xml"},"Name":{"$t":"Marketo-Asset-API-actions"},"ParentFlowIds":{"$t":"L4YNqRi92qBbbeJ-gt-38976-2018-08-03T18:49:10.607Z::pd.xml"},"MimeType":{"$t":"application\/xml+connection"},"Description":{"$t":"Actions for Marketo Asset API"},"AppliesTo":{},"Tags":{},"VersionLabel":{"$t":"1.0"},"State":{"$t":"CURRENT"},"ProcessGroup":{},"CreatedBy":{"$t":"sagarwal@svccon.com"},"CreationDate":{"$t":"2018-08-02T04:24:26Z"},"ModifiedBy":{},"PublicationStatus":{"$t":"published"},"PublishedBy":{"$t":"gstasko@svccon.com"},"PublicationDate":{"$t":"2018-08-05T19:42:53Z"},"PublishedContributionId":{"$t":"project:\/rt.connection\/Marketo-Asset-API-actions\/Marketo-Asset-API-actions.conn.xml"},"AutosaveExists":{"$t":"false"},"Entry":{"connection":{"displayName":"Marketo-Asset-API-actions","label":"Marketo-Asset-API-actions","name":"Marketo-Asset-API-actions","xmlns":"http:\/\/schemas.informatica.com\/socrates\/data-services\/2014\/04\/avosConnections.xsd","xmlns$aetgt":"http:\/\/schemas.active-endpoints.com\/appmodules\/repository\/2010\/10\/avrepository.xsd","description":{"$t":"Actions for Marketo Asset API"},"tags":{},"agent":{},"attributes":{"attribute":{"encrypted":"false","name":"hostName","value":"462-VKM-148.mktorest.com"}},"businessConnector":{"agentOnly":"false","connectorPath":"project:\/rt.connector\/Marketo_Asset_API\/Marketo_Asset_API_svcDef.xml","guid":"7oFgne2UvtrbkaSzCiDM0J","name":"Marketo_Asset_API","supportsConnectionTest":"false","uuid":"046fbbd4-7193-4dc6-9260-abb1466f3cb7","xmlns":"http:\/\/schemas.informatica.com\/appmodules\/screenflow\/2014\/04\/avosConnectors.xsd","description":{"$t":"Marketo REST API which relies upon token from Authentication API call."}}}},"GUID":{"$t":"9QZLozCgr04cAWnQbORdKo"},"DisplayName":{"$t":"Marketo-Asset-API-actions"}}