{
   "exportedObjects": [
      {
         "objectGuid": "almpU5d486xjg3tXw87BET",
         "objectName": "Shared assets",
         "objectType": "Project",
         "path": "/Explore",
         "metadata": {
            "additionalInfo": {
               "contentType": "Binary",
               "description": "This Project contains shared assets",
               "documentState": "COMPLETE"
            },
            "contextAttributes": [],
            "modelVersion": {
               "major": 0,
               "minor": 0
            },
            "objectRefs": [],
            "repoInfo": null
         }
      },
      {
         "objectGuid": "00m3cKr9AGOjGY55vZSASH",
         "objectName": "Service Connectors",
         "objectType": "Folder",
         "path": "/Explore/Shared assets",
         "metadata": {
            "additionalInfo": {
               "contentType": "Binary",
               "description": "",
               "documentState": "COMPLETE"
            },
            "contextAttributes": [],
            "modelVersion": {
               "major": 0,
               "minor": 0
            },
            "objectRefs": [],
            "repoInfo": null
         }
      },
      {
         "objectGuid": "1C2AWnTMCE6cL8QDbD9jQB",
         "objectName": "Oracle Cloud Infrastructure Compute StorageProperties API v18-1-2",
         "objectType": "AI_SERVICE_CONNECTOR",
         "path": "/Explore/Shared assets/Service Connectors",
         "metadata": {
            "additionalInfo": {
               "contentType": "application/json; charset=utf-8",
               "description": "Storage properties are used to describe the characteristics of storage pools and are used to determine volume placement within a pool when a volume is created.\u003cp\u003eYou must specify a storage property while creating a storage volume. For storage volumes that require low latency and high IOPS, such as for storing database files, select the \u003cb\u003e/oracle/public/storage/latency\u003c/b\u003e storage property. For all other storage volumes, select \u003cb\u003e/oracle/public/storage/default\u003c/b\u003e.\u003cp\u003eYou can view storage properties using the HTTP requests listed below.",
               "documentState": "VALID"
            },
            "contextAttributes": null,
            "modelVersion": {
               "major": 1,
               "minor": 0
            },
            "objectRefs": [],
            "repoInfo": {
               "repoHandle": "yxaa-gt-217698-2019-02-12T01:15:22.392Z::svc.xml"
            }
         }
      }
   ]
}