<aetgt:getResponse xmlns:aetgt="http://schemas.active-endpoints.com/appmodules/repository/2010/10/avrepository.xsd"
                   xmlns:types1="http://schemas.active-endpoints.com/appmodules/repository/2010/10/avrepository.xsd">
   <types1:Item>
      <types1:EntryId>NhAti4WDjz8Uuop-gt-35480-2019-03-06T10:47:46.633Z::svc.xml</types1:EntryId>
      <types1:Name>GoToMeeting_API_v1</types1:Name>
      <types1:MimeType>application/xml+businesssconnector</types1:MimeType>
      <types1:Description># Setup Instructions&#xD;
[GoToMeeting API Documentation](https://goto-developer.logmeininc.com/gotomeeting-api-overview)&#xD;
&#xD;
### Environment Template&#xD;
1. **Choose the "GoToMeeting" template** on the **environment dropdown menu** (top right corner of the window)&#xD;
2. **Click on the EYE icon (quick look)** right next to the environment dropdown box, then **click on EDIT** right next to the environment's name&#xD;
3. **Fill the environment variables *client_id* and *client_secret*** from your account. You can retrieve these by creating a new App on the [Developer Center](https://goto-developer.logmeininc.com/user/me/apps).&#xD;
&#xD;
### OAuth 2.0&#xD;
1. Make sure the GoToMeeting environment is selected on the dropdown box on top right of the main screen.&#xD;
2. Right-click the collection on the left bar&#xD;
3. Click on **Edit**&#xD;
4. Click on **Authorization Tab**&#xD;
5. Click on **Get New Access Token**&#xD;
6. Fill the form with the variables below. They will be pulled automatically from the Environment template you just loaded:&#xD;
  - Callback </types1:Description>
      <types1:AppliesTo/>
      <types1:Tags/>
      <types1:VersionLabel>1.0</types1:VersionLabel>
      <types1:State>CURRENT</types1:State>
      <types1:ProcessGroup/>
      <types1:CreatedBy>stage2_pod1</types1:CreatedBy>
      <types1:CreationDate>2019-03-06T10:47:47Z</types1:CreationDate>
      <types1:ModifiedBy/>
      <types1:PublicationStatus>unpublished</types1:PublicationStatus>
      <types1:AutosaveExists>false</types1:AutosaveExists>
      <types1:Entry>
         <businessConnector xmlns="http://schemas.informatica.com/socrates/data-services/2014/05/business-connector-model.xsd"
                            agentOnly="false"
                            debug="false"
                            displayName="GoToMeeting API v1"
                            label=""
                            name="GoToMeeting_API_v1"
                            uuid="7df97533-8352-4277-a0cf-900d2d1e98d8">
            <description># Setup Instructions&#xD;
[GoToMeeting API Documentation](https://goto-developer.logmeininc.com/gotomeeting-api-overview)&#xD;
&#xD;
### Environment Template&#xD;
1. **Choose the "GoToMeeting" template** on the **environment dropdown menu** (top right corner of the window)&#xD;
2. **Click on the EYE icon (quick look)** right next to the environment dropdown box, then **click on EDIT** right next to the environment's name&#xD;
3. **Fill the environment variables *client_id* and *client_secret*** from your account. You can retrieve these by creating a new App on the [Developer Center](https://goto-developer.logmeininc.com/user/me/apps).&#xD;
&#xD;
### OAuth 2.0&#xD;
1. Make sure the GoToMeeting environment is selected on the dropdown box on top right of the main screen.&#xD;
2. Right-click the collection on the left bar&#xD;
3. Click on **Edit**&#xD;
4. Click on **Authorization Tab**&#xD;
5. Click on **Get New Access Token**&#xD;
6. Fill the form with the variables below. They will be pulled automatically from the Environment template you just loaded:&#xD;
  - Callback URL: *{{callback_url}}*&#xD;
  - Auth URL: *{{auth_url}}*&#xD;
  - Access Token URL: *{{access_token_url}}*&#xD;
  - Client ID: *{{client_id}}*&#xD;
  - Client Secret: *{{client_secret}}*&#xD;
  - Client Authentication: *Send as Basic Auth header*&#xD;
7. Click on **Request Token**. You should see a GoToMeeting login screen now.&#xD;
8. **Login** with your GoToMeeting credentials.&#xD;
9. **Allow** the permission request to access data from your account.&#xD;
10. If you had success you should see your newly generated access token. Scroll to the bottom.&#xD;
11. Copy your **organizerKey**. You'll need to save it later as environment variable.&#xD;
12. Click on **Use Token**.&#xD;
13. Now just make sure you paste the **organizerKey** on the *{{organizerKey}}* variable in your environment.&#xD;
&#xD;
*Disclaimer: GoToMeeting access tokens expire in just 1h, so you might need to repeat steps 1-12 of the OAuth 2.0 process every hour you are working with the API.*</description>
            <tags/>
            <connectionAttributes xmlns="http://schemas.informatica.com/appmodules/screenflow/2014/04/avosConnectors.xsd">
               <connectionAttribute description="Host Name"
                                    masked="false"
                                    name="hostName"
                                    required="true"
                                    testWith="apidev.getgo.com"
                                    type="string"/>
            </connectionAttributes>
            <actions>
               <action category="Meetings"
                       failOnError="true"
                       forSearch="false"
                       label="G2MRestMeetingsStartByMeetingIdGet"
                       maxRedirects="100"
                       name="G2MRestMeetingsStartByMeetingIdGet"
                       preemptiveAuth="true"
                       responseEncoding="">
                  <description>Meeting link. Returns a host URL that can be used to start a meeting. When this URL is opened in a web browser, the GoToMeeting client will be downloaded and launched and the meeting will start. The end user is not required to login to a client.</description>
                  <input>
                     <parameter label="Content-Type"
                                name="Content-Type"
                                nogen="true"
                                required="true"
                                testWith=""
                                type="string"/>
                     <parameter label="Accept"
                                name="Accept"
                                nogen="true"
                                required="true"
                                testWith=""
                                type="string"/>
                     <parameter label="meetingIdPathParam"
                                name="meetingIdPathParam"
                                nogen="true"
                                required="true"
                                testWith=""
                                type="string"/>
                  </input>
                  <binding>
                     <restSimpleBinding multiUsing="semicolonSeparated"
                                        url="https://{$hostName}/G2M/rest/organizers/DefaultParameterValue/sessions/G2M/rest/meetings/{$meetingIdPathParam}/start"
                                        verb="GET">
                        <httpHeaders>
                           <header name="Content-Type">application/json</header>
                           <header name="Accept">application/json</header>
                           <header name="Content-Type">{$Content-Type}</header>
                           <header name="Accept">{$Accept}</header>
                        </httpHeaders>
                     </restSimpleBinding>
                  </binding>
                  <output/>
               </action>
               <action category="Meetings"
                       failOnError="true"
                       forSearch="false"
                       label="G2MRestMeetingsAttendeesByMeetingIDGet"
                       maxRedirects="100"
                       name="G2MRestMeetingsAttendeesByMeetingIDGet"
                       preemptiveAuth="true"
                       responseEncoding="">
                  <description>Attendees by meeting. List all attendees for specified meetingId of historical meeting. The historical meetings can be fetched using 'Get historical meetings', 'Get historical meetings by organizer', and 'Get historical meetings by group'. For users with the admin role this call returns attendees for any meeting. For any other user the call will return attendees for meetings on which the user is a valid organizer.</description>
                  <input>
                     <parameter label="Content-Type"
                                name="Content-Type"
                                nogen="true"
                                required="true"
                                testWith=""
                                type="string"/>
                     <parameter label="Accept"
                                name="Accept"
                                nogen="true"
                                required="true"
                                testWith=""
                                type="string"/>
                     <parameter label="meetingIDPathParam"
                                name="meetingIDPathParam"
                                nogen="true"
                                required="true"
                                testWith=""
                                type="string"/>
                  </input>
                  <binding>
                     <restSimpleBinding multiUsing="semicolonSeparated"
                                        url="https://{$hostName}/G2M/rest/organizers/DefaultParameterValue/sessions/G2M/rest/meetings/{$meetingIDPathParam}/attendees"
                                        verb="GET">
                        <httpHeaders>
                           <header name="Content-Type">application/json</header>
                           <header name="Accept">application/json</header>
                           <header name="Content-Type">{$Content-Type}</header>
                           <header name="Accept">{$Accept}</header>
                        </httpHeaders>
                     </restSimpleBinding>
                  </binding>
                  <output/>
               </action>
               <action category="Groups"
                       failOnError="true"
                       forSearch="false"
                       label="G2MRestGroupsGet"
                       maxRedirects="100"
                       name="G2MRestGroupsGet"
                       preemptiveAuth="true"
                       responseEncoding="">
                  <description>Groups. List all groups for an account. This API call is only available to users with the admin role.</description>
                  <input>
                     <parameter label="Content-Type"
                                name="Content-Type"
                                nogen="true"
                                required="true"
                                testWith=""
                                type="string"/>
                     <parameter label="Accept"
                                name="Accept"
                                nogen="true"
                                required="true"
                                testWith=""
                                type="string"/>
                  </input>
                  <binding>
                     <restSimpleBinding multiUsing="semicolonSeparated"
                                        url="https://{$hostName}/G2M/rest/organizers/DefaultParameterValue/sessions/G2M/rest/groups"
                                        verb="GET">
                        <httpHeaders>
                           <header name="Content-Type">application/json</header>
                           <header name="Accept">application/json</header>
                           <header name="Content-Type">{$Content-Type}</header>
                           <header name="Accept">{$Accept}</header>
                        </httpHeaders>
                     </restSimpleBinding>
                  </binding>
                  <output/>
               </action>
               <action category="Meetings"
                       failOnError="true"
                       forSearch="false"
                       label="G2MRestMeetingsPost"
                       maxRedirects="100"
                       name="G2MRestMeetingsPost"
                       preemptiveAuth="true"
                       responseEncoding="">
                  <description>Meeting. &lt;p&gt;Create a new meeting based on the parameters specified.&lt;/p&gt; &lt;table border=1&gt; &lt;tr&gt; &lt;th&gt; field &lt;/th&gt; &lt;th&gt; value &lt;/th&gt; &lt;th&gt; description &lt;/th&gt; &lt;/tr&gt; &lt;tr&gt; &lt;td&gt; "subject" &lt;/td&gt; &lt;td&gt; "subject" &lt;/td&gt; &lt;td&gt; String - max 100 char. &lt;/td&gt; &lt;/tr&gt; &lt;tr&gt; &lt;td&gt; "starttime" &lt;/td&gt; &lt;td&gt; "2019-05-10T12:00:00Z" &lt;/td&gt; &lt;td&gt; {YYYY}-{MM}-{DD}T{HH}:{MM}:{SS}Z format, UTC only &lt;/td&gt; &lt;/tr&gt; &lt;tr&gt; &lt;td&gt; "endtime" &lt;/td&gt; &lt;td&gt; "2019-05-10T13:00:00Z" &lt;/td&gt; &lt;td&gt; {YYYY}-{MM}-{DD}T{HH}:{MM}:{SS}Z format, UTC only &lt;/td&gt; &lt;/tr&gt; &lt;tr&gt; &lt;td&gt; "passwordRequired" &lt;/td&gt; &lt;td&gt; FALSE &lt;/td&gt; &lt;td&gt; Boolean: true, false &lt;/td&gt; &lt;/tr&gt; &lt;tr&gt; &lt;td&gt; "conferencecallinfo" &lt;/td&gt; &lt;td&gt; "hybrid" &lt;/td&gt; &lt;td&gt; Must be one of: Hybrid, PTSN, Free, Private, VoIP. &lt;/td&gt; &lt;/tr&gt; &lt;tr&gt; &lt;td&gt; "timezonekey" &lt;/td&gt; &lt;td&gt; &lt;leave blank&gt; &lt;/td&gt; &lt;td&gt; All times default to UTC &lt;/td&gt; &lt;/tr&gt; &lt;tr&gt; &lt;td&gt; "meetingtype" &lt;/td&gt; &lt;td&gt; "scheduled" &lt;/td&gt; &lt;td&gt; Must be one of: scheduled, recurring, immediate &lt;/td&gt; &lt;/tr&gt; &lt;/table&gt;</description>
                  <input>
                     <parameter label="Body"
                                name="Body"
                                required="true"
                                testWith=""
                                type="reference">
                        <options>
                           <option name="referenceTo">MeetingRequest</option>
                        </options>
                     </parameter>
                     <parameter label="Content-Type"
                                name="Content-Type"
                                nogen="true"
                                required="true"
                                testWith=""
                                type="string"/>
                     <parameter label="Accept"
                                name="Accept"
                                nogen="true"
                                required="true"
                                testWith=""
                                type="string"/>
                  </input>
                  <binding>
                     <restSimpleBinding multiUsing="semicolonSeparated"
                                        url="https://{$hostName}/G2M/rest/organizers/DefaultParameterValue/sessions/G2M/rest/meetings"
                                        verb="POST">
                        <httpHeaders>
                           <header name="Content-Type">application/json</header>
                           <header name="Accept">application/json</header>
                           <header name="Content-Type">{$Content-Type}</header>
                           <header name="Accept">{$Accept}</header>
                        </httpHeaders>
                        <body generateUsing="UnwrappedJSON" preserveJsonStringFormatting="false"/>
                     </restSimpleBinding>
                  </binding>
                  <output/>
               </action>
               <action category="Meetings"
                       failOnError="true"
                       forSearch="false"
                       label="G2MRestMeetingsByMeetingIdGet"
                       maxRedirects="100"
                       name="G2MRestMeetingsByMeetingIdGet"
                       preemptiveAuth="true"
                       responseEncoding="">
                  <description>Meeting. Returns the meeting details for the specified meeting. NEW: As of September 2018, a new MeetingRecording object is included for completed past meetings.</description>
                  <input>
                     <parameter label="Content-Type"
                                name="Content-Type"
                                nogen="true"
                                required="true"
                                testWith=""
                                type="string"/>
                     <parameter label="Accept"
                                name="Accept"
                                nogen="true"
                                required="true"
                                testWith=""
                                type="string"/>
                     <parameter label="meetingIdPathParam"
                                name="meetingIdPathParam"
                                nogen="true"
                                required="true"
                                testWith=""
                                type="string"/>
                  </input>
                  <binding>
                     <restSimpleBinding multiUsing="semicolonSeparated"
                                        url="https://{$hostName}/G2M/rest/organizers/DefaultParameterValue/sessions/G2M/rest/meetings/{$meetingIdPathParam}"
                                        verb="GET">
                        <httpHeaders>
                           <header name="Content-Type">application/json</header>
                           <header name="Accept">application/json</header>
                           <header name="Content-Type">{$Content-Type}</header>
                           <header name="Accept">{$Accept}</header>
                        </httpHeaders>
                     </restSimpleBinding>
                  </binding>
                  <output/>
               </action>
               <action category="Meetings"
                       failOnError="true"
                       forSearch="false"
                       label="G2MRestMeetingsByMeetingIdDelete"
                       maxRedirects="100"
                       name="G2MRestMeetingsByMeetingIdDelete"
                       preemptiveAuth="true"
                       responseEncoding="">
                  <description>Meeting. Deletes the meeting identified by the meetingId.</description>
                  <input>
                     <parameter label="Content-Type"
                                name="Content-Type"
                                nogen="true"
                                required="true"
                                testWith=""
                                type="string"/>
                     <parameter label="Accept"
                                name="Accept"
                                nogen="true"
                                required="true"
                                testWith=""
                                type="string"/>
                     <parameter label="meetingIdPathParam"
                                name="meetingIdPathParam"
                                nogen="true"
                                required="true"
                                testWith=""
                                type="string"/>
                  </input>
                  <binding>
                     <restSimpleBinding multiUsing="semicolonSeparated"
                                        url="https://{$hostName}/G2M/rest/organizers/DefaultParameterValue/sessions/G2M/rest/meetings/{$meetingIdPathParam}"
                                        verb="DELETE">
                        <httpHeaders>
                           <header name="Content-Type">application/json</header>
                           <header name="Accept">application/json</header>
                           <header name="Content-Type">{$Content-Type}</header>
                           <header name="Accept">{$Accept}</header>
                        </httpHeaders>
                     </restSimpleBinding>
                  </binding>
                  <output/>
               </action>
               <action category="Meetings"
                       failOnError="true"
                       forSearch="false"
                       label="G2MRestMeetingsByMeetingIdPut"
                       maxRedirects="100"
                       name="G2MRestMeetingsByMeetingIdPut"
                       preemptiveAuth="true"
                       responseEncoding="">
                  <description>Meeting. &lt;p&gt;Updates an existing meeting specified by meetingId.&lt;/p&gt; &lt;table border=1&gt; &lt;tr&gt; &lt;th&gt; field &lt;/th&gt; &lt;th&gt; value &lt;/th&gt; &lt;th&gt; description &lt;/th&gt; &lt;/tr&gt; &lt;tr&gt; &lt;td&gt; "subject" &lt;/td&gt; &lt;td&gt; "subject" &lt;/td&gt; &lt;td&gt; String - max 100 char. &lt;/td&gt; &lt;/tr&gt; &lt;tr&gt; &lt;td&gt; "starttime" &lt;/td&gt; &lt;td&gt; "2019-05-10T12:00:00Z" &lt;/td&gt; &lt;td&gt; {YYYY}-{MM}-{DD}T{HH}:{MM}:{SS}Z format, UTC only &lt;/td&gt; &lt;/tr&gt; &lt;tr&gt; &lt;td&gt; "endtime" &lt;/td&gt; &lt;td&gt; "2019-05-10T13:00:00Z" &lt;/td&gt; &lt;td&gt; {YYYY}-{MM}-{DD}T{HH}:{MM}:{SS}Z format, UTC only &lt;/td&gt; &lt;/tr&gt; &lt;tr&gt; &lt;td&gt; "passwordRequired" &lt;/td&gt; &lt;td&gt; FALSE &lt;/td&gt; &lt;td&gt; Boolean: true, false &lt;/td&gt; &lt;/tr&gt; &lt;tr&gt; &lt;td&gt; "conferencecallinfo" &lt;/td&gt; &lt;td&gt; "hybrid" &lt;/td&gt; &lt;td&gt; Must be one of: Hybrid, PTSN, Free, Private, VoIP. &lt;/td&gt; &lt;/tr&gt; &lt;tr&gt; &lt;td&gt; "timezonekey" &lt;/td&gt; &lt;td&gt; &lt;leave blank&gt; &lt;/td&gt; &lt;td&gt; All times default to UTC &lt;/td&gt; &lt;/tr&gt; &lt;tr&gt; &lt;td&gt; "meetingtype" &lt;/td&gt; &lt;td&gt; "scheduled" &lt;/td&gt; &lt;td&gt; Must be one of: scheduled, recurring, immediate &lt;/td&gt; &lt;/tr&gt; &lt;/table&gt;</description>
                  <input>
                     <parameter label="Body"
                                name="Body"
                                required="true"
                                testWith=""
                                type="reference">
                        <options>
                           <option name="referenceTo">MeetingRequest</option>
                        </options>
                     </parameter>
                     <parameter label="Content-Type"
                                name="Content-Type"
                                nogen="true"
                                required="true"
                                testWith=""
                                type="string"/>
                     <parameter label="Accept"
                                name="Accept"
                                nogen="true"
                                required="true"
                                testWith=""
                                type="string"/>
                     <parameter label="meetingIdPathParam"
                                name="meetingIdPathParam"
                                nogen="true"
                                required="true"
                                testWith=""
                                type="string"/>
                  </input>
                  <binding>
                     <restSimpleBinding multiUsing="semicolonSeparated"
                                        url="https://{$hostName}/G2M/rest/organizers/DefaultParameterValue/sessions/G2M/rest/meetings/{$meetingIdPathParam}"
                                        verb="PUT">
                        <httpHeaders>
                           <header name="Content-Type">application/json</header>
                           <header name="Accept">application/json</header>
                           <header name="Content-Type">{$Content-Type}</header>
                           <header name="Accept">{$Accept}</header>
                        </httpHeaders>
                        <body generateUsing="UnwrappedJSON" preserveJsonStringFormatting="false"/>
                     </restSimpleBinding>
                  </binding>
                  <output/>
               </action>
               <action category="Groups"
                       failOnError="true"
                       forSearch="false"
                       label="G2MRestGroupsUpcomingMeetingsByGroupKeyGet"
                       maxRedirects="100"
                       name="G2MRestGroupsUpcomingMeetingsByGroupKeyGet"
                       preemptiveAuth="true"
                       responseEncoding="">
                  <description>Upcoming meetings by group. Get upcoming meetings for a specified group. This API call is only available to users with the admin role. This API call can be used only for groups with maximum 50 organizers.</description>
                  <input>
                     <parameter label="Content-Type"
                                name="Content-Type"
                                nogen="true"
                                required="true"
                                testWith=""
                                type="string"/>
                     <parameter label="Accept"
                                name="Accept"
                                nogen="true"
                                required="true"
                                testWith=""
                                type="string"/>
                     <parameter label="groupKeyPathParam"
                                name="groupKeyPathParam"
                                nogen="true"
                                required="true"
                                testWith=""
                                type="string"/>
                  </input>
                  <binding>
                     <restSimpleBinding multiUsing="semicolonSeparated"
                                        url="https://{$hostName}/G2M/rest/organizers/DefaultParameterValue/sessions/G2M/rest/groups/{$groupKeyPathParam}/upcomingMeetings"
                                        verb="GET">
                        <httpHeaders>
                           <header name="Content-Type">application/json</header>
                           <header name="Accept">application/json</header>
                           <header name="Content-Type">{$Content-Type}</header>
                           <header name="Accept">{$Accept}</header>
                        </httpHeaders>
                     </restSimpleBinding>
                  </binding>
                  <output/>
               </action>
               <action category="Meetings"
                       failOnError="true"
                       forSearch="false"
                       label="G2MRestUpcomingMeetingsGet"
                       maxRedirects="100"
                       name="G2MRestUpcomingMeetingsGet"
                       preemptiveAuth="true"
                       responseEncoding="">
                  <description>Upcoming meetings. Gets upcoming meetings for the current authenticated organizer.</description>
                  <input>
                     <parameter label="Content-Type"
                                name="Content-Type"
                                nogen="true"
                                required="true"
                                testWith=""
                                type="string"/>
                     <parameter label="Accept"
                                name="Accept"
                                nogen="true"
                                required="true"
                                testWith=""
                                type="string"/>
                  </input>
                  <binding>
                     <restSimpleBinding multiUsing="semicolonSeparated"
                                        url="https://{$hostName}/G2M/rest/organizers/DefaultParameterValue/sessions/G2M/rest/upcomingMeetings"
                                        verb="GET">
                        <httpHeaders>
                           <header name="Content-Type">application/json</header>
                           <header name="Accept">application/json</header>
                           <header name="Content-Type">{$Content-Type}</header>
                           <header name="Accept">{$Accept}</header>
                        </httpHeaders>
                     </restSimpleBinding>
                  </binding>
                  <output/>
               </action>
               <action category="Organizers"
                       failOnError="true"
                       forSearch="false"
                       label="G2MRestOrganizersByOrganizerKeyGet"
                       maxRedirects="100"
                       name="G2MRestOrganizersByOrganizerKeyGet"
                       preemptiveAuth="true"
                       responseEncoding="">
                  <description>Organizer. Gets the individual organizer specified by the organizer's email address. If an email address is not specified, all organizers are returned. This API call is only available to users with the admin role.</description>
                  <input>
                     <parameter label="Content-Type"
                                name="Content-Type"
                                nogen="true"
                                required="true"
                                testWith=""
                                type="string"/>
                     <parameter label="Accept"
                                name="Accept"
                                nogen="true"
                                required="true"
                                testWith=""
                                type="string"/>
                     <parameter label="organizerKeyPathParam"
                                name="organizerKeyPathParam"
                                nogen="true"
                                required="true"
                                testWith=""
                                type="string"/>
                  </input>
                  <binding>
                     <restSimpleBinding multiUsing="semicolonSeparated"
                                        url="https://{$hostName}/G2M/rest/organizers/DefaultParameterValue/sessions/G2M/rest/organizers/{$organizerKeyPathParam}"
                                        verb="GET">
                        <httpHeaders>
                           <header name="Content-Type">application/json</header>
                           <header name="Accept">application/json</header>
                           <header name="Content-Type">{$Content-Type}</header>
                           <header name="Accept">{$Accept}</header>
                        </httpHeaders>
                     </restSimpleBinding>
                  </binding>
                  <output/>
               </action>
               <action category="Organizers"
                       failOnError="true"
                       forSearch="false"
                       label="G2MRestOrganizersByOrganizerKeyDelete"
                       maxRedirects="100"
                       name="G2MRestOrganizersByOrganizerKeyDelete"
                       preemptiveAuth="true"
                       responseEncoding="">
                  <description>Organizer. Deletes the individual organizer specified by the organizer key. This API call is only available to users with the admin role.</description>
                  <input>
                     <parameter label="Content-Type"
                                name="Content-Type"
                                nogen="true"
                                required="true"
                                testWith=""
                                type="string"/>
                     <parameter label="Accept"
                                name="Accept"
                                nogen="true"
                                required="true"
                                testWith=""
                                type="string"/>
                     <parameter label="organizerKeyPathParam"
                                name="organizerKeyPathParam"
                                nogen="true"
                                required="true"
                                testWith=""
                                type="string"/>
                  </input>
                  <binding>
                     <restSimpleBinding multiUsing="semicolonSeparated"
                                        url="https://{$hostName}/G2M/rest/organizers/DefaultParameterValue/sessions/G2M/rest/organizers/{$organizerKeyPathParam}"
                                        verb="DELETE">
                        <httpHeaders>
                           <header name="Content-Type">application/json</header>
                           <header name="Accept">application/json</header>
                           <header name="Content-Type">{$Content-Type}</header>
                           <header name="Accept">{$Accept}</header>
                        </httpHeaders>
                     </restSimpleBinding>
                  </binding>
                  <output/>
               </action>
               <action category="Organizers"
                       failOnError="true"
                       forSearch="false"
                       label="G2MRestOrganizersByOrganizerKeyPut"
                       maxRedirects="100"
                       name="G2MRestOrganizersByOrganizerKeyPut"
                       preemptiveAuth="true"
                       responseEncoding="">
                  <description>Organizer. &lt;p&gt;Updates the products of the specified organizer. To add a product (G2M, G2W, G2T, OPENVOICE) for the organizer, the call must be sent once for each product you want to add. To remove all products for the organizer, set status to 'suspended'. The call is limited to users with the admin role.&lt;/p&gt; &lt;table border=1&gt; &lt;tr&gt; &lt;th&gt; field &lt;/th&gt; &lt;th&gt; value &lt;/th&gt; &lt;th&gt; description &lt;/th&gt; &lt;/tr&gt; &lt;tr&gt; &lt;td&gt; "firstName" &lt;/td&gt; &lt;td&gt; "First" &lt;/td&gt; &lt;td&gt; String - max 25 characters &lt;/td&gt; &lt;/tr&gt; &lt;tr&gt; &lt;td&gt; "lastName" &lt;/td&gt; &lt;td&gt; "Last" &lt;/td&gt; &lt;td&gt; String - max 25 characters &lt;/td&gt; &lt;/tr&gt; &lt;tr&gt; &lt;td&gt; "organizerEmail" &lt;/td&gt; &lt;td&gt; "valid.org@email.com" &lt;/td&gt; &lt;td&gt; String with valid email syntax &lt;/td&gt; &lt;/tr&gt; &lt;tr&gt; &lt;td&gt; "productType" &lt;/td&gt; &lt;td&gt; "G2M" &lt;/td&gt; &lt;td&gt; Must be: G2M, G2W, G2T, OV &lt;/td&gt; &lt;/tr&gt; &lt;tr&gt; &lt;td&gt; "status" &lt;/td&gt; &lt;td&gt; "suspended" &lt;/td&gt; &lt;td&gt; Must be: blank or suspended &lt;/td&gt; &lt;/tr&gt; &lt;/table&gt;</description>
                  <input>
                     <parameter label="Body"
                                name="Body"
                                required="true"
                                testWith=""
                                type="reference">
                        <options>
                           <option name="referenceTo"/>
                        </options>
                     </parameter>
                     <parameter label="Content-Type"
                                name="Content-Type"
                                nogen="true"
                                required="true"
                                testWith=""
                                type="string"/>
                     <parameter label="Accept"
                                name="Accept"
                                nogen="true"
                                required="true"
                                testWith=""
                                type="string"/>
                     <parameter label="organizerKeyPathParam"
                                name="organizerKeyPathParam"
                                nogen="true"
                                required="true"
                                testWith=""
                                type="string"/>
                  </input>
                  <binding>
                     <restSimpleBinding multiUsing="semicolonSeparated"
                                        url="https://{$hostName}/G2M/rest/organizers/DefaultParameterValue/sessions/G2M/rest/organizers/{$organizerKeyPathParam}"
                                        verb="PUT">
                        <httpHeaders>
                           <header name="Content-Type">application/json</header>
                           <header name="Accept">application/json</header>
                           <header name="Content-Type">{$Content-Type}</header>
                           <header name="Accept">{$Accept}</header>
                        </httpHeaders>
                        <body generateUsing="UnwrappedJSON" preserveJsonStringFormatting="false"/>
                     </restSimpleBinding>
                  </binding>
                  <output/>
               </action>
               <action category="Groups"
                       failOnError="true"
                       forSearch="false"
                       label="G2MRestGroupsOrganizersByGroupkeyGet"
                       maxRedirects="100"
                       name="G2MRestGroupsOrganizersByGroupkeyGet"
                       preemptiveAuth="true"
                       responseEncoding="">
                  <description>Organizers by group. Returns all the organizers within a specific group. This API call is only available to users with the admin role.</description>
                  <input>
                     <parameter label="Content-Type"
                                name="Content-Type"
                                nogen="true"
                                required="true"
                                testWith=""
                                type="string"/>
                     <parameter label="Accept"
                                name="Accept"
                                nogen="true"
                                required="true"
                                testWith=""
                                type="string"/>
                     <parameter label="groupkeyPathParam"
                                name="groupkeyPathParam"
                                nogen="true"
                                required="true"
                                testWith=""
                                type="string"/>
                  </input>
                  <binding>
                     <restSimpleBinding multiUsing="semicolonSeparated"
                                        url="https://{$hostName}/G2M/rest/organizers/DefaultParameterValue/sessions/G2M/rest/groups/{$groupkeyPathParam}/organizers"
                                        verb="GET">
                        <httpHeaders>
                           <header name="Content-Type">application/json</header>
                           <header name="Accept">application/json</header>
                           <header name="Content-Type">{$Content-Type}</header>
                           <header name="Accept">{$Accept}</header>
                        </httpHeaders>
                     </restSimpleBinding>
                  </binding>
                  <output/>
               </action>
               <action category="Meetings"
                       failOnError="true"
                       forSearch="false"
                       label="G2MRestHistoricalMeetingsGet"
                       maxRedirects="100"
                       name="G2MRestHistoricalMeetingsGet"
                       preemptiveAuth="true"
                       responseEncoding="">
                  <description>Historical meetings. Get historical meetings for the currently authenticated organizer that started within the specified date/time range. Meetings which are still ongoing at the time of the request are not included. A maximum of 25 meetings is returned. NEW: As of September 2018, a new MeetingRecording object is included.</description>
                  <input>
                     <parameter label="startDate"
                                name="startDate"
                                required="true"
                                testWith=""
                                type="string"/>
                     <parameter label="endDate"
                                name="endDate"
                                required="true"
                                testWith=""
                                type="string"/>
                     <parameter label="Content-Type"
                                name="Content-Type"
                                nogen="true"
                                required="true"
                                testWith=""
                                type="string"/>
                     <parameter label="Accept"
                                name="Accept"
                                nogen="true"
                                required="true"
                                testWith=""
                                type="string"/>
                  </input>
                  <binding>
                     <restSimpleBinding multiUsing="semicolonSeparated"
                                        url="https://{$hostName}/G2M/rest/organizers/DefaultParameterValue/sessions/G2M/rest/historicalMeetings"
                                        verb="GET">
                        <httpHeaders>
                           <header name="Content-Type">application/json</header>
                           <header name="Accept">application/json</header>
                           <header name="Content-Type">{$Content-Type}</header>
                           <header name="Accept">{$Accept}</header>
                        </httpHeaders>
                     </restSimpleBinding>
                  </binding>
                  <output/>
               </action>
               <action category="Meetings"
                       failOnError="true"
                       forSearch="false"
                       label="BySessionIdDelete"
                       maxRedirects="100"
                       name="BySessionIdDelete"
                       preemptiveAuth="true"
                       responseEncoding="">
                  <description>Delete session. Use this call to clean up your data by deleting any specific session. The sessionID(s) are included by meeting in the Get Historical Meetings call. Each meeting held is at least one session. One meeting may be multiple sessions if the organizer stopped and restarted the meeting for any reason, such as their device of choice did not work. Recurring meetings are at least one session per event. The call removes the specified session(s) from LogMeIn's servers including the sessionID, the attendee list, and any recordings. The meeting will still appear in your organizer's Meeting History, but will have no associated sessions. NOTE: The delete occurs at the session level because this provides the greatest granular control. To delete for a specific meetingID, you would need to accumualate all sessions for the meeting and apply the delete.</description>
                  <input>
                     <parameter label="Accept"
                                name="Accept"
                                nogen="true"
                                required="true"
                                testWith=""
                                type="string"/>
                     <parameter label="Content-Type"
                                name="Content-Type"
                                nogen="true"
                                required="true"
                                testWith=""
                                type="string"/>
                     <parameter label="sessionIdPathParam"
                                name="sessionIdPathParam"
                                nogen="true"
                                required="true"
                                testWith=""
                                type="string"/>
                  </input>
                  <binding>
                     <restSimpleBinding multiUsing="semicolonSeparated"
                                        url="https://{$hostName}/G2M/rest/organizers/DefaultParameterValue/sessions/{$sessionIdPathParam}"
                                        verb="DELETE">
                        <httpHeaders>
                           <header name="Content-Type">application/json</header>
                           <header name="Accept">application/json</header>
                           <header name="Accept">{$Accept}</header>
                           <header name="Content-Type">{$Content-Type}</header>
                        </httpHeaders>
                     </restSimpleBinding>
                  </binding>
                  <output/>
               </action>
               <action category="Meetings"
                       failOnError="true"
                       forSearch="false"
                       label="AttendeesBySessionIdDelete"
                       maxRedirects="100"
                       name="AttendeesBySessionIdDelete"
                       preemptiveAuth="true"
                       responseEncoding="">
                  <description>Delete session attendees. Use this call to clean up your data by deleting the attendee list for a specific session. The sessionID(s) and the number of attendees at each session is included by meeting in the Get Historical Meetings call. Each meeting held is at least one session. One meeting may be multiple sessions if the organizer stopped and restarted the meeting for any reason, such as their device of choice did not work. Recurring meetings are at least one session per event. The call removes the attendee list from the session from LogMeIn's servers. You can remove the entire session data using the Delete Session call, or delete recordings of the meeting using the Delete Session Recordings call. The meeting will still appear in your organizer's Meeting History, but will have no associated attendees. NOTE: The delete occurs at the session level because this provides the greatest granular control. To delete for a specific meetingID, you would need to accumualate all sessions for the meeting and apply the delete.</description>
                  <input>
                     <parameter label="Accept"
                                name="Accept"
                                nogen="true"
                                required="true"
                                testWith=""
                                type="string"/>
                     <parameter label="Content-Type"
                                name="Content-Type"
                                nogen="true"
                                required="true"
                                testWith=""
                                type="string"/>
                     <parameter label="sessionIdPathParam"
                                name="sessionIdPathParam"
                                nogen="true"
                                required="true"
                                testWith=""
                                type="string"/>
                  </input>
                  <binding>
                     <restSimpleBinding multiUsing="semicolonSeparated"
                                        url="https://{$hostName}/G2M/rest/organizers/DefaultParameterValue/sessions/{$sessionIdPathParam}/attendees"
                                        verb="DELETE">
                        <httpHeaders>
                           <header name="Content-Type">application/json</header>
                           <header name="Accept">application/json</header>
                           <header name="Accept">{$Accept}</header>
                           <header name="Content-Type">{$Content-Type}</header>
                        </httpHeaders>
                     </restSimpleBinding>
                  </binding>
                  <output/>
               </action>
               <action category="Groups"
                       failOnError="true"
                       forSearch="false"
                       label="G2MRestGroupsAttendeesByGroupkeyGet"
                       maxRedirects="100"
                       name="G2MRestGroupsAttendeesByGroupkeyGet"
                       preemptiveAuth="true"
                       responseEncoding="">
                  <description>Attendees by group. Returns all attendees for all meetings within specified date range held by organizers within the specified group. This API call is only available to users with the admin role. This API call can be used only for groups with maximum 50 organizers.</description>
                  <input>
                     <parameter label="startDate"
                                name="startDate"
                                required="true"
                                testWith=""
                                type="string"/>
                     <parameter label="endDate"
                                name="endDate"
                                required="true"
                                testWith=""
                                type="string"/>
                     <parameter label="Content-Type"
                                name="Content-Type"
                                nogen="true"
                                required="true"
                                testWith=""
                                type="string"/>
                     <parameter label="Accept"
                                name="Accept"
                                nogen="true"
                                required="true"
                                testWith=""
                                type="string"/>
                     <parameter label="groupkeyPathParam"
                                name="groupkeyPathParam"
                                nogen="true"
                                required="true"
                                testWith=""
                                type="string"/>
                  </input>
                  <binding>
                     <restSimpleBinding multiUsing="semicolonSeparated"
                                        url="https://{$hostName}/G2M/rest/organizers/DefaultParameterValue/sessions/G2M/rest/groups/{$groupkeyPathParam}/attendees"
                                        verb="GET">
                        <httpHeaders>
                           <header name="Content-Type">application/json</header>
                           <header name="Accept">application/json</header>
                           <header name="Content-Type">{$Content-Type}</header>
                           <header name="Accept">{$Accept}</header>
                        </httpHeaders>
                     </restSimpleBinding>
                  </binding>
                  <output/>
               </action>
               <action category="Organizers"
                       failOnError="true"
                       forSearch="false"
                       label="G2MRestOrganizersPost"
                       maxRedirects="100"
                       name="G2MRestOrganizersPost"
                       preemptiveAuth="true"
                       responseEncoding="">
                  <description>Organizer. &lt;p&gt;Creates a new organizer and sends an email to the email address defined in the request. This API call is only available to users with the admin role. You may also pass 'G2W' or 'G2T' or 'OPENVOICE' as productType, to create organizers for those products. A G2W or G2T organizer will also have access to G2M.&lt;/p&gt; &lt;table border=1&gt; &lt;tr&gt; &lt;th&gt; field &lt;/th&gt; &lt;th&gt; value &lt;/th&gt; &lt;th&gt; description &lt;/th&gt; &lt;/tr&gt; &lt;tr&gt; &lt;td&gt; "firstName" &lt;/td&gt; &lt;td&gt; "First" &lt;/td&gt; &lt;td&gt; String - max 25 characters &lt;/td&gt; &lt;/tr&gt; &lt;tr&gt; &lt;td&gt; "lastName" &lt;/td&gt; &lt;td&gt; "Last" &lt;/td&gt; &lt;td&gt; String - max 25 characters &lt;/td&gt; &lt;/tr&gt; &lt;tr&gt; &lt;td&gt; "organizerEmail" &lt;/td&gt; &lt;td&gt; "valid.org@email.com" &lt;/td&gt; &lt;td&gt; String with valid email syntax &lt;/td&gt; &lt;/tr&gt; &lt;tr&gt; &lt;td&gt; "productType" &lt;/td&gt; &lt;td&gt; "G2M" &lt;/td&gt; &lt;td&gt; Must be: G2M, G2W, G2T, OV &lt;/td&gt; &lt;/tr&gt; &lt;/table&gt;</description>
                  <input>
                     <parameter label="Body"
                                name="Body"
                                required="true"
                                testWith=""
                                type="reference">
                        <options>
                           <option name="referenceTo">OrganizerRequest</option>
                        </options>
                     </parameter>
                     <parameter label="Content-Type"
                                name="Content-Type"
                                nogen="true"
                                required="true"
                                testWith=""
                                type="string"/>
                     <parameter label="Accept"
                                name="Accept"
                                nogen="true"
                                required="true"
                                testWith=""
                                type="string"/>
                  </input>
                  <binding>
                     <restSimpleBinding multiUsing="semicolonSeparated"
                                        url="https://{$hostName}/G2M/rest/organizers/DefaultParameterValue/sessions/G2M/rest/organizers"
                                        verb="POST">
                        <httpHeaders>
                           <header name="Content-Type">application/json</header>
                           <header name="Accept">application/json</header>
                           <header name="Content-Type">{$Content-Type}</header>
                           <header name="Accept">{$Accept}</header>
                        </httpHeaders>
                        <body generateUsing="UnwrappedJSON" preserveJsonStringFormatting="false"/>
                     </restSimpleBinding>
                  </binding>
                  <output/>
               </action>
               <action category="Organizers"
                       failOnError="true"
                       forSearch="false"
                       label="G2MRestOrganizersGet"
                       maxRedirects="100"
                       name="G2MRestOrganizersGet"
                       preemptiveAuth="true"
                       responseEncoding="">
                  <description>Organizer by email. Gets the individual organizer specified by the organizer's email address. If an email address is not specified, all organizers are returned. This API call is only available to users with the admin role.</description>
                  <input>
                     <parameter label="email"
                                name="email"
                                required="true"
                                testWith=""
                                type="string"/>
                     <parameter label="Content-Type"
                                name="Content-Type"
                                nogen="true"
                                required="true"
                                testWith=""
                                type="string"/>
                     <parameter label="Accept"
                                name="Accept"
                                nogen="true"
                                required="true"
                                testWith=""
                                type="string"/>
                  </input>
                  <binding>
                     <restSimpleBinding multiUsing="semicolonSeparated"
                                        url="https://{$hostName}/G2M/rest/organizers/DefaultParameterValue/sessions/G2M/rest/organizers"
                                        verb="GET">
                        <httpHeaders>
                           <header name="Content-Type">application/json</header>
                           <header name="Accept">application/json</header>
                           <header name="Content-Type">{$Content-Type}</header>
                           <header name="Accept">{$Accept}</header>
                        </httpHeaders>
                     </restSimpleBinding>
                  </binding>
                  <output/>
               </action>
               <action category="Organizers"
                       failOnError="true"
                       forSearch="false"
                       label="G2MRestOrganizersDelete"
                       maxRedirects="100"
                       name="G2MRestOrganizersDelete"
                       preemptiveAuth="true"
                       responseEncoding="">
                  <description>Organizer by email. Deletes the individual organizer specified by the email address. This API call is only available to users with the admin role.</description>
                  <input>
                     <parameter label="email"
                                name="email"
                                required="true"
                                testWith=""
                                type="string"/>
                     <parameter label="Content-Type"
                                name="Content-Type"
                                nogen="true"
                                required="true"
                                testWith=""
                                type="string"/>
                     <parameter label="Accept"
                                name="Accept"
                                nogen="true"
                                required="true"
                                testWith=""
                                type="string"/>
                  </input>
                  <binding>
                     <restSimpleBinding multiUsing="semicolonSeparated"
                                        url="https://{$hostName}/G2M/rest/organizers/DefaultParameterValue/sessions/G2M/rest/organizers"
                                        verb="DELETE">
                        <httpHeaders>
                           <header name="Content-Type">application/json</header>
                           <header name="Accept">application/json</header>
                           <header name="Content-Type">{$Content-Type}</header>
                           <header name="Accept">{$Accept}</header>
                        </httpHeaders>
                     </restSimpleBinding>
                  </binding>
                  <output/>
               </action>
               <action category="Organizers"
                       failOnError="true"
                       forSearch="false"
                       label="G2MRestOrganizersAttendeesByOrganizerKeyGet"
                       maxRedirects="100"
                       name="G2MRestOrganizersAttendeesByOrganizerKeyGet"
                       preemptiveAuth="true"
                       responseEncoding="">
                  <description>Attendees by organizer. Lists all attendees for all meetings within a specified date range for a specified organizer. This API call is only available to users with the admin role.</description>
                  <input>
                     <parameter label="starttime"
                                name="starttime"
                                required="true"
                                testWith=""
                                type="string"/>
                     <parameter label="endDate"
                                name="endDate"
                                required="true"
                                testWith=""
                                type="string"/>
                     <parameter label="Content-Type"
                                name="Content-Type"
                                nogen="true"
                                required="true"
                                testWith=""
                                type="string"/>
                     <parameter label="Accept"
                                name="Accept"
                                nogen="true"
                                required="true"
                                testWith=""
                                type="string"/>
                     <parameter label="organizerKeyPathParam"
                                name="organizerKeyPathParam"
                                nogen="true"
                                required="true"
                                testWith=""
                                type="string"/>
                  </input>
                  <binding>
                     <restSimpleBinding multiUsing="semicolonSeparated"
                                        url="https://{$hostName}/G2M/rest/organizers/DefaultParameterValue/sessions/G2M/rest/organizers/{$organizerKeyPathParam}/attendees"
                                        verb="GET">
                        <httpHeaders>
                           <header name="Content-Type">application/json</header>
                           <header name="Accept">application/json</header>
                           <header name="Content-Type">{$Content-Type}</header>
                           <header name="Accept">{$Accept}</header>
                        </httpHeaders>
                     </restSimpleBinding>
                  </binding>
                  <output/>
               </action>
               <action category="Groups"
                       failOnError="true"
                       forSearch="false"
                       label="G2MRestGroupsHistoricalMeetingsByGroupkeyGet"
                       maxRedirects="100"
                       name="G2MRestGroupsHistoricalMeetingsByGroupkeyGet"
                       preemptiveAuth="true"
                       responseEncoding="">
                  <description>Historical meetings by group. Get historical meetings for the specified group that started within the specified date/time range. This API call is only available to users with the admin role. This API call is restricted to groups with a maximum of 50 organizers. Remark: Meetings which are still ongoing at the time of the request are NOT contained in the result array.</description>
                  <input>
                     <parameter label="startDate"
                                name="startDate"
                                required="true"
                                testWith=""
                                type="string"/>
                     <parameter label="endDate"
                                name="endDate"
                                required="true"
                                testWith=""
                                type="string"/>
                     <parameter label="Content-Type"
                                name="Content-Type"
                                nogen="true"
                                required="true"
                                testWith=""
                                type="string"/>
                     <parameter label="Accept"
                                name="Accept"
                                nogen="true"
                                required="true"
                                testWith=""
                                type="string"/>
                     <parameter label="groupkeyPathParam"
                                name="groupkeyPathParam"
                                nogen="true"
                                required="true"
                                testWith=""
                                type="string"/>
                  </input>
                  <binding>
                     <restSimpleBinding multiUsing="semicolonSeparated"
                                        url="https://{$hostName}/G2M/rest/organizers/DefaultParameterValue/sessions/G2M/rest/groups/{$groupkeyPathParam}/historicalMeetings"
                                        verb="GET">
                        <httpHeaders>
                           <header name="Content-Type">application/json</header>
                           <header name="Accept">application/json</header>
                           <header name="Content-Type">{$Content-Type}</header>
                           <header name="Accept">{$Accept}</header>
                        </httpHeaders>
                     </restSimpleBinding>
                  </binding>
                  <output/>
               </action>
               <action category="Groups"
                       failOnError="true"
                       forSearch="false"
                       label="ApiGetgoComG2MRestGroupsOrganizersByGroupKeyPost"
                       maxRedirects="100"
                       name="ApiGetgoComG2MRestGroupsOrganizersByGroupKeyPost"
                       preemptiveAuth="true"
                       responseEncoding="">
                  <description>Organizer in group. &lt;p&gt;Creates a new organizer and sends an email to the email address defined in request. This API call is only available to users with the admin role. You may also pass 'G2W' or 'G2T' or 'OPENVOICE' as productType variables, creating organizers for those products. A G2W or G2T organizer will also have access to G2M.&lt;/p&gt; &lt;table border=1&gt; &lt;tr&gt; &lt;th&gt; field &lt;/th&gt; &lt;th&gt; value &lt;/th&gt; &lt;th&gt; description &lt;/th&gt; &lt;/tr&gt; &lt;tr&gt; &lt;td&gt; "organizerEmail" &lt;/td&gt; &lt;td&gt; "valid.org@email.com" &lt;/td&gt; &lt;td&gt; String with valid email syntax &lt;/td&gt; &lt;/tr&gt; &lt;tr&gt; &lt;td&gt; "firstName" &lt;/td&gt; &lt;td&gt; "First" &lt;/td&gt; &lt;td&gt; String - max 25 characters &lt;/td&gt; &lt;/tr&gt; &lt;tr&gt; &lt;td&gt; "lastName" &lt;/td&gt; &lt;td&gt; "Last" &lt;/td&gt; &lt;td&gt; String - max 25 characters &lt;/td&gt; &lt;/tr&gt; &lt;tr&gt; &lt;td&gt; "productType" &lt;/td&gt; &lt;td&gt; "G2M" &lt;/td&gt; &lt;td&gt; Must be: G2M, G2W, G2T, OV &lt;/td&gt; &lt;/tr&gt; &lt;/table&gt;</description>
                  <input>
                     <parameter label="Body"
                                name="Body"
                                required="true"
                                testWith=""
                                type="reference">
                        <options>
                           <option name="referenceTo">OrganizeringroupRequest</option>
                        </options>
                     </parameter>
                     <parameter label="Content-Type"
                                name="Content-Type"
                                nogen="true"
                                required="true"
                                testWith=""
                                type="string"/>
                     <parameter label="Accept"
                                name="Accept"
                                nogen="true"
                                required="true"
                                testWith=""
                                type="string"/>
                     <parameter label="groupKeyPathParam"
                                name="groupKeyPathParam"
                                nogen="true"
                                required="true"
                                testWith=""
                                type="string"/>
                  </input>
                  <binding>
                     <restSimpleBinding multiUsing="semicolonSeparated"
                                        url="https://{$hostName}/G2M/rest/organizers/DefaultParameterValue/sessions//api.getgo.com/G2M/rest/groups/{$groupKeyPathParam}/organizers"
                                        verb="POST">
                        <httpHeaders>
                           <header name="Content-Type">application/json</header>
                           <header name="Accept">application/json</header>
                           <header name="Content-Type">{$Content-Type}</header>
                           <header name="Accept">{$Accept}</header>
                        </httpHeaders>
                        <body generateUsing="UnwrappedJSON" preserveJsonStringFormatting="false"/>
                     </restSimpleBinding>
                  </binding>
                  <output/>
               </action>
               <action category="Organizers"
                       failOnError="true"
                       forSearch="false"
                       label="G2MRestOrganizersHistoricalMeetingsByOrganizerKeyGet"
                       maxRedirects="100"
                       name="G2MRestOrganizersHistoricalMeetingsByOrganizerKeyGet"
                       preemptiveAuth="true"
                       responseEncoding="">
                  <description>Historical meetings by organizer. Get historical meetings for the specified organizer that started within the specified date/time range. Meetings which are still ongoing at the time of the request are not included in the result. NEW: As of September 2018, a new MeetingRecording object is included for completed past meetings.</description>
                  <input>
                     <parameter label="startDate"
                                name="startDate"
                                required="true"
                                testWith=""
                                type="string"/>
                     <parameter label="endDate"
                                name="endDate"
                                required="true"
                                testWith=""
                                type="string"/>
                     <parameter label="Content-Type"
                                name="Content-Type"
                                nogen="true"
                                required="true"
                                testWith=""
                                type="string"/>
                     <parameter label="Accept"
                                name="Accept"
                                nogen="true"
                                required="true"
                                testWith=""
                                type="string"/>
                     <parameter label="organizerKeyPathParam"
                                name="organizerKeyPathParam"
                                nogen="true"
                                required="true"
                                testWith=""
                                type="string"/>
                  </input>
                  <binding>
                     <restSimpleBinding multiUsing="semicolonSeparated"
                                        url="https://{$hostName}/G2M/rest/organizers/DefaultParameterValue/sessions/G2M/rest/organizers/{$organizerKeyPathParam}/historicalMeetings"
                                        verb="GET">
                        <httpHeaders>
                           <header name="Content-Type">application/json</header>
                           <header name="Accept">application/json</header>
                           <header name="Content-Type">{$Content-Type}</header>
                           <header name="Accept">{$Accept}</header>
                        </httpHeaders>
                     </restSimpleBinding>
                  </binding>
                  <output/>
               </action>
            </actions>
            <objects>
               <processObject xmlns="http://schemas.active-endpoints.com/appmodules/screenflow/2011/06/avosHostEnvironment.xsd"
                              isByCopy="true"
                              name="MeetingRequest">
                  <description/>
                  <detail>
                     <field name="meetingtype" type="string"/>
                     <field name="subject" type="string"/>
                     <field name="endtime" type="string"/>
                     <field name="passwordrequired" type="boolean"/>
                     <field name="starttime" type="string"/>
                     <field name="timezonekey" type="string"/>
                     <field name="conferencecallinfo" type="string"/>
                  </detail>
               </processObject>
               <processObject xmlns="http://schemas.active-endpoints.com/appmodules/screenflow/2011/06/avosHostEnvironment.xsd"
                              isByCopy="true"
                              name="OrganizerRequest">
                  <description/>
                  <detail>
                     <field name="lastName" type="string"/>
                     <field name="firstName" type="string"/>
                     <field name="organizerEmail" type="string"/>
                     <field name="productType" type="string"/>
                  </detail>
               </processObject>
               <processObject xmlns="http://schemas.active-endpoints.com/appmodules/screenflow/2011/06/avosHostEnvironment.xsd"
                              isByCopy="true"
                              name="OrganizeringroupRequest">
                  <description/>
                  <detail>
                     <field name="lastName" type="string"/>
                     <field name="firstName" type="string"/>
                     <field name="organizerEmail" type="string"/>
                     <field name="productType" type="string"/>
                  </detail>
               </processObject>
               <processObject xmlns="http://schemas.active-endpoints.com/appmodules/screenflow/2011/06/avosHostEnvironment.xsd"
                              isByCopy="true"
                              name="string">
                  <description/>
                  <detail>
                     <field name="string" type="string"/>
                  </detail>
               </processObject>
               <processObject xmlns="http://schemas.active-endpoints.com/appmodules/screenflow/2011/06/avosHostEnvironment.xsd"
                              isByCopy="true"
                              name="boolean">
                  <description/>
                  <detail>
                     <field name="boolean" type="boolean"/>
                  </detail>
               </processObject>
               <processObject xmlns="http://schemas.active-endpoints.com/appmodules/screenflow/2011/06/avosHostEnvironment.xsd"
                              isByCopy="true"
                              name="double">
                  <description/>
                  <detail>
                     <field name="double" type="double"/>
                  </detail>
               </processObject>
               <processObject xmlns="http://schemas.active-endpoints.com/appmodules/screenflow/2011/06/avosHostEnvironment.xsd"
                              isByCopy="true"
                              name="integer">
                  <description/>
                  <detail>
                     <field name="integer" type="int"/>
                  </detail>
               </processObject>
            </objects>
         </businessConnector>
      </types1:Entry>
      <types1:GUID>3RJKbeL98iEkMfc5qPAgmo</types1:GUID>
      <types1:DisplayName>GoToMeeting API v1</types1:DisplayName>
   </types1:Item>
   <types1:CurrentServerDateTime>2019-03-06T10:50:27.72Z</types1:CurrentServerDateTime>
</aetgt:getResponse>
