<aetgt:getResponse xmlns:aetgt="http://schemas.active-endpoints.com/appmodules/repository/2010/10/avrepository.xsd"
                   xmlns:types1="http://schemas.active-endpoints.com/appmodules/repository/2010/10/avrepository.xsd">
   <types1:Item>
      <types1:EntryId>uBxiggor3rp3yD7-gt-3221728-2019-01-24T00:42:20.338Z::svc.xml</types1:EntryId>
      <types1:Name>Concur_VendorBank_API_v3</types1:Name>
      <types1:MimeType>application/xml+businesssconnector</types1:MimeType>
      <types1:Description>An invoice is a bill of sale for goods or services provided by a vendor. This API provides methods to create or update banking information for the specified invoice vendor.</types1:Description>
      <types1:AppliesTo/>
      <types1:Tags/>
      <types1:VersionLabel>1.0</types1:VersionLabel>
      <types1:State>CURRENT</types1:State>
      <types1:ProcessGroup/>
      <types1:CreatedBy>sorabh@na1.dm-us.org</types1:CreatedBy>
      <types1:CreationDate>2019-01-24T00:42:20Z</types1:CreationDate>
      <types1:ModifiedBy/>
      <types1:PublicationStatus>published</types1:PublicationStatus>
      <types1:PublishedBy>sorabh@na1.dm-us.org</types1:PublishedBy>
      <types1:PublicationDate>2019-01-24T00:42:32Z</types1:PublicationDate>
      <types1:PublishedContributionId>project:/rt.connector/Concur_VendorBank_API_v3/Concur_VendorBank_API_v3_svcDef.xml</types1:PublishedContributionId>
      <types1:AutosaveExists>false</types1:AutosaveExists>
      <types1:Entry>
         <businessConnector xmlns="http://schemas.informatica.com/socrates/data-services/2014/05/business-connector-model.xsd"
                            agentOnly="false"
                            debug="false"
                            displayName="Concur VendorBank API v3"
                            label=""
                            name="Concur_VendorBank_API_v3"
                            uuid="0a0421b9-5b99-414c-8ecf-301569f85cef">
            <description>An invoice is a bill of sale for goods or services provided by a vendor. This API provides methods to create or update banking information for the specified invoice vendor.</description>
            <tags/>
            <connectionAttributes xmlns="http://schemas.informatica.com/appmodules/screenflow/2014/04/avosConnectors.xsd">
               <connectionAttribute description="Host Name"
                                    masked="false"
                                    name="hostName"
                                    required="true"
                                    testWith="www.concursolutions.com"
                                    type="string"/>
            </connectionAttributes>
            <actions>
               <action category="Resources"
                       failOnError="true"
                       forSearch="false"
                       label="PUT_invoice_vendor_banks"
                       maxRedirects="100"
                       name="PUT_invoice_vendor_banks"
                       preemptiveAuth="true"
                       responseEncoding="">
                  <description>Updates/creates vendor banking information. Updates/creates vendor banking information.</description>
                  <input>
                     <parameter description="The vendor bank details."
                                label="vendorBanks"
                                name="vendorBanks"
                                required="true"
                                testWith=""
                                type="reference">
                        <options>
                           <option name="referenceTo">VendorBankCollection</option>
                        </options>
                     </parameter>
                  </input>
                  <binding>
                     <restSimpleBinding multiUsing="semicolonSeparated"
                                        url="https://{$hostName}/api/v3.0/invoice/vendor/banks"
                                        verb="PUT">
                        <httpHeaders>
                           <header name="Content-Type">application/json</header>
                           <header name="Accept">application/json</header>
                        </httpHeaders>
                        <body generateUsing="UnwrappedJSON" preserveJsonStringFormatting="false"/>
                     </restSimpleBinding>
                  </binding>
                  <output>
                     <field description="Success"
                            entireResponse="true"
                            name="VendorBankCollection"
                            type="reference">
                        <options>
                           <option name="referenceTo">VendorBankCollection</option>
                        </options>
                     </field>
                  </output>
               </action>
            </actions>
            <objects>
               <processObject xmlns="http://schemas.active-endpoints.com/appmodules/screenflow/2011/06/avosHostEnvironment.xsd"
                              isByCopy="true"
                              name="Status">
                  <description/>
                  <detail>
                     <field name="Type" type="string"/>
                     <field name="Message" type="string"/>
                     <field name="Code" type="int"/>
                     <field name="RecordNumber" type="int"/>
                  </detail>
               </processObject>
               <processObject xmlns="http://schemas.active-endpoints.com/appmodules/screenflow/2011/06/avosHostEnvironment.xsd"
                              isByCopy="true"
                              name="VendorBank">
                  <description/>
                  <detail>
                     <field name="BankName" type="string"/>
                     <field name="NameOnAccount" type="string"/>
                     <field name="IsActive" type="string"/>
                     <field name="StatusList" type="reference">
                        <options>
                           <option name="referenceTo">Status</option>
                           <option name="relationshipName">Child</option>
                        </options>
                     </field>
                     <field name="BankCode" type="string"/>
                     <field name="TransType" type="string"/>
                     <field name="AddressCode" type="string"/>
                     <field name="AccountType" type="string"/>
                     <field name="URI" type="string"/>
                     <field name="BranchLocation" type="string"/>
                     <field name="AccountNumber" type="string"/>
                     <field name="RoutingNumber" type="string"/>
                     <field name="CurrencyAlphaCode" type="string"/>
                     <field name="VendorCode" type="string"/>
                     <field name="ID" type="string"/>
                     <field name="CountryCode" type="string"/>
                     <field name="BranchCode" type="string"/>
                  </detail>
               </processObject>
               <processObject xmlns="http://schemas.active-endpoints.com/appmodules/screenflow/2011/06/avosHostEnvironment.xsd"
                              isByCopy="true"
                              name="VendorBankCollection">
                  <description/>
                  <detail>
                     <field name="RequestRunSummary" type="string"/>
                     <field name="TotalCount" type="int"/>
                     <field name="VendorBank" type="reference">
                        <options>
                           <option name="referenceTo">VendorBank</option>
                           <option name="relationshipName">Child</option>
                        </options>
                     </field>
                     <field name="Items" type=""/>
                     <field name="NextPage" type="string"/>
                  </detail>
               </processObject>
               <processObject xmlns="http://schemas.active-endpoints.com/appmodules/screenflow/2011/06/avosHostEnvironment.xsd"
                              isByCopy="true"
                              name="string">
                  <description/>
                  <detail>
                     <field name="string" type="string"/>
                  </detail>
               </processObject>
               <processObject xmlns="http://schemas.active-endpoints.com/appmodules/screenflow/2011/06/avosHostEnvironment.xsd"
                              isByCopy="true"
                              name="boolean">
                  <description/>
                  <detail>
                     <field name="boolean" type="boolean"/>
                  </detail>
               </processObject>
               <processObject xmlns="http://schemas.active-endpoints.com/appmodules/screenflow/2011/06/avosHostEnvironment.xsd"
                              isByCopy="true"
                              name="double">
                  <description/>
                  <detail>
                     <field name="double" type="double"/>
                  </detail>
               </processObject>
               <processObject xmlns="http://schemas.active-endpoints.com/appmodules/screenflow/2011/06/avosHostEnvironment.xsd"
                              isByCopy="true"
                              name="integer">
                  <description/>
                  <detail>
                     <field name="integer" type="int"/>
                  </detail>
               </processObject>
            </objects>
         </businessConnector>
      </types1:Entry>
      <types1:GUID>9xdRZU2LjQIiDlrQLAjyEN</types1:GUID>
      <types1:DisplayName>Concur VendorBank API v3</types1:DisplayName>
   </types1:Item>
   <types1:CurrentServerDateTime>2019-02-22T09:42:48.065Z</types1:CurrentServerDateTime>
</aetgt:getResponse>
