<aetgt:getResponse xmlns:aetgt="http://schemas.active-endpoints.com/appmodules/repository/2010/10/avrepository.xsd"
                   xmlns:types1="http://schemas.active-endpoints.com/appmodules/repository/2010/10/avrepository.xsd">
   <types1:Item>
      <types1:EntryId>qT3PI2HBxZmtK9h-gt-3963428-2019-11-18T03:51:11.259Z::svc.xml</types1:EntryId>
      <types1:Name>SAP_S4HANA_Production_Supply_Area_API_v1</types1:Name>
      <types1:MimeType>application/xml+businesssconnector</types1:MimeType>
      <types1:Description>The OData API for production  supply areas enables you to create,  update, delete, and retrieve production  supply areas.

The service is based on  the OData protocol and can be consumed  by external systems and user interfaces.</types1:Description>
      <types1:AppliesTo/>
      <types1:Tags/>
      <types1:VersionLabel>1.0</types1:VersionLabel>
      <types1:State>CURRENT</types1:State>
      <types1:ProcessGroup/>
      <types1:CreatedBy>sorabh@na1.dm-us.org</types1:CreatedBy>
      <types1:CreationDate>2019-11-18T03:51:11Z</types1:CreationDate>
      <types1:ModifiedBy/>
      <types1:PublicationStatus>published</types1:PublicationStatus>
      <types1:PublishedBy>sorabh@na1.dm-us.org</types1:PublishedBy>
      <types1:PublicationDate>2019-11-18T03:51:14Z</types1:PublicationDate>
      <types1:PublishedContributionId>project:/rt.connector/SAP_S4HANA_Production_Supply_Area_API_v1/SAP_S4HANA_Production_Supply_Area_API_v1_svcDef.xml</types1:PublishedContributionId>
      <types1:AutosaveExists>false</types1:AutosaveExists>
      <types1:Entry>
         <businessConnector xmlns="http://schemas.informatica.com/socrates/data-services/2014/05/business-connector-model.xsd"
                            agentOnly="false"
                            debug="false"
                            displayName="SAP S4HANA Production Supply Area API v1"
                            label=""
                            name="SAP_S4HANA_Production_Supply_Area_API_v1"
                            uuid="07cd803b-0518-46dd-acf2-fd8cad9171a2">
            <description>The OData API for production  supply areas enables you to create,  update, delete, and retrieve production  supply areas.

The service is based on  the OData protocol and can be consumed  by external systems and user interfaces.</description>
            <tags/>
            <connectionAttributes xmlns="http://schemas.informatica.com/appmodules/screenflow/2014/04/avosConnectors.xsd">
               <connectionAttribute description="Host Name"
                                    masked="false"
                                    name="hostName"
                                    required="true"
                                    testWith="sandbox.api.sap.com"
                                    type="string"/>
               <connectionAttribute description="User Name"
                                    masked="false"
                                    name="username"
                                    required="true"
                                    testWith=""
                                    type="string"/>
               <connectionAttribute description="Password"
                                    masked="true"
                                    name="password"
                                    required="true"
                                    testWith=""
                                    type="string"/>
            </connectionAttributes>
            <actions>
               <action category="A_ProductionSupplyAreaText"
                       failOnError="true"
                       forSearch="false"
                       label="PATCH_A_ProductionSupplyAreaText_ProductionSupplyArea_ProductionSupplyArea_Plant_Plant_Language_Language_"
                       maxRedirects="100"
                       name="PATCH_A_ProductionSupplyAreaText_ProductionSupplyArea_ProductionSupplyArea_Plant_Plant_Language_Language_"
                       preemptiveAuth="true"
                       responseEncoding="">
                  <description>Update entity in A_ProductionSupplyAreaText</description>
                  <input>
                     <parameter description="New property values"
                                label="A_ProductionSupplyAreaTextType"
                                name="A_ProductionSupplyAreaTextType"
                                required="false"
                                testWith=""
                                type="object"/>
                     <parameter description="Production Supply Area  &#xA;The production supply area (PSA) serves as a place for interim storage on the shop floor and is used to make material directly available for production purposes.  &#xA;The PSA is used in Kanban and JIT Outbound processing and in Extended Warehouse Management."
                                label="ProductionSupplyAreaPathParam"
                                name="ProductionSupplyAreaPathParam"
                                nogen="true"
                                required="true"
                                testWith=""
                                type="string"/>
                     <parameter description="Key uniquely identifying a plant."
                                label="PlantPathParam"
                                name="PlantPathParam"
                                nogen="true"
                                required="true"
                                testWith=""
                                type="string"/>
                     <parameter description="The language key indicates  &#xA;- the language in which texts are displayed,- the language in which you enter texts,- the language in which the system prints texts."
                                label="LanguagePathParam"
                                name="LanguagePathParam"
                                nogen="true"
                                required="true"
                                testWith=""
                                type="string"/>
                  </input>
                  <binding>
                     <restSimpleBinding multiUsing="semicolonSeparated"
                                        url="https://{$hostName}/s4hanacloud/sap/opu/odata/sap/API_PRODUCTIONSUPPLYAREA_SRV/A_ProductionSupplyAreaText(ProductionSupplyArea='{$ProductionSupplyAreaPathParam}',Plant='{$PlantPathParam}',Language='{$LanguagePathParam}')"
                                        verb="PATCH">
                        <authentication>
                           <username>{$username}</username>
                           <password>{$password}</password>
                           <isExpressionInPassword>true</isExpressionInPassword>
                        </authentication>
                        <httpHeaders>
                           <header name="Content-Type">application/json</header>
                           <header name="Accept">application/json</header>
                        </httpHeaders>
                        <body generateUsing="UnwrappedJSON" preserveJsonStringFormatting="false"/>
                     </restSimpleBinding>
                  </binding>
                  <output/>
               </action>
               <action category="A_ProductionSupplyAreaText"
                       failOnError="true"
                       forSearch="false"
                       label="GET_A_ProductionSupplyAreaText_ProductionSupplyArea_ProductionSupplyArea_Plant_Plant_Language_Language_"
                       maxRedirects="100"
                       name="GET_A_ProductionSupplyAreaText_ProductionSupplyArea_ProductionSupplyArea_Plant_Plant_Language_Language_"
                       preemptiveAuth="true"
                       responseEncoding="">
                  <description>Get entity from A_ProductionSupplyAreaText by key</description>
                  <input>
                     <parameter description="Select properties to be returned, see [Select](https://help.sap.com/doc/5890d27be418427993fafa6722cdc03b/Cloud/en-US/OdataV2.pdf#page=68)"
                                label="$select"
                                name="$select"
                                required="false"
                                testWith=""
                                type="picklist">
                        <options>
                           <option name="values">[{"value":"ProductionSupplyArea","label":"ProductionSupplyArea"},{"value":"Plant","label":"Plant"},{"value":"Language","label":"Language"},{"value":"ProductionSupplyAreaName","label":"ProductionSupplyAreaName"},{"value":"LastChangeDateTime","label":"LastChangeDateTime"}]</option>
                        </options>
                     </parameter>
                     <parameter description="Production Supply Area  &#xA;The production supply area (PSA) serves as a place for interim storage on the shop floor and is used to make material directly available for production purposes.  &#xA;The PSA is used in Kanban and JIT Outbound processing and in Extended Warehouse Management."
                                label="ProductionSupplyAreaPathParam"
                                name="ProductionSupplyAreaPathParam"
                                nogen="true"
                                required="true"
                                testWith=""
                                type="string"/>
                     <parameter description="Key uniquely identifying a plant."
                                label="PlantPathParam"
                                name="PlantPathParam"
                                nogen="true"
                                required="true"
                                testWith=""
                                type="string"/>
                     <parameter description="The language key indicates  &#xA;- the language in which texts are displayed,- the language in which you enter texts,- the language in which the system prints texts."
                                label="LanguagePathParam"
                                name="LanguagePathParam"
                                nogen="true"
                                required="true"
                                testWith=""
                                type="string"/>
                  </input>
                  <binding>
                     <restSimpleBinding multiUsing="semicolonSeparated"
                                        url="https://{$hostName}/s4hanacloud/sap/opu/odata/sap/API_PRODUCTIONSUPPLYAREA_SRV/A_ProductionSupplyAreaText(ProductionSupplyArea='{$ProductionSupplyAreaPathParam}',Plant='{$PlantPathParam}',Language='{$LanguagePathParam}')"
                                        verb="GET">
                        <authentication>
                           <username>{$username}</username>
                           <password>{$password}</password>
                           <isExpressionInPassword>true</isExpressionInPassword>
                        </authentication>
                        <httpHeaders>
                           <header name="Content-Type">application/json</header>
                           <header name="Accept">application/json</header>
                        </httpHeaders>
                     </restSimpleBinding>
                  </binding>
                  <output>
                     <field description="Retrieved entity"
                            entireResponse="true"
                            name="entireResponse"
                            type="object"/>
                  </output>
               </action>
               <action category="A_ProductionSupplyAreaText"
                       failOnError="true"
                       forSearch="false"
                       label="DELETE_A_ProductionSupplyAreaText_ProductionSupplyArea_ProductionSupplyArea_Plant_Plant_Language_Language_"
                       maxRedirects="100"
                       name="DELETE_A_ProductionSupplyAreaText_ProductionSupplyArea_ProductionSupplyArea_Plant_Plant_Language_Language_"
                       preemptiveAuth="true"
                       responseEncoding="">
                  <description>Delete entity from A_ProductionSupplyAreaText</description>
                  <input>
                     <parameter description="Production Supply Area  &#xA;The production supply area (PSA) serves as a place for interim storage on the shop floor and is used to make material directly available for production purposes.  &#xA;The PSA is used in Kanban and JIT Outbound processing and in Extended Warehouse Management."
                                label="ProductionSupplyAreaPathParam"
                                name="ProductionSupplyAreaPathParam"
                                nogen="true"
                                required="true"
                                testWith=""
                                type="string"/>
                     <parameter description="Key uniquely identifying a plant."
                                label="PlantPathParam"
                                name="PlantPathParam"
                                nogen="true"
                                required="true"
                                testWith=""
                                type="string"/>
                     <parameter description="The language key indicates  &#xA;- the language in which texts are displayed,- the language in which you enter texts,- the language in which the system prints texts."
                                label="LanguagePathParam"
                                name="LanguagePathParam"
                                nogen="true"
                                required="true"
                                testWith=""
                                type="string"/>
                  </input>
                  <binding>
                     <restSimpleBinding multiUsing="semicolonSeparated"
                                        url="https://{$hostName}/s4hanacloud/sap/opu/odata/sap/API_PRODUCTIONSUPPLYAREA_SRV/A_ProductionSupplyAreaText(ProductionSupplyArea='{$ProductionSupplyAreaPathParam}',Plant='{$PlantPathParam}',Language='{$LanguagePathParam}')"
                                        verb="DELETE">
                        <authentication>
                           <username>{$username}</username>
                           <password>{$password}</password>
                           <isExpressionInPassword>true</isExpressionInPassword>
                        </authentication>
                        <httpHeaders>
                           <header name="Content-Type">application/json</header>
                           <header name="Accept">application/json</header>
                        </httpHeaders>
                     </restSimpleBinding>
                  </binding>
                  <output/>
               </action>
               <action category="A_ProductionSupplyAreaAddress"
                       failOnError="true"
                       forSearch="false"
                       label="POST_A_ProductionSupplyAreaAddress"
                       maxRedirects="100"
                       name="POST_A_ProductionSupplyAreaAddress"
                       preemptiveAuth="true"
                       responseEncoding="">
                  <description>Add new entity to A_ProductionSupplyAreaAddress</description>
                  <input>
                     <parameter description="New entity"
                                label="A_ProductionSupplyAreaAddressType"
                                name="A_ProductionSupplyAreaAddressType"
                                required="false"
                                testWith=""
                                type="reference">
                        <options>
                           <option name="referenceTo">API_PRODUCTIONSUPPLYAREA_SRV_A_ProductionSupplyAreaAddressType_create</option>
                        </options>
                     </parameter>
                  </input>
                  <binding>
                     <restSimpleBinding multiUsing="semicolonSeparated"
                                        url="https://{$hostName}/s4hanacloud/sap/opu/odata/sap/API_PRODUCTIONSUPPLYAREA_SRV/A_ProductionSupplyAreaAddress"
                                        verb="POST">
                        <authentication>
                           <username>{$username}</username>
                           <password>{$password}</password>
                           <isExpressionInPassword>true</isExpressionInPassword>
                        </authentication>
                        <httpHeaders>
                           <header name="Content-Type">application/json</header>
                           <header name="Accept">application/json</header>
                        </httpHeaders>
                        <body generateUsing="UnwrappedJSON" preserveJsonStringFormatting="false"/>
                     </restSimpleBinding>
                  </binding>
                  <output/>
               </action>
               <action category="A_ProductionSupplyAreaAddress"
                       failOnError="true"
                       forSearch="false"
                       label="GET_A_ProductionSupplyAreaAddress"
                       maxRedirects="100"
                       name="GET_A_ProductionSupplyAreaAddress"
                       preemptiveAuth="true"
                       responseEncoding="">
                  <description>Get entities from A_ProductionSupplyAreaAddress</description>
                  <input>
                     <parameter description="Show only the first n items, see [Paging - Top](https://help.sap.com/doc/5890d27be418427993fafa6722cdc03b/Cloud/en-US/OdataV2.pdf#page=66)"
                                label="$top"
                                name="$top"
                                required="false"
                                testWith=""
                                type="int"/>
                     <parameter description="Skip the first n items, see [Paging - Skip](https://help.sap.com/doc/5890d27be418427993fafa6722cdc03b/Cloud/en-US/OdataV2.pdf#page=65)"
                                label="$skip"
                                name="$skip"
                                required="false"
                                testWith=""
                                type="int"/>
                     <parameter description="Filter items by property values, see [Filtering](https://help.sap.com/doc/5890d27be418427993fafa6722cdc03b/Cloud/en-US/OdataV2.pdf#page=64)"
                                label="$filter"
                                name="$filter"
                                required="false"
                                testWith=""
                                type="string"/>
                     <parameter description="Include count of items, see [Inlinecount](https://help.sap.com/doc/5890d27be418427993fafa6722cdc03b/Cloud/en-US/OdataV2.pdf#page=67)"
                                label="$inlinecount"
                                name="$inlinecount"
                                required="false"
                                testWith=""
                                type="picklist">
                        <options>
                           <option name="values">[{"value":"allpages","label":"allpages"},{"value":"none","label":"none"}]</option>
                        </options>
                     </parameter>
                     <parameter description="Order items by property values, see [Sorting](https://help.sap.com/doc/5890d27be418427993fafa6722cdc03b/Cloud/en-US/OdataV2.pdf#page=65)"
                                label="$orderby"
                                name="$orderby"
                                required="false"
                                testWith=""
                                type="picklist">
                        <options>
                           <option name="values">[{"value":"ProductionSupplyArea","label":"ProductionSupplyArea"},{"value":"ProductionSupplyArea desc","label":"ProductionSupplyArea desc"},{"value":"Plant","label":"Plant"},{"value":"Plant desc","label":"Plant desc"},{"value":"ProductionSupplyAreaAddressID","label":"ProductionSupplyAreaAddressID"},{"value":"ProductionSupplyAreaAddressID desc","label":"ProductionSupplyAreaAddressID desc"},{"value":"BusinessPartnerName1","label":"BusinessPartnerName1"},{"value":"BusinessPartnerName1 desc","label":"BusinessPartnerName1 desc"},{"value":"BusinessPartnerName2","label":"BusinessPartnerName2"},{"value":"BusinessPartnerName2 desc","label":"BusinessPartnerName2 desc"},{"value":"Building","label":"Building"},{"value":"Building desc","label":"Building desc"},{"value":"StreetName","label":"StreetName"},{"value":"StreetName desc","label":"StreetName desc"},{"value":"AdditionalStreetSuffixName","label":"AdditionalStreetSuffixName"},{"value":"AdditionalStreetSuffixName desc","label":"AdditionalStreetSuffixName desc"},{"value":"CityName","label":"CityName"},{"value":"CityName desc","label":"CityName desc"},{"value":"PostalCode","label":"PostalCode"},{"value":"PostalCode desc","label":"PostalCode desc"},{"value":"Country","label":"Country"},{"value":"Country desc","label":"Country desc"},{"value":"LastChangeDateTime","label":"LastChangeDateTime"},{"value":"LastChangeDateTime desc","label":"LastChangeDateTime desc"}]</option>
                        </options>
                     </parameter>
                     <parameter description="Select properties to be returned, see [Select](https://help.sap.com/doc/5890d27be418427993fafa6722cdc03b/Cloud/en-US/OdataV2.pdf#page=68)"
                                label="$select"
                                name="$select"
                                required="false"
                                testWith=""
                                type="picklist">
                        <options>
                           <option name="values">[{"value":"ProductionSupplyArea","label":"ProductionSupplyArea"},{"value":"Plant","label":"Plant"},{"value":"ProductionSupplyAreaAddressID","label":"ProductionSupplyAreaAddressID"},{"value":"BusinessPartnerName1","label":"BusinessPartnerName1"},{"value":"BusinessPartnerName2","label":"BusinessPartnerName2"},{"value":"Building","label":"Building"},{"value":"StreetName","label":"StreetName"},{"value":"AdditionalStreetSuffixName","label":"AdditionalStreetSuffixName"},{"value":"CityName","label":"CityName"},{"value":"PostalCode","label":"PostalCode"},{"value":"Country","label":"Country"},{"value":"LastChangeDateTime","label":"LastChangeDateTime"}]</option>
                        </options>
                     </parameter>
                  </input>
                  <binding>
                     <restSimpleBinding multiUsing="semicolonSeparated"
                                        url="https://{$hostName}/s4hanacloud/sap/opu/odata/sap/API_PRODUCTIONSUPPLYAREA_SRV/A_ProductionSupplyAreaAddress"
                                        verb="GET">
                        <authentication>
                           <username>{$username}</username>
                           <password>{$password}</password>
                           <isExpressionInPassword>true</isExpressionInPassword>
                        </authentication>
                        <httpHeaders>
                           <header name="Content-Type">application/json</header>
                           <header name="Accept">application/json</header>
                        </httpHeaders>
                     </restSimpleBinding>
                  </binding>
                  <output>
                     <field description="Retrieved entities"
                            entireResponse="true"
                            name="entireResponse"
                            type="object"/>
                  </output>
               </action>
               <action category="Batch Requests"
                       failOnError="true"
                       forSearch="false"
                       label="POST_batch"
                       maxRedirects="100"
                       name="POST_batch"
                       preemptiveAuth="true"
                       responseEncoding="">
                  <description>Send a group of requests. Group multiple requests into a single request payload, see [Batch Requests](https://help.sap.com/doc/5890d27be418427993fafa6722cdc03b/Cloud/en-US/OdataV2.pdf#page=152).</description>
                  <input>
                     <parameter description="Batch request"
                                label="requestBody"
                                name="requestBody"
                                required="false"
                                testWith=""
                                type="string"/>
                  </input>
                  <binding>
                     <restSimpleBinding multiUsing="semicolonSeparated"
                                        url="https://{$hostName}/s4hanacloud/sap/opu/odata/sap/API_PRODUCTIONSUPPLYAREA_SRV/$batch"
                                        verb="POST">
                        <authentication>
                           <username>{$username}</username>
                           <password>{$password}</password>
                           <isExpressionInPassword>true</isExpressionInPassword>
                        </authentication>
                        <httpHeaders>
                           <header name="Content-Type">multipart/mixed;boundary=request-separator</header>
                           <header name="Accept">multipart/mixed</header>
                        </httpHeaders>
                        <body>{$requestBody}</body>
                     </restSimpleBinding>
                  </binding>
                  <output/>
               </action>
               <action category="A_ProductionSupplyArea"
                       failOnError="true"
                       forSearch="false"
                       label="POST_A_ProductionSupplyArea_ProductionSupplyArea_ProductionSupplyArea_Plant_Plant_to_ProductionSupplyAreaText"
                       maxRedirects="100"
                       name="POST_A_ProductionSupplyArea_ProductionSupplyArea_ProductionSupplyArea_Plant_Plant_to_ProductionSupplyAreaText"
                       preemptiveAuth="true"
                       responseEncoding="">
                  <description>Add new entity to related to_ProductionSupplyAreaText</description>
                  <input>
                     <parameter description="New entity"
                                label="A_ProductionSupplyAreaTextType"
                                name="A_ProductionSupplyAreaTextType"
                                required="false"
                                testWith=""
                                type="reference">
                        <options>
                           <option name="referenceTo">API_PRODUCTIONSUPPLYAREA_SRV_A_ProductionSupplyAreaTextType_create</option>
                        </options>
                     </parameter>
                     <parameter description="Production Supply Area"
                                label="ProductionSupplyAreaPathParam"
                                name="ProductionSupplyAreaPathParam"
                                nogen="true"
                                required="true"
                                testWith=""
                                type="string"/>
                     <parameter description="Key uniquely identifying a plant."
                                label="PlantPathParam"
                                name="PlantPathParam"
                                nogen="true"
                                required="true"
                                testWith=""
                                type="string"/>
                  </input>
                  <binding>
                     <restSimpleBinding multiUsing="semicolonSeparated"
                                        url="https://{$hostName}/s4hanacloud/sap/opu/odata/sap/API_PRODUCTIONSUPPLYAREA_SRV/A_ProductionSupplyArea(ProductionSupplyArea='{$ProductionSupplyAreaPathParam}',Plant='{$PlantPathParam}')/to_ProductionSupplyAreaText"
                                        verb="POST">
                        <authentication>
                           <username>{$username}</username>
                           <password>{$password}</password>
                           <isExpressionInPassword>true</isExpressionInPassword>
                        </authentication>
                        <httpHeaders>
                           <header name="Content-Type">application/json</header>
                           <header name="Accept">application/json</header>
                        </httpHeaders>
                        <body generateUsing="UnwrappedJSON" preserveJsonStringFormatting="false"/>
                     </restSimpleBinding>
                  </binding>
                  <output/>
               </action>
               <action category="A_ProductionSupplyArea"
                       failOnError="true"
                       forSearch="false"
                       label="GET_A_ProductionSupplyArea_ProductionSupplyArea_ProductionSupplyArea_Plant_Plant_to_ProductionSupplyAreaText"
                       maxRedirects="100"
                       name="GET_A_ProductionSupplyArea_ProductionSupplyArea_ProductionSupplyArea_Plant_Plant_to_ProductionSupplyAreaText"
                       preemptiveAuth="true"
                       responseEncoding="">
                  <description>Get entities from related to_ProductionSupplyAreaText</description>
                  <input>
                     <parameter description="Show only the first n items, see [Paging - Top](https://help.sap.com/doc/5890d27be418427993fafa6722cdc03b/Cloud/en-US/OdataV2.pdf#page=66)"
                                label="$top"
                                name="$top"
                                required="false"
                                testWith=""
                                type="int"/>
                     <parameter description="Skip the first n items, see [Paging - Skip](https://help.sap.com/doc/5890d27be418427993fafa6722cdc03b/Cloud/en-US/OdataV2.pdf#page=65)"
                                label="$skip"
                                name="$skip"
                                required="false"
                                testWith=""
                                type="int"/>
                     <parameter description="Filter items by property values, see [Filtering](https://help.sap.com/doc/5890d27be418427993fafa6722cdc03b/Cloud/en-US/OdataV2.pdf#page=64)"
                                label="$filter"
                                name="$filter"
                                required="false"
                                testWith=""
                                type="string"/>
                     <parameter description="Include count of items, see [Inlinecount](https://help.sap.com/doc/5890d27be418427993fafa6722cdc03b/Cloud/en-US/OdataV2.pdf#page=67)"
                                label="$inlinecount"
                                name="$inlinecount"
                                required="false"
                                testWith=""
                                type="picklist">
                        <options>
                           <option name="values">[{"value":"allpages","label":"allpages"},{"value":"none","label":"none"}]</option>
                        </options>
                     </parameter>
                     <parameter description="Order items by property values, see [Sorting](https://help.sap.com/doc/5890d27be418427993fafa6722cdc03b/Cloud/en-US/OdataV2.pdf#page=65)"
                                label="$orderby"
                                name="$orderby"
                                required="false"
                                testWith=""
                                type="picklist">
                        <options>
                           <option name="values">[{"value":"ProductionSupplyArea","label":"ProductionSupplyArea"},{"value":"ProductionSupplyArea desc","label":"ProductionSupplyArea desc"},{"value":"Plant","label":"Plant"},{"value":"Plant desc","label":"Plant desc"},{"value":"Language","label":"Language"},{"value":"Language desc","label":"Language desc"},{"value":"ProductionSupplyAreaName","label":"ProductionSupplyAreaName"},{"value":"ProductionSupplyAreaName desc","label":"ProductionSupplyAreaName desc"},{"value":"LastChangeDateTime","label":"LastChangeDateTime"},{"value":"LastChangeDateTime desc","label":"LastChangeDateTime desc"}]</option>
                        </options>
                     </parameter>
                     <parameter description="Select properties to be returned, see [Select](https://help.sap.com/doc/5890d27be418427993fafa6722cdc03b/Cloud/en-US/OdataV2.pdf#page=68)"
                                label="$select"
                                name="$select"
                                required="false"
                                testWith=""
                                type="picklist">
                        <options>
                           <option name="values">[{"value":"ProductionSupplyArea","label":"ProductionSupplyArea"},{"value":"Plant","label":"Plant"},{"value":"Language","label":"Language"},{"value":"ProductionSupplyAreaName","label":"ProductionSupplyAreaName"},{"value":"LastChangeDateTime","label":"LastChangeDateTime"}]</option>
                        </options>
                     </parameter>
                     <parameter description="Production Supply Area"
                                label="ProductionSupplyAreaPathParam"
                                name="ProductionSupplyAreaPathParam"
                                nogen="true"
                                required="true"
                                testWith=""
                                type="string"/>
                     <parameter description="Key uniquely identifying a plant."
                                label="PlantPathParam"
                                name="PlantPathParam"
                                nogen="true"
                                required="true"
                                testWith=""
                                type="string"/>
                  </input>
                  <binding>
                     <restSimpleBinding multiUsing="semicolonSeparated"
                                        url="https://{$hostName}/s4hanacloud/sap/opu/odata/sap/API_PRODUCTIONSUPPLYAREA_SRV/A_ProductionSupplyArea(ProductionSupplyArea='{$ProductionSupplyAreaPathParam}',Plant='{$PlantPathParam}')/to_ProductionSupplyAreaText"
                                        verb="GET">
                        <authentication>
                           <username>{$username}</username>
                           <password>{$password}</password>
                           <isExpressionInPassword>true</isExpressionInPassword>
                        </authentication>
                        <httpHeaders>
                           <header name="Content-Type">application/json</header>
                           <header name="Accept">application/json</header>
                        </httpHeaders>
                     </restSimpleBinding>
                  </binding>
                  <output>
                     <field description="Retrieved entities"
                            entireResponse="true"
                            name="entireResponse"
                            type="object"/>
                  </output>
               </action>
               <action category="A_ProductionSupplyArea"
                       failOnError="true"
                       forSearch="false"
                       label="POST_A_ProductionSupplyArea"
                       maxRedirects="100"
                       name="POST_A_ProductionSupplyArea"
                       preemptiveAuth="true"
                       responseEncoding="">
                  <description>Add new entity to A_ProductionSupplyArea</description>
                  <input>
                     <parameter description="New entity"
                                label="A_ProductionSupplyAreaType"
                                name="A_ProductionSupplyAreaType"
                                required="false"
                                testWith=""
                                type="reference">
                        <options>
                           <option name="referenceTo">API_PRODUCTIONSUPPLYAREA_SRV_A_ProductionSupplyAreaType_create</option>
                        </options>
                     </parameter>
                  </input>
                  <binding>
                     <restSimpleBinding multiUsing="semicolonSeparated"
                                        url="https://{$hostName}/s4hanacloud/sap/opu/odata/sap/API_PRODUCTIONSUPPLYAREA_SRV/A_ProductionSupplyArea"
                                        verb="POST">
                        <authentication>
                           <username>{$username}</username>
                           <password>{$password}</password>
                           <isExpressionInPassword>true</isExpressionInPassword>
                        </authentication>
                        <httpHeaders>
                           <header name="Content-Type">application/json</header>
                           <header name="Accept">application/json</header>
                        </httpHeaders>
                        <body generateUsing="UnwrappedJSON" preserveJsonStringFormatting="false"/>
                     </restSimpleBinding>
                  </binding>
                  <output/>
               </action>
               <action category="A_ProductionSupplyArea"
                       failOnError="true"
                       forSearch="false"
                       label="GET_A_ProductionSupplyArea"
                       maxRedirects="100"
                       name="GET_A_ProductionSupplyArea"
                       preemptiveAuth="true"
                       responseEncoding="">
                  <description>Get entities from A_ProductionSupplyArea</description>
                  <input>
                     <parameter description="Show only the first n items, see [Paging - Top](https://help.sap.com/doc/5890d27be418427993fafa6722cdc03b/Cloud/en-US/OdataV2.pdf#page=66)"
                                label="$top"
                                name="$top"
                                required="false"
                                testWith=""
                                type="int"/>
                     <parameter description="Skip the first n items, see [Paging - Skip](https://help.sap.com/doc/5890d27be418427993fafa6722cdc03b/Cloud/en-US/OdataV2.pdf#page=65)"
                                label="$skip"
                                name="$skip"
                                required="false"
                                testWith=""
                                type="int"/>
                     <parameter description="Filter items by property values, see [Filtering](https://help.sap.com/doc/5890d27be418427993fafa6722cdc03b/Cloud/en-US/OdataV2.pdf#page=64)"
                                label="$filter"
                                name="$filter"
                                required="false"
                                testWith=""
                                type="string"/>
                     <parameter description="Include count of items, see [Inlinecount](https://help.sap.com/doc/5890d27be418427993fafa6722cdc03b/Cloud/en-US/OdataV2.pdf#page=67)"
                                label="$inlinecount"
                                name="$inlinecount"
                                required="false"
                                testWith=""
                                type="picklist">
                        <options>
                           <option name="values">[{"value":"allpages","label":"allpages"},{"value":"none","label":"none"}]</option>
                        </options>
                     </parameter>
                     <parameter description="Order items by property values, see [Sorting](https://help.sap.com/doc/5890d27be418427993fafa6722cdc03b/Cloud/en-US/OdataV2.pdf#page=65)"
                                label="$orderby"
                                name="$orderby"
                                required="false"
                                testWith=""
                                type="picklist">
                        <options>
                           <option name="values">[{"value":"ProductionSupplyArea","label":"ProductionSupplyArea"},{"value":"ProductionSupplyArea desc","label":"ProductionSupplyArea desc"},{"value":"Plant","label":"Plant"},{"value":"Plant desc","label":"Plant desc"},{"value":"StorageLocation","label":"StorageLocation"},{"value":"StorageLocation desc","label":"StorageLocation desc"},{"value":"ProductionSupplyAreaRespPerson","label":"ProductionSupplyAreaRespPerson"},{"value":"ProductionSupplyAreaRespPerson desc","label":"ProductionSupplyAreaRespPerson desc"},{"value":"UnloadingPointName","label":"UnloadingPointName"},{"value":"UnloadingPointName desc","label":"UnloadingPointName desc"},{"value":"FactoryCalendar","label":"FactoryCalendar"},{"value":"FactoryCalendar desc","label":"FactoryCalendar desc"},{"value":"ShiftGrouping","label":"ShiftGrouping"},{"value":"ShiftGrouping desc","label":"ShiftGrouping desc"},{"value":"ShiftSequence","label":"ShiftSequence"},{"value":"ShiftSequence desc","label":"ShiftSequence desc"},{"value":"PullIntervalInWorkdays","label":"PullIntervalInWorkdays"},{"value":"PullIntervalInWorkdays desc","label":"PullIntervalInWorkdays desc"},{"value":"PullIntervalInMinutes","label":"PullIntervalInMinutes"},{"value":"PullIntervalInMinutes desc","label":"PullIntervalInMinutes desc"},{"value":"UnloadingWarehouseStagingArea","label":"UnloadingWarehouseStagingArea"},{"value":"UnloadingWarehouseStagingArea desc","label":"UnloadingWarehouseStagingArea desc"},{"value":"ProductionSupplyAreaAddressID","label":"ProductionSupplyAreaAddressID"},{"value":"ProductionSupplyAreaAddressID desc","label":"ProductionSupplyAreaAddressID desc"},{"value":"LastChangeDateTime","label":"LastChangeDateTime"},{"value":"LastChangeDateTime desc","label":"LastChangeDateTime desc"}]</option>
                        </options>
                     </parameter>
                     <parameter description="Select properties to be returned, see [Select](https://help.sap.com/doc/5890d27be418427993fafa6722cdc03b/Cloud/en-US/OdataV2.pdf#page=68)"
                                label="$select"
                                name="$select"
                                required="false"
                                testWith=""
                                type="picklist">
                        <options>
                           <option name="values">[{"value":"ProductionSupplyArea","label":"ProductionSupplyArea"},{"value":"Plant","label":"Plant"},{"value":"StorageLocation","label":"StorageLocation"},{"value":"ProductionSupplyAreaRespPerson","label":"ProductionSupplyAreaRespPerson"},{"value":"UnloadingPointName","label":"UnloadingPointName"},{"value":"FactoryCalendar","label":"FactoryCalendar"},{"value":"ShiftGrouping","label":"ShiftGrouping"},{"value":"ShiftSequence","label":"ShiftSequence"},{"value":"PullIntervalInWorkdays","label":"PullIntervalInWorkdays"},{"value":"PullIntervalInMinutes","label":"PullIntervalInMinutes"},{"value":"UnloadingWarehouseStagingArea","label":"UnloadingWarehouseStagingArea"},{"value":"ProductionSupplyAreaAddressID","label":"ProductionSupplyAreaAddressID"},{"value":"LastChangeDateTime","label":"LastChangeDateTime"},{"value":"to_ProductionSupplyAreaAddress","label":"to_ProductionSupplyAreaAddress"},{"value":"to_ProductionSupplyAreaText","label":"to_ProductionSupplyAreaText"}]</option>
                        </options>
                     </parameter>
                     <parameter description="Expand related entities, see [Expand](https://help.sap.com/doc/5890d27be418427993fafa6722cdc03b/Cloud/en-US/OdataV2.pdf#page=63)"
                                label="$expand"
                                name="$expand"
                                required="false"
                                testWith=""
                                type="picklist">
                        <options>
                           <option name="values">[{"value":"to_ProductionSupplyAreaAddress","label":"to_ProductionSupplyAreaAddress"},{"value":"to_ProductionSupplyAreaText","label":"to_ProductionSupplyAreaText"}]</option>
                        </options>
                     </parameter>
                  </input>
                  <binding>
                     <restSimpleBinding multiUsing="semicolonSeparated"
                                        url="https://{$hostName}/s4hanacloud/sap/opu/odata/sap/API_PRODUCTIONSUPPLYAREA_SRV/A_ProductionSupplyArea"
                                        verb="GET">
                        <authentication>
                           <username>{$username}</username>
                           <password>{$password}</password>
                           <isExpressionInPassword>true</isExpressionInPassword>
                        </authentication>
                        <httpHeaders>
                           <header name="Content-Type">application/json</header>
                           <header name="Accept">application/json</header>
                        </httpHeaders>
                     </restSimpleBinding>
                  </binding>
                  <output>
                     <field description="Retrieved entities"
                            entireResponse="true"
                            name="entireResponse"
                            type="object"/>
                  </output>
               </action>
               <action category="A_ProductionSupplyArea"
                       failOnError="true"
                       forSearch="false"
                       label="GET_A_ProductionSupplyArea_ProductionSupplyArea_ProductionSupplyArea_Plant_Plant_to_ProductionSupplyAreaAddress"
                       maxRedirects="100"
                       name="GET_A_ProductionSupplyArea_ProductionSupplyArea_ProductionSupplyArea_Plant_Plant_to_ProductionSupplyAreaAddress"
                       preemptiveAuth="true"
                       responseEncoding="">
                  <description>Get related to_ProductionSupplyAreaAddress</description>
                  <input>
                     <parameter description="Select properties to be returned, see [Select](https://help.sap.com/doc/5890d27be418427993fafa6722cdc03b/Cloud/en-US/OdataV2.pdf#page=68)"
                                label="$select"
                                name="$select"
                                required="false"
                                testWith=""
                                type="picklist">
                        <options>
                           <option name="values">[{"value":"ProductionSupplyArea","label":"ProductionSupplyArea"},{"value":"Plant","label":"Plant"},{"value":"ProductionSupplyAreaAddressID","label":"ProductionSupplyAreaAddressID"},{"value":"BusinessPartnerName1","label":"BusinessPartnerName1"},{"value":"BusinessPartnerName2","label":"BusinessPartnerName2"},{"value":"Building","label":"Building"},{"value":"StreetName","label":"StreetName"},{"value":"AdditionalStreetSuffixName","label":"AdditionalStreetSuffixName"},{"value":"CityName","label":"CityName"},{"value":"PostalCode","label":"PostalCode"},{"value":"Country","label":"Country"},{"value":"LastChangeDateTime","label":"LastChangeDateTime"}]</option>
                        </options>
                     </parameter>
                     <parameter description="Production Supply Area"
                                label="ProductionSupplyAreaPathParam"
                                name="ProductionSupplyAreaPathParam"
                                nogen="true"
                                required="true"
                                testWith=""
                                type="string"/>
                     <parameter description="Key uniquely identifying a plant."
                                label="PlantPathParam"
                                name="PlantPathParam"
                                nogen="true"
                                required="true"
                                testWith=""
                                type="string"/>
                  </input>
                  <binding>
                     <restSimpleBinding multiUsing="semicolonSeparated"
                                        url="https://{$hostName}/s4hanacloud/sap/opu/odata/sap/API_PRODUCTIONSUPPLYAREA_SRV/A_ProductionSupplyArea(ProductionSupplyArea='{$ProductionSupplyAreaPathParam}',Plant='{$PlantPathParam}')/to_ProductionSupplyAreaAddress"
                                        verb="GET">
                        <authentication>
                           <username>{$username}</username>
                           <password>{$password}</password>
                           <isExpressionInPassword>true</isExpressionInPassword>
                        </authentication>
                        <httpHeaders>
                           <header name="Content-Type">application/json</header>
                           <header name="Accept">application/json</header>
                        </httpHeaders>
                     </restSimpleBinding>
                  </binding>
                  <output>
                     <field description="Retrieved entity"
                            entireResponse="true"
                            name="entireResponse"
                            type="object"/>
                  </output>
               </action>
               <action category="A_ProductionSupplyArea"
                       failOnError="true"
                       forSearch="false"
                       label="PATCH_A_ProductionSupplyArea_ProductionSupplyArea_ProductionSupplyArea_Plant_Plant_"
                       maxRedirects="100"
                       name="PATCH_A_ProductionSupplyArea_ProductionSupplyArea_ProductionSupplyArea_Plant_Plant_"
                       preemptiveAuth="true"
                       responseEncoding="">
                  <description>Update entity in A_ProductionSupplyArea</description>
                  <input>
                     <parameter description="New property values"
                                label="A_ProductionSupplyAreaType"
                                name="A_ProductionSupplyAreaType"
                                required="false"
                                testWith=""
                                type="object"/>
                     <parameter description="Production Supply Area"
                                label="ProductionSupplyAreaPathParam"
                                name="ProductionSupplyAreaPathParam"
                                nogen="true"
                                required="true"
                                testWith=""
                                type="string"/>
                     <parameter description="Key uniquely identifying a plant."
                                label="PlantPathParam"
                                name="PlantPathParam"
                                nogen="true"
                                required="true"
                                testWith=""
                                type="string"/>
                  </input>
                  <binding>
                     <restSimpleBinding multiUsing="semicolonSeparated"
                                        url="https://{$hostName}/s4hanacloud/sap/opu/odata/sap/API_PRODUCTIONSUPPLYAREA_SRV/A_ProductionSupplyArea(ProductionSupplyArea='{$ProductionSupplyAreaPathParam}',Plant='{$PlantPathParam}')"
                                        verb="PATCH">
                        <authentication>
                           <username>{$username}</username>
                           <password>{$password}</password>
                           <isExpressionInPassword>true</isExpressionInPassword>
                        </authentication>
                        <httpHeaders>
                           <header name="Content-Type">application/json</header>
                           <header name="Accept">application/json</header>
                        </httpHeaders>
                        <body generateUsing="UnwrappedJSON" preserveJsonStringFormatting="false"/>
                     </restSimpleBinding>
                  </binding>
                  <output/>
               </action>
               <action category="A_ProductionSupplyArea"
                       failOnError="true"
                       forSearch="false"
                       label="GET_A_ProductionSupplyArea_ProductionSupplyArea_ProductionSupplyArea_Plant_Plant_"
                       maxRedirects="100"
                       name="GET_A_ProductionSupplyArea_ProductionSupplyArea_ProductionSupplyArea_Plant_Plant_"
                       preemptiveAuth="true"
                       responseEncoding="">
                  <description>Get entity from A_ProductionSupplyArea by key</description>
                  <input>
                     <parameter description="Select properties to be returned, see [Select](https://help.sap.com/doc/5890d27be418427993fafa6722cdc03b/Cloud/en-US/OdataV2.pdf#page=68)"
                                label="$select"
                                name="$select"
                                required="false"
                                testWith=""
                                type="picklist">
                        <options>
                           <option name="values">[{"value":"ProductionSupplyArea","label":"ProductionSupplyArea"},{"value":"Plant","label":"Plant"},{"value":"StorageLocation","label":"StorageLocation"},{"value":"ProductionSupplyAreaRespPerson","label":"ProductionSupplyAreaRespPerson"},{"value":"UnloadingPointName","label":"UnloadingPointName"},{"value":"FactoryCalendar","label":"FactoryCalendar"},{"value":"ShiftGrouping","label":"ShiftGrouping"},{"value":"ShiftSequence","label":"ShiftSequence"},{"value":"PullIntervalInWorkdays","label":"PullIntervalInWorkdays"},{"value":"PullIntervalInMinutes","label":"PullIntervalInMinutes"},{"value":"UnloadingWarehouseStagingArea","label":"UnloadingWarehouseStagingArea"},{"value":"ProductionSupplyAreaAddressID","label":"ProductionSupplyAreaAddressID"},{"value":"LastChangeDateTime","label":"LastChangeDateTime"},{"value":"to_ProductionSupplyAreaAddress","label":"to_ProductionSupplyAreaAddress"},{"value":"to_ProductionSupplyAreaText","label":"to_ProductionSupplyAreaText"}]</option>
                        </options>
                     </parameter>
                     <parameter description="Expand related entities, see [Expand](https://help.sap.com/doc/5890d27be418427993fafa6722cdc03b/Cloud/en-US/OdataV2.pdf#page=63)"
                                label="$expand"
                                name="$expand"
                                required="false"
                                testWith=""
                                type="picklist">
                        <options>
                           <option name="values">[{"value":"to_ProductionSupplyAreaAddress","label":"to_ProductionSupplyAreaAddress"},{"value":"to_ProductionSupplyAreaText","label":"to_ProductionSupplyAreaText"}]</option>
                        </options>
                     </parameter>
                     <parameter description="Production Supply Area"
                                label="ProductionSupplyAreaPathParam"
                                name="ProductionSupplyAreaPathParam"
                                nogen="true"
                                required="true"
                                testWith=""
                                type="string"/>
                     <parameter description="Key uniquely identifying a plant."
                                label="PlantPathParam"
                                name="PlantPathParam"
                                nogen="true"
                                required="true"
                                testWith=""
                                type="string"/>
                  </input>
                  <binding>
                     <restSimpleBinding multiUsing="semicolonSeparated"
                                        url="https://{$hostName}/s4hanacloud/sap/opu/odata/sap/API_PRODUCTIONSUPPLYAREA_SRV/A_ProductionSupplyArea(ProductionSupplyArea='{$ProductionSupplyAreaPathParam}',Plant='{$PlantPathParam}')"
                                        verb="GET">
                        <authentication>
                           <username>{$username}</username>
                           <password>{$password}</password>
                           <isExpressionInPassword>true</isExpressionInPassword>
                        </authentication>
                        <httpHeaders>
                           <header name="Content-Type">application/json</header>
                           <header name="Accept">application/json</header>
                        </httpHeaders>
                     </restSimpleBinding>
                  </binding>
                  <output>
                     <field description="Retrieved entity"
                            entireResponse="true"
                            name="entireResponse"
                            type="object"/>
                  </output>
               </action>
               <action category="A_ProductionSupplyArea"
                       failOnError="true"
                       forSearch="false"
                       label="DELETE_A_ProductionSupplyArea_ProductionSupplyArea_ProductionSupplyArea_Plant_Plant_"
                       maxRedirects="100"
                       name="DELETE_A_ProductionSupplyArea_ProductionSupplyArea_ProductionSupplyArea_Plant_Plant_"
                       preemptiveAuth="true"
                       responseEncoding="">
                  <description>Delete entity from A_ProductionSupplyArea</description>
                  <input>
                     <parameter description="Production Supply Area"
                                label="ProductionSupplyAreaPathParam"
                                name="ProductionSupplyAreaPathParam"
                                nogen="true"
                                required="true"
                                testWith=""
                                type="string"/>
                     <parameter description="Key uniquely identifying a plant."
                                label="PlantPathParam"
                                name="PlantPathParam"
                                nogen="true"
                                required="true"
                                testWith=""
                                type="string"/>
                  </input>
                  <binding>
                     <restSimpleBinding multiUsing="semicolonSeparated"
                                        url="https://{$hostName}/s4hanacloud/sap/opu/odata/sap/API_PRODUCTIONSUPPLYAREA_SRV/A_ProductionSupplyArea(ProductionSupplyArea='{$ProductionSupplyAreaPathParam}',Plant='{$PlantPathParam}')"
                                        verb="DELETE">
                        <authentication>
                           <username>{$username}</username>
                           <password>{$password}</password>
                           <isExpressionInPassword>true</isExpressionInPassword>
                        </authentication>
                        <httpHeaders>
                           <header name="Content-Type">application/json</header>
                           <header name="Accept">application/json</header>
                        </httpHeaders>
                     </restSimpleBinding>
                  </binding>
                  <output/>
               </action>
               <action category="A_ProductionSupplyAreaText"
                       failOnError="true"
                       forSearch="false"
                       label="POST_A_ProductionSupplyAreaText"
                       maxRedirects="100"
                       name="POST_A_ProductionSupplyAreaText"
                       preemptiveAuth="true"
                       responseEncoding="">
                  <description>Add new entity to A_ProductionSupplyAreaText</description>
                  <input>
                     <parameter description="New entity"
                                label="A_ProductionSupplyAreaTextType"
                                name="A_ProductionSupplyAreaTextType"
                                required="false"
                                testWith=""
                                type="reference">
                        <options>
                           <option name="referenceTo">API_PRODUCTIONSUPPLYAREA_SRV_A_ProductionSupplyAreaTextType_create</option>
                        </options>
                     </parameter>
                  </input>
                  <binding>
                     <restSimpleBinding multiUsing="semicolonSeparated"
                                        url="https://{$hostName}/s4hanacloud/sap/opu/odata/sap/API_PRODUCTIONSUPPLYAREA_SRV/A_ProductionSupplyAreaText"
                                        verb="POST">
                        <authentication>
                           <username>{$username}</username>
                           <password>{$password}</password>
                           <isExpressionInPassword>true</isExpressionInPassword>
                        </authentication>
                        <httpHeaders>
                           <header name="Content-Type">application/json</header>
                           <header name="Accept">application/json</header>
                        </httpHeaders>
                        <body generateUsing="UnwrappedJSON" preserveJsonStringFormatting="false"/>
                     </restSimpleBinding>
                  </binding>
                  <output/>
               </action>
               <action category="A_ProductionSupplyAreaText"
                       failOnError="true"
                       forSearch="false"
                       label="GET_A_ProductionSupplyAreaText"
                       maxRedirects="100"
                       name="GET_A_ProductionSupplyAreaText"
                       preemptiveAuth="true"
                       responseEncoding="">
                  <description>Get entities from A_ProductionSupplyAreaText</description>
                  <input>
                     <parameter description="Show only the first n items, see [Paging - Top](https://help.sap.com/doc/5890d27be418427993fafa6722cdc03b/Cloud/en-US/OdataV2.pdf#page=66)"
                                label="$top"
                                name="$top"
                                required="false"
                                testWith=""
                                type="int"/>
                     <parameter description="Skip the first n items, see [Paging - Skip](https://help.sap.com/doc/5890d27be418427993fafa6722cdc03b/Cloud/en-US/OdataV2.pdf#page=65)"
                                label="$skip"
                                name="$skip"
                                required="false"
                                testWith=""
                                type="int"/>
                     <parameter description="Filter items by property values, see [Filtering](https://help.sap.com/doc/5890d27be418427993fafa6722cdc03b/Cloud/en-US/OdataV2.pdf#page=64)"
                                label="$filter"
                                name="$filter"
                                required="false"
                                testWith=""
                                type="string"/>
                     <parameter description="Include count of items, see [Inlinecount](https://help.sap.com/doc/5890d27be418427993fafa6722cdc03b/Cloud/en-US/OdataV2.pdf#page=67)"
                                label="$inlinecount"
                                name="$inlinecount"
                                required="false"
                                testWith=""
                                type="picklist">
                        <options>
                           <option name="values">[{"value":"allpages","label":"allpages"},{"value":"none","label":"none"}]</option>
                        </options>
                     </parameter>
                     <parameter description="Order items by property values, see [Sorting](https://help.sap.com/doc/5890d27be418427993fafa6722cdc03b/Cloud/en-US/OdataV2.pdf#page=65)"
                                label="$orderby"
                                name="$orderby"
                                required="false"
                                testWith=""
                                type="picklist">
                        <options>
                           <option name="values">[{"value":"ProductionSupplyArea","label":"ProductionSupplyArea"},{"value":"ProductionSupplyArea desc","label":"ProductionSupplyArea desc"},{"value":"Plant","label":"Plant"},{"value":"Plant desc","label":"Plant desc"},{"value":"Language","label":"Language"},{"value":"Language desc","label":"Language desc"},{"value":"ProductionSupplyAreaName","label":"ProductionSupplyAreaName"},{"value":"ProductionSupplyAreaName desc","label":"ProductionSupplyAreaName desc"},{"value":"LastChangeDateTime","label":"LastChangeDateTime"},{"value":"LastChangeDateTime desc","label":"LastChangeDateTime desc"}]</option>
                        </options>
                     </parameter>
                     <parameter description="Select properties to be returned, see [Select](https://help.sap.com/doc/5890d27be418427993fafa6722cdc03b/Cloud/en-US/OdataV2.pdf#page=68)"
                                label="$select"
                                name="$select"
                                required="false"
                                testWith=""
                                type="picklist">
                        <options>
                           <option name="values">[{"value":"ProductionSupplyArea","label":"ProductionSupplyArea"},{"value":"Plant","label":"Plant"},{"value":"Language","label":"Language"},{"value":"ProductionSupplyAreaName","label":"ProductionSupplyAreaName"},{"value":"LastChangeDateTime","label":"LastChangeDateTime"}]</option>
                        </options>
                     </parameter>
                  </input>
                  <binding>
                     <restSimpleBinding multiUsing="semicolonSeparated"
                                        url="https://{$hostName}/s4hanacloud/sap/opu/odata/sap/API_PRODUCTIONSUPPLYAREA_SRV/A_ProductionSupplyAreaText"
                                        verb="GET">
                        <authentication>
                           <username>{$username}</username>
                           <password>{$password}</password>
                           <isExpressionInPassword>true</isExpressionInPassword>
                        </authentication>
                        <httpHeaders>
                           <header name="Content-Type">application/json</header>
                           <header name="Accept">application/json</header>
                        </httpHeaders>
                     </restSimpleBinding>
                  </binding>
                  <output>
                     <field description="Retrieved entities"
                            entireResponse="true"
                            name="entireResponse"
                            type="object"/>
                  </output>
               </action>
               <action category="A_ProductionSupplyAreaAddress"
                       failOnError="true"
                       forSearch="false"
                       label="PATCH_A_ProductionSupplyAreaAddress_ProductionSupplyArea_ProductionSupplyArea_Plant_Plant_"
                       maxRedirects="100"
                       name="PATCH_A_ProductionSupplyAreaAddress_ProductionSupplyArea_ProductionSupplyArea_Plant_Plant_"
                       preemptiveAuth="true"
                       responseEncoding="">
                  <description>Update entity in A_ProductionSupplyAreaAddress</description>
                  <input>
                     <parameter description="New property values"
                                label="A_ProductionSupplyAreaAddressType"
                                name="A_ProductionSupplyAreaAddressType"
                                required="false"
                                testWith=""
                                type="object"/>
                     <parameter description="Production Supply Area"
                                label="ProductionSupplyAreaPathParam"
                                name="ProductionSupplyAreaPathParam"
                                nogen="true"
                                required="true"
                                testWith=""
                                type="string"/>
                     <parameter description="Key uniquely identifying a plant."
                                label="PlantPathParam"
                                name="PlantPathParam"
                                nogen="true"
                                required="true"
                                testWith=""
                                type="string"/>
                  </input>
                  <binding>
                     <restSimpleBinding multiUsing="semicolonSeparated"
                                        url="https://{$hostName}/s4hanacloud/sap/opu/odata/sap/API_PRODUCTIONSUPPLYAREA_SRV/A_ProductionSupplyAreaAddress(ProductionSupplyArea='{$ProductionSupplyAreaPathParam}',Plant='{$PlantPathParam}')"
                                        verb="PATCH">
                        <authentication>
                           <username>{$username}</username>
                           <password>{$password}</password>
                           <isExpressionInPassword>true</isExpressionInPassword>
                        </authentication>
                        <httpHeaders>
                           <header name="Content-Type">application/json</header>
                           <header name="Accept">application/json</header>
                        </httpHeaders>
                        <body generateUsing="UnwrappedJSON" preserveJsonStringFormatting="false"/>
                     </restSimpleBinding>
                  </binding>
                  <output/>
               </action>
               <action category="A_ProductionSupplyAreaAddress"
                       failOnError="true"
                       forSearch="false"
                       label="GET_A_ProductionSupplyAreaAddress_ProductionSupplyArea_ProductionSupplyArea_Plant_Plant_"
                       maxRedirects="100"
                       name="GET_A_ProductionSupplyAreaAddress_ProductionSupplyArea_ProductionSupplyArea_Plant_Plant_"
                       preemptiveAuth="true"
                       responseEncoding="">
                  <description>Get entity from A_ProductionSupplyAreaAddress by key</description>
                  <input>
                     <parameter description="Select properties to be returned, see [Select](https://help.sap.com/doc/5890d27be418427993fafa6722cdc03b/Cloud/en-US/OdataV2.pdf#page=68)"
                                label="$select"
                                name="$select"
                                required="false"
                                testWith=""
                                type="picklist">
                        <options>
                           <option name="values">[{"value":"ProductionSupplyArea","label":"ProductionSupplyArea"},{"value":"Plant","label":"Plant"},{"value":"ProductionSupplyAreaAddressID","label":"ProductionSupplyAreaAddressID"},{"value":"BusinessPartnerName1","label":"BusinessPartnerName1"},{"value":"BusinessPartnerName2","label":"BusinessPartnerName2"},{"value":"Building","label":"Building"},{"value":"StreetName","label":"StreetName"},{"value":"AdditionalStreetSuffixName","label":"AdditionalStreetSuffixName"},{"value":"CityName","label":"CityName"},{"value":"PostalCode","label":"PostalCode"},{"value":"Country","label":"Country"},{"value":"LastChangeDateTime","label":"LastChangeDateTime"}]</option>
                        </options>
                     </parameter>
                     <parameter description="Production Supply Area"
                                label="ProductionSupplyAreaPathParam"
                                name="ProductionSupplyAreaPathParam"
                                nogen="true"
                                required="true"
                                testWith=""
                                type="string"/>
                     <parameter description="Key uniquely identifying a plant."
                                label="PlantPathParam"
                                name="PlantPathParam"
                                nogen="true"
                                required="true"
                                testWith=""
                                type="string"/>
                  </input>
                  <binding>
                     <restSimpleBinding multiUsing="semicolonSeparated"
                                        url="https://{$hostName}/s4hanacloud/sap/opu/odata/sap/API_PRODUCTIONSUPPLYAREA_SRV/A_ProductionSupplyAreaAddress(ProductionSupplyArea='{$ProductionSupplyAreaPathParam}',Plant='{$PlantPathParam}')"
                                        verb="GET">
                        <authentication>
                           <username>{$username}</username>
                           <password>{$password}</password>
                           <isExpressionInPassword>true</isExpressionInPassword>
                        </authentication>
                        <httpHeaders>
                           <header name="Content-Type">application/json</header>
                           <header name="Accept">application/json</header>
                        </httpHeaders>
                     </restSimpleBinding>
                  </binding>
                  <output>
                     <field description="Retrieved entity"
                            entireResponse="true"
                            name="entireResponse"
                            type="object"/>
                  </output>
               </action>
               <action category="A_ProductionSupplyAreaAddress"
                       failOnError="true"
                       forSearch="false"
                       label="DELETE_A_ProductionSupplyAreaAddress_ProductionSupplyArea_ProductionSupplyArea_Plant_Plant_"
                       maxRedirects="100"
                       name="DELETE_A_ProductionSupplyAreaAddress_ProductionSupplyArea_ProductionSupplyArea_Plant_Plant_"
                       preemptiveAuth="true"
                       responseEncoding="">
                  <description>Delete entity from A_ProductionSupplyAreaAddress</description>
                  <input>
                     <parameter description="Production Supply Area"
                                label="ProductionSupplyAreaPathParam"
                                name="ProductionSupplyAreaPathParam"
                                nogen="true"
                                required="true"
                                testWith=""
                                type="string"/>
                     <parameter description="Key uniquely identifying a plant."
                                label="PlantPathParam"
                                name="PlantPathParam"
                                nogen="true"
                                required="true"
                                testWith=""
                                type="string"/>
                  </input>
                  <binding>
                     <restSimpleBinding multiUsing="semicolonSeparated"
                                        url="https://{$hostName}/s4hanacloud/sap/opu/odata/sap/API_PRODUCTIONSUPPLYAREA_SRV/A_ProductionSupplyAreaAddress(ProductionSupplyArea='{$ProductionSupplyAreaPathParam}',Plant='{$PlantPathParam}')"
                                        verb="DELETE">
                        <authentication>
                           <username>{$username}</username>
                           <password>{$password}</password>
                           <isExpressionInPassword>true</isExpressionInPassword>
                        </authentication>
                        <httpHeaders>
                           <header name="Content-Type">application/json</header>
                           <header name="Accept">application/json</header>
                        </httpHeaders>
                     </restSimpleBinding>
                  </binding>
                  <output/>
               </action>
            </actions>
            <objects>
               <processObject xmlns="http://schemas.active-endpoints.com/appmodules/screenflow/2011/06/avosHostEnvironment.xsd"
                              isByCopy="true"
                              name="API_PRODUCTIONSUPPLYAREA_SRV_A_ProductionSupplyAreaType">
                  <description/>
                  <detail>
                     <field name="ShiftSequence" type="string"/>
                     <field name="UnloadingWarehouseStagingArea" type="string"/>
                     <field name="ShiftGrouping" type="string"/>
                     <field name="UnloadingPointName" type="string"/>
                     <field name="FactoryCalendar" type="string"/>
                     <field name="PullIntervalInWorkdays" type="string"/>
                     <field name="to_ProductionSupplyAreaText" type="object"/>
                     <field name="Plant" type="string"/>
                     <field name="ProductionSupplyAreaRespPerson" type="string"/>
                     <field name="to_ProductionSupplyAreaAddress" type="reference">
                        <options>
                           <option name="referenceTo">API_PRODUCTIONSUPPLYAREA_SRV_A_ProductionSupplyAreaAddressType</option>
                           <option name="relationshipName">Child</option>
                        </options>
                     </field>
                     <field name="ProductionSupplyArea" type="string"/>
                     <field name="LastChangeDateTime" type="string"/>
                     <field name="StorageLocation" type="string"/>
                     <field name="ProductionSupplyAreaAddressID" type="string"/>
                     <field name="PullIntervalInMinutes" type="string"/>
                  </detail>
               </processObject>
               <processObject xmlns="http://schemas.active-endpoints.com/appmodules/screenflow/2011/06/avosHostEnvironment.xsd"
                              isByCopy="true"
                              name="API_PRODUCTIONSUPPLYAREA_SRV_A_ProductionSupplyAreaTextType">
                  <description/>
                  <detail>
                     <field name="Plant" type="string"/>
                     <field name="ProductionSupplyAreaName" type="string"/>
                     <field name="Language" type="string"/>
                     <field name="ProductionSupplyArea" type="string"/>
                     <field name="LastChangeDateTime" type="string"/>
                  </detail>
               </processObject>
               <processObject xmlns="http://schemas.active-endpoints.com/appmodules/screenflow/2011/06/avosHostEnvironment.xsd"
                              isByCopy="true"
                              name="API_PRODUCTIONSUPPLYAREA_SRV_A_ProductionSupplyAreaType_update">
                  <description/>
                  <detail>
                     <field name="ShiftSequence" type="string"/>
                     <field name="UnloadingWarehouseStagingArea" type="string"/>
                     <field name="ProductionSupplyAreaRespPerson" type="string"/>
                     <field name="ShiftGrouping" type="string"/>
                     <field name="UnloadingPointName" type="string"/>
                     <field name="FactoryCalendar" type="string"/>
                     <field name="LastChangeDateTime" type="string"/>
                     <field name="PullIntervalInWorkdays" type="string"/>
                     <field name="StorageLocation" type="string"/>
                     <field name="ProductionSupplyAreaAddressID" type="string"/>
                     <field name="PullIntervalInMinutes" type="string"/>
                  </detail>
               </processObject>
               <processObject xmlns="http://schemas.active-endpoints.com/appmodules/screenflow/2011/06/avosHostEnvironment.xsd"
                              isByCopy="true"
                              name="API_PRODUCTIONSUPPLYAREA_SRV_A_ProductionSupplyAreaTextType_create">
                  <description/>
                  <detail>
                     <field name="Plant" type="string"/>
                     <field name="ProductionSupplyAreaName" type="string"/>
                     <field name="Language" type="string"/>
                     <field name="ProductionSupplyArea" type="string"/>
                     <field name="LastChangeDateTime" type="string"/>
                  </detail>
               </processObject>
               <processObject xmlns="http://schemas.active-endpoints.com/appmodules/screenflow/2011/06/avosHostEnvironment.xsd"
                              isByCopy="true"
                              name="API_PRODUCTIONSUPPLYAREA_SRV_A_ProductionSupplyAreaType_create">
                  <description/>
                  <detail>
                     <field name="ShiftSequence" type="string"/>
                     <field name="UnloadingWarehouseStagingArea" type="string"/>
                     <field name="ShiftGrouping" type="string"/>
                     <field name="UnloadingPointName" type="string"/>
                     <field name="FactoryCalendar" type="string"/>
                     <field name="PullIntervalInWorkdays" type="string"/>
                     <field name="to_ProductionSupplyAreaText" type="object"/>
                     <field name="Plant" type="string"/>
                     <field name="ProductionSupplyAreaRespPerson" type="string"/>
                     <field name="to_ProductionSupplyAreaAddress" type="reference">
                        <options>
                           <option name="referenceTo">API_PRODUCTIONSUPPLYAREA_SRV_A_ProductionSupplyAreaAddressType_create</option>
                           <option name="relationshipName">Child</option>
                        </options>
                     </field>
                     <field name="ProductionSupplyArea" type="string"/>
                     <field name="LastChangeDateTime" type="string"/>
                     <field name="StorageLocation" type="string"/>
                     <field name="ProductionSupplyAreaAddressID" type="string"/>
                     <field name="PullIntervalInMinutes" type="string"/>
                  </detail>
               </processObject>
               <processObject xmlns="http://schemas.active-endpoints.com/appmodules/screenflow/2011/06/avosHostEnvironment.xsd"
                              isByCopy="true"
                              name="API_PRODUCTIONSUPPLYAREA_SRV_A_ProductionSupplyAreaAddressType_create">
                  <description/>
                  <detail>
                     <field name="Building" type="string"/>
                     <field name="StreetName" type="string"/>
                     <field name="Plant" type="string"/>
                     <field name="ProductionSupplyArea" type="string"/>
                     <field name="AdditionalStreetSuffixName" type="string"/>
                     <field name="PostalCode" type="string"/>
                     <field name="Country" type="string"/>
                     <field name="LastChangeDateTime" type="string"/>
                     <field name="CityName" type="string"/>
                     <field name="BusinessPartnerName1" type="string"/>
                     <field name="ProductionSupplyAreaAddressID" type="string"/>
                     <field name="BusinessPartnerName2" type="string"/>
                  </detail>
               </processObject>
               <processObject xmlns="http://schemas.active-endpoints.com/appmodules/screenflow/2011/06/avosHostEnvironment.xsd"
                              isByCopy="true"
                              name="API_PRODUCTIONSUPPLYAREA_SRV_A_ProductionSupplyAreaTextType_update">
                  <description/>
                  <detail>
                     <field name="ProductionSupplyAreaName" type="string"/>
                     <field name="LastChangeDateTime" type="string"/>
                  </detail>
               </processObject>
               <processObject xmlns="http://schemas.active-endpoints.com/appmodules/screenflow/2011/06/avosHostEnvironment.xsd"
                              isByCopy="true"
                              name="error">
                  <description/>
                  <detail>
                     <field name="error" type="object"/>
                  </detail>
               </processObject>
               <processObject xmlns="http://schemas.active-endpoints.com/appmodules/screenflow/2011/06/avosHostEnvironment.xsd"
                              isByCopy="true"
                              name="API_PRODUCTIONSUPPLYAREA_SRV_A_ProductionSupplyAreaAddressType_update">
                  <description/>
                  <detail>
                     <field name="Building" type="string"/>
                     <field name="StreetName" type="string"/>
                     <field name="AdditionalStreetSuffixName" type="string"/>
                     <field name="PostalCode" type="string"/>
                     <field name="Country" type="string"/>
                     <field name="LastChangeDateTime" type="string"/>
                     <field name="CityName" type="string"/>
                     <field name="BusinessPartnerName1" type="string"/>
                     <field name="ProductionSupplyAreaAddressID" type="string"/>
                     <field name="BusinessPartnerName2" type="string"/>
                  </detail>
               </processObject>
               <processObject xmlns="http://schemas.active-endpoints.com/appmodules/screenflow/2011/06/avosHostEnvironment.xsd"
                              isByCopy="true"
                              name="API_PRODUCTIONSUPPLYAREA_SRV_A_ProductionSupplyAreaAddressType">
                  <description/>
                  <detail>
                     <field name="Building" type="string"/>
                     <field name="StreetName" type="string"/>
                     <field name="Plant" type="string"/>
                     <field name="ProductionSupplyArea" type="string"/>
                     <field name="AdditionalStreetSuffixName" type="string"/>
                     <field name="PostalCode" type="string"/>
                     <field name="Country" type="string"/>
                     <field name="LastChangeDateTime" type="string"/>
                     <field name="CityName" type="string"/>
                     <field name="BusinessPartnerName1" type="string"/>
                     <field name="ProductionSupplyAreaAddressID" type="string"/>
                     <field name="BusinessPartnerName2" type="string"/>
                  </detail>
               </processObject>
               <processObject xmlns="http://schemas.active-endpoints.com/appmodules/screenflow/2011/06/avosHostEnvironment.xsd"
                              isByCopy="true"
                              name="string">
                  <description/>
                  <detail>
                     <field name="string" type="string"/>
                  </detail>
               </processObject>
               <processObject xmlns="http://schemas.active-endpoints.com/appmodules/screenflow/2011/06/avosHostEnvironment.xsd"
                              isByCopy="true"
                              name="boolean">
                  <description/>
                  <detail>
                     <field name="boolean" type="boolean"/>
                  </detail>
               </processObject>
               <processObject xmlns="http://schemas.active-endpoints.com/appmodules/screenflow/2011/06/avosHostEnvironment.xsd"
                              isByCopy="true"
                              name="double">
                  <description/>
                  <detail>
                     <field name="double" type="double"/>
                  </detail>
               </processObject>
               <processObject xmlns="http://schemas.active-endpoints.com/appmodules/screenflow/2011/06/avosHostEnvironment.xsd"
                              isByCopy="true"
                              name="integer">
                  <description/>
                  <detail>
                     <field name="integer" type="int"/>
                  </detail>
               </processObject>
            </objects>
         </businessConnector>
      </types1:Entry>
      <types1:GUID>8G95MXV2AHtl6T78xrE5MW</types1:GUID>
      <types1:DisplayName>SAP S4HANA Production Supply Area API v1</types1:DisplayName>
   </types1:Item>
   <types1:CurrentServerDateTime>2019-11-18T04:23:17.374Z</types1:CurrentServerDateTime>
</aetgt:getResponse>
