{
   "exportedObjects": [
      {
         "objectGuid": "almpU5d486xjg3tXw87BET",
         "objectName": "Shared assets",
         "objectType": "Project",
         "path": "/Explore",
         "metadata": {
            "additionalInfo": {
               "contentType": "Binary",
               "description": "This Project contains shared assets",
               "documentState": "COMPLETE"
            },
            "contextAttributes": [],
            "modelVersion": {
               "major": 0,
               "minor": 0
            },
            "objectRefs": [],
            "repoInfo": null
         }
      },
      {
         "objectGuid": "00m3cKr9AGOjGY55vZSASH",
         "objectName": "Service Connectors",
         "objectType": "Folder",
         "path": "/Explore/Shared assets",
         "metadata": {
            "additionalInfo": {
               "contentType": "Binary",
               "description": "",
               "documentState": "COMPLETE"
            },
            "contextAttributes": [],
            "modelVersion": {
               "major": 0,
               "minor": 0
            },
            "objectRefs": [],
            "repoInfo": null
         }
      },
      {
         "objectGuid": "b4AyteUExqsfKY4rkCwHYM",
         "objectName": "Oracle Eloqua Marketing Cloud Service Images API v1",
         "objectType": "AI_SERVICE_CONNECTOR",
         "path": "/Explore/Shared assets/Service Connectors",
         "metadata": {
            "additionalInfo": {
               "contentType": "application/json; charset=utf-8",
               "description": "Image assets to be used in places such as emails or landing pages.\r\n\r\n\u003ca href='https://docs.oracle.com/cloud/latest/marketingcs_gs/OMCAA/index.html#CSHID=Images'\u003eLearn more about images\u003c/a\u003e.",
               "documentState": "VALID"
            },
            "contextAttributes": null,
            "modelVersion": {
               "major": 1,
               "minor": 0
            },
            "objectRefs": [],
            "repoInfo": {
               "repoHandle": "WQ81Owhz5chspiR-gt-3341765-2019-02-19T05:44:22.785Z::svc.xml"
            }
         }
      }
   ]
}