<aetgt:getResponse xmlns:aetgt="http://schemas.active-endpoints.com/appmodules/repository/2010/10/avrepository.xsd"
                   xmlns:types1="http://schemas.active-endpoints.com/appmodules/repository/2010/10/avrepository.xsd">
   <types1:Item>
      <types1:EntryId>p81V4AdypKwKBqR-gt-6966854-2019-11-20T10:41:08.124Z::svc.xml</types1:EntryId>
      <types1:Name>Oracle_Maxymiser_REST_API_v2018-07-06</types1:Name>
      <types1:MimeType>application/xml+businesssconnector</types1:MimeType>
      <types1:Description>&lt;p&gt;Oracle Maxymiser REST API makes it possible to access Maxymiser&amp;#39;s platform functionality with code. You can use it to manage campaign entities, such as Elements, Variants, Actions and Scripts programmatically. It is built with REST principles in mind and the entities can be reached via resource-oriented URLs. The API makes use of HTTP features like HTTP authentication, verbs and response codes.&lt;/p&gt;</types1:Description>
      <types1:AppliesTo/>
      <types1:Tags/>
      <types1:VersionLabel>1.0</types1:VersionLabel>
      <types1:State>CURRENT</types1:State>
      <types1:ProcessGroup/>
      <types1:CreatedBy>sorabh@na1.dm-us.org</types1:CreatedBy>
      <types1:CreationDate>2019-11-20T10:41:08Z</types1:CreationDate>
      <types1:ModifiedBy/>
      <types1:PublicationStatus>published</types1:PublicationStatus>
      <types1:PublishedBy>sorabh@na1.dm-us.org</types1:PublishedBy>
      <types1:PublicationDate>2019-11-20T10:41:12Z</types1:PublicationDate>
      <types1:PublishedContributionId>project:/rt.connector/Oracle_Maxymiser_REST_API_v2018_07_06/Oracle_Maxymiser_REST_API_v2018_07_06_svcDef.xml</types1:PublishedContributionId>
      <types1:AutosaveExists>false</types1:AutosaveExists>
      <types1:Entry>
         <businessConnector xmlns="http://schemas.informatica.com/socrates/data-services/2014/05/business-connector-model.xsd"
                            agentOnly="false"
                            debug="false"
                            displayName="Oracle Maxymiser REST API v2018-07-06"
                            label=""
                            name="Oracle_Maxymiser_REST_API_v2018-07-06"
                            uuid="301ba24d-0a9d-4e97-988b-d2db3b31cbd0">
            <description>&lt;p&gt;Oracle Maxymiser REST API makes it possible to access Maxymiser&amp;#39;s platform functionality with code. You can use it to manage campaign entities, such as Elements, Variants, Actions and Scripts programmatically. It is built with REST principles in mind and the entities can be reached via resource-oriented URLs. The API makes use of HTTP features like HTTP authentication, verbs and response codes.&lt;/p&gt;</description>
            <tags/>
            <connectionAttributes xmlns="http://schemas.informatica.com/appmodules/screenflow/2014/04/avosConnectors.xsd">
               <connectionAttribute description="Host Name"
                                    masked="false"
                                    name="hostName"
                                    required="true"
                                    testWith=""
                                    type="string"/>
               <connectionAttribute description="API Key"
                                    masked="true"
                                    name="Authorization"
                                    required="true"
                                    testWith=""
                                    type="string"/>
            </connectionAttributes>
            <actions>
               <action category="Site Settings"
                       failOnError="true"
                       forSearch="false"
                       label="getSites"
                       maxRedirects="100"
                       name="getSites"
                       preemptiveAuth="true"
                       responseEncoding="">
                  <description>Read Sites. The *Sites* endpoint returns the list of sites according to the access priviligees of the authenticated user.</description>
                  <input/>
                  <binding>
                     <restSimpleBinding multiUsing="semicolonSeparated"
                                        url="https://{$hostName}/v1/sites"
                                        verb="GET">
                        <httpHeaders>
                           <header name="Content-Type">application/json</header>
                           <header name="Accept">application/json</header>
                        </httpHeaders>
                     </restSimpleBinding>
                  </binding>
                  <output>
                     <field description="Sites"
                            entireResponse="true"
                            name="entireResponse"
                            type="object"/>
                  </output>
               </action>
               <action category="Campaign Settings"
                       failOnError="true"
                       forSearch="false"
                       label="deleteCampaignAction"
                       maxRedirects="100"
                       name="deleteCampaignAction"
                       preemptiveAuth="true"
                       responseEncoding="">
                  <description>Delete Campaign Action. The *Campaign Actions* endpoint updates campaign actions by removing a shared site action from the campaign or completely deleting a campaign action (depending on whether the action is shared)</description>
                  <input>
                     <parameter description="Unique site identifier"
                                label="site_idPathParam"
                                name="site_idPathParam"
                                nogen="true"
                                required="true"
                                testWith=""
                                type="string"/>
                     <parameter description="Unique campaign identifier"
                                label="campaign_idPathParam"
                                name="campaign_idPathParam"
                                nogen="true"
                                required="true"
                                testWith=""
                                type="string"/>
                     <parameter description="Unique action identifier"
                                label="action_idPathParam"
                                name="action_idPathParam"
                                nogen="true"
                                required="true"
                                testWith=""
                                type="string"/>
                  </input>
                  <binding>
                     <restSimpleBinding multiUsing="semicolonSeparated"
                                        url="https://{$hostName}/v1/sites/{$site_idPathParam}/sandbox/campaigns/{$campaign_idPathParam}/actions/{$action_idPathParam}"
                                        verb="DELETE">
                        <httpHeaders>
                           <header name="Content-Type">application/json</header>
                           <header name="Accept">application/json</header>
                        </httpHeaders>
                     </restSimpleBinding>
                  </binding>
                  <output/>
               </action>
               <action category="Campaign Settings"
                       failOnError="true"
                       forSearch="false"
                       label="putCampaignAction"
                       maxRedirects="100"
                       name="putCampaignAction"
                       preemptiveAuth="true"
                       responseEncoding="">
                  <description>Update Campaign Action. The *Campaign Actions* endpoint allows you to update campaign actions. You can either associate a shared site action with the campaign or update a campaign-specific action. To retrieve available shared actions for a site use _Site Settings_ - _Read Actions_. You can associate a site action by sending a request to this endpoint and providing the action id in the URL. A shared action can be made primary by specifying the *isPrimary* property in the request body. Note that this is the only property you can use in such request. The example below shows how to update a campaign-specific action and its properties. You can do partial update by only specifying particular properties.</description>
                  <input>
                     <parameter description="Unique site identifier"
                                label="site_idPathParam"
                                name="site_idPathParam"
                                nogen="true"
                                required="true"
                                testWith=""
                                type="string"/>
                     <parameter description="Unique campaign identifier"
                                label="campaign_idPathParam"
                                name="campaign_idPathParam"
                                nogen="true"
                                required="true"
                                testWith=""
                                type="string"/>
                     <parameter description="Unique action identifier"
                                label="action_idPathParam"
                                name="action_idPathParam"
                                nogen="true"
                                required="true"
                                testWith=""
                                type="string"/>
                     <parameter description="Action settings"
                                label="request body"
                                name="request body"
                                required="false"
                                testWith=""
                                type="object"/>
                  </input>
                  <binding>
                     <restSimpleBinding multiUsing="semicolonSeparated"
                                        url="https://{$hostName}/v1/sites/{$site_idPathParam}/sandbox/campaigns/{$campaign_idPathParam}/actions/{$action_idPathParam}"
                                        verb="PUT">
                        <httpHeaders>
                           <header name="Content-Type">application/json</header>
                           <header name="Accept">application/json</header>
                        </httpHeaders>
                        <body generateUsing="UnwrappedJSON" preserveJsonStringFormatting="false"/>
                     </restSimpleBinding>
                  </binding>
                  <output>
                     <field description="Action"
                            entireResponse="true"
                            name="entireResponse"
                            type="object"/>
                  </output>
               </action>
               <action category="Campaign Settings"
                       failOnError="true"
                       forSearch="false"
                       label="postCampaign"
                       maxRedirects="100"
                       name="postCampaign"
                       preemptiveAuth="true"
                       responseEncoding="">
                  <description>Create Campaign. The *Campaigns* endpoint creates a campaign for a site</description>
                  <input>
                     <parameter description="Unique site identifier"
                                label="site_idPathParam"
                                name="site_idPathParam"
                                nogen="true"
                                required="true"
                                testWith=""
                                type="string"/>
                     <parameter description="Campaign name and description"
                                label="campaign configuration"
                                name="campaign configuration"
                                required="true"
                                testWith=""
                                type="object"/>
                  </input>
                  <binding>
                     <restSimpleBinding multiUsing="semicolonSeparated"
                                        url="https://{$hostName}/v1/sites/{$site_idPathParam}/sandbox/campaigns"
                                        verb="POST">
                        <httpHeaders>
                           <header name="Content-Type">application/json</header>
                           <header name="Accept">application/json</header>
                        </httpHeaders>
                        <body generateUsing="UnwrappedJSON" preserveJsonStringFormatting="false"/>
                     </restSimpleBinding>
                  </binding>
                  <output/>
               </action>
               <action category="Campaign Settings"
                       failOnError="true"
                       forSearch="false"
                       label="getCampaigns"
                       maxRedirects="100"
                       name="getCampaigns"
                       preemptiveAuth="true"
                       responseEncoding="">
                  <description>Read Campaigns. The *Campaigns* endpoint returns the collection of all the existing campaigns for a site</description>
                  <input>
                     <parameter description="Unique site identifier"
                                label="site_idPathParam"
                                name="site_idPathParam"
                                nogen="true"
                                required="true"
                                testWith=""
                                type="string"/>
                  </input>
                  <binding>
                     <restSimpleBinding multiUsing="semicolonSeparated"
                                        url="https://{$hostName}/v1/sites/{$site_idPathParam}/sandbox/campaigns"
                                        verb="GET">
                        <httpHeaders>
                           <header name="Content-Type">application/json</header>
                           <header name="Accept">application/json</header>
                        </httpHeaders>
                     </restSimpleBinding>
                  </binding>
                  <output>
                     <field description="Campaigns"
                            entireResponse="true"
                            name="entireResponse"
                            type="object"/>
                  </output>
               </action>
               <action category="Campaign Settings"
                       failOnError="true"
                       forSearch="false"
                       label="deleteCampaignTargetingRules"
                       maxRedirects="100"
                       name="deleteCampaignTargetingRules"
                       preemptiveAuth="true"
                       responseEncoding="">
                  <description>Delete Campaign Targeting Rules. The *Campaign Targeting Rules* endpoint deletes a rule under which the campaign would generate</description>
                  <input>
                     <parameter description="Unique site identifier"
                                label="site_idPathParam"
                                name="site_idPathParam"
                                nogen="true"
                                required="true"
                                testWith=""
                                type="string"/>
                     <parameter description="Unique campaign identifier"
                                label="campaign_idPathParam"
                                name="campaign_idPathParam"
                                nogen="true"
                                required="true"
                                testWith=""
                                type="string"/>
                     <parameter description="Unique campaign targeting rule identifier"
                                label="campaign_targeting_rule_idPathParam"
                                name="campaign_targeting_rule_idPathParam"
                                nogen="true"
                                required="true"
                                testWith=""
                                type="string"/>
                  </input>
                  <binding>
                     <restSimpleBinding multiUsing="semicolonSeparated"
                                        url="https://{$hostName}/v1/sites/{$site_idPathParam}/sandbox/campaigns/{$campaign_idPathParam}/targeting-rules/{$campaign_targeting_rule_idPathParam}"
                                        verb="DELETE">
                        <httpHeaders>
                           <header name="Content-Type">application/json</header>
                           <header name="Accept">application/json</header>
                        </httpHeaders>
                     </restSimpleBinding>
                  </binding>
                  <output/>
               </action>
               <action category="Campaign Settings"
                       failOnError="true"
                       forSearch="false"
                       label="putCampaignTargetingRules"
                       maxRedirects="100"
                       name="putCampaignTargetingRules"
                       preemptiveAuth="true"
                       responseEncoding="">
                  <description>Update Campaign Targeting Rules. The *Campaign Targeting Rules* endpoint updates a list of conditions under which the campaign should be generated (when all the conditions are met at the same time)</description>
                  <input>
                     <parameter description="Unique site identifier"
                                label="site_idPathParam"
                                name="site_idPathParam"
                                nogen="true"
                                required="true"
                                testWith=""
                                type="string"/>
                     <parameter description="Unique campaign identifier"
                                label="campaign_idPathParam"
                                name="campaign_idPathParam"
                                nogen="true"
                                required="true"
                                testWith=""
                                type="string"/>
                     <parameter description="Unique campaign targeting rule identifier"
                                label="campaign_targeting_rule_idPathParam"
                                name="campaign_targeting_rule_idPathParam"
                                nogen="true"
                                required="true"
                                testWith=""
                                type="string"/>
                     <parameter description="An array of conditions under which the campaigns gets generated"
                                label="request body"
                                name="request body"
                                required="true"
                                testWith=""
                                type="object"/>
                  </input>
                  <binding>
                     <restSimpleBinding multiUsing="semicolonSeparated"
                                        url="https://{$hostName}/v1/sites/{$site_idPathParam}/sandbox/campaigns/{$campaign_idPathParam}/targeting-rules/{$campaign_targeting_rule_idPathParam}"
                                        verb="PUT">
                        <httpHeaders>
                           <header name="Content-Type">application/json</header>
                           <header name="Accept">application/json</header>
                        </httpHeaders>
                        <body generateUsing="UnwrappedJSON" preserveJsonStringFormatting="false"/>
                     </restSimpleBinding>
                  </binding>
                  <output>
                     <field description="Campaign targeting rules"
                            entireResponse="true"
                            name="entireResponse"
                            type="object"/>
                  </output>
               </action>
               <action category="Campaign Settings"
                       failOnError="true"
                       forSearch="false"
                       label="postCampaignTargetingRules"
                       maxRedirects="100"
                       name="postCampaignTargetingRules"
                       preemptiveAuth="true"
                       responseEncoding="">
                  <description>Create Campaign Targeting Rules. The *Campaign Targeting Rules* endpoint creates a list of conditions under which the campaign should be generated (when all the conditions are met at the same time)</description>
                  <input>
                     <parameter description="Unique site identifier"
                                label="site_idPathParam"
                                name="site_idPathParam"
                                nogen="true"
                                required="true"
                                testWith=""
                                type="string"/>
                     <parameter description="Unique campaign identifier"
                                label="campaign_idPathParam"
                                name="campaign_idPathParam"
                                nogen="true"
                                required="true"
                                testWith=""
                                type="string"/>
                     <parameter description="An array of conditions under which the campaigns gets generated"
                                label="request body"
                                name="request body"
                                required="true"
                                testWith=""
                                type="object"/>
                  </input>
                  <binding>
                     <restSimpleBinding multiUsing="semicolonSeparated"
                                        url="https://{$hostName}/v1/sites/{$site_idPathParam}/sandbox/campaigns/{$campaign_idPathParam}/targeting-rules"
                                        verb="POST">
                        <httpHeaders>
                           <header name="Content-Type">application/json</header>
                           <header name="Accept">application/json</header>
                        </httpHeaders>
                        <body generateUsing="UnwrappedJSON" preserveJsonStringFormatting="false"/>
                     </restSimpleBinding>
                  </binding>
                  <output/>
               </action>
               <action category="Campaign Settings"
                       failOnError="true"
                       forSearch="false"
                       label="getCampaignTargetingRules"
                       maxRedirects="100"
                       name="getCampaignTargetingRules"
                       preemptiveAuth="true"
                       responseEncoding="">
                  <description>Read Campaign Targeting Rules. The *Campaign Targeting Rules* endpoint returns the list of rules under which the campaign would generate. Campaign targeting rules can be used to target the whole campaign to a customer segment which meets the specified conditions.</description>
                  <input>
                     <parameter description="Unique site identifier"
                                label="site_idPathParam"
                                name="site_idPathParam"
                                nogen="true"
                                required="true"
                                testWith=""
                                type="string"/>
                     <parameter description="Unique campaign identifier"
                                label="campaign_idPathParam"
                                name="campaign_idPathParam"
                                nogen="true"
                                required="true"
                                testWith=""
                                type="string"/>
                  </input>
                  <binding>
                     <restSimpleBinding multiUsing="semicolonSeparated"
                                        url="https://{$hostName}/v1/sites/{$site_idPathParam}/sandbox/campaigns/{$campaign_idPathParam}/targeting-rules"
                                        verb="GET">
                        <httpHeaders>
                           <header name="Content-Type">application/json</header>
                           <header name="Accept">application/json</header>
                        </httpHeaders>
                     </restSimpleBinding>
                  </binding>
                  <output>
                     <field description="Campaign targeting rules"
                            entireResponse="true"
                            name="entireResponse"
                            type="object"/>
                  </output>
               </action>
               <action category="Campaign Settings"
                       failOnError="true"
                       forSearch="false"
                       label="postCampaignScript"
                       maxRedirects="100"
                       name="postCampaignScript"
                       preemptiveAuth="true"
                       responseEncoding="">
                  <description>Create Campaign Script. The *Campaign Scripts* endpoint creates a script to run within a campaign (not supported for server-side campaigns)</description>
                  <input>
                     <parameter description="Unique site identifier"
                                label="site_idPathParam"
                                name="site_idPathParam"
                                nogen="true"
                                required="true"
                                testWith=""
                                type="string"/>
                     <parameter description="Either sandbox or production configuration of the site. Production is only supported in GET endpoints."
                                label="configurationPathParam"
                                name="configurationPathParam"
                                nogen="true"
                                required="true"
                                testWith=""
                                type="string"/>
                     <parameter description="Unique campaign identifier"
                                label="campaign_idPathParam"
                                name="campaign_idPathParam"
                                nogen="true"
                                required="true"
                                testWith=""
                                type="string"/>
                     <parameter description="Script settings"
                                label="request body"
                                name="request body"
                                required="true"
                                testWith=""
                                type="object"/>
                  </input>
                  <binding>
                     <restSimpleBinding multiUsing="semicolonSeparated"
                                        url="https://{$hostName}/v1/sites/{$site_idPathParam}/{$configurationPathParam}/campaigns/{$campaign_idPathParam}/scripts"
                                        verb="POST">
                        <httpHeaders>
                           <header name="Content-Type">application/json</header>
                           <header name="Accept">application/json</header>
                        </httpHeaders>
                        <body generateUsing="UnwrappedJSON" preserveJsonStringFormatting="false"/>
                     </restSimpleBinding>
                  </binding>
                  <output/>
               </action>
               <action category="Campaign Settings"
                       failOnError="true"
                       forSearch="false"
                       label="getCampaignScripts"
                       maxRedirects="100"
                       name="getCampaignScripts"
                       preemptiveAuth="true"
                       responseEncoding="">
                  <description>Read Campaign Scripts. The *Campaign Scripts* endpoint returns the list of campaign scripts previously added to the campaign (not supported for server-side campaigns)</description>
                  <input>
                     <parameter description="Unique site identifier"
                                label="site_idPathParam"
                                name="site_idPathParam"
                                nogen="true"
                                required="true"
                                testWith=""
                                type="string"/>
                     <parameter description="Either sandbox or production configuration of the site. Production is only supported in GET endpoints."
                                label="configurationPathParam"
                                name="configurationPathParam"
                                nogen="true"
                                required="true"
                                testWith=""
                                type="string"/>
                     <parameter description="Unique campaign identifier"
                                label="campaign_idPathParam"
                                name="campaign_idPathParam"
                                nogen="true"
                                required="true"
                                testWith=""
                                type="string"/>
                  </input>
                  <binding>
                     <restSimpleBinding multiUsing="semicolonSeparated"
                                        url="https://{$hostName}/v1/sites/{$site_idPathParam}/{$configurationPathParam}/campaigns/{$campaign_idPathParam}/scripts"
                                        verb="GET">
                        <httpHeaders>
                           <header name="Content-Type">application/json</header>
                           <header name="Accept">application/json</header>
                        </httpHeaders>
                     </restSimpleBinding>
                  </binding>
                  <output>
                     <field description="Campaign scripts"
                            entireResponse="true"
                            name="entireResponse"
                            type="object"/>
                  </output>
               </action>
               <action category="Campaign Settings"
                       failOnError="true"
                       forSearch="false"
                       label="getCampaignVariant"
                       maxRedirects="100"
                       name="getCampaignVariant"
                       preemptiveAuth="true"
                       responseEncoding="">
                  <description>Create Campaign Element Variant. The *Campaign Element Variants* endpoint creates a variant for a specific campaign element</description>
                  <input>
                     <parameter description="Unique site identifier"
                                label="site_idPathParam"
                                name="site_idPathParam"
                                nogen="true"
                                required="true"
                                testWith=""
                                type="string"/>
                     <parameter description="Unique campaign identifier"
                                label="campaign_idPathParam"
                                name="campaign_idPathParam"
                                nogen="true"
                                required="true"
                                testWith=""
                                type="string"/>
                     <parameter description="Unique element identifier"
                                label="element_idPathParam"
                                name="element_idPathParam"
                                nogen="true"
                                required="true"
                                testWith=""
                                type="string"/>
                     <parameter description="Variant settings"
                                label="request body"
                                name="request body"
                                required="true"
                                testWith=""
                                type="object"/>
                  </input>
                  <binding>
                     <restSimpleBinding multiUsing="semicolonSeparated"
                                        url="https://{$hostName}/v1/sites/{$site_idPathParam}/sandbox/campaigns/{$campaign_idPathParam}/elements/{$element_idPathParam}/variants"
                                        verb="POST">
                        <httpHeaders>
                           <header name="Content-Type">application/json</header>
                           <header name="Accept">application/json</header>
                        </httpHeaders>
                        <body generateUsing="UnwrappedJSON" preserveJsonStringFormatting="false"/>
                     </restSimpleBinding>
                  </binding>
                  <output/>
               </action>
               <action category="Campaign Settings"
                       failOnError="true"
                       forSearch="false"
                       label="postContentTargetingRules"
                       maxRedirects="100"
                       name="postContentTargetingRules"
                       preemptiveAuth="true"
                       responseEncoding="">
                  <description>Create Content Targeting Rules. The *Content Targeting Rules* endpoint creates a rule within the collections under which specific campaign content would generate. Content targeting rules can be used to target specific campaign content to a customer segment which meets the specified conditions.</description>
                  <input>
                     <parameter description="Unique site identifier"
                                label="site_idPathParam"
                                name="site_idPathParam"
                                nogen="true"
                                required="true"
                                testWith=""
                                type="string"/>
                     <parameter description="Unique campaign identifier"
                                label="campaign_idPathParam"
                                name="campaign_idPathParam"
                                nogen="true"
                                required="true"
                                testWith=""
                                type="string"/>
                     <parameter description="List of targeting rules applied to the campaign variants"
                                label="request body"
                                name="request body"
                                required="true"
                                testWith=""
                                type="object"/>
                  </input>
                  <binding>
                     <restSimpleBinding multiUsing="semicolonSeparated"
                                        url="https://{$hostName}/v1/sites/{$site_idPathParam}/sandbox/campaigns/{$campaign_idPathParam}/content-targeting-rules"
                                        verb="POST">
                        <httpHeaders>
                           <header name="Content-Type">application/json</header>
                           <header name="Accept">application/json</header>
                        </httpHeaders>
                        <body generateUsing="UnwrappedJSON" preserveJsonStringFormatting="false"/>
                     </restSimpleBinding>
                  </binding>
                  <output/>
               </action>
               <action category="Campaign Settings"
                       failOnError="true"
                       forSearch="false"
                       label="getContentTargetingRules"
                       maxRedirects="100"
                       name="getContentTargetingRules"
                       preemptiveAuth="true"
                       responseEncoding="">
                  <description>Read Content Targeting Rules. The *Content Targeting Rules* endpoint returns the list of rules under which specific campaign content would generate. Content targeting rules can be used to target specific campaign content to a customer segment which meets the specified conditions. If there are multiple rules, they are executed in the same order as in this list.</description>
                  <input>
                     <parameter description="Unique site identifier"
                                label="site_idPathParam"
                                name="site_idPathParam"
                                nogen="true"
                                required="true"
                                testWith=""
                                type="string"/>
                     <parameter description="Unique campaign identifier"
                                label="campaign_idPathParam"
                                name="campaign_idPathParam"
                                nogen="true"
                                required="true"
                                testWith=""
                                type="string"/>
                  </input>
                  <binding>
                     <restSimpleBinding multiUsing="semicolonSeparated"
                                        url="https://{$hostName}/v1/sites/{$site_idPathParam}/sandbox/campaigns/{$campaign_idPathParam}/content-targeting-rules"
                                        verb="GET">
                        <httpHeaders>
                           <header name="Content-Type">application/json</header>
                           <header name="Accept">application/json</header>
                        </httpHeaders>
                     </restSimpleBinding>
                  </binding>
                  <output>
                     <field description="Content targeting rules"
                            entireResponse="true"
                            name="entireResponse"
                            type="object"/>
                  </output>
               </action>
               <action category="Campaign Settings"
                       failOnError="true"
                       forSearch="false"
                       label="postCampaignAction"
                       maxRedirects="100"
                       name="postCampaignAction"
                       preemptiveAuth="true"
                       responseEncoding="">
                  <description>Create Campaign Action. The *Campaign Actions* endpoint creates a campaign-level action. Unlike site-level actions, which are shared, these belong to the campaign and cannot be associated with other campaigns</description>
                  <input>
                     <parameter description="Unique site identifier"
                                label="site_idPathParam"
                                name="site_idPathParam"
                                nogen="true"
                                required="true"
                                testWith=""
                                type="string"/>
                     <parameter description="Unique campaign identifier"
                                label="campaign_idPathParam"
                                name="campaign_idPathParam"
                                nogen="true"
                                required="true"
                                testWith=""
                                type="string"/>
                     <parameter description="Action settings"
                                label="request body"
                                name="request body"
                                required="false"
                                testWith=""
                                type="object"/>
                  </input>
                  <binding>
                     <restSimpleBinding multiUsing="semicolonSeparated"
                                        url="https://{$hostName}/v1/sites/{$site_idPathParam}/sandbox/campaigns/{$campaign_idPathParam}/actions"
                                        verb="POST">
                        <httpHeaders>
                           <header name="Content-Type">application/json</header>
                           <header name="Accept">application/json</header>
                        </httpHeaders>
                        <body generateUsing="UnwrappedJSON" preserveJsonStringFormatting="false"/>
                     </restSimpleBinding>
                  </binding>
                  <output>
                     <field description="Campaign actions"
                            entireResponse="true"
                            name="entireResponse"
                            type="object"/>
                  </output>
               </action>
               <action category="Campaign Settings"
                       failOnError="true"
                       forSearch="false"
                       label="getCampaignActions"
                       maxRedirects="100"
                       name="getCampaignActions"
                       preemptiveAuth="true"
                       responseEncoding="">
                  <description>Read Campaign Actions. The *Campaign Actions* endpoint returns the collection of all the actions associated with a campaign</description>
                  <input>
                     <parameter description="Unique site identifier"
                                label="site_idPathParam"
                                name="site_idPathParam"
                                nogen="true"
                                required="true"
                                testWith=""
                                type="string"/>
                     <parameter description="Unique campaign identifier"
                                label="campaign_idPathParam"
                                name="campaign_idPathParam"
                                nogen="true"
                                required="true"
                                testWith=""
                                type="string"/>
                  </input>
                  <binding>
                     <restSimpleBinding multiUsing="semicolonSeparated"
                                        url="https://{$hostName}/v1/sites/{$site_idPathParam}/sandbox/campaigns/{$campaign_idPathParam}/actions"
                                        verb="GET">
                        <httpHeaders>
                           <header name="Content-Type">application/json</header>
                           <header name="Accept">application/json</header>
                        </httpHeaders>
                     </restSimpleBinding>
                  </binding>
                  <output>
                     <field description="Campaign actions"
                            entireResponse="true"
                            name="entireResponse"
                            type="object"/>
                  </output>
               </action>
               <action category="Campaign Settings"
                       failOnError="true"
                       forSearch="false"
                       label="postCampaignElement"
                       maxRedirects="100"
                       name="postCampaignElement"
                       preemptiveAuth="true"
                       responseEncoding="">
                  <description>Create Campaign Element. The *Campaigns Elements* endpoint creates an element to be tested within a campaign</description>
                  <input>
                     <parameter description="Unique site identifier"
                                label="site_idPathParam"
                                name="site_idPathParam"
                                nogen="true"
                                required="true"
                                testWith=""
                                type="string"/>
                     <parameter description="Either sandbox or production configuration of the site. Production is only supported in GET endpoints."
                                label="configurationPathParam"
                                name="configurationPathParam"
                                nogen="true"
                                required="true"
                                testWith=""
                                type="string"/>
                     <parameter description="Unique campaign identifier"
                                label="campaign_idPathParam"
                                name="campaign_idPathParam"
                                nogen="true"
                                required="true"
                                testWith=""
                                type="string"/>
                     <parameter description="Element settings"
                                label="request body"
                                name="request body"
                                required="true"
                                testWith=""
                                type="object"/>
                  </input>
                  <binding>
                     <restSimpleBinding multiUsing="semicolonSeparated"
                                        url="https://{$hostName}/v1/sites/{$site_idPathParam}/{$configurationPathParam}/campaigns/{$campaign_idPathParam}/elements"
                                        verb="POST">
                        <httpHeaders>
                           <header name="Content-Type">application/json</header>
                           <header name="Accept">application/json</header>
                        </httpHeaders>
                        <body generateUsing="UnwrappedJSON" preserveJsonStringFormatting="false"/>
                     </restSimpleBinding>
                  </binding>
                  <output/>
               </action>
               <action category="Campaign Settings"
                       failOnError="true"
                       forSearch="false"
                       label="getCampaignElements"
                       maxRedirects="100"
                       name="getCampaignElements"
                       preemptiveAuth="true"
                       responseEncoding="">
                  <description>Read Campaign Elements. The *Campaign Elements* endpoint returns the list of all elements under test within a campaign</description>
                  <input>
                     <parameter description="Unique site identifier"
                                label="site_idPathParam"
                                name="site_idPathParam"
                                nogen="true"
                                required="true"
                                testWith=""
                                type="string"/>
                     <parameter description="Unique campaign identifier"
                                label="campaign_idPathParam"
                                name="campaign_idPathParam"
                                nogen="true"
                                required="true"
                                testWith=""
                                type="string"/>
                     <parameter description="Either sandbox or production configuration of the site. Production is only supported in GET endpoints."
                                label="configurationPathParam"
                                name="configurationPathParam"
                                nogen="true"
                                required="true"
                                testWith=""
                                type="string"/>
                  </input>
                  <binding>
                     <restSimpleBinding multiUsing="semicolonSeparated"
                                        url="https://{$hostName}/v1/sites/{$site_idPathParam}/{$configurationPathParam}/campaigns/{$campaign_idPathParam}/elements"
                                        verb="GET">
                        <httpHeaders>
                           <header name="Content-Type">application/json</header>
                           <header name="Accept">application/json</header>
                        </httpHeaders>
                     </restSimpleBinding>
                  </binding>
                  <output>
                     <field description="Campaign elements"
                            entireResponse="true"
                            name="entireResponse"
                            type="object"/>
                  </output>
               </action>
               <action category="Site Settings"
                       failOnError="true"
                       forSearch="false"
                       label="getSite"
                       maxRedirects="100"
                       name="getSite"
                       preemptiveAuth="true"
                       responseEncoding="">
                  <description>Read Site. The *Sites* endpoint returns a site</description>
                  <input>
                     <parameter description="Unique site identifier"
                                label="site_idPathParam"
                                name="site_idPathParam"
                                nogen="true"
                                required="true"
                                testWith=""
                                type="string"/>
                  </input>
                  <binding>
                     <restSimpleBinding multiUsing="semicolonSeparated"
                                        url="https://{$hostName}/v1/sites/{$site_idPathParam}"
                                        verb="GET">
                        <httpHeaders>
                           <header name="Content-Type">application/json</header>
                           <header name="Accept">application/json</header>
                        </httpHeaders>
                     </restSimpleBinding>
                  </binding>
                  <output>
                     <field description="Site"
                            entireResponse="true"
                            name="entireResponse"
                            type="object"/>
                  </output>
               </action>
               <action category="Site Settings"
                       failOnError="true"
                       forSearch="false"
                       label="getScripts"
                       maxRedirects="100"
                       name="getScripts"
                       preemptiveAuth="true"
                       responseEncoding="">
                  <description>Read Scripts. The *Site Scripts* endpoint returns the list of all the existing site scripts for a site</description>
                  <input>
                     <parameter description="Unique site identifier"
                                label="site_idPathParam"
                                name="site_idPathParam"
                                nogen="true"
                                required="true"
                                testWith=""
                                type="string"/>
                     <parameter description="Either sandbox or production configuration of the site. Production is only supported in GET endpoints."
                                label="configurationPathParam"
                                name="configurationPathParam"
                                nogen="true"
                                required="true"
                                testWith=""
                                type="string"/>
                  </input>
                  <binding>
                     <restSimpleBinding multiUsing="semicolonSeparated"
                                        url="https://{$hostName}/v1/sites/{$site_idPathParam}/{$configurationPathParam}/scripts"
                                        verb="GET">
                        <httpHeaders>
                           <header name="Content-Type">application/json</header>
                           <header name="Accept">application/json</header>
                        </httpHeaders>
                     </restSimpleBinding>
                  </binding>
                  <output>
                     <field description="Site scripts"
                            entireResponse="true"
                            name="entireResponse"
                            type="object"/>
                  </output>
               </action>
               <action category="Campaign Settings"
                       failOnError="true"
                       forSearch="false"
                       label="putCampaignScript"
                       maxRedirects="100"
                       name="putCampaignScript"
                       preemptiveAuth="true"
                       responseEncoding="">
                  <description>Update Campaign Script. The *Campaign Scripts* endpoint updates a campaign script. You can do partial updates by providing the properties you want to update in the request body. Any properties which are not specified will remain unchanged</description>
                  <input>
                     <parameter description="Unique site identifier"
                                label="site_idPathParam"
                                name="site_idPathParam"
                                nogen="true"
                                required="true"
                                testWith=""
                                type="string"/>
                     <parameter description="Unique campaign identifier"
                                label="campaign_idPathParam"
                                name="campaign_idPathParam"
                                nogen="true"
                                required="true"
                                testWith=""
                                type="string"/>
                     <parameter description="Unique script identifier"
                                label="script_idPathParam"
                                name="script_idPathParam"
                                nogen="true"
                                required="true"
                                testWith=""
                                type="string"/>
                     <parameter description="Script settings"
                                label="request body"
                                name="request body"
                                required="true"
                                testWith=""
                                type="object"/>
                  </input>
                  <binding>
                     <restSimpleBinding multiUsing="semicolonSeparated"
                                        url="https://{$hostName}/v1/sites/{$site_idPathParam}/sandbox/campaigns/{$campaign_idPathParam}/scripts/{$script_idPathParam}"
                                        verb="PUT">
                        <httpHeaders>
                           <header name="Content-Type">application/json</header>
                           <header name="Accept">application/json</header>
                        </httpHeaders>
                        <body generateUsing="UnwrappedJSON" preserveJsonStringFormatting="false"/>
                     </restSimpleBinding>
                  </binding>
                  <output>
                     <field description="Campaign script"
                            entireResponse="true"
                            name="entireResponse"
                            type="object"/>
                  </output>
               </action>
               <action category="Campaign Settings"
                       failOnError="true"
                       forSearch="false"
                       label="getCampaignVariants"
                       maxRedirects="100"
                       name="getCampaignVariants"
                       preemptiveAuth="true"
                       responseEncoding="">
                  <description>Read Campaign Element Variants. The *Campaign Element Variants* endpoint returns the collection of all variants within a campaign element</description>
                  <input>
                     <parameter description="Unique site identifier"
                                label="site_idPathParam"
                                name="site_idPathParam"
                                nogen="true"
                                required="true"
                                testWith=""
                                type="string"/>
                     <parameter description="Either sandbox or production configuration of the site. Production is only supported in GET endpoints."
                                label="configurationPathParam"
                                name="configurationPathParam"
                                nogen="true"
                                required="true"
                                testWith=""
                                type="string"/>
                     <parameter description="Unique campaign identifier"
                                label="campaign_idPathParam"
                                name="campaign_idPathParam"
                                nogen="true"
                                required="true"
                                testWith=""
                                type="string"/>
                     <parameter description="Unique element identifier"
                                label="element_idPathParam"
                                name="element_idPathParam"
                                nogen="true"
                                required="true"
                                testWith=""
                                type="string"/>
                  </input>
                  <binding>
                     <restSimpleBinding multiUsing="semicolonSeparated"
                                        url="https://{$hostName}/v1/sites/{$site_idPathParam}/{$configurationPathParam}/campaigns/{$campaign_idPathParam}/elements/{$element_idPathParam}/variants"
                                        verb="GET">
                        <httpHeaders>
                           <header name="Content-Type">application/json</header>
                           <header name="Accept">application/json</header>
                        </httpHeaders>
                     </restSimpleBinding>
                  </binding>
                  <output>
                     <field description="Campaign element variants"
                            entireResponse="true"
                            name="entireResponse"
                            type="object"/>
                  </output>
               </action>
               <action category="Campaign Settings"
                       failOnError="true"
                       forSearch="false"
                       label="deleteElement"
                       maxRedirects="100"
                       name="deleteElement"
                       preemptiveAuth="true"
                       responseEncoding="">
                  <description>Delete Element. The *Campaign Elements* endpoint deletes the element from the campaign</description>
                  <input>
                     <parameter description="Unique site identifier"
                                label="site_idPathParam"
                                name="site_idPathParam"
                                nogen="true"
                                required="true"
                                testWith=""
                                type="string"/>
                     <parameter description="Either sandbox or production configuration of the site. Production is only supported in GET endpoints."
                                label="configurationPathParam"
                                name="configurationPathParam"
                                nogen="true"
                                required="true"
                                testWith=""
                                type="string"/>
                     <parameter description="Unique campaign identifier"
                                label="campaign_idPathParam"
                                name="campaign_idPathParam"
                                nogen="true"
                                required="true"
                                testWith=""
                                type="string"/>
                     <parameter description="Unique element identifier"
                                label="element_idPathParam"
                                name="element_idPathParam"
                                nogen="true"
                                required="true"
                                testWith=""
                                type="string"/>
                  </input>
                  <binding>
                     <restSimpleBinding multiUsing="semicolonSeparated"
                                        url="https://{$hostName}/v1/sites/{$site_idPathParam}/{$configurationPathParam}/campaigns/{$campaign_idPathParam}/elements/{$element_idPathParam}"
                                        verb="DELETE">
                        <httpHeaders>
                           <header name="Content-Type">application/json</header>
                           <header name="Accept">application/json</header>
                        </httpHeaders>
                     </restSimpleBinding>
                  </binding>
                  <output/>
               </action>
               <action category="Campaign Settings"
                       failOnError="true"
                       forSearch="false"
                       label="updateElement"
                       maxRedirects="100"
                       name="updateElement"
                       preemptiveAuth="true"
                       responseEncoding="">
                  <description>Update Element. The *Campaign Elements* endpoint updates an existing element from the campaign</description>
                  <input>
                     <parameter description="Unique site identifier"
                                label="site_idPathParam"
                                name="site_idPathParam"
                                nogen="true"
                                required="true"
                                testWith=""
                                type="string"/>
                     <parameter description="Either sandbox or production configuration of the site. Production is only supported in GET endpoints."
                                label="configurationPathParam"
                                name="configurationPathParam"
                                nogen="true"
                                required="true"
                                testWith=""
                                type="string"/>
                     <parameter description="Unique campaign identifier"
                                label="campaign_idPathParam"
                                name="campaign_idPathParam"
                                nogen="true"
                                required="true"
                                testWith=""
                                type="string"/>
                     <parameter description="Unique element identifier"
                                label="element_idPathParam"
                                name="element_idPathParam"
                                nogen="true"
                                required="true"
                                testWith=""
                                type="string"/>
                     <parameter description="Element settings"
                                label="request body"
                                name="request body"
                                required="true"
                                testWith=""
                                type="object"/>
                  </input>
                  <binding>
                     <restSimpleBinding multiUsing="semicolonSeparated"
                                        url="https://{$hostName}/v1/sites/{$site_idPathParam}/{$configurationPathParam}/campaigns/{$campaign_idPathParam}/elements/{$element_idPathParam}"
                                        verb="PUT">
                        <httpHeaders>
                           <header name="Content-Type">application/json</header>
                           <header name="Accept">application/json</header>
                        </httpHeaders>
                        <body generateUsing="UnwrappedJSON" preserveJsonStringFormatting="false"/>
                     </restSimpleBinding>
                  </binding>
                  <output>
                     <field description="Campaign element"
                            entireResponse="true"
                            name="entireResponse"
                            type="object"/>
                  </output>
               </action>
               <action category="Site Settings"
                       failOnError="true"
                       forSearch="false"
                       label="putScript"
                       maxRedirects="100"
                       name="putScript"
                       preemptiveAuth="true"
                       responseEncoding="">
                  <description>Update Script. The *Site Scripts* endpoint updates a site script. You can do partial updates by providing the properties you want to update in the request body. Any properties which are not specified will remain unchanged</description>
                  <input>
                     <parameter description="Unique site identifier"
                                label="site_idPathParam"
                                name="site_idPathParam"
                                nogen="true"
                                required="true"
                                testWith=""
                                type="string"/>
                     <parameter description="Unique script identifier"
                                label="script_idPathParam"
                                name="script_idPathParam"
                                nogen="true"
                                required="true"
                                testWith=""
                                type="string"/>
                     <parameter description="Script settings"
                                label="request body"
                                name="request body"
                                required="true"
                                testWith=""
                                type="object"/>
                  </input>
                  <binding>
                     <restSimpleBinding multiUsing="semicolonSeparated"
                                        url="https://{$hostName}/v1/sites/{$site_idPathParam}/sandbox/scripts/{$script_idPathParam}"
                                        verb="PUT">
                        <httpHeaders>
                           <header name="Content-Type">application/json</header>
                           <header name="Accept">application/json</header>
                        </httpHeaders>
                        <body generateUsing="UnwrappedJSON" preserveJsonStringFormatting="false"/>
                     </restSimpleBinding>
                  </binding>
                  <output>
                     <field description="Site script"
                            entireResponse="true"
                            name="entireResponse"
                            type="object"/>
                  </output>
               </action>
               <action category="Site Settings"
                       failOnError="true"
                       forSearch="false"
                       label="getCustomAttributes"
                       maxRedirects="100"
                       name="getCustomAttributes"
                       preemptiveAuth="true"
                       responseEncoding="">
                  <description>Read Custom Attributes. The *Custom Attributes* endpoint returns the list of all the published custom attributes for a site</description>
                  <input>
                     <parameter description="Unique site identifier"
                                label="site_idPathParam"
                                name="site_idPathParam"
                                nogen="true"
                                required="true"
                                testWith=""
                                type="string"/>
                     <parameter description="Either sandbox or production configuration of the site. Production is only supported in GET endpoints."
                                label="configurationPathParam"
                                name="configurationPathParam"
                                nogen="true"
                                required="true"
                                testWith=""
                                type="string"/>
                  </input>
                  <binding>
                     <restSimpleBinding multiUsing="semicolonSeparated"
                                        url="https://{$hostName}/v1/sites/{$site_idPathParam}/{$configurationPathParam}/custom-attributes/"
                                        verb="GET">
                        <httpHeaders>
                           <header name="Content-Type">application/json</header>
                           <header name="Accept">application/json</header>
                        </httpHeaders>
                     </restSimpleBinding>
                  </binding>
                  <output>
                     <field description="Custom attributes"
                            entireResponse="true"
                            name="entireResponse"
                            type="object"/>
                  </output>
               </action>
               <action category="Campaign Settings"
                       failOnError="true"
                       forSearch="false"
                       label="getCampaign"
                       maxRedirects="100"
                       name="getCampaign"
                       preemptiveAuth="true"
                       responseEncoding="">
                  <description>Read Campaign. The *Campaigns* endpoint returns a campaign for a site</description>
                  <input>
                     <parameter description="Unique site identifier"
                                label="site_idPathParam"
                                name="site_idPathParam"
                                nogen="true"
                                required="true"
                                testWith=""
                                type="string"/>
                     <parameter description="Unique campaign identifier"
                                label="campaign_idPathParam"
                                name="campaign_idPathParam"
                                nogen="true"
                                required="true"
                                testWith=""
                                type="string"/>
                  </input>
                  <binding>
                     <restSimpleBinding multiUsing="semicolonSeparated"
                                        url="https://{$hostName}/v1/sites/{$site_idPathParam}/sandbox/campaigns/{$campaign_idPathParam}"
                                        verb="GET">
                        <httpHeaders>
                           <header name="Content-Type">application/json</header>
                           <header name="Accept">application/json</header>
                        </httpHeaders>
                     </restSimpleBinding>
                  </binding>
                  <output>
                     <field description="Campaign"
                            entireResponse="true"
                            name="entireResponse"
                            type="object"/>
                  </output>
               </action>
               <action category="Campaign Settings"
                       failOnError="true"
                       forSearch="false"
                       label="deleteCampaign"
                       maxRedirects="100"
                       name="deleteCampaign"
                       preemptiveAuth="true"
                       responseEncoding="">
                  <description>Delete Campaign. The *Campaigns* endpoint deletes the campaign from the site</description>
                  <input>
                     <parameter description="Unique site identifier"
                                label="site_idPathParam"
                                name="site_idPathParam"
                                nogen="true"
                                required="true"
                                testWith=""
                                type="string"/>
                     <parameter description="Unique campaign identifier"
                                label="campaign_idPathParam"
                                name="campaign_idPathParam"
                                nogen="true"
                                required="true"
                                testWith=""
                                type="string"/>
                  </input>
                  <binding>
                     <restSimpleBinding multiUsing="semicolonSeparated"
                                        url="https://{$hostName}/v1/sites/{$site_idPathParam}/sandbox/campaigns/{$campaign_idPathParam}"
                                        verb="DELETE">
                        <httpHeaders>
                           <header name="Content-Type">application/json</header>
                           <header name="Accept">application/json</header>
                        </httpHeaders>
                     </restSimpleBinding>
                  </binding>
                  <output/>
               </action>
               <action category="Campaign Settings"
                       failOnError="true"
                       forSearch="false"
                       label="putCampaign"
                       maxRedirects="100"
                       name="putCampaign"
                       preemptiveAuth="true"
                       responseEncoding="">
                  <description>Update Campaign. The *Campaigns* endpoint updates a campaign for a site. You can do partial updates by providing the properties you want to update in the request body. Any properties which are not specified will remain unchanged</description>
                  <input>
                     <parameter description="Unique site identifier"
                                label="site_idPathParam"
                                name="site_idPathParam"
                                nogen="true"
                                required="true"
                                testWith=""
                                type="string"/>
                     <parameter description="Unique campaign identifier"
                                label="campaign_idPathParam"
                                name="campaign_idPathParam"
                                nogen="true"
                                required="true"
                                testWith=""
                                type="string"/>
                     <parameter description="Campaign name and description"
                                label="campaign configuration"
                                name="campaign configuration"
                                required="true"
                                testWith=""
                                type="object"/>
                  </input>
                  <binding>
                     <restSimpleBinding multiUsing="semicolonSeparated"
                                        url="https://{$hostName}/v1/sites/{$site_idPathParam}/sandbox/campaigns/{$campaign_idPathParam}"
                                        verb="PUT">
                        <httpHeaders>
                           <header name="Content-Type">application/json</header>
                           <header name="Accept">application/json</header>
                        </httpHeaders>
                        <body generateUsing="UnwrappedJSON" preserveJsonStringFormatting="false"/>
                     </restSimpleBinding>
                  </binding>
                  <output>
                     <field description="Campaign"
                            entireResponse="true"
                            name="entireResponse"
                            type="object"/>
                  </output>
               </action>
               <action category="Campaign Settings"
                       failOnError="true"
                       forSearch="false"
                       label="deleteContentTargetingRules"
                       maxRedirects="100"
                       name="deleteContentTargetingRules"
                       preemptiveAuth="true"
                       responseEncoding="">
                  <description>Delete Content Targeting Rules. The *Content Targeting Rules* endpoint deletes a rule from the content targeting rules collection.</description>
                  <input>
                     <parameter description="Unique site identifier"
                                label="site_idPathParam"
                                name="site_idPathParam"
                                nogen="true"
                                required="true"
                                testWith=""
                                type="string"/>
                     <parameter description="Unique campaign identifier"
                                label="campaign_idPathParam"
                                name="campaign_idPathParam"
                                nogen="true"
                                required="true"
                                testWith=""
                                type="string"/>
                     <parameter description="Unique content targeting rule identifier"
                                label="content_targeting_rule_idPathParam"
                                name="content_targeting_rule_idPathParam"
                                nogen="true"
                                required="true"
                                testWith=""
                                type="string"/>
                  </input>
                  <binding>
                     <restSimpleBinding multiUsing="semicolonSeparated"
                                        url="https://{$hostName}/v1/sites/{$site_idPathParam}/sandbox/campaigns/{$campaign_idPathParam}/content-targeting-rules/{$content_targeting_rule_idPathParam}"
                                        verb="DELETE">
                        <httpHeaders>
                           <header name="Content-Type">application/json</header>
                           <header name="Accept">application/json</header>
                        </httpHeaders>
                     </restSimpleBinding>
                  </binding>
                  <output/>
               </action>
               <action category="Campaign Settings"
                       failOnError="true"
                       forSearch="false"
                       label="putContentTargetingRules"
                       maxRedirects="100"
                       name="putContentTargetingRules"
                       preemptiveAuth="true"
                       responseEncoding="">
                  <description>Update Content Targeting Rules. The *Content Targeting Rules* endpoint updates a rule within the collections under which specific campaign content would generate. Content targeting rules can be used to target specific campaign content to a customer segment which meets the specified conditions.</description>
                  <input>
                     <parameter description="Unique site identifier"
                                label="site_idPathParam"
                                name="site_idPathParam"
                                nogen="true"
                                required="true"
                                testWith=""
                                type="string"/>
                     <parameter description="Unique campaign identifier"
                                label="campaign_idPathParam"
                                name="campaign_idPathParam"
                                nogen="true"
                                required="true"
                                testWith=""
                                type="string"/>
                     <parameter description="List of targeting rules applied to the campaign variants"
                                label="request body"
                                name="request body"
                                required="true"
                                testWith=""
                                type="object"/>
                     <parameter description="Unique content targeting rule identifier"
                                label="content_targeting_rule_idPathParam"
                                name="content_targeting_rule_idPathParam"
                                nogen="true"
                                required="true"
                                testWith=""
                                type="string"/>
                  </input>
                  <binding>
                     <restSimpleBinding multiUsing="semicolonSeparated"
                                        url="https://{$hostName}/v1/sites/{$site_idPathParam}/sandbox/campaigns/{$campaign_idPathParam}/content-targeting-rules/{$content_targeting_rule_idPathParam}"
                                        verb="PUT">
                        <httpHeaders>
                           <header name="Content-Type">application/json</header>
                           <header name="Accept">application/json</header>
                        </httpHeaders>
                        <body generateUsing="UnwrappedJSON" preserveJsonStringFormatting="false"/>
                     </restSimpleBinding>
                  </binding>
                  <output/>
               </action>
               <action category="Publishing"
                       failOnError="true"
                       forSearch="false"
                       label="putPublishSandbox"
                       maxRedirects="100"
                       name="putPublishSandbox"
                       preemptiveAuth="true"
                       responseEncoding="">
                  <description>Publish to Sandbox. The *Sandbox Publish* endpoint pushes all the changes made with the REST API to the Sandbox server</description>
                  <input>
                     <parameter description="Unique site identifier"
                                label="site_idPathParam"
                                name="site_idPathParam"
                                nogen="true"
                                required="true"
                                testWith=""
                                type="string"/>
                  </input>
                  <binding>
                     <restSimpleBinding multiUsing="semicolonSeparated"
                                        url="https://{$hostName}/v1/sites/{$site_idPathParam}/sandbox/publish"
                                        verb="PUT">
                        <httpHeaders>
                           <header name="Content-Type">application/json</header>
                           <header name="Accept">application/json</header>
                        </httpHeaders>
                        <body generateUsing="UnwrappedJSON" preserveJsonStringFormatting="false"/>
                     </restSimpleBinding>
                  </binding>
                  <output/>
               </action>
               <action category="Site Settings"
                       failOnError="true"
                       forSearch="false"
                       label="getActions"
                       maxRedirects="100"
                       name="getActions"
                       preemptiveAuth="true"
                       responseEncoding="">
                  <description>Read Actions. The *Site Actions* endpoint returns the list of all the shared (cross-campaign) actions for a site</description>
                  <input>
                     <parameter description="Unique site identifier"
                                label="site_idPathParam"
                                name="site_idPathParam"
                                nogen="true"
                                required="true"
                                testWith=""
                                type="string"/>
                  </input>
                  <binding>
                     <restSimpleBinding multiUsing="semicolonSeparated"
                                        url="https://{$hostName}/v1/sites/{$site_idPathParam}/sandbox/actions"
                                        verb="GET">
                        <httpHeaders>
                           <header name="Content-Type">application/json</header>
                           <header name="Accept">application/json</header>
                        </httpHeaders>
                     </restSimpleBinding>
                  </binding>
                  <output>
                     <field description="Site actions"
                            entireResponse="true"
                            name="entireResponse"
                            type="object"/>
                  </output>
               </action>
               <action category="Campaign Settings"
                       failOnError="true"
                       forSearch="false"
                       label="deleteCampaignVariant"
                       maxRedirects="100"
                       name="deleteCampaignVariant"
                       preemptiveAuth="true"
                       responseEncoding="">
                  <description>Delete Campaign Element Variant. The *Campaign Elements* endpoint deletes the variant from the element</description>
                  <input>
                     <parameter description="Unique site identifier"
                                label="site_idPathParam"
                                name="site_idPathParam"
                                nogen="true"
                                required="true"
                                testWith=""
                                type="string"/>
                     <parameter description="Unique campaign identifier"
                                label="campaign_idPathParam"
                                name="campaign_idPathParam"
                                nogen="true"
                                required="true"
                                testWith=""
                                type="string"/>
                     <parameter description="Unique element identifier"
                                label="element_idPathParam"
                                name="element_idPathParam"
                                nogen="true"
                                required="true"
                                testWith=""
                                type="string"/>
                     <parameter description="Unique variant identifier"
                                label="variant_idPathParam"
                                name="variant_idPathParam"
                                nogen="true"
                                required="true"
                                testWith=""
                                type="string"/>
                  </input>
                  <binding>
                     <restSimpleBinding multiUsing="semicolonSeparated"
                                        url="https://{$hostName}/v1/sites/{$site_idPathParam}/sandbox/campaigns/{$campaign_idPathParam}/elements/{$element_idPathParam}/variants/{$variant_idPathParam}"
                                        verb="DELETE">
                        <httpHeaders>
                           <header name="Content-Type">application/json</header>
                           <header name="Accept">application/json</header>
                        </httpHeaders>
                     </restSimpleBinding>
                  </binding>
                  <output/>
               </action>
               <action category="Campaign Settings"
                       failOnError="true"
                       forSearch="false"
                       label="putCampaignVariant"
                       maxRedirects="100"
                       name="putCampaignVariant"
                       preemptiveAuth="true"
                       responseEncoding="">
                  <description>Update Campaign Element Variant. The *Campaign Element Variants* endpoint updates a variant. You can do partial updates by providing the properties you want to update in the request body. Any properties which are not specified will remain unchanged</description>
                  <input>
                     <parameter description="Unique site identifier"
                                label="site_idPathParam"
                                name="site_idPathParam"
                                nogen="true"
                                required="true"
                                testWith=""
                                type="string"/>
                     <parameter description="Unique campaign identifier"
                                label="campaign_idPathParam"
                                name="campaign_idPathParam"
                                nogen="true"
                                required="true"
                                testWith=""
                                type="string"/>
                     <parameter description="Unique element identifier"
                                label="element_idPathParam"
                                name="element_idPathParam"
                                nogen="true"
                                required="true"
                                testWith=""
                                type="string"/>
                     <parameter description="Unique variant identifier"
                                label="variant_idPathParam"
                                name="variant_idPathParam"
                                nogen="true"
                                required="true"
                                testWith=""
                                type="string"/>
                     <parameter description="Variant settings"
                                label="request body"
                                name="request body"
                                required="true"
                                testWith=""
                                type="object"/>
                  </input>
                  <binding>
                     <restSimpleBinding multiUsing="semicolonSeparated"
                                        url="https://{$hostName}/v1/sites/{$site_idPathParam}/sandbox/campaigns/{$campaign_idPathParam}/elements/{$element_idPathParam}/variants/{$variant_idPathParam}"
                                        verb="PUT">
                        <httpHeaders>
                           <header name="Content-Type">application/json</header>
                           <header name="Accept">application/json</header>
                        </httpHeaders>
                        <body generateUsing="UnwrappedJSON" preserveJsonStringFormatting="false"/>
                     </restSimpleBinding>
                  </binding>
                  <output>
                     <field description="Campaign element variant"
                            entireResponse="true"
                            name="entireResponse"
                            type="object"/>
                  </output>
               </action>
            </actions>
            <objects>
               <processObject xmlns="http://schemas.active-endpoints.com/appmodules/screenflow/2011/06/avosHostEnvironment.xsd"
                              isByCopy="true"
                              name="condition">
                  <description/>
                  <detail>
                     <field name="condition_values" type="string"/>
                     <field name="condition_operator" type="picklist">
                        <options>
                           <option name="values">[{"value":"Is","label":"Is"},{"value":"Contains","label":"Contains"},{"value":"IsNot","label":"IsNot"},{"value":"StartsWith","label":"StartsWith"},{"value":"DoesNotStartWith","label":"DoesNotStartWith"}]</option>
                        </options>
                     </field>
                     <field name="condition_attribute" type="string"/>
                  </detail>
               </processObject>
               <processObject xmlns="http://schemas.active-endpoints.com/appmodules/screenflow/2011/06/avosHostEnvironment.xsd"
                              isByCopy="true"
                              name="targetedContent">
                  <description/>
                  <detail>
                     <field name="content_variantId" type="string"/>
                     <field name="content_isControl" type="boolean"/>
                     <field name="content_weight" type="double"/>
                  </detail>
               </processObject>
               <processObject xmlns="http://schemas.active-endpoints.com/appmodules/screenflow/2011/06/avosHostEnvironment.xsd"
                              isByCopy="true"
                              name="string">
                  <description/>
                  <detail>
                     <field name="string" type="string"/>
                  </detail>
               </processObject>
               <processObject xmlns="http://schemas.active-endpoints.com/appmodules/screenflow/2011/06/avosHostEnvironment.xsd"
                              isByCopy="true"
                              name="boolean">
                  <description/>
                  <detail>
                     <field name="boolean" type="boolean"/>
                  </detail>
               </processObject>
               <processObject xmlns="http://schemas.active-endpoints.com/appmodules/screenflow/2011/06/avosHostEnvironment.xsd"
                              isByCopy="true"
                              name="double">
                  <description/>
                  <detail>
                     <field name="double" type="double"/>
                  </detail>
               </processObject>
               <processObject xmlns="http://schemas.active-endpoints.com/appmodules/screenflow/2011/06/avosHostEnvironment.xsd"
                              isByCopy="true"
                              name="integer">
                  <description/>
                  <detail>
                     <field name="integer" type="int"/>
                  </detail>
               </processObject>
            </objects>
         </businessConnector>
      </types1:Entry>
      <types1:GUID>2gPUSJh4ysYfDfuBMiJhkQ</types1:GUID>
      <types1:DisplayName>Oracle Maxymiser REST API v2018-07-06</types1:DisplayName>
   </types1:Item>
   <types1:CurrentServerDateTime>2019-11-20T10:42:36.891Z</types1:CurrentServerDateTime>
</aetgt:getResponse>
