<aetgt:getResponse xmlns:aetgt="http://schemas.active-endpoints.com/appmodules/repository/2010/10/avrepository.xsd"
                   xmlns:types1="http://schemas.active-endpoints.com/appmodules/repository/2010/10/avrepository.xsd">
   <types1:Item>
      <types1:EntryId>t28ueJEaaaaaaaa-gt-3032320-2019-12-22T10:01:30.314Z::svc.xml</types1:EntryId>
      <types1:Name>SAP_Ariba_Discovery_RFX_Publication_to_External_Marketplace_REST_API_v1</types1:Name>
      <types1:MimeType>application/xml+businesssconnector</types1:MimeType>
      <types1:Description>This API set makes it possible to post SAP Ariba Sourcing RFx events on portals and web sites outside the usual discovery area, increasing the number of potential bidders by exposing events to new audiences in new venues.</types1:Description>
      <types1:AppliesTo/>
      <types1:Tags/>
      <types1:VersionLabel>1.0</types1:VersionLabel>
      <types1:State>CURRENT</types1:State>
      <types1:ProcessGroup/>
      <types1:CreatedBy>sorabh@na1.dm-us.org</types1:CreatedBy>
      <types1:CreationDate>2019-12-22T10:01:30Z</types1:CreationDate>
      <types1:ModifiedBy/>
      <types1:PublicationStatus>published</types1:PublicationStatus>
      <types1:PublishedBy>sorabh@na1.dm-us.org</types1:PublishedBy>
      <types1:PublicationDate>2019-12-22T10:01:34Z</types1:PublicationDate>
      <types1:PublishedContributionId>project:/rt.connector/SAP_Ariba_Discovery_RFX_Publication_to_External_Marketplace_REST_API_v1/SAP_Ariba_Discovery_RFX_Publication_to_External_Marketplace_REST_API_v1_svcDef.xml</types1:PublishedContributionId>
      <types1:AutosaveExists>false</types1:AutosaveExists>
      <types1:Entry>
         <businessConnector xmlns="http://schemas.informatica.com/socrates/data-services/2014/05/business-connector-model.xsd"
                            agentOnly="false"
                            debug="false"
                            displayName="SAP Ariba Discovery RFX Publication to External Marketplace REST API v1"
                            label=""
                            name="SAP_Ariba_Discovery_RFX_Publication_to_External_Marketplace_REST_API_v1"
                            uuid="bddb8fcc-a5bb-453f-86a9-6a6395952bff">
            <description>This API set makes it possible to post SAP Ariba Sourcing RFx events on portals and web sites outside the usual discovery area, increasing the number of potential bidders by exposing events to new audiences in new venues.</description>
            <tags/>
            <connectionAttributes xmlns="http://schemas.informatica.com/appmodules/screenflow/2014/04/avosConnectors.xsd">
               <connectionAttribute description="Host Name"
                                    masked="false"
                                    name="hostName"
                                    required="true"
                                    testWith="sandbox.api.sap.com"
                                    type="string"/>
            </connectionAttributes>
            <actions>
               <action category="event-controller"
                       failOnError="true"
                       forSearch="false"
                       label="getRfxEventStatus"
                       maxRedirects="100"
                       name="getRfxEventStatus"
                       preemptiveAuth="true"
                       responseEncoding="">
                  <description>getRfxEventStatus</description>
                  <input>
                     <parameter description="Authorization"
                                label="Authorization"
                                name="Authorization"
                                nogen="true"
                                required="true"
                                testWith=""
                                type="string"/>
                     <parameter description="rsqlfilter"
                                label="rsqlfilter"
                                name="rsqlfilter"
                                required="false"
                                testWith=""
                                type="string"/>
                  </input>
                  <binding>
                     <restSimpleBinding multiUsing="semicolonSeparated"
                                        url="https://{$hostName}/ariba/api/discoveryrfx/v1/sandbox/events"
                                        verb="GET">
                        <httpHeaders>
                           <header name="Content-Type">application/json</header>
                           <header name="Accept">*/*</header>
                           <header name="Authorization">{$Authorization}</header>
                        </httpHeaders>
                     </restSimpleBinding>
                  </binding>
                  <output/>
               </action>
               <action category="event-controller"
                       failOnError="true"
                       forSearch="false"
                       label="updateRfxEventUsingPUT"
                       maxRedirects="100"
                       name="updateRfxEventUsingPUT"
                       preemptiveAuth="true"
                       responseEncoding="">
                  <description>updateRfxEvent</description>
                  <input>
                     <parameter description="Authorization"
                                label="Authorization"
                                name="Authorization"
                                nogen="true"
                                required="true"
                                testWith=""
                                type="string"/>
                     <parameter description="siteId"
                                label="siteIdPathParam"
                                name="siteIdPathParam"
                                nogen="true"
                                required="true"
                                testWith=""
                                type="string"/>
                     <parameter description="eventId"
                                label="eventIdPathParam"
                                name="eventIdPathParam"
                                nogen="true"
                                required="true"
                                testWith=""
                                type="string"/>
                     <parameter description="rsqlfilter"
                                label="rsqlfilter"
                                name="rsqlfilter"
                                required="false"
                                testWith=""
                                type="string"/>
                     <parameter description="The external bidding url data in json format. e.g. '{&#34;url&#34;:&#34;http://gov.bc.ca&#34;}' "
                                label="biddingUrlData"
                                name="biddingUrlData"
                                required="true"
                                testWith=""
                                type="string"/>
                  </input>
                  <binding>
                     <restSimpleBinding multiUsing="semicolonSeparated"
                                        url="https://{$hostName}/ariba/api/discoveryrfx/v1/sandbox/site/{$siteIdPathParam}/events/{$eventIdPathParam}"
                                        verb="PUT">
                        <httpHeaders>
                           <header name="Content-Type">application/json</header>
                           <header name="Accept">*/*</header>
                           <header name="Authorization">{$Authorization}</header>
                        </httpHeaders>
                        <body generateUsing="UnwrappedJSON" preserveJsonStringFormatting="false"/>
                     </restSimpleBinding>
                  </binding>
                  <output/>
               </action>
               <action category="event-controller"
                       failOnError="true"
                       forSearch="false"
                       label="getRfxAttachmentUsingGET"
                       maxRedirects="100"
                       name="getRfxAttachmentUsingGET"
                       preemptiveAuth="true"
                       responseEncoding="">
                  <description>getRfxAttachment</description>
                  <input>
                     <parameter description="Authorization"
                                label="Authorization"
                                name="Authorization"
                                nogen="true"
                                required="true"
                                testWith=""
                                type="string"/>
                     <parameter description="siteId"
                                label="siteIdPathParam"
                                name="siteIdPathParam"
                                nogen="true"
                                required="true"
                                testWith=""
                                type="string"/>
                     <parameter description="eventId"
                                label="eventIdPathParam"
                                name="eventIdPathParam"
                                nogen="true"
                                required="true"
                                testWith=""
                                type="string"/>
                     <parameter description="cId"
                                label="cIdPathParam"
                                name="cIdPathParam"
                                nogen="true"
                                required="true"
                                testWith=""
                                type="string"/>
                  </input>
                  <binding>
                     <restSimpleBinding multiUsing="semicolonSeparated"
                                        url="https://{$hostName}/ariba/api/discoveryrfx/v1/sandbox/site/{$siteIdPathParam}/events/{$eventIdPathParam}/attachment/{$cIdPathParam}"
                                        verb="GET">
                        <httpHeaders>
                           <header name="Content-Type">application/json</header>
                           <header name="Accept">*/*</header>
                           <header name="Authorization">{$Authorization}</header>
                        </httpHeaders>
                     </restSimpleBinding>
                  </binding>
                  <output>
                     <field description="OK"
                            entireResponse="true"
                            name="InputStreamResource"
                            type="reference">
                        <options>
                           <option name="referenceTo">InputStreamResource</option>
                        </options>
                     </field>
                  </output>
               </action>
               <action category="event-controller"
                       failOnError="true"
                       forSearch="false"
                       label="getNextRfxEventsUsingGET"
                       maxRedirects="100"
                       name="getNextRfxEventsUsingGET"
                       preemptiveAuth="true"
                       responseEncoding="">
                  <description>getNextRfxEvents</description>
                  <input>
                     <parameter description="Authorization"
                                label="Authorization"
                                name="Authorization"
                                nogen="true"
                                required="true"
                                testWith=""
                                type="string"/>
                     <parameter description="siteId"
                                label="siteIdPathParam"
                                name="siteIdPathParam"
                                nogen="true"
                                required="true"
                                testWith=""
                                type="string"/>
                     <parameter description="rsqlfilter"
                                label="rsqlfilter"
                                name="rsqlfilter"
                                required="false"
                                testWith=""
                                type="string"/>
                  </input>
                  <binding>
                     <restSimpleBinding multiUsing="semicolonSeparated"
                                        url="https://{$hostName}/ariba/api/discoveryrfx/v1/sandbox/site/{$siteIdPathParam}/events"
                                        verb="GET">
                        <httpHeaders>
                           <header name="Content-Type">application/json</header>
                           <header name="Accept">application/json</header>
                           <header name="Authorization">{$Authorization}</header>
                        </httpHeaders>
                     </restSimpleBinding>
                  </binding>
                  <output/>
               </action>
               <action category="event-controller"
                       failOnError="true"
                       forSearch="false"
                       label="acknowledgeEventsUsingPOST"
                       maxRedirects="100"
                       name="acknowledgeEventsUsingPOST"
                       preemptiveAuth="true"
                       responseEncoding="">
                  <description>acknowledgeEvents</description>
                  <input>
                     <parameter description="Authorization"
                                label="Authorization"
                                name="Authorization"
                                nogen="true"
                                required="true"
                                testWith=""
                                type="string"/>
                     <parameter description="siteId"
                                label="siteIdPathParam"
                                name="siteIdPathParam"
                                nogen="true"
                                required="true"
                                testWith=""
                                type="string"/>
                     <parameter description="eventId"
                                label="eventIdPathParam"
                                name="eventIdPathParam"
                                nogen="true"
                                required="true"
                                testWith=""
                                type="string"/>
                  </input>
                  <binding>
                     <restSimpleBinding multiUsing="semicolonSeparated"
                                        url="https://{$hostName}/ariba/api/discoveryrfx/v1/sandbox/action/site/{$siteIdPathParam}/events/{$eventIdPathParam}/acknowledge"
                                        verb="POST">
                        <httpHeaders>
                           <header name="Content-Type">application/json</header>
                           <header name="Accept">application/json</header>
                           <header name="Authorization">{$Authorization}</header>
                        </httpHeaders>
                        <body generateUsing="UnwrappedJSON" preserveJsonStringFormatting="false"/>
                     </restSimpleBinding>
                  </binding>
                  <output/>
               </action>
            </actions>
            <objects>
               <processObject xmlns="http://schemas.active-endpoints.com/appmodules/screenflow/2011/06/avosHostEnvironment.xsd"
                              isByCopy="true"
                              name="Number">
                  <description/>
                  <detail/>
               </processObject>
               <processObject xmlns="http://schemas.active-endpoints.com/appmodules/screenflow/2011/06/avosHostEnvironment.xsd"
                              isByCopy="true"
                              name="InputStream">
                  <description/>
                  <detail/>
               </processObject>
               <processObject xmlns="http://schemas.active-endpoints.com/appmodules/screenflow/2011/06/avosHostEnvironment.xsd"
                              isByCopy="true"
                              name="AmountRange">
                  <description/>
                  <detail>
                     <field name="lowerEnd" type="string"/>
                     <field name="upperEnd" type="string"/>
                  </detail>
               </processObject>
               <processObject xmlns="http://schemas.active-endpoints.com/appmodules/screenflow/2011/06/avosHostEnvironment.xsd"
                              isByCopy="true"
                              name="Event">
                  <description/>
                  <detail>
                     <field name="eventId" type="string"/>
                     <field name="attachments" type="objectlist">
                        <options>
                           <option name="referenceTo">Attachment</option>
                           <option name="relationshipName">Child</option>
                        </options>
                     </field>
                     <field name="description" type="string"/>
                     <field name="postingTitle" type="string"/>
                     <field name="awardDate" type="string"/>
                     <field name="productCategories" type="objectlist">
                        <options>
                           <option name="referenceTo">string</option>
                           <option name="relationshipName">Child</option>
                        </options>
                     </field>
                     <field name="buyerANID" type="string"/>
                     <field name="serviceLocations" type="objectlist">
                        <options>
                           <option name="referenceTo">string</option>
                           <option name="relationshipName">Child</option>
                        </options>
                     </field>
                     <field name="opportunityAmtRange" type="reference">
                        <options>
                           <option name="referenceTo">AmountRange</option>
                           <option name="relationshipName">Child</option>
                        </options>
                     </field>
                     <field name="responseDeadline" type="string"/>
                     <field name="startDate" type="string"/>
                     <field name="contractLength" type="reference">
                        <options>
                           <option name="referenceTo">Number</option>
                           <option name="relationshipName">Child</option>
                        </options>
                     </field>
                     <field name="discoveryURL" type="string"/>
                  </detail>
               </processObject>
               <processObject xmlns="http://schemas.active-endpoints.com/appmodules/screenflow/2011/06/avosHostEnvironment.xsd"
                              isByCopy="true"
                              name="Attachment">
                  <description/>
                  <detail>
                     <field name="fileName" type="string"/>
                     <field name="fileSize" type="reference">
                        <options>
                           <option name="referenceTo">Number</option>
                           <option name="relationshipName">Child</option>
                        </options>
                     </field>
                     <field name="isZip" type="boolean"/>
                     <field name="uri" type="string"/>
                     <field name="cid" type="string"/>
                  </detail>
               </processObject>
               <processObject xmlns="http://schemas.active-endpoints.com/appmodules/screenflow/2011/06/avosHostEnvironment.xsd"
                              isByCopy="true"
                              name="URI">
                  <description/>
                  <detail>
                     <field name="rawFragment" type="string"/>
                     <field name="userInfo" type="string"/>
                     <field name="opaque" type="boolean"/>
                     <field name="scheme" type="string"/>
                     <field name="query" type="string"/>
                     <field name="schemeSpecificPart" type="string"/>
                     <field name="rawUserInfo" type="string"/>
                     <field name="path" type="string"/>
                     <field name="fragment" type="string"/>
                     <field name="rawPath" type="string"/>
                     <field name="port" type="int"/>
                     <field name="rawSchemeSpecificPart" type="string"/>
                     <field name="absolute" type="boolean"/>
                     <field name="rawAuthority" type="string"/>
                     <field name="authority" type="string"/>
                     <field name="host" type="string"/>
                     <field name="rawQuery" type="string"/>
                  </detail>
               </processObject>
               <processObject xmlns="http://schemas.active-endpoints.com/appmodules/screenflow/2011/06/avosHostEnvironment.xsd"
                              isByCopy="true"
                              name="File">
                  <description/>
                  <detail>
                     <field name="parent" type="string"/>
                     <field name="path" type="string"/>
                     <field name="file" type="boolean"/>
                     <field name="hidden" type="boolean"/>
                     <field name="freeSpace" type="int"/>
                     <field name="absolute" type="boolean"/>
                     <field name="canonicalPath" type="string"/>
                     <field name="name" type="string"/>
                     <field name="absolutePath" type="string"/>
                     <field name="totalSpace" type="int"/>
                     <field name="usableSpace" type="int"/>
                     <field name="directory" type="boolean"/>
                  </detail>
               </processObject>
               <processObject xmlns="http://schemas.active-endpoints.com/appmodules/screenflow/2011/06/avosHostEnvironment.xsd"
                              isByCopy="true"
                              name="URL">
                  <description/>
                  <detail>
                     <field name="defaultPort" type="int"/>
                     <field name="userInfo" type="string"/>
                     <field name="path" type="string"/>
                     <field name="protocol" type="string"/>
                     <field name="ref" type="string"/>
                     <field name="file" type="string"/>
                     <field name="port" type="int"/>
                     <field name="query" type="string"/>
                     <field name="authority" type="string"/>
                     <field name="host" type="string"/>
                     <field name="content" type="object"/>
                  </detail>
               </processObject>
               <processObject xmlns="http://schemas.active-endpoints.com/appmodules/screenflow/2011/06/avosHostEnvironment.xsd"
                              isByCopy="true"
                              name="InputStreamResource">
                  <description/>
                  <detail>
                     <field name="readable" type="boolean"/>
                     <field name="file" type="reference">
                        <options>
                           <option name="referenceTo">File</option>
                           <option name="relationshipName">Child</option>
                        </options>
                     </field>
                     <field name="filename" type="string"/>
                     <field name="description" type="string"/>
                     <field name="inputStream" type="reference">
                        <options>
                           <option name="referenceTo">InputStream</option>
                           <option name="relationshipName">Child</option>
                        </options>
                     </field>
                     <field name="uri" type="reference">
                        <options>
                           <option name="referenceTo">URI</option>
                           <option name="relationshipName">Child</option>
                        </options>
                     </field>
                     <field name="url" type="reference">
                        <options>
                           <option name="referenceTo">URL</option>
                           <option name="relationshipName">Child</option>
                        </options>
                     </field>
                     <field name="open" type="boolean"/>
                  </detail>
               </processObject>
               <processObject xmlns="http://schemas.active-endpoints.com/appmodules/screenflow/2011/06/avosHostEnvironment.xsd"
                              isByCopy="true"
                              name="string">
                  <description/>
                  <detail>
                     <field name="string" type="string"/>
                  </detail>
               </processObject>
               <processObject xmlns="http://schemas.active-endpoints.com/appmodules/screenflow/2011/06/avosHostEnvironment.xsd"
                              isByCopy="true"
                              name="boolean">
                  <description/>
                  <detail>
                     <field name="boolean" type="boolean"/>
                  </detail>
               </processObject>
               <processObject xmlns="http://schemas.active-endpoints.com/appmodules/screenflow/2011/06/avosHostEnvironment.xsd"
                              isByCopy="true"
                              name="double">
                  <description/>
                  <detail>
                     <field name="double" type="double"/>
                  </detail>
               </processObject>
               <processObject xmlns="http://schemas.active-endpoints.com/appmodules/screenflow/2011/06/avosHostEnvironment.xsd"
                              isByCopy="true"
                              name="integer">
                  <description/>
                  <detail>
                     <field name="integer" type="int"/>
                  </detail>
               </processObject>
            </objects>
         </businessConnector>
      </types1:Entry>
      <types1:GUID>kckwynoZbQ1jqvAeagARid</types1:GUID>
      <types1:DisplayName>SAP Ariba Discovery RFX Publication to External Marketplace REST API v1</types1:DisplayName>
   </types1:Item>
   <types1:CurrentServerDateTime>2019-12-22T10:15:09.367Z</types1:CurrentServerDateTime>
</aetgt:getResponse>
