<aetgt:getResponse xmlns:aetgt="http://schemas.active-endpoints.com/appmodules/repository/2010/10/avrepository.xsd"
                   xmlns:types1="http://schemas.active-endpoints.com/appmodules/repository/2010/10/avrepository.xsd">
   <types1:Item>
      <types1:EntryId>z4dsFsdsFsdsFsd-gt-2157699-2019-11-18T04:17:19.411Z::svc.xml</types1:EntryId>
      <types1:Name>SAP_S4HANA_Product_Group_-_Read_API_v1</types1:Name>
      <types1:MimeType>application/xml+businesssconnector</types1:MimeType>
      <types1:Description>The service contains  product group and product group text  nodes.</types1:Description>
      <types1:AppliesTo/>
      <types1:Tags/>
      <types1:VersionLabel>1.0</types1:VersionLabel>
      <types1:State>CURRENT</types1:State>
      <types1:ProcessGroup/>
      <types1:CreatedBy>sorabh@na1.dm-us.org</types1:CreatedBy>
      <types1:CreationDate>2019-11-18T04:17:19Z</types1:CreationDate>
      <types1:ModifiedBy/>
      <types1:PublicationStatus>published</types1:PublicationStatus>
      <types1:PublishedBy>sorabh@na1.dm-us.org</types1:PublishedBy>
      <types1:PublicationDate>2019-11-18T04:17:23Z</types1:PublicationDate>
      <types1:PublishedContributionId>project:/rt.connector/SAP_S4HANA_Product_Group___Read_API_v1/SAP_S4HANA_Product_Group___Read_API_v1_svcDef.xml</types1:PublishedContributionId>
      <types1:AutosaveExists>false</types1:AutosaveExists>
      <types1:Entry>
         <businessConnector xmlns="http://schemas.informatica.com/socrates/data-services/2014/05/business-connector-model.xsd"
                            agentOnly="false"
                            debug="false"
                            displayName="SAP S4HANA Product Group - Read API v1"
                            label=""
                            name="SAP_S4HANA_Product_Group_-_Read_API_v1"
                            uuid="0e3f86ae-d179-4ca8-a638-0b74be1281ff">
            <description>The service contains  product group and product group text  nodes.</description>
            <tags/>
            <connectionAttributes xmlns="http://schemas.informatica.com/appmodules/screenflow/2014/04/avosConnectors.xsd">
               <connectionAttribute description="Host Name"
                                    masked="false"
                                    name="hostName"
                                    required="true"
                                    testWith="sandbox.api.sap.com"
                                    type="string"/>
               <connectionAttribute description="User Name"
                                    masked="false"
                                    name="username"
                                    required="true"
                                    testWith=""
                                    type="string"/>
               <connectionAttribute description="Password"
                                    masked="true"
                                    name="password"
                                    required="true"
                                    testWith=""
                                    type="string"/>
            </connectionAttributes>
            <actions>
               <action category="A_ProductGroupText"
                       failOnError="true"
                       forSearch="false"
                       label="GET_A_ProductGroupText_MaterialGroup_MaterialGroup_Language_Language_"
                       maxRedirects="100"
                       name="GET_A_ProductGroupText_MaterialGroup_MaterialGroup_Language_Language_"
                       preemptiveAuth="true"
                       responseEncoding="">
                  <description>Get entity from A_ProductGroupText by key</description>
                  <input>
                     <parameter description="Select properties to be returned, see [Select](https://help.sap.com/doc/5890d27be418427993fafa6722cdc03b/Cloud/en-US/OdataV2.pdf#page=68)"
                                label="$select"
                                name="$select"
                                required="false"
                                testWith=""
                                type="picklist">
                        <options>
                           <option name="values">[{"value":"MaterialGroup","label":"MaterialGroup"},{"value":"Language","label":"Language"},{"value":"MaterialGroupName","label":"MaterialGroupName"},{"value":"MaterialGroupText","label":"MaterialGroupText"},{"value":"to_MaterialGroup","label":"to_MaterialGroup"}]</option>
                        </options>
                     </parameter>
                     <parameter description="Expand related entities, see [Expand](https://help.sap.com/doc/5890d27be418427993fafa6722cdc03b/Cloud/en-US/OdataV2.pdf#page=63)"
                                label="$expand"
                                name="$expand"
                                required="false"
                                testWith=""
                                type="picklist">
                        <options>
                           <option name="values">[{"value":"to_MaterialGroup","label":"to_MaterialGroup"}]</option>
                        </options>
                     </parameter>
                     <parameter description="Key that you use to group together several products or services with the same attributes, and to assign them to a particular product group.  &#xA;You can use product groups to:Restrict the scope of analysesSearch specifically for product master records via search helpsIf you have not defined a product group hierarchy using the classification system, you maintain product groups in Customizing for the Material Master in Define material groups.If you have defined a product group hierarchy, which is normally the case in retail, you maintain product groups in Customizing for Material Groups or from the initial Retailing screen by choosing Master data -&gt; Material group."
                                label="MaterialGroupPathParam"
                                name="MaterialGroupPathParam"
                                nogen="true"
                                required="true"
                                testWith=""
                                type="string"/>
                     <parameter description="The language key indicates  &#xA;- the language in which texts are displayed,- the language in which you enter texts,- the language in which the system prints texts."
                                label="LanguagePathParam"
                                name="LanguagePathParam"
                                nogen="true"
                                required="true"
                                testWith=""
                                type="string"/>
                  </input>
                  <binding>
                     <restSimpleBinding multiUsing="semicolonSeparated"
                                        url="https://{$hostName}/s4hanacloud/sap/opu/odata/sap/API_PRODUCTGROUP_SRV/A_ProductGroupText(MaterialGroup='{$MaterialGroupPathParam}',Language='{$LanguagePathParam}')"
                                        verb="GET">
                        <authentication>
                           <username>{$username}</username>
                           <password>{$password}</password>
                           <isExpressionInPassword>true</isExpressionInPassword>
                        </authentication>
                        <httpHeaders>
                           <header name="Content-Type">application/json</header>
                           <header name="Accept">application/json</header>
                        </httpHeaders>
                     </restSimpleBinding>
                  </binding>
                  <output>
                     <field description="Retrieved entity"
                            entireResponse="true"
                            name="entireResponse"
                            type="object"/>
                  </output>
               </action>
               <action category="A_ProductGroup"
                       failOnError="true"
                       forSearch="false"
                       label="GET_A_ProductGroup"
                       maxRedirects="100"
                       name="GET_A_ProductGroup"
                       preemptiveAuth="true"
                       responseEncoding="">
                  <description>Get entities from A_ProductGroup</description>
                  <input>
                     <parameter description="Show only the first n items, see [Paging - Top](https://help.sap.com/doc/5890d27be418427993fafa6722cdc03b/Cloud/en-US/OdataV2.pdf#page=66)"
                                label="$top"
                                name="$top"
                                required="false"
                                testWith=""
                                type="int"/>
                     <parameter description="Skip the first n items, see [Paging - Skip](https://help.sap.com/doc/5890d27be418427993fafa6722cdc03b/Cloud/en-US/OdataV2.pdf#page=65)"
                                label="$skip"
                                name="$skip"
                                required="false"
                                testWith=""
                                type="int"/>
                     <parameter description="Filter items by property values, see [Filtering](https://help.sap.com/doc/5890d27be418427993fafa6722cdc03b/Cloud/en-US/OdataV2.pdf#page=64)"
                                label="$filter"
                                name="$filter"
                                required="false"
                                testWith=""
                                type="string"/>
                     <parameter description="Include count of items, see [Inlinecount](https://help.sap.com/doc/5890d27be418427993fafa6722cdc03b/Cloud/en-US/OdataV2.pdf#page=67)"
                                label="$inlinecount"
                                name="$inlinecount"
                                required="false"
                                testWith=""
                                type="picklist">
                        <options>
                           <option name="values">[{"value":"allpages","label":"allpages"},{"value":"none","label":"none"}]</option>
                        </options>
                     </parameter>
                     <parameter description="Order items by property values, see [Sorting](https://help.sap.com/doc/5890d27be418427993fafa6722cdc03b/Cloud/en-US/OdataV2.pdf#page=65)"
                                label="$orderby"
                                name="$orderby"
                                required="false"
                                testWith=""
                                type="picklist">
                        <options>
                           <option name="values">[{"value":"MaterialGroup","label":"MaterialGroup"},{"value":"MaterialGroup desc","label":"MaterialGroup desc"},{"value":"AuthorizationGroup","label":"AuthorizationGroup"},{"value":"AuthorizationGroup desc","label":"AuthorizationGroup desc"}]</option>
                        </options>
                     </parameter>
                     <parameter description="Select properties to be returned, see [Select](https://help.sap.com/doc/5890d27be418427993fafa6722cdc03b/Cloud/en-US/OdataV2.pdf#page=68)"
                                label="$select"
                                name="$select"
                                required="false"
                                testWith=""
                                type="picklist">
                        <options>
                           <option name="values">[{"value":"MaterialGroup","label":"MaterialGroup"},{"value":"AuthorizationGroup","label":"AuthorizationGroup"},{"value":"to_Text","label":"to_Text"}]</option>
                        </options>
                     </parameter>
                     <parameter description="Expand related entities, see [Expand](https://help.sap.com/doc/5890d27be418427993fafa6722cdc03b/Cloud/en-US/OdataV2.pdf#page=63)"
                                label="$expand"
                                name="$expand"
                                required="false"
                                testWith=""
                                type="picklist">
                        <options>
                           <option name="values">[{"value":"to_Text","label":"to_Text"}]</option>
                        </options>
                     </parameter>
                  </input>
                  <binding>
                     <restSimpleBinding multiUsing="semicolonSeparated"
                                        url="https://{$hostName}/s4hanacloud/sap/opu/odata/sap/API_PRODUCTGROUP_SRV/A_ProductGroup"
                                        verb="GET">
                        <authentication>
                           <username>{$username}</username>
                           <password>{$password}</password>
                           <isExpressionInPassword>true</isExpressionInPassword>
                        </authentication>
                        <httpHeaders>
                           <header name="Content-Type">application/json</header>
                           <header name="Accept">application/json</header>
                        </httpHeaders>
                     </restSimpleBinding>
                  </binding>
                  <output>
                     <field description="Retrieved entities"
                            entireResponse="true"
                            name="entireResponse"
                            type="object"/>
                  </output>
               </action>
               <action category="A_ProductGroup"
                       failOnError="true"
                       forSearch="false"
                       label="GET_A_ProductGroup_MaterialGroup_"
                       maxRedirects="100"
                       name="GET_A_ProductGroup_MaterialGroup_"
                       preemptiveAuth="true"
                       responseEncoding="">
                  <description>Get entity from A_ProductGroup by key</description>
                  <input>
                     <parameter description="Select properties to be returned, see [Select](https://help.sap.com/doc/5890d27be418427993fafa6722cdc03b/Cloud/en-US/OdataV2.pdf#page=68)"
                                label="$select"
                                name="$select"
                                required="false"
                                testWith=""
                                type="picklist">
                        <options>
                           <option name="values">[{"value":"MaterialGroup","label":"MaterialGroup"},{"value":"AuthorizationGroup","label":"AuthorizationGroup"},{"value":"to_Text","label":"to_Text"}]</option>
                        </options>
                     </parameter>
                     <parameter description="Expand related entities, see [Expand](https://help.sap.com/doc/5890d27be418427993fafa6722cdc03b/Cloud/en-US/OdataV2.pdf#page=63)"
                                label="$expand"
                                name="$expand"
                                required="false"
                                testWith=""
                                type="picklist">
                        <options>
                           <option name="values">[{"value":"to_Text","label":"to_Text"}]</option>
                        </options>
                     </parameter>
                     <parameter description="Key that you use to group together several products or services with the same attributes, and to assign them to a particular product group.  &#xA;You can use product groups to:Restrict the scope of analysesSearch specifically for product master records via search helpsIf you have not defined a product group hierarchy using the classification system, you maintain product groups in Customizing for the Material Master in Define material groups.If you have defined a product group hierarchy, which is normally the case in retail, you maintain product groups in Customizing for Material Groups or from the initial Retailing screen by choosing Master data -&gt; Material group."
                                label="MaterialGroupPathParam"
                                name="MaterialGroupPathParam"
                                nogen="true"
                                required="true"
                                testWith=""
                                type="string"/>
                  </input>
                  <binding>
                     <restSimpleBinding multiUsing="semicolonSeparated"
                                        url="https://{$hostName}/s4hanacloud/sap/opu/odata/sap/API_PRODUCTGROUP_SRV/A_ProductGroup('{$MaterialGroupPathParam}')"
                                        verb="GET">
                        <authentication>
                           <username>{$username}</username>
                           <password>{$password}</password>
                           <isExpressionInPassword>true</isExpressionInPassword>
                        </authentication>
                        <httpHeaders>
                           <header name="Content-Type">application/json</header>
                           <header name="Accept">application/json</header>
                        </httpHeaders>
                     </restSimpleBinding>
                  </binding>
                  <output>
                     <field description="Retrieved entity"
                            entireResponse="true"
                            name="entireResponse"
                            type="object"/>
                  </output>
               </action>
               <action category="A_ProductGroup"
                       failOnError="true"
                       forSearch="false"
                       label="GET_A_ProductGroup_MaterialGroup_to_Text"
                       maxRedirects="100"
                       name="GET_A_ProductGroup_MaterialGroup_to_Text"
                       preemptiveAuth="true"
                       responseEncoding="">
                  <description>Get entities from related to_Text</description>
                  <input>
                     <parameter description="Show only the first n items, see [Paging - Top](https://help.sap.com/doc/5890d27be418427993fafa6722cdc03b/Cloud/en-US/OdataV2.pdf#page=66)"
                                label="$top"
                                name="$top"
                                required="false"
                                testWith=""
                                type="int"/>
                     <parameter description="Skip the first n items, see [Paging - Skip](https://help.sap.com/doc/5890d27be418427993fafa6722cdc03b/Cloud/en-US/OdataV2.pdf#page=65)"
                                label="$skip"
                                name="$skip"
                                required="false"
                                testWith=""
                                type="int"/>
                     <parameter description="Filter items by property values, see [Filtering](https://help.sap.com/doc/5890d27be418427993fafa6722cdc03b/Cloud/en-US/OdataV2.pdf#page=64)"
                                label="$filter"
                                name="$filter"
                                required="false"
                                testWith=""
                                type="string"/>
                     <parameter description="Include count of items, see [Inlinecount](https://help.sap.com/doc/5890d27be418427993fafa6722cdc03b/Cloud/en-US/OdataV2.pdf#page=67)"
                                label="$inlinecount"
                                name="$inlinecount"
                                required="false"
                                testWith=""
                                type="picklist">
                        <options>
                           <option name="values">[{"value":"allpages","label":"allpages"},{"value":"none","label":"none"}]</option>
                        </options>
                     </parameter>
                     <parameter description="Order items by property values, see [Sorting](https://help.sap.com/doc/5890d27be418427993fafa6722cdc03b/Cloud/en-US/OdataV2.pdf#page=65)"
                                label="$orderby"
                                name="$orderby"
                                required="false"
                                testWith=""
                                type="picklist">
                        <options>
                           <option name="values">[{"value":"MaterialGroup","label":"MaterialGroup"},{"value":"MaterialGroup desc","label":"MaterialGroup desc"},{"value":"Language","label":"Language"},{"value":"Language desc","label":"Language desc"},{"value":"MaterialGroupName","label":"MaterialGroupName"},{"value":"MaterialGroupName desc","label":"MaterialGroupName desc"},{"value":"MaterialGroupText","label":"MaterialGroupText"},{"value":"MaterialGroupText desc","label":"MaterialGroupText desc"}]</option>
                        </options>
                     </parameter>
                     <parameter description="Select properties to be returned, see [Select](https://help.sap.com/doc/5890d27be418427993fafa6722cdc03b/Cloud/en-US/OdataV2.pdf#page=68)"
                                label="$select"
                                name="$select"
                                required="false"
                                testWith=""
                                type="picklist">
                        <options>
                           <option name="values">[{"value":"MaterialGroup","label":"MaterialGroup"},{"value":"Language","label":"Language"},{"value":"MaterialGroupName","label":"MaterialGroupName"},{"value":"MaterialGroupText","label":"MaterialGroupText"},{"value":"to_MaterialGroup","label":"to_MaterialGroup"}]</option>
                        </options>
                     </parameter>
                     <parameter description="Expand related entities, see [Expand](https://help.sap.com/doc/5890d27be418427993fafa6722cdc03b/Cloud/en-US/OdataV2.pdf#page=63)"
                                label="$expand"
                                name="$expand"
                                required="false"
                                testWith=""
                                type="picklist">
                        <options>
                           <option name="values">[{"value":"to_MaterialGroup","label":"to_MaterialGroup"}]</option>
                        </options>
                     </parameter>
                     <parameter description="Key that you use to group together several products or services with the same attributes, and to assign them to a particular product group.  &#xA;You can use product groups to:Restrict the scope of analysesSearch specifically for product master records via search helpsIf you have not defined a product group hierarchy using the classification system, you maintain product groups in Customizing for the Material Master in Define material groups.If you have defined a product group hierarchy, which is normally the case in retail, you maintain product groups in Customizing for Material Groups or from the initial Retailing screen by choosing Master data -&gt; Material group."
                                label="MaterialGroupPathParam"
                                name="MaterialGroupPathParam"
                                nogen="true"
                                required="true"
                                testWith=""
                                type="string"/>
                  </input>
                  <binding>
                     <restSimpleBinding multiUsing="semicolonSeparated"
                                        url="https://{$hostName}/s4hanacloud/sap/opu/odata/sap/API_PRODUCTGROUP_SRV/A_ProductGroup('{$MaterialGroupPathParam}')/to_Text"
                                        verb="GET">
                        <authentication>
                           <username>{$username}</username>
                           <password>{$password}</password>
                           <isExpressionInPassword>true</isExpressionInPassword>
                        </authentication>
                        <httpHeaders>
                           <header name="Content-Type">application/json</header>
                           <header name="Accept">application/json</header>
                        </httpHeaders>
                     </restSimpleBinding>
                  </binding>
                  <output>
                     <field description="Retrieved entities"
                            entireResponse="true"
                            name="entireResponse"
                            type="object"/>
                  </output>
               </action>
               <action category="A_ProductGroupText"
                       failOnError="true"
                       forSearch="false"
                       label="GET_A_ProductGroupText_MaterialGroup_MaterialGroup_Language_Language_to_MaterialGroup"
                       maxRedirects="100"
                       name="GET_A_ProductGroupText_MaterialGroup_MaterialGroup_Language_Language_to_MaterialGroup"
                       preemptiveAuth="true"
                       responseEncoding="">
                  <description>Get related to_MaterialGroup</description>
                  <input>
                     <parameter description="Select properties to be returned, see [Select](https://help.sap.com/doc/5890d27be418427993fafa6722cdc03b/Cloud/en-US/OdataV2.pdf#page=68)"
                                label="$select"
                                name="$select"
                                required="false"
                                testWith=""
                                type="picklist">
                        <options>
                           <option name="values">[{"value":"MaterialGroup","label":"MaterialGroup"},{"value":"AuthorizationGroup","label":"AuthorizationGroup"},{"value":"to_Text","label":"to_Text"}]</option>
                        </options>
                     </parameter>
                     <parameter description="Expand related entities, see [Expand](https://help.sap.com/doc/5890d27be418427993fafa6722cdc03b/Cloud/en-US/OdataV2.pdf#page=63)"
                                label="$expand"
                                name="$expand"
                                required="false"
                                testWith=""
                                type="picklist">
                        <options>
                           <option name="values">[{"value":"to_Text","label":"to_Text"}]</option>
                        </options>
                     </parameter>
                     <parameter description="Key that you use to group together several products or services with the same attributes, and to assign them to a particular product group.  &#xA;You can use product groups to:Restrict the scope of analysesSearch specifically for product master records via search helpsIf you have not defined a product group hierarchy using the classification system, you maintain product groups in Customizing for the Material Master in Define material groups.If you have defined a product group hierarchy, which is normally the case in retail, you maintain product groups in Customizing for Material Groups or from the initial Retailing screen by choosing Master data -&gt; Material group."
                                label="MaterialGroupPathParam"
                                name="MaterialGroupPathParam"
                                nogen="true"
                                required="true"
                                testWith=""
                                type="string"/>
                     <parameter description="The language key indicates  &#xA;- the language in which texts are displayed,- the language in which you enter texts,- the language in which the system prints texts."
                                label="LanguagePathParam"
                                name="LanguagePathParam"
                                nogen="true"
                                required="true"
                                testWith=""
                                type="string"/>
                  </input>
                  <binding>
                     <restSimpleBinding multiUsing="semicolonSeparated"
                                        url="https://{$hostName}/s4hanacloud/sap/opu/odata/sap/API_PRODUCTGROUP_SRV/A_ProductGroupText(MaterialGroup='{$MaterialGroupPathParam}',Language='{$LanguagePathParam}')/to_MaterialGroup"
                                        verb="GET">
                        <authentication>
                           <username>{$username}</username>
                           <password>{$password}</password>
                           <isExpressionInPassword>true</isExpressionInPassword>
                        </authentication>
                        <httpHeaders>
                           <header name="Content-Type">application/json</header>
                           <header name="Accept">application/json</header>
                        </httpHeaders>
                     </restSimpleBinding>
                  </binding>
                  <output>
                     <field description="Retrieved entity"
                            entireResponse="true"
                            name="entireResponse"
                            type="object"/>
                  </output>
               </action>
               <action category="A_ProductGroupText"
                       failOnError="true"
                       forSearch="false"
                       label="GET_A_ProductGroupText"
                       maxRedirects="100"
                       name="GET_A_ProductGroupText"
                       preemptiveAuth="true"
                       responseEncoding="">
                  <description>Get entities from A_ProductGroupText</description>
                  <input>
                     <parameter description="Show only the first n items, see [Paging - Top](https://help.sap.com/doc/5890d27be418427993fafa6722cdc03b/Cloud/en-US/OdataV2.pdf#page=66)"
                                label="$top"
                                name="$top"
                                required="false"
                                testWith=""
                                type="int"/>
                     <parameter description="Skip the first n items, see [Paging - Skip](https://help.sap.com/doc/5890d27be418427993fafa6722cdc03b/Cloud/en-US/OdataV2.pdf#page=65)"
                                label="$skip"
                                name="$skip"
                                required="false"
                                testWith=""
                                type="int"/>
                     <parameter description="Filter items by property values, see [Filtering](https://help.sap.com/doc/5890d27be418427993fafa6722cdc03b/Cloud/en-US/OdataV2.pdf#page=64)"
                                label="$filter"
                                name="$filter"
                                required="false"
                                testWith=""
                                type="string"/>
                     <parameter description="Include count of items, see [Inlinecount](https://help.sap.com/doc/5890d27be418427993fafa6722cdc03b/Cloud/en-US/OdataV2.pdf#page=67)"
                                label="$inlinecount"
                                name="$inlinecount"
                                required="false"
                                testWith=""
                                type="picklist">
                        <options>
                           <option name="values">[{"value":"allpages","label":"allpages"},{"value":"none","label":"none"}]</option>
                        </options>
                     </parameter>
                     <parameter description="Order items by property values, see [Sorting](https://help.sap.com/doc/5890d27be418427993fafa6722cdc03b/Cloud/en-US/OdataV2.pdf#page=65)"
                                label="$orderby"
                                name="$orderby"
                                required="false"
                                testWith=""
                                type="picklist">
                        <options>
                           <option name="values">[{"value":"MaterialGroup","label":"MaterialGroup"},{"value":"MaterialGroup desc","label":"MaterialGroup desc"},{"value":"Language","label":"Language"},{"value":"Language desc","label":"Language desc"},{"value":"MaterialGroupName","label":"MaterialGroupName"},{"value":"MaterialGroupName desc","label":"MaterialGroupName desc"},{"value":"MaterialGroupText","label":"MaterialGroupText"},{"value":"MaterialGroupText desc","label":"MaterialGroupText desc"}]</option>
                        </options>
                     </parameter>
                     <parameter description="Select properties to be returned, see [Select](https://help.sap.com/doc/5890d27be418427993fafa6722cdc03b/Cloud/en-US/OdataV2.pdf#page=68)"
                                label="$select"
                                name="$select"
                                required="false"
                                testWith=""
                                type="picklist">
                        <options>
                           <option name="values">[{"value":"MaterialGroup","label":"MaterialGroup"},{"value":"Language","label":"Language"},{"value":"MaterialGroupName","label":"MaterialGroupName"},{"value":"MaterialGroupText","label":"MaterialGroupText"},{"value":"to_MaterialGroup","label":"to_MaterialGroup"}]</option>
                        </options>
                     </parameter>
                     <parameter description="Expand related entities, see [Expand](https://help.sap.com/doc/5890d27be418427993fafa6722cdc03b/Cloud/en-US/OdataV2.pdf#page=63)"
                                label="$expand"
                                name="$expand"
                                required="false"
                                testWith=""
                                type="picklist">
                        <options>
                           <option name="values">[{"value":"to_MaterialGroup","label":"to_MaterialGroup"}]</option>
                        </options>
                     </parameter>
                  </input>
                  <binding>
                     <restSimpleBinding multiUsing="semicolonSeparated"
                                        url="https://{$hostName}/s4hanacloud/sap/opu/odata/sap/API_PRODUCTGROUP_SRV/A_ProductGroupText"
                                        verb="GET">
                        <authentication>
                           <username>{$username}</username>
                           <password>{$password}</password>
                           <isExpressionInPassword>true</isExpressionInPassword>
                        </authentication>
                        <httpHeaders>
                           <header name="Content-Type">application/json</header>
                           <header name="Accept">application/json</header>
                        </httpHeaders>
                     </restSimpleBinding>
                  </binding>
                  <output>
                     <field description="Retrieved entities"
                            entireResponse="true"
                            name="entireResponse"
                            type="object"/>
                  </output>
               </action>
            </actions>
            <objects>
               <processObject xmlns="http://schemas.active-endpoints.com/appmodules/screenflow/2011/06/avosHostEnvironment.xsd"
                              isByCopy="true"
                              name="API_PRODUCTGROUP_SRV_A_ProductGroupTextType">
                  <description/>
                  <detail>
                     <field name="to_MaterialGroup" type="reference">
                        <options>
                           <option name="referenceTo">API_PRODUCTGROUP_SRV_A_ProductGroupType</option>
                           <option name="relationshipName">Child</option>
                        </options>
                     </field>
                     <field name="Language" type="string"/>
                     <field name="MaterialGroup" type="string"/>
                     <field name="MaterialGroupText" type="string"/>
                     <field name="MaterialGroupName" type="string"/>
                  </detail>
               </processObject>
               <processObject xmlns="http://schemas.active-endpoints.com/appmodules/screenflow/2011/06/avosHostEnvironment.xsd"
                              isByCopy="true"
                              name="API_PRODUCTGROUP_SRV_A_ProductGroupType_update">
                  <description/>
                  <detail>
                     <field name="AuthorizationGroup" type="string"/>
                  </detail>
               </processObject>
               <processObject xmlns="http://schemas.active-endpoints.com/appmodules/screenflow/2011/06/avosHostEnvironment.xsd"
                              isByCopy="true"
                              name="API_PRODUCTGROUP_SRV_A_ProductGroupTextType_update">
                  <description/>
                  <detail>
                     <field name="MaterialGroupText" type="string"/>
                     <field name="MaterialGroupName" type="string"/>
                  </detail>
               </processObject>
               <processObject xmlns="http://schemas.active-endpoints.com/appmodules/screenflow/2011/06/avosHostEnvironment.xsd"
                              isByCopy="true"
                              name="API_PRODUCTGROUP_SRV_A_ProductGroupType">
                  <description/>
                  <detail>
                     <field name="MaterialGroup" type="string"/>
                     <field name="AuthorizationGroup" type="string"/>
                     <field name="to_Text" type="object"/>
                  </detail>
               </processObject>
               <processObject xmlns="http://schemas.active-endpoints.com/appmodules/screenflow/2011/06/avosHostEnvironment.xsd"
                              isByCopy="true"
                              name="error">
                  <description/>
                  <detail>
                     <field name="error" type="object"/>
                  </detail>
               </processObject>
               <processObject xmlns="http://schemas.active-endpoints.com/appmodules/screenflow/2011/06/avosHostEnvironment.xsd"
                              isByCopy="true"
                              name="API_PRODUCTGROUP_SRV_A_ProductGroupTextType_create">
                  <description/>
                  <detail>
                     <field name="to_MaterialGroup" type="reference">
                        <options>
                           <option name="referenceTo">API_PRODUCTGROUP_SRV_A_ProductGroupType_create</option>
                           <option name="relationshipName">Child</option>
                        </options>
                     </field>
                     <field name="Language" type="string"/>
                     <field name="MaterialGroup" type="string"/>
                     <field name="MaterialGroupText" type="string"/>
                     <field name="MaterialGroupName" type="string"/>
                  </detail>
               </processObject>
               <processObject xmlns="http://schemas.active-endpoints.com/appmodules/screenflow/2011/06/avosHostEnvironment.xsd"
                              isByCopy="true"
                              name="API_PRODUCTGROUP_SRV_A_ProductGroupType_create">
                  <description/>
                  <detail>
                     <field name="MaterialGroup" type="string"/>
                     <field name="AuthorizationGroup" type="string"/>
                     <field name="to_Text" type="object"/>
                  </detail>
               </processObject>
               <processObject xmlns="http://schemas.active-endpoints.com/appmodules/screenflow/2011/06/avosHostEnvironment.xsd"
                              isByCopy="true"
                              name="string">
                  <description/>
                  <detail>
                     <field name="string" type="string"/>
                  </detail>
               </processObject>
               <processObject xmlns="http://schemas.active-endpoints.com/appmodules/screenflow/2011/06/avosHostEnvironment.xsd"
                              isByCopy="true"
                              name="boolean">
                  <description/>
                  <detail>
                     <field name="boolean" type="boolean"/>
                  </detail>
               </processObject>
               <processObject xmlns="http://schemas.active-endpoints.com/appmodules/screenflow/2011/06/avosHostEnvironment.xsd"
                              isByCopy="true"
                              name="double">
                  <description/>
                  <detail>
                     <field name="double" type="double"/>
                  </detail>
               </processObject>
               <processObject xmlns="http://schemas.active-endpoints.com/appmodules/screenflow/2011/06/avosHostEnvironment.xsd"
                              isByCopy="true"
                              name="integer">
                  <description/>
                  <detail>
                     <field name="integer" type="int"/>
                  </detail>
               </processObject>
            </objects>
         </businessConnector>
      </types1:Entry>
      <types1:GUID>56NucJhgQ9Df6qLJBfHnSv</types1:GUID>
      <types1:DisplayName>SAP S4HANA Product Group - Read API v1</types1:DisplayName>
   </types1:Item>
   <types1:CurrentServerDateTime>2019-11-18T04:24:04.718Z</types1:CurrentServerDateTime>
</aetgt:getResponse>
