<aetgt:getResponse xmlns:aetgt="http://schemas.active-endpoints.com/appmodules/repository/2010/10/avrepository.xsd"
                   xmlns:types1="http://schemas.active-endpoints.com/appmodules/repository/2010/10/avrepository.xsd">
   <types1:Item>
      <types1:EntryId>fU9g9rQbdqVIKch-gt-2866537-2019-11-15T00:55:25.086Z::svc.xml</types1:EntryId>
      <types1:Name>SAP_S4HANA_Read_Chart_of_Accounts_API_v1</types1:Name>
      <types1:MimeType>application/xml+businesssconnector</types1:MimeType>
      <types1:Description>This service enables you to read chart  of accounts master data in an API call. It is based  on the OData protocol, and can be consumed in  Fiori apps and on other user interfaces.</types1:Description>
      <types1:AppliesTo/>
      <types1:Tags/>
      <types1:VersionLabel>1.0</types1:VersionLabel>
      <types1:State>CURRENT</types1:State>
      <types1:ProcessGroup/>
      <types1:CreatedBy>sorabh@na1.dm-us.org</types1:CreatedBy>
      <types1:CreationDate>2019-11-15T00:55:25Z</types1:CreationDate>
      <types1:ModifiedBy/>
      <types1:PublicationStatus>published</types1:PublicationStatus>
      <types1:PublishedBy>sorabh@na1.dm-us.org</types1:PublishedBy>
      <types1:PublicationDate>2019-11-15T00:55:27Z</types1:PublicationDate>
      <types1:PublishedContributionId>project:/rt.connector/SAP_S4HANA_Read_Chart_of_Accounts_API_v1/SAP_S4HANA_Read_Chart_of_Accounts_API_v1_svcDef.xml</types1:PublishedContributionId>
      <types1:AutosaveExists>false</types1:AutosaveExists>
      <types1:Entry>
         <businessConnector xmlns="http://schemas.informatica.com/socrates/data-services/2014/05/business-connector-model.xsd"
                            agentOnly="false"
                            debug="false"
                            displayName="SAP S4HANA Read Chart of Accounts API v1"
                            label=""
                            name="SAP_S4HANA_Read_Chart_of_Accounts_API_v1"
                            uuid="f1cd5c9c-fc98-4c1f-8a95-c4f3f5f28036">
            <description>This service enables you to read chart  of accounts master data in an API call. It is based  on the OData protocol, and can be consumed in  Fiori apps and on other user interfaces.</description>
            <tags/>
            <connectionAttributes xmlns="http://schemas.informatica.com/appmodules/screenflow/2014/04/avosConnectors.xsd">
               <connectionAttribute description="Host Name"
                                    masked="false"
                                    name="hostName"
                                    required="true"
                                    testWith="sandbox.api.sap.com"
                                    type="string"/>
               <connectionAttribute description="User Name"
                                    masked="false"
                                    name="username"
                                    required="true"
                                    testWith=""
                                    type="string"/>
               <connectionAttribute description="Password"
                                    masked="true"
                                    name="password"
                                    required="true"
                                    testWith=""
                                    type="string"/>
            </connectionAttributes>
            <actions>
               <action category="A_ChartOfAccounts"
                       failOnError="true"
                       forSearch="false"
                       label="GET_A_ChartOfAccounts"
                       maxRedirects="100"
                       name="GET_A_ChartOfAccounts"
                       preemptiveAuth="true"
                       responseEncoding="">
                  <description>Get entities from A_ChartOfAccounts</description>
                  <input>
                     <parameter description="Show only the first n items, see [OData Paging - Top](http://docs.oasis-open.org/odata/odata/v4.0/odata-v4.0-part1-protocol.html#_Toc445374630)"
                                label="$top"
                                name="$top"
                                required="false"
                                testWith=""
                                type="int"/>
                     <parameter description="Skip the first n items, see [OData Paging - Skip](http://docs.oasis-open.org/odata/odata/v4.0/odata-v4.0-part1-protocol.html#_Toc445374631)"
                                label="$skip"
                                name="$skip"
                                required="false"
                                testWith=""
                                type="int"/>
                     <parameter description="Filter items by property values, see [OData Filtering](http://docs.oasis-open.org/odata/odata/v4.0/odata-v4.0-part1-protocol.html#_Toc445374625)"
                                label="$filter"
                                name="$filter"
                                required="false"
                                testWith=""
                                type="string"/>
                     <parameter description="Include count of items, see [OData Count](http://www.odata.org/documentation/odata-version-2-0/uri-conventions/#InlinecountSystemQueryOption)"
                                label="$inlinecount"
                                name="$inlinecount"
                                required="false"
                                testWith=""
                                type="picklist">
                        <options>
                           <option name="values">[{"value":"allpages","label":"allpages"},{"value":"none","label":"none"}]</option>
                        </options>
                     </parameter>
                     <parameter description="Order items by property values, see [OData Sorting](http://docs.oasis-open.org/odata/odata/v4.0/odata-v4.0-part1-protocol.html#_Toc445374629)"
                                label="$orderby"
                                name="$orderby"
                                required="false"
                                testWith=""
                                type="picklist">
                        <options>
                           <option name="values">[{"value":"ChartOfAccounts","label":"ChartOfAccounts"},{"value":"ChartOfAccounts desc","label":"ChartOfAccounts desc"},{"value":"CorporateGroupChartOfAccounts","label":"CorporateGroupChartOfAccounts"},{"value":"CorporateGroupChartOfAccounts desc","label":"CorporateGroupChartOfAccounts desc"},{"value":"ChartOfAcctsIsBlocked","label":"ChartOfAcctsIsBlocked"},{"value":"ChartOfAcctsIsBlocked desc","label":"ChartOfAcctsIsBlocked desc"},{"value":"MaintenanceLanguage","label":"MaintenanceLanguage"},{"value":"MaintenanceLanguage desc","label":"MaintenanceLanguage desc"}]</option>
                        </options>
                     </parameter>
                     <parameter description="Select properties to be returned, see [OData Select](http://docs.oasis-open.org/odata/odata/v4.0/odata-v4.0-part1-protocol.html#_Toc445374620)"
                                label="$select"
                                name="$select"
                                required="false"
                                testWith=""
                                type="picklist">
                        <options>
                           <option name="values">[{"value":"ChartOfAccounts","label":"ChartOfAccounts"},{"value":"CorporateGroupChartOfAccounts","label":"CorporateGroupChartOfAccounts"},{"value":"ChartOfAcctsIsBlocked","label":"ChartOfAcctsIsBlocked"},{"value":"MaintenanceLanguage","label":"MaintenanceLanguage"},{"value":"to_Text","label":"to_Text"}]</option>
                        </options>
                     </parameter>
                     <parameter description="Expand related entities, see [OData Expand](http://docs.oasis-open.org/odata/odata/v4.0/odata-v4.0-part1-protocol.html#_Toc445374621)"
                                label="$expand"
                                name="$expand"
                                required="false"
                                testWith=""
                                type="picklist">
                        <options>
                           <option name="values">[{"value":"to_Text","label":"to_Text"}]</option>
                        </options>
                     </parameter>
                  </input>
                  <binding>
                     <restSimpleBinding multiUsing="semicolonSeparated"
                                        url="https://{$hostName}/s4hanacloud/sap/opu/odata/sap/API_CHARTOFACCOUNTS_SRV/A_ChartOfAccounts"
                                        verb="GET">
                        <authentication>
                           <username>{$username}</username>
                           <password>{$password}</password>
                           <isExpressionInPassword>true</isExpressionInPassword>
                        </authentication>
                        <httpHeaders>
                           <header name="Content-Type">application/json</header>
                           <header name="Accept">application/json</header>
                        </httpHeaders>
                     </restSimpleBinding>
                  </binding>
                  <output>
                     <field description="Retrieved entities"
                            entireResponse="true"
                            name="entireResponse"
                            type="object"/>
                  </output>
               </action>
               <action category="A_ChartOfAccountsText"
                       failOnError="true"
                       forSearch="false"
                       label="GET_A_ChartOfAccountsText_ChartOfAccounts_ChartOfAccounts_Language_Language_"
                       maxRedirects="100"
                       name="GET_A_ChartOfAccountsText_ChartOfAccounts_ChartOfAccounts_Language_Language_"
                       preemptiveAuth="true"
                       responseEncoding="">
                  <description>Get entity from A_ChartOfAccountsText by key</description>
                  <input>
                     <parameter description="Key that uniquely identifies a chart of accounts."
                                label="ChartOfAccountsPathParam"
                                name="ChartOfAccountsPathParam"
                                nogen="true"
                                required="true"
                                testWith=""
                                type="string"/>
                     <parameter description="The language key indicates  &#xA;- the language in which texts are displayed,- the language in which you enter texts,- the language in which the system prints texts."
                                label="LanguagePathParam"
                                name="LanguagePathParam"
                                nogen="true"
                                required="true"
                                testWith=""
                                type="string"/>
                     <parameter description="Select properties to be returned, see [OData Select](http://docs.oasis-open.org/odata/odata/v4.0/odata-v4.0-part1-protocol.html#_Toc445374620)"
                                label="$select"
                                name="$select"
                                required="false"
                                testWith=""
                                type="picklist">
                        <options>
                           <option name="values">[{"value":"ChartOfAccounts","label":"ChartOfAccounts"},{"value":"Language","label":"Language"},{"value":"ChartOfAccountsName","label":"ChartOfAccountsName"},{"value":"to_ChartOfAccounts","label":"to_ChartOfAccounts"}]</option>
                        </options>
                     </parameter>
                     <parameter description="Expand related entities, see [OData Expand](http://docs.oasis-open.org/odata/odata/v4.0/odata-v4.0-part1-protocol.html#_Toc445374621)"
                                label="$expand"
                                name="$expand"
                                required="false"
                                testWith=""
                                type="picklist">
                        <options>
                           <option name="values">[{"value":"to_ChartOfAccounts","label":"to_ChartOfAccounts"}]</option>
                        </options>
                     </parameter>
                  </input>
                  <binding>
                     <restSimpleBinding multiUsing="semicolonSeparated"
                                        url="https://{$hostName}/s4hanacloud/sap/opu/odata/sap/API_CHARTOFACCOUNTS_SRV/A_ChartOfAccountsText(ChartOfAccounts='{$ChartOfAccountsPathParam}',Language='{$LanguagePathParam}')"
                                        verb="GET">
                        <authentication>
                           <username>{$username}</username>
                           <password>{$password}</password>
                           <isExpressionInPassword>true</isExpressionInPassword>
                        </authentication>
                        <httpHeaders>
                           <header name="Content-Type">application/json</header>
                           <header name="Accept">application/json</header>
                        </httpHeaders>
                     </restSimpleBinding>
                  </binding>
                  <output>
                     <field description="Retrieved entity"
                            entireResponse="true"
                            name="entireResponse"
                            type="object"/>
                  </output>
               </action>
               <action category="A_ChartOfAccounts"
                       failOnError="true"
                       forSearch="false"
                       label="GET_A_ChartOfAccounts_ChartOfAccounts_"
                       maxRedirects="100"
                       name="GET_A_ChartOfAccounts_ChartOfAccounts_"
                       preemptiveAuth="true"
                       responseEncoding="">
                  <description>Get entity from A_ChartOfAccounts by key</description>
                  <input>
                     <parameter description="Chart of Accounts"
                                label="ChartOfAccountsPathParam"
                                name="ChartOfAccountsPathParam"
                                nogen="true"
                                required="true"
                                testWith=""
                                type="string"/>
                     <parameter description="Select properties to be returned, see [OData Select](http://docs.oasis-open.org/odata/odata/v4.0/odata-v4.0-part1-protocol.html#_Toc445374620)"
                                label="$select"
                                name="$select"
                                required="false"
                                testWith=""
                                type="picklist">
                        <options>
                           <option name="values">[{"value":"ChartOfAccounts","label":"ChartOfAccounts"},{"value":"CorporateGroupChartOfAccounts","label":"CorporateGroupChartOfAccounts"},{"value":"ChartOfAcctsIsBlocked","label":"ChartOfAcctsIsBlocked"},{"value":"MaintenanceLanguage","label":"MaintenanceLanguage"},{"value":"to_Text","label":"to_Text"}]</option>
                        </options>
                     </parameter>
                     <parameter description="Expand related entities, see [OData Expand](http://docs.oasis-open.org/odata/odata/v4.0/odata-v4.0-part1-protocol.html#_Toc445374621)"
                                label="$expand"
                                name="$expand"
                                required="false"
                                testWith=""
                                type="picklist">
                        <options>
                           <option name="values">[{"value":"to_Text","label":"to_Text"}]</option>
                        </options>
                     </parameter>
                  </input>
                  <binding>
                     <restSimpleBinding multiUsing="semicolonSeparated"
                                        url="https://{$hostName}/s4hanacloud/sap/opu/odata/sap/API_CHARTOFACCOUNTS_SRV/A_ChartOfAccounts('{$ChartOfAccountsPathParam}')"
                                        verb="GET">
                        <authentication>
                           <username>{$username}</username>
                           <password>{$password}</password>
                           <isExpressionInPassword>true</isExpressionInPassword>
                        </authentication>
                        <httpHeaders>
                           <header name="Content-Type">application/json</header>
                           <header name="Accept">application/json</header>
                        </httpHeaders>
                     </restSimpleBinding>
                  </binding>
                  <output>
                     <field description="Retrieved entity"
                            entireResponse="true"
                            name="entireResponse"
                            type="object"/>
                  </output>
               </action>
               <action category="A_ChartOfAccountsText"
                       failOnError="true"
                       forSearch="false"
                       label="GET_A_ChartOfAccountsText"
                       maxRedirects="100"
                       name="GET_A_ChartOfAccountsText"
                       preemptiveAuth="true"
                       responseEncoding="">
                  <description>Get entities from A_ChartOfAccountsText</description>
                  <input>
                     <parameter description="Show only the first n items, see [OData Paging - Top](http://docs.oasis-open.org/odata/odata/v4.0/odata-v4.0-part1-protocol.html#_Toc445374630)"
                                label="$top"
                                name="$top"
                                required="false"
                                testWith=""
                                type="int"/>
                     <parameter description="Skip the first n items, see [OData Paging - Skip](http://docs.oasis-open.org/odata/odata/v4.0/odata-v4.0-part1-protocol.html#_Toc445374631)"
                                label="$skip"
                                name="$skip"
                                required="false"
                                testWith=""
                                type="int"/>
                     <parameter description="Filter items by property values, see [OData Filtering](http://docs.oasis-open.org/odata/odata/v4.0/odata-v4.0-part1-protocol.html#_Toc445374625)"
                                label="$filter"
                                name="$filter"
                                required="false"
                                testWith=""
                                type="string"/>
                     <parameter description="Include count of items, see [OData Count](http://www.odata.org/documentation/odata-version-2-0/uri-conventions/#InlinecountSystemQueryOption)"
                                label="$inlinecount"
                                name="$inlinecount"
                                required="false"
                                testWith=""
                                type="picklist">
                        <options>
                           <option name="values">[{"value":"allpages","label":"allpages"},{"value":"none","label":"none"}]</option>
                        </options>
                     </parameter>
                     <parameter description="Order items by property values, see [OData Sorting](http://docs.oasis-open.org/odata/odata/v4.0/odata-v4.0-part1-protocol.html#_Toc445374629)"
                                label="$orderby"
                                name="$orderby"
                                required="false"
                                testWith=""
                                type="picklist">
                        <options>
                           <option name="values">[{"value":"ChartOfAccounts","label":"ChartOfAccounts"},{"value":"ChartOfAccounts desc","label":"ChartOfAccounts desc"},{"value":"Language","label":"Language"},{"value":"Language desc","label":"Language desc"},{"value":"ChartOfAccountsName","label":"ChartOfAccountsName"},{"value":"ChartOfAccountsName desc","label":"ChartOfAccountsName desc"}]</option>
                        </options>
                     </parameter>
                     <parameter description="Select properties to be returned, see [OData Select](http://docs.oasis-open.org/odata/odata/v4.0/odata-v4.0-part1-protocol.html#_Toc445374620)"
                                label="$select"
                                name="$select"
                                required="false"
                                testWith=""
                                type="picklist">
                        <options>
                           <option name="values">[{"value":"ChartOfAccounts","label":"ChartOfAccounts"},{"value":"Language","label":"Language"},{"value":"ChartOfAccountsName","label":"ChartOfAccountsName"},{"value":"to_ChartOfAccounts","label":"to_ChartOfAccounts"}]</option>
                        </options>
                     </parameter>
                     <parameter description="Expand related entities, see [OData Expand](http://docs.oasis-open.org/odata/odata/v4.0/odata-v4.0-part1-protocol.html#_Toc445374621)"
                                label="$expand"
                                name="$expand"
                                required="false"
                                testWith=""
                                type="picklist">
                        <options>
                           <option name="values">[{"value":"to_ChartOfAccounts","label":"to_ChartOfAccounts"}]</option>
                        </options>
                     </parameter>
                  </input>
                  <binding>
                     <restSimpleBinding multiUsing="semicolonSeparated"
                                        url="https://{$hostName}/s4hanacloud/sap/opu/odata/sap/API_CHARTOFACCOUNTS_SRV/A_ChartOfAccountsText"
                                        verb="GET">
                        <authentication>
                           <username>{$username}</username>
                           <password>{$password}</password>
                           <isExpressionInPassword>true</isExpressionInPassword>
                        </authentication>
                        <httpHeaders>
                           <header name="Content-Type">application/json</header>
                           <header name="Accept">application/json</header>
                        </httpHeaders>
                     </restSimpleBinding>
                  </binding>
                  <output>
                     <field description="Retrieved entities"
                            entireResponse="true"
                            name="entireResponse"
                            type="object"/>
                  </output>
               </action>
            </actions>
            <objects>
               <processObject xmlns="http://schemas.active-endpoints.com/appmodules/screenflow/2011/06/avosHostEnvironment.xsd"
                              isByCopy="true"
                              name="odata_error_main">
                  <description/>
                  <detail>
                     <field name="code" type="string"/>
                     <field name="innererror" type="object"/>
                     <field name="message" type="reference">
                        <options>
                           <option name="referenceTo">odata_error_message</option>
                           <option name="relationshipName">Child</option>
                        </options>
                     </field>
                  </detail>
               </processObject>
               <processObject xmlns="http://schemas.active-endpoints.com/appmodules/screenflow/2011/06/avosHostEnvironment.xsd"
                              isByCopy="true"
                              name="odata_error">
                  <description/>
                  <detail>
                     <field name="error" type="reference">
                        <options>
                           <option name="referenceTo">odata_error_main</option>
                           <option name="relationshipName">Child</option>
                        </options>
                     </field>
                  </detail>
               </processObject>
               <processObject xmlns="http://schemas.active-endpoints.com/appmodules/screenflow/2011/06/avosHostEnvironment.xsd"
                              isByCopy="true"
                              name="API_CHARTOFACCOUNTS_SRV_A_ChartOfAccountsType">
                  <description>API Chart Of Accounts</description>
                  <detail>
                     <field name="ChartOfAccounts" type="string"/>
                     <field name="ChartOfAcctsIsBlocked" type="boolean"/>
                     <field name="MaintenanceLanguage" type="string"/>
                     <field name="CorporateGroupChartOfAccounts" type="string"/>
                     <field name="to_Text" type="object"/>
                  </detail>
               </processObject>
               <processObject xmlns="http://schemas.active-endpoints.com/appmodules/screenflow/2011/06/avosHostEnvironment.xsd"
                              isByCopy="true"
                              name="API_CHARTOFACCOUNTS_SRV_A_ChartOfAccountsTextType">
                  <description>API Chart Of Accounts Text</description>
                  <detail>
                     <field name="ChartOfAccounts" type="string"/>
                     <field name="Language" type="string"/>
                     <field name="to_ChartOfAccounts" type="reference">
                        <options>
                           <option name="referenceTo">API_CHARTOFACCOUNTS_SRV_A_ChartOfAccountsType</option>
                           <option name="relationshipName">Child</option>
                        </options>
                     </field>
                     <field name="ChartOfAccountsName" type="string"/>
                  </detail>
               </processObject>
               <processObject xmlns="http://schemas.active-endpoints.com/appmodules/screenflow/2011/06/avosHostEnvironment.xsd"
                              isByCopy="true"
                              name="odata_error_message">
                  <description/>
                  <detail>
                     <field name="lang" type="string"/>
                     <field name="value" type="string"/>
                  </detail>
               </processObject>
               <processObject xmlns="http://schemas.active-endpoints.com/appmodules/screenflow/2011/06/avosHostEnvironment.xsd"
                              isByCopy="true"
                              name="string">
                  <description/>
                  <detail>
                     <field name="string" type="string"/>
                  </detail>
               </processObject>
               <processObject xmlns="http://schemas.active-endpoints.com/appmodules/screenflow/2011/06/avosHostEnvironment.xsd"
                              isByCopy="true"
                              name="boolean">
                  <description/>
                  <detail>
                     <field name="boolean" type="boolean"/>
                  </detail>
               </processObject>
               <processObject xmlns="http://schemas.active-endpoints.com/appmodules/screenflow/2011/06/avosHostEnvironment.xsd"
                              isByCopy="true"
                              name="double">
                  <description/>
                  <detail>
                     <field name="double" type="double"/>
                  </detail>
               </processObject>
               <processObject xmlns="http://schemas.active-endpoints.com/appmodules/screenflow/2011/06/avosHostEnvironment.xsd"
                              isByCopy="true"
                              name="integer">
                  <description/>
                  <detail>
                     <field name="integer" type="int"/>
                  </detail>
               </processObject>
               <processObject xmlns="http://schemas.active-endpoints.com/appmodules/screenflow/2011/06/avosHostEnvironment.xsd"
                              isByCopy="true"
                              name="error">
                  <description>Error</description>
                  <detail/>
               </processObject>
            </objects>
         </businessConnector>
      </types1:Entry>
      <types1:GUID>lgWt51d7rWcbtHCoUvmNCk</types1:GUID>
      <types1:DisplayName>SAP S4HANA Read Chart of Accounts API v1</types1:DisplayName>
   </types1:Item>
   <types1:CurrentServerDateTime>2019-11-15T05:53:53.794Z</types1:CurrentServerDateTime>
</aetgt:getResponse>
