{
   "exportedObjects": [
      {
         "objectGuid": "almpU5d486xjg3tXw87BET",
         "objectName": "Shared assets",
         "objectType": "Project",
         "path": "/Explore",
         "metadata": {
            "additionalInfo": {
               "contentType": "Binary",
               "description": "This Project contains shared assets",
               "documentState": "COMPLETE"
            },
            "contextAttributes": [],
            "modelVersion": {
               "major": 0,
               "minor": 0
            },
            "objectRefs": [],
            "repoInfo": null
         }
      },
      {
         "objectGuid": "00m3cKr9AGOjGY55vZSASH",
         "objectName": "Service Connectors",
         "objectType": "Folder",
         "path": "/Explore/Shared assets",
         "metadata": {
            "additionalInfo": {
               "contentType": "Binary",
               "description": "",
               "documentState": "COMPLETE"
            },
            "contextAttributes": [],
            "modelVersion": {
               "major": 0,
               "minor": 0
            },
            "objectRefs": [],
            "repoInfo": null
         }
      },
      {
         "objectGuid": "1DyVg6XKFCJc1GVP0HqpIx",
         "objectName": "Oracle Cloud Infrastructure Compute SecAssociations API v18-1-2",
         "objectType": "AI_SERVICE_CONNECTOR",
         "path": "/Explore/Shared assets/Service Connectors",
         "metadata": {
            "additionalInfo": {
               "contentType": "application/json; charset=utf-8",
               "description": "A security association is a relationship between a security list and the vcable of an instance. The vcable is an attachment point to a specific network interface of an instance. The vcable enables dynamic association/disassociation of its instance with security lists. You can associate up to eight security lists with a given vcable. This limit includes security lists specified in the instance configuration (for example, in a launch plan) as well as new security associations added after creating instances.\u003cp\u003eNote that when a security list is deleted, all the security associations involving that security list are also deleted.\u003cp\u003eYou can create, delete, and view security associations using the HTTP requests listed below.",
               "documentState": "VALID"
            },
            "contextAttributes": null,
            "modelVersion": {
               "major": 1,
               "minor": 0
            },
            "objectRefs": [],
            "repoInfo": {
               "repoHandle": "56UtLnzYLnzYLnz-gt-2067545-2019-02-12T01:15:20.905Z::svc.xml"
            }
         }
      }
   ]
}