<aetgt:getResponse xmlns:aetgt="http://schemas.active-endpoints.com/appmodules/repository/2010/10/avrepository.xsd"
                   xmlns:types1="http://schemas.active-endpoints.com/appmodules/repository/2010/10/avrepository.xsd">
   <types1:Item>
      <types1:EntryId>NGJZx1Xmgaabclv-gt-1723190-2019-11-13T01:40:58.644Z::svc.xml</types1:EntryId>
      <types1:Name>SAP_S4HANA_Sales_Organization_-_Read_API_v1</types1:Name>
      <types1:MimeType>application/xml+businesssconnector</types1:MimeType>
      <types1:Description>The service contains  sales organization and sales organization text  nodes.</types1:Description>
      <types1:AppliesTo/>
      <types1:Tags/>
      <types1:VersionLabel>1.0</types1:VersionLabel>
      <types1:State>CURRENT</types1:State>
      <types1:ProcessGroup/>
      <types1:CreatedBy>sorabh@na1.dm-us.org</types1:CreatedBy>
      <types1:CreationDate>2019-11-13T01:40:59Z</types1:CreationDate>
      <types1:ModifiedBy/>
      <types1:PublicationStatus>published</types1:PublicationStatus>
      <types1:PublishedBy>sorabh@na1.dm-us.org</types1:PublishedBy>
      <types1:PublicationDate>2019-11-13T01:41:02Z</types1:PublicationDate>
      <types1:PublishedContributionId>project:/rt.connector/SAP_S4HANA_Sales_Organization___Read_API_v1/SAP_S4HANA_Sales_Organization___Read_API_v1_svcDef.xml</types1:PublishedContributionId>
      <types1:AutosaveExists>false</types1:AutosaveExists>
      <types1:Entry>
         <businessConnector xmlns="http://schemas.informatica.com/socrates/data-services/2014/05/business-connector-model.xsd"
                            agentOnly="false"
                            debug="false"
                            displayName="SAP S4HANA Sales Organization - Read API v1"
                            label=""
                            name="SAP_S4HANA_Sales_Organization_-_Read_API_v1"
                            uuid="2584d97c-aefb-4eb0-9bf3-02c646987695">
            <description>The service contains  sales organization and sales organization text  nodes.</description>
            <tags/>
            <connectionAttributes xmlns="http://schemas.informatica.com/appmodules/screenflow/2014/04/avosConnectors.xsd">
               <connectionAttribute description="Host Name"
                                    masked="false"
                                    name="hostName"
                                    required="true"
                                    testWith="sandbox.api.sap.com"
                                    type="string"/>
               <connectionAttribute description="User Name"
                                    masked="false"
                                    name="username"
                                    required="true"
                                    testWith=""
                                    type="string"/>
               <connectionAttribute description="Password"
                                    masked="true"
                                    name="password"
                                    required="true"
                                    testWith=""
                                    type="string"/>
            </connectionAttributes>
            <actions>
               <action category="A_SalesOrganization"
                       failOnError="true"
                       forSearch="false"
                       label="GET_A_SalesOrganization"
                       maxRedirects="100"
                       name="GET_A_SalesOrganization"
                       preemptiveAuth="true"
                       responseEncoding="">
                  <description>Get entities from A_SalesOrganization</description>
                  <input>
                     <parameter description="Show only the first n items, see [Paging - Top](https://help.sap.com/doc/5890d27be418427993fafa6722cdc03b/Cloud/en-US/OdataV2.pdf#page=66)"
                                label="$top"
                                name="$top"
                                required="false"
                                testWith=""
                                type="int"/>
                     <parameter description="Skip the first n items, see [Paging - Skip](https://help.sap.com/doc/5890d27be418427993fafa6722cdc03b/Cloud/en-US/OdataV2.pdf#page=65)"
                                label="$skip"
                                name="$skip"
                                required="false"
                                testWith=""
                                type="int"/>
                     <parameter description="Filter items by property values, see [Filtering](https://help.sap.com/doc/5890d27be418427993fafa6722cdc03b/Cloud/en-US/OdataV2.pdf#page=64)"
                                label="$filter"
                                name="$filter"
                                required="false"
                                testWith=""
                                type="string"/>
                     <parameter description="Include count of items, see [Inlinecount](https://help.sap.com/doc/5890d27be418427993fafa6722cdc03b/Cloud/en-US/OdataV2.pdf#page=67)"
                                label="$inlinecount"
                                name="$inlinecount"
                                required="false"
                                testWith=""
                                type="picklist">
                        <options>
                           <option name="values">[{"value":"allpages","label":"allpages"},{"value":"none","label":"none"}]</option>
                        </options>
                     </parameter>
                     <parameter description="Order items by property values, see [Sorting](https://help.sap.com/doc/5890d27be418427993fafa6722cdc03b/Cloud/en-US/OdataV2.pdf#page=65)"
                                label="$orderby"
                                name="$orderby"
                                required="false"
                                testWith=""
                                type="picklist">
                        <options>
                           <option name="values">[{"value":"SalesOrganization","label":"SalesOrganization"},{"value":"SalesOrganization desc","label":"SalesOrganization desc"},{"value":"SalesOrganizationCurrency","label":"SalesOrganizationCurrency"},{"value":"SalesOrganizationCurrency desc","label":"SalesOrganizationCurrency desc"},{"value":"CompanyCode","label":"CompanyCode"},{"value":"CompanyCode desc","label":"CompanyCode desc"},{"value":"IntercompanyBillingCustomer","label":"IntercompanyBillingCustomer"},{"value":"IntercompanyBillingCustomer desc","label":"IntercompanyBillingCustomer desc"}]</option>
                        </options>
                     </parameter>
                     <parameter description="Select properties to be returned, see [Select](https://help.sap.com/doc/5890d27be418427993fafa6722cdc03b/Cloud/en-US/OdataV2.pdf#page=68)"
                                label="$select"
                                name="$select"
                                required="false"
                                testWith=""
                                type="picklist">
                        <options>
                           <option name="values">[{"value":"SalesOrganization","label":"SalesOrganization"},{"value":"SalesOrganizationCurrency","label":"SalesOrganizationCurrency"},{"value":"CompanyCode","label":"CompanyCode"},{"value":"IntercompanyBillingCustomer","label":"IntercompanyBillingCustomer"},{"value":"to_Text","label":"to_Text"}]</option>
                        </options>
                     </parameter>
                     <parameter description="Expand related entities, see [Expand](https://help.sap.com/doc/5890d27be418427993fafa6722cdc03b/Cloud/en-US/OdataV2.pdf#page=63)"
                                label="$expand"
                                name="$expand"
                                required="false"
                                testWith=""
                                type="picklist">
                        <options>
                           <option name="values">[{"value":"to_Text","label":"to_Text"}]</option>
                        </options>
                     </parameter>
                  </input>
                  <binding>
                     <restSimpleBinding multiUsing="semicolonSeparated"
                                        url="https://{$hostName}/s4hanacloud/sap/opu/odata/sap/API_SALESORGANIZATION_SRV/A_SalesOrganization"
                                        verb="GET">
                        <authentication>
                           <username>{$username}</username>
                           <password>{$password}</password>
                           <isExpressionInPassword>true</isExpressionInPassword>
                        </authentication>
                        <httpHeaders>
                           <header name="Content-Type">application/json</header>
                           <header name="Accept">application/json</header>
                        </httpHeaders>
                     </restSimpleBinding>
                  </binding>
                  <output>
                     <field description="Retrieved entities"
                            entireResponse="true"
                            name="entireResponse"
                            type="object"/>
                  </output>
               </action>
               <action category="A_SalesOrganization"
                       failOnError="true"
                       forSearch="false"
                       label="GET_A_SalesOrganization_SalesOrganization_to_Text"
                       maxRedirects="100"
                       name="GET_A_SalesOrganization_SalesOrganization_to_Text"
                       preemptiveAuth="true"
                       responseEncoding="">
                  <description>Get entities from related to_Text</description>
                  <input>
                     <parameter description="Show only the first n items, see [Paging - Top](https://help.sap.com/doc/5890d27be418427993fafa6722cdc03b/Cloud/en-US/OdataV2.pdf#page=66)"
                                label="$top"
                                name="$top"
                                required="false"
                                testWith=""
                                type="int"/>
                     <parameter description="Skip the first n items, see [Paging - Skip](https://help.sap.com/doc/5890d27be418427993fafa6722cdc03b/Cloud/en-US/OdataV2.pdf#page=65)"
                                label="$skip"
                                name="$skip"
                                required="false"
                                testWith=""
                                type="int"/>
                     <parameter description="Filter items by property values, see [Filtering](https://help.sap.com/doc/5890d27be418427993fafa6722cdc03b/Cloud/en-US/OdataV2.pdf#page=64)"
                                label="$filter"
                                name="$filter"
                                required="false"
                                testWith=""
                                type="string"/>
                     <parameter description="Include count of items, see [Inlinecount](https://help.sap.com/doc/5890d27be418427993fafa6722cdc03b/Cloud/en-US/OdataV2.pdf#page=67)"
                                label="$inlinecount"
                                name="$inlinecount"
                                required="false"
                                testWith=""
                                type="picklist">
                        <options>
                           <option name="values">[{"value":"allpages","label":"allpages"},{"value":"none","label":"none"}]</option>
                        </options>
                     </parameter>
                     <parameter description="Order items by property values, see [Sorting](https://help.sap.com/doc/5890d27be418427993fafa6722cdc03b/Cloud/en-US/OdataV2.pdf#page=65)"
                                label="$orderby"
                                name="$orderby"
                                required="false"
                                testWith=""
                                type="picklist">
                        <options>
                           <option name="values">[{"value":"SalesOrganization","label":"SalesOrganization"},{"value":"SalesOrganization desc","label":"SalesOrganization desc"},{"value":"Language","label":"Language"},{"value":"Language desc","label":"Language desc"},{"value":"SalesOrganizationName","label":"SalesOrganizationName"},{"value":"SalesOrganizationName desc","label":"SalesOrganizationName desc"}]</option>
                        </options>
                     </parameter>
                     <parameter description="Select properties to be returned, see [Select](https://help.sap.com/doc/5890d27be418427993fafa6722cdc03b/Cloud/en-US/OdataV2.pdf#page=68)"
                                label="$select"
                                name="$select"
                                required="false"
                                testWith=""
                                type="picklist">
                        <options>
                           <option name="values">[{"value":"SalesOrganization","label":"SalesOrganization"},{"value":"Language","label":"Language"},{"value":"SalesOrganizationName","label":"SalesOrganizationName"},{"value":"to_SalesOrganization","label":"to_SalesOrganization"}]</option>
                        </options>
                     </parameter>
                     <parameter description="Expand related entities, see [Expand](https://help.sap.com/doc/5890d27be418427993fafa6722cdc03b/Cloud/en-US/OdataV2.pdf#page=63)"
                                label="$expand"
                                name="$expand"
                                required="false"
                                testWith=""
                                type="picklist">
                        <options>
                           <option name="values">[{"value":"to_SalesOrganization","label":"to_SalesOrganization"}]</option>
                        </options>
                     </parameter>
                     <parameter description="An organizational unit responsible for the sale of certain products or services. The responsibility of a sales organization may include legal liability for products and customer claims.  &#xA;You can assign any number of distribution channels and divisions to a sales organization. A particular combination of sales organization, distribution channel, and division is known as a sales area."
                                label="SalesOrganizationPathParam"
                                name="SalesOrganizationPathParam"
                                nogen="true"
                                required="true"
                                testWith=""
                                type="string"/>
                  </input>
                  <binding>
                     <restSimpleBinding multiUsing="semicolonSeparated"
                                        url="https://{$hostName}/s4hanacloud/sap/opu/odata/sap/API_SALESORGANIZATION_SRV/A_SalesOrganization('{$SalesOrganizationPathParam}')/to_Text"
                                        verb="GET">
                        <authentication>
                           <username>{$username}</username>
                           <password>{$password}</password>
                           <isExpressionInPassword>true</isExpressionInPassword>
                        </authentication>
                        <httpHeaders>
                           <header name="Content-Type">application/json</header>
                           <header name="Accept">application/json</header>
                        </httpHeaders>
                     </restSimpleBinding>
                  </binding>
                  <output>
                     <field description="Retrieved entities"
                            entireResponse="true"
                            name="entireResponse"
                            type="object"/>
                  </output>
               </action>
               <action category="A_SalesOrganizationText"
                       failOnError="true"
                       forSearch="false"
                       label="GET_A_SalesOrganizationText_SalesOrganization_SalesOrganization_Language_Language_to_SalesOrganization"
                       maxRedirects="100"
                       name="GET_A_SalesOrganizationText_SalesOrganization_SalesOrganization_Language_Language_to_SalesOrganization"
                       preemptiveAuth="true"
                       responseEncoding="">
                  <description>Get related to_SalesOrganization</description>
                  <input>
                     <parameter description="Select properties to be returned, see [Select](https://help.sap.com/doc/5890d27be418427993fafa6722cdc03b/Cloud/en-US/OdataV2.pdf#page=68)"
                                label="$select"
                                name="$select"
                                required="false"
                                testWith=""
                                type="picklist">
                        <options>
                           <option name="values">[{"value":"SalesOrganization","label":"SalesOrganization"},{"value":"SalesOrganizationCurrency","label":"SalesOrganizationCurrency"},{"value":"CompanyCode","label":"CompanyCode"},{"value":"IntercompanyBillingCustomer","label":"IntercompanyBillingCustomer"},{"value":"to_Text","label":"to_Text"}]</option>
                        </options>
                     </parameter>
                     <parameter description="Expand related entities, see [Expand](https://help.sap.com/doc/5890d27be418427993fafa6722cdc03b/Cloud/en-US/OdataV2.pdf#page=63)"
                                label="$expand"
                                name="$expand"
                                required="false"
                                testWith=""
                                type="picklist">
                        <options>
                           <option name="values">[{"value":"to_Text","label":"to_Text"}]</option>
                        </options>
                     </parameter>
                     <parameter description="An organizational unit responsible for the sale of certain products or services. The responsibility of a sales organization may include legal liability for products and customer claims.  &#xA;You can assign any number of distribution channels and divisions to a sales organization. A particular combination of sales organization, distribution channel, and division is known as a sales area."
                                label="SalesOrganizationPathParam"
                                name="SalesOrganizationPathParam"
                                nogen="true"
                                required="true"
                                testWith=""
                                type="string"/>
                     <parameter description="The language key indicates  &#xA;- the language in which texts are displayed,- the language in which you enter texts,- the language in which the system prints texts."
                                label="LanguagePathParam"
                                name="LanguagePathParam"
                                nogen="true"
                                required="true"
                                testWith=""
                                type="string"/>
                  </input>
                  <binding>
                     <restSimpleBinding multiUsing="semicolonSeparated"
                                        url="https://{$hostName}/s4hanacloud/sap/opu/odata/sap/API_SALESORGANIZATION_SRV/A_SalesOrganizationText(SalesOrganization='{$SalesOrganizationPathParam}',Language='{$LanguagePathParam}')/to_SalesOrganization"
                                        verb="GET">
                        <authentication>
                           <username>{$username}</username>
                           <password>{$password}</password>
                           <isExpressionInPassword>true</isExpressionInPassword>
                        </authentication>
                        <httpHeaders>
                           <header name="Content-Type">application/json</header>
                           <header name="Accept">application/json</header>
                        </httpHeaders>
                     </restSimpleBinding>
                  </binding>
                  <output>
                     <field description="Retrieved entity"
                            entireResponse="true"
                            name="entireResponse"
                            type="object"/>
                  </output>
               </action>
               <action category="A_SalesOrganizationText"
                       failOnError="true"
                       forSearch="false"
                       label="GET_A_SalesOrganizationText"
                       maxRedirects="100"
                       name="GET_A_SalesOrganizationText"
                       preemptiveAuth="true"
                       responseEncoding="">
                  <description>Get entities from A_SalesOrganizationText</description>
                  <input>
                     <parameter description="Show only the first n items, see [Paging - Top](https://help.sap.com/doc/5890d27be418427993fafa6722cdc03b/Cloud/en-US/OdataV2.pdf#page=66)"
                                label="$top"
                                name="$top"
                                required="false"
                                testWith=""
                                type="int"/>
                     <parameter description="Skip the first n items, see [Paging - Skip](https://help.sap.com/doc/5890d27be418427993fafa6722cdc03b/Cloud/en-US/OdataV2.pdf#page=65)"
                                label="$skip"
                                name="$skip"
                                required="false"
                                testWith=""
                                type="int"/>
                     <parameter description="Filter items by property values, see [Filtering](https://help.sap.com/doc/5890d27be418427993fafa6722cdc03b/Cloud/en-US/OdataV2.pdf#page=64)"
                                label="$filter"
                                name="$filter"
                                required="false"
                                testWith=""
                                type="string"/>
                     <parameter description="Include count of items, see [Inlinecount](https://help.sap.com/doc/5890d27be418427993fafa6722cdc03b/Cloud/en-US/OdataV2.pdf#page=67)"
                                label="$inlinecount"
                                name="$inlinecount"
                                required="false"
                                testWith=""
                                type="picklist">
                        <options>
                           <option name="values">[{"value":"allpages","label":"allpages"},{"value":"none","label":"none"}]</option>
                        </options>
                     </parameter>
                     <parameter description="Order items by property values, see [Sorting](https://help.sap.com/doc/5890d27be418427993fafa6722cdc03b/Cloud/en-US/OdataV2.pdf#page=65)"
                                label="$orderby"
                                name="$orderby"
                                required="false"
                                testWith=""
                                type="picklist">
                        <options>
                           <option name="values">[{"value":"SalesOrganization","label":"SalesOrganization"},{"value":"SalesOrganization desc","label":"SalesOrganization desc"},{"value":"Language","label":"Language"},{"value":"Language desc","label":"Language desc"},{"value":"SalesOrganizationName","label":"SalesOrganizationName"},{"value":"SalesOrganizationName desc","label":"SalesOrganizationName desc"}]</option>
                        </options>
                     </parameter>
                     <parameter description="Select properties to be returned, see [Select](https://help.sap.com/doc/5890d27be418427993fafa6722cdc03b/Cloud/en-US/OdataV2.pdf#page=68)"
                                label="$select"
                                name="$select"
                                required="false"
                                testWith=""
                                type="picklist">
                        <options>
                           <option name="values">[{"value":"SalesOrganization","label":"SalesOrganization"},{"value":"Language","label":"Language"},{"value":"SalesOrganizationName","label":"SalesOrganizationName"},{"value":"to_SalesOrganization","label":"to_SalesOrganization"}]</option>
                        </options>
                     </parameter>
                     <parameter description="Expand related entities, see [Expand](https://help.sap.com/doc/5890d27be418427993fafa6722cdc03b/Cloud/en-US/OdataV2.pdf#page=63)"
                                label="$expand"
                                name="$expand"
                                required="false"
                                testWith=""
                                type="picklist">
                        <options>
                           <option name="values">[{"value":"to_SalesOrganization","label":"to_SalesOrganization"}]</option>
                        </options>
                     </parameter>
                  </input>
                  <binding>
                     <restSimpleBinding multiUsing="semicolonSeparated"
                                        url="https://{$hostName}/s4hanacloud/sap/opu/odata/sap/API_SALESORGANIZATION_SRV/A_SalesOrganizationText"
                                        verb="GET">
                        <authentication>
                           <username>{$username}</username>
                           <password>{$password}</password>
                           <isExpressionInPassword>true</isExpressionInPassword>
                        </authentication>
                        <httpHeaders>
                           <header name="Content-Type">application/json</header>
                           <header name="Accept">application/json</header>
                        </httpHeaders>
                     </restSimpleBinding>
                  </binding>
                  <output>
                     <field description="Retrieved entities"
                            entireResponse="true"
                            name="entireResponse"
                            type="object"/>
                  </output>
               </action>
               <action category="A_SalesOrganization"
                       failOnError="true"
                       forSearch="false"
                       label="GET_A_SalesOrganization_SalesOrganization_"
                       maxRedirects="100"
                       name="GET_A_SalesOrganization_SalesOrganization_"
                       preemptiveAuth="true"
                       responseEncoding="">
                  <description>Get entity from A_SalesOrganization by key</description>
                  <input>
                     <parameter description="Select properties to be returned, see [Select](https://help.sap.com/doc/5890d27be418427993fafa6722cdc03b/Cloud/en-US/OdataV2.pdf#page=68)"
                                label="$select"
                                name="$select"
                                required="false"
                                testWith=""
                                type="picklist">
                        <options>
                           <option name="values">[{"value":"SalesOrganization","label":"SalesOrganization"},{"value":"SalesOrganizationCurrency","label":"SalesOrganizationCurrency"},{"value":"CompanyCode","label":"CompanyCode"},{"value":"IntercompanyBillingCustomer","label":"IntercompanyBillingCustomer"},{"value":"to_Text","label":"to_Text"}]</option>
                        </options>
                     </parameter>
                     <parameter description="Expand related entities, see [Expand](https://help.sap.com/doc/5890d27be418427993fafa6722cdc03b/Cloud/en-US/OdataV2.pdf#page=63)"
                                label="$expand"
                                name="$expand"
                                required="false"
                                testWith=""
                                type="picklist">
                        <options>
                           <option name="values">[{"value":"to_Text","label":"to_Text"}]</option>
                        </options>
                     </parameter>
                     <parameter description="An organizational unit responsible for the sale of certain products or services. The responsibility of a sales organization may include legal liability for products and customer claims.  &#xA;You can assign any number of distribution channels and divisions to a sales organization. A particular combination of sales organization, distribution channel, and division is known as a sales area."
                                label="SalesOrganizationPathParam"
                                name="SalesOrganizationPathParam"
                                nogen="true"
                                required="true"
                                testWith=""
                                type="string"/>
                  </input>
                  <binding>
                     <restSimpleBinding multiUsing="semicolonSeparated"
                                        url="https://{$hostName}/s4hanacloud/sap/opu/odata/sap/API_SALESORGANIZATION_SRV/A_SalesOrganization('{$SalesOrganizationPathParam}')"
                                        verb="GET">
                        <authentication>
                           <username>{$username}</username>
                           <password>{$password}</password>
                           <isExpressionInPassword>true</isExpressionInPassword>
                        </authentication>
                        <httpHeaders>
                           <header name="Content-Type">application/json</header>
                           <header name="Accept">application/json</header>
                        </httpHeaders>
                     </restSimpleBinding>
                  </binding>
                  <output>
                     <field description="Retrieved entity"
                            entireResponse="true"
                            name="entireResponse"
                            type="object"/>
                  </output>
               </action>
               <action category="A_SalesOrganizationText"
                       failOnError="true"
                       forSearch="false"
                       label="GET_A_SalesOrganizationText_SalesOrganization_SalesOrganization_Language_Language_"
                       maxRedirects="100"
                       name="GET_A_SalesOrganizationText_SalesOrganization_SalesOrganization_Language_Language_"
                       preemptiveAuth="true"
                       responseEncoding="">
                  <description>Get entity from A_SalesOrganizationText by key</description>
                  <input>
                     <parameter description="Select properties to be returned, see [Select](https://help.sap.com/doc/5890d27be418427993fafa6722cdc03b/Cloud/en-US/OdataV2.pdf#page=68)"
                                label="$select"
                                name="$select"
                                required="false"
                                testWith=""
                                type="picklist">
                        <options>
                           <option name="values">[{"value":"SalesOrganization","label":"SalesOrganization"},{"value":"Language","label":"Language"},{"value":"SalesOrganizationName","label":"SalesOrganizationName"},{"value":"to_SalesOrganization","label":"to_SalesOrganization"}]</option>
                        </options>
                     </parameter>
                     <parameter description="Expand related entities, see [Expand](https://help.sap.com/doc/5890d27be418427993fafa6722cdc03b/Cloud/en-US/OdataV2.pdf#page=63)"
                                label="$expand"
                                name="$expand"
                                required="false"
                                testWith=""
                                type="picklist">
                        <options>
                           <option name="values">[{"value":"to_SalesOrganization","label":"to_SalesOrganization"}]</option>
                        </options>
                     </parameter>
                     <parameter description="An organizational unit responsible for the sale of certain products or services. The responsibility of a sales organization may include legal liability for products and customer claims.  &#xA;You can assign any number of distribution channels and divisions to a sales organization. A particular combination of sales organization, distribution channel, and division is known as a sales area."
                                label="SalesOrganizationPathParam"
                                name="SalesOrganizationPathParam"
                                nogen="true"
                                required="true"
                                testWith=""
                                type="string"/>
                     <parameter description="The language key indicates  &#xA;- the language in which texts are displayed,- the language in which you enter texts,- the language in which the system prints texts."
                                label="LanguagePathParam"
                                name="LanguagePathParam"
                                nogen="true"
                                required="true"
                                testWith=""
                                type="string"/>
                  </input>
                  <binding>
                     <restSimpleBinding multiUsing="semicolonSeparated"
                                        url="https://{$hostName}/s4hanacloud/sap/opu/odata/sap/API_SALESORGANIZATION_SRV/A_SalesOrganizationText(SalesOrganization='{$SalesOrganizationPathParam}',Language='{$LanguagePathParam}')"
                                        verb="GET">
                        <authentication>
                           <username>{$username}</username>
                           <password>{$password}</password>
                           <isExpressionInPassword>true</isExpressionInPassword>
                        </authentication>
                        <httpHeaders>
                           <header name="Content-Type">application/json</header>
                           <header name="Accept">application/json</header>
                        </httpHeaders>
                     </restSimpleBinding>
                  </binding>
                  <output>
                     <field description="Retrieved entity"
                            entireResponse="true"
                            name="entireResponse"
                            type="object"/>
                  </output>
               </action>
            </actions>
            <objects>
               <processObject xmlns="http://schemas.active-endpoints.com/appmodules/screenflow/2011/06/avosHostEnvironment.xsd"
                              isByCopy="true"
                              name="API_SALESORGANIZATION_SRV_A_SalesOrganizationType_create">
                  <description/>
                  <detail>
                     <field name="IntercompanyBillingCustomer" type="string"/>
                     <field name="SalesOrganization" type="string"/>
                     <field name="SalesOrganizationCurrency" type="string"/>
                     <field name="to_Text" type="object"/>
                     <field name="CompanyCode" type="string"/>
                  </detail>
               </processObject>
               <processObject xmlns="http://schemas.active-endpoints.com/appmodules/screenflow/2011/06/avosHostEnvironment.xsd"
                              isByCopy="true"
                              name="API_SALESORGANIZATION_SRV_A_SalesOrganizationTextType_create">
                  <description/>
                  <detail>
                     <field name="Language" type="string"/>
                     <field name="to_SalesOrganization" type="reference">
                        <options>
                           <option name="referenceTo">API_SALESORGANIZATION_SRV_A_SalesOrganizationType_create</option>
                           <option name="relationshipName">Child</option>
                        </options>
                     </field>
                     <field name="SalesOrganization" type="string"/>
                     <field name="SalesOrganizationName" type="string"/>
                  </detail>
               </processObject>
               <processObject xmlns="http://schemas.active-endpoints.com/appmodules/screenflow/2011/06/avosHostEnvironment.xsd"
                              isByCopy="true"
                              name="API_SALESORGANIZATION_SRV_A_SalesOrganizationType_update">
                  <description/>
                  <detail>
                     <field name="IntercompanyBillingCustomer" type="string"/>
                     <field name="SalesOrganizationCurrency" type="string"/>
                     <field name="CompanyCode" type="string"/>
                  </detail>
               </processObject>
               <processObject xmlns="http://schemas.active-endpoints.com/appmodules/screenflow/2011/06/avosHostEnvironment.xsd"
                              isByCopy="true"
                              name="API_SALESORGANIZATION_SRV_A_SalesOrganizationTextType">
                  <description/>
                  <detail>
                     <field name="Language" type="string"/>
                     <field name="to_SalesOrganization" type="reference">
                        <options>
                           <option name="referenceTo">API_SALESORGANIZATION_SRV_A_SalesOrganizationType</option>
                           <option name="relationshipName">Child</option>
                        </options>
                     </field>
                     <field name="SalesOrganization" type="string"/>
                     <field name="SalesOrganizationName" type="string"/>
                  </detail>
               </processObject>
               <processObject xmlns="http://schemas.active-endpoints.com/appmodules/screenflow/2011/06/avosHostEnvironment.xsd"
                              isByCopy="true"
                              name="error">
                  <description/>
                  <detail>
                     <field name="error" type="object"/>
                  </detail>
               </processObject>
               <processObject xmlns="http://schemas.active-endpoints.com/appmodules/screenflow/2011/06/avosHostEnvironment.xsd"
                              isByCopy="true"
                              name="API_SALESORGANIZATION_SRV_A_SalesOrganizationType">
                  <description/>
                  <detail>
                     <field name="IntercompanyBillingCustomer" type="string"/>
                     <field name="SalesOrganization" type="string"/>
                     <field name="SalesOrganizationCurrency" type="string"/>
                     <field name="to_Text" type="object"/>
                     <field name="CompanyCode" type="string"/>
                  </detail>
               </processObject>
               <processObject xmlns="http://schemas.active-endpoints.com/appmodules/screenflow/2011/06/avosHostEnvironment.xsd"
                              isByCopy="true"
                              name="API_SALESORGANIZATION_SRV_A_SalesOrganizationTextType_update">
                  <description/>
                  <detail>
                     <field name="SalesOrganizationName" type="string"/>
                  </detail>
               </processObject>
               <processObject xmlns="http://schemas.active-endpoints.com/appmodules/screenflow/2011/06/avosHostEnvironment.xsd"
                              isByCopy="true"
                              name="string">
                  <description/>
                  <detail>
                     <field name="string" type="string"/>
                  </detail>
               </processObject>
               <processObject xmlns="http://schemas.active-endpoints.com/appmodules/screenflow/2011/06/avosHostEnvironment.xsd"
                              isByCopy="true"
                              name="boolean">
                  <description/>
                  <detail>
                     <field name="boolean" type="boolean"/>
                  </detail>
               </processObject>
               <processObject xmlns="http://schemas.active-endpoints.com/appmodules/screenflow/2011/06/avosHostEnvironment.xsd"
                              isByCopy="true"
                              name="double">
                  <description/>
                  <detail>
                     <field name="double" type="double"/>
                  </detail>
               </processObject>
               <processObject xmlns="http://schemas.active-endpoints.com/appmodules/screenflow/2011/06/avosHostEnvironment.xsd"
                              isByCopy="true"
                              name="integer">
                  <description/>
                  <detail>
                     <field name="integer" type="int"/>
                  </detail>
               </processObject>
            </objects>
         </businessConnector>
      </types1:Entry>
      <types1:GUID>fUJfieTVQSqc5Bth9jpvMw</types1:GUID>
      <types1:DisplayName>SAP S4HANA Sales Organization - Read API v1</types1:DisplayName>
   </types1:Item>
   <types1:CurrentServerDateTime>2019-11-13T04:54:15.362Z</types1:CurrentServerDateTime>
</aetgt:getResponse>
