<aetgt:getResponse xmlns:aetgt="http://schemas.active-endpoints.com/appmodules/repository/2010/10/avrepository.xsd"
                   xmlns:types1="http://schemas.active-endpoints.com/appmodules/repository/2010/10/avrepository.xsd">
   <types1:Item>
      <types1:EntryId>wRsWOVGuDoWn2sq-gt-572925-2019-12-22T10:53:18.356Z::svc.xml</types1:EntryId>
      <types1:Name>SAP_Ariba_Supplier_Data_REST_API_v1</types1:Name>
      <types1:MimeType>application/xml+businesssconnector</types1:MimeType>
      <types1:Description>Using this API, you can create a client application to retrieve supplier data from your SAP Ariba Supplier Lifecycle and Performance or SAP Ariba Supplier Information and Performance Management (new architecture) solution, including supplier names, addresses, registration, qualification, and preferred statuses, and questionnaire details. 

Replaced by 'Supplier Data API With Pagination'.</types1:Description>
      <types1:AppliesTo/>
      <types1:Tags/>
      <types1:VersionLabel>1.0</types1:VersionLabel>
      <types1:State>CURRENT</types1:State>
      <types1:ProcessGroup/>
      <types1:CreatedBy>sorabh@na1.dm-us.org</types1:CreatedBy>
      <types1:CreationDate>2019-12-22T10:53:18Z</types1:CreationDate>
      <types1:ModifiedBy>sorabh@na1.dm-us.org</types1:ModifiedBy>
      <types1:ModificationDate>2019-12-22T10:53:50Z</types1:ModificationDate>
      <types1:PublicationStatus>published</types1:PublicationStatus>
      <types1:PublishedBy>sorabh@na1.dm-us.org</types1:PublishedBy>
      <types1:PublicationDate>2019-12-22T10:53:54Z</types1:PublicationDate>
      <types1:PublishedContributionId>project:/rt.connector/SAP_Ariba_Supplier_Data_REST_API_v1/SAP_Ariba_Supplier_Data_REST_API_v1_svcDef.xml</types1:PublishedContributionId>
      <types1:AutosaveExists>false</types1:AutosaveExists>
      <types1:Entry>
         <businessConnector xmlns="http://schemas.informatica.com/socrates/data-services/2014/05/business-connector-model.xsd"
                            agentOnly="false"
                            debug="false"
                            displayName="SAP Ariba Supplier Data REST API v1"
                            label=""
                            name="SAP_Ariba_Supplier_Data_REST_API_v1"
                            uuid="a180163e-dc4d-4e70-8cf0-fe60de7f65f5">
            <description>Using this API, you can create a client application to retrieve supplier data from your SAP Ariba Supplier Lifecycle and Performance or SAP Ariba Supplier Information and Performance Management (new architecture) solution, including supplier names, addresses, registration, qualification, and preferred statuses, and questionnaire details. 

Replaced by 'Supplier Data API With Pagination'.</description>
            <tags/>
            <connectionAttributes xmlns="http://schemas.informatica.com/appmodules/screenflow/2014/04/avosConnectors.xsd">
               <connectionAttribute description="Host Name"
                                    masked="false"
                                    name="hostName"
                                    required="true"
                                    testWith="sandbox.api.sap.com"
                                    type="string"/>
            </connectionAttributes>
            <actions>
               <action category="supplier-data-access"
                       failOnError="true"
                       forSearch="false"
                       label="updateSupplierStatusUsingPUT"
                       maxRedirects="100"
                       name="updateSupplierStatusUsingPUT"
                       preemptiveAuth="true"
                       responseEncoding="">
                  <description>Update qualification status or preferred level.</description>
                  <input>
                     <parameter description="request"
                                label="request"
                                name="request"
                                required="true"
                                testWith=""
                                type="reference">
                        <options>
                           <option name="referenceTo">StatusRequest</option>
                        </options>
                     </parameter>
                  </input>
                  <binding>
                     <restSimpleBinding multiUsing="semicolonSeparated"
                                        url="https://{$hostName}/ariba/api/supplierdataaccess/v1/sandbox/supplierstatus/updateStatus"
                                        verb="PUT">
                        <httpHeaders>
                           <header name="Content-Type">application/json</header>
                           <header name="Accept">*/*</header>
                        </httpHeaders>
                        <body generateUsing="UnwrappedJSON" preserveJsonStringFormatting="false"/>
                     </restSimpleBinding>
                  </binding>
                  <output>
                     <field description="OK"
                            entireResponse="true"
                            name="StatusResponse"
                            type="reference">
                        <options>
                           <option name="referenceTo">StatusResponse</option>
                        </options>
                     </field>
                  </output>
               </action>
               <action category="supplier-data-access"
                       failOnError="true"
                       forSearch="false"
                       label="submitQuestionnaireResponseUsingPOST_2"
                       maxRedirects="100"
                       name="submitQuestionnaireResponseUsingPOST_2"
                       preemptiveAuth="true"
                       responseEncoding="">
                  <description>Submit response for a questionnaire</description>
                  <input>
                     <parameter description="request"
                                label="request"
                                name="request"
                                required="true"
                                testWith=""
                                type="reference">
                        <options>
                           <option name="referenceTo">SubmitSurveyRequest</option>
                        </options>
                     </parameter>
                     <parameter description="questionnaireId"
                                label="questionnaireId"
                                name="questionnaireId"
                                required="true"
                                testWith=""
                                type="string"/>
                  </input>
                  <binding>
                     <restSimpleBinding multiUsing="semicolonSeparated"
                                        url="https://{$hostName}/ariba/api/supplierdataaccess/v1/sandbox/submitQuestionnaireResponse"
                                        verb="POST">
                        <httpHeaders>
                           <header name="Content-Type">application/json</header>
                           <header name="Accept">*/*</header>
                        </httpHeaders>
                        <body generateUsing="UnwrappedJSON" preserveJsonStringFormatting="false"/>
                     </restSimpleBinding>
                  </binding>
                  <output>
                     <field description="OK"
                            entireResponse="true"
                            name="Response"
                            type="reference">
                        <options>
                           <option name="referenceTo">Response</option>
                        </options>
                     </field>
                  </output>
               </action>
               <action category="supplier-data-access"
                       failOnError="true"
                       forSearch="false"
                       label="POST_queryQuestionnaireDetails"
                       maxRedirects="100"
                       name="POST_queryQuestionnaireDetails"
                       preemptiveAuth="true"
                       responseEncoding="">
                  <description>Get questionnaire details based on smVendorId and questionnaire id.</description>
                  <input>
                     <parameter description="Pet object that needs to be added to the store"
                                label="request"
                                name="request"
                                required="true"
                                testWith=""
                                type="reference">
                        <options>
                           <option name="referenceTo">QuestionAnswerQueryRequest</option>
                        </options>
                     </parameter>
                  </input>
                  <binding>
                     <restSimpleBinding multiUsing="semicolonSeparated"
                                        url="https://{$hostName}/ariba/api/supplierdataaccess/v1/sandbox/queryQuestionnaireDetails"
                                        verb="POST">
                        <httpHeaders>
                           <header name="Content-Type">application/json</header>
                           <header name="Accept">application/json</header>
                        </httpHeaders>
                        <body generateUsing="UnwrappedJSON" preserveJsonStringFormatting="false"/>
                     </restSimpleBinding>
                  </binding>
                  <output>
                     <field description="OK"
                            entireResponse="true"
                            name="QuestionAnswerQueryResponse"
                            type="reference">
                        <options>
                           <option name="referenceTo">QuestionAnswerQueryResponse</option>
                        </options>
                     </field>
                  </output>
               </action>
               <action category="supplier-data-access"
                       failOnError="true"
                       forSearch="false"
                       label="searchSupplierUsingPOST"
                       maxRedirects="100"
                       name="searchSupplierUsingPOST"
                       preemptiveAuth="true"
                       responseEncoding="">
                  <description>Search suppliers</description>
                  <input>
                     <parameter description="request"
                                label="request"
                                name="request"
                                required="true"
                                testWith=""
                                type="reference">
                        <options>
                           <option name="referenceTo">ReportRequest</option>
                        </options>
                     </parameter>
                  </input>
                  <binding>
                     <restSimpleBinding multiUsing="semicolonSeparated"
                                        url="https://{$hostName}/ariba/api/supplierdataaccess/v1/sandbox/searchSupplier"
                                        verb="POST">
                        <httpHeaders>
                           <header name="Content-Type">application/json</header>
                           <header name="Accept">*/*</header>
                        </httpHeaders>
                        <body generateUsing="UnwrappedJSON" preserveJsonStringFormatting="false"/>
                     </restSimpleBinding>
                  </binding>
                  <output>
                     <field description="OK"
                            entireResponse="true"
                            name="SearchSupplierResponse"
                            type="reference">
                        <options>
                           <option name="referenceTo">SearchSupplierResponse</option>
                        </options>
                     </field>
                  </output>
               </action>
            </actions>
            <objects>
               <processObject xmlns="http://schemas.active-endpoints.com/appmodules/screenflow/2011/06/avosHostEnvironment.xsd"
                              isByCopy="true"
                              name="ValidationException">
                  <description/>
                  <detail>
                     <field name="childExceptions" type="objectlist">
                        <options>
                           <option name="referenceTo">ValidationException</option>
                           <option name="relationshipName">Child</option>
                        </options>
                     </field>
                     <field name="exceptionClassSimpleName" type="string"/>
                     <field name="technicalMessage" type="string"/>
                     <field name="cause" type="reference">
                        <options>
                           <option name="referenceTo">Throwable</option>
                           <option name="relationshipName">Child</option>
                        </options>
                     </field>
                     <field name="exceptionClassName" type="string"/>
                     <field name="stackTrace" type="objectlist">
                        <options>
                           <option name="referenceTo">StackTraceElement</option>
                           <option name="relationshipName">Child</option>
                        </options>
                     </field>
                     <field name="suppressed" type="objectlist">
                        <options>
                           <option name="referenceTo">Throwable</option>
                           <option name="relationshipName">Child</option>
                        </options>
                     </field>
                     <field name="message" type="string"/>
                     <field name="info" type="object"/>
                  </detail>
               </processObject>
               <processObject xmlns="http://schemas.active-endpoints.com/appmodules/screenflow/2011/06/avosHostEnvironment.xsd"
                              isByCopy="true"
                              name="StatusRequest">
                  <description/>
                  <detail>
                     <field name="statusType" type="picklist">
                        <options>
                           <option name="values">[{"value":"Qualification","label":"Qualification"},{"value":"Preferred","label":"Preferred"}]</option>
                        </options>
                     </field>
                     <field name="statusList" type="objectlist">
                        <options>
                           <option name="referenceTo">StatusApi</option>
                           <option name="relationshipName">Child</option>
                        </options>
                     </field>
                  </detail>
               </processObject>
               <processObject xmlns="http://schemas.active-endpoints.com/appmodules/screenflow/2011/06/avosHostEnvironment.xsd"
                              isByCopy="true"
                              name="StackTraceElement">
                  <description/>
                  <detail>
                     <field name="fileName" type="string"/>
                     <field name="nativeMethod" type="boolean"/>
                     <field name="methodName" type="string"/>
                     <field name="className" type="string"/>
                     <field name="lineNumber" type="int"/>
                  </detail>
               </processObject>
               <processObject xmlns="http://schemas.active-endpoints.com/appmodules/screenflow/2011/06/avosHostEnvironment.xsd"
                              isByCopy="true"
                              name="CommentData">
                  <description/>
                  <detail>
                     <field name="attachment" type="reference">
                        <options>
                           <option name="referenceTo">AttachmentData</option>
                           <option name="relationshipName">Child</option>
                        </options>
                     </field>
                     <field name="isEdit" type="boolean"/>
                     <field name="comment" type="string"/>
                  </detail>
               </processObject>
               <processObject xmlns="http://schemas.active-endpoints.com/appmodules/screenflow/2011/06/avosHostEnvironment.xsd"
                              isByCopy="true"
                              name="ItemAnswer">
                  <description/>
                  <detail>
                     <field name="extendedAddressAnswer" type="object"/>
                     <field name="externalSystemCorrelationId" type="string"/>
                     <field name="comments" type="objectlist">
                        <options>
                           <option name="referenceTo">CommentData</option>
                           <option name="relationshipName">Child</option>
                        </options>
                     </field>
                     <field name="addressAnswer" type="reference">
                        <options>
                           <option name="referenceTo">AddressData</option>
                           <option name="relationshipName">Child</option>
                        </options>
                     </field>
                     <field name="formatErrorMessage" type="string"/>
                     <field name="itemTag" type="string"/>
                     <field name="alternative" type="string"/>
                     <field name="regexPattern" type="string"/>
                     <field name="itemId" type="string"/>
                     <field name="multiValueAnswer" type="objectlist">
                        <options>
                           <option name="referenceTo">string</option>
                           <option name="relationshipName">Child</option>
                        </options>
                     </field>
                     <field name="certificateAnswer" type="reference">
                        <options>
                           <option name="referenceTo">CertificateData</option>
                           <option name="relationshipName">Child</option>
                        </options>
                     </field>
                     <field name="moreValue" type="string"/>
                     <field name="answer" type="string"/>
                     <field name="taxDataAnswer" type="reference">
                        <options>
                           <option name="referenceTo">TaxData</option>
                           <option name="relationshipName">Child</option>
                        </options>
                     </field>
                     <field name="attachmentAnswer" type="reference">
                        <options>
                           <option name="referenceTo">AttachmentData</option>
                           <option name="relationshipName">Child</option>
                        </options>
                     </field>
                     <field name="bankAccountAnswer" type="reference">
                        <options>
                           <option name="referenceTo">BankAccountData</option>
                           <option name="relationshipName">Child</option>
                        </options>
                     </field>
                  </detail>
               </processObject>
               <processObject xmlns="http://schemas.active-endpoints.com/appmodules/screenflow/2011/06/avosHostEnvironment.xsd"
                              isByCopy="true"
                              name="BankAccountData">
                  <description/>
                  <detail>
                     <field name="bankAccountExternalID" type="string"/>
                     <field name="country" type="string"/>
                     <field name="blank" type="boolean"/>
                     <field name="collectionAuthorisationIndicator" type="boolean"/>
                     <field name="accountName" type="string"/>
                     <field name="bankBranch" type="string"/>
                     <field name="city" type="string"/>
                     <field name="postalCode" type="string"/>
                     <field name="accountNumber" type="string"/>
                     <field name="type" type="string"/>
                     <field name="bankAccountStandardID" type="string"/>
                     <field name="bankAccountType" type="string"/>
                     <field name="name" type="string"/>
                     <field name="id" type="string"/>
                     <field name="state" type="string"/>
                     <field name="key" type="string"/>
                     <field name="line1" type="string"/>
                  </detail>
               </processObject>
               <processObject xmlns="http://schemas.active-endpoints.com/appmodules/screenflow/2011/06/avosHostEnvironment.xsd"
                              isByCopy="true"
                              name="AddressData">
                  <description/>
                  <detail>
                     <field name="city" type="string"/>
                     <field name="countryCode" type="string"/>
                     <field name="street" type="string"/>
                     <field name="postalCode" type="string"/>
                     <field name="state" type="string"/>
                     <field name="line3" type="string"/>
                     <field name="line2" type="string"/>
                  </detail>
               </processObject>
               <processObject xmlns="http://schemas.active-endpoints.com/appmodules/screenflow/2011/06/avosHostEnvironment.xsd"
                              isByCopy="true"
                              name="QuestionAnswerQueryRequest">
                  <description/>
                  <detail>
                     <field name="smVendorId" type="string"/>
                     <field name="questionnaireId" type="string"/>
                  </detail>
               </processObject>
               <processObject xmlns="http://schemas.active-endpoints.com/appmodules/screenflow/2011/06/avosHostEnvironment.xsd"
                              isByCopy="true"
                              name="SearchSupplierResponse">
                  <description/>
                  <detail>
                     <field name="Address_Country_Code" type="string"/>
                     <field name="ERP_Vendor_ID" type="string"/>
                     <field name="Supplier_Name" type="string"/>
                     <field name="Address_City" type="string"/>
                     <field name="Address_Postal_Code" type="string"/>
                     <field name="Registration_Status" type="string"/>
                     <field name="An_Id" type="string"/>
                     <field name="SM_Vendor_ID" type="string"/>
                     <field name="Integrated_to_ERP" type="string"/>
                     <field name="Address_Line1" type="string"/>
                  </detail>
               </processObject>
               <processObject xmlns="http://schemas.active-endpoints.com/appmodules/screenflow/2011/06/avosHostEnvironment.xsd"
                              isByCopy="true"
                              name="ExtendedAddressRepData">
                  <description/>
                  <detail>
                     <field name="poBoxDeviatingCountryCode" type="string"/>
                     <field name="blank" type="boolean"/>
                     <field name="additionalStreetPrefixName" type="string"/>
                     <field name="regionalStructureElementGroupCode" type="string"/>
                     <field name="streetSuffixName" type="string"/>
                     <field name="additionalStreetSuffixName" type="string"/>
                     <field name="regionalStructureDistrictCode" type="string"/>
                     <field name="poBoxAddressMailNonDeliveryReasonCode" type="string"/>
                     <field name="buildingID" type="string"/>
                     <field name="poBoxLobbyName" type="string"/>
                     <field name="taxJurisdictionCode" type="string"/>
                     <field name="additionalRegionalStructureCityCode" type="string"/>
                     <field name="regionCode" type="string"/>
                     <field name="streetName" type="string"/>
                     <field name="regionalStructureAddressConsistencyStatusCode" type="string"/>
                     <field name="cityName" type="string"/>
                     <field name="timeZoneCode" type="string"/>
                     <field name="countryCode" type="string"/>
                     <field name="streetAddressMailNonDeliveryReasonCode" type="string"/>
                     <field name="poBoxPostalCode" type="string"/>
                     <field name="poBoxDeviatingCityName" type="string"/>
                     <field name="regionalStructureStreetCode" type="string"/>
                     <field name="companyPostalCode" type="string"/>
                     <field name="poBoxID" type="string"/>
                     <field name="additionalHouseID" type="string"/>
                     <field name="houseID" type="string"/>
                     <field name="districtName" type="string"/>
                     <field name="transportationZoneID" type="string"/>
                     <field name="streetPostalCode" type="string"/>
                     <field name="streetPrefixName" type="string"/>
                     <field name="additionalCityName" type="string"/>
                     <field name="roomID" type="string"/>
                     <field name="floorID" type="string"/>
                     <field name="careOfName" type="string"/>
                     <field name="poBoxIDVisibleIndicator" type="boolean"/>
                     <field name="regionalStructureCityCode" type="string"/>
                     <field name="poBoxDeliveryServiceTypeCode" type="string"/>
                     <field name="poBoxDeviatingRegionCode" type="string"/>
                     <field name="poBoxDeliveryServiceID" type="string"/>
                     <field name="poBoxDeviatingRegionalStructureCityCode" type="string"/>
                  </detail>
               </processObject>
               <processObject xmlns="http://schemas.active-endpoints.com/appmodules/screenflow/2011/06/avosHostEnvironment.xsd"
                              isByCopy="true"
                              name="CertificateData">
                  <description/>
                  <detail>
                     <field name="yearOfPublication" type="string"/>
                     <field name="attachment" type="reference">
                        <options>
                           <option name="referenceTo">AttachmentData</option>
                           <option name="relationshipName">Child</option>
                        </options>
                     </field>
                     <field name="certificateNumber" type="string"/>
                     <field name="description" type="string"/>
                     <field name="certificateLocation" type="string"/>
                     <field name="certified" type="boolean"/>
                     <field name="id" type="string"/>
                     <field name="issuer" type="string"/>
                     <field name="effectiveDate" type="string"/>
                     <field name="certificateType" type="string"/>
                     <field name="expirationDate" type="string"/>
                  </detail>
               </processObject>
               <processObject xmlns="http://schemas.active-endpoints.com/appmodules/screenflow/2011/06/avosHostEnvironment.xsd"
                              isByCopy="true"
                              name="TaxData">
                  <description/>
                  <detail>
                     <field name="countryCode" type="string"/>
                     <field name="answers" type="objectlist">
                        <options>
                           <option name="referenceTo">ItemAnswer</option>
                           <option name="relationshipName">Child</option>
                        </options>
                     </field>
                  </detail>
               </processObject>
               <processObject xmlns="http://schemas.active-endpoints.com/appmodules/screenflow/2011/06/avosHostEnvironment.xsd"
                              isByCopy="true"
                              name="List">
                  <description/>
                  <detail/>
               </processObject>
               <processObject xmlns="http://schemas.active-endpoints.com/appmodules/screenflow/2011/06/avosHostEnvironment.xsd"
                              isByCopy="true"
                              name="SubmitSurveyRequest">
                  <description/>
                  <detail>
                     <field name="answers" type="objectlist">
                        <options>
                           <option name="referenceTo">ItemAnswer</option>
                           <option name="relationshipName">Child</option>
                        </options>
                     </field>
                  </detail>
               </processObject>
               <processObject xmlns="http://schemas.active-endpoints.com/appmodules/screenflow/2011/06/avosHostEnvironment.xsd"
                              isByCopy="true"
                              name="StatusApi">
                  <description/>
                  <detail>
                     <field name="statusQualifier" type="string"/>
                     <field name="erpVendorId" type="string"/>
                     <field name="requalificationEligibleDate" type="string"/>
                     <field name="businessUnit" type="string"/>
                     <field name="endDate" type="string"/>
                     <field name="sourceSystem" type="string"/>
                     <field name="smVendorId" type="string"/>
                     <field name="active" type="boolean"/>
                     <field name="category" type="string"/>
                     <field name="region" type="string"/>
                     <field name="startDate" type="string"/>
                     <field name="status" type="picklist">
                        <options>
                           <option name="values">[{"value":"Qualified","label":"Qualified"},{"value":"Disqualified","label":"Disqualified"},{"value":"Expired","label":"Expired"},{"value":"0","label":"0"},{"value":"1","label":"1"},{"value":"2","label":"2"},{"value":"3","label":"3"},{"value":"4","label":"4"},{"value":"5","label":"5"}]</option>
                        </options>
                     </field>
                  </detail>
               </processObject>
               <processObject xmlns="http://schemas.active-endpoints.com/appmodules/screenflow/2011/06/avosHostEnvironment.xsd"
                              isByCopy="true"
                              name="ReportRequest">
                  <description/>
                  <detail>
                     <field name="registrationStatusList" type="picklist">
                        <options>
                           <option name="values">[{"value":"Unknown","label":"Unknown"},{"value":"RegistrationDenied","label":"RegistrationDenied"},{"value":"PhasedOut","label":"PhasedOut"},{"value":"InCreation","label":"InCreation"},{"value":"InExternalApprovalForCreation","label":"InExternalApprovalForCreation"},{"value":"NotInvited","label":"NotInvited"},{"value":"Invited","label":"Invited"},{"value":"InRegistration","label":"InRegistration"},{"value":"PendingApproval","label":"PendingApproval"},{"value":"PendingResubmit","label":"PendingResubmit"},{"value":"Registered","label":"Registered"}]</option>
                        </options>
                     </field>
                     <field name="regionList" type="objectlist">
                        <options>
                           <option name="referenceTo">string</option>
                           <option name="relationshipName">Child</option>
                        </options>
                     </field>
                     <field name="preferredLevelList" type="objectlist">
                        <options>
                           <option name="referenceTo">int</option>
                           <option name="relationshipName">Child</option>
                        </options>
                     </field>
                     <field name="qualificationStatusList" type="picklist">
                        <options>
                           <option name="values">[{"value":"Unknown","label":"Unknown"},{"value":"QualificationRejected","label":"QualificationRejected"},{"value":"Disqualified","label":"Disqualified"},{"value":"InDisqualification","label":"InDisqualification"},{"value":"PendingDisqualificationApproval","label":"PendingDisqualificationApproval"},{"value":"QualificationExpired","label":"QualificationExpired"},{"value":"NotQualified","label":"NotQualified"},{"value":"QualificationStarted","label":"QualificationStarted"},{"value":"InQualification","label":"InQualification"},{"value":"PendingQualificationApproval","label":"PendingQualificationApproval"},{"value":"PendingQualificationResubmit","label":"PendingQualificationResubmit"},{"value":"QualificationRestricted","label":"QualificationRestricted"},{"value":"QualifiedForSome","label":"QualifiedForSome"},{"value":"QualifiedWithException","label":"QualifiedWithException"},{"value":"Qualified","label":"Qualified"},{"value":"None","label":"None"}]</option>
                        </options>
                     </field>
                     <field name="categoryList" type="objectlist">
                        <options>
                           <option name="referenceTo">string</option>
                           <option name="relationshipName">Child</option>
                        </options>
                     </field>
                     <field name="businessUnitList" type="objectlist">
                        <options>
                           <option name="referenceTo">string</option>
                           <option name="relationshipName">Child</option>
                        </options>
                     </field>
                     <field name="withQuestionnaire" type="boolean"/>
                     <field name="outputFormat" type="picklist">
                        <options>
                           <option name="values">[{"value":"CSV","label":"CSV"},{"value":"JSON","label":"JSON"}]</option>
                        </options>
                     </field>
                  </detail>
               </processObject>
               <processObject xmlns="http://schemas.active-endpoints.com/appmodules/screenflow/2011/06/avosHostEnvironment.xsd"
                              isByCopy="true"
                              name="QuestionAnswerQueryResponse">
                  <description/>
                  <detail>
                     <field name="totalQuestions" type="string"/>
                     <field name="externalSystemCorrelationId" type="string"/>
                     <field name="enumerationCodeDelimiters" type="string"/>
                     <field name="dataType" type="string"/>
                     <field name="alternative" type="string"/>
                     <field name="answerType" type="string"/>
                     <field name="active" type="string"/>
                     <field name="type" type="string"/>
                     <field name="questionLabel" type="string"/>
                     <field name="questionnaireLabel" type="string"/>
                     <field name="itemId" type="string"/>
                     <field name="workspaceType" type="string"/>
                     <field name="searchTerm" type="string"/>
                     <field name="answer" type="string"/>
                     <field name="processId" type="string"/>
                     <field name="smVendorId" type="string"/>
                     <field name="documentId" type="string"/>
                     <field name="multiValued" type="string"/>
                     <field name="workspaceId" type="string"/>
                  </detail>
               </processObject>
               <processObject xmlns="http://schemas.active-endpoints.com/appmodules/screenflow/2011/06/avosHostEnvironment.xsd"
                              isByCopy="true"
                              name="Error">
                  <description/>
                  <detail>
                     <field name="code" type="string"/>
                     <field name="message" type="string"/>
                  </detail>
               </processObject>
               <processObject xmlns="http://schemas.active-endpoints.com/appmodules/screenflow/2011/06/avosHostEnvironment.xsd"
                              isByCopy="true"
                              name="ErrorInternal">
                  <description/>
                  <detail>
                     <field name="code" type="string"/>
                     <field name="message" type="string"/>
                  </detail>
               </processObject>
               <processObject xmlns="http://schemas.active-endpoints.com/appmodules/screenflow/2011/06/avosHostEnvironment.xsd"
                              isByCopy="true"
                              name="StatusResponse">
                  <description/>
                  <detail>
                     <field name="response" type="string"/>
                     <field name="successful" type="boolean"/>
                  </detail>
               </processObject>
               <processObject xmlns="http://schemas.active-endpoints.com/appmodules/screenflow/2011/06/avosHostEnvironment.xsd"
                              isByCopy="true"
                              name="Response">
                  <description/>
                  <detail>
                     <field name="errorMessages" type="objectlist">
                        <options>
                           <option name="referenceTo">ErrorMessage</option>
                           <option name="relationshipName">Child</option>
                        </options>
                     </field>
                     <field name="moreDataAvailable" type="boolean"/>
                     <field name="nextToken" type="string"/>
                     <field name="warnings" type="objectlist">
                        <options>
                           <option name="referenceTo">ValidationException</option>
                           <option name="relationshipName">Child</option>
                        </options>
                     </field>
                     <field name="errorsByVendor" type="object"/>
                     <field name="status" type="picklist">
                        <options>
                           <option name="values">[{"value":"OK","label":"OK"},{"value":"FAILED","label":"FAILED"},{"value":"ERROR","label":"ERROR"}]</option>
                        </options>
                     </field>
                     <field name="statusCode" type="int"/>
                  </detail>
               </processObject>
               <processObject xmlns="http://schemas.active-endpoints.com/appmodules/screenflow/2011/06/avosHostEnvironment.xsd"
                              isByCopy="true"
                              name="BadRequest">
                  <description>Your request is not processed becuase of an error on server side</description>
                  <detail>
                     <field name="code" type="string"/>
                     <field name="message" type="string"/>
                  </detail>
               </processObject>
               <processObject xmlns="http://schemas.active-endpoints.com/appmodules/screenflow/2011/06/avosHostEnvironment.xsd"
                              isByCopy="true"
                              name="Throwable">
                  <description/>
                  <detail>
                     <field name="localizedMessage" type="string"/>
                     <field name="stackTrace" type="objectlist">
                        <options>
                           <option name="referenceTo">StackTraceElement</option>
                           <option name="relationshipName">Child</option>
                        </options>
                     </field>
                     <field name="suppressed" type="objectlist">
                        <options>
                           <option name="referenceTo">Throwable</option>
                           <option name="relationshipName">Child</option>
                        </options>
                     </field>
                     <field name="message" type="string"/>
                  </detail>
               </processObject>
               <processObject xmlns="http://schemas.active-endpoints.com/appmodules/screenflow/2011/06/avosHostEnvironment.xsd"
                              isByCopy="true"
                              name="AttachmentData">
                  <description/>
                  <detail>
                     <field name="fileName" type="string"/>
                     <field name="fileSize" type="int"/>
                     <field name="downloadUrl" type="string"/>
                     <field name="comment" type="string"/>
                     <field name="mimeType" type="string"/>
                     <field name="fileContents" type="string"/>
                  </detail>
               </processObject>
               <processObject xmlns="http://schemas.active-endpoints.com/appmodules/screenflow/2011/06/avosHostEnvironment.xsd"
                              isByCopy="true"
                              name="ErrorMessage">
                  <description/>
                  <detail>
                     <field name="errorType" type="picklist">
                        <options>
                           <option name="values">[{"value":"Error","label":"Error"},{"value":"Warning","label":"Warning"}]</option>
                        </options>
                     </field>
                     <field name="cause" type="string"/>
                     <field name="errorCode" type="string"/>
                     <field name="message" type="string"/>
                     <field name="resolution" type="string"/>
                  </detail>
               </processObject>
               <processObject xmlns="http://schemas.active-endpoints.com/appmodules/screenflow/2011/06/avosHostEnvironment.xsd"
                              isByCopy="true"
                              name="string">
                  <description/>
                  <detail>
                     <field name="string" type="string"/>
                  </detail>
               </processObject>
               <processObject xmlns="http://schemas.active-endpoints.com/appmodules/screenflow/2011/06/avosHostEnvironment.xsd"
                              isByCopy="true"
                              name="boolean">
                  <description/>
                  <detail>
                     <field name="boolean" type="boolean"/>
                  </detail>
               </processObject>
               <processObject xmlns="http://schemas.active-endpoints.com/appmodules/screenflow/2011/06/avosHostEnvironment.xsd"
                              isByCopy="true"
                              name="double">
                  <description/>
                  <detail>
                     <field name="double" type="double"/>
                  </detail>
               </processObject>
               <processObject xmlns="http://schemas.active-endpoints.com/appmodules/screenflow/2011/06/avosHostEnvironment.xsd"
                              isByCopy="true"
                              name="integer">
                  <description/>
                  <detail>
                     <field name="integer" type="int"/>
                  </detail>
               </processObject>
               <processObject xmlns="http://schemas.active-endpoints.com/appmodules/screenflow/2011/06/avosHostEnvironment.xsd"
                              isByCopy="true"
                              name="Forbidden">
                  <description>You are not able to connnect because of proxy or network issue</description>
                  <detail/>
               </processObject>
               <processObject xmlns="http://schemas.active-endpoints.com/appmodules/screenflow/2011/06/avosHostEnvironment.xsd"
                              isByCopy="true"
                              name="Unauthorized">
                  <description>Unauthorized request. Check oauth token is expired or you are not using correct oauth token.</description>
                  <detail/>
               </processObject>
               <processObject xmlns="http://schemas.active-endpoints.com/appmodules/screenflow/2011/06/avosHostEnvironment.xsd"
                              isByCopy="true"
                              name="InternalServerError">
                  <description>If your URL is not constructed properly, you have trailing spaces in URl, request body format is wrong or ARIBA site is temporarily down</description>
                  <detail/>
               </processObject>
               <processObject xmlns="http://schemas.active-endpoints.com/appmodules/screenflow/2011/06/avosHostEnvironment.xsd"
                              isByCopy="true"
                              name="NotFound">
                  <description>The URL you requested does not exist.</description>
                  <detail/>
               </processObject>
            </objects>
         </businessConnector>
      </types1:Entry>
      <types1:GUID>dWnIg32IcOccpSw4TbCdmc</types1:GUID>
      <types1:DisplayName>SAP Ariba Supplier Data REST API v1</types1:DisplayName>
   </types1:Item>
   <types1:CurrentServerDateTime>2019-12-22T10:58:56.373Z</types1:CurrentServerDateTime>
</aetgt:getResponse>
