{
  "name" : "SAP S4HANA Quota Arrangement API v1",
  "sourceOrgId" : "6w10pMc8bwmkGpCQs9xkSM",
  "sourceOrgName" : "IICS iPaaS",
  "exportedObjects" : [ {
    "objectGuid" : "00m3cKr9AGOjGY55vZSASH",
    "objectName" : "Service Connectors",
    "objectType" : "Folder",
    "path" : "/Explore/Shared assets",
    "metadata" : {
      "modelVersion" : {
        "major" : 0,
        "minor" : 0
      },
      "repoInfo" : null,
      "objectRefs" : [ ],
      "contextAttributes" : [ ],
      "additionalInfo" : {
        "description" : "",
        "contentType" : "Binary",
        "documentState" : "COMPLETE"
      }
    }
  }, {
    "objectGuid" : "34XqBV4iMCwbBwSR0jQLYW",
    "objectName" : "SAP S4HANA Quota Arrangement API v1",
    "objectType" : "AI_SERVICE_CONNECTOR",
    "path" : "/Explore/Shared assets/Service Connectors",
    "metadata" : {
      "modelVersion" : {
        "major" : 1,
        "minor" : 0
      },
      "repoInfo" : {
        "repoHandle" : "bg9hOznKKvvNtLS-gt-2944487-2019-11-15T05:43:03.1Z::svc.xml"
      },
      "objectRefs" : [ ],
      "contextAttributes" : null,
      "additionalInfo" : {
        "description" : "This service helps you to create, read,  update, and delete quota arrangements through an  API call from a source system outside SAP  S/4HANA Cloud or SAP S/4HANA. The service  contains quota arrangement header and item. The  information is sent in the request as a payload. The  information is used when creating, reading or  updating a quota arrangement, with appropriate  checks for restricted values and authorizations.",
        "contentType" : "application/json; charset=utf-8",
        "documentState" : "VALID"
      }
    }
  }, {
    "objectGuid" : "almpU5d486xjg3tXw87BET",
    "objectName" : "Shared assets",
    "objectType" : "Project",
    "path" : "/Explore",
    "metadata" : {
      "modelVersion" : {
        "major" : 0,
        "minor" : 0
      },
      "repoInfo" : null,
      "objectRefs" : [ ],
      "contextAttributes" : [ ],
      "additionalInfo" : {
        "description" : "This Project contains shared assets",
        "contentType" : "Binary",
        "documentState" : "COMPLETE"
      }
    }
  } ]
}