{"EntryId":{"$t":"pw0VPNzUzeA8rJ4-gt-898317-2018-09-11T16:02:45.252Z::pd.xml"},"Name":{"$t":"Create_an_account_in_ServiceNow"},"MimeType":{"$t":"application\/xml+process"},"Description":{"$t":"A process that demonstrates how to create an account in ServiceNow. Credentials are embedded in the ServiceNow-Table-API-actions connection, and the new account inputs are passed in via a POST invocation."},"AppliesTo":{},"Tags":{"$t":".anonymous"},"VersionLabel":{"$t":"1.0"},"State":{"$t":"CURRENT"},"ProcessGroup":{},"CreatedBy":{"$t":"gstasko@UW-POC.edu"},"CreationDate":{"$t":"2018-09-11T16:02:45Z"},"ModifiedBy":{"$t":"gstasko@UW-POC.edu"},"ModificationDate":{"$t":"2018-09-11T16:13:03Z"},"PublicationStatus":{"$t":"unpublished"},"AutosaveExists":{"$t":"false"},"Entry":{"process":{"displayName":"Create an account in ServiceNow","name":"Create_an_account_in_ServiceNow","xmlns":"http:\/\/schemas.active-endpoints.com\/appmodules\/screenflow\/2010\/10\/avosScreenflow.xsd","xmlns$aetgt":"http:\/\/schemas.active-endpoints.com\/appmodules\/repository\/2010\/10\/avrepository.xsd","xmlns$list":"urn:activevos:spi:list:functions","appliesTo":{},"description":{"$t":"A process that demonstrates how to create an account in ServiceNow. Credentials are embedded in the ServiceNow-Table-API-actions connection, and the new account inputs are passed in via a POST invocation."},"tags":{"$t":".anonymous"},"generator":{"$t":"Informatica Process Designer 9"},"input":{"parameter":[{"description":"","name":"inputName","type":"string","options":{"option":{"name":"required","$t":"false"}}},{"description":"","name":"inputZIP","type":"string","options":{"option":{"name":"required","$t":"false"}}},{"description":"","name":"inputCity","type":"string","options":{"option":{"name":"required","$t":"false"}}}]},"output":{"field":[{"description":"","name":"o_AccessToken","type":"string","options":{"option":{"name":"required","$t":"false"}}},{"description":"","name":"o_RefreshToken","type":"string","options":{"option":{"name":"required","$t":"false"}}},{"description":"","name":"a_sys_id","type":"string","options":{"option":{"name":"required","$t":"false"}}},{"description":"","name":"o_city","type":"string","options":{"option":{"name":"required","$t":"false"}}},{"description":"","name":"o_Name","type":"string","options":{"option":{"name":"required","$t":"false"}}}]},"notes":{},"deployment":{"suspendOnFault":"false","tracingLevel":"verbose","rest":{"allowAnonymousAccess":{}}},"flow":{"id":"a","start":{"id":"b","link":{"id":"jky7wdra","targetId":"jky7wdr9"}},"service":[{"id":"jky7wdr9","title":{"$t":"Access Token"},"serviceName":{"$t":"ServiceNow-Table-API-actions:Access Token"},"serviceGUID":{"$t":"gwdb9bdGIEDjJEpHY3DYsl"},"serviceInput":{},"link":{"id":"jl2exd74","targetId":"jl2exd73"}},{"id":"jl2exd73","title":{"$t":"Create a new ServiceNow Account"},"serviceName":{"$t":"ServiceNow-Table-API-actions:Create Accounts"},"serviceGUID":{"$t":"gwdb9bdGIEDjJEpHY3DYsl"},"serviceInput":{"parameter":[{"name":"i_city","source":"field","updatable":"true","$t":"input.inputCity"},{"name":"i_name","source":"field","updatable":"true","$t":"input.inputName"},{"name":"i_zip","source":"field","updatable":"true","$t":"input.inputZIP"},{"name":"access_token","source":"field","updatable":"true","$t":"output.access_token"}]},"link":{"id":"jl2f6n6m","targetId":"jl2f6n6l"}},{"id":"jl2f6n6l","title":{"$t":"Get Accounts"},"serviceName":{"$t":"ServiceNow-Table-API-actions:Get Accounts"},"serviceGUID":{"$t":"gwdb9bdGIEDjJEpHY3DYsl"},"serviceInput":{"parameter":[{"name":"sys_id","source":"field","updatable":"true","$t":"output.o_sys_id"},{"name":"access_token","source":"field","updatable":"true","$t":"output.access_token"}]},"link":{"id":"jl2f6n6n","targetId":"jky7wdrg"}}],"assignment":{"id":"jky7wdrg","title":{"$t":"Map Access and Refresh Tokens to output"},"operation":[{"source":"field","to":"output.o_RefreshToken","$t":"output.refresh_token"},{"source":"field","to":"output.o_AccessToken","$t":"output.access_token"},{"source":"field","to":"output.a_sys_id","$t":"output.o_sys_id"},{"source":"field","to":"output.o_city","$t":"output.city"},{"source":"field","to":"output.o_Name","$t":"output.name"}],"link":{"id":"jky7wdri","targetId":"c"}},"end":{"id":"c"}}}},"GUID":{"$t":"g1rBncojsCKbLVlFy6u02P"},"DisplayName":{"$t":"Create an account in ServiceNow"}}