{"EntryId":{"$t":"m6kbeJHQjATO9pH-gt-898307-2018-09-11T16:02:45.198Z::pd.xml"},"Name":{"$t":"Retrieve_account_data_from_ServiceNow"},"MimeType":{"$t":"application\/xml+process"},"Description":{"$t":"This process is invoked with a ServiceNow account ID. ServiceNow credentials are embedded in the ServiceNow-Table-API-actions connection. A valid sys_id of an account is passed when invoking the process. The value returned from the \"Create an account in ServiceNow\" process can be used as an input."},"AppliesTo":{},"Tags":{"$t":".anonymous"},"VersionLabel":{"$t":"1.0"},"State":{"$t":"CURRENT"},"ProcessGroup":{},"CreatedBy":{"$t":"gstasko@UW-POC.edu"},"CreationDate":{"$t":"2018-09-11T16:02:45Z"},"ModifiedBy":{},"PublicationStatus":{"$t":"unpublished"},"AutosaveExists":{"$t":"false"},"Entry":{"process":{"displayName":"Retrieve account data from ServiceNow","name":"Retrieve_account_data_from_ServiceNow","xmlns":"http:\/\/schemas.active-endpoints.com\/appmodules\/screenflow\/2010\/10\/avosScreenflow.xsd","xmlns$aetgt":"http:\/\/schemas.active-endpoints.com\/appmodules\/repository\/2010\/10\/avrepository.xsd","xmlns$list":"urn:activevos:spi:list:functions","appliesTo":{},"description":{"$t":"This process is invoked with a ServiceNow account ID. ServiceNow credentials are embedded in the ServiceNow-Table-API-actions connection. A valid sys_id of an account is passed when invoking the process. The value returned from the \"Create an account in ServiceNow\" process can be used as an input."},"tags":{"$t":".anonymous"},"generator":{"$t":"Informatica Process Designer 9"},"input":{"parameter":{"description":"an account identifer","name":"input_sys_id","type":"string","options":{"option":{"name":"required","$t":"false"}}}},"output":{"field":[{"description":"","name":"o_AccessToken","type":"string","options":{"option":{"name":"required","$t":"false"}}},{"description":"","name":"o_RefreshToken","type":"string","options":{"option":{"name":"required","$t":"false"}}},{"description":"","name":"a_sys_id","type":"string","options":{"option":{"name":"required","$t":"false"}}},{"description":"","name":"o_city","type":"string","options":{"option":{"name":"required","$t":"false"}}},{"description":"","name":"o_name","type":"string","options":{"option":{"name":"required","$t":"false"}}}]},"notes":{},"deployment":{"suspendOnFault":"false","tracingLevel":"verbose","rest":{"allowAnonymousAccess":{}}},"flow":{"id":"a","start":{"id":"b","link":{"id":"jky7wdra","targetId":"jky7wdr9"}},"service":[{"id":"jky7wdr9","title":{"$t":"Generate Access Token"},"serviceName":{"$t":"ServiceNow-Table-API-actions:Access Token"},"serviceGUID":{"$t":"gwdb9bdGIEDjJEpHY3DYsl"},"serviceInput":{},"link":{"id":"jlo4r9wj","targetId":"jl2f6n6l"}},{"id":"jl2f6n6l","title":{"$t":"Get Accounts"},"serviceName":{"$t":"ServiceNow-Table-API-actions:Get Accounts"},"serviceGUID":{"$t":"gwdb9bdGIEDjJEpHY3DYsl"},"serviceInput":{"parameter":[{"name":"sys_id","source":"field","updatable":"true","$t":"input.input_sys_id"},{"name":"access_token","source":"field","updatable":"true","$t":"output.access_token"}]},"link":{"id":"jl2f6n6n","targetId":"jky7wdrg"}}],"assignment":{"id":"jky7wdrg","title":{"$t":"Map Access and Refresh Tokens to output"},"operation":[{"source":"field","to":"output.o_RefreshToken","$t":"output.refresh_token"},{"source":"field","to":"output.o_AccessToken","$t":"output.access_token"},{"source":"field","to":"output.a_sys_id","$t":"output.sys_id"},{"source":"field","to":"output.o_city","$t":"output.city"},{"source":"field","to":"output.o_name","$t":"output.name"}],"link":{"id":"jky7wdri","targetId":"c"}},"end":{"id":"c"}}}},"GUID":{"$t":"4cRgLcNab7rlrIJN0pGHYJ"},"DisplayName":{"$t":"Retrieve account data from ServiceNow"}}