{"EntryId":{"$t":"RabbfTQbdxWq9bd-gt-485250-2018-09-11T16:02:44.707Z::svc.xml"},"Name":{"$t":"ServiceNow_Table_API"},"MimeType":{"$t":"application\/xml+businesssconnector"},"Description":{},"AppliesTo":{},"Tags":{},"VersionLabel":{"$t":"1.0"},"State":{"$t":"CURRENT"},"ProcessGroup":{},"CreatedBy":{"$t":"gstasko@UW-POC.edu"},"CreationDate":{"$t":"2018-09-11T16:02:45Z"},"ModifiedBy":{"$t":"gstasko@UW-POC.edu"},"ModificationDate":{"$t":"2018-09-11T16:38:55Z"},"PublicationStatus":{"$t":"unpublished"},"AutosaveExists":{"$t":"false"},"Entry":{"businessConnector":{"agentOnly":"false","debug":"false","displayName":"ServiceNow Table API","label":"","name":"ServiceNow_Table_API","uuid":"695caafc-f53e-41d0-b1d4-f65144d76bb5","xmlns":"http:\/\/schemas.informatica.com\/socrates\/data-services\/2014\/05\/business-connector-model.xsd","xmlns$aetgt":"http:\/\/schemas.active-endpoints.com\/appmodules\/repository\/2010\/10\/avrepository.xsd","description":{},"tags":{},"connectionAttributes":{"xmlns":"http:\/\/schemas.informatica.com\/appmodules\/screenflow\/2014\/04\/avosConnectors.xsd","connectionAttribute":[{"description":"","masked":"false","name":"SNOW_client_id","required":"true","testWith":"","type":"string"},{"description":"","masked":"false","name":"SNOW_client_secret","required":"true","testWith":"","type":"string"},{"description":"","masked":"false","name":"SNOW_username","required":"true","testWith":"","type":"string"},{"description":"","masked":"false","name":"SNOW_password","required":"true","testWith":"","type":"string"},{"description":"","masked":"false","name":"SNOW_ServiceUrl","required":"true","testWith":"","type":"string"},{"description":"","masked":"false","name":"SNOW_grant_type","required":"true","testWith":"","type":"string"}]},"actions":{"action":[{"category":"","failOnError":"true","forSearch":"false","label":"Access Token","maxRedirects":"100","name":"Access Token","preemptiveAuth":"true","responseEncoding":"","description":{},"input":{},"binding":{"restSimpleBinding":{"multiUsing":"semicolonSeparated","url":"{$SNOW_ServiceUrl}\/oauth_token.do","verb":"POST","otherParams":{"otherParam":[{"name":"grant_type","$t":"{$SNOW_grant_type}"},{"name":"client_id","$t":"{$SNOW_client_id}"},{"name":"client_secret","$t":"{$SNOW_client_secret}"},{"name":"username","$t":"{$SNOW_username}"},{"name":"password","$t":"{$SNOW_password}"}]},"body":{"generateUsing":"Form"}}},"output":{"field":[{"description":"","name":"access_token","property":"access_token","type":"string"},{"description":"","name":"refresh_token","property":"refresh_token","type":"string"},{"description":"","entireResponse":"true","name":"All","type":"string"}]}},{"category":"","failOnError":"true","forSearch":"false","label":"Get Accounts","maxRedirects":"100","name":"Get Accounts","preemptiveAuth":"true","responseEncoding":"","description":{},"input":{"parameter":[{"label":"sys_id","name":"sys_id","required":"true","testWith":"dy9JUXWYvD390I8l4p-Slt557BC0s76m2_POJXrADxTdqy6fjvrwDo8w7C9yvIzuAThpf4wkOEwOtXEblnTiig","type":"string"},{"label":"access_token","name":"access_token","nogen":"true","required":"true","testWith":"FUtsf6bME6iSi7r4bjMBmpthWv63IOfe2IB5ealv7wcp4RGw4kyPEoaplTlkSl1FhCg0vnkwEeLY-gnN2ynuCQ","type":"string"}]},"binding":{"restSimpleBinding":{"multiUsing":"semicolonSeparated","url":"{$SNOW_ServiceUrl}\/api\/now\/v1\/table\/customer_account\/{$sys_id}","verb":"GET","otherParams":{"otherParam":{"name":"sysparm_display_value","$t":"true"}},"httpHeaders":{"header":[{"name":"Accept","$t":"application\/json"},{"name":"Authorization","$t":"Bearer {$access_token}"}]}}},"output":{"field":[{"description":"","name":"city","property":"city","type":"string"},{"description":"","name":"name","property":"name","type":"string"},{"description":"","name":"zip","property":"zip","type":"string"},{"description":"","name":"u_sfdcid","property":"u_sfdcid","type":"string"},{"description":"","name":"sys_id","property":"sys_id","type":"string"}]}},{"category":"","failOnError":"true","forSearch":"false","label":"Create Accounts","maxRedirects":"100","name":"Create Accounts","preemptiveAuth":"true","responseEncoding":"","description":{},"input":{"parameter":[{"label":"i_city","name":"i_city","required":"false","testWith":"","type":"string"},{"label":"i_name","name":"i_name","required":"false","testWith":"","type":"string"},{"label":"i_zip","name":"i_zip","required":"false","testWith":"","type":"string"},{"label":"access_token","name":"access_token","nogen":"true","required":"false","testWith":"","type":"string"}]},"binding":{"restSimpleBinding":{"multiUsing":"semicolonSeparated","url":"{$SNOW_ServiceUrl}\/api\/now\/v1\/table\/customer_account","verb":"POST","otherParams":{"otherParam":[{"name":"city","$t":"{$i_city}"},{"name":"name","$t":"{$i_name}"},{"name":"zip","$t":"{$i_zip}"}]},"httpHeaders":{"header":[{"name":"Accept","$t":"application\/json"},{"name":"Authorization","$t":"Bearer {$access_token}"}]},"body":{"generateUsing":"JSON","preserveJsonStringFormatting":"false"}}},"output":{"field":{"description":"","name":"o_sys_id","property":"sys_id","type":"string"}}},{"category":"","failOnError":"true","forSearch":"false","label":"Update Accounts","maxRedirects":"100","name":"Update Accounts","preemptiveAuth":"true","responseEncoding":"","description":{},"input":{"parameter":[{"label":"i_sys_id","name":"i_sys_id","required":"true","testWith":"","type":"string"},{"label":"i_city","name":"i_city","required":"false","testWith":"","type":"string"},{"label":"i_zip","name":"i_zip","required":"false","testWith":"","type":"string"},{"label":"i_name","name":"i_name","required":"false","testWith":"","type":"string"}]},"binding":{"restSimpleBinding":{"multiUsing":"semicolonSeparated","url":"{$SNOW_ServiceUrl}\/api\/now\/v1\/table\/customer_account\/{$i_sys_id}","verb":"PUT","otherParams":{"otherParam":[{"name":"city","$t":"{$i_city}"},{"name":"zip","$t":"{$i_zip}"},{"name":"name","$t":"{$i_name}"},{"name":"u_sfdcid","$t":"{$i_sfdc_id}"}]},"httpHeaders":{"header":[{"name":"Content-Type","$t":"application\/json"},{"name":"Authorization","$t":"Bearer zZiV3CY9Hk7zvQDXxuafrPTUqZ3KpBbUhBuEmji2ltkfWLypgwKjaVaH454M7pz30y7IbqQVCyuj0ebZUu5L-w"}]},"body":{"generateUsing":"JSON","preserveJsonStringFormatting":"false"}}},"output":{"field":{"description":"","name":"o_sys_id","property":"sys_id","type":"string"}}},{"category":"","failOnError":"true","forSearch":"false","label":"Get Contacts","maxRedirects":"100","name":"Get Contacts","preemptiveAuth":"true","responseEncoding":"","description":{},"input":{"parameter":{"label":"i_sys_id","name":"i_sys_id","required":"true","testWith":"","type":"string"}},"binding":{"restSimpleBinding":{"multiUsing":"semicolonSeparated","url":"{$SNOW_ServiceUrl}\/api\/now\/v1\/table\/customer_contact\/{$i_sys_id}","verb":"GET","otherParams":{"otherParam":{"name":"sysparm_display_value","$t":"true"}},"httpHeaders":{"header":[{"name":"Accept","$t":"application\/json"},{"name":"Authorization","$t":"Bearer hvw-wuFgUhZv9y9W0xux4B2je7K46KR6GIbh8-lk0mE2zgZd_eeYj71RElKNuCY46C7zSHq7SF775yTWO1NHHQ"}]}}},"output":{"field":[{"description":"","name":"o_first_name","property":"first_name","type":"string"},{"description":"","name":"o_last_name","property":"last_name","type":"string"},{"description":"","name":"o_email","property":"email","type":"string"},{"description":"","name":"o_title","property":"title","type":"string"},{"description":"","name":"o_sys_id","property":"sys_id","type":"string"},{"description":"","name":"o_u_sfdcid","property":"u_sfdcid","type":"string"}]}},{"category":"","failOnError":"true","forSearch":"false","label":"Create Contacts","maxRedirects":"100","name":"Create Contacts","preemptiveAuth":"true","responseEncoding":"","description":{},"input":{"parameter":[{"label":"i_last_name","name":"i_last_name","required":"false","testWith":"","type":"string"},{"label":"i_first_name","name":"i_first_name","required":"false","testWith":"","type":"string"},{"label":"i_title","name":"i_title","required":"false","testWith":"","type":"string"},{"label":"i_contact_id","name":"i_contact_id","required":"false","testWith":"","type":"string"},{"label":"i_email","name":"i_email","required":"false","testWith":"","type":"string"}]},"binding":{"restSimpleBinding":{"multiUsing":"semicolonSeparated","url":"{$SNOW_ServiceUrl}\/api\/now\/v1\/table\/customer_contact","verb":"POST","otherParams":{"otherParam":[{"name":"first_name","$t":"{$i_first_name}"},{"name":"last_name","$t":"{$i_last_name}"},{"name":"email","$t":"{$i_email}"},{"name":"u_sfdcid","$t":"{$i_contact_id}"}]},"httpHeaders":{"header":[{"name":"Accept","$t":"application\/json"},{"name":"Authorization","$t":"Bearer OHXwCcmGUpEO40QcL3dZpby9sxSBUY1xJn0b9pOEot0gbiK8j4uhvR-WJAZlwjgM2uRGw2fIwD8v2BbCMkZNGA"}]},"body":{"generateUsing":"JSON","preserveJsonStringFormatting":"false"}}},"output":{"field":{"description":"","name":"o_sys_id","property":"sys_id","type":"string"}}},{"category":"","failOnError":"true","forSearch":"false","label":"Update Contacts","maxRedirects":"100","name":"Update Contacts","preemptiveAuth":"true","responseEncoding":"","description":{},"input":{"parameter":[{"label":"i_last_name","name":"i_last_name","required":"false","testWith":"","type":"string"},{"label":"i_first_name","name":"i_first_name","required":"false","testWith":"","type":"string"},{"label":"i_title","name":"i_title","required":"false","testWith":"","type":"string"},{"label":"i_u_contact_id","name":"i_u_contact_id","required":"false","testWith":"","type":"string"},{"label":"i_email","name":"i_email","required":"false","testWith":"","type":"string"},{"label":"i_sys_id","name":"i_sys_id","required":"false","testWith":"","type":"string"}]},"binding":{"restSimpleBinding":{"multiUsing":"semicolonSeparated","url":"{$SNOW_ServiceUrl}\/api\/now\/v1\/table\/customer_contact\/{$i_sys_id}","verb":"PUT","otherParams":{"otherParam":[{"name":"first_name","$t":"{$i_first_name}"},{"name":"last_name","$t":"{$i_last_name}"},{"name":"email","$t":"{$i_email}"},{"name":"u_sfdcid","$t":"{$i_u_contact_id}"}]},"httpHeaders":{"header":[{"name":"Content-Type","$t":"application\/json"},{"name":"Authorization","$t":"Bearer OHXwCcmGUpEO40QcL3dZpby9sxSBUY1xJn0b9pOEot0gbiK8j4uhvR-WJAZlwjgM2uRGw2fIwD8v2BbCMkZNGA"}]},"body":{"generateUsing":"JSON","preserveJsonStringFormatting":"false"}}},"output":{"field":{"description":"","name":"o_sys_id","property":"sys_id","type":"string"}}},{"category":"","failOnError":"true","forSearch":"false","label":"Get Cases","maxRedirects":"100","name":"Get Cases","preemptiveAuth":"true","responseEncoding":"","description":{},"input":{"parameter":{"label":"i_sys_id","name":"i_sys_id","required":"false","testWith":"","type":"string"}},"binding":{"restSimpleBinding":{"multiUsing":"semicolonSeparated","url":"{$SNOW_ServiceUrl}\/api\/now\/v1\/table\/sn_customerservice_case\/{$i_sys_id}","verb":"GET","otherParams":{"otherParam":{"name":"sysparm_display_value","$t":"true"}},"httpHeaders":{"header":[{"name":"Accept","$t":"application\/json"},{"name":"Authorization","$t":"Bearer hvw-wuFgUhZv9y9W0xux4B2je7K46KR6GIbh8-lk0mE2zgZd_eeYj71RElKNuCY46C7zSHq7SF775yTWO1NHHQ"}]}}},"output":{"field":[{"description":"","name":"o_case_num","property":"number","type":"string"},{"description":"","name":"o_short_desc","property":"short_description","type":"string"},{"description":"","name":"o_sys_id","property":"sys_id","type":"string"},{"description":"","name":"o_u_sfdcid","property":"u_sfdcid","type":"string"},{"description":"","name":"o_u_status","property":"u_status","type":"string"},{"description":"","name":"o_u_case_origin","property":"u_case_origin","type":"string"},{"description":"","name":"o_priority","property":"priority","type":"string"}]}},{"category":"","failOnError":"true","forSearch":"false","label":"Create Cases","maxRedirects":"100","name":"Create Cases","preemptiveAuth":"true","responseEncoding":"","description":{},"input":{"parameter":[{"label":"i_short_desc","name":"i_short_desc","required":"false","testWith":"","type":"string"},{"label":"i_case_id","name":"i_case_id","required":"false","testWith":"","type":"string"},{"label":"i_u_status","name":"i_u_status","required":"false","testWith":"","type":"string"},{"label":"i_u_case_origin","name":"i_u_case_origin","required":"false","testWith":"","type":"string"},{"label":"i_priority","name":"i_priority","required":"false","testWith":"","type":"string"},{"label":"i_token","name":"i_token","nogen":"true","required":"false","testWith":"","type":"string"}]},"binding":{"restSimpleBinding":{"multiUsing":"semicolonSeparated","url":"{$SNOW_ServiceUrl}\/api\/now\/v1\/table\/sn_customerservice_case","verb":"POST","otherParams":{"otherParam":[{"name":"short_description","$t":"{$i_short_desc}"},{"name":"u_sfdcid","$t":"{$i_case_id}"},{"name":"u_status","$t":"{$i_u_status}"},{"name":"u_case_origin","$t":"{$i_u_case_origin}"},{"name":"priority","$t":"{$i_priority}"}]},"httpHeaders":{"header":[{"name":"Accept","$t":"application\/json"},{"name":"Authorization","$t":"Bearer {$i_token}"}]},"body":{"generateUsing":"JSON","preserveJsonStringFormatting":"false"}}},"output":{"field":{"description":"","name":"case_number","property":"number","type":"string"}}},{"category":"","failOnError":"true","forSearch":"false","label":"Update Cases","maxRedirects":"100","name":"Update Cases","preemptiveAuth":"true","responseEncoding":"","description":{},"input":{"parameter":[{"label":"i_short_desc","name":"i_short_desc","required":"false","testWith":"","type":"string"},{"label":"i_u_case_id","name":"i_u_case_id","required":"false","testWith":"","type":"string"},{"label":"i_sys_id","name":"i_sys_id","required":"false","testWith":"","type":"string"},{"label":"i_u_status","name":"i_u_status","required":"false","testWith":"","type":"string"},{"label":"i_u_case_origin","name":"i_u_case_origin","required":"false","testWith":"","type":"string"},{"label":"i_priority","name":"i_priority","required":"false","testWith":"","type":"string"}]},"binding":{"restSimpleBinding":{"multiUsing":"semicolonSeparated","url":"{$SNOW_ServiceUrl}\/api\/now\/v1\/table\/sn_customerservice_case\/{$i_sys_id}","verb":"PUT","otherParams":{"otherParam":[{"name":"short_description","$t":"{$i_short_desc}"},{"name":"u_case_id","$t":"{$i_u_case_id}"},{"name":"u_status","$t":"{$i_u_status}"},{"name":"u_case_origin","$t":"{$i_u_case_origin}"},{"name":"priority","$t":"{$i_priority}"}]},"httpHeaders":{"header":[{"name":"Content-Type","$t":"application\/json"},{"name":"Authorization","$t":"Bearer OHXwCcmGUpEO40QcL3dZpby9sxSBUY1xJn0b9pOEot0gbiK8j4uhvR-WJAZlwjgM2uRGw2fIwD8v2BbCMkZNGA"}]},"body":{"generateUsing":"JSON","preserveJsonStringFormatting":"false"}}},"output":{"field":{"description":"","name":"o_sys_id","property":"sys_id","type":"string"}}},{"category":"WO","failOnError":"true","forSearch":"false","label":"Get WorkOrder","maxRedirects":"100","name":"Get WorkOrder","preemptiveAuth":"true","responseEncoding":"","description":{},"input":{"parameter":[{"name":"sys_id","nogen":"true","required":"false","testWith":"","type":"string"},{"name":"token","nogen":"true","required":"false","testWith":"","type":"string"}]},"binding":{"restSimpleBinding":{"multiUsing":"semicolonSeparated","url":"{$SNOW_ServiceUrl}\/api\/now\/table\/wm_order\/{$sys_id}","verb":"GET","httpHeaders":{"header":{"name":"Authorization","$t":"Bearer {$token}"}}}},"output":{"field":[{"description":"","name":"WONumber","type":"string","xquery":{"$t":"{\/\/number}"}},{"description":"","name":"sys_id","type":"string","xquery":{"$t":"{\/\/sys_id}"}}]}},{"category":"WO","failOnError":"true","forSearch":"false","label":"Create WorkOrder","maxRedirects":"100","name":"Create WorkOrder","preemptiveAuth":"true","responseEncoding":"","description":{},"input":{"parameter":[{"name":"token","nogen":"true","required":"true","testWith":"","type":"string"},{"name":"short_description","required":"false","testWith":"","type":"string"}]},"binding":{"restSimpleBinding":{"multiUsing":"semicolonSeparated","url":"{$SNOW_ServiceUrl}\/api\/now\/table\/wm_order","verb":"POST","authentication":{"username":{"$t":"159107"},"password":{},"isExpressionInPassword":{"$t":"false"}},"httpHeaders":{"header":{"name":"Authorization","$t":"Bearer {$token}"}},"body":{"generateUsing":"JSON","preserveJsonStringFormatting":"true"}}},"output":{"field":[{"description":"","name":"sys_id","property":"sys_id","type":"string"},{"description":"","name":"woNumber","property":"number","type":"string"}]}}]},"objects":{}}},"GUID":{"$t":"85KGIRbr6ogj26VrhPWvi4"},"DisplayName":{"$t":"ServiceNow Table API"}}