{"EntryId":{"$t":"GOUwvwNXHVOJ2oT-gt-485242-2018-09-11T16:02:44.516Z::conn.xml"},"Name":{"$t":"ServiceNow-Table-API-actions"},"ParentFlowIds":{"$t":"m6kbeJHQjATO9pH-gt-898307-2018-09-11T16:02:45.198Z::pd.xml,pw0VPNzUzeA8rJ4-gt-898317-2018-09-11T16:02:45.252Z::pd.xml"},"MimeType":{"$t":"application\/xml+connection"},"Description":{},"AppliesTo":{},"Tags":{},"VersionLabel":{"$t":"1.0"},"State":{"$t":"CURRENT"},"ProcessGroup":{},"CreatedBy":{"$t":"gstasko@UW-POC.edu"},"CreationDate":{"$t":"2018-09-11T16:02:45Z"},"ModifiedBy":{"$t":"gstasko@UW-POC.edu"},"ModificationDate":{"$t":"2018-09-11T16:53:53Z"},"PublicationStatus":{"$t":"unpublished"},"AutosaveExists":{"$t":"false"},"Entry":{"connection":{"displayName":"ServiceNow-Table-API-actions","label":"ServiceNow-Table-API-actions","name":"ServiceNow-Table-API-actions","xmlns":"http:\/\/schemas.informatica.com\/socrates\/data-services\/2014\/04\/avosConnections.xsd","xmlns$aetgt":"http:\/\/schemas.active-endpoints.com\/appmodules\/repository\/2010\/10\/avrepository.xsd","description":{},"tags":{},"agent":{},"attributes":{"attribute":[{"encrypted":"false","name":"SNOW_client_id","value":""},{"encrypted":"false","name":"SNOW_client_secret","value":""},{"encrypted":"false","name":"SNOW_username","value":""},{"encrypted":"false","name":"SNOW_password","value":""},{"encrypted":"false","name":"SNOW_ServiceUrl","value":""},{"encrypted":"false","name":"SNOW_grant_type","value":""}]},"businessConnector":{"agentOnly":"false","connectorPath":"project:\/rt.connector\/ServiceNow_Table_API\/ServiceNow_Table_API_svcDef.xml","name":"ServiceNow_Table_API","supportsConnectionTest":"false","uuid":"695caafc-f53e-41d0-b1d4-f65144d76bb5","xmlns":"http:\/\/schemas.informatica.com\/appmodules\/screenflow\/2014\/04\/avosConnectors.xsd","description":{}}}},"GUID":{"$t":"gwdb9bdGIEDjJEpHY3DYsl"},"DisplayName":{"$t":"ServiceNow-Table-API-actions"}}