<aetgt:getResponse xmlns:aetgt="http://schemas.active-endpoints.com/appmodules/repository/2010/10/avrepository.xsd"
                   xmlns:types1="http://schemas.active-endpoints.com/appmodules/repository/2010/10/avrepository.xsd">
   <types1:Item>
      <types1:EntryId>JfTBbcgp5OjG4ab-gt-524665-2019-12-22T05:24:14.575Z::svc.xml</types1:EntryId>
      <types1:Name>SAP_Ariba_Network_Supplier_Profile_REST_API_v1</types1:Name>
      <types1:MimeType>application/xml+businesssconnector</types1:MimeType>
      <types1:Description>The Ariba Network supplier profile API allows a customer with an Ariba Network Buyer Account to retrieve profile information about Ariba Network registered suppliers by passing the supplier's ANID.</types1:Description>
      <types1:AppliesTo/>
      <types1:Tags/>
      <types1:VersionLabel>1.0</types1:VersionLabel>
      <types1:State>CURRENT</types1:State>
      <types1:ProcessGroup/>
      <types1:CreatedBy>sorabh@na1.dm-us.org</types1:CreatedBy>
      <types1:CreationDate>2019-12-22T05:24:15Z</types1:CreationDate>
      <types1:ModifiedBy/>
      <types1:PublicationStatus>published</types1:PublicationStatus>
      <types1:PublishedBy>sorabh@na1.dm-us.org</types1:PublishedBy>
      <types1:PublicationDate>2019-12-22T05:24:17Z</types1:PublicationDate>
      <types1:PublishedContributionId>project:/rt.connector/SAP_Ariba_Network_Supplier_Profile_REST_API_v1/SAP_Ariba_Network_Supplier_Profile_REST_API_v1_svcDef.xml</types1:PublishedContributionId>
      <types1:AutosaveExists>false</types1:AutosaveExists>
      <types1:Entry>
         <businessConnector xmlns="http://schemas.informatica.com/socrates/data-services/2014/05/business-connector-model.xsd"
                            agentOnly="false"
                            debug="false"
                            displayName="SAP Ariba Network Supplier Profile REST API v1"
                            label=""
                            name="SAP_Ariba_Network_Supplier_Profile_REST_API_v1"
                            uuid="39b93fd9-dcd8-4caf-b28a-bdf7654dee2d">
            <description>The Ariba Network supplier profile API allows a customer with an Ariba Network Buyer Account to retrieve profile information about Ariba Network registered suppliers by passing the supplier's ANID.</description>
            <tags/>
            <connectionAttributes xmlns="http://schemas.informatica.com/appmodules/screenflow/2014/04/avosConnectors.xsd">
               <connectionAttribute description="Host Name"
                                    masked="false"
                                    name="hostName"
                                    required="true"
                                    testWith="sandbox.api.sap.com"
                                    type="string"/>
            </connectionAttributes>
            <actions>
               <action category="Profiles"
                       failOnError="true"
                       forSearch="false"
                       label="getANOrgUsingGET"
                       maxRedirects="100"
                       name="getANOrgUsingGET"
                       preemptiveAuth="true"
                       responseEncoding="">
                  <description>Get supplier profile</description>
                  <input>
                     <parameter description="Basic Authorization, username/password should be 'ANID/shared secret' of a buyer"
                                label="Authorization"
                                name="Authorization"
                                nogen="true"
                                required="true"
                                testWith=""
                                type="string"/>
                     <parameter description="Supplier ANID"
                                label="anidPathParam"
                                name="anidPathParam"
                                nogen="true"
                                required="true"
                                testWith=""
                                type="string"/>
                     <parameter description="Profile data type, it can be 'person', 'org'(default), currently only org is supported "
                                label="type"
                                name="type"
                                required="false"
                                testWith=""
                                type="picklist">
                        <options>
                           <option name="values">[{"value":"person","label":"person"},{"value":"org","label":"org"}]</option>
                        </options>
                     </parameter>
                  </input>
                  <binding>
                     <restSimpleBinding multiUsing="semicolonSeparated"
                                        url="https://{$hostName}/ariba/api/supplier-management/v1/sandbox/profiles/{$anidPathParam}"
                                        verb="GET">
                        <httpHeaders>
                           <header name="Content-Type">application/json</header>
                           <header name="Accept">application/json</header>
                           <header name="Authorization">{$Authorization}</header>
                        </httpHeaders>
                     </restSimpleBinding>
                  </binding>
                  <output>
                     <field description="Profile Details Retrieved"
                            entireResponse="true"
                            name="ANOrgDTO"
                            type="reference">
                        <options>
                           <option name="referenceTo">ANOrgDTO</option>
                        </options>
                     </field>
                  </output>
               </action>
            </actions>
            <objects>
               <processObject xmlns="http://schemas.active-endpoints.com/appmodules/screenflow/2011/06/avosHostEnvironment.xsd"
                              isByCopy="true"
                              name="ANStateDTO">
                  <description/>
                  <detail>
                     <field name="name" type="string"/>
                     <field name="countryIso2" type="string"/>
                     <field name="abbreviation" type="string"/>
                  </detail>
               </processObject>
               <processObject xmlns="http://schemas.active-endpoints.com/appmodules/screenflow/2011/06/avosHostEnvironment.xsd"
                              isByCopy="true"
                              name="ANAddressDTO">
                  <description/>
                  <detail>
                     <field name="country" type="reference">
                        <options>
                           <option name="referenceTo">ANCountryDTO</option>
                           <option name="relationshipName">Child</option>
                        </options>
                     </field>
                     <field name="street3" type="string"/>
                     <field name="city" type="string"/>
                     <field name="cityLatin" type="string"/>
                     <field name="street4" type="string"/>
                     <field name="cityCode" type="string"/>
                     <field name="postalCode" type="string"/>
                     <field name="stateLatin" type="string"/>
                     <field name="street2Latin" type="string"/>
                     <field name="street1Latin" type="string"/>
                     <field name="postalCodeLatin" type="string"/>
                     <field name="street4Latin" type="string"/>
                     <field name="stateCode" type="string"/>
                     <field name="street1" type="string"/>
                     <field name="street2" type="string"/>
                     <field name="street3Latin" type="string"/>
                     <field name="stateAbbrev" type="string"/>
                  </detail>
               </processObject>
               <processObject xmlns="http://schemas.active-endpoints.com/appmodules/screenflow/2011/06/avosHostEnvironment.xsd"
                              isByCopy="true"
                              name="ANPhoneDTO">
                  <description/>
                  <detail>
                     <field name="number" type="string"/>
                     <field name="extension" type="string"/>
                     <field name="areaCode" type="string"/>
                     <field name="phoneCountryCode" type="string"/>
                     <field name="countryCode" type="string"/>
                  </detail>
               </processObject>
               <processObject xmlns="http://schemas.active-endpoints.com/appmodules/screenflow/2011/06/avosHostEnvironment.xsd"
                              isByCopy="true"
                              name="ANCountryDTO">
                  <description/>
                  <detail>
                     <field name="isoCountryCode" type="string"/>
                     <field name="name" type="string"/>
                  </detail>
               </processObject>
               <processObject xmlns="http://schemas.active-endpoints.com/appmodules/screenflow/2011/06/avosHostEnvironment.xsd"
                              isByCopy="true"
                              name="AnnualRevenueDTO">
                  <description/>
                  <detail>
                     <field name="minAmount" type="int"/>
                     <field name="maxAmount" type="int"/>
                  </detail>
               </processObject>
               <processObject xmlns="http://schemas.active-endpoints.com/appmodules/screenflow/2011/06/avosHostEnvironment.xsd"
                              isByCopy="true"
                              name="ANOrgBusinessTypeDTO">
                  <description/>
                  <detail>
                     <field name="name" type="string"/>
                     <field name="value" type="string"/>
                  </detail>
               </processObject>
               <processObject xmlns="http://schemas.active-endpoints.com/appmodules/screenflow/2011/06/avosHostEnvironment.xsd"
                              isByCopy="true"
                              name="ANFromAddressDTO">
                  <description/>
                  <detail>
                     <field name="address" type="reference">
                        <options>
                           <option name="referenceTo">ANAddressDTO</option>
                           <option name="relationshipName">Child</option>
                        </options>
                     </field>
                     <field name="taxId" type="string"/>
                     <field name="vatId" type="string"/>
                     <field name="addressName" type="string"/>
                  </detail>
               </processObject>
               <processObject xmlns="http://schemas.active-endpoints.com/appmodules/screenflow/2011/06/avosHostEnvironment.xsd"
                              isByCopy="true"
                              name="MappingJacksonValue">
                  <description/>
                  <detail>
                     <field name="jsonpFunction" type="string"/>
                     <field name="value" type="object"/>
                  </detail>
               </processObject>
               <processObject xmlns="http://schemas.active-endpoints.com/appmodules/screenflow/2011/06/avosHostEnvironment.xsd"
                              isByCopy="true"
                              name="ANCompanyDTO">
                  <description/>
                  <detail>
                     <field name="marketingHeadline" type="string"/>
                     <field name="legalName" type="string"/>
                     <field name="stateOfIncorporation" type="reference">
                        <options>
                           <option name="referenceTo">ANStateDTO</option>
                           <option name="relationshipName">Child</option>
                        </options>
                     </field>
                     <field name="stockSymbol" type="string"/>
                     <field name="taxIdNumber" type="string"/>
                     <field name="companyDesc" type="string"/>
                     <field name="regionalTaxIdNumber" type="string"/>
                     <field name="vatId" type="string"/>
                     <field name="stateTaxIdNumber" type="string"/>
                     <field name="internationalLocationNumber" type="string"/>
                  </detail>
               </processObject>
               <processObject xmlns="http://schemas.active-endpoints.com/appmodules/screenflow/2011/06/avosHostEnvironment.xsd"
                              isByCopy="true"
                              name="ANContactDTO">
                  <description/>
                  <detail>
                     <field name="contactAssignment" type="objectlist">
                        <options>
                           <option name="referenceTo">string</option>
                           <option name="relationshipName">Child</option>
                        </options>
                     </field>
                     <field name="address" type="reference">
                        <options>
                           <option name="referenceTo">ANAddressDTO</option>
                           <option name="relationshipName">Child</option>
                        </options>
                     </field>
                     <field name="phone" type="reference">
                        <options>
                           <option name="referenceTo">ANPhoneDTO</option>
                           <option name="relationshipName">Child</option>
                        </options>
                     </field>
                     <field name="businessTitle" type="string"/>
                     <field name="name" type="string"/>
                     <field name="fax" type="reference">
                        <options>
                           <option name="referenceTo">ANPhoneDTO</option>
                           <option name="relationshipName">Child</option>
                        </options>
                     </field>
                     <field name="email" type="string"/>
                  </detail>
               </processObject>
               <processObject xmlns="http://schemas.active-endpoints.com/appmodules/screenflow/2011/06/avosHostEnvironment.xsd"
                              isByCopy="true"
                              name="ANOrgDTO">
                  <description/>
                  <detail>
                     <field name="country" type="string"/>
                     <field name="isExemptFromBackupWithholding" type="string"/>
                     <field name="aliases" type="objectlist">
                        <options>
                           <option name="referenceTo">string</option>
                           <option name="relationshipName">Child</option>
                        </options>
                     </field>
                     <field name="keywords" type="objectlist">
                        <options>
                           <option name="referenceTo">string</option>
                           <option name="relationshipName">Child</option>
                        </options>
                     </field>
                     <field name="mainPhone" type="reference">
                        <options>
                           <option name="referenceTo">ANPhoneDTO</option>
                           <option name="relationshipName">Child</option>
                        </options>
                     </field>
                     <field name="timezone" type="string"/>
                     <field name="minorityList" type="objectlist">
                        <options>
                           <option name="referenceTo">string</option>
                           <option name="relationshipName">Child</option>
                        </options>
                     </field>
                     <field name="commodities" type="objectlist">
                        <options>
                           <option name="referenceTo">string</option>
                           <option name="relationshipName">Child</option>
                        </options>
                     </field>
                     <field name="fromAddresses" type="objectlist">
                        <options>
                           <option name="referenceTo">ANFromAddressDTO</option>
                           <option name="relationshipName">Child</option>
                        </options>
                     </field>
                     <field name="language" type="string"/>
                     <field name="nameLatin" type="string"/>
                     <field name="orgLocale" type="string"/>
                     <field name="parentANID" type="string"/>
                     <field name="publicAccountCreatedOn" type="datetime"/>
                     <field name="company" type="reference">
                        <options>
                           <option name="referenceTo">ANCompanyDTO</option>
                           <option name="relationshipName">Child</option>
                        </options>
                     </field>
                     <field name="dunsNumber" type="string"/>
                     <field name="address" type="reference">
                        <options>
                           <option name="referenceTo">ANAddressDTO</option>
                           <option name="relationshipName">Child</option>
                        </options>
                     </field>
                     <field name="anid" type="string"/>
                     <field name="mainEmailAddress" type="string"/>
                     <field name="businessTypes" type="objectlist">
                        <options>
                           <option name="referenceTo">ANOrgBusinessTypeDTO</option>
                           <option name="relationshipName">Child</option>
                        </options>
                     </field>
                     <field name="mainFax" type="reference">
                        <options>
                           <option name="referenceTo">ANPhoneDTO</option>
                           <option name="relationshipName">Child</option>
                        </options>
                     </field>
                     <field name="yearFounded" type="int"/>
                     <field name="numberOfEmployees" type="int"/>
                     <field name="greenInitiatives" type="object"/>
                     <field name="privateId" type="string"/>
                     <field name="ownership" type="boolean"/>
                     <field name="industries" type="objectlist">
                        <options>
                           <option name="referenceTo">string</option>
                           <option name="relationshipName">Child</option>
                        </options>
                     </field>
                     <field name="mainWebAddress" type="string"/>
                     <field name="name" type="string"/>
                     <field name="ownerList" type="objectlist">
                        <options>
                           <option name="referenceTo">string</option>
                           <option name="relationshipName">Child</option>
                        </options>
                     </field>
                     <field name="typeOfOrganization" type="string"/>
                     <field name="minorityOwned" type="boolean"/>
                     <field name="toOrgTerritories" type="objectlist">
                        <options>
                           <option name="referenceTo">string</option>
                           <option name="relationshipName">Child</option>
                        </options>
                     </field>
                     <field name="currencyCode" type="string"/>
                     <field name="annualRevenue" type="reference">
                        <options>
                           <option name="referenceTo">AnnualRevenueDTO</option>
                           <option name="relationshipName">Child</option>
                        </options>
                     </field>
                     <field name="contacts" type="objectlist">
                        <options>
                           <option name="referenceTo">ANContactDTO</option>
                           <option name="relationshipName">Child</option>
                        </options>
                     </field>
                  </detail>
               </processObject>
               <processObject xmlns="http://schemas.active-endpoints.com/appmodules/screenflow/2011/06/avosHostEnvironment.xsd"
                              isByCopy="true"
                              name="string">
                  <description/>
                  <detail>
                     <field name="string" type="string"/>
                  </detail>
               </processObject>
               <processObject xmlns="http://schemas.active-endpoints.com/appmodules/screenflow/2011/06/avosHostEnvironment.xsd"
                              isByCopy="true"
                              name="boolean">
                  <description/>
                  <detail>
                     <field name="boolean" type="boolean"/>
                  </detail>
               </processObject>
               <processObject xmlns="http://schemas.active-endpoints.com/appmodules/screenflow/2011/06/avosHostEnvironment.xsd"
                              isByCopy="true"
                              name="double">
                  <description/>
                  <detail>
                     <field name="double" type="double"/>
                  </detail>
               </processObject>
               <processObject xmlns="http://schemas.active-endpoints.com/appmodules/screenflow/2011/06/avosHostEnvironment.xsd"
                              isByCopy="true"
                              name="integer">
                  <description/>
                  <detail>
                     <field name="integer" type="int"/>
                  </detail>
               </processObject>
            </objects>
         </businessConnector>
      </types1:Entry>
      <types1:GUID>iqT3YxnMqCqiEwfD2QKUSn</types1:GUID>
      <types1:DisplayName>SAP Ariba Network Supplier Profile REST API v1</types1:DisplayName>
   </types1:Item>
   <types1:CurrentServerDateTime>2019-12-22T05:25:40.548Z</types1:CurrentServerDateTime>
</aetgt:getResponse>
