{
  "name" : "SAP Ariba Analytical Reporting - View Management REST API v2",
  "sourceOrgId" : "6w10pMc8bwmkGpCQs9xkSM",
  "sourceOrgName" : "IICS iPaaS",
  "exportedObjects" : [ {
    "objectGuid" : "4E37xa8de27kzz7BEQ2Jk8",
    "objectName" : "SAP Ariba Analytical Reporting - View Management REST API v2",
    "objectType" : "AI_SERVICE_CONNECTOR",
    "path" : "/Explore/Shared assets/Service Connectors",
    "metadata" : {
      "modelVersion" : {
        "major" : 1,
        "minor" : 0
      },
      "repoInfo" : {
        "repoHandle" : "PJljxcghuImXyco-gt-526386-2019-12-22T05:19:54.675Z::svc.xml"
      },
      "objectRefs" : [ ],
      "contextAttributes" : null,
      "additionalInfo" : {
        "description" : "The Analytical reporting APIs enable you  to create a client application that extracts reportable data from reporting facts and dimensions such as you would select in the user interface when creating an analytical report. For example, you could use these APIs to extract and report on the analytical data that you need to import to a customer's warehouse or create dashboards for trend assessment.\n\nThe View management API for analytics allows you to work with reporting view templates, which are used to specify the filters that determine what data will be returned in response to an API request using the Analytical reporting API. A reporting view template specifies the type of records to report on, the reporting fields to be included in the API response, and selection filters to select relevant records for inclusion.",
        "contentType" : "application/json; charset=utf-8",
        "documentState" : "VALID"
      }
    }
  }, {
    "objectGuid" : "00m3cKr9AGOjGY55vZSASH",
    "objectName" : "Service Connectors",
    "objectType" : "Folder",
    "path" : "/Explore/Shared assets",
    "metadata" : {
      "modelVersion" : {
        "major" : 0,
        "minor" : 0
      },
      "repoInfo" : null,
      "objectRefs" : [ ],
      "contextAttributes" : [ ],
      "additionalInfo" : {
        "description" : "",
        "contentType" : "Binary",
        "documentState" : "COMPLETE"
      }
    }
  }, {
    "objectGuid" : "almpU5d486xjg3tXw87BET",
    "objectName" : "Shared assets",
    "objectType" : "Project",
    "path" : "/Explore",
    "metadata" : {
      "modelVersion" : {
        "major" : 0,
        "minor" : 0
      },
      "repoInfo" : null,
      "objectRefs" : [ ],
      "contextAttributes" : [ ],
      "additionalInfo" : {
        "description" : "This Project contains shared assets",
        "contentType" : "Binary",
        "documentState" : "COMPLETE"
      }
    }
  } ]
}