{"annotations":[],"baseURI":null,"id":"Folders(3PTT3yMuhqweagEWp416Qh)","title":null,"associationLinks":[],"navigationLinks":[],"type":"OData.frs.Folder","editLink":null,"mediaEditLinks":[],"operations":[],"properties":[{"annotations":[],"valueType":"PRIMITIVE","value":"3PTT3yMuhqweagEWp416Qh","type":null,"name":"id","null":false,"complex":false,"geospatial":false,"collection":false,"primitive":true,"enum":false},{"annotations":[],"valueType":"PRIMITIVE","value":"Service Connectors","type":null,"name":"name","null":false,"complex":false,"geospatial":false,"collection":false,"primitive":true,"enum":false},{"annotations":[],"valueType":"PRIMITIVE","value":"","type":null,"name":"description","null":false,"complex":false,"geospatial":false,"collection":false,"primitive":true,"enum":false},{"annotations":[],"valueType":"PRIMITIVE","value":"bZvgkLm9psTkDweDLinx4Z","type":null,"name":"owner","null":false,"complex":false,"geospatial":false,"collection":false,"primitive":true,"enum":false},{"annotations":[],"valueType":"PRIMITIVE","value":"bZvgkLm9psTkDweDLinx4Z","type":null,"name":"createdBy","null":false,"complex":false,"geospatial":false,"collection":false,"primitive":true,"enum":false},{"annotations":[],"valueType":"PRIMITIVE","value":"bZvgkLm9psTkDweDLinx4Z","type":null,"name":"lastUpdatedBy","null":false,"complex":false,"geospatial":false,"collection":false,"primitive":true,"enum":false},{"annotations":[],"valueType":"PRIMITIVE","value":"bZvgkLm9psTkDweDLinx4Z","type":null,"name":"lastAccessedBy","null":false,"complex":false,"geospatial":false,"collection":false,"primitive":true,"enum":false},{"annotations":[],"valueType":"PRIMITIVE","value":"2019-01-23T09:11:17.000Z","type":null,"name":"createdTime","null":false,"complex":false,"geospatial":false,"collection":false,"primitive":true,"enum":false},{"annotations":[],"valueType":"PRIMITIVE","value":"2019-01-23T09:11:17.000Z","type":null,"name":"lastUpdatedTime","null":false,"complex":false,"geospatial":false,"collection":false,"primitive":true,"enum":false},{"annotations":[],"valueType":"PRIMITIVE","value":"2019-01-23T09:11:17.000Z","type":null,"name":"lastAccessedTime","null":false,"complex":false,"geospatial":false,"collection":false,"primitive":true,"enum":false},{"annotations":[],"valueType":"PRIMITIVE","value":"2038-01-18T00:00:00.000Z","type":null,"name":"expiresBy","null":false,"complex":false,"geospatial":false,"collection":false,"primitive":true,"enum":false},{"annotations":[],"valueType":"PRIMITIVE","value":"Folder","type":null,"name":"documentType","null":false,"complex":false,"geospatial":false,"collection":false,"primitive":true,"enum":false},{"annotations":[],"valueType":"PRIMITIVE","value":"Binary","type":null,"name":"contentType","null":false,"complex":false,"geospatial":false,"collection":false,"primitive":true,"enum":false},{"annotations":[],"valueType":"PRIMITIVE","value":"COMPLETE","type":null,"name":"documentState","null":false,"complex":false,"geospatial":false,"collection":false,"primitive":true,"enum":false},{"annotations":[],"valueType":"PRIMITIVE","value":"org","type":null,"name":"aclRule","null":false,"complex":false,"geospatial":false,"collection":false,"primitive":true,"enum":false},{"annotations":[],"valueType":"PRIMITIVE","value":0,"type":null,"name":"subcontainerCount","null":false,"complex":false,"geospatial":false,"collection":false,"primitive":true,"enum":false},{"annotations":[],"valueType":"COMPLEX","value":null,"type":null,"name":"customAttributes","null":true,"complex":true,"geospatial":false,"collection":false,"primitive":false,"enum":false},{"annotations":[],"valueType":"COMPLEX","value":null,"type":null,"name":"repoInfo","null":true,"complex":true,"geospatial":false,"collection":false,"primitive":false,"enum":false},{"annotations":[],"valueType":"COLLECTION_COMPLEX","value":[{"annotations":[],"baseURI":null,"id":null,"title":null,"associationLinks":[],"navigationLinks":[],"value":[{"annotations":[],"valueType":"PRIMITIVE","value":"7cCn5thwWFLhiZoSosphKL","type":null,"name":"parentId","null":false,"complex":false,"geospatial":false,"collection":false,"primitive":true,"enum":false},{"annotations":[],"valueType":"PRIMITIVE","value":"REG","type":null,"name":"parentName","null":false,"complex":false,"geospatial":false,"collection":false,"primitive":true,"enum":false},{"annotations":[],"valueType":"PRIMITIVE","value":"Space","type":null,"name":"parentType","null":false,"complex":false,"geospatial":false,"collection":false,"primitive":true,"enum":false}],"navigationBindings":[]},{"annotations":[],"baseURI":null,"id":null,"title":null,"associationLinks":[],"navigationLinks":[],"value":[{"annotations":[],"valueType":"PRIMITIVE","value":"hKepakfC2q4hzm9jxu0g0h","type":null,"name":"parentId","null":false,"complex":false,"geospatial":false,"collection":false,"primitive":true,"enum":false},{"annotations":[],"valueType":"PRIMITIVE","value":"Shared assets","type":null,"name":"parentName","null":false,"complex":false,"geospatial":false,"collection":false,"primitive":true,"enum":false},{"annotations":[],"valueType":"PRIMITIVE","value":"Project","type":null,"name":"parentType","null":false,"complex":false,"geospatial":false,"collection":false,"primitive":true,"enum":false}],"navigationBindings":[]}],"type":null,"name":"parentInfo","null":false,"complex":true,"geospatial":false,"collection":true,"primitive":false,"enum":false}],"mediaContentSource":null,"mediaContentType":null,"mediaETag":null,"etag":null,"selfLink":null,"mediaEntity":false,"navigationBindings":[]}