{
   "exportedObjects": [
      {
         "objectGuid": "almpU5d486xjg3tXw87BET",
         "objectName": "Shared assets",
         "objectType": "Project",
         "path": "/Explore",
         "metadata": {
            "additionalInfo": {
               "contentType": "Binary",
               "description": "This Project contains shared assets",
               "documentState": "COMPLETE"
            },
            "contextAttributes": [],
            "modelVersion": {
               "major": 0,
               "minor": 0
            },
            "objectRefs": [],
            "repoInfo": null
         }
      },
      {
         "objectGuid": "00m3cKr9AGOjGY55vZSASH",
         "objectName": "Service Connectors",
         "objectType": "Folder",
         "path": "/Explore/Shared assets",
         "metadata": {
            "additionalInfo": {
               "contentType": "Binary",
               "description": "",
               "documentState": "COMPLETE"
            },
            "contextAttributes": [],
            "modelVersion": {
               "major": 0,
               "minor": 0
            },
            "objectRefs": [],
            "repoInfo": null
         }
      },
      {
         "objectGuid": "5MykfkvPgtLjEeQxzkRzcf",
         "objectName": "Oracle Eloqua Marketing Cloud Service Form data API v1",
         "objectType": "AI_SERVICE_CONNECTOR",
         "path": "/Explore/Shared assets/Service Connectors",
         "metadata": {
            "additionalInfo": {
               "contentType": "application/json; charset=utf-8",
               "description": "Learning about your prospects and contacts can be accomplished in a few different ways, the primary method, however, is by placing a form on a landing page that is reached by a click-through link in a marketing email. In this fashion, your contacts can provide varying degrees of personal information that you can then use in customizing future communications. \r\n\r\n\u003ca href='https://docs.oracle.com/cloud/latest/marketingcs_gs/OMCAA/index.html#CSHID=Forms'\u003eLearn more about forms\u003c/a\u003e.",
               "documentState": "VALID"
            },
            "contextAttributes": null,
            "modelVersion": {
               "major": 1,
               "minor": 0
            },
            "objectRefs": [],
            "repoInfo": {
               "repoHandle": "KchKGXShOeCFk4A-gt-829717-2019-02-19T05:44:21.583Z::svc.xml"
            }
         }
      }
   ]
}