<aetgt:getResponse xmlns:aetgt="http://schemas.active-endpoints.com/appmodules/repository/2010/10/avrepository.xsd"
                   xmlns:types1="http://schemas.active-endpoints.com/appmodules/repository/2010/10/avrepository.xsd">
   <types1:Item>
      <types1:EntryId>1YxQ2Tp5OjG4abc-gt-35384-2019-03-06T10:45:29.847Z::svc.xml</types1:EntryId>
      <types1:Name>GoTo_SCIM_API_v1</types1:Name>
      <types1:MimeType>application/xml+businesssconnector</types1:MimeType>
      <types1:Description>TODO: Add Description</types1:Description>
      <types1:AppliesTo/>
      <types1:Tags/>
      <types1:VersionLabel>1.0</types1:VersionLabel>
      <types1:State>CURRENT</types1:State>
      <types1:ProcessGroup/>
      <types1:CreatedBy>stage2_pod1</types1:CreatedBy>
      <types1:CreationDate>2019-03-06T10:45:30Z</types1:CreationDate>
      <types1:ModifiedBy/>
      <types1:PublicationStatus>unpublished</types1:PublicationStatus>
      <types1:AutosaveExists>false</types1:AutosaveExists>
      <types1:Entry>
         <businessConnector xmlns="http://schemas.informatica.com/socrates/data-services/2014/05/business-connector-model.xsd"
                            agentOnly="false"
                            debug="false"
                            displayName="GoTo SCIM API v1"
                            label=""
                            name="GoTo_SCIM_API_v1"
                            uuid="eea9f7e4-580f-4011-a193-1932c6a9ab0f">
            <description>TODO: Add Description</description>
            <tags/>
            <connectionAttributes xmlns="http://schemas.informatica.com/appmodules/screenflow/2014/04/avosConnectors.xsd">
               <connectionAttribute description="Host Name"
                                    masked="false"
                                    name="hostName"
                                    required="true"
                                    testWith="api.getgo.com"
                                    type="string"/>
            </connectionAttributes>
            <actions>
               <action category="Groups"
                       failOnError="true"
                       forSearch="false"
                       label="GroupsPost"
                       maxRedirects="100"
                       name="GroupsPost"
                       preemptiveAuth="true"
                       responseEncoding="">
                  <description>Group</description>
                  <input>
                     <parameter label="Body"
                                name="Body"
                                required="true"
                                testWith=""
                                type="reference">
                        <options>
                           <option name="referenceTo">GroupRequest</option>
                        </options>
                     </parameter>
                     <parameter label="Content-Type"
                                name="Content-Type"
                                nogen="true"
                                required="true"
                                testWith=""
                                type="string"/>
                     <parameter label="Accept"
                                name="Accept"
                                nogen="true"
                                required="true"
                                testWith=""
                                type="string"/>
                  </input>
                  <binding>
                     <restSimpleBinding multiUsing="semicolonSeparated"
                                        url="https://{$hostName}/identity/v1/groups"
                                        verb="POST">
                        <httpHeaders>
                           <header name="Content-Type">application/json</header>
                           <header name="Accept">application/json</header>
                           <header name="Content-Type">{$Content-Type}</header>
                           <header name="Accept">{$Accept}</header>
                        </httpHeaders>
                        <body generateUsing="UnwrappedJSON" preserveJsonStringFormatting="false"/>
                     </restSimpleBinding>
                  </binding>
                  <output/>
               </action>
               <action category="Groups"
                       failOnError="true"
                       forSearch="false"
                       label="GroupsGet"
                       maxRedirects="100"
                       name="GroupsGet"
                       preemptiveAuth="true"
                       responseEncoding="">
                  <description>Groups. Without a filter, all users in a user domain are returned. The filter parameter must be a properly formed SCIM filter using either the operator eq (equals) or the operator sw (starts with). The filter works for userName, displayName, name.givenName, and name.familyName attributes. For example, /Users?filter=name.familyName%20eq%20%%22Smith%22</description>
                  <input>
                     <parameter label="Content-Type"
                                name="Content-Type"
                                nogen="true"
                                required="true"
                                testWith=""
                                type="string"/>
                     <parameter label="Accept"
                                name="Accept"
                                nogen="true"
                                required="true"
                                testWith=""
                                type="string"/>
                  </input>
                  <binding>
                     <restSimpleBinding multiUsing="semicolonSeparated"
                                        url="https://{$hostName}/identity/v1/groups"
                                        verb="GET">
                        <httpHeaders>
                           <header name="Content-Type">application/json</header>
                           <header name="Accept">application/json</header>
                           <header name="Content-Type">{$Content-Type}</header>
                           <header name="Accept">{$Accept}</header>
                        </httpHeaders>
                     </restSimpleBinding>
                  </binding>
                  <output/>
               </action>
               <action category="Schemas"
                       failOnError="true"
                       forSearch="false"
                       label="ServiceProviderConfigsGet"
                       maxRedirects="100"
                       name="ServiceProviderConfigsGet"
                       preemptiveAuth="true"
                       responseEncoding="">
                  <description>Service provider configs. Without a filter, all users in a user domain are returned. The filter parameter must be a properly formed SCIM filter using either the operator eq (equals) or the operator sw (starts with). The filter works for userName, displayName, name.givenName, and name.familyName attributes. For example, /Users?filter=name.familyName%20eq%20%%22Smith%22</description>
                  <input>
                     <parameter label="Content-Type"
                                name="Content-Type"
                                nogen="true"
                                required="true"
                                testWith=""
                                type="string"/>
                     <parameter label="Accept"
                                name="Accept"
                                nogen="true"
                                required="true"
                                testWith=""
                                type="string"/>
                  </input>
                  <binding>
                     <restSimpleBinding multiUsing="semicolonSeparated"
                                        url="https://{$hostName}/identity/v1/serviceProviderConfigs"
                                        verb="GET">
                        <httpHeaders>
                           <header name="Content-Type">application/json</header>
                           <header name="Accept">application/json</header>
                           <header name="Content-Type">{$Content-Type}</header>
                           <header name="Accept">{$Accept}</header>
                        </httpHeaders>
                     </restSimpleBinding>
                  </binding>
                  <output/>
               </action>
               <action category="Users"
                       failOnError="true"
                       forSearch="false"
                       label="UsersPatch"
                       maxRedirects="100"
                       name="UsersPatch"
                       preemptiveAuth="true"
                       responseEncoding="">
                  <description>Me (partial)</description>
                  <input>
                     <parameter label="Body"
                                name="Body"
                                required="true"
                                testWith=""
                                type="reference">
                        <options>
                           <option name="referenceTo">Me_partial_Request</option>
                        </options>
                     </parameter>
                     <parameter label="Content-Type"
                                name="Content-Type"
                                nogen="true"
                                required="true"
                                testWith=""
                                type="string"/>
                     <parameter label="Accept"
                                name="Accept"
                                nogen="true"
                                required="true"
                                testWith=""
                                type="string"/>
                  </input>
                  <binding>
                     <restSimpleBinding multiUsing="semicolonSeparated"
                                        url="https://{$hostName}/identity/v1/users"
                                        verb="PATCH">
                        <httpHeaders>
                           <header name="Content-Type">application/json</header>
                           <header name="Accept">application/json</header>
                           <header name="Content-Type">{$Content-Type}</header>
                           <header name="Accept">{$Accept}</header>
                        </httpHeaders>
                        <body generateUsing="UnwrappedJSON" preserveJsonStringFormatting="false"/>
                     </restSimpleBinding>
                  </binding>
                  <output/>
               </action>
               <action category="Users"
                       failOnError="true"
                       forSearch="false"
                       label="UsersPost"
                       maxRedirects="100"
                       name="UsersPost"
                       preemptiveAuth="true"
                       responseEncoding="">
                  <description>User</description>
                  <input>
                     <parameter label="Body"
                                name="Body"
                                required="true"
                                testWith=""
                                type="reference">
                        <options>
                           <option name="referenceTo">UserRequest</option>
                        </options>
                     </parameter>
                     <parameter label="Content-Type"
                                name="Content-Type"
                                nogen="true"
                                required="true"
                                testWith=""
                                type="string"/>
                     <parameter label="Accept"
                                name="Accept"
                                nogen="true"
                                required="true"
                                testWith=""
                                type="string"/>
                  </input>
                  <binding>
                     <restSimpleBinding multiUsing="semicolonSeparated"
                                        url="https://{$hostName}/identity/v1/users"
                                        verb="POST">
                        <httpHeaders>
                           <header name="Content-Type">application/json</header>
                           <header name="Accept">application/json</header>
                           <header name="Content-Type">{$Content-Type}</header>
                           <header name="Accept">{$Accept}</header>
                        </httpHeaders>
                        <body generateUsing="UnwrappedJSON" preserveJsonStringFormatting="false"/>
                     </restSimpleBinding>
                  </binding>
                  <output/>
               </action>
               <action category="Users"
                       failOnError="true"
                       forSearch="false"
                       label="UsersGet"
                       maxRedirects="100"
                       name="UsersGet"
                       preemptiveAuth="true"
                       responseEncoding="">
                  <description>Users. Without a filter, all users in a user domain are returned. The filter parameter must be a properly formed SCIM filter using either the operator eq (equals) or the operator sw (starts with). The filter works for userName, displayName, name.givenName, and name.familyName attributes. For example, /Users?filter=name.familyName%20eq%20%%22Smith%22</description>
                  <input>
                     <parameter label="Content-Type"
                                name="Content-Type"
                                nogen="true"
                                required="true"
                                testWith=""
                                type="string"/>
                     <parameter label="Accept"
                                name="Accept"
                                nogen="true"
                                required="true"
                                testWith=""
                                type="string"/>
                  </input>
                  <binding>
                     <restSimpleBinding multiUsing="semicolonSeparated"
                                        url="https://{$hostName}/identity/v1/users"
                                        verb="GET">
                        <httpHeaders>
                           <header name="Content-Type">application/json</header>
                           <header name="Accept">application/json</header>
                           <header name="Content-Type">{$Content-Type}</header>
                           <header name="Accept">{$Accept}</header>
                        </httpHeaders>
                     </restSimpleBinding>
                  </binding>
                  <output/>
               </action>
               <action category="Users"
                       failOnError="true"
                       forSearch="false"
                       label="UsersPut"
                       maxRedirects="100"
                       name="UsersPut"
                       preemptiveAuth="true"
                       responseEncoding="">
                  <description>Me (partial) copy</description>
                  <input>
                     <parameter label="Body"
                                name="Body"
                                required="true"
                                testWith=""
                                type="reference">
                        <options>
                           <option name="referenceTo">Me_partial_copyRequest</option>
                        </options>
                     </parameter>
                     <parameter label="Content-Type"
                                name="Content-Type"
                                nogen="true"
                                required="true"
                                testWith=""
                                type="string"/>
                     <parameter label="Accept"
                                name="Accept"
                                nogen="true"
                                required="true"
                                testWith=""
                                type="string"/>
                  </input>
                  <binding>
                     <restSimpleBinding multiUsing="semicolonSeparated"
                                        url="https://{$hostName}/identity/v1/users"
                                        verb="PUT">
                        <httpHeaders>
                           <header name="Content-Type">application/json</header>
                           <header name="Accept">application/json</header>
                           <header name="Content-Type">{$Content-Type}</header>
                           <header name="Accept">{$Accept}</header>
                        </httpHeaders>
                        <body generateUsing="UnwrappedJSON" preserveJsonStringFormatting="false"/>
                     </restSimpleBinding>
                  </binding>
                  <output/>
               </action>
               <action category="Schemas"
                       failOnError="true"
                       forSearch="false"
                       label="SchemasUsersGet"
                       maxRedirects="100"
                       name="SchemasUsersGet"
                       preemptiveAuth="true"
                       responseEncoding="">
                  <description>Schemas. Without a filter, all users in a user domain are returned. The filter parameter must be a properly formed SCIM filter using either the operator eq (equals) or the operator sw (starts with). The filter works for userName, displayName, name.givenName, and name.familyName attributes. For example, /Users?filter=name.familyName%20eq%20%%22Smith%22</description>
                  <input>
                     <parameter label="Content-Type"
                                name="Content-Type"
                                nogen="true"
                                required="true"
                                testWith=""
                                type="string"/>
                     <parameter label="Accept"
                                name="Accept"
                                nogen="true"
                                required="true"
                                testWith=""
                                type="string"/>
                  </input>
                  <binding>
                     <restSimpleBinding multiUsing="semicolonSeparated"
                                        url="https://{$hostName}/identity/v1/schemas/users"
                                        verb="GET">
                        <httpHeaders>
                           <header name="Content-Type">application/json</header>
                           <header name="Accept">application/json</header>
                           <header name="Content-Type">{$Content-Type}</header>
                           <header name="Accept">{$Accept}</header>
                        </httpHeaders>
                     </restSimpleBinding>
                  </binding>
                  <output/>
               </action>
               <action category="Groups"
                       failOnError="true"
                       forSearch="false"
                       label="GroupsByGroupKeyPatch"
                       maxRedirects="100"
                       name="GroupsByGroupKeyPatch"
                       preemptiveAuth="true"
                       responseEncoding="">
                  <description>Group (partial)</description>
                  <input>
                     <parameter label="Body"
                                name="Body"
                                required="true"
                                testWith=""
                                type="reference">
                        <options>
                           <option name="referenceTo">Group_partial_Request</option>
                        </options>
                     </parameter>
                     <parameter label="Content-Type"
                                name="Content-Type"
                                nogen="true"
                                required="true"
                                testWith=""
                                type="string"/>
                     <parameter label="Accept"
                                name="Accept"
                                nogen="true"
                                required="true"
                                testWith=""
                                type="string"/>
                     <parameter label="groupKeyPathParam"
                                name="groupKeyPathParam"
                                nogen="true"
                                required="true"
                                testWith=""
                                type="string"/>
                  </input>
                  <binding>
                     <restSimpleBinding multiUsing="semicolonSeparated"
                                        url="https://{$hostName}/identity/v1/groups/{$groupKeyPathParam}"
                                        verb="PATCH">
                        <httpHeaders>
                           <header name="Content-Type">application/json</header>
                           <header name="Accept">application/json</header>
                           <header name="Content-Type">{$Content-Type}</header>
                           <header name="Accept">{$Accept}</header>
                        </httpHeaders>
                        <body generateUsing="UnwrappedJSON" preserveJsonStringFormatting="false"/>
                     </restSimpleBinding>
                  </binding>
                  <output/>
               </action>
               <action category="Groups"
                       failOnError="true"
                       forSearch="false"
                       label="GroupsByGroupKeyGet"
                       maxRedirects="100"
                       name="GroupsByGroupKeyGet"
                       preemptiveAuth="true"
                       responseEncoding="">
                  <description>Group. Without a filter, all users in a user domain are returned. The filter parameter must be a properly formed SCIM filter using either the operator eq (equals) or the operator sw (starts with). The filter works for userName, displayName, name.givenName, and name.familyName attributes. For example, /Users?filter=name.familyName%20eq%20%%22Smith%22</description>
                  <input>
                     <parameter label="Content-Type"
                                name="Content-Type"
                                nogen="true"
                                required="true"
                                testWith=""
                                type="string"/>
                     <parameter label="Accept"
                                name="Accept"
                                nogen="true"
                                required="true"
                                testWith=""
                                type="string"/>
                     <parameter label="groupKeyPathParam"
                                name="groupKeyPathParam"
                                nogen="true"
                                required="true"
                                testWith=""
                                type="string"/>
                  </input>
                  <binding>
                     <restSimpleBinding multiUsing="semicolonSeparated"
                                        url="https://{$hostName}/identity/v1/groups/{$groupKeyPathParam}"
                                        verb="GET">
                        <httpHeaders>
                           <header name="Content-Type">application/json</header>
                           <header name="Accept">application/json</header>
                           <header name="Content-Type">{$Content-Type}</header>
                           <header name="Accept">{$Accept}</header>
                        </httpHeaders>
                     </restSimpleBinding>
                  </binding>
                  <output/>
               </action>
               <action category="Groups"
                       failOnError="true"
                       forSearch="false"
                       label="GroupsByGroupKeyDelete"
                       maxRedirects="100"
                       name="GroupsByGroupKeyDelete"
                       preemptiveAuth="true"
                       responseEncoding="">
                  <description>Group</description>
                  <input>
                     <parameter label="Content-Type"
                                name="Content-Type"
                                nogen="true"
                                required="true"
                                testWith=""
                                type="string"/>
                     <parameter label="Accept"
                                name="Accept"
                                nogen="true"
                                required="true"
                                testWith=""
                                type="string"/>
                     <parameter label="groupKeyPathParam"
                                name="groupKeyPathParam"
                                nogen="true"
                                required="true"
                                testWith=""
                                type="string"/>
                  </input>
                  <binding>
                     <restSimpleBinding multiUsing="semicolonSeparated"
                                        url="https://{$hostName}/identity/v1/groups/{$groupKeyPathParam}"
                                        verb="DELETE">
                        <httpHeaders>
                           <header name="Content-Type">application/json</header>
                           <header name="Accept">application/json</header>
                           <header name="Content-Type">{$Content-Type}</header>
                           <header name="Accept">{$Accept}</header>
                        </httpHeaders>
                     </restSimpleBinding>
                  </binding>
                  <output/>
               </action>
               <action category="Groups"
                       failOnError="true"
                       forSearch="false"
                       label="GroupsByGroupKeyPut"
                       maxRedirects="100"
                       name="GroupsByGroupKeyPut"
                       preemptiveAuth="true"
                       responseEncoding="">
                  <description>Group</description>
                  <input>
                     <parameter label="Body"
                                name="Body"
                                required="true"
                                testWith=""
                                type="reference">
                        <options>
                           <option name="referenceTo">GroupRequest</option>
                        </options>
                     </parameter>
                     <parameter label="Content-Type"
                                name="Content-Type"
                                nogen="true"
                                required="true"
                                testWith=""
                                type="string"/>
                     <parameter label="Accept"
                                name="Accept"
                                nogen="true"
                                required="true"
                                testWith=""
                                type="string"/>
                     <parameter label="groupKeyPathParam"
                                name="groupKeyPathParam"
                                nogen="true"
                                required="true"
                                testWith=""
                                type="string"/>
                  </input>
                  <binding>
                     <restSimpleBinding multiUsing="semicolonSeparated"
                                        url="https://{$hostName}/identity/v1/groups/{$groupKeyPathParam}"
                                        verb="PUT">
                        <httpHeaders>
                           <header name="Content-Type">application/json</header>
                           <header name="Accept">application/json</header>
                           <header name="Content-Type">{$Content-Type}</header>
                           <header name="Accept">{$Accept}</header>
                        </httpHeaders>
                        <body generateUsing="UnwrappedJSON" preserveJsonStringFormatting="false"/>
                     </restSimpleBinding>
                  </binding>
                  <output/>
               </action>
               <action category="Users"
                       failOnError="true"
                       forSearch="false"
                       label="UsersByUserKeyPatch"
                       maxRedirects="100"
                       name="UsersByUserKeyPatch"
                       preemptiveAuth="true"
                       responseEncoding="">
                  <description>User (partial)</description>
                  <input>
                     <parameter label="Body"
                                name="Body"
                                required="true"
                                testWith=""
                                type="reference">
                        <options>
                           <option name="referenceTo">User_partial_Request</option>
                        </options>
                     </parameter>
                     <parameter label="Content-Type"
                                name="Content-Type"
                                nogen="true"
                                required="true"
                                testWith=""
                                type="string"/>
                     <parameter label="Accept"
                                name="Accept"
                                nogen="true"
                                required="true"
                                testWith=""
                                type="string"/>
                     <parameter label="userKeyPathParam"
                                name="userKeyPathParam"
                                nogen="true"
                                required="true"
                                testWith=""
                                type="string"/>
                  </input>
                  <binding>
                     <restSimpleBinding multiUsing="semicolonSeparated"
                                        url="https://{$hostName}/identity/v1/users/{$userKeyPathParam}"
                                        verb="PATCH">
                        <httpHeaders>
                           <header name="Content-Type">application/json</header>
                           <header name="Accept">application/json</header>
                           <header name="Content-Type">{$Content-Type}</header>
                           <header name="Accept">{$Accept}</header>
                        </httpHeaders>
                        <body generateUsing="UnwrappedJSON" preserveJsonStringFormatting="false"/>
                     </restSimpleBinding>
                  </binding>
                  <output/>
               </action>
               <action category="Users"
                       failOnError="true"
                       forSearch="false"
                       label="UsersByUserKeyGet"
                       maxRedirects="100"
                       name="UsersByUserKeyGet"
                       preemptiveAuth="true"
                       responseEncoding="">
                  <description>User. Without a filter, all users in a user domain are returned. The filter parameter must be a properly formed SCIM filter using either the operator eq (equals) or the operator sw (starts with). The filter works for userName, displayName, name.givenName, and name.familyName attributes. For example, /Users?filter=name.familyName%20eq%20%%22Smith%22</description>
                  <input>
                     <parameter label="Content-Type"
                                name="Content-Type"
                                nogen="true"
                                required="true"
                                testWith=""
                                type="string"/>
                     <parameter label="Accept"
                                name="Accept"
                                nogen="true"
                                required="true"
                                testWith=""
                                type="string"/>
                     <parameter label="userKeyPathParam"
                                name="userKeyPathParam"
                                nogen="true"
                                required="true"
                                testWith=""
                                type="string"/>
                  </input>
                  <binding>
                     <restSimpleBinding multiUsing="semicolonSeparated"
                                        url="https://{$hostName}/identity/v1/users/{$userKeyPathParam}"
                                        verb="GET">
                        <httpHeaders>
                           <header name="Content-Type">application/json</header>
                           <header name="Accept">application/json</header>
                           <header name="Content-Type">{$Content-Type}</header>
                           <header name="Accept">{$Accept}</header>
                        </httpHeaders>
                     </restSimpleBinding>
                  </binding>
                  <output/>
               </action>
               <action category="Users"
                       failOnError="true"
                       forSearch="false"
                       label="UsersByUserKeyDelete"
                       maxRedirects="100"
                       name="UsersByUserKeyDelete"
                       preemptiveAuth="true"
                       responseEncoding="">
                  <description>User</description>
                  <input>
                     <parameter label="Content-Type"
                                name="Content-Type"
                                nogen="true"
                                required="true"
                                testWith=""
                                type="string"/>
                     <parameter label="Accept"
                                name="Accept"
                                nogen="true"
                                required="true"
                                testWith=""
                                type="string"/>
                     <parameter label="userKeyPathParam"
                                name="userKeyPathParam"
                                nogen="true"
                                required="true"
                                testWith=""
                                type="string"/>
                  </input>
                  <binding>
                     <restSimpleBinding multiUsing="semicolonSeparated"
                                        url="https://{$hostName}/identity/v1/users/{$userKeyPathParam}"
                                        verb="DELETE">
                        <httpHeaders>
                           <header name="Content-Type">application/json</header>
                           <header name="Accept">application/json</header>
                           <header name="Content-Type">{$Content-Type}</header>
                           <header name="Accept">{$Accept}</header>
                        </httpHeaders>
                     </restSimpleBinding>
                  </binding>
                  <output/>
               </action>
               <action category="Users"
                       failOnError="true"
                       forSearch="false"
                       label="UsersByUserKeyPut"
                       maxRedirects="100"
                       name="UsersByUserKeyPut"
                       preemptiveAuth="true"
                       responseEncoding="">
                  <description>User</description>
                  <input>
                     <parameter label="Body"
                                name="Body"
                                required="true"
                                testWith=""
                                type="reference">
                        <options>
                           <option name="referenceTo">UserRequest</option>
                        </options>
                     </parameter>
                     <parameter label="Content-Type"
                                name="Content-Type"
                                nogen="true"
                                required="true"
                                testWith=""
                                type="string"/>
                     <parameter label="Accept"
                                name="Accept"
                                nogen="true"
                                required="true"
                                testWith=""
                                type="string"/>
                     <parameter label="userKeyPathParam"
                                name="userKeyPathParam"
                                nogen="true"
                                required="true"
                                testWith=""
                                type="string"/>
                  </input>
                  <binding>
                     <restSimpleBinding multiUsing="semicolonSeparated"
                                        url="https://{$hostName}/identity/v1/users/{$userKeyPathParam}"
                                        verb="PUT">
                        <httpHeaders>
                           <header name="Content-Type">application/json</header>
                           <header name="Accept">application/json</header>
                           <header name="Content-Type">{$Content-Type}</header>
                           <header name="Accept">{$Accept}</header>
                        </httpHeaders>
                        <body generateUsing="UnwrappedJSON" preserveJsonStringFormatting="false"/>
                     </restSimpleBinding>
                  </binding>
                  <output/>
               </action>
            </actions>
            <objects>
               <processObject xmlns="http://schemas.active-endpoints.com/appmodules/screenflow/2011/06/avosHostEnvironment.xsd"
                              isByCopy="true"
                              name="Me_partial_Request">
                  <description/>
                  <detail>
                     <field name="password" type="string"/>
                     <field name="displayName" type="string"/>
                     <field name="timezone" type="string"/>
                     <field name="name" type="reference">
                        <options>
                           <option name="referenceTo">Name</option>
                           <option name="relationshipName">Child</option>
                        </options>
                     </field>
                     <field name="locale" type="string"/>
                     <field name="userName" type="string"/>
                  </detail>
               </processObject>
               <processObject xmlns="http://schemas.active-endpoints.com/appmodules/screenflow/2011/06/avosHostEnvironment.xsd"
                              isByCopy="true"
                              name="User_partial_Request">
                  <description/>
                  <detail>
                     <field name="password" type="string"/>
                     <field name="displayName" type="string"/>
                     <field name="timezone" type="string"/>
                     <field name="name" type="reference">
                        <options>
                           <option name="referenceTo">Name</option>
                           <option name="relationshipName">Child</option>
                        </options>
                     </field>
                     <field name="locale" type="string"/>
                     <field name="userName" type="string"/>
                  </detail>
               </processObject>
               <processObject xmlns="http://schemas.active-endpoints.com/appmodules/screenflow/2011/06/avosHostEnvironment.xsd"
                              isByCopy="true"
                              name="Group_partial_Request">
                  <description/>
                  <detail>
                     <field name="displayName" type="string"/>
                     <field name="members" type="objectlist">
                        <options>
                           <option name="referenceTo">Member</option>
                           <option name="relationshipName">Child</option>
                        </options>
                     </field>
                  </detail>
               </processObject>
               <processObject xmlns="http://schemas.active-endpoints.com/appmodules/screenflow/2011/06/avosHostEnvironment.xsd"
                              isByCopy="true"
                              name="GroupRequest">
                  <description/>
                  <detail>
                     <field name="displayName" type="string"/>
                     <field name="members" type="objectlist">
                        <options>
                           <option name="referenceTo">Member</option>
                           <option name="relationshipName">Child</option>
                        </options>
                     </field>
                  </detail>
               </processObject>
               <processObject xmlns="http://schemas.active-endpoints.com/appmodules/screenflow/2011/06/avosHostEnvironment.xsd"
                              isByCopy="true"
                              name="Member">
                  <description/>
                  <detail>
                     <field name="type" type="string"/>
                     <field name="value" type="string"/>
                  </detail>
               </processObject>
               <processObject xmlns="http://schemas.active-endpoints.com/appmodules/screenflow/2011/06/avosHostEnvironment.xsd"
                              isByCopy="true"
                              name="UserRequest">
                  <description/>
                  <detail>
                     <field name="password" type="string"/>
                     <field name="displayName" type="string"/>
                     <field name="timezone" type="string"/>
                     <field name="name" type="reference">
                        <options>
                           <option name="referenceTo">Name</option>
                           <option name="relationshipName">Child</option>
                        </options>
                     </field>
                     <field name="locale" type="string"/>
                     <field name="userName" type="string"/>
                  </detail>
               </processObject>
               <processObject xmlns="http://schemas.active-endpoints.com/appmodules/screenflow/2011/06/avosHostEnvironment.xsd"
                              isByCopy="true"
                              name="Me_partial_copyRequest">
                  <description/>
                  <detail>
                     <field name="password" type="string"/>
                     <field name="displayName" type="string"/>
                     <field name="timezone" type="string"/>
                     <field name="name" type="reference">
                        <options>
                           <option name="referenceTo">Name</option>
                           <option name="relationshipName">Child</option>
                        </options>
                     </field>
                     <field name="locale" type="string"/>
                     <field name="userName" type="string"/>
                  </detail>
               </processObject>
               <processObject xmlns="http://schemas.active-endpoints.com/appmodules/screenflow/2011/06/avosHostEnvironment.xsd"
                              isByCopy="true"
                              name="Name">
                  <description/>
                  <detail>
                     <field name="givenName" type="string"/>
                     <field name="familyName" type="string"/>
                  </detail>
               </processObject>
               <processObject xmlns="http://schemas.active-endpoints.com/appmodules/screenflow/2011/06/avosHostEnvironment.xsd"
                              isByCopy="true"
                              name="string">
                  <description/>
                  <detail>
                     <field name="string" type="string"/>
                  </detail>
               </processObject>
               <processObject xmlns="http://schemas.active-endpoints.com/appmodules/screenflow/2011/06/avosHostEnvironment.xsd"
                              isByCopy="true"
                              name="boolean">
                  <description/>
                  <detail>
                     <field name="boolean" type="boolean"/>
                  </detail>
               </processObject>
               <processObject xmlns="http://schemas.active-endpoints.com/appmodules/screenflow/2011/06/avosHostEnvironment.xsd"
                              isByCopy="true"
                              name="double">
                  <description/>
                  <detail>
                     <field name="double" type="double"/>
                  </detail>
               </processObject>
               <processObject xmlns="http://schemas.active-endpoints.com/appmodules/screenflow/2011/06/avosHostEnvironment.xsd"
                              isByCopy="true"
                              name="integer">
                  <description/>
                  <detail>
                     <field name="integer" type="int"/>
                  </detail>
               </processObject>
            </objects>
         </businessConnector>
      </types1:Entry>
      <types1:GUID>jjkS7WSN3sQiTclj6afUkL</types1:GUID>
      <types1:DisplayName>GoTo SCIM API v1</types1:DisplayName>
   </types1:Item>
   <types1:CurrentServerDateTime>2019-03-06T10:49:45.225Z</types1:CurrentServerDateTime>
</aetgt:getResponse>
