{
   "exportedObjects": [
      {
         "objectGuid": "almpU5d486xjg3tXw87BET",
         "objectName": "Shared assets",
         "objectType": "Project",
         "path": "/Explore",
         "metadata": {
            "additionalInfo": {
               "contentType": "Binary",
               "description": "This Project contains shared assets",
               "documentState": "COMPLETE"
            },
            "contextAttributes": [],
            "modelVersion": {
               "major": 0,
               "minor": 0
            },
            "objectRefs": [],
            "repoInfo": null
         }
      },
      {
         "objectGuid": "00m3cKr9AGOjGY55vZSASH",
         "objectName": "Service Connectors",
         "objectType": "Folder",
         "path": "/Explore/Shared assets",
         "metadata": {
            "additionalInfo": {
               "contentType": "Binary",
               "description": "",
               "documentState": "COMPLETE"
            },
            "contextAttributes": [],
            "modelVersion": {
               "major": 0,
               "minor": 0
            },
            "objectRefs": [],
            "repoInfo": null
         }
      },
      {
         "objectGuid": "9nrqRJBHy29f2Sp6IL3seH",
         "objectName": "Concur Requests API v3-1",
         "objectType": "AI_SERVICE_CONNECTOR",
         "path": "/Explore/Shared assets/Service Connectors",
         "metadata": {
            "additionalInfo": {
               "contentType": "application/json; charset=utf-8",
               "description": "Requests allow travelers to submit travel plans, expected expenses, and expected cash advance needs prior to spending funds. This API provides methods to view, create, update, submit, or recall requests owned by the specified user.",
               "documentState": "VALID"
            },
            "contextAttributes": null,
            "modelVersion": {
               "major": 1,
               "minor": 0
            },
            "objectRefs": [],
            "repoInfo": {
               "repoHandle": "UzeA8rJ4pbgchwA-gt-3240708-2019-01-24T00:42:21.744Z::svc.xml"
            }
         }
      }
   ]
}