<aetgt:getResponse xmlns:aetgt="http://schemas.active-endpoints.com/appmodules/repository/2010/10/avrepository.xsd"
                   xmlns:types1="http://schemas.active-endpoints.com/appmodules/repository/2010/10/avrepository.xsd">
   <types1:Item>
      <types1:EntryId>fRLdqcgm8lnCmp6-gt-575290-2019-12-22T10:57:40.083Z::svc.xml</types1:EntryId>
      <types1:Name>SAP_Ariba_Transaction_Monitoring_REST_API_v2</types1:Name>
      <types1:MimeType>application/xml+businesssconnector</types1:MimeType>
      <types1:Description>The SAP Ariba Transaction Monitoring APIs for tracking Supply Chain Collaboration gives Ariba Network a fast and reliable mechanism to monitor Supply Chain Collaboration transactions across the network. This allows a high degree of visibility and traceability into business processes and documents associated with these transactions. This API allows you to trace the lineage of a transaction and perform searches based on time and searchable fields.</types1:Description>
      <types1:AppliesTo/>
      <types1:Tags/>
      <types1:VersionLabel>1.0</types1:VersionLabel>
      <types1:State>CURRENT</types1:State>
      <types1:ProcessGroup/>
      <types1:CreatedBy>sorabh@na1.dm-us.org</types1:CreatedBy>
      <types1:CreationDate>2019-12-22T10:57:40Z</types1:CreationDate>
      <types1:ModifiedBy/>
      <types1:PublicationStatus>published</types1:PublicationStatus>
      <types1:PublishedBy>sorabh@na1.dm-us.org</types1:PublishedBy>
      <types1:PublicationDate>2019-12-22T10:57:43Z</types1:PublicationDate>
      <types1:PublishedContributionId>project:/rt.connector/SAP_Ariba_Transaction_Monitoring_REST_API_v2/SAP_Ariba_Transaction_Monitoring_REST_API_v2_svcDef.xml</types1:PublishedContributionId>
      <types1:AutosaveExists>false</types1:AutosaveExists>
      <types1:Entry>
         <businessConnector xmlns="http://schemas.informatica.com/socrates/data-services/2014/05/business-connector-model.xsd"
                            agentOnly="false"
                            debug="false"
                            displayName="SAP Ariba Transaction Monitoring REST API v2"
                            label=""
                            name="SAP_Ariba_Transaction_Monitoring_REST_API_v2"
                            uuid="580020fa-f5ba-491d-81a5-6d63b5d18cbf">
            <description>The SAP Ariba Transaction Monitoring APIs for tracking Supply Chain Collaboration gives Ariba Network a fast and reliable mechanism to monitor Supply Chain Collaboration transactions across the network. This allows a high degree of visibility and traceability into business processes and documents associated with these transactions. This API allows you to trace the lineage of a transaction and perform searches based on time and searchable fields.</description>
            <tags/>
            <connectionAttributes xmlns="http://schemas.informatica.com/appmodules/screenflow/2014/04/avosConnectors.xsd">
               <connectionAttribute description="Host Name"
                                    masked="false"
                                    name="hostName"
                                    required="true"
                                    testWith="sandbox.api.sap.com"
                                    type="string"/>
            </connectionAttributes>
            <actions>
               <action category="/bpmservice/api/v2/events"
                       failOnError="true"
                       forSearch="false"
                       label="getEvents"
                       maxRedirects="100"
                       name="getEvents"
                       preemptiveAuth="true"
                       responseEncoding="">
                  <description>Gets all `Event` objects from persistence store Mandatory and Optional query param determines to return list of events</description>
                  <input>
                     <parameter description="Type of the event to be fetched, default value is 'ANTransaction'"
                                label="EventType"
                                name="EventType"
                                nogen="true"
                                required="false"
                                testWith=""
                                type="string"/>
                     <parameter description="Maximum number of events to be returned per call, default value is 10000"
                                label="PageSize"
                                name="PageSize"
                                nogen="true"
                                required="false"
                                testWith=""
                                type="string"/>
                     <parameter description="Events will be returned starting from this Offset value for this api call, default value is 0"
                                label="Offset"
                                name="Offset"
                                nogen="true"
                                required="false"
                                testWith=""
                                type="string"/>
                     <parameter description="Only rsql &#34;and&#34; clause is supported. It is represented in rsql via 'and' keyword or ';' semicolon. &#xA;&#xA; Two types of queries are supported - &#xA; 1. `Time bound query` &#xA; 2. Non time bound query &#xA; &#xA; A. Time bound query&#xA; Parameters passed in the time bound query are listed below - &#xA; a) start_date_time (mandatory - int64)- Start date time of events  date range, in epoch date time format &#xA;&#xA; b) end_date_time (mandatory - int64)- End date time of events  date range, in epoch date time format &#xA;&#xA; c) alert_time (optional - string)- Event status ('error' or 'success' or 'warning') &#xA;&#xA; d) process_name (optional - string)- Event specific to process (like TRANSACTION_TRACKING_PURCHASEORDER etc..), refer to predefined process names for more details &#xA;&#xA; e) sender_id (optional - string)- Sender ANID to get specific customer events &#xA;&#xA; f) receiver_id (optional - string)- Receiver ANID to get specific customer events &#xA;&#xA; g) transaction_id (optional - string)- Events to specific transaction (payloadid of cxml document) &#xA;&#xA;&#xA; B. Non time bound query&#xA; Non time bound query support two variation:&#xA; I. Search based on document_id&#xA; Parameters passed in non time bound query search based on document_id are listed below - &#xA; a) document_id (mandatory - string) - Document identifier to be searched &#xA;&#xA; b) all the parameters specified for time bound query are applicable and optional&#xA; &#xA; II. Search based on correlation_id&#xA; Parameters passed in non time bound query search based on correlation_id are listed below - &#xA; a) correlation_id (mandatory - string) - Correlation identifier to be searched &#xA;&#xA; b) all the parameters specified for time bound query are applicable and optional"
                                label="rsqlfilter"
                                name="rsqlfilter"
                                required="true"
                                testWith=""
                                type="string"/>
                  </input>
                  <binding>
                     <restSimpleBinding multiUsing="semicolonSeparated"
                                        url="https://{$hostName}/ariba/api/bizmonservice/v2/sandbox/events"
                                        verb="GET">
                        <httpHeaders>
                           <header name="Accept">application/json</header>
                           <header name="EventType">{$EventType}</header>
                           <header name="PageSize">{$PageSize}</header>
                           <header name="Offset">{$Offset}</header>
                        </httpHeaders>
                     </restSimpleBinding>
                  </binding>
                  <output>
                     <field description="Successful Response"
                            entireResponse="true"
                            name="response"
                            type="reference">
                        <options>
                           <option name="referenceTo">response</option>
                        </options>
                     </field>
                  </output>
               </action>
            </actions>
            <objects>
               <processObject xmlns="http://schemas.active-endpoints.com/appmodules/screenflow/2011/06/avosHostEnvironment.xsd"
                              isByCopy="true"
                              name="errormessage">
                  <description/>
                  <detail>
                     <field name="errorCode" type="string"/>
                     <field name="message" type="string"/>
                  </detail>
               </processObject>
               <processObject xmlns="http://schemas.active-endpoints.com/appmodules/screenflow/2011/06/avosHostEnvironment.xsd"
                              isByCopy="true"
                              name="response">
                  <description/>
                  <detail>
                     <field name="transactions" type=""/>
                  </detail>
               </processObject>
               <processObject xmlns="http://schemas.active-endpoints.com/appmodules/screenflow/2011/06/avosHostEnvironment.xsd"
                              isByCopy="true"
                              name="transactions">
                  <description/>
                  <detail>
                     <field name="transaction_id" type="string"/>
                     <field name="receiver_id" type="string"/>
                     <field name="process_name" type="string"/>
                     <field name="changed_by" type="string"/>
                     <field name="comment" type="string"/>
                     <field name="document_id" type="string"/>
                     <field name="sender_id" type="string"/>
                     <field name="events" type="objectlist">
                        <options>
                           <option name="referenceTo">events</option>
                           <option name="relationshipName">Child</option>
                        </options>
                     </field>
                  </detail>
               </processObject>
               <processObject xmlns="http://schemas.active-endpoints.com/appmodules/screenflow/2011/06/avosHostEnvironment.xsd"
                              isByCopy="true"
                              name="events">
                  <description/>
                  <detail>
                     <field name="error_message" type="string"/>
                     <field name="order_date" type="string"/>
                     <field name="event_id" type="string"/>
                     <field name="attachment_document_type" type="string"/>
                     <field name="host" type="string"/>
                     <field name="correlation_id" type="string"/>
                     <field name="event_name" type="string"/>
                     <field name="source" type="string"/>
                     <field name="event_timestamp" type="string"/>
                     <field name="alert_type" type="string"/>
                     <field name="reference_payload_id" type="string"/>
                     <field name="date_happened" type="string"/>
                  </detail>
               </processObject>
               <processObject xmlns="http://schemas.active-endpoints.com/appmodules/screenflow/2011/06/avosHostEnvironment.xsd"
                              isByCopy="true"
                              name="string">
                  <description/>
                  <detail>
                     <field name="string" type="string"/>
                  </detail>
               </processObject>
               <processObject xmlns="http://schemas.active-endpoints.com/appmodules/screenflow/2011/06/avosHostEnvironment.xsd"
                              isByCopy="true"
                              name="boolean">
                  <description/>
                  <detail>
                     <field name="boolean" type="boolean"/>
                  </detail>
               </processObject>
               <processObject xmlns="http://schemas.active-endpoints.com/appmodules/screenflow/2011/06/avosHostEnvironment.xsd"
                              isByCopy="true"
                              name="double">
                  <description/>
                  <detail>
                     <field name="double" type="double"/>
                  </detail>
               </processObject>
               <processObject xmlns="http://schemas.active-endpoints.com/appmodules/screenflow/2011/06/avosHostEnvironment.xsd"
                              isByCopy="true"
                              name="integer">
                  <description/>
                  <detail>
                     <field name="integer" type="int"/>
                  </detail>
               </processObject>
            </objects>
         </businessConnector>
      </types1:Entry>
      <types1:GUID>aSakv1rImUacljG5be17iH</types1:GUID>
      <types1:DisplayName>SAP Ariba Transaction Monitoring REST API v2</types1:DisplayName>
   </types1:Item>
   <types1:CurrentServerDateTime>2019-12-22T10:58:39.128Z</types1:CurrentServerDateTime>
</aetgt:getResponse>
