<aetgt:getResponse xmlns:aetgt="http://schemas.active-endpoints.com/appmodules/repository/2010/10/avrepository.xsd"
                   xmlns:types1="http://schemas.active-endpoints.com/appmodules/repository/2010/10/avrepository.xsd">
   <types1:Item>
      <types1:EntryId>QE8jIw8jIw8jIw8-gt-4040906-2019-01-28T10:22:22.689Z::svc.xml</types1:EntryId>
      <types1:Name>Expedia_Hotwire_API</types1:Name>
      <types1:MimeType>application/xml+businesssconnector</types1:MimeType>
      <types1:Description>Hotwire QuickConnect is a set of APIs that allow a client system to interact with the information available in the Hotwire Hotel Extranet. In turn, that information is used by Hotwire.com and its affiliates to display and sell hotel rooms to travelers. Currently the Hotwire QuickConnect API can be used to create and update a hotel’s availability, rates, and inventory (ARI), and retrieve recently confirmed and/or cancelled bookings. The ARI functionality includes the ability to set the number of available rooms, per-day rate amounts and extra person charges, and several restrictions. Retrieved bookings contain guest and Hotwire single use credit card information.</types1:Description>
      <types1:AppliesTo/>
      <types1:Tags/>
      <types1:VersionLabel>1.0</types1:VersionLabel>
      <types1:State>CURRENT</types1:State>
      <types1:ProcessGroup/>
      <types1:CreatedBy>sorabh@na1.dm-us.org</types1:CreatedBy>
      <types1:CreationDate>2019-01-28T10:22:23Z</types1:CreationDate>
      <types1:ModifiedBy/>
      <types1:PublicationStatus>published</types1:PublicationStatus>
      <types1:PublishedBy>sorabh@na1.dm-us.org</types1:PublishedBy>
      <types1:PublicationDate>2019-01-28T10:22:24Z</types1:PublicationDate>
      <types1:PublishedContributionId>project:/rt.connector/Expedia_Hotwire_API/Expedia_Hotwire_API_svcDef.xml</types1:PublishedContributionId>
      <types1:AutosaveExists>false</types1:AutosaveExists>
      <types1:Entry>
         <businessConnector xmlns="http://schemas.informatica.com/socrates/data-services/2014/05/business-connector-model.xsd"
                            agentOnly="false"
                            debug="false"
                            displayName="Expedia Hotwire API"
                            label=""
                            name="Expedia_Hotwire_API"
                            uuid="856bb0b3-d327-496f-b5ea-ae47aeb6bac8">
            <description>Hotwire QuickConnect is a set of APIs that allow a client system to interact with the information available in the Hotwire Hotel Extranet. In turn, that information is used by Hotwire.com and its affiliates to display and sell hotel rooms to travelers. Currently the Hotwire QuickConnect API can be used to create and update a hotel’s availability, rates, and inventory (ARI), and retrieve recently confirmed and/or cancelled bookings. The ARI functionality includes the ability to set the number of available rooms, per-day rate amounts and extra person charges, and several restrictions. Retrieved bookings contain guest and Hotwire single use credit card information.</description>
            <tags/>
            <connectionAttributes xmlns="http://schemas.informatica.com/appmodules/screenflow/2014/04/avosConnectors.xsd"/>
            <actions>
               <action category=""
                       failOnError="true"
                       forSearch="false"
                       isAbstract="true"
                       label="BaseAction"
                       maxRedirects="100"
                       name="BaseAction"
                       preemptiveAuth="true"
                       responseEncoding="">
                  <description/>
                  <input/>
                  <binding>
                     <restSimpleBinding multiUsing="semicolonSeparated"
                                        url="LOCATION UNSPECIFIED"
                                        verb="POST">
                        <httpHeaders>
                           <header name="Content-Type">text/xml; charset=utf-8</header>
                        </httpHeaders>
                        <body/>
                     </restSimpleBinding>
                  </binding>
                  <output/>
               </action>
               <action category=""
                       failOnError="true"
                       forSearch="false"
                       inherits="BaseAction"
                       label="retrieveBooking"
                       maxRedirects="100"
                       name="retrieveBooking"
                       preemptiveAuth="true"
                       responseEncoding="">
                  <description/>
                  <inheritanceMetadata>
                     <section type="output">
                        <section type="outputFields"/>
                     </section>
                     <section type="restSimpleBinding">
                        <section type="body">
                           <attribute inherit="overwrite" name="content" type="content"/>
                        </section>
                        <section type="httpHeaders">
                           <attribute inherit="inherit" name="Content-Type" type="header"/>
                        </section>
                        <section type="otherParams"/>
                     </section>
                  </inheritanceMetadata>
                  <input>
                     <parameter name="retrieveBooking"
                                required="false"
                                testWith=""
                                type="reference">
                        <options>
                           <option name="referenceTo">retrieveBooking</option>
                        </options>
                     </parameter>
                  </input>
                  <binding>
                     <restSimpleBinding url="LOCATION UNSPECIFIED" verb="POST">
                        <body>&lt;soap:Envelope xmlns:soap="http://schemas.xmlsoap.org/soap/envelope/"&gt;
   &lt;soap:Header/&gt;
   &lt;soap:Body&gt;
      &lt;ns:retrieveBooking xmlns:ns="http://api.xnet.hotwire/"&gt;
            &lt;BookingRetrievalRQ echoToken="{$retrieveBooking/BookingRetrievalRQ/echoToken/text()}"&gt;
                &lt;Hotel id="{$retrieveBooking/BookingRetrievalRQ/Hotel/id/text()}"/&gt;
                &lt;Booking id="{$retrieveBooking/BookingRetrievalRQ/Booking/id/text()}"/&gt;
                &lt;MinsInPast&gt;{$retrieveBooking/BookingRetrievalRQ/MinsInPast/text()}&lt;/MinsInPast&gt;
            &lt;/BookingRetrievalRQ&gt;
        &lt;/ns:retrieveBooking&gt;
   &lt;/soap:Body&gt;
&lt;/soap:Envelope&gt;</body>
                     </restSimpleBinding>
                  </binding>
                  <output>
                     <field description="" name="retrieveBookingResponse" type="reference">
                        <options>
                           <option name="referenceTo">retrieveBookingResponse</option>
                        </options>
                        <xquery>{util:simplifyXml(//*[local-name()='retrieveBookingResponse'])}</xquery>
                     </field>
                  </output>
               </action>
               <action category=""
                       failOnError="true"
                       forSearch="false"
                       inherits="BaseAction"
                       label="updateInventory"
                       maxRedirects="100"
                       name="updateInventory"
                       preemptiveAuth="true"
                       responseEncoding="">
                  <description/>
                  <inheritanceMetadata>
                     <section type="output">
                        <section type="outputFields"/>
                     </section>
                     <section type="restSimpleBinding">
                        <section type="body">
                           <attribute inherit="overwrite" name="content" type="content"/>
                        </section>
                        <section type="httpHeaders">
                           <attribute inherit="inherit" name="Content-Type" type="header"/>
                        </section>
                        <section type="otherParams"/>
                     </section>
                  </inheritanceMetadata>
                  <input>
                     <parameter name="updateInventory"
                                required="false"
                                testWith=""
                                type="reference">
                        <options>
                           <option name="referenceTo">updateInventory</option>
                        </options>
                     </parameter>
                  </input>
                  <binding>
                     <restSimpleBinding url="LOCATION UNSPECIFIED" verb="POST">
                        <body>&lt;soap:Envelope xmlns:soap="http://schemas.xmlsoap.org/soap/envelope/"&gt;
   &lt;soap:Header/&gt;
   &lt;soap:Body&gt;
      &lt;ns:updateInventory xmlns:ns="http://api.xnet.hotwire/"&gt;
            &lt;AvailRateUpdateRQ echoToken="{$updateInventory/AvailRateUpdateRQ/echoToken/text()}"&gt;
                &lt;Hotel id="{$updateInventory/AvailRateUpdateRQ/Hotel/id/text()}"/&gt;
                {
                    for $AvailRateUpdate in $updateInventory/AvailRateUpdateRQ/AvailRateUpdate
                    return
                    &lt;AvailRateUpdate&gt;
                        &lt;DateRange fri="{$updateInventory/AvailRateUpdateRQ/AvailRateUpdate/DateRange/fri/text()}"
                          from="{$updateInventory/AvailRateUpdateRQ/AvailRateUpdate/DateRange/from/text()}"
                          mon="{$updateInventory/AvailRateUpdateRQ/AvailRateUpdate/DateRange/mon/text()}"
                          sat="{$updateInventory/AvailRateUpdateRQ/AvailRateUpdate/DateRange/sat/text()}"
                          sun="{$updateInventory/AvailRateUpdateRQ/AvailRateUpdate/DateRange/sun/text()}"
                          thu="{$updateInventory/AvailRateUpdateRQ/AvailRateUpdate/DateRange/thu/text()}"
                          to="{$updateInventory/AvailRateUpdateRQ/AvailRateUpdate/DateRange/to/text()}"
                          tue="{$updateInventory/AvailRateUpdateRQ/AvailRateUpdate/DateRange/tue/text()}"
                          wed="{$updateInventory/AvailRateUpdateRQ/AvailRateUpdate/DateRange/wed/text()}"/&gt;
                            {
                                for $RoomType in $AvailRateUpdate/RoomType
                                return
                                &lt;RoomType closed="{$RoomType/closed/text()}"
                         id="{$RoomType/id/text()}"
                         newOrUpdate="{$RoomType/newOrUpdate/text()}"&gt;
                                    &lt;Inventory totalInventoryAvailable="{$updateInventory/AvailRateUpdateRQ/AvailRateUpdate/RoomType/Inventory/totalInventoryAvailable/text()}"/&gt;
                                    &lt;RatePlan id="{$updateInventory/AvailRateUpdateRQ/AvailRateUpdate/RoomType/RatePlan/id/text()}"&gt;
                                        &lt;Rate currency="{$updateInventory/AvailRateUpdateRQ/AvailRateUpdate/RoomType/RatePlan/Rate/currency/text()}"
                           extraPerson="{$updateInventory/AvailRateUpdateRQ/AvailRateUpdate/RoomType/RatePlan/Rate/extraPerson/text()}"
                           perDay="{$updateInventory/AvailRateUpdateRQ/AvailRateUpdate/RoomType/RatePlan/Rate/perDay/text()}"/&gt;
                                            &lt;Restrictions closedToArrival="{$updateInventory/AvailRateUpdateRQ/AvailRateUpdate/RoomType/RatePlan/Restrictions/closedToArrival/text()}"
                                   closedToDeparture="{$updateInventory/AvailRateUpdateRQ/AvailRateUpdate/RoomType/RatePlan/Restrictions/closedToDeparture/text()}"
                                   maxDaysToArrival="{$updateInventory/AvailRateUpdateRQ/AvailRateUpdate/RoomType/RatePlan/Restrictions/maxDaysToArrival/text()}"
                                   maxLOS="{$updateInventory/AvailRateUpdateRQ/AvailRateUpdate/RoomType/RatePlan/Restrictions/maxLOS/text()}"
                                   minLOS="{$updateInventory/AvailRateUpdateRQ/AvailRateUpdate/RoomType/RatePlan/Restrictions/minLOS/text()}"/&gt;
                                            &lt;/RatePlan&gt;
                                            &lt;RoomDetails active="{$updateInventory/AvailRateUpdateRQ/AvailRateUpdate/RoomType/RoomDetails/active/text()}"
                               baseOccupancy="{$updateInventory/AvailRateUpdateRQ/AvailRateUpdate/RoomType/RoomDetails/baseOccupancy/text()}"
                               bedType="{$updateInventory/AvailRateUpdateRQ/AvailRateUpdate/RoomType/RoomDetails/bedType/text()}"
                               maxAdults="{$updateInventory/AvailRateUpdateRQ/AvailRateUpdate/RoomType/RoomDetails/maxAdults/text()}"
                               maxOccupancy="{$updateInventory/AvailRateUpdateRQ/AvailRateUpdate/RoomType/RoomDetails/maxOccupancy/text()}"
                               maxRoomsPerBooking="{$updateInventory/AvailRateUpdateRQ/AvailRateUpdate/RoomType/RoomDetails/maxRoomsPerBooking/text()}"/&gt;
                                            &lt;/RoomType&gt;
                                        }
                                    &lt;/AvailRateUpdate&gt;
                                }
                            &lt;/AvailRateUpdateRQ&gt;
                        &lt;/ns:updateInventory&gt;
   &lt;/soap:Body&gt;
&lt;/soap:Envelope&gt;</body>
                     </restSimpleBinding>
                  </binding>
                  <output>
                     <field description="" name="updateInventoryResponse" type="reference">
                        <options>
                           <option name="referenceTo">updateInventoryResponse</option>
                        </options>
                        <xquery>{util:simplifyXml(//*[local-name()='updateInventoryResponse'])}</xquery>
                     </field>
                  </output>
               </action>
            </actions>
            <objects>
               <processObject xmlns="http://schemas.active-endpoints.com/appmodules/screenflow/2011/06/avosHostEnvironment.xsd"
                              isByCopy="true"
                              name="AvailRateUpdate">
                  <description/>
                  <detail>
                     <field name="DateRange" type="reference">
                        <options>
                           <option name="referenceTo">DateRange</option>
                           <option name="relationshipName">Child</option>
                        </options>
                     </field>
                     <field name="RoomType" type="objectlist">
                        <options>
                           <option name="referenceTo">RoomType</option>
                           <option name="relationshipName">Child</option>
                        </options>
                     </field>
                  </detail>
               </processObject>
               <processObject xmlns="http://schemas.active-endpoints.com/appmodules/screenflow/2011/06/avosHostEnvironment.xsd"
                              isByCopy="true"
                              name="AvailRateUpdateRQ">
                  <description/>
                  <detail>
                     <field name="echoToken" type="string"/>
                     <field name="Hotel" type="reference">
                        <options>
                           <option name="referenceTo">Hotel</option>
                           <option name="relationshipName">Child</option>
                        </options>
                     </field>
                     <field name="AvailRateUpdate" type="objectlist">
                        <options>
                           <option name="referenceTo">AvailRateUpdate</option>
                           <option name="relationshipName">Child</option>
                        </options>
                     </field>
                  </detail>
               </processObject>
               <processObject xmlns="http://schemas.active-endpoints.com/appmodules/screenflow/2011/06/avosHostEnvironment.xsd"
                              isByCopy="true"
                              name="AvailRateUpdateRS">
                  <description/>
                  <detail>
                     <field name="version" type="string"/>
                     <field name="timeStamp" type="datetime"/>
                     <field name="echoToken" type="string"/>
                     <field name="Success" type="reference">
                        <options>
                           <option name="referenceTo">Success</option>
                           <option name="relationshipName">Child</option>
                        </options>
                     </field>
                  </detail>
               </processObject>
               <processObject xmlns="http://schemas.active-endpoints.com/appmodules/screenflow/2011/06/avosHostEnvironment.xsd"
                              isByCopy="true"
                              name="Booking">
                  <description/>
                  <detail>
                     <field name="id" type="string"/>
                     <field name="type" type="string"/>
                     <field name="createDateTime" type="datetime"/>
                     <field name="source" type="string"/>
                     <field name="SpecialRequest" type="string"/>
                     <field name="Hotel" type="reference">
                        <options>
                           <option name="referenceTo">Hotel</option>
                           <option name="relationshipName">Child</option>
                        </options>
                     </field>
                     <field name="RoomStay" type="reference">
                        <options>
                           <option name="referenceTo">RoomStay</option>
                           <option name="relationshipName">Child</option>
                        </options>
                     </field>
                     <field name="Guest" type="reference">
                        <options>
                           <option name="referenceTo">Guest</option>
                           <option name="relationshipName">Child</option>
                        </options>
                     </field>
                  </detail>
               </processObject>
               <processObject xmlns="http://schemas.active-endpoints.com/appmodules/screenflow/2011/06/avosHostEnvironment.xsd"
                              isByCopy="true"
                              name="BookingRetrievalRQ">
                  <description/>
                  <detail>
                     <field name="echoToken" type="string"/>
                     <field name="MinsInPast" type="double"/>
                     <field name="Hotel" type="reference">
                        <options>
                           <option name="referenceTo">Hotel</option>
                           <option name="relationshipName">Child</option>
                        </options>
                     </field>
                     <field name="Booking" type="reference">
                        <options>
                           <option name="referenceTo">Reservation</option>
                           <option name="relationshipName">Child</option>
                        </options>
                     </field>
                  </detail>
               </processObject>
               <processObject xmlns="http://schemas.active-endpoints.com/appmodules/screenflow/2011/06/avosHostEnvironment.xsd"
                              isByCopy="true"
                              name="DateRange">
                  <description/>
                  <detail>
                     <field name="from" type="date"/>
                     <field name="to" type="date"/>
                     <field name="sun" type="boolean"/>
                     <field name="mon" type="boolean"/>
                     <field name="tue" type="boolean"/>
                     <field name="wed" type="boolean"/>
                     <field name="thu" type="boolean"/>
                     <field name="sat" type="boolean"/>
                     <field name="fri" type="boolean"/>
                  </detail>
               </processObject>
               <processObject xmlns="http://schemas.active-endpoints.com/appmodules/screenflow/2011/06/avosHostEnvironment.xsd"
                              isByCopy="true"
                              name="Guest">
                  <description/>
                  <detail>
                     <field name="PrimaryGuest" type="reference">
                        <options>
                           <option name="referenceTo">PrimaryGuest</option>
                           <option name="relationshipName">Child</option>
                        </options>
                     </field>
                  </detail>
               </processObject>
               <processObject xmlns="http://schemas.active-endpoints.com/appmodules/screenflow/2011/06/avosHostEnvironment.xsd"
                              isByCopy="true"
                              name="GuestCount">
                  <description/>
                  <detail>
                     <field name="adult" type="double"/>
                     <field name="child" type="double"/>
                  </detail>
               </processObject>
               <processObject xmlns="http://schemas.active-endpoints.com/appmodules/screenflow/2011/06/avosHostEnvironment.xsd"
                              isByCopy="true"
                              name="Hotel">
                  <description/>
                  <detail>
                     <field name="id" type="double"/>
                  </detail>
               </processObject>
               <processObject xmlns="http://schemas.active-endpoints.com/appmodules/screenflow/2011/06/avosHostEnvironment.xsd"
                              isByCopy="true"
                              name="Inventory">
                  <description/>
                  <detail>
                     <field name="totalInventoryAvailable" type="double"/>
                  </detail>
               </processObject>
               <processObject xmlns="http://schemas.active-endpoints.com/appmodules/screenflow/2011/06/avosHostEnvironment.xsd"
                              isByCopy="true"
                              name="PaymentCard">
                  <description/>
                  <detail>
                     <field name="cardHolderName" type="string"/>
                     <field name="cardNumber" type="string"/>
                     <field name="cardCode" type="string"/>
                     <field name="seriesCode" type="string"/>
                     <field name="expireDate" type="string"/>
                  </detail>
               </processObject>
               <processObject xmlns="http://schemas.active-endpoints.com/appmodules/screenflow/2011/06/avosHostEnvironment.xsd"
                              isByCopy="true"
                              name="PerDayRate">
                  <description/>
                  <detail>
                     <field name="stayDate" type="date"/>
                     <field name="baseRate" type="double"/>
                  </detail>
               </processObject>
               <processObject xmlns="http://schemas.active-endpoints.com/appmodules/screenflow/2011/06/avosHostEnvironment.xsd"
                              isByCopy="true"
                              name="PerDayRates">
                  <description/>
                  <detail>
                     <field name="currency" type="string"/>
                     <field name="PerDayRate" type="objectlist">
                        <options>
                           <option name="referenceTo">PerDayRate</option>
                           <option name="relationshipName">Child</option>
                        </options>
                     </field>
                  </detail>
               </processObject>
               <processObject xmlns="http://schemas.active-endpoints.com/appmodules/screenflow/2011/06/avosHostEnvironment.xsd"
                              isByCopy="true"
                              name="PrimaryGuest">
                  <description/>
                  <detail>
                     <field name="givenName" type="string"/>
                     <field name="middleName" type="string"/>
                     <field name="lastName" type="string"/>
                  </detail>
               </processObject>
               <processObject xmlns="http://schemas.active-endpoints.com/appmodules/screenflow/2011/06/avosHostEnvironment.xsd"
                              isByCopy="true"
                              name="Rate">
                  <description/>
                  <detail>
                     <field name="currency" type="string"/>
                     <field name="perDay" type="double"/>
                     <field name="extraPerson" type="double"/>
                  </detail>
               </processObject>
               <processObject xmlns="http://schemas.active-endpoints.com/appmodules/screenflow/2011/06/avosHostEnvironment.xsd"
                              isByCopy="true"
                              name="RatePlan">
                  <description/>
                  <detail>
                     <field name="id" type="string"/>
                     <field name="Rate" type="reference">
                        <options>
                           <option name="referenceTo">Rate</option>
                           <option name="relationshipName">Child</option>
                        </options>
                     </field>
                     <field name="Restrictions" type="reference">
                        <options>
                           <option name="referenceTo">Restrictions</option>
                           <option name="relationshipName">Child</option>
                        </options>
                     </field>
                  </detail>
               </processObject>
               <processObject xmlns="http://schemas.active-endpoints.com/appmodules/screenflow/2011/06/avosHostEnvironment.xsd"
                              isByCopy="true"
                              name="Reservation">
                  <description/>
                  <detail>
                     <field name="id" type="string"/>
                  </detail>
               </processObject>
               <processObject xmlns="http://schemas.active-endpoints.com/appmodules/screenflow/2011/06/avosHostEnvironment.xsd"
                              isByCopy="true"
                              name="Restrictions">
                  <description/>
                  <detail>
                     <field name="minLOS" type="double"/>
                     <field name="maxLOS" type="double"/>
                     <field name="closedToArrival" type="boolean"/>
                     <field name="closedToDeparture" type="boolean"/>
                     <field name="maxDaysToArrival" type="double"/>
                  </detail>
               </processObject>
               <processObject xmlns="http://schemas.active-endpoints.com/appmodules/screenflow/2011/06/avosHostEnvironment.xsd"
                              isByCopy="true"
                              name="RetrieveBookingsRS">
                  <description/>
                  <detail>
                     <field name="version" type="string"/>
                     <field name="timeStamp" type="datetime"/>
                     <field name="echoToken" type="string"/>
                     <field name="Booking" type="objectlist">
                        <options>
                           <option name="referenceTo">Booking</option>
                           <option name="relationshipName">Child</option>
                        </options>
                     </field>
                  </detail>
               </processObject>
               <processObject xmlns="http://schemas.active-endpoints.com/appmodules/screenflow/2011/06/avosHostEnvironment.xsd"
                              isByCopy="true"
                              name="RoomDetails">
                  <description/>
                  <detail>
                     <field name="bedType" type="string"/>
                     <field name="maxOccupancy" type="double"/>
                     <field name="maxAdults" type="double"/>
                     <field name="maxRoomsPerBooking" type="double"/>
                     <field name="baseOccupancy" type="double"/>
                     <field name="active" type="boolean"/>
                  </detail>
               </processObject>
               <processObject xmlns="http://schemas.active-endpoints.com/appmodules/screenflow/2011/06/avosHostEnvironment.xsd"
                              isByCopy="true"
                              name="RoomStay">
                  <description/>
                  <detail>
                     <field name="roomTypeID" type="string"/>
                     <field name="ratePlanID" type="string"/>
                     <field name="numberOfRooms" type="double"/>
                     <field name="StayDate" type="reference">
                        <options>
                           <option name="referenceTo">StayDate</option>
                           <option name="relationshipName">Child</option>
                        </options>
                     </field>
                     <field name="GuestCount" type="reference">
                        <options>
                           <option name="referenceTo">GuestCount</option>
                           <option name="relationshipName">Child</option>
                        </options>
                     </field>
                     <field name="PerDayRates" type="reference">
                        <options>
                           <option name="referenceTo">PerDayRates</option>
                           <option name="relationshipName">Child</option>
                        </options>
                     </field>
                     <field name="TotalAmount" type="reference">
                        <options>
                           <option name="referenceTo">TotalAmount</option>
                           <option name="relationshipName">Child</option>
                        </options>
                     </field>
                     <field name="PaymentCard" type="reference">
                        <options>
                           <option name="referenceTo">PaymentCard</option>
                           <option name="relationshipName">Child</option>
                        </options>
                     </field>
                  </detail>
               </processObject>
               <processObject xmlns="http://schemas.active-endpoints.com/appmodules/screenflow/2011/06/avosHostEnvironment.xsd"
                              isByCopy="true"
                              name="RoomType">
                  <description/>
                  <detail>
                     <field name="id" type="string"/>
                     <field name="closed" type="boolean"/>
                     <field name="newOrUpdate" type="boolean"/>
                     <field name="Inventory" type="reference">
                        <options>
                           <option name="referenceTo">Inventory</option>
                           <option name="relationshipName">Child</option>
                        </options>
                     </field>
                     <field name="RatePlan" type="reference">
                        <options>
                           <option name="referenceTo">RatePlan</option>
                           <option name="relationshipName">Child</option>
                        </options>
                     </field>
                     <field name="RoomDetails" type="reference">
                        <options>
                           <option name="referenceTo">RoomDetails</option>
                           <option name="relationshipName">Child</option>
                        </options>
                     </field>
                  </detail>
               </processObject>
               <processObject xmlns="http://schemas.active-endpoints.com/appmodules/screenflow/2011/06/avosHostEnvironment.xsd"
                              isByCopy="true"
                              name="StayDate">
                  <description/>
                  <detail>
                     <field name="arrivalDate" type="date"/>
                     <field name="departureDate" type="date"/>
                  </detail>
               </processObject>
               <processObject xmlns="http://schemas.active-endpoints.com/appmodules/screenflow/2011/06/avosHostEnvironment.xsd"
                              isByCopy="true"
                              name="Success">
                  <description/>
                  <detail/>
               </processObject>
               <processObject xmlns="http://schemas.active-endpoints.com/appmodules/screenflow/2011/06/avosHostEnvironment.xsd"
                              isByCopy="true"
                              name="TotalAmount">
                  <description/>
                  <detail>
                     <field name="amountAfterTaxes" type="double"/>
                     <field name="amountOfTaxes" type="double"/>
                     <field name="currency" type="string"/>
                  </detail>
               </processObject>
               <processObject xmlns="http://schemas.active-endpoints.com/appmodules/screenflow/2011/06/avosHostEnvironment.xsd"
                              isByCopy="true"
                              name="retrieveBooking">
                  <description/>
                  <detail>
                     <field name="BookingRetrievalRQ" type="reference">
                        <options>
                           <option name="referenceTo">BookingRetrievalRQ</option>
                           <option name="relationshipName">Child</option>
                        </options>
                     </field>
                  </detail>
               </processObject>
               <processObject xmlns="http://schemas.active-endpoints.com/appmodules/screenflow/2011/06/avosHostEnvironment.xsd"
                              isByCopy="true"
                              name="retrieveBookingResponse">
                  <description/>
                  <detail>
                     <field name="BookingRetrievalRS" type="reference">
                        <options>
                           <option name="referenceTo">RetrieveBookingsRS</option>
                           <option name="relationshipName">Child</option>
                        </options>
                     </field>
                  </detail>
               </processObject>
               <processObject xmlns="http://schemas.active-endpoints.com/appmodules/screenflow/2011/06/avosHostEnvironment.xsd"
                              isByCopy="true"
                              name="updateInventory">
                  <description/>
                  <detail>
                     <field name="AvailRateUpdateRQ" type="reference">
                        <options>
                           <option name="referenceTo">AvailRateUpdateRQ</option>
                           <option name="relationshipName">Child</option>
                        </options>
                     </field>
                  </detail>
               </processObject>
               <processObject xmlns="http://schemas.active-endpoints.com/appmodules/screenflow/2011/06/avosHostEnvironment.xsd"
                              isByCopy="true"
                              name="updateInventoryResponse">
                  <description/>
                  <detail>
                     <field name="AvailRateUpdateRS" type="reference">
                        <options>
                           <option name="referenceTo">AvailRateUpdateRS</option>
                           <option name="relationshipName">Child</option>
                        </options>
                     </field>
                  </detail>
               </processObject>
            </objects>
         </businessConnector>
      </types1:Entry>
      <types1:GUID>79KFCE4hlf3eqmWrQ3XGKr</types1:GUID>
      <types1:DisplayName>Expedia Hotwire API</types1:DisplayName>
   </types1:Item>
   <types1:CurrentServerDateTime>2019-02-24T07:01:48.002Z</types1:CurrentServerDateTime>
</aetgt:getResponse>
