{
  "name" : "ADP Team Time Cards v2",
  "sourceOrgId" : "9OkOTbSLYwLhD5xZ1H1bqO",
  "sourceOrgName" : "stage2_pod1",
  "exportedObjects" : [ {
    "objectGuid" : "8LiMah1sSgWkgKGwB0ME6i",
    "objectName" : "ADP Team Time Cards v2",
    "objectType" : "AI_SERVICE_CONNECTOR",
    "path" : "/Explore/Shared assets/Service Connectors",
    "metadata" : {
      "modelVersion" : {
        "major" : 1,
        "minor" : 0
      },
      "repoInfo" : {
        "repoHandle" : "0Qqi7EkWoKeERhK-gt-39662-2019-02-27T06:46:43.998Z::svc.xml"
      },
      "objectRefs" : [ ],
      "contextAttributes" : null,
      "additionalInfo" : {
        "description" : "Get a worker's team's timecards.  That is all the time cards for the worker's team members.  The worker is identified by workers/{associateOID}",
        "contentType" : "application/json; charset=utf-8",
        "documentState" : "VALID"
      }
    }
  }, {
    "objectGuid" : "3PTT3yMuhqweagEWp416Qh",
    "objectName" : "Service Connectors",
    "objectType" : "Folder",
    "path" : "/Explore/Shared assets",
    "metadata" : {
      "modelVersion" : {
        "major" : 0,
        "minor" : 0
      },
      "repoInfo" : null,
      "objectRefs" : [ ],
      "contextAttributes" : [ ],
      "additionalInfo" : {
        "description" : "",
        "contentType" : "Binary",
        "documentState" : "COMPLETE"
      }
    }
  }, {
    "objectGuid" : "hKepakfC2q4hzm9jxu0g0h",
    "objectName" : "Shared assets",
    "objectType" : "Project",
    "path" : "/Explore",
    "metadata" : {
      "modelVersion" : {
        "major" : 0,
        "minor" : 0
      },
      "repoInfo" : null,
      "objectRefs" : [ ],
      "contextAttributes" : [ ],
      "additionalInfo" : {
        "description" : "",
        "contentType" : "Binary",
        "documentState" : "COMPLETE"
      }
    }
  } ]
}