<aetgt:getResponse xmlns:aetgt="http://schemas.active-endpoints.com/appmodules/repository/2010/10/avrepository.xsd"
                   xmlns:types1="http://schemas.active-endpoints.com/appmodules/repository/2010/10/avrepository.xsd">
   <types1:Item>
      <types1:EntryId>lH8n55ErhNzUzeA-gt-25402-2019-02-22T09:15:49.188Z::svc.xml</types1:EntryId>
      <types1:Name>Alfresco_Content_Services_Discover_API_v1</types1:Name>
      <types1:MimeType>application/xml+businesssconnector</types1:MimeType>
      <types1:Description>**Discovery API**

Provides access to information about Alfresco Content Services.</types1:Description>
      <types1:AppliesTo/>
      <types1:Tags/>
      <types1:VersionLabel>1.0</types1:VersionLabel>
      <types1:State>CURRENT</types1:State>
      <types1:ProcessGroup/>
      <types1:CreatedBy>sorabh@na1.dm-us.org</types1:CreatedBy>
      <types1:CreationDate>2019-02-22T09:15:49Z</types1:CreationDate>
      <types1:ModifiedBy/>
      <types1:PublicationStatus>published</types1:PublicationStatus>
      <types1:PublishedBy>sorabh@na1.dm-us.org</types1:PublishedBy>
      <types1:PublicationDate>2019-02-22T09:16:00Z</types1:PublicationDate>
      <types1:PublishedContributionId>project:/rt.connector/Alfresco_Content_Services_Discover_API_v1/Alfresco_Content_Services_Discover_API_v1_svcDef.xml</types1:PublishedContributionId>
      <types1:AutosaveExists>false</types1:AutosaveExists>
      <types1:Entry>
         <businessConnector xmlns="http://schemas.informatica.com/socrates/data-services/2014/05/business-connector-model.xsd"
                            agentOnly="false"
                            debug="false"
                            displayName="Alfresco Content Services Discover API v1"
                            label=""
                            name="Alfresco_Content_Services_Discover_API_v1"
                            uuid="5bea8a28-7d8a-4c50-8c3d-b1b8c8bfaf00">
            <description>**Discovery API**

Provides access to information about Alfresco Content Services.</description>
            <tags/>
            <connectionAttributes xmlns="http://schemas.informatica.com/appmodules/screenflow/2014/04/avosConnectors.xsd">
               <connectionAttribute description="Host Name"
                                    masked="false"
                                    name="hostName"
                                    required="true"
                                    testWith="www.example.com"
                                    type="string"/>
               <connectionAttribute description="User Name"
                                    masked="false"
                                    name="username"
                                    required="true"
                                    testWith=""
                                    type="string"/>
               <connectionAttribute description="Password"
                                    masked="true"
                                    name="password"
                                    required="true"
                                    testWith=""
                                    type="string"/>
            </connectionAttributes>
            <actions>
               <action category="discovery"
                       failOnError="true"
                       forSearch="false"
                       label="DiscoveryGet"
                       maxRedirects="100"
                       name="DiscoveryGet"
                       preemptiveAuth="true"
                       responseEncoding="">
                  <description>getRepositoryInformation. **Note:** this endpoint is available in Alfresco 5.2 and newer versions. Retrieves the capabilities and detailed version information from the repository.</description>
                  <input/>
                  <binding>
                     <restSimpleBinding multiUsing="semicolonSeparated"
                                        url="http://{$hostName}/alfresco/api/discovery"
                                        verb="GET">
                        <authentication>
                           <username>{$username}</username>
                           <password>{$password}</password>
                           <isExpressionInPassword>true</isExpressionInPassword>
                        </authentication>
                        <httpHeaders>
                           <header name="Content-Type">application/json</header>
                           <header name="Accept">application/json</header>
                        </httpHeaders>
                     </restSimpleBinding>
                  </binding>
                  <output>
                     <field description="Successful response"
                            entireResponse="true"
                            name="DiscoveryEntry"
                            type="reference">
                        <options>
                           <option name="referenceTo">DiscoveryEntry</option>
                        </options>
                     </field>
                  </output>
               </action>
            </actions>
            <objects>
               <processObject xmlns="http://schemas.active-endpoints.com/appmodules/screenflow/2011/06/avosHostEnvironment.xsd"
                              isByCopy="true"
                              name="LicenseInfo">
                  <description/>
                  <detail>
                     <field name="entitlements" type="reference">
                        <options>
                           <option name="referenceTo">EntitlementsInfo</option>
                           <option name="relationshipName">Child</option>
                        </options>
                     </field>
                     <field name="mode" type="string"/>
                     <field name="remainingDays" type="int"/>
                     <field name="holder" type="string"/>
                     <field name="issuedAt" type="datetime"/>
                     <field name="expiresAt" type="datetime"/>
                  </detail>
               </processObject>
               <processObject xmlns="http://schemas.active-endpoints.com/appmodules/screenflow/2011/06/avosHostEnvironment.xsd"
                              isByCopy="true"
                              name="VersionInfo">
                  <description/>
                  <detail>
                     <field name="schema" type="int"/>
                     <field name="patch" type="string"/>
                     <field name="hotfix" type="string"/>
                     <field name="minor" type="string"/>
                     <field name="major" type="string"/>
                     <field name="display" type="string"/>
                     <field name="label" type="string"/>
                  </detail>
               </processObject>
               <processObject xmlns="http://schemas.active-endpoints.com/appmodules/screenflow/2011/06/avosHostEnvironment.xsd"
                              isByCopy="true"
                              name="DiscoveryEntry">
                  <description/>
                  <detail>
                     <field name="entry" type="reference">
                        <options>
                           <option name="referenceTo">RepositoryEntry</option>
                           <option name="relationshipName">Child</option>
                        </options>
                     </field>
                  </detail>
               </processObject>
               <processObject xmlns="http://schemas.active-endpoints.com/appmodules/screenflow/2011/06/avosHostEnvironment.xsd"
                              isByCopy="true"
                              name="Error1">
                  <description/>
                  <detail>
                     <field name="errorKey" type="string"/>
                     <field name="briefSummary" type="string"/>
                     <field name="descriptionURL" type="string"/>
                     <field name="logId" type="string"/>
                     <field name="stackTrace" type="string"/>
                     <field name="statusCode" type="int"/>
                  </detail>
               </processObject>
               <processObject xmlns="http://schemas.active-endpoints.com/appmodules/screenflow/2011/06/avosHostEnvironment.xsd"
                              isByCopy="true"
                              name="RepositoryInfo">
                  <description/>
                  <detail>
                     <field name="license" type="reference">
                        <options>
                           <option name="referenceTo">LicenseInfo</option>
                           <option name="relationshipName">Child</option>
                        </options>
                     </field>
                     <field name="edition" type="string"/>
                     <field name="version" type="reference">
                        <options>
                           <option name="referenceTo">VersionInfo</option>
                           <option name="relationshipName">Child</option>
                        </options>
                     </field>
                     <field name="modules" type="objectlist">
                        <options>
                           <option name="referenceTo">ModuleInfo</option>
                           <option name="relationshipName">Child</option>
                        </options>
                     </field>
                     <field name="status" type="reference">
                        <options>
                           <option name="referenceTo">StatusInfo</option>
                           <option name="relationshipName">Child</option>
                        </options>
                     </field>
                  </detail>
               </processObject>
               <processObject xmlns="http://schemas.active-endpoints.com/appmodules/screenflow/2011/06/avosHostEnvironment.xsd"
                              isByCopy="true"
                              name="StatusInfo">
                  <description/>
                  <detail>
                     <field name="isThumbnailGenerationEnabled" type="boolean"/>
                     <field name="isReadOnly" type="boolean"/>
                     <field name="isAuditEnabled" type="boolean"/>
                     <field name="isQuickShareEnabled" type="boolean"/>
                  </detail>
               </processObject>
               <processObject xmlns="http://schemas.active-endpoints.com/appmodules/screenflow/2011/06/avosHostEnvironment.xsd"
                              isByCopy="true"
                              name="ModuleInfo">
                  <description/>
                  <detail>
                     <field name="installState" type="string"/>
                     <field name="versionMin" type="string"/>
                     <field name="versionMax" type="string"/>
                     <field name="installDate" type="datetime"/>
                     <field name="description" type="string"/>
                     <field name="id" type="string"/>
                     <field name="title" type="string"/>
                     <field name="version" type="string"/>
                  </detail>
               </processObject>
               <processObject xmlns="http://schemas.active-endpoints.com/appmodules/screenflow/2011/06/avosHostEnvironment.xsd"
                              isByCopy="true"
                              name="Error">
                  <description/>
                  <detail>
                     <field name="error" type="reference">
                        <options>
                           <option name="referenceTo">Error1</option>
                           <option name="relationshipName">Child</option>
                        </options>
                     </field>
                  </detail>
               </processObject>
               <processObject xmlns="http://schemas.active-endpoints.com/appmodules/screenflow/2011/06/avosHostEnvironment.xsd"
                              isByCopy="true"
                              name="RepositoryEntry">
                  <description/>
                  <detail>
                     <field name="repository" type="reference">
                        <options>
                           <option name="referenceTo">RepositoryInfo</option>
                           <option name="relationshipName">Child</option>
                        </options>
                     </field>
                  </detail>
               </processObject>
               <processObject xmlns="http://schemas.active-endpoints.com/appmodules/screenflow/2011/06/avosHostEnvironment.xsd"
                              isByCopy="true"
                              name="EntitlementsInfo">
                  <description/>
                  <detail>
                     <field name="maxUsers" type="int"/>
                     <field name="maxDocs" type="int"/>
                     <field name="isClusterEnabled" type="boolean"/>
                     <field name="isCryptodocEnabled" type="boolean"/>
                  </detail>
               </processObject>
               <processObject xmlns="http://schemas.active-endpoints.com/appmodules/screenflow/2011/06/avosHostEnvironment.xsd"
                              isByCopy="true"
                              name="string">
                  <description/>
                  <detail>
                     <field name="string" type="string"/>
                  </detail>
               </processObject>
               <processObject xmlns="http://schemas.active-endpoints.com/appmodules/screenflow/2011/06/avosHostEnvironment.xsd"
                              isByCopy="true"
                              name="boolean">
                  <description/>
                  <detail>
                     <field name="boolean" type="boolean"/>
                  </detail>
               </processObject>
               <processObject xmlns="http://schemas.active-endpoints.com/appmodules/screenflow/2011/06/avosHostEnvironment.xsd"
                              isByCopy="true"
                              name="double">
                  <description/>
                  <detail>
                     <field name="double" type="double"/>
                  </detail>
               </processObject>
               <processObject xmlns="http://schemas.active-endpoints.com/appmodules/screenflow/2011/06/avosHostEnvironment.xsd"
                              isByCopy="true"
                              name="integer">
                  <description/>
                  <detail>
                     <field name="integer" type="int"/>
                  </detail>
               </processObject>
            </objects>
         </businessConnector>
      </types1:Entry>
      <types1:GUID>9PbYbJIN5vzg1dNVUyQPU9</types1:GUID>
      <types1:DisplayName>Alfresco Content Services Discover API v1</types1:DisplayName>
   </types1:Item>
   <types1:CurrentServerDateTime>2019-02-22T09:17:21.217Z</types1:CurrentServerDateTime>
</aetgt:getResponse>
