<aetgt:getResponse xmlns:aetgt="http://schemas.active-endpoints.com/appmodules/repository/2010/10/avrepository.xsd"
                   xmlns:types1="http://schemas.active-endpoints.com/appmodules/repository/2010/10/avrepository.xsd">
   <types1:Item>
      <types1:EntryId>bfUSJRS4JtlI20h-gt-4223472-2019-02-22T03:45:56.029Z::svc.xml</types1:EntryId>
      <types1:Name>Oracle_Eloqua_Marketing_Cloud_Service_External_activities_API_v2</types1:Name>
      <types1:MimeType>application/xml+businesssconnector</types1:MimeType>
      <types1:Description>External activities are non-Eloqua (that is, offline) activities performed by your contacts or prospects. These assets can be imported for use in Eloqua campaign reporting.&#xD;
&#xD;
External asset types is the 'umbrella' (top-level) classification for something that your contacts or prospects are performing, for example, a Tradeshow.&#xD;
&#xD;
&lt;a href='https://docs.oracle.com/cloud/latest/marketingcs_gs/OMCAA/index.html#CSHID=ExternalAssets'&gt;Learn more about external assets&lt;/a&gt;.</types1:Description>
      <types1:AppliesTo/>
      <types1:Tags/>
      <types1:VersionLabel>1.0</types1:VersionLabel>
      <types1:State>CURRENT</types1:State>
      <types1:ProcessGroup/>
      <types1:CreatedBy>sorabh@na1.dm-us.org</types1:CreatedBy>
      <types1:CreationDate>2019-02-22T03:45:56Z</types1:CreationDate>
      <types1:ModifiedBy/>
      <types1:PublicationStatus>published</types1:PublicationStatus>
      <types1:PublishedBy>sorabh@na1.dm-us.org</types1:PublishedBy>
      <types1:PublicationDate>2019-02-22T03:46:22Z</types1:PublicationDate>
      <types1:PublishedContributionId>project:/rt.connector/Oracle_Eloqua_Marketing_Cloud_Service_External_activities_API_v2/Oracle_Eloqua_Marketing_Cloud_Service_External_activities_API_v2_svcDef.xml</types1:PublishedContributionId>
      <types1:AutosaveExists>false</types1:AutosaveExists>
      <types1:Entry>
         <businessConnector xmlns="http://schemas.informatica.com/socrates/data-services/2014/05/business-connector-model.xsd"
                            agentOnly="false"
                            debug="false"
                            displayName="Oracle Eloqua Marketing Cloud Service External activities API v2"
                            label=""
                            name="Oracle_Eloqua_Marketing_Cloud_Service_External_activities_API_v2"
                            uuid="0579a1ed-8fd3-4400-95be-4c64aff63f52">
            <description>External activities are non-Eloqua (that is, offline) activities performed by your contacts or prospects. These assets can be imported for use in Eloqua campaign reporting.&#xD;
&#xD;
External asset types is the 'umbrella' (top-level) classification for something that your contacts or prospects are performing, for example, a Tradeshow.&#xD;
&#xD;
&lt;a href='https://docs.oracle.com/cloud/latest/marketingcs_gs/OMCAA/index.html#CSHID=ExternalAssets'&gt;Learn more about external assets&lt;/a&gt;.</description>
            <tags/>
            <connectionAttributes xmlns="http://schemas.informatica.com/appmodules/screenflow/2014/04/avosConnectors.xsd">
               <connectionAttribute description="Host Name"
                                    masked="false"
                                    name="hostName"
                                    required="true"
                                    testWith="apicatalog.oraclecloud.com"
                                    type="string"/>
            </connectionAttributes>
            <actions>
               <action category=""
                       failOnError="true"
                       forSearch="false"
                       label="ReadIndividualGETRest20"
                       maxRedirects="100"
                       name="ReadIndividualGETRest20"
                       preemptiveAuth="true"
                       responseEncoding="">
                  <description>Retrieve an external activity. Retrieves the external activity data specified by the &lt;code&gt;id&lt;/code&gt; parameter.</description>
                  <input>
                     <parameter description="Id of the external activity to retrieve."
                                label="idPathParam"
                                name="idPathParam"
                                nogen="true"
                                required="true"
                                testWith=""
                                type="int"/>
                  </input>
                  <binding>
                     <restSimpleBinding multiUsing="semicolonSeparated"
                                        url="https://{$hostName}/api/REST/2.0/data/activity/{$idPathParam}"
                                        verb="GET">
                        <httpHeaders>
                           <header name="Content-Type">application/json</header>
                           <header name="Accept">application/json</header>
                        </httpHeaders>
                     </restSimpleBinding>
                  </binding>
                  <output>
                     <field description="OK."
                            entireResponse="true"
                            name="ExternalActivitiesRest20"
                            type="reference">
                        <options>
                           <option name="referenceTo">ExternalActivitiesRest20</option>
                        </options>
                     </field>
                  </output>
               </action>
               <action category=""
                       failOnError="true"
                       forSearch="false"
                       label="CreateIndividualPOSTRest20"
                       maxRedirects="100"
                       name="CreateIndividualPOSTRest20"
                       preemptiveAuth="true"
                       responseEncoding="">
                  <description>Create an external activity. Creates an external activity that matches the criteria specified by the request body.</description>
                  <input>
                     <parameter description="The request body defines the details of the external activity to be created."
                                label="message"
                                name="message"
                                required="true"
                                testWith=""
                                type="reference">
                        <options>
                           <option name="referenceTo">ExternalActivitiesRest20</option>
                        </options>
                     </parameter>
                  </input>
                  <binding>
                     <restSimpleBinding multiUsing="semicolonSeparated"
                                        url="https://{$hostName}/api/REST/2.0/data/activity"
                                        verb="POST">
                        <httpHeaders>
                           <header name="Content-Type">application/json</header>
                           <header name="Accept">application/json</header>
                        </httpHeaders>
                        <body generateUsing="UnwrappedJSON" preserveJsonStringFormatting="false"/>
                     </restSimpleBinding>
                  </binding>
                  <output/>
               </action>
            </actions>
            <objects>
               <processObject xmlns="http://schemas.active-endpoints.com/appmodules/screenflow/2011/06/avosHostEnvironment.xsd"
                              isByCopy="true"
                              name="ExternalActivitiesRest20">
                  <description/>
                  <detail>
                     <field name="updatedBy" type="string"/>
                     <field name="accessedAt" type="string"/>
                     <field name="currentStatus" type="string"/>
                     <field name="contactId" type="int"/>
                     <field name="campaignId" type="int"/>
                     <field name="sourceTemplateId" type="string"/>
                     <field name="description" type="string"/>
                     <field name="fieldValues" type="object"/>
                     <field name="type" type="string"/>
                     <field name="folderId" type="string"/>
                     <field name="assetType" type="string"/>
                     <field name="createdAt" type="string"/>
                     <field name="depth" type="string"/>
                     <field name="activityDate" type="string"/>
                     <field name="createdBy" type="string"/>
                     <field name="permissions" type="objectlist">
                        <options>
                           <option name="referenceTo">string</option>
                           <option name="relationshipName">Child</option>
                        </options>
                     </field>
                     <field name="scheduledFor" type="string"/>
                     <field name="name" type="string"/>
                     <field name="assetName" type="string"/>
                     <field name="id" type="string"/>
                     <field name="activityType" type="string"/>
                     <field name="updatedAt" type="string"/>
                  </detail>
               </processObject>
               <processObject xmlns="http://schemas.active-endpoints.com/appmodules/screenflow/2011/06/avosHostEnvironment.xsd"
                              isByCopy="true"
                              name="string">
                  <description/>
                  <detail>
                     <field name="string" type="string"/>
                  </detail>
               </processObject>
               <processObject xmlns="http://schemas.active-endpoints.com/appmodules/screenflow/2011/06/avosHostEnvironment.xsd"
                              isByCopy="true"
                              name="boolean">
                  <description/>
                  <detail>
                     <field name="boolean" type="boolean"/>
                  </detail>
               </processObject>
               <processObject xmlns="http://schemas.active-endpoints.com/appmodules/screenflow/2011/06/avosHostEnvironment.xsd"
                              isByCopy="true"
                              name="double">
                  <description/>
                  <detail>
                     <field name="double" type="double"/>
                  </detail>
               </processObject>
               <processObject xmlns="http://schemas.active-endpoints.com/appmodules/screenflow/2011/06/avosHostEnvironment.xsd"
                              isByCopy="true"
                              name="integer">
                  <description/>
                  <detail>
                     <field name="integer" type="int"/>
                  </detail>
               </processObject>
            </objects>
         </businessConnector>
      </types1:Entry>
      <types1:GUID>hHAkFoRdH2Dc5ed06xMkeY</types1:GUID>
      <types1:DisplayName>Oracle Eloqua Marketing Cloud Service External activities API v2</types1:DisplayName>
   </types1:Item>
   <types1:CurrentServerDateTime>2019-02-22T04:01:43.828Z</types1:CurrentServerDateTime>
</aetgt:getResponse>
