{"annotations":[],"baseURI":null,"id":"Projects(3uxW53usnfHel0nAirJLYX)","title":null,"associationLinks":[],"navigationLinks":[],"type":"OData.frs.Project","editLink":null,"mediaEditLinks":[],"operations":[],"properties":[{"annotations":[],"valueType":"PRIMITIVE","value":"3uxW53usnfHel0nAirJLYX","type":null,"name":"id","null":false,"geospatial":false,"complex":false,"collection":false,"primitive":true,"enum":false},{"annotations":[],"valueType":"PRIMITIVE","value":"Zendesk","type":null,"name":"name","null":false,"geospatial":false,"complex":false,"collection":false,"primitive":true,"enum":false},{"annotations":[],"valueType":"PRIMITIVE","value":"Zendesk Service Connector with processes demonstrating how to create a Zendesk ticket, how to retrieve an existing Zendesk ticket, and how to delete a Zendesk ticket.\n","type":null,"name":"description","null":false,"geospatial":false,"complex":false,"collection":false,"primitive":true,"enum":false},{"annotations":[],"valueType":"PRIMITIVE","value":"9J77eGxFwTVeWzf4VK3PiK","type":null,"name":"owner","null":false,"geospatial":false,"complex":false,"collection":false,"primitive":true,"enum":false},{"annotations":[],"valueType":"PRIMITIVE","value":"9J77eGxFwTVeWzf4VK3PiK","type":null,"name":"createdBy","null":false,"geospatial":false,"complex":false,"collection":false,"primitive":true,"enum":false},{"annotations":[],"valueType":"PRIMITIVE","value":"9J77eGxFwTVeWzf4VK3PiK","type":null,"name":"lastUpdatedBy","null":false,"geospatial":false,"complex":false,"collection":false,"primitive":true,"enum":false},{"annotations":[],"valueType":"PRIMITIVE","value":"9J77eGxFwTVeWzf4VK3PiK","type":null,"name":"lastAccessedBy","null":false,"geospatial":false,"complex":false,"collection":false,"primitive":true,"enum":false},{"annotations":[],"valueType":"PRIMITIVE","value":"2018-10-10T18:04:21.000Z","type":null,"name":"createdTime","null":false,"geospatial":false,"complex":false,"collection":false,"primitive":true,"enum":false},{"annotations":[],"valueType":"PRIMITIVE","value":"2018-10-10T19:24:19.000Z","type":null,"name":"lastUpdatedTime","null":false,"geospatial":false,"complex":false,"collection":false,"primitive":true,"enum":false},{"annotations":[],"valueType":"PRIMITIVE","value":"2018-10-10T19:24:19.000Z","type":null,"name":"lastAccessedTime","null":false,"geospatial":false,"complex":false,"collection":false,"primitive":true,"enum":false},{"annotations":[],"valueType":"PRIMITIVE","value":"2038-01-18T00:00:00.000Z","type":null,"name":"expiresBy","null":false,"geospatial":false,"complex":false,"collection":false,"primitive":true,"enum":false},{"annotations":[],"valueType":"PRIMITIVE","value":"Project","type":null,"name":"documentType","null":false,"geospatial":false,"complex":false,"collection":false,"primitive":true,"enum":false},{"annotations":[],"valueType":"PRIMITIVE","value":"Binary","type":null,"name":"contentType","null":false,"geospatial":false,"complex":false,"collection":false,"primitive":true,"enum":false},{"annotations":[],"valueType":"PRIMITIVE","value":"COMPLETE","type":null,"name":"documentState","null":false,"geospatial":false,"complex":false,"collection":false,"primitive":true,"enum":false},{"annotations":[],"valueType":"PRIMITIVE","value":"org","type":null,"name":"aclRule","null":false,"geospatial":false,"complex":false,"collection":false,"primitive":true,"enum":false},{"annotations":[],"valueType":"PRIMITIVE","value":0,"type":null,"name":"subcontainerCount","null":false,"geospatial":false,"complex":false,"collection":false,"primitive":true,"enum":false},{"annotations":[],"valueType":"COMPLEX","value":null,"type":null,"name":"customAttributes","null":true,"geospatial":false,"complex":true,"collection":false,"primitive":false,"enum":false},{"annotations":[],"valueType":"COMPLEX","value":null,"type":null,"name":"repoInfo","null":true,"geospatial":false,"complex":true,"collection":false,"primitive":false,"enum":false},{"annotations":[],"valueType":"COLLECTION_COMPLEX","value":[{"annotations":[],"baseURI":null,"id":null,"title":null,"associationLinks":[],"navigationLinks":[],"value":[{"annotations":[],"valueType":"PRIMITIVE","value":"7cCn5thwWFLhiZoSosphKL","type":null,"name":"parentId","null":false,"geospatial":false,"complex":false,"collection":false,"primitive":true,"enum":false},{"annotations":[],"valueType":"PRIMITIVE","value":"REG","type":null,"name":"parentName","null":false,"geospatial":false,"complex":false,"collection":false,"primitive":true,"enum":false},{"annotations":[],"valueType":"PRIMITIVE","value":"Space","type":null,"name":"parentType","null":false,"geospatial":false,"complex":false,"collection":false,"primitive":true,"enum":false}],"navigationBindings":[]}],"type":null,"name":"parentInfo","null":false,"geospatial":false,"complex":true,"collection":true,"primitive":false,"enum":false}],"mediaContentSource":null,"mediaContentType":null,"mediaETag":null,"etag":null,"selfLink":null,"mediaEntity":false,"navigationBindings":[]}