<aetgt:getResponse xmlns:aetgt="http://schemas.active-endpoints.com/appmodules/repository/2010/10/avrepository.xsd"
                   xmlns:types1="http://schemas.active-endpoints.com/appmodules/repository/2010/10/avrepository.xsd">
   <types1:Item>
      <types1:EntryId>aaaa-gt-41847-2019-02-28T05:43:30.007Z::svc.xml</types1:EntryId>
      <types1:Name>ADP_ATM_Locator_v1</types1:Name>
      <types1:MimeType>application/xml+businesssconnector</types1:MimeType>
      <types1:Description>The ATM Locator API returns a list of ATM locations within a specific radius.</types1:Description>
      <types1:AppliesTo/>
      <types1:Tags/>
      <types1:VersionLabel>1.0</types1:VersionLabel>
      <types1:State>CURRENT</types1:State>
      <types1:ProcessGroup/>
      <types1:CreatedBy>stage2_pod1</types1:CreatedBy>
      <types1:CreationDate>2019-02-28T05:43:30Z</types1:CreationDate>
      <types1:ModifiedBy/>
      <types1:PublicationStatus>unpublished</types1:PublicationStatus>
      <types1:AutosaveExists>false</types1:AutosaveExists>
      <types1:Entry>
         <businessConnector xmlns="http://schemas.informatica.com/socrates/data-services/2014/05/business-connector-model.xsd"
                            agentOnly="false"
                            debug="false"
                            displayName="ADP ATM Locator v1"
                            label=""
                            name="ADP_ATM_Locator_v1"
                            uuid="88b43ee6-37f0-4317-8e4b-97a7cf8b39e6">
            <description>The ATM Locator API returns a list of ATM locations within a specific radius.</description>
            <tags/>
            <connectionAttributes xmlns="http://schemas.informatica.com/appmodules/screenflow/2014/04/avosConnectors.xsd">
               <connectionAttribute description="Host Name"
                                    masked="false"
                                    name="hostName"
                                    required="true"
                                    testWith="test-api.adp.com"
                                    type="string"/>
            </connectionAttributes>
            <actions>
               <action category="ATM Locations"
                       failOnError="true"
                       forSearch="false"
                       label="PayrollV1AtmLocatorGet"
                       maxRedirects="100"
                       name="PayrollV1AtmLocatorGet"
                       preemptiveAuth="true"
                       responseEncoding="">
                  <description>a8169190-0d80-4444-a98b-6b8f8d1c3435. Return list of locations and properties</description>
                  <input>
                     <parameter description="The role the user is playing during the transaction.  Possible values: employee,manager,practitioner,administrator,supervisor.  The roleCode header will be passed in all calls. When coming from Myself capabilities rolecode=employee. When coming from Team capabilities roleCode=manager. When coming from Practitioner capabilities roleCode=practitioner."
                                label="roleCode"
                                name="roleCode"
                                nogen="true"
                                required="true"
                                testWith=""
                                type="picklist">
                        <options>
                           <option name="values">[{"value":"employee","label":"employee"},{"value":"manager","label":"manager"},{"value":"practitioner","label":"practitioner"},{"value":"administrator","label":"administrator"},{"value":"supervisor","label":"supervisor"}]</option>
                        </options>
                     </parameter>
                     <parameter description="Type of atm. Possible values are atm and reload.  If both are requested then they should be separated by comma. e.g. atm,reload in any order."
                                label="type"
                                name="type"
                                required="true"
                                testWith=""
                                type="string"/>
                     <parameter description="Limit indicates the maximum number of locations to return.  Default 10."
                                label="limit"
                                name="limit"
                                required="true"
                                testWith=""
                                type="int"/>
                     <parameter description="Latitude in the decimal notation with 6 digits of precision. Required if longitude is passed."
                                label="latitude"
                                name="latitude"
                                required="false"
                                testWith=""
                                type="double"/>
                     <parameter description="Used with a method to make it conditional; the method is performed only if the client entity (via the given entity tag, ETag header) does not match the server entity."
                                label="If-None-Match"
                                name="If-None-Match"
                                nogen="true"
                                required="false"
                                testWith=""
                                type="string"/>
                     <parameter description="Longitude in the decimal notation with 6 digits of precision. Required if latitude is passed."
                                label="longitude"
                                name="longitude"
                                required="false"
                                testWith=""
                                type="double"/>
                     <parameter description="Radius from the coordinates. The value is a number with m for miles and km for kilometers. e.g. 10m or 10km.  Should use miles. This is the distance. Required if latitude and longitude are passed."
                                label="rad"
                                name="rad"
                                required="false"
                                testWith=""
                                type="string"/>
                     <parameter description="City Name. city requires country subdivision."
                                label="city"
                                name="city"
                                required="false"
                                testWith=""
                                type="string"/>
                     <parameter description="Country Subdivision.  For US is it the state following the FIPS 5-2.  Currently only US supported. Country subdivision requires city."
                                label="countrysub"
                                name="countrysub"
                                required="false"
                                testWith=""
                                type="string"/>
                     <parameter description="Postal Code. postalCode may be used alone or in conjunction with city / countrySubdivision."
                                label="postal"
                                name="postal"
                                required="false"
                                testWith=""
                                type="string"/>
                  </input>
                  <binding>
                     <restSimpleBinding multiUsing="semicolonSeparated"
                                        url="https://{$hostName}/payroll/v1/atm-locator"
                                        verb="GET">
                        <httpHeaders>
                           <header name="Content-Type">application/json</header>
                           <header name="Accept">application/json</header>
                           <header name="roleCode">{$roleCode}</header>
                           <header name="If-None-Match">{$If-None-Match}</header>
                        </httpHeaders>
                     </restSimpleBinding>
                  </binding>
                  <output>
                     <field description="Return list of locations and properties"
                            entireResponse="true"
                            name="PayrollV1AtmLocatorResponse"
                            type="reference">
                        <options>
                           <option name="referenceTo">PayrollV1AtmLocatorResponse</option>
                        </options>
                     </field>
                  </output>
               </action>
            </actions>
            <objects>
               <processObject xmlns="http://schemas.active-endpoints.com/appmodules/screenflow/2011/06/avosHostEnvironment.xsd"
                              isByCopy="true"
                              name="Code1">
                  <description>Identifier of the property provided by the location</description>
                  <detail/>
               </processObject>
               <processObject xmlns="http://schemas.active-endpoints.com/appmodules/screenflow/2011/06/avosHostEnvironment.xsd"
                              isByCopy="true"
                              name="Email">
                  <description/>
                  <detail>
                     <field name="labelName" type="string"/>
                     <field name="uri" type="string"/>
                  </detail>
               </processObject>
               <processObject xmlns="http://schemas.active-endpoints.com/appmodules/screenflow/2011/06/avosHostEnvironment.xsd"
                              isByCopy="true"
                              name="Address">
                  <description>components of an address</description>
                  <detail>
                     <field name="citySubdivisionName" type="string"/>
                     <field name="lineTwo" type="string"/>
                     <field name="cityName" type="string"/>
                     <field name="lineFive" type="string"/>
                     <field name="countryCode" type="string"/>
                     <field name="postalCode" type="string"/>
                     <field name="lineFour" type="string"/>
                     <field name="lineOne" type="string"/>
                     <field name="lineThree" type="string"/>
                     <field name="countrySubdivision" type="objectlist">
                        <options>
                           <option name="referenceTo">CountrySubdivision</option>
                           <option name="relationshipName">Child</option>
                        </options>
                     </field>
                  </detail>
               </processObject>
               <processObject xmlns="http://schemas.active-endpoints.com/appmodules/screenflow/2011/06/avosHostEnvironment.xsd"
                              isByCopy="true"
                              name="TypeCode">
                  <description/>
                  <detail/>
               </processObject>
               <processObject xmlns="http://schemas.active-endpoints.com/appmodules/screenflow/2011/06/avosHostEnvironment.xsd"
                              isByCopy="true"
                              name="ChannelCode">
                  <description>Identifies the channel in which the associated entity comes</description>
                  <detail/>
               </processObject>
               <processObject xmlns="http://schemas.active-endpoints.com/appmodules/screenflow/2011/06/avosHostEnvironment.xsd"
                              isByCopy="true"
                              name="LocationPropertyCode">
                  <description/>
                  <detail>
                     <field name="code" type="reference">
                        <options>
                           <option name="referenceTo">Code1</option>
                           <option name="relationshipName">Child</option>
                        </options>
                     </field>
                     <field name="colorCode" type="string"/>
                     <field name="labelName" type="string"/>
                  </detail>
               </processObject>
               <processObject xmlns="http://schemas.active-endpoints.com/appmodules/screenflow/2011/06/avosHostEnvironment.xsd"
                              isByCopy="true"
                              name="CountrySubdivision">
                  <description/>
                  <detail>
                     <field name="code" type="string"/>
                     <field name="typeCode" type="reference">
                        <options>
                           <option name="referenceTo">TypeCode</option>
                           <option name="relationshipName">Child</option>
                        </options>
                     </field>
                  </detail>
               </processObject>
               <processObject xmlns="http://schemas.active-endpoints.com/appmodules/screenflow/2011/06/avosHostEnvironment.xsd"
                              isByCopy="true"
                              name="LabelName">
                  <description>The label to be shown on the UI</description>
                  <detail/>
               </processObject>
               <processObject xmlns="http://schemas.active-endpoints.com/appmodules/screenflow/2011/06/avosHostEnvironment.xsd"
                              isByCopy="true"
                              name="Code">
                  <description>Identifier of the type of location</description>
                  <detail/>
               </processObject>
               <processObject xmlns="http://schemas.active-endpoints.com/appmodules/screenflow/2011/06/avosHostEnvironment.xsd"
                              isByCopy="true"
                              name="PayrollV1AtmLocatorResponse">
                  <description/>
                  <detail>
                     <field name="atmLocator" type="objectlist">
                        <options>
                           <option name="referenceTo">AtmLocator</option>
                           <option name="relationshipName">Child</option>
                        </options>
                     </field>
                  </detail>
               </processObject>
               <processObject xmlns="http://schemas.active-endpoints.com/appmodules/screenflow/2011/06/avosHostEnvironment.xsd"
                              isByCopy="true"
                              name="AtmLocator">
                  <description/>
                  <detail>
                     <field name="locationType" type="reference">
                        <options>
                           <option name="referenceTo">LocationType</option>
                           <option name="relationshipName">Child</option>
                        </options>
                     </field>
                     <field name="locations" type="objectlist">
                        <options>
                           <option name="referenceTo">Location</option>
                           <option name="relationshipName">Child</option>
                        </options>
                     </field>
                  </detail>
               </processObject>
               <processObject xmlns="http://schemas.active-endpoints.com/appmodules/screenflow/2011/06/avosHostEnvironment.xsd"
                              isByCopy="true"
                              name="UnitCode">
                  <description>unit which the range is communicated in</description>
                  <detail/>
               </processObject>
               <processObject xmlns="http://schemas.active-endpoints.com/appmodules/screenflow/2011/06/avosHostEnvironment.xsd"
                              isByCopy="true"
                              name="Coordinate">
                  <description>The coordinates of the location of the device as captured by the gps of the device.  Following the W3C Geolocation API Specification.  Reference: http://dev.w3.org/geo/api/spec-source.html#altitude</description>
                  <detail>
                     <field name="altitudeMeasure" type="double"/>
                     <field name="latitude" type="double"/>
                     <field name="longitude" type="double"/>
                  </detail>
               </processObject>
               <processObject xmlns="http://schemas.active-endpoints.com/appmodules/screenflow/2011/06/avosHostEnvironment.xsd"
                              isByCopy="true"
                              name="Phone">
                  <description>A phone number to be displayed</description>
                  <detail>
                     <field name="extension" type="string"/>
                     <field name="formattedDialNumber" type="string"/>
                     <field name="labelName" type="string"/>
                     <field name="channelCode" type="reference">
                        <options>
                           <option name="referenceTo">ChannelCode</option>
                           <option name="relationshipName">Child</option>
                        </options>
                     </field>
                  </detail>
               </processObject>
               <processObject xmlns="http://schemas.active-endpoints.com/appmodules/screenflow/2011/06/avosHostEnvironment.xsd"
                              isByCopy="true"
                              name="roleCode">
                  <description/>
                  <detail/>
               </processObject>
               <processObject xmlns="http://schemas.active-endpoints.com/appmodules/screenflow/2011/06/avosHostEnvironment.xsd"
                              isByCopy="true"
                              name="Internet">
                  <description>An internet uri.  Examples: twitter, facebook, blog, etc...</description>
                  <detail>
                     <field name="labelName" type="reference">
                        <options>
                           <option name="referenceTo">LabelName</option>
                           <option name="relationshipName">Child</option>
                        </options>
                     </field>
                     <field name="uri" type="string"/>
                  </detail>
               </processObject>
               <processObject xmlns="http://schemas.active-endpoints.com/appmodules/screenflow/2011/06/avosHostEnvironment.xsd"
                              isByCopy="true"
                              name="LocationType">
                  <description>list of properties for the location</description>
                  <detail>
                     <field name="code" type="reference">
                        <options>
                           <option name="referenceTo">Code</option>
                           <option name="relationshipName">Child</option>
                        </options>
                     </field>
                     <field name="colorCode" type="string"/>
                     <field name="labelName" type="string"/>
                  </detail>
               </processObject>
               <processObject xmlns="http://schemas.active-endpoints.com/appmodules/screenflow/2011/06/avosHostEnvironment.xsd"
                              isByCopy="true"
                              name="Distance">
                  <description>the distance in meters from the requested coordinates</description>
                  <detail>
                     <field name="unitCode" type="reference">
                        <options>
                           <option name="referenceTo">UnitCode</option>
                           <option name="relationshipName">Child</option>
                        </options>
                     </field>
                     <field name="unitValue" type="double"/>
                  </detail>
               </processObject>
               <processObject xmlns="http://schemas.active-endpoints.com/appmodules/screenflow/2011/06/avosHostEnvironment.xsd"
                              isByCopy="true"
                              name="Location">
                  <description>name and address of a physical location</description>
                  <detail>
                     <field name="coordinate" type="reference">
                        <options>
                           <option name="referenceTo">Coordinate</option>
                           <option name="relationshipName">Child</option>
                        </options>
                     </field>
                     <field name="address" type="reference">
                        <options>
                           <option name="referenceTo">Address</option>
                           <option name="relationshipName">Child</option>
                        </options>
                     </field>
                     <field name="distance" type="reference">
                        <options>
                           <option name="referenceTo">Distance</option>
                           <option name="relationshipName">Child</option>
                        </options>
                     </field>
                     <field name="phone" type="objectlist">
                        <options>
                           <option name="referenceTo">Phone</option>
                           <option name="relationshipName">Child</option>
                        </options>
                     </field>
                     <field name="locationPropertyCodes" type="objectlist">
                        <options>
                           <option name="referenceTo">LocationPropertyCode</option>
                           <option name="relationshipName">Child</option>
                        </options>
                     </field>
                     <field name="labelName" type="string"/>
                     <field name="email" type="objectlist">
                        <options>
                           <option name="referenceTo">Email</option>
                           <option name="relationshipName">Child</option>
                        </options>
                     </field>
                     <field name="internet" type="objectlist">
                        <options>
                           <option name="referenceTo">Internet</option>
                           <option name="relationshipName">Child</option>
                        </options>
                     </field>
                  </detail>
               </processObject>
               <processObject xmlns="http://schemas.active-endpoints.com/appmodules/screenflow/2011/06/avosHostEnvironment.xsd"
                              isByCopy="true"
                              name="PayrollV1AtmLocator400Error">
                  <description/>
                  <detail>
                     <field name="externalValue" type="string"/>
                  </detail>
               </processObject>
               <processObject xmlns="http://schemas.active-endpoints.com/appmodules/screenflow/2011/06/avosHostEnvironment.xsd"
                              isByCopy="true"
                              name="string">
                  <description/>
                  <detail>
                     <field name="string" type="string"/>
                  </detail>
               </processObject>
               <processObject xmlns="http://schemas.active-endpoints.com/appmodules/screenflow/2011/06/avosHostEnvironment.xsd"
                              isByCopy="true"
                              name="boolean">
                  <description/>
                  <detail>
                     <field name="boolean" type="boolean"/>
                  </detail>
               </processObject>
               <processObject xmlns="http://schemas.active-endpoints.com/appmodules/screenflow/2011/06/avosHostEnvironment.xsd"
                              isByCopy="true"
                              name="double">
                  <description/>
                  <detail>
                     <field name="double" type="double"/>
                  </detail>
               </processObject>
               <processObject xmlns="http://schemas.active-endpoints.com/appmodules/screenflow/2011/06/avosHostEnvironment.xsd"
                              isByCopy="true"
                              name="integer">
                  <description/>
                  <detail>
                     <field name="integer" type="int"/>
                  </detail>
               </processObject>
            </objects>
         </businessConnector>
      </types1:Entry>
      <types1:GUID>gkb3pObz4EOexqCXjJCOkK</types1:GUID>
      <types1:DisplayName>ADP ATM Locator v1</types1:DisplayName>
   </types1:Item>
   <types1:CurrentServerDateTime>2019-02-28T05:47:56.482Z</types1:CurrentServerDateTime>
</aetgt:getResponse>
