<aetgt:getResponse xmlns:aetgt="http://schemas.active-endpoints.com/appmodules/repository/2010/10/avrepository.xsd"
                   xmlns:types1="http://schemas.active-endpoints.com/appmodules/repository/2010/10/avrepository.xsd">
   <types1:Item>
      <types1:EntryId>23C6LlRkPUEbfV3-gt-3053614-2019-01-23T13:30:36.865Z::svc.xml</types1:EntryId>
      <types1:Name>Concur_Expense_Group_Configurations_API_v3</types1:Name>
      <types1:MimeType>application/xml+businesssconnector</types1:MimeType>
      <types1:Description>Expense Group Configurations specify the allowed expense types, policies, payment types, and expense settings allowed for the expense group. This API provides methods to view the expense group details by user or by expense group ID.</types1:Description>
      <types1:AppliesTo/>
      <types1:Tags/>
      <types1:VersionLabel>1.0</types1:VersionLabel>
      <types1:State>CURRENT</types1:State>
      <types1:ProcessGroup/>
      <types1:CreatedBy>sorabh@na1.dm-us.org</types1:CreatedBy>
      <types1:CreationDate>2019-01-23T13:30:37Z</types1:CreationDate>
      <types1:ModifiedBy/>
      <types1:PublicationStatus>published</types1:PublicationStatus>
      <types1:PublishedBy>sorabh@na1.dm-us.org</types1:PublishedBy>
      <types1:PublicationDate>2019-01-23T13:31:24Z</types1:PublicationDate>
      <types1:PublishedContributionId>project:/rt.connector/Concur_Expense_Group_Configurations_API_v3/Concur_Expense_Group_Configurations_API_v3_svcDef.xml</types1:PublishedContributionId>
      <types1:AutosaveExists>false</types1:AutosaveExists>
      <types1:Entry>
         <businessConnector xmlns="http://schemas.informatica.com/socrates/data-services/2014/05/business-connector-model.xsd"
                            agentOnly="false"
                            debug="false"
                            displayName="Concur Expense Group Configurations API v3"
                            label=""
                            name="Concur_Expense_Group_Configurations_API_v3"
                            uuid="f2cd7ad4-b172-4d3a-9921-4d632cad0aec">
            <description>Expense Group Configurations specify the allowed expense types, policies, payment types, and expense settings allowed for the expense group. This API provides methods to view the expense group details by user or by expense group ID.</description>
            <tags/>
            <connectionAttributes xmlns="http://schemas.informatica.com/appmodules/screenflow/2014/04/avosConnectors.xsd">
               <connectionAttribute description="Host Name"
                                    masked="false"
                                    name="hostName"
                                    required="true"
                                    testWith="www.concursolutions.com"
                                    type="string"/>
            </connectionAttributes>
            <actions>
               <action category="Resources"
                       failOnError="true"
                       forSearch="false"
                       label="GET_expense_expensegroupconfigurations_id_"
                       maxRedirects="100"
                       name="GET_expense_expensegroupconfigurations_id_"
                       preemptiveAuth="true"
                       responseEncoding="">
                  <description>Get an expense group configuration by ID. Gets an expense group configuration by ID.</description>
                  <input>
                     <parameter description="The ID of the expense group configuration."
                                label="idPathParam"
                                name="idPathParam"
                                nogen="true"
                                required="true"
                                testWith=""
                                type="string"/>
                     <parameter description="The login ID of the user associated with this expense group configuration. The user must have the Web Services Admin role to use this parameter."
                                label="user"
                                name="user"
                                required="false"
                                testWith=""
                                type="string"/>
                  </input>
                  <binding>
                     <restSimpleBinding multiUsing="semicolonSeparated"
                                        url="https://{$hostName}/api/v3.0/expense/expensegroupconfigurations/{$idPathParam}"
                                        verb="GET">
                        <httpHeaders>
                           <header name="Content-Type">application/json</header>
                           <header name="Accept">application/json</header>
                        </httpHeaders>
                     </restSimpleBinding>
                  </binding>
                  <output>
                     <field description="Success"
                            entireResponse="true"
                            name="ExpenseGroupConfiguration"
                            type="reference">
                        <options>
                           <option name="referenceTo">ExpenseGroupConfiguration</option>
                        </options>
                     </field>
                  </output>
               </action>
               <action category="Resources"
                       failOnError="true"
                       forSearch="false"
                       label="GET_expense_expensegroupconfigurations"
                       maxRedirects="100"
                       name="GET_expense_expensegroupconfigurations"
                       preemptiveAuth="true"
                       responseEncoding="">
                  <description>Get an expense group configuration. Gets the configuration of an expense group.</description>
                  <input>
                     <parameter description="The login ID of the user associated with this expense group configuration. The user must have the Web Services Admin role to use this parameter."
                                label="user"
                                name="user"
                                required="false"
                                testWith=""
                                type="string"/>
                     <parameter description="The starting point of the next set of results, after the limit specified in the limit field has been reached."
                                label="offset"
                                name="offset"
                                required="false"
                                testWith=""
                                type="string"/>
                     <parameter description="The number of records to return Default value: 10"
                                label="limit"
                                name="limit"
                                required="false"
                                testWith=""
                                type="int"/>
                  </input>
                  <binding>
                     <restSimpleBinding multiUsing="semicolonSeparated"
                                        url="https://{$hostName}/api/v3.0/expense/expensegroupconfigurations"
                                        verb="GET">
                        <httpHeaders>
                           <header name="Content-Type">application/json</header>
                           <header name="Accept">application/json</header>
                        </httpHeaders>
                     </restSimpleBinding>
                  </binding>
                  <output>
                     <field description="Success"
                            entireResponse="true"
                            name="ExpenseGroupConfigurationCollection"
                            type="reference">
                        <options>
                           <option name="referenceTo">ExpenseGroupConfigurationCollection</option>
                        </options>
                     </field>
                  </output>
               </action>
            </actions>
            <objects>
               <processObject xmlns="http://schemas.active-endpoints.com/appmodules/screenflow/2011/06/avosHostEnvironment.xsd"
                              isByCopy="true"
                              name="Policy">
                  <description/>
                  <detail>
                     <field name="IsDefault" type="boolean"/>
                     <field name="ExpenseTypes" type="reference">
                        <options>
                           <option name="referenceTo">ExpenseType</option>
                           <option name="relationshipName">Child</option>
                        </options>
                     </field>
                     <field name="ID" type="string"/>
                     <field name="IsInheritable" type="boolean"/>
                     <field name="Name" type="string"/>
                  </detail>
               </processObject>
               <processObject xmlns="http://schemas.active-endpoints.com/appmodules/screenflow/2011/06/avosHostEnvironment.xsd"
                              isByCopy="true"
                              name="AttendeeType">
                  <description/>
                  <detail>
                     <field name="Code" type="string"/>
                     <field name="Name" type="string"/>
                  </detail>
               </processObject>
               <processObject xmlns="http://schemas.active-endpoints.com/appmodules/screenflow/2011/06/avosHostEnvironment.xsd"
                              isByCopy="true"
                              name="CashAdvance">
                  <description/>
                  <detail>
                     <field name="AllowUserCarryBalance" type="boolean"/>
                     <field name="AllowUserUpdateExchangeRate" type="boolean"/>
                     <field name="AllowUserLinkMultiple" type="boolean"/>
                     <field name="WorkflowID" type="string"/>
                     <field name="Name" type="string"/>
                  </detail>
               </processObject>
               <processObject xmlns="http://schemas.active-endpoints.com/appmodules/screenflow/2011/06/avosHostEnvironment.xsd"
                              isByCopy="true"
                              name="ExpenseType">
                  <description/>
                  <detail>
                     <field name="ExpenseCode" type="string"/>
                     <field name="Code" type="string"/>
                     <field name="Name" type="string"/>
                  </detail>
               </processObject>
               <processObject xmlns="http://schemas.active-endpoints.com/appmodules/screenflow/2011/06/avosHostEnvironment.xsd"
                              isByCopy="true"
                              name="ExpenseGroupConfiguration">
                  <description/>
                  <detail>
                     <field name="AllowUserRegisterYodlee" type="boolean"/>
                     <field name="PaymentTypes" type="reference">
                        <options>
                           <option name="referenceTo">PaymentType</option>
                           <option name="relationshipName">Child</option>
                        </options>
                     </field>
                     <field name="AttendeeListFormID" type="string"/>
                     <field name="CashAdvance" type="reference">
                        <options>
                           <option name="referenceTo">CashAdvance</option>
                           <option name="relationshipName">Child</option>
                        </options>
                     </field>
                     <field name="Policies" type="reference">
                        <options>
                           <option name="referenceTo">Policy</option>
                           <option name="relationshipName">Child</option>
                        </options>
                     </field>
                     <field name="AttendeeListFormName" type="string"/>
                     <field name="AllowUserDigitalTaxInvoice" type="boolean"/>
                     <field name="ID" type="string"/>
                     <field name="URI" type="string"/>
                     <field name="AttendeeTypes" type="reference">
                        <options>
                           <option name="referenceTo">AttendeeType</option>
                           <option name="relationshipName">Child</option>
                        </options>
                     </field>
                     <field name="Name" type="string"/>
                  </detail>
               </processObject>
               <processObject xmlns="http://schemas.active-endpoints.com/appmodules/screenflow/2011/06/avosHostEnvironment.xsd"
                              isByCopy="true"
                              name="PaymentType">
                  <description/>
                  <detail>
                     <field name="IsDefault" type="boolean"/>
                     <field name="ID" type="string"/>
                     <field name="Name" type="string"/>
                  </detail>
               </processObject>
               <processObject xmlns="http://schemas.active-endpoints.com/appmodules/screenflow/2011/06/avosHostEnvironment.xsd"
                              isByCopy="true"
                              name="ExpenseGroupConfigurationCollection">
                  <description/>
                  <detail>
                     <field name="Items" type="reference">
                        <options>
                           <option name="referenceTo">ExpenseGroupConfiguration</option>
                           <option name="relationshipName">Child</option>
                        </options>
                     </field>
                     <field name="NextPage" type="string"/>
                  </detail>
               </processObject>
               <processObject xmlns="http://schemas.active-endpoints.com/appmodules/screenflow/2011/06/avosHostEnvironment.xsd"
                              isByCopy="true"
                              name="string">
                  <description/>
                  <detail>
                     <field name="string" type="string"/>
                  </detail>
               </processObject>
               <processObject xmlns="http://schemas.active-endpoints.com/appmodules/screenflow/2011/06/avosHostEnvironment.xsd"
                              isByCopy="true"
                              name="boolean">
                  <description/>
                  <detail>
                     <field name="boolean" type="boolean"/>
                  </detail>
               </processObject>
               <processObject xmlns="http://schemas.active-endpoints.com/appmodules/screenflow/2011/06/avosHostEnvironment.xsd"
                              isByCopy="true"
                              name="double">
                  <description/>
                  <detail>
                     <field name="double" type="double"/>
                  </detail>
               </processObject>
               <processObject xmlns="http://schemas.active-endpoints.com/appmodules/screenflow/2011/06/avosHostEnvironment.xsd"
                              isByCopy="true"
                              name="integer">
                  <description/>
                  <detail>
                     <field name="integer" type="int"/>
                  </detail>
               </processObject>
            </objects>
         </businessConnector>
      </types1:Entry>
      <types1:GUID>3amGKunlXU1bOzLKtZztS7</types1:GUID>
      <types1:DisplayName>Concur Expense Group Configurations API v3</types1:DisplayName>
   </types1:Item>
   <types1:CurrentServerDateTime>2019-02-22T09:42:48.127Z</types1:CurrentServerDateTime>
</aetgt:getResponse>
