<aetgt:getResponse xmlns:aetgt="http://schemas.active-endpoints.com/appmodules/repository/2010/10/avrepository.xsd"
                   xmlns:types1="http://schemas.active-endpoints.com/appmodules/repository/2010/10/avrepository.xsd">
   <types1:Item>
      <types1:EntryId>8m0MUdsnSDg8SOl-gt-5145395-2019-01-31T10:46:52.965Z::svc.xml</types1:EntryId>
      <types1:Name>Oracle_Commerce_Cloud_Service_Admin_Extension_Server_API_v17-4</types1:Name>
      <types1:MimeType>application/xml+businesssconnector</types1:MimeType>
      <types1:Description>Endpoints for operations on Extension Server</types1:Description>
      <types1:AppliesTo/>
      <types1:Tags/>
      <types1:VersionLabel>1.0</types1:VersionLabel>
      <types1:State>CURRENT</types1:State>
      <types1:ProcessGroup/>
      <types1:CreatedBy>sorabh@na1.dm-us.org</types1:CreatedBy>
      <types1:CreationDate>2019-01-31T10:46:53Z</types1:CreationDate>
      <types1:ModifiedBy/>
      <types1:PublicationStatus>published</types1:PublicationStatus>
      <types1:PublishedBy>sorabh@na1.dm-us.org</types1:PublishedBy>
      <types1:PublicationDate>2019-01-31T10:47:03Z</types1:PublicationDate>
      <types1:PublishedContributionId>project:/rt.connector/Oracle_Commerce_Cloud_Service_Admin_Extension_Server_API_v17_4/Oracle_Commerce_Cloud_Service_Admin_Extension_Server_API_v17_4_svcDef.xml</types1:PublishedContributionId>
      <types1:AutosaveExists>false</types1:AutosaveExists>
      <types1:Entry>
         <businessConnector xmlns="http://schemas.informatica.com/socrates/data-services/2014/05/business-connector-model.xsd"
                            agentOnly="false"
                            debug="false"
                            displayName="Oracle Commerce Cloud Service Admin Extension Server API v17-4"
                            label=""
                            name="Oracle_Commerce_Cloud_Service_Admin_Extension_Server_API_v17-4"
                            uuid="9be922e0-ea54-4029-854f-bd0bb8579e9e">
            <description>Endpoints for operations on Extension Server</description>
            <tags/>
            <connectionAttributes xmlns="http://schemas.informatica.com/appmodules/screenflow/2014/04/avosConnectors.xsd">
               <connectionAttribute description="Host Name"
                                    masked="false"
                                    name="hostName"
                                    required="true"
                                    testWith="apicatalog.oraclecloud.com"
                                    type="string"/>
            </connectionAttributes>
            <actions>
               <action category="Admin/Extension Server/Lint Jobs"
                       failOnError="true"
                       forSearch="false"
                       label="lintJobExecutionRequest"
                       maxRedirects="100"
                       name="lintJobExecutionRequest"
                       preemptiveAuth="true"
                       responseEncoding="">
                  <description>lintJobExecutionRequest. Lint Job Execution Request. Executes a lint job for the given extension on the Extensions servers.</description>
                  <input>
                     <parameter label="lintJobExecutionRequest_request"
                                name="lintJobExecutionRequest_request"
                                required="false"
                                testWith=""
                                type="reference">
                        <options>
                           <option name="referenceTo">lintJobExecutionRequest_request</option>
                        </options>
                     </parameter>
                  </input>
                  <binding>
                     <restSimpleBinding multiUsing="semicolonSeparated"
                                        url="https://{$hostName}/ccadminx/v1/lintJobs"
                                        verb="POST">
                        <httpHeaders>
                           <header name="Content-Type">application/json</header>
                           <header name="Accept">application/json</header>
                        </httpHeaders>
                        <body generateUsing="UnwrappedJSON" preserveJsonStringFormatting="false"/>
                     </restSimpleBinding>
                  </binding>
                  <output>
                     <field description="Following model is returned when operation succeeds."
                            entireResponse="true"
                            name="lintJobExecutionRequest_response"
                            type="reference">
                        <options>
                           <option name="referenceTo">lintJobExecutionRequest_response</option>
                        </options>
                     </field>
                  </output>
               </action>
               <action category="Admin/Extension Server/Lint Jobs"
                       failOnError="true"
                       forSearch="false"
                       label="getCompletedLintJobs"
                       maxRedirects="100"
                       name="getCompletedLintJobs"
                       preemptiveAuth="true"
                       responseEncoding="">
                  <description>getCompletedLintJobs. Get Completed Lint Jobs. Returns an array of urls which will each represent a the results resource of completed lint job.</description>
                  <input>
                     <parameter description="The name of the extension that the lint job is to be executed for."
                                label="extensionName"
                                name="extensionName"
                                required="true"
                                testWith=""
                                type="string"/>
                  </input>
                  <binding>
                     <restSimpleBinding multiUsing="semicolonSeparated"
                                        url="https://{$hostName}/ccadminx/v1/lintJobs"
                                        verb="GET">
                        <httpHeaders>
                           <header name="Accept">application/json</header>
                        </httpHeaders>
                     </restSimpleBinding>
                  </binding>
                  <output>
                     <field description="Following model is returned when operation succeeds."
                            entireResponse="true"
                            name="getCompletedLintJobs_response"
                            type="reference">
                        <options>
                           <option name="referenceTo">getCompletedLintJobs_response</option>
                        </options>
                     </field>
                  </output>
               </action>
               <action category="Admin/Extension Server/Server Commands"
                       failOnError="true"
                       forSearch="false"
                       label="doServerPush"
                       maxRedirects="100"
                       name="doServerPush"
                       preemptiveAuth="true"
                       responseEncoding="">
                  <description>doServerPush. Do Server Push. Pushes Commerce server configuration to the extension server</description>
                  <input>
                     <parameter label="doServerPush_request"
                                name="doServerPush_request"
                                required="false"
                                testWith=""
                                type="reference">
                        <options>
                           <option name="referenceTo">doServerPush_request</option>
                        </options>
                     </parameter>
                  </input>
                  <binding>
                     <restSimpleBinding multiUsing="semicolonSeparated"
                                        url="https://{$hostName}/ccadminx/v1/servers/push"
                                        verb="POST">
                        <httpHeaders>
                           <header name="Content-Type">application/json</header>
                           <header name="Accept">application/json</header>
                        </httpHeaders>
                        <body generateUsing="UnwrappedJSON" preserveJsonStringFormatting="false"/>
                     </restSimpleBinding>
                  </binding>
                  <output>
                     <field description="Following model is returned when operation succeeds."
                            entireResponse="true"
                            name="doServerPush_response"
                            type="reference">
                        <options>
                           <option name="referenceTo">doServerPush_response</option>
                        </options>
                     </field>
                  </output>
               </action>
               <action category="Admin/Extension Server/Server Commands"
                       failOnError="true"
                       forSearch="false"
                       label="doServerRestart"
                       maxRedirects="100"
                       name="doServerRestart"
                       preemptiveAuth="true"
                       responseEncoding="">
                  <description>doServerRestart. Do Server Restart. Restarts the workers that belong to the extension server matched with this Oracle Commerce server.</description>
                  <input>
                     <parameter label="doServerRestart_request"
                                name="doServerRestart_request"
                                required="false"
                                testWith=""
                                type="reference">
                        <options>
                           <option name="referenceTo">doServerRestart_request</option>
                        </options>
                     </parameter>
                  </input>
                  <binding>
                     <restSimpleBinding multiUsing="semicolonSeparated"
                                        url="https://{$hostName}/ccadminx/v1/servers/restart"
                                        verb="POST">
                        <httpHeaders>
                           <header name="Accept">application/json</header>
                        </httpHeaders>
                        <body generateUsing="UnwrappedJSON" preserveJsonStringFormatting="false"/>
                     </restSimpleBinding>
                  </binding>
                  <output>
                     <field description="Following model is returned when operation succeeds."
                            entireResponse="true"
                            name="doServerRestart_response"
                            type="reference">
                        <options>
                           <option name="referenceTo">doServerRestart_response</option>
                        </options>
                     </field>
                  </output>
               </action>
               <action category="Admin/Extension Server/Test Jobs"
                       failOnError="true"
                       forSearch="false"
                       label="getTestJobResults"
                       maxRedirects="100"
                       name="getTestJobResults"
                       preemptiveAuth="true"
                       responseEncoding="">
                  <description>getTestJobResults. Get Test Job Results. Returns the status of a given test job from the extension server.</description>
                  <input>
                     <parameter description="The name of the extension that the test job is to be executed for."
                                label="extensionName"
                                name="extensionName"
                                required="true"
                                testWith=""
                                type="string"/>
                     <parameter description="The id of the job to return the results for.  Job Id is the date time the job was created in the format of yyyyMMddHHmm."
                                label="idPathParam"
                                name="idPathParam"
                                nogen="true"
                                required="true"
                                testWith=""
                                type="string"/>
                  </input>
                  <binding>
                     <restSimpleBinding multiUsing="semicolonSeparated"
                                        url="https://{$hostName}/ccadminx/v1/testJobs/{$idPathParam}"
                                        verb="GET">
                        <httpHeaders>
                           <header name="Accept">application/json</header>
                        </httpHeaders>
                     </restSimpleBinding>
                  </binding>
                  <output>
                     <field description="Following model is returned when operation succeeds."
                            entireResponse="true"
                            name="getTestJobResults_response"
                            type="reference">
                        <options>
                           <option name="referenceTo">getTestJobResults_response</option>
                        </options>
                     </field>
                  </output>
               </action>
               <action category="Admin/Extension Server/Test Jobs"
                       failOnError="true"
                       forSearch="false"
                       label="testJobExecutionRequest"
                       maxRedirects="100"
                       name="testJobExecutionRequest"
                       preemptiveAuth="true"
                       responseEncoding="">
                  <description>testJobExecutionRequest. Test Job Execution Request. Executes a test job for the given extension on the Extensions servers.</description>
                  <input>
                     <parameter label="testJobExecutionRequest_request"
                                name="testJobExecutionRequest_request"
                                required="false"
                                testWith=""
                                type="reference">
                        <options>
                           <option name="referenceTo">testJobExecutionRequest_request</option>
                        </options>
                     </parameter>
                  </input>
                  <binding>
                     <restSimpleBinding multiUsing="semicolonSeparated"
                                        url="https://{$hostName}/ccadminx/v1/testJobs"
                                        verb="POST">
                        <httpHeaders>
                           <header name="Content-Type">application/json</header>
                           <header name="Accept">application/json</header>
                        </httpHeaders>
                        <body generateUsing="UnwrappedJSON" preserveJsonStringFormatting="false"/>
                     </restSimpleBinding>
                  </binding>
                  <output>
                     <field description="Following model is returned when operation succeeds."
                            entireResponse="true"
                            name="testJobExecutionRequest_response"
                            type="reference">
                        <options>
                           <option name="referenceTo">testJobExecutionRequest_response</option>
                        </options>
                     </field>
                  </output>
               </action>
               <action category="Admin/Extension Server/Test Jobs"
                       failOnError="true"
                       forSearch="false"
                       label="getCompletedTestJobs"
                       maxRedirects="100"
                       name="getCompletedTestJobs"
                       preemptiveAuth="true"
                       responseEncoding="">
                  <description>getCompletedTestJobs. Get Completed Test Jobs. Returns an array of urls which will each represent a the results resource of completed test job.</description>
                  <input>
                     <parameter description="The name of the extension that the test job is to be executed for."
                                label="extensionName"
                                name="extensionName"
                                required="true"
                                testWith=""
                                type="string"/>
                  </input>
                  <binding>
                     <restSimpleBinding multiUsing="semicolonSeparated"
                                        url="https://{$hostName}/ccadminx/v1/testJobs"
                                        verb="GET">
                        <httpHeaders>
                           <header name="Accept">application/json</header>
                        </httpHeaders>
                     </restSimpleBinding>
                  </binding>
                  <output>
                     <field description="Following model is returned when operation succeeds."
                            entireResponse="true"
                            name="getCompletedTestJobs_response"
                            type="reference">
                        <options>
                           <option name="referenceTo">getCompletedTestJobs_response</option>
                        </options>
                     </field>
                  </output>
               </action>
               <action category="Admin/Extension Server/Lint Status"
                       failOnError="true"
                       forSearch="false"
                       label="getLintStatus"
                       maxRedirects="100"
                       name="getLintStatus"
                       preemptiveAuth="true"
                       responseEncoding="">
                  <description>getLintStatus. Get Lint Status. Returns the status of a given lint job from the extension server.</description>
                  <input>
                     <parameter description="The name of the extension that the lint job was executed against."
                                label="extensionName"
                                name="extensionName"
                                required="true"
                                testWith=""
                                type="string"/>
                     <parameter description="The id of the job to return the status of.  Job Id is the date time the job was created in the format of yyyyMMddHHmm."
                                label="idPathParam"
                                name="idPathParam"
                                nogen="true"
                                required="true"
                                testWith=""
                                type="string"/>
                  </input>
                  <binding>
                     <restSimpleBinding multiUsing="semicolonSeparated"
                                        url="https://{$hostName}/ccadminx/v1/lintStatus/{$idPathParam}"
                                        verb="GET">
                        <httpHeaders>
                           <header name="Accept">application/json</header>
                        </httpHeaders>
                     </restSimpleBinding>
                  </binding>
                  <output>
                     <field description="Following model is returned when operation succeeds."
                            entireResponse="true"
                            name="getLintStatus_response"
                            type="reference">
                        <options>
                           <option name="referenceTo">getLintStatus_response</option>
                        </options>
                     </field>
                  </output>
               </action>
               <action category="Admin/Extension Server/Test Status"
                       failOnError="true"
                       forSearch="false"
                       label="getTestStatus"
                       maxRedirects="100"
                       name="getTestStatus"
                       preemptiveAuth="true"
                       responseEncoding="">
                  <description>getTestStatus. Get Test Status. Returns the status of a given test job from the extension server.</description>
                  <input>
                     <parameter description="The name of the extension that the test job was executed against."
                                label="extensionName"
                                name="extensionName"
                                required="true"
                                testWith=""
                                type="string"/>
                     <parameter description="The id of the job to return the status of.  Job Id is the date time the job was created in the format of yyyyMMddHHmm."
                                label="idPathParam"
                                name="idPathParam"
                                nogen="true"
                                required="true"
                                testWith=""
                                type="string"/>
                  </input>
                  <binding>
                     <restSimpleBinding multiUsing="semicolonSeparated"
                                        url="https://{$hostName}/ccadminx/v1/testStatus/{$idPathParam}"
                                        verb="GET">
                        <httpHeaders>
                           <header name="Accept">application/json</header>
                        </httpHeaders>
                     </restSimpleBinding>
                  </binding>
                  <output>
                     <field description="Following model is returned when operation succeeds."
                            entireResponse="true"
                            name="getTestStatus_response"
                            type="reference">
                        <options>
                           <option name="referenceTo">getTestStatus_response</option>
                        </options>
                     </field>
                  </output>
               </action>
               <action category="Admin/Extension Server/Lint Jobs"
                       failOnError="true"
                       forSearch="false"
                       label="getLintJobResults"
                       maxRedirects="100"
                       name="getLintJobResults"
                       preemptiveAuth="true"
                       responseEncoding="">
                  <description>getLintJobResults. Get Lint Job Results. Returns the status of a given lint job from the extension server.</description>
                  <input>
                     <parameter description="The name of the extension that the lint job is to be executed for."
                                label="extensionName"
                                name="extensionName"
                                required="true"
                                testWith=""
                                type="string"/>
                     <parameter description="The id of the job to return the results for.  Job Id is the date time the job was created in the format of yyyyMMddHHmm."
                                label="idPathParam"
                                name="idPathParam"
                                nogen="true"
                                required="true"
                                testWith=""
                                type="string"/>
                  </input>
                  <binding>
                     <restSimpleBinding multiUsing="semicolonSeparated"
                                        url="https://{$hostName}/ccadminx/v1/lintJobs/{$idPathParam}"
                                        verb="GET">
                        <httpHeaders>
                           <header name="Accept">application/json</header>
                        </httpHeaders>
                     </restSimpleBinding>
                  </binding>
                  <output>
                     <field description="Following model is returned when operation succeeds."
                            entireResponse="true"
                            name="getLintJobResults_response"
                            type="reference">
                        <options>
                           <option name="referenceTo">getLintJobResults_response</option>
                        </options>
                     </field>
                  </output>
               </action>
            </actions>
            <objects>
               <processObject xmlns="http://schemas.active-endpoints.com/appmodules/screenflow/2011/06/avosHostEnvironment.xsd"
                              isByCopy="true"
                              name="lintJobExecutionRequest_response">
                  <description/>
                  <detail/>
               </processObject>
               <processObject xmlns="http://schemas.active-endpoints.com/appmodules/screenflow/2011/06/avosHostEnvironment.xsd"
                              isByCopy="true"
                              name="doServerPush_response">
                  <description/>
                  <detail/>
               </processObject>
               <processObject xmlns="http://schemas.active-endpoints.com/appmodules/screenflow/2011/06/avosHostEnvironment.xsd"
                              isByCopy="true"
                              name="getTestStatus_response">
                  <description/>
                  <detail>
                     <field name="completedPercentage" type="int"/>
                     <field name="intervalToPoll" type="int"/>
                     <field name="progress" type="string"/>
                     <field name="startTime" type="string"/>
                     <field name="links" type="object"/>
                     <field name="completed" type="boolean"/>
                     <field name="endTime" type="string"/>
                     <field name="message" type="string"/>
                     <field name="requestStatus" type="int"/>
                  </detail>
               </processObject>
               <processObject xmlns="http://schemas.active-endpoints.com/appmodules/screenflow/2011/06/avosHostEnvironment.xsd"
                              isByCopy="true"
                              name="errorModel">
                  <description/>
                  <detail>
                     <field name="message" type="string"/>
                     <field name="status" type="string"/>
                  </detail>
               </processObject>
               <processObject xmlns="http://schemas.active-endpoints.com/appmodules/screenflow/2011/06/avosHostEnvironment.xsd"
                              isByCopy="true"
                              name="doServerRestart_response">
                  <description/>
                  <detail/>
               </processObject>
               <processObject xmlns="http://schemas.active-endpoints.com/appmodules/screenflow/2011/06/avosHostEnvironment.xsd"
                              isByCopy="true"
                              name="lintJobExecutionRequest_request">
                  <description/>
                  <detail/>
               </processObject>
               <processObject xmlns="http://schemas.active-endpoints.com/appmodules/screenflow/2011/06/avosHostEnvironment.xsd"
                              isByCopy="true"
                              name="doServerPush_request">
                  <description/>
                  <detail/>
               </processObject>
               <processObject xmlns="http://schemas.active-endpoints.com/appmodules/screenflow/2011/06/avosHostEnvironment.xsd"
                              isByCopy="true"
                              name="doServerRestart_request">
                  <description/>
                  <detail/>
               </processObject>
               <processObject xmlns="http://schemas.active-endpoints.com/appmodules/screenflow/2011/06/avosHostEnvironment.xsd"
                              isByCopy="true"
                              name="getTestJobResults_response">
                  <description/>
                  <detail>
                     <field name="testResults" type="object"/>
                     <field name="extensionName" type="string"/>
                     <field name="jobId" type="string"/>
                     <field name="status" type="string"/>
                  </detail>
               </processObject>
               <processObject xmlns="http://schemas.active-endpoints.com/appmodules/screenflow/2011/06/avosHostEnvironment.xsd"
                              isByCopy="true"
                              name="testJobExecutionRequest_response">
                  <description/>
                  <detail/>
               </processObject>
               <processObject xmlns="http://schemas.active-endpoints.com/appmodules/screenflow/2011/06/avosHostEnvironment.xsd"
                              isByCopy="true"
                              name="getLintStatus_response">
                  <description/>
                  <detail>
                     <field name="completedPercentage" type="int"/>
                     <field name="intervalToPoll" type="int"/>
                     <field name="progress" type="string"/>
                     <field name="startTime" type="string"/>
                     <field name="links" type="object"/>
                     <field name="completed" type="boolean"/>
                     <field name="endTime" type="string"/>
                     <field name="message" type="string"/>
                     <field name="requestStatus" type="int"/>
                  </detail>
               </processObject>
               <processObject xmlns="http://schemas.active-endpoints.com/appmodules/screenflow/2011/06/avosHostEnvironment.xsd"
                              isByCopy="true"
                              name="getCompletedTestJobs_response">
                  <description/>
                  <detail>
                     <field name="array" type="string"/>
                  </detail>
               </processObject>
               <processObject xmlns="http://schemas.active-endpoints.com/appmodules/screenflow/2011/06/avosHostEnvironment.xsd"
                              isByCopy="true"
                              name="getCompletedLintJobs_response">
                  <description/>
                  <detail>
                     <field name="array" type="string"/>
                  </detail>
               </processObject>
               <processObject xmlns="http://schemas.active-endpoints.com/appmodules/screenflow/2011/06/avosHostEnvironment.xsd"
                              isByCopy="true"
                              name="getLintJobResults_response">
                  <description/>
                  <detail>
                     <field name="extensionName" type="string"/>
                     <field name="jobId" type="string"/>
                     <field name="jsHintResults" type="object"/>
                     <field name="status" type="string"/>
                  </detail>
               </processObject>
               <processObject xmlns="http://schemas.active-endpoints.com/appmodules/screenflow/2011/06/avosHostEnvironment.xsd"
                              isByCopy="true"
                              name="testJobExecutionRequest_request">
                  <description/>
                  <detail/>
               </processObject>
               <processObject xmlns="http://schemas.active-endpoints.com/appmodules/screenflow/2011/06/avosHostEnvironment.xsd"
                              isByCopy="true"
                              name="string">
                  <description/>
                  <detail>
                     <field name="string" type="string"/>
                  </detail>
               </processObject>
               <processObject xmlns="http://schemas.active-endpoints.com/appmodules/screenflow/2011/06/avosHostEnvironment.xsd"
                              isByCopy="true"
                              name="boolean">
                  <description/>
                  <detail>
                     <field name="boolean" type="boolean"/>
                  </detail>
               </processObject>
               <processObject xmlns="http://schemas.active-endpoints.com/appmodules/screenflow/2011/06/avosHostEnvironment.xsd"
                              isByCopy="true"
                              name="double">
                  <description/>
                  <detail>
                     <field name="double" type="double"/>
                  </detail>
               </processObject>
               <processObject xmlns="http://schemas.active-endpoints.com/appmodules/screenflow/2011/06/avosHostEnvironment.xsd"
                              isByCopy="true"
                              name="integer">
                  <description/>
                  <detail>
                     <field name="integer" type="int"/>
                  </detail>
               </processObject>
            </objects>
         </businessConnector>
      </types1:Entry>
      <types1:GUID>fj5dcw134yIbW2zpxkcYmW</types1:GUID>
      <types1:DisplayName>Oracle Commerce Cloud Service Admin Extension Server API v17-4</types1:DisplayName>
   </types1:Item>
   <types1:CurrentServerDateTime>2019-02-25T10:08:13.177Z</types1:CurrentServerDateTime>
</aetgt:getResponse>
