{
   "exportedObjects": [
      {
         "objectGuid": "almpU5d486xjg3tXw87BET",
         "objectName": "Shared assets",
         "objectType": "Project",
         "path": "/Explore",
         "metadata": {
            "additionalInfo": {
               "contentType": "Binary",
               "description": "This Project contains shared assets",
               "documentState": "COMPLETE"
            },
            "contextAttributes": [],
            "modelVersion": {
               "major": 0,
               "minor": 0
            },
            "objectRefs": [],
            "repoInfo": null
         }
      },
      {
         "objectGuid": "00m3cKr9AGOjGY55vZSASH",
         "objectName": "Service Connectors",
         "objectType": "Folder",
         "path": "/Explore/Shared assets",
         "metadata": {
            "additionalInfo": {
               "contentType": "Binary",
               "description": "",
               "documentState": "COMPLETE"
            },
            "contextAttributes": [],
            "modelVersion": {
               "major": 0,
               "minor": 0
            },
            "objectRefs": [],
            "repoInfo": null
         }
      },
      {
         "objectGuid": "eTl6p4OLT0XgZGNjHBexaK",
         "objectName": "Oracle Cloud Infrastructure Compute OrchestrationObjects API v18-1-2",
         "objectType": "AI_SERVICE_CONNECTOR",
         "path": "/Explore/Shared assets/Service Connectors",
         "metadata": {
            "additionalInfo": {
               "contentType": "application/json; charset=utf-8",
               "description": "An orchestration object is an object in Compute Classic which is managed by orchestration v2. It is the primary building block of an orchestration. Each object contains all the attributes for the compute, networking, or storage resource that you want to create. When you define an object in an orchestration, you can create dependencies with other objects by using references. See \u003ca target=\"_blank\" href=\"http://www.oracle.com/pls/topic/lookup?ctx=stcomputecs\u0026id=STCSG-GUID-B3732A3E-2E16-4643-9C28-648F3BB09FE9\"\u003eObject References and Relationships\u003c/a\u003e in \u003ci\u003eUsing Oracle Cloud Infrastructure Compute Classic\u003c/i\u003e.\u003cp\u003eOrchestrations are designed to handle up to 100 interdependent objects. Creating objects using other APIs may compromise your orchestration.\u003cp\u003eNote: You should always use your orchestrations to manage resources that you've reated using orchestrations. For example, use the OrchestrationObject API to add a security list to a running instance or to create a storage snapshot of an attached storage volume instead of using the SecLists or StorageSnapshots APIs respectively. Don't, for example, use the web console or the REST API to delete an object that you created using an orchestration. This could cause your orchestration to either attempt to re-create the object and associated resources, or to go into an error state.\u003cp\u003eAlso remember that you shouldn't try to use or manage resources created using orchestrations v1 by referencing them in orchestrations v2, or vice versa.\u003cp\u003eYou can add objects to, remove objects from, or update objects in an orchestration by using the HTTP requests listed below.",
               "documentState": "VALID"
            },
            "contextAttributes": null,
            "modelVersion": {
               "major": 1,
               "minor": 0
            },
            "objectRefs": [],
            "repoInfo": {
               "repoHandle": "fXbeMVX3cjk91pq-gt-35052-2019-02-05T11:08:43.089Z::svc.xml"
            }
         }
      }
   ]
}