<aetgt:getResponse xmlns:aetgt="http://schemas.active-endpoints.com/appmodules/repository/2010/10/avrepository.xsd"
                   xmlns:types1="http://schemas.active-endpoints.com/appmodules/repository/2010/10/avrepository.xsd">
   <types1:Item>
      <types1:EntryId>gpwNXHS45bfTQbd-gt-4086612-2019-01-28T14:19:04.311Z::svc.xml</types1:EntryId>
      <types1:Name>Oracle_Cloud_Infrastructure_Compute_AuditEvents_API_v18-1-2</types1:Name>
      <types1:MimeType>application/xml+businesssconnector</types1:MimeType>
      <types1:Description>(This is the general description for this API, should be added.)</types1:Description>
      <types1:AppliesTo/>
      <types1:Tags/>
      <types1:VersionLabel>1.0</types1:VersionLabel>
      <types1:State>CURRENT</types1:State>
      <types1:ProcessGroup/>
      <types1:CreatedBy>sorabh@na1.dm-us.org</types1:CreatedBy>
      <types1:CreationDate>2019-01-28T14:19:04Z</types1:CreationDate>
      <types1:ModifiedBy>sorabh@na1.dm-us.org</types1:ModifiedBy>
      <types1:ModificationDate>2019-02-25T09:14:02Z</types1:ModificationDate>
      <types1:PublicationStatus>published</types1:PublicationStatus>
      <types1:PublishedBy>sorabh@na1.dm-us.org</types1:PublishedBy>
      <types1:PublicationDate>2019-02-25T09:14:05Z</types1:PublicationDate>
      <types1:PublishedContributionId>project:/rt.connector/Oracle_Cloud_Infrastructure_Compute_AuditEvents_API_v18_1_2/Oracle_Cloud_Infrastructure_Compute_AuditEvents_API_v18_1_2_svcDef.xml</types1:PublishedContributionId>
      <types1:AutosaveExists>false</types1:AutosaveExists>
      <types1:Entry>
         <businessConnector xmlns="http://schemas.informatica.com/socrates/data-services/2014/05/business-connector-model.xsd"
                            agentOnly="false"
                            debug="false"
                            displayName="Oracle Cloud Infrastructure Compute AuditEvents API v18-1-2"
                            label=""
                            name="Oracle_Cloud_Infrastructure_Compute_AuditEvents_API_v18-1-2"
                            uuid="167345f2-cc95-4a9f-9f91-a565ba2c2962">
            <description>(This is the general description for this API, should be added.)</description>
            <tags/>
            <connectionAttributes xmlns="http://schemas.informatica.com/appmodules/screenflow/2014/04/avosConnectors.xsd">
               <connectionAttribute description="Host Name"
                                    masked="false"
                                    name="hostName"
                                    required="true"
                                    testWith="apicatalog.oraclecloud.com"
                                    type="string"/>
            </connectionAttributes>
            <actions>
               <action category="AuditEvents"
                       failOnError="true"
                       forSearch="false"
                       label="getAuditEvent"
                       maxRedirects="100"
                       name="getAuditEvent"
                       preemptiveAuth="true"
                       responseEncoding="">
                  <description>Retrieve Details of an Audit Event. Retrieves details of the specified AuditEvent. &lt;p&gt;&lt;b&gt;Required Role: &lt;/b&gt;To complete this task, you must have the &lt;code&gt;Compute_Operations&lt;/code&gt; role. If this role isn't assigned to you or you're not sure, then ask your system administrator to ensure that the role is assigned to you in Oracle Cloud My Services. See &lt;a target="_blank" href="http://www.oracle.com/pls/topic/lookup?ctx=stcomputecs&amp;id=MMOCS-GUID-54C2E747-7D5B-451C-A39C-77936178EBB6"&gt;Modifying User Roles&lt;/a&gt; in &lt;em&gt;Managing and Monitoring Oracle Cloud&lt;/em&gt;.</description>
                  <input>
                     <parameter description="The three-part name of the object (&lt;code&gt;/Compute-&lt;em&gt;identity_domain&lt;/em&gt;/&lt;em&gt;user&lt;/em&gt;/&lt;em&gt;object&lt;/em&gt;&lt;/code&gt;)."
                                label="namePathParam"
                                name="namePathParam"
                                nogen="true"
                                required="true"
                                testWith=""
                                type="string"/>
                     <parameter description="The Cookie: header must be included with every request to the service. It must be set to the value of the set-cookie header in the response received to the POST /authenticate/ call."
                                label="Cookie"
                                name="Cookie"
                                nogen="true"
                                required="false"
                                testWith=""
                                type="string"/>
                  </input>
                  <binding>
                     <restSimpleBinding multiUsing="semicolonSeparated"
                                        url="http://{$hostName}/auditevent/{$namePathParam}"
                                        verb="GET">
                        <httpHeaders>
                           <header name="Content-Type">application/oracle-compute-v3+json</header>
                           <header name="Accept">application/oracle-compute-v3+json</header>
                           <header name="Cookie">{$Cookie}</header>
                        </httpHeaders>
                     </restSimpleBinding>
                  </binding>
                  <output>
                     <field description="OK. See &lt;a class=&#34;xref&#34; href=&#34;Status%20Codes.html&#34;&gt;Status Codes&lt;/a&gt; for information about other possible HTTP status codes."
                            entireResponse="true"
                            name="AuditEvent_response"
                            type="reference">
                        <options>
                           <option name="referenceTo">AuditEvent_response</option>
                        </options>
                     </field>
                  </output>
               </action>
               <action category="AuditEvents"
                       failOnError="true"
                       forSearch="false"
                       label="listAuditEvent"
                       maxRedirects="100"
                       name="listAuditEvent"
                       preemptiveAuth="true"
                       responseEncoding="">
                  <description>Retrieve Details of all Audit Events in a Container. Retrieves details of the AuditEvents that are available in the specified container. &lt;p&gt;&lt;b&gt;Required Role: &lt;/b&gt;To complete this task, you must have the &lt;code&gt;Compute_Operations&lt;/code&gt; role. If this role isn't assigned to you or you're not sure, then ask your system administrator to ensure that the role is assigned to you in Oracle Cloud My Services. See &lt;a target="_blank" href="http://www.oracle.com/pls/topic/lookup?ctx=stcomputecs&amp;id=MMOCS-GUID-54C2E747-7D5B-451C-A39C-77936178EBB6"&gt;Modifying User Roles&lt;/a&gt; in &lt;em&gt;Managing and Monitoring Oracle Cloud&lt;/em&gt;.</description>
                  <input>
                     <parameter description="&lt;code&gt;/Compute-&lt;em&gt;identity_domain&lt;/em&gt;/&lt;em&gt;user&lt;/em&gt;&lt;/code&gt; or &lt;p&gt;&lt;code&gt;/Compute-&lt;em&gt;identity_domain&lt;/em&gt;&lt;/code&gt;"
                                label="containerPathParam"
                                name="containerPathParam"
                                nogen="true"
                                required="true"
                                testWith=""
                                type="string"/>
                     <parameter description="The Cookie: header must be included with every request to the service. It must be set to the value of the set-cookie header in the response received to the POST /authenticate/ call."
                                label="Cookie"
                                name="Cookie"
                                nogen="true"
                                required="false"
                                testWith=""
                                type="string"/>
                  </input>
                  <binding>
                     <restSimpleBinding multiUsing="semicolonSeparated"
                                        url="http://{$hostName}/auditevent/{$containerPathParam}/"
                                        verb="GET">
                        <httpHeaders>
                           <header name="Content-Type">application/oracle-compute-v3+json</header>
                           <header name="Accept">application/oracle-compute-v3+json</header>
                           <header name="Cookie">{$Cookie}</header>
                        </httpHeaders>
                     </restSimpleBinding>
                  </binding>
                  <output>
                     <field description="OK. See &lt;a class=&#34;xref&#34; href=&#34;Status%20Codes.html&#34;&gt;Status Codes&lt;/a&gt; for information about other possible HTTP status codes."
                            entireResponse="true"
                            name="AuditEvent_list_response"
                            type="reference">
                        <options>
                           <option name="referenceTo">AuditEvent_list_response</option>
                        </options>
                     </field>
                  </output>
               </action>
            </actions>
            <objects>
               <processObject xmlns="http://schemas.active-endpoints.com/appmodules/screenflow/2011/06/avosHostEnvironment.xsd"
                              isByCopy="true"
                              name="HourlyInterval">
                  <description/>
                  <detail/>
               </processObject>
               <processObject xmlns="http://schemas.active-endpoints.com/appmodules/screenflow/2011/06/avosHostEnvironment.xsd"
                              isByCopy="true"
                              name="AuditEvent_response">
                  <description/>
                  <detail>
                     <field name="reason" type="string"/>
                     <field name="node_ip" type="string"/>
                     <field name="target_name" type="string"/>
                     <field name="initiator" type="string"/>
                     <field name="target_type" type="string"/>
                     <field name="verb" type="string"/>
                     <field name="pid" type="int"/>
                     <field name="uri" type="string"/>
                     <field name="version" type="string"/>
                     <field name="tags" type="objectlist">
                        <options>
                           <option name="referenceTo">string</option>
                           <option name="relationshipName">Child</option>
                        </options>
                     </field>
                     <field name="actor" type="string"/>
                     <field name="service" type="string"/>
                     <field name="name" type="string"/>
                     <field name="context_id" type="string"/>
                     <field name="node_uuid" type="string"/>
                     <field name="timestamp" type="string"/>
                  </detail>
               </processObject>
               <processObject xmlns="http://schemas.active-endpoints.com/appmodules/screenflow/2011/06/avosHostEnvironment.xsd"
                              isByCopy="true"
                              name="AuditEvent_list_response">
                  <description/>
                  <detail>
                     <field name="result" type="objectlist">
                        <options>
                           <option name="referenceTo">AuditEvent_response</option>
                           <option name="relationshipName">Child</option>
                        </options>
                     </field>
                  </detail>
               </processObject>
               <processObject xmlns="http://schemas.active-endpoints.com/appmodules/screenflow/2011/06/avosHostEnvironment.xsd"
                              isByCopy="true"
                              name="DailyWeeklyInterval">
                  <description/>
                  <detail/>
               </processObject>
               <processObject xmlns="http://schemas.active-endpoints.com/appmodules/screenflow/2011/06/avosHostEnvironment.xsd"
                              isByCopy="true"
                              name="Interval">
                  <description>There are two kinds of Intervals. Each Interval has its own JSON format. Your Interval field should look like one of the following:&lt;p&gt;&lt;ul&gt;&lt;li&gt;&lt;code&gt;"interval":{"Hourly":{"hourlyInterval":2}}&lt;/code&gt;&lt;/li&gt;&lt;li&gt;&lt;code&gt;{"DailyWeekly":{"daysOfWeek":["MONDAY"],"timeOfDay":"03:15","userTimeZone":"America/Los_Angeles"}}&lt;/code&gt;&lt;/li&gt;&lt;/ul&gt;&lt;p&gt;Days of the week is any day of the week fully capitalized (MONDAY, TUESDAY, etc). The user time zone is any IANA user timezone.  For example user time zones see &lt;a href="https://en.wikipedia.org/wiki/IANA_time_zone_database"&gt;List of IANA time zones&lt;/a&gt;.</description>
                  <detail/>
               </processObject>
               <processObject xmlns="http://schemas.active-endpoints.com/appmodules/screenflow/2011/06/avosHostEnvironment.xsd"
                              isByCopy="true"
                              name="string">
                  <description/>
                  <detail>
                     <field name="string" type="string"/>
                  </detail>
               </processObject>
               <processObject xmlns="http://schemas.active-endpoints.com/appmodules/screenflow/2011/06/avosHostEnvironment.xsd"
                              isByCopy="true"
                              name="boolean">
                  <description/>
                  <detail>
                     <field name="boolean" type="boolean"/>
                  </detail>
               </processObject>
               <processObject xmlns="http://schemas.active-endpoints.com/appmodules/screenflow/2011/06/avosHostEnvironment.xsd"
                              isByCopy="true"
                              name="double">
                  <description/>
                  <detail>
                     <field name="double" type="double"/>
                  </detail>
               </processObject>
               <processObject xmlns="http://schemas.active-endpoints.com/appmodules/screenflow/2011/06/avosHostEnvironment.xsd"
                              isByCopy="true"
                              name="integer">
                  <description/>
                  <detail>
                     <field name="integer" type="int"/>
                  </detail>
               </processObject>
            </objects>
         </businessConnector>
      </types1:Entry>
      <types1:GUID>6IVmHHPVkKVhEvjTGDPQsJ</types1:GUID>
      <types1:DisplayName>Oracle Cloud Infrastructure Compute AuditEvents API v18-1-2</types1:DisplayName>
   </types1:Item>
   <types1:CurrentServerDateTime>2019-02-25T09:24:11.89Z</types1:CurrentServerDateTime>
</aetgt:getResponse>
