<aetgt:getResponse xmlns:aetgt="http://schemas.active-endpoints.com/appmodules/repository/2010/10/avrepository.xsd"
                   xmlns:types1="http://schemas.active-endpoints.com/appmodules/repository/2010/10/avrepository.xsd">
   <types1:Item>
      <types1:EntryId>dqDdvrTdtqSLlBW-gt-1537359-2019-04-23T04:32:34.052Z::svc.xml</types1:EntryId>
      <types1:Name>Google_Cloud_Firestore_API_v1beta2</types1:Name>
      <types1:MimeType>application/xml+businesssconnector</types1:MimeType>
      <types1:Description>Accesses the NoSQL document database built for automatic scaling, high performance, and ease of application development.</types1:Description>
      <types1:AppliesTo/>
      <types1:Tags/>
      <types1:VersionLabel>1.0</types1:VersionLabel>
      <types1:State>CURRENT</types1:State>
      <types1:ProcessGroup/>
      <types1:CreatedBy>sorabh@na1.dm-us.org</types1:CreatedBy>
      <types1:CreationDate>2019-04-23T04:32:34Z</types1:CreationDate>
      <types1:ModifiedBy/>
      <types1:PublicationStatus>published</types1:PublicationStatus>
      <types1:PublishedBy>sorabh@na1.dm-us.org</types1:PublishedBy>
      <types1:PublicationDate>2019-04-23T04:32:40Z</types1:PublicationDate>
      <types1:PublishedContributionId>project:/rt.connector/Google_Cloud_Firestore_API_v1beta2/Google_Cloud_Firestore_API_v1beta2_svcDef.xml</types1:PublishedContributionId>
      <types1:AutosaveExists>false</types1:AutosaveExists>
      <types1:Entry>
         <businessConnector xmlns="http://schemas.informatica.com/socrates/data-services/2014/05/business-connector-model.xsd"
                            agentOnly="false"
                            debug="false"
                            displayName="Google Cloud Firestore API v1beta2"
                            label=""
                            name="Google_Cloud_Firestore_API_v1beta2"
                            uuid="5479af4e-6899-4742-ad79-f8c33589748c">
            <description>Accesses the NoSQL document database built for automatic scaling, high performance, and ease of application development.</description>
            <tags/>
            <connectionAttributes xmlns="http://schemas.informatica.com/appmodules/screenflow/2014/04/avosConnectors.xsd">
               <connectionAttribute description="Host Name"
                                    masked="false"
                                    name="hostName"
                                    required="true"
                                    testWith="firestore.googleapis.com"
                                    type="string"/>
            </connectionAttributes>
            <actions>
               <action category="indexes"
                       failOnError="true"
                       forSearch="false"
                       label="V1beta2IndexesByParentPost"
                       maxRedirects="100"
                       name="V1beta2IndexesByParentPost"
                       preemptiveAuth="true"
                       responseEncoding="">
                  <description>CreateV1beta2IndexesByParent. Creates a composite index. This returns a google.longrunning.Operation which may be used to track the status of the creation. The metadata for the operation will be the type IndexOperationMetadata.</description>
                  <input>
                     <parameter label="body"
                                name="body"
                                required="true"
                                testWith=""
                                type="reference">
                        <options>
                           <option name="referenceTo">GoogleFirestoreAdminV1beta2Index</option>
                        </options>
                     </parameter>
                     <parameter description="V1 error format. (Acceptable values are: &#34;1&#34;, &#34;2&#34;)"
                                label="$.xgafv"
                                name="$.xgafv"
                                required="false"
                                testWith=""
                                type="string"/>
                     <parameter description="OAuth 2.0 token for the current user."
                                label="oauth_token"
                                name="oauth_token"
                                required="false"
                                testWith=""
                                type="string"/>
                     <parameter description="JSONP"
                                label="callback"
                                name="callback"
                                required="false"
                                testWith=""
                                type="string"/>
                     <parameter description="Data format for response. (Acceptable values are: &#34;json&#34;, &#34;media&#34;, &#34;proto&#34;)"
                                label="alt"
                                name="alt"
                                required="false"
                                testWith=""
                                type="string"/>
                     <parameter description="API key. Your API key identifies your project and provides you with API access, quota, and reports. Required unless you provide an OAuth 2.0 token."
                                label="key"
                                name="key"
                                required="false"
                                testWith=""
                                type="string"/>
                     <parameter description="OAuth access token."
                                label="access_token"
                                name="access_token"
                                required="false"
                                testWith=""
                                type="string"/>
                     <parameter description="Upload protocol for media (e.g. &#34;raw&#34;, &#34;multipart&#34;)."
                                label="upload_protocol"
                                name="upload_protocol"
                                required="false"
                                testWith=""
                                type="string"/>
                     <parameter description="Returns response with indentations and line breaks."
                                label="prettyPrint"
                                name="prettyPrint"
                                required="false"
                                testWith=""
                                type="boolean"/>
                     <parameter description="Available to use for quota purposes for server-side applications. Can be any arbitrary string assigned to a user, but should not exceed 40 characters."
                                label="quotaUser"
                                name="quotaUser"
                                required="false"
                                testWith=""
                                type="string"/>
                     <parameter description="Selector specifying which fields to include in a partial response."
                                label="fields"
                                name="fields"
                                required="false"
                                testWith=""
                                type="string"/>
                     <parameter description="Legacy upload protocol for media (e.g. &#34;media&#34;, &#34;multipart&#34;)."
                                label="uploadType"
                                name="uploadType"
                                required="false"
                                testWith=""
                                type="string"/>
                  </input>
                  <binding>
                     <restSimpleBinding multiUsing="semicolonSeparated"
                                        url="https://{$hostName}/v1beta2/{$SC__parentPathParam}/indexes"
                                        verb="POST">
                        <httpHeaders>
                           <header name="Content-Type">application/json</header>
                           <header name="Accept">application/json</header>
                        </httpHeaders>
                        <body generateUsing="UnwrappedJSON" preserveJsonStringFormatting="false"/>
                     </restSimpleBinding>
                  </binding>
                  <output>
                     <field description=""
                            entireResponse="true"
                            name="GoogleLongrunningOperation"
                            type="reference">
                        <options>
                           <option name="referenceTo">GoogleLongrunningOperation</option>
                        </options>
                     </field>
                  </output>
               </action>
               <action category="indexes"
                       failOnError="true"
                       forSearch="false"
                       label="V1beta2IndexesByParentGet"
                       maxRedirects="100"
                       name="V1beta2IndexesByParentGet"
                       preemptiveAuth="true"
                       responseEncoding="">
                  <description>ListV1beta2IndexesByParent. Lists composite indexes.</description>
                  <input>
                     <parameter description="V1 error format. (Acceptable values are: &#34;1&#34;, &#34;2&#34;)"
                                label="$.xgafv"
                                name="$.xgafv"
                                required="false"
                                testWith=""
                                type="string"/>
                     <parameter description="OAuth 2.0 token for the current user."
                                label="oauth_token"
                                name="oauth_token"
                                required="false"
                                testWith=""
                                type="string"/>
                     <parameter description="JSONP"
                                label="callback"
                                name="callback"
                                required="false"
                                testWith=""
                                type="string"/>
                     <parameter description="Data format for response. (Acceptable values are: &#34;json&#34;, &#34;media&#34;, &#34;proto&#34;)"
                                label="alt"
                                name="alt"
                                required="false"
                                testWith=""
                                type="string"/>
                     <parameter description="API key. Your API key identifies your project and provides you with API access, quota, and reports. Required unless you provide an OAuth 2.0 token."
                                label="key"
                                name="key"
                                required="false"
                                testWith=""
                                type="string"/>
                     <parameter description="OAuth access token."
                                label="access_token"
                                name="access_token"
                                required="false"
                                testWith=""
                                type="string"/>
                     <parameter description="Upload protocol for media (e.g. &#34;raw&#34;, &#34;multipart&#34;)."
                                label="upload_protocol"
                                name="upload_protocol"
                                required="false"
                                testWith=""
                                type="string"/>
                     <parameter description="Returns response with indentations and line breaks."
                                label="prettyPrint"
                                name="prettyPrint"
                                required="false"
                                testWith=""
                                type="boolean"/>
                     <parameter description="Available to use for quota purposes for server-side applications. Can be any arbitrary string assigned to a user, but should not exceed 40 characters."
                                label="quotaUser"
                                name="quotaUser"
                                required="false"
                                testWith=""
                                type="string"/>
                     <parameter description="Selector specifying which fields to include in a partial response."
                                label="fields"
                                name="fields"
                                required="false"
                                testWith=""
                                type="string"/>
                     <parameter description="Legacy upload protocol for media (e.g. &#34;media&#34;, &#34;multipart&#34;)."
                                label="uploadType"
                                name="uploadType"
                                required="false"
                                testWith=""
                                type="string"/>
                     <parameter description="The number of results to return."
                                label="pageSize"
                                name="pageSize"
                                required="false"
                                testWith=""
                                type="int"/>
                     <parameter description="The filter to apply to list results."
                                label="filter"
                                name="filter"
                                required="false"
                                testWith=""
                                type="string"/>
                     <parameter description="A page token, returned from a previous call to&#xA;FirestoreAdmin.ListIndexes, that may be used to get the next&#xA;page of results."
                                label="pageToken"
                                name="pageToken"
                                required="false"
                                testWith=""
                                type="string"/>
                  </input>
                  <binding>
                     <restSimpleBinding multiUsing="semicolonSeparated"
                                        url="https://{$hostName}/v1beta2/{$SC__parentPathParam}/indexes"
                                        verb="GET">
                        <httpHeaders>
                           <header name="Content-Type">application/json</header>
                           <header name="Accept">application/json</header>
                        </httpHeaders>
                     </restSimpleBinding>
                  </binding>
                  <output>
                     <field description=""
                            entireResponse="true"
                            name="GoogleFirestoreAdminV1beta2ListIndexesResponse"
                            type="reference">
                        <options>
                           <option name="referenceTo">GoogleFirestoreAdminV1beta2ListIndexesResponse</option>
                        </options>
                     </field>
                  </output>
               </action>
               <action category="databases"
                       failOnError="true"
                       forSearch="false"
                       label="V1beta2ImportDocumentsByNamePost"
                       maxRedirects="100"
                       name="V1beta2ImportDocumentsByNamePost"
                       preemptiveAuth="true"
                       responseEncoding="">
                  <description>ImportDocumentsV1beta2ImportDocumentsByName. Imports documents into Google Cloud Firestore. Existing documents with the same name are overwritten. The import occurs in the background and its progress can be monitored and managed via the Operation resource that is created. If an ImportDocuments operation is cancelled, it is possible that a subset of the data has already been imported to Cloud Firestore.</description>
                  <input>
                     <parameter label="body"
                                name="body"
                                required="true"
                                testWith=""
                                type="reference">
                        <options>
                           <option name="referenceTo">GoogleFirestoreAdminV1beta2ImportDocumentsRequest</option>
                        </options>
                     </parameter>
                     <parameter description="V1 error format. (Acceptable values are: &#34;1&#34;, &#34;2&#34;)"
                                label="$.xgafv"
                                name="$.xgafv"
                                required="false"
                                testWith=""
                                type="string"/>
                     <parameter description="OAuth 2.0 token for the current user."
                                label="oauth_token"
                                name="oauth_token"
                                required="false"
                                testWith=""
                                type="string"/>
                     <parameter description="JSONP"
                                label="callback"
                                name="callback"
                                required="false"
                                testWith=""
                                type="string"/>
                     <parameter description="Data format for response. (Acceptable values are: &#34;json&#34;, &#34;media&#34;, &#34;proto&#34;)"
                                label="alt"
                                name="alt"
                                required="false"
                                testWith=""
                                type="string"/>
                     <parameter description="API key. Your API key identifies your project and provides you with API access, quota, and reports. Required unless you provide an OAuth 2.0 token."
                                label="key"
                                name="key"
                                required="false"
                                testWith=""
                                type="string"/>
                     <parameter description="OAuth access token."
                                label="access_token"
                                name="access_token"
                                required="false"
                                testWith=""
                                type="string"/>
                     <parameter description="Upload protocol for media (e.g. &#34;raw&#34;, &#34;multipart&#34;)."
                                label="upload_protocol"
                                name="upload_protocol"
                                required="false"
                                testWith=""
                                type="string"/>
                     <parameter description="Returns response with indentations and line breaks."
                                label="prettyPrint"
                                name="prettyPrint"
                                required="false"
                                testWith=""
                                type="boolean"/>
                     <parameter description="Available to use for quota purposes for server-side applications. Can be any arbitrary string assigned to a user, but should not exceed 40 characters."
                                label="quotaUser"
                                name="quotaUser"
                                required="false"
                                testWith=""
                                type="string"/>
                     <parameter description="Selector specifying which fields to include in a partial response."
                                label="fields"
                                name="fields"
                                required="false"
                                testWith=""
                                type="string"/>
                     <parameter description="Legacy upload protocol for media (e.g. &#34;media&#34;, &#34;multipart&#34;)."
                                label="uploadType"
                                name="uploadType"
                                required="false"
                                testWith=""
                                type="string"/>
                  </input>
                  <binding>
                     <restSimpleBinding multiUsing="semicolonSeparated"
                                        url="https://{$hostName}/v1beta2/{$SC__namePathParam}:importDocuments"
                                        verb="POST">
                        <httpHeaders>
                           <header name="Content-Type">application/json</header>
                           <header name="Accept">application/json</header>
                        </httpHeaders>
                        <body generateUsing="UnwrappedJSON" preserveJsonStringFormatting="false"/>
                     </restSimpleBinding>
                  </binding>
                  <output>
                     <field description=""
                            entireResponse="true"
                            name="GoogleLongrunningOperation"
                            type="reference">
                        <options>
                           <option name="referenceTo">GoogleLongrunningOperation</option>
                        </options>
                     </field>
                  </output>
               </action>
               <action category="databases"
                       failOnError="true"
                       forSearch="false"
                       label="V1beta2ExportDocumentsByNamePost"
                       maxRedirects="100"
                       name="V1beta2ExportDocumentsByNamePost"
                       preemptiveAuth="true"
                       responseEncoding="">
                  <description>ExportDocumentsV1beta2ExportDocumentsByName. Exports a copy of all or a subset of documents from Google Cloud Firestore to another storage system, such as Google Cloud Storage. Recent updates to documents may not be reflected in the export. The export occurs in the background and its progress can be monitored and managed via the Operation resource that is created. The output of an export may only be used once the associated operation is done. If an export operation is cancelled before completion it may leave partial data behind in Google Cloud Storage.</description>
                  <input>
                     <parameter label="body"
                                name="body"
                                required="true"
                                testWith=""
                                type="reference">
                        <options>
                           <option name="referenceTo">GoogleFirestoreAdminV1beta2ExportDocumentsRequest</option>
                        </options>
                     </parameter>
                     <parameter description="V1 error format. (Acceptable values are: &#34;1&#34;, &#34;2&#34;)"
                                label="$.xgafv"
                                name="$.xgafv"
                                required="false"
                                testWith=""
                                type="string"/>
                     <parameter description="OAuth 2.0 token for the current user."
                                label="oauth_token"
                                name="oauth_token"
                                required="false"
                                testWith=""
                                type="string"/>
                     <parameter description="JSONP"
                                label="callback"
                                name="callback"
                                required="false"
                                testWith=""
                                type="string"/>
                     <parameter description="Data format for response. (Acceptable values are: &#34;json&#34;, &#34;media&#34;, &#34;proto&#34;)"
                                label="alt"
                                name="alt"
                                required="false"
                                testWith=""
                                type="string"/>
                     <parameter description="API key. Your API key identifies your project and provides you with API access, quota, and reports. Required unless you provide an OAuth 2.0 token."
                                label="key"
                                name="key"
                                required="false"
                                testWith=""
                                type="string"/>
                     <parameter description="OAuth access token."
                                label="access_token"
                                name="access_token"
                                required="false"
                                testWith=""
                                type="string"/>
                     <parameter description="Upload protocol for media (e.g. &#34;raw&#34;, &#34;multipart&#34;)."
                                label="upload_protocol"
                                name="upload_protocol"
                                required="false"
                                testWith=""
                                type="string"/>
                     <parameter description="Returns response with indentations and line breaks."
                                label="prettyPrint"
                                name="prettyPrint"
                                required="false"
                                testWith=""
                                type="boolean"/>
                     <parameter description="Available to use for quota purposes for server-side applications. Can be any arbitrary string assigned to a user, but should not exceed 40 characters."
                                label="quotaUser"
                                name="quotaUser"
                                required="false"
                                testWith=""
                                type="string"/>
                     <parameter description="Selector specifying which fields to include in a partial response."
                                label="fields"
                                name="fields"
                                required="false"
                                testWith=""
                                type="string"/>
                     <parameter description="Legacy upload protocol for media (e.g. &#34;media&#34;, &#34;multipart&#34;)."
                                label="uploadType"
                                name="uploadType"
                                required="false"
                                testWith=""
                                type="string"/>
                  </input>
                  <binding>
                     <restSimpleBinding multiUsing="semicolonSeparated"
                                        url="https://{$hostName}/v1beta2/{$SC__namePathParam}:exportDocuments"
                                        verb="POST">
                        <httpHeaders>
                           <header name="Content-Type">application/json</header>
                           <header name="Accept">application/json</header>
                        </httpHeaders>
                        <body generateUsing="UnwrappedJSON" preserveJsonStringFormatting="false"/>
                     </restSimpleBinding>
                  </binding>
                  <output>
                     <field description=""
                            entireResponse="true"
                            name="GoogleLongrunningOperation"
                            type="reference">
                        <options>
                           <option name="referenceTo">GoogleLongrunningOperation</option>
                        </options>
                     </field>
                  </output>
               </action>
               <action category="fields"
                       failOnError="true"
                       forSearch="false"
                       label="V1beta2ByNamePatch"
                       maxRedirects="100"
                       name="V1beta2ByNamePatch"
                       preemptiveAuth="true"
                       responseEncoding="">
                  <description>PatchV1beta2ByName. Updates a field configuration. Currently, field updates apply only to single field index configuration. However, calls to FirestoreAdmin.UpdateField should provide a field mask to avoid changing any configuration that the caller isn't aware of. The field mask should be specified as: `{ paths: "index_config" }`. This call returns a google.longrunning.Operation which may be used to track the status of the field update. The metadata for the operation will be the type FieldOperationMetadata. To configure the default field settings for the database, use the special `Field` with resource name: `projects/{project_id}/databases/{database_id}/collectionGroups/__default__/fields/*`.</description>
                  <input>
                     <parameter label="body"
                                name="body"
                                required="true"
                                testWith=""
                                type="reference">
                        <options>
                           <option name="referenceTo">GoogleFirestoreAdminV1beta2Field</option>
                        </options>
                     </parameter>
                     <parameter description="V1 error format. (Acceptable values are: &#34;1&#34;, &#34;2&#34;)"
                                label="$.xgafv"
                                name="$.xgafv"
                                required="false"
                                testWith=""
                                type="string"/>
                     <parameter description="OAuth 2.0 token for the current user."
                                label="oauth_token"
                                name="oauth_token"
                                required="false"
                                testWith=""
                                type="string"/>
                     <parameter description="JSONP"
                                label="callback"
                                name="callback"
                                required="false"
                                testWith=""
                                type="string"/>
                     <parameter description="Data format for response. (Acceptable values are: &#34;json&#34;, &#34;media&#34;, &#34;proto&#34;)"
                                label="alt"
                                name="alt"
                                required="false"
                                testWith=""
                                type="string"/>
                     <parameter description="API key. Your API key identifies your project and provides you with API access, quota, and reports. Required unless you provide an OAuth 2.0 token."
                                label="key"
                                name="key"
                                required="false"
                                testWith=""
                                type="string"/>
                     <parameter description="OAuth access token."
                                label="access_token"
                                name="access_token"
                                required="false"
                                testWith=""
                                type="string"/>
                     <parameter description="Upload protocol for media (e.g. &#34;raw&#34;, &#34;multipart&#34;)."
                                label="upload_protocol"
                                name="upload_protocol"
                                required="false"
                                testWith=""
                                type="string"/>
                     <parameter description="Returns response with indentations and line breaks."
                                label="prettyPrint"
                                name="prettyPrint"
                                required="false"
                                testWith=""
                                type="boolean"/>
                     <parameter description="Available to use for quota purposes for server-side applications. Can be any arbitrary string assigned to a user, but should not exceed 40 characters."
                                label="quotaUser"
                                name="quotaUser"
                                required="false"
                                testWith=""
                                type="string"/>
                     <parameter description="Selector specifying which fields to include in a partial response."
                                label="fields"
                                name="fields"
                                required="false"
                                testWith=""
                                type="string"/>
                     <parameter description="Legacy upload protocol for media (e.g. &#34;media&#34;, &#34;multipart&#34;)."
                                label="uploadType"
                                name="uploadType"
                                required="false"
                                testWith=""
                                type="string"/>
                     <parameter description="A mask, relative to the field. If specified, only configuration specified&#xA;by this field_mask will be updated in the field."
                                label="updateMask"
                                name="updateMask"
                                required="false"
                                testWith=""
                                type="string"/>
                  </input>
                  <binding>
                     <restSimpleBinding multiUsing="semicolonSeparated"
                                        url="https://{$hostName}/v1beta2/{$SC__namePathParam}"
                                        verb="PATCH">
                        <httpHeaders>
                           <header name="Content-Type">application/json</header>
                           <header name="Accept">application/json</header>
                        </httpHeaders>
                        <body generateUsing="UnwrappedJSON" preserveJsonStringFormatting="false"/>
                     </restSimpleBinding>
                  </binding>
                  <output>
                     <field description=""
                            entireResponse="true"
                            name="GoogleLongrunningOperation"
                            type="reference">
                        <options>
                           <option name="referenceTo">GoogleLongrunningOperation</option>
                        </options>
                     </field>
                  </output>
               </action>
               <action category="fields"
                       failOnError="true"
                       forSearch="false"
                       label="V1beta2ByNameGet"
                       maxRedirects="100"
                       name="V1beta2ByNameGet"
                       preemptiveAuth="true"
                       responseEncoding="">
                  <description>GetV1beta2ByName. Gets the metadata and configuration for a Field.</description>
                  <input>
                     <parameter description="V1 error format. (Acceptable values are: &#34;1&#34;, &#34;2&#34;)"
                                label="$.xgafv"
                                name="$.xgafv"
                                required="false"
                                testWith=""
                                type="string"/>
                     <parameter description="OAuth 2.0 token for the current user."
                                label="oauth_token"
                                name="oauth_token"
                                required="false"
                                testWith=""
                                type="string"/>
                     <parameter description="JSONP"
                                label="callback"
                                name="callback"
                                required="false"
                                testWith=""
                                type="string"/>
                     <parameter description="Data format for response. (Acceptable values are: &#34;json&#34;, &#34;media&#34;, &#34;proto&#34;)"
                                label="alt"
                                name="alt"
                                required="false"
                                testWith=""
                                type="string"/>
                     <parameter description="API key. Your API key identifies your project and provides you with API access, quota, and reports. Required unless you provide an OAuth 2.0 token."
                                label="key"
                                name="key"
                                required="false"
                                testWith=""
                                type="string"/>
                     <parameter description="OAuth access token."
                                label="access_token"
                                name="access_token"
                                required="false"
                                testWith=""
                                type="string"/>
                     <parameter description="Upload protocol for media (e.g. &#34;raw&#34;, &#34;multipart&#34;)."
                                label="upload_protocol"
                                name="upload_protocol"
                                required="false"
                                testWith=""
                                type="string"/>
                     <parameter description="Returns response with indentations and line breaks."
                                label="prettyPrint"
                                name="prettyPrint"
                                required="false"
                                testWith=""
                                type="boolean"/>
                     <parameter description="Available to use for quota purposes for server-side applications. Can be any arbitrary string assigned to a user, but should not exceed 40 characters."
                                label="quotaUser"
                                name="quotaUser"
                                required="false"
                                testWith=""
                                type="string"/>
                     <parameter description="Selector specifying which fields to include in a partial response."
                                label="fields"
                                name="fields"
                                required="false"
                                testWith=""
                                type="string"/>
                     <parameter description="Legacy upload protocol for media (e.g. &#34;media&#34;, &#34;multipart&#34;)."
                                label="uploadType"
                                name="uploadType"
                                required="false"
                                testWith=""
                                type="string"/>
                  </input>
                  <binding>
                     <restSimpleBinding multiUsing="semicolonSeparated"
                                        url="https://{$hostName}/v1beta2/{$SC__namePathParam}"
                                        verb="GET">
                        <httpHeaders>
                           <header name="Content-Type">application/json</header>
                           <header name="Accept">application/json</header>
                        </httpHeaders>
                     </restSimpleBinding>
                  </binding>
                  <output>
                     <field description=""
                            entireResponse="true"
                            name="GoogleFirestoreAdminV1beta2Field"
                            type="reference">
                        <options>
                           <option name="referenceTo">GoogleFirestoreAdminV1beta2Field</option>
                        </options>
                     </field>
                  </output>
               </action>
               <action category="indexes"
                       failOnError="true"
                       forSearch="false"
                       label="V1beta2ByNameDelete"
                       maxRedirects="100"
                       name="V1beta2ByNameDelete"
                       preemptiveAuth="true"
                       responseEncoding="">
                  <description>DeleteV1beta2ByName. Deletes a composite index.</description>
                  <input>
                     <parameter description="V1 error format. (Acceptable values are: &#34;1&#34;, &#34;2&#34;)"
                                label="$.xgafv"
                                name="$.xgafv"
                                required="false"
                                testWith=""
                                type="string"/>
                     <parameter description="OAuth 2.0 token for the current user."
                                label="oauth_token"
                                name="oauth_token"
                                required="false"
                                testWith=""
                                type="string"/>
                     <parameter description="JSONP"
                                label="callback"
                                name="callback"
                                required="false"
                                testWith=""
                                type="string"/>
                     <parameter description="Data format for response. (Acceptable values are: &#34;json&#34;, &#34;media&#34;, &#34;proto&#34;)"
                                label="alt"
                                name="alt"
                                required="false"
                                testWith=""
                                type="string"/>
                     <parameter description="API key. Your API key identifies your project and provides you with API access, quota, and reports. Required unless you provide an OAuth 2.0 token."
                                label="key"
                                name="key"
                                required="false"
                                testWith=""
                                type="string"/>
                     <parameter description="OAuth access token."
                                label="access_token"
                                name="access_token"
                                required="false"
                                testWith=""
                                type="string"/>
                     <parameter description="Upload protocol for media (e.g. &#34;raw&#34;, &#34;multipart&#34;)."
                                label="upload_protocol"
                                name="upload_protocol"
                                required="false"
                                testWith=""
                                type="string"/>
                     <parameter description="Returns response with indentations and line breaks."
                                label="prettyPrint"
                                name="prettyPrint"
                                required="false"
                                testWith=""
                                type="boolean"/>
                     <parameter description="Available to use for quota purposes for server-side applications. Can be any arbitrary string assigned to a user, but should not exceed 40 characters."
                                label="quotaUser"
                                name="quotaUser"
                                required="false"
                                testWith=""
                                type="string"/>
                     <parameter description="Selector specifying which fields to include in a partial response."
                                label="fields"
                                name="fields"
                                required="false"
                                testWith=""
                                type="string"/>
                     <parameter description="Legacy upload protocol for media (e.g. &#34;media&#34;, &#34;multipart&#34;)."
                                label="uploadType"
                                name="uploadType"
                                required="false"
                                testWith=""
                                type="string"/>
                  </input>
                  <binding>
                     <restSimpleBinding multiUsing="semicolonSeparated"
                                        url="https://{$hostName}/v1beta2/{$SC__namePathParam}"
                                        verb="DELETE">
                        <httpHeaders>
                           <header name="Content-Type">application/json</header>
                           <header name="Accept">application/json</header>
                        </httpHeaders>
                     </restSimpleBinding>
                  </binding>
                  <output/>
               </action>
               <action category="fields"
                       failOnError="true"
                       forSearch="false"
                       label="V1beta2FieldsByParentGet"
                       maxRedirects="100"
                       name="V1beta2FieldsByParentGet"
                       preemptiveAuth="true"
                       responseEncoding="">
                  <description>ListV1beta2FieldsByParent. Lists the field configuration and metadata for this database. Currently, FirestoreAdmin.ListFields only supports listing fields that have been explicitly overridden. To issue this query, call FirestoreAdmin.ListFields with the filter set to `indexConfig.usesAncestorConfig:false`.</description>
                  <input>
                     <parameter description="V1 error format. (Acceptable values are: &#34;1&#34;, &#34;2&#34;)"
                                label="$.xgafv"
                                name="$.xgafv"
                                required="false"
                                testWith=""
                                type="string"/>
                     <parameter description="OAuth 2.0 token for the current user."
                                label="oauth_token"
                                name="oauth_token"
                                required="false"
                                testWith=""
                                type="string"/>
                     <parameter description="JSONP"
                                label="callback"
                                name="callback"
                                required="false"
                                testWith=""
                                type="string"/>
                     <parameter description="Data format for response. (Acceptable values are: &#34;json&#34;, &#34;media&#34;, &#34;proto&#34;)"
                                label="alt"
                                name="alt"
                                required="false"
                                testWith=""
                                type="string"/>
                     <parameter description="API key. Your API key identifies your project and provides you with API access, quota, and reports. Required unless you provide an OAuth 2.0 token."
                                label="key"
                                name="key"
                                required="false"
                                testWith=""
                                type="string"/>
                     <parameter description="OAuth access token."
                                label="access_token"
                                name="access_token"
                                required="false"
                                testWith=""
                                type="string"/>
                     <parameter description="Upload protocol for media (e.g. &#34;raw&#34;, &#34;multipart&#34;)."
                                label="upload_protocol"
                                name="upload_protocol"
                                required="false"
                                testWith=""
                                type="string"/>
                     <parameter description="Returns response with indentations and line breaks."
                                label="prettyPrint"
                                name="prettyPrint"
                                required="false"
                                testWith=""
                                type="boolean"/>
                     <parameter description="Available to use for quota purposes for server-side applications. Can be any arbitrary string assigned to a user, but should not exceed 40 characters."
                                label="quotaUser"
                                name="quotaUser"
                                required="false"
                                testWith=""
                                type="string"/>
                     <parameter description="Selector specifying which fields to include in a partial response."
                                label="fields"
                                name="fields"
                                required="false"
                                testWith=""
                                type="string"/>
                     <parameter description="Legacy upload protocol for media (e.g. &#34;media&#34;, &#34;multipart&#34;)."
                                label="uploadType"
                                name="uploadType"
                                required="false"
                                testWith=""
                                type="string"/>
                     <parameter description="The filter to apply to list results. Currently,&#xA;FirestoreAdmin.ListFields only supports listing fields&#xA;that have been explicitly overridden. To issue this query, call&#xA;FirestoreAdmin.ListFields with the filter set to&#xA;`indexConfig.usesAncestorConfig:false`."
                                label="filter"
                                name="filter"
                                required="false"
                                testWith=""
                                type="string"/>
                     <parameter description="A page token, returned from a previous call to&#xA;FirestoreAdmin.ListFields, that may be used to get the next&#xA;page of results."
                                label="pageToken"
                                name="pageToken"
                                required="false"
                                testWith=""
                                type="string"/>
                     <parameter description="The number of results to return."
                                label="pageSize"
                                name="pageSize"
                                required="false"
                                testWith=""
                                type="int"/>
                  </input>
                  <binding>
                     <restSimpleBinding multiUsing="semicolonSeparated"
                                        url="https://{$hostName}/v1beta2/{$SC__parentPathParam}/fields"
                                        verb="GET">
                        <httpHeaders>
                           <header name="Content-Type">application/json</header>
                           <header name="Accept">application/json</header>
                        </httpHeaders>
                     </restSimpleBinding>
                  </binding>
                  <output>
                     <field description=""
                            entireResponse="true"
                            name="GoogleFirestoreAdminV1beta2ListFieldsResponse"
                            type="reference">
                        <options>
                           <option name="referenceTo">GoogleFirestoreAdminV1beta2ListFieldsResponse</option>
                        </options>
                     </field>
                  </output>
               </action>
            </actions>
            <objects>
               <processObject xmlns="http://schemas.active-endpoints.com/appmodules/screenflow/2011/06/avosHostEnvironment.xsd"
                              isByCopy="true"
                              name="GoogleFirestoreAdminV1beta2ImportDocumentsRequest">
                  <description>The request for FirestoreAdmin.ImportDocuments.</description>
                  <detail>
                     <field name="inputUriPrefix" type="string"/>
                     <field name="collectionIds" type="objectlist">
                        <options>
                           <option name="referenceTo">string</option>
                           <option name="relationshipName">Child</option>
                        </options>
                     </field>
                  </detail>
               </processObject>
               <processObject xmlns="http://schemas.active-endpoints.com/appmodules/screenflow/2011/06/avosHostEnvironment.xsd"
                              isByCopy="true"
                              name="GoogleFirestoreAdminV1beta2ListFieldsResponse">
                  <description>The response for FirestoreAdmin.ListFields.</description>
                  <detail>
                     <field name="nextPageToken" type="string"/>
                     <field name="fields" type="objectlist">
                        <options>
                           <option name="referenceTo">GoogleFirestoreAdminV1beta2Field</option>
                           <option name="relationshipName">Child</option>
                        </options>
                     </field>
                  </detail>
               </processObject>
               <processObject xmlns="http://schemas.active-endpoints.com/appmodules/screenflow/2011/06/avosHostEnvironment.xsd"
                              isByCopy="true"
                              name="GoogleFirestoreAdminV1beta2IndexConfigDelta">
                  <description>Information about an index configuration change.</description>
                  <detail>
                     <field name="changeType" type="reference">
                        <options>
                           <option name="referenceTo">ChangeType</option>
                           <option name="relationshipName">Child</option>
                        </options>
                     </field>
                     <field name="index" type="object"/>
                  </detail>
               </processObject>
               <processObject xmlns="http://schemas.active-endpoints.com/appmodules/screenflow/2011/06/avosHostEnvironment.xsd"
                              isByCopy="true"
                              name="GoogleFirestoreAdminV1beta2Index">
                  <description>Cloud Firestore indexes enable simple and complex queries against
documents in a database.</description>
                  <detail>
                     <field name="queryScope" type="reference">
                        <options>
                           <option name="referenceTo">QueryScope</option>
                           <option name="relationshipName">Child</option>
                        </options>
                     </field>
                     <field name="name" type="string"/>
                     <field name="state" type="reference">
                        <options>
                           <option name="referenceTo">State2</option>
                           <option name="relationshipName">Child</option>
                        </options>
                     </field>
                     <field name="fields" type="object"/>
                  </detail>
               </processObject>
               <processObject xmlns="http://schemas.active-endpoints.com/appmodules/screenflow/2011/06/avosHostEnvironment.xsd"
                              isByCopy="true"
                              name="GoogleFirestoreAdminV1beta2ExportDocumentsMetadata">
                  <description>Metadata for google.longrunning.Operation results from
FirestoreAdmin.ExportDocuments.</description>
                  <detail>
                     <field name="progressDocuments" type="reference">
                        <options>
                           <option name="referenceTo">GoogleFirestoreAdminV1beta2Progress</option>
                           <option name="relationshipName">Child</option>
                        </options>
                     </field>
                     <field name="outputUriPrefix" type="string"/>
                     <field name="collectionIds" type="objectlist">
                        <options>
                           <option name="referenceTo">string</option>
                           <option name="relationshipName">Child</option>
                        </options>
                     </field>
                     <field name="progressBytes" type="reference">
                        <options>
                           <option name="referenceTo">GoogleFirestoreAdminV1beta2Progress</option>
                           <option name="relationshipName">Child</option>
                        </options>
                     </field>
                     <field name="operationState" type="reference">
                        <options>
                           <option name="referenceTo">OperationState</option>
                           <option name="relationshipName">Child</option>
                        </options>
                     </field>
                     <field name="startTime" type="string"/>
                     <field name="endTime" type="string"/>
                  </detail>
               </processObject>
               <processObject xmlns="http://schemas.active-endpoints.com/appmodules/screenflow/2011/06/avosHostEnvironment.xsd"
                              isByCopy="true"
                              name="GoogleFirestoreAdminV1beta2IndexConfig">
                  <description>The index configuration for this field.</description>
                  <detail>
                     <field name="usesAncestorConfig" type="boolean"/>
                     <field name="indexes" type="objectlist">
                        <options>
                           <option name="referenceTo">GoogleFirestoreAdminV1beta2Index</option>
                           <option name="relationshipName">Child</option>
                        </options>
                     </field>
                     <field name="ancestorField" type="string"/>
                     <field name="reverting" type="boolean"/>
                  </detail>
               </processObject>
               <processObject xmlns="http://schemas.active-endpoints.com/appmodules/screenflow/2011/06/avosHostEnvironment.xsd"
                              isByCopy="true"
                              name="State2">
                  <description>Output only.
The serving state of the index.</description>
                  <detail/>
               </processObject>
               <processObject xmlns="http://schemas.active-endpoints.com/appmodules/screenflow/2011/06/avosHostEnvironment.xsd"
                              isByCopy="true"
                              name="ChangeType">
                  <description>Specifies how the index is changing.</description>
                  <detail/>
               </processObject>
               <processObject xmlns="http://schemas.active-endpoints.com/appmodules/screenflow/2011/06/avosHostEnvironment.xsd"
                              isByCopy="true"
                              name="QueryScope">
                  <description>Indexes with a collection query scope specified allow queries
against a collection that is the child of a specific document, specified at
query time, and that has the same collection id.

Indexes with a collection group query scope specified allow queries against
all collections descended from a specific document, specified at query
time, and that have the same collection id as this index.</description>
                  <detail/>
               </processObject>
               <processObject xmlns="http://schemas.active-endpoints.com/appmodules/screenflow/2011/06/avosHostEnvironment.xsd"
                              isByCopy="true"
                              name="GoogleFirestoreAdminV1beta2ImportDocumentsMetadata">
                  <description>Metadata for google.longrunning.Operation results from
FirestoreAdmin.ImportDocuments.</description>
                  <detail>
                     <field name="inputUriPrefix" type="string"/>
                     <field name="collectionIds" type="objectlist">
                        <options>
                           <option name="referenceTo">string</option>
                           <option name="relationshipName">Child</option>
                        </options>
                     </field>
                     <field name="progressDocuments" type="reference">
                        <options>
                           <option name="referenceTo">GoogleFirestoreAdminV1beta2Progress</option>
                           <option name="relationshipName">Child</option>
                        </options>
                     </field>
                     <field name="progressBytes" type="reference">
                        <options>
                           <option name="referenceTo">GoogleFirestoreAdminV1beta2Progress</option>
                           <option name="relationshipName">Child</option>
                        </options>
                     </field>
                     <field name="operationState" type="reference">
                        <options>
                           <option name="referenceTo">OperationState1</option>
                           <option name="relationshipName">Child</option>
                        </options>
                     </field>
                     <field name="startTime" type="string"/>
                     <field name="endTime" type="string"/>
                  </detail>
               </processObject>
               <processObject xmlns="http://schemas.active-endpoints.com/appmodules/screenflow/2011/06/avosHostEnvironment.xsd"
                              isByCopy="true"
                              name="ArrayConfig">
                  <description>Indicates that this field supports operations on `array_value`s.</description>
                  <detail/>
               </processObject>
               <processObject xmlns="http://schemas.active-endpoints.com/appmodules/screenflow/2011/06/avosHostEnvironment.xsd"
                              isByCopy="true"
                              name="Status">
                  <description>The error result of the operation in case of failure or cancellation.</description>
                  <detail>
                     <field name="code" type="int"/>
                     <field name="details" type="object"/>
                     <field name="message" type="string"/>
                  </detail>
               </processObject>
               <processObject xmlns="http://schemas.active-endpoints.com/appmodules/screenflow/2011/06/avosHostEnvironment.xsd"
                              isByCopy="true"
                              name="Order">
                  <description>Indicates that this field supports ordering by the specified order or
comparing using =, &lt;, &lt;=, &gt;, &gt;=.</description>
                  <detail/>
               </processObject>
               <processObject xmlns="http://schemas.active-endpoints.com/appmodules/screenflow/2011/06/avosHostEnvironment.xsd"
                              isByCopy="true"
                              name="OperationState1">
                  <description>The state of the import operation.</description>
                  <detail/>
               </processObject>
               <processObject xmlns="http://schemas.active-endpoints.com/appmodules/screenflow/2011/06/avosHostEnvironment.xsd"
                              isByCopy="true"
                              name="GoogleFirestoreAdminV1beta2Field">
                  <description>Represents a single field in the database.

Fields are grouped by their "Collection Group", which represent all
collections in the database with the same id.</description>
                  <detail>
                     <field name="name" type="string"/>
                     <field name="indexConfig" type="object"/>
                  </detail>
               </processObject>
               <processObject xmlns="http://schemas.active-endpoints.com/appmodules/screenflow/2011/06/avosHostEnvironment.xsd"
                              isByCopy="true"
                              name="GoogleFirestoreAdminV1beta2IndexField">
                  <description>A field in an index.
The field_path describes which field is indexed, the value_mode describes
how the field value is indexed.</description>
                  <detail>
                     <field name="arrayConfig" type="reference">
                        <options>
                           <option name="referenceTo">ArrayConfig</option>
                           <option name="relationshipName">Child</option>
                        </options>
                     </field>
                     <field name="fieldPath" type="string"/>
                     <field name="order" type="reference">
                        <options>
                           <option name="referenceTo">Order</option>
                           <option name="relationshipName">Child</option>
                        </options>
                     </field>
                  </detail>
               </processObject>
               <processObject xmlns="http://schemas.active-endpoints.com/appmodules/screenflow/2011/06/avosHostEnvironment.xsd"
                              isByCopy="true"
                              name="GoogleFirestoreAdminV1beta2ExportDocumentsRequest">
                  <description>The request for FirestoreAdmin.ExportDocuments.</description>
                  <detail>
                     <field name="collectionIds" type="objectlist">
                        <options>
                           <option name="referenceTo">string</option>
                           <option name="relationshipName">Child</option>
                        </options>
                     </field>
                     <field name="outputUriPrefix" type="string"/>
                  </detail>
               </processObject>
               <processObject xmlns="http://schemas.active-endpoints.com/appmodules/screenflow/2011/06/avosHostEnvironment.xsd"
                              isByCopy="true"
                              name="GoogleFirestoreAdminV1beta2ListIndexesResponse">
                  <description>The response for FirestoreAdmin.ListIndexes.</description>
                  <detail>
                     <field name="indexes" type="objectlist">
                        <options>
                           <option name="referenceTo">GoogleFirestoreAdminV1beta2Index</option>
                           <option name="relationshipName">Child</option>
                        </options>
                     </field>
                     <field name="nextPageToken" type="string"/>
                  </detail>
               </processObject>
               <processObject xmlns="http://schemas.active-endpoints.com/appmodules/screenflow/2011/06/avosHostEnvironment.xsd"
                              isByCopy="true"
                              name="GoogleFirestoreAdminV1beta2FieldOperationMetadata">
                  <description>Metadata for google.longrunning.Operation results from
FirestoreAdmin.UpdateField.</description>
                  <detail>
                     <field name="indexConfigDeltas" type="objectlist">
                        <options>
                           <option name="referenceTo">GoogleFirestoreAdminV1beta2IndexConfigDelta</option>
                           <option name="relationshipName">Child</option>
                        </options>
                     </field>
                     <field name="field" type="string"/>
                     <field name="documentProgress" type="reference">
                        <options>
                           <option name="referenceTo">GoogleFirestoreAdminV1beta2Progress</option>
                           <option name="relationshipName">Child</option>
                        </options>
                     </field>
                     <field name="startTime" type="string"/>
                     <field name="state" type="reference">
                        <options>
                           <option name="referenceTo">State</option>
                           <option name="relationshipName">Child</option>
                        </options>
                     </field>
                     <field name="endTime" type="string"/>
                     <field name="bytesProgress" type="reference">
                        <options>
                           <option name="referenceTo">GoogleFirestoreAdminV1beta2Progress</option>
                           <option name="relationshipName">Child</option>
                        </options>
                     </field>
                  </detail>
               </processObject>
               <processObject xmlns="http://schemas.active-endpoints.com/appmodules/screenflow/2011/06/avosHostEnvironment.xsd"
                              isByCopy="true"
                              name="State">
                  <description>The state of the operation.</description>
                  <detail/>
               </processObject>
               <processObject xmlns="http://schemas.active-endpoints.com/appmodules/screenflow/2011/06/avosHostEnvironment.xsd"
                              isByCopy="true"
                              name="GoogleFirestoreAdminV1beta2ExportDocumentsResponse">
                  <description>Returned in the google.longrunning.Operation response field.</description>
                  <detail>
                     <field name="outputUriPrefix" type="string"/>
                  </detail>
               </processObject>
               <processObject xmlns="http://schemas.active-endpoints.com/appmodules/screenflow/2011/06/avosHostEnvironment.xsd"
                              isByCopy="true"
                              name="GoogleFirestoreAdminV1beta2IndexOperationMetadata">
                  <description>Metadata for google.longrunning.Operation results from
FirestoreAdmin.CreateIndex.</description>
                  <detail>
                     <field name="progressDocuments" type="reference">
                        <options>
                           <option name="referenceTo">GoogleFirestoreAdminV1beta2Progress</option>
                           <option name="relationshipName">Child</option>
                        </options>
                     </field>
                     <field name="progressBytes" type="reference">
                        <options>
                           <option name="referenceTo">GoogleFirestoreAdminV1beta2Progress</option>
                           <option name="relationshipName">Child</option>
                        </options>
                     </field>
                     <field name="index" type="string"/>
                     <field name="startTime" type="string"/>
                     <field name="state" type="reference">
                        <options>
                           <option name="referenceTo">State</option>
                           <option name="relationshipName">Child</option>
                        </options>
                     </field>
                     <field name="endTime" type="string"/>
                  </detail>
               </processObject>
               <processObject xmlns="http://schemas.active-endpoints.com/appmodules/screenflow/2011/06/avosHostEnvironment.xsd"
                              isByCopy="true"
                              name="GoogleFirestoreAdminV1beta2Progress">
                  <description>The progress, in documents, of this operation.</description>
                  <detail>
                     <field name="estimatedWork" type="string"/>
                     <field name="completedWork" type="string"/>
                  </detail>
               </processObject>
               <processObject xmlns="http://schemas.active-endpoints.com/appmodules/screenflow/2011/06/avosHostEnvironment.xsd"
                              isByCopy="true"
                              name="GoogleLongrunningOperation">
                  <description>This resource represents a long-running operation that is the result of a
network API call.</description>
                  <detail>
                     <field name="metadata" type="object"/>
                     <field name="response" type="object"/>
                     <field name="name" type="string"/>
                     <field name="error" type="reference">
                        <options>
                           <option name="referenceTo">Status</option>
                           <option name="relationshipName">Child</option>
                        </options>
                     </field>
                     <field name="done" type="boolean"/>
                  </detail>
               </processObject>
               <processObject xmlns="http://schemas.active-endpoints.com/appmodules/screenflow/2011/06/avosHostEnvironment.xsd"
                              isByCopy="true"
                              name="OperationState">
                  <description>The state of the export operation.</description>
                  <detail/>
               </processObject>
               <processObject xmlns="http://schemas.active-endpoints.com/appmodules/screenflow/2011/06/avosHostEnvironment.xsd"
                              isByCopy="true"
                              name="string">
                  <description/>
                  <detail>
                     <field name="string" type="string"/>
                  </detail>
               </processObject>
               <processObject xmlns="http://schemas.active-endpoints.com/appmodules/screenflow/2011/06/avosHostEnvironment.xsd"
                              isByCopy="true"
                              name="boolean">
                  <description/>
                  <detail>
                     <field name="boolean" type="boolean"/>
                  </detail>
               </processObject>
               <processObject xmlns="http://schemas.active-endpoints.com/appmodules/screenflow/2011/06/avosHostEnvironment.xsd"
                              isByCopy="true"
                              name="double">
                  <description/>
                  <detail>
                     <field name="double" type="double"/>
                  </detail>
               </processObject>
               <processObject xmlns="http://schemas.active-endpoints.com/appmodules/screenflow/2011/06/avosHostEnvironment.xsd"
                              isByCopy="true"
                              name="integer">
                  <description/>
                  <detail>
                     <field name="integer" type="int"/>
                  </detail>
               </processObject>
            </objects>
         </businessConnector>
      </types1:Entry>
      <types1:GUID>aCD6ZRf0qGPjKxWXr4Yug9</types1:GUID>
      <types1:DisplayName>Google Cloud Firestore API v1beta2</types1:DisplayName>
   </types1:Item>
   <types1:CurrentServerDateTime>2019-04-23T04:32:59.498Z</types1:CurrentServerDateTime>
</aetgt:getResponse>
