<aetgt:getResponse xmlns:aetgt="http://schemas.active-endpoints.com/appmodules/repository/2010/10/avrepository.xsd"
                   xmlns:types1="http://schemas.active-endpoints.com/appmodules/repository/2010/10/avrepository.xsd">
   <types1:Item>
      <types1:EntryId>rsaaaa-gt-2467969-2018-11-01T05:12:13.288Z::svc.xml</types1:EntryId>
      <types1:Name>Microsoft_Dynamics_CRM_OData_API</types1:Name>
      <types1:MimeType>application/xml+businesssconnector</types1:MimeType>
      <types1:Description/>
      <types1:AppliesTo/>
      <types1:Tags/>
      <types1:VersionLabel>1.0</types1:VersionLabel>
      <types1:State>CURRENT</types1:State>
      <types1:ProcessGroup/>
      <types1:CreatedBy>sorabh@na1.dm-us.org</types1:CreatedBy>
      <types1:CreationDate>2018-11-01T05:12:13Z</types1:CreationDate>
      <types1:ModifiedBy>sorabh@na1.dm-us.org</types1:ModifiedBy>
      <types1:ModificationDate>2020-04-04T13:52:25Z</types1:ModificationDate>
      <types1:PublicationStatus>published</types1:PublicationStatus>
      <types1:PublishedBy>sorabh@na1.dm-us.org</types1:PublishedBy>
      <types1:PublicationDate>2020-04-04T13:52:30Z</types1:PublicationDate>
      <types1:PublishedContributionId>project:/rt.connector/Microsoft_Dynamics_CRM_OData_API/Microsoft_Dynamics_CRM_OData_API_svcDef.xml</types1:PublishedContributionId>
      <types1:AutosaveExists>false</types1:AutosaveExists>
      <types1:Entry>
         <businessConnector xmlns="http://schemas.informatica.com/socrates/data-services/2014/05/business-connector-model.xsd"
                            agentOnly="false"
                            debug="false"
                            displayName="Microsoft Dynamics CRM OData API"
                            label=""
                            name="Microsoft_Dynamics_CRM_OData_API"
                            uuid="c8a49d26-db28-4771-af9e-e4abc3edd90b">
            <description/>
            <tags/>
            <connectionAttributes xmlns="http://schemas.informatica.com/appmodules/screenflow/2014/04/avosConnectors.xsd">
               <connectionAttribute description=""
                                    masked="true"
                                    name="tenant_id"
                                    required="true"
                                    testWith=""
                                    type="string"/>
               <connectionAttribute description=""
                                    masked="true"
                                    name="client_id"
                                    required="true"
                                    testWith=""
                                    type="string"/>
               <connectionAttribute description=""
                                    masked="true"
                                    name="client_secret"
                                    required="true"
                                    testWith=""
                                    type="string"/>
               <connectionAttribute description=""
                                    masked="true"
                                    name="grant_type"
                                    required="true"
                                    testWith=""
                                    type="string"/>
               <connectionAttribute description=""
                                    masked="true"
                                    name="resource"
                                    required="true"
                                    testWith=""
                                    type="string"/>
               <connectionAttribute description=""
                                    masked="true"
                                    name="hostName"
                                    required="true"
                                    testWith=""
                                    type="string"/>
            </connectionAttributes>
            <actions>
               <action category="Account"
                       failOnError="true"
                       forSearch="false"
                       inherits="Abstract Get"
                       label="Get Account By ID"
                       maxRedirects="100"
                       name="Get Account By ID"
                       preemptiveAuth="true"
                       responseEncoding="">
                  <description/>
                  <inheritanceMetadata>
                     <section type="input">
                        <section type="inputParameters">
                           <attribute inherit="inherit" name="token" type="parameter"/>
                        </section>
                     </section>
                     <section type="output">
                        <section type="outputFields"/>
                     </section>
                     <section type="restSimpleBinding">
                        <attribute inherit="extend" name="url" type="url"/>
                        <section type="httpHeaders">
                           <attribute inherit="inherit" name="Authorization" type="header"/>
                        </section>
                        <section type="otherParams"/>
                     </section>
                  </inheritanceMetadata>
                  <input>
                     <parameter name="account_id"
                                nogen="true"
                                required="false"
                                testWith=""
                                type="string"/>
                  </input>
                  <binding>
                     <restSimpleBinding url="accounts({$account_id})" verb="GET"/>
                  </binding>
                  <output>
                     <field description="" name="Account" type="reference" xmlElement=".">
                        <options>
                           <option name="referenceTo">Account</option>
                        </options>
                     </field>
                  </output>
               </action>
               <action category="Authentication"
                       failOnError="true"
                       forSearch="false"
                       label="Get Token"
                       maxRedirects="100"
                       name="Get Token"
                       preemptiveAuth="true"
                       responseEncoding="">
                  <description/>
                  <input/>
                  <binding>
                     <restSimpleBinding multiUsing="semicolonSeparated"
                                        url="https://login.microsoftonline.com/{$tenant_id}/oauth2/token"
                                        verb="POST">
                        <otherParams>
                           <otherParam name="client_id">{$client_id}</otherParam>
                           <otherParam name="client_secret">{$client_secret}</otherParam>
                           <otherParam name="grant_type">{$grant_type}</otherParam>
                           <otherParam name="resource">{$resource}</otherParam>
                        </otherParams>
                        <body generateUsing="Form"/>
                     </restSimpleBinding>
                  </binding>
                  <output>
                     <field description=""
                            name="access_token"
                            property="access_token"
                            type="string"/>
                  </output>
               </action>
               <action category=""
                       failOnError="true"
                       forSearch="false"
                       isAbstract="true"
                       label="Abstract Get"
                       maxRedirects="100"
                       name="Abstract Get"
                       preemptiveAuth="true"
                       responseEncoding="">
                  <description/>
                  <input>
                     <parameter name="token"
                                nogen="true"
                                required="false"
                                testWith=""
                                type="string"/>
                  </input>
                  <binding>
                     <restSimpleBinding multiUsing="semicolonSeparated"
                                        url="https://{$hostName}/api/data/v8.2/"
                                        verb="GET">
                        <httpHeaders>
                           <header name="Authorization">Bearer {$token}</header>
                        </httpHeaders>
                     </restSimpleBinding>
                  </binding>
                  <output/>
               </action>
               <action category="Account"
                       failOnError="true"
                       forSearch="false"
                       inherits="Abstract Patch"
                       label="Update Account"
                       maxRedirects="100"
                       name="Update Account"
                       preemptiveAuth="true"
                       responseEncoding="">
                  <description/>
                  <inheritanceMetadata>
                     <section type="input">
                        <section type="inputParameters">
                           <attribute inherit="inherit" name="token" type="parameter"/>
                        </section>
                     </section>
                     <section type="output">
                        <section type="outputFields"/>
                     </section>
                     <section type="restSimpleBinding">
                        <attribute inherit="extend" name="url" type="url"/>
                        <section type="httpHeaders">
                           <attribute inherit="inherit" name="Authorization" type="header"/>
                        </section>
                        <section type="otherParams"/>
                     </section>
                  </inheritanceMetadata>
                  <input>
                     <parameter name="account_id"
                                nogen="true"
                                required="false"
                                testWith=""
                                type="string"/>
                     <parameter name="Account" required="false" testWith="" type="reference">
                        <options>
                           <option name="referenceTo">Account</option>
                        </options>
                     </parameter>
                  </input>
                  <binding>
                     <restSimpleBinding url="accounts({$account_id})" verb="PATCH">
                        <body generateUsing="UnwrappedJSON" preserveJsonStringFormatting="true"/>
                     </restSimpleBinding>
                  </binding>
                  <output>
                     <field description=""
                            name="Status"
                            responseStatusCode="true"
                            type="string"/>
                  </output>
               </action>
               <action category=""
                       failOnError="true"
                       forSearch="false"
                       isAbstract="true"
                       label="Abstract Patch"
                       maxRedirects="100"
                       name="Abstract Patch"
                       preemptiveAuth="true"
                       responseEncoding="">
                  <description/>
                  <input>
                     <parameter name="token"
                                nogen="true"
                                required="false"
                                testWith=""
                                type="string"/>
                  </input>
                  <binding>
                     <restSimpleBinding multiUsing="semicolonSeparated"
                                        url="https://{$hostName}/api/data/v8.2/"
                                        verb="PATCH">
                        <httpHeaders>
                           <header name="Authorization">Bearer {$token}</header>
                        </httpHeaders>
                        <body generateUsing="UnwrappedJSON" preserveJsonStringFormatting="true"/>
                     </restSimpleBinding>
                  </binding>
                  <output/>
               </action>
               <action category="Contact"
                       failOnError="true"
                       forSearch="false"
                       inherits="Abstract Get"
                       label="Get Contact By ID"
                       maxRedirects="100"
                       name="Get Contact By ID"
                       preemptiveAuth="true"
                       responseEncoding="">
                  <description/>
                  <inheritanceMetadata>
                     <section type="input">
                        <section type="inputParameters">
                           <attribute inherit="inherit" name="token" type="parameter"/>
                        </section>
                     </section>
                     <section type="output">
                        <section type="outputFields"/>
                     </section>
                     <section type="restSimpleBinding">
                        <attribute inherit="extend" name="url" type="url"/>
                        <section type="httpHeaders">
                           <attribute inherit="inherit" name="Authorization" type="header"/>
                        </section>
                        <section type="otherParams"/>
                     </section>
                  </inheritanceMetadata>
                  <input>
                     <parameter name="contact_id"
                                nogen="true"
                                required="false"
                                testWith=""
                                type="string"/>
                  </input>
                  <binding>
                     <restSimpleBinding url="contacts({$contact_id})" verb="GET"/>
                  </binding>
                  <output>
                     <field description="" name="Contact" type="reference" xmlElement=".">
                        <options>
                           <option name="referenceTo">Contact</option>
                        </options>
                     </field>
                  </output>
               </action>
               <action category="Contact"
                       failOnError="true"
                       forSearch="false"
                       inherits="Abstract Patch"
                       label="Update Contact"
                       maxRedirects="100"
                       name="Update Contact"
                       preemptiveAuth="true"
                       responseEncoding="">
                  <description/>
                  <inheritanceMetadata>
                     <section type="input">
                        <section type="inputParameters">
                           <attribute inherit="inherit" name="token" type="parameter"/>
                        </section>
                     </section>
                     <section type="output">
                        <section type="outputFields"/>
                     </section>
                     <section type="restSimpleBinding">
                        <attribute inherit="extend" name="url" type="url"/>
                        <section type="httpHeaders">
                           <attribute inherit="inherit" name="Authorization" type="header"/>
                        </section>
                        <section type="otherParams"/>
                     </section>
                  </inheritanceMetadata>
                  <input>
                     <parameter name="contact_id" required="false" testWith="" type="string"/>
                     <parameter name="Contact" required="false" testWith="" type="reference">
                        <options>
                           <option name="referenceTo">Contact</option>
                        </options>
                     </parameter>
                  </input>
                  <binding>
                     <restSimpleBinding url="contacts({$contact_id})" verb="PATCH">
                        <body generateUsing="UnwrappedJSON" preserveJsonStringFormatting="true"/>
                     </restSimpleBinding>
                  </binding>
                  <output>
                     <field description=""
                            name="Status"
                            responseStatusCode="true"
                            type="string"/>
                  </output>
               </action>
               <action category=""
                       failOnError="true"
                       forSearch="false"
                       isAbstract="true"
                       label="Abstract Post"
                       maxRedirects="100"
                       name="Abstract Post"
                       preemptiveAuth="true"
                       responseEncoding="">
                  <description/>
                  <input>
                     <parameter name="token"
                                nogen="true"
                                required="true"
                                testWith=""
                                type="string"/>
                  </input>
                  <binding>
                     <restSimpleBinding multiUsing="semicolonSeparated"
                                        url="https://{$hostName}/api/data/v8.2/"
                                        verb="POST">
                        <httpHeaders>
                           <header name="Authorization">Bearer {$token}</header>
                        </httpHeaders>
                        <body generateUsing="UnwrappedJSON" preserveJsonStringFormatting="true"/>
                     </restSimpleBinding>
                  </binding>
                  <output/>
               </action>
               <action category="Contact"
                       failOnError="true"
                       forSearch="false"
                       inherits="Abstract Post"
                       label="Create Contact"
                       maxRedirects="100"
                       name="Create Contact"
                       preemptiveAuth="true"
                       responseEncoding="">
                  <description/>
                  <inheritanceMetadata>
                     <section type="input">
                        <section type="inputParameters">
                           <attribute inherit="inherit" name="token" type="parameter"/>
                        </section>
                     </section>
                     <section type="output">
                        <section type="outputFields"/>
                     </section>
                     <section type="restSimpleBinding">
                        <attribute inherit="extend" name="url" type="url"/>
                        <section type="httpHeaders">
                           <attribute inherit="inherit" name="Authorization" type="header"/>
                        </section>
                        <section type="otherParams"/>
                     </section>
                  </inheritanceMetadata>
                  <input>
                     <parameter name="Contact" required="false" testWith="" type="reference">
                        <options>
                           <option name="referenceTo">Contact</option>
                        </options>
                     </parameter>
                  </input>
                  <binding>
                     <restSimpleBinding url="contacts" verb="POST">
                        <body generateUsing="UnwrappedJSON" preserveJsonStringFormatting="true"/>
                     </restSimpleBinding>
                  </binding>
                  <output/>
               </action>
            </actions>
            <objects>
               <processObject xmlns="http://schemas.active-endpoints.com/appmodules/screenflow/2011/06/avosHostEnvironment.xsd"
                              isByCopy="true"
                              name="Account">
                  <description>An automatically generated process object</description>
                  <detail>
                     <field name="address2_utcoffset" type="string"/>
                     <field name="address1_city" type="string"/>
                     <field name="address2_name" type="string"/>
                     <field name="address1_latitude" type="string"/>
                     <field name="originatingleadid_value" type="string"/>
                     <field name="address1_addresstypecode" type="string"/>
                     <field name="openrevenue" type="int"/>
                     <field name="participatesinworkflow" type="string"/>
                     <field name="emailaddress2" type="string"/>
                     <field name="emailaddress3" type="string"/>
                     <field name="emailaddress1" type="string"/>
                     <field name="statuscode" type="int"/>
                     <field name="accountid" type="string"/>
                     <field name="slaid_value" type="string"/>
                     <field name="entityimage_url" type="string"/>
                     <field name="shippingmethodcode" type="int"/>
                     <field name="opendeals" type="int"/>
                     <field name="address1_line1" type="string"/>
                     <field name="owningteam_value" type="string"/>
                     <field name="donotsendmm" type="string"/>
                     <field name="address1_shippingmethodcode" type="string"/>
                     <field name="fax" type="string"/>
                     <field name="modifiedonbehalfby_value" type="string"/>
                     <field name="address1_line3" type="string"/>
                     <field name="address1_line2" type="string"/>
                     <field name="address1_longitude" type="string"/>
                     <field name="address2_fax" type="string"/>
                     <field name="primarysatoriid" type="string"/>
                     <field name="preferredappointmenttimecode" type="string"/>
                     <field name="address1_stateorprovince" type="string"/>
                     <field name="address1_utcoffset" type="string"/>
                     <field name="timezoneruleversionnumber" type="string"/>
                     <field name="stockexchange" type="string"/>
                     <field name="address2_city" type="string"/>
                     <field name="address2_postalcode" type="string"/>
                     <field name="modifiedon" type="string"/>
                     <field name="lastonholdtime" type="string"/>
                     <field name="address1_upszone" type="string"/>
                     <field name="donotphone" type="string"/>
                     <field name="address2_latitude" type="string"/>
                     <field name="industrycode" type="string"/>
                     <field name="timespentbymeonemailandmeetings" type="string"/>
                     <field name="donotbulkpostalmail" type="string"/>
                     <field name="customersizecode" type="int"/>
                     <field name="marketcap" type="string"/>
                     <field name="customertypecode" type="string"/>
                     <field name="territorycode" type="int"/>
                     <field name="address2_addressid" type="string"/>
                     <field name="utcconversiontimezonecode" type="string"/>
                     <field name="statecode" type="int"/>
                     <field name="aging60" type="string"/>
                     <field name="address1_postalcode" type="string"/>
                     <field name="territoryid_value" type="string"/>
                     <field name="openrevenue_state" type="int"/>
                     <field name="aging30_base" type="string"/>
                     <field name="sharesoutstanding" type="string"/>
                     <field name="owningbusinessunit_value" type="string"/>
                     <field name="overriddencreatedon" type="string"/>
                     <field name="address2_county" type="string"/>
                     <field name="address2_shippingmethodcode" type="int"/>
                     <field name="entityimageid" type="string"/>
                     <field name="address2_primarycontactname" type="string"/>
                     <field name="donotfax" type="string"/>
                     <field name="businesstypecode" type="int"/>
                     <field name="preferredserviceid_value" type="string"/>
                     <field name="versionnumber" type="int"/>
                     <field name="address1_primarycontactname" type="string"/>
                     <field name="createdon" type="string"/>
                     <field name="address2_telephone2" type="string"/>
                     <field name="address2_telephone1" type="string"/>
                     <field name="modifiedby_value" type="string"/>
                     <field name="address2_telephone3" type="string"/>
                     <field name="address2_line3" type="string"/>
                     <field name="aging90_base" type="string"/>
                     <field name="address2_postofficebox" type="string"/>
                     <field name="processid" type="string"/>
                     <field name="address2_line1" type="string"/>
                     <field name="websiteurl" type="string"/>
                     <field name="address2_line2" type="string"/>
                     <field name="slainvokedid_value" type="string"/>
                     <field name="lastusedincampaign" type="string"/>
                     <field name="new_erpid" type="string"/>
                     <field name="onholdtime" type="string"/>
                     <field name="marketingonly" type="string"/>
                     <field name="ownerid_value" type="string"/>
                     <field name="address1_name" type="string"/>
                     <field name="stageid" type="string"/>
                     <field name="address1_telephone2" type="string"/>
                     <field name="yominame" type="string"/>
                     <field name="importsequencenumber" type="string"/>
                     <field name="address1_telephone3" type="string"/>
                     <field name="telephone3" type="string"/>
                     <field name="telephone2" type="string"/>
                     <field name="createdbyexternalparty_value" type="string"/>
                     <field name="telephone1" type="string"/>
                     <field name="ownershipcode" type="string"/>
                     <field name="primarycontactid_value" type="string"/>
                     <field name="creditlimit_base" type="string"/>
                     <field name="donotemail" type="string"/>
                     <field name="opendeals_date" type="datetime"/>
                     <field name="revenue" type="string"/>
                     <field name="address1_postofficebox" type="string"/>
                     <field name="address1_country" type="string"/>
                     <field name="address2_stateorprovince" type="string"/>
                     <field name="address1_composite" type="string"/>
                     <field name="address1_telephone1" type="string"/>
                     <field name="aging30" type="string"/>
                     <field name="openrevenue_base" type="int"/>
                     <field name="donotbulkemail" type="string"/>
                     <field name="address1_freighttermscode" type="string"/>
                     <field name="donotpostalmail" type="string"/>
                     <field name="address1_addressid" type="string"/>
                     <field name="preferredcontactmethodcode" type="int"/>
                     <field name="modifiedbyexternalparty_value" type="string"/>
                     <field name="address1_fax" type="string"/>
                     <field name="entityimage" type="string"/>
                     <field name="parentaccountid_value" type="string"/>
                     <field name="preferredequipmentid_value" type="string"/>
                     <field name="name" type="string"/>
                     <field name="paymenttermscode" type="string"/>
                     <field name="masterid_value" type="string"/>
                     <field name="accountratingcode" type="int"/>
                     <field name="address2_composite" type="string"/>
                     <field name="preferredappointmentdaycode" type="string"/>
                     <field name="marketcap_base" type="string"/>
                     <field name="creditonhold" type="string"/>
                     <field name="openrevenue_date" type="datetime"/>
                     <field name="exchangerate" type="int"/>
                     <field name="entityimage_timestamp" type="string"/>
                     <field name="accountclassificationcode" type="int"/>
                     <field name="description" type="string"/>
                     <field name="primarytwitterid" type="string"/>
                     <field name="numberofemployees" type="string"/>
                     <field name="sic" type="string"/>
                     <field name="opendeals_state" type="int"/>
                     <field name="ftpsiteurl" type="string"/>
                     <field name="address2_addresstypecode" type="int"/>
                     <field name="accountcategorycode" type="string"/>
                     <field name="createdby_value" type="string"/>
                     <field name="address1_county" type="string"/>
                     <field name="address2_country" type="string"/>
                     <field name="createdonbehalfby_value" type="string"/>
                     <field name="tickersymbol" type="string"/>
                     <field name="address2_freighttermscode" type="int"/>
                     <field name="accountnumber" type="string"/>
                     <field name="owninguser_value" type="string"/>
                     <field name="defaultpricelevelid_value" type="string"/>
                     <field name="merged" type="string"/>
                     <field name="aging90" type="string"/>
                     <field name="transactioncurrencyid_value" type="string"/>
                     <field name="traversedpath" type="string"/>
                     <field name="preferredsystemuserid_value" type="string"/>
                     <field name="aging60_base" type="string"/>
                     <field name="followemail" type="string"/>
                     <field name="revenue_base" type="string"/>
                     <field name="address2_longitude" type="string"/>
                     <field name="address2_upszone" type="string"/>
                     <field name="creditlimit" type="string"/>
                     <field name="new_salesforceid" type="string"/>
                     <field name="new_mdmrowid" type="string"/>
                  </detail>
               </processObject>
               <processObject xmlns="http://schemas.active-endpoints.com/appmodules/screenflow/2011/06/avosHostEnvironment.xsd"
                              isByCopy="true"
                              name="Contact">
                  <description>An automatically generated process object</description>
                  <detail>
                     <field name="familystatuscode" type="string"/>
                     <field name="address1_addresstypecode" type="string"/>
                     <field name="originatingleadid_value" type="string"/>
                     <field name="participatesinworkflow" type="string"/>
                     <field name="yomimiddlename" type="string"/>
                     <field name="annualincome" type="string"/>
                     <field name="statuscode" type="int"/>
                     <field name="slaid_value" type="string"/>
                     <field name="yomifullname" type="string"/>
                     <field name="address3_name" type="string"/>
                     <field name="entityimage_url" type="string"/>
                     <field name="owningteam_value" type="string"/>
                     <field name="donotsendmm" type="string"/>
                     <field name="modifiedonbehalfby_value" type="string"/>
                     <field name="preferredappointmenttimecode" type="int"/>
                     <field name="timezoneruleversionnumber" type="string"/>
                     <field name="address1_stateorprovince" type="string"/>
                     <field name="gendercode" type="string"/>
                     <field name="address2_city" type="string"/>
                     <field name="lastonholdtime" type="string"/>
                     <field name="address2_latitude" type="string"/>
                     <field name="donotbulkpostalmail" type="string"/>
                     <field name="accountrolecode" type="string"/>
                     <field name="contactid" type="string"/>
                     <field name="leadsourcecode" type="int"/>
                     <field name="statecode" type="int"/>
                     <field name="employeeid" type="string"/>
                     <field name="address3_line1" type="string"/>
                     <field name="address3_line2" type="string"/>
                     <field name="address3_line3" type="string"/>
                     <field name="owningbusinessunit_value" type="string"/>
                     <field name="overriddencreatedon" type="string"/>
                     <field name="nickname" type="string"/>
                     <field name="address2_county" type="string"/>
                     <field name="address3_postofficebox" type="string"/>
                     <field name="address2_shippingmethodcode" type="int"/>
                     <field name="entityimageid" type="string"/>
                     <field name="numberofchildren" type="string"/>
                     <field name="jobtitle" type="string"/>
                     <field name="donotfax" type="string"/>
                     <field name="preferredserviceid_value" type="string"/>
                     <field name="versionnumber" type="int"/>
                     <field name="address1_primarycontactname" type="string"/>
                     <field name="address2_postofficebox" type="string"/>
                     <field name="websiteurl" type="string"/>
                     <field name="lastusedincampaign" type="string"/>
                     <field name="onholdtime" type="string"/>
                     <field name="ownerid_value" type="string"/>
                     <field name="address1_name" type="string"/>
                     <field name="anniversary" type="string"/>
                     <field name="stageid" type="string"/>
                     <field name="address1_telephone2" type="string"/>
                     <field name="address1_telephone3" type="string"/>
                     <field name="business2" type="string"/>
                     <field name="createdbyexternalparty_value" type="string"/>
                     <field name="creditlimit_base" type="string"/>
                     <field name="donotemail" type="string"/>
                     <field name="address1_country" type="string"/>
                     <field name="address3_shippingmethodcode" type="string"/>
                     <field name="mobilephone" type="double"/>
                     <field name="parentcustomerid_value" type="string"/>
                     <field name="address1_telephone1" type="string"/>
                     <field name="address3_postalcode" type="string"/>
                     <field name="address1_addressid" type="string"/>
                     <field name="preferredequipmentid_value" type="string"/>
                     <field name="paymenttermscode" type="string"/>
                     <field name="masterid_value" type="string"/>
                     <field name="salutation" type="string"/>
                     <field name="address2_composite" type="string"/>
                     <field name="firstname" type="string"/>
                     <field name="exchangerate" type="int"/>
                     <field name="spousesname" type="string"/>
                     <field name="description" type="string"/>
                     <field name="address3_latitude" type="string"/>
                     <field name="ftpsiteurl" type="string"/>
                     <field name="createdby_value" type="string"/>
                     <field name="address3_fax" type="string"/>
                     <field name="company" type="string"/>
                     <field name="address3_composite" type="string"/>
                     <field name="subscriptionid" type="string"/>
                     <field name="home2" type="string"/>
                     <field name="address1_county" type="string"/>
                     <field name="createdonbehalfby_value" type="string"/>
                     <field name="address2_freighttermscode" type="int"/>
                     <field name="owninguser_value" type="string"/>
                     <field name="merged" type="string"/>
                     <field name="aging90" type="string"/>
                     <field name="middlename" type="string"/>
                     <field name="preferredsystemuserid_value" type="string"/>
                     <field name="annualincome_base" type="string"/>
                     <field name="aging60_base" type="string"/>
                     <field name="address3_city" type="string"/>
                     <field name="address2_upszone" type="string"/>
                     <field name="fullname" type="string"/>
                     <field name="creditlimit" type="string"/>
                     <field name="address3_stateorprovince" type="string"/>
                     <field name="address2_utcoffset" type="string"/>
                     <field name="address1_city" type="string"/>
                     <field name="birthdate" type="datetime"/>
                     <field name="address2_name" type="string"/>
                     <field name="address1_latitude" type="string"/>
                     <field name="emailaddress2" type="string"/>
                     <field name="emailaddress3" type="string"/>
                     <field name="emailaddress1" type="string"/>
                     <field name="shippingmethodcode" type="int"/>
                     <field name="address1_line1" type="string"/>
                     <field name="address3_country" type="string"/>
                     <field name="address1_shippingmethodcode" type="string"/>
                     <field name="fax" type="string"/>
                     <field name="address1_line3" type="string"/>
                     <field name="address1_longitude" type="string"/>
                     <field name="address1_line2" type="string"/>
                     <field name="address2_fax" type="string"/>
                     <field name="address1_utcoffset" type="string"/>
                     <field name="yomifirstname" type="string"/>
                     <field name="lastname" type="string"/>
                     <field name="address2_postalcode" type="string"/>
                     <field name="modifiedon" type="string"/>
                     <field name="address1_upszone" type="string"/>
                     <field name="donotphone" type="string"/>
                     <field name="timespentbymeonemailandmeetings" type="string"/>
                     <field name="customersizecode" type="int"/>
                     <field name="externaluseridentifier" type="string"/>
                     <field name="customertypecode" type="int"/>
                     <field name="territorycode" type="int"/>
                     <field name="address2_addressid" type="string"/>
                     <field name="utcconversiontimezonecode" type="string"/>
                     <field name="address1_postalcode" type="int"/>
                     <field name="aging60" type="string"/>
                     <field name="isbackofficecustomer" type="boolean"/>
                     <field name="address3_longitude" type="string"/>
                     <field name="aging30_base" type="string"/>
                     <field name="assistantphone" type="string"/>
                     <field name="address3_county" type="string"/>
                     <field name="address3_primarycontactname" type="string"/>
                     <field name="address2_primarycontactname" type="string"/>
                     <field name="address3_addresstypecode" type="string"/>
                     <field name="address3_utcoffset" type="string"/>
                     <field name="createdon" type="string"/>
                     <field name="address2_telephone2" type="string"/>
                     <field name="address2_telephone1" type="string"/>
                     <field name="modifiedby_value" type="string"/>
                     <field name="address2_telephone3" type="string"/>
                     <field name="address2_line3" type="string"/>
                     <field name="aging90_base" type="string"/>
                     <field name="processid" type="string"/>
                     <field name="address2_line1" type="string"/>
                     <field name="address2_line2" type="string"/>
                     <field name="slainvokedid_value" type="string"/>
                     <field name="marketingonly" type="string"/>
                     <field name="address3_telephone3" type="string"/>
                     <field name="address3_telephone2" type="string"/>
                     <field name="address3_telephone1" type="string"/>
                     <field name="importsequencenumber" type="string"/>
                     <field name="telephone3" type="string"/>
                     <field name="telephone2" type="string"/>
                     <field name="telephone1" type="double"/>
                     <field name="suffix" type="string"/>
                     <field name="address1_postofficebox" type="string"/>
                     <field name="address2_stateorprovince" type="string"/>
                     <field name="pager" type="string"/>
                     <field name="address1_composite" type="string"/>
                     <field name="educationcode" type="int"/>
                     <field name="aging30" type="string"/>
                     <field name="donotbulkemail" type="string"/>
                     <field name="address1_freighttermscode" type="string"/>
                     <field name="donotpostalmail" type="string"/>
                     <field name="preferredcontactmethodcode" type="int"/>
                     <field name="haschildrencode" type="int"/>
                     <field name="address3_freighttermscode" type="string"/>
                     <field name="modifiedbyexternalparty_value" type="string"/>
                     <field name="address1_fax" type="string"/>
                     <field name="entityimage" type="string"/>
                     <field name="address3_upszone" type="string"/>
                     <field name="preferredappointmentdaycode" type="string"/>
                     <field name="governmentid" type="string"/>
                     <field name="creditonhold" type="string"/>
                     <field name="entityimage_timestamp" type="string"/>
                     <field name="childrensnames" type="string"/>
                     <field name="parentcontactid_value" type="string"/>
                     <field name="address2_addresstypecode" type="int"/>
                     <field name="yomilastname" type="string"/>
                     <field name="managername" type="string"/>
                     <field name="department" type="string"/>
                     <field name="accountid_value" type="string"/>
                     <field name="address2_country" type="string"/>
                     <field name="address3_addressid" type="string"/>
                     <field name="defaultpricelevelid_value" type="string"/>
                     <field name="transactioncurrencyid_value" type="string"/>
                     <field name="traversedpath" type="string"/>
                     <field name="followemail" type="string"/>
                     <field name="assistantname" type="string"/>
                     <field name="managerphone" type="string"/>
                     <field name="address2_longitude" type="string"/>
                     <field name="callback" type="string"/>
                     <field name="new_mdmrowid" type="string"/>
                  </detail>
               </processObject>
            </objects>
         </businessConnector>
      </types1:Entry>
      <types1:GUID>4giesrCFnYhjmq3IF0SIiQ</types1:GUID>
      <types1:DisplayName>Microsoft Dynamics CRM OData API</types1:DisplayName>
   </types1:Item>
   <types1:CurrentServerDateTime>2020-04-04T13:53:13.916Z</types1:CurrentServerDateTime>
</aetgt:getResponse>
