{
   "exportedObjects": [
      {
         "objectGuid": "almpU5d486xjg3tXw87BET",
         "objectName": "Shared assets",
         "objectType": "Project",
         "path": "/Explore",
         "metadata": {
            "additionalInfo": {
               "contentType": "Binary",
               "description": "This Project contains shared assets",
               "documentState": "COMPLETE"
            },
            "contextAttributes": [],
            "modelVersion": {
               "major": 0,
               "minor": 0
            },
            "objectRefs": [],
            "repoInfo": null
         }
      },
      {
         "objectGuid": "00m3cKr9AGOjGY55vZSASH",
         "objectName": "Service Connectors",
         "objectType": "Folder",
         "path": "/Explore/Shared assets",
         "metadata": {
            "additionalInfo": {
               "contentType": "Binary",
               "description": "",
               "documentState": "COMPLETE"
            },
            "contextAttributes": [],
            "modelVersion": {
               "major": 0,
               "minor": 0
            },
            "objectRefs": [],
            "repoInfo": null
         }
      },
      {
         "objectGuid": "5wo7RJ32yZblISulNfF6E6",
         "objectName": "Oracle Cloud Infrastructure Compute SecurityProtocols API v18-1-2",
         "objectType": "AI_SERVICE_CONNECTOR",
         "path": "/Explore/Shared assets/Service Connectors",
         "metadata": {
            "additionalInfo": {
               "contentType": "application/json; charset=utf-8",
               "description": "A security protocol allows you to specify a transport protocol and the source and destination ports to be used with the specified protocol.\u003cp\u003eIt is used for matching packets in a security rule.\u003cp\u003eWhen you create a security rule, the protocols and ports of the specified security protocols are used to determine the type of traffic that is permitted by that security rule. If you don't specify protocols and ports in a security protocol, traffic is permitted over all protocols and ports.\u003cp\u003eYou can specify a security protocol in multiple security rules. So if you have a protocol that you want to use in a number of security rules, you don't have to create the protocol multiple times.",
               "documentState": "VALID"
            },
            "contextAttributes": null,
            "modelVersion": {
               "major": 1,
               "minor": 0
            },
            "objectRefs": [],
            "repoInfo": {
               "repoHandle": "NwXlDn8dzWztZK0-gt-1707335-2019-02-12T01:15:20.643Z::svc.xml"
            }
         }
      }
   ]
}