<aetgt:getResponse xmlns:aetgt="http://schemas.active-endpoints.com/appmodules/repository/2010/10/avrepository.xsd"
                   xmlns:types1="http://schemas.active-endpoints.com/appmodules/repository/2010/10/avrepository.xsd">
   <types1:Item>
      <types1:EntryId>yS24FsWTzIf6riX-gt-4223530-2019-02-22T03:45:56.396Z::svc.xml</types1:EntryId>
      <types1:Name>Oracle_Eloqua_Marketing_Cloud_Service_Email_deployment_API_v2</types1:Name>
      <types1:MimeType>application/xml+businesssconnector</types1:MimeType>
      <types1:Description>The email deployment API is used to send and retrieve email deployments. There are two methods for creating and sending email deployments: to a single contact, or to a low volume of contacts (up to 100 contacts).&#xD;
&#xD;
&lt;a href='https://docs.oracle.com/cloud/latest/marketingcs_gs/OMCAA/index.html#CSHID=Emails'&gt;Learn more about emails&lt;/a&gt;.</types1:Description>
      <types1:AppliesTo/>
      <types1:Tags/>
      <types1:VersionLabel>1.0</types1:VersionLabel>
      <types1:State>CURRENT</types1:State>
      <types1:ProcessGroup/>
      <types1:CreatedBy>sorabh@na1.dm-us.org</types1:CreatedBy>
      <types1:CreationDate>2019-02-22T03:45:56Z</types1:CreationDate>
      <types1:ModifiedBy/>
      <types1:PublicationStatus>published</types1:PublicationStatus>
      <types1:PublishedBy>sorabh@na1.dm-us.org</types1:PublishedBy>
      <types1:PublicationDate>2019-02-22T03:46:20Z</types1:PublicationDate>
      <types1:PublishedContributionId>project:/rt.connector/Oracle_Eloqua_Marketing_Cloud_Service_Email_deployment_API_v2/Oracle_Eloqua_Marketing_Cloud_Service_Email_deployment_API_v2_svcDef.xml</types1:PublishedContributionId>
      <types1:AutosaveExists>false</types1:AutosaveExists>
      <types1:Entry>
         <businessConnector xmlns="http://schemas.informatica.com/socrates/data-services/2014/05/business-connector-model.xsd"
                            agentOnly="false"
                            debug="false"
                            displayName="Oracle Eloqua Marketing Cloud Service Email deployment API v2"
                            label=""
                            name="Oracle_Eloqua_Marketing_Cloud_Service_Email_deployment_API_v2"
                            uuid="729e412b-e44c-468d-a4e5-b2dfc175ec67">
            <description>The email deployment API is used to send and retrieve email deployments. There are two methods for creating and sending email deployments: to a single contact, or to a low volume of contacts (up to 100 contacts).&#xD;
&#xD;
&lt;a href='https://docs.oracle.com/cloud/latest/marketingcs_gs/OMCAA/index.html#CSHID=Emails'&gt;Learn more about emails&lt;/a&gt;.</description>
            <tags/>
            <connectionAttributes xmlns="http://schemas.informatica.com/appmodules/screenflow/2014/04/avosConnectors.xsd">
               <connectionAttribute description="Host Name"
                                    masked="false"
                                    name="hostName"
                                    required="true"
                                    testWith="apicatalog.oraclecloud.com"
                                    type="string"/>
            </connectionAttributes>
            <actions>
               <action category=""
                       failOnError="true"
                       forSearch="false"
                       label="CreateIndividualPOSTRest20"
                       maxRedirects="100"
                       name="CreateIndividualPOSTRest20"
                       preemptiveAuth="true"
                       responseEncoding="">
                  <description>Create and send an email deployment. Sends an email to a single contact or a low volume of contacts (up to 100 contacts). See &lt;a href='https://docs.oracle.com/cloud/latest/marketingcs_gs/OMCAB/index.html#CSHID=EmailDeployment'&gt;Email deployment API&lt;/a&gt; in the &lt;i&gt;Oracle Eloqua Developer Help Center&lt;/i&gt; for complete information about this endpoint. Email properties cannot be modified via this endpoint.</description>
                  <input>
                     <parameter description="The request body defines the details of the email deployment to be created."
                                label="message"
                                name="message"
                                required="true"
                                testWith=""
                                type="reference">
                        <options>
                           <option name="referenceTo">EmailDeploymentRest20</option>
                        </options>
                     </parameter>
                     <parameter description="Whether or not the email header and footer is inserted into the email body. If &lt;code&gt;true&lt;/code&gt;, the email header and footer will not be inserted into the email body. If &lt;code&gt;false&lt;/code&gt;, the email header and footer will be inserted into the email body. "
                                label="preMerge"
                                name="preMerge"
                                required="false"
                                testWith=""
                                type="boolean"/>
                  </input>
                  <binding>
                     <restSimpleBinding multiUsing="semicolonSeparated"
                                        url="https://{$hostName}/api/REST/2.0/assets/email/deployment"
                                        verb="POST">
                        <httpHeaders>
                           <header name="Content-Type">application/json</header>
                           <header name="Accept">application/json</header>
                        </httpHeaders>
                        <body generateUsing="UnwrappedJSON" preserveJsonStringFormatting="false"/>
                     </restSimpleBinding>
                  </binding>
                  <output/>
               </action>
               <action category=""
                       failOnError="true"
                       forSearch="false"
                       label="ReadIndividualGETRest20"
                       maxRedirects="100"
                       name="ReadIndividualGETRest20"
                       preemptiveAuth="true"
                       responseEncoding="">
                  <description>Retrieve an email deployment. Retrieves information about an email deployment.</description>
                  <input>
                     <parameter description="Id of the email deployment."
                                label="idPathParam"
                                name="idPathParam"
                                nogen="true"
                                required="true"
                                testWith=""
                                type="int"/>
                     <parameter description="Level of detail returned by the request. Eloqua APIs can retrieve entities at three different levels of depth: &lt;code&gt;minimal&lt;/code&gt;, &lt;code&gt;partial&lt;/code&gt;, and &lt;code&gt;complete&lt;/code&gt;. Any other values passed are reset to &lt;code&gt;complete&lt;/code&gt; by default. For more information, see &lt;a href='https://docs.oracle.com/cloud/latest/marketingcs_gs/OMCAB/index.html#CSHID=RequestDepth'&gt;Request depth&lt;/a&gt;. Any other values passed are reset to complete by default."
                                label="depth"
                                name="depth"
                                required="false"
                                testWith=""
                                type="string"/>
                  </input>
                  <binding>
                     <restSimpleBinding multiUsing="semicolonSeparated"
                                        url="https://{$hostName}/api/REST/2.0/assets/email/deployment/{$idPathParam}"
                                        verb="GET">
                        <httpHeaders>
                           <header name="Content-Type">application/json</header>
                           <header name="Accept">application/json</header>
                        </httpHeaders>
                     </restSimpleBinding>
                  </binding>
                  <output>
                     <field description="OK"
                            entireResponse="true"
                            name="EmailDeploymentRest20"
                            type="reference">
                        <options>
                           <option name="referenceTo">EmailDeploymentRest20</option>
                        </options>
                     </field>
                  </output>
               </action>
            </actions>
            <objects>
               <processObject xmlns="http://schemas.active-endpoints.com/appmodules/screenflow/2011/06/avosHostEnvironment.xsd"
                              isByCopy="true"
                              name="HtmlContentRest20">
                  <description/>
                  <detail>
                     <field name="contentSource" type="string"/>
                     <field name="type" type="string"/>
                  </detail>
               </processObject>
               <processObject xmlns="http://schemas.active-endpoints.com/appmodules/screenflow/2011/06/avosHostEnvironment.xsd"
                              isByCopy="true"
                              name="CriterionRest20">
                  <description/>
                  <detail>
                     <field name="updatedBy" type="string"/>
                     <field name="accessedAt" type="string"/>
                     <field name="currentStatus" type="string"/>
                     <field name="sourceTemplateId" type="string"/>
                     <field name="description" type="string"/>
                     <field name="type" type="string"/>
                     <field name="folderId" type="string"/>
                     <field name="createdAt" type="string"/>
                     <field name="depth" type="string"/>
                     <field name="createdBy" type="string"/>
                     <field name="permissions" type="objectlist">
                        <options>
                           <option name="referenceTo">string</option>
                           <option name="relationshipName">Child</option>
                        </options>
                     </field>
                     <field name="scheduledFor" type="string"/>
                     <field name="name" type="string"/>
                     <field name="id" type="string"/>
                     <field name="updatedAt" type="string"/>
                  </detail>
               </processObject>
               <processObject xmlns="http://schemas.active-endpoints.com/appmodules/screenflow/2011/06/avosHostEnvironment.xsd"
                              isByCopy="true"
                              name="EmailRest20">
                  <description/>
                  <detail>
                     <field name="fieldMerges" type="objectlist">
                        <options>
                           <option name="referenceTo">FieldMergeRest20</option>
                           <option name="relationshipName">Child</option>
                        </options>
                     </field>
                     <field name="attachments" type="objectlist">
                        <options>
                           <option name="referenceTo">ImportedFileRest20</option>
                           <option name="relationshipName">Child</option>
                        </options>
                     </field>
                     <field name="subject" type="string"/>
                     <field name="description" type="string"/>
                     <field name="isPrivate" type="string"/>
                     <field name="type" type="string"/>
                     <field name="htmlContent" type="reference">
                        <options>
                           <option name="referenceTo">HtmlContentRest20</option>
                           <option name="relationshipName">Child</option>
                        </options>
                     </field>
                     <field name="emailFooterId" type="string"/>
                     <field name="isContentProtected" type="string"/>
                     <field name="createdAt" type="string"/>
                     <field name="senderName" type="string"/>
                     <field name="isPlainTextEditable" type="string"/>
                     <field name="permissions" type="objectlist">
                        <options>
                           <option name="referenceTo">string</option>
                           <option name="relationshipName">Child</option>
                        </options>
                     </field>
                     <field name="scheduledFor" type="string"/>
                     <field name="senderEmail" type="string"/>
                     <field name="plainText" type="string"/>
                     <field name="replyToName" type="string"/>
                     <field name="id" type="string"/>
                     <field name="previewText" type="string"/>
                     <field name="updatedAt" type="string"/>
                     <field name="dynamicContents" type="objectlist">
                        <options>
                           <option name="referenceTo">DynamicContentRest20</option>
                           <option name="relationshipName">Child</option>
                        </options>
                     </field>
                     <field name="emailHeaderId" type="string"/>
                     <field name="images" type="objectlist">
                        <options>
                           <option name="referenceTo">ImageFileRest20</option>
                           <option name="relationshipName">Child</option>
                        </options>
                     </field>
                     <field name="updatedBy" type="string"/>
                     <field name="accessedAt" type="string"/>
                     <field name="currentStatus" type="string"/>
                     <field name="sendPlainTextOnly" type="string"/>
                     <field name="encodingId" type="string"/>
                     <field name="sourceTemplateId" type="string"/>
                     <field name="archive" type="string"/>
                     <field name="bounceBackEmail" type="string"/>
                     <field name="folderId" type="string"/>
                     <field name="replyToEmail" type="string"/>
                     <field name="emailGroupId" type="string"/>
                     <field name="layout" type="string"/>
                     <field name="renderMode" type="string"/>
                     <field name="virtualMTAId" type="string"/>
                     <field name="contentSections" type="objectlist">
                        <options>
                           <option name="referenceTo">ContentSectionRest20</option>
                           <option name="relationshipName">Child</option>
                        </options>
                     </field>
                     <field name="contentServiceInstances" type="objectlist">
                        <options>
                           <option name="referenceTo">CloudComponentInstanceRest20</option>
                           <option name="relationshipName">Child</option>
                        </options>
                     </field>
                     <field name="isTracked" type="string"/>
                     <field name="depth" type="string"/>
                     <field name="createdBy" type="string"/>
                     <field name="name" type="string"/>
                     <field name="files" type="objectlist">
                        <options>
                           <option name="referenceTo">ImportedFileRest20</option>
                           <option name="relationshipName">Child</option>
                        </options>
                     </field>
                     <field name="style" type="string"/>
                     <field name="forms" type="objectlist">
                        <options>
                           <option name="referenceTo">FormRest20</option>
                           <option name="relationshipName">Child</option>
                        </options>
                     </field>
                     <field name="hyperlinks" type="objectlist">
                        <options>
                           <option name="referenceTo">HyperlinkRest20</option>
                           <option name="relationshipName">Child</option>
                        </options>
                     </field>
                  </detail>
               </processObject>
               <processObject xmlns="http://schemas.active-endpoints.com/appmodules/screenflow/2011/06/avosHostEnvironment.xsd"
                              isByCopy="true"
                              name="EmailDeploymentRest20">
                  <description/>
                  <detail>
                     <field name="updatedBy" type="string"/>
                     <field name="accessedAt" type="string"/>
                     <field name="currentStatus" type="string"/>
                     <field name="failedSendCount" type="string"/>
                     <field name="sourceTemplateId" type="string"/>
                     <field name="description" type="string"/>
                     <field name="successfulSendCount" type="string"/>
                     <field name="type" type="string"/>
                     <field name="endAt" type="string"/>
                     <field name="folderId" type="string"/>
                     <field name="createdAt" type="string"/>
                     <field name="depth" type="string"/>
                     <field name="sentContent" type="string"/>
                     <field name="createdBy" type="string"/>
                     <field name="permissions" type="objectlist">
                        <options>
                           <option name="referenceTo">string</option>
                           <option name="relationshipName">Child</option>
                        </options>
                     </field>
                     <field name="scheduledFor" type="string"/>
                     <field name="name" type="string"/>
                     <field name="id" type="string"/>
                     <field name="sentSubject" type="string"/>
                     <field name="email" type="reference">
                        <options>
                           <option name="referenceTo">EmailRest20</option>
                           <option name="relationshipName">Child</option>
                        </options>
                     </field>
                     <field name="updatedAt" type="string"/>
                  </detail>
               </processObject>
               <processObject xmlns="http://schemas.active-endpoints.com/appmodules/screenflow/2011/06/avosHostEnvironment.xsd"
                              isByCopy="true"
                              name="ContentSectionRest20">
                  <description/>
                  <detail>
                     <field name="images" type="objectlist">
                        <options>
                           <option name="referenceTo">ImageFileRest20</option>
                           <option name="relationshipName">Child</option>
                        </options>
                     </field>
                     <field name="updatedBy" type="string"/>
                     <field name="accessedAt" type="string"/>
                     <field name="currentStatus" type="string"/>
                     <field name="sourceTemplateId" type="string"/>
                     <field name="contentText" type="string"/>
                     <field name="description" type="string"/>
                     <field name="type" type="string"/>
                     <field name="contentHtml" type="string"/>
                     <field name="folderId" type="string"/>
                     <field name="createdAt" type="string"/>
                     <field name="depth" type="string"/>
                     <field name="size" type="reference">
                        <options>
                           <option name="referenceTo">SizeRest20</option>
                           <option name="relationshipName">Child</option>
                        </options>
                     </field>
                     <field name="createdBy" type="string"/>
                     <field name="permissions" type="objectlist">
                        <options>
                           <option name="referenceTo">string</option>
                           <option name="relationshipName">Child</option>
                        </options>
                     </field>
                     <field name="scheduledFor" type="string"/>
                     <field name="scope" type="string"/>
                     <field name="name" type="string"/>
                     <field name="files" type="objectlist">
                        <options>
                           <option name="referenceTo">ImportedFileRest20</option>
                           <option name="relationshipName">Child</option>
                        </options>
                     </field>
                     <field name="id" type="string"/>
                     <field name="forms" type="objectlist">
                        <options>
                           <option name="referenceTo">FormRest20</option>
                           <option name="relationshipName">Child</option>
                        </options>
                     </field>
                     <field name="hyperlinks" type="objectlist">
                        <options>
                           <option name="referenceTo">HyperlinkRest20</option>
                           <option name="relationshipName">Child</option>
                        </options>
                     </field>
                     <field name="updatedAt" type="string"/>
                  </detail>
               </processObject>
               <processObject xmlns="http://schemas.active-endpoints.com/appmodules/screenflow/2011/06/avosHostEnvironment.xsd"
                              isByCopy="true"
                              name="SizeRest20">
                  <description/>
                  <detail>
                     <field name="width" type="string"/>
                     <field name="type" type="string"/>
                     <field name="height" type="string"/>
                  </detail>
               </processObject>
               <processObject xmlns="http://schemas.active-endpoints.com/appmodules/screenflow/2011/06/avosHostEnvironment.xsd"
                              isByCopy="true"
                              name="System_Nullable_1_System_Int32_mscorlib_Version_4_0_0_0_Culture_neutral_PublicKeyToken_b77a5c561934e089_Rest20">
                  <description/>
                  <detail/>
               </processObject>
               <processObject xmlns="http://schemas.active-endpoints.com/appmodules/screenflow/2011/06/avosHostEnvironment.xsd"
                              isByCopy="true"
                              name="ImageFileRest20">
                  <description/>
                  <detail>
                     <field name="updatedBy" type="string"/>
                     <field name="accessedAt" type="string"/>
                     <field name="currentStatus" type="string"/>
                     <field name="fullImageUrl" type="string"/>
                     <field name="sourceTemplateId" type="string"/>
                     <field name="syncDate" type="string"/>
                     <field name="description" type="string"/>
                     <field name="source" type="string"/>
                     <field name="type" type="string"/>
                     <field name="folderId" type="string"/>
                     <field name="createdAt" type="string"/>
                     <field name="depth" type="string"/>
                     <field name="size" type="reference">
                        <options>
                           <option name="referenceTo">SizeRest20</option>
                           <option name="relationshipName">Child</option>
                        </options>
                     </field>
                     <field name="createdBy" type="string"/>
                     <field name="permissions" type="objectlist">
                        <options>
                           <option name="referenceTo">string</option>
                           <option name="relationshipName">Child</option>
                        </options>
                     </field>
                     <field name="scheduledFor" type="string"/>
                     <field name="name" type="string"/>
                     <field name="id" type="string"/>
                     <field name="updatedAt" type="string"/>
                     <field name="thumbnailUrl" type="string"/>
                  </detail>
               </processObject>
               <processObject xmlns="http://schemas.active-endpoints.com/appmodules/screenflow/2011/06/avosHostEnvironment.xsd"
                              isByCopy="true"
                              name="ImportedFileRest20">
                  <description/>
                  <detail>
                     <field name="fileName" type="string"/>
                     <field name="updatedBy" type="string"/>
                     <field name="accessedAt" type="string"/>
                     <field name="currentStatus" type="string"/>
                     <field name="sourceTemplateId" type="string"/>
                     <field name="link" type="string"/>
                     <field name="description" type="string"/>
                     <field name="type" type="string"/>
                     <field name="folderId" type="string"/>
                     <field name="createdAt" type="string"/>
                     <field name="depth" type="string"/>
                     <field name="createdBy" type="string"/>
                     <field name="trackedLink" type="string"/>
                     <field name="permissions" type="objectlist">
                        <options>
                           <option name="referenceTo">string</option>
                           <option name="relationshipName">Child</option>
                        </options>
                     </field>
                     <field name="scheduledFor" type="string"/>
                     <field name="name" type="string"/>
                     <field name="id" type="string"/>
                     <field name="updatedAt" type="string"/>
                     <field name="redirectLink" type="string"/>
                  </detail>
               </processObject>
               <processObject xmlns="http://schemas.active-endpoints.com/appmodules/screenflow/2011/06/avosHostEnvironment.xsd"
                              isByCopy="true"
                              name="FormFieldUpdateMappingRest20">
                  <description/>
                  <detail>
                     <field name="updatedBy" type="string"/>
                     <field name="accessedAt" type="string"/>
                     <field name="currentStatus" type="string"/>
                     <field name="sourceTemplateId" type="string"/>
                     <field name="description" type="string"/>
                     <field name="type" type="string"/>
                     <field name="folderId" type="string"/>
                     <field name="sourceFormFieldId" type="string"/>
                     <field name="createdAt" type="string"/>
                     <field name="depth" type="string"/>
                     <field name="createdBy" type="string"/>
                     <field name="permissions" type="objectlist">
                        <options>
                           <option name="referenceTo">string</option>
                           <option name="relationshipName">Child</option>
                        </options>
                     </field>
                     <field name="scheduledFor" type="string"/>
                     <field name="name" type="string"/>
                     <field name="id" type="string"/>
                     <field name="targetEntityFieldId" type="string"/>
                     <field name="updatedAt" type="string"/>
                     <field name="updateType" type="string"/>
                  </detail>
               </processObject>
               <processObject xmlns="http://schemas.active-endpoints.com/appmodules/screenflow/2011/06/avosHostEnvironment.xsd"
                              isByCopy="true"
                              name="FormElementRest20">
                  <description/>
                  <detail>
                     <field name="instructions" type="string"/>
                     <field name="updatedBy" type="string"/>
                     <field name="accessedAt" type="string"/>
                     <field name="currentStatus" type="string"/>
                     <field name="sourceTemplateId" type="string"/>
                     <field name="description" type="string"/>
                     <field name="type" type="string"/>
                     <field name="folderId" type="string"/>
                     <field name="createdAt" type="string"/>
                     <field name="depth" type="string"/>
                     <field name="createdBy" type="string"/>
                     <field name="permissions" type="objectlist">
                        <options>
                           <option name="referenceTo">string</option>
                           <option name="relationshipName">Child</option>
                        </options>
                     </field>
                     <field name="scheduledFor" type="string"/>
                     <field name="name" type="string"/>
                     <field name="style" type="string"/>
                     <field name="id" type="string"/>
                     <field name="updatedAt" type="string"/>
                  </detail>
               </processObject>
               <processObject xmlns="http://schemas.active-endpoints.com/appmodules/screenflow/2011/06/avosHostEnvironment.xsd"
                              isByCopy="true"
                              name="FieldComparisonCriteriaRest20">
                  <description/>
                  <detail>
                     <field name="updatedBy" type="string"/>
                     <field name="accessedAt" type="string"/>
                     <field name="currentStatus" type="string"/>
                     <field name="sourceTemplateId" type="string"/>
                     <field name="description" type="string"/>
                     <field name="type" type="string"/>
                     <field name="folderId" type="string"/>
                     <field name="createdAt" type="string"/>
                     <field name="condition" type="reference">
                        <options>
                           <option name="referenceTo">ConditionRest20</option>
                           <option name="relationshipName">Child</option>
                        </options>
                     </field>
                     <field name="depth" type="string"/>
                     <field name="createdBy" type="string"/>
                     <field name="permissions" type="objectlist">
                        <options>
                           <option name="referenceTo">string</option>
                           <option name="relationshipName">Child</option>
                        </options>
                     </field>
                     <field name="scheduledFor" type="string"/>
                     <field name="name" type="string"/>
                     <field name="id" type="string"/>
                     <field name="updatedAt" type="string"/>
                     <field name="fieldId" type="string"/>
                  </detail>
               </processObject>
               <processObject xmlns="http://schemas.active-endpoints.com/appmodules/screenflow/2011/06/avosHostEnvironment.xsd"
                              isByCopy="true"
                              name="FieldConditionRest20">
                  <description/>
                  <detail>
                     <field name="updatedBy" type="string"/>
                     <field name="accessedAt" type="string"/>
                     <field name="currentStatus" type="string"/>
                     <field name="sourceTemplateId" type="string"/>
                     <field name="description" type="string"/>
                     <field name="type" type="string"/>
                     <field name="folderId" type="string"/>
                     <field name="createdAt" type="string"/>
                     <field name="condition" type="reference">
                        <options>
                           <option name="referenceTo">ConditionRest20</option>
                           <option name="relationshipName">Child</option>
                        </options>
                     </field>
                     <field name="depth" type="string"/>
                     <field name="createdBy" type="string"/>
                     <field name="permissions" type="objectlist">
                        <options>
                           <option name="referenceTo">string</option>
                           <option name="relationshipName">Child</option>
                        </options>
                     </field>
                     <field name="scheduledFor" type="string"/>
                     <field name="name" type="string"/>
                     <field name="id" type="string"/>
                     <field name="updatedAt" type="string"/>
                     <field name="fieldId" type="string"/>
                  </detail>
               </processObject>
               <processObject xmlns="http://schemas.active-endpoints.com/appmodules/screenflow/2011/06/avosHostEnvironment.xsd"
                              isByCopy="true"
                              name="FormRest20">
                  <description/>
                  <detail>
                     <field name="processingType" type="string"/>
                     <field name="description" type="string"/>
                     <field name="type" type="string"/>
                     <field name="createdAt" type="string"/>
                     <field name="submitFailedLandingPageId" type="string"/>
                     <field name="permissions" type="objectlist">
                        <options>
                           <option name="referenceTo">string</option>
                           <option name="relationshipName">Child</option>
                        </options>
                     </field>
                     <field name="scheduledFor" type="string"/>
                     <field name="html" type="string"/>
                     <field name="id" type="string"/>
                     <field name="processingSteps" type="objectlist">
                        <options>
                           <option name="referenceTo">FormProcessingStepRest20</option>
                           <option name="relationshipName">Child</option>
                        </options>
                     </field>
                     <field name="updatedAt" type="string"/>
                     <field name="externalIntegrationUrl" type="string"/>
                     <field name="customCSS" type="string"/>
                     <field name="updatedBy" type="string"/>
                     <field name="accessedAt" type="string"/>
                     <field name="currentStatus" type="string"/>
                     <field name="sourceTemplateId" type="string"/>
                     <field name="defaultKeyFieldMapping" type="reference">
                        <options>
                           <option name="referenceTo">FormFieldUpdateMappingRest20</option>
                           <option name="relationshipName">Child</option>
                        </options>
                     </field>
                     <field name="folderId" type="string"/>
                     <field name="isHidden" type="string"/>
                     <field name="htmlName" type="string"/>
                     <field name="depth" type="string"/>
                     <field name="size" type="reference">
                        <options>
                           <option name="referenceTo">SizeRest20</option>
                           <option name="relationshipName">Child</option>
                        </options>
                     </field>
                     <field name="createdBy" type="string"/>
                     <field name="elements" type="objectlist">
                        <options>
                           <option name="referenceTo">FormElementRest20</option>
                           <option name="relationshipName">Child</option>
                        </options>
                     </field>
                     <field name="name" type="string"/>
                     <field name="style" type="string"/>
                     <field name="formJson" type="string"/>
                  </detail>
               </processObject>
               <processObject xmlns="http://schemas.active-endpoints.com/appmodules/screenflow/2011/06/avosHostEnvironment.xsd"
                              isByCopy="true"
                              name="DynamicContentRest20">
                  <description/>
                  <detail>
                     <field name="updatedBy" type="string"/>
                     <field name="accessedAt" type="string"/>
                     <field name="currentStatus" type="string"/>
                     <field name="sourceTemplateId" type="string"/>
                     <field name="description" type="string"/>
                     <field name="rules" type="objectlist">
                        <options>
                           <option name="referenceTo">DynamicContentRuleRest20</option>
                           <option name="relationshipName">Child</option>
                        </options>
                     </field>
                     <field name="type" type="string"/>
                     <field name="isContentPublic" type="boolean"/>
                     <field name="folderId" type="string"/>
                     <field name="createdAt" type="string"/>
                     <field name="depth" type="string"/>
                     <field name="defaultContentSection" type="reference">
                        <options>
                           <option name="referenceTo">ContentSectionRest20</option>
                           <option name="relationshipName">Child</option>
                        </options>
                     </field>
                     <field name="createdBy" type="string"/>
                     <field name="permissions" type="objectlist">
                        <options>
                           <option name="referenceTo">string</option>
                           <option name="relationshipName">Child</option>
                        </options>
                     </field>
                     <field name="scheduledFor" type="string"/>
                     <field name="name" type="string"/>
                     <field name="id" type="string"/>
                     <field name="updatedAt" type="string"/>
                  </detail>
               </processObject>
               <processObject xmlns="http://schemas.active-endpoints.com/appmodules/screenflow/2011/06/avosHostEnvironment.xsd"
                              isByCopy="true"
                              name="ProcessingStepConditionRest20">
                  <description/>
                  <detail>
                     <field name="isConditionallyNegated" type="string"/>
                     <field name="type" type="string"/>
                     <field name="conditionalFieldCriteria" type="objectlist">
                        <options>
                           <option name="referenceTo">FieldComparisonCriteriaRest20</option>
                           <option name="relationshipName">Child</option>
                        </options>
                     </field>
                  </detail>
               </processObject>
               <processObject xmlns="http://schemas.active-endpoints.com/appmodules/screenflow/2011/06/avosHostEnvironment.xsd"
                              isByCopy="true"
                              name="CloudComponentInstanceRest20">
                  <description/>
                  <detail>
                     <field name="configurationUrl" type="string"/>
                     <field name="componentId" type="string"/>
                     <field name="enabledConfigStatus" type="string"/>
                     <field name="configurationUrlModalSize" type="string"/>
                     <field name="requiresConfiguration" type="string"/>
                     <field name="width" type="reference">
                        <options>
                           <option name="referenceTo">System_Nullable_1_System_Int32_mscorlib_Version_4_0_0_0_Culture_neutral_PublicKeyToken_b77a5c561934e089_Rest20</option>
                           <option name="relationshipName">Child</option>
                        </options>
                     </field>
                     <field name="id" type="string"/>
                     <field name="type" type="string"/>
                     <field name="appStatus" type="string"/>
                     <field name="editorImageUrl" type="string"/>
                     <field name="height" type="reference">
                        <options>
                           <option name="referenceTo">System_Nullable_1_System_Int32_mscorlib_Version_4_0_0_0_Culture_neutral_PublicKeyToken_b77a5c561934e089_Rest20</option>
                           <option name="relationshipName">Child</option>
                        </options>
                     </field>
                  </detail>
               </processObject>
               <processObject xmlns="http://schemas.active-endpoints.com/appmodules/screenflow/2011/06/avosHostEnvironment.xsd"
                              isByCopy="true"
                              name="DynamicContentRuleRest20">
                  <description/>
                  <detail>
                     <field name="contentSection" type="reference">
                        <options>
                           <option name="referenceTo">ContentSectionRest20</option>
                           <option name="relationshipName">Child</option>
                        </options>
                     </field>
                     <field name="depth" type="string"/>
                     <field name="currentStatus" type="string"/>
                     <field name="criteria" type="objectlist">
                        <options>
                           <option name="referenceTo">CriterionRest20</option>
                           <option name="relationshipName">Child</option>
                        </options>
                     </field>
                     <field name="statement" type="string"/>
                     <field name="name" type="string"/>
                     <field name="id" type="string"/>
                     <field name="type" type="string"/>
                  </detail>
               </processObject>
               <processObject xmlns="http://schemas.active-endpoints.com/appmodules/screenflow/2011/06/avosHostEnvironment.xsd"
                              isByCopy="true"
                              name="FieldMergeRest20">
                  <description/>
                  <detail>
                     <field name="customObjectFieldId" type="string"/>
                     <field name="customObjectId" type="string"/>
                     <field name="defaultValue" type="string"/>
                     <field name="allowUrlsInValue" type="string"/>
                     <field name="description" type="string"/>
                     <field name="type" type="string"/>
                     <field name="createdAt" type="string"/>
                     <field name="eventSessionFieldId" type="string"/>
                     <field name="permissions" type="objectlist">
                        <options>
                           <option name="referenceTo">string</option>
                           <option name="relationshipName">Child</option>
                        </options>
                     </field>
                     <field name="scheduledFor" type="string"/>
                     <field name="id" type="string"/>
                     <field name="updatedAt" type="string"/>
                     <field name="eventId" type="string"/>
                     <field name="fieldConditions" type="objectlist">
                        <options>
                           <option name="referenceTo">FieldConditionRest20</option>
                           <option name="relationshipName">Child</option>
                        </options>
                     </field>
                     <field name="updatedBy" type="string"/>
                     <field name="accessedAt" type="string"/>
                     <field name="currentStatus" type="string"/>
                     <field name="sourceTemplateId" type="string"/>
                     <field name="mergeType" type="string"/>
                     <field name="folderId" type="string"/>
                     <field name="customObjectSort" type="string"/>
                     <field name="depth" type="string"/>
                     <field name="queryStringKey" type="string"/>
                     <field name="createdBy" type="string"/>
                     <field name="contactFieldId" type="string"/>
                     <field name="eventFieldId" type="string"/>
                     <field name="name" type="string"/>
                     <field name="syntax" type="string"/>
                     <field name="accountFieldId" type="string"/>
                  </detail>
               </processObject>
               <processObject xmlns="http://schemas.active-endpoints.com/appmodules/screenflow/2011/06/avosHostEnvironment.xsd"
                              isByCopy="true"
                              name="ConditionRest20">
                  <description/>
                  <detail>
                     <field name="type" type="string"/>
                  </detail>
               </processObject>
               <processObject xmlns="http://schemas.active-endpoints.com/appmodules/screenflow/2011/06/avosHostEnvironment.xsd"
                              isByCopy="true"
                              name="HyperlinkRest20">
                  <description/>
                  <detail>
                     <field name="hyperlinkType" type="string"/>
                     <field name="updatedBy" type="string"/>
                     <field name="accessedAt" type="string"/>
                     <field name="currentStatus" type="string"/>
                     <field name="sourceTemplateId" type="string"/>
                     <field name="description" type="string"/>
                     <field name="type" type="string"/>
                     <field name="folderId" type="string"/>
                     <field name="createdAt" type="string"/>
                     <field name="depth" type="string"/>
                     <field name="createdBy" type="string"/>
                     <field name="permissions" type="objectlist">
                        <options>
                           <option name="referenceTo">string</option>
                           <option name="relationshipName">Child</option>
                        </options>
                     </field>
                     <field name="scheduledFor" type="string"/>
                     <field name="name" type="string"/>
                     <field name="id" type="string"/>
                     <field name="href" type="string"/>
                     <field name="referencedEntityId" type="string"/>
                     <field name="updatedAt" type="string"/>
                  </detail>
               </processObject>
               <processObject xmlns="http://schemas.active-endpoints.com/appmodules/screenflow/2011/06/avosHostEnvironment.xsd"
                              isByCopy="true"
                              name="FormProcessingStepRest20">
                  <description/>
                  <detail>
                     <field name="updatedBy" type="string"/>
                     <field name="accessedAt" type="string"/>
                     <field name="currentStatus" type="string"/>
                     <field name="sourceTemplateId" type="string"/>
                     <field name="description" type="string"/>
                     <field name="type" type="string"/>
                     <field name="execute" type="string"/>
                     <field name="folderId" type="string"/>
                     <field name="createdAt" type="string"/>
                     <field name="condition" type="reference">
                        <options>
                           <option name="referenceTo">ProcessingStepConditionRest20</option>
                           <option name="relationshipName">Child</option>
                        </options>
                     </field>
                     <field name="depth" type="string"/>
                     <field name="hasValidationIssue" type="string"/>
                     <field name="createdBy" type="string"/>
                     <field name="permissions" type="objectlist">
                        <options>
                           <option name="referenceTo">string</option>
                           <option name="relationshipName">Child</option>
                        </options>
                     </field>
                     <field name="scheduledFor" type="string"/>
                     <field name="name" type="string"/>
                     <field name="id" type="string"/>
                     <field name="updatedAt" type="string"/>
                  </detail>
               </processObject>
               <processObject xmlns="http://schemas.active-endpoints.com/appmodules/screenflow/2011/06/avosHostEnvironment.xsd"
                              isByCopy="true"
                              name="string">
                  <description/>
                  <detail>
                     <field name="string" type="string"/>
                  </detail>
               </processObject>
               <processObject xmlns="http://schemas.active-endpoints.com/appmodules/screenflow/2011/06/avosHostEnvironment.xsd"
                              isByCopy="true"
                              name="boolean">
                  <description/>
                  <detail>
                     <field name="boolean" type="boolean"/>
                  </detail>
               </processObject>
               <processObject xmlns="http://schemas.active-endpoints.com/appmodules/screenflow/2011/06/avosHostEnvironment.xsd"
                              isByCopy="true"
                              name="double">
                  <description/>
                  <detail>
                     <field name="double" type="double"/>
                  </detail>
               </processObject>
               <processObject xmlns="http://schemas.active-endpoints.com/appmodules/screenflow/2011/06/avosHostEnvironment.xsd"
                              isByCopy="true"
                              name="integer">
                  <description/>
                  <detail>
                     <field name="integer" type="int"/>
                  </detail>
               </processObject>
            </objects>
         </businessConnector>
      </types1:Entry>
      <types1:GUID>4HCc9peEl6ibj1WmPx2Zod</types1:GUID>
      <types1:DisplayName>Oracle Eloqua Marketing Cloud Service Email deployment API v2</types1:DisplayName>
   </types1:Item>
   <types1:CurrentServerDateTime>2019-02-22T04:01:44.115Z</types1:CurrentServerDateTime>
</aetgt:getResponse>
