{
  "name" : "SAP Ariba Analytical Reporting - Job Results REST API v2",
  "sourceOrgId" : "6w10pMc8bwmkGpCQs9xkSM",
  "sourceOrgName" : "IICS iPaaS",
  "exportedObjects" : [ {
    "objectGuid" : "00m3cKr9AGOjGY55vZSASH",
    "objectName" : "Service Connectors",
    "objectType" : "Folder",
    "path" : "/Explore/Shared assets",
    "metadata" : {
      "modelVersion" : {
        "major" : 0,
        "minor" : 0
      },
      "repoInfo" : null,
      "objectRefs" : [ ],
      "contextAttributes" : [ ],
      "additionalInfo" : {
        "description" : "",
        "contentType" : "Binary",
        "documentState" : "COMPLETE"
      }
    }
  }, {
    "objectGuid" : "4wiOWpkN0GrfSHQT9uMYO6",
    "objectName" : "SAP Ariba Analytical Reporting - Job Results REST API v2",
    "objectType" : "AI_SERVICE_CONNECTOR",
    "path" : "/Explore/Shared assets/Service Connectors",
    "metadata" : {
      "modelVersion" : {
        "major" : 1,
        "minor" : 0
      },
      "repoInfo" : {
        "repoHandle" : "47M1reAFLK2D86C-gt-526208-2019-12-22T05:17:53.894Z::svc.xml"
      },
      "objectRefs" : [ ],
      "contextAttributes" : null,
      "additionalInfo" : {
        "description" : "The Analytical reporting APIs enable you  to create a client application that extracts reportable data from reporting facts and dimensions such as you would select in the user interface when creating an analytical report. For example, you could use these APIs to extract and report on the analytical data that you need to import to a customer's warehouse or create dashboards for trend assessment.\n\nThe Job results API for analytics allows you to request output from asynchronous jobs posted using the Job submission API for analytics. Requested output is batched into ZIP files containing 5000 records per file, and these can be downloaded one at a time. The maximum number of records returned is 50,000, or 10 files containing 5000 records per file. Files created in response to an asynchronous API query expire after 48 hours. As a best practice, we recommend the asynchronous usage when you update analytical data to your data warehouse.",
        "contentType" : "application/json; charset=utf-8",
        "documentState" : "VALID"
      }
    }
  }, {
    "objectGuid" : "almpU5d486xjg3tXw87BET",
    "objectName" : "Shared assets",
    "objectType" : "Project",
    "path" : "/Explore",
    "metadata" : {
      "modelVersion" : {
        "major" : 0,
        "minor" : 0
      },
      "repoInfo" : null,
      "objectRefs" : [ ],
      "contextAttributes" : [ ],
      "additionalInfo" : {
        "description" : "This Project contains shared assets",
        "contentType" : "Binary",
        "documentState" : "COMPLETE"
      }
    }
  } ]
}