<aetgt:getResponse xmlns:aetgt="http://schemas.active-endpoints.com/appmodules/repository/2010/10/avrepository.xsd"
                   xmlns:types1="http://schemas.active-endpoints.com/appmodules/repository/2010/10/avrepository.xsd">
   <types1:Item>
      <types1:EntryId>Ik0Kn7wporzYLnz-gt-4867389-2019-12-20T16:03:51.549Z::svc.xml</types1:EntryId>
      <types1:Name>SAP_SuccessFactors_Succession_and_Development_Calibration_OData_API_v1</types1:Name>
      <types1:MimeType>application/xml+businesssconnector</types1:MimeType>
      <types1:Description>API to access Calibration data such as subject rank, feedback and rating</types1:Description>
      <types1:AppliesTo/>
      <types1:Tags/>
      <types1:VersionLabel>1.0</types1:VersionLabel>
      <types1:State>CURRENT</types1:State>
      <types1:ProcessGroup/>
      <types1:CreatedBy>sorabh@na1.dm-us.org</types1:CreatedBy>
      <types1:CreationDate>2019-12-20T16:03:52Z</types1:CreationDate>
      <types1:ModifiedBy/>
      <types1:PublicationStatus>published</types1:PublicationStatus>
      <types1:PublishedBy>sorabh@na1.dm-us.org</types1:PublishedBy>
      <types1:PublicationDate>2019-12-20T16:03:55Z</types1:PublicationDate>
      <types1:PublishedContributionId>project:/rt.connector/SAP_SuccessFactors_Succession_and_Development_Calibration_OData_API_v1/SAP_SuccessFactors_Succession_and_Development_Calibration_OData_API_v1_svcDef.xml</types1:PublishedContributionId>
      <types1:AutosaveExists>false</types1:AutosaveExists>
      <types1:Entry>
         <businessConnector xmlns="http://schemas.informatica.com/socrates/data-services/2014/05/business-connector-model.xsd"
                            agentOnly="false"
                            debug="false"
                            displayName="SAP SuccessFactors Succession and Development Calibration OData API v1"
                            label=""
                            name="SAP_SuccessFactors_Succession_and_Development_Calibration_OData_API_v1"
                            uuid="fe87b12e-ef0b-486e-9ee3-3b60114ad6ac">
            <description>API to access Calibration data such as subject rank, feedback and rating</description>
            <tags/>
            <connectionAttributes xmlns="http://schemas.informatica.com/appmodules/screenflow/2014/04/avosConnectors.xsd">
               <connectionAttribute description="Host Name"
                                    masked="false"
                                    name="hostName"
                                    required="true"
                                    testWith="sandbox.api.sap.com"
                                    type="string"/>
               <connectionAttribute description="User Name"
                                    masked="false"
                                    name="username"
                                    required="true"
                                    testWith=""
                                    type="string"/>
               <connectionAttribute description="Password"
                                    masked="true"
                                    name="password"
                                    required="true"
                                    testWith=""
                                    type="string"/>
            </connectionAttributes>
            <actions>
               <action category="TalentRatings"
                       failOnError="true"
                       forSearch="false"
                       label="GET_TalentRatings_feedbackId_"
                       maxRedirects="100"
                       name="GET_TalentRatings_feedbackId_"
                       preemptiveAuth="true"
                       responseEncoding="">
                  <description>Get entity from TalentRatings by key</description>
                  <input>
                     <parameter description="key: feedbackId"
                                label="feedbackIdPathParam"
                                name="feedbackIdPathParam"
                                nogen="true"
                                required="true"
                                testWith=""
                                type="int"/>
                     <parameter description="Select properties to be returned, see [OData Select](http://docs.oasis-open.org/odata/odata/v4.0/odata-v4.0-part1-protocol.html#_Toc445374620)"
                                label="$select"
                                name="$select"
                                required="false"
                                testWith=""
                                type="picklist">
                        <options>
                           <option name="values">[{"value":"employeeId","label":"employeeId"},{"value":"feedbackId","label":"feedbackId"},{"value":"feedbackModule","label":"feedbackModule"},{"value":"feedbackName","label":"feedbackName"},{"value":"feedbackRating","label":"feedbackRating"},{"value":"feedbackRatingLabel","label":"feedbackRatingLabel"},{"value":"feedbackScaleId","label":"feedbackScaleId"},{"value":"feedbackScaleMaximum","label":"feedbackScaleMaximum"},{"value":"feedbackScaleMinimum","label":"feedbackScaleMinimum"},{"value":"feedbackSource","label":"feedbackSource"},{"value":"feedbackType","label":"feedbackType"},{"value":"feedbackWeight","label":"feedbackWeight"},{"value":"formContentId","label":"formContentId"},{"value":"formDataId","label":"formDataId"}]</option>
                        </options>
                     </parameter>
                     <parameter description="Expand related entities, see [OData Expand](http://docs.oasis-open.org/odata/odata/v4.0/odata-v4.0-part1-protocol.html#_Toc445374621)"
                                label="$expand"
                                name="$expand"
                                required="false"
                                testWith=""
                                type="picklist">
                        <options>
                           <option name="values">[{"value":"*","label":"*"},{"value":"calSession","label":"calSession"}]</option>
                        </options>
                     </parameter>
                  </input>
                  <binding>
                     <restSimpleBinding multiUsing="semicolonSeparated"
                                        url="https://{$hostName}/successfactors/odata/v2/TalentRatings({$feedbackIdPathParam})"
                                        verb="GET">
                        <authentication>
                           <username>{$username}</username>
                           <password>{$password}</password>
                           <isExpressionInPassword>true</isExpressionInPassword>
                        </authentication>
                        <httpHeaders>
                           <header name="Content-Type">application/json</header>
                           <header name="Accept">application/json</header>
                        </httpHeaders>
                     </restSimpleBinding>
                  </binding>
                  <output>
                     <field description="Retrieved entity"
                            entireResponse="true"
                            name="entireResponse"
                            type="object"/>
                  </output>
               </action>
               <action category="CalibrationTemplate"
                       failOnError="true"
                       forSearch="false"
                       label="GET_CalibrationTemplate_templateId_"
                       maxRedirects="100"
                       name="GET_CalibrationTemplate_templateId_"
                       preemptiveAuth="true"
                       responseEncoding="">
                  <description>Get entity from CalibrationTemplate by key</description>
                  <input>
                     <parameter description="key: templateId"
                                label="templateIdPathParam"
                                name="templateIdPathParam"
                                nogen="true"
                                required="true"
                                testWith=""
                                type="int"/>
                     <parameter description="Select properties to be returned, see [OData Select](http://docs.oasis-open.org/odata/odata/v4.0/odata-v4.0-part1-protocol.html#_Toc445374620)"
                                label="$select"
                                name="$select"
                                required="false"
                                testWith=""
                                type="picklist">
                        <options>
                           <option name="values">[{"value":"createdBy","label":"createdBy"},{"value":"createdDateTime","label":"createdDateTime"},{"value":"endDate","label":"endDate"},{"value":"lastModifiedBy","label":"lastModifiedBy"},{"value":"lastModifiedDateTime","label":"lastModifiedDateTime"},{"value":"startDate","label":"startDate"},{"value":"status","label":"status"},{"value":"templateId","label":"templateId"},{"value":"templateName","label":"templateName"}]</option>
                        </options>
                     </parameter>
                  </input>
                  <binding>
                     <restSimpleBinding multiUsing="semicolonSeparated"
                                        url="https://{$hostName}/successfactors/odata/v2/CalibrationTemplate({$templateIdPathParam})"
                                        verb="GET">
                        <authentication>
                           <username>{$username}</username>
                           <password>{$password}</password>
                           <isExpressionInPassword>true</isExpressionInPassword>
                        </authentication>
                        <httpHeaders>
                           <header name="Content-Type">application/json</header>
                           <header name="Accept">application/json</header>
                        </httpHeaders>
                     </restSimpleBinding>
                  </binding>
                  <output>
                     <field description="Retrieved entity"
                            entireResponse="true"
                            name="entireResponse"
                            type="object"/>
                  </output>
               </action>
               <action category="CalibrationSubjectRank"
                       failOnError="true"
                       forSearch="false"
                       label="GET_CalibrationSubjectRank"
                       maxRedirects="100"
                       name="GET_CalibrationSubjectRank"
                       preemptiveAuth="true"
                       responseEncoding="">
                  <description>Get entities from CalibrationSubjectRank</description>
                  <input>
                     <parameter description="Show only the first n items, see [OData Paging - Top](http://docs.oasis-open.org/odata/odata/v4.0/odata-v4.0-part1-protocol.html#_Toc445374630)"
                                label="$top"
                                name="$top"
                                required="false"
                                testWith=""
                                type="int"/>
                     <parameter description="Skip the first n items, see [OData Paging - Skip](http://docs.oasis-open.org/odata/odata/v4.0/odata-v4.0-part1-protocol.html#_Toc445374631)"
                                label="$skip"
                                name="$skip"
                                required="false"
                                testWith=""
                                type="int"/>
                     <parameter description="Search items by search phrases, see [OData Searching](http://docs.oasis-open.org/odata/odata/v4.0/odata-v4.0-part1-protocol.html#_Toc445374633)"
                                label="$search"
                                name="$search"
                                required="false"
                                testWith=""
                                type="string"/>
                     <parameter description="Filter items by property values, see [OData Filtering](http://docs.oasis-open.org/odata/odata/v4.0/odata-v4.0-part1-protocol.html#_Toc445374625)"
                                label="$filter"
                                name="$filter"
                                required="false"
                                testWith=""
                                type="string"/>
                     <parameter description="Include count of items, see [OData Count](http://docs.oasis-open.org/odata/odata/v4.0/odata-v4.0-part1-protocol.html#_Toc445374632)"
                                label="$count"
                                name="$count"
                                required="false"
                                testWith=""
                                type="boolean"/>
                     <parameter description="Order items by property values, see [OData Sorting](http://docs.oasis-open.org/odata/odata/v4.0/odata-v4.0-part1-protocol.html#_Toc445374629)"
                                label="$orderby"
                                name="$orderby"
                                required="false"
                                testWith=""
                                type="picklist">
                        <options>
                           <option name="values">[{"value":"dataType","label":"dataType"},{"value":"dataType desc","label":"dataType desc"},{"value":"rank","label":"rank"},{"value":"rank desc","label":"rank desc"},{"value":"ratingValue","label":"ratingValue"},{"value":"ratingValue desc","label":"ratingValue desc"},{"value":"subjectRankId","label":"subjectRankId"},{"value":"subjectRankId desc","label":"subjectRankId desc"}]</option>
                        </options>
                     </parameter>
                     <parameter description="Select properties to be returned, see [OData Select](http://docs.oasis-open.org/odata/odata/v4.0/odata-v4.0-part1-protocol.html#_Toc445374620)"
                                label="$select"
                                name="$select"
                                required="false"
                                testWith=""
                                type="picklist">
                        <options>
                           <option name="values">[{"value":"dataType","label":"dataType"},{"value":"rank","label":"rank"},{"value":"ratingValue","label":"ratingValue"},{"value":"subjectRankId","label":"subjectRankId"}]</option>
                        </options>
                     </parameter>
                     <parameter description="Expand related entities, see [OData Expand](http://docs.oasis-open.org/odata/odata/v4.0/odata-v4.0-part1-protocol.html#_Toc445374621)"
                                label="$expand"
                                name="$expand"
                                required="false"
                                testWith=""
                                type="picklist">
                        <options>
                           <option name="values">[{"value":"*","label":"*"},{"value":"calSessionSubject","label":"calSessionSubject"}]</option>
                        </options>
                     </parameter>
                  </input>
                  <binding>
                     <restSimpleBinding multiUsing="semicolonSeparated"
                                        url="https://{$hostName}/successfactors/odata/v2/CalibrationSubjectRank"
                                        verb="GET">
                        <authentication>
                           <username>{$username}</username>
                           <password>{$password}</password>
                           <isExpressionInPassword>true</isExpressionInPassword>
                        </authentication>
                        <httpHeaders>
                           <header name="Content-Type">application/json</header>
                           <header name="Accept">application/json</header>
                        </httpHeaders>
                     </restSimpleBinding>
                  </binding>
                  <output>
                     <field description="Retrieved entities"
                            entireResponse="true"
                            name="entireResponse"
                            type="object"/>
                  </output>
               </action>
               <action category="CalibrationSessionSubject"
                       failOnError="true"
                       forSearch="false"
                       label="GET_CalibrationSessionSubject"
                       maxRedirects="100"
                       name="GET_CalibrationSessionSubject"
                       preemptiveAuth="true"
                       responseEncoding="">
                  <description>Get entities from CalibrationSessionSubject</description>
                  <input>
                     <parameter description="Show only the first n items, see [OData Paging - Top](http://docs.oasis-open.org/odata/odata/v4.0/odata-v4.0-part1-protocol.html#_Toc445374630)"
                                label="$top"
                                name="$top"
                                required="false"
                                testWith=""
                                type="int"/>
                     <parameter description="Skip the first n items, see [OData Paging - Skip](http://docs.oasis-open.org/odata/odata/v4.0/odata-v4.0-part1-protocol.html#_Toc445374631)"
                                label="$skip"
                                name="$skip"
                                required="false"
                                testWith=""
                                type="int"/>
                     <parameter description="Search items by search phrases, see [OData Searching](http://docs.oasis-open.org/odata/odata/v4.0/odata-v4.0-part1-protocol.html#_Toc445374633)"
                                label="$search"
                                name="$search"
                                required="false"
                                testWith=""
                                type="string"/>
                     <parameter description="Filter items by property values, see [OData Filtering](http://docs.oasis-open.org/odata/odata/v4.0/odata-v4.0-part1-protocol.html#_Toc445374625)"
                                label="$filter"
                                name="$filter"
                                required="false"
                                testWith=""
                                type="string"/>
                     <parameter description="Include count of items, see [OData Count](http://docs.oasis-open.org/odata/odata/v4.0/odata-v4.0-part1-protocol.html#_Toc445374632)"
                                label="$count"
                                name="$count"
                                required="false"
                                testWith=""
                                type="boolean"/>
                     <parameter description="Order items by property values, see [OData Sorting](http://docs.oasis-open.org/odata/odata/v4.0/odata-v4.0-part1-protocol.html#_Toc445374629)"
                                label="$orderby"
                                name="$orderby"
                                required="false"
                                testWith=""
                                type="picklist">
                        <options>
                           <option name="values">[{"value":"authorizedBy","label":"authorizedBy"},{"value":"authorizedBy desc","label":"authorizedBy desc"},{"value":"calSessionId","label":"calSessionId"},{"value":"calSessionId desc","label":"calSessionId desc"},{"value":"calibratedFlag","label":"calibratedFlag"},{"value":"calibratedFlag desc","label":"calibratedFlag desc"},{"value":"comments","label":"comments"},{"value":"comments desc","label":"comments desc"},{"value":"createdBy","label":"createdBy"},{"value":"createdBy desc","label":"createdBy desc"},{"value":"createdDateTime","label":"createdDateTime"},{"value":"createdDateTime desc","label":"createdDateTime desc"},{"value":"externalComments","label":"externalComments"},{"value":"externalComments desc","label":"externalComments desc"},{"value":"lastModifiedBy","label":"lastModifiedBy"},{"value":"lastModifiedBy desc","label":"lastModifiedBy desc"},{"value":"lastModifiedDateTime","label":"lastModifiedDateTime"},{"value":"lastModifiedDateTime desc","label":"lastModifiedDateTime desc"},{"value":"pmFolderMapId","label":"pmFolderMapId"},{"value":"pmFolderMapId desc","label":"pmFolderMapId desc"},{"value":"pmFormDataId","label":"pmFormDataId"},{"value":"pmFormDataId desc","label":"pmFormDataId desc"},{"value":"pmFormOwnerId","label":"pmFormOwnerId"},{"value":"pmFormOwnerId desc","label":"pmFormOwnerId desc"},{"value":"reason","label":"reason"},{"value":"reason desc","label":"reason desc"},{"value":"reasonId","label":"reasonId"},{"value":"reasonId desc","label":"reasonId desc"},{"value":"sessionSubjectId","label":"sessionSubjectId"},{"value":"sessionSubjectId desc","label":"sessionSubjectId desc"},{"value":"status","label":"status"},{"value":"status desc","label":"status desc"},{"value":"userId","label":"userId"},{"value":"userId desc","label":"userId desc"}]</option>
                        </options>
                     </parameter>
                     <parameter description="Select properties to be returned, see [OData Select](http://docs.oasis-open.org/odata/odata/v4.0/odata-v4.0-part1-protocol.html#_Toc445374620)"
                                label="$select"
                                name="$select"
                                required="false"
                                testWith=""
                                type="picklist">
                        <options>
                           <option name="values">[{"value":"authorizedBy","label":"authorizedBy"},{"value":"calSessionId","label":"calSessionId"},{"value":"calibratedFlag","label":"calibratedFlag"},{"value":"comments","label":"comments"},{"value":"createdBy","label":"createdBy"},{"value":"createdDateTime","label":"createdDateTime"},{"value":"externalComments","label":"externalComments"},{"value":"lastModifiedBy","label":"lastModifiedBy"},{"value":"lastModifiedDateTime","label":"lastModifiedDateTime"},{"value":"pmFolderMapId","label":"pmFolderMapId"},{"value":"pmFormDataId","label":"pmFormDataId"},{"value":"pmFormOwnerId","label":"pmFormOwnerId"},{"value":"reason","label":"reason"},{"value":"reasonId","label":"reasonId"},{"value":"sessionSubjectId","label":"sessionSubjectId"},{"value":"status","label":"status"},{"value":"userId","label":"userId"}]</option>
                        </options>
                     </parameter>
                     <parameter description="Expand related entities, see [OData Expand](http://docs.oasis-open.org/odata/odata/v4.0/odata-v4.0-part1-protocol.html#_Toc445374621)"
                                label="$expand"
                                name="$expand"
                                required="false"
                                testWith=""
                                type="picklist">
                        <options>
                           <option name="values">[{"value":"*","label":"*"},{"value":"calSession","label":"calSession"},{"value":"pmRatingList","label":"pmRatingList"},{"value":"rankList","label":"rankList"}]</option>
                        </options>
                     </parameter>
                  </input>
                  <binding>
                     <restSimpleBinding multiUsing="semicolonSeparated"
                                        url="https://{$hostName}/successfactors/odata/v2/CalibrationSessionSubject"
                                        verb="GET">
                        <authentication>
                           <username>{$username}</username>
                           <password>{$password}</password>
                           <isExpressionInPassword>true</isExpressionInPassword>
                        </authentication>
                        <httpHeaders>
                           <header name="Content-Type">application/json</header>
                           <header name="Accept">application/json</header>
                        </httpHeaders>
                     </restSimpleBinding>
                  </binding>
                  <output>
                     <field description="Retrieved entities"
                            entireResponse="true"
                            name="entireResponse"
                            type="object"/>
                  </output>
               </action>
               <action category="CalibrationSubjectRank"
                       failOnError="true"
                       forSearch="false"
                       label="GET_CalibrationSubjectRank_subjectRankId_"
                       maxRedirects="100"
                       name="GET_CalibrationSubjectRank_subjectRankId_"
                       preemptiveAuth="true"
                       responseEncoding="">
                  <description>Get entity from CalibrationSubjectRank by key</description>
                  <input>
                     <parameter description="key: subjectRankId"
                                label="subjectRankIdPathParam"
                                name="subjectRankIdPathParam"
                                nogen="true"
                                required="true"
                                testWith=""
                                type="int"/>
                     <parameter description="Select properties to be returned, see [OData Select](http://docs.oasis-open.org/odata/odata/v4.0/odata-v4.0-part1-protocol.html#_Toc445374620)"
                                label="$select"
                                name="$select"
                                required="false"
                                testWith=""
                                type="picklist">
                        <options>
                           <option name="values">[{"value":"dataType","label":"dataType"},{"value":"rank","label":"rank"},{"value":"ratingValue","label":"ratingValue"},{"value":"subjectRankId","label":"subjectRankId"}]</option>
                        </options>
                     </parameter>
                     <parameter description="Expand related entities, see [OData Expand](http://docs.oasis-open.org/odata/odata/v4.0/odata-v4.0-part1-protocol.html#_Toc445374621)"
                                label="$expand"
                                name="$expand"
                                required="false"
                                testWith=""
                                type="picklist">
                        <options>
                           <option name="values">[{"value":"*","label":"*"},{"value":"calSessionSubject","label":"calSessionSubject"}]</option>
                        </options>
                     </parameter>
                  </input>
                  <binding>
                     <restSimpleBinding multiUsing="semicolonSeparated"
                                        url="https://{$hostName}/successfactors/odata/v2/CalibrationSubjectRank({$subjectRankIdPathParam})"
                                        verb="GET">
                        <authentication>
                           <username>{$username}</username>
                           <password>{$password}</password>
                           <isExpressionInPassword>true</isExpressionInPassword>
                        </authentication>
                        <httpHeaders>
                           <header name="Content-Type">application/json</header>
                           <header name="Accept">application/json</header>
                        </httpHeaders>
                     </restSimpleBinding>
                  </binding>
                  <output>
                     <field description="Retrieved entity"
                            entireResponse="true"
                            name="entireResponse"
                            type="object"/>
                  </output>
               </action>
               <action category="CalibrationSession"
                       failOnError="true"
                       forSearch="false"
                       label="GET_CalibrationSession_sessionId_"
                       maxRedirects="100"
                       name="GET_CalibrationSession_sessionId_"
                       preemptiveAuth="true"
                       responseEncoding="">
                  <description>Get entity from CalibrationSession by key</description>
                  <input>
                     <parameter description="key: sessionId"
                                label="sessionIdPathParam"
                                name="sessionIdPathParam"
                                nogen="true"
                                required="true"
                                testWith=""
                                type="int"/>
                     <parameter description="Select properties to be returned, see [OData Select](http://docs.oasis-open.org/odata/odata/v4.0/odata-v4.0-part1-protocol.html#_Toc445374620)"
                                label="$select"
                                name="$select"
                                required="false"
                                testWith=""
                                type="picklist">
                        <options>
                           <option name="values">[{"value":"activationDate","label":"activationDate"},{"value":"lastModifiedBy","label":"lastModifiedBy"},{"value":"lastModifiedDateTime","label":"lastModifiedDateTime"},{"value":"sessionDate","label":"sessionDate"},{"value":"sessionId","label":"sessionId"},{"value":"sessionLocation","label":"sessionLocation"},{"value":"sessionName","label":"sessionName"},{"value":"status","label":"status"}]</option>
                        </options>
                     </parameter>
                     <parameter description="Expand related entities, see [OData Expand](http://docs.oasis-open.org/odata/odata/v4.0/odata-v4.0-part1-protocol.html#_Toc445374621)"
                                label="$expand"
                                name="$expand"
                                required="false"
                                testWith=""
                                type="picklist">
                        <options>
                           <option name="values">[{"value":"*","label":"*"},{"value":"calTemplate","label":"calTemplate"},{"value":"subjectList","label":"subjectList"}]</option>
                        </options>
                     </parameter>
                  </input>
                  <binding>
                     <restSimpleBinding multiUsing="semicolonSeparated"
                                        url="https://{$hostName}/successfactors/odata/v2/CalibrationSession({$sessionIdPathParam})"
                                        verb="GET">
                        <authentication>
                           <username>{$username}</username>
                           <password>{$password}</password>
                           <isExpressionInPassword>true</isExpressionInPassword>
                        </authentication>
                        <httpHeaders>
                           <header name="Content-Type">application/json</header>
                           <header name="Accept">application/json</header>
                        </httpHeaders>
                     </restSimpleBinding>
                  </binding>
                  <output>
                     <field description="Retrieved entity"
                            entireResponse="true"
                            name="entireResponse"
                            type="object"/>
                  </output>
               </action>
               <action category="CalibrationSessionSubject"
                       failOnError="true"
                       forSearch="false"
                       label="GET_CalibrationSessionSubject_sessionSubjectId_"
                       maxRedirects="100"
                       name="GET_CalibrationSessionSubject_sessionSubjectId_"
                       preemptiveAuth="true"
                       responseEncoding="">
                  <description>Get entity from CalibrationSessionSubject by key</description>
                  <input>
                     <parameter description="key: sessionSubjectId"
                                label="sessionSubjectIdPathParam"
                                name="sessionSubjectIdPathParam"
                                nogen="true"
                                required="true"
                                testWith=""
                                type="int"/>
                     <parameter description="Select properties to be returned, see [OData Select](http://docs.oasis-open.org/odata/odata/v4.0/odata-v4.0-part1-protocol.html#_Toc445374620)"
                                label="$select"
                                name="$select"
                                required="false"
                                testWith=""
                                type="picklist">
                        <options>
                           <option name="values">[{"value":"authorizedBy","label":"authorizedBy"},{"value":"calSessionId","label":"calSessionId"},{"value":"calibratedFlag","label":"calibratedFlag"},{"value":"comments","label":"comments"},{"value":"createdBy","label":"createdBy"},{"value":"createdDateTime","label":"createdDateTime"},{"value":"externalComments","label":"externalComments"},{"value":"lastModifiedBy","label":"lastModifiedBy"},{"value":"lastModifiedDateTime","label":"lastModifiedDateTime"},{"value":"pmFolderMapId","label":"pmFolderMapId"},{"value":"pmFormDataId","label":"pmFormDataId"},{"value":"pmFormOwnerId","label":"pmFormOwnerId"},{"value":"reason","label":"reason"},{"value":"reasonId","label":"reasonId"},{"value":"sessionSubjectId","label":"sessionSubjectId"},{"value":"status","label":"status"},{"value":"userId","label":"userId"}]</option>
                        </options>
                     </parameter>
                     <parameter description="Expand related entities, see [OData Expand](http://docs.oasis-open.org/odata/odata/v4.0/odata-v4.0-part1-protocol.html#_Toc445374621)"
                                label="$expand"
                                name="$expand"
                                required="false"
                                testWith=""
                                type="picklist">
                        <options>
                           <option name="values">[{"value":"*","label":"*"},{"value":"calSession","label":"calSession"},{"value":"pmRatingList","label":"pmRatingList"},{"value":"rankList","label":"rankList"}]</option>
                        </options>
                     </parameter>
                  </input>
                  <binding>
                     <restSimpleBinding multiUsing="semicolonSeparated"
                                        url="https://{$hostName}/successfactors/odata/v2/CalibrationSessionSubject({$sessionSubjectIdPathParam})"
                                        verb="GET">
                        <authentication>
                           <username>{$username}</username>
                           <password>{$password}</password>
                           <isExpressionInPassword>true</isExpressionInPassword>
                        </authentication>
                        <httpHeaders>
                           <header name="Content-Type">application/json</header>
                           <header name="Accept">application/json</header>
                        </httpHeaders>
                     </restSimpleBinding>
                  </binding>
                  <output>
                     <field description="Retrieved entity"
                            entireResponse="true"
                            name="entireResponse"
                            type="object"/>
                  </output>
               </action>
               <action category="TalentRatings"
                       failOnError="true"
                       forSearch="false"
                       label="GET_TalentRatings"
                       maxRedirects="100"
                       name="GET_TalentRatings"
                       preemptiveAuth="true"
                       responseEncoding="">
                  <description>Get entities from TalentRatings</description>
                  <input>
                     <parameter description="Show only the first n items, see [OData Paging - Top](http://docs.oasis-open.org/odata/odata/v4.0/odata-v4.0-part1-protocol.html#_Toc445374630)"
                                label="$top"
                                name="$top"
                                required="false"
                                testWith=""
                                type="int"/>
                     <parameter description="Skip the first n items, see [OData Paging - Skip](http://docs.oasis-open.org/odata/odata/v4.0/odata-v4.0-part1-protocol.html#_Toc445374631)"
                                label="$skip"
                                name="$skip"
                                required="false"
                                testWith=""
                                type="int"/>
                     <parameter description="Search items by search phrases, see [OData Searching](http://docs.oasis-open.org/odata/odata/v4.0/odata-v4.0-part1-protocol.html#_Toc445374633)"
                                label="$search"
                                name="$search"
                                required="false"
                                testWith=""
                                type="string"/>
                     <parameter description="Filter items by property values, see [OData Filtering](http://docs.oasis-open.org/odata/odata/v4.0/odata-v4.0-part1-protocol.html#_Toc445374625)"
                                label="$filter"
                                name="$filter"
                                required="false"
                                testWith=""
                                type="string"/>
                     <parameter description="Include count of items, see [OData Count](http://docs.oasis-open.org/odata/odata/v4.0/odata-v4.0-part1-protocol.html#_Toc445374632)"
                                label="$count"
                                name="$count"
                                required="false"
                                testWith=""
                                type="boolean"/>
                     <parameter description="Order items by property values, see [OData Sorting](http://docs.oasis-open.org/odata/odata/v4.0/odata-v4.0-part1-protocol.html#_Toc445374629)"
                                label="$orderby"
                                name="$orderby"
                                required="false"
                                testWith=""
                                type="picklist">
                        <options>
                           <option name="values">[{"value":"employeeId","label":"employeeId"},{"value":"employeeId desc","label":"employeeId desc"},{"value":"feedbackId","label":"feedbackId"},{"value":"feedbackId desc","label":"feedbackId desc"},{"value":"feedbackModule","label":"feedbackModule"},{"value":"feedbackModule desc","label":"feedbackModule desc"},{"value":"feedbackName","label":"feedbackName"},{"value":"feedbackName desc","label":"feedbackName desc"},{"value":"feedbackRating","label":"feedbackRating"},{"value":"feedbackRating desc","label":"feedbackRating desc"},{"value":"feedbackRatingLabel","label":"feedbackRatingLabel"},{"value":"feedbackRatingLabel desc","label":"feedbackRatingLabel desc"},{"value":"feedbackScaleId","label":"feedbackScaleId"},{"value":"feedbackScaleId desc","label":"feedbackScaleId desc"},{"value":"feedbackScaleMaximum","label":"feedbackScaleMaximum"},{"value":"feedbackScaleMaximum desc","label":"feedbackScaleMaximum desc"},{"value":"feedbackScaleMinimum","label":"feedbackScaleMinimum"},{"value":"feedbackScaleMinimum desc","label":"feedbackScaleMinimum desc"},{"value":"feedbackSource","label":"feedbackSource"},{"value":"feedbackSource desc","label":"feedbackSource desc"},{"value":"feedbackType","label":"feedbackType"},{"value":"feedbackType desc","label":"feedbackType desc"},{"value":"feedbackWeight","label":"feedbackWeight"},{"value":"feedbackWeight desc","label":"feedbackWeight desc"},{"value":"formContentId","label":"formContentId"},{"value":"formContentId desc","label":"formContentId desc"},{"value":"formDataId","label":"formDataId"},{"value":"formDataId desc","label":"formDataId desc"}]</option>
                        </options>
                     </parameter>
                     <parameter description="Select properties to be returned, see [OData Select](http://docs.oasis-open.org/odata/odata/v4.0/odata-v4.0-part1-protocol.html#_Toc445374620)"
                                label="$select"
                                name="$select"
                                required="false"
                                testWith=""
                                type="picklist">
                        <options>
                           <option name="values">[{"value":"employeeId","label":"employeeId"},{"value":"feedbackId","label":"feedbackId"},{"value":"feedbackModule","label":"feedbackModule"},{"value":"feedbackName","label":"feedbackName"},{"value":"feedbackRating","label":"feedbackRating"},{"value":"feedbackRatingLabel","label":"feedbackRatingLabel"},{"value":"feedbackScaleId","label":"feedbackScaleId"},{"value":"feedbackScaleMaximum","label":"feedbackScaleMaximum"},{"value":"feedbackScaleMinimum","label":"feedbackScaleMinimum"},{"value":"feedbackSource","label":"feedbackSource"},{"value":"feedbackType","label":"feedbackType"},{"value":"feedbackWeight","label":"feedbackWeight"},{"value":"formContentId","label":"formContentId"},{"value":"formDataId","label":"formDataId"}]</option>
                        </options>
                     </parameter>
                     <parameter description="Expand related entities, see [OData Expand](http://docs.oasis-open.org/odata/odata/v4.0/odata-v4.0-part1-protocol.html#_Toc445374621)"
                                label="$expand"
                                name="$expand"
                                required="false"
                                testWith=""
                                type="picklist">
                        <options>
                           <option name="values">[{"value":"*","label":"*"},{"value":"calSession","label":"calSession"}]</option>
                        </options>
                     </parameter>
                  </input>
                  <binding>
                     <restSimpleBinding multiUsing="semicolonSeparated"
                                        url="https://{$hostName}/successfactors/odata/v2/TalentRatings"
                                        verb="GET">
                        <authentication>
                           <username>{$username}</username>
                           <password>{$password}</password>
                           <isExpressionInPassword>true</isExpressionInPassword>
                        </authentication>
                        <httpHeaders>
                           <header name="Content-Type">application/json</header>
                           <header name="Accept">application/json</header>
                        </httpHeaders>
                     </restSimpleBinding>
                  </binding>
                  <output>
                     <field description="Retrieved entities"
                            entireResponse="true"
                            name="entireResponse"
                            type="object"/>
                  </output>
               </action>
               <action category="CalibrationSession"
                       failOnError="true"
                       forSearch="false"
                       label="GET_CalibrationSession"
                       maxRedirects="100"
                       name="GET_CalibrationSession"
                       preemptiveAuth="true"
                       responseEncoding="">
                  <description>Get entities from CalibrationSession</description>
                  <input>
                     <parameter description="Show only the first n items, see [OData Paging - Top](http://docs.oasis-open.org/odata/odata/v4.0/odata-v4.0-part1-protocol.html#_Toc445374630)"
                                label="$top"
                                name="$top"
                                required="false"
                                testWith=""
                                type="int"/>
                     <parameter description="Skip the first n items, see [OData Paging - Skip](http://docs.oasis-open.org/odata/odata/v4.0/odata-v4.0-part1-protocol.html#_Toc445374631)"
                                label="$skip"
                                name="$skip"
                                required="false"
                                testWith=""
                                type="int"/>
                     <parameter description="Search items by search phrases, see [OData Searching](http://docs.oasis-open.org/odata/odata/v4.0/odata-v4.0-part1-protocol.html#_Toc445374633)"
                                label="$search"
                                name="$search"
                                required="false"
                                testWith=""
                                type="string"/>
                     <parameter description="Filter items by property values, see [OData Filtering](http://docs.oasis-open.org/odata/odata/v4.0/odata-v4.0-part1-protocol.html#_Toc445374625)"
                                label="$filter"
                                name="$filter"
                                required="false"
                                testWith=""
                                type="string"/>
                     <parameter description="Include count of items, see [OData Count](http://docs.oasis-open.org/odata/odata/v4.0/odata-v4.0-part1-protocol.html#_Toc445374632)"
                                label="$count"
                                name="$count"
                                required="false"
                                testWith=""
                                type="boolean"/>
                     <parameter description="Order items by property values, see [OData Sorting](http://docs.oasis-open.org/odata/odata/v4.0/odata-v4.0-part1-protocol.html#_Toc445374629)"
                                label="$orderby"
                                name="$orderby"
                                required="false"
                                testWith=""
                                type="picklist">
                        <options>
                           <option name="values">[{"value":"activationDate","label":"activationDate"},{"value":"activationDate desc","label":"activationDate desc"},{"value":"lastModifiedBy","label":"lastModifiedBy"},{"value":"lastModifiedBy desc","label":"lastModifiedBy desc"},{"value":"lastModifiedDateTime","label":"lastModifiedDateTime"},{"value":"lastModifiedDateTime desc","label":"lastModifiedDateTime desc"},{"value":"sessionDate","label":"sessionDate"},{"value":"sessionDate desc","label":"sessionDate desc"},{"value":"sessionId","label":"sessionId"},{"value":"sessionId desc","label":"sessionId desc"},{"value":"sessionLocation","label":"sessionLocation"},{"value":"sessionLocation desc","label":"sessionLocation desc"},{"value":"sessionName","label":"sessionName"},{"value":"sessionName desc","label":"sessionName desc"},{"value":"status","label":"status"},{"value":"status desc","label":"status desc"}]</option>
                        </options>
                     </parameter>
                     <parameter description="Select properties to be returned, see [OData Select](http://docs.oasis-open.org/odata/odata/v4.0/odata-v4.0-part1-protocol.html#_Toc445374620)"
                                label="$select"
                                name="$select"
                                required="false"
                                testWith=""
                                type="picklist">
                        <options>
                           <option name="values">[{"value":"activationDate","label":"activationDate"},{"value":"lastModifiedBy","label":"lastModifiedBy"},{"value":"lastModifiedDateTime","label":"lastModifiedDateTime"},{"value":"sessionDate","label":"sessionDate"},{"value":"sessionId","label":"sessionId"},{"value":"sessionLocation","label":"sessionLocation"},{"value":"sessionName","label":"sessionName"},{"value":"status","label":"status"}]</option>
                        </options>
                     </parameter>
                     <parameter description="Expand related entities, see [OData Expand](http://docs.oasis-open.org/odata/odata/v4.0/odata-v4.0-part1-protocol.html#_Toc445374621)"
                                label="$expand"
                                name="$expand"
                                required="false"
                                testWith=""
                                type="picklist">
                        <options>
                           <option name="values">[{"value":"*","label":"*"},{"value":"calTemplate","label":"calTemplate"},{"value":"subjectList","label":"subjectList"}]</option>
                        </options>
                     </parameter>
                  </input>
                  <binding>
                     <restSimpleBinding multiUsing="semicolonSeparated"
                                        url="https://{$hostName}/successfactors/odata/v2/CalibrationSession"
                                        verb="GET">
                        <authentication>
                           <username>{$username}</username>
                           <password>{$password}</password>
                           <isExpressionInPassword>true</isExpressionInPassword>
                        </authentication>
                        <httpHeaders>
                           <header name="Content-Type">application/json</header>
                           <header name="Accept">application/json</header>
                        </httpHeaders>
                     </restSimpleBinding>
                  </binding>
                  <output>
                     <field description="Retrieved entities"
                            entireResponse="true"
                            name="entireResponse"
                            type="object"/>
                  </output>
               </action>
               <action category="CalibrationTemplate"
                       failOnError="true"
                       forSearch="false"
                       label="GET_CalibrationTemplate"
                       maxRedirects="100"
                       name="GET_CalibrationTemplate"
                       preemptiveAuth="true"
                       responseEncoding="">
                  <description>Get entities from CalibrationTemplate</description>
                  <input>
                     <parameter description="Show only the first n items, see [OData Paging - Top](http://docs.oasis-open.org/odata/odata/v4.0/odata-v4.0-part1-protocol.html#_Toc445374630)"
                                label="$top"
                                name="$top"
                                required="false"
                                testWith=""
                                type="int"/>
                     <parameter description="Skip the first n items, see [OData Paging - Skip](http://docs.oasis-open.org/odata/odata/v4.0/odata-v4.0-part1-protocol.html#_Toc445374631)"
                                label="$skip"
                                name="$skip"
                                required="false"
                                testWith=""
                                type="int"/>
                     <parameter description="Search items by search phrases, see [OData Searching](http://docs.oasis-open.org/odata/odata/v4.0/odata-v4.0-part1-protocol.html#_Toc445374633)"
                                label="$search"
                                name="$search"
                                required="false"
                                testWith=""
                                type="string"/>
                     <parameter description="Filter items by property values, see [OData Filtering](http://docs.oasis-open.org/odata/odata/v4.0/odata-v4.0-part1-protocol.html#_Toc445374625)"
                                label="$filter"
                                name="$filter"
                                required="false"
                                testWith=""
                                type="string"/>
                     <parameter description="Include count of items, see [OData Count](http://docs.oasis-open.org/odata/odata/v4.0/odata-v4.0-part1-protocol.html#_Toc445374632)"
                                label="$count"
                                name="$count"
                                required="false"
                                testWith=""
                                type="boolean"/>
                     <parameter description="Order items by property values, see [OData Sorting](http://docs.oasis-open.org/odata/odata/v4.0/odata-v4.0-part1-protocol.html#_Toc445374629)"
                                label="$orderby"
                                name="$orderby"
                                required="false"
                                testWith=""
                                type="picklist">
                        <options>
                           <option name="values">[{"value":"createdBy","label":"createdBy"},{"value":"createdBy desc","label":"createdBy desc"},{"value":"createdDateTime","label":"createdDateTime"},{"value":"createdDateTime desc","label":"createdDateTime desc"},{"value":"endDate","label":"endDate"},{"value":"endDate desc","label":"endDate desc"},{"value":"lastModifiedBy","label":"lastModifiedBy"},{"value":"lastModifiedBy desc","label":"lastModifiedBy desc"},{"value":"lastModifiedDateTime","label":"lastModifiedDateTime"},{"value":"lastModifiedDateTime desc","label":"lastModifiedDateTime desc"},{"value":"startDate","label":"startDate"},{"value":"startDate desc","label":"startDate desc"},{"value":"status","label":"status"},{"value":"status desc","label":"status desc"},{"value":"templateId","label":"templateId"},{"value":"templateId desc","label":"templateId desc"},{"value":"templateName","label":"templateName"},{"value":"templateName desc","label":"templateName desc"}]</option>
                        </options>
                     </parameter>
                     <parameter description="Select properties to be returned, see [OData Select](http://docs.oasis-open.org/odata/odata/v4.0/odata-v4.0-part1-protocol.html#_Toc445374620)"
                                label="$select"
                                name="$select"
                                required="false"
                                testWith=""
                                type="picklist">
                        <options>
                           <option name="values">[{"value":"createdBy","label":"createdBy"},{"value":"createdDateTime","label":"createdDateTime"},{"value":"endDate","label":"endDate"},{"value":"lastModifiedBy","label":"lastModifiedBy"},{"value":"lastModifiedDateTime","label":"lastModifiedDateTime"},{"value":"startDate","label":"startDate"},{"value":"status","label":"status"},{"value":"templateId","label":"templateId"},{"value":"templateName","label":"templateName"}]</option>
                        </options>
                     </parameter>
                  </input>
                  <binding>
                     <restSimpleBinding multiUsing="semicolonSeparated"
                                        url="https://{$hostName}/successfactors/odata/v2/CalibrationTemplate"
                                        verb="GET">
                        <authentication>
                           <username>{$username}</username>
                           <password>{$password}</password>
                           <isExpressionInPassword>true</isExpressionInPassword>
                        </authentication>
                        <httpHeaders>
                           <header name="Content-Type">application/json</header>
                           <header name="Accept">application/json</header>
                        </httpHeaders>
                     </restSimpleBinding>
                  </binding>
                  <output>
                     <field description="Retrieved entities"
                            entireResponse="true"
                            name="entireResponse"
                            type="object"/>
                  </output>
               </action>
            </actions>
            <objects>
               <processObject xmlns="http://schemas.active-endpoints.com/appmodules/screenflow/2011/06/avosHostEnvironment.xsd"
                              isByCopy="true"
                              name="SFOData_CalibrationSubjectRank">
                  <description/>
                  <detail>
                     <field name="subjectRankId" type="string"/>
                     <field name="dataType" type="int"/>
                     <field name="ratingValue" type="string"/>
                     <field name="rank" type="int"/>
                     <field name="calSessionSubject" type="reference">
                        <options>
                           <option name="referenceTo">SFOData_CalibrationSessionSubject</option>
                           <option name="relationshipName">Child</option>
                        </options>
                     </field>
                  </detail>
               </processObject>
               <processObject xmlns="http://schemas.active-endpoints.com/appmodules/screenflow/2011/06/avosHostEnvironment.xsd"
                              isByCopy="true"
                              name="SFOData_CalibrationSessionSubject">
                  <description/>
                  <detail>
                     <field name="calSessionId" type="string"/>
                     <field name="reason" type="string"/>
                     <field name="comments" type="string"/>
                     <field name="externalComments" type="string"/>
                     <field name="lastModifiedDateTime" type="string"/>
                     <field name="pmFormOwnerId" type="string"/>
                     <field name="lastModifiedBy" type="string"/>
                     <field name="calibratedFlag" type="boolean"/>
                     <field name="createdDateTime" type="string"/>
                     <field name="userId" type="string"/>
                     <field name="pmRatingList" type="object"/>
                     <field name="authorizedBy" type="string"/>
                     <field name="sessionSubjectId" type="string"/>
                     <field name="calSession" type="reference">
                        <options>
                           <option name="referenceTo">SFOData_CalibrationSession</option>
                           <option name="relationshipName">Child</option>
                        </options>
                     </field>
                     <field name="createdBy" type="string"/>
                     <field name="reasonId" type="string"/>
                     <field name="rankList" type="object"/>
                     <field name="pmFolderMapId" type="string"/>
                     <field name="pmFormDataId" type="string"/>
                     <field name="status" type="int"/>
                  </detail>
               </processObject>
               <processObject xmlns="http://schemas.active-endpoints.com/appmodules/screenflow/2011/06/avosHostEnvironment.xsd"
                              isByCopy="true"
                              name="odata_error_main">
                  <description/>
                  <detail>
                     <field name="code" type="string"/>
                     <field name="innererror" type="object"/>
                     <field name="details" type="objectlist">
                        <options>
                           <option name="referenceTo">odata_error_detail</option>
                           <option name="relationshipName">Child</option>
                        </options>
                     </field>
                     <field name="message" type="string"/>
                     <field name="target" type="string"/>
                  </detail>
               </processObject>
               <processObject xmlns="http://schemas.active-endpoints.com/appmodules/screenflow/2011/06/avosHostEnvironment.xsd"
                              isByCopy="true"
                              name="odata_error_detail">
                  <description/>
                  <detail>
                     <field name="code" type="string"/>
                     <field name="message" type="string"/>
                     <field name="target" type="string"/>
                  </detail>
               </processObject>
               <processObject xmlns="http://schemas.active-endpoints.com/appmodules/screenflow/2011/06/avosHostEnvironment.xsd"
                              isByCopy="true"
                              name="odata_error">
                  <description/>
                  <detail>
                     <field name="error" type="reference">
                        <options>
                           <option name="referenceTo">odata_error_main</option>
                           <option name="relationshipName">Child</option>
                        </options>
                     </field>
                  </detail>
               </processObject>
               <processObject xmlns="http://schemas.active-endpoints.com/appmodules/screenflow/2011/06/avosHostEnvironment.xsd"
                              isByCopy="true"
                              name="SFOData_CalibrationSession">
                  <description/>
                  <detail>
                     <field name="calTemplate" type="reference">
                        <options>
                           <option name="referenceTo">SFOData_CalibrationTemplate</option>
                           <option name="relationshipName">Child</option>
                        </options>
                     </field>
                     <field name="subjectList" type="object"/>
                     <field name="lastModifiedDateTime" type="string"/>
                     <field name="sessionDate" type="string"/>
                     <field name="lastModifiedBy" type="string"/>
                     <field name="sessionName" type="string"/>
                     <field name="sessionLocation" type="string"/>
                     <field name="sessionId" type="string"/>
                     <field name="activationDate" type="string"/>
                     <field name="status" type="int"/>
                  </detail>
               </processObject>
               <processObject xmlns="http://schemas.active-endpoints.com/appmodules/screenflow/2011/06/avosHostEnvironment.xsd"
                              isByCopy="true"
                              name="SFOData_CalibrationTemplate">
                  <description/>
                  <detail>
                     <field name="lastModifiedDateTime" type="string"/>
                     <field name="endDate" type="string"/>
                     <field name="createdBy" type="string"/>
                     <field name="templateName" type="string"/>
                     <field name="lastModifiedBy" type="string"/>
                     <field name="createdDateTime" type="string"/>
                     <field name="templateId" type="string"/>
                     <field name="startDate" type="string"/>
                     <field name="status" type="int"/>
                  </detail>
               </processObject>
               <processObject xmlns="http://schemas.active-endpoints.com/appmodules/screenflow/2011/06/avosHostEnvironment.xsd"
                              isByCopy="true"
                              name="SFOData_TalentRatings">
                  <description/>
                  <detail>
                     <field name="feedbackId" type="string"/>
                     <field name="employeeId" type="string"/>
                     <field name="feedbackSource" type="int"/>
                     <field name="feedbackName" type="string"/>
                     <field name="feedbackWeight" type="string"/>
                     <field name="feedbackRating" type="string"/>
                     <field name="calSession" type="reference">
                        <options>
                           <option name="referenceTo">SFOData_CalibrationSession</option>
                           <option name="relationshipName">Child</option>
                        </options>
                     </field>
                     <field name="feedbackModule" type="int"/>
                     <field name="feedbackRatingLabel" type="string"/>
                     <field name="feedbackScaleId" type="string"/>
                     <field name="feedbackScaleMinimum" type="string"/>
                     <field name="formContentId" type="string"/>
                     <field name="formDataId" type="string"/>
                     <field name="feedbackType" type="int"/>
                     <field name="feedbackScaleMaximum" type="string"/>
                  </detail>
               </processObject>
               <processObject xmlns="http://schemas.active-endpoints.com/appmodules/screenflow/2011/06/avosHostEnvironment.xsd"
                              isByCopy="true"
                              name="string">
                  <description/>
                  <detail>
                     <field name="string" type="string"/>
                  </detail>
               </processObject>
               <processObject xmlns="http://schemas.active-endpoints.com/appmodules/screenflow/2011/06/avosHostEnvironment.xsd"
                              isByCopy="true"
                              name="boolean">
                  <description/>
                  <detail>
                     <field name="boolean" type="boolean"/>
                  </detail>
               </processObject>
               <processObject xmlns="http://schemas.active-endpoints.com/appmodules/screenflow/2011/06/avosHostEnvironment.xsd"
                              isByCopy="true"
                              name="double">
                  <description/>
                  <detail>
                     <field name="double" type="double"/>
                  </detail>
               </processObject>
               <processObject xmlns="http://schemas.active-endpoints.com/appmodules/screenflow/2011/06/avosHostEnvironment.xsd"
                              isByCopy="true"
                              name="integer">
                  <description/>
                  <detail>
                     <field name="integer" type="int"/>
                  </detail>
               </processObject>
               <processObject xmlns="http://schemas.active-endpoints.com/appmodules/screenflow/2011/06/avosHostEnvironment.xsd"
                              isByCopy="true"
                              name="error">
                  <description>Error</description>
                  <detail/>
               </processObject>
            </objects>
         </businessConnector>
      </types1:Entry>
      <types1:GUID>83u36n89vkHlGTeK5KNrkx</types1:GUID>
      <types1:DisplayName>SAP SuccessFactors Succession and Development Calibration OData API v1</types1:DisplayName>
   </types1:Item>
   <types1:CurrentServerDateTime>2019-12-20T16:04:16.237Z</types1:CurrentServerDateTime>
</aetgt:getResponse>
