{
   "exportedObjects": [
      {
         "objectGuid": "almpU5d486xjg3tXw87BET",
         "objectName": "Shared assets",
         "objectType": "Project",
         "path": "/Explore",
         "metadata": {
            "additionalInfo": {
               "contentType": "Binary",
               "description": "This Project contains shared assets",
               "documentState": "COMPLETE"
            },
            "contextAttributes": [],
            "modelVersion": {
               "major": 0,
               "minor": 0
            },
            "objectRefs": [],
            "repoInfo": null
         }
      },
      {
         "objectGuid": "00m3cKr9AGOjGY55vZSASH",
         "objectName": "Service Connectors",
         "objectType": "Folder",
         "path": "/Explore/Shared assets",
         "metadata": {
            "additionalInfo": {
               "contentType": "Binary",
               "description": "",
               "documentState": "COMPLETE"
            },
            "contextAttributes": [],
            "modelVersion": {
               "major": 0,
               "minor": 0
            },
            "objectRefs": [],
            "repoInfo": null
         }
      },
      {
         "objectGuid": "bqhObAAULUjhb8KQr6XkUG",
         "objectName": "Oracle Cloud Infrastructure Compute VirtualNICSets API v18-1-2",
         "objectType": "AI_SERVICE_CONNECTOR",
         "path": "/Explore/Shared assets/Service Connectors",
         "metadata": {
            "additionalInfo": {
               "contentType": "application/json; charset=utf-8",
               "description": "A Virtual NIC Set, or vNICset, is a collection of one or more vNICs. You must specify a vNICset when you create a route. When a vNICset containing multiple vNICs is used in a route, Equal Cost Multipath (ECMP) anycast routing is implemented. Traffic routed by that route is load balanced across all the vNICs in the vNICset. Using vNICsets with multiple vNICs also ensures high availability for traffic across the specified vNICs.",
               "documentState": "VALID"
            },
            "contextAttributes": null,
            "modelVersion": {
               "major": 1,
               "minor": 0
            },
            "objectRefs": [],
            "repoInfo": {
               "repoHandle": "QvhxiQLnzYLnzYL-gt-217730-2019-02-12T01:15:22.688Z::svc.xml"
            }
         }
      }
   ]
}