<aetgt:getResponse xmlns:aetgt="http://schemas.active-endpoints.com/appmodules/repository/2010/10/avrepository.xsd"
                   xmlns:types1="http://schemas.active-endpoints.com/appmodules/repository/2010/10/avrepository.xsd">
   <types1:Item>
      <types1:EntryId>GYA1vyoY2G7QnG5-gt-2056567-2019-12-19T11:41:10.527Z::svc.xml</types1:EntryId>
      <types1:Name>SAP_SuccessFactors_Employee_Central_Income_Tax_Declaration_OData_API_v1</types1:Name>
      <types1:MimeType>application/xml+businesssconnector</types1:MimeType>
      <types1:Description>API to access income tax declaration records and submit tax declarations actuals. It is also used to categorize or group investment types, configure the window period that controls the creation of actuals and proposals.</types1:Description>
      <types1:AppliesTo/>
      <types1:Tags/>
      <types1:VersionLabel>1.0</types1:VersionLabel>
      <types1:State>CURRENT</types1:State>
      <types1:ProcessGroup/>
      <types1:CreatedBy>sorabh@na1.dm-us.org</types1:CreatedBy>
      <types1:CreationDate>2019-12-19T11:41:11Z</types1:CreationDate>
      <types1:ModifiedBy/>
      <types1:PublicationStatus>published</types1:PublicationStatus>
      <types1:PublishedBy>sorabh@na1.dm-us.org</types1:PublishedBy>
      <types1:PublicationDate>2019-12-19T11:41:13Z</types1:PublicationDate>
      <types1:PublishedContributionId>project:/rt.connector/SAP_SuccessFactors_Employee_Central_Income_Tax_Declaration_OData_API_v1/SAP_SuccessFactors_Employee_Central_Income_Tax_Declaration_OData_API_v1_svcDef.xml</types1:PublishedContributionId>
      <types1:AutosaveExists>false</types1:AutosaveExists>
      <types1:Entry>
         <businessConnector xmlns="http://schemas.informatica.com/socrates/data-services/2014/05/business-connector-model.xsd"
                            agentOnly="false"
                            debug="false"
                            displayName="SAP SuccessFactors Employee Central Income Tax Declaration OData API v1"
                            label=""
                            name="SAP_SuccessFactors_Employee_Central_Income_Tax_Declaration_OData_API_v1"
                            uuid="b2a166cb-eb2b-4f35-823f-0e5fdd2ad2cb">
            <description>API to access income tax declaration records and submit tax declarations actuals. It is also used to categorize or group investment types, configure the window period that controls the creation of actuals and proposals.</description>
            <tags/>
            <connectionAttributes xmlns="http://schemas.informatica.com/appmodules/screenflow/2014/04/avosConnectors.xsd">
               <connectionAttribute description="Host Name"
                                    masked="false"
                                    name="hostName"
                                    required="true"
                                    testWith="sandbox.api.sap.com"
                                    type="string"/>
               <connectionAttribute description="User Name"
                                    masked="false"
                                    name="username"
                                    required="true"
                                    testWith=""
                                    type="string"/>
               <connectionAttribute description="Password"
                                    masked="true"
                                    name="password"
                                    required="true"
                                    testWith=""
                                    type="string"/>
            </connectionAttributes>
            <actions>
               <action category="FiscalYearToCountryMap"
                       failOnError="true"
                       forSearch="false"
                       label="GET_FiscalYearToCountryMap_externalCode_"
                       maxRedirects="100"
                       name="GET_FiscalYearToCountryMap_externalCode_"
                       preemptiveAuth="true"
                       responseEncoding="">
                  <description>Get entity from FiscalYearToCountryMap by key</description>
                  <input>
                     <parameter description="key: externalCode"
                                label="externalCodePathParam"
                                name="externalCodePathParam"
                                nogen="true"
                                required="true"
                                testWith=""
                                type="string"/>
                     <parameter description="Select properties to be returned, see [OData Select](http://docs.oasis-open.org/odata/odata/v4.0/odata-v4.0-part1-protocol.html#_Toc445374620)"
                                label="$select"
                                name="$select"
                                required="false"
                                testWith=""
                                type="picklist">
                        <options>
                           <option name="values">[{"value":"country","label":"country"},{"value":"createdBy","label":"createdBy"},{"value":"createdDateTime","label":"createdDateTime"},{"value":"externalCode","label":"externalCode"},{"value":"fiscalYearVariant","label":"fiscalYearVariant"},{"value":"lastModifiedBy","label":"lastModifiedBy"},{"value":"lastModifiedDateTime","label":"lastModifiedDateTime"},{"value":"mdfSystemRecordStatus","label":"mdfSystemRecordStatus"}]</option>
                        </options>
                     </parameter>
                     <parameter description="Expand related entities, see [OData Expand](http://docs.oasis-open.org/odata/odata/v4.0/odata-v4.0-part1-protocol.html#_Toc445374621)"
                                label="$expand"
                                name="$expand"
                                required="false"
                                testWith=""
                                type="picklist">
                        <options>
                           <option name="values">[{"value":"*","label":"*"},{"value":"fiscalYearVariantNav","label":"fiscalYearVariantNav"}]</option>
                        </options>
                     </parameter>
                  </input>
                  <binding>
                     <restSimpleBinding multiUsing="semicolonSeparated"
                                        url="https://{$hostName}/successfactors/odata/v2/FiscalYearToCountryMap('{$externalCodePathParam}')"
                                        verb="GET">
                        <authentication>
                           <username>{$username}</username>
                           <password>{$password}</password>
                           <isExpressionInPassword>true</isExpressionInPassword>
                        </authentication>
                        <httpHeaders>
                           <header name="Content-Type">application/json</header>
                           <header name="Accept">application/json</header>
                        </httpHeaders>
                     </restSimpleBinding>
                  </binding>
                  <output>
                     <field description="Retrieved entity"
                            entireResponse="true"
                            name="entireResponse"
                            type="object"/>
                  </output>
               </action>
               <action category="FiscalYearVariant"
                       failOnError="true"
                       forSearch="false"
                       label="GET_FiscalYearVariant_externalCode_"
                       maxRedirects="100"
                       name="GET_FiscalYearVariant_externalCode_"
                       preemptiveAuth="true"
                       responseEncoding="">
                  <description>Get entity from FiscalYearVariant by key</description>
                  <input>
                     <parameter description="key: externalCode"
                                label="externalCodePathParam"
                                name="externalCodePathParam"
                                nogen="true"
                                required="true"
                                testWith=""
                                type="string"/>
                     <parameter description="Select properties to be returned, see [OData Select](http://docs.oasis-open.org/odata/odata/v4.0/odata-v4.0-part1-protocol.html#_Toc445374620)"
                                label="$select"
                                name="$select"
                                required="false"
                                testWith=""
                                type="picklist">
                        <options>
                           <option name="values">[{"value":"createdBy","label":"createdBy"},{"value":"createdDateTime","label":"createdDateTime"},{"value":"description","label":"description"},{"value":"externalCode","label":"externalCode"},{"value":"lastModifiedBy","label":"lastModifiedBy"},{"value":"lastModifiedDateTime","label":"lastModifiedDateTime"},{"value":"mdfSystemRecordStatus","label":"mdfSystemRecordStatus"}]</option>
                        </options>
                     </parameter>
                  </input>
                  <binding>
                     <restSimpleBinding multiUsing="semicolonSeparated"
                                        url="https://{$hostName}/successfactors/odata/v2/FiscalYearVariant('{$externalCodePathParam}')"
                                        verb="GET">
                        <authentication>
                           <username>{$username}</username>
                           <password>{$password}</password>
                           <isExpressionInPassword>true</isExpressionInPassword>
                        </authentication>
                        <httpHeaders>
                           <header name="Content-Type">application/json</header>
                           <header name="Accept">application/json</header>
                        </httpHeaders>
                     </restSimpleBinding>
                  </binding>
                  <output>
                     <field description="Retrieved entity"
                            entireResponse="true"
                            name="entireResponse"
                            type="object"/>
                  </output>
               </action>
               <action category="FiscalYearToCountryMap"
                       failOnError="true"
                       forSearch="false"
                       label="GET_FiscalYearToCountryMap"
                       maxRedirects="100"
                       name="GET_FiscalYearToCountryMap"
                       preemptiveAuth="true"
                       responseEncoding="">
                  <description>Get entities from FiscalYearToCountryMap</description>
                  <input>
                     <parameter description="Show only the first n items, see [OData Paging - Top](http://docs.oasis-open.org/odata/odata/v4.0/odata-v4.0-part1-protocol.html#_Toc445374630)"
                                label="$top"
                                name="$top"
                                required="false"
                                testWith=""
                                type="int"/>
                     <parameter description="Skip the first n items, see [OData Paging - Skip](http://docs.oasis-open.org/odata/odata/v4.0/odata-v4.0-part1-protocol.html#_Toc445374631)"
                                label="$skip"
                                name="$skip"
                                required="false"
                                testWith=""
                                type="int"/>
                     <parameter description="Search items by search phrases, see [OData Searching](http://docs.oasis-open.org/odata/odata/v4.0/odata-v4.0-part1-protocol.html#_Toc445374633)"
                                label="$search"
                                name="$search"
                                required="false"
                                testWith=""
                                type="string"/>
                     <parameter description="Filter items by property values, see [OData Filtering](http://docs.oasis-open.org/odata/odata/v4.0/odata-v4.0-part1-protocol.html#_Toc445374625)"
                                label="$filter"
                                name="$filter"
                                required="false"
                                testWith=""
                                type="string"/>
                     <parameter description="Include count of items, see [OData Count](http://docs.oasis-open.org/odata/odata/v4.0/odata-v4.0-part1-protocol.html#_Toc445374632)"
                                label="$count"
                                name="$count"
                                required="false"
                                testWith=""
                                type="boolean"/>
                     <parameter description="Order items by property values, see [OData Sorting](http://docs.oasis-open.org/odata/odata/v4.0/odata-v4.0-part1-protocol.html#_Toc445374629)"
                                label="$orderby"
                                name="$orderby"
                                required="false"
                                testWith=""
                                type="picklist">
                        <options>
                           <option name="values">[{"value":"country","label":"country"},{"value":"country desc","label":"country desc"},{"value":"createdBy","label":"createdBy"},{"value":"createdBy desc","label":"createdBy desc"},{"value":"createdDateTime","label":"createdDateTime"},{"value":"createdDateTime desc","label":"createdDateTime desc"},{"value":"externalCode","label":"externalCode"},{"value":"externalCode desc","label":"externalCode desc"},{"value":"fiscalYearVariant","label":"fiscalYearVariant"},{"value":"fiscalYearVariant desc","label":"fiscalYearVariant desc"},{"value":"lastModifiedBy","label":"lastModifiedBy"},{"value":"lastModifiedBy desc","label":"lastModifiedBy desc"},{"value":"lastModifiedDateTime","label":"lastModifiedDateTime"},{"value":"lastModifiedDateTime desc","label":"lastModifiedDateTime desc"},{"value":"mdfSystemRecordStatus","label":"mdfSystemRecordStatus"},{"value":"mdfSystemRecordStatus desc","label":"mdfSystemRecordStatus desc"}]</option>
                        </options>
                     </parameter>
                     <parameter description="Select properties to be returned, see [OData Select](http://docs.oasis-open.org/odata/odata/v4.0/odata-v4.0-part1-protocol.html#_Toc445374620)"
                                label="$select"
                                name="$select"
                                required="false"
                                testWith=""
                                type="picklist">
                        <options>
                           <option name="values">[{"value":"country","label":"country"},{"value":"createdBy","label":"createdBy"},{"value":"createdDateTime","label":"createdDateTime"},{"value":"externalCode","label":"externalCode"},{"value":"fiscalYearVariant","label":"fiscalYearVariant"},{"value":"lastModifiedBy","label":"lastModifiedBy"},{"value":"lastModifiedDateTime","label":"lastModifiedDateTime"},{"value":"mdfSystemRecordStatus","label":"mdfSystemRecordStatus"}]</option>
                        </options>
                     </parameter>
                     <parameter description="Expand related entities, see [OData Expand](http://docs.oasis-open.org/odata/odata/v4.0/odata-v4.0-part1-protocol.html#_Toc445374621)"
                                label="$expand"
                                name="$expand"
                                required="false"
                                testWith=""
                                type="picklist">
                        <options>
                           <option name="values">[{"value":"*","label":"*"},{"value":"fiscalYearVariantNav","label":"fiscalYearVariantNav"}]</option>
                        </options>
                     </parameter>
                  </input>
                  <binding>
                     <restSimpleBinding multiUsing="semicolonSeparated"
                                        url="https://{$hostName}/successfactors/odata/v2/FiscalYearToCountryMap"
                                        verb="GET">
                        <authentication>
                           <username>{$username}</username>
                           <password>{$password}</password>
                           <isExpressionInPassword>true</isExpressionInPassword>
                        </authentication>
                        <httpHeaders>
                           <header name="Content-Type">application/json</header>
                           <header name="Accept">application/json</header>
                        </httpHeaders>
                     </restSimpleBinding>
                  </binding>
                  <output>
                     <field description="Retrieved entities"
                            entireResponse="true"
                            name="entireResponse"
                            type="object"/>
                  </output>
               </action>
               <action category="ItDeclInvestmentType"
                       failOnError="true"
                       forSearch="false"
                       label="GET_ItDeclInvestmentType_effectiveStartDate_effectiveStartDate_externalCode_externalCode_"
                       maxRedirects="100"
                       name="GET_ItDeclInvestmentType_effectiveStartDate_effectiveStartDate_externalCode_externalCode_"
                       preemptiveAuth="true"
                       responseEncoding="">
                  <description>Get entity from ItDeclInvestmentType by key</description>
                  <input>
                     <parameter description="key: effectiveStartDate"
                                label="effectiveStartDatePathParam"
                                name="effectiveStartDatePathParam"
                                nogen="true"
                                required="true"
                                testWith=""
                                type="string"/>
                     <parameter description="key: externalCode"
                                label="externalCodePathParam"
                                name="externalCodePathParam"
                                nogen="true"
                                required="true"
                                testWith=""
                                type="string"/>
                     <parameter description="Select properties to be returned, see [OData Select](http://docs.oasis-open.org/odata/odata/v4.0/odata-v4.0-part1-protocol.html#_Toc445374620)"
                                label="$select"
                                name="$select"
                                required="false"
                                testWith=""
                                type="picklist">
                        <options>
                           <option name="values">[{"value":"category","label":"category"},{"value":"country","label":"country"},{"value":"createdBy","label":"createdBy"},{"value":"createdDateTime","label":"createdDateTime"},{"value":"declarationType","label":"declarationType"},{"value":"effectiveEndDate","label":"effectiveEndDate"},{"value":"effectiveStartDate","label":"effectiveStartDate"},{"value":"externalCode","label":"externalCode"},{"value":"externalName","label":"externalName"},{"value":"investmentType","label":"investmentType"},{"value":"lastModifiedBy","label":"lastModifiedBy"},{"value":"lastModifiedDateTime","label":"lastModifiedDateTime"},{"value":"mdfSystemCreatedBy","label":"mdfSystemCreatedBy"},{"value":"mdfSystemCreatedDate","label":"mdfSystemCreatedDate"},{"value":"mdfSystemEntityId","label":"mdfSystemEntityId"},{"value":"mdfSystemLastModifiedBy","label":"mdfSystemLastModifiedBy"},{"value":"mdfSystemLastModifiedDate","label":"mdfSystemLastModifiedDate"},{"value":"mdfSystemLastModifiedDateWithTZ","label":"mdfSystemLastModifiedDateWithTZ"},{"value":"mdfSystemObjectType","label":"mdfSystemObjectType"},{"value":"mdfSystemRecordId","label":"mdfSystemRecordId"},{"value":"mdfSystemRecordStatus","label":"mdfSystemRecordStatus"},{"value":"mdfSystemTransactionSequence","label":"mdfSystemTransactionSequence"},{"value":"mdfSystemVersionId","label":"mdfSystemVersionId"},{"value":"status","label":"status"},{"value":"useOnlyForActuals","label":"useOnlyForActuals"},{"value":"wfProposal","label":"wfProposal"}]</option>
                        </options>
                     </parameter>
                     <parameter description="Expand related entities, see [OData Expand](http://docs.oasis-open.org/odata/odata/v4.0/odata-v4.0-part1-protocol.html#_Toc445374621)"
                                label="$expand"
                                name="$expand"
                                required="false"
                                testWith=""
                                type="picklist">
                        <options>
                           <option name="values">[{"value":"*","label":"*"},{"value":"declarationTypeNav","label":"declarationTypeNav"}]</option>
                        </options>
                     </parameter>
                  </input>
                  <binding>
                     <restSimpleBinding multiUsing="semicolonSeparated"
                                        url="https://{$hostName}/successfactors/odata/v2/ItDeclInvestmentType(effectiveStartDate={$effectiveStartDatePathParam},externalCode='{$externalCodePathParam}')"
                                        verb="GET">
                        <authentication>
                           <username>{$username}</username>
                           <password>{$password}</password>
                           <isExpressionInPassword>true</isExpressionInPassword>
                        </authentication>
                        <httpHeaders>
                           <header name="Content-Type">application/json</header>
                           <header name="Accept">application/json</header>
                        </httpHeaders>
                     </restSimpleBinding>
                  </binding>
                  <output>
                     <field description="Retrieved entity"
                            entireResponse="true"
                            name="entireResponse"
                            type="object"/>
                  </output>
               </action>
               <action category="DeclarationType"
                       failOnError="true"
                       forSearch="false"
                       label="GET_DeclarationType_externalCode_"
                       maxRedirects="100"
                       name="GET_DeclarationType_externalCode_"
                       preemptiveAuth="true"
                       responseEncoding="">
                  <description>Get entity from DeclarationType by key</description>
                  <input>
                     <parameter description="key: externalCode"
                                label="externalCodePathParam"
                                name="externalCodePathParam"
                                nogen="true"
                                required="true"
                                testWith=""
                                type="string"/>
                     <parameter description="Select properties to be returned, see [OData Select](http://docs.oasis-open.org/odata/odata/v4.0/odata-v4.0-part1-protocol.html#_Toc445374620)"
                                label="$select"
                                name="$select"
                                required="false"
                                testWith=""
                                type="picklist">
                        <options>
                           <option name="values">[{"value":"createdBy","label":"createdBy"},{"value":"createdDateTime","label":"createdDateTime"},{"value":"externalCode","label":"externalCode"},{"value":"externalName","label":"externalName"},{"value":"lastModifiedBy","label":"lastModifiedBy"},{"value":"lastModifiedDateTime","label":"lastModifiedDateTime"},{"value":"mdfSystemCreatedBy","label":"mdfSystemCreatedBy"},{"value":"mdfSystemCreatedDate","label":"mdfSystemCreatedDate"},{"value":"mdfSystemEffectiveEndDate","label":"mdfSystemEffectiveEndDate"},{"value":"mdfSystemEffectiveStartDate","label":"mdfSystemEffectiveStartDate"},{"value":"mdfSystemEntityId","label":"mdfSystemEntityId"},{"value":"mdfSystemLastModifiedBy","label":"mdfSystemLastModifiedBy"},{"value":"mdfSystemLastModifiedDate","label":"mdfSystemLastModifiedDate"},{"value":"mdfSystemLastModifiedDateWithTZ","label":"mdfSystemLastModifiedDateWithTZ"},{"value":"mdfSystemObjectType","label":"mdfSystemObjectType"},{"value":"mdfSystemRecordId","label":"mdfSystemRecordId"},{"value":"mdfSystemRecordStatus","label":"mdfSystemRecordStatus"},{"value":"mdfSystemStatus","label":"mdfSystemStatus"},{"value":"mdfSystemTransactionSequence","label":"mdfSystemTransactionSequence"},{"value":"mdfSystemVersionId","label":"mdfSystemVersionId"},{"value":"remarks","label":"remarks"}]</option>
                        </options>
                     </parameter>
                  </input>
                  <binding>
                     <restSimpleBinding multiUsing="semicolonSeparated"
                                        url="https://{$hostName}/successfactors/odata/v2/DeclarationType('{$externalCodePathParam}')"
                                        verb="GET">
                        <authentication>
                           <username>{$username}</username>
                           <password>{$password}</password>
                           <isExpressionInPassword>true</isExpressionInPassword>
                        </authentication>
                        <httpHeaders>
                           <header name="Content-Type">application/json</header>
                           <header name="Accept">application/json</header>
                        </httpHeaders>
                     </restSimpleBinding>
                  </binding>
                  <output>
                     <field description="Retrieved entity"
                            entireResponse="true"
                            name="entireResponse"
                            type="object"/>
                  </output>
               </action>
               <action category="ItDeclaration"
                       failOnError="true"
                       forSearch="false"
                       label="GET_ItDeclaration"
                       maxRedirects="100"
                       name="GET_ItDeclaration"
                       preemptiveAuth="true"
                       responseEncoding="">
                  <description>Get entities from ItDeclaration</description>
                  <input>
                     <parameter description="Show only the first n items, see [OData Paging - Top](http://docs.oasis-open.org/odata/odata/v4.0/odata-v4.0-part1-protocol.html#_Toc445374630)"
                                label="$top"
                                name="$top"
                                required="false"
                                testWith=""
                                type="int"/>
                     <parameter description="Skip the first n items, see [OData Paging - Skip](http://docs.oasis-open.org/odata/odata/v4.0/odata-v4.0-part1-protocol.html#_Toc445374631)"
                                label="$skip"
                                name="$skip"
                                required="false"
                                testWith=""
                                type="int"/>
                     <parameter description="Search items by search phrases, see [OData Searching](http://docs.oasis-open.org/odata/odata/v4.0/odata-v4.0-part1-protocol.html#_Toc445374633)"
                                label="$search"
                                name="$search"
                                required="false"
                                testWith=""
                                type="string"/>
                     <parameter description="Filter items by property values, see [OData Filtering](http://docs.oasis-open.org/odata/odata/v4.0/odata-v4.0-part1-protocol.html#_Toc445374625)"
                                label="$filter"
                                name="$filter"
                                required="false"
                                testWith=""
                                type="string"/>
                     <parameter description="Include count of items, see [OData Count](http://docs.oasis-open.org/odata/odata/v4.0/odata-v4.0-part1-protocol.html#_Toc445374632)"
                                label="$count"
                                name="$count"
                                required="false"
                                testWith=""
                                type="boolean"/>
                     <parameter description="Order items by property values, see [OData Sorting](http://docs.oasis-open.org/odata/odata/v4.0/odata-v4.0-part1-protocol.html#_Toc445374629)"
                                label="$orderby"
                                name="$orderby"
                                required="false"
                                testWith=""
                                type="picklist">
                        <options>
                           <option name="values">[{"value":"amount","label":"amount"},{"value":"amount desc","label":"amount desc"},{"value":"approvalStatus","label":"approvalStatus"},{"value":"approvalStatus desc","label":"approvalStatus desc"},{"value":"category","label":"category"},{"value":"category desc","label":"category desc"},{"value":"createdBy","label":"createdBy"},{"value":"createdBy desc","label":"createdBy desc"},{"value":"createdDate","label":"createdDate"},{"value":"createdDate desc","label":"createdDate desc"},{"value":"createdDateTime","label":"createdDateTime"},{"value":"createdDateTime desc","label":"createdDateTime desc"},{"value":"currencyCode","label":"currencyCode"},{"value":"currencyCode desc","label":"currencyCode desc"},{"value":"declarationType","label":"declarationType"},{"value":"declarationType desc","label":"declarationType desc"},{"value":"effectiveStartDate","label":"effectiveStartDate"},{"value":"effectiveStartDate desc","label":"effectiveStartDate desc"},{"value":"externalCode","label":"externalCode"},{"value":"externalCode desc","label":"externalCode desc"},{"value":"externalName","label":"externalName"},{"value":"externalName desc","label":"externalName desc"},{"value":"fiscalYear","label":"fiscalYear"},{"value":"fiscalYear desc","label":"fiscalYear desc"},{"value":"itDeclInvestmentType","label":"itDeclInvestmentType"},{"value":"itDeclInvestmentType desc","label":"itDeclInvestmentType desc"},{"value":"lastModifiedBy","label":"lastModifiedBy"},{"value":"lastModifiedBy desc","label":"lastModifiedBy desc"},{"value":"lastModifiedDate","label":"lastModifiedDate"},{"value":"lastModifiedDate desc","label":"lastModifiedDate desc"},{"value":"lastModifiedDateTime","label":"lastModifiedDateTime"},{"value":"lastModifiedDateTime desc","label":"lastModifiedDateTime desc"},{"value":"lastModifiedDateWithTZ","label":"lastModifiedDateWithTZ"},{"value":"lastModifiedDateWithTZ desc","label":"lastModifiedDateWithTZ desc"},{"value":"mdfSystemEffectiveEndDate","label":"mdfSystemEffectiveEndDate"},{"value":"mdfSystemEffectiveEndDate desc","label":"mdfSystemEffectiveEndDate desc"},{"value":"mdfSystemEntityId","label":"mdfSystemEntityId"},{"value":"mdfSystemEntityId desc","label":"mdfSystemEntityId desc"},{"value":"mdfSystemObjectType","label":"mdfSystemObjectType"},{"value":"mdfSystemObjectType desc","label":"mdfSystemObjectType desc"},{"value":"mdfSystemRecordId","label":"mdfSystemRecordId"},{"value":"mdfSystemRecordId desc","label":"mdfSystemRecordId desc"},{"value":"mdfSystemRecordStatus","label":"mdfSystemRecordStatus"},{"value":"mdfSystemRecordStatus desc","label":"mdfSystemRecordStatus desc"},{"value":"mdfSystemStatus","label":"mdfSystemStatus"},{"value":"mdfSystemStatus desc","label":"mdfSystemStatus desc"},{"value":"mdfSystemTransactionSequence","label":"mdfSystemTransactionSequence"},{"value":"mdfSystemTransactionSequence desc","label":"mdfSystemTransactionSequence desc"},{"value":"mdfSystemVersionId","label":"mdfSystemVersionId"},{"value":"mdfSystemVersionId desc","label":"mdfSystemVersionId desc"},{"value":"postingDate","label":"postingDate"},{"value":"postingDate desc","label":"postingDate desc"},{"value":"type","label":"type"},{"value":"type desc","label":"type desc"},{"value":"userSysId","label":"userSysId"},{"value":"userSysId desc","label":"userSysId desc"},{"value":"userSysIdCopy","label":"userSysIdCopy"},{"value":"userSysIdCopy desc","label":"userSysIdCopy desc"}]</option>
                        </options>
                     </parameter>
                     <parameter description="Select properties to be returned, see [OData Select](http://docs.oasis-open.org/odata/odata/v4.0/odata-v4.0-part1-protocol.html#_Toc445374620)"
                                label="$select"
                                name="$select"
                                required="false"
                                testWith=""
                                type="picklist">
                        <options>
                           <option name="values">[{"value":"amount","label":"amount"},{"value":"approvalStatus","label":"approvalStatus"},{"value":"category","label":"category"},{"value":"createdBy","label":"createdBy"},{"value":"createdDate","label":"createdDate"},{"value":"createdDateTime","label":"createdDateTime"},{"value":"currencyCode","label":"currencyCode"},{"value":"declarationType","label":"declarationType"},{"value":"effectiveStartDate","label":"effectiveStartDate"},{"value":"externalCode","label":"externalCode"},{"value":"externalName","label":"externalName"},{"value":"fiscalYear","label":"fiscalYear"},{"value":"itDeclInvestmentType","label":"itDeclInvestmentType"},{"value":"lastModifiedBy","label":"lastModifiedBy"},{"value":"lastModifiedDate","label":"lastModifiedDate"},{"value":"lastModifiedDateTime","label":"lastModifiedDateTime"},{"value":"lastModifiedDateWithTZ","label":"lastModifiedDateWithTZ"},{"value":"mdfSystemEffectiveEndDate","label":"mdfSystemEffectiveEndDate"},{"value":"mdfSystemEntityId","label":"mdfSystemEntityId"},{"value":"mdfSystemObjectType","label":"mdfSystemObjectType"},{"value":"mdfSystemRecordId","label":"mdfSystemRecordId"},{"value":"mdfSystemRecordStatus","label":"mdfSystemRecordStatus"},{"value":"mdfSystemStatus","label":"mdfSystemStatus"},{"value":"mdfSystemTransactionSequence","label":"mdfSystemTransactionSequence"},{"value":"mdfSystemVersionId","label":"mdfSystemVersionId"},{"value":"postingDate","label":"postingDate"},{"value":"type","label":"type"},{"value":"userSysId","label":"userSysId"},{"value":"userSysIdCopy","label":"userSysIdCopy"}]</option>
                        </options>
                     </parameter>
                     <parameter description="Expand related entities, see [OData Expand](http://docs.oasis-open.org/odata/odata/v4.0/odata-v4.0-part1-protocol.html#_Toc445374621)"
                                label="$expand"
                                name="$expand"
                                required="false"
                                testWith=""
                                type="picklist">
                        <options>
                           <option name="values">[{"value":"*","label":"*"},{"value":"itDeclInvestmentTypeNav","label":"itDeclInvestmentTypeNav"},{"value":"typeNav","label":"typeNav"}]</option>
                        </options>
                     </parameter>
                  </input>
                  <binding>
                     <restSimpleBinding multiUsing="semicolonSeparated"
                                        url="https://{$hostName}/successfactors/odata/v2/ItDeclaration"
                                        verb="GET">
                        <authentication>
                           <username>{$username}</username>
                           <password>{$password}</password>
                           <isExpressionInPassword>true</isExpressionInPassword>
                        </authentication>
                        <httpHeaders>
                           <header name="Content-Type">application/json</header>
                           <header name="Accept">application/json</header>
                        </httpHeaders>
                     </restSimpleBinding>
                  </binding>
                  <output>
                     <field description="Retrieved entities"
                            entireResponse="true"
                            name="entireResponse"
                            type="object"/>
                  </output>
               </action>
               <action category="ItDeclarationTimeBound"
                       failOnError="true"
                       forSearch="false"
                       label="GET_ItDeclarationTimeBound"
                       maxRedirects="100"
                       name="GET_ItDeclarationTimeBound"
                       preemptiveAuth="true"
                       responseEncoding="">
                  <description>Get entities from ItDeclarationTimeBound</description>
                  <input>
                     <parameter description="Show only the first n items, see [OData Paging - Top](http://docs.oasis-open.org/odata/odata/v4.0/odata-v4.0-part1-protocol.html#_Toc445374630)"
                                label="$top"
                                name="$top"
                                required="false"
                                testWith=""
                                type="int"/>
                     <parameter description="Skip the first n items, see [OData Paging - Skip](http://docs.oasis-open.org/odata/odata/v4.0/odata-v4.0-part1-protocol.html#_Toc445374631)"
                                label="$skip"
                                name="$skip"
                                required="false"
                                testWith=""
                                type="int"/>
                     <parameter description="Search items by search phrases, see [OData Searching](http://docs.oasis-open.org/odata/odata/v4.0/odata-v4.0-part1-protocol.html#_Toc445374633)"
                                label="$search"
                                name="$search"
                                required="false"
                                testWith=""
                                type="string"/>
                     <parameter description="Filter items by property values, see [OData Filtering](http://docs.oasis-open.org/odata/odata/v4.0/odata-v4.0-part1-protocol.html#_Toc445374625)"
                                label="$filter"
                                name="$filter"
                                required="false"
                                testWith=""
                                type="string"/>
                     <parameter description="Include count of items, see [OData Count](http://docs.oasis-open.org/odata/odata/v4.0/odata-v4.0-part1-protocol.html#_Toc445374632)"
                                label="$count"
                                name="$count"
                                required="false"
                                testWith=""
                                type="boolean"/>
                     <parameter description="Order items by property values, see [OData Sorting](http://docs.oasis-open.org/odata/odata/v4.0/odata-v4.0-part1-protocol.html#_Toc445374629)"
                                label="$orderby"
                                name="$orderby"
                                required="false"
                                testWith=""
                                type="picklist">
                        <options>
                           <option name="values">[{"value":"createdBy","label":"createdBy"},{"value":"createdBy desc","label":"createdBy desc"},{"value":"createdDateTime","label":"createdDateTime"},{"value":"createdDateTime desc","label":"createdDateTime desc"},{"value":"endDay","label":"endDay"},{"value":"endDay desc","label":"endDay desc"},{"value":"endMonth","label":"endMonth"},{"value":"endMonth desc","label":"endMonth desc"},{"value":"externalCode","label":"externalCode"},{"value":"externalCode desc","label":"externalCode desc"},{"value":"lastModifiedBy","label":"lastModifiedBy"},{"value":"lastModifiedBy desc","label":"lastModifiedBy desc"},{"value":"lastModifiedDateTime","label":"lastModifiedDateTime"},{"value":"lastModifiedDateTime desc","label":"lastModifiedDateTime desc"},{"value":"mdfSystemCreatedBy","label":"mdfSystemCreatedBy"},{"value":"mdfSystemCreatedBy desc","label":"mdfSystemCreatedBy desc"},{"value":"mdfSystemCreatedDate","label":"mdfSystemCreatedDate"},{"value":"mdfSystemCreatedDate desc","label":"mdfSystemCreatedDate desc"},{"value":"mdfSystemEffectiveEndDate","label":"mdfSystemEffectiveEndDate"},{"value":"mdfSystemEffectiveEndDate desc","label":"mdfSystemEffectiveEndDate desc"},{"value":"mdfSystemEffectiveStartDate","label":"mdfSystemEffectiveStartDate"},{"value":"mdfSystemEffectiveStartDate desc","label":"mdfSystemEffectiveStartDate desc"},{"value":"mdfSystemEntityId","label":"mdfSystemEntityId"},{"value":"mdfSystemEntityId desc","label":"mdfSystemEntityId desc"},{"value":"mdfSystemLastModifiedBy","label":"mdfSystemLastModifiedBy"},{"value":"mdfSystemLastModifiedBy desc","label":"mdfSystemLastModifiedBy desc"},{"value":"mdfSystemLastModifiedDate","label":"mdfSystemLastModifiedDate"},{"value":"mdfSystemLastModifiedDate desc","label":"mdfSystemLastModifiedDate desc"},{"value":"mdfSystemLastModifiedDateWithTZ","label":"mdfSystemLastModifiedDateWithTZ"},{"value":"mdfSystemLastModifiedDateWithTZ desc","label":"mdfSystemLastModifiedDateWithTZ desc"},{"value":"mdfSystemObjectType","label":"mdfSystemObjectType"},{"value":"mdfSystemObjectType desc","label":"mdfSystemObjectType desc"},{"value":"mdfSystemRecordId","label":"mdfSystemRecordId"},{"value":"mdfSystemRecordId desc","label":"mdfSystemRecordId desc"},{"value":"mdfSystemRecordStatus","label":"mdfSystemRecordStatus"},{"value":"mdfSystemRecordStatus desc","label":"mdfSystemRecordStatus desc"},{"value":"mdfSystemStatus","label":"mdfSystemStatus"},{"value":"mdfSystemStatus desc","label":"mdfSystemStatus desc"},{"value":"mdfSystemTransactionSequence","label":"mdfSystemTransactionSequence"},{"value":"mdfSystemTransactionSequence desc","label":"mdfSystemTransactionSequence desc"},{"value":"mdfSystemVersionId","label":"mdfSystemVersionId"},{"value":"mdfSystemVersionId desc","label":"mdfSystemVersionId desc"},{"value":"startDay","label":"startDay"},{"value":"startDay desc","label":"startDay desc"},{"value":"startMonth","label":"startMonth"},{"value":"startMonth desc","label":"startMonth desc"},{"value":"status","label":"status"},{"value":"status desc","label":"status desc"}]</option>
                        </options>
                     </parameter>
                     <parameter description="Select properties to be returned, see [OData Select](http://docs.oasis-open.org/odata/odata/v4.0/odata-v4.0-part1-protocol.html#_Toc445374620)"
                                label="$select"
                                name="$select"
                                required="false"
                                testWith=""
                                type="picklist">
                        <options>
                           <option name="values">[{"value":"createdBy","label":"createdBy"},{"value":"createdDateTime","label":"createdDateTime"},{"value":"endDay","label":"endDay"},{"value":"endMonth","label":"endMonth"},{"value":"externalCode","label":"externalCode"},{"value":"lastModifiedBy","label":"lastModifiedBy"},{"value":"lastModifiedDateTime","label":"lastModifiedDateTime"},{"value":"mdfSystemCreatedBy","label":"mdfSystemCreatedBy"},{"value":"mdfSystemCreatedDate","label":"mdfSystemCreatedDate"},{"value":"mdfSystemEffectiveEndDate","label":"mdfSystemEffectiveEndDate"},{"value":"mdfSystemEffectiveStartDate","label":"mdfSystemEffectiveStartDate"},{"value":"mdfSystemEntityId","label":"mdfSystemEntityId"},{"value":"mdfSystemLastModifiedBy","label":"mdfSystemLastModifiedBy"},{"value":"mdfSystemLastModifiedDate","label":"mdfSystemLastModifiedDate"},{"value":"mdfSystemLastModifiedDateWithTZ","label":"mdfSystemLastModifiedDateWithTZ"},{"value":"mdfSystemObjectType","label":"mdfSystemObjectType"},{"value":"mdfSystemRecordId","label":"mdfSystemRecordId"},{"value":"mdfSystemRecordStatus","label":"mdfSystemRecordStatus"},{"value":"mdfSystemStatus","label":"mdfSystemStatus"},{"value":"mdfSystemTransactionSequence","label":"mdfSystemTransactionSequence"},{"value":"mdfSystemVersionId","label":"mdfSystemVersionId"},{"value":"startDay","label":"startDay"},{"value":"startMonth","label":"startMonth"},{"value":"status","label":"status"}]</option>
                        </options>
                     </parameter>
                  </input>
                  <binding>
                     <restSimpleBinding multiUsing="semicolonSeparated"
                                        url="https://{$hostName}/successfactors/odata/v2/ItDeclarationTimeBound"
                                        verb="GET">
                        <authentication>
                           <username>{$username}</username>
                           <password>{$password}</password>
                           <isExpressionInPassword>true</isExpressionInPassword>
                        </authentication>
                        <httpHeaders>
                           <header name="Content-Type">application/json</header>
                           <header name="Accept">application/json</header>
                        </httpHeaders>
                     </restSimpleBinding>
                  </binding>
                  <output>
                     <field description="Retrieved entities"
                            entireResponse="true"
                            name="entireResponse"
                            type="object"/>
                  </output>
               </action>
               <action category="FiscalYearVariant"
                       failOnError="true"
                       forSearch="false"
                       label="GET_FiscalYearVariant"
                       maxRedirects="100"
                       name="GET_FiscalYearVariant"
                       preemptiveAuth="true"
                       responseEncoding="">
                  <description>Get entities from FiscalYearVariant</description>
                  <input>
                     <parameter description="Show only the first n items, see [OData Paging - Top](http://docs.oasis-open.org/odata/odata/v4.0/odata-v4.0-part1-protocol.html#_Toc445374630)"
                                label="$top"
                                name="$top"
                                required="false"
                                testWith=""
                                type="int"/>
                     <parameter description="Skip the first n items, see [OData Paging - Skip](http://docs.oasis-open.org/odata/odata/v4.0/odata-v4.0-part1-protocol.html#_Toc445374631)"
                                label="$skip"
                                name="$skip"
                                required="false"
                                testWith=""
                                type="int"/>
                     <parameter description="Search items by search phrases, see [OData Searching](http://docs.oasis-open.org/odata/odata/v4.0/odata-v4.0-part1-protocol.html#_Toc445374633)"
                                label="$search"
                                name="$search"
                                required="false"
                                testWith=""
                                type="string"/>
                     <parameter description="Filter items by property values, see [OData Filtering](http://docs.oasis-open.org/odata/odata/v4.0/odata-v4.0-part1-protocol.html#_Toc445374625)"
                                label="$filter"
                                name="$filter"
                                required="false"
                                testWith=""
                                type="string"/>
                     <parameter description="Include count of items, see [OData Count](http://docs.oasis-open.org/odata/odata/v4.0/odata-v4.0-part1-protocol.html#_Toc445374632)"
                                label="$count"
                                name="$count"
                                required="false"
                                testWith=""
                                type="boolean"/>
                     <parameter description="Order items by property values, see [OData Sorting](http://docs.oasis-open.org/odata/odata/v4.0/odata-v4.0-part1-protocol.html#_Toc445374629)"
                                label="$orderby"
                                name="$orderby"
                                required="false"
                                testWith=""
                                type="picklist">
                        <options>
                           <option name="values">[{"value":"createdBy","label":"createdBy"},{"value":"createdBy desc","label":"createdBy desc"},{"value":"createdDateTime","label":"createdDateTime"},{"value":"createdDateTime desc","label":"createdDateTime desc"},{"value":"description","label":"description"},{"value":"description desc","label":"description desc"},{"value":"externalCode","label":"externalCode"},{"value":"externalCode desc","label":"externalCode desc"},{"value":"lastModifiedBy","label":"lastModifiedBy"},{"value":"lastModifiedBy desc","label":"lastModifiedBy desc"},{"value":"lastModifiedDateTime","label":"lastModifiedDateTime"},{"value":"lastModifiedDateTime desc","label":"lastModifiedDateTime desc"},{"value":"mdfSystemRecordStatus","label":"mdfSystemRecordStatus"},{"value":"mdfSystemRecordStatus desc","label":"mdfSystemRecordStatus desc"}]</option>
                        </options>
                     </parameter>
                     <parameter description="Select properties to be returned, see [OData Select](http://docs.oasis-open.org/odata/odata/v4.0/odata-v4.0-part1-protocol.html#_Toc445374620)"
                                label="$select"
                                name="$select"
                                required="false"
                                testWith=""
                                type="picklist">
                        <options>
                           <option name="values">[{"value":"createdBy","label":"createdBy"},{"value":"createdDateTime","label":"createdDateTime"},{"value":"description","label":"description"},{"value":"externalCode","label":"externalCode"},{"value":"lastModifiedBy","label":"lastModifiedBy"},{"value":"lastModifiedDateTime","label":"lastModifiedDateTime"},{"value":"mdfSystemRecordStatus","label":"mdfSystemRecordStatus"}]</option>
                        </options>
                     </parameter>
                  </input>
                  <binding>
                     <restSimpleBinding multiUsing="semicolonSeparated"
                                        url="https://{$hostName}/successfactors/odata/v2/FiscalYearVariant"
                                        verb="GET">
                        <authentication>
                           <username>{$username}</username>
                           <password>{$password}</password>
                           <isExpressionInPassword>true</isExpressionInPassword>
                        </authentication>
                        <httpHeaders>
                           <header name="Content-Type">application/json</header>
                           <header name="Accept">application/json</header>
                        </httpHeaders>
                     </restSimpleBinding>
                  </binding>
                  <output>
                     <field description="Retrieved entities"
                            entireResponse="true"
                            name="entireResponse"
                            type="object"/>
                  </output>
               </action>
               <action category="ItDeclInvestmentType"
                       failOnError="true"
                       forSearch="false"
                       label="GET_ItDeclInvestmentType"
                       maxRedirects="100"
                       name="GET_ItDeclInvestmentType"
                       preemptiveAuth="true"
                       responseEncoding="">
                  <description>Get entities from ItDeclInvestmentType</description>
                  <input>
                     <parameter description="Show only the first n items, see [OData Paging - Top](http://docs.oasis-open.org/odata/odata/v4.0/odata-v4.0-part1-protocol.html#_Toc445374630)"
                                label="$top"
                                name="$top"
                                required="false"
                                testWith=""
                                type="int"/>
                     <parameter description="Skip the first n items, see [OData Paging - Skip](http://docs.oasis-open.org/odata/odata/v4.0/odata-v4.0-part1-protocol.html#_Toc445374631)"
                                label="$skip"
                                name="$skip"
                                required="false"
                                testWith=""
                                type="int"/>
                     <parameter description="Search items by search phrases, see [OData Searching](http://docs.oasis-open.org/odata/odata/v4.0/odata-v4.0-part1-protocol.html#_Toc445374633)"
                                label="$search"
                                name="$search"
                                required="false"
                                testWith=""
                                type="string"/>
                     <parameter description="Filter items by property values, see [OData Filtering](http://docs.oasis-open.org/odata/odata/v4.0/odata-v4.0-part1-protocol.html#_Toc445374625)"
                                label="$filter"
                                name="$filter"
                                required="false"
                                testWith=""
                                type="string"/>
                     <parameter description="Include count of items, see [OData Count](http://docs.oasis-open.org/odata/odata/v4.0/odata-v4.0-part1-protocol.html#_Toc445374632)"
                                label="$count"
                                name="$count"
                                required="false"
                                testWith=""
                                type="boolean"/>
                     <parameter description="Order items by property values, see [OData Sorting](http://docs.oasis-open.org/odata/odata/v4.0/odata-v4.0-part1-protocol.html#_Toc445374629)"
                                label="$orderby"
                                name="$orderby"
                                required="false"
                                testWith=""
                                type="picklist">
                        <options>
                           <option name="values">[{"value":"category","label":"category"},{"value":"category desc","label":"category desc"},{"value":"country","label":"country"},{"value":"country desc","label":"country desc"},{"value":"createdBy","label":"createdBy"},{"value":"createdBy desc","label":"createdBy desc"},{"value":"createdDateTime","label":"createdDateTime"},{"value":"createdDateTime desc","label":"createdDateTime desc"},{"value":"declarationType","label":"declarationType"},{"value":"declarationType desc","label":"declarationType desc"},{"value":"effectiveEndDate","label":"effectiveEndDate"},{"value":"effectiveEndDate desc","label":"effectiveEndDate desc"},{"value":"effectiveStartDate","label":"effectiveStartDate"},{"value":"effectiveStartDate desc","label":"effectiveStartDate desc"},{"value":"externalCode","label":"externalCode"},{"value":"externalCode desc","label":"externalCode desc"},{"value":"externalName","label":"externalName"},{"value":"externalName desc","label":"externalName desc"},{"value":"investmentType","label":"investmentType"},{"value":"investmentType desc","label":"investmentType desc"},{"value":"lastModifiedBy","label":"lastModifiedBy"},{"value":"lastModifiedBy desc","label":"lastModifiedBy desc"},{"value":"lastModifiedDateTime","label":"lastModifiedDateTime"},{"value":"lastModifiedDateTime desc","label":"lastModifiedDateTime desc"},{"value":"mdfSystemCreatedBy","label":"mdfSystemCreatedBy"},{"value":"mdfSystemCreatedBy desc","label":"mdfSystemCreatedBy desc"},{"value":"mdfSystemCreatedDate","label":"mdfSystemCreatedDate"},{"value":"mdfSystemCreatedDate desc","label":"mdfSystemCreatedDate desc"},{"value":"mdfSystemEntityId","label":"mdfSystemEntityId"},{"value":"mdfSystemEntityId desc","label":"mdfSystemEntityId desc"},{"value":"mdfSystemLastModifiedBy","label":"mdfSystemLastModifiedBy"},{"value":"mdfSystemLastModifiedBy desc","label":"mdfSystemLastModifiedBy desc"},{"value":"mdfSystemLastModifiedDate","label":"mdfSystemLastModifiedDate"},{"value":"mdfSystemLastModifiedDate desc","label":"mdfSystemLastModifiedDate desc"},{"value":"mdfSystemLastModifiedDateWithTZ","label":"mdfSystemLastModifiedDateWithTZ"},{"value":"mdfSystemLastModifiedDateWithTZ desc","label":"mdfSystemLastModifiedDateWithTZ desc"},{"value":"mdfSystemObjectType","label":"mdfSystemObjectType"},{"value":"mdfSystemObjectType desc","label":"mdfSystemObjectType desc"},{"value":"mdfSystemRecordId","label":"mdfSystemRecordId"},{"value":"mdfSystemRecordId desc","label":"mdfSystemRecordId desc"},{"value":"mdfSystemRecordStatus","label":"mdfSystemRecordStatus"},{"value":"mdfSystemRecordStatus desc","label":"mdfSystemRecordStatus desc"},{"value":"mdfSystemTransactionSequence","label":"mdfSystemTransactionSequence"},{"value":"mdfSystemTransactionSequence desc","label":"mdfSystemTransactionSequence desc"},{"value":"mdfSystemVersionId","label":"mdfSystemVersionId"},{"value":"mdfSystemVersionId desc","label":"mdfSystemVersionId desc"},{"value":"status","label":"status"},{"value":"status desc","label":"status desc"},{"value":"useOnlyForActuals","label":"useOnlyForActuals"},{"value":"useOnlyForActuals desc","label":"useOnlyForActuals desc"},{"value":"wfProposal","label":"wfProposal"},{"value":"wfProposal desc","label":"wfProposal desc"}]</option>
                        </options>
                     </parameter>
                     <parameter description="Select properties to be returned, see [OData Select](http://docs.oasis-open.org/odata/odata/v4.0/odata-v4.0-part1-protocol.html#_Toc445374620)"
                                label="$select"
                                name="$select"
                                required="false"
                                testWith=""
                                type="picklist">
                        <options>
                           <option name="values">[{"value":"category","label":"category"},{"value":"country","label":"country"},{"value":"createdBy","label":"createdBy"},{"value":"createdDateTime","label":"createdDateTime"},{"value":"declarationType","label":"declarationType"},{"value":"effectiveEndDate","label":"effectiveEndDate"},{"value":"effectiveStartDate","label":"effectiveStartDate"},{"value":"externalCode","label":"externalCode"},{"value":"externalName","label":"externalName"},{"value":"investmentType","label":"investmentType"},{"value":"lastModifiedBy","label":"lastModifiedBy"},{"value":"lastModifiedDateTime","label":"lastModifiedDateTime"},{"value":"mdfSystemCreatedBy","label":"mdfSystemCreatedBy"},{"value":"mdfSystemCreatedDate","label":"mdfSystemCreatedDate"},{"value":"mdfSystemEntityId","label":"mdfSystemEntityId"},{"value":"mdfSystemLastModifiedBy","label":"mdfSystemLastModifiedBy"},{"value":"mdfSystemLastModifiedDate","label":"mdfSystemLastModifiedDate"},{"value":"mdfSystemLastModifiedDateWithTZ","label":"mdfSystemLastModifiedDateWithTZ"},{"value":"mdfSystemObjectType","label":"mdfSystemObjectType"},{"value":"mdfSystemRecordId","label":"mdfSystemRecordId"},{"value":"mdfSystemRecordStatus","label":"mdfSystemRecordStatus"},{"value":"mdfSystemTransactionSequence","label":"mdfSystemTransactionSequence"},{"value":"mdfSystemVersionId","label":"mdfSystemVersionId"},{"value":"status","label":"status"},{"value":"useOnlyForActuals","label":"useOnlyForActuals"},{"value":"wfProposal","label":"wfProposal"}]</option>
                        </options>
                     </parameter>
                     <parameter description="Expand related entities, see [OData Expand](http://docs.oasis-open.org/odata/odata/v4.0/odata-v4.0-part1-protocol.html#_Toc445374621)"
                                label="$expand"
                                name="$expand"
                                required="false"
                                testWith=""
                                type="picklist">
                        <options>
                           <option name="values">[{"value":"*","label":"*"},{"value":"declarationTypeNav","label":"declarationTypeNav"}]</option>
                        </options>
                     </parameter>
                  </input>
                  <binding>
                     <restSimpleBinding multiUsing="semicolonSeparated"
                                        url="https://{$hostName}/successfactors/odata/v2/ItDeclInvestmentType"
                                        verb="GET">
                        <authentication>
                           <username>{$username}</username>
                           <password>{$password}</password>
                           <isExpressionInPassword>true</isExpressionInPassword>
                        </authentication>
                        <httpHeaders>
                           <header name="Content-Type">application/json</header>
                           <header name="Accept">application/json</header>
                        </httpHeaders>
                     </restSimpleBinding>
                  </binding>
                  <output>
                     <field description="Retrieved entities"
                            entireResponse="true"
                            name="entireResponse"
                            type="object"/>
                  </output>
               </action>
               <action category="DeclarationType"
                       failOnError="true"
                       forSearch="false"
                       label="GET_DeclarationType"
                       maxRedirects="100"
                       name="GET_DeclarationType"
                       preemptiveAuth="true"
                       responseEncoding="">
                  <description>Get entities from DeclarationType</description>
                  <input>
                     <parameter description="Show only the first n items, see [OData Paging - Top](http://docs.oasis-open.org/odata/odata/v4.0/odata-v4.0-part1-protocol.html#_Toc445374630)"
                                label="$top"
                                name="$top"
                                required="false"
                                testWith=""
                                type="int"/>
                     <parameter description="Skip the first n items, see [OData Paging - Skip](http://docs.oasis-open.org/odata/odata/v4.0/odata-v4.0-part1-protocol.html#_Toc445374631)"
                                label="$skip"
                                name="$skip"
                                required="false"
                                testWith=""
                                type="int"/>
                     <parameter description="Search items by search phrases, see [OData Searching](http://docs.oasis-open.org/odata/odata/v4.0/odata-v4.0-part1-protocol.html#_Toc445374633)"
                                label="$search"
                                name="$search"
                                required="false"
                                testWith=""
                                type="string"/>
                     <parameter description="Filter items by property values, see [OData Filtering](http://docs.oasis-open.org/odata/odata/v4.0/odata-v4.0-part1-protocol.html#_Toc445374625)"
                                label="$filter"
                                name="$filter"
                                required="false"
                                testWith=""
                                type="string"/>
                     <parameter description="Include count of items, see [OData Count](http://docs.oasis-open.org/odata/odata/v4.0/odata-v4.0-part1-protocol.html#_Toc445374632)"
                                label="$count"
                                name="$count"
                                required="false"
                                testWith=""
                                type="boolean"/>
                     <parameter description="Order items by property values, see [OData Sorting](http://docs.oasis-open.org/odata/odata/v4.0/odata-v4.0-part1-protocol.html#_Toc445374629)"
                                label="$orderby"
                                name="$orderby"
                                required="false"
                                testWith=""
                                type="picklist">
                        <options>
                           <option name="values">[{"value":"createdBy","label":"createdBy"},{"value":"createdBy desc","label":"createdBy desc"},{"value":"createdDateTime","label":"createdDateTime"},{"value":"createdDateTime desc","label":"createdDateTime desc"},{"value":"externalCode","label":"externalCode"},{"value":"externalCode desc","label":"externalCode desc"},{"value":"externalName","label":"externalName"},{"value":"externalName desc","label":"externalName desc"},{"value":"lastModifiedBy","label":"lastModifiedBy"},{"value":"lastModifiedBy desc","label":"lastModifiedBy desc"},{"value":"lastModifiedDateTime","label":"lastModifiedDateTime"},{"value":"lastModifiedDateTime desc","label":"lastModifiedDateTime desc"},{"value":"mdfSystemCreatedBy","label":"mdfSystemCreatedBy"},{"value":"mdfSystemCreatedBy desc","label":"mdfSystemCreatedBy desc"},{"value":"mdfSystemCreatedDate","label":"mdfSystemCreatedDate"},{"value":"mdfSystemCreatedDate desc","label":"mdfSystemCreatedDate desc"},{"value":"mdfSystemEffectiveEndDate","label":"mdfSystemEffectiveEndDate"},{"value":"mdfSystemEffectiveEndDate desc","label":"mdfSystemEffectiveEndDate desc"},{"value":"mdfSystemEffectiveStartDate","label":"mdfSystemEffectiveStartDate"},{"value":"mdfSystemEffectiveStartDate desc","label":"mdfSystemEffectiveStartDate desc"},{"value":"mdfSystemEntityId","label":"mdfSystemEntityId"},{"value":"mdfSystemEntityId desc","label":"mdfSystemEntityId desc"},{"value":"mdfSystemLastModifiedBy","label":"mdfSystemLastModifiedBy"},{"value":"mdfSystemLastModifiedBy desc","label":"mdfSystemLastModifiedBy desc"},{"value":"mdfSystemLastModifiedDate","label":"mdfSystemLastModifiedDate"},{"value":"mdfSystemLastModifiedDate desc","label":"mdfSystemLastModifiedDate desc"},{"value":"mdfSystemLastModifiedDateWithTZ","label":"mdfSystemLastModifiedDateWithTZ"},{"value":"mdfSystemLastModifiedDateWithTZ desc","label":"mdfSystemLastModifiedDateWithTZ desc"},{"value":"mdfSystemObjectType","label":"mdfSystemObjectType"},{"value":"mdfSystemObjectType desc","label":"mdfSystemObjectType desc"},{"value":"mdfSystemRecordId","label":"mdfSystemRecordId"},{"value":"mdfSystemRecordId desc","label":"mdfSystemRecordId desc"},{"value":"mdfSystemRecordStatus","label":"mdfSystemRecordStatus"},{"value":"mdfSystemRecordStatus desc","label":"mdfSystemRecordStatus desc"},{"value":"mdfSystemStatus","label":"mdfSystemStatus"},{"value":"mdfSystemStatus desc","label":"mdfSystemStatus desc"},{"value":"mdfSystemTransactionSequence","label":"mdfSystemTransactionSequence"},{"value":"mdfSystemTransactionSequence desc","label":"mdfSystemTransactionSequence desc"},{"value":"mdfSystemVersionId","label":"mdfSystemVersionId"},{"value":"mdfSystemVersionId desc","label":"mdfSystemVersionId desc"},{"value":"remarks","label":"remarks"},{"value":"remarks desc","label":"remarks desc"}]</option>
                        </options>
                     </parameter>
                     <parameter description="Select properties to be returned, see [OData Select](http://docs.oasis-open.org/odata/odata/v4.0/odata-v4.0-part1-protocol.html#_Toc445374620)"
                                label="$select"
                                name="$select"
                                required="false"
                                testWith=""
                                type="picklist">
                        <options>
                           <option name="values">[{"value":"createdBy","label":"createdBy"},{"value":"createdDateTime","label":"createdDateTime"},{"value":"externalCode","label":"externalCode"},{"value":"externalName","label":"externalName"},{"value":"lastModifiedBy","label":"lastModifiedBy"},{"value":"lastModifiedDateTime","label":"lastModifiedDateTime"},{"value":"mdfSystemCreatedBy","label":"mdfSystemCreatedBy"},{"value":"mdfSystemCreatedDate","label":"mdfSystemCreatedDate"},{"value":"mdfSystemEffectiveEndDate","label":"mdfSystemEffectiveEndDate"},{"value":"mdfSystemEffectiveStartDate","label":"mdfSystemEffectiveStartDate"},{"value":"mdfSystemEntityId","label":"mdfSystemEntityId"},{"value":"mdfSystemLastModifiedBy","label":"mdfSystemLastModifiedBy"},{"value":"mdfSystemLastModifiedDate","label":"mdfSystemLastModifiedDate"},{"value":"mdfSystemLastModifiedDateWithTZ","label":"mdfSystemLastModifiedDateWithTZ"},{"value":"mdfSystemObjectType","label":"mdfSystemObjectType"},{"value":"mdfSystemRecordId","label":"mdfSystemRecordId"},{"value":"mdfSystemRecordStatus","label":"mdfSystemRecordStatus"},{"value":"mdfSystemStatus","label":"mdfSystemStatus"},{"value":"mdfSystemTransactionSequence","label":"mdfSystemTransactionSequence"},{"value":"mdfSystemVersionId","label":"mdfSystemVersionId"},{"value":"remarks","label":"remarks"}]</option>
                        </options>
                     </parameter>
                  </input>
                  <binding>
                     <restSimpleBinding multiUsing="semicolonSeparated"
                                        url="https://{$hostName}/successfactors/odata/v2/DeclarationType"
                                        verb="GET">
                        <authentication>
                           <username>{$username}</username>
                           <password>{$password}</password>
                           <isExpressionInPassword>true</isExpressionInPassword>
                        </authentication>
                        <httpHeaders>
                           <header name="Content-Type">application/json</header>
                           <header name="Accept">application/json</header>
                        </httpHeaders>
                     </restSimpleBinding>
                  </binding>
                  <output>
                     <field description="Retrieved entities"
                            entireResponse="true"
                            name="entireResponse"
                            type="object"/>
                  </output>
               </action>
               <action category="ItDeclarationTimeBound"
                       failOnError="true"
                       forSearch="false"
                       label="GET_ItDeclarationTimeBound_externalCode_"
                       maxRedirects="100"
                       name="GET_ItDeclarationTimeBound_externalCode_"
                       preemptiveAuth="true"
                       responseEncoding="">
                  <description>Get entity from ItDeclarationTimeBound by key</description>
                  <input>
                     <parameter description="key: externalCode"
                                label="externalCodePathParam"
                                name="externalCodePathParam"
                                nogen="true"
                                required="true"
                                testWith=""
                                type="string"/>
                     <parameter description="Select properties to be returned, see [OData Select](http://docs.oasis-open.org/odata/odata/v4.0/odata-v4.0-part1-protocol.html#_Toc445374620)"
                                label="$select"
                                name="$select"
                                required="false"
                                testWith=""
                                type="picklist">
                        <options>
                           <option name="values">[{"value":"createdBy","label":"createdBy"},{"value":"createdDateTime","label":"createdDateTime"},{"value":"endDay","label":"endDay"},{"value":"endMonth","label":"endMonth"},{"value":"externalCode","label":"externalCode"},{"value":"lastModifiedBy","label":"lastModifiedBy"},{"value":"lastModifiedDateTime","label":"lastModifiedDateTime"},{"value":"mdfSystemCreatedBy","label":"mdfSystemCreatedBy"},{"value":"mdfSystemCreatedDate","label":"mdfSystemCreatedDate"},{"value":"mdfSystemEffectiveEndDate","label":"mdfSystemEffectiveEndDate"},{"value":"mdfSystemEffectiveStartDate","label":"mdfSystemEffectiveStartDate"},{"value":"mdfSystemEntityId","label":"mdfSystemEntityId"},{"value":"mdfSystemLastModifiedBy","label":"mdfSystemLastModifiedBy"},{"value":"mdfSystemLastModifiedDate","label":"mdfSystemLastModifiedDate"},{"value":"mdfSystemLastModifiedDateWithTZ","label":"mdfSystemLastModifiedDateWithTZ"},{"value":"mdfSystemObjectType","label":"mdfSystemObjectType"},{"value":"mdfSystemRecordId","label":"mdfSystemRecordId"},{"value":"mdfSystemRecordStatus","label":"mdfSystemRecordStatus"},{"value":"mdfSystemStatus","label":"mdfSystemStatus"},{"value":"mdfSystemTransactionSequence","label":"mdfSystemTransactionSequence"},{"value":"mdfSystemVersionId","label":"mdfSystemVersionId"},{"value":"startDay","label":"startDay"},{"value":"startMonth","label":"startMonth"},{"value":"status","label":"status"}]</option>
                        </options>
                     </parameter>
                  </input>
                  <binding>
                     <restSimpleBinding multiUsing="semicolonSeparated"
                                        url="https://{$hostName}/successfactors/odata/v2/ItDeclarationTimeBound('{$externalCodePathParam}')"
                                        verb="GET">
                        <authentication>
                           <username>{$username}</username>
                           <password>{$password}</password>
                           <isExpressionInPassword>true</isExpressionInPassword>
                        </authentication>
                        <httpHeaders>
                           <header name="Content-Type">application/json</header>
                           <header name="Accept">application/json</header>
                        </httpHeaders>
                     </restSimpleBinding>
                  </binding>
                  <output>
                     <field description="Retrieved entity"
                            entireResponse="true"
                            name="entireResponse"
                            type="object"/>
                  </output>
               </action>
               <action category="ItDeclaration"
                       failOnError="true"
                       forSearch="false"
                       label="GET_ItDeclaration_effectiveStartDate_effectiveStartDate_externalCode_externalCode_"
                       maxRedirects="100"
                       name="GET_ItDeclaration_effectiveStartDate_effectiveStartDate_externalCode_externalCode_"
                       preemptiveAuth="true"
                       responseEncoding="">
                  <description>Get entity from ItDeclaration by key</description>
                  <input>
                     <parameter description="key: effectiveStartDate"
                                label="effectiveStartDatePathParam"
                                name="effectiveStartDatePathParam"
                                nogen="true"
                                required="true"
                                testWith=""
                                type="string"/>
                     <parameter description="key: externalCode"
                                label="externalCodePathParam"
                                name="externalCodePathParam"
                                nogen="true"
                                required="true"
                                testWith=""
                                type="string"/>
                     <parameter description="Select properties to be returned, see [OData Select](http://docs.oasis-open.org/odata/odata/v4.0/odata-v4.0-part1-protocol.html#_Toc445374620)"
                                label="$select"
                                name="$select"
                                required="false"
                                testWith=""
                                type="picklist">
                        <options>
                           <option name="values">[{"value":"amount","label":"amount"},{"value":"approvalStatus","label":"approvalStatus"},{"value":"category","label":"category"},{"value":"createdBy","label":"createdBy"},{"value":"createdDate","label":"createdDate"},{"value":"createdDateTime","label":"createdDateTime"},{"value":"currencyCode","label":"currencyCode"},{"value":"declarationType","label":"declarationType"},{"value":"effectiveStartDate","label":"effectiveStartDate"},{"value":"externalCode","label":"externalCode"},{"value":"externalName","label":"externalName"},{"value":"fiscalYear","label":"fiscalYear"},{"value":"itDeclInvestmentType","label":"itDeclInvestmentType"},{"value":"lastModifiedBy","label":"lastModifiedBy"},{"value":"lastModifiedDate","label":"lastModifiedDate"},{"value":"lastModifiedDateTime","label":"lastModifiedDateTime"},{"value":"lastModifiedDateWithTZ","label":"lastModifiedDateWithTZ"},{"value":"mdfSystemEffectiveEndDate","label":"mdfSystemEffectiveEndDate"},{"value":"mdfSystemEntityId","label":"mdfSystemEntityId"},{"value":"mdfSystemObjectType","label":"mdfSystemObjectType"},{"value":"mdfSystemRecordId","label":"mdfSystemRecordId"},{"value":"mdfSystemRecordStatus","label":"mdfSystemRecordStatus"},{"value":"mdfSystemStatus","label":"mdfSystemStatus"},{"value":"mdfSystemTransactionSequence","label":"mdfSystemTransactionSequence"},{"value":"mdfSystemVersionId","label":"mdfSystemVersionId"},{"value":"postingDate","label":"postingDate"},{"value":"type","label":"type"},{"value":"userSysId","label":"userSysId"},{"value":"userSysIdCopy","label":"userSysIdCopy"}]</option>
                        </options>
                     </parameter>
                     <parameter description="Expand related entities, see [OData Expand](http://docs.oasis-open.org/odata/odata/v4.0/odata-v4.0-part1-protocol.html#_Toc445374621)"
                                label="$expand"
                                name="$expand"
                                required="false"
                                testWith=""
                                type="picklist">
                        <options>
                           <option name="values">[{"value":"*","label":"*"},{"value":"itDeclInvestmentTypeNav","label":"itDeclInvestmentTypeNav"},{"value":"typeNav","label":"typeNav"}]</option>
                        </options>
                     </parameter>
                  </input>
                  <binding>
                     <restSimpleBinding multiUsing="semicolonSeparated"
                                        url="https://{$hostName}/successfactors/odata/v2/ItDeclaration(effectiveStartDate={$effectiveStartDatePathParam},externalCode='{$externalCodePathParam}')"
                                        verb="GET">
                        <authentication>
                           <username>{$username}</username>
                           <password>{$password}</password>
                           <isExpressionInPassword>true</isExpressionInPassword>
                        </authentication>
                        <httpHeaders>
                           <header name="Content-Type">application/json</header>
                           <header name="Accept">application/json</header>
                        </httpHeaders>
                     </restSimpleBinding>
                  </binding>
                  <output>
                     <field description="Retrieved entity"
                            entireResponse="true"
                            name="entireResponse"
                            type="object"/>
                  </output>
               </action>
            </actions>
            <objects>
               <processObject xmlns="http://schemas.active-endpoints.com/appmodules/screenflow/2011/06/avosHostEnvironment.xsd"
                              isByCopy="true"
                              name="SFOData_FiscalYearVariant">
                  <description/>
                  <detail>
                     <field name="lastModifiedDateTime" type="string"/>
                     <field name="externalCode" type="string"/>
                     <field name="createdBy" type="string"/>
                     <field name="lastModifiedBy" type="string"/>
                     <field name="createdDateTime" type="string"/>
                     <field name="description" type="string"/>
                     <field name="mdfSystemRecordStatus" type="string"/>
                  </detail>
               </processObject>
               <processObject xmlns="http://schemas.active-endpoints.com/appmodules/screenflow/2011/06/avosHostEnvironment.xsd"
                              isByCopy="true"
                              name="odata_error_main">
                  <description/>
                  <detail>
                     <field name="code" type="string"/>
                     <field name="innererror" type="object"/>
                     <field name="details" type="objectlist">
                        <options>
                           <option name="referenceTo">odata_error_detail</option>
                           <option name="relationshipName">Child</option>
                        </options>
                     </field>
                     <field name="message" type="string"/>
                     <field name="target" type="string"/>
                  </detail>
               </processObject>
               <processObject xmlns="http://schemas.active-endpoints.com/appmodules/screenflow/2011/06/avosHostEnvironment.xsd"
                              isByCopy="true"
                              name="odata_error_detail">
                  <description/>
                  <detail>
                     <field name="code" type="string"/>
                     <field name="message" type="string"/>
                     <field name="target" type="string"/>
                  </detail>
               </processObject>
               <processObject xmlns="http://schemas.active-endpoints.com/appmodules/screenflow/2011/06/avosHostEnvironment.xsd"
                              isByCopy="true"
                              name="odata_error">
                  <description/>
                  <detail>
                     <field name="error" type="reference">
                        <options>
                           <option name="referenceTo">odata_error_main</option>
                           <option name="relationshipName">Child</option>
                        </options>
                     </field>
                  </detail>
               </processObject>
               <processObject xmlns="http://schemas.active-endpoints.com/appmodules/screenflow/2011/06/avosHostEnvironment.xsd"
                              isByCopy="true"
                              name="SFOData_DeclarationType">
                  <description/>
                  <detail>
                     <field name="mdfSystemObjectType" type="string"/>
                     <field name="mdfSystemLastModifiedDateWithTZ" type="string"/>
                     <field name="lastModifiedDateTime" type="string"/>
                     <field name="externalCode" type="string"/>
                     <field name="mdfSystemCreatedBy" type="string"/>
                     <field name="mdfSystemLastModifiedDate" type="string"/>
                     <field name="lastModifiedBy" type="string"/>
                     <field name="mdfSystemEffectiveEndDate" type="string"/>
                     <field name="createdDateTime" type="string"/>
                     <field name="mdfSystemVersionId" type="string"/>
                     <field name="mdfSystemLastModifiedBy" type="string"/>
                     <field name="mdfSystemRecordStatus" type="string"/>
                     <field name="mdfSystemTransactionSequence" type="string"/>
                     <field name="mdfSystemEffectiveStartDate" type="string"/>
                     <field name="createdBy" type="string"/>
                     <field name="mdfSystemStatus" type="string"/>
                     <field name="externalName" type="string"/>
                     <field name="mdfSystemCreatedDate" type="string"/>
                     <field name="mdfSystemEntityId" type="string"/>
                     <field name="mdfSystemRecordId" type="string"/>
                     <field name="remarks" type="string"/>
                  </detail>
               </processObject>
               <processObject xmlns="http://schemas.active-endpoints.com/appmodules/screenflow/2011/06/avosHostEnvironment.xsd"
                              isByCopy="true"
                              name="SFOData_ItDeclInvestmentType">
                  <description/>
                  <detail>
                     <field name="effectiveEndDate" type="string"/>
                     <field name="country" type="string"/>
                     <field name="mdfSystemLastModifiedDateWithTZ" type="string"/>
                     <field name="lastModifiedDateTime" type="string"/>
                     <field name="externalCode" type="string"/>
                     <field name="mdfSystemCreatedBy" type="string"/>
                     <field name="useOnlyForActuals" type="boolean"/>
                     <field name="createdDateTime" type="string"/>
                     <field name="mdfSystemVersionId" type="string"/>
                     <field name="mdfSystemLastModifiedBy" type="string"/>
                     <field name="declarationTypeNav" type="reference">
                        <options>
                           <option name="referenceTo">SFOData_DeclarationType</option>
                           <option name="relationshipName">Child</option>
                        </options>
                     </field>
                     <field name="externalName" type="string"/>
                     <field name="mdfSystemEntityId" type="string"/>
                     <field name="effectiveStartDate" type="string"/>
                     <field name="declarationType" type="string"/>
                     <field name="mdfSystemObjectType" type="string"/>
                     <field name="mdfSystemLastModifiedDate" type="string"/>
                     <field name="lastModifiedBy" type="string"/>
                     <field name="mdfSystemRecordStatus" type="string"/>
                     <field name="mdfSystemTransactionSequence" type="string"/>
                     <field name="createdBy" type="string"/>
                     <field name="wfProposal" type="string"/>
                     <field name="mdfSystemCreatedDate" type="string"/>
                     <field name="mdfSystemRecordId" type="string"/>
                     <field name="investmentType" type="string"/>
                     <field name="category" type="string"/>
                     <field name="status" type="string"/>
                  </detail>
               </processObject>
               <processObject xmlns="http://schemas.active-endpoints.com/appmodules/screenflow/2011/06/avosHostEnvironment.xsd"
                              isByCopy="true"
                              name="SFOData_ItDeclarationTimeBound">
                  <description/>
                  <detail>
                     <field name="mdfSystemObjectType" type="string"/>
                     <field name="mdfSystemLastModifiedDateWithTZ" type="string"/>
                     <field name="lastModifiedDateTime" type="string"/>
                     <field name="externalCode" type="string"/>
                     <field name="mdfSystemCreatedBy" type="string"/>
                     <field name="startMonth" type="string"/>
                     <field name="mdfSystemLastModifiedDate" type="string"/>
                     <field name="startDay" type="string"/>
                     <field name="lastModifiedBy" type="string"/>
                     <field name="mdfSystemEffectiveEndDate" type="string"/>
                     <field name="createdDateTime" type="string"/>
                     <field name="mdfSystemVersionId" type="string"/>
                     <field name="mdfSystemLastModifiedBy" type="string"/>
                     <field name="mdfSystemRecordStatus" type="string"/>
                     <field name="mdfSystemTransactionSequence" type="string"/>
                     <field name="mdfSystemEffectiveStartDate" type="string"/>
                     <field name="createdBy" type="string"/>
                     <field name="mdfSystemStatus" type="string"/>
                     <field name="endDay" type="string"/>
                     <field name="mdfSystemCreatedDate" type="string"/>
                     <field name="mdfSystemEntityId" type="string"/>
                     <field name="mdfSystemRecordId" type="string"/>
                     <field name="endMonth" type="string"/>
                     <field name="status" type="string"/>
                  </detail>
               </processObject>
               <processObject xmlns="http://schemas.active-endpoints.com/appmodules/screenflow/2011/06/avosHostEnvironment.xsd"
                              isByCopy="true"
                              name="SFOData_ItDeclaration">
                  <description/>
                  <detail>
                     <field name="lastModifiedDateTime" type="string"/>
                     <field name="externalCode" type="string"/>
                     <field name="mdfSystemEffectiveEndDate" type="string"/>
                     <field name="createdDateTime" type="string"/>
                     <field name="mdfSystemVersionId" type="string"/>
                     <field name="postingDate" type="string"/>
                     <field name="type" type="string"/>
                     <field name="userSysIdCopy" type="string"/>
                     <field name="mdfSystemStatus" type="string"/>
                     <field name="externalName" type="string"/>
                     <field name="mdfSystemEntityId" type="string"/>
                     <field name="effectiveStartDate" type="string"/>
                     <field name="itDeclInvestmentTypeNav" type="reference">
                        <options>
                           <option name="referenceTo">SFOData_ItDeclInvestmentType</option>
                           <option name="relationshipName">Child</option>
                        </options>
                     </field>
                     <field name="approvalStatus" type="string"/>
                     <field name="declarationType" type="string"/>
                     <field name="mdfSystemObjectType" type="string"/>
                     <field name="amount" type="string"/>
                     <field name="lastModifiedDate" type="string"/>
                     <field name="lastModifiedBy" type="string"/>
                     <field name="lastModifiedDateWithTZ" type="string"/>
                     <field name="mdfSystemRecordStatus" type="string"/>
                     <field name="userSysId" type="string"/>
                     <field name="mdfSystemTransactionSequence" type="string"/>
                     <field name="typeNav" type="reference">
                        <options>
                           <option name="referenceTo">SFOData_DeclarationType</option>
                           <option name="relationshipName">Child</option>
                        </options>
                     </field>
                     <field name="itDeclInvestmentType" type="string"/>
                     <field name="createdDate" type="string"/>
                     <field name="createdBy" type="string"/>
                     <field name="mdfSystemRecordId" type="string"/>
                     <field name="category" type="string"/>
                     <field name="currencyCode" type="string"/>
                     <field name="fiscalYear" type="string"/>
                  </detail>
               </processObject>
               <processObject xmlns="http://schemas.active-endpoints.com/appmodules/screenflow/2011/06/avosHostEnvironment.xsd"
                              isByCopy="true"
                              name="SFOData_FiscalYearToCountryMap">
                  <description/>
                  <detail>
                     <field name="fiscalYearVariantNav" type="reference">
                        <options>
                           <option name="referenceTo">SFOData_FiscalYearVariant</option>
                           <option name="relationshipName">Child</option>
                        </options>
                     </field>
                     <field name="country" type="string"/>
                     <field name="lastModifiedDateTime" type="string"/>
                     <field name="externalCode" type="string"/>
                     <field name="createdBy" type="string"/>
                     <field name="lastModifiedBy" type="string"/>
                     <field name="createdDateTime" type="string"/>
                     <field name="mdfSystemRecordStatus" type="string"/>
                     <field name="fiscalYearVariant" type="string"/>
                  </detail>
               </processObject>
               <processObject xmlns="http://schemas.active-endpoints.com/appmodules/screenflow/2011/06/avosHostEnvironment.xsd"
                              isByCopy="true"
                              name="string">
                  <description/>
                  <detail>
                     <field name="string" type="string"/>
                  </detail>
               </processObject>
               <processObject xmlns="http://schemas.active-endpoints.com/appmodules/screenflow/2011/06/avosHostEnvironment.xsd"
                              isByCopy="true"
                              name="boolean">
                  <description/>
                  <detail>
                     <field name="boolean" type="boolean"/>
                  </detail>
               </processObject>
               <processObject xmlns="http://schemas.active-endpoints.com/appmodules/screenflow/2011/06/avosHostEnvironment.xsd"
                              isByCopy="true"
                              name="double">
                  <description/>
                  <detail>
                     <field name="double" type="double"/>
                  </detail>
               </processObject>
               <processObject xmlns="http://schemas.active-endpoints.com/appmodules/screenflow/2011/06/avosHostEnvironment.xsd"
                              isByCopy="true"
                              name="integer">
                  <description/>
                  <detail>
                     <field name="integer" type="int"/>
                  </detail>
               </processObject>
               <processObject xmlns="http://schemas.active-endpoints.com/appmodules/screenflow/2011/06/avosHostEnvironment.xsd"
                              isByCopy="true"
                              name="error">
                  <description>Error</description>
                  <detail/>
               </processObject>
            </objects>
         </businessConnector>
      </types1:Entry>
      <types1:GUID>81bA7LmwjC1iFJmn7LdPAO</types1:GUID>
      <types1:DisplayName>SAP SuccessFactors Employee Central Income Tax Declaration OData API v1</types1:DisplayName>
   </types1:Item>
   <types1:CurrentServerDateTime>2019-12-19T11:41:28.049Z</types1:CurrentServerDateTime>
</aetgt:getResponse>
