<aetgt:getResponse xmlns:aetgt="http://schemas.active-endpoints.com/appmodules/repository/2010/10/avrepository.xsd"
                   xmlns:types1="http://schemas.active-endpoints.com/appmodules/repository/2010/10/avrepository.xsd">
   <types1:Item>
      <types1:EntryId>mq9dwMbgbdoPVm5-gt-739516-2019-02-18T03:58:55.206Z::svc.xml</types1:EntryId>
      <types1:Name>Oracle_Eloqua_Marketing_Cloud_Service_Events_Bulk_API_v2</types1:Name>
      <types1:MimeType>application/xml+businesssconnector</types1:MimeType>
      <types1:Description>Bulk Api Events Endpoints</types1:Description>
      <types1:AppliesTo/>
      <types1:Tags/>
      <types1:VersionLabel>1.0</types1:VersionLabel>
      <types1:State>CURRENT</types1:State>
      <types1:ProcessGroup/>
      <types1:CreatedBy>sorabh@na1.dm-us.org</types1:CreatedBy>
      <types1:CreationDate>2019-02-18T03:58:55Z</types1:CreationDate>
      <types1:ModifiedBy/>
      <types1:PublicationStatus>published</types1:PublicationStatus>
      <types1:PublishedBy>sorabh@na1.dm-us.org</types1:PublishedBy>
      <types1:PublicationDate>2019-02-18T03:59:08Z</types1:PublicationDate>
      <types1:PublishedContributionId>project:/rt.connector/Oracle_Eloqua_Marketing_Cloud_Service_Events_Bulk_API_v2/Oracle_Eloqua_Marketing_Cloud_Service_Events_Bulk_API_v2_svcDef.xml</types1:PublishedContributionId>
      <types1:AutosaveExists>false</types1:AutosaveExists>
      <types1:Entry>
         <businessConnector xmlns="http://schemas.informatica.com/socrates/data-services/2014/05/business-connector-model.xsd"
                            agentOnly="false"
                            debug="false"
                            displayName="Oracle Eloqua Marketing Cloud Service Events Bulk API v2"
                            label=""
                            name="Oracle_Eloqua_Marketing_Cloud_Service_Events_Bulk_API_v2"
                            uuid="e0a50659-325b-42b8-ab9d-bc9addf5a06e">
            <description>Bulk Api Events Endpoints</description>
            <tags/>
            <connectionAttributes xmlns="http://schemas.informatica.com/appmodules/screenflow/2014/04/avosConnectors.xsd">
               <connectionAttribute description="Host Name"
                                    masked="false"
                                    name="hostName"
                                    required="true"
                                    testWith="apicatalog.oraclecloud.com"
                                    type="string"/>
            </connectionAttributes>
            <actions>
               <action category="Bulk/2.0/events"
                       failOnError="true"
                       forSearch="false"
                       label="PostEventImportIndividual"
                       maxRedirects="100"
                       name="PostEventImportIndividual"
                       preemptiveAuth="true"
                       responseEncoding="">
                  <description>Create an import definition for an event. Creates a new import definition for the specified event. See the &lt;a href='https://docs.oracle.com/cloud/latest/marketingcs_gs/OMCAB/index.html#CSHID=BulkImport'&gt;tutorial&lt;/a&gt; for details on how to import data.</description>
                  <input>
                     <parameter description="The event's resource identification number."
                                label="parentIdPathParam"
                                name="parentIdPathParam"
                                nogen="true"
                                required="true"
                                testWith=""
                                type="int"/>
                     <parameter description="The request body contains details of the event import definition."
                                label="EventImportIndividual"
                                name="EventImportIndividual"
                                required="true"
                                testWith=""
                                type="reference">
                        <options>
                           <option name="referenceTo"/>
                        </options>
                     </parameter>
                  </input>
                  <binding>
                     <restSimpleBinding multiUsing="semicolonSeparated"
                                        url="https://{$hostName}/api/bulk/2.0/events/{$parentIdPathParam}/imports"
                                        verb="POST">
                        <httpHeaders>
                           <header name="Content-Type">application/json</header>
                           <header name="Accept">application/json</header>
                        </httpHeaders>
                        <body generateUsing="UnwrappedJSON" preserveJsonStringFormatting="false"/>
                     </restSimpleBinding>
                  </binding>
                  <output/>
               </action>
               <action category="Bulk/2.0/events"
                       failOnError="true"
                       forSearch="false"
                       label="GetEventExportDataQuery"
                       maxRedirects="100"
                       name="GetEventExportDataQuery"
                       preemptiveAuth="true"
                       responseEncoding="">
                  <description>Retrieve the synced data for an event export definition. Retrieves the synced data for an event export definition. It's recommended to use the sync URI's &lt;a href='op-api-bulk-2.0-syncs-id-data-get.html'&gt;data endpoint&lt;/a&gt; to retrieve export data.</description>
                  <input>
                     <parameter description="The event's resource identification number."
                                label="parentIdPathParam"
                                name="parentIdPathParam"
                                nogen="true"
                                required="true"
                                testWith=""
                                type="int"/>
                     <parameter description="The event export definition's resource identification number."
                                label="idPathParam"
                                name="idPathParam"
                                nogen="true"
                                required="true"
                                testWith=""
                                type="int"/>
                     <parameter description="A URL parameter that specifies the maximum number of records to return. This can be any positive integer between 1 and 50,000 inclusive. If not specified, the default is 1000. Example: &lt;code&gt;?limit=5&lt;/code&gt;."
                                label="limit"
                                name="limit"
                                required="false"
                                testWith=""
                                type="int"/>
                     <parameter description="The links section in a resource return all the links by default. The client side might be only interested in a particular link. To satisfy that requirement, a &#34;links&#34; query parameter might be supported. The value of this query parameter is a list of relations separated by comma &#34;,&#34;. For example, ?links=canonical, next will only return the links with &#34;rel&#34; property be canonical or next."
                                label="links"
                                name="links"
                                required="false"
                                testWith=""
                                type="string"/>
                     <parameter description="Specifies an offset that allows you to retrieve the next batch of records. Any positive integer. For example, if your limit is 1000, specifying an offset of 1000 will return records 1000 through 2000. If not specified, the default is 0. Example: &lt;code&gt;?offset=1000&lt;/code&gt;."
                                label="offset"
                                name="offset"
                                required="false"
                                testWith=""
                                type="int"/>
                     <parameter description="Whether or not the total results are shown, and factored into the &lt;code&gt;hasMore&lt;/code&gt; property in the response. When set to &lt;code&gt;false&lt;/code&gt;, the &lt;code&gt;totalResults&lt;/code&gt; property will not be returned, and the &lt;code&gt;hasMore&lt;/code&gt; property will be determined based on returned events that match the criteria specified in the URL parameters. If not specified, the default is &lt;code&gt;true&lt;/code&gt;."
                                label="totalResults"
                                name="totalResults"
                                required="false"
                                testWith=""
                                type="boolean"/>
                  </input>
                  <binding>
                     <restSimpleBinding multiUsing="semicolonSeparated"
                                        url="https://{$hostName}/api/bulk/2.0/events/{$parentIdPathParam}/exports/{$idPathParam}/data"
                                        verb="GET">
                        <httpHeaders>
                           <header name="Content-Type">application/json</header>
                           <header name="Accept">application/json</header>
                        </httpHeaders>
                     </restSimpleBinding>
                  </binding>
                  <output/>
               </action>
               <action category="Bulk/2.0/events"
                       failOnError="true"
                       forSearch="false"
                       label="DeleteEventExportDataQuery"
                       maxRedirects="100"
                       name="DeleteEventExportDataQuery"
                       preemptiveAuth="true"
                       responseEncoding="">
                  <description>Delete the synced data for an event export definition. Deletes the synced data for the specified event export definition.</description>
                  <input>
                     <parameter description="The event's resource identification number."
                                label="parentIdPathParam"
                                name="parentIdPathParam"
                                nogen="true"
                                required="true"
                                testWith=""
                                type="int"/>
                     <parameter description="The event export definition's resource identification number."
                                label="idPathParam"
                                name="idPathParam"
                                nogen="true"
                                required="true"
                                testWith=""
                                type="int"/>
                  </input>
                  <binding>
                     <restSimpleBinding multiUsing="semicolonSeparated"
                                        url="https://{$hostName}/api/bulk/2.0/events/{$parentIdPathParam}/exports/{$idPathParam}/data"
                                        verb="DELETE">
                        <httpHeaders>
                           <header name="Content-Type">application/json</header>
                           <header name="Accept">application/json</header>
                        </httpHeaders>
                     </restSimpleBinding>
                  </binding>
                  <output/>
               </action>
               <action category="Bulk/2.0/events"
                       failOnError="true"
                       forSearch="false"
                       label="GetEventExportSearch"
                       maxRedirects="100"
                       name="GetEventExportSearch"
                       preemptiveAuth="true"
                       responseEncoding="">
                  <description>Retrieve a list of export definitions for an event. Retrieves the list of export definitions for the event with the specified &lt;code&gt;id&lt;/code&gt;.</description>
                  <input>
                     <parameter description="The event's resource identification number."
                                label="idPathParam"
                                name="idPathParam"
                                nogen="true"
                                required="true"
                                testWith=""
                                type="int"/>
                     <parameter description="A URL parameter that specifies the maximum number of records to return. This can be any positive integer between 1 and 1000 inclusive. If not specified, the default is 1000. Example: &lt;code&gt;?limit=5&lt;/code&gt;."
                                label="limit"
                                name="limit"
                                required="false"
                                testWith=""
                                type="int"/>
                     <parameter description="The links section in a resource return all the links by default. The client side might be only interested in a particular link. To satisfy that requirement, a &#34;links&#34; query parameter might be supported. The value of this query parameter is a list of relations separated by comma &#34;,&#34;. For example, ?links=canonical, next will only return the links with &#34;rel&#34; property be canonical or next."
                                label="links"
                                name="links"
                                required="false"
                                testWith=""
                                type="string"/>
                     <parameter description="Specifies an offset that allows you to retrieve the next batch of records. Any positive integer. For example, if your limit is 1000, specifying an offset of 1000 will return records 1000 through 2000. If not specified, the default is 0. Example: &lt;code&gt;?offset=1000&lt;/code&gt;."
                                label="offset"
                                name="offset"
                                required="false"
                                testWith=""
                                type="int"/>
                     <parameter description="Specifies the name of the property to order the results by. The &lt;code&gt;orderBy&lt;/code&gt; format is &lt;code&gt;term&lt;/code&gt; ASC | DESC. Example: &lt;code&gt;?orderBy=name ASC&lt;/code&gt;."
                                label="orderBy"
                                name="orderBy"
                                required="false"
                                testWith=""
                                type="string"/>
                     <parameter description="A URL parameter that specifies query criteria used to filter results. The &lt;code&gt;q&lt;/code&gt; format is &lt;code&gt;term&lt;/code&gt;&lt;code&gt;operator&lt;/code&gt;&lt;code&gt;value&lt;/code&gt;. Use &#34;*&#34; for wildcard values. Example: &lt;code&gt;?q=&#34;name=*Test*&#34;&lt;/code&gt; will find all the entities where the &#34;name&#34; field contains the string &#34;Test&#34;."
                                label="q"
                                name="q"
                                required="false"
                                testWith=""
                                type="string"/>
                     <parameter description="Whether or not the total results are shown, and factored into the &lt;code&gt;hasMore&lt;/code&gt; property in the response. When set to &lt;code&gt;false&lt;/code&gt;, the &lt;code&gt;totalResults&lt;/code&gt; property will not be returned, and the &lt;code&gt;hasMore&lt;/code&gt; property will be determined based on returned events that match the criteria specified in the URL parameters. If not specified, the default is &lt;code&gt;true&lt;/code&gt;."
                                label="totalResults"
                                name="totalResults"
                                required="false"
                                testWith=""
                                type="boolean"/>
                  </input>
                  <binding>
                     <restSimpleBinding multiUsing="semicolonSeparated"
                                        url="https://{$hostName}/api/bulk/2.0/events/{$idPathParam}/exports"
                                        verb="GET">
                        <httpHeaders>
                           <header name="Content-Type">application/json</header>
                           <header name="Accept">application/json</header>
                        </httpHeaders>
                     </restSimpleBinding>
                  </binding>
                  <output/>
               </action>
               <action category="Bulk/2.0/events"
                       failOnError="true"
                       forSearch="false"
                       label="GetEventFieldSearch"
                       maxRedirects="100"
                       name="GetEventFieldSearch"
                       preemptiveAuth="true"
                       responseEncoding="">
                  <description>Retrieve a list of the fields for an event. Retrieves a list of the fields for the event with the given &lt;code&gt;id&lt;/code&gt;.</description>
                  <input>
                     <parameter description="The event's resource identification number."
                                label="idPathParam"
                                name="idPathParam"
                                nogen="true"
                                required="true"
                                testWith=""
                                type="int"/>
                     <parameter description="A URL parameter that specifies the maximum number of records to return. This can be any positive integer between 1 and 1000 inclusive. If not specified, the default is 1000. Example: &lt;code&gt;?limit=5&lt;/code&gt;."
                                label="limit"
                                name="limit"
                                required="false"
                                testWith=""
                                type="int"/>
                     <parameter description="The links section in a resource return all the links by default. The client side might be only interested in a particular link. To satisfy that requirement, a &#34;links&#34; query parameter might be supported. The value of this query parameter is a list of relations separated by comma &#34;,&#34;. For example, ?links=canonical, next will only return the links with &#34;rel&#34; property be canonical or next."
                                label="links"
                                name="links"
                                required="false"
                                testWith=""
                                type="string"/>
                     <parameter description="Specifies an offset that allows you to retrieve the next batch of records. Any positive integer. For example, if your limit is 1000, specifying an offset of 1000 will return records 1000 through 2000. If not specified, the default is 0. Example: &lt;code&gt;?offset=1000&lt;/code&gt;."
                                label="offset"
                                name="offset"
                                required="false"
                                testWith=""
                                type="int"/>
                     <parameter description="Specifies the name of the property to order the results by. The &lt;code&gt;orderBy&lt;/code&gt; format is &lt;code&gt;term&lt;/code&gt; ASC | DESC. Example: &lt;code&gt;?orderBy=name ASC&lt;/code&gt;."
                                label="orderBy"
                                name="orderBy"
                                required="false"
                                testWith=""
                                type="string"/>
                     <parameter description="A URL parameter that specifies query criteria used to filter results. The &lt;code&gt;q&lt;/code&gt; format is &lt;code&gt;term&lt;/code&gt;&lt;code&gt;operator&lt;/code&gt;&lt;code&gt;value&lt;/code&gt;. Use &#34;*&#34; for wildcard values. Example: &lt;code&gt;?q=&#34;name=*Test*&#34;&lt;/code&gt; will find all the entities where the &#34;name&#34; field contains the string &#34;Test&#34;."
                                label="q"
                                name="q"
                                required="false"
                                testWith=""
                                type="string"/>
                     <parameter description="Whether or not the total results are shown, and factored into the &lt;code&gt;hasMore&lt;/code&gt; property in the response. When set to &lt;code&gt;false&lt;/code&gt;, the &lt;code&gt;totalResults&lt;/code&gt; property will not be returned, and the &lt;code&gt;hasMore&lt;/code&gt; property will be determined based on returned events that match the criteria specified in the URL parameters. If not specified, the default is &lt;code&gt;true&lt;/code&gt;."
                                label="totalResults"
                                name="totalResults"
                                required="false"
                                testWith=""
                                type="boolean"/>
                  </input>
                  <binding>
                     <restSimpleBinding multiUsing="semicolonSeparated"
                                        url="https://{$hostName}/api/bulk/2.0/events/{$idPathParam}/fields"
                                        verb="GET">
                        <httpHeaders>
                           <header name="Content-Type">application/json</header>
                           <header name="Accept">application/json</header>
                        </httpHeaders>
                     </restSimpleBinding>
                  </binding>
                  <output/>
               </action>
               <action category="Bulk/2.0/events"
                       failOnError="true"
                       forSearch="false"
                       label="PostEventExportIndividual"
                       maxRedirects="100"
                       name="PostEventExportIndividual"
                       preemptiveAuth="true"
                       responseEncoding="">
                  <description>Create an export definition for an event. Creates a new export definition for the specified event. See the &lt;a href='https://docs.oracle.com/cloud/latest/marketingcs_gs/OMCAB/index.html#CSHID=BulkExport'&gt;tutorial&lt;/a&gt; for details on how to export data.</description>
                  <input>
                     <parameter description="The event's resource identification number."
                                label="parentIdPathParam"
                                name="parentIdPathParam"
                                nogen="true"
                                required="true"
                                testWith=""
                                type="int"/>
                     <parameter description="The request body contains details of the event export definition."
                                label="EventExportIndividual"
                                name="EventExportIndividual"
                                required="true"
                                testWith=""
                                type="reference">
                        <options>
                           <option name="referenceTo"/>
                        </options>
                     </parameter>
                  </input>
                  <binding>
                     <restSimpleBinding multiUsing="semicolonSeparated"
                                        url="https://{$hostName}/api/bulk/2.0/events/{$parentIdPathParam}/exports"
                                        verb="POST">
                        <httpHeaders>
                           <header name="Content-Type">application/json</header>
                           <header name="Accept">application/json</header>
                        </httpHeaders>
                        <body generateUsing="UnwrappedJSON" preserveJsonStringFormatting="false"/>
                     </restSimpleBinding>
                  </binding>
                  <output/>
               </action>
               <action category="Bulk/2.0/events"
                       failOnError="true"
                       forSearch="false"
                       label="GetEventSearch"
                       maxRedirects="100"
                       name="GetEventSearch"
                       preemptiveAuth="true"
                       responseEncoding="">
                  <description>Retrieve a list of events. Retrieves all events that match the criteria specified in the URL parameters.</description>
                  <input>
                     <parameter description="A URL parameter that specifies the maximum number of records to return. This can be any positive integer between 1 and 1000 inclusive. If not specified, the default is 1000. Example: &lt;code&gt;?limit=5&lt;/code&gt;."
                                label="limit"
                                name="limit"
                                required="false"
                                testWith=""
                                type="int"/>
                     <parameter description="The links section in a resource return all the links by default. The client side might be only interested in a particular link. To satisfy that requirement, a &#34;links&#34; query parameter might be supported. The value of this query parameter is a list of relations separated by comma &#34;,&#34;. For example, ?links=canonical, next will only return the links with &#34;rel&#34; property be canonical or next."
                                label="links"
                                name="links"
                                required="false"
                                testWith=""
                                type="string"/>
                     <parameter description="Specifies an offset that allows you to retrieve the next batch of records. Any positive integer. For example, if your limit is 1000, specifying an offset of 1000 will return records 1000 through 2000. If not specified, the default is 0. Example: &lt;code&gt;?offset=1000&lt;/code&gt;."
                                label="offset"
                                name="offset"
                                required="false"
                                testWith=""
                                type="int"/>
                     <parameter description="Specifies the name of the property to order the results by. The &lt;code&gt;orderBy&lt;/code&gt; format is &lt;code&gt;term&lt;/code&gt; ASC | DESC. Example: &lt;code&gt;?orderBy=name ASC&lt;/code&gt;."
                                label="orderBy"
                                name="orderBy"
                                required="false"
                                testWith=""
                                type="string"/>
                     <parameter description="A URL parameter that specifies query criteria used to filter results. The &lt;code&gt;q&lt;/code&gt; format is &lt;code&gt;term&lt;/code&gt;&lt;code&gt;operator&lt;/code&gt;&lt;code&gt;value&lt;/code&gt;. Use &#34;*&#34; for wildcard values. Example: &lt;code&gt;?q=&#34;name=*Test*&#34;&lt;/code&gt; will find all the entities where the &#34;name&#34; field contains the string &#34;Test&#34;."
                                label="q"
                                name="q"
                                required="false"
                                testWith=""
                                type="string"/>
                     <parameter description="Whether or not the total results are shown, and factored into the &lt;code&gt;hasMore&lt;/code&gt; property in the response. When set to &lt;code&gt;false&lt;/code&gt;, the &lt;code&gt;totalResults&lt;/code&gt; property will not be returned, and the &lt;code&gt;hasMore&lt;/code&gt; property will be determined based on returned events that match the criteria specified in the URL parameters. If not specified, the default is &lt;code&gt;true&lt;/code&gt;."
                                label="totalResults"
                                name="totalResults"
                                required="false"
                                testWith=""
                                type="boolean"/>
                  </input>
                  <binding>
                     <restSimpleBinding multiUsing="semicolonSeparated"
                                        url="https://{$hostName}/api/bulk/2.0/events"
                                        verb="GET">
                        <httpHeaders>
                           <header name="Content-Type">application/json</header>
                           <header name="Accept">application/json</header>
                        </httpHeaders>
                     </restSimpleBinding>
                  </binding>
                  <output/>
               </action>
               <action category="Bulk/2.0/events"
                       failOnError="true"
                       forSearch="false"
                       label="GetEventImportIndividual"
                       maxRedirects="100"
                       name="GetEventImportIndividual"
                       preemptiveAuth="true"
                       responseEncoding="">
                  <description>Retrieve an import definition for an event. Retrieves an import definition for the event and import definition ids provided.</description>
                  <input>
                     <parameter description="The event's resource identification number."
                                label="parentIdPathParam"
                                name="parentIdPathParam"
                                nogen="true"
                                required="true"
                                testWith=""
                                type="int"/>
                     <parameter description="The event import definition's resource identification number."
                                label="idPathParam"
                                name="idPathParam"
                                nogen="true"
                                required="true"
                                testWith=""
                                type="int"/>
                  </input>
                  <binding>
                     <restSimpleBinding multiUsing="semicolonSeparated"
                                        url="https://{$hostName}/api/bulk/2.0/events/{$parentIdPathParam}/imports/{$idPathParam}"
                                        verb="GET">
                        <httpHeaders>
                           <header name="Content-Type">application/json</header>
                           <header name="Accept">application/json</header>
                        </httpHeaders>
                     </restSimpleBinding>
                  </binding>
                  <output/>
               </action>
               <action category="Bulk/2.0/events"
                       failOnError="true"
                       forSearch="false"
                       label="DeleteEventImportIndividual"
                       maxRedirects="100"
                       name="DeleteEventImportIndividual"
                       preemptiveAuth="true"
                       responseEncoding="">
                  <description>Delete an import definition for an event. Deletes the specified event import definition.</description>
                  <input>
                     <parameter description="The event's resource identification number."
                                label="parentIdPathParam"
                                name="parentIdPathParam"
                                nogen="true"
                                required="true"
                                testWith=""
                                type="int"/>
                     <parameter description="The event import definition's resource identification number."
                                label="idPathParam"
                                name="idPathParam"
                                nogen="true"
                                required="true"
                                testWith=""
                                type="int"/>
                  </input>
                  <binding>
                     <restSimpleBinding multiUsing="semicolonSeparated"
                                        url="https://{$hostName}/api/bulk/2.0/events/{$parentIdPathParam}/imports/{$idPathParam}"
                                        verb="DELETE">
                        <httpHeaders>
                           <header name="Content-Type">application/json</header>
                           <header name="Accept">application/json</header>
                        </httpHeaders>
                     </restSimpleBinding>
                  </binding>
                  <output/>
               </action>
               <action category="Bulk/2.0/events"
                       failOnError="true"
                       forSearch="false"
                       label="PutEventImportIndividual"
                       maxRedirects="100"
                       name="PutEventImportIndividual"
                       preemptiveAuth="true"
                       responseEncoding="">
                  <description>Update an import definition for an event. Updates the specified import definition for the specified event.</description>
                  <input>
                     <parameter description="The event's resource identification number."
                                label="parentIdPathParam"
                                name="parentIdPathParam"
                                nogen="true"
                                required="true"
                                testWith=""
                                type="int"/>
                     <parameter description="The event import definition's resource identification number."
                                label="idPathParam"
                                name="idPathParam"
                                nogen="true"
                                required="true"
                                testWith=""
                                type="int"/>
                     <parameter description="The request body contains details of the event import definition."
                                label="EventImportIndividual"
                                name="EventImportIndividual"
                                required="true"
                                testWith=""
                                type="reference">
                        <options>
                           <option name="referenceTo"/>
                        </options>
                     </parameter>
                  </input>
                  <binding>
                     <restSimpleBinding multiUsing="semicolonSeparated"
                                        url="https://{$hostName}/api/bulk/2.0/events/{$parentIdPathParam}/imports/{$idPathParam}"
                                        verb="PUT">
                        <httpHeaders>
                           <header name="Content-Type">application/json</header>
                           <header name="Accept">application/json</header>
                        </httpHeaders>
                        <body generateUsing="UnwrappedJSON" preserveJsonStringFormatting="false"/>
                     </restSimpleBinding>
                  </binding>
                  <output/>
               </action>
               <action category="Bulk/2.0/events"
                       failOnError="true"
                       forSearch="false"
                       label="GetEventFieldIndividual"
                       maxRedirects="100"
                       name="GetEventFieldIndividual"
                       preemptiveAuth="true"
                       responseEncoding="">
                  <description>Retrieve an event field definition. Retrieves an event field definition for the event and field ids provided.</description>
                  <input>
                     <parameter description="The event's resource identification number."
                                label="parentIdPathParam"
                                name="parentIdPathParam"
                                nogen="true"
                                required="true"
                                testWith=""
                                type="int"/>
                     <parameter description="The event field's resource identification number."
                                label="idPathParam"
                                name="idPathParam"
                                nogen="true"
                                required="true"
                                testWith=""
                                type="int"/>
                  </input>
                  <binding>
                     <restSimpleBinding multiUsing="semicolonSeparated"
                                        url="https://{$hostName}/api/bulk/2.0/events/{$parentIdPathParam}/fields/{$idPathParam}"
                                        verb="GET">
                        <httpHeaders>
                           <header name="Content-Type">application/json</header>
                           <header name="Accept">application/json</header>
                        </httpHeaders>
                     </restSimpleBinding>
                  </binding>
                  <output/>
               </action>
               <action category="Bulk/2.0/events"
                       failOnError="true"
                       forSearch="false"
                       label="GetEventExportIndividual"
                       maxRedirects="100"
                       name="GetEventExportIndividual"
                       preemptiveAuth="true"
                       responseEncoding="">
                  <description>Retrieve an export definition for an event. Retrieves an export definition for the event and export definition ids provided.</description>
                  <input>
                     <parameter description="The event's resource identification number."
                                label="parentIdPathParam"
                                name="parentIdPathParam"
                                nogen="true"
                                required="true"
                                testWith=""
                                type="int"/>
                     <parameter description="The event export definition's resource identification number."
                                label="idPathParam"
                                name="idPathParam"
                                nogen="true"
                                required="true"
                                testWith=""
                                type="int"/>
                  </input>
                  <binding>
                     <restSimpleBinding multiUsing="semicolonSeparated"
                                        url="https://{$hostName}/api/bulk/2.0/events/{$parentIdPathParam}/exports/{$idPathParam}"
                                        verb="GET">
                        <httpHeaders>
                           <header name="Content-Type">application/json</header>
                           <header name="Accept">application/json</header>
                        </httpHeaders>
                     </restSimpleBinding>
                  </binding>
                  <output/>
               </action>
               <action category="Bulk/2.0/events"
                       failOnError="true"
                       forSearch="false"
                       label="DeleteEventExportIndividual"
                       maxRedirects="100"
                       name="DeleteEventExportIndividual"
                       preemptiveAuth="true"
                       responseEncoding="">
                  <description>Delete an export definition for an event. Deletes the specified event export definition.</description>
                  <input>
                     <parameter description="The event's resource identification number."
                                label="parentIdPathParam"
                                name="parentIdPathParam"
                                nogen="true"
                                required="true"
                                testWith=""
                                type="int"/>
                     <parameter description="The event export definition's resource identification number."
                                label="idPathParam"
                                name="idPathParam"
                                nogen="true"
                                required="true"
                                testWith=""
                                type="int"/>
                  </input>
                  <binding>
                     <restSimpleBinding multiUsing="semicolonSeparated"
                                        url="https://{$hostName}/api/bulk/2.0/events/{$parentIdPathParam}/exports/{$idPathParam}"
                                        verb="DELETE">
                        <httpHeaders>
                           <header name="Content-Type">application/json</header>
                           <header name="Accept">application/json</header>
                        </httpHeaders>
                     </restSimpleBinding>
                  </binding>
                  <output/>
               </action>
               <action category="Bulk/2.0/events"
                       failOnError="true"
                       forSearch="false"
                       label="PutEventExportIndividual"
                       maxRedirects="100"
                       name="PutEventExportIndividual"
                       preemptiveAuth="true"
                       responseEncoding="">
                  <description>Update an export definition for an event. Updates the specified export definition for the specified event.</description>
                  <input>
                     <parameter description="The event's resource identification number."
                                label="parentIdPathParam"
                                name="parentIdPathParam"
                                nogen="true"
                                required="true"
                                testWith=""
                                type="int"/>
                     <parameter description="The event export definition's resource identification number."
                                label="idPathParam"
                                name="idPathParam"
                                nogen="true"
                                required="true"
                                testWith=""
                                type="int"/>
                     <parameter description="The request body contains details of the event export definition."
                                label="EventExportIndividual"
                                name="EventExportIndividual"
                                required="true"
                                testWith=""
                                type="reference">
                        <options>
                           <option name="referenceTo"/>
                        </options>
                     </parameter>
                  </input>
                  <binding>
                     <restSimpleBinding multiUsing="semicolonSeparated"
                                        url="https://{$hostName}/api/bulk/2.0/events/{$parentIdPathParam}/exports/{$idPathParam}"
                                        verb="PUT">
                        <httpHeaders>
                           <header name="Content-Type">application/json</header>
                           <header name="Accept">application/json</header>
                        </httpHeaders>
                        <body generateUsing="UnwrappedJSON" preserveJsonStringFormatting="false"/>
                     </restSimpleBinding>
                  </binding>
                  <output/>
               </action>
               <action category="Bulk/2.0/events"
                       failOnError="true"
                       forSearch="false"
                       label="GetEventImportSearch"
                       maxRedirects="100"
                       name="GetEventImportSearch"
                       preemptiveAuth="true"
                       responseEncoding="">
                  <description>Retrieve a list of import definitions for an event. Retrieves the list of import definitions for the event with the specified &lt;code&gt;id&lt;/code&gt;.</description>
                  <input>
                     <parameter description="The event's resource identification number."
                                label="idPathParam"
                                name="idPathParam"
                                nogen="true"
                                required="true"
                                testWith=""
                                type="int"/>
                     <parameter description="A URL parameter that specifies the maximum number of records to return. This can be any positive integer between 1 and 1000 inclusive. If not specified, the default is 1000. Example: &lt;code&gt;?limit=5&lt;/code&gt;."
                                label="limit"
                                name="limit"
                                required="false"
                                testWith=""
                                type="int"/>
                     <parameter description="The links section in a resource return all the links by default. The client side might be only interested in a particular link. To satisfy that requirement, a &#34;links&#34; query parameter might be supported. The value of this query parameter is a list of relations separated by comma &#34;,&#34;. For example, ?links=canonical, next will only return the links with &#34;rel&#34; property be canonical or next."
                                label="links"
                                name="links"
                                required="false"
                                testWith=""
                                type="string"/>
                     <parameter description="Specifies an offset that allows you to retrieve the next batch of records. Any positive integer. For example, if your limit is 1000, specifying an offset of 1000 will return records 1000 through 2000. If not specified, the default is 0. Example: &lt;code&gt;?offset=1000&lt;/code&gt;."
                                label="offset"
                                name="offset"
                                required="false"
                                testWith=""
                                type="int"/>
                     <parameter description="Specifies the name of the property to order the results by. The &lt;code&gt;orderBy&lt;/code&gt; format is &lt;code&gt;term&lt;/code&gt; ASC | DESC. Example: &lt;code&gt;?orderBy=name ASC&lt;/code&gt;."
                                label="orderBy"
                                name="orderBy"
                                required="false"
                                testWith=""
                                type="string"/>
                     <parameter description="A URL parameter that specifies query criteria used to filter results. The &lt;code&gt;q&lt;/code&gt; format is &lt;code&gt;term&lt;/code&gt;&lt;code&gt;operator&lt;/code&gt;&lt;code&gt;value&lt;/code&gt;. Use &#34;*&#34; for wildcard values. Example: &lt;code&gt;?q=&#34;name=*Test*&#34;&lt;/code&gt; will find all the entities where the &#34;name&#34; field contains the string &#34;Test&#34;."
                                label="q"
                                name="q"
                                required="false"
                                testWith=""
                                type="string"/>
                     <parameter description="Whether or not the total results are shown, and factored into the &lt;code&gt;hasMore&lt;/code&gt; property in the response. When set to &lt;code&gt;false&lt;/code&gt;, the &lt;code&gt;totalResults&lt;/code&gt; property will not be returned, and the &lt;code&gt;hasMore&lt;/code&gt; property will be determined based on returned events that match the criteria specified in the URL parameters. If not specified, the default is &lt;code&gt;true&lt;/code&gt;."
                                label="totalResults"
                                name="totalResults"
                                required="false"
                                testWith=""
                                type="boolean"/>
                  </input>
                  <binding>
                     <restSimpleBinding multiUsing="semicolonSeparated"
                                        url="https://{$hostName}/api/bulk/2.0/events/{$idPathParam}/imports"
                                        verb="GET">
                        <httpHeaders>
                           <header name="Content-Type">application/json</header>
                           <header name="Accept">application/json</header>
                        </httpHeaders>
                     </restSimpleBinding>
                  </binding>
                  <output/>
               </action>
               <action category="Bulk/2.0/events"
                       failOnError="true"
                       forSearch="false"
                       label="GetEventIndividual"
                       maxRedirects="100"
                       name="GetEventIndividual"
                       preemptiveAuth="true"
                       responseEncoding="">
                  <description>Retrieve an event. Retrieves an event for the event &lt;code&gt;id&lt;/code&gt; provided.</description>
                  <input>
                     <parameter description="The event's resource identification number."
                                label="idPathParam"
                                name="idPathParam"
                                nogen="true"
                                required="true"
                                testWith=""
                                type="int"/>
                  </input>
                  <binding>
                     <restSimpleBinding multiUsing="semicolonSeparated"
                                        url="https://{$hostName}/api/bulk/2.0/events/{$idPathParam}"
                                        verb="GET">
                        <httpHeaders>
                           <header name="Content-Type">application/json</header>
                           <header name="Accept">application/json</header>
                        </httpHeaders>
                     </restSimpleBinding>
                  </binding>
                  <output/>
               </action>
               <action category="Bulk/2.0/events"
                       failOnError="true"
                       forSearch="false"
                       label="PostEventImportData"
                       maxRedirects="100"
                       name="PostEventImportData"
                       preemptiveAuth="true"
                       responseEncoding="">
                  <description>Upload data for an event import definition. Uploads data for the specified event import definition.</description>
                  <input>
                     <parameter description="The event's resource identification number."
                                label="parentIdPathParam"
                                name="parentIdPathParam"
                                nogen="true"
                                required="true"
                                testWith=""
                                type="int"/>
                     <parameter description="The event import definition's resource identification number."
                                label="idPathParam"
                                name="idPathParam"
                                nogen="true"
                                required="true"
                                testWith=""
                                type="int"/>
                     <parameter description="The request body contains data to be uploaded to the event import definition."
                                label="EventImportData"
                                name="EventImportData"
                                required="true"
                                testWith=""
                                type="objectlist">
                        <options>
                           <option name="referenceTo"/>
                        </options>
                     </parameter>
                  </input>
                  <binding>
                     <restSimpleBinding multiUsing="semicolonSeparated"
                                        url="https://{$hostName}/api/bulk/2.0/events/{$parentIdPathParam}/imports/{$idPathParam}/data"
                                        verb="POST">
                        <httpHeaders>
                           <header name="Content-Type">application/json</header>
                           <header name="Accept">application/json</header>
                        </httpHeaders>
                        <body generateUsing="UnwrappedJSON" preserveJsonStringFormatting="false"/>
                     </restSimpleBinding>
                  </binding>
                  <output/>
               </action>
               <action category="Bulk/2.0/events"
                       failOnError="true"
                       forSearch="false"
                       label="DeleteEventImportData"
                       maxRedirects="100"
                       name="DeleteEventImportData"
                       preemptiveAuth="true"
                       responseEncoding="">
                  <description>Delete the synced data for an event import definition. Deletes the synced data for an event import definition</description>
                  <input>
                     <parameter description="The event's resource identification number."
                                label="parentIdPathParam"
                                name="parentIdPathParam"
                                nogen="true"
                                required="true"
                                testWith=""
                                type="int"/>
                     <parameter description="The event import definition's resource identification number."
                                label="idPathParam"
                                name="idPathParam"
                                nogen="true"
                                required="true"
                                testWith=""
                                type="int"/>
                  </input>
                  <binding>
                     <restSimpleBinding multiUsing="semicolonSeparated"
                                        url="https://{$hostName}/api/bulk/2.0/events/{$parentIdPathParam}/imports/{$idPathParam}/data"
                                        verb="DELETE">
                        <httpHeaders>
                           <header name="Content-Type">application/json</header>
                           <header name="Accept">application/json</header>
                        </httpHeaders>
                     </restSimpleBinding>
                  </binding>
                  <output/>
               </action>
            </actions>
            <objects>
               <processObject xmlns="http://schemas.active-endpoints.com/appmodules/screenflow/2011/06/avosHostEnvironment.xsd"
                              isByCopy="true"
                              name="SyncStatusType">
                  <description>The status of the synchronization. This is a read-only property.</description>
                  <detail/>
               </processObject>
               <processObject xmlns="http://schemas.active-endpoints.com/appmodules/screenflow/2011/06/avosHostEnvironment.xsd"
                              isByCopy="true"
                              name="DataType">
                  <description>The type of data, used for field definitions.</description>
                  <detail/>
               </processObject>
               <processObject xmlns="http://schemas.active-endpoints.com/appmodules/screenflow/2011/06/avosHostEnvironment.xsd"
                              isByCopy="true"
                              name="RuleType">
                  <description>The rule used when doing updates on existing data. For more information about this parameter, see the &lt;a href='https://docs.oracle.com/cloud/latest/marketingcs_gs/OMCAB/index.html#CSHID=ImportExportParams'&gt;Oracle Eloqua Developer Help Center&lt;/a&gt;.</description>
                  <detail/>
               </processObject>
               <processObject xmlns="http://schemas.active-endpoints.com/appmodules/screenflow/2011/06/avosHostEnvironment.xsd"
                              isByCopy="true"
                              name="string">
                  <description/>
                  <detail>
                     <field name="string" type="string"/>
                  </detail>
               </processObject>
               <processObject xmlns="http://schemas.active-endpoints.com/appmodules/screenflow/2011/06/avosHostEnvironment.xsd"
                              isByCopy="true"
                              name="boolean">
                  <description/>
                  <detail>
                     <field name="boolean" type="boolean"/>
                  </detail>
               </processObject>
               <processObject xmlns="http://schemas.active-endpoints.com/appmodules/screenflow/2011/06/avosHostEnvironment.xsd"
                              isByCopy="true"
                              name="double">
                  <description/>
                  <detail>
                     <field name="double" type="double"/>
                  </detail>
               </processObject>
               <processObject xmlns="http://schemas.active-endpoints.com/appmodules/screenflow/2011/06/avosHostEnvironment.xsd"
                              isByCopy="true"
                              name="integer">
                  <description/>
                  <detail>
                     <field name="integer" type="int"/>
                  </detail>
               </processObject>
            </objects>
         </businessConnector>
      </types1:Entry>
      <types1:GUID>dwxGB9UgM29dyJK5Y9voEj</types1:GUID>
      <types1:DisplayName>Oracle Eloqua Marketing Cloud Service Events Bulk API v2</types1:DisplayName>
   </types1:Item>
   <types1:CurrentServerDateTime>2019-02-22T04:01:43.913Z</types1:CurrentServerDateTime>
</aetgt:getResponse>
