{
  "name" : "Oracle Application Container Cloud Service for Applications using Caches REST API v2017-05-04",
  "sourceOrgId" : "6w10pMc8bwmkGpCQs9xkSM",
  "sourceOrgName" : "IICS iPaaS",
  "exportedObjects" : [ {
    "objectGuid" : "00m3cKr9AGOjGY55vZSASH",
    "objectName" : "Service Connectors",
    "objectType" : "Folder",
    "path" : "/Explore/Shared assets",
    "metadata" : {
      "modelVersion" : {
        "major" : 0,
        "minor" : 0
      },
      "repoInfo" : null,
      "objectRefs" : [ ],
      "contextAttributes" : [ ],
      "additionalInfo" : {
        "description" : "",
        "contentType" : "Binary",
        "documentState" : "COMPLETE"
      }
    }
  }, {
    "objectGuid" : "almpU5d486xjg3tXw87BET",
    "objectName" : "Shared assets",
    "objectType" : "Project",
    "path" : "/Explore",
    "metadata" : {
      "modelVersion" : {
        "major" : 0,
        "minor" : 0
      },
      "repoInfo" : null,
      "objectRefs" : [ ],
      "contextAttributes" : [ ],
      "additionalInfo" : {
        "description" : "This Project contains shared assets",
        "contentType" : "Binary",
        "documentState" : "COMPLETE"
      }
    }
  }, {
    "objectGuid" : "8bh6XqTWlAVb8tntjjA2Sq",
    "objectName" : "Oracle Application Container Cloud Service for Applications using Caches REST API v2017-05-04",
    "objectType" : "AI_SERVICE_CONNECTOR",
    "path" : "/Explore/Shared assets/Service Connectors",
    "metadata" : {
      "modelVersion" : {
        "major" : 1,
        "minor" : 0
      },
      "repoInfo" : {
        "repoHandle" : "dypKwKBqRi92qBb-gt-5171792-2019-11-20T05:51:37.062Z::svc.xml"
      },
      "objectRefs" : [ ],
      "contextAttributes" : null,
      "additionalInfo" : {
        "description" : "Describes the REST API for Oracle Application Container Cloud Service applications that use caches.",
        "contentType" : "application/json; charset=utf-8",
        "documentState" : "VALID"
      }
    }
  } ]
}