<aetgt:getResponse xmlns:aetgt="http://schemas.active-endpoints.com/appmodules/repository/2010/10/avrepository.xsd"
                   xmlns:types1="http://schemas.active-endpoints.com/appmodules/repository/2010/10/avrepository.xsd">
   <types1:Item>
      <types1:EntryId>bdw8jIw8jIw8jIw-gt-5851073-2019-12-22T10:52:43.024Z::svc.xml</types1:EntryId>
      <types1:Name>SAP_Ariba_Planning_Collaboration_Buyer_REST_API_v1</types1:Name>
      <types1:MimeType>application/xml+businesssconnector</types1:MimeType>
      <types1:Description>Retrieve supplier inventory data, supplier-managed inventory data, and forecast and commitment data about your suppliers, directly from Ariba Network.</types1:Description>
      <types1:AppliesTo/>
      <types1:Tags/>
      <types1:VersionLabel>1.0</types1:VersionLabel>
      <types1:State>CURRENT</types1:State>
      <types1:ProcessGroup/>
      <types1:CreatedBy>sorabh@na1.dm-us.org</types1:CreatedBy>
      <types1:CreationDate>2019-12-22T10:52:43Z</types1:CreationDate>
      <types1:ModifiedBy/>
      <types1:PublicationStatus>published</types1:PublicationStatus>
      <types1:PublishedBy>sorabh@na1.dm-us.org</types1:PublishedBy>
      <types1:PublicationDate>2019-12-22T10:52:46Z</types1:PublicationDate>
      <types1:PublishedContributionId>project:/rt.connector/SAP_Ariba_Planning_Collaboration_Buyer_REST_API_v1/SAP_Ariba_Planning_Collaboration_Buyer_REST_API_v1_svcDef.xml</types1:PublishedContributionId>
      <types1:AutosaveExists>false</types1:AutosaveExists>
      <types1:Entry>
         <businessConnector xmlns="http://schemas.informatica.com/socrates/data-services/2014/05/business-connector-model.xsd"
                            agentOnly="false"
                            debug="false"
                            displayName="SAP Ariba Planning Collaboration Buyer REST API v1"
                            label=""
                            name="SAP_Ariba_Planning_Collaboration_Buyer_REST_API_v1"
                            uuid="a015d568-6193-49cf-9b14-77e31dea6af7">
            <description>Retrieve supplier inventory data, supplier-managed inventory data, and forecast and commitment data about your suppliers, directly from Ariba Network.</description>
            <tags/>
            <connectionAttributes xmlns="http://schemas.informatica.com/appmodules/screenflow/2014/04/avosConnectors.xsd">
               <connectionAttribute description="Host Name"
                                    masked="false"
                                    name="hostName"
                                    required="true"
                                    testWith="sandbox.api.sap.com"
                                    type="string"/>
            </connectionAttributes>
            <actions>
               <action category="Forecast"
                       failOnError="true"
                       forSearch="false"
                       label="getForecastCountUsingGET"
                       maxRedirects="100"
                       name="getForecastCountUsingGET"
                       preemptiveAuth="true"
                       responseEncoding="">
                  <description>The forecast collaboration feature enables suppliers to make commitments to deliver quantities of goods to supply upcoming demands forecast by buyers. As a part of this process buyers shares the forecast data with suppliers. This API provides count of forecast commit data changed by suppliers.</description>
                  <input>
                     <parameter description="$filter=expression. 'expression' is a combination of resource parameters, values. We use 'eq' as operator to link parameter and value. We use 'and' as operator to link two or more parameters. For example, $filter=a eq 'b' and c eq 'd'. Currently we support the following parameters.&lt;br/&gt;&#xA;plantId            -- Plant's id. &lt;br/&gt;&#xA;vendorId           -- Supplier's vendor ID. &lt;br/&gt;&#xA;buyerPartNumber    -- Represents an item in buyer system. This identifier is specified by the buyer.&lt;br/&gt;&#xA;supplierPartNumber -- Represents an item in supplier system. This identifier is specified by the supplier.&lt;br/&gt;&#xA;startDate          -- The starting date of the period. If derived period if more than 1 year, it will be limited to 1 year.&lt;br/&gt;&#xA;endDate            -- The ending date of the period. If derived period if more than 1 year, it will be limited to 1 year.&lt;br/&gt;&#xA;"
                                label="$filter"
                                name="$filter"
                                required="false"
                                testWith=""
                                type="string"/>
                     <parameter description="To specify the order of results. $orderby=propertyName asc, $orderby=propertyName desc.&lt;br/&gt;&#xA;The order can be ascending or descending: asc or desc. If not specified, the default is ascending(asc).&lt;br/&gt;&#xA;propertyName    -- The column to sort on. Either of BUYERLASTUPDATE, SUPPLIERLASTUPDATE,BUYERPARTNO, SUPPLIERPARTNO, LOCATIONID, LOCATIONAME, STOCKONHAND,LEADTIME, PLANTID, PROCESSTYPE. &lt;br/&gt;&#xA;"
                                label="$orderby"
                                name="$orderby"
                                required="false"
                                testWith=""
                                type="string"/>
                     <parameter description="$skip is the number of items to be skipped (offset)"
                                label="$skip"
                                name="$skip"
                                required="false"
                                testWith=""
                                type="int"/>
                     <parameter description="$top is the number of items to be returned (page size)"
                                label="$top"
                                name="$top"
                                required="false"
                                testWith=""
                                type="int"/>
                  </input>
                  <binding>
                     <restSimpleBinding multiUsing="semicolonSeparated"
                                        url="https://{$hostName}/ariba/api/planning/v1/sandbox/forecast/$count"
                                        verb="GET">
                        <httpHeaders>
                           <header name="Content-Type">application/json</header>
                           <header name="Accept">application/json</header>
                        </httpHeaders>
                     </restSimpleBinding>
                  </binding>
                  <output/>
               </action>
               <action category="Forecast"
                       failOnError="true"
                       forSearch="false"
                       label="getForecastUsingGET"
                       maxRedirects="100"
                       name="getForecastUsingGET"
                       preemptiveAuth="true"
                       responseEncoding="">
                  <description>The forecast collaboration feature enables suppliers to make commitments to deliver quantities of goods to supply upcoming demands forecast by buyers. As a part of this process buyers shares the forecast data with suppliers. This API provides forecast commit data changed by suppliers.</description>
                  <input>
                     <parameter description="$filter=expression. 'expression' is a combination of resource parameters, values. We use 'eq' as operator to link parameter and value. We use 'and' as operator to link two or more parameters. For example, $filter=a eq 'b' and c eq 'd'. Currently we support the following parameters.&lt;br/&gt;&#xA;plantId            -- Plant's id. &lt;br/&gt;&#xA;vendorId           -- Supplier's vendor ID. &lt;br/&gt;&#xA;buyerPartNumber    -- Represents an item in buyer system. This identifier is specified by the buyer.&lt;br/&gt;&#xA;supplierPartNumber -- Represents an item in supplier system. This identifier is specified by the supplier.&lt;br/&gt;&#xA;startDate          -- The starting date of the period. If derived period if more than 1 year, it will be limited to 1 year.&lt;br/&gt;&#xA;endDate            -- The ending date of the period. If derived period if more than 1 year, it will be limited to 1 year.&lt;br/&gt;&#xA;"
                                label="$filter"
                                name="$filter"
                                required="false"
                                testWith=""
                                type="string"/>
                     <parameter description="To specify the order of results. $orderby=propertyName asc, $orderby=propertyName desc.&lt;br/&gt;&#xA;The order can be ascending or descending: asc or desc. If not specified, the default is ascending(asc).&lt;br/&gt;&#xA;propertyName    -- The column to sort on. Either of BUYERLASTUPDATE, SUPPLIERLASTUPDATE,BUYERPARTNO, SUPPLIERPARTNO, LOCATIONID, LOCATIONAME, STOCKONHAND,LEADTIME, PLANTID, PROCESSTYPE. &lt;br/&gt;&#xA;"
                                label="$orderby"
                                name="$orderby"
                                required="false"
                                testWith=""
                                type="string"/>
                     <parameter description="$skip is the number of items to be skipped (offset)"
                                label="$skip"
                                name="$skip"
                                required="false"
                                testWith=""
                                type="int"/>
                     <parameter description="$top is the number of items to be returned (page size)"
                                label="$top"
                                name="$top"
                                required="false"
                                testWith=""
                                type="int"/>
                     <parameter description="To return the number of elements in a collection inline. The syntax is $count=true&lt;br/&gt;&#xA;"
                                label="$count"
                                name="$count"
                                required="false"
                                testWith=""
                                type="string"/>
                  </input>
                  <binding>
                     <restSimpleBinding multiUsing="semicolonSeparated"
                                        url="https://{$hostName}/ariba/api/planning/v1/sandbox/forecast"
                                        verb="GET">
                        <httpHeaders>
                           <header name="Content-Type">application/json</header>
                           <header name="Accept">application/json</header>
                        </httpHeaders>
                     </restSimpleBinding>
                  </binding>
                  <output/>
               </action>
               <action category="Supplier Inventory"
                       failOnError="true"
                       forSearch="false"
                       label="getSupplierInventoryCountUsingGET"
                       maxRedirects="100"
                       name="getSupplierInventoryCountUsingGET"
                       preemptiveAuth="true"
                       responseEncoding="">
                  <description>Suppliers managed goods that are in their customers warehouses. This API provides count of inventory data matching to buyer demand on each date.</description>
                  <input>
                     <parameter description="$filter=expression. 'expression' is a combination of resource parameters, values. We use 'eq' as operator to link parameter and value. We use 'and' as operator to link two or more parameters. For example, $filter=a eq 'b' and c eq 'd'. Currently we support the following parameters.&lt;br/&gt;&#xA;plantId            -- Plant's id. &lt;br/&gt;&#xA;vendorId           -- Supplier's vendor ID. &lt;br/&gt;&#xA;buyerPartNumber    -- Represents an item in buyer system. This identifier is specified by the buyer.&lt;br/&gt;&#xA;supplierPartNumber -- Represents an item in supplier system. This identifier is specified by the supplier.&lt;br/&gt;&#xA;startDate          -- The starting date of the period. If derived period if more than 1 year, it will be limited to 1 year.&lt;br/&gt;&#xA;endDate            -- The ending date of the period. If derived period if more than 1 year, it will be limited to 1 year.&lt;br/&gt;&#xA;"
                                label="$filter"
                                name="$filter"
                                required="false"
                                testWith=""
                                type="string"/>
                     <parameter description="To specify the order of results. $orderby=propertyName asc, $orderby=propertyName desc.&lt;br/&gt;&#xA;The order can be ascending or descending: asc or desc. If not specified, the default is ascending(asc).&lt;br/&gt;&#xA;propertyName    -- The column to sort on. Either of BUYERLASTUPDATE, SUPPLIERLASTUPDATE,BUYERPARTNO, SUPPLIERPARTNO, LOCATIONID, LOCATIONAME, STOCKONHAND,LEADTIME, PLANTID, PROCESSTYPE. &lt;br/&gt;&#xA;"
                                label="$orderby"
                                name="$orderby"
                                required="false"
                                testWith=""
                                type="string"/>
                     <parameter description="$skip is the number of items to be skipped (offset)"
                                label="$skip"
                                name="$skip"
                                required="false"
                                testWith=""
                                type="int"/>
                     <parameter description="$top is the number of items to be returned (page size)"
                                label="$top"
                                name="$top"
                                required="false"
                                testWith=""
                                type="int"/>
                  </input>
                  <binding>
                     <restSimpleBinding multiUsing="semicolonSeparated"
                                        url="https://{$hostName}/ariba/api/planning/v1/sandbox/supplierInventory/$count"
                                        verb="GET">
                        <httpHeaders>
                           <header name="Content-Type">application/json</header>
                           <header name="Accept">application/json</header>
                        </httpHeaders>
                     </restSimpleBinding>
                  </binding>
                  <output/>
               </action>
               <action category="Supplier Managed Inventory"
                       failOnError="true"
                       forSearch="false"
                       label="getSupplierManagedInventoryUsingGET"
                       maxRedirects="100"
                       name="getSupplierManagedInventoryUsingGET"
                       preemptiveAuth="true"
                       responseEncoding="">
                  <description>The forecast collaboration feature enables suppliers to make commitments to deliver quantities of goods to supply upcoming demands forecast by buyers. As a part of this process Suppliers shares the inventory data with buyers. This API provides inventory data given by suppliers.</description>
                  <input>
                     <parameter description="$filter=expression. 'expression' is a combination of resource parameters, values. We use 'eq' as operator to link parameter and value. We use 'and' as operator to link two or more parameters. For example, $filter=a eq 'b' and c eq 'd'. Currently we support the following parameters.&lt;br/&gt;&#xA;plantId            -- Plant's id. &lt;br/&gt;&#xA;vendorId           -- Supplier's vendor ID. &lt;br/&gt;&#xA;buyerPartNumber    -- Represents an item in buyer system. This identifier is specified by the buyer.&lt;br/&gt;&#xA;supplierPartNumber -- Represents an item in supplier system. This identifier is specified by the supplier.&lt;br/&gt;&#xA;startDate          -- The starting date of the period. If derived period if more than 1 year, it will be limited to 1 year.&lt;br/&gt;&#xA;endDate            -- The ending date of the period. If derived period if more than 1 year, it will be limited to 1 year.&lt;br/&gt;&#xA;"
                                label="$filter"
                                name="$filter"
                                required="false"
                                testWith=""
                                type="string"/>
                     <parameter description="To specify the order of results. $orderby=propertyName asc, $orderby=propertyName desc.&lt;br/&gt;&#xA;The order can be ascending or descending: asc or desc. If not specified, the default is ascending(asc).&lt;br/&gt;&#xA;propertyName    -- The column to sort on. Either of BUYERLASTUPDATE, SUPPLIERLASTUPDATE,BUYERPARTNO, SUPPLIERPARTNO, LOCATIONID, LOCATIONAME, STOCKONHAND,LEADTIME, PLANTID, PROCESSTYPE. &lt;br/&gt;&#xA;"
                                label="$orderby"
                                name="$orderby"
                                required="false"
                                testWith=""
                                type="string"/>
                     <parameter description="$skip is the number of items to be skipped (offset)"
                                label="$skip"
                                name="$skip"
                                required="false"
                                testWith=""
                                type="int"/>
                     <parameter description="$top is the number of items to be returned (page size)"
                                label="$top"
                                name="$top"
                                required="false"
                                testWith=""
                                type="int"/>
                     <parameter description="To return the number of elements in a collection inline. The syntax is $count=true&lt;br/&gt;&#xA;"
                                label="$count"
                                name="$count"
                                required="false"
                                testWith=""
                                type="string"/>
                  </input>
                  <binding>
                     <restSimpleBinding multiUsing="semicolonSeparated"
                                        url="https://{$hostName}/ariba/api/planning/v1/sandbox/supplierManagedInventory"
                                        verb="GET">
                        <httpHeaders>
                           <header name="Content-Type">application/json</header>
                           <header name="Accept">application/json</header>
                        </httpHeaders>
                     </restSimpleBinding>
                  </binding>
                  <output/>
               </action>
               <action category="Supplier Managed Inventory"
                       failOnError="true"
                       forSearch="false"
                       label="getSupplierManagedInventoryCountUsingGET"
                       maxRedirects="100"
                       name="getSupplierManagedInventoryCountUsingGET"
                       preemptiveAuth="true"
                       responseEncoding="">
                  <description>The forecast collaboration feature enables suppliers to make commitments to deliver quantities of goods to supply upcoming demands forecast by buyers. As a part of this process Suppliers shares the inventory data with buyers. This API provides count of inventory data given by suppliers.</description>
                  <input>
                     <parameter description="$filter=expression. 'expression' is a combination of resource parameters, values. We use 'eq' as operator to link parameter and value. We use 'and' as operator to link two or more parameters. For example, $filter=a eq 'b' and c eq 'd'. Currently we support the following parameters.&lt;br/&gt;&#xA;plantId            -- Plant's id. &lt;br/&gt;&#xA;vendorId           -- Supplier's vendor ID. &lt;br/&gt;&#xA;buyerPartNumber    -- Represents an item in buyer system. This identifier is specified by the buyer.&lt;br/&gt;&#xA;supplierPartNumber -- Represents an item in supplier system. This identifier is specified by the supplier.&lt;br/&gt;&#xA;startDate          -- The starting date of the period. If derived period if more than 1 year, it will be limited to 1 year.&lt;br/&gt;&#xA;endDate            -- The ending date of the period. If derived period if more than 1 year, it will be limited to 1 year.&lt;br/&gt;&#xA;"
                                label="$filter"
                                name="$filter"
                                required="false"
                                testWith=""
                                type="string"/>
                     <parameter description="To specify the order of results. $orderby=propertyName asc, $orderby=propertyName desc.&lt;br/&gt;&#xA;The order can be ascending or descending: asc or desc. If not specified, the default is ascending(asc).&lt;br/&gt;&#xA;propertyName    -- The column to sort on. Either of BUYERLASTUPDATE, SUPPLIERLASTUPDATE,BUYERPARTNO, SUPPLIERPARTNO, LOCATIONID, LOCATIONAME, STOCKONHAND,LEADTIME, PLANTID, PROCESSTYPE. &lt;br/&gt;&#xA;"
                                label="$orderby"
                                name="$orderby"
                                required="false"
                                testWith=""
                                type="string"/>
                     <parameter description="$skip is the number of items to be skipped (offset)"
                                label="$skip"
                                name="$skip"
                                required="false"
                                testWith=""
                                type="int"/>
                     <parameter description="$top is the number of items to be returned (page size)"
                                label="$top"
                                name="$top"
                                required="false"
                                testWith=""
                                type="int"/>
                  </input>
                  <binding>
                     <restSimpleBinding multiUsing="semicolonSeparated"
                                        url="https://{$hostName}/ariba/api/planning/v1/sandbox/supplierManagedInventory/$count"
                                        verb="GET">
                        <httpHeaders>
                           <header name="Content-Type">application/json</header>
                           <header name="Accept">application/json</header>
                        </httpHeaders>
                     </restSimpleBinding>
                  </binding>
                  <output/>
               </action>
               <action category="Supplier Inventory"
                       failOnError="true"
                       forSearch="false"
                       label="getSupplierInventoryUsingGET"
                       maxRedirects="100"
                       name="getSupplierInventoryUsingGET"
                       preemptiveAuth="true"
                       responseEncoding="">
                  <description>Suppliers managed goods that are in their customers warehouses. This API provides inventory data matching to buyer demand on each date.</description>
                  <input>
                     <parameter description="$filter=expression. 'expression' is a combination of resource parameters, values. We use 'eq' as operator to link parameter and value. We use 'and' as operator to link two or more parameters. For example, $filter=a eq 'b' and c eq 'd'. Currently we support the following parameters.&lt;br/&gt;&#xA;plantId            -- Plant's id. &lt;br/&gt;&#xA;vendorId           -- Supplier's vendor ID. &lt;br/&gt;&#xA;buyerPartNumber    -- Represents an item in buyer system. This identifier is specified by the buyer.&lt;br/&gt;&#xA;supplierPartNumber -- Represents an item in supplier system. This identifier is specified by the supplier.&lt;br/&gt;&#xA;"
                                label="$filter"
                                name="$filter"
                                required="false"
                                testWith=""
                                type="string"/>
                     <parameter description="To specify the order of results. $orderby=propertyName asc, $orderby=propertyName desc.&lt;br/&gt;&#xA;The order can be ascending or descending: asc or desc. If not specified, the default is ascending(asc).&lt;br/&gt;&#xA;propertyName    -- The column to sort on. Either of BUYERLASTUPDATE, SUPPLIERLASTUPDATE,BUYERPARTNO, SUPPLIERPARTNO, LOCATIONID, LOCATIONAME, STOCKONHAND,LEADTIME, PLANTID, PROCESSTYPE. &lt;br/&gt;&#xA;"
                                label="$orderby"
                                name="$orderby"
                                required="false"
                                testWith=""
                                type="string"/>
                     <parameter description="$skip is the number of items to be skipped (offset)"
                                label="$skip"
                                name="$skip"
                                required="false"
                                testWith=""
                                type="int"/>
                     <parameter description="$top is the number of items to be returned (page size)"
                                label="$top"
                                name="$top"
                                required="false"
                                testWith=""
                                type="int"/>
                     <parameter description="To return the number of elements in a collection inline. The syntax is $count=true&lt;br/&gt;&#xA;"
                                label="$count"
                                name="$count"
                                required="false"
                                testWith=""
                                type="string"/>
                  </input>
                  <binding>
                     <restSimpleBinding multiUsing="semicolonSeparated"
                                        url="https://{$hostName}/ariba/api/planning/v1/sandbox/supplierInventory"
                                        verb="GET">
                        <httpHeaders>
                           <header name="Content-Type">application/json</header>
                           <header name="Accept">application/json</header>
                        </httpHeaders>
                     </restSimpleBinding>
                  </binding>
                  <output/>
               </action>
            </actions>
            <objects>
               <processObject xmlns="http://schemas.active-endpoints.com/appmodules/screenflow/2011/06/avosHostEnvironment.xsd"
                              isByCopy="true"
                              name="PlanningPart">
                  <description/>
                  <detail>
                     <field name="buyerLastUpdate" type="string"/>
                     <field name="samePartCount" type="int"/>
                     <field name="resourceId" type="string"/>
                     <field name="buyerLocation" type="reference">
                        <options>
                           <option name="referenceTo">PlanningLocation</option>
                           <option name="relationshipName">Child</option>
                        </options>
                     </field>
                     <field name="minDosQty" type="reference">
                        <options>
                           <option name="referenceTo">PlanningQuantity</option>
                           <option name="relationshipName">Child</option>
                        </options>
                     </field>
                     <field name="buyerPrivateIdentity" type="double"/>
                     <field name="description" type="string"/>
                     <field name="leadTime" type="reference">
                        <options>
                           <option name="referenceTo">PlanningTime</option>
                           <option name="relationshipName">Child</option>
                        </options>
                     </field>
                     <field name="maxDos" type="double"/>
                     <field name="planningStockOnHand" type="reference">
                        <options>
                           <option name="referenceTo">PlanningStockOnHand</option>
                           <option name="relationshipName">Child</option>
                        </options>
                     </field>
                     <field name="lastSent" type="string"/>
                     <field name="vendor" type="string"/>
                     <field name="stockOnHand" type="double"/>
                     <field name="buyerOrg" type="reference">
                        <options>
                           <option name="referenceTo">PlanningOrg</option>
                           <option name="relationshipName">Child</option>
                        </options>
                     </field>
                     <field name="id" type="double"/>
                     <field name="processType" type="string"/>
                     <field name="salesOrderNumber" type="string"/>
                     <field name="planner" type="reference">
                        <options>
                           <option name="referenceTo">PlanningPlanner</option>
                           <option name="relationshipName">Child</option>
                        </options>
                     </field>
                     <field name="supplierPartId" type="string"/>
                     <field name="systemId" type="string"/>
                     <field name="buyerPartId" type="string"/>
                     <field name="unitOfMeasure" type="string"/>
                     <field name="planningPrice" type="reference">
                        <options>
                           <option name="referenceTo">PlanningPrice</option>
                           <option name="relationshipName">Child</option>
                        </options>
                     </field>
                     <field name="plannedAcceptanceDays" type="reference">
                        <options>
                           <option name="referenceTo">PlanningTime</option>
                           <option name="relationshipName">Child</option>
                        </options>
                     </field>
                     <field name="projectedStockForecast" type="objectlist">
                        <options>
                           <option name="referenceTo">PlanningProjectedStock</option>
                           <option name="relationshipName">Child</option>
                        </options>
                     </field>
                     <field name="supplierOrg" type="reference">
                        <options>
                           <option name="referenceTo">PlanningOrg</option>
                           <option name="relationshipName">Child</option>
                        </options>
                     </field>
                     <field name="minDos" type="double"/>
                     <field name="propductGroup" type="reference">
                        <options>
                           <option name="referenceTo">PlanningProductGroup</option>
                           <option name="relationshipName">Child</option>
                        </options>
                     </field>
                     <field name="maxDosQty" type="reference">
                        <options>
                           <option name="referenceTo">PlanningQuantity</option>
                           <option name="relationshipName">Child</option>
                        </options>
                     </field>
                     <field name="maxStockQty" type="double"/>
                     <field name="minStock" type="reference">
                        <options>
                           <option name="referenceTo">PlanningQuantity</option>
                           <option name="relationshipName">Child</option>
                        </options>
                     </field>
                     <field name="maxStock" type="reference">
                        <options>
                           <option name="referenceTo">PlanningQuantity</option>
                           <option name="relationshipName">Child</option>
                        </options>
                     </field>
                     <field name="minStockQty" type="double"/>
                     <field name="purchaseOrder" type="string"/>
                     <field name="supplierLastUpdate" type="string"/>
                     <field name="resourceType" type="string"/>
                     <field name="status" type="string"/>
                  </detail>
               </processObject>
               <processObject xmlns="http://schemas.active-endpoints.com/appmodules/screenflow/2011/06/avosHostEnvironment.xsd"
                              isByCopy="true"
                              name="PlanningPrice">
                  <description/>
                  <detail>
                     <field name="unitPrice" type="reference">
                        <options>
                           <option name="referenceTo">PlanningQuantity</option>
                           <option name="relationshipName">Child</option>
                        </options>
                     </field>
                     <field name="currency" type="string"/>
                  </detail>
               </processObject>
               <processObject xmlns="http://schemas.active-endpoints.com/appmodules/screenflow/2011/06/avosHostEnvironment.xsd"
                              isByCopy="true"
                              name="PlanningStockOnHand">
                  <description/>
                  <detail>
                     <field name="consignmentBlocked" type="double"/>
                     <field name="subContractingSup" type="double"/>
                     <field name="unRestricted" type="double"/>
                     <field name="qualitySup" type="double"/>
                     <field name="consignmentQuality" type="double"/>
                     <field name="stockInTransferSup" type="double"/>
                     <field name="consignmentBlockedSup" type="double"/>
                     <field name="consignmentQualitySup" type="double"/>
                     <field name="consignmentUnRestrictedSup" type="double"/>
                     <field name="unRestrictedSup" type="double"/>
                     <field name="subContracting" type="double"/>
                     <field name="quality" type="double"/>
                     <field name="consignmentUnRestricted" type="double"/>
                     <field name="stockInTransfer" type="double"/>
                     <field name="blocked" type="double"/>
                     <field name="stockOnHandSupplier" type="double"/>
                     <field name="stockOnHand" type="reference">
                        <options>
                           <option name="referenceTo">PlanningQuantity</option>
                           <option name="relationshipName">Child</option>
                        </options>
                     </field>
                     <field name="blockedSup" type="double"/>
                  </detail>
               </processObject>
               <processObject xmlns="http://schemas.active-endpoints.com/appmodules/screenflow/2011/06/avosHostEnvironment.xsd"
                              isByCopy="true"
                              name="SupplierInventory">
                  <description/>
                  <detail>
                     <field name="buyerLastUpdate" type="string"/>
                     <field name="samePartCount" type="int"/>
                     <field name="buyerLocation" type="reference">
                        <options>
                           <option name="referenceTo">PlanningLocation</option>
                           <option name="relationshipName">Child</option>
                        </options>
                     </field>
                     <field name="minDosQty" type="reference">
                        <options>
                           <option name="referenceTo">PlanningQuantity</option>
                           <option name="relationshipName">Child</option>
                        </options>
                     </field>
                     <field name="buyerPrivateIdentity" type="double"/>
                     <field name="description" type="string"/>
                     <field name="leadTime" type="reference">
                        <options>
                           <option name="referenceTo">PlanningTime</option>
                           <option name="relationshipName">Child</option>
                        </options>
                     </field>
                     <field name="maxDos" type="double"/>
                     <field name="planningStockOnHand" type="reference">
                        <options>
                           <option name="referenceTo">PlanningStockOnHand</option>
                           <option name="relationshipName">Child</option>
                        </options>
                     </field>
                     <field name="lastSent" type="string"/>
                     <field name="vendor" type="string"/>
                     <field name="stockOnHand" type="double"/>
                     <field name="buyerOrg" type="reference">
                        <options>
                           <option name="referenceTo">PlanningOrg</option>
                           <option name="relationshipName">Child</option>
                        </options>
                     </field>
                     <field name="id" type="double"/>
                     <field name="processType" type="string"/>
                     <field name="planner" type="reference">
                        <options>
                           <option name="referenceTo">PlanningPlanner</option>
                           <option name="relationshipName">Child</option>
                        </options>
                     </field>
                     <field name="supplierPartId" type="string"/>
                     <field name="systemId" type="string"/>
                     <field name="buyerPartId" type="string"/>
                     <field name="unitOfMeasure" type="string"/>
                     <field name="planningPrice" type="reference">
                        <options>
                           <option name="referenceTo">PlanningPrice</option>
                           <option name="relationshipName">Child</option>
                        </options>
                     </field>
                     <field name="plannedAcceptanceDays" type="reference">
                        <options>
                           <option name="referenceTo">PlanningTime</option>
                           <option name="relationshipName">Child</option>
                        </options>
                     </field>
                     <field name="projectedStockForecast" type="objectlist">
                        <options>
                           <option name="referenceTo">PlanningProjectedStock</option>
                           <option name="relationshipName">Child</option>
                        </options>
                     </field>
                     <field name="supplierOrg" type="reference">
                        <options>
                           <option name="referenceTo">PlanningOrg</option>
                           <option name="relationshipName">Child</option>
                        </options>
                     </field>
                     <field name="minDos" type="double"/>
                     <field name="propductGroup" type="reference">
                        <options>
                           <option name="referenceTo">PlanningProductGroup</option>
                           <option name="relationshipName">Child</option>
                        </options>
                     </field>
                     <field name="maxDosQty" type="reference">
                        <options>
                           <option name="referenceTo">PlanningQuantity</option>
                           <option name="relationshipName">Child</option>
                        </options>
                     </field>
                     <field name="maxStockQty" type="double"/>
                     <field name="minStock" type="reference">
                        <options>
                           <option name="referenceTo">PlanningQuantity</option>
                           <option name="relationshipName">Child</option>
                        </options>
                     </field>
                     <field name="maxStock" type="reference">
                        <options>
                           <option name="referenceTo">PlanningQuantity</option>
                           <option name="relationshipName">Child</option>
                        </options>
                     </field>
                     <field name="minStockQty" type="double"/>
                     <field name="purchaseOrder" type="string"/>
                     <field name="supplierLastUpdate" type="string"/>
                     <field name="status" type="string"/>
                  </detail>
               </processObject>
               <processObject xmlns="http://schemas.active-endpoints.com/appmodules/screenflow/2011/06/avosHostEnvironment.xsd"
                              isByCopy="true"
                              name="ANForecastAddress">
                  <description/>
                  <detail>
                     <field name="country" type="string"/>
                     <field name="street3" type="string"/>
                     <field name="city" type="string"/>
                     <field name="street4" type="string"/>
                     <field name="cityCode" type="string"/>
                     <field name="postalCode" type="string"/>
                     <field name="municipality" type="string"/>
                     <field name="municipalityCode" type="string"/>
                     <field name="hashId" type="string"/>
                     <field name="stateCode" type="string"/>
                     <field name="street1" type="string"/>
                     <field name="id" type="double"/>
                     <field name="state" type="string"/>
                     <field name="street2" type="string"/>
                  </detail>
               </processObject>
               <processObject xmlns="http://schemas.active-endpoints.com/appmodules/screenflow/2011/06/avosHostEnvironment.xsd"
                              isByCopy="true"
                              name="PageData_SupplierManagedInventory_">
                  <description/>
                  <detail>
                     <field name="lastPage" type="boolean"/>
                     <field name="offset" type="int"/>
                     <field name="firstPage" type="boolean"/>
                     <field name="limit" type="int"/>
                     <field name="totalPages" type="int"/>
                     <field name="content" type="objectlist">
                        <options>
                           <option name="referenceTo">SupplierManagedInventory</option>
                           <option name="relationshipName">Child</option>
                        </options>
                     </field>
                     <field name="totalElements" type="int"/>
                  </detail>
               </processObject>
               <processObject xmlns="http://schemas.active-endpoints.com/appmodules/screenflow/2011/06/avosHostEnvironment.xsd"
                              isByCopy="true"
                              name="PartnerInfoSection">
                  <description/>
                  <detail>
                     <field name="country" type="string"/>
                     <field name="emailAddress" type="string"/>
                     <field name="code" type="string"/>
                     <field name="mobilePhone" type="string"/>
                     <field name="city" type="string"/>
                     <field name="street" type="string"/>
                     <field name="countryName" type="string"/>
                     <field name="state" type="string"/>
                     <field name="fax" type="string"/>
                     <field name="userId" type="string"/>
                  </detail>
               </processObject>
               <processObject xmlns="http://schemas.active-endpoints.com/appmodules/screenflow/2011/06/avosHostEnvironment.xsd"
                              isByCopy="true"
                              name="PlanningQuantity">
                  <description/>
                  <detail>
                     <field name="raw" type="double"/>
                     <field name="value" type="double"/>
                  </detail>
               </processObject>
               <processObject xmlns="http://schemas.active-endpoints.com/appmodules/screenflow/2011/06/avosHostEnvironment.xsd"
                              isByCopy="true"
                              name="PlanningKeyFigureSeries">
                  <description/>
                  <detail>
                     <field name="timeSeriesData" type="objectlist">
                        <options>
                           <option name="referenceTo">PlanningTimeSeries</option>
                           <option name="relationshipName">Child</option>
                        </options>
                     </field>
                     <field name="pfeErrorCode" type="string"/>
                     <field name="buyerEditable" type="boolean"/>
                     <field name="configId" type="string"/>
                     <field name="supplierEditable" type="boolean"/>
                     <field name="name" type="string"/>
                     <field name="description" type="string"/>
                     <field name="formula" type="string"/>
                     <field name="id" type="double"/>
                     <field name="type" type="string"/>
                  </detail>
               </processObject>
               <processObject xmlns="http://schemas.active-endpoints.com/appmodules/screenflow/2011/06/avosHostEnvironment.xsd"
                              isByCopy="true"
                              name="PlanningLocation">
                  <description/>
                  <detail>
                     <field name="name" type="string"/>
                     <field name="id" type="string"/>
                     <field name="plantAddress" type="reference">
                        <options>
                           <option name="referenceTo">ANForecastAddress</option>
                           <option name="relationshipName">Child</option>
                        </options>
                     </field>
                  </detail>
               </processObject>
               <processObject xmlns="http://schemas.active-endpoints.com/appmodules/screenflow/2011/06/avosHostEnvironment.xsd"
                              isByCopy="true"
                              name="PlanningProductGroup">
                  <description/>
                  <detail>
                     <field name="lineOfBusiness" type="string"/>
                     <field name="productFamily" type="string"/>
                     <field name="partCategory" type="string"/>
                     <field name="intProgramCode" type="string"/>
                     <field name="productSubFamily" type="string"/>
                     <field name="manufacturingType" type="string"/>
                     <field name="extProgramCode" type="string"/>
                     <field name="partType" type="string"/>
                  </detail>
               </processObject>
               <processObject xmlns="http://schemas.active-endpoints.com/appmodules/screenflow/2011/06/avosHostEnvironment.xsd"
                              isByCopy="true"
                              name="PlanningTimeSeries">
                  <description/>
                  <detail>
                     <field name="upsideQuantity" type="reference">
                        <options>
                           <option name="referenceTo">PlanningQuantity</option>
                           <option name="relationshipName">Child</option>
                        </options>
                     </field>
                     <field name="itemCategory" type="string"/>
                     <field name="pfeErrorCode" type="string"/>
                     <field name="timeBucketISO" type="string"/>
                     <field name="planningPrice" type="reference">
                        <options>
                           <option name="referenceTo">PlanningPrice</option>
                           <option name="relationshipName">Child</option>
                        </options>
                     </field>
                     <field name="formula" type="string"/>
                     <field name="showBlankInCXML" type="boolean"/>
                     <field name="plannedShipmentDate" type="string"/>
                     <field name="timeBucket" type="string"/>
                     <field name="lineNumber" type="string"/>
                     <field name="value" type="reference">
                        <options>
                           <option name="referenceTo">PlanningQuantity</option>
                           <option name="relationshipName">Child</option>
                        </options>
                     </field>
                  </detail>
               </processObject>
               <processObject xmlns="http://schemas.active-endpoints.com/appmodules/screenflow/2011/06/avosHostEnvironment.xsd"
                              isByCopy="true"
                              name="Forecast">
                  <description/>
                  <detail/>
               </processObject>
               <processObject xmlns="http://schemas.active-endpoints.com/appmodules/screenflow/2011/06/avosHostEnvironment.xsd"
                              isByCopy="true"
                              name="PlanningTime">
                  <description/>
                  <detail>
                     <field name="unit" type="string"/>
                     <field name="value" type="string"/>
                  </detail>
               </processObject>
               <processObject xmlns="http://schemas.active-endpoints.com/appmodules/screenflow/2011/06/avosHostEnvironment.xsd"
                              isByCopy="true"
                              name="SupplierManagedInventory">
                  <description/>
                  <detail>
                     <field name="lastUpdatedBy" type="string"/>
                     <field name="timeBucketsLeadTime" type="objectlist">
                        <options>
                           <option name="referenceTo">boolean</option>
                           <option name="relationshipName">Child</option>
                        </options>
                     </field>
                     <field name="endDate" type="string"/>
                     <field name="startDateISOFormat" type="string"/>
                     <field name="timeIndexBuckets" type="objectlist">
                        <options>
                           <option name="referenceTo">string</option>
                           <option name="relationshipName">Child</option>
                        </options>
                     </field>
                     <field name="planningHorizon" type="double"/>
                     <field name="timeBucketsWeekNo" type="objectlist">
                        <options>
                           <option name="referenceTo">int</option>
                           <option name="relationshipName">Child</option>
                        </options>
                     </field>
                     <field name="buyerHasEntitlement" type="boolean"/>
                     <field name="isToleranceEnabled" type="boolean"/>
                     <field name="lastDeletedBy" type="string"/>
                     <field name="hasSalesOrderRule" type="boolean"/>
                     <field name="keyFigures" type="objectlist">
                        <options>
                           <option name="referenceTo">PlanningKeyFigureSeries</option>
                           <option name="relationshipName">Child</option>
                        </options>
                     </field>
                     <field name="localDateFormat" type="string"/>
                     <field name="shipFromAddress" type="reference">
                        <options>
                           <option name="referenceTo">PartnerInfoSection</option>
                           <option name="relationshipName">Child</option>
                        </options>
                     </field>
                     <field name="planningPart" type="reference">
                        <options>
                           <option name="referenceTo">PlanningPart</option>
                           <option name="relationshipName">Child</option>
                        </options>
                     </field>
                     <field name="viewType" type="string"/>
                     <field name="planningPartId" type="double"/>
                     <field name="timeBuckets" type="objectlist">
                        <options>
                           <option name="referenceTo">string</option>
                           <option name="relationshipName">Child</option>
                        </options>
                     </field>
                     <field name="startDate" type="string"/>
                  </detail>
               </processObject>
               <processObject xmlns="http://schemas.active-endpoints.com/appmodules/screenflow/2011/06/avosHostEnvironment.xsd"
                              isByCopy="true"
                              name="PlanningOrg">
                  <description/>
                  <detail>
                     <field name="anId" type="string"/>
                     <field name="name" type="string"/>
                     <field name="id" type="double"/>
                  </detail>
               </processObject>
               <processObject xmlns="http://schemas.active-endpoints.com/appmodules/screenflow/2011/06/avosHostEnvironment.xsd"
                              isByCopy="true"
                              name="PageData_Forecast_">
                  <description/>
                  <detail>
                     <field name="lastPage" type="boolean"/>
                     <field name="offset" type="int"/>
                     <field name="firstPage" type="boolean"/>
                     <field name="limit" type="int"/>
                     <field name="totalPages" type="int"/>
                     <field name="content" type="objectlist">
                        <options>
                           <option name="referenceTo">Forecast</option>
                           <option name="relationshipName">Child</option>
                        </options>
                     </field>
                     <field name="totalElements" type="int"/>
                  </detail>
               </processObject>
               <processObject xmlns="http://schemas.active-endpoints.com/appmodules/screenflow/2011/06/avosHostEnvironment.xsd"
                              isByCopy="true"
                              name="PlanningProjectedStock">
                  <description/>
                  <detail>
                     <field name="quantity" type="reference">
                        <options>
                           <option name="referenceTo">PlanningQuantity</option>
                           <option name="relationshipName">Child</option>
                        </options>
                     </field>
                     <field name="timeBucketWeekNo" type="int"/>
                     <field name="pfeErrorCode" type="string"/>
                     <field name="timeBucket" type="string"/>
                  </detail>
               </processObject>
               <processObject xmlns="http://schemas.active-endpoints.com/appmodules/screenflow/2011/06/avosHostEnvironment.xsd"
                              isByCopy="true"
                              name="PageData_SupplierInventory_">
                  <description/>
                  <detail>
                     <field name="lastPage" type="boolean"/>
                     <field name="offset" type="int"/>
                     <field name="firstPage" type="boolean"/>
                     <field name="limit" type="int"/>
                     <field name="totalPages" type="int"/>
                     <field name="content" type="objectlist">
                        <options>
                           <option name="referenceTo">SupplierInventory</option>
                           <option name="relationshipName">Child</option>
                        </options>
                     </field>
                     <field name="totalElements" type="int"/>
                  </detail>
               </processObject>
               <processObject xmlns="http://schemas.active-endpoints.com/appmodules/screenflow/2011/06/avosHostEnvironment.xsd"
                              isByCopy="true"
                              name="PlanningPlanner">
                  <description/>
                  <detail>
                     <field name="code" type="string"/>
                     <field name="phone" type="string"/>
                     <field name="name" type="string"/>
                     <field name="email" type="string"/>
                  </detail>
               </processObject>
               <processObject xmlns="http://schemas.active-endpoints.com/appmodules/screenflow/2011/06/avosHostEnvironment.xsd"
                              isByCopy="true"
                              name="string">
                  <description/>
                  <detail>
                     <field name="string" type="string"/>
                  </detail>
               </processObject>
               <processObject xmlns="http://schemas.active-endpoints.com/appmodules/screenflow/2011/06/avosHostEnvironment.xsd"
                              isByCopy="true"
                              name="boolean">
                  <description/>
                  <detail>
                     <field name="boolean" type="boolean"/>
                  </detail>
               </processObject>
               <processObject xmlns="http://schemas.active-endpoints.com/appmodules/screenflow/2011/06/avosHostEnvironment.xsd"
                              isByCopy="true"
                              name="double">
                  <description/>
                  <detail>
                     <field name="double" type="double"/>
                  </detail>
               </processObject>
               <processObject xmlns="http://schemas.active-endpoints.com/appmodules/screenflow/2011/06/avosHostEnvironment.xsd"
                              isByCopy="true"
                              name="integer">
                  <description/>
                  <detail>
                     <field name="integer" type="int"/>
                  </detail>
               </processObject>
            </objects>
         </businessConnector>
      </types1:Entry>
      <types1:GUID>3NZUNGfbrgbhXpBOlzvRIl</types1:GUID>
      <types1:DisplayName>SAP Ariba Planning Collaboration Buyer REST API v1</types1:DisplayName>
   </types1:Item>
   <types1:CurrentServerDateTime>2019-12-22T10:59:03.868Z</types1:CurrentServerDateTime>
</aetgt:getResponse>
