<aetgt:getResponse xmlns:aetgt="http://schemas.active-endpoints.com/appmodules/repository/2010/10/avrepository.xsd"
                   xmlns:types1="http://schemas.active-endpoints.com/appmodules/repository/2010/10/avrepository.xsd">
   <types1:Item>
      <types1:EntryId>lnMQoPVm5Y6tMFy-gt-27905-2019-02-24T05:35:57.179Z::svc.xml</types1:EntryId>
      <types1:Name>Google_BigQuery_Data_Transfer_API_v1</types1:Name>
      <types1:MimeType>application/xml+businesssconnector</types1:MimeType>
      <types1:Description>Transfers data from partner SaaS applications to Google BigQuery on a scheduled, managed basis.</types1:Description>
      <types1:AppliesTo/>
      <types1:Tags/>
      <types1:VersionLabel>1.0</types1:VersionLabel>
      <types1:State>CURRENT</types1:State>
      <types1:ProcessGroup/>
      <types1:CreatedBy>stage2_pod1</types1:CreatedBy>
      <types1:CreationDate>2019-02-24T05:35:57Z</types1:CreationDate>
      <types1:ModifiedBy/>
      <types1:PublicationStatus>unpublished</types1:PublicationStatus>
      <types1:AutosaveExists>false</types1:AutosaveExists>
      <types1:Entry>
         <businessConnector xmlns="http://schemas.informatica.com/socrates/data-services/2014/05/business-connector-model.xsd"
                            agentOnly="false"
                            debug="false"
                            displayName="Google BigQuery Data Transfer API v1"
                            label=""
                            name="Google_BigQuery_Data_Transfer_API_v1"
                            uuid="3d7f2b76-9dd7-4aae-ab97-6956b5a9aa17">
            <description>Transfers data from partner SaaS applications to Google BigQuery on a scheduled, managed basis.</description>
            <tags/>
            <connectionAttributes xmlns="http://schemas.informatica.com/appmodules/screenflow/2014/04/avosConnectors.xsd">
               <connectionAttribute description="Host Name"
                                    masked="false"
                                    name="hostName"
                                    required="true"
                                    testWith="bigquerydatatransfer.googleapis.com"
                                    type="string"/>
            </connectionAttributes>
            <actions>
               <action category="locations"
                       failOnError="true"
                       forSearch="false"
                       label="V1LocationsByNameGet"
                       maxRedirects="100"
                       name="V1LocationsByNameGet"
                       preemptiveAuth="true"
                       responseEncoding="">
                  <description>ListV1LocationsByName. Lists information about the supported locations for this service.</description>
                  <input>
                     <parameter description="Selector specifying which fields to include in a partial response."
                                label="fields"
                                name="fields"
                                required="false"
                                testWith=""
                                type="string"/>
                     <parameter description="Legacy upload protocol for media (e.g. &#34;media&#34;, &#34;multipart&#34;)."
                                label="uploadType"
                                name="uploadType"
                                required="false"
                                testWith=""
                                type="string"/>
                     <parameter description="JSONP"
                                label="callback"
                                name="callback"
                                required="false"
                                testWith=""
                                type="string"/>
                     <parameter description="OAuth 2.0 token for the current user."
                                label="oauth_token"
                                name="oauth_token"
                                required="false"
                                testWith=""
                                type="string"/>
                     <parameter description="V1 error format. (Acceptable values are: &#34;1&#34;, &#34;2&#34;)"
                                label="$.xgafv"
                                name="$.xgafv"
                                required="false"
                                testWith=""
                                type="string"/>
                     <parameter description="Data format for response. (Acceptable values are: &#34;json&#34;, &#34;media&#34;, &#34;proto&#34;)"
                                label="alt"
                                name="alt"
                                required="false"
                                testWith=""
                                type="string"/>
                     <parameter description="OAuth access token."
                                label="access_token"
                                name="access_token"
                                required="false"
                                testWith=""
                                type="string"/>
                     <parameter description="API key. Your API key identifies your project and provides you with API access, quota, and reports. Required unless you provide an OAuth 2.0 token."
                                label="key"
                                name="key"
                                required="false"
                                testWith=""
                                type="string"/>
                     <parameter description="Upload protocol for media (e.g. &#34;raw&#34;, &#34;multipart&#34;)."
                                label="upload_protocol"
                                name="upload_protocol"
                                required="false"
                                testWith=""
                                type="string"/>
                     <parameter description="Available to use for quota purposes for server-side applications. Can be any arbitrary string assigned to a user, but should not exceed 40 characters."
                                label="quotaUser"
                                name="quotaUser"
                                required="false"
                                testWith=""
                                type="string"/>
                     <parameter description="Returns response with indentations and line breaks."
                                label="prettyPrint"
                                name="prettyPrint"
                                required="false"
                                testWith=""
                                type="boolean"/>
                     <parameter description="The standard list page token."
                                label="pageToken"
                                name="pageToken"
                                required="false"
                                testWith=""
                                type="string"/>
                     <parameter description="The standard list page size."
                                label="pageSize"
                                name="pageSize"
                                required="false"
                                testWith=""
                                type="int"/>
                     <parameter description="The standard list filter."
                                label="filter"
                                name="filter"
                                required="false"
                                testWith=""
                                type="string"/>
                  </input>
                  <binding>
                     <restSimpleBinding multiUsing="semicolonSeparated"
                                        url="https://{$hostName}/v1/{$SC__namePathParam}/locations"
                                        verb="GET">
                        <httpHeaders>
                           <header name="Content-Type">application/json</header>
                           <header name="Accept">application/json</header>
                        </httpHeaders>
                     </restSimpleBinding>
                  </binding>
                  <output>
                     <field description=""
                            entireResponse="true"
                            name="ListLocationsResponse"
                            type="reference">
                        <options>
                           <option name="referenceTo">ListLocationsResponse</option>
                        </options>
                     </field>
                  </output>
               </action>
               <action category="dataSources"
                       failOnError="true"
                       forSearch="false"
                       label="V1CheckValidCredsByNamePost"
                       maxRedirects="100"
                       name="V1CheckValidCredsByNamePost"
                       preemptiveAuth="true"
                       responseEncoding="">
                  <description>CheckValidCredsV1CheckValidCredsByName. Returns true if valid credentials exist for the given data source and requesting user. Some data sources doesn't support service account, so we need to talk to them on behalf of the end user. This API just checks whether we have OAuth token for the particular user, which is a pre-requisite before user can create a transfer config.</description>
                  <input>
                     <parameter label="body"
                                name="body"
                                required="true"
                                testWith=""
                                type="reference">
                        <options>
                           <option name="referenceTo"/>
                        </options>
                     </parameter>
                     <parameter description="Selector specifying which fields to include in a partial response."
                                label="fields"
                                name="fields"
                                required="false"
                                testWith=""
                                type="string"/>
                     <parameter description="Legacy upload protocol for media (e.g. &#34;media&#34;, &#34;multipart&#34;)."
                                label="uploadType"
                                name="uploadType"
                                required="false"
                                testWith=""
                                type="string"/>
                     <parameter description="JSONP"
                                label="callback"
                                name="callback"
                                required="false"
                                testWith=""
                                type="string"/>
                     <parameter description="OAuth 2.0 token for the current user."
                                label="oauth_token"
                                name="oauth_token"
                                required="false"
                                testWith=""
                                type="string"/>
                     <parameter description="V1 error format. (Acceptable values are: &#34;1&#34;, &#34;2&#34;)"
                                label="$.xgafv"
                                name="$.xgafv"
                                required="false"
                                testWith=""
                                type="string"/>
                     <parameter description="Data format for response. (Acceptable values are: &#34;json&#34;, &#34;media&#34;, &#34;proto&#34;)"
                                label="alt"
                                name="alt"
                                required="false"
                                testWith=""
                                type="string"/>
                     <parameter description="OAuth access token."
                                label="access_token"
                                name="access_token"
                                required="false"
                                testWith=""
                                type="string"/>
                     <parameter description="API key. Your API key identifies your project and provides you with API access, quota, and reports. Required unless you provide an OAuth 2.0 token."
                                label="key"
                                name="key"
                                required="false"
                                testWith=""
                                type="string"/>
                     <parameter description="Upload protocol for media (e.g. &#34;raw&#34;, &#34;multipart&#34;)."
                                label="upload_protocol"
                                name="upload_protocol"
                                required="false"
                                testWith=""
                                type="string"/>
                     <parameter description="Available to use for quota purposes for server-side applications. Can be any arbitrary string assigned to a user, but should not exceed 40 characters."
                                label="quotaUser"
                                name="quotaUser"
                                required="false"
                                testWith=""
                                type="string"/>
                     <parameter description="Returns response with indentations and line breaks."
                                label="prettyPrint"
                                name="prettyPrint"
                                required="false"
                                testWith=""
                                type="boolean"/>
                  </input>
                  <binding>
                     <restSimpleBinding multiUsing="semicolonSeparated"
                                        url="https://{$hostName}/v1/{$SC__namePathParam}:checkValidCreds"
                                        verb="POST">
                        <httpHeaders>
                           <header name="Content-Type">application/json</header>
                           <header name="Accept">application/json</header>
                        </httpHeaders>
                        <body generateUsing="UnwrappedJSON" preserveJsonStringFormatting="false"/>
                     </restSimpleBinding>
                  </binding>
                  <output>
                     <field description=""
                            entireResponse="true"
                            name="CheckValidCredsResponse"
                            type="reference">
                        <options>
                           <option name="referenceTo">CheckValidCredsResponse</option>
                        </options>
                     </field>
                  </output>
               </action>
               <action category="runs"
                       failOnError="true"
                       forSearch="false"
                       label="V1RunsByParentGet"
                       maxRedirects="100"
                       name="V1RunsByParentGet"
                       preemptiveAuth="true"
                       responseEncoding="">
                  <description>ListV1RunsByParent. Returns information about running and completed jobs.</description>
                  <input>
                     <parameter description="Selector specifying which fields to include in a partial response."
                                label="fields"
                                name="fields"
                                required="false"
                                testWith=""
                                type="string"/>
                     <parameter description="Legacy upload protocol for media (e.g. &#34;media&#34;, &#34;multipart&#34;)."
                                label="uploadType"
                                name="uploadType"
                                required="false"
                                testWith=""
                                type="string"/>
                     <parameter description="JSONP"
                                label="callback"
                                name="callback"
                                required="false"
                                testWith=""
                                type="string"/>
                     <parameter description="OAuth 2.0 token for the current user."
                                label="oauth_token"
                                name="oauth_token"
                                required="false"
                                testWith=""
                                type="string"/>
                     <parameter description="V1 error format. (Acceptable values are: &#34;1&#34;, &#34;2&#34;)"
                                label="$.xgafv"
                                name="$.xgafv"
                                required="false"
                                testWith=""
                                type="string"/>
                     <parameter description="Data format for response. (Acceptable values are: &#34;json&#34;, &#34;media&#34;, &#34;proto&#34;)"
                                label="alt"
                                name="alt"
                                required="false"
                                testWith=""
                                type="string"/>
                     <parameter description="OAuth access token."
                                label="access_token"
                                name="access_token"
                                required="false"
                                testWith=""
                                type="string"/>
                     <parameter description="API key. Your API key identifies your project and provides you with API access, quota, and reports. Required unless you provide an OAuth 2.0 token."
                                label="key"
                                name="key"
                                required="false"
                                testWith=""
                                type="string"/>
                     <parameter description="Upload protocol for media (e.g. &#34;raw&#34;, &#34;multipart&#34;)."
                                label="upload_protocol"
                                name="upload_protocol"
                                required="false"
                                testWith=""
                                type="string"/>
                     <parameter description="Available to use for quota purposes for server-side applications. Can be any arbitrary string assigned to a user, but should not exceed 40 characters."
                                label="quotaUser"
                                name="quotaUser"
                                required="false"
                                testWith=""
                                type="string"/>
                     <parameter description="Returns response with indentations and line breaks."
                                label="prettyPrint"
                                name="prettyPrint"
                                required="false"
                                testWith=""
                                type="boolean"/>
                     <parameter description="Pagination token, which can be used to request a specific page&#xA;of `ListTransferRunsRequest` list results. For multiple-page&#xA;results, `ListTransferRunsResponse` outputs&#xA;a `next_page` token, which can be used as the&#xA;`page_token` value to request the next page of list results."
                                label="pageToken"
                                name="pageToken"
                                required="false"
                                testWith=""
                                type="string"/>
                     <parameter description="When specified, only transfer runs with requested states are returned. (Acceptable values are: &#34;TRANSFER_STATE_UNSPECIFIED&#34;, &#34;PENDING&#34;, &#34;RUNNING&#34;, &#34;SUCCEEDED&#34;, &#34;FAILED&#34;, &#34;CANCELLED&#34;)"
                                label="states"
                                name="states"
                                required="false"
                                testWith=""
                                type="string"/>
                     <parameter description="Page size. The default page size is the maximum value of 1000 results."
                                label="pageSize"
                                name="pageSize"
                                required="false"
                                testWith=""
                                type="int"/>
                     <parameter description="Indicates how run attempts are to be pulled. (Acceptable values are: &#34;RUN_ATTEMPT_UNSPECIFIED&#34;, &#34;LATEST&#34;)"
                                label="runAttempt"
                                name="runAttempt"
                                required="false"
                                testWith=""
                                type="string"/>
                  </input>
                  <binding>
                     <restSimpleBinding multiUsing="semicolonSeparated"
                                        url="https://{$hostName}/v1/{$SC__parentPathParam}/runs"
                                        verb="GET">
                        <httpHeaders>
                           <header name="Content-Type">application/json</header>
                           <header name="Accept">application/json</header>
                        </httpHeaders>
                     </restSimpleBinding>
                  </binding>
                  <output>
                     <field description=""
                            entireResponse="true"
                            name="ListTransferRunsResponse"
                            type="reference">
                        <options>
                           <option name="referenceTo">ListTransferRunsResponse</option>
                        </options>
                     </field>
                  </output>
               </action>
               <action category="transferConfigs"
                       failOnError="true"
                       forSearch="false"
                       label="V1TransferConfigsByParentPost"
                       maxRedirects="100"
                       name="V1TransferConfigsByParentPost"
                       preemptiveAuth="true"
                       responseEncoding="">
                  <description>CreateV1TransferConfigsByParent. Creates a new data transfer configuration.</description>
                  <input>
                     <parameter label="body"
                                name="body"
                                required="true"
                                testWith=""
                                type="reference">
                        <options>
                           <option name="referenceTo">TransferConfig</option>
                        </options>
                     </parameter>
                     <parameter description="Selector specifying which fields to include in a partial response."
                                label="fields"
                                name="fields"
                                required="false"
                                testWith=""
                                type="string"/>
                     <parameter description="Legacy upload protocol for media (e.g. &#34;media&#34;, &#34;multipart&#34;)."
                                label="uploadType"
                                name="uploadType"
                                required="false"
                                testWith=""
                                type="string"/>
                     <parameter description="JSONP"
                                label="callback"
                                name="callback"
                                required="false"
                                testWith=""
                                type="string"/>
                     <parameter description="OAuth 2.0 token for the current user."
                                label="oauth_token"
                                name="oauth_token"
                                required="false"
                                testWith=""
                                type="string"/>
                     <parameter description="V1 error format. (Acceptable values are: &#34;1&#34;, &#34;2&#34;)"
                                label="$.xgafv"
                                name="$.xgafv"
                                required="false"
                                testWith=""
                                type="string"/>
                     <parameter description="Data format for response. (Acceptable values are: &#34;json&#34;, &#34;media&#34;, &#34;proto&#34;)"
                                label="alt"
                                name="alt"
                                required="false"
                                testWith=""
                                type="string"/>
                     <parameter description="OAuth access token."
                                label="access_token"
                                name="access_token"
                                required="false"
                                testWith=""
                                type="string"/>
                     <parameter description="API key. Your API key identifies your project and provides you with API access, quota, and reports. Required unless you provide an OAuth 2.0 token."
                                label="key"
                                name="key"
                                required="false"
                                testWith=""
                                type="string"/>
                     <parameter description="Upload protocol for media (e.g. &#34;raw&#34;, &#34;multipart&#34;)."
                                label="upload_protocol"
                                name="upload_protocol"
                                required="false"
                                testWith=""
                                type="string"/>
                     <parameter description="Available to use for quota purposes for server-side applications. Can be any arbitrary string assigned to a user, but should not exceed 40 characters."
                                label="quotaUser"
                                name="quotaUser"
                                required="false"
                                testWith=""
                                type="string"/>
                     <parameter description="Returns response with indentations and line breaks."
                                label="prettyPrint"
                                name="prettyPrint"
                                required="false"
                                testWith=""
                                type="boolean"/>
                     <parameter description="Optional OAuth2 authorization code to use with this transfer configuration.&#xA;This is required if new credentials are needed, as indicated by&#xA;`CheckValidCreds`.&#xA;In order to obtain authorization_code, please make a&#xA;request to&#xA;https://www.gstatic.com/bigquerydatatransfer/oauthz/auth?client_id=&lt;datatransferapiclientid&gt;&amp;scope=&lt;data_source_scopes&gt;&amp;redirect_uri=&lt;redirect_uri&gt;&#xA;&#xA;* client_id should be OAuth client_id of BigQuery DTS API for the given&#xA;  data source returned by ListDataSources method.&#xA;* data_source_scopes are the scopes returned by ListDataSources method.&#xA;* redirect_uri is an optional parameter. If not specified, then&#xA;  authorization code is posted to the opener of authorization flow window.&#xA;  Otherwise it will be sent to the redirect uri. A special value of&#xA;  urn:ietf:wg:oauth:2.0:oob means that authorization code should be&#xA;  returned in the title bar of the browser, with the page text prompting&#xA;  the user to copy the code and paste it in the application."
                                label="authorizationCode"
                                name="authorizationCode"
                                required="false"
                                testWith=""
                                type="string"/>
                  </input>
                  <binding>
                     <restSimpleBinding multiUsing="semicolonSeparated"
                                        url="https://{$hostName}/v1/{$SC__parentPathParam}/transferConfigs"
                                        verb="POST">
                        <httpHeaders>
                           <header name="Content-Type">application/json</header>
                           <header name="Accept">application/json</header>
                        </httpHeaders>
                        <body generateUsing="UnwrappedJSON" preserveJsonStringFormatting="false"/>
                     </restSimpleBinding>
                  </binding>
                  <output>
                     <field description=""
                            entireResponse="true"
                            name="TransferConfig"
                            type="reference">
                        <options>
                           <option name="referenceTo">TransferConfig</option>
                        </options>
                     </field>
                  </output>
               </action>
               <action category="transferConfigs"
                       failOnError="true"
                       forSearch="false"
                       label="V1TransferConfigsByParentGet"
                       maxRedirects="100"
                       name="V1TransferConfigsByParentGet"
                       preemptiveAuth="true"
                       responseEncoding="">
                  <description>ListV1TransferConfigsByParent. Returns information about all data transfers in the project.</description>
                  <input>
                     <parameter description="Selector specifying which fields to include in a partial response."
                                label="fields"
                                name="fields"
                                required="false"
                                testWith=""
                                type="string"/>
                     <parameter description="Legacy upload protocol for media (e.g. &#34;media&#34;, &#34;multipart&#34;)."
                                label="uploadType"
                                name="uploadType"
                                required="false"
                                testWith=""
                                type="string"/>
                     <parameter description="JSONP"
                                label="callback"
                                name="callback"
                                required="false"
                                testWith=""
                                type="string"/>
                     <parameter description="OAuth 2.0 token for the current user."
                                label="oauth_token"
                                name="oauth_token"
                                required="false"
                                testWith=""
                                type="string"/>
                     <parameter description="V1 error format. (Acceptable values are: &#34;1&#34;, &#34;2&#34;)"
                                label="$.xgafv"
                                name="$.xgafv"
                                required="false"
                                testWith=""
                                type="string"/>
                     <parameter description="Data format for response. (Acceptable values are: &#34;json&#34;, &#34;media&#34;, &#34;proto&#34;)"
                                label="alt"
                                name="alt"
                                required="false"
                                testWith=""
                                type="string"/>
                     <parameter description="OAuth access token."
                                label="access_token"
                                name="access_token"
                                required="false"
                                testWith=""
                                type="string"/>
                     <parameter description="API key. Your API key identifies your project and provides you with API access, quota, and reports. Required unless you provide an OAuth 2.0 token."
                                label="key"
                                name="key"
                                required="false"
                                testWith=""
                                type="string"/>
                     <parameter description="Upload protocol for media (e.g. &#34;raw&#34;, &#34;multipart&#34;)."
                                label="upload_protocol"
                                name="upload_protocol"
                                required="false"
                                testWith=""
                                type="string"/>
                     <parameter description="Available to use for quota purposes for server-side applications. Can be any arbitrary string assigned to a user, but should not exceed 40 characters."
                                label="quotaUser"
                                name="quotaUser"
                                required="false"
                                testWith=""
                                type="string"/>
                     <parameter description="Returns response with indentations and line breaks."
                                label="prettyPrint"
                                name="prettyPrint"
                                required="false"
                                testWith=""
                                type="boolean"/>
                     <parameter description="Page size. The default page size is the maximum value of 1000 results."
                                label="pageSize"
                                name="pageSize"
                                required="false"
                                testWith=""
                                type="int"/>
                     <parameter description="When specified, only configurations of requested data sources are returned."
                                label="dataSourceIds"
                                name="dataSourceIds"
                                required="false"
                                testWith=""
                                type="string"/>
                     <parameter description="Pagination token, which can be used to request a specific page&#xA;of `ListTransfersRequest` list results. For multiple-page&#xA;results, `ListTransfersResponse` outputs&#xA;a `next_page` token, which can be used as the&#xA;`page_token` value to request the next page of list results."
                                label="pageToken"
                                name="pageToken"
                                required="false"
                                testWith=""
                                type="string"/>
                  </input>
                  <binding>
                     <restSimpleBinding multiUsing="semicolonSeparated"
                                        url="https://{$hostName}/v1/{$SC__parentPathParam}/transferConfigs"
                                        verb="GET">
                        <httpHeaders>
                           <header name="Content-Type">application/json</header>
                           <header name="Accept">application/json</header>
                        </httpHeaders>
                     </restSimpleBinding>
                  </binding>
                  <output>
                     <field description=""
                            entireResponse="true"
                            name="ListTransferConfigsResponse"
                            type="reference">
                        <options>
                           <option name="referenceTo">ListTransferConfigsResponse</option>
                        </options>
                     </field>
                  </output>
               </action>
               <action category="transferLogs"
                       failOnError="true"
                       forSearch="false"
                       label="V1TransferLogsByParentGet"
                       maxRedirects="100"
                       name="V1TransferLogsByParentGet"
                       preemptiveAuth="true"
                       responseEncoding="">
                  <description>ListV1TransferLogsByParent. Returns user facing log messages for the data transfer run.</description>
                  <input>
                     <parameter description="Selector specifying which fields to include in a partial response."
                                label="fields"
                                name="fields"
                                required="false"
                                testWith=""
                                type="string"/>
                     <parameter description="Legacy upload protocol for media (e.g. &#34;media&#34;, &#34;multipart&#34;)."
                                label="uploadType"
                                name="uploadType"
                                required="false"
                                testWith=""
                                type="string"/>
                     <parameter description="JSONP"
                                label="callback"
                                name="callback"
                                required="false"
                                testWith=""
                                type="string"/>
                     <parameter description="OAuth 2.0 token for the current user."
                                label="oauth_token"
                                name="oauth_token"
                                required="false"
                                testWith=""
                                type="string"/>
                     <parameter description="V1 error format. (Acceptable values are: &#34;1&#34;, &#34;2&#34;)"
                                label="$.xgafv"
                                name="$.xgafv"
                                required="false"
                                testWith=""
                                type="string"/>
                     <parameter description="Data format for response. (Acceptable values are: &#34;json&#34;, &#34;media&#34;, &#34;proto&#34;)"
                                label="alt"
                                name="alt"
                                required="false"
                                testWith=""
                                type="string"/>
                     <parameter description="OAuth access token."
                                label="access_token"
                                name="access_token"
                                required="false"
                                testWith=""
                                type="string"/>
                     <parameter description="API key. Your API key identifies your project and provides you with API access, quota, and reports. Required unless you provide an OAuth 2.0 token."
                                label="key"
                                name="key"
                                required="false"
                                testWith=""
                                type="string"/>
                     <parameter description="Upload protocol for media (e.g. &#34;raw&#34;, &#34;multipart&#34;)."
                                label="upload_protocol"
                                name="upload_protocol"
                                required="false"
                                testWith=""
                                type="string"/>
                     <parameter description="Available to use for quota purposes for server-side applications. Can be any arbitrary string assigned to a user, but should not exceed 40 characters."
                                label="quotaUser"
                                name="quotaUser"
                                required="false"
                                testWith=""
                                type="string"/>
                     <parameter description="Returns response with indentations and line breaks."
                                label="prettyPrint"
                                name="prettyPrint"
                                required="false"
                                testWith=""
                                type="boolean"/>
                     <parameter description="Pagination token, which can be used to request a specific page&#xA;of `ListTransferLogsRequest` list results. For multiple-page&#xA;results, `ListTransferLogsResponse` outputs&#xA;a `next_page` token, which can be used as the&#xA;`page_token` value to request the next page of list results."
                                label="pageToken"
                                name="pageToken"
                                required="false"
                                testWith=""
                                type="string"/>
                     <parameter description="Page size. The default page size is the maximum value of 1000 results."
                                label="pageSize"
                                name="pageSize"
                                required="false"
                                testWith=""
                                type="int"/>
                     <parameter description="Message types to return. If not populated - INFO, WARNING and ERROR&#xA;messages are returned. (Acceptable values are: &#34;MESSAGE_SEVERITY_UNSPECIFIED&#34;, &#34;INFO&#34;, &#34;WARNING&#34;, &#34;ERROR&#34;)"
                                label="messageTypes"
                                name="messageTypes"
                                required="false"
                                testWith=""
                                type="string"/>
                  </input>
                  <binding>
                     <restSimpleBinding multiUsing="semicolonSeparated"
                                        url="https://{$hostName}/v1/{$SC__parentPathParam}/transferLogs"
                                        verb="GET">
                        <httpHeaders>
                           <header name="Content-Type">application/json</header>
                           <header name="Accept">application/json</header>
                        </httpHeaders>
                     </restSimpleBinding>
                  </binding>
                  <output>
                     <field description=""
                            entireResponse="true"
                            name="ListTransferLogsResponse"
                            type="reference">
                        <options>
                           <option name="referenceTo">ListTransferLogsResponse</option>
                        </options>
                     </field>
                  </output>
               </action>
               <action category="dataSources"
                       failOnError="true"
                       forSearch="false"
                       label="V1DataSourcesByParentGet"
                       maxRedirects="100"
                       name="V1DataSourcesByParentGet"
                       preemptiveAuth="true"
                       responseEncoding="">
                  <description>ListV1DataSourcesByParent. Lists supported data sources and returns their settings, which can be used for UI rendering.</description>
                  <input>
                     <parameter description="Selector specifying which fields to include in a partial response."
                                label="fields"
                                name="fields"
                                required="false"
                                testWith=""
                                type="string"/>
                     <parameter description="Legacy upload protocol for media (e.g. &#34;media&#34;, &#34;multipart&#34;)."
                                label="uploadType"
                                name="uploadType"
                                required="false"
                                testWith=""
                                type="string"/>
                     <parameter description="JSONP"
                                label="callback"
                                name="callback"
                                required="false"
                                testWith=""
                                type="string"/>
                     <parameter description="OAuth 2.0 token for the current user."
                                label="oauth_token"
                                name="oauth_token"
                                required="false"
                                testWith=""
                                type="string"/>
                     <parameter description="V1 error format. (Acceptable values are: &#34;1&#34;, &#34;2&#34;)"
                                label="$.xgafv"
                                name="$.xgafv"
                                required="false"
                                testWith=""
                                type="string"/>
                     <parameter description="Data format for response. (Acceptable values are: &#34;json&#34;, &#34;media&#34;, &#34;proto&#34;)"
                                label="alt"
                                name="alt"
                                required="false"
                                testWith=""
                                type="string"/>
                     <parameter description="OAuth access token."
                                label="access_token"
                                name="access_token"
                                required="false"
                                testWith=""
                                type="string"/>
                     <parameter description="API key. Your API key identifies your project and provides you with API access, quota, and reports. Required unless you provide an OAuth 2.0 token."
                                label="key"
                                name="key"
                                required="false"
                                testWith=""
                                type="string"/>
                     <parameter description="Upload protocol for media (e.g. &#34;raw&#34;, &#34;multipart&#34;)."
                                label="upload_protocol"
                                name="upload_protocol"
                                required="false"
                                testWith=""
                                type="string"/>
                     <parameter description="Available to use for quota purposes for server-side applications. Can be any arbitrary string assigned to a user, but should not exceed 40 characters."
                                label="quotaUser"
                                name="quotaUser"
                                required="false"
                                testWith=""
                                type="string"/>
                     <parameter description="Returns response with indentations and line breaks."
                                label="prettyPrint"
                                name="prettyPrint"
                                required="false"
                                testWith=""
                                type="boolean"/>
                     <parameter description="Page size. The default page size is the maximum value of 1000 results."
                                label="pageSize"
                                name="pageSize"
                                required="false"
                                testWith=""
                                type="int"/>
                     <parameter description="Pagination token, which can be used to request a specific page&#xA;of `ListDataSourcesRequest` list results. For multiple-page&#xA;results, `ListDataSourcesResponse` outputs&#xA;a `next_page` token, which can be used as the&#xA;`page_token` value to request the next page of list results."
                                label="pageToken"
                                name="pageToken"
                                required="false"
                                testWith=""
                                type="string"/>
                  </input>
                  <binding>
                     <restSimpleBinding multiUsing="semicolonSeparated"
                                        url="https://{$hostName}/v1/{$SC__parentPathParam}/dataSources"
                                        verb="GET">
                        <httpHeaders>
                           <header name="Content-Type">application/json</header>
                           <header name="Accept">application/json</header>
                        </httpHeaders>
                     </restSimpleBinding>
                  </binding>
                  <output>
                     <field description=""
                            entireResponse="true"
                            name="ListDataSourcesResponse"
                            type="reference">
                        <options>
                           <option name="referenceTo">ListDataSourcesResponse</option>
                        </options>
                     </field>
                  </output>
               </action>
               <action category="transferConfigs"
                       failOnError="true"
                       forSearch="false"
                       label="V1ScheduleRunsByParentPost"
                       maxRedirects="100"
                       name="V1ScheduleRunsByParentPost"
                       preemptiveAuth="true"
                       responseEncoding="">
                  <description>ScheduleRunsV1ScheduleRunsByParent. Creates transfer runs for a time range [start_time, end_time]. For each date - or whatever granularity the data source supports - in the range, one transfer run is created. Note that runs are created per UTC time in the time range.</description>
                  <input>
                     <parameter label="body"
                                name="body"
                                required="true"
                                testWith=""
                                type="reference">
                        <options>
                           <option name="referenceTo">ScheduleTransferRunsRequest</option>
                        </options>
                     </parameter>
                     <parameter description="Selector specifying which fields to include in a partial response."
                                label="fields"
                                name="fields"
                                required="false"
                                testWith=""
                                type="string"/>
                     <parameter description="Legacy upload protocol for media (e.g. &#34;media&#34;, &#34;multipart&#34;)."
                                label="uploadType"
                                name="uploadType"
                                required="false"
                                testWith=""
                                type="string"/>
                     <parameter description="JSONP"
                                label="callback"
                                name="callback"
                                required="false"
                                testWith=""
                                type="string"/>
                     <parameter description="OAuth 2.0 token for the current user."
                                label="oauth_token"
                                name="oauth_token"
                                required="false"
                                testWith=""
                                type="string"/>
                     <parameter description="V1 error format. (Acceptable values are: &#34;1&#34;, &#34;2&#34;)"
                                label="$.xgafv"
                                name="$.xgafv"
                                required="false"
                                testWith=""
                                type="string"/>
                     <parameter description="Data format for response. (Acceptable values are: &#34;json&#34;, &#34;media&#34;, &#34;proto&#34;)"
                                label="alt"
                                name="alt"
                                required="false"
                                testWith=""
                                type="string"/>
                     <parameter description="OAuth access token."
                                label="access_token"
                                name="access_token"
                                required="false"
                                testWith=""
                                type="string"/>
                     <parameter description="API key. Your API key identifies your project and provides you with API access, quota, and reports. Required unless you provide an OAuth 2.0 token."
                                label="key"
                                name="key"
                                required="false"
                                testWith=""
                                type="string"/>
                     <parameter description="Upload protocol for media (e.g. &#34;raw&#34;, &#34;multipart&#34;)."
                                label="upload_protocol"
                                name="upload_protocol"
                                required="false"
                                testWith=""
                                type="string"/>
                     <parameter description="Available to use for quota purposes for server-side applications. Can be any arbitrary string assigned to a user, but should not exceed 40 characters."
                                label="quotaUser"
                                name="quotaUser"
                                required="false"
                                testWith=""
                                type="string"/>
                     <parameter description="Returns response with indentations and line breaks."
                                label="prettyPrint"
                                name="prettyPrint"
                                required="false"
                                testWith=""
                                type="boolean"/>
                  </input>
                  <binding>
                     <restSimpleBinding multiUsing="semicolonSeparated"
                                        url="https://{$hostName}/v1/{$SC__parentPathParam}:scheduleRuns"
                                        verb="POST">
                        <httpHeaders>
                           <header name="Content-Type">application/json</header>
                           <header name="Accept">application/json</header>
                        </httpHeaders>
                        <body generateUsing="UnwrappedJSON" preserveJsonStringFormatting="false"/>
                     </restSimpleBinding>
                  </binding>
                  <output>
                     <field description=""
                            entireResponse="true"
                            name="ScheduleTransferRunsResponse"
                            type="reference">
                        <options>
                           <option name="referenceTo">ScheduleTransferRunsResponse</option>
                        </options>
                     </field>
                  </output>
               </action>
               <action category="transferConfigs"
                       failOnError="true"
                       forSearch="false"
                       label="V1ByNamePatch"
                       maxRedirects="100"
                       name="V1ByNamePatch"
                       preemptiveAuth="true"
                       responseEncoding="">
                  <description>PatchV1ByName. Updates a data transfer configuration. All fields must be set, even if they are not updated.</description>
                  <input>
                     <parameter label="body"
                                name="body"
                                required="true"
                                testWith=""
                                type="reference">
                        <options>
                           <option name="referenceTo">TransferConfig</option>
                        </options>
                     </parameter>
                     <parameter description="Selector specifying which fields to include in a partial response."
                                label="fields"
                                name="fields"
                                required="false"
                                testWith=""
                                type="string"/>
                     <parameter description="Legacy upload protocol for media (e.g. &#34;media&#34;, &#34;multipart&#34;)."
                                label="uploadType"
                                name="uploadType"
                                required="false"
                                testWith=""
                                type="string"/>
                     <parameter description="JSONP"
                                label="callback"
                                name="callback"
                                required="false"
                                testWith=""
                                type="string"/>
                     <parameter description="OAuth 2.0 token for the current user."
                                label="oauth_token"
                                name="oauth_token"
                                required="false"
                                testWith=""
                                type="string"/>
                     <parameter description="V1 error format. (Acceptable values are: &#34;1&#34;, &#34;2&#34;)"
                                label="$.xgafv"
                                name="$.xgafv"
                                required="false"
                                testWith=""
                                type="string"/>
                     <parameter description="Data format for response. (Acceptable values are: &#34;json&#34;, &#34;media&#34;, &#34;proto&#34;)"
                                label="alt"
                                name="alt"
                                required="false"
                                testWith=""
                                type="string"/>
                     <parameter description="OAuth access token."
                                label="access_token"
                                name="access_token"
                                required="false"
                                testWith=""
                                type="string"/>
                     <parameter description="API key. Your API key identifies your project and provides you with API access, quota, and reports. Required unless you provide an OAuth 2.0 token."
                                label="key"
                                name="key"
                                required="false"
                                testWith=""
                                type="string"/>
                     <parameter description="Upload protocol for media (e.g. &#34;raw&#34;, &#34;multipart&#34;)."
                                label="upload_protocol"
                                name="upload_protocol"
                                required="false"
                                testWith=""
                                type="string"/>
                     <parameter description="Available to use for quota purposes for server-side applications. Can be any arbitrary string assigned to a user, but should not exceed 40 characters."
                                label="quotaUser"
                                name="quotaUser"
                                required="false"
                                testWith=""
                                type="string"/>
                     <parameter description="Returns response with indentations and line breaks."
                                label="prettyPrint"
                                name="prettyPrint"
                                required="false"
                                testWith=""
                                type="boolean"/>
                     <parameter description="Required list of fields to be updated in this request."
                                label="updateMask"
                                name="updateMask"
                                required="false"
                                testWith=""
                                type="string"/>
                     <parameter description="Optional OAuth2 authorization code to use with this transfer configuration.&#xA;If it is provided, the transfer configuration will be associated with the&#xA;authorizing user.&#xA;In order to obtain authorization_code, please make a&#xA;request to&#xA;https://www.gstatic.com/bigquerydatatransfer/oauthz/auth?client_id=&lt;datatransferapiclientid&gt;&amp;scope=&lt;data_source_scopes&gt;&amp;redirect_uri=&lt;redirect_uri&gt;&#xA;&#xA;* client_id should be OAuth client_id of BigQuery DTS API for the given&#xA;  data source returned by ListDataSources method.&#xA;* data_source_scopes are the scopes returned by ListDataSources method.&#xA;* redirect_uri is an optional parameter. If not specified, then&#xA;  authorization code is posted to the opener of authorization flow window.&#xA;  Otherwise it will be sent to the redirect uri. A special value of&#xA;  urn:ietf:wg:oauth:2.0:oob means that authorization code should be&#xA;  returned in the title bar of the browser, with the page text prompting&#xA;  the user to copy the code and paste it in the application."
                                label="authorizationCode"
                                name="authorizationCode"
                                required="false"
                                testWith=""
                                type="string"/>
                  </input>
                  <binding>
                     <restSimpleBinding multiUsing="semicolonSeparated"
                                        url="https://{$hostName}/v1/{$SC__namePathParam}"
                                        verb="PATCH">
                        <httpHeaders>
                           <header name="Content-Type">application/json</header>
                           <header name="Accept">application/json</header>
                        </httpHeaders>
                        <body generateUsing="UnwrappedJSON" preserveJsonStringFormatting="false"/>
                     </restSimpleBinding>
                  </binding>
                  <output>
                     <field description=""
                            entireResponse="true"
                            name="TransferConfig"
                            type="reference">
                        <options>
                           <option name="referenceTo">TransferConfig</option>
                        </options>
                     </field>
                  </output>
               </action>
               <action category="dataSources"
                       failOnError="true"
                       forSearch="false"
                       label="V1ByNameGet"
                       maxRedirects="100"
                       name="V1ByNameGet"
                       preemptiveAuth="true"
                       responseEncoding="">
                  <description>GetV1ByName. Retrieves a supported data source and returns its settings, which can be used for UI rendering.</description>
                  <input>
                     <parameter description="Selector specifying which fields to include in a partial response."
                                label="fields"
                                name="fields"
                                required="false"
                                testWith=""
                                type="string"/>
                     <parameter description="Legacy upload protocol for media (e.g. &#34;media&#34;, &#34;multipart&#34;)."
                                label="uploadType"
                                name="uploadType"
                                required="false"
                                testWith=""
                                type="string"/>
                     <parameter description="JSONP"
                                label="callback"
                                name="callback"
                                required="false"
                                testWith=""
                                type="string"/>
                     <parameter description="OAuth 2.0 token for the current user."
                                label="oauth_token"
                                name="oauth_token"
                                required="false"
                                testWith=""
                                type="string"/>
                     <parameter description="V1 error format. (Acceptable values are: &#34;1&#34;, &#34;2&#34;)"
                                label="$.xgafv"
                                name="$.xgafv"
                                required="false"
                                testWith=""
                                type="string"/>
                     <parameter description="Data format for response. (Acceptable values are: &#34;json&#34;, &#34;media&#34;, &#34;proto&#34;)"
                                label="alt"
                                name="alt"
                                required="false"
                                testWith=""
                                type="string"/>
                     <parameter description="OAuth access token."
                                label="access_token"
                                name="access_token"
                                required="false"
                                testWith=""
                                type="string"/>
                     <parameter description="API key. Your API key identifies your project and provides you with API access, quota, and reports. Required unless you provide an OAuth 2.0 token."
                                label="key"
                                name="key"
                                required="false"
                                testWith=""
                                type="string"/>
                     <parameter description="Upload protocol for media (e.g. &#34;raw&#34;, &#34;multipart&#34;)."
                                label="upload_protocol"
                                name="upload_protocol"
                                required="false"
                                testWith=""
                                type="string"/>
                     <parameter description="Available to use for quota purposes for server-side applications. Can be any arbitrary string assigned to a user, but should not exceed 40 characters."
                                label="quotaUser"
                                name="quotaUser"
                                required="false"
                                testWith=""
                                type="string"/>
                     <parameter description="Returns response with indentations and line breaks."
                                label="prettyPrint"
                                name="prettyPrint"
                                required="false"
                                testWith=""
                                type="boolean"/>
                  </input>
                  <binding>
                     <restSimpleBinding multiUsing="semicolonSeparated"
                                        url="https://{$hostName}/v1/{$SC__namePathParam}"
                                        verb="GET">
                        <httpHeaders>
                           <header name="Content-Type">application/json</header>
                           <header name="Accept">application/json</header>
                        </httpHeaders>
                     </restSimpleBinding>
                  </binding>
                  <output>
                     <field description=""
                            entireResponse="true"
                            name="DataSource"
                            type="reference">
                        <options>
                           <option name="referenceTo">DataSource</option>
                        </options>
                     </field>
                  </output>
               </action>
               <action category="runs"
                       failOnError="true"
                       forSearch="false"
                       label="V1ByNameDelete"
                       maxRedirects="100"
                       name="V1ByNameDelete"
                       preemptiveAuth="true"
                       responseEncoding="">
                  <description>DeleteV1ByName. Deletes the specified transfer run.</description>
                  <input>
                     <parameter description="Selector specifying which fields to include in a partial response."
                                label="fields"
                                name="fields"
                                required="false"
                                testWith=""
                                type="string"/>
                     <parameter description="Legacy upload protocol for media (e.g. &#34;media&#34;, &#34;multipart&#34;)."
                                label="uploadType"
                                name="uploadType"
                                required="false"
                                testWith=""
                                type="string"/>
                     <parameter description="JSONP"
                                label="callback"
                                name="callback"
                                required="false"
                                testWith=""
                                type="string"/>
                     <parameter description="OAuth 2.0 token for the current user."
                                label="oauth_token"
                                name="oauth_token"
                                required="false"
                                testWith=""
                                type="string"/>
                     <parameter description="V1 error format. (Acceptable values are: &#34;1&#34;, &#34;2&#34;)"
                                label="$.xgafv"
                                name="$.xgafv"
                                required="false"
                                testWith=""
                                type="string"/>
                     <parameter description="Data format for response. (Acceptable values are: &#34;json&#34;, &#34;media&#34;, &#34;proto&#34;)"
                                label="alt"
                                name="alt"
                                required="false"
                                testWith=""
                                type="string"/>
                     <parameter description="OAuth access token."
                                label="access_token"
                                name="access_token"
                                required="false"
                                testWith=""
                                type="string"/>
                     <parameter description="API key. Your API key identifies your project and provides you with API access, quota, and reports. Required unless you provide an OAuth 2.0 token."
                                label="key"
                                name="key"
                                required="false"
                                testWith=""
                                type="string"/>
                     <parameter description="Upload protocol for media (e.g. &#34;raw&#34;, &#34;multipart&#34;)."
                                label="upload_protocol"
                                name="upload_protocol"
                                required="false"
                                testWith=""
                                type="string"/>
                     <parameter description="Available to use for quota purposes for server-side applications. Can be any arbitrary string assigned to a user, but should not exceed 40 characters."
                                label="quotaUser"
                                name="quotaUser"
                                required="false"
                                testWith=""
                                type="string"/>
                     <parameter description="Returns response with indentations and line breaks."
                                label="prettyPrint"
                                name="prettyPrint"
                                required="false"
                                testWith=""
                                type="boolean"/>
                  </input>
                  <binding>
                     <restSimpleBinding multiUsing="semicolonSeparated"
                                        url="https://{$hostName}/v1/{$SC__namePathParam}"
                                        verb="DELETE">
                        <httpHeaders>
                           <header name="Content-Type">application/json</header>
                           <header name="Accept">application/json</header>
                        </httpHeaders>
                     </restSimpleBinding>
                  </binding>
                  <output/>
               </action>
            </actions>
            <objects>
               <processObject xmlns="http://schemas.active-endpoints.com/appmodules/screenflow/2011/06/avosHostEnvironment.xsd"
                              isByCopy="true"
                              name="Status">
                  <description>The `Status` type defines a logical error model that is suitable for different
programming environments, including REST APIs and RPC APIs. It is used by
[gRPC](https://github.com/grpc). The error model is designed to be:

- Simple to use and understand for most users
- Flexible enough to meet unexpected needs

# Overview

The `Status` message contains three pieces of data: error code, error message,
and error details. The error code should be an enum value of
google.rpc.Code, but it may accept additional error codes if needed.  The
error message should be a developer-facing English message that helps
developers *understand* and *resolve* the error. If a localized user-facing
error message is needed, put the localized message in the error details or
localize it in the client. The optional error details may contain arbitrary
information about the error. There is a predefined set of error detail types
in the package `google.rpc` that can be used for common error conditions.

# Language mapping

The `Status` message is the logical representation of the error model, but it
is not necessarily the actual wire format. When the `Status` message is
exposed in different client libraries and different wire protocols, it can be
mapped differently. For example, it will likely be mapped to some exceptions
in Java, but more likely mapped to some error codes in C.

# Other uses

The error model and the `Status` message can be used in a variety of
environments, either with or without APIs, to provide a
consistent developer experience across different environments.

Example uses of this error model include:

- Partial errors. If a service needs to return partial errors to the client,
    it may embed the `Status` in the normal response to indicate the partial
    errors.

- Workflow errors. A typical workflow has multiple steps. Each step may
    have a `Status` message for error reporting.

- Batch operations. If a client uses batch request and batch response, the
    `Status` message should be used directly inside batch response, one for
    each error sub-response.

- Asynchronous operations. If an API call embeds asynchronous operation
    results in its response, the status of those operations should be
    represented directly using the `Status` message.

- Logging. If some API errors are stored in logs, the message `Status` could
    be used directly after any stripping needed for security/privacy reasons.</description>
                  <detail>
                     <field name="code" type="int"/>
                     <field name="details" type="object"/>
                     <field name="message" type="string"/>
                  </detail>
               </processObject>
               <processObject xmlns="http://schemas.active-endpoints.com/appmodules/screenflow/2011/06/avosHostEnvironment.xsd"
                              isByCopy="true"
                              name="ListLocationsResponse">
                  <description>The response message for Locations.ListLocations.</description>
                  <detail>
                     <field name="nextPageToken" type="string"/>
                     <field name="locations" type="objectlist">
                        <options>
                           <option name="referenceTo">Location</option>
                           <option name="relationshipName">Child</option>
                        </options>
                     </field>
                  </detail>
               </processObject>
               <processObject xmlns="http://schemas.active-endpoints.com/appmodules/screenflow/2011/06/avosHostEnvironment.xsd"
                              isByCopy="true"
                              name="ListTransferLogsResponse">
                  <description>The returned list transfer run messages.</description>
                  <detail>
                     <field name="transferMessages" type="objectlist">
                        <options>
                           <option name="referenceTo">TransferMessage</option>
                           <option name="relationshipName">Child</option>
                        </options>
                     </field>
                     <field name="nextPageToken" type="string"/>
                  </detail>
               </processObject>
               <processObject xmlns="http://schemas.active-endpoints.com/appmodules/screenflow/2011/06/avosHostEnvironment.xsd"
                              isByCopy="true"
                              name="DataSourceParameter">
                  <description>Represents a data source parameter with validation rules, so that
parameters can be rendered in the UI. These parameters are given to us by
supported data sources, and include all needed information for rendering
and validation.
Thus, whoever uses this api can decide to generate either generic ui,
or custom data source specific forms.</description>
                  <detail>
                     <field name="allowedValues" type="objectlist">
                        <options>
                           <option name="referenceTo">string</option>
                           <option name="relationshipName">Child</option>
                        </options>
                     </field>
                     <field name="maxValue" type="double"/>
                     <field name="displayName" type="string"/>
                     <field name="description" type="string"/>
                     <field name="type" type="reference">
                        <options>
                           <option name="referenceTo">Type</option>
                           <option name="relationshipName">Child</option>
                        </options>
                     </field>
                     <field name="repeated" type="boolean"/>
                     <field name="required" type="boolean"/>
                     <field name="validationDescription" type="string"/>
                     <field name="minValue" type="double"/>
                     <field name="immutable" type="boolean"/>
                     <field name="validationHelpUrl" type="string"/>
                     <field name="recurse" type="boolean"/>
                     <field name="fields" type="objectlist">
                        <options>
                           <option name="referenceTo">DataSourceParameter</option>
                           <option name="relationshipName">Child</option>
                        </options>
                     </field>
                     <field name="paramId" type="string"/>
                     <field name="validationRegex" type="string"/>
                  </detail>
               </processObject>
               <processObject xmlns="http://schemas.active-endpoints.com/appmodules/screenflow/2011/06/avosHostEnvironment.xsd"
                              isByCopy="true"
                              name="Severity">
                  <description>Message severity.</description>
                  <detail/>
               </processObject>
               <processObject xmlns="http://schemas.active-endpoints.com/appmodules/screenflow/2011/06/avosHostEnvironment.xsd"
                              isByCopy="true"
                              name="CheckValidCredsResponse">
                  <description>A response indicating whether the credentials exist and are valid.</description>
                  <detail>
                     <field name="hasValidCreds" type="boolean"/>
                  </detail>
               </processObject>
               <processObject xmlns="http://schemas.active-endpoints.com/appmodules/screenflow/2011/06/avosHostEnvironment.xsd"
                              isByCopy="true"
                              name="TransferRun">
                  <description>Represents a data transfer run.</description>
                  <detail>
                     <field name="scheduleTime" type="string"/>
                     <field name="destinationDatasetId" type="string"/>
                     <field name="updateTime" type="string"/>
                     <field name="params" type="object"/>
                     <field name="userId" type="string"/>
                     <field name="schedule" type="string"/>
                     <field name="dataSourceId" type="string"/>
                     <field name="name" type="string"/>
                     <field name="errorStatus" type="object"/>
                     <field name="startTime" type="string"/>
                     <field name="state" type="reference">
                        <options>
                           <option name="referenceTo">State</option>
                           <option name="relationshipName">Child</option>
                        </options>
                     </field>
                     <field name="endTime" type="string"/>
                     <field name="runTime" type="string"/>
                  </detail>
               </processObject>
               <processObject xmlns="http://schemas.active-endpoints.com/appmodules/screenflow/2011/06/avosHostEnvironment.xsd"
                              isByCopy="true"
                              name="TransferType">
                  <description>Deprecated. This field has no effect.</description>
                  <detail/>
               </processObject>
               <processObject xmlns="http://schemas.active-endpoints.com/appmodules/screenflow/2011/06/avosHostEnvironment.xsd"
                              isByCopy="true"
                              name="ListTransferConfigsResponse">
                  <description>The returned list of pipelines in the project.</description>
                  <detail>
                     <field name="nextPageToken" type="string"/>
                     <field name="transferConfigs" type="objectlist">
                        <options>
                           <option name="referenceTo">TransferConfig</option>
                           <option name="relationshipName">Child</option>
                        </options>
                     </field>
                  </detail>
               </processObject>
               <processObject xmlns="http://schemas.active-endpoints.com/appmodules/screenflow/2011/06/avosHostEnvironment.xsd"
                              isByCopy="true"
                              name="DataSource">
                  <description>Represents data source metadata. Metadata is sufficient to
render UI and request proper OAuth tokens.</description>
                  <detail>
                     <field name="clientId" type="string"/>
                     <field name="minimumScheduleInterval" type="string"/>
                     <field name="displayName" type="string"/>
                     <field name="defaultSchedule" type="string"/>
                     <field name="helpUrl" type="string"/>
                     <field name="description" type="string"/>
                     <field name="dataRefreshType" type="reference">
                        <options>
                           <option name="referenceTo">DataRefreshType</option>
                           <option name="relationshipName">Child</option>
                        </options>
                     </field>
                     <field name="dataSourceId" type="string"/>
                     <field name="manualRunsDisabled" type="boolean"/>
                     <field name="supportsCustomSchedule" type="boolean"/>
                     <field name="supportsMultipleTransfers" type="boolean"/>
                     <field name="name" type="string"/>
                     <field name="transferType" type="reference">
                        <options>
                           <option name="referenceTo">TransferType</option>
                           <option name="relationshipName">Child</option>
                        </options>
                     </field>
                     <field name="authorizationType" type="reference">
                        <options>
                           <option name="referenceTo">AuthorizationType</option>
                           <option name="relationshipName">Child</option>
                        </options>
                     </field>
                     <field name="defaultDataRefreshWindowDays" type="int"/>
                     <field name="scopes" type="objectlist">
                        <options>
                           <option name="referenceTo">string</option>
                           <option name="relationshipName">Child</option>
                        </options>
                     </field>
                     <field name="parameters" type="object"/>
                     <field name="updateDeadlineSeconds" type="int"/>
                  </detail>
               </processObject>
               <processObject xmlns="http://schemas.active-endpoints.com/appmodules/screenflow/2011/06/avosHostEnvironment.xsd"
                              isByCopy="true"
                              name="DataRefreshType">
                  <description>Specifies whether the data source supports automatic data refresh for the
past few days, and how it's supported.
For some data sources, data might not be complete until a few days later,
so it's useful to refresh data automatically.</description>
                  <detail/>
               </processObject>
               <processObject xmlns="http://schemas.active-endpoints.com/appmodules/screenflow/2011/06/avosHostEnvironment.xsd"
                              isByCopy="true"
                              name="State1">
                  <description>Output only. State of the most recently updated transfer run.</description>
                  <detail/>
               </processObject>
               <processObject xmlns="http://schemas.active-endpoints.com/appmodules/screenflow/2011/06/avosHostEnvironment.xsd"
                              isByCopy="true"
                              name="Type">
                  <description>Parameter type.</description>
                  <detail/>
               </processObject>
               <processObject xmlns="http://schemas.active-endpoints.com/appmodules/screenflow/2011/06/avosHostEnvironment.xsd"
                              isByCopy="true"
                              name="State">
                  <description>Data transfer run state. Ignored for input requests.</description>
                  <detail/>
               </processObject>
               <processObject xmlns="http://schemas.active-endpoints.com/appmodules/screenflow/2011/06/avosHostEnvironment.xsd"
                              isByCopy="true"
                              name="ListTransferRunsResponse">
                  <description>The returned list of pipelines in the project.</description>
                  <detail>
                     <field name="nextPageToken" type="string"/>
                     <field name="transferRuns" type="objectlist">
                        <options>
                           <option name="referenceTo">TransferRun</option>
                           <option name="relationshipName">Child</option>
                        </options>
                     </field>
                  </detail>
               </processObject>
               <processObject xmlns="http://schemas.active-endpoints.com/appmodules/screenflow/2011/06/avosHostEnvironment.xsd"
                              isByCopy="true"
                              name="ScheduleTransferRunsRequest">
                  <description>A request to schedule transfer runs for a time range.</description>
                  <detail>
                     <field name="startTime" type="string"/>
                     <field name="endTime" type="string"/>
                  </detail>
               </processObject>
               <processObject xmlns="http://schemas.active-endpoints.com/appmodules/screenflow/2011/06/avosHostEnvironment.xsd"
                              isByCopy="true"
                              name="TransferMessage">
                  <description>Represents a user facing message for a particular data transfer run.</description>
                  <detail>
                     <field name="severity" type="reference">
                        <options>
                           <option name="referenceTo">Severity</option>
                           <option name="relationshipName">Child</option>
                        </options>
                     </field>
                     <field name="messageTime" type="string"/>
                     <field name="messageText" type="string"/>
                  </detail>
               </processObject>
               <processObject xmlns="http://schemas.active-endpoints.com/appmodules/screenflow/2011/06/avosHostEnvironment.xsd"
                              isByCopy="true"
                              name="TransferConfig">
                  <description>Represents a data transfer configuration. A transfer configuration
contains all metadata needed to perform a data transfer. For example,
`destination_dataset_id` specifies where data should be stored.
When a new transfer configuration is created, the specified
`destination_dataset_id` is created when needed and shared with the
appropriate data source service account.</description>
                  <detail>
                     <field name="destinationDatasetId" type="string"/>
                     <field name="displayName" type="string"/>
                     <field name="updateTime" type="string"/>
                     <field name="datasetRegion" type="string"/>
                     <field name="params" type="object"/>
                     <field name="userId" type="string"/>
                     <field name="dataRefreshWindowDays" type="int"/>
                     <field name="schedule" type="string"/>
                     <field name="dataSourceId" type="string"/>
                     <field name="nextRunTime" type="string"/>
                     <field name="name" type="string"/>
                     <field name="disabled" type="boolean"/>
                     <field name="state" type="reference">
                        <options>
                           <option name="referenceTo">State1</option>
                           <option name="relationshipName">Child</option>
                        </options>
                     </field>
                  </detail>
               </processObject>
               <processObject xmlns="http://schemas.active-endpoints.com/appmodules/screenflow/2011/06/avosHostEnvironment.xsd"
                              isByCopy="true"
                              name="ListDataSourcesResponse">
                  <description>Returns list of supported data sources and their metadata.</description>
                  <detail>
                     <field name="nextPageToken" type="string"/>
                     <field name="dataSources" type="objectlist">
                        <options>
                           <option name="referenceTo">DataSource</option>
                           <option name="relationshipName">Child</option>
                        </options>
                     </field>
                  </detail>
               </processObject>
               <processObject xmlns="http://schemas.active-endpoints.com/appmodules/screenflow/2011/06/avosHostEnvironment.xsd"
                              isByCopy="true"
                              name="AuthorizationType">
                  <description>Indicates the type of authorization.</description>
                  <detail/>
               </processObject>
               <processObject xmlns="http://schemas.active-endpoints.com/appmodules/screenflow/2011/06/avosHostEnvironment.xsd"
                              isByCopy="true"
                              name="ScheduleTransferRunsResponse">
                  <description>A response to schedule transfer runs for a time range.</description>
                  <detail>
                     <field name="runs" type="objectlist">
                        <options>
                           <option name="referenceTo">TransferRun</option>
                           <option name="relationshipName">Child</option>
                        </options>
                     </field>
                  </detail>
               </processObject>
               <processObject xmlns="http://schemas.active-endpoints.com/appmodules/screenflow/2011/06/avosHostEnvironment.xsd"
                              isByCopy="true"
                              name="Location">
                  <description>A resource that represents Google Cloud Platform location.</description>
                  <detail>
                     <field name="metadata" type="object"/>
                     <field name="displayName" type="string"/>
                     <field name="locationId" type="string"/>
                     <field name="name" type="string"/>
                     <field name="labels" type="object"/>
                  </detail>
               </processObject>
               <processObject xmlns="http://schemas.active-endpoints.com/appmodules/screenflow/2011/06/avosHostEnvironment.xsd"
                              isByCopy="true"
                              name="string">
                  <description/>
                  <detail>
                     <field name="string" type="string"/>
                  </detail>
               </processObject>
               <processObject xmlns="http://schemas.active-endpoints.com/appmodules/screenflow/2011/06/avosHostEnvironment.xsd"
                              isByCopy="true"
                              name="boolean">
                  <description/>
                  <detail>
                     <field name="boolean" type="boolean"/>
                  </detail>
               </processObject>
               <processObject xmlns="http://schemas.active-endpoints.com/appmodules/screenflow/2011/06/avosHostEnvironment.xsd"
                              isByCopy="true"
                              name="double">
                  <description/>
                  <detail>
                     <field name="double" type="double"/>
                  </detail>
               </processObject>
               <processObject xmlns="http://schemas.active-endpoints.com/appmodules/screenflow/2011/06/avosHostEnvironment.xsd"
                              isByCopy="true"
                              name="integer">
                  <description/>
                  <detail>
                     <field name="integer" type="int"/>
                  </detail>
               </processObject>
            </objects>
         </businessConnector>
      </types1:Entry>
      <types1:GUID>9jLfJpZi35aioLdrs69zoC</types1:GUID>
      <types1:DisplayName>Google BigQuery Data Transfer API v1</types1:DisplayName>
   </types1:Item>
   <types1:CurrentServerDateTime>2019-02-24T05:36:12.998Z</types1:CurrentServerDateTime>
</aetgt:getResponse>
