{
   "exportedObjects": [
      {
         "objectGuid": "almpU5d486xjg3tXw87BET",
         "objectName": "Shared assets",
         "objectType": "Project",
         "path": "/Explore",
         "metadata": {
            "additionalInfo": {
               "contentType": "Binary",
               "description": "This Project contains shared assets",
               "documentState": "COMPLETE"
            },
            "contextAttributes": [],
            "modelVersion": {
               "major": 0,
               "minor": 0
            },
            "objectRefs": [],
            "repoInfo": null
         }
      },
      {
         "objectGuid": "00m3cKr9AGOjGY55vZSASH",
         "objectName": "Service Connectors",
         "objectType": "Folder",
         "path": "/Explore/Shared assets",
         "metadata": {
            "additionalInfo": {
               "contentType": "Binary",
               "description": "",
               "documentState": "COMPLETE"
            },
            "contextAttributes": [],
            "modelVersion": {
               "major": 0,
               "minor": 0
            },
            "objectRefs": [],
            "repoInfo": null
         }
      },
      {
         "objectGuid": "apgvCcbpHIIjYZHmO3YvKT",
         "objectName": "Oracle Cloud Infrastructure Compute Orchestrations API v18-1-2",
         "objectType": "AI_SERVICE_CONNECTOR",
         "path": "/Explore/Shared assets/Service Connectors",
         "metadata": {
            "additionalInfo": {
               "contentType": "application/json; charset=utf-8",
               "description": "An orchestration defines the attributes and interdependencies of a collection of compute, networking, and storage resources in Compute Classic. You can use orchestrations to automate the provisioning and lifecycle operations of an entire virtual compute topology.\u003cp\u003eAfter creating an orchestration (in a JSON-formatted file) and adding it to Compute Classic, you can trigger the creation and removal all the resources defined in the orchestration with a single step.\u003cp\u003eAn orchestration contains one or more object plans (\u003ccode\u003eoplans\u003c/code\u003e). The attributes that you can specify in an \u003ccode\u003eoplan\u003c/code\u003e vary depending on the object type (\u003ccode\u003eobj_type\u003c/code\u003e). For detailed information about the object types that you can create by using orchestrations and the attributes for each object type, see \u003ca target=\"_blank\" href=\"http://www.oracle.com/pls/topic/lookup?ctx=stcomputecs\u0026id=STCSG-GUID-F0CC66F5-265B-4F21-9029-84AF86036D0A\"\u003eAttributes in Orchestrations\u003c/a\u003e in \u003cem\u003eUsing Oracle Cloud Infrastructure Compute Classic\u003c/em\u003e.\u003cp\u003eYou can add, start, stop, get, update, and delete orchestrations using the following HTTP requests:",
               "documentState": "VALID"
            },
            "contextAttributes": null,
            "modelVersion": {
               "major": 1,
               "minor": 0
            },
            "objectRefs": [],
            "repoInfo": {
               "repoHandle": "PFn2H0Fdw8jIw8j-gt-1682019-2019-02-12T01:15:23.667Z::svc.xml"
            }
         }
      }
   ]
}