<aetgt:getResponse xmlns:aetgt="http://schemas.active-endpoints.com/appmodules/repository/2010/10/avrepository.xsd"
                   xmlns:types1="http://schemas.active-endpoints.com/appmodules/repository/2010/10/avrepository.xsd">
   <types1:Item>
      <types1:EntryId>MUvIw8jIw8jIw8j-gt-14161582-2019-12-03T10:57:45.622Z::svc.xml</types1:EntryId>
      <types1:Name>LinkedIn_REST_API_v1</types1:Name>
      <types1:MimeType>application/xml+businesssconnector</types1:MimeType>
      <types1:Description/>
      <types1:AppliesTo/>
      <types1:Tags/>
      <types1:VersionLabel>1.0</types1:VersionLabel>
      <types1:State>CURRENT</types1:State>
      <types1:ProcessGroup/>
      <types1:CreatedBy>sorabh@na1.dm-us.org</types1:CreatedBy>
      <types1:CreationDate>2019-12-03T10:57:46Z</types1:CreationDate>
      <types1:ModifiedBy>sorabh@na1.dm-us.org</types1:ModifiedBy>
      <types1:ModificationDate>2019-12-03T11:06:38Z</types1:ModificationDate>
      <types1:PublicationStatus>published</types1:PublicationStatus>
      <types1:PublishedBy>sorabh@na1.dm-us.org</types1:PublishedBy>
      <types1:PublicationDate>2019-12-03T11:06:41Z</types1:PublicationDate>
      <types1:PublishedContributionId>project:/rt.connector/LinkedIn_REST_API_v1/LinkedIn_REST_API_v1_svcDef.xml</types1:PublishedContributionId>
      <types1:AutosaveExists>false</types1:AutosaveExists>
      <types1:Entry>
         <businessConnector xmlns="http://schemas.informatica.com/socrates/data-services/2014/05/business-connector-model.xsd"
                            agentOnly="false"
                            debug="false"
                            displayName="LinkedIn REST API v1"
                            label=""
                            name="LinkedIn_REST_API_v1"
                            uuid="66691de6-347f-4a6b-b19d-a24ea19c2809">
            <description/>
            <tags/>
            <connectionAttributes xmlns="http://schemas.informatica.com/appmodules/screenflow/2014/04/avosConnectors.xsd">
               <connectionAttribute description="Host Name"
                                    masked="false"
                                    name="hostName"
                                    required="true"
                                    testWith="api.linkedin.com"
                                    type="string"/>
            </connectionAttributes>
            <actions>
               <action category=""
                       failOnError="true"
                       forSearch="false"
                       label="Create_CompaniesSharesFormatJsonById_"
                       maxRedirects="100"
                       name="Create_CompaniesSharesFormatJsonById_"
                       preemptiveAuth="true"
                       responseEncoding="">
                  <description/>
                  <input>
                     <parameter description="The unique internal numeric company identifier."
                                label="idPathParam"
                                name="idPathParam"
                                nogen="true"
                                required="true"
                                testWith=""
                                type="string"/>
                     <parameter description="The content type."
                                label="Content-Type"
                                name="Content-Type"
                                required="true"
                                testWith=""
                                type="string"/>
                     <parameter description="The content type."
                                label="x-li-format"
                                name="x-li-format"
                                required="true"
                                testWith=""
                                type="string"/>
                  </input>
                  <binding>
                     <restSimpleBinding multiUsing="semicolonSeparated"
                                        url="https://{$hostName}/v1/companies/{$idPathParam}/shares?format=json"
                                        verb="POST">
                        <httpHeaders>
                           <header name="Content-Type">application/json</header>
                           <header name="Accept">application/json</header>
                        </httpHeaders>
                        <body generateUsing="UnwrappedJSON" preserveJsonStringFormatting="false"/>
                     </restSimpleBinding>
                  </binding>
                  <output>
                     <field description=""
                            entireResponse="true"
                            name="entireResponse"
                            type="object"/>
                  </output>
               </action>
               <action category=""
                       failOnError="true"
                       forSearch="false"
                       label="Get_CompaniesHistoricalStatusUpdateStatisticsFormatJson_"
                       maxRedirects="100"
                       name="Get_CompaniesHistoricalStatusUpdateStatisticsFormatJson_"
                       preemptiveAuth="true"
                       responseEncoding="">
                  <description/>
                  <input>
                     <parameter description="The unique internal numeric company identifier."
                                label="idPathParam"
                                name="idPathParam"
                                nogen="true"
                                required="true"
                                testWith=""
                                type="string"/>
                     <parameter description="Granularity of statistics. Supported values are:&#xA;&#x9;                day&#xA;&#x9;                month"
                                label="time-granularity"
                                name="time-granularity"
                                required="true"
                                testWith=""
                                type="string"/>
                     <parameter description="Starting timestamp of when the stats search should begin (milliseconds since epoch)"
                                label="start-timestamp"
                                name="start-timestamp"
                                required="true"
                                testWith=""
                                type="string"/>
                     <parameter description="Ending timestamp of when the stats search should end (milliseconds since epoch). The current time will be used if parameter not set."
                                label="end-timestamp"
                                name="end-timestamp"
                                required="false"
                                testWith=""
                                type="string"/>
                     <parameter description="Optionally provide an update key value to return statistics for a specific company update."
                                label="update-key"
                                name="update-key"
                                required="false"
                                testWith=""
                                type="string"/>
                  </input>
                  <binding>
                     <restSimpleBinding multiUsing="semicolonSeparated"
                                        url="https://{$hostName}/v1/companies/{$idPathParam}/historical-status-update-statistics?format=json"
                                        verb="GET">
                        <httpHeaders>
                           <header name="Content-Type">application/json</header>
                           <header name="Accept">application/json</header>
                        </httpHeaders>
                     </restSimpleBinding>
                  </binding>
                  <output>
                     <field description=""
                            entireResponse="true"
                            name="entireResponse"
                            type="object"/>
                  </output>
               </action>
               <action category=""
                       failOnError="true"
                       forSearch="false"
                       label="Get_CompaniesCompanyStatisticsFormatJsonById_"
                       maxRedirects="100"
                       name="Get_CompaniesCompanyStatisticsFormatJsonById_"
                       preemptiveAuth="true"
                       responseEncoding="">
                  <description/>
                  <input>
                     <parameter description="The unique internal numeric company identifier."
                                label="idPathParam"
                                name="idPathParam"
                                nogen="true"
                                required="true"
                                testWith=""
                                type="string"/>
                  </input>
                  <binding>
                     <restSimpleBinding multiUsing="semicolonSeparated"
                                        url="https://{$hostName}/v1/companies/{$idPathParam}/company-statistics?format=json"
                                        verb="GET">
                        <httpHeaders>
                           <header name="Content-Type">application/json</header>
                           <header name="Accept">application/json</header>
                        </httpHeaders>
                     </restSimpleBinding>
                  </binding>
                  <output>
                     <field description=""
                            entireResponse="true"
                            name="entireResponse"
                            type="object"/>
                  </output>
               </action>
               <action category=""
                       failOnError="true"
                       forSearch="false"
                       label="Get_UpdateCommentsFormatJson_"
                       maxRedirects="100"
                       name="Get_UpdateCommentsFormatJson_"
                       preemptiveAuth="true"
                       responseEncoding="">
                  <description/>
                  <input>
                     <parameter description="The unique internal numeric company identifier."
                                label="idPathParam"
                                name="idPathParam"
                                nogen="true"
                                required="true"
                                testWith=""
                                type="string"/>
                     <parameter description="The unique company update identifier."
                                label="update_keyPathParam"
                                name="update_keyPathParam"
                                nogen="true"
                                required="true"
                                testWith=""
                                type="string"/>
                  </input>
                  <binding>
                     <restSimpleBinding multiUsing="semicolonSeparated"
                                        url="https://{$hostName}/v1/companies/{$idPathParam}/updates/key={$update_keyPathParam}/update-comments?format=json"
                                        verb="GET">
                        <httpHeaders>
                           <header name="Content-Type">application/json</header>
                           <header name="Accept">application/json</header>
                        </httpHeaders>
                     </restSimpleBinding>
                  </binding>
                  <output>
                     <field description=""
                            entireResponse="true"
                            name="entireResponse"
                            type="object"/>
                  </output>
               </action>
               <action category=""
                       failOnError="true"
                       forSearch="false"
                       label="Get_CompaniesUpdatesFormatJsonById_"
                       maxRedirects="100"
                       name="Get_CompaniesUpdatesFormatJsonById_"
                       preemptiveAuth="true"
                       responseEncoding="">
                  <description/>
                  <input>
                     <parameter description="The unique internal numeric company identifier."
                                label="idPathParam"
                                name="idPathParam"
                                nogen="true"
                                required="true"
                                testWith=""
                                type="string"/>
                     <parameter description="The offset value for paginating update results by."
                                label="event-type"
                                name="event-type"
                                required="false"
                                testWith=""
                                type="int"/>
                     <parameter description="The offset value for paginating update results by."
                                label="start"
                                name="start"
                                required="false"
                                testWith=""
                                type="int"/>
                     <parameter description="Maximum number of updates to return."
                                label="count"
                                name="count"
                                required="false"
                                testWith=""
                                type="int"/>
                  </input>
                  <binding>
                     <restSimpleBinding multiUsing="semicolonSeparated"
                                        url="https://{$hostName}/v1/companies/{$idPathParam}/updates?format=json"
                                        verb="GET">
                        <httpHeaders>
                           <header name="Content-Type">application/json</header>
                           <header name="Accept">application/json</header>
                        </httpHeaders>
                     </restSimpleBinding>
                  </binding>
                  <output>
                     <field description=""
                            entireResponse="true"
                            name="entireResponse"
                            type="object"/>
                  </output>
               </action>
               <action category=""
                       failOnError="true"
                       forSearch="false"
                       label="Get_CompaniesFormatJsonIsCompanyAdminTrue_"
                       maxRedirects="100"
                       name="Get_CompaniesFormatJsonIsCompanyAdminTrue_"
                       preemptiveAuth="true"
                       responseEncoding="">
                  <description/>
                  <input>
                     <parameter description="The offset value for paginating company results by."
                                label="start"
                                name="start"
                                required="false"
                                testWith=""
                                type="int"/>
                     <parameter description="Maximum number of companies to return."
                                label="count"
                                name="count"
                                required="false"
                                testWith=""
                                type="int"/>
                  </input>
                  <binding>
                     <restSimpleBinding multiUsing="semicolonSeparated"
                                        url="https://{$hostName}/v1/companies?format=json&amp;is-company-admin=true"
                                        verb="GET">
                        <httpHeaders>
                           <header name="Content-Type">application/json</header>
                           <header name="Accept">application/json</header>
                        </httpHeaders>
                     </restSimpleBinding>
                  </binding>
                  <output>
                     <field description=""
                            entireResponse="true"
                            name="entireResponse"
                            type="object"/>
                  </output>
               </action>
               <action category=""
                       failOnError="true"
                       forSearch="false"
                       label="Create_PeopleAPISharesFormatJson_"
                       maxRedirects="100"
                       name="Create_PeopleAPISharesFormatJson_"
                       preemptiveAuth="true"
                       responseEncoding="">
                  <description/>
                  <input>
                     <parameter description="The content type."
                                label="Content-Type"
                                name="Content-Type"
                                required="true"
                                testWith=""
                                type="string"/>
                     <parameter description="The content type."
                                label="x-li-format"
                                name="x-li-format"
                                required="true"
                                testWith=""
                                type="string"/>
                  </input>
                  <binding>
                     <restSimpleBinding multiUsing="semicolonSeparated"
                                        url="https://{$hostName}/v1/people/~/shares?format=json"
                                        verb="POST">
                        <httpHeaders>
                           <header name="Content-Type">application/json</header>
                           <header name="Accept">application/json</header>
                        </httpHeaders>
                        <body generateUsing="UnwrappedJSON" preserveJsonStringFormatting="false"/>
                     </restSimpleBinding>
                  </binding>
                  <output>
                     <field description=""
                            entireResponse="true"
                            name="entireResponse"
                            type="object"/>
                  </output>
               </action>
               <action category=""
                       failOnError="true"
                       forSearch="false"
                       label="Get_FormatJson_"
                       maxRedirects="100"
                       name="Get_FormatJson_"
                       preemptiveAuth="true"
                       responseEncoding="">
                  <description/>
                  <input>
                     <parameter description="The unique internal numeric company identifier."
                                label="idPathParam"
                                name="idPathParam"
                                nogen="true"
                                required="true"
                                testWith=""
                                type="string"/>
                     <parameter description="The unique company update identifier."
                                label="update_keyPathParam"
                                name="update_keyPathParam"
                                nogen="true"
                                required="true"
                                testWith=""
                                type="string"/>
                  </input>
                  <binding>
                     <restSimpleBinding multiUsing="semicolonSeparated"
                                        url="https://{$hostName}/v1/companies/{$idPathParam}/updates/key={$update_keyPathParam}?format=json"
                                        verb="GET">
                        <httpHeaders>
                           <header name="Content-Type">application/json</header>
                           <header name="Accept">application/json</header>
                        </httpHeaders>
                     </restSimpleBinding>
                  </binding>
                  <output>
                     <field description=""
                            entireResponse="true"
                            name="entireResponse"
                            type="object"/>
                  </output>
               </action>
               <action category=""
                       failOnError="true"
                       forSearch="false"
                       label="Get_LikesFormatJson_"
                       maxRedirects="100"
                       name="Get_LikesFormatJson_"
                       preemptiveAuth="true"
                       responseEncoding="">
                  <description/>
                  <input>
                     <parameter description="The unique internal numeric company identifier."
                                label="idPathParam"
                                name="idPathParam"
                                nogen="true"
                                required="true"
                                testWith=""
                                type="string"/>
                     <parameter description="The unique company update identifier."
                                label="update_keyPathParam"
                                name="update_keyPathParam"
                                nogen="true"
                                required="true"
                                testWith=""
                                type="string"/>
                  </input>
                  <binding>
                     <restSimpleBinding multiUsing="semicolonSeparated"
                                        url="https://{$hostName}/v1/companies/{$idPathParam}/updates/key={$update_keyPathParam}/likes?format=json"
                                        verb="GET">
                        <httpHeaders>
                           <header name="Content-Type">application/json</header>
                           <header name="Accept">application/json</header>
                        </httpHeaders>
                     </restSimpleBinding>
                  </binding>
                  <output>
                     <field description=""
                            entireResponse="true"
                            name="entireResponse"
                            type="object"/>
                  </output>
               </action>
               <action category=""
                       failOnError="true"
                       forSearch="false"
                       label="Get_CompaniesFormatJsonById_"
                       maxRedirects="100"
                       name="Get_CompaniesFormatJsonById_"
                       preemptiveAuth="true"
                       responseEncoding="">
                  <description/>
                  <input>
                     <parameter description="The unique internal numeric company identifier."
                                label="idPathParam"
                                name="idPathParam"
                                nogen="true"
                                required="true"
                                testWith=""
                                type="string"/>
                  </input>
                  <binding>
                     <restSimpleBinding multiUsing="semicolonSeparated"
                                        url="https://{$hostName}/v1/companies/{$idPathParam}?format=json"
                                        verb="GET">
                        <httpHeaders>
                           <header name="Content-Type">application/json</header>
                           <header name="Accept">application/json</header>
                        </httpHeaders>
                     </restSimpleBinding>
                  </binding>
                  <output>
                     <field description=""
                            entireResponse="true"
                            name="entireResponse"
                            type="object"/>
                  </output>
               </action>
               <action category=""
                       failOnError="true"
                       forSearch="false"
                       label="Get_CompaniesHistoricalFollowStatisticsFormatJson_"
                       maxRedirects="100"
                       name="Get_CompaniesHistoricalFollowStatisticsFormatJson_"
                       preemptiveAuth="true"
                       responseEncoding="">
                  <description/>
                  <input>
                     <parameter description="The unique internal numeric company identifier."
                                label="idPathParam"
                                name="idPathParam"
                                nogen="true"
                                required="true"
                                testWith=""
                                type="string"/>
                     <parameter description="Granularity of statistics. Supported values are:&#xA;&#x9;                day&#xA;&#x9;                month"
                                label="time-granularity"
                                name="time-granularity"
                                required="true"
                                testWith=""
                                type="string"/>
                     <parameter description="Starting timestamp of when the stats search should begin (milliseconds since epoch)"
                                label="start-timestamp"
                                name="start-timestamp"
                                required="true"
                                testWith=""
                                type="string"/>
                     <parameter description="Ending timestamp of when the stats search should end (milliseconds since epoch). The current time will be used if parameter not set."
                                label="end-timestamp"
                                name="end-timestamp"
                                required="false"
                                testWith=""
                                type="string"/>
                  </input>
                  <binding>
                     <restSimpleBinding multiUsing="semicolonSeparated"
                                        url="https://{$hostName}/v1/companies/{$idPathParam}/historical-follow-statistics?format=json"
                                        verb="GET">
                        <httpHeaders>
                           <header name="Content-Type">application/json</header>
                           <header name="Accept">application/json</header>
                        </httpHeaders>
                     </restSimpleBinding>
                  </binding>
                  <output>
                     <field description=""
                            entireResponse="true"
                            name="entireResponse"
                            type="object"/>
                  </output>
               </action>
               <action category=""
                       failOnError="true"
                       forSearch="false"
                       label="Get_CompaniesRelationToViewerIsCompanyShareEnabledFormatJson_"
                       maxRedirects="100"
                       name="Get_CompaniesRelationToViewerIsCompanyShareEnabledFormatJson_"
                       preemptiveAuth="true"
                       responseEncoding="">
                  <description/>
                  <input>
                     <parameter description="The unique internal numeric company identifier."
                                label="idPathParam"
                                name="idPathParam"
                                nogen="true"
                                required="true"
                                testWith=""
                                type="string"/>
                  </input>
                  <binding>
                     <restSimpleBinding multiUsing="semicolonSeparated"
                                        url="https://{$hostName}/v1/companies/{$idPathParam}/relation-to-viewer/is-company-share-enabled?format=json"
                                        verb="GET">
                        <httpHeaders>
                           <header name="Content-Type">application/json</header>
                           <header name="Accept">application/json</header>
                        </httpHeaders>
                     </restSimpleBinding>
                  </binding>
                  <output>
                     <field description=""
                            entireResponse="true"
                            name="entireResponse"
                            type="object"/>
                  </output>
               </action>
               <action category=""
                       failOnError="true"
                       forSearch="false"
                       label="Get_CompaniesIdNameTickerDescriptionFormatJson_"
                       maxRedirects="100"
                       name="Get_CompaniesIdNameTickerDescriptionFormatJson_"
                       preemptiveAuth="true"
                       responseEncoding="">
                  <description/>
                  <input>
                     <parameter description="The unique internal numeric company identifier."
                                label="idPathParam"
                                name="idPathParam"
                                nogen="true"
                                required="true"
                                testWith=""
                                type="string"/>
                  </input>
                  <binding>
                     <restSimpleBinding multiUsing="semicolonSeparated"
                                        url="https://{$hostName}/v1/companies/{$idPathParam}:(id,name,ticker,description)?format=json"
                                        verb="GET">
                        <httpHeaders>
                           <header name="Content-Type">application/json</header>
                           <header name="Accept">application/json</header>
                        </httpHeaders>
                     </restSimpleBinding>
                  </binding>
                  <output>
                     <field description=""
                            entireResponse="true"
                            name="entireResponse"
                            type="object"/>
                  </output>
               </action>
               <action category=""
                       failOnError="true"
                       forSearch="false"
                       label="Get_CompaniesNumFollowersFormatJsonSenioritiesVpDJobFuncItGeosNaCa_"
                       maxRedirects="100"
                       name="Get_CompaniesNumFollowersFormatJsonSenioritiesVpDJobFuncItGeosNaCa_"
                       preemptiveAuth="true"
                       responseEncoding="">
                  <description/>
                  <input>
                     <parameter description="The unique internal numeric company identifier."
                                label="idPathParam"
                                name="idPathParam"
                                nogen="true"
                                required="true"
                                testWith=""
                                type="string"/>
                     <parameter description="Segment by a particular geographic area."
                                label="geos"
                                name="geos"
                                required="false"
                                testWith=""
                                type="string"/>
                     <parameter description="Segment by a particular company size targeting code."
                                label="companySizes"
                                name="companySizes"
                                required="false"
                                testWith=""
                                type="string"/>
                     <parameter description="Segment by member job function targeting code."
                                label="jobFunc"
                                name="jobFunc"
                                required="false"
                                testWith=""
                                type="string"/>
                     <parameter description="Segment by member industry."
                                label="industries"
                                name="industries"
                                required="false"
                                testWith=""
                                type="string"/>
                     <parameter description="Segment by member seniority level targeting code."
                                label="seniorities"
                                name="seniorities"
                                required="false"
                                testWith=""
                                type="string"/>
                  </input>
                  <binding>
                     <restSimpleBinding multiUsing="semicolonSeparated"
                                        url="https://{$hostName}/v1/companies/{$idPathParam}/num-followers?format=json&amp;seniorities=vp,d&amp;jobFunc=it&amp;geos=na.ca"
                                        verb="GET">
                        <httpHeaders>
                           <header name="Content-Type">application/json</header>
                           <header name="Accept">application/json</header>
                        </httpHeaders>
                     </restSimpleBinding>
                  </binding>
                  <output>
                     <field description=""
                            entireResponse="true"
                            name="entireResponse"
                            type="object"/>
                  </output>
               </action>
               <action category=""
                       failOnError="true"
                       forSearch="false"
                       label="Get_CompaniesIsCompanyShareEnabledFormatJson_"
                       maxRedirects="100"
                       name="Get_CompaniesIsCompanyShareEnabledFormatJson_"
                       preemptiveAuth="true"
                       responseEncoding="">
                  <description/>
                  <input>
                     <parameter description="The unique internal numeric company identifier."
                                label="idPathParam"
                                name="idPathParam"
                                nogen="true"
                                required="true"
                                testWith=""
                                type="string"/>
                  </input>
                  <binding>
                     <restSimpleBinding multiUsing="semicolonSeparated"
                                        url="https://{$hostName}/v1/companies/{$idPathParam}/is-company-share-enabled?format=json"
                                        verb="GET">
                        <httpHeaders>
                           <header name="Content-Type">application/json</header>
                           <header name="Accept">application/json</header>
                        </httpHeaders>
                     </restSimpleBinding>
                  </binding>
                  <output>
                     <field description=""
                            entireResponse="true"
                            name="entireResponse"
                            type="object"/>
                  </output>
               </action>
               <action category=""
                       failOnError="true"
                       forSearch="false"
                       label="Get_PeopleAPIIdNumConnectionsPictureUrlFormatJson_"
                       maxRedirects="100"
                       name="Get_PeopleAPIIdNumConnectionsPictureUrlFormatJson_"
                       preemptiveAuth="true"
                       responseEncoding="">
                  <description/>
                  <input/>
                  <binding>
                     <restSimpleBinding multiUsing="semicolonSeparated"
                                        url="https://{$hostName}/v1/people/~:(id,num-connections,picture-url)?format=json"
                                        verb="GET">
                        <httpHeaders>
                           <header name="Content-Type">application/json</header>
                           <header name="Accept">application/json</header>
                        </httpHeaders>
                     </restSimpleBinding>
                  </binding>
                  <output>
                     <field description=""
                            entireResponse="true"
                            name="entireResponse"
                            type="object"/>
                  </output>
               </action>
               <action category=""
                       failOnError="true"
                       forSearch="false"
                       label="Get_PeopleFormatJson_"
                       maxRedirects="100"
                       name="Get_PeopleFormatJson_"
                       preemptiveAuth="true"
                       responseEncoding="">
                  <description/>
                  <input>
                     <parameter description="Some members have profiles in multiple languages. To specify the language you prefer, set the values to a comma separated list of locales ordered from highest to lowest preference. For example, if your preferred order is Spanish, then English (American), and finally Italian, your header should be: Accept-Language: es-ES, en-US, it-IT. At present, we will always return data if possible. So, if you specify just one locale, but the member hasn't localized her profile for that locale, we will return data in her primary language. We support any language the member has specified. For example, for Simplified Chinese, use zh-CN. However, the six most popular languages are: en-US, fr-FR, de-DE, it-IT, pt-BR and es-ES."
                                label="Accept-Language"
                                name="Accept-Language"
                                required="false"
                                testWith=""
                                type="string"/>
                  </input>
                  <binding>
                     <restSimpleBinding multiUsing="semicolonSeparated"
                                        url="https://{$hostName}/v1/people/~?format=json"
                                        verb="GET">
                        <httpHeaders>
                           <header name="Content-Type">application/json</header>
                           <header name="Accept">application/json</header>
                        </httpHeaders>
                     </restSimpleBinding>
                  </binding>
                  <output>
                     <field description=""
                            entireResponse="true"
                            name="entireResponse"
                            type="object"/>
                  </output>
               </action>
               <action category=""
                       failOnError="true"
                       forSearch="false"
                       label="UpdateCommentsAsCompany_"
                       maxRedirects="100"
                       name="UpdateCommentsAsCompany_"
                       preemptiveAuth="true"
                       responseEncoding="">
                  <description/>
                  <input>
                     <parameter description="The unique internal numeric company identifier."
                                label="idPathParam"
                                name="idPathParam"
                                nogen="true"
                                required="true"
                                testWith=""
                                type="string"/>
                     <parameter description="The unique company update identifier."
                                label="update_keyPathParam"
                                name="update_keyPathParam"
                                nogen="true"
                                required="true"
                                testWith=""
                                type="string"/>
                     <parameter description="The content type."
                                label="Content-Type"
                                name="Content-Type"
                                required="true"
                                testWith=""
                                type="string"/>
                     <parameter description="The content type."
                                label="x-li-format"
                                name="x-li-format"
                                required="true"
                                testWith=""
                                type="string"/>
                  </input>
                  <binding>
                     <restSimpleBinding multiUsing="semicolonSeparated"
                                        url="https://{$hostName}/v1/companies/{$idPathParam}/updates/key={$update_keyPathParam}/update-comments-as-company/"
                                        verb="POST">
                        <httpHeaders>
                           <header name="Content-Type">application/json</header>
                           <header name="Accept">application/json</header>
                        </httpHeaders>
                        <body generateUsing="UnwrappedJSON" preserveJsonStringFormatting="false"/>
                     </restSimpleBinding>
                  </binding>
                  <output>
                     <field description=""
                            entireResponse="true"
                            name="entireResponse"
                            type="object"/>
                  </output>
               </action>
            </actions>
            <objects>
               <processObject xmlns="http://schemas.active-endpoints.com/appmodules/screenflow/2011/06/avosHostEnvironment.xsd"
                              isByCopy="true"
                              name="string">
                  <description/>
                  <detail>
                     <field name="string" type="string"/>
                  </detail>
               </processObject>
               <processObject xmlns="http://schemas.active-endpoints.com/appmodules/screenflow/2011/06/avosHostEnvironment.xsd"
                              isByCopy="true"
                              name="boolean">
                  <description/>
                  <detail>
                     <field name="boolean" type="boolean"/>
                  </detail>
               </processObject>
               <processObject xmlns="http://schemas.active-endpoints.com/appmodules/screenflow/2011/06/avosHostEnvironment.xsd"
                              isByCopy="true"
                              name="double">
                  <description/>
                  <detail>
                     <field name="double" type="double"/>
                  </detail>
               </processObject>
               <processObject xmlns="http://schemas.active-endpoints.com/appmodules/screenflow/2011/06/avosHostEnvironment.xsd"
                              isByCopy="true"
                              name="integer">
                  <description/>
                  <detail>
                     <field name="integer" type="int"/>
                  </detail>
               </processObject>
            </objects>
         </businessConnector>
      </types1:Entry>
      <types1:GUID>h1mWRugXiGNcXEjLVn5SAs</types1:GUID>
      <types1:DisplayName>LinkedIn REST API v1</types1:DisplayName>
   </types1:Item>
   <types1:CurrentServerDateTime>2019-12-03T11:06:58.04Z</types1:CurrentServerDateTime>
</aetgt:getResponse>
