<aetgt:getResponse xmlns:aetgt="http://schemas.active-endpoints.com/appmodules/repository/2010/10/avrepository.xsd"
                   xmlns:types1="http://schemas.active-endpoints.com/appmodules/repository/2010/10/avrepository.xsd">
   <types1:Item>
      <types1:EntryId>cggaaaaa-gt-65282-2019-02-28T05:45:15.032Z::svc.xml</types1:EntryId>
      <types1:Name>ADP_Paycard_Usage_Expansions_v1</types1:Name>
      <types1:MimeType>application/xml+businesssconnector</types1:MimeType>
      <types1:Description>This API is used to read Paycard Usage Expansion details like Geogrhapical boundries.</types1:Description>
      <types1:AppliesTo/>
      <types1:Tags/>
      <types1:VersionLabel>1.0</types1:VersionLabel>
      <types1:State>CURRENT</types1:State>
      <types1:ProcessGroup/>
      <types1:CreatedBy>stage2_pod1</types1:CreatedBy>
      <types1:CreationDate>2019-02-28T05:45:15Z</types1:CreationDate>
      <types1:ModifiedBy/>
      <types1:PublicationStatus>unpublished</types1:PublicationStatus>
      <types1:AutosaveExists>false</types1:AutosaveExists>
      <types1:Entry>
         <businessConnector xmlns="http://schemas.informatica.com/socrates/data-services/2014/05/business-connector-model.xsd"
                            agentOnly="false"
                            debug="false"
                            displayName="ADP Paycard Usage Expansions v1"
                            label=""
                            name="ADP_Paycard_Usage_Expansions_v1"
                            uuid="4a70c864-8c3c-418b-9670-5865a5cecd07">
            <description>This API is used to read Paycard Usage Expansion details like Geogrhapical boundries.</description>
            <tags/>
            <connectionAttributes xmlns="http://schemas.informatica.com/appmodules/screenflow/2014/04/avosConnectors.xsd">
               <connectionAttribute description="Host Name"
                                    masked="false"
                                    name="hostName"
                                    required="true"
                                    testWith="test-api.adp.com"
                                    type="string"/>
            </connectionAttributes>
            <actions>
               <action category="Cardholder card usage expansion details"
                       failOnError="true"
                       forSearch="false"
                       label="PayrollV1PaycardCardholdersCardUsageExpansionsByAoidGet"
                       maxRedirects="100"
                       name="PayrollV1PaycardCardholdersCardUsageExpansionsByAoidGet"
                       preemptiveAuth="true"
                       responseEncoding="">
                  <description>c8d7c716-e259-4ac8-955c-d777a79648a1. Returns card usage expansion details</description>
                  <input>
                     <parameter description="Associate OID"
                                label="aoidPathParam"
                                name="aoidPathParam"
                                nogen="true"
                                required="true"
                                testWith=""
                                type="string"/>
                     <parameter description="The role the user is playing during the transaction.  Possible values: employee,manager,practitioner,administrator,supervisor.  The roleCode header will be passed in all calls. When coming from Myself capabilities rolecode=employee. When coming from Team capabilities roleCode=manager. When coming from Practitioner capabilities roleCode=practitioner."
                                label="roleCode"
                                name="roleCode"
                                nogen="true"
                                required="true"
                                testWith=""
                                type="string"/>
                  </input>
                  <binding>
                     <restSimpleBinding multiUsing="semicolonSeparated"
                                        url="https://{$hostName}/payroll/v1/paycard/cardholders/{$aoidPathParam}/card-usage-expansions"
                                        verb="GET">
                        <httpHeaders>
                           <header name="Content-Type">application/json</header>
                           <header name="Accept">application/json</header>
                           <header name="roleCode">{$roleCode}</header>
                        </httpHeaders>
                     </restSimpleBinding>
                  </binding>
                  <output>
                     <field description="Returns card usage expansion details"
                            entireResponse="true"
                            name="CardholdersCardsUsageExpansion"
                            type="reference">
                        <options>
                           <option name="referenceTo">CardholdersCardsUsageExpansion</option>
                        </options>
                     </field>
                  </output>
               </action>
               <action category="Cardholder card usage expansion details"
                       failOnError="true"
                       forSearch="false"
                       label="PayrollV1PaycardCardholdersCardUsageExpansionsMetaByAoidGet"
                       maxRedirects="100"
                       name="PayrollV1PaycardCardholdersCardUsageExpansionsMetaByAoidGet"
                       preemptiveAuth="true"
                       responseEncoding="">
                  <description>9dc8f357-7fae-4188-ab6c-56358f526233. Returns a meta</description>
                  <input>
                     <parameter description="Associate OID"
                                label="aoidPathParam"
                                name="aoidPathParam"
                                nogen="true"
                                required="true"
                                testWith=""
                                type="string"/>
                     <parameter description="The role the user is playing during the transaction.  Possible values: employee,manager,practitioner,administrator,supervisor.  The roleCode header will be passed in all calls. When coming from Myself capabilities rolecode=employee. When coming from Team capabilities roleCode=manager. When coming from Practitioner capabilities roleCode=practitioner."
                                label="roleCode"
                                name="roleCode"
                                nogen="true"
                                required="true"
                                testWith=""
                                type="string"/>
                  </input>
                  <binding>
                     <restSimpleBinding multiUsing="semicolonSeparated"
                                        url="https://{$hostName}/payroll/v1/paycard/cardholders/{$aoidPathParam}/card-usage-expansions/meta"
                                        verb="GET">
                        <httpHeaders>
                           <header name="Content-Type">application/json</header>
                           <header name="Accept">application/json</header>
                           <header name="roleCode">{$roleCode}</header>
                        </httpHeaders>
                     </restSimpleBinding>
                  </binding>
                  <output>
                     <field description="Returns a meta"
                            entireResponse="true"
                            name="cardholderscardsUsageExpansionMetaType"
                            type="reference">
                        <options>
                           <option name="referenceTo">cardholderscardsUsageExpansionMetaType</option>
                        </options>
                     </field>
                  </output>
               </action>
            </actions>
            <objects>
               <processObject xmlns="http://schemas.active-endpoints.com/appmodules/screenflow/2011/06/avosHostEnvironment.xsd"
                              isByCopy="true"
                              name="IDType_v02">
                  <description>The unique identifier of the related entity</description>
                  <detail>
                     <field name="schemeCode" type="reference">
                        <options>
                           <option name="referenceTo">codeType_v02</option>
                           <option name="relationshipName">Child</option>
                        </options>
                     </field>
                     <field name="idValue" type="string"/>
                  </detail>
               </processObject>
               <processObject xmlns="http://schemas.active-endpoints.com/appmodules/screenflow/2011/06/avosHostEnvironment.xsd"
                              isByCopy="true"
                              name="ValueSetMeta">
                  <description/>
                  <detail>
                     <field name="idValuePath" type="string"/>
                     <field name="itemDescriptionPath" type="string"/>
                  </detail>
               </processObject>
               <processObject xmlns="http://schemas.active-endpoints.com/appmodules/screenflow/2011/06/avosHostEnvironment.xsd"
                              isByCopy="true"
                              name="IDType_v01">
                  <description>The unique identifier of the related entity</description>
                  <detail>
                     <field name="schemeName" type="string"/>
                     <field name="idValue" type="string"/>
                     <field name="schemeAgencyName" type="string"/>
                  </detail>
               </processObject>
               <processObject xmlns="http://schemas.active-endpoints.com/appmodules/screenflow/2011/06/avosHostEnvironment.xsd"
                              isByCopy="true"
                              name="numberType">
                  <description/>
                  <detail>
                     <field name="multipleOf" type="double"/>
                     <field name="masking" type="reference">
                        <options>
                           <option name="referenceTo">maskingRuleType</option>
                           <option name="relationshipName">Child</option>
                        </options>
                     </field>
                     <field name="hidden" type="boolean"/>
                     <field name="maxValue" type="double"/>
                     <field name="minLength" type="int"/>
                     <field name="dataType" type="reference">
                        <options>
                           <option name="referenceTo">metaDataType</option>
                           <option name="relationshipName">Child</option>
                        </options>
                     </field>
                     <field name="pattern" type="string"/>
                     <field name="readOnly" type="boolean"/>
                     <field name="optional" type="boolean"/>
                     <field name="helperMessage" type="reference">
                        <options>
                           <option name="referenceTo">helperMessageType</option>
                           <option name="relationshipName">Child</option>
                        </options>
                     </field>
                     <field name="dependencies" type="object"/>
                     <field name="sequence" type="int"/>
                     <field name="disallow" type="objectlist">
                        <options>
                           <option name="referenceTo">disallowItemType</option>
                           <option name="relationshipName">Child</option>
                        </options>
                     </field>
                     <field name="minValue" type="double"/>
                     <field name="default" type="double"/>
                     <field name="shortLabelName" type="string"/>
                     <field name="dependencyLinks" type="objectlist">
                        <options>
                           <option name="referenceTo">linkType_v02</option>
                           <option name="relationshipName">Child</option>
                        </options>
                     </field>
                     <field name="longLabelName" type="string"/>
                     <field name="equals" type="objectlist">
                        <options>
                           <option name="referenceTo">string</option>
                           <option name="relationshipName">Child</option>
                        </options>
                     </field>
                     <field name="lessThan" type="objectlist">
                        <options>
                           <option name="referenceTo">string</option>
                           <option name="relationshipName">Child</option>
                        </options>
                     </field>
                     <field name="maxLength" type="int"/>
                     <field name="greaterThan" type="objectlist">
                        <options>
                           <option name="referenceTo">string</option>
                           <option name="relationshipName">Child</option>
                        </options>
                     </field>
                  </detail>
               </processObject>
               <processObject xmlns="http://schemas.active-endpoints.com/appmodules/screenflow/2011/06/avosHostEnvironment.xsd"
                              isByCopy="true"
                              name="helperMessageType">
                  <description>Helper text provided to the user when they take an action to affirm to be correct, true, or genuine.</description>
                  <detail>
                     <field name="messageTxt" type="string"/>
                     <field name="links" type="objectlist">
                        <options>
                           <option name="referenceTo">linkType_v02</option>
                           <option name="relationshipName">Child</option>
                        </options>
                     </field>
                  </detail>
               </processObject>
               <processObject xmlns="http://schemas.active-endpoints.com/appmodules/screenflow/2011/06/avosHostEnvironment.xsd"
                              isByCopy="true"
                              name="countrySubdivisionType_v02">
                  <description>A country sub-division correlating to a administrative level one or two levels below country. For example, in the United States, this might be a state or a county</description>
                  <detail>
                     <field name="shortName" type="string"/>
                     <field name="subdivisionType" type="string"/>
                     <field name="codeValue" type="string"/>
                     <field name="longName" type="string"/>
                  </detail>
               </processObject>
               <processObject xmlns="http://schemas.active-endpoints.com/appmodules/screenflow/2011/06/avosHostEnvironment.xsd"
                              isByCopy="true"
                              name="objectType">
                  <description/>
                  <detail>
                     <field name="sequence" type="int"/>
                     <field name="disallow" type="objectlist">
                        <options>
                           <option name="referenceTo">disallowItemType</option>
                           <option name="relationshipName">Child</option>
                        </options>
                     </field>
                     <field name="hidden" type="boolean"/>
                     <field name="dependencyLinks" type="objectlist">
                        <options>
                           <option name="referenceTo">linkType_v02</option>
                           <option name="relationshipName">Child</option>
                        </options>
                     </field>
                     <field name="dataType" type="reference">
                        <options>
                           <option name="referenceTo">metaDataType</option>
                           <option name="relationshipName">Child</option>
                        </options>
                     </field>
                     <field name="readOnly" type="boolean"/>
                     <field name="optional" type="boolean"/>
                     <field name="helperMessage" type="reference">
                        <options>
                           <option name="referenceTo">helperMessageType</option>
                           <option name="relationshipName">Child</option>
                        </options>
                     </field>
                     <field name="dependencies" type="object"/>
                  </detail>
               </processObject>
               <processObject xmlns="http://schemas.active-endpoints.com/appmodules/screenflow/2011/06/avosHostEnvironment.xsd"
                              isByCopy="true"
                              name="RequestStatusCode">
                  <description>The process results status code for the request.</description>
                  <detail>
                     <field name="shortName" type="string"/>
                     <field name="codeValue" type="reference">
                        <options>
                           <option name="referenceTo">CodeValue</option>
                           <option name="relationshipName">Child</option>
                        </options>
                     </field>
                     <field name="longName" type="string"/>
                  </detail>
               </processObject>
               <processObject xmlns="http://schemas.active-endpoints.com/appmodules/screenflow/2011/06/avosHostEnvironment.xsd"
                              isByCopy="true"
                              name="actionType_v02">
                  <description>Actions which the user is allowed to initiate against the related entity</description>
                  <detail>
                     <field name="sequence" type="int"/>
                     <field name="attestation" type="reference">
                        <options>
                           <option name="referenceTo">attestationType_v02</option>
                           <option name="relationshipName">Child</option>
                        </options>
                     </field>
                     <field name="canonicalUri" type="string"/>
                     <field name="commentAllowedIndicator" type="boolean"/>
                     <field name="operationID" type="string"/>
                     <field name="confirmationRequiredIndicator" type="boolean"/>
                     <field name="defaultIndicator" type="boolean"/>
                     <field name="links" type="objectlist">
                        <options>
                           <option name="referenceTo">linkType_v02</option>
                           <option name="relationshipName">Child</option>
                        </options>
                     </field>
                     <field name="actionTypeCode" type="reference">
                        <options>
                           <option name="referenceTo">ActionTypeCode</option>
                           <option name="relationshipName">Child</option>
                        </options>
                     </field>
                  </detail>
               </processObject>
               <processObject xmlns="http://schemas.active-endpoints.com/appmodules/screenflow/2011/06/avosHostEnvironment.xsd"
                              isByCopy="true"
                              name="MediaType">
                  <description>The media type that the linked resource will return (Response)</description>
                  <detail/>
               </processObject>
               <processObject xmlns="http://schemas.active-endpoints.com/appmodules/screenflow/2011/06/avosHostEnvironment.xsd"
                              isByCopy="true"
                              name="codeType_v02">
                  <description>The code for the related entity.  If this is a coded value, codeValue and shortName should be used. If this is just a string value, only shortName is necessary</description>
                  <detail>
                     <field name="shortName" type="string"/>
                     <field name="codeValue" type="string"/>
                     <field name="longName" type="string"/>
                  </detail>
               </processObject>
               <processObject xmlns="http://schemas.active-endpoints.com/appmodules/screenflow/2011/06/avosHostEnvironment.xsd"
                              isByCopy="true"
                              name="attestationType_v02">
                  <description>Optional text provided to the user when they take an action to affirm to be correct, true, or genuine. Requires confirmation indicator to be set to true</description>
                  <detail>
                     <field name="messageTxt" type="string"/>
                     <field name="actionBlockIndicator" type="boolean"/>
                     <field name="messageUri" type="string"/>
                  </detail>
               </processObject>
               <processObject xmlns="http://schemas.active-endpoints.com/appmodules/screenflow/2011/06/avosHostEnvironment.xsd"
                              isByCopy="true"
                              name="CardholdersCardsUsageExpansion">
                  <description>Card Usage Expansion for each card</description>
                  <detail>
                     <field name="confirmMessage" type="reference">
                        <options>
                           <option name="referenceTo">confirmMessageType_v01</option>
                           <option name="relationshipName">Child</option>
                        </options>
                     </field>
                     <field name="meta" type="reference">
                        <options>
                           <option name="referenceTo">metaType_v02</option>
                           <option name="relationshipName">Child</option>
                        </options>
                     </field>
                     <field name="cardsUsageExpansion" type="objectlist">
                        <options>
                           <option name="referenceTo">CardUsageExpansionDetails</option>
                           <option name="relationshipName">Child</option>
                        </options>
                     </field>
                  </detail>
               </processObject>
               <processObject xmlns="http://schemas.active-endpoints.com/appmodules/screenflow/2011/06/avosHostEnvironment.xsd"
                              isByCopy="true"
                              name="arrayType">
                  <description/>
                  <detail>
                     <field name="minItems" type="int"/>
                     <field name="maxItems" type="int"/>
                     <field name="dependencyLinks" type="objectlist">
                        <options>
                           <option name="referenceTo">linkType_v02</option>
                           <option name="relationshipName">Child</option>
                        </options>
                     </field>
                     <field name="dataType" type="reference">
                        <options>
                           <option name="referenceTo">metaDataType</option>
                           <option name="relationshipName">Child</option>
                        </options>
                     </field>
                     <field name="uniqueItems" type="boolean"/>
                     <field name="uniqueProperties" type="objectlist">
                        <options>
                           <option name="referenceTo">string</option>
                           <option name="relationshipName">Child</option>
                        </options>
                     </field>
                     <field name="helperMessage" type="reference">
                        <options>
                           <option name="referenceTo">helperMessageType</option>
                           <option name="relationshipName">Child</option>
                        </options>
                     </field>
                     <field name="dependencies" type="object"/>
                     <field name="sameValueProperties" type="objectlist">
                        <options>
                           <option name="referenceTo">string</option>
                           <option name="relationshipName">Child</option>
                        </options>
                     </field>
                  </detail>
               </processObject>
               <processObject xmlns="http://schemas.active-endpoints.com/appmodules/screenflow/2011/06/avosHostEnvironment.xsd"
                              isByCopy="true"
                              name="booleanType">
                  <description/>
                  <detail>
                     <field name="hidden" type="boolean"/>
                     <field name="dataType" type="reference">
                        <options>
                           <option name="referenceTo">DataType</option>
                           <option name="relationshipName">Child</option>
                        </options>
                     </field>
                     <field name="readOnly" type="boolean"/>
                     <field name="optional" type="boolean"/>
                     <field name="helperMessage" type="reference">
                        <options>
                           <option name="referenceTo">helperMessageType</option>
                           <option name="relationshipName">Child</option>
                        </options>
                     </field>
                     <field name="dependencies" type="object"/>
                     <field name="sequence" type="int"/>
                     <field name="disallow" type="objectlist">
                        <options>
                           <option name="referenceTo">disallowItemType</option>
                           <option name="relationshipName">Child</option>
                        </options>
                     </field>
                     <field name="default" type="boolean"/>
                     <field name="shortLabelName" type="string"/>
                     <field name="dependencyLinks" type="objectlist">
                        <options>
                           <option name="referenceTo">linkType_v02</option>
                           <option name="relationshipName">Child</option>
                        </options>
                     </field>
                     <field name="longLabelName" type="string"/>
                     <field name="equals" type="objectlist">
                        <options>
                           <option name="referenceTo">string</option>
                           <option name="relationshipName">Child</option>
                        </options>
                     </field>
                  </detail>
               </processObject>
               <processObject xmlns="http://schemas.active-endpoints.com/appmodules/screenflow/2011/06/avosHostEnvironment.xsd"
                              isByCopy="true"
                              name="LogicalOperator">
                  <description>A logical operation</description>
                  <detail>
                     <field name="mutuallyExclusiveIndicator" type="boolean"/>
                     <field name="logicalOperatorCode" type="string"/>
                     <field name="mutuallyExclusiveLogicalOperatorCodes" type="objectlist">
                        <options>
                           <option name="referenceTo">string</option>
                           <option name="relationshipName">Child</option>
                        </options>
                     </field>
                  </detail>
               </processObject>
               <processObject xmlns="http://schemas.active-endpoints.com/appmodules/screenflow/2011/06/avosHostEnvironment.xsd"
                              isByCopy="true"
                              name="valueSetType">
                  <description>A reference to the codelist extended with values</description>
                  <detail>
                     <field name="valueSetListItems" type="objectlist">
                        <options>
                           <option name="referenceTo">valueSetItemType</option>
                           <option name="relationshipName">Child</option>
                        </options>
                     </field>
                     <field name="meta" type="reference">
                        <options>
                           <option name="referenceTo">ValueSetMeta</option>
                           <option name="relationshipName">Child</option>
                        </options>
                     </field>
                     <field name="links" type="objectlist">
                        <options>
                           <option name="referenceTo">linkType_v02</option>
                           <option name="relationshipName">Child</option>
                        </options>
                     </field>
                  </detail>
               </processObject>
               <processObject xmlns="http://schemas.active-endpoints.com/appmodules/screenflow/2011/06/avosHostEnvironment.xsd"
                              isByCopy="true"
                              name="ResourceMessageResourceStatus">
                  <description>The processing results status code of the resource of the request.</description>
                  <detail>
                     <field name="shortName" type="string"/>
                     <field name="codeValue" type="reference">
                        <options>
                           <option name="referenceTo">CodeValue5</option>
                           <option name="relationshipName">Child</option>
                        </options>
                     </field>
                     <field name="longName" type="string"/>
                  </detail>
               </processObject>
               <processObject xmlns="http://schemas.active-endpoints.com/appmodules/screenflow/2011/06/avosHostEnvironment.xsd"
                              isByCopy="true"
                              name="CodeValue4">
                  <description>The code for the related entity.</description>
                  <detail/>
               </processObject>
               <processObject xmlns="http://schemas.active-endpoints.com/appmodules/screenflow/2011/06/avosHostEnvironment.xsd"
                              isByCopy="true"
                              name="valueSetItemType">
                  <description>The value set item type</description>
                  <detail>
                     <field name="idValue" type="string"/>
                     <field name="defaultIndicator" type="boolean"/>
                     <field name="itemDescription" type="string"/>
                  </detail>
               </processObject>
               <processObject xmlns="http://schemas.active-endpoints.com/appmodules/screenflow/2011/06/avosHostEnvironment.xsd"
                              isByCopy="true"
                              name="Method">
                  <description>The HTTP method code (HTTP Verb) traverse the link (GET, POST, PUT or DELETE)</description>
                  <detail/>
               </processObject>
               <processObject xmlns="http://schemas.active-endpoints.com/appmodules/screenflow/2011/06/avosHostEnvironment.xsd"
                              isByCopy="true"
                              name="CodeValue5">
                  <description>The code for the related entity.</description>
                  <detail/>
               </processObject>
               <processObject xmlns="http://schemas.active-endpoints.com/appmodules/screenflow/2011/06/avosHostEnvironment.xsd"
                              isByCopy="true"
                              name="CardUsageExpansionDetails">
                  <description>Card Usage Expansion Details</description>
                  <detail>
                     <field name="itemID" type="string"/>
                     <field name="cardID" type="object"/>
                     <field name="cardAccount" type="reference">
                        <options>
                           <option name="referenceTo">CardAccount</option>
                           <option name="relationshipName">Child</option>
                        </options>
                     </field>
                     <field name="geoGraphicalBoundries" type="objectlist">
                        <options>
                           <option name="referenceTo">GeographicalBoundryDetail</option>
                           <option name="relationshipName">Child</option>
                        </options>
                     </field>
                     <field name="actions" type="objectlist">
                        <options>
                           <option name="referenceTo">actionType_v02</option>
                           <option name="relationshipName">Child</option>
                        </options>
                     </field>
                  </detail>
               </processObject>
               <processObject xmlns="http://schemas.active-endpoints.com/appmodules/screenflow/2011/06/avosHostEnvironment.xsd"
                              isByCopy="true"
                              name="datePeriodType_v02">
                  <description>The string reprersentation of the date range. Used to specify effective period.  Follows the ISO-8601:2000 format</description>
                  <detail>
                     <field name="endDate" type="date"/>
                     <field name="startTime" type="string"/>
                     <field name="endTime" type="string"/>
                     <field name="startDate" type="date"/>
                  </detail>
               </processObject>
               <processObject xmlns="http://schemas.active-endpoints.com/appmodules/screenflow/2011/06/avosHostEnvironment.xsd"
                              isByCopy="true"
                              name="ResourceMessage">
                  <description>Each object contains detailed information for a resource referenced in the original request.</description>
                  <detail>
                     <field name="processMessages" type="objectlist">
                        <options>
                           <option name="referenceTo">ProcessMessageWithResourceStatusCode</option>
                           <option name="relationshipName">Child</option>
                        </options>
                     </field>
                     <field name="resourceMessageID" type="reference">
                        <options>
                           <option name="referenceTo">IDType_v01</option>
                           <option name="relationshipName">Child</option>
                        </options>
                     </field>
                     <field name="resourceStatusCode" type="reference">
                        <options>
                           <option name="referenceTo">ResourceMessageResourceStatus</option>
                           <option name="relationshipName">Child</option>
                        </options>
                     </field>
                     <field name="resourceLink" type="reference">
                        <options>
                           <option name="referenceTo">linkType_v02</option>
                           <option name="relationshipName">Child</option>
                        </options>
                     </field>
                  </detail>
               </processObject>
               <processObject xmlns="http://schemas.active-endpoints.com/appmodules/screenflow/2011/06/avosHostEnvironment.xsd"
                              isByCopy="true"
                              name="PayrollV1PaycardCardholdersCardUsageExpansions400Error">
                  <description/>
                  <detail>
                     <field name="externalValue" type="string"/>
                  </detail>
               </processObject>
               <processObject xmlns="http://schemas.active-endpoints.com/appmodules/screenflow/2011/06/avosHostEnvironment.xsd"
                              isByCopy="true"
                              name="CodeValue2">
                  <description>The code for the related entity.</description>
                  <detail/>
               </processObject>
               <processObject xmlns="http://schemas.active-endpoints.com/appmodules/screenflow/2011/06/avosHostEnvironment.xsd"
                              isByCopy="true"
                              name="CodeValue3">
                  <description>The code for the related entity.</description>
                  <detail/>
               </processObject>
               <processObject xmlns="http://schemas.active-endpoints.com/appmodules/screenflow/2011/06/avosHostEnvironment.xsd"
                              isByCopy="true"
                              name="ActionTypeCode">
                  <description>Identifies the type of action to be taken to fulfill the request.  Action can be a callback to a service to complete the action.  A callback requires the methodCode and uris to be returned.  An external link i.e. open a web page - requires the uris of the external link; An object reference is a reference to a related object within the application.  This is a canonical name which represents the object.  Based on this identifier, the application knows what view it needs to open.  The uris returns the data for the view.  For an object reference, the objectRefID, methodCode, and uris are required . modify indicates that a property is being modified</description>
                  <detail/>
               </processObject>
               <processObject xmlns="http://schemas.active-endpoints.com/appmodules/screenflow/2011/06/avosHostEnvironment.xsd"
                              isByCopy="true"
                              name="CodeValue1">
                  <description>The code for the related entity.</description>
                  <detail/>
               </processObject>
               <processObject xmlns="http://schemas.active-endpoints.com/appmodules/screenflow/2011/06/avosHostEnvironment.xsd"
                              isByCopy="true"
                              name="metaDataType">
                  <description/>
                  <detail/>
               </processObject>
               <processObject xmlns="http://schemas.active-endpoints.com/appmodules/screenflow/2011/06/avosHostEnvironment.xsd"
                              isByCopy="true"
                              name="metaType_v02">
                  <description>Meta contains the metadata associated with a response.  A GET response may include metadata to support pagination</description>
                  <detail>
                     <field name="totalNumber" type="int"/>
                     <field name="startSequence" type="int"/>
                     <field name="links" type="objectlist">
                        <options>
                           <option name="referenceTo">linkType_v02</option>
                           <option name="relationshipName">Child</option>
                        </options>
                     </field>
                     <field name="completeIndicator" type="boolean"/>
                     <field name="resourceSetID" type="string"/>
                  </detail>
               </processObject>
               <processObject xmlns="http://schemas.active-endpoints.com/appmodules/screenflow/2011/06/avosHostEnvironment.xsd"
                              isByCopy="true"
                              name="maskingRuleType">
                  <description/>
                  <detail>
                     <field name="authorizationResourceID" type="string"/>
                     <field name="links" type="objectlist">
                        <options>
                           <option name="referenceTo">linkType_v02</option>
                           <option name="relationshipName">Child</option>
                        </options>
                     </field>
                     <field name="authorizationRequiredIndicator" type="boolean"/>
                  </detail>
               </processObject>
               <processObject xmlns="http://schemas.active-endpoints.com/appmodules/screenflow/2011/06/avosHostEnvironment.xsd"
                              isByCopy="true"
                              name="confirmMessageType_v01">
                  <description>The ConfirmMessage contains the processing results for the corresponding request.  A request may have its processing reported as: succeeded, partially failed, or failed.</description>
                  <detail>
                     <field name="requestLink" type="reference">
                        <options>
                           <option name="referenceTo">linkType_v02</option>
                           <option name="relationshipName">Child</option>
                        </options>
                     </field>
                     <field name="confirmMessageID" type="reference">
                        <options>
                           <option name="referenceTo">IDType_v01</option>
                           <option name="relationshipName">Child</option>
                        </options>
                     </field>
                     <field name="requestETag" type="string"/>
                     <field name="requestMethodCode" type="reference">
                        <options>
                           <option name="referenceTo">RequestMethodCode</option>
                           <option name="relationshipName">Child</option>
                        </options>
                     </field>
                     <field name="sessionID" type="reference">
                        <options>
                           <option name="referenceTo">IDType_v01</option>
                           <option name="relationshipName">Child</option>
                        </options>
                     </field>
                     <field name="createDateTime" type="datetime"/>
                     <field name="resourceMessages" type="objectlist">
                        <options>
                           <option name="referenceTo">ResourceMessage</option>
                           <option name="relationshipName">Child</option>
                        </options>
                     </field>
                     <field name="processMessages" type="objectlist">
                        <options>
                           <option name="referenceTo">processMessage_v01</option>
                           <option name="relationshipName">Child</option>
                        </options>
                     </field>
                     <field name="protocolCode" type="reference">
                        <options>
                           <option name="referenceTo">codeType_v01</option>
                           <option name="relationshipName">Child</option>
                        </options>
                     </field>
                     <field name="requestStatusCode" type="reference">
                        <options>
                           <option name="referenceTo">RequestStatusCode</option>
                           <option name="relationshipName">Child</option>
                        </options>
                     </field>
                     <field name="processingStatusCode" type="reference">
                        <options>
                           <option name="referenceTo">ProcessingStatusCode</option>
                           <option name="relationshipName">Child</option>
                        </options>
                     </field>
                     <field name="requestID" type="reference">
                        <options>
                           <option name="referenceTo">IDType_v01</option>
                           <option name="relationshipName">Child</option>
                        </options>
                     </field>
                     <field name="protocolStatusCode" type="reference">
                        <options>
                           <option name="referenceTo">codeType_v01</option>
                           <option name="relationshipName">Child</option>
                        </options>
                     </field>
                     <field name="requestReceiptDateTime" type="datetime"/>
                  </detail>
               </processObject>
               <processObject xmlns="http://schemas.active-endpoints.com/appmodules/screenflow/2011/06/avosHostEnvironment.xsd"
                              isByCopy="true"
                              name="messageType_v01">
                  <description>Representation of a message.</description>
                  <detail>
                     <field name="messageTxt" type="string"/>
                     <field name="links" type="objectlist">
                        <options>
                           <option name="referenceTo">linkType_v02</option>
                           <option name="relationshipName">Child</option>
                        </options>
                     </field>
                     <field name="title" type="string"/>
                     <field name="codeValue" type="string"/>
                  </detail>
               </processObject>
               <processObject xmlns="http://schemas.active-endpoints.com/appmodules/screenflow/2011/06/avosHostEnvironment.xsd"
                              isByCopy="true"
                              name="RequestMethodCode">
                  <description>The method that was used on the request corresponding to this message instance.</description>
                  <detail>
                     <field name="shortName" type="string"/>
                     <field name="codeValue" type="reference">
                        <options>
                           <option name="referenceTo">CodeValue1</option>
                           <option name="relationshipName">Child</option>
                        </options>
                     </field>
                     <field name="longName" type="string"/>
                  </detail>
               </processObject>
               <processObject xmlns="http://schemas.active-endpoints.com/appmodules/screenflow/2011/06/avosHostEnvironment.xsd"
                              isByCopy="true"
                              name="messageTypeCodeType_v01">
                  <description>Schema describing the type of the user or developer message</description>
                  <detail>
                     <field name="shortName" type="string"/>
                     <field name="codeValue" type="reference">
                        <options>
                           <option name="referenceTo">CodeValue3</option>
                           <option name="relationshipName">Child</option>
                        </options>
                     </field>
                     <field name="longName" type="string"/>
                  </detail>
               </processObject>
               <processObject xmlns="http://schemas.active-endpoints.com/appmodules/screenflow/2011/06/avosHostEnvironment.xsd"
                              isByCopy="true"
                              name="codeListType_v03">
                  <description/>
                  <detail>
                     <field name="listItems" type="objectlist">
                        <options>
                           <option name="referenceTo">codeListItemType_v02</option>
                           <option name="relationshipName">Child</option>
                        </options>
                     </field>
                     <field name="exclusiveIndicator" type="boolean"/>
                     <field name="codeListTitle" type="string"/>
                     <field name="links" type="objectlist">
                        <options>
                           <option name="referenceTo">linkType_v02</option>
                           <option name="relationshipName">Child</option>
                        </options>
                     </field>
                  </detail>
               </processObject>
               <processObject xmlns="http://schemas.active-endpoints.com/appmodules/screenflow/2011/06/avosHostEnvironment.xsd"
                              isByCopy="true"
                              name="codeListItemType_v02">
                  <description/>
                  <detail>
                     <field name="itemID" type="string"/>
                     <field name="inactiveIndicator" type="boolean"/>
                     <field name="defaultIndicator" type="boolean"/>
                     <field name="valueDescription" type="string"/>
                     <field name="shortName" type="string"/>
                     <field name="foreignKey" type="string"/>
                     <field name="codeValue" type="string"/>
                     <field name="longName" type="string"/>
                  </detail>
               </processObject>
               <processObject xmlns="http://schemas.active-endpoints.com/appmodules/screenflow/2011/06/avosHostEnvironment.xsd"
                              isByCopy="true"
                              name="GeographicalBoundryDetail">
                  <description/>
                  <detail>
                     <field name="itemID" type="string"/>
                     <field name="countryCode" type="string"/>
                     <field name="countrySubdivisionLevel1" type="reference">
                        <options>
                           <option name="referenceTo">countrySubdivisionType_v02</option>
                           <option name="relationshipName">Child</option>
                        </options>
                     </field>
                     <field name="datePeriod" type="reference">
                        <options>
                           <option name="referenceTo">datePeriodType_v02</option>
                           <option name="relationshipName">Child</option>
                        </options>
                     </field>
                  </detail>
               </processObject>
               <processObject xmlns="http://schemas.active-endpoints.com/appmodules/screenflow/2011/06/avosHostEnvironment.xsd"
                              isByCopy="true"
                              name="EncType">
                  <description>If present, this property indicates a query media type format that the server supports for querying or posting to the collection of instances at the target resource.  The query can be suffixed to the target URI to query the collection with property-based constraints on the resources that SHOULD be returned from the server or used to post data to the resource (depending on the method). (Request)</description>
                  <detail/>
               </processObject>
               <processObject xmlns="http://schemas.active-endpoints.com/appmodules/screenflow/2011/06/avosHostEnvironment.xsd"
                              isByCopy="true"
                              name="processMessage_v01">
                  <description>Each object contains processing information for either the request (at the ConfirmMessage level) or a resource being managed in the request (at the ResourceMessage level).</description>
                  <detail>
                     <field name="userMessage" type="reference">
                        <options>
                           <option name="referenceTo">messageType_v01</option>
                           <option name="relationshipName">Child</option>
                        </options>
                     </field>
                     <field name="messageTypeCode" type="reference">
                        <options>
                           <option name="referenceTo">messageTypeCodeType_v01</option>
                           <option name="relationshipName">Child</option>
                        </options>
                     </field>
                     <field name="developerMessage" type="reference">
                        <options>
                           <option name="referenceTo">messageType_v01</option>
                           <option name="relationshipName">Child</option>
                        </options>
                     </field>
                     <field name="processMessageID" type="reference">
                        <options>
                           <option name="referenceTo">IDType_v01</option>
                           <option name="relationshipName">Child</option>
                        </options>
                     </field>
                     <field name="links" type="objectlist">
                        <options>
                           <option name="referenceTo">linkType_v02</option>
                           <option name="relationshipName">Child</option>
                        </options>
                     </field>
                     <field name="expressionLanguageCode" type="reference">
                        <options>
                           <option name="referenceTo">ExpressionLanguageCode</option>
                           <option name="relationshipName">Child</option>
                        </options>
                     </field>
                     <field name="sourceLocationExpression" type="string"/>
                  </detail>
               </processObject>
               <processObject xmlns="http://schemas.active-endpoints.com/appmodules/screenflow/2011/06/avosHostEnvironment.xsd"
                              isByCopy="true"
                              name="stringCodeListType">
                  <description/>
                  <detail>
                     <field name="masking" type="reference">
                        <options>
                           <option name="referenceTo">maskingRuleType</option>
                           <option name="relationshipName">Child</option>
                        </options>
                     </field>
                     <field name="valueSet" type="reference">
                        <options>
                           <option name="referenceTo">valueSetType</option>
                           <option name="relationshipName">Child</option>
                        </options>
                     </field>
                     <field name="hidden" type="boolean"/>
                     <field name="minLength" type="int"/>
                     <field name="dataType" type="reference">
                        <options>
                           <option name="referenceTo">metaDataType</option>
                           <option name="relationshipName">Child</option>
                        </options>
                     </field>
                     <field name="pattern" type="string"/>
                     <field name="readOnly" type="boolean"/>
                     <field name="optional" type="boolean"/>
                     <field name="codeList" type="reference">
                        <options>
                           <option name="referenceTo">codeListType_v03</option>
                           <option name="relationshipName">Child</option>
                        </options>
                     </field>
                     <field name="helperMessage" type="reference">
                        <options>
                           <option name="referenceTo">helperMessageType</option>
                           <option name="relationshipName">Child</option>
                        </options>
                     </field>
                     <field name="dependencies" type="object"/>
                     <field name="sequence" type="int"/>
                     <field name="disallow" type="objectlist">
                        <options>
                           <option name="referenceTo">disallowItemType</option>
                           <option name="relationshipName">Child</option>
                        </options>
                     </field>
                     <field name="default" type="string"/>
                     <field name="shortLabelName" type="string"/>
                     <field name="dependencyLinks" type="objectlist">
                        <options>
                           <option name="referenceTo">linkType_v02</option>
                           <option name="relationshipName">Child</option>
                        </options>
                     </field>
                     <field name="longLabelName" type="string"/>
                     <field name="equals" type="objectlist">
                        <options>
                           <option name="referenceTo">string</option>
                           <option name="relationshipName">Child</option>
                        </options>
                     </field>
                     <field name="lessThan" type="objectlist">
                        <options>
                           <option name="referenceTo">string</option>
                           <option name="relationshipName">Child</option>
                        </options>
                     </field>
                     <field name="maxLength" type="int"/>
                     <field name="greaterThan" type="objectlist">
                        <options>
                           <option name="referenceTo">string</option>
                           <option name="relationshipName">Child</option>
                        </options>
                     </field>
                  </detail>
               </processObject>
               <processObject xmlns="http://schemas.active-endpoints.com/appmodules/screenflow/2011/06/avosHostEnvironment.xsd"
                              isByCopy="true"
                              name="stringType">
                  <description/>
                  <detail>
                     <field name="masking" type="reference">
                        <options>
                           <option name="referenceTo">maskingRuleType</option>
                           <option name="relationshipName">Child</option>
                        </options>
                     </field>
                     <field name="valueSet" type="reference">
                        <options>
                           <option name="referenceTo">valueSetType</option>
                           <option name="relationshipName">Child</option>
                        </options>
                     </field>
                     <field name="hidden" type="boolean"/>
                     <field name="minLength" type="int"/>
                     <field name="dataType" type="reference">
                        <options>
                           <option name="referenceTo">metaDataType</option>
                           <option name="relationshipName">Child</option>
                        </options>
                     </field>
                     <field name="pattern" type="string"/>
                     <field name="readOnly" type="boolean"/>
                     <field name="optional" type="boolean"/>
                     <field name="helperMessage" type="reference">
                        <options>
                           <option name="referenceTo">helperMessageType</option>
                           <option name="relationshipName">Child</option>
                        </options>
                     </field>
                     <field name="dependencies" type="object"/>
                     <field name="sequence" type="int"/>
                     <field name="disallow" type="objectlist">
                        <options>
                           <option name="referenceTo">disallowItemType</option>
                           <option name="relationshipName">Child</option>
                        </options>
                     </field>
                     <field name="default" type="string"/>
                     <field name="shortLabelName" type="string"/>
                     <field name="dependencyLinks" type="objectlist">
                        <options>
                           <option name="referenceTo">linkType_v02</option>
                           <option name="relationshipName">Child</option>
                        </options>
                     </field>
                     <field name="longLabelName" type="string"/>
                     <field name="equals" type="objectlist">
                        <options>
                           <option name="referenceTo">string</option>
                           <option name="relationshipName">Child</option>
                        </options>
                     </field>
                     <field name="lessThan" type="objectlist">
                        <options>
                           <option name="referenceTo">string</option>
                           <option name="relationshipName">Child</option>
                        </options>
                     </field>
                     <field name="maxLength" type="int"/>
                     <field name="greaterThan" type="objectlist">
                        <options>
                           <option name="referenceTo">string</option>
                           <option name="relationshipName">Child</option>
                        </options>
                     </field>
                  </detail>
               </processObject>
               <processObject xmlns="http://schemas.active-endpoints.com/appmodules/screenflow/2011/06/avosHostEnvironment.xsd"
                              isByCopy="true"
                              name="disallowItemType">
                  <description/>
                  <detail>
                     <field name="itemID" type="string"/>
                  </detail>
               </processObject>
               <processObject xmlns="http://schemas.active-endpoints.com/appmodules/screenflow/2011/06/avosHostEnvironment.xsd"
                              isByCopy="true"
                              name="CodeValue">
                  <description>The code for the related entity.</description>
                  <detail/>
               </processObject>
               <processObject xmlns="http://schemas.active-endpoints.com/appmodules/screenflow/2011/06/avosHostEnvironment.xsd"
                              isByCopy="true"
                              name="DataType">
                  <description>Data type of the attribute</description>
                  <detail/>
               </processObject>
               <processObject xmlns="http://schemas.active-endpoints.com/appmodules/screenflow/2011/06/avosHostEnvironment.xsd"
                              isByCopy="true"
                              name="ProcessingStatusCode">
                  <description>Processing status of the related request message.</description>
                  <detail>
                     <field name="shortName" type="string"/>
                     <field name="codeValue" type="reference">
                        <options>
                           <option name="referenceTo">CodeValue2</option>
                           <option name="relationshipName">Child</option>
                        </options>
                     </field>
                     <field name="longName" type="string"/>
                  </detail>
               </processObject>
               <processObject xmlns="http://schemas.active-endpoints.com/appmodules/screenflow/2011/06/avosHostEnvironment.xsd"
                              isByCopy="true"
                              name="ProcessMessageWithResourceStatusCode">
                  <description>Each object contains processing information for either the request (at the ConfirmMessage level) or a resource being managed in the request (at the ResourceMessage level).</description>
                  <detail>
                     <field name="userMessage" type="reference">
                        <options>
                           <option name="referenceTo">messageType_v01</option>
                           <option name="relationshipName">Child</option>
                        </options>
                     </field>
                     <field name="messageTypeCode" type="reference">
                        <options>
                           <option name="referenceTo">messageTypeCodeType_v01</option>
                           <option name="relationshipName">Child</option>
                        </options>
                     </field>
                     <field name="developerMessage" type="reference">
                        <options>
                           <option name="referenceTo">messageType_v01</option>
                           <option name="relationshipName">Child</option>
                        </options>
                     </field>
                     <field name="resourceStatusCode" type="reference">
                        <options>
                           <option name="referenceTo">codeType_v01</option>
                           <option name="relationshipName">Child</option>
                        </options>
                     </field>
                     <field name="processMessageID" type="reference">
                        <options>
                           <option name="referenceTo">IDType_v01</option>
                           <option name="relationshipName">Child</option>
                        </options>
                     </field>
                     <field name="links" type="objectlist">
                        <options>
                           <option name="referenceTo">linkType_v02</option>
                           <option name="relationshipName">Child</option>
                        </options>
                     </field>
                     <field name="expressionLanguageCode" type="reference">
                        <options>
                           <option name="referenceTo">ExpressionLanguageCode</option>
                           <option name="relationshipName">Child</option>
                        </options>
                     </field>
                     <field name="sourceLocationExpression" type="string"/>
                  </detail>
               </processObject>
               <processObject xmlns="http://schemas.active-endpoints.com/appmodules/screenflow/2011/06/avosHostEnvironment.xsd"
                              isByCopy="true"
                              name="codeType_v01">
                  <description>The code for the related entity</description>
                  <detail>
                     <field name="shortName" type="string"/>
                     <field name="codeValue" type="string"/>
                     <field name="longName" type="string"/>
                  </detail>
               </processObject>
               <processObject xmlns="http://schemas.active-endpoints.com/appmodules/screenflow/2011/06/avosHostEnvironment.xsd"
                              isByCopy="true"
                              name="ExpressionLanguageCode">
                  <description>Identifies the language used for expressions communicated in this message.</description>
                  <detail>
                     <field name="shortName" type="string"/>
                     <field name="codeValue" type="reference">
                        <options>
                           <option name="referenceTo">CodeValue4</option>
                           <option name="relationshipName">Child</option>
                        </options>
                     </field>
                     <field name="longName" type="string"/>
                  </detail>
               </processObject>
               <processObject xmlns="http://schemas.active-endpoints.com/appmodules/screenflow/2011/06/avosHostEnvironment.xsd"
                              isByCopy="true"
                              name="cardholderscardsUsageExpansionMetaType">
                  <description>Card Usage Expansion for each card - Meta</description>
                  <detail>
                     <field name="meta" type="reference">
                        <options>
                           <option name="referenceTo">cardholderscardsUsageExpansionMeta</option>
                           <option name="relationshipName">Child</option>
                        </options>
                     </field>
                  </detail>
               </processObject>
               <processObject xmlns="http://schemas.active-endpoints.com/appmodules/screenflow/2011/06/avosHostEnvironment.xsd"
                              isByCopy="true"
                              name="cardholderscardsUsageExpansionQueryCriterion">
                  <description>A single query parameter</description>
                  <detail>
                     <field name="obligationCode" type="string"/>
                     <field name="itemID" type="string"/>
                     <field name="queryValueCodeList" type="reference">
                        <options>
                           <option name="referenceTo">codeListType_v03</option>
                           <option name="relationshipName">Child</option>
                        </options>
                     </field>
                     <field name="defaultNumberValue" type="double"/>
                     <field name="queryOptionTypeCode" type="string"/>
                     <field name="resourcePaths" type="objectlist">
                        <options>
                           <option name="referenceTo">string</option>
                           <option name="relationshipName">Child</option>
                        </options>
                     </field>
                     <field name="pattern" type="string"/>
                     <field name="excludedResourcePaths" type="objectlist">
                        <options>
                           <option name="referenceTo">string</option>
                           <option name="relationshipName">Child</option>
                        </options>
                     </field>
                     <field name="resourcePathMax" type="int"/>
                     <field name="queryOptionCode" type="string"/>
                     <field name="defaultStringValue" type="string"/>
                     <field name="logicalOperators" type="objectlist">
                        <options>
                           <option name="referenceTo">LogicalOperator</option>
                           <option name="relationshipName">Child</option>
                        </options>
                     </field>
                  </detail>
               </processObject>
               <processObject xmlns="http://schemas.active-endpoints.com/appmodules/screenflow/2011/06/avosHostEnvironment.xsd"
                              isByCopy="true"
                              name="cardholderscardsUsageExpansionMeta">
                  <description>cardholderscardsUsageExpansion meta schema for - cardholderscardsUsageExpansion_schema_v01_00_rev001.json</description>
                  <detail>
                     <field name="SC__cardsUsageExpansion_actions_links_payLoadArguments_argumentPath"
                            type="reference">
                        <options>
                           <option name="referenceTo">stringType</option>
                           <option name="relationshipName">Child</option>
                        </options>
                     </field>
                     <field name="SC__cardsUsageExpansion_geoGraphicalBoundries_countrySubdivisionLevel1_codeValue"
                            type="reference">
                        <options>
                           <option name="referenceTo">stringType</option>
                           <option name="relationshipName">Child</option>
                        </options>
                     </field>
                     <field name="SC__cardsUsageExpansion_actions_operationID" type="reference">
                        <options>
                           <option name="referenceTo">stringType</option>
                           <option name="relationshipName">Child</option>
                        </options>
                     </field>
                     <field name="SC__cardsUsageExpansion_actions_defaultIndicator"
                            type="reference">
                        <options>
                           <option name="referenceTo">booleanType</option>
                           <option name="relationshipName">Child</option>
                        </options>
                     </field>
                     <field name="SC__cardsUsageExpansion_actions_links_schema" type="reference">
                        <options>
                           <option name="referenceTo">stringType</option>
                           <option name="relationshipName">Child</option>
                        </options>
                     </field>
                     <field name="SC__cardsUsageExpansion_actions_links_mediaType" type="reference">
                        <options>
                           <option name="referenceTo">stringType</option>
                           <option name="relationshipName">Child</option>
                        </options>
                     </field>
                     <field name="SC__cardsUsageExpansion_cardAccount_routingTransitID_schemeCode_codeValue"
                            type="reference">
                        <options>
                           <option name="referenceTo">stringType</option>
                           <option name="relationshipName">Child</option>
                        </options>
                     </field>
                     <field name="SC__cardsUsageExpansion_actions_links_encType" type="reference">
                        <options>
                           <option name="referenceTo">stringType</option>
                           <option name="relationshipName">Child</option>
                        </options>
                     </field>
                     <field name="SC__cardsUsageExpansion_geoGraphicalBoundries_itemID"
                            type="reference">
                        <options>
                           <option name="referenceTo">stringType</option>
                           <option name="relationshipName">Child</option>
                        </options>
                     </field>
                     <field name="SC__cardsUsageExpansion_geoGraphicalBoundries" type="reference">
                        <options>
                           <option name="referenceTo">arrayType</option>
                           <option name="relationshipName">Child</option>
                        </options>
                     </field>
                     <field name="SC__cardsUsageExpansion_actions_attestation_messageTxt"
                            type="reference">
                        <options>
                           <option name="referenceTo">stringType</option>
                           <option name="relationshipName">Child</option>
                        </options>
                     </field>
                     <field name="SC__cardsUsageExpansion_cardAccount" type="reference">
                        <options>
                           <option name="referenceTo">objectType</option>
                           <option name="relationshipName">Child</option>
                        </options>
                     </field>
                     <field name="SC__cardsUsageExpansion_cardAccount_routingTransitID_schemeCode_shortName"
                            type="reference">
                        <options>
                           <option name="referenceTo">stringType</option>
                           <option name="relationshipName">Child</option>
                        </options>
                     </field>
                     <field name="SC__cardsUsageExpansion_actions_attestation_messageUri"
                            type="reference">
                        <options>
                           <option name="referenceTo">stringType</option>
                           <option name="relationshipName">Child</option>
                        </options>
                     </field>
                     <field name="SC__cardsUsageExpansion_actions_links_href" type="reference">
                        <options>
                           <option name="referenceTo">stringType</option>
                           <option name="relationshipName">Child</option>
                        </options>
                     </field>
                     <field name="SC__cardsUsageExpansion_actions_links_targetSchema"
                            type="reference">
                        <options>
                           <option name="referenceTo">stringType</option>
                           <option name="relationshipName">Child</option>
                        </options>
                     </field>
                     <field name="SC__cardsUsageExpansion_cardAccount_routingTransitID_idValue"
                            type="reference">
                        <options>
                           <option name="referenceTo">stringType</option>
                           <option name="relationshipName">Child</option>
                        </options>
                     </field>
                     <field name="SC__cardsUsageExpansion_actions_links" type="reference">
                        <options>
                           <option name="referenceTo">arrayType</option>
                           <option name="relationshipName">Child</option>
                        </options>
                     </field>
                     <field name="SC__cardsUsageExpansion_geoGraphicalBoundries_countryCode"
                            type="reference">
                        <options>
                           <option name="referenceTo">stringCodeListType</option>
                           <option name="relationshipName">Child</option>
                        </options>
                     </field>
                     <field name="SC__cardsUsageExpansion_geoGraphicalBoundries_countrySubdivisionLevel1_subdivisionType"
                            type="reference">
                        <options>
                           <option name="referenceTo">stringType</option>
                           <option name="relationshipName">Child</option>
                        </options>
                     </field>
                     <field name="SC__cardsUsageExpansion_geoGraphicalBoundries_countrySubdivisionLevel1_longName"
                            type="reference">
                        <options>
                           <option name="referenceTo">stringType</option>
                           <option name="relationshipName">Child</option>
                        </options>
                     </field>
                     <field name="SC__cardsUsageExpansion_actions" type="reference">
                        <options>
                           <option name="referenceTo">arrayType</option>
                           <option name="relationshipName">Child</option>
                        </options>
                     </field>
                     <field name="SC__cardsUsageExpansion" type="reference">
                        <options>
                           <option name="referenceTo">arrayType</option>
                           <option name="relationshipName">Child</option>
                        </options>
                     </field>
                     <field name="SC__cardsUsageExpansion_geoGraphicalBoundries_countrySubdivisionLevel1_shortName"
                            type="reference">
                        <options>
                           <option name="referenceTo">stringType</option>
                           <option name="relationshipName">Child</option>
                        </options>
                     </field>
                     <field name="SC__cardsUsageExpansion_geoGraphicalBoundries_countrySubdivisionLevel1"
                            type="reference">
                        <options>
                           <option name="referenceTo">stringCodeListType</option>
                           <option name="relationshipName">Child</option>
                        </options>
                     </field>
                     <field name="SC__cardsUsageExpansion_cardAccount_routingTransitID"
                            type="reference">
                        <options>
                           <option name="referenceTo">objectType</option>
                           <option name="relationshipName">Child</option>
                        </options>
                     </field>
                     <field name="SC__cardsUsageExpansion_actions_links_title" type="reference">
                        <options>
                           <option name="referenceTo">stringType</option>
                           <option name="relationshipName">Child</option>
                        </options>
                     </field>
                     <field name="SC__cardsUsageExpansion_geoGraphicalBoundries_datePeriod_endTime"
                            type="reference">
                        <options>
                           <option name="referenceTo">stringType</option>
                           <option name="relationshipName">Child</option>
                        </options>
                     </field>
                     <field name="SC__cardsUsageExpansion_actions_links_canonicalUri"
                            type="reference">
                        <options>
                           <option name="referenceTo">stringType</option>
                           <option name="relationshipName">Child</option>
                        </options>
                     </field>
                     <field name="queryCriteria" type="objectlist">
                        <options>
                           <option name="referenceTo">cardholderscardsUsageExpansionQueryCriterion</option>
                           <option name="relationshipName">Child</option>
                        </options>
                     </field>
                     <field name="SC__cardsUsageExpansion_cardAccount_accountNumber"
                            type="reference">
                        <options>
                           <option name="referenceTo">stringType</option>
                           <option name="relationshipName">Child</option>
                        </options>
                     </field>
                     <field name="SC__cardsUsageExpansion_geoGraphicalBoundries_datePeriod_startTime"
                            type="reference">
                        <options>
                           <option name="referenceTo">stringType</option>
                           <option name="relationshipName">Child</option>
                        </options>
                     </field>
                     <field name="SC__cardsUsageExpansion_itemID" type="reference">
                        <options>
                           <option name="referenceTo">stringType</option>
                           <option name="relationshipName">Child</option>
                        </options>
                     </field>
                     <field name="SC__cardsUsageExpansion_cardID" type="reference">
                        <options>
                           <option name="referenceTo">objectType</option>
                           <option name="relationshipName">Child</option>
                        </options>
                     </field>
                     <field name="SC__cardsUsageExpansion_cardAccount_routingTransitID_schemeCode"
                            type="reference">
                        <options>
                           <option name="referenceTo">stringCodeListType</option>
                           <option name="relationshipName">Child</option>
                        </options>
                     </field>
                     <field name="SC__cardsUsageExpansion_actions_attestation_actionBlockIndicator"
                            type="reference">
                        <options>
                           <option name="referenceTo">booleanType</option>
                           <option name="relationshipName">Child</option>
                        </options>
                     </field>
                     <field name="SC__cardsUsageExpansion_actions_links_rel" type="reference">
                        <options>
                           <option name="referenceTo">stringType</option>
                           <option name="relationshipName">Child</option>
                        </options>
                     </field>
                     <field name="SC__cardsUsageExpansion_actions_links_payLoadArguments"
                            type="reference">
                        <options>
                           <option name="referenceTo">arrayType</option>
                           <option name="relationshipName">Child</option>
                        </options>
                     </field>
                     <field name="SC__cardsUsageExpansion_cardAccount_routingTransitID_schemeCode_longName"
                            type="reference">
                        <options>
                           <option name="referenceTo">stringType</option>
                           <option name="relationshipName">Child</option>
                        </options>
                     </field>
                     <field name="SC__cardsUsageExpansion_actions_sequence" type="reference">
                        <options>
                           <option name="referenceTo">numberType</option>
                           <option name="relationshipName">Child</option>
                        </options>
                     </field>
                     <field name="SC__cardsUsageExpansion_actions_links_method" type="reference">
                        <options>
                           <option name="referenceTo">stringType</option>
                           <option name="relationshipName">Child</option>
                        </options>
                     </field>
                     <field name="SC__cardsUsageExpansion_actions_confirmationRequiredIndicator"
                            type="reference">
                        <options>
                           <option name="referenceTo">booleanType</option>
                           <option name="relationshipName">Child</option>
                        </options>
                     </field>
                     <field name="SC__cardsUsageExpansion_actions_attestation" type="reference">
                        <options>
                           <option name="referenceTo">objectType</option>
                           <option name="relationshipName">Child</option>
                        </options>
                     </field>
                     <field name="SC__cardsUsageExpansion_geoGraphicalBoundries_datePeriod_startDate"
                            type="reference">
                        <options>
                           <option name="referenceTo">stringType</option>
                           <option name="relationshipName">Child</option>
                        </options>
                     </field>
                     <field name="SC__cardsUsageExpansion_actions_links_payLoadArguments_argumentValue"
                            type="reference">
                        <options>
                           <option name="referenceTo">stringType</option>
                           <option name="relationshipName">Child</option>
                        </options>
                     </field>
                     <field name="SC__cardsUsageExpansion_geoGraphicalBoundries_datePeriod"
                            type="reference">
                        <options>
                           <option name="referenceTo">objectType</option>
                           <option name="relationshipName">Child</option>
                        </options>
                     </field>
                     <field name="SC__cardsUsageExpansion_actions_canonicalUri" type="reference">
                        <options>
                           <option name="referenceTo">stringType</option>
                           <option name="relationshipName">Child</option>
                        </options>
                     </field>
                     <field name="SC__cardsUsageExpansion_actions_commentAllowedIndicator"
                            type="reference">
                        <options>
                           <option name="referenceTo">booleanType</option>
                           <option name="relationshipName">Child</option>
                        </options>
                     </field>
                     <field name="SC__cardsUsageExpansion_actions_actionTypeCode" type="reference">
                        <options>
                           <option name="referenceTo">stringCodeListType</option>
                           <option name="relationshipName">Child</option>
                        </options>
                     </field>
                     <field name="SC__cardsUsageExpansion_geoGraphicalBoundries_datePeriod_endDate"
                            type="reference">
                        <options>
                           <option name="referenceTo">stringType</option>
                           <option name="relationshipName">Child</option>
                        </options>
                     </field>
                  </detail>
               </processObject>
               <processObject xmlns="http://schemas.active-endpoints.com/appmodules/screenflow/2011/06/avosHostEnvironment.xsd"
                              isByCopy="true"
                              name="PayLoadArgument">
                  <description/>
                  <detail>
                     <field name="argumentValue" type="string"/>
                     <field name="argumentPath" type="string"/>
                  </detail>
               </processObject>
               <processObject xmlns="http://schemas.active-endpoints.com/appmodules/screenflow/2011/06/avosHostEnvironment.xsd"
                              isByCopy="true"
                              name="CardAccount">
                  <description>The bank account associated with the card</description>
                  <detail>
                     <field name="accountNumber" type="string"/>
                     <field name="routingTransitID" type="reference">
                        <options>
                           <option name="referenceTo">IDType_v02</option>
                           <option name="relationshipName">Child</option>
                        </options>
                     </field>
                  </detail>
               </processObject>
               <processObject xmlns="http://schemas.active-endpoints.com/appmodules/screenflow/2011/06/avosHostEnvironment.xsd"
                              isByCopy="true"
                              name="Rel">
                  <description>Indicates the nature of the relationship of the related resource to the resource that generated this representation</description>
                  <detail/>
               </processObject>
               <processObject xmlns="http://schemas.active-endpoints.com/appmodules/screenflow/2011/06/avosHostEnvironment.xsd"
                              isByCopy="true"
                              name="linkType_v02">
                  <description>A link description object is used to describe link relations.  In the context of a schema, it defines the link relations of the instances of the schema, and can be parameterized by the instance values.  The link description format can be used on its own in regular (non-schema documents), and use of this format can be declared by referencing the normative link description schema as the the schema for the data structure that uses the links</description>
                  <detail>
                     <field name="schema" type="string"/>
                     <field name="targetSchema" type="string"/>
                     <field name="encType" type="reference">
                        <options>
                           <option name="referenceTo">EncType</option>
                           <option name="relationshipName">Child</option>
                        </options>
                     </field>
                     <field name="payLoadArguments" type="objectlist">
                        <options>
                           <option name="referenceTo">PayLoadArgument</option>
                           <option name="relationshipName">Child</option>
                        </options>
                     </field>
                     <field name="method" type="reference">
                        <options>
                           <option name="referenceTo">Method</option>
                           <option name="relationshipName">Child</option>
                        </options>
                     </field>
                     <field name="canonicalUri" type="string"/>
                     <field name="rel" type="reference">
                        <options>
                           <option name="referenceTo">Rel</option>
                           <option name="relationshipName">Child</option>
                        </options>
                     </field>
                     <field name="mediaType" type="reference">
                        <options>
                           <option name="referenceTo">MediaType</option>
                           <option name="relationshipName">Child</option>
                        </options>
                     </field>
                     <field name="href" type="string"/>
                     <field name="title" type="string"/>
                  </detail>
               </processObject>
               <processObject xmlns="http://schemas.active-endpoints.com/appmodules/screenflow/2011/06/avosHostEnvironment.xsd"
                              isByCopy="true"
                              name="string">
                  <description/>
                  <detail>
                     <field name="string" type="string"/>
                  </detail>
               </processObject>
               <processObject xmlns="http://schemas.active-endpoints.com/appmodules/screenflow/2011/06/avosHostEnvironment.xsd"
                              isByCopy="true"
                              name="boolean">
                  <description/>
                  <detail>
                     <field name="boolean" type="boolean"/>
                  </detail>
               </processObject>
               <processObject xmlns="http://schemas.active-endpoints.com/appmodules/screenflow/2011/06/avosHostEnvironment.xsd"
                              isByCopy="true"
                              name="double">
                  <description/>
                  <detail>
                     <field name="double" type="double"/>
                  </detail>
               </processObject>
               <processObject xmlns="http://schemas.active-endpoints.com/appmodules/screenflow/2011/06/avosHostEnvironment.xsd"
                              isByCopy="true"
                              name="integer">
                  <description/>
                  <detail>
                     <field name="integer" type="int"/>
                  </detail>
               </processObject>
            </objects>
         </businessConnector>
      </types1:Entry>
      <types1:GUID>0SPdbNPqDMcgs7zO1obGIw</types1:GUID>
      <types1:DisplayName>ADP Paycard Usage Expansions v1</types1:DisplayName>
   </types1:Item>
   <types1:CurrentServerDateTime>2019-02-28T05:47:56.571Z</types1:CurrentServerDateTime>
</aetgt:getResponse>
