<aetgt:getResponse xmlns:aetgt="http://schemas.active-endpoints.com/appmodules/repository/2010/10/avrepository.xsd"
                   xmlns:types1="http://schemas.active-endpoints.com/appmodules/repository/2010/10/avrepository.xsd">
   <types1:Item>
      <types1:EntryId>KYsGuDoWn2sqeEr-gt-15810859-2019-12-05T10:59:17.581Z::svc.xml</types1:EntryId>
      <types1:Name>GitHub_GraphQL_REST_API_v1</types1:Name>
      <types1:MimeType>application/xml+businesssconnector</types1:MimeType>
      <types1:Description>How people build software&lt;p&gt;Millions of developers use GitHub to build personal projects, support their businesses, and work together on open source technologies. You must currently be enrolled in the [Early Access programme](https://github.com/prerelease/agreement) to use this API. See [more example queries](https://github.com/github/platform-samples/tree/master/graphql/queries).</types1:Description>
      <types1:AppliesTo/>
      <types1:Tags/>
      <types1:VersionLabel>1.0</types1:VersionLabel>
      <types1:State>CURRENT</types1:State>
      <types1:ProcessGroup/>
      <types1:CreatedBy>sorabh@na1.dm-us.org</types1:CreatedBy>
      <types1:CreationDate>2019-12-05T10:59:18Z</types1:CreationDate>
      <types1:ModifiedBy/>
      <types1:PublicationStatus>published</types1:PublicationStatus>
      <types1:PublishedBy>sorabh@na1.dm-us.org</types1:PublishedBy>
      <types1:PublicationDate>2019-12-05T10:59:22Z</types1:PublicationDate>
      <types1:PublishedContributionId>project:/rt.connector/GitHub_GraphQL_REST_API_v1/GitHub_GraphQL_REST_API_v1_svcDef.xml</types1:PublishedContributionId>
      <types1:AutosaveExists>false</types1:AutosaveExists>
      <types1:Entry>
         <businessConnector xmlns="http://schemas.informatica.com/socrates/data-services/2014/05/business-connector-model.xsd"
                            agentOnly="false"
                            debug="false"
                            displayName="GitHub GraphQL REST API v1"
                            label=""
                            name="GitHub_GraphQL_REST_API_v1"
                            uuid="3fe1000e-c6d5-4c9c-b023-095dc78b32f9">
            <description>How people build software&lt;p&gt;Millions of developers use GitHub to build personal projects, support their businesses, and work together on open source technologies. You must currently be enrolled in the [Early Access programme](https://github.com/prerelease/agreement) to use this API. See [more example queries](https://github.com/github/platform-samples/tree/master/graphql/queries).</description>
            <tags/>
            <connectionAttributes xmlns="http://schemas.informatica.com/appmodules/screenflow/2014/04/avosConnectors.xsd">
               <connectionAttribute description="Host Name"
                                    masked="false"
                                    name="hostName"
                                    required="true"
                                    testWith="api.github.com"
                                    type="string"/>
               <connectionAttribute description="API Key"
                                    masked="true"
                                    name="Authorization"
                                    required="true"
                                    testWith=""
                                    type="string"/>
            </connectionAttributes>
            <actions>
               <action category="GraphQL Query"
                       failOnError="true"
                       forSearch="false"
                       label="postQuery"
                       maxRedirects="100"
                       name="postQuery"
                       preemptiveAuth="true"
                       responseEncoding="">
                  <description>Submit GraphQL query. You can make a GraphQL query by issuing a &lt;b&gt;POST&lt;/b&gt; request with a JSON payload. The payload must have a string called &lt;b&gt;query&lt;/b&gt;, and may optionally have a &lt;b&gt;variables&lt;/b&gt; object. If the &lt;b&gt;query&lt;/b&gt; parameter contains multiple queries, the &lt;b&gt;operationName&lt;/b&gt; parameter must be sent to indicate which query to execute.</description>
                  <input>
                     <parameter description="GraphQL query parameter"
                                label="body"
                                name="body"
                                required="true"
                                testWith=""
                                type="reference">
                        <options>
                           <option name="referenceTo">Query</option>
                        </options>
                     </parameter>
                  </input>
                  <binding>
                     <restSimpleBinding multiUsing="semicolonSeparated"
                                        url="https://{$hostName}/graphql"
                                        verb="POST">
                        <httpHeaders>
                           <header name="Content-Type">application/json</header>
                           <header name="Accept">application/json</header>
                        </httpHeaders>
                        <body generateUsing="UnwrappedJSON" preserveJsonStringFormatting="false"/>
                     </restSimpleBinding>
                  </binding>
                  <output>
                     <field description="Success"
                            entireResponse="true"
                            name="Response"
                            type="reference">
                        <options>
                           <option name="referenceTo">Response</option>
                        </options>
                     </field>
                  </output>
               </action>
               <action category="GraphQL Query"
                       failOnError="true"
                       forSearch="false"
                       label="getQuery"
                       maxRedirects="100"
                       name="getQuery"
                       preemptiveAuth="true"
                       responseEncoding="">
                  <description>Submit GraphQL query. You can make a GraphQL query by issuing a &lt;b&gt;GET&lt;/b&gt; request to retrieve the GitHub GraphQL schema.</description>
                  <input/>
                  <binding>
                     <restSimpleBinding multiUsing="semicolonSeparated"
                                        url="https://{$hostName}/graphql"
                                        verb="GET">
                        <httpHeaders>
                           <header name="Content-Type">application/json</header>
                           <header name="Accept">application/json</header>
                        </httpHeaders>
                     </restSimpleBinding>
                  </binding>
                  <output>
                     <field description="Success"
                            entireResponse="true"
                            name="Response"
                            type="reference">
                        <options>
                           <option name="referenceTo">Response</option>
                        </options>
                     </field>
                  </output>
               </action>
            </actions>
            <objects>
               <processObject xmlns="http://schemas.active-endpoints.com/appmodules/screenflow/2011/06/avosHostEnvironment.xsd"
                              isByCopy="true"
                              name="Response">
                  <description/>
                  <detail>
                     <field name="data" type="object"/>
                     <field name="errors" type="objectlist">
                        <options>
                           <option name="referenceTo">Error</option>
                           <option name="relationshipName">Child</option>
                        </options>
                     </field>
                  </detail>
               </processObject>
               <processObject xmlns="http://schemas.active-endpoints.com/appmodules/screenflow/2011/06/avosHostEnvironment.xsd"
                              isByCopy="true"
                              name="Query">
                  <description/>
                  <detail>
                     <field name="variables" type="object"/>
                     <field name="query" type="string"/>
                     <field name="operationName" type="string"/>
                  </detail>
               </processObject>
               <processObject xmlns="http://schemas.active-endpoints.com/appmodules/screenflow/2011/06/avosHostEnvironment.xsd"
                              isByCopy="true"
                              name="Error">
                  <description/>
                  <detail>
                     <field name="locations" type="objectlist">
                        <options>
                           <option name="referenceTo">Location</option>
                           <option name="relationshipName">Child</option>
                        </options>
                     </field>
                     <field name="message" type="string"/>
                  </detail>
               </processObject>
               <processObject xmlns="http://schemas.active-endpoints.com/appmodules/screenflow/2011/06/avosHostEnvironment.xsd"
                              isByCopy="true"
                              name="Location">
                  <description/>
                  <detail>
                     <field name="line" type="int"/>
                     <field name="column" type="int"/>
                  </detail>
               </processObject>
               <processObject xmlns="http://schemas.active-endpoints.com/appmodules/screenflow/2011/06/avosHostEnvironment.xsd"
                              isByCopy="true"
                              name="string">
                  <description/>
                  <detail>
                     <field name="string" type="string"/>
                  </detail>
               </processObject>
               <processObject xmlns="http://schemas.active-endpoints.com/appmodules/screenflow/2011/06/avosHostEnvironment.xsd"
                              isByCopy="true"
                              name="boolean">
                  <description/>
                  <detail>
                     <field name="boolean" type="boolean"/>
                  </detail>
               </processObject>
               <processObject xmlns="http://schemas.active-endpoints.com/appmodules/screenflow/2011/06/avosHostEnvironment.xsd"
                              isByCopy="true"
                              name="double">
                  <description/>
                  <detail>
                     <field name="double" type="double"/>
                  </detail>
               </processObject>
               <processObject xmlns="http://schemas.active-endpoints.com/appmodules/screenflow/2011/06/avosHostEnvironment.xsd"
                              isByCopy="true"
                              name="integer">
                  <description/>
                  <detail>
                     <field name="integer" type="int"/>
                  </detail>
               </processObject>
            </objects>
         </businessConnector>
      </types1:Entry>
      <types1:GUID>5d3alb01j2Ii9eRaMeo8uD</types1:GUID>
      <types1:DisplayName>GitHub GraphQL REST API v1</types1:DisplayName>
   </types1:Item>
   <types1:CurrentServerDateTime>2019-12-05T11:00:17.812Z</types1:CurrentServerDateTime>
</aetgt:getResponse>
