<aetgt:getResponse xmlns:aetgt="http://schemas.active-endpoints.com/appmodules/repository/2010/10/avrepository.xsd"
                   xmlns:types1="http://schemas.active-endpoints.com/appmodules/repository/2010/10/avrepository.xsd">
   <types1:Item>
      <types1:EntryId>wMbgbdoPVm5Y6tM-gt-8937215-2019-12-22T10:52:04.635Z::svc.xml</types1:EntryId>
      <types1:Name>SAP_Ariba_Operational_Reporting_for_Sourcing_-_View_Management_REST_API_v2</types1:Name>
      <types1:MimeType>application/xml+businesssconnector</types1:MimeType>
      <types1:Description>The SAP Ariba Operational Reporting APIs for Strategic Sourcing enables you to report on the transactional data that you need to make operational decisions.
You use the API to create a client application that extracts reportable data.</types1:Description>
      <types1:AppliesTo/>
      <types1:Tags/>
      <types1:VersionLabel>1.0</types1:VersionLabel>
      <types1:State>CURRENT</types1:State>
      <types1:ProcessGroup/>
      <types1:CreatedBy>sorabh@na1.dm-us.org</types1:CreatedBy>
      <types1:CreationDate>2019-12-22T10:52:05Z</types1:CreationDate>
      <types1:ModifiedBy/>
      <types1:PublicationStatus>published</types1:PublicationStatus>
      <types1:PublishedBy>sorabh@na1.dm-us.org</types1:PublishedBy>
      <types1:PublicationDate>2019-12-22T10:52:07Z</types1:PublicationDate>
      <types1:PublishedContributionId>project:/rt.connector/SAP_Ariba_Operational_Reporting_for_Sourcing___View_Management_REST_API_v2/SAP_Ariba_Operational_Reporting_for_Sourcing___View_Management_REST_API_v2_svcDef.xml</types1:PublishedContributionId>
      <types1:AutosaveExists>false</types1:AutosaveExists>
      <types1:Entry>
         <businessConnector xmlns="http://schemas.informatica.com/socrates/data-services/2014/05/business-connector-model.xsd"
                            agentOnly="false"
                            debug="false"
                            displayName="SAP Ariba Operational Reporting for Sourcing - View Management REST API v2"
                            label=""
                            name="SAP_Ariba_Operational_Reporting_for_Sourcing_-_View_Management_REST_API_v2"
                            uuid="5dbecaa4-33a7-44f6-8ccf-ad5b01f2710a">
            <description>The SAP Ariba Operational Reporting APIs for Strategic Sourcing enables you to report on the transactional data that you need to make operational decisions.
You use the API to create a client application that extracts reportable data.</description>
            <tags/>
            <connectionAttributes xmlns="http://schemas.informatica.com/appmodules/screenflow/2014/04/avosConnectors.xsd">
               <connectionAttribute description="Host Name"
                                    masked="false"
                                    name="hostName"
                                    required="true"
                                    testWith="sandbox.api.sap.com"
                                    type="string"/>
            </connectionAttributes>
            <actions>
               <action category="View Management"
                       failOnError="true"
                       forSearch="false"
                       label="get fields and filters of given document type"
                       maxRedirects="100"
                       name="get fields and filters of given document type"
                       preemptiveAuth="true"
                       responseEncoding="">
                  <description>Lists all fields and filters that are available for a given document type</description>
                  <input>
                     <parameter description="Customer realm name"
                                label="realm"
                                name="realm"
                                required="true"
                                testWith=""
                                type="string"/>
                     <parameter description="Value of this field should always be &#34;ACM&#34; while getting metadata information of sourcing document types"
                                label="product"
                                name="product"
                                required="true"
                                testWith=""
                                type="string"/>
                     <parameter description="specify the document type for which the fields and filters needs to be listed. If not provided, it lists all document types's fields and filters"
                                label="documentType"
                                name="documentType"
                                required="false"
                                testWith=""
                                type="string"/>
                  </input>
                  <binding>
                     <restSimpleBinding multiUsing="semicolonSeparated"
                                        url="https://{$hostName}/ariba/api/sourcing-reporting-view/v1/sandbox/metadata"
                                        verb="GET">
                        <httpHeaders>
                           <header name="Content-Type">application/json</header>
                           <header name="Accept">application/json</header>
                        </httpHeaders>
                     </restSimpleBinding>
                  </binding>
                  <output>
                     <field description="Successful Response"
                            name="GetAllViewsresponseList"
                            type="objectlist">
                        <options>
                           <option name="referenceTo">GetAllViewsresponse</option>
                        </options>
                        <xquery>{
                             (: unwrap the object list from the root wrapper :)
                             for $child in ./*
                             return
                                element {'GetAllViewsresponse'} { $child/* }
                             }</xquery>
                     </field>
                  </output>
               </action>
               <action category="View Management"
                       failOnError="true"
                       forSearch="false"
                       label="Status update for View"
                       maxRedirects="100"
                       name="Status update for View"
                       preemptiveAuth="true"
                       responseEncoding="">
                  <description>Update for ViewTemplate. Each view template can either have below 3 statuses. "draft", "deactivated", "published". We can update status of the view to either "published" or "deactivated"</description>
                  <input>
                     <parameter description="Customer realm name"
                                label="realm"
                                name="realm"
                                required="true"
                                testWith=""
                                type="string"/>
                     <parameter description="viewTemplate name to be updated"
                                label="viewTemplateNamePathParam"
                                name="viewTemplateNamePathParam"
                                nogen="true"
                                required="true"
                                testWith=""
                                type="string"/>
                     <parameter description="Request body for update api"
                                label="Body"
                                name="Body"
                                required="true"
                                testWith=""
                                type="reference">
                        <options>
                           <option name="referenceTo">StatusUpdateForViewrequest</option>
                        </options>
                     </parameter>
                  </input>
                  <binding>
                     <restSimpleBinding multiUsing="semicolonSeparated"
                                        url="https://{$hostName}/ariba/api/sourcing-reporting-view/v1/sandbox/viewTemplates/{$viewTemplateNamePathParam}/patch"
                                        verb="POST">
                        <httpHeaders>
                           <header name="Content-Type">application/json</header>
                           <header name="Accept">application/json</header>
                        </httpHeaders>
                        <body generateUsing="UnwrappedJSON" preserveJsonStringFormatting="false"/>
                     </restSimpleBinding>
                  </binding>
                  <output>
                     <field description="Successful Response"
                            entireResponse="true"
                            name="CreateViewTemplateResponse"
                            type="reference">
                        <options>
                           <option name="referenceTo">CreateViewTemplateResponse</option>
                        </options>
                     </field>
                  </output>
               </action>
               <action category="View Management"
                       failOnError="true"
                       forSearch="false"
                       label="getAllViewTemplates"
                       maxRedirects="100"
                       name="getAllViewTemplates"
                       preemptiveAuth="true"
                       responseEncoding="">
                  <description>Get All Views for a realm. This API is used list all views for a customer</description>
                  <input>
                     <parameter description="Realm name for the customer"
                                label="realm"
                                name="realm"
                                required="true"
                                testWith=""
                                type="string"/>
                  </input>
                  <binding>
                     <restSimpleBinding multiUsing="semicolonSeparated"
                                        url="https://{$hostName}/ariba/api/sourcing-reporting-view/v1/sandbox/viewTemplates"
                                        verb="GET">
                        <httpHeaders>
                           <header name="Content-Type">application/json</header>
                           <header name="Accept">application/json</header>
                        </httpHeaders>
                     </restSimpleBinding>
                  </binding>
                  <output>
                     <field description="Successful Response"
                            name="GetAllViewsresponseList"
                            type="objectlist">
                        <options>
                           <option name="referenceTo">GetAllViewsresponse</option>
                        </options>
                        <xquery>{
                             (: unwrap the object list from the root wrapper :)
                             for $child in ./*
                             return
                                element {'GetAllViewsresponse'} { $child/* }
                             }</xquery>
                     </field>
                  </output>
               </action>
               <action category="View Management"
                       failOnError="true"
                       forSearch="false"
                       label="createViewTemplate"
                       maxRedirects="100"
                       name="createViewTemplate"
                       preemptiveAuth="true"
                       responseEncoding="">
                  <description>Creating a view template. Creating view template for a single Sourcing document with select attrbutes and filter criteria</description>
                  <input>
                     <parameter description="view template name should be passed in path"
                                label="viewTemplateNamePathParam"
                                name="viewTemplateNamePathParam"
                                nogen="true"
                                required="true"
                                testWith=""
                                type="string"/>
                     <parameter description="Customer realm name"
                                label="realm"
                                name="realm"
                                required="true"
                                testWith=""
                                type="string"/>
                     <parameter description="The request body for create view template api"
                                label="body"
                                name="body"
                                required="true"
                                testWith=""
                                type="reference">
                        <options>
                           <option name="referenceTo">CreateViewForSourcingDocumentRequest</option>
                        </options>
                     </parameter>
                  </input>
                  <binding>
                     <restSimpleBinding multiUsing="semicolonSeparated"
                                        url="https://{$hostName}/ariba/api/sourcing-reporting-view/v1/sandbox/viewTemplates/{$viewTemplateNamePathParam}"
                                        verb="POST">
                        <httpHeaders>
                           <header name="Content-Type">application/json</header>
                           <header name="Accept">application/json</header>
                        </httpHeaders>
                        <body generateUsing="UnwrappedJSON" preserveJsonStringFormatting="false"/>
                     </restSimpleBinding>
                  </binding>
                  <output>
                     <field description="View template is created/updated successfully"
                            entireResponse="true"
                            name="CreateViewTemplateResponse"
                            type="reference">
                        <options>
                           <option name="referenceTo">CreateViewTemplateResponse</option>
                        </options>
                     </field>
                  </output>
               </action>
               <action category="View Management"
                       failOnError="true"
                       forSearch="false"
                       label="Get A single view metadata"
                       maxRedirects="100"
                       name="Get A single view metadata"
                       preemptiveAuth="true"
                       responseEncoding="">
                  <description>Get A single view metadata. This API is going to give the metadata for a single view</description>
                  <input>
                     <parameter description="Realm name for the customer"
                                label="realm"
                                name="realm"
                                required="true"
                                testWith=""
                                type="string"/>
                     <parameter description="Name of the view template you wish to create"
                                label="viewTemplateNamePathParam"
                                name="viewTemplateNamePathParam"
                                nogen="true"
                                required="true"
                                testWith=""
                                type="string"/>
                  </input>
                  <binding>
                     <restSimpleBinding multiUsing="semicolonSeparated"
                                        url="https://{$hostName}/ariba/api/sourcing-reporting-view/v1/sandbox/viewTemplates/{$viewTemplateNamePathParam}"
                                        verb="GET">
                        <httpHeaders>
                           <header name="Content-Type">application/json</header>
                           <header name="Accept">application/json</header>
                        </httpHeaders>
                     </restSimpleBinding>
                  </binding>
                  <output>
                     <field description="Successful Response"
                            entireResponse="true"
                            name="CreateViewTemplateResponse"
                            type="reference">
                        <options>
                           <option name="referenceTo">CreateViewTemplateResponse</option>
                        </options>
                     </field>
                  </output>
               </action>
            </actions>
            <objects>
               <processObject xmlns="http://schemas.active-endpoints.com/appmodules/screenflow/2011/06/avosHostEnvironment.xsd"
                              isByCopy="true"
                              name="GetAllViewsresponse">
                  <description/>
                  <detail/>
               </processObject>
               <processObject xmlns="http://schemas.active-endpoints.com/appmodules/screenflow/2011/06/avosHostEnvironment.xsd"
                              isByCopy="true"
                              name="StatusUpdateForViewresponse">
                  <description/>
                  <detail>
                     <field name="filterExpressions" type="objectlist">
                        <options>
                           <option name="referenceTo">FilterExpression</option>
                           <option name="relationshipName">Child</option>
                        </options>
                     </field>
                     <field name="documentType" type="string"/>
                     <field name="viewTemplateName" type="string"/>
                     <field name="type" type="string"/>
                     <field name="selectAttributes" type="objectlist">
                        <options>
                           <option name="referenceTo">string</option>
                           <option name="relationshipName">Child</option>
                        </options>
                     </field>
                     <field name="status" type="string"/>
                  </detail>
               </processObject>
               <processObject xmlns="http://schemas.active-endpoints.com/appmodules/screenflow/2011/06/avosHostEnvironment.xsd"
                              isByCopy="true"
                              name="Error">
                  <description/>
                  <detail>
                     <field name="code" type="string"/>
                     <field name="message" type="string"/>
                  </detail>
               </processObject>
               <processObject xmlns="http://schemas.active-endpoints.com/appmodules/screenflow/2011/06/avosHostEnvironment.xsd"
                              isByCopy="true"
                              name="ErrorInternal">
                  <description/>
                  <detail>
                     <field name="code" type="string"/>
                     <field name="message" type="string"/>
                  </detail>
               </processObject>
               <processObject xmlns="http://schemas.active-endpoints.com/appmodules/screenflow/2011/06/avosHostEnvironment.xsd"
                              isByCopy="true"
                              name="StatusUpdateForViewrequest">
                  <description/>
                  <detail>
                     <field name="status" type="string"/>
                  </detail>
               </processObject>
               <processObject xmlns="http://schemas.active-endpoints.com/appmodules/screenflow/2011/06/avosHostEnvironment.xsd"
                              isByCopy="true"
                              name="ErrorView">
                  <description/>
                  <detail>
                     <field name="code" type="string"/>
                     <field name="message" type="string"/>
                  </detail>
               </processObject>
               <processObject xmlns="http://schemas.active-endpoints.com/appmodules/screenflow/2011/06/avosHostEnvironment.xsd"
                              isByCopy="true"
                              name="FilterExpression">
                  <description/>
                  <detail>
                     <field name="op" type="string"/>
                     <field name="field" type="string"/>
                     <field name="defaultValue" type="string"/>
                     <field name="name" type="string"/>
                  </detail>
               </processObject>
               <processObject xmlns="http://schemas.active-endpoints.com/appmodules/screenflow/2011/06/avosHostEnvironment.xsd"
                              isByCopy="true"
                              name="CreateViewForSourcingDocumentRequest">
                  <description/>
                  <detail>
                     <field name="filterExpressions" type="objectlist">
                        <options>
                           <option name="referenceTo">FilterExpression</option>
                           <option name="relationshipName">Child</option>
                        </options>
                     </field>
                     <field name="documentType" type="picklist">
                        <options>
                           <option name="values">[{"value":"User","label":"User"},{"value":"Organization","label":"Organization"},{"value":"SourcingProject","label":"SourcingProject"},{"value":"Task","label":"Task"},{"value":"RFXItemValue","label":"RFXItemValue"},{"value":"DocumentTask","label":"DocumentTask"},{"value":"RFXDocument","label":"RFXDocument"},{"value":"AuditEntry","label":"AuditEntry"},{"value":"ProjectAuditInfo","label":"ProjectAuditInfo"}]</option>
                        </options>
                     </field>
                     <field name="selectAttributes" type="objectlist">
                        <options>
                           <option name="referenceTo">string</option>
                           <option name="relationshipName">Child</option>
                        </options>
                     </field>
                     <field name="status" type="picklist">
                        <options>
                           <option name="values">[{"value":"draft","label":"draft"},{"value":"published","label":"published"},{"value":"deactivated","label":"deactivated"}]</option>
                        </options>
                     </field>
                  </detail>
               </processObject>
               <processObject xmlns="http://schemas.active-endpoints.com/appmodules/screenflow/2011/06/avosHostEnvironment.xsd"
                              isByCopy="true"
                              name="CreateViewTemplateResponse">
                  <description/>
                  <detail>
                     <field name="filterExpressions" type="objectlist">
                        <options>
                           <option name="referenceTo">FilterExpression</option>
                           <option name="relationshipName">Child</option>
                        </options>
                     </field>
                     <field name="documentType" type="string"/>
                     <field name="viewTemplateName" type="string"/>
                     <field name="type" type="string"/>
                     <field name="selectAttributes" type="objectlist">
                        <options>
                           <option name="referenceTo">string</option>
                           <option name="relationshipName">Child</option>
                        </options>
                     </field>
                     <field name="status" type="string"/>
                  </detail>
               </processObject>
               <processObject xmlns="http://schemas.active-endpoints.com/appmodules/screenflow/2011/06/avosHostEnvironment.xsd"
                              isByCopy="true"
                              name="string">
                  <description/>
                  <detail>
                     <field name="string" type="string"/>
                  </detail>
               </processObject>
               <processObject xmlns="http://schemas.active-endpoints.com/appmodules/screenflow/2011/06/avosHostEnvironment.xsd"
                              isByCopy="true"
                              name="boolean">
                  <description/>
                  <detail>
                     <field name="boolean" type="boolean"/>
                  </detail>
               </processObject>
               <processObject xmlns="http://schemas.active-endpoints.com/appmodules/screenflow/2011/06/avosHostEnvironment.xsd"
                              isByCopy="true"
                              name="double">
                  <description/>
                  <detail>
                     <field name="double" type="double"/>
                  </detail>
               </processObject>
               <processObject xmlns="http://schemas.active-endpoints.com/appmodules/screenflow/2011/06/avosHostEnvironment.xsd"
                              isByCopy="true"
                              name="integer">
                  <description/>
                  <detail>
                     <field name="integer" type="int"/>
                  </detail>
               </processObject>
               <processObject xmlns="http://schemas.active-endpoints.com/appmodules/screenflow/2011/06/avosHostEnvironment.xsd"
                              isByCopy="true"
                              name="Forbidden">
                  <description>forbidden</description>
                  <detail/>
               </processObject>
               <processObject xmlns="http://schemas.active-endpoints.com/appmodules/screenflow/2011/06/avosHostEnvironment.xsd"
                              isByCopy="true"
                              name="Unauthorized">
                  <description>Unauthorized request. Check oauth token is expired or you are not using correct oauth token.</description>
                  <detail/>
               </processObject>
               <processObject xmlns="http://schemas.active-endpoints.com/appmodules/screenflow/2011/06/avosHostEnvironment.xsd"
                              isByCopy="true"
                              name="InvalidSelectAttributes">
                  <description>The select attributes are either not whitelisted/duplicated/customized</description>
                  <detail/>
               </processObject>
               <processObject xmlns="http://schemas.active-endpoints.com/appmodules/screenflow/2011/06/avosHostEnvironment.xsd"
                              isByCopy="true"
                              name="InternalServerError">
                  <description>If your URL is not constructed properly, you have trailing spaces in URl, request body format is wrong or ARIBA site is temporarily down</description>
                  <detail/>
               </processObject>
            </objects>
         </businessConnector>
      </types1:Entry>
      <types1:GUID>gtbqkx9Qr2KeV9iotBKRCs</types1:GUID>
      <types1:DisplayName>SAP Ariba Operational Reporting for Sourcing - View Management REST API v2</types1:DisplayName>
   </types1:Item>
   <types1:CurrentServerDateTime>2019-12-22T10:59:12.148Z</types1:CurrentServerDateTime>
</aetgt:getResponse>
