<aetgt:getResponse xmlns:aetgt="http://schemas.active-endpoints.com/appmodules/repository/2010/10/avrepository.xsd"
                   xmlns:types1="http://schemas.active-endpoints.com/appmodules/repository/2010/10/avrepository.xsd">
   <types1:Item>
      <types1:EntryId>UzeA8rJ4pbgchwA-gt-3240708-2019-01-24T00:42:21.744Z::svc.xml</types1:EntryId>
      <types1:Name>Concur_Requests_API_v3-1</types1:Name>
      <types1:MimeType>application/xml+businesssconnector</types1:MimeType>
      <types1:Description>Requests allow travelers to submit travel plans, expected expenses, and expected cash advance needs prior to spending funds. This API provides methods to view, create, update, submit, or recall requests owned by the specified user.</types1:Description>
      <types1:AppliesTo/>
      <types1:Tags/>
      <types1:VersionLabel>1.0</types1:VersionLabel>
      <types1:State>CURRENT</types1:State>
      <types1:ProcessGroup/>
      <types1:CreatedBy>sorabh@na1.dm-us.org</types1:CreatedBy>
      <types1:CreationDate>2019-01-24T00:42:22Z</types1:CreationDate>
      <types1:ModifiedBy>sorabh@na1.dm-us.org</types1:ModifiedBy>
      <types1:ModificationDate>2019-02-12T08:28:38Z</types1:ModificationDate>
      <types1:PublicationStatus>published</types1:PublicationStatus>
      <types1:PublishedBy>sorabh@na1.dm-us.org</types1:PublishedBy>
      <types1:PublicationDate>2019-02-12T08:28:43Z</types1:PublicationDate>
      <types1:PublishedContributionId>project:/rt.connector/Concur_Requests_API_v3_1/Concur_Requests_API_v3_1_svcDef.xml</types1:PublishedContributionId>
      <types1:AutosaveExists>false</types1:AutosaveExists>
      <types1:Entry>
         <businessConnector xmlns="http://schemas.informatica.com/socrates/data-services/2014/05/business-connector-model.xsd"
                            agentOnly="false"
                            debug="false"
                            displayName="Concur Requests API v3-1"
                            label=""
                            name="Concur_Requests_API_v3-1"
                            uuid="e1bc14e9-c706-4657-8385-9d0e5ace09e8">
            <description>Requests allow travelers to submit travel plans, expected expenses, and expected cash advance needs prior to spending funds. This API provides methods to view, create, update, submit, or recall requests owned by the specified user.</description>
            <tags/>
            <connectionAttributes xmlns="http://schemas.informatica.com/appmodules/screenflow/2014/04/avosConnectors.xsd">
               <connectionAttribute description="Host Name"
                                    masked="false"
                                    name="hostName"
                                    required="true"
                                    testWith="www.concursolutions.com"
                                    type="string"/>
            </connectionAttributes>
            <actions>
               <action category="Resources"
                       failOnError="true"
                       forSearch="false"
                       label="POST_travelrequest_requests"
                       maxRedirects="100"
                       name="POST_travelrequest_requests"
                       preemptiveAuth="true"
                       responseEncoding="">
                  <description>Create a Request. Create a Request</description>
                  <input>
                     <parameter description="Partial or complete Request object to save"
                                label="content"
                                name="content"
                                required="true"
                                testWith=""
                                type="reference">
                        <options>
                           <option name="referenceTo">PostInputRequest</option>
                        </options>
                     </parameter>
                     <parameter description="The login ID of the user. Optional. The user must have the Web Services Admin (Professional) or Can Administer (Standard) user role to use this parameter."
                                label="user"
                                name="user"
                                required="false"
                                testWith=""
                                type="string"/>
                     <parameter description="Trigger a submit action upon a successfull save operation"
                                label="doSubmit"
                                name="doSubmit"
                                required="false"
                                testWith=""
                                type="boolean"/>
                     <parameter description="Force the submit operation even if non-blocking functional exceptions were to be raised on request creation or update operation."
                                label="forceSubmit"
                                name="forceSubmit"
                                required="false"
                                testWith=""
                                type="boolean"/>
                  </input>
                  <binding>
                     <restSimpleBinding multiUsing="semicolonSeparated"
                                        url="https://{$hostName}/api/v3.1/travelrequest/requests"
                                        verb="POST">
                        <httpHeaders>
                           <header name="Content-Type">application/json</header>
                           <header name="Accept">application/json</header>
                        </httpHeaders>
                        <body generateUsing="UnwrappedJSON" preserveJsonStringFormatting="false"/>
                     </restSimpleBinding>
                  </binding>
                  <output>
                     <field description="Success"
                            entireResponse="true"
                            name="RequestResponse"
                            type="reference">
                        <options>
                           <option name="referenceTo">RequestResponse</option>
                        </options>
                     </field>
                  </output>
               </action>
               <action category="Resources"
                       failOnError="true"
                       forSearch="false"
                       label="GET_travelrequest_requests"
                       maxRedirects="100"
                       name="GET_travelrequest_requests"
                       preemptiveAuth="true"
                       responseEncoding="">
                  <description>Get all Requests. Returns all Requests owned by the user.</description>
                  <input>
                     <parameter description="Starting page offset"
                                label="offset"
                                name="offset"
                                required="false"
                                testWith=""
                                type="string"/>
                     <parameter description="Number of records to return (default 100)"
                                label="limit"
                                name="limit"
                                required="false"
                                testWith=""
                                type="int"/>
                     <parameter description="The login ID of the user who owns this Request. The user must have the Web Services Admin (Professional) or Can Administer (Standard) user role to use this parameter."
                                label="user"
                                name="user"
                                required="false"
                                testWith=""
                                type="string"/>
                     <parameter description="The Status search term specifies which travel request or approval status to return. If no Status value is sent, the default Status of Active will be used."
                                label="status"
                                name="status"
                                required="false"
                                testWith=""
                                type="string"/>
                     <parameter description="This returns travel requests in which the associated dependents (header, entries, segments, allocations, attendees, comments ) were modified after the specified date and time. This search term can be used along with other search terms to narrow the results. The date and time (if desired) should be in UTC. The format is: YYYY-MM-DDThh:mm:ss."
                                label="modifiedAfter"
                                name="modifiedAfter"
                                required="false"
                                testWith=""
                                type="datetime"/>
                     <parameter description="This returns travel requests in which the associated dependents (header, entries, segments, allocations, attendees, comments ) were modified before the specified date and time.This search term can be used along with other search terms to narrow the results. The date and time (if desired) should be in UTC. The format is: YYYY-MM-DDThh:mm:ss."
                                label="modifiedBefore"
                                name="modifiedBefore"
                                required="false"
                                testWith=""
                                type="datetime"/>
                     <parameter description="Pass true to populate the SegmentType field in the result."
                                label="withSegmentTypes"
                                name="withSegmentTypes"
                                required="false"
                                testWith=""
                                type="boolean"/>
                     <parameter description="Pass true to get the UserPermssions in the result."
                                label="withUserPermissions"
                                name="withUserPermissions"
                                required="false"
                                testWith=""
                                type="boolean"/>
                  </input>
                  <binding>
                     <restSimpleBinding multiUsing="semicolonSeparated"
                                        url="https://{$hostName}/api/v3.1/travelrequest/requests"
                                        verb="GET">
                        <httpHeaders>
                           <header name="Content-Type">application/json</header>
                           <header name="Accept">application/json</header>
                        </httpHeaders>
                     </restSimpleBinding>
                  </binding>
                  <output>
                     <field description="Success"
                            entireResponse="true"
                            name="RequestCollection"
                            type="reference">
                        <options>
                           <option name="referenceTo">RequestCollection</option>
                        </options>
                     </field>
                  </output>
               </action>
               <action category="Resources"
                       failOnError="true"
                       forSearch="false"
                       label="POST_travelrequest_requests_id_recall"
                       maxRedirects="100"
                       name="POST_travelrequest_requests_id_recall"
                       preemptiveAuth="true"
                       responseEncoding="">
                  <description>Recall a Request by ID. Recall a Request by ID</description>
                  <input>
                     <parameter description="The Request ID"
                                label="idPathParam"
                                name="idPathParam"
                                nogen="true"
                                required="true"
                                testWith=""
                                type="string"/>
                  </input>
                  <binding>
                     <restSimpleBinding multiUsing="semicolonSeparated"
                                        url="https://{$hostName}/api/v3.1/travelrequest/requests/{$idPathParam}/recall"
                                        verb="POST">
                        <httpHeaders>
                           <header name="Content-Type">application/json</header>
                           <header name="Accept">application/json</header>
                        </httpHeaders>
                        <body generateUsing="UnwrappedJSON" preserveJsonStringFormatting="false"/>
                     </restSimpleBinding>
                  </binding>
                  <output>
                     <field description="Success"
                            entireResponse="true"
                            name="Void"
                            type="reference">
                        <options>
                           <option name="referenceTo">Void</option>
                        </options>
                     </field>
                  </output>
               </action>
               <action category="Resources"
                       failOnError="true"
                       forSearch="false"
                       label="POST_travelrequest_requests_id_submit"
                       maxRedirects="100"
                       name="POST_travelrequest_requests_id_submit"
                       preemptiveAuth="true"
                       responseEncoding="">
                  <description>Submit a Request by ID. Submit a Request by ID</description>
                  <input>
                     <parameter description="The Request ID"
                                label="idPathParam"
                                name="idPathParam"
                                nogen="true"
                                required="true"
                                testWith=""
                                type="string"/>
                  </input>
                  <binding>
                     <restSimpleBinding multiUsing="semicolonSeparated"
                                        url="https://{$hostName}/api/v3.1/travelrequest/requests/{$idPathParam}/submit"
                                        verb="POST">
                        <httpHeaders>
                           <header name="Content-Type">application/json</header>
                           <header name="Accept">application/json</header>
                        </httpHeaders>
                        <body generateUsing="UnwrappedJSON" preserveJsonStringFormatting="false"/>
                     </restSimpleBinding>
                  </binding>
                  <output>
                     <field description="Success"
                            entireResponse="true"
                            name="Void"
                            type="reference">
                        <options>
                           <option name="referenceTo">Void</option>
                        </options>
                     </field>
                  </output>
               </action>
               <action category="Resources"
                       failOnError="true"
                       forSearch="false"
                       label="GET_travelrequest_requests_id_"
                       maxRedirects="100"
                       name="GET_travelrequest_requests_id_"
                       preemptiveAuth="true"
                       responseEncoding="">
                  <description>Get a Request by ID. Returns a Request by ID.</description>
                  <input>
                     <parameter description="The Request ID"
                                label="idPathParam"
                                name="idPathParam"
                                nogen="true"
                                required="true"
                                testWith=""
                                type="string"/>
                     <parameter description="The login ID of the user. Optional. The user must have the Web Services Admin (Professional) or Can Administer (Standard) user role to use this parameter."
                                label="user"
                                name="user"
                                required="false"
                                testWith=""
                                type="string"/>
                  </input>
                  <binding>
                     <restSimpleBinding multiUsing="semicolonSeparated"
                                        url="https://{$hostName}/api/v3.1/travelrequest/requests/{$idPathParam}"
                                        verb="GET">
                        <httpHeaders>
                           <header name="Content-Type">application/json</header>
                           <header name="Accept">application/json</header>
                        </httpHeaders>
                     </restSimpleBinding>
                  </binding>
                  <output>
                     <field description="Success"
                            entireResponse="true"
                            name="OutputRequest"
                            type="reference">
                        <options>
                           <option name="referenceTo">OutputRequest</option>
                        </options>
                     </field>
                  </output>
               </action>
               <action category="Resources"
                       failOnError="true"
                       forSearch="false"
                       label="PUT_travelrequest_requests_id_"
                       maxRedirects="100"
                       name="PUT_travelrequest_requests_id_"
                       preemptiveAuth="true"
                       responseEncoding="">
                  <description>Update a Request. Update a Request</description>
                  <input>
                     <parameter description="Partial or complete Request object to save"
                                label="content"
                                name="content"
                                required="true"
                                testWith=""
                                type="reference">
                        <options>
                           <option name="referenceTo">PutInputRequest</option>
                        </options>
                     </parameter>
                     <parameter description="The Request ID"
                                label="idPathParam"
                                name="idPathParam"
                                nogen="true"
                                required="true"
                                testWith=""
                                type="string"/>
                     <parameter description="The login ID of the user. Optional. The user must have the Web Services Admin (Professional) or Can Administer (Standard) user role to use this parameter."
                                label="user"
                                name="user"
                                required="false"
                                testWith=""
                                type="string"/>
                     <parameter description="Trigger a submit action upon a successfull save operation"
                                label="doSubmit"
                                name="doSubmit"
                                required="false"
                                testWith=""
                                type="boolean"/>
                     <parameter description="Force the submit operation even if non-blocking functional exceptions were to be raised on request creation or update operation."
                                label="forceSubmit"
                                name="forceSubmit"
                                required="false"
                                testWith=""
                                type="boolean"/>
                  </input>
                  <binding>
                     <restSimpleBinding multiUsing="semicolonSeparated"
                                        url="https://{$hostName}/api/v3.1/travelrequest/requests/{$idPathParam}"
                                        verb="PUT">
                        <httpHeaders>
                           <header name="Content-Type">application/json</header>
                           <header name="Accept">application/json</header>
                        </httpHeaders>
                        <body generateUsing="UnwrappedJSON" preserveJsonStringFormatting="false"/>
                     </restSimpleBinding>
                  </binding>
                  <output>
                     <field description="Success"
                            entireResponse="true"
                            name="RequestResponse"
                            type="reference">
                        <options>
                           <option name="referenceTo">RequestResponse</option>
                        </options>
                     </field>
                  </output>
               </action>
            </actions>
            <objects>
               <processObject xmlns="http://schemas.active-endpoints.com/appmodules/screenflow/2011/06/avosHostEnvironment.xsd"
                              isByCopy="true"
                              name="PostSegment">
                  <description/>
                  <detail>
                     <field name="Comment" type="string"/>
                     <field name="ArrivalDate" type="datetime"/>
                     <field name="FromLocationID" type="string"/>
                     <field name="ToLocationID" type="string"/>
                     <field name="FlightNumber" type="string"/>
                     <field name="ToLocationDetail" type="string"/>
                     <field name="DepartureDate" type="datetime"/>
                     <field name="FromLocationDetail" type="string"/>
                  </detail>
               </processObject>
               <processObject xmlns="http://schemas.active-endpoints.com/appmodules/screenflow/2011/06/avosHostEnvironment.xsd"
                              isByCopy="true"
                              name="Comment">
                  <description/>
                  <detail>
                     <field name="AuthorFirstName" type="string"/>
                     <field name="Value" type="string"/>
                     <field name="AuthorLastName" type="string"/>
                     <field name="IsLatest" type="boolean"/>
                     <field name="CommentDateTime" type="datetime"/>
                  </detail>
               </processObject>
               <processObject xmlns="http://schemas.active-endpoints.com/appmodules/screenflow/2011/06/avosHostEnvironment.xsd"
                              isByCopy="true"
                              name="PostSegmentsEntry">
                  <description/>
                  <detail>
                     <field name="TripType" type="triptype"/>
                     <field name="Segments" type="reference">
                        <options>
                           <option name="referenceTo">PostSegment</option>
                           <option name="relationshipName">Child</option>
                        </options>
                     </field>
                     <field name="SegmentTypeID" type="string"/>
                     <field name="ForeignCurrencyCode" type="string"/>
                     <field name="ForeignAmount" type="double"/>
                  </detail>
               </processObject>
               <processObject xmlns="http://schemas.active-endpoints.com/appmodules/screenflow/2011/06/avosHostEnvironment.xsd"
                              isByCopy="true"
                              name="TRException">
                  <description/>
                  <detail>
                     <field name="Message" type="string"/>
                     <field name="Level" type="string"/>
                     <field name="Code" type="string"/>
                  </detail>
               </processObject>
               <processObject xmlns="http://schemas.active-endpoints.com/appmodules/screenflow/2011/06/avosHostEnvironment.xsd"
                              isByCopy="true"
                              name="PutInputRequest">
                  <description/>
                  <detail>
                     <field name="StartDate" type="datetime"/>
                     <field name="Comment" type="string"/>
                     <field name="AgencyOfficeID" type="string"/>
                     <field name="Purpose" type="string"/>
                     <field name="MainDestinationID" type="string"/>
                     <field name="SegmentsEntries" type="reference">
                        <options>
                           <option name="referenceTo">PutRequestSegmentsEntry</option>
                           <option name="relationshipName">Child</option>
                        </options>
                     </field>
                     <field name="EndDate" type="datetime"/>
                     <field name="Name" type="string"/>
                  </detail>
               </processObject>
               <processObject xmlns="http://schemas.active-endpoints.com/appmodules/screenflow/2011/06/avosHostEnvironment.xsd"
                              isByCopy="true"
                              name="Error">
                  <description/>
                  <detail>
                     <field name="Message" type="string"/>
                     <field name="Code" type="string"/>
                  </detail>
               </processObject>
               <processObject xmlns="http://schemas.active-endpoints.com/appmodules/screenflow/2011/06/avosHostEnvironment.xsd"
                              isByCopy="true"
                              name="RequestResponse">
                  <description/>
                  <detail>
                     <field name="Request" type="reference">
                        <options>
                           <option name="referenceTo">OutputRequest</option>
                           <option name="relationshipName">Child</option>
                        </options>
                     </field>
                     <field name="Error" type="reference">
                        <options>
                           <option name="referenceTo">Error</option>
                           <option name="relationshipName">Child</option>
                        </options>
                     </field>
                     <field name="ID" type="string"/>
                     <field name="URI" type="string"/>
                  </detail>
               </processObject>
               <processObject xmlns="http://schemas.active-endpoints.com/appmodules/screenflow/2011/06/avosHostEnvironment.xsd"
                              isByCopy="true"
                              name="Segment">
                  <description/>
                  <detail>
                     <field name="IsSelfBooked" type="boolean"/>
                     <field name="Order" type="int"/>
                     <field name="Comment" type="string"/>
                     <field name="LastModifiedDate" type="datetime"/>
                     <field name="IsAgencyBooked" type="boolean"/>
                     <field name="FromLocationID" type="string"/>
                     <field name="ToLocationID" type="string"/>
                     <field name="FromLocationName" type="string"/>
                     <field name="ArrivalDate" type="datetime"/>
                     <field name="Exceptions" type="reference">
                        <options>
                           <option name="referenceTo">TRException</option>
                           <option name="relationshipName">Child</option>
                        </options>
                     </field>
                     <field name="FlightNumber" type="string"/>
                     <field name="ToLocationDetail" type="string"/>
                     <field name="DepartureDate" type="datetime"/>
                     <field name="ID" type="string"/>
                     <field name="FromLocationDetail" type="string"/>
                     <field name="ToLocationName" type="string"/>
                  </detail>
               </processObject>
               <processObject xmlns="http://schemas.active-endpoints.com/appmodules/screenflow/2011/06/avosHostEnvironment.xsd"
                              isByCopy="true"
                              name="Decimal">
                  <description/>
                  <detail/>
               </processObject>
               <processObject xmlns="http://schemas.active-endpoints.com/appmodules/screenflow/2011/06/avosHostEnvironment.xsd"
                              isByCopy="true"
                              name="Nullable_1">
                  <description/>
                  <detail>
                     <field name="Value" type="reference">
                        <options>
                           <option name="referenceTo">Decimal</option>
                           <option name="relationshipName">Child</option>
                        </options>
                     </field>
                     <field name="HasValue" type="boolean"/>
                  </detail>
               </processObject>
               <processObject xmlns="http://schemas.active-endpoints.com/appmodules/screenflow/2011/06/avosHostEnvironment.xsd"
                              isByCopy="true"
                              name="OutputRequest">
                  <description/>
                  <detail>
                     <field name="MainDestinationName" type="string"/>
                     <field name="CreationDate" type="datetime"/>
                     <field name="LastModifiedDate" type="datetime"/>
                     <field name="TotalApprovedAmount" type="double"/>
                     <field name="AgencyOfficeID" type="string"/>
                     <field name="LoginID" type="string"/>
                     <field name="RequestID" type="string"/>
                     <field name="SubmitDate" type="datetime"/>
                     <field name="ApprovalLimitDate" type="datetime"/>
                     <field name="ApprovalStatusCode" type="string"/>
                     <field name="AgencyOfficeName" type="string"/>
                     <field name="HeaderFormID" type="string"/>
                     <field name="Name" type="string"/>
                     <field name="CurrencyCode" type="string"/>
                     <field name="StartDate" type="datetime"/>
                     <field name="Exceptions" type="reference">
                        <options>
                           <option name="referenceTo">TRException</option>
                           <option name="relationshipName">Child</option>
                        </options>
                     </field>
                     <field name="MainDestinationID" type="string"/>
                     <field name="UserPermissions" type="reference">
                        <options>
                           <option name="referenceTo">UserPermissions</option>
                           <option name="relationshipName">Child</option>
                        </options>
                     </field>
                     <field name="PolicyID" type="string"/>
                     <field name="Comments" type="reference">
                        <options>
                           <option name="referenceTo">Comment</option>
                           <option name="relationshipName">Child</option>
                        </options>
                     </field>
                     <field name="TotalRemainingAmount" type="double"/>
                     <field name="Purpose" type="string"/>
                     <field name="HighestExceptionLevel" type="exceptionlevel"/>
                     <field name="EndDate" type="datetime"/>
                     <field name="CurrencyName" type="string"/>
                     <field name="AuthorizedDate" type="datetime"/>
                     <field name="TotalPostedAmount" type="double"/>
                     <field name="ApprovalStatusName" type="string"/>
                     <field name="PolicyName" type="string"/>
                     <field name="SegmentsEntries" type="reference">
                        <options>
                           <option name="referenceTo">SegmentsEntry</option>
                           <option name="relationshipName">Child</option>
                        </options>
                     </field>
                     <field name="EmployeeName" type="string"/>
                  </detail>
               </processObject>
               <processObject xmlns="http://schemas.active-endpoints.com/appmodules/screenflow/2011/06/avosHostEnvironment.xsd"
                              isByCopy="true"
                              name="PostInputRequest">
                  <description/>
                  <detail>
                     <field name="CurrencyCode" type="string"/>
                     <field name="StartDate" type="datetime"/>
                     <field name="Comment" type="string"/>
                     <field name="AgencyOfficeID" type="string"/>
                     <field name="Purpose" type="string"/>
                     <field name="MainDestinationID" type="string"/>
                     <field name="SegmentsEntries" type="reference">
                        <options>
                           <option name="referenceTo">PostSegmentsEntry</option>
                           <option name="relationshipName">Child</option>
                        </options>
                     </field>
                     <field name="EndDate" type="datetime"/>
                     <field name="PolicyID" type="string"/>
                     <field name="Name" type="string"/>
                  </detail>
               </processObject>
               <processObject xmlns="http://schemas.active-endpoints.com/appmodules/screenflow/2011/06/avosHostEnvironment.xsd"
                              isByCopy="true"
                              name="RequestCollection">
                  <description/>
                  <detail>
                     <field name="Items" type="reference">
                        <options>
                           <option name="referenceTo">RequestHeader</option>
                           <option name="relationshipName">Child</option>
                        </options>
                     </field>
                     <field name="NextPage" type="string"/>
                  </detail>
               </processObject>
               <processObject xmlns="http://schemas.active-endpoints.com/appmodules/screenflow/2011/06/avosHostEnvironment.xsd"
                              isByCopy="true"
                              name="RequestHeader">
                  <description/>
                  <detail>
                     <field name="MainDestinationName" type="string"/>
                     <field name="CreationDate" type="datetime"/>
                     <field name="TotalApprovedAmount" type="double"/>
                     <field name="RequestID" type="string"/>
                     <field name="ApproverLoginID" type="string"/>
                     <field name="Purpose" type="string"/>
                     <field name="UserLoginID" type="string"/>
                     <field name="ApprovalStatusCode" type="string"/>
                     <field name="HighestExceptionLevel" type="exceptionlevel"/>
                     <field name="EndDate" type="datetime"/>
                     <field name="URI" type="string"/>
                     <field name="HeaderFormID" type="string"/>
                     <field name="Name" type="string"/>
                     <field name="CurrencyCode" type="string"/>
                     <field name="StartDate" type="datetime"/>
                     <field name="TotalPostedAmount" type="double"/>
                     <field name="ApprovalStatusName" type="string"/>
                     <field name="LastComment" type="string"/>
                     <field name="SegmentTypes" type="string"/>
                     <field name="ID" type="string"/>
                     <field name="MainDestinationID" type="string"/>
                     <field name="UserPermissions" type="reference">
                        <options>
                           <option name="referenceTo">UserPermissions</option>
                           <option name="relationshipName">Child</option>
                        </options>
                     </field>
                     <field name="EmployeeName" type="string"/>
                  </detail>
               </processObject>
               <processObject xmlns="http://schemas.active-endpoints.com/appmodules/screenflow/2011/06/avosHostEnvironment.xsd"
                              isByCopy="true"
                              name="SegmentsEntry">
                  <description/>
                  <detail>
                     <field name="LastModifiedDate" type="datetime"/>
                     <field name="SegmentFormID" type="string"/>
                     <field name="ExchangeRate" type="double"/>
                     <field name="Segments" type="reference">
                        <options>
                           <option name="referenceTo">Segment</option>
                           <option name="relationshipName">Child</option>
                        </options>
                     </field>
                     <field name="SegmentTypeID" type="string"/>
                     <field name="SegmentTypeName" type="string"/>
                     <field name="ForeignCurrencyCode" type="string"/>
                     <field name="SegmentFormTypeCode" type="string"/>
                     <field name="ForeignAmount" type="double"/>
                     <field name="ForeignCurrencyName" type="string"/>
                     <field name="SegmentTypeCode" type="string"/>
                     <field name="TripType" type="triptype"/>
                     <field name="Exceptions" type="reference">
                        <options>
                           <option name="referenceTo">TRException</option>
                           <option name="relationshipName">Child</option>
                        </options>
                     </field>
                     <field name="ID" type="string"/>
                  </detail>
               </processObject>
               <processObject xmlns="http://schemas.active-endpoints.com/appmodules/screenflow/2011/06/avosHostEnvironment.xsd"
                              isByCopy="true"
                              name="PutSegment">
                  <description/>
                  <detail>
                     <field name="Comment" type="string"/>
                     <field name="ArrivalDate" type="datetime"/>
                     <field name="FromLocationID" type="string"/>
                     <field name="ToLocationID" type="string"/>
                     <field name="FlightNumber" type="string"/>
                     <field name="ToLocationDetail" type="string"/>
                     <field name="DepartureDate" type="datetime"/>
                     <field name="ID" type="string"/>
                     <field name="FromLocationDetail" type="string"/>
                  </detail>
               </processObject>
               <processObject xmlns="http://schemas.active-endpoints.com/appmodules/screenflow/2011/06/avosHostEnvironment.xsd"
                              isByCopy="true"
                              name="UserPermissions">
                  <description/>
                  <detail>
                     <field name="Links" type="reference">
                        <options>
                           <option name="referenceTo">Link</option>
                           <option name="relationshipName">Child</option>
                        </options>
                     </field>
                  </detail>
               </processObject>
               <processObject xmlns="http://schemas.active-endpoints.com/appmodules/screenflow/2011/06/avosHostEnvironment.xsd"
                              isByCopy="true"
                              name="Void">
                  <description/>
                  <detail/>
               </processObject>
               <processObject xmlns="http://schemas.active-endpoints.com/appmodules/screenflow/2011/06/avosHostEnvironment.xsd"
                              isByCopy="true"
                              name="Link">
                  <description/>
                  <detail>
                     <field name="Action" type="string"/>
                     <field name="Method" type="string"/>
                     <field name="Url" type="string"/>
                  </detail>
               </processObject>
               <processObject xmlns="http://schemas.active-endpoints.com/appmodules/screenflow/2011/06/avosHostEnvironment.xsd"
                              isByCopy="true"
                              name="PutRequestSegmentsEntry">
                  <description/>
                  <detail>
                     <field name="TripType" type="triptype"/>
                     <field name="Segments" type="reference">
                        <options>
                           <option name="referenceTo">PutSegment</option>
                           <option name="relationshipName">Child</option>
                        </options>
                     </field>
                     <field name="SegmentTypeID" type="string"/>
                     <field name="ID" type="string"/>
                     <field name="ForeignCurrencyCode" type="string"/>
                     <field name="ForeignAmount" type="double"/>
                  </detail>
               </processObject>
               <processObject xmlns="http://schemas.active-endpoints.com/appmodules/screenflow/2011/06/avosHostEnvironment.xsd"
                              isByCopy="true"
                              name="string">
                  <description/>
                  <detail>
                     <field name="string" type="string"/>
                  </detail>
               </processObject>
               <processObject xmlns="http://schemas.active-endpoints.com/appmodules/screenflow/2011/06/avosHostEnvironment.xsd"
                              isByCopy="true"
                              name="boolean">
                  <description/>
                  <detail>
                     <field name="boolean" type="boolean"/>
                  </detail>
               </processObject>
               <processObject xmlns="http://schemas.active-endpoints.com/appmodules/screenflow/2011/06/avosHostEnvironment.xsd"
                              isByCopy="true"
                              name="double">
                  <description/>
                  <detail>
                     <field name="double" type="double"/>
                  </detail>
               </processObject>
               <processObject xmlns="http://schemas.active-endpoints.com/appmodules/screenflow/2011/06/avosHostEnvironment.xsd"
                              isByCopy="true"
                              name="integer">
                  <description/>
                  <detail>
                     <field name="integer" type="int"/>
                  </detail>
               </processObject>
            </objects>
         </businessConnector>
      </types1:Entry>
      <types1:GUID>9nrqRJBHy29f2Sp6IL3seH</types1:GUID>
      <types1:DisplayName>Concur Requests API v3-1</types1:DisplayName>
   </types1:Item>
   <types1:CurrentServerDateTime>2019-02-22T09:42:48.036Z</types1:CurrentServerDateTime>
</aetgt:getResponse>
