<aetgt:getResponse xmlns:aetgt="http://schemas.active-endpoints.com/appmodules/repository/2010/10/avrepository.xsd"
                   xmlns:types1="http://schemas.active-endpoints.com/appmodules/repository/2010/10/avrepository.xsd">
   <types1:Item>
      <types1:EntryId>y8jIw8jIw8jIw8j-gt-2894389-2019-12-21T12:56:12.399Z::svc.xml</types1:EntryId>
      <types1:Name>SAP_SuccessFactors_Performance_and_Goals_Forms_Management_OData_API_v1</types1:Name>
      <types1:MimeType>application/xml+businesssconnector</types1:MimeType>
      <types1:Description>API to access all Performance Management and 360 Forms</types1:Description>
      <types1:AppliesTo/>
      <types1:Tags/>
      <types1:VersionLabel>1.0</types1:VersionLabel>
      <types1:State>CURRENT</types1:State>
      <types1:ProcessGroup/>
      <types1:CreatedBy>sorabh@na1.dm-us.org</types1:CreatedBy>
      <types1:CreationDate>2019-12-21T12:56:12Z</types1:CreationDate>
      <types1:ModifiedBy/>
      <types1:PublicationStatus>published</types1:PublicationStatus>
      <types1:PublishedBy>sorabh@na1.dm-us.org</types1:PublishedBy>
      <types1:PublicationDate>2019-12-21T12:56:15Z</types1:PublicationDate>
      <types1:PublishedContributionId>project:/rt.connector/SAP_SuccessFactors_Performance_and_Goals_Forms_Management_OData_API_v1/SAP_SuccessFactors_Performance_and_Goals_Forms_Management_OData_API_v1_svcDef.xml</types1:PublishedContributionId>
      <types1:AutosaveExists>false</types1:AutosaveExists>
      <types1:Entry>
         <businessConnector xmlns="http://schemas.informatica.com/socrates/data-services/2014/05/business-connector-model.xsd"
                            agentOnly="false"
                            debug="false"
                            displayName="SAP SuccessFactors Performance and Goals Forms Management OData API v1"
                            label=""
                            name="SAP_SuccessFactors_Performance_and_Goals_Forms_Management_OData_API_v1"
                            uuid="c55e7036-3be6-4a8c-85d6-7f8066154c3b">
            <description>API to access all Performance Management and 360 Forms</description>
            <tags/>
            <connectionAttributes xmlns="http://schemas.informatica.com/appmodules/screenflow/2014/04/avosConnectors.xsd">
               <connectionAttribute description="Host Name"
                                    masked="false"
                                    name="hostName"
                                    required="true"
                                    testWith="sandbox.api.sap.com"
                                    type="string"/>
               <connectionAttribute description="User Name"
                                    masked="false"
                                    name="username"
                                    required="true"
                                    testWith=""
                                    type="string"/>
               <connectionAttribute description="Password"
                                    masked="true"
                                    name="password"
                                    required="true"
                                    testWith=""
                                    type="string"/>
            </connectionAttributes>
            <actions>
               <action category="FormHeader"
                       failOnError="true"
                       forSearch="false"
                       label="GET_FormHeader"
                       maxRedirects="100"
                       name="GET_FormHeader"
                       preemptiveAuth="true"
                       responseEncoding="">
                  <description>Get entities from FormHeader</description>
                  <input>
                     <parameter description="Show only the first n items, see [OData Paging - Top](http://docs.oasis-open.org/odata/odata/v4.0/odata-v4.0-part1-protocol.html#_Toc445374630)"
                                label="$top"
                                name="$top"
                                required="false"
                                testWith=""
                                type="int"/>
                     <parameter description="Skip the first n items, see [OData Paging - Skip](http://docs.oasis-open.org/odata/odata/v4.0/odata-v4.0-part1-protocol.html#_Toc445374631)"
                                label="$skip"
                                name="$skip"
                                required="false"
                                testWith=""
                                type="int"/>
                     <parameter description="Search items by search phrases, see [OData Searching](http://docs.oasis-open.org/odata/odata/v4.0/odata-v4.0-part1-protocol.html#_Toc445374633)"
                                label="$search"
                                name="$search"
                                required="false"
                                testWith=""
                                type="string"/>
                     <parameter description="Filter items by property values, see [OData Filtering](http://docs.oasis-open.org/odata/odata/v4.0/odata-v4.0-part1-protocol.html#_Toc445374625)"
                                label="$filter"
                                name="$filter"
                                required="false"
                                testWith=""
                                type="string"/>
                     <parameter description="Include count of items, see [OData Count](http://docs.oasis-open.org/odata/odata/v4.0/odata-v4.0-part1-protocol.html#_Toc445374632)"
                                label="$count"
                                name="$count"
                                required="false"
                                testWith=""
                                type="boolean"/>
                     <parameter description="Order items by property values, see [OData Sorting](http://docs.oasis-open.org/odata/odata/v4.0/odata-v4.0-part1-protocol.html#_Toc445374629)"
                                label="$orderby"
                                name="$orderby"
                                required="false"
                                testWith=""
                                type="picklist">
                        <options>
                           <option name="values">[{"value":"creationDate","label":"creationDate"},{"value":"creationDate desc","label":"creationDate desc"},{"value":"currentStep","label":"currentStep"},{"value":"currentStep desc","label":"currentStep desc"},{"value":"dateAssigned","label":"dateAssigned"},{"value":"dateAssigned desc","label":"dateAssigned desc"},{"value":"formDataId","label":"formDataId"},{"value":"formDataId desc","label":"formDataId desc"},{"value":"formDataStatus","label":"formDataStatus"},{"value":"formDataStatus desc","label":"formDataStatus desc"},{"value":"formDataVersion","label":"formDataVersion"},{"value":"formDataVersion desc","label":"formDataVersion desc"},{"value":"formLastModifiedDate","label":"formLastModifiedDate"},{"value":"formLastModifiedDate desc","label":"formLastModifiedDate desc"},{"value":"formOriginator","label":"formOriginator"},{"value":"formOriginator desc","label":"formOriginator desc"},{"value":"formReviewDueDate","label":"formReviewDueDate"},{"value":"formReviewDueDate desc","label":"formReviewDueDate desc"},{"value":"formReviewEndDate","label":"formReviewEndDate"},{"value":"formReviewEndDate desc","label":"formReviewEndDate desc"},{"value":"formReviewStartDate","label":"formReviewStartDate"},{"value":"formReviewStartDate desc","label":"formReviewStartDate desc"},{"value":"formSubjectId","label":"formSubjectId"},{"value":"formSubjectId desc","label":"formSubjectId desc"},{"value":"formTemplateId","label":"formTemplateId"},{"value":"formTemplateId desc","label":"formTemplateId desc"},{"value":"formTemplateType","label":"formTemplateType"},{"value":"formTemplateType desc","label":"formTemplateType desc"},{"value":"formTitle","label":"formTitle"},{"value":"formTitle desc","label":"formTitle desc"},{"value":"isRated","label":"isRated"},{"value":"isRated desc","label":"isRated desc"},{"value":"rating","label":"rating"},{"value":"rating desc","label":"rating desc"},{"value":"sender","label":"sender"},{"value":"sender desc","label":"sender desc"},{"value":"stepDueDate","label":"stepDueDate"},{"value":"stepDueDate desc","label":"stepDueDate desc"}]</option>
                        </options>
                     </parameter>
                     <parameter description="Select properties to be returned, see [OData Select](http://docs.oasis-open.org/odata/odata/v4.0/odata-v4.0-part1-protocol.html#_Toc445374620)"
                                label="$select"
                                name="$select"
                                required="false"
                                testWith=""
                                type="picklist">
                        <options>
                           <option name="values">[{"value":"creationDate","label":"creationDate"},{"value":"currentStep","label":"currentStep"},{"value":"dateAssigned","label":"dateAssigned"},{"value":"formDataId","label":"formDataId"},{"value":"formDataStatus","label":"formDataStatus"},{"value":"formDataVersion","label":"formDataVersion"},{"value":"formLastModifiedDate","label":"formLastModifiedDate"},{"value":"formOriginator","label":"formOriginator"},{"value":"formReviewDueDate","label":"formReviewDueDate"},{"value":"formReviewEndDate","label":"formReviewEndDate"},{"value":"formReviewStartDate","label":"formReviewStartDate"},{"value":"formSubjectId","label":"formSubjectId"},{"value":"formTemplateId","label":"formTemplateId"},{"value":"formTemplateType","label":"formTemplateType"},{"value":"formTitle","label":"formTitle"},{"value":"isRated","label":"isRated"},{"value":"rating","label":"rating"},{"value":"sender","label":"sender"},{"value":"stepDueDate","label":"stepDueDate"}]</option>
                        </options>
                     </parameter>
                     <parameter description="Expand related entities, see [OData Expand](http://docs.oasis-open.org/odata/odata/v4.0/odata-v4.0-part1-protocol.html#_Toc445374621)"
                                label="$expand"
                                name="$expand"
                                required="false"
                                testWith=""
                                type="picklist">
                        <options>
                           <option name="values">[{"value":"*","label":"*"},{"value":"formTemplate","label":"formTemplate"}]</option>
                        </options>
                     </parameter>
                  </input>
                  <binding>
                     <restSimpleBinding multiUsing="semicolonSeparated"
                                        url="https://{$hostName}/successfactors/odata/v2/FormHeader"
                                        verb="GET">
                        <authentication>
                           <username>{$username}</username>
                           <password>{$password}</password>
                           <isExpressionInPassword>true</isExpressionInPassword>
                        </authentication>
                        <httpHeaders>
                           <header name="Content-Type">application/json</header>
                           <header name="Accept">application/json</header>
                        </httpHeaders>
                     </restSimpleBinding>
                  </binding>
                  <output>
                     <field description="Retrieved entities"
                            entireResponse="true"
                            name="entireResponse"
                            type="object"/>
                  </output>
               </action>
               <action category="FormPerfPotSummarySection"
                       failOnError="true"
                       forSearch="false"
                       label="GET_FormPerfPotSummarySection_formContentId_formContentId_formDataId_formDataId_"
                       maxRedirects="100"
                       name="GET_FormPerfPotSummarySection_formContentId_formContentId_formDataId_formDataId_"
                       preemptiveAuth="true"
                       responseEncoding="">
                  <description>Get entity from FormPerfPotSummarySection by key</description>
                  <input>
                     <parameter description="key: formContentId"
                                label="formContentIdPathParam"
                                name="formContentIdPathParam"
                                nogen="true"
                                required="true"
                                testWith=""
                                type="int"/>
                     <parameter description="key: formDataId"
                                label="formDataIdPathParam"
                                name="formDataIdPathParam"
                                nogen="true"
                                required="true"
                                testWith=""
                                type="int"/>
                     <parameter description="Select properties to be returned, see [OData Select](http://docs.oasis-open.org/odata/odata/v4.0/odata-v4.0-part1-protocol.html#_Toc445374620)"
                                label="$select"
                                name="$select"
                                required="false"
                                testWith=""
                                type="picklist">
                        <options>
                           <option name="values">[{"value":"formContentId","label":"formContentId"},{"value":"formDataId","label":"formDataId"},{"value":"sectionDescription","label":"sectionDescription"},{"value":"sectionIndex","label":"sectionIndex"},{"value":"sectionName","label":"sectionName"}]</option>
                        </options>
                     </parameter>
                  </input>
                  <binding>
                     <restSimpleBinding multiUsing="semicolonSeparated"
                                        url="https://{$hostName}/successfactors/odata/v2/FormPerfPotSummarySection(formContentId={$formContentIdPathParam},formDataId={$formDataIdPathParam})"
                                        verb="GET">
                        <authentication>
                           <username>{$username}</username>
                           <password>{$password}</password>
                           <isExpressionInPassword>true</isExpressionInPassword>
                        </authentication>
                        <httpHeaders>
                           <header name="Content-Type">application/json</header>
                           <header name="Accept">application/json</header>
                        </httpHeaders>
                     </restSimpleBinding>
                  </binding>
                  <output>
                     <field description="Retrieved entity"
                            entireResponse="true"
                            name="entireResponse"
                            type="object"/>
                  </output>
               </action>
               <action category="FormTemplate"
                       failOnError="true"
                       forSearch="false"
                       label="GET_FormTemplate"
                       maxRedirects="100"
                       name="GET_FormTemplate"
                       preemptiveAuth="true"
                       responseEncoding="">
                  <description>Get entities from FormTemplate</description>
                  <input>
                     <parameter description="Show only the first n items, see [OData Paging - Top](http://docs.oasis-open.org/odata/odata/v4.0/odata-v4.0-part1-protocol.html#_Toc445374630)"
                                label="$top"
                                name="$top"
                                required="false"
                                testWith=""
                                type="int"/>
                     <parameter description="Skip the first n items, see [OData Paging - Skip](http://docs.oasis-open.org/odata/odata/v4.0/odata-v4.0-part1-protocol.html#_Toc445374631)"
                                label="$skip"
                                name="$skip"
                                required="false"
                                testWith=""
                                type="int"/>
                     <parameter description="Search items by search phrases, see [OData Searching](http://docs.oasis-open.org/odata/odata/v4.0/odata-v4.0-part1-protocol.html#_Toc445374633)"
                                label="$search"
                                name="$search"
                                required="false"
                                testWith=""
                                type="string"/>
                     <parameter description="Filter items by property values, see [OData Filtering](http://docs.oasis-open.org/odata/odata/v4.0/odata-v4.0-part1-protocol.html#_Toc445374625)"
                                label="$filter"
                                name="$filter"
                                required="false"
                                testWith=""
                                type="string"/>
                     <parameter description="Include count of items, see [OData Count](http://docs.oasis-open.org/odata/odata/v4.0/odata-v4.0-part1-protocol.html#_Toc445374632)"
                                label="$count"
                                name="$count"
                                required="false"
                                testWith=""
                                type="boolean"/>
                     <parameter description="Order items by property values, see [OData Sorting](http://docs.oasis-open.org/odata/odata/v4.0/odata-v4.0-part1-protocol.html#_Toc445374629)"
                                label="$orderby"
                                name="$orderby"
                                required="false"
                                testWith=""
                                type="picklist">
                        <options>
                           <option name="values">[{"value":"formTemplateId","label":"formTemplateId"},{"value":"formTemplateId desc","label":"formTemplateId desc"},{"value":"formTemplateName","label":"formTemplateName"},{"value":"formTemplateName desc","label":"formTemplateName desc"},{"value":"formTemplateType","label":"formTemplateType"},{"value":"formTemplateType desc","label":"formTemplateType desc"}]</option>
                        </options>
                     </parameter>
                     <parameter description="Select properties to be returned, see [OData Select](http://docs.oasis-open.org/odata/odata/v4.0/odata-v4.0-part1-protocol.html#_Toc445374620)"
                                label="$select"
                                name="$select"
                                required="false"
                                testWith=""
                                type="picklist">
                        <options>
                           <option name="values">[{"value":"formTemplateId","label":"formTemplateId"},{"value":"formTemplateName","label":"formTemplateName"},{"value":"formTemplateType","label":"formTemplateType"}]</option>
                        </options>
                     </parameter>
                     <parameter description="Expand related entities, see [OData Expand](http://docs.oasis-open.org/odata/odata/v4.0/odata-v4.0-part1-protocol.html#_Toc445374621)"
                                label="$expand"
                                name="$expand"
                                required="false"
                                testWith=""
                                type="picklist">
                        <options>
                           <option name="values">[{"value":"*","label":"*"},{"value":"associatedForms","label":"associatedForms"}]</option>
                        </options>
                     </parameter>
                  </input>
                  <binding>
                     <restSimpleBinding multiUsing="semicolonSeparated"
                                        url="https://{$hostName}/successfactors/odata/v2/FormTemplate"
                                        verb="GET">
                        <authentication>
                           <username>{$username}</username>
                           <password>{$password}</password>
                           <isExpressionInPassword>true</isExpressionInPassword>
                        </authentication>
                        <httpHeaders>
                           <header name="Content-Type">application/json</header>
                           <header name="Accept">application/json</header>
                        </httpHeaders>
                     </restSimpleBinding>
                  </binding>
                  <output>
                     <field description="Retrieved entities"
                            entireResponse="true"
                            name="entireResponse"
                            type="object"/>
                  </output>
               </action>
               <action category="FormFolder"
                       failOnError="true"
                       forSearch="false"
                       label="GET_FormFolder_folderId_"
                       maxRedirects="100"
                       name="GET_FormFolder_folderId_"
                       preemptiveAuth="true"
                       responseEncoding="">
                  <description>Get entity from FormFolder by key</description>
                  <input>
                     <parameter description="key: folderId"
                                label="folderIdPathParam"
                                name="folderIdPathParam"
                                nogen="true"
                                required="true"
                                testWith=""
                                type="int"/>
                     <parameter description="Select properties to be returned, see [OData Select](http://docs.oasis-open.org/odata/odata/v4.0/odata-v4.0-part1-protocol.html#_Toc445374620)"
                                label="$select"
                                name="$select"
                                required="false"
                                testWith=""
                                type="picklist">
                        <options>
                           <option name="values">[{"value":"folderId","label":"folderId"},{"value":"folderName","label":"folderName"},{"value":"userId","label":"userId"}]</option>
                        </options>
                     </parameter>
                  </input>
                  <binding>
                     <restSimpleBinding multiUsing="semicolonSeparated"
                                        url="https://{$hostName}/successfactors/odata/v2/FormFolder({$folderIdPathParam})"
                                        verb="GET">
                        <authentication>
                           <username>{$username}</username>
                           <password>{$password}</password>
                           <isExpressionInPassword>true</isExpressionInPassword>
                        </authentication>
                        <httpHeaders>
                           <header name="Content-Type">application/json</header>
                           <header name="Accept">application/json</header>
                        </httpHeaders>
                     </restSimpleBinding>
                  </binding>
                  <output>
                     <field description="Retrieved entity"
                            entireResponse="true"
                            name="entireResponse"
                            type="object"/>
                  </output>
               </action>
               <action category="FormFolder"
                       failOnError="true"
                       forSearch="false"
                       label="GET_FormFolder"
                       maxRedirects="100"
                       name="GET_FormFolder"
                       preemptiveAuth="true"
                       responseEncoding="">
                  <description>Get entities from FormFolder</description>
                  <input>
                     <parameter description="Show only the first n items, see [OData Paging - Top](http://docs.oasis-open.org/odata/odata/v4.0/odata-v4.0-part1-protocol.html#_Toc445374630)"
                                label="$top"
                                name="$top"
                                required="false"
                                testWith=""
                                type="int"/>
                     <parameter description="Skip the first n items, see [OData Paging - Skip](http://docs.oasis-open.org/odata/odata/v4.0/odata-v4.0-part1-protocol.html#_Toc445374631)"
                                label="$skip"
                                name="$skip"
                                required="false"
                                testWith=""
                                type="int"/>
                     <parameter description="Search items by search phrases, see [OData Searching](http://docs.oasis-open.org/odata/odata/v4.0/odata-v4.0-part1-protocol.html#_Toc445374633)"
                                label="$search"
                                name="$search"
                                required="false"
                                testWith=""
                                type="string"/>
                     <parameter description="Filter items by property values, see [OData Filtering](http://docs.oasis-open.org/odata/odata/v4.0/odata-v4.0-part1-protocol.html#_Toc445374625)"
                                label="$filter"
                                name="$filter"
                                required="false"
                                testWith=""
                                type="string"/>
                     <parameter description="Include count of items, see [OData Count](http://docs.oasis-open.org/odata/odata/v4.0/odata-v4.0-part1-protocol.html#_Toc445374632)"
                                label="$count"
                                name="$count"
                                required="false"
                                testWith=""
                                type="boolean"/>
                     <parameter description="Order items by property values, see [OData Sorting](http://docs.oasis-open.org/odata/odata/v4.0/odata-v4.0-part1-protocol.html#_Toc445374629)"
                                label="$orderby"
                                name="$orderby"
                                required="false"
                                testWith=""
                                type="picklist">
                        <options>
                           <option name="values">[{"value":"folderId","label":"folderId"},{"value":"folderId desc","label":"folderId desc"},{"value":"folderName","label":"folderName"},{"value":"folderName desc","label":"folderName desc"},{"value":"userId","label":"userId"},{"value":"userId desc","label":"userId desc"}]</option>
                        </options>
                     </parameter>
                     <parameter description="Select properties to be returned, see [OData Select](http://docs.oasis-open.org/odata/odata/v4.0/odata-v4.0-part1-protocol.html#_Toc445374620)"
                                label="$select"
                                name="$select"
                                required="false"
                                testWith=""
                                type="picklist">
                        <options>
                           <option name="values">[{"value":"folderId","label":"folderId"},{"value":"folderName","label":"folderName"},{"value":"userId","label":"userId"}]</option>
                        </options>
                     </parameter>
                  </input>
                  <binding>
                     <restSimpleBinding multiUsing="semicolonSeparated"
                                        url="https://{$hostName}/successfactors/odata/v2/FormFolder"
                                        verb="GET">
                        <authentication>
                           <username>{$username}</username>
                           <password>{$password}</password>
                           <isExpressionInPassword>true</isExpressionInPassword>
                        </authentication>
                        <httpHeaders>
                           <header name="Content-Type">application/json</header>
                           <header name="Accept">application/json</header>
                        </httpHeaders>
                     </restSimpleBinding>
                  </binding>
                  <output>
                     <field description="Retrieved entities"
                            entireResponse="true"
                            name="entireResponse"
                            type="object"/>
                  </output>
               </action>
               <action category="FormTemplate"
                       failOnError="true"
                       forSearch="false"
                       label="GET_FormTemplate_formTemplateId_"
                       maxRedirects="100"
                       name="GET_FormTemplate_formTemplateId_"
                       preemptiveAuth="true"
                       responseEncoding="">
                  <description>Get entity from FormTemplate by key</description>
                  <input>
                     <parameter description="key: formTemplateId"
                                label="formTemplateIdPathParam"
                                name="formTemplateIdPathParam"
                                nogen="true"
                                required="true"
                                testWith=""
                                type="int"/>
                     <parameter description="Select properties to be returned, see [OData Select](http://docs.oasis-open.org/odata/odata/v4.0/odata-v4.0-part1-protocol.html#_Toc445374620)"
                                label="$select"
                                name="$select"
                                required="false"
                                testWith=""
                                type="picklist">
                        <options>
                           <option name="values">[{"value":"formTemplateId","label":"formTemplateId"},{"value":"formTemplateName","label":"formTemplateName"},{"value":"formTemplateType","label":"formTemplateType"}]</option>
                        </options>
                     </parameter>
                     <parameter description="Expand related entities, see [OData Expand](http://docs.oasis-open.org/odata/odata/v4.0/odata-v4.0-part1-protocol.html#_Toc445374621)"
                                label="$expand"
                                name="$expand"
                                required="false"
                                testWith=""
                                type="picklist">
                        <options>
                           <option name="values">[{"value":"*","label":"*"},{"value":"associatedForms","label":"associatedForms"}]</option>
                        </options>
                     </parameter>
                  </input>
                  <binding>
                     <restSimpleBinding multiUsing="semicolonSeparated"
                                        url="https://{$hostName}/successfactors/odata/v2/FormTemplate({$formTemplateIdPathParam})"
                                        verb="GET">
                        <authentication>
                           <username>{$username}</username>
                           <password>{$password}</password>
                           <isExpressionInPassword>true</isExpressionInPassword>
                        </authentication>
                        <httpHeaders>
                           <header name="Content-Type">application/json</header>
                           <header name="Accept">application/json</header>
                        </httpHeaders>
                     </restSimpleBinding>
                  </binding>
                  <output>
                     <field description="Retrieved entity"
                            entireResponse="true"
                            name="entireResponse"
                            type="object"/>
                  </output>
               </action>
               <action category="FormHeader"
                       failOnError="true"
                       forSearch="false"
                       label="GET_FormHeader_formDataId_"
                       maxRedirects="100"
                       name="GET_FormHeader_formDataId_"
                       preemptiveAuth="true"
                       responseEncoding="">
                  <description>Get entity from FormHeader by key</description>
                  <input>
                     <parameter description="key: formDataId"
                                label="formDataIdPathParam"
                                name="formDataIdPathParam"
                                nogen="true"
                                required="true"
                                testWith=""
                                type="int"/>
                     <parameter description="Select properties to be returned, see [OData Select](http://docs.oasis-open.org/odata/odata/v4.0/odata-v4.0-part1-protocol.html#_Toc445374620)"
                                label="$select"
                                name="$select"
                                required="false"
                                testWith=""
                                type="picklist">
                        <options>
                           <option name="values">[{"value":"creationDate","label":"creationDate"},{"value":"currentStep","label":"currentStep"},{"value":"dateAssigned","label":"dateAssigned"},{"value":"formDataId","label":"formDataId"},{"value":"formDataStatus","label":"formDataStatus"},{"value":"formDataVersion","label":"formDataVersion"},{"value":"formLastModifiedDate","label":"formLastModifiedDate"},{"value":"formOriginator","label":"formOriginator"},{"value":"formReviewDueDate","label":"formReviewDueDate"},{"value":"formReviewEndDate","label":"formReviewEndDate"},{"value":"formReviewStartDate","label":"formReviewStartDate"},{"value":"formSubjectId","label":"formSubjectId"},{"value":"formTemplateId","label":"formTemplateId"},{"value":"formTemplateType","label":"formTemplateType"},{"value":"formTitle","label":"formTitle"},{"value":"isRated","label":"isRated"},{"value":"rating","label":"rating"},{"value":"sender","label":"sender"},{"value":"stepDueDate","label":"stepDueDate"}]</option>
                        </options>
                     </parameter>
                     <parameter description="Expand related entities, see [OData Expand](http://docs.oasis-open.org/odata/odata/v4.0/odata-v4.0-part1-protocol.html#_Toc445374621)"
                                label="$expand"
                                name="$expand"
                                required="false"
                                testWith=""
                                type="picklist">
                        <options>
                           <option name="values">[{"value":"*","label":"*"},{"value":"formTemplate","label":"formTemplate"}]</option>
                        </options>
                     </parameter>
                  </input>
                  <binding>
                     <restSimpleBinding multiUsing="semicolonSeparated"
                                        url="https://{$hostName}/successfactors/odata/v2/FormHeader({$formDataIdPathParam})"
                                        verb="GET">
                        <authentication>
                           <username>{$username}</username>
                           <password>{$password}</password>
                           <isExpressionInPassword>true</isExpressionInPassword>
                        </authentication>
                        <httpHeaders>
                           <header name="Content-Type">application/json</header>
                           <header name="Accept">application/json</header>
                        </httpHeaders>
                     </restSimpleBinding>
                  </binding>
                  <output>
                     <field description="Retrieved entity"
                            entireResponse="true"
                            name="entireResponse"
                            type="object"/>
                  </output>
               </action>
               <action category="FormPerfPotSummarySection"
                       failOnError="true"
                       forSearch="false"
                       label="GET_FormPerfPotSummarySection"
                       maxRedirects="100"
                       name="GET_FormPerfPotSummarySection"
                       preemptiveAuth="true"
                       responseEncoding="">
                  <description>Get entities from FormPerfPotSummarySection</description>
                  <input>
                     <parameter description="Show only the first n items, see [OData Paging - Top](http://docs.oasis-open.org/odata/odata/v4.0/odata-v4.0-part1-protocol.html#_Toc445374630)"
                                label="$top"
                                name="$top"
                                required="false"
                                testWith=""
                                type="int"/>
                     <parameter description="Skip the first n items, see [OData Paging - Skip](http://docs.oasis-open.org/odata/odata/v4.0/odata-v4.0-part1-protocol.html#_Toc445374631)"
                                label="$skip"
                                name="$skip"
                                required="false"
                                testWith=""
                                type="int"/>
                     <parameter description="Search items by search phrases, see [OData Searching](http://docs.oasis-open.org/odata/odata/v4.0/odata-v4.0-part1-protocol.html#_Toc445374633)"
                                label="$search"
                                name="$search"
                                required="false"
                                testWith=""
                                type="string"/>
                     <parameter description="Filter items by property values, see [OData Filtering](http://docs.oasis-open.org/odata/odata/v4.0/odata-v4.0-part1-protocol.html#_Toc445374625)"
                                label="$filter"
                                name="$filter"
                                required="false"
                                testWith=""
                                type="string"/>
                     <parameter description="Include count of items, see [OData Count](http://docs.oasis-open.org/odata/odata/v4.0/odata-v4.0-part1-protocol.html#_Toc445374632)"
                                label="$count"
                                name="$count"
                                required="false"
                                testWith=""
                                type="boolean"/>
                     <parameter description="Order items by property values, see [OData Sorting](http://docs.oasis-open.org/odata/odata/v4.0/odata-v4.0-part1-protocol.html#_Toc445374629)"
                                label="$orderby"
                                name="$orderby"
                                required="false"
                                testWith=""
                                type="picklist">
                        <options>
                           <option name="values">[{"value":"formContentId","label":"formContentId"},{"value":"formContentId desc","label":"formContentId desc"},{"value":"formDataId","label":"formDataId"},{"value":"formDataId desc","label":"formDataId desc"},{"value":"sectionDescription","label":"sectionDescription"},{"value":"sectionDescription desc","label":"sectionDescription desc"},{"value":"sectionIndex","label":"sectionIndex"},{"value":"sectionIndex desc","label":"sectionIndex desc"},{"value":"sectionName","label":"sectionName"},{"value":"sectionName desc","label":"sectionName desc"}]</option>
                        </options>
                     </parameter>
                     <parameter description="Select properties to be returned, see [OData Select](http://docs.oasis-open.org/odata/odata/v4.0/odata-v4.0-part1-protocol.html#_Toc445374620)"
                                label="$select"
                                name="$select"
                                required="false"
                                testWith=""
                                type="picklist">
                        <options>
                           <option name="values">[{"value":"formContentId","label":"formContentId"},{"value":"formDataId","label":"formDataId"},{"value":"sectionDescription","label":"sectionDescription"},{"value":"sectionIndex","label":"sectionIndex"},{"value":"sectionName","label":"sectionName"}]</option>
                        </options>
                     </parameter>
                  </input>
                  <binding>
                     <restSimpleBinding multiUsing="semicolonSeparated"
                                        url="https://{$hostName}/successfactors/odata/v2/FormPerfPotSummarySection"
                                        verb="GET">
                        <authentication>
                           <username>{$username}</username>
                           <password>{$password}</password>
                           <isExpressionInPassword>true</isExpressionInPassword>
                        </authentication>
                        <httpHeaders>
                           <header name="Content-Type">application/json</header>
                           <header name="Accept">application/json</header>
                        </httpHeaders>
                     </restSimpleBinding>
                  </binding>
                  <output>
                     <field description="Retrieved entities"
                            entireResponse="true"
                            name="entireResponse"
                            type="object"/>
                  </output>
               </action>
            </actions>
            <objects>
               <processObject xmlns="http://schemas.active-endpoints.com/appmodules/screenflow/2011/06/avosHostEnvironment.xsd"
                              isByCopy="true"
                              name="odata_error_main">
                  <description/>
                  <detail>
                     <field name="code" type="string"/>
                     <field name="innererror" type="object"/>
                     <field name="details" type="objectlist">
                        <options>
                           <option name="referenceTo">odata_error_detail</option>
                           <option name="relationshipName">Child</option>
                        </options>
                     </field>
                     <field name="message" type="string"/>
                     <field name="target" type="string"/>
                  </detail>
               </processObject>
               <processObject xmlns="http://schemas.active-endpoints.com/appmodules/screenflow/2011/06/avosHostEnvironment.xsd"
                              isByCopy="true"
                              name="SFOData_FormFolder">
                  <description/>
                  <detail>
                     <field name="folderName" type="string"/>
                     <field name="userId" type="string"/>
                     <field name="folderId" type="string"/>
                  </detail>
               </processObject>
               <processObject xmlns="http://schemas.active-endpoints.com/appmodules/screenflow/2011/06/avosHostEnvironment.xsd"
                              isByCopy="true"
                              name="odata_error_detail">
                  <description/>
                  <detail>
                     <field name="code" type="string"/>
                     <field name="message" type="string"/>
                     <field name="target" type="string"/>
                  </detail>
               </processObject>
               <processObject xmlns="http://schemas.active-endpoints.com/appmodules/screenflow/2011/06/avosHostEnvironment.xsd"
                              isByCopy="true"
                              name="odata_error">
                  <description/>
                  <detail>
                     <field name="error" type="reference">
                        <options>
                           <option name="referenceTo">odata_error_main</option>
                           <option name="relationshipName">Child</option>
                        </options>
                     </field>
                  </detail>
               </processObject>
               <processObject xmlns="http://schemas.active-endpoints.com/appmodules/screenflow/2011/06/avosHostEnvironment.xsd"
                              isByCopy="true"
                              name="SFOData_FormTemplate">
                  <description/>
                  <detail>
                     <field name="formTemplateName" type="string"/>
                     <field name="formTemplateType" type="string"/>
                     <field name="formTemplateId" type="string"/>
                     <field name="associatedForms" type="object"/>
                  </detail>
               </processObject>
               <processObject xmlns="http://schemas.active-endpoints.com/appmodules/screenflow/2011/06/avosHostEnvironment.xsd"
                              isByCopy="true"
                              name="SFOData_FormPerfPotSummarySection">
                  <description/>
                  <detail>
                     <field name="sectionIndex" type="int"/>
                     <field name="sectionName" type="string"/>
                     <field name="formContentId" type="string"/>
                     <field name="sectionDescription" type="string"/>
                     <field name="formDataId" type="string"/>
                  </detail>
               </processObject>
               <processObject xmlns="http://schemas.active-endpoints.com/appmodules/screenflow/2011/06/avosHostEnvironment.xsd"
                              isByCopy="true"
                              name="SFOData_FormHeader">
                  <description/>
                  <detail>
                     <field name="formTemplate" type="reference">
                        <options>
                           <option name="referenceTo">SFOData_FormTemplate</option>
                           <option name="relationshipName">Child</option>
                        </options>
                     </field>
                     <field name="formDataVersion" type="string"/>
                     <field name="formLastModifiedDate" type="string"/>
                     <field name="isRated" type="boolean"/>
                     <field name="rating" type="string"/>
                     <field name="formTitle" type="string"/>
                     <field name="creationDate" type="string"/>
                     <field name="formTemplateId" type="string"/>
                     <field name="currentStep" type="string"/>
                     <field name="formSubjectId" type="string"/>
                     <field name="formDataStatus" type="string"/>
                     <field name="formOriginator" type="string"/>
                     <field name="stepDueDate" type="string"/>
                     <field name="formReviewDueDate" type="string"/>
                     <field name="sender" type="string"/>
                     <field name="formTemplateType" type="string"/>
                     <field name="formReviewEndDate" type="string"/>
                     <field name="formReviewStartDate" type="string"/>
                     <field name="formDataId" type="string"/>
                     <field name="dateAssigned" type="string"/>
                  </detail>
               </processObject>
               <processObject xmlns="http://schemas.active-endpoints.com/appmodules/screenflow/2011/06/avosHostEnvironment.xsd"
                              isByCopy="true"
                              name="string">
                  <description/>
                  <detail>
                     <field name="string" type="string"/>
                  </detail>
               </processObject>
               <processObject xmlns="http://schemas.active-endpoints.com/appmodules/screenflow/2011/06/avosHostEnvironment.xsd"
                              isByCopy="true"
                              name="boolean">
                  <description/>
                  <detail>
                     <field name="boolean" type="boolean"/>
                  </detail>
               </processObject>
               <processObject xmlns="http://schemas.active-endpoints.com/appmodules/screenflow/2011/06/avosHostEnvironment.xsd"
                              isByCopy="true"
                              name="double">
                  <description/>
                  <detail>
                     <field name="double" type="double"/>
                  </detail>
               </processObject>
               <processObject xmlns="http://schemas.active-endpoints.com/appmodules/screenflow/2011/06/avosHostEnvironment.xsd"
                              isByCopy="true"
                              name="integer">
                  <description/>
                  <detail>
                     <field name="integer" type="int"/>
                  </detail>
               </processObject>
               <processObject xmlns="http://schemas.active-endpoints.com/appmodules/screenflow/2011/06/avosHostEnvironment.xsd"
                              isByCopy="true"
                              name="error">
                  <description>Error</description>
                  <detail/>
               </processObject>
            </objects>
         </businessConnector>
      </types1:Entry>
      <types1:GUID>fMRlpxsp5CxhKbJiTBn20N</types1:GUID>
      <types1:DisplayName>SAP SuccessFactors Performance and Goals Forms Management OData API v1</types1:DisplayName>
   </types1:Item>
   <types1:CurrentServerDateTime>2019-12-21T12:58:35.318Z</types1:CurrentServerDateTime>
</aetgt:getResponse>
