<aetgt:getResponse xmlns:aetgt="http://schemas.active-endpoints.com/appmodules/repository/2010/10/avrepository.xsd"
                   xmlns:types1="http://schemas.active-endpoints.com/appmodules/repository/2010/10/avrepository.xsd">
   <types1:Item>
      <types1:EntryId>dzm5Y6tMFyglsO7-gt-1051477-2019-02-19T05:44:20.64Z::svc.xml</types1:EntryId>
      <types1:Name>Oracle_Eloqua_Marketing_Cloud_Service_Emails_API_v1</types1:Name>
      <types1:MimeType>application/xml+businesssconnector</types1:MimeType>
      <types1:Description>Despite vast innovations and improvements to other channels of communication with prospects, emails are still central to many marketing campaigns. You can reach a large number of existing and potential customers efficiently and cheaply through email messages. Eloqua includes robust email marketing capabilities that you can weave into your marketing campaigns.&#xD;
&#xD;
&lt;a href='https://docs.oracle.com/cloud/latest/marketingcs_gs/OMCAA/index.html#CSHID=Emails'&gt;Learn more about emails&lt;/a&gt;.</types1:Description>
      <types1:AppliesTo/>
      <types1:Tags/>
      <types1:VersionLabel>1.0</types1:VersionLabel>
      <types1:State>CURRENT</types1:State>
      <types1:ProcessGroup/>
      <types1:CreatedBy>sorabh@na1.dm-us.org</types1:CreatedBy>
      <types1:CreationDate>2019-02-19T05:44:21Z</types1:CreationDate>
      <types1:ModifiedBy/>
      <types1:PublicationStatus>published</types1:PublicationStatus>
      <types1:PublishedBy>sorabh@na1.dm-us.org</types1:PublishedBy>
      <types1:PublicationDate>2019-02-19T05:44:26Z</types1:PublicationDate>
      <types1:PublishedContributionId>project:/rt.connector/Oracle_Eloqua_Marketing_Cloud_Service_Emails_API_v1/Oracle_Eloqua_Marketing_Cloud_Service_Emails_API_v1_svcDef.xml</types1:PublishedContributionId>
      <types1:AutosaveExists>false</types1:AutosaveExists>
      <types1:Entry>
         <businessConnector xmlns="http://schemas.informatica.com/socrates/data-services/2014/05/business-connector-model.xsd"
                            agentOnly="false"
                            debug="false"
                            displayName="Oracle Eloqua Marketing Cloud Service Emails API v1"
                            label=""
                            name="Oracle_Eloqua_Marketing_Cloud_Service_Emails_API_v1"
                            uuid="f49d4d24-a415-4c6d-9025-d2fccdb89fdf">
            <description>Despite vast innovations and improvements to other channels of communication with prospects, emails are still central to many marketing campaigns. You can reach a large number of existing and potential customers efficiently and cheaply through email messages. Eloqua includes robust email marketing capabilities that you can weave into your marketing campaigns.&#xD;
&#xD;
&lt;a href='https://docs.oracle.com/cloud/latest/marketingcs_gs/OMCAA/index.html#CSHID=Emails'&gt;Learn more about emails&lt;/a&gt;.</description>
            <tags/>
            <connectionAttributes xmlns="http://schemas.informatica.com/appmodules/screenflow/2014/04/avosConnectors.xsd">
               <connectionAttribute description="Host Name"
                                    masked="false"
                                    name="hostName"
                                    required="true"
                                    testWith="apicatalog.oraclecloud.com"
                                    type="string"/>
            </connectionAttributes>
            <actions>
               <action category=""
                       failOnError="true"
                       forSearch="false"
                       label="SearchGETRest10"
                       maxRedirects="100"
                       name="SearchGETRest10"
                       preemptiveAuth="true"
                       responseEncoding="">
                  <description>Retrieve a list of emails. Retrieves all emails that match the criteria specified by the request parameters.</description>
                  <input>
                     <parameter description="Level of detail returned by the request. Eloqua APIs can retrieve entities at three different levels of depth: &lt;code&gt;minimal&lt;/code&gt;, &lt;code&gt;partial&lt;/code&gt;, and &lt;code&gt;complete&lt;/code&gt;. Any other values passed are reset to &lt;code&gt;minimal&lt;/code&gt; by default."
                                label="depth"
                                name="depth"
                                required="false"
                                testWith=""
                                type="string"/>
                     <parameter description="Maximum number of entities to return. Must be less than or equal to 1000 and greater than or equal to 1."
                                label="count"
                                name="count"
                                required="false"
                                testWith=""
                                type="int"/>
                     <parameter description="Specifies which page of entities to return (the count parameter defines the number of entities per page). If the page parameter is not supplied, 1 will be used by default."
                                label="page"
                                name="page"
                                required="false"
                                testWith=""
                                type="int"/>
                     <parameter description="Specifies the search criteria used to retrieve entities. See the &lt;a href='https://docs.oracle.com/cloud/latest/marketingcs_gs/OMCAB/index.html#CSHID=SearchParam'&gt;tutorial&lt;/a&gt; for information about using this parameter."
                                label="search"
                                name="search"
                                required="false"
                                testWith=""
                                type="string"/>
                     <parameter description="Specifies the field by which list results are ordered."
                                label="orderBy"
                                name="orderBy"
                                required="false"
                                testWith=""
                                type="string"/>
                     <parameter description="The date and time the email was last updated."
                                label="lastUpdatedAt"
                                name="lastUpdatedAt"
                                required="false"
                                testWith=""
                                type="int"/>
                  </input>
                  <binding>
                     <restSimpleBinding multiUsing="semicolonSeparated"
                                        url="https://{$hostName}/api/REST/1.0/assets/emails"
                                        verb="GET">
                        <httpHeaders>
                           <header name="Content-Type">application/json</header>
                           <header name="Accept">application/json</header>
                        </httpHeaders>
                     </restSimpleBinding>
                  </binding>
                  <output>
                     <field description="OK"
                            entireResponse="true"
                            name="QueryResultEmailRest10"
                            type="reference">
                        <options>
                           <option name="referenceTo">QueryResultEmailRest10</option>
                        </options>
                     </field>
                  </output>
               </action>
               <action category=""
                       failOnError="true"
                       forSearch="false"
                       label="ReadIndividualGETRest10"
                       maxRedirects="100"
                       name="ReadIndividualGETRest10"
                       preemptiveAuth="true"
                       responseEncoding="">
                  <description>Retrieve an email. Retrieves the email specified by the &lt;code&gt;id&lt;/code&gt; parameter.</description>
                  <input>
                     <parameter description="Id of the email."
                                label="idPathParam"
                                name="idPathParam"
                                nogen="true"
                                required="true"
                                testWith=""
                                type="int"/>
                     <parameter description="Level of detail returned by the request. Eloqua APIs can retrieve entities at three different levels of depth: &lt;code&gt;minimal&lt;/code&gt;, &lt;code&gt;partial&lt;/code&gt;, and &lt;code&gt;complete&lt;/code&gt;. Any other values passed are reset to &lt;code&gt;complete&lt;/code&gt; by default. For more information, see &lt;a href='https://docs.oracle.com/cloud/latest/marketingcs_gs/OMCAB/index.html#CSHID=RequestDepth'&gt;Request depth&lt;/a&gt;."
                                label="depth"
                                name="depth"
                                required="false"
                                testWith=""
                                type="string"/>
                  </input>
                  <binding>
                     <restSimpleBinding multiUsing="semicolonSeparated"
                                        url="https://{$hostName}/api/REST/1.0/assets/email/{$idPathParam}"
                                        verb="GET">
                        <httpHeaders>
                           <header name="Content-Type">application/json</header>
                           <header name="Accept">application/json</header>
                        </httpHeaders>
                     </restSimpleBinding>
                  </binding>
                  <output>
                     <field description="OK"
                            entireResponse="true"
                            name="EmailRest10"
                            type="reference">
                        <options>
                           <option name="referenceTo">EmailRest10</option>
                        </options>
                     </field>
                  </output>
               </action>
               <action category=""
                       failOnError="true"
                       forSearch="false"
                       label="DeleteIndividualDELETERest10"
                       maxRedirects="100"
                       name="DeleteIndividualDELETERest10"
                       preemptiveAuth="true"
                       responseEncoding="">
                  <description>Delete an email. Deletes the email specified by the &lt;code&gt;id&lt;/code&gt; parameter.</description>
                  <input>
                     <parameter description="Id of the email."
                                label="idPathParam"
                                name="idPathParam"
                                nogen="true"
                                required="true"
                                testWith=""
                                type="int"/>
                  </input>
                  <binding>
                     <restSimpleBinding multiUsing="semicolonSeparated"
                                        url="https://{$hostName}/api/REST/1.0/assets/email/{$idPathParam}"
                                        verb="DELETE">
                        <httpHeaders>
                           <header name="Content-Type">application/json</header>
                           <header name="Accept">application/json</header>
                        </httpHeaders>
                     </restSimpleBinding>
                  </binding>
                  <output/>
               </action>
               <action category=""
                       failOnError="true"
                       forSearch="false"
                       label="UpdateIndividualPUTRest10"
                       maxRedirects="100"
                       name="UpdateIndividualPUTRest10"
                       preemptiveAuth="true"
                       responseEncoding="">
                  <description>Update an email. Updates the email specified by the &lt;code&gt;id&lt;/code&gt; parameter. All properties should be included in PUT requests, as some properties will be considered blank if not included.</description>
                  <input>
                     <parameter description="The request body defines the details of the email to be updated."
                                label="message"
                                name="message"
                                required="true"
                                testWith=""
                                type="reference">
                        <options>
                           <option name="referenceTo">EmailRest10</option>
                        </options>
                     </parameter>
                     <parameter description="Id of the email."
                                label="idPathParam"
                                name="idPathParam"
                                nogen="true"
                                required="true"
                                testWith=""
                                type="int"/>
                  </input>
                  <binding>
                     <restSimpleBinding multiUsing="semicolonSeparated"
                                        url="https://{$hostName}/api/REST/1.0/assets/email/{$idPathParam}"
                                        verb="PUT">
                        <httpHeaders>
                           <header name="Content-Type">application/json</header>
                           <header name="Accept">application/json</header>
                        </httpHeaders>
                        <body generateUsing="UnwrappedJSON" preserveJsonStringFormatting="false"/>
                     </restSimpleBinding>
                  </binding>
                  <output>
                     <field description="OK"
                            entireResponse="true"
                            name="EmailRest10"
                            type="reference">
                        <options>
                           <option name="referenceTo">EmailRest10</option>
                        </options>
                     </field>
                  </output>
               </action>
               <action category=""
                       failOnError="true"
                       forSearch="false"
                       label="CreateIndividualPOSTRest10"
                       maxRedirects="100"
                       name="CreateIndividualPOSTRest10"
                       preemptiveAuth="true"
                       responseEncoding="">
                  <description>Create an email. Creates an email that matches the criteria specified by the request body for &lt;code&gt;htmlContent&lt;/code&gt; with a type of &lt;code&gt;RawHtmlContent&lt;/code&gt;.</description>
                  <input>
                     <parameter description="The request body defines the details of the email to be created."
                                label="message"
                                name="message"
                                required="true"
                                testWith=""
                                type="reference">
                        <options>
                           <option name="referenceTo">EmailRest10</option>
                        </options>
                     </parameter>
                  </input>
                  <binding>
                     <restSimpleBinding multiUsing="semicolonSeparated"
                                        url="https://{$hostName}/api/REST/1.0/assets/email"
                                        verb="POST">
                        <httpHeaders>
                           <header name="Content-Type">application/json</header>
                           <header name="Accept">application/json</header>
                        </httpHeaders>
                        <body generateUsing="UnwrappedJSON" preserveJsonStringFormatting="false"/>
                     </restSimpleBinding>
                  </binding>
                  <output/>
               </action>
            </actions>
            <objects>
               <processObject xmlns="http://schemas.active-endpoints.com/appmodules/screenflow/2011/06/avosHostEnvironment.xsd"
                              isByCopy="true"
                              name="HtmlContentRest10">
                  <description/>
                  <detail>
                     <field name="type" type="string"/>
                  </detail>
               </processObject>
               <processObject xmlns="http://schemas.active-endpoints.com/appmodules/screenflow/2011/06/avosHostEnvironment.xsd"
                              isByCopy="true"
                              name="CriterionRest10">
                  <description/>
                  <detail>
                     <field name="createdAt" type="string"/>
                     <field name="updatedBy" type="string"/>
                     <field name="accessedAt" type="string"/>
                     <field name="depth" type="string"/>
                     <field name="currentStatus" type="string"/>
                     <field name="createdBy" type="string"/>
                     <field name="permissions" type="string"/>
                     <field name="name" type="string"/>
                     <field name="description" type="string"/>
                     <field name="id" type="string"/>
                     <field name="type" type="string"/>
                     <field name="updatedAt" type="string"/>
                  </detail>
               </processObject>
               <processObject xmlns="http://schemas.active-endpoints.com/appmodules/screenflow/2011/06/avosHostEnvironment.xsd"
                              isByCopy="true"
                              name="EmailRest10">
                  <description/>
                  <detail>
                     <field name="fieldMerges" type="objectlist">
                        <options>
                           <option name="referenceTo">FieldMergeRest10</option>
                           <option name="relationshipName">Child</option>
                        </options>
                     </field>
                     <field name="subject" type="string"/>
                     <field name="description" type="string"/>
                     <field name="type" type="string"/>
                     <field name="htmlContent" type="reference">
                        <options>
                           <option name="referenceTo">HtmlContentRest10</option>
                           <option name="relationshipName">Child</option>
                        </options>
                     </field>
                     <field name="emailFooterId" type="string"/>
                     <field name="createdAt" type="string"/>
                     <field name="senderName" type="string"/>
                     <field name="isPlainTextEditable" type="string"/>
                     <field name="permissions" type="string"/>
                     <field name="senderEmail" type="string"/>
                     <field name="plainText" type="string"/>
                     <field name="replyToName" type="string"/>
                     <field name="id" type="string"/>
                     <field name="updatedAt" type="string"/>
                     <field name="dynamicContents" type="objectlist">
                        <options>
                           <option name="referenceTo">DynamicContentRest10</option>
                           <option name="relationshipName">Child</option>
                        </options>
                     </field>
                     <field name="emailHeaderId" type="string"/>
                     <field name="images" type="objectlist">
                        <options>
                           <option name="referenceTo">ImageFileRest10</option>
                           <option name="relationshipName">Child</option>
                        </options>
                     </field>
                     <field name="updatedBy" type="string"/>
                     <field name="accessedAt" type="string"/>
                     <field name="currentStatus" type="string"/>
                     <field name="sendPlainTextOnly" type="string"/>
                     <field name="encodingId" type="string"/>
                     <field name="landingPages" type="objectlist">
                        <options>
                           <option name="referenceTo">LandingPageRest10</option>
                           <option name="relationshipName">Child</option>
                        </options>
                     </field>
                     <field name="bounceBackEmail" type="string"/>
                     <field name="replyToEmail" type="string"/>
                     <field name="emailGroupId" type="string"/>
                     <field name="layout" type="string"/>
                     <field name="virtualMTAId" type="string"/>
                     <field name="contentSections" type="objectlist">
                        <options>
                           <option name="referenceTo">ContentSectionRest10</option>
                           <option name="relationshipName">Child</option>
                        </options>
                     </field>
                     <field name="isTracked" type="string"/>
                     <field name="depth" type="string"/>
                     <field name="createdBy" type="string"/>
                     <field name="name" type="string"/>
                     <field name="files" type="objectlist">
                        <options>
                           <option name="referenceTo">ImportedFileRest10</option>
                           <option name="relationshipName">Child</option>
                        </options>
                     </field>
                     <field name="style" type="string"/>
                     <field name="forms" type="objectlist">
                        <options>
                           <option name="referenceTo">FormRest10</option>
                           <option name="relationshipName">Child</option>
                        </options>
                     </field>
                     <field name="hyperlinks" type="objectlist">
                        <options>
                           <option name="referenceTo">HyperlinkRest10</option>
                           <option name="relationshipName">Child</option>
                        </options>
                     </field>
                  </detail>
               </processObject>
               <processObject xmlns="http://schemas.active-endpoints.com/appmodules/screenflow/2011/06/avosHostEnvironment.xsd"
                              isByCopy="true"
                              name="ContentSectionRest10">
                  <description/>
                  <detail>
                     <field name="images" type="objectlist">
                        <options>
                           <option name="referenceTo">ImageFileRest10</option>
                           <option name="relationshipName">Child</option>
                        </options>
                     </field>
                     <field name="updatedBy" type="string"/>
                     <field name="accessedAt" type="string"/>
                     <field name="currentStatus" type="string"/>
                     <field name="contentText" type="string"/>
                     <field name="description" type="string"/>
                     <field name="type" type="string"/>
                     <field name="contentHtml" type="string"/>
                     <field name="createdAt" type="string"/>
                     <field name="depth" type="string"/>
                     <field name="size" type="reference">
                        <options>
                           <option name="referenceTo">SizeRest10</option>
                           <option name="relationshipName">Child</option>
                        </options>
                     </field>
                     <field name="createdBy" type="string"/>
                     <field name="permissions" type="string"/>
                     <field name="scope" type="string"/>
                     <field name="name" type="string"/>
                     <field name="id" type="string"/>
                     <field name="forms" type="objectlist">
                        <options>
                           <option name="referenceTo">FormRest10</option>
                           <option name="relationshipName">Child</option>
                        </options>
                     </field>
                     <field name="hyperlinks" type="objectlist">
                        <options>
                           <option name="referenceTo">HyperlinkRest10</option>
                           <option name="relationshipName">Child</option>
                        </options>
                     </field>
                     <field name="updatedAt" type="string"/>
                  </detail>
               </processObject>
               <processObject xmlns="http://schemas.active-endpoints.com/appmodules/screenflow/2011/06/avosHostEnvironment.xsd"
                              isByCopy="true"
                              name="SizeRest10">
                  <description/>
                  <detail>
                     <field name="type" type="string"/>
                  </detail>
               </processObject>
               <processObject xmlns="http://schemas.active-endpoints.com/appmodules/screenflow/2011/06/avosHostEnvironment.xsd"
                              isByCopy="true"
                              name="ImageFileRest10">
                  <description/>
                  <detail>
                     <field name="updatedBy" type="string"/>
                     <field name="accessedAt" type="string"/>
                     <field name="currentStatus" type="string"/>
                     <field name="fullImageUrl" type="string"/>
                     <field name="description" type="string"/>
                     <field name="type" type="string"/>
                     <field name="createdAt" type="string"/>
                     <field name="depth" type="string"/>
                     <field name="size" type="reference">
                        <options>
                           <option name="referenceTo">SizeRest10</option>
                           <option name="relationshipName">Child</option>
                        </options>
                     </field>
                     <field name="createdBy" type="string"/>
                     <field name="permissions" type="string"/>
                     <field name="name" type="string"/>
                     <field name="id" type="string"/>
                     <field name="updatedAt" type="string"/>
                     <field name="thumbnailUrl" type="string"/>
                  </detail>
               </processObject>
               <processObject xmlns="http://schemas.active-endpoints.com/appmodules/screenflow/2011/06/avosHostEnvironment.xsd"
                              isByCopy="true"
                              name="ImportedFileRest10">
                  <description/>
                  <detail>
                     <field name="fileName" type="string"/>
                     <field name="updatedBy" type="string"/>
                     <field name="accessedAt" type="string"/>
                     <field name="currentStatus" type="string"/>
                     <field name="link" type="string"/>
                     <field name="description" type="string"/>
                     <field name="type" type="string"/>
                     <field name="createdAt" type="string"/>
                     <field name="depth" type="string"/>
                     <field name="createdBy" type="string"/>
                     <field name="trackedLink" type="string"/>
                     <field name="permissions" type="string"/>
                     <field name="name" type="string"/>
                     <field name="id" type="string"/>
                     <field name="updatedAt" type="string"/>
                  </detail>
               </processObject>
               <processObject xmlns="http://schemas.active-endpoints.com/appmodules/screenflow/2011/06/avosHostEnvironment.xsd"
                              isByCopy="true"
                              name="LandingPageRest10">
                  <description/>
                  <detail>
                     <field name="autoRedirectUrl" type="string"/>
                     <field name="autoCloseWaitFor" type="string"/>
                     <field name="description" type="string"/>
                     <field name="type" type="string"/>
                     <field name="micrositeId" type="string"/>
                     <field name="deployedAt" type="string"/>
                     <field name="htmlContent" type="reference">
                        <options>
                           <option name="referenceTo">HtmlContentRest10</option>
                           <option name="relationshipName">Child</option>
                        </options>
                     </field>
                     <field name="createdAt" type="string"/>
                     <field name="permissions" type="string"/>
                     <field name="relativePath" type="string"/>
                     <field name="refreshedAt" type="string"/>
                     <field name="id" type="string"/>
                     <field name="updatedAt" type="string"/>
                     <field name="dynamicContents" type="objectlist">
                        <options>
                           <option name="referenceTo">DynamicContentRest10</option>
                           <option name="relationshipName">Child</option>
                        </options>
                     </field>
                     <field name="images" type="objectlist">
                        <options>
                           <option name="referenceTo">ImageFileRest10</option>
                           <option name="relationshipName">Child</option>
                        </options>
                     </field>
                     <field name="updatedBy" type="string"/>
                     <field name="accessedAt" type="string"/>
                     <field name="currentStatus" type="string"/>
                     <field name="layout" type="string"/>
                     <field name="autoRedirectWaitFor" type="string"/>
                     <field name="contentSections" type="objectlist">
                        <options>
                           <option name="referenceTo">ContentSectionRest10</option>
                           <option name="relationshipName">Child</option>
                        </options>
                     </field>
                     <field name="depth" type="string"/>
                     <field name="createdBy" type="string"/>
                     <field name="name" type="string"/>
                     <field name="files" type="objectlist">
                        <options>
                           <option name="referenceTo">ImportedFileRest10</option>
                           <option name="relationshipName">Child</option>
                        </options>
                     </field>
                     <field name="style" type="string"/>
                     <field name="forms" type="objectlist">
                        <options>
                           <option name="referenceTo">FormRest10</option>
                           <option name="relationshipName">Child</option>
                        </options>
                     </field>
                     <field name="hyperlinks" type="objectlist">
                        <options>
                           <option name="referenceTo">HyperlinkRest10</option>
                           <option name="relationshipName">Child</option>
                        </options>
                     </field>
                  </detail>
               </processObject>
               <processObject xmlns="http://schemas.active-endpoints.com/appmodules/screenflow/2011/06/avosHostEnvironment.xsd"
                              isByCopy="true"
                              name="FormElementRest10">
                  <description/>
                  <detail>
                     <field name="instructions" type="string"/>
                     <field name="updatedBy" type="string"/>
                     <field name="accessedAt" type="string"/>
                     <field name="currentStatus" type="string"/>
                     <field name="description" type="string"/>
                     <field name="type" type="string"/>
                     <field name="createdAt" type="string"/>
                     <field name="depth" type="string"/>
                     <field name="createdBy" type="string"/>
                     <field name="permissions" type="string"/>
                     <field name="name" type="string"/>
                     <field name="style" type="string"/>
                     <field name="id" type="string"/>
                     <field name="updatedAt" type="string"/>
                  </detail>
               </processObject>
               <processObject xmlns="http://schemas.active-endpoints.com/appmodules/screenflow/2011/06/avosHostEnvironment.xsd"
                              isByCopy="true"
                              name="FormRest10">
                  <description/>
                  <detail>
                     <field name="updatedBy" type="string"/>
                     <field name="accessedAt" type="string"/>
                     <field name="processingType" type="string"/>
                     <field name="currentStatus" type="string"/>
                     <field name="description" type="string"/>
                     <field name="type" type="string"/>
                     <field name="emailAddressFormFieldId" type="string"/>
                     <field name="isHidden" type="string"/>
                     <field name="createdAt" type="string"/>
                     <field name="htmlName" type="string"/>
                     <field name="depth" type="string"/>
                     <field name="submitFailedLandingPageId" type="string"/>
                     <field name="createdBy" type="string"/>
                     <field name="permissions" type="string"/>
                     <field name="elements" type="objectlist">
                        <options>
                           <option name="referenceTo">FormElementRest10</option>
                           <option name="relationshipName">Child</option>
                        </options>
                     </field>
                     <field name="name" type="string"/>
                     <field name="html" type="string"/>
                     <field name="style" type="string"/>
                     <field name="id" type="string"/>
                     <field name="processingSteps" type="objectlist">
                        <options>
                           <option name="referenceTo">FormProcessingStepRest10</option>
                           <option name="relationshipName">Child</option>
                        </options>
                     </field>
                     <field name="updatedAt" type="string"/>
                  </detail>
               </processObject>
               <processObject xmlns="http://schemas.active-endpoints.com/appmodules/screenflow/2011/06/avosHostEnvironment.xsd"
                              isByCopy="true"
                              name="DynamicContentRest10">
                  <description/>
                  <detail>
                     <field name="updatedBy" type="string"/>
                     <field name="accessedAt" type="string"/>
                     <field name="currentStatus" type="string"/>
                     <field name="description" type="string"/>
                     <field name="rules" type="objectlist">
                        <options>
                           <option name="referenceTo">DynamicContentRuleRest10</option>
                           <option name="relationshipName">Child</option>
                        </options>
                     </field>
                     <field name="type" type="string"/>
                     <field name="createdAt" type="string"/>
                     <field name="depth" type="string"/>
                     <field name="defaultContentSection" type="reference">
                        <options>
                           <option name="referenceTo">ContentSectionRest10</option>
                           <option name="relationshipName">Child</option>
                        </options>
                     </field>
                     <field name="createdBy" type="string"/>
                     <field name="permissions" type="string"/>
                     <field name="name" type="string"/>
                     <field name="id" type="string"/>
                     <field name="updatedAt" type="string"/>
                  </detail>
               </processObject>
               <processObject xmlns="http://schemas.active-endpoints.com/appmodules/screenflow/2011/06/avosHostEnvironment.xsd"
                              isByCopy="true"
                              name="FieldMergeRest10">
                  <description/>
                  <detail>
                     <field name="eventId" type="string"/>
                     <field name="updatedBy" type="string"/>
                     <field name="accessedAt" type="string"/>
                     <field name="currentStatus" type="string"/>
                     <field name="defaultValue" type="string"/>
                     <field name="mergeType" type="string"/>
                     <field name="description" type="string"/>
                     <field name="type" type="string"/>
                     <field name="createdAt" type="string"/>
                     <field name="eventSessionFieldId" type="string"/>
                     <field name="depth" type="string"/>
                     <field name="createdBy" type="string"/>
                     <field name="contactFieldId" type="string"/>
                     <field name="permissions" type="string"/>
                     <field name="eventFieldId" type="string"/>
                     <field name="name" type="string"/>
                     <field name="syntax" type="string"/>
                     <field name="id" type="string"/>
                     <field name="accountFieldId" type="string"/>
                     <field name="updatedAt" type="string"/>
                  </detail>
               </processObject>
               <processObject xmlns="http://schemas.active-endpoints.com/appmodules/screenflow/2011/06/avosHostEnvironment.xsd"
                              isByCopy="true"
                              name="DynamicContentRuleRest10">
                  <description/>
                  <detail>
                     <field name="contentSection" type="reference">
                        <options>
                           <option name="referenceTo">ContentSectionRest10</option>
                           <option name="relationshipName">Child</option>
                        </options>
                     </field>
                     <field name="depth" type="string"/>
                     <field name="currentStatus" type="string"/>
                     <field name="criteria" type="objectlist">
                        <options>
                           <option name="referenceTo">CriterionRest10</option>
                           <option name="relationshipName">Child</option>
                        </options>
                     </field>
                     <field name="statement" type="string"/>
                     <field name="id" type="string"/>
                     <field name="type" type="string"/>
                  </detail>
               </processObject>
               <processObject xmlns="http://schemas.active-endpoints.com/appmodules/screenflow/2011/06/avosHostEnvironment.xsd"
                              isByCopy="true"
                              name="FormProcessingStepRest10">
                  <description/>
                  <detail>
                     <field name="isConditionallyNegated" type="string"/>
                     <field name="updatedBy" type="string"/>
                     <field name="accessedAt" type="string"/>
                     <field name="currentStatus" type="string"/>
                     <field name="description" type="string"/>
                     <field name="conditionalType" type="string"/>
                     <field name="type" type="string"/>
                     <field name="execute" type="string"/>
                     <field name="createdAt" type="string"/>
                     <field name="depth" type="string"/>
                     <field name="createdBy" type="string"/>
                     <field name="permissions" type="string"/>
                     <field name="name" type="string"/>
                     <field name="id" type="string"/>
                     <field name="updatedAt" type="string"/>
                     <field name="conditionalFieldId" type="string"/>
                     <field name="conditionalComparator" type="string"/>
                  </detail>
               </processObject>
               <processObject xmlns="http://schemas.active-endpoints.com/appmodules/screenflow/2011/06/avosHostEnvironment.xsd"
                              isByCopy="true"
                              name="QueryResultEmailRest10">
                  <description/>
                  <detail>
                     <field name="total" type="int"/>
                     <field name="elements" type="objectlist">
                        <options>
                           <option name="referenceTo">EmailRest10</option>
                           <option name="relationshipName">Child</option>
                        </options>
                     </field>
                     <field name="pageSize" type="int"/>
                     <field name="page" type="int"/>
                     <field name="type" type="string"/>
                  </detail>
               </processObject>
               <processObject xmlns="http://schemas.active-endpoints.com/appmodules/screenflow/2011/06/avosHostEnvironment.xsd"
                              isByCopy="true"
                              name="HyperlinkRest10">
                  <description/>
                  <detail>
                     <field name="hyperlinkType" type="string"/>
                     <field name="updatedBy" type="string"/>
                     <field name="accessedAt" type="string"/>
                     <field name="currentStatus" type="string"/>
                     <field name="description" type="string"/>
                     <field name="type" type="string"/>
                     <field name="createdAt" type="string"/>
                     <field name="depth" type="string"/>
                     <field name="createdBy" type="string"/>
                     <field name="permissions" type="string"/>
                     <field name="name" type="string"/>
                     <field name="id" type="string"/>
                     <field name="href" type="string"/>
                     <field name="referencedEntityId" type="string"/>
                     <field name="updatedAt" type="string"/>
                  </detail>
               </processObject>
               <processObject xmlns="http://schemas.active-endpoints.com/appmodules/screenflow/2011/06/avosHostEnvironment.xsd"
                              isByCopy="true"
                              name="string">
                  <description/>
                  <detail>
                     <field name="string" type="string"/>
                  </detail>
               </processObject>
               <processObject xmlns="http://schemas.active-endpoints.com/appmodules/screenflow/2011/06/avosHostEnvironment.xsd"
                              isByCopy="true"
                              name="boolean">
                  <description/>
                  <detail>
                     <field name="boolean" type="boolean"/>
                  </detail>
               </processObject>
               <processObject xmlns="http://schemas.active-endpoints.com/appmodules/screenflow/2011/06/avosHostEnvironment.xsd"
                              isByCopy="true"
                              name="double">
                  <description/>
                  <detail>
                     <field name="double" type="double"/>
                  </detail>
               </processObject>
               <processObject xmlns="http://schemas.active-endpoints.com/appmodules/screenflow/2011/06/avosHostEnvironment.xsd"
                              isByCopy="true"
                              name="integer">
                  <description/>
                  <detail>
                     <field name="integer" type="int"/>
                  </detail>
               </processObject>
            </objects>
         </businessConnector>
      </types1:Entry>
      <types1:GUID>9Yz0ZCqUyRah3g3nFrog0L</types1:GUID>
      <types1:DisplayName>Oracle Eloqua Marketing Cloud Service Emails API v1</types1:DisplayName>
   </types1:Item>
   <types1:CurrentServerDateTime>2019-02-22T04:01:43.847Z</types1:CurrentServerDateTime>
</aetgt:getResponse>
