<aetgt:getResponse xmlns:aetgt="http://schemas.active-endpoints.com/appmodules/repository/2010/10/avrepository.xsd"
                   xmlns:types1="http://schemas.active-endpoints.com/appmodules/repository/2010/10/avrepository.xsd">
   <types1:Item>
      <types1:EntryId>tluQgabcjk91pqr-gt-25418-2019-02-22T09:15:49.319Z::svc.xml</types1:EntryId>
      <types1:Name>Alfresco_Insight_Engine_Search_SQL_API_v1</types1:Name>
      <types1:MimeType>application/xml+businesssconnector</types1:MimeType>
      <types1:Description>**Search SQL API**
A Solr SQL passthrough, this feature provides the ability to use SQL to query Solr.</types1:Description>
      <types1:AppliesTo/>
      <types1:Tags/>
      <types1:VersionLabel>1.0</types1:VersionLabel>
      <types1:State>CURRENT</types1:State>
      <types1:ProcessGroup/>
      <types1:CreatedBy>sorabh@na1.dm-us.org</types1:CreatedBy>
      <types1:CreationDate>2019-02-22T09:15:49Z</types1:CreationDate>
      <types1:ModifiedBy/>
      <types1:PublicationStatus>published</types1:PublicationStatus>
      <types1:PublishedBy>sorabh@na1.dm-us.org</types1:PublishedBy>
      <types1:PublicationDate>2019-02-22T09:15:58Z</types1:PublicationDate>
      <types1:PublishedContributionId>project:/rt.connector/Alfresco_Insight_Engine_Search_SQL_API_v1/Alfresco_Insight_Engine_Search_SQL_API_v1_svcDef.xml</types1:PublishedContributionId>
      <types1:AutosaveExists>false</types1:AutosaveExists>
      <types1:Entry>
         <businessConnector xmlns="http://schemas.informatica.com/socrates/data-services/2014/05/business-connector-model.xsd"
                            agentOnly="false"
                            debug="false"
                            displayName="Alfresco Insight Engine Search SQL API v1"
                            label=""
                            name="Alfresco_Insight_Engine_Search_SQL_API_v1"
                            uuid="0b95acab-5088-4f6d-a703-f67a15a77d3e">
            <description>**Search SQL API**
A Solr SQL passthrough, this feature provides the ability to use SQL to query Solr.</description>
            <tags/>
            <connectionAttributes xmlns="http://schemas.informatica.com/appmodules/screenflow/2014/04/avosConnectors.xsd">
               <connectionAttribute description="Host Name"
                                    masked="false"
                                    name="hostName"
                                    required="true"
                                    testWith="www.example.com"
                                    type="string"/>
               <connectionAttribute description="User Name"
                                    masked="false"
                                    name="username"
                                    required="true"
                                    testWith=""
                                    type="string"/>
               <connectionAttribute description="Password"
                                    masked="true"
                                    name="password"
                                    required="true"
                                    testWith=""
                                    type="string"/>
            </connectionAttributes>
            <actions>
               <action category="sql"
                       failOnError="true"
                       forSearch="false"
                       label="SqlPost"
                       maxRedirects="100"
                       name="SqlPost"
                       preemptiveAuth="true"
                       responseEncoding="">
                  <description>search. **Note**: this endpoint is available in Alfresco 6.0 and newer versions. This will require Insight Engine and will not work with Alfresco Search Services. **You specify all the parameters in this API in a JSON body**, A basic query looks like this: ```JSON { "stmt": "select * from alfresco", "locales": ["en_UK"] "timezone": "Europe/London" "includeMetadata":true } ``` **Note:** the minimum possible query parameter required. ```JSON { "stmt": } ``` The expected reponse will appear in the Alfresco format as seen below. ```JSON { "list": { "pagination": { "count": 1, "hasMoreItems": false, "totalItems": 1, "skipCount": 0, "maxItems": 100 }, "entries": [{ "entry": [ { "label": "aliases", "value": "{\"SITE\":\"site\"}" }, { "label": "isMetadata", "value": "true" }, { "label": "fields", "value": "[\"SITE\"]" } ] }]}} ``` To override the default format set the format to solr. ```JSON { "stmt": "select * from alfresco", "format": "solr" } ``` This will return Solr's output response. ```JSON { "result-set": { "docs": [ { "aliases": { "SITE": "site" }, "isMetadata": true, "fields": [ "SITE"] }, { "RESPONSE_TIME": 23, "EOF": true } ]} } ``` You can use the **locales parameter** to filter results based on locale. ```JSON "locales": ["en_UK", "en_US"] ``` To include timezone in the query add the **timezone parameter**. ```JSON "timezone": "Japan" ``` You can use the **includeMetadata parameter** to include addtional information, this is by default set to false. ```JSON "includeMetadata": "false" ``` Please note that if its set to true the first entry will represent the metdata requested ```JSON { "stmt": "select site from alfresco limit 2", "includeMetadata":true } ``` The expected response: ```JSON "entries": [ { #First entry holds the Metadata infromation as set by {includeMetadata:true} "entry": [ { "label": "aliases", "value": "{\"SITE\":\"site\"}" }, { "label": "isMetadata", "value": "true" }, { "label": "fields", "value": "[\"SITE\"]" } ] #end of Metadata }, { #Query result entry value. "entry": [ { "label": "site", "value": "[\"test\"]" } ] }, { "entry": [ { "label": "site", "value": "[\"test\"]" } ] } ] ```</description>
                  <input>
                     <parameter description="Generic query API"
                                label="queryBody"
                                name="queryBody"
                                required="true"
                                testWith=""
                                type="reference">
                        <options>
                           <option name="referenceTo">SQLSearchRequest</option>
                        </options>
                     </parameter>
                  </input>
                  <binding>
                     <restSimpleBinding multiUsing="semicolonSeparated"
                                        url="http://{$hostName}/alfresco/api/-default-/public/search/versions/1/sql"
                                        verb="POST">
                        <authentication>
                           <username>{$username}</username>
                           <password>{$password}</password>
                           <isExpressionInPassword>true</isExpressionInPassword>
                        </authentication>
                        <httpHeaders>
                           <header name="Content-Type">application/json</header>
                           <header name="Accept">application/json</header>
                        </httpHeaders>
                        <body generateUsing="UnwrappedJSON" preserveJsonStringFormatting="false"/>
                     </restSimpleBinding>
                  </binding>
                  <output>
                     <field description="Successful response"
                            entireResponse="true"
                            name="SQLResultSetPaging"
                            type="reference">
                        <options>
                           <option name="referenceTo">SQLResultSetPaging</option>
                        </options>
                     </field>
                  </output>
               </action>
            </actions>
            <objects>
               <processObject xmlns="http://schemas.active-endpoints.com/appmodules/screenflow/2011/06/avosHostEnvironment.xsd"
                              isByCopy="true"
                              name="Pagination">
                  <description/>
                  <detail>
                     <field name="maxItems" type="int"/>
                     <field name="totalItems" type="int"/>
                     <field name="hasMoreItems" type="boolean"/>
                     <field name="count" type="int"/>
                     <field name="skipCount" type="int"/>
                  </detail>
               </processObject>
               <processObject xmlns="http://schemas.active-endpoints.com/appmodules/screenflow/2011/06/avosHostEnvironment.xsd"
                              isByCopy="true"
                              name="Error1">
                  <description/>
                  <detail>
                     <field name="errorKey" type="string"/>
                     <field name="briefSummary" type="string"/>
                     <field name="descriptionURL" type="string"/>
                     <field name="logId" type="string"/>
                     <field name="stackTrace" type="string"/>
                     <field name="statusCode" type="int"/>
                  </detail>
               </processObject>
               <processObject xmlns="http://schemas.active-endpoints.com/appmodules/screenflow/2011/06/avosHostEnvironment.xsd"
                              isByCopy="true"
                              name="SQLResultSetPaging">
                  <description>Query results</description>
                  <detail>
                     <field name="list" type="reference">
                        <options>
                           <option name="referenceTo">List</option>
                           <option name="relationshipName">Child</option>
                        </options>
                     </field>
                  </detail>
               </processObject>
               <processObject xmlns="http://schemas.active-endpoints.com/appmodules/screenflow/2011/06/avosHostEnvironment.xsd"
                              isByCopy="true"
                              name="Error">
                  <description/>
                  <detail>
                     <field name="error" type="reference">
                        <options>
                           <option name="referenceTo">Error1</option>
                           <option name="relationshipName">Child</option>
                        </options>
                     </field>
                  </detail>
               </processObject>
               <processObject xmlns="http://schemas.active-endpoints.com/appmodules/screenflow/2011/06/avosHostEnvironment.xsd"
                              isByCopy="true"
                              name="List">
                  <description/>
                  <detail>
                     <field name="entries" type="objectlist">
                        <options>
                           <option name="referenceTo">SQLResultSetRowEntry</option>
                           <option name="relationshipName">Child</option>
                        </options>
                     </field>
                     <field name="pagination" type="reference">
                        <options>
                           <option name="referenceTo">Pagination</option>
                           <option name="relationshipName">Child</option>
                        </options>
                     </field>
                  </detail>
               </processObject>
               <processObject xmlns="http://schemas.active-endpoints.com/appmodules/screenflow/2011/06/avosHostEnvironment.xsd"
                              isByCopy="true"
                              name="SQLSearchRequest">
                  <description/>
                  <detail>
                     <field name="includeMetadata" type="boolean"/>
                     <field name="locales" type="objectlist">
                        <options>
                           <option name="referenceTo">string</option>
                           <option name="relationshipName">Child</option>
                        </options>
                     </field>
                     <field name="timezone" type="string"/>
                     <field name="format" type="string"/>
                     <field name="stmt" type="string"/>
                  </detail>
               </processObject>
               <processObject xmlns="http://schemas.active-endpoints.com/appmodules/screenflow/2011/06/avosHostEnvironment.xsd"
                              isByCopy="true"
                              name="SolrResultSet">
                  <description>SQL results in Solr formatting</description>
                  <detail>
                     <field name="result_set" type="objectlist">
                        <options>
                           <option name="referenceTo">SQLResultSetRowEntry</option>
                           <option name="relationshipName">Child</option>
                        </options>
                     </field>
                  </detail>
               </processObject>
               <processObject xmlns="http://schemas.active-endpoints.com/appmodules/screenflow/2011/06/avosHostEnvironment.xsd"
                              isByCopy="true"
                              name="SQLResultSetRowEntry">
                  <description/>
                  <detail>
                     <field name="label" type="string"/>
                     <field name="value" type="string"/>
                  </detail>
               </processObject>
               <processObject xmlns="http://schemas.active-endpoints.com/appmodules/screenflow/2011/06/avosHostEnvironment.xsd"
                              isByCopy="true"
                              name="string">
                  <description/>
                  <detail>
                     <field name="string" type="string"/>
                  </detail>
               </processObject>
               <processObject xmlns="http://schemas.active-endpoints.com/appmodules/screenflow/2011/06/avosHostEnvironment.xsd"
                              isByCopy="true"
                              name="boolean">
                  <description/>
                  <detail>
                     <field name="boolean" type="boolean"/>
                  </detail>
               </processObject>
               <processObject xmlns="http://schemas.active-endpoints.com/appmodules/screenflow/2011/06/avosHostEnvironment.xsd"
                              isByCopy="true"
                              name="double">
                  <description/>
                  <detail>
                     <field name="double" type="double"/>
                  </detail>
               </processObject>
               <processObject xmlns="http://schemas.active-endpoints.com/appmodules/screenflow/2011/06/avosHostEnvironment.xsd"
                              isByCopy="true"
                              name="integer">
                  <description/>
                  <detail>
                     <field name="integer" type="int"/>
                  </detail>
               </processObject>
            </objects>
         </businessConnector>
      </types1:Entry>
      <types1:GUID>blKrpr17NAQe991rxxX7IP</types1:GUID>
      <types1:DisplayName>Alfresco Insight Engine Search SQL API v1</types1:DisplayName>
   </types1:Item>
   <types1:CurrentServerDateTime>2019-02-22T09:18:04.033Z</types1:CurrentServerDateTime>
</aetgt:getResponse>
