<aetgt:getResponse xmlns:aetgt="http://schemas.active-endpoints.com/appmodules/repository/2010/10/avrepository.xsd"
                   xmlns:types1="http://schemas.active-endpoints.com/appmodules/repository/2010/10/avrepository.xsd">
   <types1:Item>
      <types1:EntryId>UnZw7zsZvEIAkRt-gt-2067529-2019-02-12T01:15:20.743Z::svc.xml</types1:EntryId>
      <types1:Name>Oracle_Cloud_Infrastructure_Compute_Restores_API_v18-1-2</types1:Name>
      <types1:MimeType>application/xml+businesssconnector</types1:MimeType>
      <types1:Description>You can schedule backups to be restored to a volumes. You can only restore a from completed backup.&lt;p&gt;These endpoints are not available on Oracle Cloud Machine.&lt;/p&gt;</types1:Description>
      <types1:AppliesTo/>
      <types1:Tags/>
      <types1:VersionLabel>1.0</types1:VersionLabel>
      <types1:State>CURRENT</types1:State>
      <types1:ProcessGroup/>
      <types1:CreatedBy>sorabh@na1.dm-us.org</types1:CreatedBy>
      <types1:CreationDate>2019-02-12T01:15:21Z</types1:CreationDate>
      <types1:ModifiedBy/>
      <types1:PublicationStatus>published</types1:PublicationStatus>
      <types1:PublishedBy>sorabh@na1.dm-us.org</types1:PublishedBy>
      <types1:PublicationDate>2019-02-12T01:15:33Z</types1:PublicationDate>
      <types1:PublishedContributionId>project:/rt.connector/Oracle_Cloud_Infrastructure_Compute_Restores_API_v18_1_2/Oracle_Cloud_Infrastructure_Compute_Restores_API_v18_1_2_svcDef.xml</types1:PublishedContributionId>
      <types1:AutosaveExists>false</types1:AutosaveExists>
      <types1:Entry>
         <businessConnector xmlns="http://schemas.informatica.com/socrates/data-services/2014/05/business-connector-model.xsd"
                            agentOnly="false"
                            debug="false"
                            displayName="Oracle Cloud Infrastructure Compute Restores API v18-1-2"
                            label=""
                            name="Oracle_Cloud_Infrastructure_Compute_Restores_API_v18-1-2"
                            uuid="74a4aba8-456b-402d-aa56-a6c67208d970">
            <description>You can schedule backups to be restored to a volumes. You can only restore a from completed backup.&lt;p&gt;These endpoints are not available on Oracle Cloud Machine.&lt;/p&gt;</description>
            <tags/>
            <connectionAttributes xmlns="http://schemas.informatica.com/appmodules/screenflow/2014/04/avosConnectors.xsd">
               <connectionAttribute description="Host Name"
                                    masked="false"
                                    name="hostName"
                                    required="true"
                                    testWith="apicatalog.oraclecloud.com"
                                    type="string"/>
            </connectionAttributes>
            <actions>
               <action category="Restores"
                       failOnError="true"
                       forSearch="false"
                       label="getRestore"
                       maxRedirects="100"
                       name="getRestore"
                       preemptiveAuth="true"
                       responseEncoding="">
                  <description>Retrieve Details of a Restore. This endpoint is not available on Oracle Cloud Machine.&lt;p&gt;Returns a json object of restore object, requires /restore/&lt;PathName&gt;.&lt;p&gt;&lt;b&gt;Required Role: &lt;/b&gt;To complete this task, you must have the &lt;code&gt;Compute_Monitor&lt;/code&gt; or &lt;code&gt;Compute_Operations&lt;/code&gt;role. If this role isn't assigned to you or you're not sure, then ask your system administrator to ensure that the role is assigned to you in Oracle Cloud My Services. See &lt;a target="_blank" href="http://www.oracle.com/pls/topic/lookup?ctx=stcomputecs&amp;id=MMOCS-GUID-54C2E747-7D5B-451C-A39C-77936178EBB6"&gt;Modifying User Roles&lt;/a&gt; in &lt;em&gt;Managing and Monitoring Oracle Cloud&lt;/em&gt;.</description>
                  <input>
                     <parameter description="Multi-part name of the Restore you want to get"
                                label="namePathParam"
                                name="namePathParam"
                                nogen="true"
                                required="true"
                                testWith=""
                                type="string"/>
                  </input>
                  <binding>
                     <restSimpleBinding multiUsing="semicolonSeparated"
                                        url="http://{$hostName}/backupservice/v1/restore/{$namePathParam}"
                                        verb="GET">
                        <httpHeaders>
                           <header name="Content-Type">application/json</header>
                           <header name="Accept">application/json</header>
                        </httpHeaders>
                     </restSimpleBinding>
                  </binding>
                  <output>
                     <field description="Successfully retrieved restore object by name."
                            entireResponse="true"
                            name="Restore"
                            type="reference">
                        <options>
                           <option name="referenceTo">Restore</option>
                        </options>
                     </field>
                  </output>
               </action>
               <action category="Restores"
                       failOnError="true"
                       forSearch="false"
                       label="deleteRestore"
                       maxRedirects="100"
                       name="deleteRestore"
                       preemptiveAuth="true"
                       responseEncoding="">
                  <description>Delete Restore. This endpoint is not available on Oracle Cloud Machine.&lt;p&gt;Deletes Restore model only. Restored volume will remain.&lt;p&gt;&lt;b&gt;Required Role: &lt;/b&gt;To complete this task, you must have the &lt;code&gt;Compute_Operations&lt;/code&gt; role. If this role isn't assigned to you or you're not sure, then ask your system administrator to ensure that the role is assigned to you in Oracle Cloud My Services. See &lt;a target="_blank" href="http://www.oracle.com/pls/topic/lookup?ctx=stcomputecs&amp;id=MMOCS-GUID-54C2E747-7D5B-451C-A39C-77936178EBB6"&gt;Modifying User Roles&lt;/a&gt; in &lt;em&gt;Managing and Monitoring Oracle Cloud&lt;/em&gt;.</description>
                  <input>
                     <parameter description="Multi-part name of the Restore to delete"
                                label="namePathParam"
                                name="namePathParam"
                                nogen="true"
                                required="true"
                                testWith=""
                                type="string"/>
                  </input>
                  <binding>
                     <restSimpleBinding multiUsing="semicolonSeparated"
                                        url="http://{$hostName}/backupservice/v1/restore/{$namePathParam}"
                                        verb="DELETE">
                        <httpHeaders>
                           <header name="Content-Type">application/json</header>
                           <header name="Accept">application/json</header>
                        </httpHeaders>
                     </restSimpleBinding>
                  </binding>
                  <output/>
               </action>
               <action category="Restores"
                       failOnError="true"
                       forSearch="false"
                       label="createRestore"
                       maxRedirects="100"
                       name="createRestore"
                       preemptiveAuth="true"
                       responseEncoding="">
                  <description>Create a Restore. This endpoint is not available on Oracle Cloud Machine.&lt;p&gt;Restores a storage volume from a previously completed backup. Before sending a request to restore, verify that the backup to be restored is in the &lt;code&gt;completed&lt;/code&gt; state by retrieving details of the backup and checking the &lt;code&gt;state&lt;/code&gt; field. You can only restore backups that are in the Completed state.&lt;p&gt;&lt;b&gt;Required Role: &lt;/b&gt;To complete this task, you must have the &lt;code&gt;Compute_Operations&lt;/code&gt; role. If this role isn't assigned to you or you're not sure, then ask your system administrator to ensure that the role is assigned to you in Oracle Cloud My Services. See &lt;a target="_blank" href="http://www.oracle.com/pls/topic/lookup?ctx=stcomputecs&amp;id=MMOCS-GUID-54C2E747-7D5B-451C-A39C-77936178EBB6"&gt;Modifying User Roles&lt;/a&gt; in &lt;em&gt;Managing and Monitoring Oracle Cloud&lt;/em&gt;.</description>
                  <input>
                     <parameter description="Restore to execute"
                                label="body"
                                name="body"
                                required="true"
                                testWith=""
                                type="reference">
                        <options>
                           <option name="referenceTo">RestoreInput</option>
                        </options>
                     </parameter>
                  </input>
                  <binding>
                     <restSimpleBinding multiUsing="semicolonSeparated"
                                        url="http://{$hostName}/backupservice/v1/restore"
                                        verb="POST">
                        <httpHeaders>
                           <header name="Content-Type">application/json</header>
                           <header name="Accept">application/json</header>
                        </httpHeaders>
                        <body generateUsing="UnwrappedJSON" preserveJsonStringFormatting="false"/>
                     </restSimpleBinding>
                  </binding>
                  <output/>
               </action>
               <action category="Restores"
                       failOnError="true"
                       forSearch="false"
                       label="listRestores"
                       maxRedirects="100"
                       name="listRestores"
                       preemptiveAuth="true"
                       responseEncoding="">
                  <description>Retrieve Details of all Restores. This endpoint is not available on Oracle Cloud Machine.&lt;p&gt;Returns a json object of restore objects.&lt;p&gt;&lt;b&gt;Required Role: &lt;/b&gt;To complete this task, you must have the &lt;code&gt;Compute_Monitor&lt;/code&gt; or &lt;code&gt;Compute_Operations&lt;/code&gt;role. If this role isn't assigned to you or you're not sure, then ask your system administrator to ensure that the role is assigned to you in Oracle Cloud My Services. See &lt;a target="_blank" href="http://www.oracle.com/pls/topic/lookup?ctx=stcomputecs&amp;id=MMOCS-GUID-54C2E747-7D5B-451C-A39C-77936178EBB6"&gt;Modifying User Roles&lt;/a&gt; in &lt;em&gt;Managing and Monitoring Oracle Cloud&lt;/em&gt;.</description>
                  <input>
                     <parameter description="Multi-part name of BackupConfiguration. Filters Restores by BackupConfiguration"
                                label="backupConfigurationName"
                                name="backupConfigurationName"
                                required="false"
                                testWith=""
                                type="string"/>
                  </input>
                  <binding>
                     <restSimpleBinding multiUsing="semicolonSeparated"
                                        url="http://{$hostName}/backupservice/v1/restore"
                                        verb="GET">
                        <httpHeaders>
                           <header name="Content-Type">application/json</header>
                           <header name="Accept">application/json</header>
                        </httpHeaders>
                     </restSimpleBinding>
                  </binding>
                  <output>
                     <field description="Returns list of Restore objects."
                            name="RestoreList"
                            type="objectlist">
                        <options>
                           <option name="referenceTo">Restore</option>
                        </options>
                        <xquery>{
                             (: unwrap the object list from the root wrapper :)
                             for $child in ./*
                             return
                                element {'Restore'} { $child/* }
                             }</xquery>
                     </field>
                  </output>
               </action>
            </actions>
            <objects>
               <processObject xmlns="http://schemas.active-endpoints.com/appmodules/screenflow/2011/06/avosHostEnvironment.xsd"
                              isByCopy="true"
                              name="RestoreInput">
                  <description/>
                  <detail>
                     <field name="volumeUri" type="string"/>
                     <field name="name" type="string"/>
                     <field name="description" type="string"/>
                     <field name="backupName" type="string"/>
                  </detail>
               </processObject>
               <processObject xmlns="http://schemas.active-endpoints.com/appmodules/screenflow/2011/06/avosHostEnvironment.xsd"
                              isByCopy="true"
                              name="HourlyInterval">
                  <description/>
                  <detail/>
               </processObject>
               <processObject xmlns="http://schemas.active-endpoints.com/appmodules/screenflow/2011/06/avosHostEnvironment.xsd"
                              isByCopy="true"
                              name="Restore">
                  <description/>
                  <detail>
                     <field name="runAsUser" type="string"/>
                     <field name="detailedErrorMessage" type="string"/>
                     <field name="tagId" type="string"/>
                     <field name="volumeUri" type="string"/>
                     <field name="errorMessage" type="string"/>
                     <field name="name" type="string"/>
                     <field name="description" type="string"/>
                     <field name="state" type="picklist">
                        <options>
                           <option name="values">[{"value":"SUBMITTED","label":"SUBMITTED"},{"value":"INPROGRESS","label":"INPROGRESS"},{"value":"COMPLETED","label":"COMPLETED"},{"value":"FAILED","label":"FAILED"},{"value":"CANCELLING","label":"CANCELLING"},{"value":"CANCELED","label":"CANCELED"},{"value":"TIMEDOUT","label":"TIMEDOUT"},{"value":"DELETE_SUBMITTED","label":"DELETE_SUBMITTED"},{"value":"DELETING","label":"DELETING"},{"value":"DELETED","label":"DELETED"}]</option>
                        </options>
                     </field>
                     <field name="bootable" type="boolean"/>
                     <field name="uri" type="string"/>
                     <field name="backupConfigurationName" type="string"/>
                     <field name="backupName" type="string"/>
                  </detail>
               </processObject>
               <processObject xmlns="http://schemas.active-endpoints.com/appmodules/screenflow/2011/06/avosHostEnvironment.xsd"
                              isByCopy="true"
                              name="DailyWeeklyInterval">
                  <description/>
                  <detail/>
               </processObject>
               <processObject xmlns="http://schemas.active-endpoints.com/appmodules/screenflow/2011/06/avosHostEnvironment.xsd"
                              isByCopy="true"
                              name="Interval">
                  <description>There are two kinds of Intervals. Each Interval has its own JSON format. Your Interval field should look like one of the following:&lt;p&gt;&lt;ul&gt;&lt;li&gt;&lt;code&gt;"interval":{"Hourly":{"hourlyInterval":2}}&lt;/code&gt;&lt;/li&gt;&lt;li&gt;&lt;code&gt;{"DailyWeekly":{"daysOfWeek":["MONDAY"],"timeOfDay":"03:15","userTimeZone":"America/Los_Angeles"}}&lt;/code&gt;&lt;/li&gt;&lt;/ul&gt;&lt;p&gt;Days of the week is any day of the week fully capitalized (MONDAY, TUESDAY, etc). The user time zone is any IANA user timezone.  For example user time zones see &lt;a href="https://en.wikipedia.org/wiki/IANA_time_zone_database"&gt;List of IANA time zones&lt;/a&gt;.</description>
                  <detail/>
               </processObject>
               <processObject xmlns="http://schemas.active-endpoints.com/appmodules/screenflow/2011/06/avosHostEnvironment.xsd"
                              isByCopy="true"
                              name="string">
                  <description/>
                  <detail>
                     <field name="string" type="string"/>
                  </detail>
               </processObject>
               <processObject xmlns="http://schemas.active-endpoints.com/appmodules/screenflow/2011/06/avosHostEnvironment.xsd"
                              isByCopy="true"
                              name="boolean">
                  <description/>
                  <detail>
                     <field name="boolean" type="boolean"/>
                  </detail>
               </processObject>
               <processObject xmlns="http://schemas.active-endpoints.com/appmodules/screenflow/2011/06/avosHostEnvironment.xsd"
                              isByCopy="true"
                              name="double">
                  <description/>
                  <detail>
                     <field name="double" type="double"/>
                  </detail>
               </processObject>
               <processObject xmlns="http://schemas.active-endpoints.com/appmodules/screenflow/2011/06/avosHostEnvironment.xsd"
                              isByCopy="true"
                              name="integer">
                  <description/>
                  <detail>
                     <field name="integer" type="int"/>
                  </detail>
               </processObject>
            </objects>
         </businessConnector>
      </types1:Entry>
      <types1:GUID>aoDtTLqPGImjWngiEEqCAX</types1:GUID>
      <types1:DisplayName>Oracle Cloud Infrastructure Compute Restores API v18-1-2</types1:DisplayName>
   </types1:Item>
   <types1:CurrentServerDateTime>2019-02-25T09:24:11.785Z</types1:CurrentServerDateTime>
</aetgt:getResponse>
