objectPath,objectName,objectType,id
/Explore/IICS REST API and Git/Service Connectors,IICS REST API,AI_SERVICE_CONNECTOR,jBWsGSdUs41eDPr4ESF2uD
/Explore,IICS REST API and Git,Project,9epYArWPGulhpXb6nOOziT
/Explore/IICS REST API and Git,SCM Import from Git,PROCESS,4BDP11ufW65eusk9dQq9cm
/Explore/IICS REST API and Git/Connections,Git-Contents-API-actions,AI_CONNECTION,79riOuVhXKrbHONOW4aUGa
/Explore/IICS REST API and Git/Connections,IICS-REST-API-actions,AI_CONNECTION,5QI1N0eVnWRdasION5DIOs
/Explore/IICS REST API and Git,SCM Export to Git,PROCESS,8GgktP3WGyhewiuRpMloO7
/Explore/IICS REST API and Git,Connections,Folder,5uBxdgQ6EoNgOp6woBRDsJ
/Explore/IICS REST API and Git/Service Connectors,Git Contents API,AI_SERVICE_CONNECTOR,9CHf2C5KPU4gFzynFtXwoV
/Explore/IICS REST API and Git,Service Connectors,Folder,356d61X5qhVfCCTStfM5eW