objectPath,objectName,objectType,id
/Explore/IICS REST API and Git/Connections,Git-Contents-API-actions,AI_CONNECTION,4BHOi0knIZOhGoKqlPrQql
/Explore/IICS REST API and Git,SCM Export to Git,PROCESS,2bb4SfQI5kSlk1q8iOd2Qd
/Explore/IICS REST API and Git/Service Connectors,Git Contents API,AI_SERVICE_CONNECTOR,arFbB5CVyoJk6kOCTfQxYv
/Explore/IICS REST API and Git/Service Connectors,IICS REST API,AI_SERVICE_CONNECTOR,5hcdGcQ13XaksWDNXdzxGB
/Explore/IICS REST API and Git,Service Connectors,Folder,14xwPczMeuLgWmfxdcnaAV
/Explore,IICS REST API and Git,Project,0Cgk4LI0dric8vYZsccqOk
/Explore/IICS REST API and Git,Connections,Folder,c1E0bP2guwPfGhTmQ1KNyH
/Explore/IICS REST API and Git/Connections,IICS-REST-API-actions,AI_CONNECTION,7G3ggEM4Q2LbQp9RPv3ey1
/Explore/IICS REST API and Git,SCM Import from Git,PROCESS,4ijbtCye9EljAAx8BX492Y