objectPath,objectName,objectType,id
/Explore/IICS REST API and Git/Connections,IICS-REST-API-actions,AI_CONNECTION,2HYq2nUmduejC2nj6Xrvcy
/Explore/IICS REST API and Git,Service Connectors,Folder,iji4DyPEy81fumak8WfHsI
/Explore,IICS REST API and Git,Project,51qF2kWEjGnkba8mBISCoq
/Explore/IICS REST API and Git,SCM Export to Git,PROCESS,gc98kUnMcK2fTtTp3ohpyF
/Explore/IICS REST API and Git/Service Connectors,Git Contents API,AI_SERVICE_CONNECTOR,79xufZx85eIdKcguBMTnEn
/Explore/IICS REST API and Git/Connections,Git-Contents-API-actions,AI_CONNECTION,5wjQFAEHFVtbRZVcbcANKO
/Explore/IICS REST API and Git/Service Connectors,IICS REST API,AI_SERVICE_CONNECTOR,eS3qTj9VAoklE0BQfWBjgw
/Explore/IICS REST API and Git,SCM Import from Git,PROCESS,26GugXXmlE4jk5mHewycmP
/Explore/IICS REST API and Git,Connections,Folder,6HRMHVXoDhgd7fvzbB0gIv