{
  "name" : "IICS REST API and Git-317 pm anonymized",
  "sourceOrgId" : "7IJhF8s0e6bdUq4GnCuF8F",
  "sourceOrgName" : "Informatica",
  "exportedObjects" : [ {
    "objectGuid" : "4BHOi0knIZOhGoKqlPrQql",
    "objectName" : "Git-Contents-API-actions",
    "objectType" : "AI_CONNECTION",
    "path" : "/Explore/IICS REST API and Git/Connections",
    "metadata" : {
      "modelVersion" : {
        "major" : 1,
        "minor" : 0
      },
      "repoInfo" : {
        "repoHandle" : "kgbdoPVm5Y6tMFy-gt-414054-2018-10-12T20:12:50.176Z::conn.xml"
      },
      "objectRefs" : [ ],
      "contextAttributes" : null,
      "additionalInfo" : {
        "description" : "This points to the \"demo\" repository, not the Informatica-Cloud-Application-Integration one. To have a cleaner source/target for documentation.",
        "contentType" : "application/json; charset=utf-8",
        "documentState" : "INVALID"
      },
      "objectExistence" : "WITH_DEPENDENCIES"
    }
  }, {
    "objectGuid" : "2bb4SfQI5kSlk1q8iOd2Qd",
    "objectName" : "SCM Export to Git",
    "objectType" : "PROCESS",
    "path" : "/Explore/IICS REST API and Git",
    "metadata" : {
      "modelVersion" : {
        "major" : 1,
        "minor" : 0
      },
      "repoInfo" : {
        "repoHandle" : "QzqbdpIO3M4WwOC-gt-299231-2018-10-12T20:12:50.68Z::pd.xml"
      },
      "objectRefs" : [ "4BHOi0knIZOhGoKqlPrQql", "7G3ggEM4Q2LbQp9RPv3ey1" ],
      "contextAttributes" : null,
      "additionalInfo" : {
        "description" : "This process implements partial Source Code Management. It exports the Cloud Assets using IICS REST API and checks them in Git using Git Contents API.",
        "contentType" : "application/json; charset=utf-8",
        "documentState" : "VALID"
      },
      "objectExistence" : "WITH_DEPENDENCIES"
    }
  }, {
    "objectGuid" : "arFbB5CVyoJk6kOCTfQxYv",
    "objectName" : "Git Contents API",
    "objectType" : "AI_SERVICE_CONNECTOR",
    "path" : "/Explore/IICS REST API and Git/Service Connectors",
    "metadata" : {
      "modelVersion" : {
        "major" : 1,
        "minor" : 0
      },
      "repoInfo" : {
        "repoHandle" : "8ypmaaa-gt-414026-2018-10-12T20:12:49.96Z::svc.xml"
      },
      "objectRefs" : [ ],
      "contextAttributes" : null,
      "additionalInfo" : {
        "description" : "This service connectors provides actions for Git Contents API. Refer https://developer.github.com/v3/repos/contents/",
        "contentType" : "application/json; charset=utf-8",
        "documentState" : "VALID"
      },
      "objectExistence" : "WITH_DEPENDENCIES"
    }
  }, {
    "objectGuid" : "5hcdGcQ13XaksWDNXdzxGB",
    "objectName" : "IICS REST API",
    "objectType" : "AI_SERVICE_CONNECTOR",
    "path" : "/Explore/IICS REST API and Git/Service Connectors",
    "metadata" : {
      "modelVersion" : {
        "major" : 1,
        "minor" : 0
      },
      "repoInfo" : {
        "repoHandle" : "iSOMzeHbcjqbdpI-gt-414046-2018-10-12T20:12:50.131Z::svc.xml"
      },
      "objectRefs" : [ ],
      "contextAttributes" : null,
      "additionalInfo" : {
        "description" : "This service defines actions to connect to IICS through REST API",
        "contentType" : "application/json; charset=utf-8",
        "documentState" : "VALID"
      },
      "objectExistence" : "WITH_DEPENDENCIES"
    }
  }, {
    "objectGuid" : "14xwPczMeuLgWmfxdcnaAV",
    "objectName" : "Service Connectors",
    "objectType" : "Folder",
    "path" : "/Explore/IICS REST API and Git",
    "metadata" : {
      "modelVersion" : {
        "major" : 0,
        "minor" : 0
      },
      "repoInfo" : null,
      "objectRefs" : [ ],
      "contextAttributes" : [ ],
      "additionalInfo" : {
        "description" : "",
        "contentType" : "Binary",
        "documentState" : "COMPLETE"
      },
      "objectExistence" : "WITHOUT_DEPENDENCIES"
    }
  }, {
    "objectGuid" : "0Cgk4LI0dric8vYZsccqOk",
    "objectName" : "IICS REST API and Git",
    "objectType" : "Project",
    "path" : "/Explore",
    "metadata" : {
      "modelVersion" : {
        "major" : 0,
        "minor" : 0
      },
      "repoInfo" : null,
      "objectRefs" : [ ],
      "contextAttributes" : [ ],
      "additionalInfo" : {
        "description" : "",
        "contentType" : "Binary",
        "documentState" : "COMPLETE"
      },
      "objectExistence" : "WITHOUT_DEPENDENCIES"
    }
  }, {
    "objectGuid" : "c1E0bP2guwPfGhTmQ1KNyH",
    "objectName" : "Connections",
    "objectType" : "Folder",
    "path" : "/Explore/IICS REST API and Git",
    "metadata" : {
      "modelVersion" : {
        "major" : 0,
        "minor" : 0
      },
      "repoInfo" : null,
      "objectRefs" : [ ],
      "contextAttributes" : [ ],
      "additionalInfo" : {
        "description" : "",
        "contentType" : "Binary",
        "documentState" : "COMPLETE"
      },
      "objectExistence" : "WITHOUT_DEPENDENCIES"
    }
  }, {
    "objectGuid" : "7G3ggEM4Q2LbQp9RPv3ey1",
    "objectName" : "IICS-REST-API-actions",
    "objectType" : "AI_CONNECTION",
    "path" : "/Explore/IICS REST API and Git/Connections",
    "metadata" : {
      "modelVersion" : {
        "major" : 1,
        "minor" : 0
      },
      "repoInfo" : {
        "repoHandle" : "0n5hA7vNljLYqBG-gt-414038-2018-10-12T20:12:49.996Z::conn.xml"
      },
      "objectRefs" : [ ],
      "contextAttributes" : null,
      "additionalInfo" : {
        "description" : "",
        "contentType" : "application/json; charset=utf-8",
        "documentState" : "VALID"
      },
      "objectExistence" : "WITH_DEPENDENCIES"
    }
  }, {
    "objectGuid" : "4ijbtCye9EljAAx8BX492Y",
    "objectName" : "SCM Import from Git",
    "objectType" : "PROCESS",
    "path" : "/Explore/IICS REST API and Git",
    "metadata" : {
      "modelVersion" : {
        "major" : 1,
        "minor" : 0
      },
      "repoInfo" : {
        "repoHandle" : "KduDppppppppppp-gt-299221-2018-10-12T20:12:50.592Z::pd.xml"
      },
      "objectRefs" : [ "4BHOi0knIZOhGoKqlPrQql", "7G3ggEM4Q2LbQp9RPv3ey1" ],
      "contextAttributes" : null,
      "additionalInfo" : {
        "description" : "This process implements partial Source Code Management. It checks out the Cloud Assets Export file from Git using Git Contents API and imports them into IICS using IICS REST API.",
        "contentType" : "application/json; charset=utf-8",
        "documentState" : "VALID"
      },
      "objectExistence" : "WITH_DEPENDENCIES"
    }
  } ]
}