{
  "name" : "IICS and Git Connectors 1018",
  "sourceOrgId" : "jfXS1Yt6v0OkJwqp7PEcm7",
  "sourceOrgName" : "Informatica",
  "exportedObjects" : [ {
    "objectGuid" : "2HYq2nUmduejC2nj6Xrvcy",
    "objectName" : "IICS-REST-API-actions",
    "objectType" : "AI_CONNECTION",
    "path" : "/Explore/IICS REST API and Git/Connections",
    "metadata" : {
      "modelVersion" : {
        "major" : 1,
        "minor" : 0
      },
      "repoInfo" : {
        "repoHandle" : "M5rdsMkdypKwKBq-gt-124174-2018-10-15T02:02:36.238Z::conn.xml"
      },
      "objectRefs" : [ ],
      "contextAttributes" : null,
      "additionalInfo" : {
        "description" : "",
        "contentType" : "application/json; charset=utf-8",
        "documentState" : "VALID"
      }
    }
  }, {
    "objectGuid" : "iji4DyPEy81fumak8WfHsI",
    "objectName" : "Service Connectors",
    "objectType" : "Folder",
    "path" : "/Explore/IICS REST API and Git",
    "metadata" : {
      "modelVersion" : {
        "major" : 0,
        "minor" : 0
      },
      "repoInfo" : null,
      "objectRefs" : [ ],
      "contextAttributes" : [ ],
      "additionalInfo" : {
        "description" : "",
        "contentType" : "Binary",
        "documentState" : "COMPLETE"
      }
    }
  }, {
    "objectGuid" : "51qF2kWEjGnkba8mBISCoq",
    "objectName" : "IICS REST API and Git",
    "objectType" : "Project",
    "path" : "/Explore",
    "metadata" : {
      "modelVersion" : {
        "major" : 0,
        "minor" : 0
      },
      "repoInfo" : null,
      "objectRefs" : [ ],
      "contextAttributes" : [ ],
      "additionalInfo" : {
        "description" : "",
        "contentType" : "Binary",
        "documentState" : "COMPLETE"
      }
    }
  }, {
    "objectGuid" : "gc98kUnMcK2fTtTp3ohpyF",
    "objectName" : "SCM Export to Git",
    "objectType" : "PROCESS",
    "path" : "/Explore/IICS REST API and Git",
    "metadata" : {
      "modelVersion" : {
        "major" : 1,
        "minor" : 0
      },
      "repoInfo" : {
        "repoHandle" : "wInRpB7O2htghGZ-gt-17129-2018-10-15T02:02:36.81Z::pd.xml"
      },
      "objectRefs" : [ "2HYq2nUmduejC2nj6Xrvcy", "5wjQFAEHFVtbRZVcbcANKO" ],
      "contextAttributes" : null,
      "additionalInfo" : {
        "description" : "This process implements partial Source Code Management. It exports the Cloud Assets using IICS REST API and checks them in Git using Git Contents API.",
        "contentType" : "application/json; charset=utf-8",
        "documentState" : "VALID"
      }
    }
  }, {
    "objectGuid" : "79xufZx85eIdKcguBMTnEn",
    "objectName" : "Git Contents API",
    "objectType" : "AI_SERVICE_CONNECTOR",
    "path" : "/Explore/IICS REST API and Git/Service Connectors",
    "metadata" : {
      "modelVersion" : {
        "major" : 1,
        "minor" : 0
      },
      "repoInfo" : {
        "repoHandle" : "NXHS45bfTQbdxWq-gt-124182-2018-10-15T02:02:36.309Z::svc.xml"
      },
      "objectRefs" : [ ],
      "contextAttributes" : null,
      "additionalInfo" : {
        "description" : "This service connectors provides actions for Git Contents API. Refer https://developer.github.com/v3/repos/contents/",
        "contentType" : "application/json; charset=utf-8",
        "documentState" : "VALID"
      }
    }
  }, {
    "objectGuid" : "5wjQFAEHFVtbRZVcbcANKO",
    "objectName" : "Git-Contents-API-actions",
    "objectType" : "AI_CONNECTION",
    "path" : "/Explore/IICS REST API and Git/Connections",
    "metadata" : {
      "modelVersion" : {
        "major" : 1,
        "minor" : 0
      },
      "repoInfo" : {
        "repoHandle" : "LFJ2oTVMTonQYWe-gt-124158-2018-10-15T02:02:36.042Z::conn.xml"
      },
      "objectRefs" : [ ],
      "contextAttributes" : null,
      "additionalInfo" : {
        "description" : "",
        "contentType" : "application/json; charset=utf-8",
        "documentState" : "VALID"
      }
    }
  }, {
    "objectGuid" : "eS3qTj9VAoklE0BQfWBjgw",
    "objectName" : "IICS REST API",
    "objectType" : "AI_SERVICE_CONNECTOR",
    "path" : "/Explore/IICS REST API and Git/Service Connectors",
    "metadata" : {
      "modelVersion" : {
        "major" : 1,
        "minor" : 0
      },
      "repoInfo" : {
        "repoHandle" : "MxrteIssjqluQga-gt-124166-2018-10-15T02:02:36.195Z::svc.xml"
      },
      "objectRefs" : [ ],
      "contextAttributes" : null,
      "additionalInfo" : {
        "description" : "This service defines actions to connect to IICS through REST API",
        "contentType" : "application/json; charset=utf-8",
        "documentState" : "VALID"
      }
    }
  }, {
    "objectGuid" : "26GugXXmlE4jk5mHewycmP",
    "objectName" : "SCM Import from Git",
    "objectType" : "PROCESS",
    "path" : "/Explore/IICS REST API and Git",
    "metadata" : {
      "modelVersion" : {
        "major" : 1,
        "minor" : 0
      },
      "repoInfo" : {
        "repoHandle" : "Pk7HNCnchKGXShO-gt-17119-2018-10-15T02:02:36.721Z::pd.xml"
      },
      "objectRefs" : [ "2HYq2nUmduejC2nj6Xrvcy", "5wjQFAEHFVtbRZVcbcANKO" ],
      "contextAttributes" : null,
      "additionalInfo" : {
        "description" : "This process implements partial Source Code Management. It checks out the Cloud Assets Export file from Git using Git Contents API and imports them into IICS using IICS REST API.",
        "contentType" : "application/json; charset=utf-8",
        "documentState" : "VALID"
      }
    }
  }, {
    "objectGuid" : "6HRMHVXoDhgd7fvzbB0gIv",
    "objectName" : "Connections",
    "objectType" : "Folder",
    "path" : "/Explore/IICS REST API and Git",
    "metadata" : {
      "modelVersion" : {
        "major" : 0,
        "minor" : 0
      },
      "repoInfo" : null,
      "objectRefs" : [ ],
      "contextAttributes" : [ ],
      "additionalInfo" : {
        "description" : "",
        "contentType" : "Binary",
        "documentState" : "COMPLETE"
      }
    }
  } ]
}