{"EntryId":{"$t":"P9RdtIS7T1cnFKi-gt-510724-2018-09-12T17:23:31.663Z::conn.xml"},"Name":{"$t":"NetSuite-API-actions"},"ParentFlowIds":{"$t":"6CjqFVNN5Kaaabb-gt-2866735-2018-09-12T17:23:31.935Z::pd.xml,3s8NTYglxbdypKw-gt-2866725-2018-09-12T17:23:31.879Z::pd.xml"},"MimeType":{"$t":"application\/xml+connection"},"Description":{},"AppliesTo":{},"Tags":{},"VersionLabel":{"$t":"1.0"},"State":{"$t":"CURRENT"},"ProcessGroup":{},"CreatedBy":{"$t":"gstasko@UW-POC.edu"},"CreationDate":{"$t":"2018-09-12T17:23:32Z"},"ModifiedBy":{"$t":"gstasko@UW-POC.edu"},"ModificationDate":{"$t":"2018-09-13T19:05:35Z"},"PublicationStatus":{"$t":"unpublished"},"AutosaveExists":{"$t":"false"},"Entry":{"connection":{"displayName":"NetSuite-API-actions","label":"NetSuite-API-actions","name":"NetSuite-API-actions","xmlns":"http:\/\/schemas.informatica.com\/socrates\/data-services\/2014\/04\/avosConnections.xsd","xmlns$aetgt":"http:\/\/schemas.active-endpoints.com\/appmodules\/repository\/2010\/10\/avrepository.xsd","description":{},"tags":{},"agent":{},"attributes":{"attribute":[{"encrypted":"false","name":"username","value":""},{"encrypted":"true","name":"password","value":""},{"encrypted":"false","name":"account","value":""},{"encrypted":"false","name":"URL","value":""}]},"businessConnector":{"agentOnly":"false","connectorPath":"project:\/rt.connector\/NetSuite_API\/NetSuite_API_svcDef.xml","name":"NetSuite_API","supportsConnectionTest":"false","uuid":"1aecf54c-537a-440a-aae6-60bb281f29c5","xmlns":"http:\/\/schemas.informatica.com\/appmodules\/screenflow\/2014\/04\/avosConnectors.xsd","description":{"$t":"Provides NetSuite Services: Get, Create, Update, Search - Items, Records, and Transactions."}}}},"GUID":{"$t":"31VUxGXnOb9gCMeJBDMryw"},"DisplayName":{"$t":"NetSuite-API-actions"}}