{"EntryId":{"$t":"3s8NTYglxbdypKw-gt-2866725-2018-09-12T17:23:31.879Z::pd.xml"},"Name":{"$t":"NetSuite_Customer_Lookup_by_ID"},"MimeType":{"$t":"application\/xml+process"},"Description":{"$t":"Retrieve a single customer record using a NetSuite ID. That is the only input required.\n\nThe NetSuite credentials are specified in the Connection."},"AppliesTo":{},"Tags":{"$t":".anonymous"},"VersionLabel":{"$t":"1.0"},"State":{"$t":"CURRENT"},"ProcessGroup":{},"CreatedBy":{"$t":"gstasko@UW-POC.edu"},"CreationDate":{"$t":"2018-09-12T17:23:32Z"},"ModifiedBy":{},"PublicationStatus":{"$t":"unpublished"},"AutosaveExists":{"$t":"false"},"Entry":{"process":{"displayName":"NetSuite Customer Lookup by ID","name":"NetSuite_Customer_Lookup_by_ID","xmlns":"http:\/\/schemas.active-endpoints.com\/appmodules\/screenflow\/2010\/10\/avosScreenflow.xsd","xmlns$aetgt":"http:\/\/schemas.active-endpoints.com\/appmodules\/repository\/2010\/10\/avrepository.xsd","xmlns$list":"urn:activevos:spi:list:functions","appliesTo":{},"description":{"$t":"Retrieve a single customer record using a NetSuite ID. That is the only input required.\n\nThe NetSuite credentials are specified in the Connection."},"tags":{"$t":".anonymous"},"generator":{"$t":"Informatica Process Designer 9"},"input":{"parameter":{"description":"","name":"InputCustomerID","type":"string","options":{"option":{"name":"required","$t":"false"}}}},"output":{"field":[{"description":"","name":"o_CustomerName","type":"string","options":{"option":{"name":"required","$t":"false"}}},{"description":"","name":"o_CustomerPhone","type":"string","options":{"option":{"name":"required","$t":"false"}}},{"description":"","name":"o_CustomerBalance","type":"string","options":{"option":{"name":"required","$t":"false"}}},{"description":"","name":"o_CustomerEmail","type":"string","options":{"option":{"name":"required","$t":"false"}}},{"description":"","name":"o_InputID","type":"string","options":{"option":{"name":"required","$t":"false"}}}]},"notes":{},"deployment":{"suspendOnFault":"false","tracingLevel":"verbose","rest":{"allowAnonymousAccess":{}}},"flow":{"id":"a","start":{"id":"b","link":{"id":"jkx0aoy8","targetId":"jkx0aoy7"}},"service":{"id":"jkx0aoy7","title":{"$t":"Get Customer by ID"},"serviceName":{"$t":"NetSuite-API-actions:Get Customer"},"serviceGUID":{"$t":"31VUxGXnOb9gCMeJBDMryw"},"serviceInput":{"parameter":{"name":"NetSuiteId","source":"field","updatable":"true","$t":"input.InputCustomerID"}},"link":{"id":"jkx0aoyh","targetId":"jkx0aoyg"}},"assignment":{"id":"jkx0aoyg","title":{"$t":"Map Outputs"},"operation":[{"source":"field","to":"output.o_CustomerName","$t":"output.NS_Customer Company Name"},{"source":"field","to":"output.o_CustomerBalance","$t":"output.NS_Customer Balance"},{"source":"field","to":"output.o_CustomerPhone","$t":"output.NS_Customer Phone"},{"source":"field","to":"output.o_CustomerEmail","$t":"output.NS_Customer Email"},{"source":"field","to":"output.o_InputID","$t":"input.InputCustomerID"}],"link":{"id":"jkx0aoyi","targetId":"c"}},"end":{"id":"c"}}}},"GUID":{"$t":"jHLvbllKnIShGIt1sEJN8C"},"DisplayName":{"$t":"NetSuite Customer Lookup by ID"}}