<aetgt:getResponse xmlns:aetgt="http://schemas.active-endpoints.com/appmodules/repository/2010/10/avrepository.xsd"
                   xmlns:types1="http://schemas.active-endpoints.com/appmodules/repository/2010/10/avrepository.xsd">
   <types1:Item>
      <types1:EntryId>K8ZAZf5kck8jKBm-gt-923458-2018-10-30T16:13:01.459Z::pd.xml</types1:EntryId>
      <types1:Name>Get_Worker_Details</types1:Name>
      <types1:MimeType>application/xml+process</types1:MimeType>
      <types1:Description/>
      <types1:AppliesTo/>
      <types1:Tags>.anonymous</types1:Tags>
      <types1:VersionLabel>1.0</types1:VersionLabel>
      <types1:State>CURRENT</types1:State>
      <types1:ProcessGroup/>
      <types1:CreatedBy>gstasko@UW-POC.edu</types1:CreatedBy>
      <types1:CreationDate>2018-10-30T16:13:01Z</types1:CreationDate>
      <types1:ModifiedBy>gstasko@UW-POC.edu</types1:ModifiedBy>
      <types1:ModificationDate>2018-10-30T16:35:51Z</types1:ModificationDate>
      <types1:PublicationStatus>unpublished</types1:PublicationStatus>
      <types1:AutosaveExists>false</types1:AutosaveExists>
      <types1:Entry>
         <process xmlns="http://schemas.active-endpoints.com/appmodules/screenflow/2010/10/avosScreenflow.xsd"
                  xmlns:list="urn:activevos:spi:list:functions"
                  displayName="Get Worker Details"
                  name="Get_Worker_Details">
            <appliesTo/>
            <description/>
            <tags>.anonymous</tags>
            <generator>Informatica Process Designer 9</generator>
            <input>
               <parameter description="" name="input_type" type="string">
                  <options>
                     <option name="required">false</option>
                  </options>
               </parameter>
               <parameter description="" name="input_id" type="string">
                  <options>
                     <option name="required">false</option>
                  </options>
               </parameter>
            </input>
            <output>
               <field description="" name="o_FirstName" type="string">
                  <options>
                     <option name="required">false</option>
                  </options>
               </field>
               <field description="" name="o_LastName" type="string">
                  <options>
                     <option name="required">false</option>
                     <option name="initialvalue">"Not Found"</option>
                  </options>
               </field>
               <field description="" name="o_Country" type="string">
                  <options>
                     <option name="required">false</option>
                  </options>
               </field>
               <field description="" name="o_PostalCode" type="string">
                  <options>
                     <option name="required">false</option>
                  </options>
               </field>
               <field description="" name="o_email" type="string">
                  <options>
                     <option name="required">false</option>
                  </options>
               </field>
               <field description="" name="o_Municipality" type="string">
                  <options>
                     <option name="required">false</option>
                  </options>
               </field>
               <field description="" name="o_State" type="string">
                  <options>
                     <option name="required">false</option>
                  </options>
               </field>
               <field description="" name="Error Message" type="string">
                  <options>
                     <option name="required">false</option>
                  </options>
               </field>
            </output>
            <notes/>
            <deployment suspendOnFault="false" tracingLevel="verbose">
               <rest>
                  <allowAnonymousAccess/>
               </rest>
            </deployment>
            <flow id="a">
               <start id="b">
                  <link id="jnosiev8" targetId="jnosiev7"/>
               </start>
               <service id="jnosiev7">
                  <title>GetWorkerDetails</title>
                  <serviceName>Workday-API-actions:GetWorkerDetails</serviceName>
                  <serviceGUID>76dkO0AQDwtcItaDmU0n0D</serviceGUID>
                  <serviceInput>
                     <parameter name="type" source="field" updatable="true">input.input_type</parameter>
                     <parameter name="id" source="field" updatable="true">input.input_id</parameter>
                  </serviceInput>
                  <link id="jnoswc1e" targetId="jnoswc1d"/>
               </service>
               <assignment id="jnoswc1d">
                  <title>Map output values</title>
                  <operation source="field" to="output.o_FirstName">output.First_Name</operation>
                  <operation source="field" to="output.o_LastName">output.Last_Name</operation>
                  <operation source="field" to="output.o_email">output.Email_Address</operation>
                  <operation source="field" to="output.o_Municipality">output.Municipality</operation>
                  <operation source="field" to="output.o_State">output.State</operation>
                  <operation source="field" to="output.o_Country">output.Country</operation>
                  <operation source="field" to="output.o_PostalCode">output.Postal_Code</operation>
                  <link id="jnoswc1x" targetId="c"/>
               </assignment>
               <end id="c"/>
            </flow>
         </process>
      </types1:Entry>
      <types1:GUID>1D6cNCXJFwucHp3voGbeww</types1:GUID>
      <types1:DisplayName>Get Worker Details</types1:DisplayName>
   </types1:Item>
   <types1:CurrentServerDateTime>2018-10-30T19:54:54.462Z</types1:CurrentServerDateTime>
</aetgt:getResponse>
