<aetgt:getResponse xmlns:aetgt="http://schemas.active-endpoints.com/appmodules/repository/2010/10/avrepository.xsd"
                   xmlns:types1="http://schemas.active-endpoints.com/appmodules/repository/2010/10/avrepository.xsd">
   <types1:Item>
      <types1:EntryId>oBmeK3jhBjop81V-gt-1926468-2018-10-29T16:27:21.233Z::conn.xml</types1:EntryId>
      <types1:Name>Workday-API-actions</types1:Name>
      <types1:ParentFlowIds>XvzFBwLjBeE1KoJ-gt-837539-2018-10-29T16:27:21.802Z::pd.xml</types1:ParentFlowIds>
      <types1:MimeType>application/xml+connection</types1:MimeType>
      <types1:Description/>
      <types1:AppliesTo/>
      <types1:Tags/>
      <types1:VersionLabel>1.0</types1:VersionLabel>
      <types1:State>CURRENT</types1:State>
      <types1:ProcessGroup/>
      <types1:CreatedBy>freddielabtest</types1:CreatedBy>
      <types1:CreationDate>2018-10-29T16:27:21Z</types1:CreationDate>
      <types1:ModifiedBy>freddielabtest</types1:ModifiedBy>
      <types1:ModificationDate>2018-10-29T17:31:21Z</types1:ModificationDate>
      <types1:PublicationStatus>unpublished</types1:PublicationStatus>
      <types1:AutosaveExists>false</types1:AutosaveExists>
      <types1:Entry>
         <connection xmlns="http://schemas.informatica.com/socrates/data-services/2014/04/avosConnections.xsd"
                     displayName="Workday-API-actions"
                     label="Workday-API-actions"
                     name="Workday-API-actions">
            <description/>
            <tags/>
            <agent/>
            <attributes>
               <attribute encrypted="true" name="username" value=""/>
               <attribute encrypted="true" name="password" value=""/>
               <attribute encrypted="true" name="RevUsername" value=""/>
               <attribute encrypted="true" name="RevPassword" value=""/>
               <attribute encrypted="true" name="tenantName" value=""/>
               <attribute encrypted="true" name="instanceName" value=""/>
            </attributes>
            <businessConnector xmlns="http://schemas.informatica.com/appmodules/screenflow/2014/04/avosConnectors.xsd"
                               agentOnly="false"
                               connectorPath="project:/rt.connector/Workday_API/Workday_API_svcDef.xml"
                               name="Workday_API"
                               supportsConnectionTest="false"
                               uuid="23f4e346-afe4-4fcc-9b48-f45e352c4c8e">
               <description>This Service Connector implements various Workday operations</description>
            </businessConnector>
         </connection>
      </types1:Entry>
      <types1:GUID>3Uf3Z6LF16bkJ8G5iWXKS5</types1:GUID>
      <types1:DisplayName>Workday-API-actions</types1:DisplayName>
   </types1:Item>
   <types1:CurrentServerDateTime>2018-10-29T17:33:56.789Z</types1:CurrentServerDateTime>
</aetgt:getResponse>
