<aetgt:getResponse xmlns:aetgt="http://schemas.active-endpoints.com/appmodules/repository/2010/10/avrepository.xsd"
                   xmlns:types1="http://schemas.active-endpoints.com/appmodules/repository/2010/10/avrepository.xsd">
   <types1:Item>
      <types1:EntryId>Km86zqzm5Y6tMFy-gt-35028-2019-02-05T11:08:42.584Z::svc.xml</types1:EntryId>
      <types1:Name>Oracle_Cloud_Infrastructure_Compute_Instances_API_v18-1-2</types1:Name>
      <types1:MimeType>application/xml+businesssconnector</types1:MimeType>
      <types1:Description>A Compute Classic instance is a virtual machine running a specific operating system and with CPU and memory resources that you specify. See &lt;a target="_blank" href="http://www.oracle.com/pls/topic/lookup?ctx=stcomputecs&amp;id=STCSG-GUID-F928F362-2DB6-4E45-843F-C269E0740A36"&gt;About Instances&lt;/a&gt; in &lt;em&gt;Using Oracle Cloud Infrastructure Compute Classic&lt;/em&gt;.&lt;p&gt;You can view and delete instances using the HTTP requests listed below.</types1:Description>
      <types1:AppliesTo/>
      <types1:Tags/>
      <types1:VersionLabel>1.0</types1:VersionLabel>
      <types1:State>CURRENT</types1:State>
      <types1:ProcessGroup/>
      <types1:CreatedBy>sorabh@na1.dm-us.org</types1:CreatedBy>
      <types1:CreationDate>2019-02-05T11:08:43Z</types1:CreationDate>
      <types1:ModifiedBy/>
      <types1:PublicationStatus>published</types1:PublicationStatus>
      <types1:PublishedBy>sorabh@na1.dm-us.org</types1:PublishedBy>
      <types1:PublicationDate>2019-02-05T11:08:45Z</types1:PublicationDate>
      <types1:PublishedContributionId>project:/rt.connector/Oracle_Cloud_Infrastructure_Compute_Instances_API_v18_1_2/Oracle_Cloud_Infrastructure_Compute_Instances_API_v18_1_2_svcDef.xml</types1:PublishedContributionId>
      <types1:AutosaveExists>false</types1:AutosaveExists>
      <types1:Entry>
         <businessConnector xmlns="http://schemas.informatica.com/socrates/data-services/2014/05/business-connector-model.xsd"
                            agentOnly="false"
                            debug="false"
                            displayName="Oracle Cloud Infrastructure Compute Instances API v18-1-2"
                            label=""
                            name="Oracle_Cloud_Infrastructure_Compute_Instances_API_v18-1-2"
                            uuid="f3e15d62-1a00-4851-b4e7-7007f6c53e8c">
            <description>A Compute Classic instance is a virtual machine running a specific operating system and with CPU and memory resources that you specify. See &lt;a target="_blank" href="http://www.oracle.com/pls/topic/lookup?ctx=stcomputecs&amp;id=STCSG-GUID-F928F362-2DB6-4E45-843F-C269E0740A36"&gt;About Instances&lt;/a&gt; in &lt;em&gt;Using Oracle Cloud Infrastructure Compute Classic&lt;/em&gt;.&lt;p&gt;You can view and delete instances using the HTTP requests listed below.</description>
            <tags/>
            <connectionAttributes xmlns="http://schemas.informatica.com/appmodules/screenflow/2014/04/avosConnectors.xsd">
               <connectionAttribute description="Host Name"
                                    masked="false"
                                    name="hostName"
                                    required="true"
                                    testWith="apicatalog.oraclecloud.com"
                                    type="string"/>
            </connectionAttributes>
            <actions>
               <action category="Instances"
                       failOnError="true"
                       forSearch="false"
                       label="getInstance"
                       maxRedirects="100"
                       name="getInstance"
                       preemptiveAuth="true"
                       responseEncoding="">
                  <description>Retrieve Details of an Instance. Retrieves details of the specified instance.&lt;p&gt;&lt;b&gt;Required Role: &lt;/b&gt;To complete this task, you must have the &lt;code&gt;Compute_Monitor&lt;/code&gt; or &lt;code&gt;Compute_Operations&lt;/code&gt; role. If this role isn't assigned to you or you're not sure, then ask your system administrator to ensure that the role is assigned to you in Oracle Cloud My Services. See &lt;a target="_blank" href="http://www.oracle.com/pls/topic/lookup?ctx=stcomputecs&amp;id=MMOCS-GUID-54C2E747-7D5B-451C-A39C-77936178EBB6"&gt;Modifying User Roles&lt;/a&gt; in &lt;em&gt;Managing and Monitoring Oracle Cloud&lt;/em&gt;.</description>
                  <input>
                     <parameter description="&lt;p&gt;Multipart name of the object."
                                label="namePathParam"
                                name="namePathParam"
                                nogen="true"
                                required="true"
                                testWith=""
                                type="string"/>
                     <parameter description="The Cookie: header must be included with every request to the service. It must be set to the value of the set-cookie header in the response received to the POST /authenticate/ call."
                                label="Cookie"
                                name="Cookie"
                                nogen="true"
                                required="false"
                                testWith=""
                                type="string"/>
                  </input>
                  <binding>
                     <restSimpleBinding multiUsing="semicolonSeparated"
                                        url="http://{$hostName}/instance/{$namePathParam}"
                                        verb="GET">
                        <httpHeaders>
                           <header name="Content-Type">application/oracle-compute-v3+json</header>
                           <header name="Accept">application/oracle-compute-v3+json</header>
                           <header name="Cookie">{$Cookie}</header>
                        </httpHeaders>
                     </restSimpleBinding>
                  </binding>
                  <output>
                     <field description="OK. See &lt;a class=&#34;xref&#34; href=&#34;Status%20Codes.html&#34;&gt;Status Codes&lt;/a&gt; for information about other possible HTTP status codes."
                            entireResponse="true"
                            name="Instance_response"
                            type="reference">
                        <options>
                           <option name="referenceTo">Instance_response</option>
                        </options>
                     </field>
                  </output>
               </action>
               <action category="Instances"
                       failOnError="true"
                       forSearch="false"
                       label="deleteInstance"
                       maxRedirects="100"
                       name="deleteInstance"
                       preemptiveAuth="true"
                       responseEncoding="">
                  <description>Delete an Instance. Shuts down an instance and removes it permanently from the system. No response is returned.&lt;p&gt;&lt;b&gt;Required Role: &lt;/b&gt;To complete this task, you must have the &lt;code&gt;Compute_Operations&lt;/code&gt; role. If this role isn't assigned to you or you're not sure, then ask your system administrator to ensure that the role is assigned to you in Oracle Cloud My Services. See &lt;a target="_blank" href="http://www.oracle.com/pls/topic/lookup?ctx=stcomputecs&amp;id=MMOCS-GUID-54C2E747-7D5B-451C-A39C-77936178EBB6"&gt;Modifying User Roles&lt;/a&gt; in &lt;em&gt;Managing and Monitoring Oracle Cloud&lt;/em&gt;.</description>
                  <input>
                     <parameter description="&lt;p&gt;Multipart name of the object."
                                label="namePathParam"
                                name="namePathParam"
                                nogen="true"
                                required="true"
                                testWith=""
                                type="string"/>
                     <parameter description="The Cookie: header must be included with every request to the service. It must be set to the value of the set-cookie header in the response received to the POST /authenticate/ call."
                                label="Cookie"
                                name="Cookie"
                                nogen="true"
                                required="false"
                                testWith=""
                                type="string"/>
                  </input>
                  <binding>
                     <restSimpleBinding multiUsing="semicolonSeparated"
                                        url="http://{$hostName}/instance/{$namePathParam}"
                                        verb="DELETE">
                        <httpHeaders>
                           <header name="Content-Type">application/oracle-compute-v3+json</header>
                           <header name="Accept">application/oracle-compute-v3+json</header>
                           <header name="Cookie">{$Cookie}</header>
                        </httpHeaders>
                     </restSimpleBinding>
                  </binding>
                  <output/>
               </action>
               <action category="Instances"
                       failOnError="true"
                       forSearch="false"
                       label="updateInstance"
                       maxRedirects="100"
                       name="updateInstance"
                       preemptiveAuth="true"
                       responseEncoding="">
                  <description>Update an Instance. You can use this request to shut down and restart individual instances which use a persistent bootable storage volume. &lt;p&gt;* Set the value of the &lt;code&gt;desired_state&lt;/code&gt; parameter as &lt;code&gt;shutdown&lt;/code&gt; to shut down the instance.&lt;p&gt;* Set the value of the &lt;code&gt;desired_state&lt;/code&gt; parameter as &lt;code&gt;running&lt;/code&gt; to restart an instance that you had previously shutdown. The instance is restarted without losing any of the instance data or configuration.&lt;p&gt;You can also update the value for the &lt;code&gt;tags&lt;/code&gt; parameter. If the instance is already shut down, you can also change the value of the &lt;code&gt;shape&lt;/code&gt; parameter.&lt;p&gt;Shutting down an instance is useful when you've created multiple instances in a single orchestration. In this case, stopping the instance orchestration would cause all instances to be deleted. If you want to stop one or more instances, while letting other instances in the same orchestration run, you can shut down the required instances individually.&lt;p&gt;Here's what happens when you shut down an instance:&lt;p&gt;* The instance ID is retained and reused when you restart the instance. So the multipart instance name doesn't change. This is useful in case the instance name is referenced by other objects, such as storage attachments.&lt;p&gt;* For instances created using orchestrations v1, the instance orchestration shows an error. However, even if the HA policy specified is active, the instance isn't automatically re-created.&lt;p&gt;* The resources associated with that instance, such as storage volumes and IP reservations, are freed up and can be used by other instances if required. However, if you attempt to restart an instance, ensure that the required resources are available, otherwise the instance can't restart and will go into an error state.&lt;p&gt;* The private IP address on the shared network is released. If you restart the instance later, it is allotted a private IP address afresh. So the private IP address of the instance on the shared network is likely to change.&lt;p&gt;* Dynamically allocated IP addresses on IP networks are also released. So if you start the instance later, dynamically allocated IP addresses on IP networks are also likely to change. Static private IP addresses that are allocated to interfaces in the instance orchestration won't change.&lt;p&gt;* Any changes that you'd made to the instance in Compute Classic after the instance was created will be lost. For example, if you added the instance to security lists, attached storage volumes to the instance, or detached and attached an IP reservation, you'll need to make those changes again. The instance will be restarted with the resources that are associated with it in the instance orchestration.&lt;p&gt;&lt;b&gt;Note:&lt;/b&gt; Changes made to the instance by logging in to the instance won't be lost, however, as these are preserved on the persistent storage volumes attached to the instance. Data on storage volumes isn't affected by shutting down an instance.&lt;p&gt;&lt;b&gt;Required Role: &lt;/b&gt;To complete this task, you must have the &lt;code&gt;Compute_Monitor&lt;/code&gt; or &lt;code&gt;Compute_Operations&lt;/code&gt; role. If this role isn't assigned to you or you're not sure, then ask your system administrator to ensure that the role is assigned to you in Oracle Cloud My Services. See &lt;a target="_blank" href="http://www.oracle.com/pls/topic/lookup?ctx=stcomputecs&amp;id=MMOCS-GUID-54C2E747-7D5B-451C-A39C-77936178EBB6"&gt;Modifying User Roles&lt;/a&gt; in &lt;em&gt;Managing and Monitoring Oracle Cloud&lt;/em&gt;.</description>
                  <input>
                     <parameter description="Multipart name of the instance that you want to update."
                                label="namePathParam"
                                name="namePathParam"
                                nogen="true"
                                required="true"
                                testWith=""
                                type="string"/>
                     <parameter label="body"
                                name="body"
                                required="true"
                                testWith=""
                                type="reference">
                        <options>
                           <option name="referenceTo">Instance_put_request</option>
                        </options>
                     </parameter>
                     <parameter description="The Cookie: header must be included with every request to the service. It must be set to the value of the set-cookie header in the response received to the POST /authenticate/ call."
                                label="Cookie"
                                name="Cookie"
                                nogen="true"
                                required="false"
                                testWith=""
                                type="string"/>
                  </input>
                  <binding>
                     <restSimpleBinding multiUsing="semicolonSeparated"
                                        url="http://{$hostName}/instance/{$namePathParam}"
                                        verb="PUT">
                        <httpHeaders>
                           <header name="Content-Type">application/oracle-compute-v3+json</header>
                           <header name="Accept">application/oracle-compute-v3+json</header>
                           <header name="Cookie">{$Cookie}</header>
                        </httpHeaders>
                        <body generateUsing="UnwrappedJSON" preserveJsonStringFormatting="false"/>
                     </restSimpleBinding>
                  </binding>
                  <output>
                     <field description="OK. See &lt;a class=&#34;xref&#34; href=&#34;Status%20Codes.html&#34;&gt;Status Codes&lt;/a&gt; for information about other possible HTTP status codes."
                            entireResponse="true"
                            name="Instance_response"
                            type="reference">
                        <options>
                           <option name="referenceTo">Instance_response</option>
                        </options>
                     </field>
                  </output>
               </action>
               <action category="Instances"
                       failOnError="true"
                       forSearch="false"
                       label="listInstance"
                       maxRedirects="100"
                       name="listInstance"
                       preemptiveAuth="true"
                       responseEncoding="">
                  <description>Retrieve Details of all Instances in a Container. Retrieves details of the instances that are in the specified container and match the specified query criteria. If you don't specify any query criteria, then details of all the instances in the container are displayed. To filter the search results, you can pass one or more of the following query parameters, by appending them to the URI in the following syntax:&lt;p&gt;&lt;code&gt;?parameter1=value1&amp;ampparameter2=value2&amp;ampparameterN=valueN&lt;/code&gt;&lt;p&gt;&lt;b&gt;Required Role: &lt;/b&gt;To complete this task, you must have the &lt;code&gt;Compute_Monitor&lt;/code&gt; or &lt;code&gt;Compute_Operations&lt;/code&gt; role. If this role isn't assigned to you or you're not sure, then ask your system administrator to ensure that the role is assigned to you in Oracle Cloud My Services. See &lt;a target="_blank" href="http://www.oracle.com/pls/topic/lookup?ctx=stcomputecs&amp;id=MMOCS-GUID-54C2E747-7D5B-451C-A39C-77936178EBB6"&gt;Modifying User Roles&lt;/a&gt; in &lt;em&gt;Managing and Monitoring Oracle Cloud&lt;/em&gt;.</description>
                  <input>
                     <parameter description="&lt;code&gt;/Compute-&lt;em&gt;identity_domain&lt;/em&gt;/&lt;em&gt;user&lt;/em&gt;&lt;/code&gt; or &lt;p&gt;&lt;code&gt;/Compute-&lt;em&gt;identity_domain&lt;/em&gt;&lt;/code&gt;"
                                label="containerPathParam"
                                name="containerPathParam"
                                nogen="true"
                                required="true"
                                testWith=""
                                type="string"/>
                     <parameter description="The availability domain the instance is in"
                                label="availability_domain"
                                name="availability_domain"
                                required="false"
                                testWith=""
                                type="string"/>
                     <parameter description="Strings used to tag the instance. When you specify tags, only instances tagged with the specified value are displayed."
                                label="tags"
                                name="tags"
                                required="false"
                                testWith=""
                                type="objectlist">
                        <options>
                           <option name="referenceTo">string</option>
                        </options>
                     </parameter>
                     <parameter description="The Cookie: header must be included with every request to the service. It must be set to the value of the set-cookie header in the response received to the POST /authenticate/ call."
                                label="Cookie"
                                name="Cookie"
                                nogen="true"
                                required="false"
                                testWith=""
                                type="string"/>
                  </input>
                  <binding>
                     <restSimpleBinding multiUsing="semicolonSeparated"
                                        url="http://{$hostName}/instance/{$containerPathParam}/"
                                        verb="GET">
                        <httpHeaders>
                           <header name="Content-Type">application/oracle-compute-v3+json</header>
                           <header name="Accept">application/oracle-compute-v3+json</header>
                           <header name="Cookie">{$Cookie}</header>
                        </httpHeaders>
                     </restSimpleBinding>
                  </binding>
                  <output>
                     <field description="OK. See &lt;a class=&#34;xref&#34; href=&#34;Status%20Codes.html&#34;&gt;Status Codes&lt;/a&gt; for information about other possible HTTP status codes."
                            entireResponse="true"
                            name="Instance_list_response"
                            type="reference">
                        <options>
                           <option name="referenceTo">Instance_list_response</option>
                        </options>
                     </field>
                  </output>
               </action>
               <action category="Instances"
                       failOnError="true"
                       forSearch="false"
                       label="discoverInstance"
                       maxRedirects="100"
                       name="discoverInstance"
                       preemptiveAuth="true"
                       responseEncoding="">
                  <description>Retrieve Names of all Instances and Subcontainers in a Container. Retrieves the names of objects and subcontainers that you can access in the specified container.&lt;p&gt;&lt;b&gt;Required Role: &lt;/b&gt;To complete this task, you must have the &lt;code&gt;Compute_Operations&lt;/code&gt; role. If this role isn't assigned to you or you're not sure, then ask your system administrator to ensure that the role is assigned to you in Oracle Cloud My Services. See &lt;a target="_blank" href="http://www.oracle.com/pls/topic/lookup?ctx=stcomputecs&amp;id=MMOCS-GUID-54C2E747-7D5B-451C-A39C-77936178EBB6"&gt;Modifying User Roles&lt;/a&gt; in &lt;em&gt;Managing and Monitoring Oracle Cloud&lt;/em&gt;.</description>
                  <input>
                     <parameter description="Specify &lt;code&gt;/Compute-&lt;i&gt;identityDomain&lt;/i&gt;/&lt;i&gt;user&lt;/i&gt;/&lt;/code&gt; to retrieve the names of objects that you can access. Specify &lt;code&gt;/Compute-&lt;i&gt;identityDomain&lt;/i&gt;/&lt;/code&gt; to retrieve the names of containers that contain objects that you can access."
                                label="containerPathParam"
                                name="containerPathParam"
                                nogen="true"
                                required="true"
                                testWith=""
                                type="string"/>
                     <parameter description="The Cookie: header must be included with every request to the service. It must be set to the value of the set-cookie header in the response received to the POST /authenticate/ call."
                                label="Cookie"
                                name="Cookie"
                                nogen="true"
                                required="false"
                                testWith=""
                                type="string"/>
                  </input>
                  <binding>
                     <restSimpleBinding multiUsing="semicolonSeparated"
                                        url="http://{$hostName}/instance/{$containerPathParam}"
                                        verb="GET">
                        <httpHeaders>
                           <header name="Content-Type">application/oracle-compute-v3+json</header>
                           <header name="Accept">application/oracle-compute-v3+directory+json</header>
                           <header name="Cookie">{$Cookie}</header>
                        </httpHeaders>
                     </restSimpleBinding>
                  </binding>
                  <output>
                     <field description="OK. See &lt;a class=&#34;xref&#34; href=&#34;Status%20Codes.html&#34;&gt;Status Codes&lt;/a&gt; for information about other possible HTTP status codes."
                            entireResponse="true"
                            name="Instance_discover_response"
                            type="reference">
                        <options>
                           <option name="referenceTo">Instance_discover_response</option>
                        </options>
                     </field>
                  </output>
               </action>
               <action category="Instances"
                       failOnError="true"
                       forSearch="false"
                       label="discoverRootInstance"
                       maxRedirects="100"
                       name="discoverRootInstance"
                       preemptiveAuth="true"
                       responseEncoding="">
                  <description>Retrieve Names of Containers. Retrieves the names of containers that contain objects that you can access. You can use this information to construct the multipart name of an object.&lt;p&gt;&lt;b&gt;Required Role: &lt;/b&gt;To complete this task, you must have the &lt;code&gt;Compute_Monitor&lt;/code&gt; or &lt;code&gt;Compute_Operations&lt;/code&gt; role. If this role isn't assigned to you or you're not sure, then ask your system administrator to ensure that the role is assigned to you in Oracle Cloud My Services. See &lt;a target="_blank" href="http://www.oracle.com/pls/topic/lookup?ctx=stcomputecs&amp;id=MMOCS-GUID-54C2E747-7D5B-451C-A39C-77936178EBB6"&gt;Modifying User Roles&lt;/a&gt; in &lt;em&gt;Managing and Monitoring Oracle Cloud&lt;/em&gt;.</description>
                  <input>
                     <parameter description="The Cookie: header must be included with every request to the service. It must be set to the value of the set-cookie header in the response received to the POST /authenticate/ call."
                                label="Cookie"
                                name="Cookie"
                                nogen="true"
                                required="false"
                                testWith=""
                                type="string"/>
                  </input>
                  <binding>
                     <restSimpleBinding multiUsing="semicolonSeparated"
                                        url="http://{$hostName}/instance/"
                                        verb="GET">
                        <httpHeaders>
                           <header name="Content-Type">application/oracle-compute-v3+json</header>
                           <header name="Accept">application/oracle-compute-v3+directory+json</header>
                           <header name="Cookie">{$Cookie}</header>
                        </httpHeaders>
                     </restSimpleBinding>
                  </binding>
                  <output>
                     <field description="OK. See &lt;a class=&#34;xref&#34; href=&#34;Status%20Codes.html&#34;&gt;Status Codes&lt;/a&gt; for information about other possible HTTP status codes."
                            entireResponse="true"
                            name="Instance_discover_response"
                            type="reference">
                        <options>
                           <option name="referenceTo">Instance_discover_response</option>
                        </options>
                     </field>
                  </output>
               </action>
            </actions>
            <objects>
               <processObject xmlns="http://schemas.active-endpoints.com/appmodules/screenflow/2011/06/avosHostEnvironment.xsd"
                              isByCopy="true"
                              name="HourlyInterval">
                  <description/>
                  <detail/>
               </processObject>
               <processObject xmlns="http://schemas.active-endpoints.com/appmodules/screenflow/2011/06/avosHostEnvironment.xsd"
                              isByCopy="true"
                              name="Instance_put_request">
                  <description>The request body contains details of the instance that you want to update. </description>
                  <detail>
                     <field name="shape" type="string"/>
                     <field name="desired_state" type="string"/>
                     <field name="tags" type="objectlist">
                        <options>
                           <option name="referenceTo">string</option>
                           <option name="relationshipName">Child</option>
                        </options>
                     </field>
                  </detail>
               </processObject>
               <processObject xmlns="http://schemas.active-endpoints.com/appmodules/screenflow/2011/06/avosHostEnvironment.xsd"
                              isByCopy="true"
                              name="Instance_response">
                  <description/>
                  <detail>
                     <field name="imagelist" type="string"/>
                     <field name="networking" type="object"/>
                     <field name="platform" type="string"/>
                     <field name="relationships" type="object"/>
                     <field name="error_reason" type="string"/>
                     <field name="hostname" type="string"/>
                     <field name="hypervisor" type="object"/>
                     <field name="quota" type="string"/>
                     <field name="fingerprint" type="string"/>
                     <field name="image_format" type="string"/>
                     <field name="state" type="string"/>
                     <field name="storage_attachments" type="objectlist">
                        <options>
                           <option name="referenceTo">string</option>
                           <option name="relationshipName">Child</option>
                        </options>
                     </field>
                     <field name="resolvers" type="objectlist">
                        <options>
                           <option name="referenceTo">string</option>
                           <option name="relationshipName">Child</option>
                        </options>
                     </field>
                     <field name="shape" type="string"/>
                     <field name="availability_domain" type="string"/>
                     <field name="ip" type="string"/>
                     <field name="sshkeys" type="objectlist">
                        <options>
                           <option name="referenceTo">string</option>
                           <option name="relationshipName">Child</option>
                        </options>
                     </field>
                     <field name="desired_state" type="string"/>
                     <field name="vnc" type="string"/>
                     <field name="label" type="string"/>
                     <field name="vcable_id" type="string"/>
                     <field name="placement_requirements" type="objectlist">
                        <options>
                           <option name="referenceTo">string</option>
                           <option name="relationshipName">Child</option>
                        </options>
                     </field>
                     <field name="priority" type="string"/>
                     <field name="boot_order" type="objectlist">
                        <options>
                           <option name="referenceTo">int</option>
                           <option name="relationshipName">Child</option>
                        </options>
                     </field>
                     <field name="uri" type="string"/>
                     <field name="tags" type="objectlist">
                        <options>
                           <option name="referenceTo">string</option>
                           <option name="relationshipName">Child</option>
                        </options>
                     </field>
                     <field name="entry" type="int"/>
                     <field name="start_time" type="string"/>
                     <field name="domain" type="string"/>
                     <field name="disk_attach" type="string"/>
                     <field name="name" type="string"/>
                     <field name="attributes" type="object"/>
                     <field name="account" type="string"/>
                     <field name="reverse_dns" type="boolean"/>
                  </detail>
               </processObject>
               <processObject xmlns="http://schemas.active-endpoints.com/appmodules/screenflow/2011/06/avosHostEnvironment.xsd"
                              isByCopy="true"
                              name="Instance_list_response">
                  <description/>
                  <detail>
                     <field name="result" type="objectlist">
                        <options>
                           <option name="referenceTo">Instance_response</option>
                           <option name="relationshipName">Child</option>
                        </options>
                     </field>
                  </detail>
               </processObject>
               <processObject xmlns="http://schemas.active-endpoints.com/appmodules/screenflow/2011/06/avosHostEnvironment.xsd"
                              isByCopy="true"
                              name="Instance_discover_response">
                  <description/>
                  <detail>
                     <field name="result" type="objectlist">
                        <options>
                           <option name="referenceTo">string</option>
                           <option name="relationshipName">Child</option>
                        </options>
                     </field>
                  </detail>
               </processObject>
               <processObject xmlns="http://schemas.active-endpoints.com/appmodules/screenflow/2011/06/avosHostEnvironment.xsd"
                              isByCopy="true"
                              name="DailyWeeklyInterval">
                  <description/>
                  <detail/>
               </processObject>
               <processObject xmlns="http://schemas.active-endpoints.com/appmodules/screenflow/2011/06/avosHostEnvironment.xsd"
                              isByCopy="true"
                              name="Interval">
                  <description>There are two kinds of Intervals. Each Interval has its own JSON format. Your Interval field should look like one of the following:&lt;p&gt;&lt;ul&gt;&lt;li&gt;&lt;code&gt;"interval":{"Hourly":{"hourlyInterval":2}}&lt;/code&gt;&lt;/li&gt;&lt;li&gt;&lt;code&gt;{"DailyWeekly":{"daysOfWeek":["MONDAY"],"timeOfDay":"03:15","userTimeZone":"America/Los_Angeles"}}&lt;/code&gt;&lt;/li&gt;&lt;/ul&gt;&lt;p&gt;Days of the week is any day of the week fully capitalized (MONDAY, TUESDAY, etc). The user time zone is any IANA user timezone.  For example user time zones see &lt;a href="https://en.wikipedia.org/wiki/IANA_time_zone_database"&gt;List of IANA time zones&lt;/a&gt;.</description>
                  <detail/>
               </processObject>
               <processObject xmlns="http://schemas.active-endpoints.com/appmodules/screenflow/2011/06/avosHostEnvironment.xsd"
                              isByCopy="true"
                              name="string">
                  <description/>
                  <detail>
                     <field name="string" type="string"/>
                  </detail>
               </processObject>
               <processObject xmlns="http://schemas.active-endpoints.com/appmodules/screenflow/2011/06/avosHostEnvironment.xsd"
                              isByCopy="true"
                              name="boolean">
                  <description/>
                  <detail>
                     <field name="boolean" type="boolean"/>
                  </detail>
               </processObject>
               <processObject xmlns="http://schemas.active-endpoints.com/appmodules/screenflow/2011/06/avosHostEnvironment.xsd"
                              isByCopy="true"
                              name="double">
                  <description/>
                  <detail>
                     <field name="double" type="double"/>
                  </detail>
               </processObject>
               <processObject xmlns="http://schemas.active-endpoints.com/appmodules/screenflow/2011/06/avosHostEnvironment.xsd"
                              isByCopy="true"
                              name="integer">
                  <description/>
                  <detail>
                     <field name="integer" type="int"/>
                  </detail>
               </processObject>
            </objects>
         </businessConnector>
      </types1:Entry>
      <types1:GUID>ipx312hw6WsgE3J0JPN8mj</types1:GUID>
      <types1:DisplayName>Oracle Cloud Infrastructure Compute Instances API v18-1-2</types1:DisplayName>
   </types1:Item>
   <types1:CurrentServerDateTime>2019-02-25T09:24:12.357Z</types1:CurrentServerDateTime>
</aetgt:getResponse>
