{
  "name" : "Coupa REST API v2-1616786390714",
  "sourceOrgId" : "7mpSPAus11tjO1BgmFm6aX",
  "sourceOrgName" : "INFA_CDP",
  "exportedObjects" : [ {
    "objectGuid" : "4LGzVxxNyAwfSMjwLJhX86",
    "objectName" : "Vertex",
    "objectType" : "Folder",
    "path" : "/Explore/Customer Targeted Demonstration and POC Assets",
    "metadata" : {
      "modelVersion" : {
        "major" : 0,
        "minor" : 0
      },
      "repoInfo" : null,
      "objectRefs" : [ ],
      "contextAttributes" : [ ],
      "additionalInfo" : {
        "description" : "",
        "contentType" : "Binary",
        "documentState" : "COMPLETE"
      }
    }
  }, {
    "objectGuid" : "7g3SuFQE5Zigy5u5kZ6ysX",
    "objectName" : "Customer Targeted Demonstration and POC Assets",
    "objectType" : "Project",
    "path" : "/Explore",
    "metadata" : {
      "modelVersion" : {
        "major" : 0,
        "minor" : 0
      },
      "repoInfo" : null,
      "objectRefs" : [ ],
      "contextAttributes" : [ ],
      "additionalInfo" : {
        "description" : "This project is to be used for creating Customer specific assets for targeted/custom demonstration and/or proof of concept activities.",
        "contentType" : "Binary",
        "documentState" : "COMPLETE"
      }
    }
  }, {
    "objectGuid" : "01rbrFPGULEhirRqWZr6Qa",
    "objectName" : "Coupa REST API v2",
    "objectType" : "AI_SERVICE_CONNECTOR",
    "path" : "/Explore/Customer Targeted Demonstration and POC Assets/Vertex",
    "metadata" : {
      "modelVersion" : {
        "major" : 1,
        "minor" : 0
      },
      "repoInfo" : {
        "repoHandle" : "OImXycotFgpKi9z-gt-17437170-2021-03-25T17:31:53.652Z::svc.xml"
      },
      "objectRefs" : [ ],
      "contextAttributes" : null,
      "additionalInfo" : {
        "description" : "RESTful API that provides robust access to read, edit, or integrate your data with the Coupa platform. The [JSON](/api_docs/0.json) and [YAML](/api_docs/0.yaml) are also available.",
        "contentType" : "application/json; charset=utf-8",
        "documentState" : "VALID"
      }
    }
  } ]
}