<aetgt:getResponse xmlns:aetgt="http://schemas.active-endpoints.com/appmodules/repository/2010/10/avrepository.xsd"
                   xmlns:types1="http://schemas.active-endpoints.com/appmodules/repository/2010/10/avrepository.xsd">
   <types1:Item>
      <types1:EntryId>030thJ6gaabclvA-gt-6114909-2019-12-23T08:45:47.994Z::svc.xml</types1:EntryId>
      <types1:Name>SAP_Fieldglass_OData-Based_Analytic_OData_API_v1</types1:Name>
      <types1:MimeType>application/xml+businesssconnector</types1:MimeType>
      <types1:Description>The SAP Fieldglass OData-Based Analytic API enables SAP Fieldglass users to remotely access reports stored in the Data Hub and return information from these reports.</types1:Description>
      <types1:AppliesTo/>
      <types1:Tags/>
      <types1:VersionLabel>1.0</types1:VersionLabel>
      <types1:State>CURRENT</types1:State>
      <types1:ProcessGroup/>
      <types1:CreatedBy>sorabh@na1.dm-us.org</types1:CreatedBy>
      <types1:CreationDate>2019-12-23T08:45:48Z</types1:CreationDate>
      <types1:ModifiedBy/>
      <types1:PublicationStatus>published</types1:PublicationStatus>
      <types1:PublishedBy>sorabh@na1.dm-us.org</types1:PublishedBy>
      <types1:PublicationDate>2019-12-23T08:45:50Z</types1:PublicationDate>
      <types1:PublishedContributionId>project:/rt.connector/SAP_Fieldglass_OData_Based_Analytic_OData_API_v1/SAP_Fieldglass_OData_Based_Analytic_OData_API_v1_svcDef.xml</types1:PublishedContributionId>
      <types1:AutosaveExists>false</types1:AutosaveExists>
      <types1:Entry>
         <businessConnector xmlns="http://schemas.informatica.com/socrates/data-services/2014/05/business-connector-model.xsd"
                            agentOnly="false"
                            debug="false"
                            displayName="SAP Fieldglass OData-Based Analytic OData API v1"
                            label=""
                            name="SAP_Fieldglass_OData-Based_Analytic_OData_API_v1"
                            uuid="c5d4e112-54cc-497d-92cd-9f0d6ef98876">
            <description>The SAP Fieldglass OData-Based Analytic API enables SAP Fieldglass users to remotely access reports stored in the Data Hub and return information from these reports.</description>
            <tags/>
            <connectionAttributes xmlns="http://schemas.informatica.com/appmodules/screenflow/2014/04/avosConnectors.xsd">
               <connectionAttribute description="Host Name"
                                    masked="false"
                                    name="hostName"
                                    required="true"
                                    testWith="sandbox.api.sap.com"
                                    type="string"/>
            </connectionAttributes>
            <actions>
               <action category="Get Data"
                       failOnError="true"
                       forSearch="false"
                       label="GET_ProviderID_entityName_"
                       maxRedirects="100"
                       name="GET_ProviderID_entityName_"
                       preemptiveAuth="true"
                       responseEncoding="">
                  <description>Get data for an entity. Returns data for the specified ProviderID and entity.</description>
                  <input>
                     <parameter description="Only required for production access when using SAP Fieldglass."
                                label="Authorization"
                                name="Authorization"
                                nogen="true"
                                required="false"
                                testWith=""
                                type="string"/>
                     <parameter description="The company-specific key provided by SAP Fieldglass for API access."
                                label="X-ApplicationKey"
                                name="X-ApplicationKey"
                                nogen="true"
                                required="false"
                                testWith=""
                                type="string"/>
                     <parameter description="The ID for the entity (in this case, the report)."
                                label="ProviderIDPathParam"
                                name="ProviderIDPathParam"
                                nogen="true"
                                required="true"
                                testWith=""
                                type="string"/>
                     <parameter description="The name of the entity (report). It can be obtained via the GET /{ServiceURL} operation."
                                label="entityNamePathParam"
                                name="entityNamePathParam"
                                nogen="true"
                                required="true"
                                testWith=""
                                type="string"/>
                     <parameter description="Limits the number of items returned, up to but not exceeding the number specified. For more information, see [OData Paging - Top](http://docs.oasis-open.org/odata/odata/v4.0/odata-v4.0-part1-protocol.html#_Toc445374630)."
                                label="$top"
                                name="$top"
                                required="false"
                                testWith=""
                                type="int"/>
                     <parameter description="Excludes the number of items specified from the collection. For more information, see [OData Paging - Skip](http://docs.oasis-open.org/odata/odata/v4.0/odata-v4.0-part1-protocol.html#_Toc445374631)."
                                label="$skip"
                                name="$skip"
                                required="false"
                                testWith=""
                                type="int"/>
                     <parameter description="Restricts the items returned by property values. For more information, see see [OData Filtering](http://docs.oasis-open.org/odata/odata/v4.0/odata-v4.0-part1-protocol.html#_Toc445374625)."
                                label="$filter"
                                name="$filter"
                                required="false"
                                testWith=""
                                type="string"/>
                     <parameter description="The property or properties used to order the results. If there is more than one, separate using a comma. You can also specify asc for ascending and desc for descending order. For more information, see [OData Sorting](http://docs.oasis-open.org/odata/odata/v4.0/odata-v4.0-part1-protocol.html#_Toc445374629)."
                                label="$orderby"
                                name="$orderby"
                                required="false"
                                testWith=""
                                type="objectlist">
                        <options>
                           <option name="referenceTo">string</option>
                        </options>
                     </parameter>
                     <parameter description="Provide a comma-separated list of the properties to be returned. For more information, see [OData Select](http://docs.oasis-open.org/odata/odata/v4.0/odata-v4.0-part1-protocol.html#_Toc445374620)."
                                label="$select"
                                name="$select"
                                required="false"
                                testWith=""
                                type="objectlist">
                        <options>
                           <option name="referenceTo">string</option>
                        </options>
                     </parameter>
                     <parameter description="Provide the number of rows returned per page."
                                label="packageSize"
                                name="packageSize"
                                required="false"
                                testWith=""
                                type="string"/>
                     <parameter description="Where returned data spans multiple pages, specify the number of the page to return."
                                label="pageNum"
                                name="pageNum"
                                required="false"
                                testWith=""
                                type="string"/>
                  </input>
                  <binding>
                     <restSimpleBinding multiUsing="semicolonSeparated"
                                        url="https://{$hostName}/fieldglass/api/data_hub/{$ProviderIDPathParam}/{$entityNamePathParam}"
                                        verb="GET">
                        <httpHeaders>
                           <header name="Content-Type">application/json</header>
                           <header name="Accept">application/json</header>
                        </httpHeaders>
                     </restSimpleBinding>
                  </binding>
                  <output>
                     <field description="Data for the given entity, returned as a JSON schema."
                            entireResponse="true"
                            name="Data"
                            type="reference">
                        <options>
                           <option name="referenceTo">Data</option>
                        </options>
                     </field>
                  </output>
               </action>
               <action category="Get Entities"
                       failOnError="true"
                       forSearch="false"
                       label="GET_ServiceURL_"
                       maxRedirects="100"
                       name="GET_ServiceURL_"
                       preemptiveAuth="true"
                       responseEncoding="">
                  <description>Get all available entities. Returns all available entities. You can use the name returned in conjunction with the ProviderID to get data about a particular entity.</description>
                  <input>
                     <parameter description="Only required for production access when using SAP Fieldglass."
                                label="Authorization"
                                name="Authorization"
                                nogen="true"
                                required="false"
                                testWith=""
                                type="string"/>
                     <parameter description="The company-specific key provided by SAP Fieldglass for API access."
                                label="X-ApplicationKey"
                                name="X-ApplicationKey"
                                nogen="true"
                                required="false"
                                testWith=""
                                type="string"/>
                     <parameter description="Service URL from provider. This is returned when getting all providers."
                                label="ServiceURLPathParam"
                                name="ServiceURLPathParam"
                                nogen="true"
                                required="true"
                                testWith=""
                                type="string"/>
                  </input>
                  <binding>
                     <restSimpleBinding multiUsing="semicolonSeparated"
                                        url="https://{$hostName}/fieldglass/api/data_hub/{$ServiceURLPathParam}"
                                        verb="GET">
                        <httpHeaders>
                           <header name="Content-Type">application/json</header>
                           <header name="Accept">application/json</header>
                        </httpHeaders>
                     </restSimpleBinding>
                  </binding>
                  <output>
                     <field description="Gets all entities."
                            entireResponse="true"
                            name="ServiceURL"
                            type="reference">
                        <options>
                           <option name="referenceTo">ServiceURL</option>
                        </options>
                     </field>
                  </output>
               </action>
               <action category="Get Providers"
                       failOnError="true"
                       forSearch="false"
                       label="GET_Providers"
                       maxRedirects="100"
                       name="GET_Providers"
                       preemptiveAuth="true"
                       responseEncoding="">
                  <description>Get all available providers. Returns available providers. The ProviderID can be used in subsequent operations to retrieve specific metadata and/or data.</description>
                  <input>
                     <parameter description="Only required for production access when using SAP Fieldglass."
                                label="Authorization"
                                name="Authorization"
                                nogen="true"
                                required="false"
                                testWith=""
                                type="string"/>
                     <parameter description="The company-specific key provided by SAP Fieldglass for API access."
                                label="X-ApplicationKey"
                                name="X-ApplicationKey"
                                nogen="true"
                                required="false"
                                testWith=""
                                type="string"/>
                  </input>
                  <binding>
                     <restSimpleBinding multiUsing="semicolonSeparated"
                                        url="https://{$hostName}/fieldglass/api/data_hub/Providers"
                                        verb="GET">
                        <httpHeaders>
                           <header name="Content-Type">application/json</header>
                           <header name="Accept">application/json</header>
                        </httpHeaders>
                     </restSimpleBinding>
                  </binding>
                  <output>
                     <field description="Gets all providers."
                            entireResponse="true"
                            name="Providers"
                            type="reference">
                        <options>
                           <option name="referenceTo">Providers</option>
                        </options>
                     </field>
                  </output>
               </action>
               <action category="Get Metadata"
                       failOnError="true"
                       forSearch="false"
                       label="GET_ProviderID_metadata"
                       maxRedirects="100"
                       name="GET_ProviderID_metadata"
                       preemptiveAuth="true"
                       responseEncoding="">
                  <description>Get metadata for an entity. Returns metadata for the specified ProviderID. A JSON schema is returned representing the metadata.</description>
                  <input>
                     <parameter description="Only required for production access when using SAP Fieldglass."
                                label="Authorization"
                                name="Authorization"
                                nogen="true"
                                required="false"
                                testWith=""
                                type="string"/>
                     <parameter description="The company-specific key provided by SAP Fieldglass for API access."
                                label="X-ApplicationKey"
                                name="X-ApplicationKey"
                                nogen="true"
                                required="false"
                                testWith=""
                                type="string"/>
                     <parameter description="The ID for the entity (in this case, the report). This is returned when getting all providers."
                                label="ProviderIDPathParam"
                                name="ProviderIDPathParam"
                                nogen="true"
                                required="true"
                                testWith=""
                                type="string"/>
                  </input>
                  <binding>
                     <restSimpleBinding multiUsing="semicolonSeparated"
                                        url="https://{$hostName}/fieldglass/api/data_hub/{$ProviderIDPathParam}/$metadata"
                                        verb="GET">
                        <httpHeaders>
                           <header name="Content-Type">application/json</header>
                           <header name="Accept">application/xml</header>
                        </httpHeaders>
                     </restSimpleBinding>
                  </binding>
                  <output>
                     <field description="Metadata information for the given entity. A JSON schema is given as metadata."
                            entireResponse="true"
                            name="metaData"
                            type="reference">
                        <options>
                           <option name="referenceTo">metaData</option>
                        </options>
                     </field>
                  </output>
               </action>
            </actions>
            <objects>
               <processObject xmlns="http://schemas.active-endpoints.com/appmodules/screenflow/2011/06/avosHostEnvironment.xsd"
                              isByCopy="true"
                              name="Status">
                  <description/>
                  <detail>
                     <field name="ReturnCode" type="int"/>
                     <field name="Message" type="string"/>
                     <field name="TransactionID" type="string"/>
                  </detail>
               </processObject>
               <processObject xmlns="http://schemas.active-endpoints.com/appmodules/screenflow/2011/06/avosHostEnvironment.xsd"
                              isByCopy="true"
                              name="metaData">
                  <description/>
                  <detail>
                     <field name="Schema" type="object"/>
                  </detail>
               </processObject>
               <processObject xmlns="http://schemas.active-endpoints.com/appmodules/screenflow/2011/06/avosHostEnvironment.xsd"
                              isByCopy="true"
                              name="Error">
                  <description/>
                  <detail/>
               </processObject>
               <processObject xmlns="http://schemas.active-endpoints.com/appmodules/screenflow/2011/06/avosHostEnvironment.xsd"
                              isByCopy="true"
                              name="ServiceURL">
                  <description/>
                  <detail>
                     <field name="value" type="object"/>
                  </detail>
               </processObject>
               <processObject xmlns="http://schemas.active-endpoints.com/appmodules/screenflow/2011/06/avosHostEnvironment.xsd"
                              isByCopy="true"
                              name="Data">
                  <description/>
                  <detail>
                     <field name="value" type="object"/>
                  </detail>
               </processObject>
               <processObject xmlns="http://schemas.active-endpoints.com/appmodules/screenflow/2011/06/avosHostEnvironment.xsd"
                              isByCopy="true"
                              name="Providers">
                  <description/>
                  <detail/>
               </processObject>
               <processObject xmlns="http://schemas.active-endpoints.com/appmodules/screenflow/2011/06/avosHostEnvironment.xsd"
                              isByCopy="true"
                              name="string">
                  <description/>
                  <detail>
                     <field name="string" type="string"/>
                  </detail>
               </processObject>
               <processObject xmlns="http://schemas.active-endpoints.com/appmodules/screenflow/2011/06/avosHostEnvironment.xsd"
                              isByCopy="true"
                              name="boolean">
                  <description/>
                  <detail>
                     <field name="boolean" type="boolean"/>
                  </detail>
               </processObject>
               <processObject xmlns="http://schemas.active-endpoints.com/appmodules/screenflow/2011/06/avosHostEnvironment.xsd"
                              isByCopy="true"
                              name="double">
                  <description/>
                  <detail>
                     <field name="double" type="double"/>
                  </detail>
               </processObject>
               <processObject xmlns="http://schemas.active-endpoints.com/appmodules/screenflow/2011/06/avosHostEnvironment.xsd"
                              isByCopy="true"
                              name="integer">
                  <description/>
                  <detail>
                     <field name="integer" type="int"/>
                  </detail>
               </processObject>
            </objects>
         </businessConnector>
      </types1:Entry>
      <types1:GUID>8DCs967vqlZc4NwvuvWLIc</types1:GUID>
      <types1:DisplayName>SAP Fieldglass OData-Based Analytic OData API v1</types1:DisplayName>
   </types1:Item>
   <types1:CurrentServerDateTime>2019-12-23T08:47:58.386Z</types1:CurrentServerDateTime>
</aetgt:getResponse>
