<aetgt:getResponse xmlns:aetgt="http://schemas.active-endpoints.com/appmodules/repository/2010/10/avrepository.xsd"
                   xmlns:types1="http://schemas.active-endpoints.com/appmodules/repository/2010/10/avrepository.xsd">
   <types1:Item>
      <types1:EntryId>HJLMrJ4pbgchwAQ-gt-33363-2019-03-06T10:46:03.153Z::svc.xml</types1:EntryId>
      <types1:Name>GoToAssist_Corporate_API_v1</types1:Name>
      <types1:MimeType>application/xml+businesssconnector</types1:MimeType>
      <types1:Description>TODO: Add Description</types1:Description>
      <types1:AppliesTo/>
      <types1:Tags/>
      <types1:VersionLabel>1.0</types1:VersionLabel>
      <types1:State>CURRENT</types1:State>
      <types1:ProcessGroup/>
      <types1:CreatedBy>stage2_pod1</types1:CreatedBy>
      <types1:CreationDate>2019-03-06T10:46:03Z</types1:CreationDate>
      <types1:ModifiedBy/>
      <types1:PublicationStatus>unpublished</types1:PublicationStatus>
      <types1:AutosaveExists>false</types1:AutosaveExists>
      <types1:Entry>
         <businessConnector xmlns="http://schemas.informatica.com/socrates/data-services/2014/05/business-connector-model.xsd"
                            agentOnly="false"
                            debug="false"
                            displayName="GoToAssist Corporate API v1"
                            label=""
                            name="GoToAssist_Corporate_API_v1"
                            uuid="d3ee6368-46f6-4299-a13c-c01137611df5">
            <description>TODO: Add Description</description>
            <tags/>
            <connectionAttributes xmlns="http://schemas.informatica.com/appmodules/screenflow/2014/04/avosConnectors.xsd">
               <connectionAttribute description="Host Name"
                                    masked="false"
                                    name="hostName"
                                    required="true"
                                    testWith="api.getgo.com"
                                    type="string"/>
            </connectionAttributes>
            <actions>
               <action category="Teams"
                       failOnError="true"
                       forSearch="false"
                       label="TeamsByTeamKeyGet"
                       maxRedirects="100"
                       name="TeamsByTeamKeyGet"
                       preemptiveAuth="true"
                       responseEncoding="">
                  <description>Team</description>
                  <input>
                     <parameter label="Content-Type"
                                name="Content-Type"
                                nogen="true"
                                required="true"
                                testWith=""
                                type="string"/>
                     <parameter label="Accept"
                                name="Accept"
                                nogen="true"
                                required="true"
                                testWith=""
                                type="string"/>
                     <parameter label="teamKeyPathParam"
                                name="teamKeyPathParam"
                                nogen="true"
                                required="true"
                                testWith=""
                                type="string"/>
                  </input>
                  <binding>
                     <restSimpleBinding multiUsing="semicolonSeparated"
                                        url="https://{$hostName}/G2AC/rest/v1/teams/{$teamKeyPathParam}"
                                        verb="GET">
                        <httpHeaders>
                           <header name="Content-Type">application/json</header>
                           <header name="Accept">application/json</header>
                           <header name="Content-Type">{$Content-Type}</header>
                           <header name="Accept">{$Accept}</header>
                        </httpHeaders>
                     </restSimpleBinding>
                  </binding>
                  <output/>
               </action>
               <action category="Teams"
                       failOnError="true"
                       forSearch="false"
                       label="TeamsByTeamKeyDelete"
                       maxRedirects="100"
                       name="TeamsByTeamKeyDelete"
                       preemptiveAuth="true"
                       responseEncoding="">
                  <description>Team</description>
                  <input>
                     <parameter label="Content-Type"
                                name="Content-Type"
                                nogen="true"
                                required="true"
                                testWith=""
                                type="string"/>
                     <parameter label="Accept"
                                name="Accept"
                                nogen="true"
                                required="true"
                                testWith=""
                                type="string"/>
                     <parameter label="teamKeyPathParam"
                                name="teamKeyPathParam"
                                nogen="true"
                                required="true"
                                testWith=""
                                type="string"/>
                  </input>
                  <binding>
                     <restSimpleBinding multiUsing="semicolonSeparated"
                                        url="https://{$hostName}/G2AC/rest/v1/teams/{$teamKeyPathParam}"
                                        verb="DELETE">
                        <httpHeaders>
                           <header name="Content-Type">application/json</header>
                           <header name="Accept">application/json</header>
                           <header name="Content-Type">{$Content-Type}</header>
                           <header name="Accept">{$Accept}</header>
                        </httpHeaders>
                     </restSimpleBinding>
                  </binding>
                  <output/>
               </action>
               <action category="Teams"
                       failOnError="true"
                       forSearch="false"
                       label="TeamsByTeamKeyPut"
                       maxRedirects="100"
                       name="TeamsByTeamKeyPut"
                       preemptiveAuth="true"
                       responseEncoding="">
                  <description>Team</description>
                  <input>
                     <parameter label="Body"
                                name="Body"
                                required="true"
                                testWith=""
                                type="reference">
                        <options>
                           <option name="referenceTo">TeamRequest</option>
                        </options>
                     </parameter>
                     <parameter label="Content-Type"
                                name="Content-Type"
                                nogen="true"
                                required="true"
                                testWith=""
                                type="string"/>
                     <parameter label="Accept"
                                name="Accept"
                                nogen="true"
                                required="true"
                                testWith=""
                                type="string"/>
                     <parameter label="teamKeyPathParam"
                                name="teamKeyPathParam"
                                nogen="true"
                                required="true"
                                testWith=""
                                type="string"/>
                  </input>
                  <binding>
                     <restSimpleBinding multiUsing="semicolonSeparated"
                                        url="https://{$hostName}/G2AC/rest/v1/teams/{$teamKeyPathParam}"
                                        verb="PUT">
                        <httpHeaders>
                           <header name="Content-Type">application/json</header>
                           <header name="Accept">application/json</header>
                           <header name="Content-Type">{$Content-Type}</header>
                           <header name="Accept">{$Accept}</header>
                        </httpHeaders>
                        <body generateUsing="UnwrappedJSON" preserveJsonStringFormatting="false"/>
                     </restSimpleBinding>
                  </binding>
                  <output/>
               </action>
               <action category="Teams"
                       failOnError="true"
                       forSearch="false"
                       label="TeamsPost"
                       maxRedirects="100"
                       name="TeamsPost"
                       preemptiveAuth="true"
                       responseEncoding="">
                  <description>Team</description>
                  <input>
                     <parameter label="Body"
                                name="Body"
                                required="true"
                                testWith=""
                                type="reference">
                        <options>
                           <option name="referenceTo">TeamRequest</option>
                        </options>
                     </parameter>
                     <parameter label="Content-Type"
                                name="Content-Type"
                                nogen="true"
                                required="true"
                                testWith=""
                                type="string"/>
                     <parameter label="Accept"
                                name="Accept"
                                nogen="true"
                                required="true"
                                testWith=""
                                type="string"/>
                  </input>
                  <binding>
                     <restSimpleBinding multiUsing="semicolonSeparated"
                                        url="https://{$hostName}/G2AC/rest/v1/teams"
                                        verb="POST">
                        <httpHeaders>
                           <header name="Content-Type">application/json</header>
                           <header name="Accept">application/json</header>
                           <header name="Content-Type">{$Content-Type}</header>
                           <header name="Accept">{$Accept}</header>
                        </httpHeaders>
                        <body generateUsing="UnwrappedJSON" preserveJsonStringFormatting="false"/>
                     </restSimpleBinding>
                  </binding>
                  <output/>
               </action>
               <action category="Teams"
                       failOnError="true"
                       forSearch="false"
                       label="TeamsGet"
                       maxRedirects="100"
                       name="TeamsGet"
                       preemptiveAuth="true"
                       responseEncoding="">
                  <description>Teams</description>
                  <input>
                     <parameter label="Content-Type"
                                name="Content-Type"
                                nogen="true"
                                required="true"
                                testWith=""
                                type="string"/>
                     <parameter label="Accept"
                                name="Accept"
                                nogen="true"
                                required="true"
                                testWith=""
                                type="string"/>
                  </input>
                  <binding>
                     <restSimpleBinding multiUsing="semicolonSeparated"
                                        url="https://{$hostName}/G2AC/rest/v1/teams"
                                        verb="GET">
                        <httpHeaders>
                           <header name="Content-Type">application/json</header>
                           <header name="Accept">application/json</header>
                           <header name="Content-Type">{$Content-Type}</header>
                           <header name="Accept">{$Accept}</header>
                        </httpHeaders>
                     </restSimpleBinding>
                  </binding>
                  <output/>
               </action>
               <action category="Teams"
                       failOnError="true"
                       forSearch="false"
                       label="TeamsPagesGet"
                       maxRedirects="100"
                       name="TeamsPagesGet"
                       preemptiveAuth="true"
                       responseEncoding="">
                  <description>Teams with paging</description>
                  <input>
                     <parameter label="Content-Type"
                                name="Content-Type"
                                nogen="true"
                                required="true"
                                testWith=""
                                type="string"/>
                     <parameter label="Accept"
                                name="Accept"
                                nogen="true"
                                required="true"
                                testWith=""
                                type="string"/>
                  </input>
                  <binding>
                     <restSimpleBinding multiUsing="semicolonSeparated"
                                        url="https://{$hostName}/G2AC/rest/v1/teams/pages"
                                        verb="GET">
                        <httpHeaders>
                           <header name="Content-Type">application/json</header>
                           <header name="Accept">application/json</header>
                           <header name="Content-Type">{$Content-Type}</header>
                           <header name="Accept">{$Accept}</header>
                        </httpHeaders>
                     </restSimpleBinding>
                  </binding>
                  <output/>
               </action>
               <action category="Representatives"
                       failOnError="true"
                       forSearch="false"
                       label="RepresentativesByRepresentativeKeyGet"
                       maxRedirects="100"
                       name="RepresentativesByRepresentativeKeyGet"
                       preemptiveAuth="true"
                       responseEncoding="">
                  <description>Representative</description>
                  <input>
                     <parameter label="Content-Type"
                                name="Content-Type"
                                nogen="true"
                                required="true"
                                testWith=""
                                type="string"/>
                     <parameter label="Accept"
                                name="Accept"
                                nogen="true"
                                required="true"
                                testWith=""
                                type="string"/>
                     <parameter label="representativeKeyPathParam"
                                name="representativeKeyPathParam"
                                nogen="true"
                                required="true"
                                testWith=""
                                type="string"/>
                  </input>
                  <binding>
                     <restSimpleBinding multiUsing="semicolonSeparated"
                                        url="https://{$hostName}/G2AC/rest/v1/representatives/{$representativeKeyPathParam}"
                                        verb="GET">
                        <httpHeaders>
                           <header name="Content-Type">application/json</header>
                           <header name="Accept">application/json</header>
                           <header name="Content-Type">{$Content-Type}</header>
                           <header name="Accept">{$Accept}</header>
                        </httpHeaders>
                     </restSimpleBinding>
                  </binding>
                  <output/>
               </action>
               <action category="Representatives"
                       failOnError="true"
                       forSearch="false"
                       label="RepresentativesByRepresentativeKeyDelete"
                       maxRedirects="100"
                       name="RepresentativesByRepresentativeKeyDelete"
                       preemptiveAuth="true"
                       responseEncoding="">
                  <description>Representative</description>
                  <input>
                     <parameter label="Content-Type"
                                name="Content-Type"
                                nogen="true"
                                required="true"
                                testWith=""
                                type="string"/>
                     <parameter label="Accept"
                                name="Accept"
                                nogen="true"
                                required="true"
                                testWith=""
                                type="string"/>
                     <parameter label="representativeKeyPathParam"
                                name="representativeKeyPathParam"
                                nogen="true"
                                required="true"
                                testWith=""
                                type="string"/>
                  </input>
                  <binding>
                     <restSimpleBinding multiUsing="semicolonSeparated"
                                        url="https://{$hostName}/G2AC/rest/v1/representatives/{$representativeKeyPathParam}"
                                        verb="DELETE">
                        <httpHeaders>
                           <header name="Content-Type">application/json</header>
                           <header name="Accept">application/json</header>
                           <header name="Content-Type">{$Content-Type}</header>
                           <header name="Accept">{$Accept}</header>
                        </httpHeaders>
                     </restSimpleBinding>
                  </binding>
                  <output/>
               </action>
               <action category="Representatives"
                       failOnError="true"
                       forSearch="false"
                       label="RepresentativesByRepresentativeKeyPut"
                       maxRedirects="100"
                       name="RepresentativesByRepresentativeKeyPut"
                       preemptiveAuth="true"
                       responseEncoding="">
                  <description>Representative</description>
                  <input>
                     <parameter label="Body"
                                name="Body"
                                required="true"
                                testWith=""
                                type="reference">
                        <options>
                           <option name="referenceTo">RepresentativeRequest</option>
                        </options>
                     </parameter>
                     <parameter label="Content-Type"
                                name="Content-Type"
                                nogen="true"
                                required="true"
                                testWith=""
                                type="string"/>
                     <parameter label="Accept"
                                name="Accept"
                                nogen="true"
                                required="true"
                                testWith=""
                                type="string"/>
                     <parameter label="representativeKeyPathParam"
                                name="representativeKeyPathParam"
                                nogen="true"
                                required="true"
                                testWith=""
                                type="string"/>
                  </input>
                  <binding>
                     <restSimpleBinding multiUsing="semicolonSeparated"
                                        url="https://{$hostName}/G2AC/rest/v1/representatives/{$representativeKeyPathParam}"
                                        verb="PUT">
                        <httpHeaders>
                           <header name="Content-Type">application/json</header>
                           <header name="Accept">application/json</header>
                           <header name="Content-Type">{$Content-Type}</header>
                           <header name="Accept">{$Accept}</header>
                        </httpHeaders>
                        <body generateUsing="UnwrappedJSON" preserveJsonStringFormatting="false"/>
                     </restSimpleBinding>
                  </binding>
                  <output/>
               </action>
               <action category="Representatives"
                       failOnError="true"
                       forSearch="false"
                       label="RepresentativesPost"
                       maxRedirects="100"
                       name="RepresentativesPost"
                       preemptiveAuth="true"
                       responseEncoding="">
                  <description>Representative</description>
                  <input>
                     <parameter label="Body"
                                name="Body"
                                required="true"
                                testWith=""
                                type="reference">
                        <options>
                           <option name="referenceTo">RepresentativeRequest</option>
                        </options>
                     </parameter>
                     <parameter label="Content-Type"
                                name="Content-Type"
                                nogen="true"
                                required="true"
                                testWith=""
                                type="string"/>
                     <parameter label="Accept"
                                name="Accept"
                                nogen="true"
                                required="true"
                                testWith=""
                                type="string"/>
                  </input>
                  <binding>
                     <restSimpleBinding multiUsing="semicolonSeparated"
                                        url="https://{$hostName}/G2AC/rest/v1/representatives"
                                        verb="POST">
                        <httpHeaders>
                           <header name="Content-Type">application/json</header>
                           <header name="Accept">application/json</header>
                           <header name="Content-Type">{$Content-Type}</header>
                           <header name="Accept">{$Accept}</header>
                        </httpHeaders>
                        <body generateUsing="UnwrappedJSON" preserveJsonStringFormatting="false"/>
                     </restSimpleBinding>
                  </binding>
                  <output/>
               </action>
               <action category="Representatives"
                       failOnError="true"
                       forSearch="false"
                       label="RepresentativesGet"
                       maxRedirects="100"
                       name="RepresentativesGet"
                       preemptiveAuth="true"
                       responseEncoding="">
                  <description>Representatives</description>
                  <input>
                     <parameter label="Content-Type"
                                name="Content-Type"
                                nogen="true"
                                required="true"
                                testWith=""
                                type="string"/>
                     <parameter label="Accept"
                                name="Accept"
                                nogen="true"
                                required="true"
                                testWith=""
                                type="string"/>
                  </input>
                  <binding>
                     <restSimpleBinding multiUsing="semicolonSeparated"
                                        url="https://{$hostName}/G2AC/rest/v1/representatives"
                                        verb="GET">
                        <httpHeaders>
                           <header name="Content-Type">application/json</header>
                           <header name="Accept">application/json</header>
                           <header name="Content-Type">{$Content-Type}</header>
                           <header name="Accept">{$Accept}</header>
                        </httpHeaders>
                     </restSimpleBinding>
                  </binding>
                  <output/>
               </action>
               <action category="Portals"
                       failOnError="true"
                       forSearch="false"
                       label="PortalsPagesGet"
                       maxRedirects="100"
                       name="PortalsPagesGet"
                       preemptiveAuth="true"
                       responseEncoding="">
                  <description>Portals with paging</description>
                  <input>
                     <parameter label="Content-Type"
                                name="Content-Type"
                                nogen="true"
                                required="true"
                                testWith=""
                                type="string"/>
                     <parameter label="Accept"
                                name="Accept"
                                nogen="true"
                                required="true"
                                testWith=""
                                type="string"/>
                  </input>
                  <binding>
                     <restSimpleBinding multiUsing="semicolonSeparated"
                                        url="https://{$hostName}/G2AC/rest/v1/portals/pages"
                                        verb="GET">
                        <httpHeaders>
                           <header name="Content-Type">application/json</header>
                           <header name="Accept">application/json</header>
                           <header name="Content-Type">{$Content-Type}</header>
                           <header name="Accept">{$Accept}</header>
                        </httpHeaders>
                     </restSimpleBinding>
                  </binding>
                  <output/>
               </action>
               <action category="Representatives"
                       failOnError="true"
                       forSearch="false"
                       label="RepresentativesPagesGet"
                       maxRedirects="100"
                       name="RepresentativesPagesGet"
                       preemptiveAuth="true"
                       responseEncoding="">
                  <description>Representatives with paging</description>
                  <input>
                     <parameter label="Content-Type"
                                name="Content-Type"
                                nogen="true"
                                required="true"
                                testWith=""
                                type="string"/>
                     <parameter label="Accept"
                                name="Accept"
                                nogen="true"
                                required="true"
                                testWith=""
                                type="string"/>
                  </input>
                  <binding>
                     <restSimpleBinding multiUsing="semicolonSeparated"
                                        url="https://{$hostName}/G2AC/rest/v1/representatives/pages"
                                        verb="GET">
                        <httpHeaders>
                           <header name="Content-Type">application/json</header>
                           <header name="Accept">application/json</header>
                           <header name="Content-Type">{$Content-Type}</header>
                           <header name="Accept">{$Accept}</header>
                        </httpHeaders>
                     </restSimpleBinding>
                  </binding>
                  <output/>
               </action>
               <action category="Representatives"
                       failOnError="true"
                       forSearch="false"
                       label="RepresentativesPortalsByRepresentativeKeyGet"
                       maxRedirects="100"
                       name="RepresentativesPortalsByRepresentativeKeyGet"
                       preemptiveAuth="true"
                       responseEncoding="">
                  <description>Representative portals</description>
                  <input>
                     <parameter label="Content-Type"
                                name="Content-Type"
                                nogen="true"
                                required="true"
                                testWith=""
                                type="string"/>
                     <parameter label="Accept"
                                name="Accept"
                                nogen="true"
                                required="true"
                                testWith=""
                                type="string"/>
                     <parameter label="representativeKeyPathParam"
                                name="representativeKeyPathParam"
                                nogen="true"
                                required="true"
                                testWith=""
                                type="string"/>
                  </input>
                  <binding>
                     <restSimpleBinding multiUsing="semicolonSeparated"
                                        url="https://{$hostName}/G2AC/rest/v1/representatives/{$representativeKeyPathParam}/portals"
                                        verb="GET">
                        <httpHeaders>
                           <header name="Content-Type">application/json</header>
                           <header name="Accept">application/json</header>
                           <header name="Content-Type">{$Content-Type}</header>
                           <header name="Accept">{$Accept}</header>
                        </httpHeaders>
                     </restSimpleBinding>
                  </binding>
                  <output/>
               </action>
               <action category="Representatives"
                       failOnError="true"
                       forSearch="false"
                       label="RepresentativesPortalsByRepresentativeKeyPut"
                       maxRedirects="100"
                       name="RepresentativesPortalsByRepresentativeKeyPut"
                       preemptiveAuth="true"
                       responseEncoding="">
                  <description>Representative portals</description>
                  <input>
                     <parameter label="Body"
                                name="Body"
                                required="true"
                                testWith=""
                                type="objectlist">
                        <options>
                           <option name="referenceTo">RepresentativeportalsRequest</option>
                        </options>
                     </parameter>
                     <parameter label="Content-Type"
                                name="Content-Type"
                                nogen="true"
                                required="true"
                                testWith=""
                                type="string"/>
                     <parameter label="Accept"
                                name="Accept"
                                nogen="true"
                                required="true"
                                testWith=""
                                type="string"/>
                     <parameter label="representativeKeyPathParam"
                                name="representativeKeyPathParam"
                                nogen="true"
                                required="true"
                                testWith=""
                                type="string"/>
                  </input>
                  <binding>
                     <restSimpleBinding multiUsing="semicolonSeparated"
                                        url="https://{$hostName}/G2AC/rest/v1/representatives/{$representativeKeyPathParam}/portals"
                                        verb="PUT">
                        <httpHeaders>
                           <header name="Content-Type">application/json</header>
                           <header name="Accept">application/json</header>
                           <header name="Content-Type">{$Content-Type}</header>
                           <header name="Accept">{$Accept}</header>
                        </httpHeaders>
                        <body generateUsing="UnwrappedJSON" preserveJsonStringFormatting="false"/>
                     </restSimpleBinding>
                  </binding>
                  <output/>
               </action>
               <action category="Portals"
                       failOnError="true"
                       forSearch="false"
                       label="PortalsGet"
                       maxRedirects="100"
                       name="PortalsGet"
                       preemptiveAuth="true"
                       responseEncoding="">
                  <description>Portals</description>
                  <input>
                     <parameter label="Content-Type"
                                name="Content-Type"
                                nogen="true"
                                required="true"
                                testWith=""
                                type="string"/>
                     <parameter label="Accept"
                                name="Accept"
                                nogen="true"
                                required="true"
                                testWith=""
                                type="string"/>
                  </input>
                  <binding>
                     <restSimpleBinding multiUsing="semicolonSeparated"
                                        url="https://{$hostName}/G2AC/rest/v1/portals"
                                        verb="GET">
                        <httpHeaders>
                           <header name="Content-Type">application/json</header>
                           <header name="Accept">application/json</header>
                           <header name="Content-Type">{$Content-Type}</header>
                           <header name="Accept">{$Accept}</header>
                        </httpHeaders>
                     </restSimpleBinding>
                  </binding>
                  <output/>
               </action>
               <action category="Portals"
                       failOnError="true"
                       forSearch="false"
                       label="PortalsByPortalKeyGet"
                       maxRedirects="100"
                       name="PortalsByPortalKeyGet"
                       preemptiveAuth="true"
                       responseEncoding="">
                  <description>Portal</description>
                  <input>
                     <parameter label="Content-Type"
                                name="Content-Type"
                                nogen="true"
                                required="true"
                                testWith=""
                                type="string"/>
                     <parameter label="Accept"
                                name="Accept"
                                nogen="true"
                                required="true"
                                testWith=""
                                type="string"/>
                     <parameter label="portalKeyPathParam"
                                name="portalKeyPathParam"
                                nogen="true"
                                required="true"
                                testWith=""
                                type="string"/>
                  </input>
                  <binding>
                     <restSimpleBinding multiUsing="semicolonSeparated"
                                        url="https://{$hostName}/G2AC/rest/v1/portals/{$portalKeyPathParam}"
                                        verb="GET">
                        <httpHeaders>
                           <header name="Content-Type">application/json</header>
                           <header name="Accept">application/json</header>
                           <header name="Content-Type">{$Content-Type}</header>
                           <header name="Accept">{$Accept}</header>
                        </httpHeaders>
                     </restSimpleBinding>
                  </binding>
                  <output/>
               </action>
            </actions>
            <objects>
               <processObject xmlns="http://schemas.active-endpoints.com/appmodules/screenflow/2011/06/avosHostEnvironment.xsd"
                              isByCopy="true"
                              name="RepresentativeportalsRequest">
                  <description/>
                  <detail>
                     <field name="portalType" type="string"/>
                     <field name="parentKey" type="int"/>
                     <field name="portalName" type="string"/>
                     <field name="portalKey" type="int"/>
                     <field name="subPortalKeys" type="objectlist">
                        <options>
                           <option name="referenceTo">int</option>
                           <option name="relationshipName">Child</option>
                        </options>
                     </field>
                  </detail>
               </processObject>
               <processObject xmlns="http://schemas.active-endpoints.com/appmodules/screenflow/2011/06/avosHostEnvironment.xsd"
                              isByCopy="true"
                              name="RepresentativeRequest">
                  <description/>
                  <detail>
                     <field name="lastName" type="string"/>
                     <field name="firstName" type="string"/>
                     <field name="password" type="string"/>
                     <field name="nickName" type="string"/>
                     <field name="custom" type="string"/>
                     <field name="teamKey" type="int"/>
                     <field name="login" type="string"/>
                  </detail>
               </processObject>
               <processObject xmlns="http://schemas.active-endpoints.com/appmodules/screenflow/2011/06/avosHostEnvironment.xsd"
                              isByCopy="true"
                              name="TeamRequest">
                  <description/>
                  <detail>
                     <field name="teamName" type="string"/>
                     <field name="parentKey" type="int"/>
                     <field name="portalKey" type="int"/>
                     <field name="subPortalKeys" type="objectlist">
                        <options>
                           <option name="referenceTo">int</option>
                           <option name="relationshipName">Child</option>
                        </options>
                     </field>
                  </detail>
               </processObject>
               <processObject xmlns="http://schemas.active-endpoints.com/appmodules/screenflow/2011/06/avosHostEnvironment.xsd"
                              isByCopy="true"
                              name="string">
                  <description/>
                  <detail>
                     <field name="string" type="string"/>
                  </detail>
               </processObject>
               <processObject xmlns="http://schemas.active-endpoints.com/appmodules/screenflow/2011/06/avosHostEnvironment.xsd"
                              isByCopy="true"
                              name="boolean">
                  <description/>
                  <detail>
                     <field name="boolean" type="boolean"/>
                  </detail>
               </processObject>
               <processObject xmlns="http://schemas.active-endpoints.com/appmodules/screenflow/2011/06/avosHostEnvironment.xsd"
                              isByCopy="true"
                              name="double">
                  <description/>
                  <detail>
                     <field name="double" type="double"/>
                  </detail>
               </processObject>
               <processObject xmlns="http://schemas.active-endpoints.com/appmodules/screenflow/2011/06/avosHostEnvironment.xsd"
                              isByCopy="true"
                              name="integer">
                  <description/>
                  <detail>
                     <field name="integer" type="int"/>
                  </detail>
               </processObject>
            </objects>
         </businessConnector>
      </types1:Entry>
      <types1:GUID>2jOuT8ZW7Uuf9RpSEvVpAf</types1:GUID>
      <types1:DisplayName>GoToAssist Corporate API v1</types1:DisplayName>
   </types1:Item>
   <types1:CurrentServerDateTime>2019-03-06T10:49:54.196Z</types1:CurrentServerDateTime>
</aetgt:getResponse>
