<aetgt:getResponse xmlns:aetgt="http://schemas.active-endpoints.com/appmodules/repository/2010/10/avrepository.xsd"
                   xmlns:types1="http://schemas.active-endpoints.com/appmodules/repository/2010/10/avrepository.xsd">
   <types1:Item>
      <types1:EntryId>cmnBtBghuImXyco-gt-1233624-2019-12-17T11:34:12.045Z::svc.xml</types1:EntryId>
      <types1:Name>SAP_SuccessFactors_Employee_Central_Advances_OData_API_v1</types1:Name>
      <types1:MimeType>application/xml+businesssconnector</types1:MimeType>
      <types1:Description>API to access different advances that a company offers to its employees. It is also used to configure the recovery of the advance.</types1:Description>
      <types1:AppliesTo/>
      <types1:Tags/>
      <types1:VersionLabel>1.0</types1:VersionLabel>
      <types1:State>CURRENT</types1:State>
      <types1:ProcessGroup/>
      <types1:CreatedBy>sorabh@na1.dm-us.org</types1:CreatedBy>
      <types1:CreationDate>2019-12-17T11:34:12Z</types1:CreationDate>
      <types1:ModifiedBy/>
      <types1:PublicationStatus>published</types1:PublicationStatus>
      <types1:PublishedBy>sorabh@na1.dm-us.org</types1:PublishedBy>
      <types1:PublicationDate>2019-12-17T11:34:15Z</types1:PublicationDate>
      <types1:PublishedContributionId>project:/rt.connector/SAP_SuccessFactors_Employee_Central_Advances_OData_API_v1/SAP_SuccessFactors_Employee_Central_Advances_OData_API_v1_svcDef.xml</types1:PublishedContributionId>
      <types1:AutosaveExists>false</types1:AutosaveExists>
      <types1:Entry>
         <businessConnector xmlns="http://schemas.informatica.com/socrates/data-services/2014/05/business-connector-model.xsd"
                            agentOnly="false"
                            debug="false"
                            displayName="SAP SuccessFactors Employee Central Advances OData API v1"
                            label=""
                            name="SAP_SuccessFactors_Employee_Central_Advances_OData_API_v1"
                            uuid="c301d63c-fb08-4674-8904-1183e7157da3">
            <description>API to access different advances that a company offers to its employees. It is also used to configure the recovery of the advance.</description>
            <tags/>
            <connectionAttributes xmlns="http://schemas.informatica.com/appmodules/screenflow/2014/04/avosConnectors.xsd">
               <connectionAttribute description="Host Name"
                                    masked="false"
                                    name="hostName"
                                    required="true"
                                    testWith="sandbox.api.sap.com"
                                    type="string"/>
               <connectionAttribute description="User Name"
                                    masked="false"
                                    name="username"
                                    required="true"
                                    testWith=""
                                    type="string"/>
               <connectionAttribute description="Password"
                                    masked="true"
                                    name="password"
                                    required="true"
                                    testWith=""
                                    type="string"/>
            </connectionAttributes>
            <actions>
               <action category="AdvancesAccumulation"
                       failOnError="true"
                       forSearch="false"
                       label="GET_AdvancesAccumulation"
                       maxRedirects="100"
                       name="GET_AdvancesAccumulation"
                       preemptiveAuth="true"
                       responseEncoding="">
                  <description>Get entities from AdvancesAccumulation</description>
                  <input>
                     <parameter description="Show only the first n items, see [OData Paging - Top](http://docs.oasis-open.org/odata/odata/v4.0/odata-v4.0-part1-protocol.html#_Toc445374630)"
                                label="$top"
                                name="$top"
                                required="false"
                                testWith=""
                                type="int"/>
                     <parameter description="Skip the first n items, see [OData Paging - Skip](http://docs.oasis-open.org/odata/odata/v4.0/odata-v4.0-part1-protocol.html#_Toc445374631)"
                                label="$skip"
                                name="$skip"
                                required="false"
                                testWith=""
                                type="int"/>
                     <parameter description="Search items by search phrases, see [OData Searching](http://docs.oasis-open.org/odata/odata/v4.0/odata-v4.0-part1-protocol.html#_Toc445374633)"
                                label="$search"
                                name="$search"
                                required="false"
                                testWith=""
                                type="string"/>
                     <parameter description="Filter items by property values, see [OData Filtering](http://docs.oasis-open.org/odata/odata/v4.0/odata-v4.0-part1-protocol.html#_Toc445374625)"
                                label="$filter"
                                name="$filter"
                                required="false"
                                testWith=""
                                type="string"/>
                     <parameter description="Include count of items, see [OData Count](http://docs.oasis-open.org/odata/odata/v4.0/odata-v4.0-part1-protocol.html#_Toc445374632)"
                                label="$count"
                                name="$count"
                                required="false"
                                testWith=""
                                type="boolean"/>
                     <parameter description="Order items by property values, see [OData Sorting](http://docs.oasis-open.org/odata/odata/v4.0/odata-v4.0-part1-protocol.html#_Toc445374629)"
                                label="$orderby"
                                name="$orderby"
                                required="false"
                                testWith=""
                                type="picklist">
                        <options>
                           <option name="values">[{"value":"accumulatedAmount","label":"accumulatedAmount"},{"value":"accumulatedAmount desc","label":"accumulatedAmount desc"},{"value":"advanceType","label":"advanceType"},{"value":"advanceType desc","label":"advanceType desc"},{"value":"createdBy","label":"createdBy"},{"value":"createdBy desc","label":"createdBy desc"},{"value":"createdDate","label":"createdDate"},{"value":"createdDate desc","label":"createdDate desc"},{"value":"createdDateTime","label":"createdDateTime"},{"value":"createdDateTime desc","label":"createdDateTime desc"},{"value":"currency","label":"currency"},{"value":"currency desc","label":"currency desc"},{"value":"currencyGO","label":"currencyGO"},{"value":"currencyGO desc","label":"currencyGO desc"},{"value":"externalCode","label":"externalCode"},{"value":"externalCode desc","label":"externalCode desc"},{"value":"lastModifiedBy","label":"lastModifiedBy"},{"value":"lastModifiedBy desc","label":"lastModifiedBy desc"},{"value":"lastModifiedDate","label":"lastModifiedDate"},{"value":"lastModifiedDate desc","label":"lastModifiedDate desc"},{"value":"lastModifiedDateTime","label":"lastModifiedDateTime"},{"value":"lastModifiedDateTime desc","label":"lastModifiedDateTime desc"},{"value":"lastModifiedDateWithTZ","label":"lastModifiedDateWithTZ"},{"value":"lastModifiedDateWithTZ desc","label":"lastModifiedDateWithTZ desc"},{"value":"mdfSystemEffectiveEndDate","label":"mdfSystemEffectiveEndDate"},{"value":"mdfSystemEffectiveEndDate desc","label":"mdfSystemEffectiveEndDate desc"},{"value":"mdfSystemEffectiveStartDate","label":"mdfSystemEffectiveStartDate"},{"value":"mdfSystemEffectiveStartDate desc","label":"mdfSystemEffectiveStartDate desc"},{"value":"mdfSystemEntityId","label":"mdfSystemEntityId"},{"value":"mdfSystemEntityId desc","label":"mdfSystemEntityId desc"},{"value":"mdfSystemObjectType","label":"mdfSystemObjectType"},{"value":"mdfSystemObjectType desc","label":"mdfSystemObjectType desc"},{"value":"mdfSystemRecordId","label":"mdfSystemRecordId"},{"value":"mdfSystemRecordId desc","label":"mdfSystemRecordId desc"},{"value":"mdfSystemRecordStatus","label":"mdfSystemRecordStatus"},{"value":"mdfSystemRecordStatus desc","label":"mdfSystemRecordStatus desc"},{"value":"mdfSystemStatus","label":"mdfSystemStatus"},{"value":"mdfSystemStatus desc","label":"mdfSystemStatus desc"},{"value":"mdfSystemTransactionSequence","label":"mdfSystemTransactionSequence"},{"value":"mdfSystemTransactionSequence desc","label":"mdfSystemTransactionSequence desc"},{"value":"mdfSystemVersionId","label":"mdfSystemVersionId"},{"value":"mdfSystemVersionId desc","label":"mdfSystemVersionId desc"},{"value":"numberOfOccurances","label":"numberOfOccurances"},{"value":"numberOfOccurances desc","label":"numberOfOccurances desc"},{"value":"periodEndDate","label":"periodEndDate"},{"value":"periodEndDate desc","label":"periodEndDate desc"},{"value":"periodStartDate","label":"periodStartDate"},{"value":"periodStartDate desc","label":"periodStartDate desc"},{"value":"remainingEligibleAmount","label":"remainingEligibleAmount"},{"value":"remainingEligibleAmount desc","label":"remainingEligibleAmount desc"},{"value":"remainingNumberOfOccurances","label":"remainingNumberOfOccurances"},{"value":"remainingNumberOfOccurances desc","label":"remainingNumberOfOccurances desc"},{"value":"userSysId","label":"userSysId"},{"value":"userSysId desc","label":"userSysId desc"}]</option>
                        </options>
                     </parameter>
                     <parameter description="Select properties to be returned, see [OData Select](http://docs.oasis-open.org/odata/odata/v4.0/odata-v4.0-part1-protocol.html#_Toc445374620)"
                                label="$select"
                                name="$select"
                                required="false"
                                testWith=""
                                type="picklist">
                        <options>
                           <option name="values">[{"value":"accumulatedAmount","label":"accumulatedAmount"},{"value":"advanceType","label":"advanceType"},{"value":"createdBy","label":"createdBy"},{"value":"createdDate","label":"createdDate"},{"value":"createdDateTime","label":"createdDateTime"},{"value":"currency","label":"currency"},{"value":"currencyGO","label":"currencyGO"},{"value":"externalCode","label":"externalCode"},{"value":"lastModifiedBy","label":"lastModifiedBy"},{"value":"lastModifiedDate","label":"lastModifiedDate"},{"value":"lastModifiedDateTime","label":"lastModifiedDateTime"},{"value":"lastModifiedDateWithTZ","label":"lastModifiedDateWithTZ"},{"value":"mdfSystemEffectiveEndDate","label":"mdfSystemEffectiveEndDate"},{"value":"mdfSystemEffectiveStartDate","label":"mdfSystemEffectiveStartDate"},{"value":"mdfSystemEntityId","label":"mdfSystemEntityId"},{"value":"mdfSystemObjectType","label":"mdfSystemObjectType"},{"value":"mdfSystemRecordId","label":"mdfSystemRecordId"},{"value":"mdfSystemRecordStatus","label":"mdfSystemRecordStatus"},{"value":"mdfSystemStatus","label":"mdfSystemStatus"},{"value":"mdfSystemTransactionSequence","label":"mdfSystemTransactionSequence"},{"value":"mdfSystemVersionId","label":"mdfSystemVersionId"},{"value":"numberOfOccurances","label":"numberOfOccurances"},{"value":"periodEndDate","label":"periodEndDate"},{"value":"periodStartDate","label":"periodStartDate"},{"value":"remainingEligibleAmount","label":"remainingEligibleAmount"},{"value":"remainingNumberOfOccurances","label":"remainingNumberOfOccurances"},{"value":"userSysId","label":"userSysId"}]</option>
                        </options>
                     </parameter>
                  </input>
                  <binding>
                     <restSimpleBinding multiUsing="semicolonSeparated"
                                        url="https://{$hostName}/successfactors/odata/v2/AdvancesAccumulation"
                                        verb="GET">
                        <authentication>
                           <username>{$username}</username>
                           <password>{$password}</password>
                           <isExpressionInPassword>true</isExpressionInPassword>
                        </authentication>
                        <httpHeaders>
                           <header name="Content-Type">application/json</header>
                           <header name="Accept">application/json</header>
                        </httpHeaders>
                     </restSimpleBinding>
                  </binding>
                  <output>
                     <field description="Retrieved entities"
                            entireResponse="true"
                            name="entireResponse"
                            type="object"/>
                  </output>
               </action>
               <action category="AdvancesEligibility"
                       failOnError="true"
                       forSearch="false"
                       label="GET_AdvancesEligibility_effectiveStartDate_effectiveStartDate_externalCode_externalCode_"
                       maxRedirects="100"
                       name="GET_AdvancesEligibility_effectiveStartDate_effectiveStartDate_externalCode_externalCode_"
                       preemptiveAuth="true"
                       responseEncoding="">
                  <description>Get entity from AdvancesEligibility by key</description>
                  <input>
                     <parameter description="key: effectiveStartDate"
                                label="effectiveStartDatePathParam"
                                name="effectiveStartDatePathParam"
                                nogen="true"
                                required="true"
                                testWith=""
                                type="string"/>
                     <parameter description="key: externalCode"
                                label="externalCodePathParam"
                                name="externalCodePathParam"
                                nogen="true"
                                required="true"
                                testWith=""
                                type="string"/>
                     <parameter description="Select properties to be returned, see [OData Select](http://docs.oasis-open.org/odata/odata/v4.0/odata-v4.0-part1-protocol.html#_Toc445374620)"
                                label="$select"
                                name="$select"
                                required="false"
                                testWith=""
                                type="picklist">
                        <options>
                           <option name="values">[{"value":"advanceType","label":"advanceType"},{"value":"basePayComponent","label":"basePayComponent"},{"value":"basePayComponentGroup","label":"basePayComponentGroup"},{"value":"calculationPercentageOn","label":"calculationPercentageOn"},{"value":"company","label":"company"},{"value":"createdBy","label":"createdBy"},{"value":"createdDateTime","label":"createdDateTime"},{"value":"currency","label":"currency"},{"value":"currencyGO","label":"currencyGO"},{"value":"dayOfDeduction","label":"dayOfDeduction"},{"value":"deductionDateFormat","label":"deductionDateFormat"},{"value":"deductionPayCompOTD","label":"deductionPayCompOTD"},{"value":"deductionPayCompRD","label":"deductionPayCompRD"},{"value":"defaultWorkflow","label":"defaultWorkflow"},{"value":"department","label":"department"},{"value":"effectiveEndDate","label":"effectiveEndDate"},{"value":"effectiveStartDate","label":"effectiveStartDate"},{"value":"effectiveStatus","label":"effectiveStatus"},{"value":"eligibilityAmount","label":"eligibilityAmount"},{"value":"enableAutoRecovery","label":"enableAutoRecovery"},{"value":"exceptionForNumberOfInstallments","label":"exceptionForNumberOfInstallments"},{"value":"exceptionForRequestedAmount","label":"exceptionForRequestedAmount"},{"value":"exceptionWorkflow","label":"exceptionWorkflow"},{"value":"externalCode","label":"externalCode"},{"value":"externalName","label":"externalName"},{"value":"firstOccurenceStartDate","label":"firstOccurenceStartDate"},{"value":"installmentAmount","label":"installmentAmount"},{"value":"installmentFrequency","label":"installmentFrequency"},{"value":"interestRate","label":"interestRate"},{"value":"interestType","label":"interestType"},{"value":"lastModifiedBy","label":"lastModifiedBy"},{"value":"lastModifiedDateTime","label":"lastModifiedDateTime"},{"value":"maximumEligibilityAmount","label":"maximumEligibilityAmount"},{"value":"mdfSystemCreatedBy","label":"mdfSystemCreatedBy"},{"value":"mdfSystemCreatedDate","label":"mdfSystemCreatedDate"},{"value":"mdfSystemEntityId","label":"mdfSystemEntityId"},{"value":"mdfSystemLastModifiedBy","label":"mdfSystemLastModifiedBy"},{"value":"mdfSystemLastModifiedDate","label":"mdfSystemLastModifiedDate"},{"value":"mdfSystemLastModifiedDateWithTZ","label":"mdfSystemLastModifiedDateWithTZ"},{"value":"mdfSystemObjectType","label":"mdfSystemObjectType"},{"value":"mdfSystemRecordId","label":"mdfSystemRecordId"},{"value":"mdfSystemRecordStatus","label":"mdfSystemRecordStatus"},{"value":"mdfSystemTransactionSequence","label":"mdfSystemTransactionSequence"},{"value":"mdfSystemVersionId","label":"mdfSystemVersionId"},{"value":"monthDate","label":"monthDate"},{"value":"numberOfInstallments","label":"numberOfInstallments"},{"value":"numberOfInstallmentsEditableByEmployee","label":"numberOfInstallmentsEditableByEmployee"},{"value":"numberOfOccurences","label":"numberOfOccurences"},{"value":"occuranceOfDay","label":"occuranceOfDay"},{"value":"payComponentType","label":"payComponentType"},{"value":"paygrade","label":"paygrade"},{"value":"periodEndDate","label":"periodEndDate"},{"value":"periodStartDate","label":"periodStartDate"},{"value":"recoveryMode","label":"recoveryMode"},{"value":"recoveryModeEditableByEmployee","label":"recoveryModeEditableByEmployee"},{"value":"unitOfPeriod","label":"unitOfPeriod"},{"value":"validityPeriod","label":"validityPeriod"}]</option>
                        </options>
                     </parameter>
                  </input>
                  <binding>
                     <restSimpleBinding multiUsing="semicolonSeparated"
                                        url="https://{$hostName}/successfactors/odata/v2/AdvancesEligibility(effectiveStartDate={$effectiveStartDatePathParam},externalCode='{$externalCodePathParam}')"
                                        verb="GET">
                        <authentication>
                           <username>{$username}</username>
                           <password>{$password}</password>
                           <isExpressionInPassword>true</isExpressionInPassword>
                        </authentication>
                        <httpHeaders>
                           <header name="Content-Type">application/json</header>
                           <header name="Accept">application/json</header>
                        </httpHeaders>
                     </restSimpleBinding>
                  </binding>
                  <output>
                     <field description="Retrieved entity"
                            entireResponse="true"
                            name="entireResponse"
                            type="object"/>
                  </output>
               </action>
               <action category="AdvancesInstallments"
                       failOnError="true"
                       forSearch="false"
                       label="GET_AdvancesInstallments_Advance_externalCode_Advance_externalCode_NonRecurringPayment_externalCode_NonRecurringPayment_externalCode_externalCode_externalCode_"
                       maxRedirects="100"
                       name="GET_AdvancesInstallments_Advance_externalCode_Advance_externalCode_NonRecurringPayment_externalCode_NonRecurringPayment_externalCode_externalCode_externalCode_"
                       preemptiveAuth="true"
                       responseEncoding="">
                  <description>Get entity from AdvancesInstallments by key</description>
                  <input>
                     <parameter description="key: Advance_externalCode"
                                label="Advance_externalCodePathParam"
                                name="Advance_externalCodePathParam"
                                nogen="true"
                                required="true"
                                testWith=""
                                type="string"/>
                     <parameter description="key: NonRecurringPayment_externalCode"
                                label="NonRecurringPayment_externalCodePathParam"
                                name="NonRecurringPayment_externalCodePathParam"
                                nogen="true"
                                required="true"
                                testWith=""
                                type="string"/>
                     <parameter description="key: externalCode"
                                label="externalCodePathParam"
                                name="externalCodePathParam"
                                nogen="true"
                                required="true"
                                testWith=""
                                type="string"/>
                     <parameter description="Select properties to be returned, see [OData Select](http://docs.oasis-open.org/odata/odata/v4.0/odata-v4.0-part1-protocol.html#_Toc445374620)"
                                label="$select"
                                name="$select"
                                required="false"
                                testWith=""
                                type="picklist">
                        <options>
                           <option name="values">[{"value":"Advance_externalCode","label":"Advance_externalCode"},{"value":"NonRecurringPayment_externalCode","label":"NonRecurringPayment_externalCode"},{"value":"amortization","label":"amortization"},{"value":"amortizationTotal","label":"amortizationTotal"},{"value":"balanceRemaining","label":"balanceRemaining"},{"value":"createdBy","label":"createdBy"},{"value":"createdDateTime","label":"createdDateTime"},{"value":"currency","label":"currency"},{"value":"currencyGO","label":"currencyGO"},{"value":"effectiveStatus","label":"effectiveStatus"},{"value":"externalCode","label":"externalCode"},{"value":"installmentAmount","label":"installmentAmount"},{"value":"installmentStatus","label":"installmentStatus"},{"value":"interestAmount","label":"interestAmount"},{"value":"lastModifiedBy","label":"lastModifiedBy"},{"value":"lastModifiedDateTime","label":"lastModifiedDateTime"},{"value":"mdfSystemCreatedBy","label":"mdfSystemCreatedBy"},{"value":"mdfSystemCreatedDate","label":"mdfSystemCreatedDate"},{"value":"mdfSystemEffectiveEndDate","label":"mdfSystemEffectiveEndDate"},{"value":"mdfSystemEffectiveStartDate","label":"mdfSystemEffectiveStartDate"},{"value":"mdfSystemEntityId","label":"mdfSystemEntityId"},{"value":"mdfSystemLastModifiedBy","label":"mdfSystemLastModifiedBy"},{"value":"mdfSystemLastModifiedDate","label":"mdfSystemLastModifiedDate"},{"value":"mdfSystemLastModifiedDateWithTZ","label":"mdfSystemLastModifiedDateWithTZ"},{"value":"mdfSystemObjectType","label":"mdfSystemObjectType"},{"value":"mdfSystemRecordId","label":"mdfSystemRecordId"},{"value":"mdfSystemRecordStatus","label":"mdfSystemRecordStatus"},{"value":"mdfSystemTransactionSequence","label":"mdfSystemTransactionSequence"},{"value":"mdfSystemVersionId","label":"mdfSystemVersionId"},{"value":"paymentDate","label":"paymentDate"}]</option>
                        </options>
                     </parameter>
                  </input>
                  <binding>
                     <restSimpleBinding multiUsing="semicolonSeparated"
                                        url="https://{$hostName}/successfactors/odata/v2/AdvancesInstallments(Advance_externalCode='{$Advance_externalCodePathParam}',NonRecurringPayment_externalCode='{$NonRecurringPayment_externalCodePathParam}',externalCode='{$externalCodePathParam}')"
                                        verb="GET">
                        <authentication>
                           <username>{$username}</username>
                           <password>{$password}</password>
                           <isExpressionInPassword>true</isExpressionInPassword>
                        </authentication>
                        <httpHeaders>
                           <header name="Content-Type">application/json</header>
                           <header name="Accept">application/json</header>
                        </httpHeaders>
                     </restSimpleBinding>
                  </binding>
                  <output>
                     <field description="Retrieved entity"
                            entireResponse="true"
                            name="entireResponse"
                            type="object"/>
                  </output>
               </action>
               <action category="AdvancesEligibility"
                       failOnError="true"
                       forSearch="false"
                       label="GET_AdvancesEligibility"
                       maxRedirects="100"
                       name="GET_AdvancesEligibility"
                       preemptiveAuth="true"
                       responseEncoding="">
                  <description>Get entities from AdvancesEligibility</description>
                  <input>
                     <parameter description="Show only the first n items, see [OData Paging - Top](http://docs.oasis-open.org/odata/odata/v4.0/odata-v4.0-part1-protocol.html#_Toc445374630)"
                                label="$top"
                                name="$top"
                                required="false"
                                testWith=""
                                type="int"/>
                     <parameter description="Skip the first n items, see [OData Paging - Skip](http://docs.oasis-open.org/odata/odata/v4.0/odata-v4.0-part1-protocol.html#_Toc445374631)"
                                label="$skip"
                                name="$skip"
                                required="false"
                                testWith=""
                                type="int"/>
                     <parameter description="Search items by search phrases, see [OData Searching](http://docs.oasis-open.org/odata/odata/v4.0/odata-v4.0-part1-protocol.html#_Toc445374633)"
                                label="$search"
                                name="$search"
                                required="false"
                                testWith=""
                                type="string"/>
                     <parameter description="Filter items by property values, see [OData Filtering](http://docs.oasis-open.org/odata/odata/v4.0/odata-v4.0-part1-protocol.html#_Toc445374625)"
                                label="$filter"
                                name="$filter"
                                required="false"
                                testWith=""
                                type="string"/>
                     <parameter description="Include count of items, see [OData Count](http://docs.oasis-open.org/odata/odata/v4.0/odata-v4.0-part1-protocol.html#_Toc445374632)"
                                label="$count"
                                name="$count"
                                required="false"
                                testWith=""
                                type="boolean"/>
                     <parameter description="Order items by property values, see [OData Sorting](http://docs.oasis-open.org/odata/odata/v4.0/odata-v4.0-part1-protocol.html#_Toc445374629)"
                                label="$orderby"
                                name="$orderby"
                                required="false"
                                testWith=""
                                type="picklist">
                        <options>
                           <option name="values">[{"value":"advanceType","label":"advanceType"},{"value":"advanceType desc","label":"advanceType desc"},{"value":"basePayComponent","label":"basePayComponent"},{"value":"basePayComponent desc","label":"basePayComponent desc"},{"value":"basePayComponentGroup","label":"basePayComponentGroup"},{"value":"basePayComponentGroup desc","label":"basePayComponentGroup desc"},{"value":"calculationPercentageOn","label":"calculationPercentageOn"},{"value":"calculationPercentageOn desc","label":"calculationPercentageOn desc"},{"value":"company","label":"company"},{"value":"company desc","label":"company desc"},{"value":"createdBy","label":"createdBy"},{"value":"createdBy desc","label":"createdBy desc"},{"value":"createdDateTime","label":"createdDateTime"},{"value":"createdDateTime desc","label":"createdDateTime desc"},{"value":"currency","label":"currency"},{"value":"currency desc","label":"currency desc"},{"value":"currencyGO","label":"currencyGO"},{"value":"currencyGO desc","label":"currencyGO desc"},{"value":"dayOfDeduction","label":"dayOfDeduction"},{"value":"dayOfDeduction desc","label":"dayOfDeduction desc"},{"value":"deductionDateFormat","label":"deductionDateFormat"},{"value":"deductionDateFormat desc","label":"deductionDateFormat desc"},{"value":"deductionPayCompOTD","label":"deductionPayCompOTD"},{"value":"deductionPayCompOTD desc","label":"deductionPayCompOTD desc"},{"value":"deductionPayCompRD","label":"deductionPayCompRD"},{"value":"deductionPayCompRD desc","label":"deductionPayCompRD desc"},{"value":"defaultWorkflow","label":"defaultWorkflow"},{"value":"defaultWorkflow desc","label":"defaultWorkflow desc"},{"value":"department","label":"department"},{"value":"department desc","label":"department desc"},{"value":"effectiveEndDate","label":"effectiveEndDate"},{"value":"effectiveEndDate desc","label":"effectiveEndDate desc"},{"value":"effectiveStartDate","label":"effectiveStartDate"},{"value":"effectiveStartDate desc","label":"effectiveStartDate desc"},{"value":"effectiveStatus","label":"effectiveStatus"},{"value":"effectiveStatus desc","label":"effectiveStatus desc"},{"value":"eligibilityAmount","label":"eligibilityAmount"},{"value":"eligibilityAmount desc","label":"eligibilityAmount desc"},{"value":"enableAutoRecovery","label":"enableAutoRecovery"},{"value":"enableAutoRecovery desc","label":"enableAutoRecovery desc"},{"value":"exceptionForNumberOfInstallments","label":"exceptionForNumberOfInstallments"},{"value":"exceptionForNumberOfInstallments desc","label":"exceptionForNumberOfInstallments desc"},{"value":"exceptionForRequestedAmount","label":"exceptionForRequestedAmount"},{"value":"exceptionForRequestedAmount desc","label":"exceptionForRequestedAmount desc"},{"value":"exceptionWorkflow","label":"exceptionWorkflow"},{"value":"exceptionWorkflow desc","label":"exceptionWorkflow desc"},{"value":"externalCode","label":"externalCode"},{"value":"externalCode desc","label":"externalCode desc"},{"value":"externalName","label":"externalName"},{"value":"externalName desc","label":"externalName desc"},{"value":"firstOccurenceStartDate","label":"firstOccurenceStartDate"},{"value":"firstOccurenceStartDate desc","label":"firstOccurenceStartDate desc"},{"value":"installmentAmount","label":"installmentAmount"},{"value":"installmentAmount desc","label":"installmentAmount desc"},{"value":"installmentFrequency","label":"installmentFrequency"},{"value":"installmentFrequency desc","label":"installmentFrequency desc"},{"value":"interestRate","label":"interestRate"},{"value":"interestRate desc","label":"interestRate desc"},{"value":"interestType","label":"interestType"},{"value":"interestType desc","label":"interestType desc"},{"value":"lastModifiedBy","label":"lastModifiedBy"},{"value":"lastModifiedBy desc","label":"lastModifiedBy desc"},{"value":"lastModifiedDateTime","label":"lastModifiedDateTime"},{"value":"lastModifiedDateTime desc","label":"lastModifiedDateTime desc"},{"value":"maximumEligibilityAmount","label":"maximumEligibilityAmount"},{"value":"maximumEligibilityAmount desc","label":"maximumEligibilityAmount desc"},{"value":"mdfSystemCreatedBy","label":"mdfSystemCreatedBy"},{"value":"mdfSystemCreatedBy desc","label":"mdfSystemCreatedBy desc"},{"value":"mdfSystemCreatedDate","label":"mdfSystemCreatedDate"},{"value":"mdfSystemCreatedDate desc","label":"mdfSystemCreatedDate desc"},{"value":"mdfSystemEntityId","label":"mdfSystemEntityId"},{"value":"mdfSystemEntityId desc","label":"mdfSystemEntityId desc"},{"value":"mdfSystemLastModifiedBy","label":"mdfSystemLastModifiedBy"},{"value":"mdfSystemLastModifiedBy desc","label":"mdfSystemLastModifiedBy desc"},{"value":"mdfSystemLastModifiedDate","label":"mdfSystemLastModifiedDate"},{"value":"mdfSystemLastModifiedDate desc","label":"mdfSystemLastModifiedDate desc"},{"value":"mdfSystemLastModifiedDateWithTZ","label":"mdfSystemLastModifiedDateWithTZ"},{"value":"mdfSystemLastModifiedDateWithTZ desc","label":"mdfSystemLastModifiedDateWithTZ desc"},{"value":"mdfSystemObjectType","label":"mdfSystemObjectType"},{"value":"mdfSystemObjectType desc","label":"mdfSystemObjectType desc"},{"value":"mdfSystemRecordId","label":"mdfSystemRecordId"},{"value":"mdfSystemRecordId desc","label":"mdfSystemRecordId desc"},{"value":"mdfSystemRecordStatus","label":"mdfSystemRecordStatus"},{"value":"mdfSystemRecordStatus desc","label":"mdfSystemRecordStatus desc"},{"value":"mdfSystemTransactionSequence","label":"mdfSystemTransactionSequence"},{"value":"mdfSystemTransactionSequence desc","label":"mdfSystemTransactionSequence desc"},{"value":"mdfSystemVersionId","label":"mdfSystemVersionId"},{"value":"mdfSystemVersionId desc","label":"mdfSystemVersionId desc"},{"value":"monthDate","label":"monthDate"},{"value":"monthDate desc","label":"monthDate desc"},{"value":"numberOfInstallments","label":"numberOfInstallments"},{"value":"numberOfInstallments desc","label":"numberOfInstallments desc"},{"value":"numberOfInstallmentsEditableByEmployee","label":"numberOfInstallmentsEditableByEmployee"},{"value":"numberOfInstallmentsEditableByEmployee desc","label":"numberOfInstallmentsEditableByEmployee desc"},{"value":"numberOfOccurences","label":"numberOfOccurences"},{"value":"numberOfOccurences desc","label":"numberOfOccurences desc"},{"value":"occuranceOfDay","label":"occuranceOfDay"},{"value":"occuranceOfDay desc","label":"occuranceOfDay desc"},{"value":"payComponentType","label":"payComponentType"},{"value":"payComponentType desc","label":"payComponentType desc"},{"value":"paygrade","label":"paygrade"},{"value":"paygrade desc","label":"paygrade desc"},{"value":"periodEndDate","label":"periodEndDate"},{"value":"periodEndDate desc","label":"periodEndDate desc"},{"value":"periodStartDate","label":"periodStartDate"},{"value":"periodStartDate desc","label":"periodStartDate desc"},{"value":"recoveryMode","label":"recoveryMode"},{"value":"recoveryMode desc","label":"recoveryMode desc"},{"value":"recoveryModeEditableByEmployee","label":"recoveryModeEditableByEmployee"},{"value":"recoveryModeEditableByEmployee desc","label":"recoveryModeEditableByEmployee desc"},{"value":"unitOfPeriod","label":"unitOfPeriod"},{"value":"unitOfPeriod desc","label":"unitOfPeriod desc"},{"value":"validityPeriod","label":"validityPeriod"},{"value":"validityPeriod desc","label":"validityPeriod desc"}]</option>
                        </options>
                     </parameter>
                     <parameter description="Select properties to be returned, see [OData Select](http://docs.oasis-open.org/odata/odata/v4.0/odata-v4.0-part1-protocol.html#_Toc445374620)"
                                label="$select"
                                name="$select"
                                required="false"
                                testWith=""
                                type="picklist">
                        <options>
                           <option name="values">[{"value":"advanceType","label":"advanceType"},{"value":"basePayComponent","label":"basePayComponent"},{"value":"basePayComponentGroup","label":"basePayComponentGroup"},{"value":"calculationPercentageOn","label":"calculationPercentageOn"},{"value":"company","label":"company"},{"value":"createdBy","label":"createdBy"},{"value":"createdDateTime","label":"createdDateTime"},{"value":"currency","label":"currency"},{"value":"currencyGO","label":"currencyGO"},{"value":"dayOfDeduction","label":"dayOfDeduction"},{"value":"deductionDateFormat","label":"deductionDateFormat"},{"value":"deductionPayCompOTD","label":"deductionPayCompOTD"},{"value":"deductionPayCompRD","label":"deductionPayCompRD"},{"value":"defaultWorkflow","label":"defaultWorkflow"},{"value":"department","label":"department"},{"value":"effectiveEndDate","label":"effectiveEndDate"},{"value":"effectiveStartDate","label":"effectiveStartDate"},{"value":"effectiveStatus","label":"effectiveStatus"},{"value":"eligibilityAmount","label":"eligibilityAmount"},{"value":"enableAutoRecovery","label":"enableAutoRecovery"},{"value":"exceptionForNumberOfInstallments","label":"exceptionForNumberOfInstallments"},{"value":"exceptionForRequestedAmount","label":"exceptionForRequestedAmount"},{"value":"exceptionWorkflow","label":"exceptionWorkflow"},{"value":"externalCode","label":"externalCode"},{"value":"externalName","label":"externalName"},{"value":"firstOccurenceStartDate","label":"firstOccurenceStartDate"},{"value":"installmentAmount","label":"installmentAmount"},{"value":"installmentFrequency","label":"installmentFrequency"},{"value":"interestRate","label":"interestRate"},{"value":"interestType","label":"interestType"},{"value":"lastModifiedBy","label":"lastModifiedBy"},{"value":"lastModifiedDateTime","label":"lastModifiedDateTime"},{"value":"maximumEligibilityAmount","label":"maximumEligibilityAmount"},{"value":"mdfSystemCreatedBy","label":"mdfSystemCreatedBy"},{"value":"mdfSystemCreatedDate","label":"mdfSystemCreatedDate"},{"value":"mdfSystemEntityId","label":"mdfSystemEntityId"},{"value":"mdfSystemLastModifiedBy","label":"mdfSystemLastModifiedBy"},{"value":"mdfSystemLastModifiedDate","label":"mdfSystemLastModifiedDate"},{"value":"mdfSystemLastModifiedDateWithTZ","label":"mdfSystemLastModifiedDateWithTZ"},{"value":"mdfSystemObjectType","label":"mdfSystemObjectType"},{"value":"mdfSystemRecordId","label":"mdfSystemRecordId"},{"value":"mdfSystemRecordStatus","label":"mdfSystemRecordStatus"},{"value":"mdfSystemTransactionSequence","label":"mdfSystemTransactionSequence"},{"value":"mdfSystemVersionId","label":"mdfSystemVersionId"},{"value":"monthDate","label":"monthDate"},{"value":"numberOfInstallments","label":"numberOfInstallments"},{"value":"numberOfInstallmentsEditableByEmployee","label":"numberOfInstallmentsEditableByEmployee"},{"value":"numberOfOccurences","label":"numberOfOccurences"},{"value":"occuranceOfDay","label":"occuranceOfDay"},{"value":"payComponentType","label":"payComponentType"},{"value":"paygrade","label":"paygrade"},{"value":"periodEndDate","label":"periodEndDate"},{"value":"periodStartDate","label":"periodStartDate"},{"value":"recoveryMode","label":"recoveryMode"},{"value":"recoveryModeEditableByEmployee","label":"recoveryModeEditableByEmployee"},{"value":"unitOfPeriod","label":"unitOfPeriod"},{"value":"validityPeriod","label":"validityPeriod"}]</option>
                        </options>
                     </parameter>
                  </input>
                  <binding>
                     <restSimpleBinding multiUsing="semicolonSeparated"
                                        url="https://{$hostName}/successfactors/odata/v2/AdvancesEligibility"
                                        verb="GET">
                        <authentication>
                           <username>{$username}</username>
                           <password>{$password}</password>
                           <isExpressionInPassword>true</isExpressionInPassword>
                        </authentication>
                        <httpHeaders>
                           <header name="Content-Type">application/json</header>
                           <header name="Accept">application/json</header>
                        </httpHeaders>
                     </restSimpleBinding>
                  </binding>
                  <output>
                     <field description="Retrieved entities"
                            entireResponse="true"
                            name="entireResponse"
                            type="object"/>
                  </output>
               </action>
               <action category="AdvancesAccumulation"
                       failOnError="true"
                       forSearch="false"
                       label="GET_AdvancesAccumulation_externalCode_"
                       maxRedirects="100"
                       name="GET_AdvancesAccumulation_externalCode_"
                       preemptiveAuth="true"
                       responseEncoding="">
                  <description>Get entity from AdvancesAccumulation by key</description>
                  <input>
                     <parameter description="key: externalCode"
                                label="externalCodePathParam"
                                name="externalCodePathParam"
                                nogen="true"
                                required="true"
                                testWith=""
                                type="string"/>
                     <parameter description="Select properties to be returned, see [OData Select](http://docs.oasis-open.org/odata/odata/v4.0/odata-v4.0-part1-protocol.html#_Toc445374620)"
                                label="$select"
                                name="$select"
                                required="false"
                                testWith=""
                                type="picklist">
                        <options>
                           <option name="values">[{"value":"accumulatedAmount","label":"accumulatedAmount"},{"value":"advanceType","label":"advanceType"},{"value":"createdBy","label":"createdBy"},{"value":"createdDate","label":"createdDate"},{"value":"createdDateTime","label":"createdDateTime"},{"value":"currency","label":"currency"},{"value":"currencyGO","label":"currencyGO"},{"value":"externalCode","label":"externalCode"},{"value":"lastModifiedBy","label":"lastModifiedBy"},{"value":"lastModifiedDate","label":"lastModifiedDate"},{"value":"lastModifiedDateTime","label":"lastModifiedDateTime"},{"value":"lastModifiedDateWithTZ","label":"lastModifiedDateWithTZ"},{"value":"mdfSystemEffectiveEndDate","label":"mdfSystemEffectiveEndDate"},{"value":"mdfSystemEffectiveStartDate","label":"mdfSystemEffectiveStartDate"},{"value":"mdfSystemEntityId","label":"mdfSystemEntityId"},{"value":"mdfSystemObjectType","label":"mdfSystemObjectType"},{"value":"mdfSystemRecordId","label":"mdfSystemRecordId"},{"value":"mdfSystemRecordStatus","label":"mdfSystemRecordStatus"},{"value":"mdfSystemStatus","label":"mdfSystemStatus"},{"value":"mdfSystemTransactionSequence","label":"mdfSystemTransactionSequence"},{"value":"mdfSystemVersionId","label":"mdfSystemVersionId"},{"value":"numberOfOccurances","label":"numberOfOccurances"},{"value":"periodEndDate","label":"periodEndDate"},{"value":"periodStartDate","label":"periodStartDate"},{"value":"remainingEligibleAmount","label":"remainingEligibleAmount"},{"value":"remainingNumberOfOccurances","label":"remainingNumberOfOccurances"},{"value":"userSysId","label":"userSysId"}]</option>
                        </options>
                     </parameter>
                  </input>
                  <binding>
                     <restSimpleBinding multiUsing="semicolonSeparated"
                                        url="https://{$hostName}/successfactors/odata/v2/AdvancesAccumulation('{$externalCodePathParam}')"
                                        verb="GET">
                        <authentication>
                           <username>{$username}</username>
                           <password>{$password}</password>
                           <isExpressionInPassword>true</isExpressionInPassword>
                        </authentication>
                        <httpHeaders>
                           <header name="Content-Type">application/json</header>
                           <header name="Accept">application/json</header>
                        </httpHeaders>
                     </restSimpleBinding>
                  </binding>
                  <output>
                     <field description="Retrieved entity"
                            entireResponse="true"
                            name="entireResponse"
                            type="object"/>
                  </output>
               </action>
               <action category="AdvancesInstallments"
                       failOnError="true"
                       forSearch="false"
                       label="GET_AdvancesInstallments"
                       maxRedirects="100"
                       name="GET_AdvancesInstallments"
                       preemptiveAuth="true"
                       responseEncoding="">
                  <description>Get entities from AdvancesInstallments</description>
                  <input>
                     <parameter description="Show only the first n items, see [OData Paging - Top](http://docs.oasis-open.org/odata/odata/v4.0/odata-v4.0-part1-protocol.html#_Toc445374630)"
                                label="$top"
                                name="$top"
                                required="false"
                                testWith=""
                                type="int"/>
                     <parameter description="Skip the first n items, see [OData Paging - Skip](http://docs.oasis-open.org/odata/odata/v4.0/odata-v4.0-part1-protocol.html#_Toc445374631)"
                                label="$skip"
                                name="$skip"
                                required="false"
                                testWith=""
                                type="int"/>
                     <parameter description="Search items by search phrases, see [OData Searching](http://docs.oasis-open.org/odata/odata/v4.0/odata-v4.0-part1-protocol.html#_Toc445374633)"
                                label="$search"
                                name="$search"
                                required="false"
                                testWith=""
                                type="string"/>
                     <parameter description="Filter items by property values, see [OData Filtering](http://docs.oasis-open.org/odata/odata/v4.0/odata-v4.0-part1-protocol.html#_Toc445374625)"
                                label="$filter"
                                name="$filter"
                                required="false"
                                testWith=""
                                type="string"/>
                     <parameter description="Include count of items, see [OData Count](http://docs.oasis-open.org/odata/odata/v4.0/odata-v4.0-part1-protocol.html#_Toc445374632)"
                                label="$count"
                                name="$count"
                                required="false"
                                testWith=""
                                type="boolean"/>
                     <parameter description="Order items by property values, see [OData Sorting](http://docs.oasis-open.org/odata/odata/v4.0/odata-v4.0-part1-protocol.html#_Toc445374629)"
                                label="$orderby"
                                name="$orderby"
                                required="false"
                                testWith=""
                                type="picklist">
                        <options>
                           <option name="values">[{"value":"Advance_externalCode","label":"Advance_externalCode"},{"value":"Advance_externalCode desc","label":"Advance_externalCode desc"},{"value":"NonRecurringPayment_externalCode","label":"NonRecurringPayment_externalCode"},{"value":"NonRecurringPayment_externalCode desc","label":"NonRecurringPayment_externalCode desc"},{"value":"amortization","label":"amortization"},{"value":"amortization desc","label":"amortization desc"},{"value":"amortizationTotal","label":"amortizationTotal"},{"value":"amortizationTotal desc","label":"amortizationTotal desc"},{"value":"balanceRemaining","label":"balanceRemaining"},{"value":"balanceRemaining desc","label":"balanceRemaining desc"},{"value":"createdBy","label":"createdBy"},{"value":"createdBy desc","label":"createdBy desc"},{"value":"createdDateTime","label":"createdDateTime"},{"value":"createdDateTime desc","label":"createdDateTime desc"},{"value":"currency","label":"currency"},{"value":"currency desc","label":"currency desc"},{"value":"currencyGO","label":"currencyGO"},{"value":"currencyGO desc","label":"currencyGO desc"},{"value":"effectiveStatus","label":"effectiveStatus"},{"value":"effectiveStatus desc","label":"effectiveStatus desc"},{"value":"externalCode","label":"externalCode"},{"value":"externalCode desc","label":"externalCode desc"},{"value":"installmentAmount","label":"installmentAmount"},{"value":"installmentAmount desc","label":"installmentAmount desc"},{"value":"installmentStatus","label":"installmentStatus"},{"value":"installmentStatus desc","label":"installmentStatus desc"},{"value":"interestAmount","label":"interestAmount"},{"value":"interestAmount desc","label":"interestAmount desc"},{"value":"lastModifiedBy","label":"lastModifiedBy"},{"value":"lastModifiedBy desc","label":"lastModifiedBy desc"},{"value":"lastModifiedDateTime","label":"lastModifiedDateTime"},{"value":"lastModifiedDateTime desc","label":"lastModifiedDateTime desc"},{"value":"mdfSystemCreatedBy","label":"mdfSystemCreatedBy"},{"value":"mdfSystemCreatedBy desc","label":"mdfSystemCreatedBy desc"},{"value":"mdfSystemCreatedDate","label":"mdfSystemCreatedDate"},{"value":"mdfSystemCreatedDate desc","label":"mdfSystemCreatedDate desc"},{"value":"mdfSystemEffectiveEndDate","label":"mdfSystemEffectiveEndDate"},{"value":"mdfSystemEffectiveEndDate desc","label":"mdfSystemEffectiveEndDate desc"},{"value":"mdfSystemEffectiveStartDate","label":"mdfSystemEffectiveStartDate"},{"value":"mdfSystemEffectiveStartDate desc","label":"mdfSystemEffectiveStartDate desc"},{"value":"mdfSystemEntityId","label":"mdfSystemEntityId"},{"value":"mdfSystemEntityId desc","label":"mdfSystemEntityId desc"},{"value":"mdfSystemLastModifiedBy","label":"mdfSystemLastModifiedBy"},{"value":"mdfSystemLastModifiedBy desc","label":"mdfSystemLastModifiedBy desc"},{"value":"mdfSystemLastModifiedDate","label":"mdfSystemLastModifiedDate"},{"value":"mdfSystemLastModifiedDate desc","label":"mdfSystemLastModifiedDate desc"},{"value":"mdfSystemLastModifiedDateWithTZ","label":"mdfSystemLastModifiedDateWithTZ"},{"value":"mdfSystemLastModifiedDateWithTZ desc","label":"mdfSystemLastModifiedDateWithTZ desc"},{"value":"mdfSystemObjectType","label":"mdfSystemObjectType"},{"value":"mdfSystemObjectType desc","label":"mdfSystemObjectType desc"},{"value":"mdfSystemRecordId","label":"mdfSystemRecordId"},{"value":"mdfSystemRecordId desc","label":"mdfSystemRecordId desc"},{"value":"mdfSystemRecordStatus","label":"mdfSystemRecordStatus"},{"value":"mdfSystemRecordStatus desc","label":"mdfSystemRecordStatus desc"},{"value":"mdfSystemTransactionSequence","label":"mdfSystemTransactionSequence"},{"value":"mdfSystemTransactionSequence desc","label":"mdfSystemTransactionSequence desc"},{"value":"mdfSystemVersionId","label":"mdfSystemVersionId"},{"value":"mdfSystemVersionId desc","label":"mdfSystemVersionId desc"},{"value":"paymentDate","label":"paymentDate"},{"value":"paymentDate desc","label":"paymentDate desc"}]</option>
                        </options>
                     </parameter>
                     <parameter description="Select properties to be returned, see [OData Select](http://docs.oasis-open.org/odata/odata/v4.0/odata-v4.0-part1-protocol.html#_Toc445374620)"
                                label="$select"
                                name="$select"
                                required="false"
                                testWith=""
                                type="picklist">
                        <options>
                           <option name="values">[{"value":"Advance_externalCode","label":"Advance_externalCode"},{"value":"NonRecurringPayment_externalCode","label":"NonRecurringPayment_externalCode"},{"value":"amortization","label":"amortization"},{"value":"amortizationTotal","label":"amortizationTotal"},{"value":"balanceRemaining","label":"balanceRemaining"},{"value":"createdBy","label":"createdBy"},{"value":"createdDateTime","label":"createdDateTime"},{"value":"currency","label":"currency"},{"value":"currencyGO","label":"currencyGO"},{"value":"effectiveStatus","label":"effectiveStatus"},{"value":"externalCode","label":"externalCode"},{"value":"installmentAmount","label":"installmentAmount"},{"value":"installmentStatus","label":"installmentStatus"},{"value":"interestAmount","label":"interestAmount"},{"value":"lastModifiedBy","label":"lastModifiedBy"},{"value":"lastModifiedDateTime","label":"lastModifiedDateTime"},{"value":"mdfSystemCreatedBy","label":"mdfSystemCreatedBy"},{"value":"mdfSystemCreatedDate","label":"mdfSystemCreatedDate"},{"value":"mdfSystemEffectiveEndDate","label":"mdfSystemEffectiveEndDate"},{"value":"mdfSystemEffectiveStartDate","label":"mdfSystemEffectiveStartDate"},{"value":"mdfSystemEntityId","label":"mdfSystemEntityId"},{"value":"mdfSystemLastModifiedBy","label":"mdfSystemLastModifiedBy"},{"value":"mdfSystemLastModifiedDate","label":"mdfSystemLastModifiedDate"},{"value":"mdfSystemLastModifiedDateWithTZ","label":"mdfSystemLastModifiedDateWithTZ"},{"value":"mdfSystemObjectType","label":"mdfSystemObjectType"},{"value":"mdfSystemRecordId","label":"mdfSystemRecordId"},{"value":"mdfSystemRecordStatus","label":"mdfSystemRecordStatus"},{"value":"mdfSystemTransactionSequence","label":"mdfSystemTransactionSequence"},{"value":"mdfSystemVersionId","label":"mdfSystemVersionId"},{"value":"paymentDate","label":"paymentDate"}]</option>
                        </options>
                     </parameter>
                  </input>
                  <binding>
                     <restSimpleBinding multiUsing="semicolonSeparated"
                                        url="https://{$hostName}/successfactors/odata/v2/AdvancesInstallments"
                                        verb="GET">
                        <authentication>
                           <username>{$username}</username>
                           <password>{$password}</password>
                           <isExpressionInPassword>true</isExpressionInPassword>
                        </authentication>
                        <httpHeaders>
                           <header name="Content-Type">application/json</header>
                           <header name="Accept">application/json</header>
                        </httpHeaders>
                     </restSimpleBinding>
                  </binding>
                  <output>
                     <field description="Retrieved entities"
                            entireResponse="true"
                            name="entireResponse"
                            type="object"/>
                  </output>
               </action>
               <action category="Advance"
                       failOnError="true"
                       forSearch="false"
                       label="GET_Advance"
                       maxRedirects="100"
                       name="GET_Advance"
                       preemptiveAuth="true"
                       responseEncoding="">
                  <description>Get entities from Advance</description>
                  <input>
                     <parameter description="Show only the first n items, see [OData Paging - Top](http://docs.oasis-open.org/odata/odata/v4.0/odata-v4.0-part1-protocol.html#_Toc445374630)"
                                label="$top"
                                name="$top"
                                required="false"
                                testWith=""
                                type="int"/>
                     <parameter description="Skip the first n items, see [OData Paging - Skip](http://docs.oasis-open.org/odata/odata/v4.0/odata-v4.0-part1-protocol.html#_Toc445374631)"
                                label="$skip"
                                name="$skip"
                                required="false"
                                testWith=""
                                type="int"/>
                     <parameter description="Search items by search phrases, see [OData Searching](http://docs.oasis-open.org/odata/odata/v4.0/odata-v4.0-part1-protocol.html#_Toc445374633)"
                                label="$search"
                                name="$search"
                                required="false"
                                testWith=""
                                type="string"/>
                     <parameter description="Filter items by property values, see [OData Filtering](http://docs.oasis-open.org/odata/odata/v4.0/odata-v4.0-part1-protocol.html#_Toc445374625)"
                                label="$filter"
                                name="$filter"
                                required="false"
                                testWith=""
                                type="string"/>
                     <parameter description="Include count of items, see [OData Count](http://docs.oasis-open.org/odata/odata/v4.0/odata-v4.0-part1-protocol.html#_Toc445374632)"
                                label="$count"
                                name="$count"
                                required="false"
                                testWith=""
                                type="boolean"/>
                     <parameter description="Order items by property values, see [OData Sorting](http://docs.oasis-open.org/odata/odata/v4.0/odata-v4.0-part1-protocol.html#_Toc445374629)"
                                label="$orderby"
                                name="$orderby"
                                required="false"
                                testWith=""
                                type="picklist">
                        <options>
                           <option name="values">[{"value":"NonRecurringPayment_externalCode","label":"NonRecurringPayment_externalCode"},{"value":"NonRecurringPayment_externalCode desc","label":"NonRecurringPayment_externalCode desc"},{"value":"advanceEligibilityCode","label":"advanceEligibilityCode"},{"value":"advanceEligibilityCode desc","label":"advanceEligibilityCode desc"},{"value":"advanceType","label":"advanceType"},{"value":"advanceType desc","label":"advanceType desc"},{"value":"approvalStatus","label":"approvalStatus"},{"value":"approvalStatus desc","label":"approvalStatus desc"},{"value":"approver","label":"approver"},{"value":"approver desc","label":"approver desc"},{"value":"createdBy","label":"createdBy"},{"value":"createdBy desc","label":"createdBy desc"},{"value":"createdDate","label":"createdDate"},{"value":"createdDate desc","label":"createdDate desc"},{"value":"createdDateTime","label":"createdDateTime"},{"value":"createdDateTime desc","label":"createdDateTime desc"},{"value":"currencyCode","label":"currencyCode"},{"value":"currencyCode desc","label":"currencyCode desc"},{"value":"currencyGO","label":"currencyGO"},{"value":"currencyGO desc","label":"currencyGO desc"},{"value":"eligibileAmount","label":"eligibileAmount"},{"value":"eligibileAmount desc","label":"eligibileAmount desc"},{"value":"eligibilityAmount","label":"eligibilityAmount"},{"value":"eligibilityAmount desc","label":"eligibilityAmount desc"},{"value":"eligibleAdvanceType","label":"eligibleAdvanceType"},{"value":"eligibleAdvanceType desc","label":"eligibleAdvanceType desc"},{"value":"externalCode","label":"externalCode"},{"value":"externalCode desc","label":"externalCode desc"},{"value":"installmentAmount","label":"installmentAmount"},{"value":"installmentAmount desc","label":"installmentAmount desc"},{"value":"installmentFrequency","label":"installmentFrequency"},{"value":"installmentFrequency desc","label":"installmentFrequency desc"},{"value":"interestRate","label":"interestRate"},{"value":"interestRate desc","label":"interestRate desc"},{"value":"interestType","label":"interestType"},{"value":"interestType desc","label":"interestType desc"},{"value":"lastModifiedBy","label":"lastModifiedBy"},{"value":"lastModifiedBy desc","label":"lastModifiedBy desc"},{"value":"lastModifiedDate","label":"lastModifiedDate"},{"value":"lastModifiedDate desc","label":"lastModifiedDate desc"},{"value":"lastModifiedDateTime","label":"lastModifiedDateTime"},{"value":"lastModifiedDateTime desc","label":"lastModifiedDateTime desc"},{"value":"lastModifiedDateWithTZ","label":"lastModifiedDateWithTZ"},{"value":"lastModifiedDateWithTZ desc","label":"lastModifiedDateWithTZ desc"},{"value":"mdfSystemEffectiveEndDate","label":"mdfSystemEffectiveEndDate"},{"value":"mdfSystemEffectiveEndDate desc","label":"mdfSystemEffectiveEndDate desc"},{"value":"mdfSystemEffectiveStartDate","label":"mdfSystemEffectiveStartDate"},{"value":"mdfSystemEffectiveStartDate desc","label":"mdfSystemEffectiveStartDate desc"},{"value":"mdfSystemEntityId","label":"mdfSystemEntityId"},{"value":"mdfSystemEntityId desc","label":"mdfSystemEntityId desc"},{"value":"mdfSystemObjectType","label":"mdfSystemObjectType"},{"value":"mdfSystemObjectType desc","label":"mdfSystemObjectType desc"},{"value":"mdfSystemRecordId","label":"mdfSystemRecordId"},{"value":"mdfSystemRecordId desc","label":"mdfSystemRecordId desc"},{"value":"mdfSystemRecordStatus","label":"mdfSystemRecordStatus"},{"value":"mdfSystemRecordStatus desc","label":"mdfSystemRecordStatus desc"},{"value":"mdfSystemStatus","label":"mdfSystemStatus"},{"value":"mdfSystemStatus desc","label":"mdfSystemStatus desc"},{"value":"mdfSystemTransactionSequence","label":"mdfSystemTransactionSequence"},{"value":"mdfSystemTransactionSequence desc","label":"mdfSystemTransactionSequence desc"},{"value":"mdfSystemVersionId","label":"mdfSystemVersionId"},{"value":"mdfSystemVersionId desc","label":"mdfSystemVersionId desc"},{"value":"notesForApprover","label":"notesForApprover"},{"value":"notesForApprover desc","label":"notesForApprover desc"},{"value":"numberOfInstallments","label":"numberOfInstallments"},{"value":"numberOfInstallments desc","label":"numberOfInstallments desc"},{"value":"paymentMode","label":"paymentMode"},{"value":"paymentMode desc","label":"paymentMode desc"},{"value":"pendingAmount","label":"pendingAmount"},{"value":"pendingAmount desc","label":"pendingAmount desc"},{"value":"periodEndDate","label":"periodEndDate"},{"value":"periodEndDate desc","label":"periodEndDate desc"},{"value":"periodStartDate","label":"periodStartDate"},{"value":"periodStartDate desc","label":"periodStartDate desc"},{"value":"recoveryMode","label":"recoveryMode"},{"value":"recoveryMode desc","label":"recoveryMode desc"},{"value":"recoveryStatus","label":"recoveryStatus"},{"value":"recoveryStatus desc","label":"recoveryStatus desc"},{"value":"remainingRequests","label":"remainingRequests"},{"value":"remainingRequests desc","label":"remainingRequests desc"},{"value":"requestDate","label":"requestDate"},{"value":"requestDate desc","label":"requestDate desc"},{"value":"requestedAmount","label":"requestedAmount"},{"value":"requestedAmount desc","label":"requestedAmount desc"},{"value":"totalRepaymentAmount","label":"totalRepaymentAmount"},{"value":"totalRepaymentAmount desc","label":"totalRepaymentAmount desc"}]</option>
                        </options>
                     </parameter>
                     <parameter description="Select properties to be returned, see [OData Select](http://docs.oasis-open.org/odata/odata/v4.0/odata-v4.0-part1-protocol.html#_Toc445374620)"
                                label="$select"
                                name="$select"
                                required="false"
                                testWith=""
                                type="picklist">
                        <options>
                           <option name="values">[{"value":"NonRecurringPayment_externalCode","label":"NonRecurringPayment_externalCode"},{"value":"advanceEligibilityCode","label":"advanceEligibilityCode"},{"value":"advanceType","label":"advanceType"},{"value":"approvalStatus","label":"approvalStatus"},{"value":"approver","label":"approver"},{"value":"createdBy","label":"createdBy"},{"value":"createdDate","label":"createdDate"},{"value":"createdDateTime","label":"createdDateTime"},{"value":"currencyCode","label":"currencyCode"},{"value":"currencyGO","label":"currencyGO"},{"value":"eligibileAmount","label":"eligibileAmount"},{"value":"eligibilityAmount","label":"eligibilityAmount"},{"value":"eligibleAdvanceType","label":"eligibleAdvanceType"},{"value":"externalCode","label":"externalCode"},{"value":"installmentAmount","label":"installmentAmount"},{"value":"installmentFrequency","label":"installmentFrequency"},{"value":"interestRate","label":"interestRate"},{"value":"interestType","label":"interestType"},{"value":"lastModifiedBy","label":"lastModifiedBy"},{"value":"lastModifiedDate","label":"lastModifiedDate"},{"value":"lastModifiedDateTime","label":"lastModifiedDateTime"},{"value":"lastModifiedDateWithTZ","label":"lastModifiedDateWithTZ"},{"value":"mdfSystemEffectiveEndDate","label":"mdfSystemEffectiveEndDate"},{"value":"mdfSystemEffectiveStartDate","label":"mdfSystemEffectiveStartDate"},{"value":"mdfSystemEntityId","label":"mdfSystemEntityId"},{"value":"mdfSystemObjectType","label":"mdfSystemObjectType"},{"value":"mdfSystemRecordId","label":"mdfSystemRecordId"},{"value":"mdfSystemRecordStatus","label":"mdfSystemRecordStatus"},{"value":"mdfSystemStatus","label":"mdfSystemStatus"},{"value":"mdfSystemTransactionSequence","label":"mdfSystemTransactionSequence"},{"value":"mdfSystemVersionId","label":"mdfSystemVersionId"},{"value":"notesForApprover","label":"notesForApprover"},{"value":"numberOfInstallments","label":"numberOfInstallments"},{"value":"paymentMode","label":"paymentMode"},{"value":"pendingAmount","label":"pendingAmount"},{"value":"periodEndDate","label":"periodEndDate"},{"value":"periodStartDate","label":"periodStartDate"},{"value":"recoveryMode","label":"recoveryMode"},{"value":"recoveryStatus","label":"recoveryStatus"},{"value":"remainingRequests","label":"remainingRequests"},{"value":"requestDate","label":"requestDate"},{"value":"requestedAmount","label":"requestedAmount"},{"value":"totalRepaymentAmount","label":"totalRepaymentAmount"}]</option>
                        </options>
                     </parameter>
                     <parameter description="Expand related entities, see [OData Expand](http://docs.oasis-open.org/odata/odata/v4.0/odata-v4.0-part1-protocol.html#_Toc445374621)"
                                label="$expand"
                                name="$expand"
                                required="false"
                                testWith=""
                                type="picklist">
                        <options>
                           <option name="values">[{"value":"*","label":"*"},{"value":"advanceEligibilityCodeNav","label":"advanceEligibilityCodeNav"},{"value":"advancesInstallments","label":"advancesInstallments"}]</option>
                        </options>
                     </parameter>
                  </input>
                  <binding>
                     <restSimpleBinding multiUsing="semicolonSeparated"
                                        url="https://{$hostName}/successfactors/odata/v2/Advance"
                                        verb="GET">
                        <authentication>
                           <username>{$username}</username>
                           <password>{$password}</password>
                           <isExpressionInPassword>true</isExpressionInPassword>
                        </authentication>
                        <httpHeaders>
                           <header name="Content-Type">application/json</header>
                           <header name="Accept">application/json</header>
                        </httpHeaders>
                     </restSimpleBinding>
                  </binding>
                  <output>
                     <field description="Retrieved entities"
                            entireResponse="true"
                            name="entireResponse"
                            type="object"/>
                  </output>
               </action>
               <action category="Advance"
                       failOnError="true"
                       forSearch="false"
                       label="GET_Advance_NonRecurringPayment_externalCode_NonRecurringPayment_externalCode_externalCode_externalCode_"
                       maxRedirects="100"
                       name="GET_Advance_NonRecurringPayment_externalCode_NonRecurringPayment_externalCode_externalCode_externalCode_"
                       preemptiveAuth="true"
                       responseEncoding="">
                  <description>Get entity from Advance by key</description>
                  <input>
                     <parameter description="key: NonRecurringPayment_externalCode"
                                label="NonRecurringPayment_externalCodePathParam"
                                name="NonRecurringPayment_externalCodePathParam"
                                nogen="true"
                                required="true"
                                testWith=""
                                type="string"/>
                     <parameter description="key: externalCode"
                                label="externalCodePathParam"
                                name="externalCodePathParam"
                                nogen="true"
                                required="true"
                                testWith=""
                                type="string"/>
                     <parameter description="Select properties to be returned, see [OData Select](http://docs.oasis-open.org/odata/odata/v4.0/odata-v4.0-part1-protocol.html#_Toc445374620)"
                                label="$select"
                                name="$select"
                                required="false"
                                testWith=""
                                type="picklist">
                        <options>
                           <option name="values">[{"value":"NonRecurringPayment_externalCode","label":"NonRecurringPayment_externalCode"},{"value":"advanceEligibilityCode","label":"advanceEligibilityCode"},{"value":"advanceType","label":"advanceType"},{"value":"approvalStatus","label":"approvalStatus"},{"value":"approver","label":"approver"},{"value":"createdBy","label":"createdBy"},{"value":"createdDate","label":"createdDate"},{"value":"createdDateTime","label":"createdDateTime"},{"value":"currencyCode","label":"currencyCode"},{"value":"currencyGO","label":"currencyGO"},{"value":"eligibileAmount","label":"eligibileAmount"},{"value":"eligibilityAmount","label":"eligibilityAmount"},{"value":"eligibleAdvanceType","label":"eligibleAdvanceType"},{"value":"externalCode","label":"externalCode"},{"value":"installmentAmount","label":"installmentAmount"},{"value":"installmentFrequency","label":"installmentFrequency"},{"value":"interestRate","label":"interestRate"},{"value":"interestType","label":"interestType"},{"value":"lastModifiedBy","label":"lastModifiedBy"},{"value":"lastModifiedDate","label":"lastModifiedDate"},{"value":"lastModifiedDateTime","label":"lastModifiedDateTime"},{"value":"lastModifiedDateWithTZ","label":"lastModifiedDateWithTZ"},{"value":"mdfSystemEffectiveEndDate","label":"mdfSystemEffectiveEndDate"},{"value":"mdfSystemEffectiveStartDate","label":"mdfSystemEffectiveStartDate"},{"value":"mdfSystemEntityId","label":"mdfSystemEntityId"},{"value":"mdfSystemObjectType","label":"mdfSystemObjectType"},{"value":"mdfSystemRecordId","label":"mdfSystemRecordId"},{"value":"mdfSystemRecordStatus","label":"mdfSystemRecordStatus"},{"value":"mdfSystemStatus","label":"mdfSystemStatus"},{"value":"mdfSystemTransactionSequence","label":"mdfSystemTransactionSequence"},{"value":"mdfSystemVersionId","label":"mdfSystemVersionId"},{"value":"notesForApprover","label":"notesForApprover"},{"value":"numberOfInstallments","label":"numberOfInstallments"},{"value":"paymentMode","label":"paymentMode"},{"value":"pendingAmount","label":"pendingAmount"},{"value":"periodEndDate","label":"periodEndDate"},{"value":"periodStartDate","label":"periodStartDate"},{"value":"recoveryMode","label":"recoveryMode"},{"value":"recoveryStatus","label":"recoveryStatus"},{"value":"remainingRequests","label":"remainingRequests"},{"value":"requestDate","label":"requestDate"},{"value":"requestedAmount","label":"requestedAmount"},{"value":"totalRepaymentAmount","label":"totalRepaymentAmount"}]</option>
                        </options>
                     </parameter>
                     <parameter description="Expand related entities, see [OData Expand](http://docs.oasis-open.org/odata/odata/v4.0/odata-v4.0-part1-protocol.html#_Toc445374621)"
                                label="$expand"
                                name="$expand"
                                required="false"
                                testWith=""
                                type="picklist">
                        <options>
                           <option name="values">[{"value":"*","label":"*"},{"value":"advanceEligibilityCodeNav","label":"advanceEligibilityCodeNav"},{"value":"advancesInstallments","label":"advancesInstallments"}]</option>
                        </options>
                     </parameter>
                  </input>
                  <binding>
                     <restSimpleBinding multiUsing="semicolonSeparated"
                                        url="https://{$hostName}/successfactors/odata/v2/Advance(NonRecurringPayment_externalCode='{$NonRecurringPayment_externalCodePathParam}',externalCode='{$externalCodePathParam}')"
                                        verb="GET">
                        <authentication>
                           <username>{$username}</username>
                           <password>{$password}</password>
                           <isExpressionInPassword>true</isExpressionInPassword>
                        </authentication>
                        <httpHeaders>
                           <header name="Content-Type">application/json</header>
                           <header name="Accept">application/json</header>
                        </httpHeaders>
                     </restSimpleBinding>
                  </binding>
                  <output>
                     <field description="Retrieved entity"
                            entireResponse="true"
                            name="entireResponse"
                            type="object"/>
                  </output>
               </action>
            </actions>
            <objects>
               <processObject xmlns="http://schemas.active-endpoints.com/appmodules/screenflow/2011/06/avosHostEnvironment.xsd"
                              isByCopy="true"
                              name="odata_error_main">
                  <description/>
                  <detail>
                     <field name="code" type="string"/>
                     <field name="innererror" type="object"/>
                     <field name="details" type="objectlist">
                        <options>
                           <option name="referenceTo">odata_error_detail</option>
                           <option name="relationshipName">Child</option>
                        </options>
                     </field>
                     <field name="message" type="string"/>
                     <field name="target" type="string"/>
                  </detail>
               </processObject>
               <processObject xmlns="http://schemas.active-endpoints.com/appmodules/screenflow/2011/06/avosHostEnvironment.xsd"
                              isByCopy="true"
                              name="odata_error_detail">
                  <description/>
                  <detail>
                     <field name="code" type="string"/>
                     <field name="message" type="string"/>
                     <field name="target" type="string"/>
                  </detail>
               </processObject>
               <processObject xmlns="http://schemas.active-endpoints.com/appmodules/screenflow/2011/06/avosHostEnvironment.xsd"
                              isByCopy="true"
                              name="odata_error">
                  <description/>
                  <detail>
                     <field name="error" type="reference">
                        <options>
                           <option name="referenceTo">odata_error_main</option>
                           <option name="relationshipName">Child</option>
                        </options>
                     </field>
                  </detail>
               </processObject>
               <processObject xmlns="http://schemas.active-endpoints.com/appmodules/screenflow/2011/06/avosHostEnvironment.xsd"
                              isByCopy="true"
                              name="SFOData_AdvancesAccumulation">
                  <description/>
                  <detail>
                     <field name="lastModifiedDateTime" type="string"/>
                     <field name="externalCode" type="string"/>
                     <field name="mdfSystemEffectiveEndDate" type="string"/>
                     <field name="createdDateTime" type="string"/>
                     <field name="mdfSystemVersionId" type="string"/>
                     <field name="periodEndDate" type="string"/>
                     <field name="numberOfOccurances" type="string"/>
                     <field name="mdfSystemEffectiveStartDate" type="string"/>
                     <field name="remainingNumberOfOccurances" type="string"/>
                     <field name="accumulatedAmount" type="string"/>
                     <field name="advanceType" type="string"/>
                     <field name="mdfSystemStatus" type="string"/>
                     <field name="mdfSystemEntityId" type="string"/>
                     <field name="remainingEligibleAmount" type="string"/>
                     <field name="currency" type="string"/>
                     <field name="mdfSystemObjectType" type="string"/>
                     <field name="periodStartDate" type="string"/>
                     <field name="lastModifiedDate" type="string"/>
                     <field name="lastModifiedBy" type="string"/>
                     <field name="currencyGO" type="string"/>
                     <field name="lastModifiedDateWithTZ" type="string"/>
                     <field name="mdfSystemRecordStatus" type="string"/>
                     <field name="userSysId" type="string"/>
                     <field name="mdfSystemTransactionSequence" type="string"/>
                     <field name="createdDate" type="string"/>
                     <field name="createdBy" type="string"/>
                     <field name="mdfSystemRecordId" type="string"/>
                  </detail>
               </processObject>
               <processObject xmlns="http://schemas.active-endpoints.com/appmodules/screenflow/2011/06/avosHostEnvironment.xsd"
                              isByCopy="true"
                              name="SFOData_AdvancesEligibility">
                  <description/>
                  <detail>
                     <field name="lastModifiedDateTime" type="string"/>
                     <field name="externalCode" type="string"/>
                     <field name="recoveryMode" type="string"/>
                     <field name="createdDateTime" type="string"/>
                     <field name="mdfSystemVersionId" type="string"/>
                     <field name="unitOfPeriod" type="string"/>
                     <field name="validityPeriod" type="string"/>
                     <field name="payComponentType" type="string"/>
                     <field name="defaultWorkflow" type="string"/>
                     <field name="advanceType" type="string"/>
                     <field name="basePayComponent" type="string"/>
                     <field name="externalName" type="string"/>
                     <field name="mdfSystemEntityId" type="string"/>
                     <field name="occuranceOfDay" type="string"/>
                     <field name="effectiveStartDate" type="string"/>
                     <field name="eligibilityAmount" type="string"/>
                     <field name="deductionDateFormat" type="string"/>
                     <field name="currencyGO" type="string"/>
                     <field name="mdfSystemRecordStatus" type="string"/>
                     <field name="effectiveStatus" type="string"/>
                     <field name="monthDate" type="string"/>
                     <field name="paygrade" type="string"/>
                     <field name="firstOccurenceStartDate" type="string"/>
                     <field name="mdfSystemCreatedDate" type="string"/>
                     <field name="exceptionWorkflow" type="string"/>
                     <field name="deductionPayCompOTD" type="string"/>
                     <field name="effectiveEndDate" type="string"/>
                     <field name="deductionPayCompRD" type="string"/>
                     <field name="mdfSystemLastModifiedDateWithTZ" type="string"/>
                     <field name="mdfSystemCreatedBy" type="string"/>
                     <field name="installmentAmount" type="string"/>
                     <field name="interestType" type="string"/>
                     <field name="dayOfDeduction" type="string"/>
                     <field name="exceptionForNumberOfInstallments" type="boolean"/>
                     <field name="mdfSystemLastModifiedBy" type="string"/>
                     <field name="periodEndDate" type="string"/>
                     <field name="basePayComponentGroup" type="string"/>
                     <field name="installmentFrequency" type="string"/>
                     <field name="numberOfOccurences" type="string"/>
                     <field name="enableAutoRecovery" type="string"/>
                     <field name="company" type="string"/>
                     <field name="currency" type="string"/>
                     <field name="department" type="string"/>
                     <field name="interestRate" type="string"/>
                     <field name="maximumEligibilityAmount" type="string"/>
                     <field name="mdfSystemObjectType" type="string"/>
                     <field name="periodStartDate" type="string"/>
                     <field name="mdfSystemLastModifiedDate" type="string"/>
                     <field name="lastModifiedBy" type="string"/>
                     <field name="recoveryModeEditableByEmployee" type="string"/>
                     <field name="mdfSystemTransactionSequence" type="string"/>
                     <field name="numberOfInstallmentsEditableByEmployee" type="string"/>
                     <field name="exceptionForRequestedAmount" type="boolean"/>
                     <field name="createdBy" type="string"/>
                     <field name="numberOfInstallments" type="string"/>
                     <field name="calculationPercentageOn" type="string"/>
                     <field name="mdfSystemRecordId" type="string"/>
                  </detail>
               </processObject>
               <processObject xmlns="http://schemas.active-endpoints.com/appmodules/screenflow/2011/06/avosHostEnvironment.xsd"
                              isByCopy="true"
                              name="SFOData_Advance">
                  <description/>
                  <detail>
                     <field name="lastModifiedDateTime" type="string"/>
                     <field name="externalCode" type="string"/>
                     <field name="installmentAmount" type="string"/>
                     <field name="notesForApprover" type="string"/>
                     <field name="mdfSystemEffectiveEndDate" type="string"/>
                     <field name="recoveryMode" type="string"/>
                     <field name="interestType" type="string"/>
                     <field name="createdDateTime" type="string"/>
                     <field name="mdfSystemVersionId" type="string"/>
                     <field name="periodEndDate" type="string"/>
                     <field name="mdfSystemEffectiveStartDate" type="string"/>
                     <field name="recoveryStatus" type="string"/>
                     <field name="advancesInstallments" type="object"/>
                     <field name="remainingRequests" type="string"/>
                     <field name="eligibleAdvanceType" type="string"/>
                     <field name="installmentFrequency" type="string"/>
                     <field name="NonRecurringPayment_externalCode" type="string"/>
                     <field name="advanceType" type="string"/>
                     <field name="mdfSystemStatus" type="string"/>
                     <field name="mdfSystemEntityId" type="string"/>
                     <field name="requestDate" type="string"/>
                     <field name="eligibilityAmount" type="string"/>
                     <field name="approvalStatus" type="string"/>
                     <field name="approver" type="string"/>
                     <field name="interestRate" type="string"/>
                     <field name="mdfSystemObjectType" type="string"/>
                     <field name="periodStartDate" type="string"/>
                     <field name="lastModifiedDate" type="string"/>
                     <field name="paymentMode" type="string"/>
                     <field name="lastModifiedBy" type="string"/>
                     <field name="advanceEligibilityCode" type="string"/>
                     <field name="currencyGO" type="string"/>
                     <field name="lastModifiedDateWithTZ" type="string"/>
                     <field name="mdfSystemRecordStatus" type="string"/>
                     <field name="mdfSystemTransactionSequence" type="string"/>
                     <field name="createdDate" type="string"/>
                     <field name="eligibileAmount" type="string"/>
                     <field name="createdBy" type="string"/>
                     <field name="numberOfInstallments" type="string"/>
                     <field name="totalRepaymentAmount" type="string"/>
                     <field name="mdfSystemRecordId" type="string"/>
                     <field name="requestedAmount" type="string"/>
                     <field name="currencyCode" type="string"/>
                     <field name="pendingAmount" type="string"/>
                     <field name="advanceEligibilityCodeNav" type="object"/>
                  </detail>
               </processObject>
               <processObject xmlns="http://schemas.active-endpoints.com/appmodules/screenflow/2011/06/avosHostEnvironment.xsd"
                              isByCopy="true"
                              name="SFOData_AdvancesInstallments">
                  <description/>
                  <detail>
                     <field name="balanceRemaining" type="string"/>
                     <field name="mdfSystemLastModifiedDateWithTZ" type="string"/>
                     <field name="lastModifiedDateTime" type="string"/>
                     <field name="externalCode" type="string"/>
                     <field name="mdfSystemCreatedBy" type="string"/>
                     <field name="installmentAmount" type="string"/>
                     <field name="mdfSystemEffectiveEndDate" type="string"/>
                     <field name="createdDateTime" type="string"/>
                     <field name="mdfSystemVersionId" type="string"/>
                     <field name="amortization" type="string"/>
                     <field name="mdfSystemLastModifiedBy" type="string"/>
                     <field name="installmentStatus" type="string"/>
                     <field name="Advance_externalCode" type="string"/>
                     <field name="mdfSystemEffectiveStartDate" type="string"/>
                     <field name="NonRecurringPayment_externalCode" type="string"/>
                     <field name="mdfSystemEntityId" type="string"/>
                     <field name="currency" type="string"/>
                     <field name="mdfSystemObjectType" type="string"/>
                     <field name="amortizationTotal" type="string"/>
                     <field name="mdfSystemLastModifiedDate" type="string"/>
                     <field name="lastModifiedBy" type="string"/>
                     <field name="currencyGO" type="string"/>
                     <field name="interestAmount" type="string"/>
                     <field name="mdfSystemRecordStatus" type="string"/>
                     <field name="effectiveStatus" type="string"/>
                     <field name="mdfSystemTransactionSequence" type="string"/>
                     <field name="createdBy" type="string"/>
                     <field name="mdfSystemCreatedDate" type="string"/>
                     <field name="mdfSystemRecordId" type="string"/>
                     <field name="paymentDate" type="string"/>
                  </detail>
               </processObject>
               <processObject xmlns="http://schemas.active-endpoints.com/appmodules/screenflow/2011/06/avosHostEnvironment.xsd"
                              isByCopy="true"
                              name="string">
                  <description/>
                  <detail>
                     <field name="string" type="string"/>
                  </detail>
               </processObject>
               <processObject xmlns="http://schemas.active-endpoints.com/appmodules/screenflow/2011/06/avosHostEnvironment.xsd"
                              isByCopy="true"
                              name="boolean">
                  <description/>
                  <detail>
                     <field name="boolean" type="boolean"/>
                  </detail>
               </processObject>
               <processObject xmlns="http://schemas.active-endpoints.com/appmodules/screenflow/2011/06/avosHostEnvironment.xsd"
                              isByCopy="true"
                              name="double">
                  <description/>
                  <detail>
                     <field name="double" type="double"/>
                  </detail>
               </processObject>
               <processObject xmlns="http://schemas.active-endpoints.com/appmodules/screenflow/2011/06/avosHostEnvironment.xsd"
                              isByCopy="true"
                              name="integer">
                  <description/>
                  <detail>
                     <field name="integer" type="int"/>
                  </detail>
               </processObject>
               <processObject xmlns="http://schemas.active-endpoints.com/appmodules/screenflow/2011/06/avosHostEnvironment.xsd"
                              isByCopy="true"
                              name="error">
                  <description>Error</description>
                  <detail/>
               </processObject>
            </objects>
         </businessConnector>
      </types1:Entry>
      <types1:GUID>55PfNrwF3dzjBHww941v6L</types1:GUID>
      <types1:DisplayName>SAP SuccessFactors Employee Central Advances OData API v1</types1:DisplayName>
   </types1:Item>
   <types1:CurrentServerDateTime>2019-12-17T11:35:24.137Z</types1:CurrentServerDateTime>
</aetgt:getResponse>
