<aetgt:getResponse xmlns:aetgt="http://schemas.active-endpoints.com/appmodules/repository/2010/10/avrepository.xsd"
                   xmlns:types1="http://schemas.active-endpoints.com/appmodules/repository/2010/10/avrepository.xsd">
   <types1:Item>
      <types1:EntryId>QGPJwsciQlBWlD2-gt-526370-2019-12-22T05:19:05.682Z::svc.xml</types1:EntryId>
      <types1:Name>SAP_Ariba_Analytical_Reporting_-_Synchronous_REST_API_v2</types1:Name>
      <types1:MimeType>application/xml+businesssconnector</types1:MimeType>
      <types1:Description>The Analytical reporting APIs enable you  to create a client application that extracts reportable data from reporting facts and dimensions such as you would select in the user interface when creating an analytical report. For example, you could use these APIs to extract and report on the analytical data that you need to import to a customer's warehouse or create dashboards for trend assessment.

The Synchronous API for analytics enables you to submit smaller requests and receive results synchronously. In the synchronous usage, requested output is batched and paginated, and results are returned one page at a time. The maximum number of records returned is 50,000. As a best practice, we recommend that the synchronous usage be used only with custom reporting view templates that have few fields and short filter date ranges. For example, this usage would be good for checking how many sourcing projects will expire next month and returning their names.</types1:Description>
      <types1:AppliesTo/>
      <types1:Tags/>
      <types1:VersionLabel>1.0</types1:VersionLabel>
      <types1:State>CURRENT</types1:State>
      <types1:ProcessGroup/>
      <types1:CreatedBy>sorabh@na1.dm-us.org</types1:CreatedBy>
      <types1:CreationDate>2019-12-22T05:19:06Z</types1:CreationDate>
      <types1:ModifiedBy/>
      <types1:PublicationStatus>published</types1:PublicationStatus>
      <types1:PublishedBy>sorabh@na1.dm-us.org</types1:PublishedBy>
      <types1:PublicationDate>2019-12-22T05:19:09Z</types1:PublicationDate>
      <types1:PublishedContributionId>project:/rt.connector/SAP_Ariba_Analytical_Reporting___Synchronous_REST_API_v2/SAP_Ariba_Analytical_Reporting___Synchronous_REST_API_v2_svcDef.xml</types1:PublishedContributionId>
      <types1:AutosaveExists>false</types1:AutosaveExists>
      <types1:Entry>
         <businessConnector xmlns="http://schemas.informatica.com/socrates/data-services/2014/05/business-connector-model.xsd"
                            agentOnly="false"
                            debug="false"
                            displayName="SAP Ariba Analytical Reporting - Synchronous REST API v2"
                            label=""
                            name="SAP_Ariba_Analytical_Reporting_-_Synchronous_REST_API_v2"
                            uuid="5c32f248-dfb2-4e47-8024-fc46d80b15bc">
            <description>The Analytical reporting APIs enable you  to create a client application that extracts reportable data from reporting facts and dimensions such as you would select in the user interface when creating an analytical report. For example, you could use these APIs to extract and report on the analytical data that you need to import to a customer's warehouse or create dashboards for trend assessment.

The Synchronous API for analytics enables you to submit smaller requests and receive results synchronously. In the synchronous usage, requested output is batched and paginated, and results are returned one page at a time. The maximum number of records returned is 50,000. As a best practice, we recommend that the synchronous usage be used only with custom reporting view templates that have few fields and short filter date ranges. For example, this usage would be good for checking how many sourcing projects will expire next month and returning their names.</description>
            <tags/>
            <connectionAttributes xmlns="http://schemas.informatica.com/appmodules/screenflow/2014/04/avosConnectors.xsd">
               <connectionAttribute description="Host Name"
                                    masked="false"
                                    name="hostName"
                                    required="true"
                                    testWith="sandbox.api.sap.com"
                                    type="string"/>
            </connectionAttributes>
            <actions>
               <action category="Analysis reporting Synchronous API"
                       failOnError="true"
                       forSearch="false"
                       label="GetDetails"
                       maxRedirects="100"
                       name="GetDetails"
                       preemptiveAuth="true"
                       responseEncoding="">
                  <description>Requested output is batched and paginated and JSON results are returned one page at a time. Synchronous API to get analytical reporting data, appropriate for smaller results sets</description>
                  <input>
                     <parameter description="view template name"
                                label="viewTemplateNamePathParam"
                                name="viewTemplateNamePathParam"
                                nogen="true"
                                required="true"
                                testWith=""
                                type="string"/>
                     <parameter description="Customer realm name"
                                label="realm"
                                name="realm"
                                required="true"
                                testWith=""
                                type="string"/>
                     <parameter description="Filter criteria to query"
                                label="filters"
                                name="filters"
                                required="true"
                                testWith=""
                                type="string"/>
                     <parameter description="takes page token value to show next page results of request"
                                label="pagetoken"
                                name="pagetoken"
                                required="false"
                                testWith=""
                                type="string"/>
                  </input>
                  <binding>
                     <restSimpleBinding multiUsing="semicolonSeparated"
                                        url="https://{$hostName}/ariba/api/analytics-reporting-details/v1/sandbox/views/{$viewTemplateNamePathParam}"
                                        verb="GET">
                        <httpHeaders>
                           <header name="Accept">application/json</header>
                        </httpHeaders>
                     </restSimpleBinding>
                  </binding>
                  <output>
                     <field description="Successful Response"
                            entireResponse="true"
                            name="SynchronousAPIResponse"
                            type="reference">
                        <options>
                           <option name="referenceTo">SynchronousAPIResponse</option>
                        </options>
                     </field>
                  </output>
               </action>
            </actions>
            <objects>
               <processObject xmlns="http://schemas.active-endpoints.com/appmodules/screenflow/2011/06/avosHostEnvironment.xsd"
                              isByCopy="true"
                              name="Error">
                  <description/>
                  <detail>
                     <field name="code" type="string"/>
                     <field name="message" type="string"/>
                  </detail>
               </processObject>
               <processObject xmlns="http://schemas.active-endpoints.com/appmodules/screenflow/2011/06/avosHostEnvironment.xsd"
                              isByCopy="true"
                              name="SynchronousAPIResponse">
                  <description/>
                  <detail/>
               </processObject>
               <processObject xmlns="http://schemas.active-endpoints.com/appmodules/screenflow/2011/06/avosHostEnvironment.xsd"
                              isByCopy="true"
                              name="ErrorInternal">
                  <description/>
                  <detail>
                     <field name="code" type="string"/>
                     <field name="message" type="string"/>
                  </detail>
               </processObject>
               <processObject xmlns="http://schemas.active-endpoints.com/appmodules/screenflow/2011/06/avosHostEnvironment.xsd"
                              isByCopy="true"
                              name="ErrorView">
                  <description/>
                  <detail>
                     <field name="code" type="string"/>
                     <field name="message" type="string"/>
                  </detail>
               </processObject>
               <processObject xmlns="http://schemas.active-endpoints.com/appmodules/screenflow/2011/06/avosHostEnvironment.xsd"
                              isByCopy="true"
                              name="string">
                  <description/>
                  <detail>
                     <field name="string" type="string"/>
                  </detail>
               </processObject>
               <processObject xmlns="http://schemas.active-endpoints.com/appmodules/screenflow/2011/06/avosHostEnvironment.xsd"
                              isByCopy="true"
                              name="boolean">
                  <description/>
                  <detail>
                     <field name="boolean" type="boolean"/>
                  </detail>
               </processObject>
               <processObject xmlns="http://schemas.active-endpoints.com/appmodules/screenflow/2011/06/avosHostEnvironment.xsd"
                              isByCopy="true"
                              name="double">
                  <description/>
                  <detail>
                     <field name="double" type="double"/>
                  </detail>
               </processObject>
               <processObject xmlns="http://schemas.active-endpoints.com/appmodules/screenflow/2011/06/avosHostEnvironment.xsd"
                              isByCopy="true"
                              name="integer">
                  <description/>
                  <detail>
                     <field name="integer" type="int"/>
                  </detail>
               </processObject>
               <processObject xmlns="http://schemas.active-endpoints.com/appmodules/screenflow/2011/06/avosHostEnvironment.xsd"
                              isByCopy="true"
                              name="InvalidFilters">
                  <description>The filters provided are invalid</description>
                  <detail/>
               </processObject>
               <processObject xmlns="http://schemas.active-endpoints.com/appmodules/screenflow/2011/06/avosHostEnvironment.xsd"
                              isByCopy="true"
                              name="Forbidden">
                  <description>forbidden</description>
                  <detail/>
               </processObject>
               <processObject xmlns="http://schemas.active-endpoints.com/appmodules/screenflow/2011/06/avosHostEnvironment.xsd"
                              isByCopy="true"
                              name="Unauthorized">
                  <description>Unauthorized request. Check oauth token is expired or you are not using correct oauth token.</description>
                  <detail/>
               </processObject>
               <processObject xmlns="http://schemas.active-endpoints.com/appmodules/screenflow/2011/06/avosHostEnvironment.xsd"
                              isByCopy="true"
                              name="InternalServerError">
                  <description>If your URL is not constructed properly, you have trailing spaces in URl, request body format is wrong or ARIBA site is temporarily down</description>
                  <detail/>
               </processObject>
            </objects>
         </businessConnector>
      </types1:Entry>
      <types1:GUID>7J1Z4o4tlrebYyAM1vguob</types1:GUID>
      <types1:DisplayName>SAP Ariba Analytical Reporting - Synchronous REST API v2</types1:DisplayName>
   </types1:Item>
   <types1:CurrentServerDateTime>2019-12-22T05:24:48.898Z</types1:CurrentServerDateTime>
</aetgt:getResponse>
