<aetgt:getResponse xmlns:aetgt="http://schemas.active-endpoints.com/appmodules/repository/2010/10/avrepository.xsd"
                   xmlns:types1="http://schemas.active-endpoints.com/appmodules/repository/2010/10/avrepository.xsd">
   <types1:Item>
      <types1:EntryId>9Gjw4ARW8UBM7zs-gt-950125-2019-02-18T03:58:56.982Z::svc.xml</types1:EntryId>
      <types1:Name>Oracle_Eloqua_Marketing_Cloud_Service_Campaign_Responses_Bulk_API_v2</types1:Name>
      <types1:MimeType>application/xml+businesssconnector</types1:MimeType>
      <types1:Description>Bulk Api Campaign Responses Endpoints</types1:Description>
      <types1:AppliesTo/>
      <types1:Tags/>
      <types1:VersionLabel>1.0</types1:VersionLabel>
      <types1:State>CURRENT</types1:State>
      <types1:ProcessGroup/>
      <types1:CreatedBy>sorabh@na1.dm-us.org</types1:CreatedBy>
      <types1:CreationDate>2019-02-18T03:58:57Z</types1:CreationDate>
      <types1:ModifiedBy/>
      <types1:PublicationStatus>published</types1:PublicationStatus>
      <types1:PublishedBy>sorabh@na1.dm-us.org</types1:PublishedBy>
      <types1:PublicationDate>2019-02-18T03:59:11Z</types1:PublicationDate>
      <types1:PublishedContributionId>project:/rt.connector/Oracle_Eloqua_Marketing_Cloud_Service_Campaign_Responses_Bulk_API_v2/Oracle_Eloqua_Marketing_Cloud_Service_Campaign_Responses_Bulk_API_v2_svcDef.xml</types1:PublishedContributionId>
      <types1:AutosaveExists>false</types1:AutosaveExists>
      <types1:Entry>
         <businessConnector xmlns="http://schemas.informatica.com/socrates/data-services/2014/05/business-connector-model.xsd"
                            agentOnly="false"
                            debug="false"
                            displayName="Oracle Eloqua Marketing Cloud Service Campaign Responses Bulk API v2"
                            label=""
                            name="Oracle_Eloqua_Marketing_Cloud_Service_Campaign_Responses_Bulk_API_v2"
                            uuid="15f0e5ab-0d9b-4e33-8866-b282ba24a1fc">
            <description>Bulk Api Campaign Responses Endpoints</description>
            <tags/>
            <connectionAttributes xmlns="http://schemas.informatica.com/appmodules/screenflow/2014/04/avosConnectors.xsd">
               <connectionAttribute description="Host Name"
                                    masked="false"
                                    name="hostName"
                                    required="true"
                                    testWith="apicatalog.oraclecloud.com"
                                    type="string"/>
            </connectionAttributes>
            <actions>
               <action category="Bulk/2.0/campaignResponses"
                       failOnError="true"
                       forSearch="false"
                       label="GetCampaignResponseExportDataQuery"
                       maxRedirects="100"
                       name="GetCampaignResponseExportDataQuery"
                       preemptiveAuth="true"
                       responseEncoding="">
                  <description>Retrieve the synced data for a campaign response export definition. Retrieves the synced data for a campaign response export definition. We always recommend using the &lt;a href='https://docs.oracle.com/cloud/latest/marketingcs_gs/OMCAC/op-api-bulk-2.0-syncs-id-data-get.html'&gt;retrieve an export sync's data endpoint&lt;/a&gt; to retrieve data. See &lt;a href='https://docs.oracle.com/cloud/latest/marketingcs_gs/OMCAB/index.html#CSHID=CampaignResponses'&gt;Using the campaign response endpoints&lt;/a&gt; in the Oracle Eloqua Developer Help Center for more complete information about these endpoints. To request access to this feature, please log in to &lt;a href='https://support.oracle.com'&gt;My Oracle Support&lt;/a&gt; and create a service request.</description>
                  <input>
                     <parameter description="The campaign response export definition's resource identification number."
                                label="idPathParam"
                                name="idPathParam"
                                nogen="true"
                                required="true"
                                testWith=""
                                type="int"/>
                     <parameter description="A URL parameter that specifies the maximum number of records to return. This can be any positive integer between 1 and 1000 inclusive. If not specified, the default is 1000. Example: &lt;code&gt;?limit=5&lt;/code&gt;."
                                label="limit"
                                name="limit"
                                required="false"
                                testWith=""
                                type="int"/>
                     <parameter description="The links section in a resource return all the links by default. The client side might be only interested in a particular link. To satisfy that requirement, a &#34;links&#34; query parameter might be supported. The value of this query parameter is a list of relations separated by comma &#34;,&#34;. For example, ?links=canonical, next will only return the links with &#34;rel&#34; property be canonical or next."
                                label="links"
                                name="links"
                                required="false"
                                testWith=""
                                type="string"/>
                     <parameter description="Specifies an offset that allows you to retrieve the next batch of records. Any positive integer. For example, if your limit is 1000, specifying an offset of 1000 will return records 1000 through 2000. If not specified, the default is 0. Example: &lt;code&gt;?offset=1000&lt;/code&gt;."
                                label="offset"
                                name="offset"
                                required="false"
                                testWith=""
                                type="int"/>
                     <parameter description="Whether or not the total results are shown, and factored into the &lt;code&gt;hasMore&lt;/code&gt; property in the response. When set to &lt;code&gt;false&lt;/code&gt;, the &lt;code&gt;totalResults&lt;/code&gt; property will not be returned, and the &lt;code&gt;hasMore&lt;/code&gt; property will be determined based on returned events that match the criteria specified in the URL parameters. If not specified, the default is &lt;code&gt;true&lt;/code&gt;."
                                label="totalResults"
                                name="totalResults"
                                required="false"
                                testWith=""
                                type="boolean"/>
                  </input>
                  <binding>
                     <restSimpleBinding multiUsing="semicolonSeparated"
                                        url="https://{$hostName}/api/bulk/2.0/campaignResponses/exports/{$idPathParam}/data"
                                        verb="GET">
                        <httpHeaders>
                           <header name="Content-Type">application/json</header>
                           <header name="Accept">application/json</header>
                        </httpHeaders>
                     </restSimpleBinding>
                  </binding>
                  <output/>
               </action>
               <action category="Bulk/2.0/campaignResponses"
                       failOnError="true"
                       forSearch="false"
                       label="DeleteCampaignResponseExportDataQuery"
                       maxRedirects="100"
                       name="DeleteCampaignResponseExportDataQuery"
                       preemptiveAuth="true"
                       responseEncoding="">
                  <description>Delete the synced data for a campaign response export definition. Deletes the synced data for a campaign response export definition. See &lt;a href='https://docs.oracle.com/cloud/latest/marketingcs_gs/OMCAB/index.html#CSHID=CampaignResponses'&gt;Using the campaign response endpoints&lt;/a&gt; in the Oracle Eloqua Developer Help Center for more complete information about these endpoints. To request access to this feature, please log in to &lt;a href='https://support.oracle.com'&gt;My Oracle Support&lt;/a&gt; and create a service request.</description>
                  <input>
                     <parameter description="The campaign response export definition's resource identification number."
                                label="idPathParam"
                                name="idPathParam"
                                nogen="true"
                                required="true"
                                testWith=""
                                type="int"/>
                  </input>
                  <binding>
                     <restSimpleBinding multiUsing="semicolonSeparated"
                                        url="https://{$hostName}/api/bulk/2.0/campaignResponses/exports/{$idPathParam}/data"
                                        verb="DELETE">
                        <httpHeaders>
                           <header name="Content-Type">application/json</header>
                           <header name="Accept">application/json</header>
                        </httpHeaders>
                     </restSimpleBinding>
                  </binding>
                  <output/>
               </action>
               <action category="Bulk/2.0/campaignResponses"
                       failOnError="true"
                       forSearch="false"
                       label="PostCampaignResponseExportIndividual"
                       maxRedirects="100"
                       name="PostCampaignResponseExportIndividual"
                       preemptiveAuth="true"
                       responseEncoding="">
                  <description>Create a campaign response export definition. Creates a campaign response export definition. See &lt;a href='https://docs.oracle.com/cloud/latest/marketingcs_gs/OMCAB/index.html#CSHID=CampaignResponses'&gt;Using the campaign response endpoints&lt;/a&gt; in the Oracle Eloqua Developer Help Center for more complete information about these endpoints. To request access to this feature, please log in to &lt;a href='https://support.oracle.com'&gt;My Oracle Support&lt;/a&gt; and create a service request.</description>
                  <input>
                     <parameter description="The request body contains details of the campaign response export definition."
                                label="CampaignResponseExportIndividual"
                                name="CampaignResponseExportIndividual"
                                required="true"
                                testWith=""
                                type="reference">
                        <options>
                           <option name="referenceTo"/>
                        </options>
                     </parameter>
                  </input>
                  <binding>
                     <restSimpleBinding multiUsing="semicolonSeparated"
                                        url="https://{$hostName}/api/bulk/2.0/campaignResponses/exports"
                                        verb="POST">
                        <httpHeaders>
                           <header name="Content-Type">application/json</header>
                           <header name="Accept">application/json</header>
                        </httpHeaders>
                        <body generateUsing="UnwrappedJSON" preserveJsonStringFormatting="false"/>
                     </restSimpleBinding>
                  </binding>
                  <output/>
               </action>
               <action category="Bulk/2.0/campaignResponses"
                       failOnError="true"
                       forSearch="false"
                       label="GetCampaignResponseExportSearch"
                       maxRedirects="100"
                       name="GetCampaignResponseExportSearch"
                       preemptiveAuth="true"
                       responseEncoding="">
                  <description>Retrieve a list of campaign response export definitions. Retrieves a list of campaign response export definitions. See &lt;a href='https://docs.oracle.com/cloud/latest/marketingcs_gs/OMCAB/index.html#CSHID=CampaignResponses'&gt;Using the campaign response endpoints&lt;/a&gt; in the Oracle Eloqua Developer Help Center for more complete information about these endpoints. To request access to this feature, please log in to &lt;a href='https://support.oracle.com'&gt;My Oracle Support&lt;/a&gt; and create a service request.</description>
                  <input>
                     <parameter description="A URL parameter that specifies the maximum number of records to return. This can be any positive integer between 1 and 1000 inclusive. If not specified, the default is 1000. Example: &lt;code&gt;?limit=5&lt;/code&gt;."
                                label="limit"
                                name="limit"
                                required="false"
                                testWith=""
                                type="int"/>
                     <parameter description="The links section in a resource return all the links by default. The client side might be only interested in a particular link. To satisfy that requirement, a &#34;links&#34; query parameter might be supported. The value of this query parameter is a list of relations separated by comma &#34;,&#34;. For example, ?links=canonical, next will only return the links with &#34;rel&#34; property be canonical or next."
                                label="links"
                                name="links"
                                required="false"
                                testWith=""
                                type="string"/>
                     <parameter description="Specifies an offset that allows you to retrieve the next batch of records. Any positive integer. For example, if your limit is 1000, specifying an offset of 1000 will return records 1000 through 2000. If not specified, the default is 0. Example: &lt;code&gt;?offset=1000&lt;/code&gt;."
                                label="offset"
                                name="offset"
                                required="false"
                                testWith=""
                                type="int"/>
                     <parameter description="Specifies the name of the property to order the results by. The &lt;code&gt;orderBy&lt;/code&gt; format is &lt;code&gt;term&lt;/code&gt; ASC | DESC. Example: &lt;code&gt;?orderBy=name ASC&lt;/code&gt;."
                                label="orderBy"
                                name="orderBy"
                                required="false"
                                testWith=""
                                type="string"/>
                     <parameter description="A URL parameter that specifies query criteria used to filter results. The &lt;code&gt;q&lt;/code&gt; format is &lt;code&gt;term&lt;/code&gt;&lt;code&gt;operator&lt;/code&gt;&lt;code&gt;value&lt;/code&gt;. Use &#34;*&#34; for wildcard values. Example: &lt;code&gt;?q=&#34;name=*Test*&#34;&lt;/code&gt; will find all the entities where the &#34;name&#34; field contains the string &#34;Test&#34;."
                                label="q"
                                name="q"
                                required="false"
                                testWith=""
                                type="string"/>
                     <parameter description="Whether or not the total results are shown, and factored into the &lt;code&gt;hasMore&lt;/code&gt; property in the response. When set to &lt;code&gt;false&lt;/code&gt;, the &lt;code&gt;totalResults&lt;/code&gt; property will not be returned, and the &lt;code&gt;hasMore&lt;/code&gt; property will be determined based on returned events that match the criteria specified in the URL parameters. If not specified, the default is &lt;code&gt;true&lt;/code&gt;."
                                label="totalResults"
                                name="totalResults"
                                required="false"
                                testWith=""
                                type="boolean"/>
                  </input>
                  <binding>
                     <restSimpleBinding multiUsing="semicolonSeparated"
                                        url="https://{$hostName}/api/bulk/2.0/campaignResponses/exports"
                                        verb="GET">
                        <httpHeaders>
                           <header name="Content-Type">application/json</header>
                           <header name="Accept">application/json</header>
                        </httpHeaders>
                     </restSimpleBinding>
                  </binding>
                  <output/>
               </action>
               <action category="Bulk/2.0/campaignResponses"
                       failOnError="true"
                       forSearch="false"
                       label="GetCampaignResponseFieldSearch"
                       maxRedirects="100"
                       name="GetCampaignResponseFieldSearch"
                       preemptiveAuth="true"
                       responseEncoding="">
                  <description>Retrieve all campaign response fields. Retrieves all campaign response fields that could be included in an campaign response import or export definition. See &lt;a href='https://docs.oracle.com/cloud/latest/marketingcs_gs/OMCAB/index.html#CSHID=CampaignResponses'&gt;Using the campaign response endpoints&lt;/a&gt; in the Oracle Eloqua Developer Help Center for more complete information about these endpoints. To request access to this feature, please log in to &lt;a href='https://support.oracle.com'&gt;My Oracle Support&lt;/a&gt; and create a service request.</description>
                  <input>
                     <parameter description="A URL parameter that specifies the maximum number of records to return. This can be any positive integer between 1 and 1000 inclusive. If not specified, the default is 1000. Example: &lt;code&gt;?limit=5&lt;/code&gt;."
                                label="limit"
                                name="limit"
                                required="false"
                                testWith=""
                                type="int"/>
                     <parameter description="The links section in a resource return all the links by default. The client side might be only interested in a particular link. To satisfy that requirement, a &#34;links&#34; query parameter might be supported. The value of this query parameter is a list of relations separated by comma &#34;,&#34;. For example, ?links=canonical, next will only return the links with &#34;rel&#34; property be canonical or next."
                                label="links"
                                name="links"
                                required="false"
                                testWith=""
                                type="string"/>
                     <parameter description="Specifies an offset that allows you to retrieve the next batch of records. Any positive integer. For example, if your limit is 1000, specifying an offset of 1000 will return records 1000 through 2000. If not specified, the default is 0. Example: &lt;code&gt;?offset=1000&lt;/code&gt;."
                                label="offset"
                                name="offset"
                                required="false"
                                testWith=""
                                type="int"/>
                     <parameter description="Specifies the name of the property to order the results by. The &lt;code&gt;orderBy&lt;/code&gt; format is &lt;code&gt;term&lt;/code&gt; ASC | DESC. Example: &lt;code&gt;?orderBy=name ASC&lt;/code&gt;."
                                label="orderBy"
                                name="orderBy"
                                required="false"
                                testWith=""
                                type="string"/>
                     <parameter description="A URL parameter that specifies query criteria used to filter results. The &lt;code&gt;q&lt;/code&gt; format is &lt;code&gt;term&lt;/code&gt;&lt;code&gt;operator&lt;/code&gt;&lt;code&gt;value&lt;/code&gt;. Use &#34;*&#34; for wildcard values. Example: &lt;code&gt;?q=&#34;name=*Test*&#34;&lt;/code&gt; will find all the entities where the &#34;name&#34; field contains the string &#34;Test&#34;."
                                label="q"
                                name="q"
                                required="false"
                                testWith=""
                                type="string"/>
                     <parameter description="Whether or not the total results are shown, and factored into the &lt;code&gt;hasMore&lt;/code&gt; property in the response. When set to &lt;code&gt;false&lt;/code&gt;, the &lt;code&gt;totalResults&lt;/code&gt; property will not be returned, and the &lt;code&gt;hasMore&lt;/code&gt; property will be determined based on returned events that match the criteria specified in the URL parameters. If not specified, the default is &lt;code&gt;true&lt;/code&gt;."
                                label="totalResults"
                                name="totalResults"
                                required="false"
                                testWith=""
                                type="boolean"/>
                  </input>
                  <binding>
                     <restSimpleBinding multiUsing="semicolonSeparated"
                                        url="https://{$hostName}/api/bulk/2.0/campaignResponses/fields"
                                        verb="GET">
                        <httpHeaders>
                           <header name="Content-Type">application/json</header>
                           <header name="Accept">application/json</header>
                        </httpHeaders>
                     </restSimpleBinding>
                  </binding>
                  <output/>
               </action>
               <action category="Bulk/2.0/campaignResponses"
                       failOnError="true"
                       forSearch="false"
                       label="GetCampaignResponseExportIndividual"
                       maxRedirects="100"
                       name="GetCampaignResponseExportIndividual"
                       preemptiveAuth="true"
                       responseEncoding="">
                  <description>Retrieve a campaign response export definition. Retrieves a single campaign response export definition. See &lt;a href='https://docs.oracle.com/cloud/latest/marketingcs_gs/OMCAB/index.html#CSHID=CampaignResponses'&gt;Using the campaign response endpoints&lt;/a&gt; in the Oracle Eloqua Developer Help Center for more complete information about these endpoints. To request access to this feature, please log in to &lt;a href='https://support.oracle.com'&gt;My Oracle Support&lt;/a&gt; and create a service request.</description>
                  <input>
                     <parameter description="The campaign response export definition's resource identification number."
                                label="idPathParam"
                                name="idPathParam"
                                nogen="true"
                                required="true"
                                testWith=""
                                type="int"/>
                  </input>
                  <binding>
                     <restSimpleBinding multiUsing="semicolonSeparated"
                                        url="https://{$hostName}/api/bulk/2.0/campaignResponses/exports/{$idPathParam}"
                                        verb="GET">
                        <httpHeaders>
                           <header name="Content-Type">application/json</header>
                           <header name="Accept">application/json</header>
                        </httpHeaders>
                     </restSimpleBinding>
                  </binding>
                  <output/>
               </action>
               <action category="Bulk/2.0/campaignResponses"
                       failOnError="true"
                       forSearch="false"
                       label="DeleteCampaignResponseExportIndividual"
                       maxRedirects="100"
                       name="DeleteCampaignResponseExportIndividual"
                       preemptiveAuth="true"
                       responseEncoding="">
                  <description>Delete a campaign response export definition. Deletes a campaign response export definition. See &lt;a href='https://docs.oracle.com/cloud/latest/marketingcs_gs/OMCAB/index.html#CSHID=CampaignResponses'&gt;Using the campaign response endpoints&lt;/a&gt; in the Oracle Eloqua Developer Help Center for more complete information about these endpoints. To request access to this feature, please log in to &lt;a href='https://support.oracle.com'&gt;My Oracle Support&lt;/a&gt; and create a service request.</description>
                  <input>
                     <parameter description="The campaign response export definition's resource identification number."
                                label="idPathParam"
                                name="idPathParam"
                                nogen="true"
                                required="true"
                                testWith=""
                                type="int"/>
                  </input>
                  <binding>
                     <restSimpleBinding multiUsing="semicolonSeparated"
                                        url="https://{$hostName}/api/bulk/2.0/campaignResponses/exports/{$idPathParam}"
                                        verb="DELETE">
                        <httpHeaders>
                           <header name="Content-Type">application/json</header>
                           <header name="Accept">application/json</header>
                        </httpHeaders>
                     </restSimpleBinding>
                  </binding>
                  <output/>
               </action>
               <action category="Bulk/2.0/campaignResponses"
                       failOnError="true"
                       forSearch="false"
                       label="PutCampaignResponseExportIndividual"
                       maxRedirects="100"
                       name="PutCampaignResponseExportIndividual"
                       preemptiveAuth="true"
                       responseEncoding="">
                  <description>Update a campaign response export definition. Updates a campaign response export definition. See &lt;a href='https://docs.oracle.com/cloud/latest/marketingcs_gs/OMCAB/index.html#CSHID=CampaignResponses'&gt;Using the campaign response endpoints&lt;/a&gt; in the Oracle Eloqua Developer Help Center for more complete information about these endpoints. To request access to this feature, please log in to &lt;a href='https://support.oracle.com'&gt;My Oracle Support&lt;/a&gt; and create a service request.</description>
                  <input>
                     <parameter description="The campaign response export definition's resource identification number."
                                label="idPathParam"
                                name="idPathParam"
                                nogen="true"
                                required="true"
                                testWith=""
                                type="int"/>
                     <parameter description="The request body contains details of the campaign response export definition."
                                label="CampaignResponseExportIndividual"
                                name="CampaignResponseExportIndividual"
                                required="true"
                                testWith=""
                                type="reference">
                        <options>
                           <option name="referenceTo"/>
                        </options>
                     </parameter>
                  </input>
                  <binding>
                     <restSimpleBinding multiUsing="semicolonSeparated"
                                        url="https://{$hostName}/api/bulk/2.0/campaignResponses/exports/{$idPathParam}"
                                        verb="PUT">
                        <httpHeaders>
                           <header name="Content-Type">application/json</header>
                           <header name="Accept">application/json</header>
                        </httpHeaders>
                        <body generateUsing="UnwrappedJSON" preserveJsonStringFormatting="false"/>
                     </restSimpleBinding>
                  </binding>
                  <output/>
               </action>
               <action category="Bulk/2.0/campaignResponses"
                       failOnError="true"
                       forSearch="false"
                       label="PostCampaignResponseImportIndividual"
                       maxRedirects="100"
                       name="PostCampaignResponseImportIndividual"
                       preemptiveAuth="true"
                       responseEncoding="">
                  <description>Create a campaign response import definition. Creates a campaign response import definition. See &lt;a href='https://docs.oracle.com/cloud/latest/marketingcs_gs/OMCAB/index.html#CSHID=CampaignResponses'&gt;Using the campaign response endpoints&lt;/a&gt; in the Oracle Eloqua Developer Help Center for more complete information about these endpoints. To request access to this feature, please log in to &lt;a href='https://support.oracle.com'&gt;My Oracle Support&lt;/a&gt; and create a service request.</description>
                  <input>
                     <parameter description="The request body contains details of the campaign response import definition."
                                label="CampaignResponseImportIndividual"
                                name="CampaignResponseImportIndividual"
                                required="true"
                                testWith=""
                                type="reference">
                        <options>
                           <option name="referenceTo"/>
                        </options>
                     </parameter>
                  </input>
                  <binding>
                     <restSimpleBinding multiUsing="semicolonSeparated"
                                        url="https://{$hostName}/api/bulk/2.0/campaignResponses/imports"
                                        verb="POST">
                        <httpHeaders>
                           <header name="Content-Type">application/json</header>
                           <header name="Accept">application/json</header>
                        </httpHeaders>
                        <body generateUsing="UnwrappedJSON" preserveJsonStringFormatting="false"/>
                     </restSimpleBinding>
                  </binding>
                  <output/>
               </action>
               <action category="Bulk/2.0/campaignResponses"
                       failOnError="true"
                       forSearch="false"
                       label="GetCampaignResponseImportSearch"
                       maxRedirects="100"
                       name="GetCampaignResponseImportSearch"
                       preemptiveAuth="true"
                       responseEncoding="">
                  <description>Retrieve a list of campaign response import definitions. Retrieves a list of campaign response import definitions. See &lt;a href='https://docs.oracle.com/cloud/latest/marketingcs_gs/OMCAB/index.html#CSHID=CampaignResponses'&gt;Using the campaign response endpoints&lt;/a&gt; in the Oracle Eloqua Developer Help Center for more complete information about these endpoints. To request access to this feature, please log in to &lt;a href='https://support.oracle.com'&gt;My Oracle Support&lt;/a&gt; and create a service request.</description>
                  <input>
                     <parameter description="A URL parameter that specifies the maximum number of records to return. This can be any positive integer between 1 and 1000 inclusive. If not specified, the default is 1000. Example: &lt;code&gt;?limit=5&lt;/code&gt;."
                                label="limit"
                                name="limit"
                                required="false"
                                testWith=""
                                type="int"/>
                     <parameter description="The links section in a resource return all the links by default. The client side might be only interested in a particular link. To satisfy that requirement, a &#34;links&#34; query parameter might be supported. The value of this query parameter is a list of relations separated by comma &#34;,&#34;. For example, ?links=canonical, next will only return the links with &#34;rel&#34; property be canonical or next."
                                label="links"
                                name="links"
                                required="false"
                                testWith=""
                                type="string"/>
                     <parameter description="Specifies an offset that allows you to retrieve the next batch of records. Any positive integer. For example, if your limit is 1000, specifying an offset of 1000 will return records 1000 through 2000. If not specified, the default is 0. Example: &lt;code&gt;?offset=1000&lt;/code&gt;."
                                label="offset"
                                name="offset"
                                required="false"
                                testWith=""
                                type="int"/>
                     <parameter description="Specifies the name of the property to order the results by. The &lt;code&gt;orderBy&lt;/code&gt; format is &lt;code&gt;term&lt;/code&gt; ASC | DESC. Example: &lt;code&gt;?orderBy=name ASC&lt;/code&gt;."
                                label="orderBy"
                                name="orderBy"
                                required="false"
                                testWith=""
                                type="string"/>
                     <parameter description="A URL parameter that specifies query criteria used to filter results. The &lt;code&gt;q&lt;/code&gt; format is &lt;code&gt;term&lt;/code&gt;&lt;code&gt;operator&lt;/code&gt;&lt;code&gt;value&lt;/code&gt;. Use &#34;*&#34; for wildcard values. Example: &lt;code&gt;?q=&#34;name=*Test*&#34;&lt;/code&gt; will find all the entities where the &#34;name&#34; field contains the string &#34;Test&#34;."
                                label="q"
                                name="q"
                                required="false"
                                testWith=""
                                type="string"/>
                     <parameter description="Whether or not the total results are shown, and factored into the &lt;code&gt;hasMore&lt;/code&gt; property in the response. When set to &lt;code&gt;false&lt;/code&gt;, the &lt;code&gt;totalResults&lt;/code&gt; property will not be returned, and the &lt;code&gt;hasMore&lt;/code&gt; property will be determined based on returned events that match the criteria specified in the URL parameters. If not specified, the default is &lt;code&gt;true&lt;/code&gt;."
                                label="totalResults"
                                name="totalResults"
                                required="false"
                                testWith=""
                                type="boolean"/>
                  </input>
                  <binding>
                     <restSimpleBinding multiUsing="semicolonSeparated"
                                        url="https://{$hostName}/api/bulk/2.0/campaignResponses/imports"
                                        verb="GET">
                        <httpHeaders>
                           <header name="Content-Type">application/json</header>
                           <header name="Accept">application/json</header>
                        </httpHeaders>
                     </restSimpleBinding>
                  </binding>
                  <output/>
               </action>
               <action category="Bulk/2.0/campaignResponses"
                       failOnError="true"
                       forSearch="false"
                       label="PostCampaignResponseImportData"
                       maxRedirects="100"
                       name="PostCampaignResponseImportData"
                       preemptiveAuth="true"
                       responseEncoding="">
                  <description>Upload data for a campaign response import definition. Uploads data for a campaign response import definition. See &lt;a href='https://docs.oracle.com/cloud/latest/marketingcs_gs/OMCAB/index.html#CSHID=CampaignResponses'&gt;Using the campaign response endpoints&lt;/a&gt; in the Oracle Eloqua Developer Help Center for more complete information about these endpoints. To request access to this feature, please log in to &lt;a href='https://support.oracle.com'&gt;My Oracle Support&lt;/a&gt; and create a service request.</description>
                  <input>
                     <parameter description="The campaign response import definition's resource identification number."
                                label="idPathParam"
                                name="idPathParam"
                                nogen="true"
                                required="true"
                                testWith=""
                                type="int"/>
                     <parameter description="The request body contains details of the campaign response data."
                                label="CampaignResponseImportData"
                                name="CampaignResponseImportData"
                                required="true"
                                testWith=""
                                type="objectlist">
                        <options>
                           <option name="referenceTo"/>
                        </options>
                     </parameter>
                  </input>
                  <binding>
                     <restSimpleBinding multiUsing="semicolonSeparated"
                                        url="https://{$hostName}/api/bulk/2.0/campaignResponses/imports/{$idPathParam}/data"
                                        verb="POST">
                        <httpHeaders>
                           <header name="Content-Type">application/json</header>
                           <header name="Accept">application/json</header>
                        </httpHeaders>
                        <body generateUsing="UnwrappedJSON" preserveJsonStringFormatting="false"/>
                     </restSimpleBinding>
                  </binding>
                  <output/>
               </action>
               <action category="Bulk/2.0/campaignResponses"
                       failOnError="true"
                       forSearch="false"
                       label="DeleteCampaignResponseImportData"
                       maxRedirects="100"
                       name="DeleteCampaignResponseImportData"
                       preemptiveAuth="true"
                       responseEncoding="">
                  <description>Delete the synced data for a campaign response import definition. Deletes the synced data for a campaign response import definition. See &lt;a href='https://docs.oracle.com/cloud/latest/marketingcs_gs/OMCAB/index.html#CSHID=CampaignResponses'&gt;Using the campaign response endpoints&lt;/a&gt; in the Oracle Eloqua Developer Help Center for more complete information about these endpoints. To request access to this feature, please log in to &lt;a href='https://support.oracle.com'&gt;My Oracle Support&lt;/a&gt; and create a service request.</description>
                  <input>
                     <parameter description="The campaign response import definition's resource identification number."
                                label="idPathParam"
                                name="idPathParam"
                                nogen="true"
                                required="true"
                                testWith=""
                                type="int"/>
                  </input>
                  <binding>
                     <restSimpleBinding multiUsing="semicolonSeparated"
                                        url="https://{$hostName}/api/bulk/2.0/campaignResponses/imports/{$idPathParam}/data"
                                        verb="DELETE">
                        <httpHeaders>
                           <header name="Content-Type">application/json</header>
                           <header name="Accept">application/json</header>
                        </httpHeaders>
                     </restSimpleBinding>
                  </binding>
                  <output/>
               </action>
               <action category="Bulk/2.0/campaignResponses"
                       failOnError="true"
                       forSearch="false"
                       label="GetCampaignResponseFieldIndividual"
                       maxRedirects="100"
                       name="GetCampaignResponseFieldIndividual"
                       preemptiveAuth="true"
                       responseEncoding="">
                  <description>Retrieve a campaign response field definition. This endpoint is not valid.</description>
                  <input>
                     <parameter description="The campaign response field's resource identification number."
                                label="idPathParam"
                                name="idPathParam"
                                nogen="true"
                                required="true"
                                testWith=""
                                type="int"/>
                  </input>
                  <binding>
                     <restSimpleBinding multiUsing="semicolonSeparated"
                                        url="https://{$hostName}/api/bulk/2.0/campaignResponses/fields/{$idPathParam}"
                                        verb="GET">
                        <httpHeaders>
                           <header name="Content-Type">application/json</header>
                           <header name="Accept">application/json</header>
                        </httpHeaders>
                     </restSimpleBinding>
                  </binding>
                  <output/>
               </action>
               <action category="Bulk/2.0/campaignResponses"
                       failOnError="true"
                       forSearch="false"
                       label="GetCampaignResponseImportIndividual"
                       maxRedirects="100"
                       name="GetCampaignResponseImportIndividual"
                       preemptiveAuth="true"
                       responseEncoding="">
                  <description>Retrieve a campaign response import definition. Retrieves a single campaign response import definition. See &lt;a href='https://docs.oracle.com/cloud/latest/marketingcs_gs/OMCAB/index.html#CSHID=CampaignResponses'&gt;Using the campaign response endpoints&lt;/a&gt; in the Oracle Eloqua Developer Help Center for more complete information about these endpoints. To request access to this feature, please log in to &lt;a href='https://support.oracle.com'&gt;My Oracle Support&lt;/a&gt; and create a service request.</description>
                  <input>
                     <parameter description="The campaign response import definition's resource identification number."
                                label="idPathParam"
                                name="idPathParam"
                                nogen="true"
                                required="true"
                                testWith=""
                                type="int"/>
                  </input>
                  <binding>
                     <restSimpleBinding multiUsing="semicolonSeparated"
                                        url="https://{$hostName}/api/bulk/2.0/campaignResponses/imports/{$idPathParam}"
                                        verb="GET">
                        <httpHeaders>
                           <header name="Content-Type">application/json</header>
                           <header name="Accept">application/json</header>
                        </httpHeaders>
                     </restSimpleBinding>
                  </binding>
                  <output/>
               </action>
               <action category="Bulk/2.0/campaignResponses"
                       failOnError="true"
                       forSearch="false"
                       label="DeleteCampaignResponseImportIndividual"
                       maxRedirects="100"
                       name="DeleteCampaignResponseImportIndividual"
                       preemptiveAuth="true"
                       responseEncoding="">
                  <description>Delete a campaign response import definition. Deletes a campaign response import definition. See &lt;a href='https://docs.oracle.com/cloud/latest/marketingcs_gs/OMCAB/index.html#CSHID=CampaignResponses'&gt;Using the campaign response endpoints&lt;/a&gt; in the Oracle Eloqua Developer Help Center for more complete information about these endpoints. To request access to this feature, please log in to &lt;a href='https://support.oracle.com'&gt;My Oracle Support&lt;/a&gt; and create a service request.</description>
                  <input>
                     <parameter description="The campaign response import definition's resource identification number."
                                label="idPathParam"
                                name="idPathParam"
                                nogen="true"
                                required="true"
                                testWith=""
                                type="int"/>
                  </input>
                  <binding>
                     <restSimpleBinding multiUsing="semicolonSeparated"
                                        url="https://{$hostName}/api/bulk/2.0/campaignResponses/imports/{$idPathParam}"
                                        verb="DELETE">
                        <httpHeaders>
                           <header name="Content-Type">application/json</header>
                           <header name="Accept">application/json</header>
                        </httpHeaders>
                     </restSimpleBinding>
                  </binding>
                  <output/>
               </action>
               <action category="Bulk/2.0/campaignResponses"
                       failOnError="true"
                       forSearch="false"
                       label="PutCampaignResponseImportIndividual"
                       maxRedirects="100"
                       name="PutCampaignResponseImportIndividual"
                       preemptiveAuth="true"
                       responseEncoding="">
                  <description>Update a campaign response import definition. Updates a campaign response import definition. See &lt;a href='https://docs.oracle.com/cloud/latest/marketingcs_gs/OMCAB/index.html#CSHID=CampaignResponses'&gt;Using the campaign response endpoints&lt;/a&gt; in the Oracle Eloqua Developer Help Center for more complete information about these endpoints. To request access to this feature, please log in to &lt;a href='https://support.oracle.com'&gt;My Oracle Support&lt;/a&gt; and create a service request.</description>
                  <input>
                     <parameter description="The campaign response import definition's resource identification number."
                                label="idPathParam"
                                name="idPathParam"
                                nogen="true"
                                required="true"
                                testWith=""
                                type="int"/>
                     <parameter description="The request body contains details of the campaign response import definition."
                                label="CampaignResponseImportIndividual"
                                name="CampaignResponseImportIndividual"
                                required="true"
                                testWith=""
                                type="reference">
                        <options>
                           <option name="referenceTo"/>
                        </options>
                     </parameter>
                  </input>
                  <binding>
                     <restSimpleBinding multiUsing="semicolonSeparated"
                                        url="https://{$hostName}/api/bulk/2.0/campaignResponses/imports/{$idPathParam}"
                                        verb="PUT">
                        <httpHeaders>
                           <header name="Content-Type">application/json</header>
                           <header name="Accept">application/json</header>
                        </httpHeaders>
                        <body generateUsing="UnwrappedJSON" preserveJsonStringFormatting="false"/>
                     </restSimpleBinding>
                  </binding>
                  <output/>
               </action>
            </actions>
            <objects>
               <processObject xmlns="http://schemas.active-endpoints.com/appmodules/screenflow/2011/06/avosHostEnvironment.xsd"
                              isByCopy="true"
                              name="SyncStatusType">
                  <description>The status of the synchronization. This is a read-only property.</description>
                  <detail/>
               </processObject>
               <processObject xmlns="http://schemas.active-endpoints.com/appmodules/screenflow/2011/06/avosHostEnvironment.xsd"
                              isByCopy="true"
                              name="DataType">
                  <description>The type of data, used for field definitions.</description>
                  <detail/>
               </processObject>
               <processObject xmlns="http://schemas.active-endpoints.com/appmodules/screenflow/2011/06/avosHostEnvironment.xsd"
                              isByCopy="true"
                              name="RuleType">
                  <description>The rule used when doing updates on existing data. For more information about this parameter, see the &lt;a href='https://docs.oracle.com/cloud/latest/marketingcs_gs/OMCAB/index.html#CSHID=ImportExportParams'&gt;Oracle Eloqua Developer Help Center&lt;/a&gt;.</description>
                  <detail/>
               </processObject>
               <processObject xmlns="http://schemas.active-endpoints.com/appmodules/screenflow/2011/06/avosHostEnvironment.xsd"
                              isByCopy="true"
                              name="string">
                  <description/>
                  <detail>
                     <field name="string" type="string"/>
                  </detail>
               </processObject>
               <processObject xmlns="http://schemas.active-endpoints.com/appmodules/screenflow/2011/06/avosHostEnvironment.xsd"
                              isByCopy="true"
                              name="boolean">
                  <description/>
                  <detail>
                     <field name="boolean" type="boolean"/>
                  </detail>
               </processObject>
               <processObject xmlns="http://schemas.active-endpoints.com/appmodules/screenflow/2011/06/avosHostEnvironment.xsd"
                              isByCopy="true"
                              name="double">
                  <description/>
                  <detail>
                     <field name="double" type="double"/>
                  </detail>
               </processObject>
               <processObject xmlns="http://schemas.active-endpoints.com/appmodules/screenflow/2011/06/avosHostEnvironment.xsd"
                              isByCopy="true"
                              name="integer">
                  <description/>
                  <detail>
                     <field name="integer" type="int"/>
                  </detail>
               </processObject>
            </objects>
         </businessConnector>
      </types1:Entry>
      <types1:GUID>hXOg2ta80qkeDkG3EghGsB</types1:GUID>
      <types1:DisplayName>Oracle Eloqua Marketing Cloud Service Campaign Responses Bulk API v2</types1:DisplayName>
   </types1:Item>
   <types1:CurrentServerDateTime>2019-02-22T04:01:44.421Z</types1:CurrentServerDateTime>
</aetgt:getResponse>
