<aetgt:getResponse xmlns:aetgt="http://schemas.active-endpoints.com/appmodules/repository/2010/10/avrepository.xsd"
                   xmlns:types1="http://schemas.active-endpoints.com/appmodules/repository/2010/10/avrepository.xsd">
   <types1:Item>
      <types1:EntryId>Qaaaaaa-gt-567260-2019-12-22T10:03:30.678Z::svc.xml</types1:EntryId>
      <types1:Name>SAP_Ariba_External_Approval_for_Sourcing_and_Supplier_Management_REST_API_v1</types1:Name>
      <types1:MimeType>application/xml+businesssconnector</types1:MimeType>
      <types1:Description>The External approval API for sourcing and supplier management processes external approvals for sourcing and supplier management tasks.</types1:Description>
      <types1:AppliesTo/>
      <types1:Tags/>
      <types1:VersionLabel>1.0</types1:VersionLabel>
      <types1:State>CURRENT</types1:State>
      <types1:ProcessGroup/>
      <types1:CreatedBy>sorabh@na1.dm-us.org</types1:CreatedBy>
      <types1:CreationDate>2019-12-22T10:03:31Z</types1:CreationDate>
      <types1:ModifiedBy/>
      <types1:PublicationStatus>published</types1:PublicationStatus>
      <types1:PublishedBy>sorabh@na1.dm-us.org</types1:PublishedBy>
      <types1:PublicationDate>2019-12-22T10:03:34Z</types1:PublicationDate>
      <types1:PublishedContributionId>project:/rt.connector/SAP_Ariba_External_Approval_for_Sourcing_and_Supplier_Management_REST_API_v1/SAP_Ariba_External_Approval_for_Sourcing_and_Supplier_Management_REST_API_v1_svcDef.xml</types1:PublishedContributionId>
      <types1:AutosaveExists>false</types1:AutosaveExists>
      <types1:Entry>
         <businessConnector xmlns="http://schemas.informatica.com/socrates/data-services/2014/05/business-connector-model.xsd"
                            agentOnly="false"
                            debug="false"
                            displayName="SAP Ariba External Approval for Sourcing and Supplier Management REST API v1"
                            label=""
                            name="SAP_Ariba_External_Approval_for_Sourcing_and_Supplier_Management_REST_API_v1"
                            uuid="89b2202b-9682-4e6d-aa2f-6256efd31f89">
            <description>The External approval API for sourcing and supplier management processes external approvals for sourcing and supplier management tasks.</description>
            <tags/>
            <connectionAttributes xmlns="http://schemas.informatica.com/appmodules/screenflow/2014/04/avosConnectors.xsd">
               <connectionAttribute description="Host Name"
                                    masked="false"
                                    name="hostName"
                                    required="true"
                                    testWith="sandbox.api.sap.com"
                                    type="string"/>
            </connectionAttributes>
            <actions>
               <action category="Core"
                       failOnError="true"
                       forSearch="false"
                       label="Act on Entity"
                       maxRedirects="100"
                       name="Act on Entity"
                       preemptiveAuth="true"
                       responseEncoding="">
                  <description>Act on Entity. Performs the specified action on the entity. Possible values of action for the entity Task are Approve, Deny and DenyWithResubmit.</description>
                  <input>
                     <parameter description="Unique identifier of the realm"
                                label="realm"
                                name="realm"
                                required="true"
                                testWith=""
                                type="string"/>
                     <parameter description="Unique identifier of the user"
                                label="user"
                                name="user"
                                required="true"
                                testWith=""
                                type="string"/>
                     <parameter description="passwordAdapter for this user"
                                label="passwordadapter"
                                name="passwordadapter"
                                required="true"
                                testWith=""
                                type="string"/>
                     <parameter description="Details of the action to be performed"
                                label="body"
                                name="body"
                                required="true"
                                testWith=""
                                type="reference">
                        <options>
                           <option name="referenceTo">ActionRequest</option>
                        </options>
                     </parameter>
                  </input>
                  <binding>
                     <restSimpleBinding multiUsing="semicolonSeparated"
                                        url="https://{$hostName}/ariba/api/sourcing-approval/v1/sandbox/action"
                                        verb="POST">
                        <httpHeaders>
                           <header name="Content-Type">application/json</header>
                           <header name="Accept">application/json</header>
                        </httpHeaders>
                        <body generateUsing="UnwrappedJSON" preserveJsonStringFormatting="false"/>
                     </restSimpleBinding>
                  </binding>
                  <output/>
               </action>
               <action category="Core"
                       failOnError="true"
                       forSearch="false"
                       label="Get Entity Details"
                       maxRedirects="100"
                       name="Get Entity Details"
                       preemptiveAuth="true"
                       responseEncoding="">
                  <description>Get Entity Details. Returns the details of an entity identified by the entity_type &amp; entity_id parameters.</description>
                  <input>
                     <parameter description="Entity type"
                                label="entity_typePathParam"
                                name="entity_typePathParam"
                                nogen="true"
                                required="true"
                                testWith=""
                                type="string"/>
                     <parameter description="Unique identifier of the entity"
                                label="entity_idPathParam"
                                name="entity_idPathParam"
                                nogen="true"
                                required="true"
                                testWith=""
                                type="string"/>
                     <parameter description="Unique identifier of the realm"
                                label="realm"
                                name="realm"
                                required="true"
                                testWith=""
                                type="string"/>
                  </input>
                  <binding>
                     <restSimpleBinding multiUsing="semicolonSeparated"
                                        url="https://{$hostName}/ariba/api/sourcing-approval/v1/sandbox/{$entity_typePathParam}/{$entity_idPathParam}"
                                        verb="GET">
                        <httpHeaders>
                           <header name="Content-Type">application/json</header>
                           <header name="Accept">application/json</header>
                        </httpHeaders>
                     </restSimpleBinding>
                  </binding>
                  <output/>
               </action>
               <action category="Core"
                       failOnError="true"
                       forSearch="false"
                       label="get Changes"
                       maxRedirects="100"
                       name="get Changes"
                       preemptiveAuth="true"
                       responseEncoding="">
                  <description>Get Changes. Returns the list of entities whose state has changed since the last request.</description>
                  <input>
                     <parameter description="Unique identifier of the realm."
                                label="realm"
                                name="realm"
                                required="true"
                                testWith=""
                                type="string"/>
                     <parameter description="number of changes to return"
                                label="limit"
                                name="limit"
                                required="false"
                                testWith=""
                                type="int"/>
                     <parameter description="starting record number in result set"
                                label="offset"
                                name="offset"
                                required="false"
                                testWith=""
                                type="int"/>
                     <parameter description="indicates whether total count of the query"
                                label="needTotal"
                                name="needTotal"
                                required="false"
                                testWith=""
                                type="boolean"/>
                     <parameter description="The id of the last change to start the search (if omitted - will start at first change)"
                                label="lastChangeId"
                                name="lastChangeId"
                                required="false"
                                testWith=""
                                type="int"/>
                  </input>
                  <binding>
                     <restSimpleBinding multiUsing="semicolonSeparated"
                                        url="https://{$hostName}/ariba/api/sourcing-approval/v1/sandbox/changes"
                                        verb="GET">
                        <httpHeaders>
                           <header name="Content-Type">application/json</header>
                           <header name="Accept">application/json</header>
                        </httpHeaders>
                     </restSimpleBinding>
                  </binding>
                  <output>
                     <field description="A list of changed entities"
                            entireResponse="true"
                            name="EntityChanges"
                            type="reference">
                        <options>
                           <option name="referenceTo">EntityChanges</option>
                        </options>
                     </field>
                  </output>
               </action>
               <action category="Core"
                       failOnError="true"
                       forSearch="false"
                       label="getPendingApprovables"
                       maxRedirects="100"
                       name="getPendingApprovables"
                       preemptiveAuth="true"
                       responseEncoding="">
                  <description>Get all pending documents/task approvables. List all documents/tasks that are pending approval</description>
                  <input>
                     <parameter description="Unique identifier of the realm."
                                label="realm"
                                name="realm"
                                required="true"
                                testWith=""
                                type="string"/>
                     <parameter description="user id of the user."
                                label="user"
                                name="user"
                                required="false"
                                testWith=""
                                type="string"/>
                     <parameter description="passwordAdapter of the user."
                                label="passwordAdapter"
                                name="passwordAdapter"
                                required="false"
                                testWith=""
                                type="string"/>
                     <parameter description="document type the user is requesting."
                                label="documentType"
                                name="documentType"
                                required="false"
                                testWith=""
                                type="string"/>
                     <parameter description="the starting point within the collection of resource results to be returned."
                                label="offset"
                                name="offset"
                                required="false"
                                testWith=""
                                type="int"/>
                     <parameter description="maximum number of items that may be returned for a single request."
                                label="limit"
                                name="limit"
                                required="false"
                                testWith=""
                                type="int"/>
                  </input>
                  <binding>
                     <restSimpleBinding multiUsing="semicolonSeparated"
                                        url="https://{$hostName}/ariba/api/sourcing-approval/v1/sandbox/pendingApprovables"
                                        verb="GET">
                        <httpHeaders>
                           <header name="Content-Type">application/json</header>
                           <header name="Accept">application/json</header>
                        </httpHeaders>
                     </restSimpleBinding>
                  </binding>
                  <output>
                     <field description="successful Response"
                            name="PendingApprovalsList"
                            type="objectlist">
                        <options>
                           <option name="referenceTo">PendingApprovals</option>
                        </options>
                        <xquery>{
                             (: unwrap the object list from the root wrapper :)
                             for $child in ./*
                             return
                                element {'PendingApprovals'} { $child/* }
                             }</xquery>
                     </field>
                  </output>
               </action>
               <action category="Misc"
                       failOnError="true"
                       forSearch="false"
                       label="Get Attachment"
                       maxRedirects="100"
                       name="Get Attachment"
                       preemptiveAuth="true"
                       responseEncoding="">
                  <description>Get Attachment. Download an attachment associated with the entity identified by entity_id. If the entity has one or more attachments, this API returns the attachment specified by the attachment_id parameter.</description>
                  <input>
                     <parameter description="Entity type"
                                label="entity_typePathParam"
                                name="entity_typePathParam"
                                nogen="true"
                                required="true"
                                testWith=""
                                type="string"/>
                     <parameter description="Unique identifier of the entity"
                                label="entity_idPathParam"
                                name="entity_idPathParam"
                                nogen="true"
                                required="true"
                                testWith=""
                                type="string"/>
                     <parameter description="Unique identifier of the attachment"
                                label="attachment_idPathParam"
                                name="attachment_idPathParam"
                                nogen="true"
                                required="true"
                                testWith=""
                                type="string"/>
                     <parameter description="Unique identifier of the realm"
                                label="realm"
                                name="realm"
                                required="true"
                                testWith=""
                                type="string"/>
                  </input>
                  <binding>
                     <restSimpleBinding multiUsing="semicolonSeparated"
                                        url="https://{$hostName}/ariba/api/sourcing-approval/v1/sandbox/{$entity_typePathParam}/{$entity_idPathParam}/attachments/{$attachment_idPathParam}"
                                        verb="GET">
                        <httpHeaders>
                           <header name="Content-Type">application/json</header>
                           <header name="Accept">application/json</header>
                        </httpHeaders>
                     </restSimpleBinding>
                  </binding>
                  <output/>
               </action>
               <action category="Misc"
                       failOnError="true"
                       forSearch="false"
                       label="GetApproversByGroupName"
                       maxRedirects="100"
                       name="GetApproversByGroupName"
                       preemptiveAuth="true"
                       responseEncoding="">
                  <description>Get Approver Group's Members. Returns the list of users who are members of the group specified in group_name. This API uses the unique name for the group.</description>
                  <input>
                     <parameter description="Unique name of the group"
                                label="group_namePathParam"
                                name="group_namePathParam"
                                nogen="true"
                                required="true"
                                testWith=""
                                type="string"/>
                     <parameter description="Unique identifier of the realm"
                                label="realm"
                                name="realm"
                                required="true"
                                testWith=""
                                type="string"/>
                  </input>
                  <binding>
                     <restSimpleBinding multiUsing="semicolonSeparated"
                                        url="https://{$hostName}/ariba/api/sourcing-approval/v1/sandbox/usergroups/{$group_namePathParam}/members"
                                        verb="GET">
                        <httpHeaders>
                           <header name="Content-Type">application/json</header>
                           <header name="Accept">application/json</header>
                        </httpHeaders>
                     </restSimpleBinding>
                  </binding>
                  <output/>
               </action>
            </actions>
            <objects>
               <processObject xmlns="http://schemas.active-endpoints.com/appmodules/screenflow/2011/06/avosHostEnvironment.xsd"
                              isByCopy="true"
                              name="SourcingEvent">
                  <description/>
                  <detail>
                     <field name="regions" type="object"/>
                     <field name="customFields" type="object"/>
                     <field name="description" type="string"/>
                     <field name="commodities" type="object"/>
                     <field name="title" type="string"/>
                     <field name="testProject" type="string"/>
                     <field name="internalId" type="string"/>
                     <field name="previewDate" type="string"/>
                     <field name="scenario" type="reference">
                        <options>
                           <option name="referenceTo">SourcingScenario</option>
                           <option name="relationshipName">Child</option>
                        </options>
                     </field>
                     <field name="baseLanguage" type="string"/>
                     <field name="departments" type="object"/>
                     <field name="owner" type="object"/>
                     <field name="itemResponses" type="objectlist">
                        <options>
                           <option name="referenceTo">ItemResponses</option>
                           <option name="relationshipName">Child</option>
                        </options>
                     </field>
                     <field name="eventChanges" type="object"/>
                     <field name="templateProjectInternalId" type="string"/>
                     <field name="estimatedAwardDate" type="string"/>
                     <field name="history" type="object"/>
                     <field name="baselineSpend" type="string"/>
                     <field name="version" type="string"/>
                     <field name="externalSystem" type="object"/>
                     <field name="closeDate" type="string"/>
                     <field name="eventTypeName" type="string"/>
                     <field name="openDate" type="string"/>
                     <field name="items" type="objectlist">
                        <options>
                           <option name="referenceTo">Item</option>
                           <option name="relationshipName">Child</option>
                        </options>
                     </field>
                     <field name="status" type="string"/>
                     <field name="invitedSuppliers" type="object"/>
                  </detail>
               </processObject>
               <processObject xmlns="http://schemas.active-endpoints.com/appmodules/screenflow/2011/06/avosHostEnvironment.xsd"
                              isByCopy="true"
                              name="User">
                  <description/>
                  <detail>
                     <field name="emailAddress" type="string"/>
                     <field name="uniqueName" type="string"/>
                     <field name="phone" type="string"/>
                     <field name="passwordAdaptor" type="string"/>
                     <field name="name" type="string"/>
                     <field name="realm" type="string"/>
                  </detail>
               </processObject>
               <processObject xmlns="http://schemas.active-endpoints.com/appmodules/screenflow/2011/06/avosHostEnvironment.xsd"
                              isByCopy="true"
                              name="ContentChange">
                  <description/>
                  <detail>
                     <field name="publishedVersion" type="reference">
                        <options>
                           <option name="referenceTo">BasicItem</option>
                           <option name="relationshipName">Child</option>
                        </options>
                     </field>
                     <field name="diffType" type="string"/>
                     <field name="responsesRemoved" type="string"/>
                     <field name="details" type="string"/>
                     <field name="draftVersion" type="reference">
                        <options>
                           <option name="referenceTo">BasicItem</option>
                           <option name="relationshipName">Child</option>
                        </options>
                     </field>
                  </detail>
               </processObject>
               <processObject xmlns="http://schemas.active-endpoints.com/appmodules/screenflow/2011/06/avosHostEnvironment.xsd"
                              isByCopy="true"
                              name="EntityChange">
                  <description/>
                  <detail>
                     <field name="changeParameters" type="string"/>
                     <field name="changeSequenceId" type="string"/>
                     <field name="changeType" type="string"/>
                     <field name="restResourceName" type="string"/>
                     <field name="approvableUniqueName" type="string"/>
                     <field name="realm" type="string"/>
                  </detail>
               </processObject>
               <processObject xmlns="http://schemas.active-endpoints.com/appmodules/screenflow/2011/06/avosHostEnvironment.xsd"
                              isByCopy="true"
                              name="SC_400PendingApprovables">
                  <description>Something went wrong. The query parameter you have passed in request are inCorrect or missing</description>
                  <detail>
                     <field name="error_description" type="string"/>
                     <field name="description" type="string"/>
                     <field name="error" type="string"/>
                  </detail>
               </processObject>
               <processObject xmlns="http://schemas.active-endpoints.com/appmodules/screenflow/2011/06/avosHostEnvironment.xsd"
                              isByCopy="true"
                              name="ApprovalRequest">
                  <description>Individual approval node.</description>
                  <detail>
                     <field name="assignedDate" type="double"/>
                     <field name="approvedDate" type="double"/>
                     <field name="reason" type="string"/>
                     <field name="approvalRequired" type="boolean"/>
                     <field name="approvalState" type="string"/>
                     <field name="approvedBy" type="reference">
                        <options>
                           <option name="referenceTo">Principal</option>
                           <option name="relationshipName">Child</option>
                        </options>
                     </field>
                     <field name="approvers" type="objectlist">
                        <options>
                           <option name="referenceTo">Principal</option>
                           <option name="relationshipName">Child</option>
                        </options>
                     </field>
                     <field name="state" type="double"/>
                     <field name="id" type="string"/>
                     <field name="taskId" type="string"/>
                     <field name="dependencyApprovalRequestsUID" type="objectlist">
                        <options>
                           <option name="referenceTo">string</option>
                           <option name="relationshipName">Child</option>
                        </options>
                     </field>
                  </detail>
               </processObject>
               <processObject xmlns="http://schemas.active-endpoints.com/appmodules/screenflow/2011/06/avosHostEnvironment.xsd"
                              isByCopy="true"
                              name="MLSString">
                  <description>Multi-locale string</description>
                  <detail>
                     <field name="translations" type="object"/>
                     <field name="defaultTranslation" type="string"/>
                  </detail>
               </processObject>
               <processObject xmlns="http://schemas.active-endpoints.com/appmodules/screenflow/2011/06/avosHostEnvironment.xsd"
                              isByCopy="true"
                              name="SupplierRegistrationProject">
                  <description/>
                  <detail/>
               </processObject>
               <processObject xmlns="http://schemas.active-endpoints.com/appmodules/screenflow/2011/06/avosHostEnvironment.xsd"
                              isByCopy="true"
                              name="SMQuestionnaireItemDefn">
                  <description/>
                  <detail>
                     <field name="validationPattern" type="string"/>
                     <field name="externalSystemCorrelationId" type="string"/>
                     <field name="validationPatternError" type="string"/>
                     <field name="enumerationCodeDelimiters" type="string"/>
                     <field name="referenceDocs" type="object"/>
                     <field name="dateFormat" type="string"/>
                     <field name="refreshUrl" type="string"/>
                     <field name="precision" type="int"/>
                     <field name="range" type="object"/>
                     <field name="section" type="boolean"/>
                     <field name="isCombo" type="boolean"/>
                     <field name="fieldMappings" type="objectlist">
                        <options>
                           <option name="referenceTo">string</option>
                           <option name="relationshipName">Child</option>
                        </options>
                     </field>
                     <field name="allowAttachmentsAndComments" type="boolean"/>
                     <field name="required" type="boolean"/>
                     <field name="number" type="double"/>
                     <field name="maskingPattern" type="string"/>
                     <field name="isMapping" type="boolean"/>
                     <field name="isAlwaysVisible" type="boolean"/>
                     <field name="currency" type="string"/>
                     <field name="acceptableValuesMLS" type="objectlist">
                        <options>
                           <option name="referenceTo">MLSString</option>
                           <option name="relationshipName">Child</option>
                        </options>
                     </field>
                     <field name="isMultiValue" type="boolean"/>
                     <field name="repeatableScetion" type="boolean"/>
                     <field name="vendorFieldMapping" type="string"/>
                     <field name="charWidth" type="int"/>
                     <field name="isRequirement" type="boolean"/>
                     <field name="unitOfMeasure" type="string"/>
                     <field name="attachmentsAndComments" type="string"/>
                     <field name="tableFormat" type="boolean"/>
                     <field name="editable" type="boolean"/>
                     <field name="hasRange" type="boolean"/>
                     <field name="affectsVisibility" type="boolean"/>
                     <field name="answerType" type="string"/>
                     <field name="toolTip" type="string"/>
                     <field name="searchLabelMLS" type="reference">
                        <options>
                           <option name="referenceTo">MLSString</option>
                           <option name="relationshipName">Child</option>
                        </options>
                     </field>
                     <field name="label" type="string"/>
                     <field name="searchLabel" type="string"/>
                     <field name="acceptableValues" type="objectlist">
                        <options>
                           <option name="referenceTo">string</option>
                           <option name="relationshipName">Child</option>
                        </options>
                     </field>
                     <field name="allowValueOtherThanAcceptableValues" type="boolean"/>
                     <field name="itemId" type="string"/>
                     <field name="relatedItemId" type="string"/>
                     <field name="masterDataType" type="string"/>
                     <field name="qualifiedNumber" type="string"/>
                     <field name="mappingDefaultKey" type="string"/>
                     <field name="hasAcceptableValues" type="boolean"/>
                     <field name="repeatableSectionParent" type="boolean"/>
                     <field name="items" type="objectlist">
                        <options>
                           <option name="referenceTo">SMQuestionnaireItemDefn</option>
                           <option name="relationshipName">Child</option>
                        </options>
                     </field>
                     <field name="maxLength" type="int"/>
                     <field name="errors" type="objectlist">
                        <options>
                           <option name="referenceTo">string</option>
                           <option name="relationshipName">Child</option>
                        </options>
                     </field>
                  </detail>
               </processObject>
               <processObject xmlns="http://schemas.active-endpoints.com/appmodules/screenflow/2011/06/avosHostEnvironment.xsd"
                              isByCopy="true"
                              name="ParticipantChange">
                  <description/>
                  <detail>
                     <field name="itemName" type="string"/>
                     <field name="contactName" type="string"/>
                     <field name="diff" type="string"/>
                  </detail>
               </processObject>
               <processObject xmlns="http://schemas.active-endpoints.com/appmodules/screenflow/2011/06/avosHostEnvironment.xsd"
                              isByCopy="true"
                              name="PendingApprovals">
                  <description/>
                  <detail>
                     <field name="assignedDate" type="string"/>
                     <field name="approver" type="string"/>
                     <field name="attachments" type="objectlist">
                        <options>
                           <option name="referenceTo">string</option>
                           <option name="relationshipName">Child</option>
                        </options>
                     </field>
                     <field name="uniqueName" type="string"/>
                     <field name="documentType" type="string"/>
                     <field name="description" type="string"/>
                     <field name="email" type="string"/>
                  </detail>
               </processObject>
               <processObject xmlns="http://schemas.active-endpoints.com/appmodules/screenflow/2011/06/avosHostEnvironment.xsd"
                              isByCopy="true"
                              name="Item">
                  <description/>
                  <detail>
                     <field name="commodity" type="object"/>
                     <field name="itemId" type="string"/>
                     <field name="itemType" type="string"/>
                     <field name="isRequirement" type="boolean"/>
                     <field name="terms" type="object"/>
                     <field name="children" type=""/>
                     <field name="parentItem" type="string"/>
                     <field name="description" type="string"/>
                     <field name="prerequisiteType" type="double"/>
                     <field name="title" type="string"/>
                     <field name="competitiveTermFieldId" type="string"/>
                     <field name="invitedSuppliers" type="object"/>
                  </detail>
               </processObject>
               <processObject xmlns="http://schemas.active-endpoints.com/appmodules/screenflow/2011/06/avosHostEnvironment.xsd"
                              isByCopy="true"
                              name="TaskDetails">
                  <description/>
                  <detail>
                     <field name="owner" type="reference">
                        <options>
                           <option name="referenceTo">Principal</option>
                           <option name="relationshipName">Child</option>
                        </options>
                     </field>
                     <field name="workspaceAribaType" type="string"/>
                     <field name="activeApprovalRequestIds" type="string"/>
                     <field name="comments" type=""/>
                     <field name="phaseApplicability" type="objectlist">
                        <options>
                           <option name="referenceTo">string</option>
                           <option name="relationshipName">Child</option>
                        </options>
                     </field>
                     <field name="endDate" type="double"/>
                     <field name="dueDate" type="double"/>
                     <field name="document" type="object"/>
                     <field name="description" type="string"/>
                     <field name="altStatus" type="string"/>
                     <field name="displayStatus" type="string"/>
                     <field name="title" type="string"/>
                     <field name="workspaceTitle" type="string"/>
                     <field name="required" type="boolean"/>
                     <field name="dependencies" type="objectlist">
                        <options>
                           <option name="referenceTo">string</option>
                           <option name="relationshipName">Child</option>
                        </options>
                     </field>
                     <field name="beginDate" type="double"/>
                     <field name="originalOwner" type="reference">
                        <options>
                           <option name="referenceTo">Principal</option>
                           <option name="relationshipName">Child</option>
                        </options>
                     </field>
                     <field name="isObsoleted" type="boolean"/>
                     <field name="approvalRequests" type="objectlist">
                        <options>
                           <option name="referenceTo">ApprovalRequest</option>
                           <option name="relationshipName">Child</option>
                        </options>
                     </field>
                     <field name="workspaceEntityType" type="string"/>
                     <field name="id" type="string"/>
                     <field name="status" type="string"/>
                     <field name="workspaceId" type="string"/>
                  </detail>
               </processObject>
               <processObject xmlns="http://schemas.active-endpoints.com/appmodules/screenflow/2011/06/avosHostEnvironment.xsd"
                              isByCopy="true"
                              name="EntityChanges">
                  <description>list of entity change objects</description>
                  <detail/>
               </processObject>
               <processObject xmlns="http://schemas.active-endpoints.com/appmodules/screenflow/2011/06/avosHostEnvironment.xsd"
                              isByCopy="true"
                              name="SupplierRequestProject">
                  <description/>
                  <detail/>
               </processObject>
               <processObject xmlns="http://schemas.active-endpoints.com/appmodules/screenflow/2011/06/avosHostEnvironment.xsd"
                              isByCopy="true"
                              name="VendorIdInfo">
                  <description/>
                  <detail>
                     <field name="sourceSystem" type="string"/>
                     <field name="id" type="string"/>
                  </detail>
               </processObject>
               <processObject xmlns="http://schemas.active-endpoints.com/appmodules/screenflow/2011/06/avosHostEnvironment.xsd"
                              isByCopy="true"
                              name="SC_404PendingApprovables">
                  <description>Something went wrong. The username passed in the query param is not found</description>
                  <detail>
                     <field name="error_description" type="string"/>
                     <field name="description" type="string"/>
                     <field name="error" type="string"/>
                  </detail>
               </processObject>
               <processObject xmlns="http://schemas.active-endpoints.com/appmodules/screenflow/2011/06/avosHostEnvironment.xsd"
                              isByCopy="true"
                              name="SupplierQualificationProject">
                  <description/>
                  <detail/>
               </processObject>
               <processObject xmlns="http://schemas.active-endpoints.com/appmodules/screenflow/2011/06/avosHostEnvironment.xsd"
                              isByCopy="true"
                              name="SourcingProject">
                  <description/>
                  <detail>
                     <field name="owner" type="string"/>
                     <field name="predecessorProject" type="string"/>
                     <field name="regions" type="objectlist">
                        <options>
                           <option name="referenceTo">string</option>
                           <option name="relationshipName">Child</option>
                        </options>
                     </field>
                     <field name="documents" type="object"/>
                     <field name="customFields" type="object"/>
                     <field name="description" type="string"/>
                     <field name="commodities" type="objectlist">
                        <options>
                           <option name="referenceTo">string</option>
                           <option name="relationshipName">Child</option>
                        </options>
                     </field>
                     <field name="history" type="object"/>
                     <field name="version" type="string"/>
                     <field name="testProject" type="string"/>
                     <field name="projectState" type="string"/>
                     <field name="projectReason" type="string"/>
                     <field name="externalSystem" type="object"/>
                     <field name="name" type="string"/>
                     <field name="resourcedBy" type="string"/>
                     <field name="executionStrategy" type="string"/>
                     <field name="copyFromProject" type="string"/>
                     <field name="baseLanguage" type="string"/>
                     <field name="departments" type="objectlist">
                        <options>
                           <option name="referenceTo">string</option>
                           <option name="relationshipName">Child</option>
                        </options>
                     </field>
                  </detail>
               </processObject>
               <processObject xmlns="http://schemas.active-endpoints.com/appmodules/screenflow/2011/06/avosHostEnvironment.xsd"
                              isByCopy="true"
                              name="ItemResponses">
                  <description/>
                  <detail/>
               </processObject>
               <processObject xmlns="http://schemas.active-endpoints.com/appmodules/screenflow/2011/06/avosHostEnvironment.xsd"
                              isByCopy="true"
                              name="BasicItem">
                  <description/>
                  <detail>
                     <field name="itemId" type="string"/>
                     <field name="title" type="string"/>
                  </detail>
               </processObject>
               <processObject xmlns="http://schemas.active-endpoints.com/appmodules/screenflow/2011/06/avosHostEnvironment.xsd"
                              isByCopy="true"
                              name="SupplierDisqualificationProject">
                  <description/>
                  <detail/>
               </processObject>
               <processObject xmlns="http://schemas.active-endpoints.com/appmodules/screenflow/2011/06/avosHostEnvironment.xsd"
                              isByCopy="true"
                              name="ErrorResponse">
                  <description/>
                  <detail>
                     <field name="errorDescription" type="string"/>
                     <field name="description" type="string"/>
                     <field name="error" type="string"/>
                  </detail>
               </processObject>
               <processObject xmlns="http://schemas.active-endpoints.com/appmodules/screenflow/2011/06/avosHostEnvironment.xsd"
                              isByCopy="true"
                              name="SMQuestionnaire">
                  <description/>
                  <detail>
                     <field name="questionnaireTitle" type="string"/>
                     <field name="currentStatus" type="string"/>
                     <field name="format" type="string"/>
                     <field name="answers" type="objectlist">
                        <options>
                           <option name="referenceTo">SMQuestionnaireItemAnswer</option>
                           <option name="relationshipName">Child</option>
                        </options>
                     </field>
                     <field name="questionnaireId" type="string"/>
                     <field name="questionnaireLocale" type="string"/>
                     <field name="locale" type="string"/>
                     <field name="commodityLevels" type="objectlist">
                        <options>
                           <option name="referenceTo">string</option>
                           <option name="relationshipName">Child</option>
                        </options>
                     </field>
                     <field name="processId" type="string"/>
                     <field name="draft" type="boolean"/>
                     <field name="supplier" type="object"/>
                     <field name="questionnaireStatus" type="int"/>
                     <field name="requesterLocale" type="string"/>
                     <field name="action" type="string"/>
                     <field name="questionnaireDueDate" type="double"/>
                     <field name="items" type="objectlist">
                        <options>
                           <option name="referenceTo">SMQuestionnaireItemDefn</option>
                           <option name="relationshipName">Child</option>
                        </options>
                     </field>
                     <field name="workspaceId" type="string"/>
                  </detail>
               </processObject>
               <processObject xmlns="http://schemas.active-endpoints.com/appmodules/screenflow/2011/06/avosHostEnvironment.xsd"
                              isByCopy="true"
                              name="SupplierManagementProject">
                  <description/>
                  <detail>
                     <field name="commodity" type="object"/>
                     <field name="documents" type="object"/>
                     <field name="surveys" type="object"/>
                     <field name="title" type="string"/>
                     <field name="workspaceTitle" type="string"/>
                     <field name="mainContact" type="reference">
                        <options>
                           <option name="referenceTo">User</option>
                           <option name="relationshipName">Child</option>
                        </options>
                     </field>
                     <field name="isDeleted" type="boolean"/>
                     <field name="processId" type="string"/>
                     <field name="invitees" type="objectlist">
                        <options>
                           <option name="referenceTo">User</option>
                           <option name="relationshipName">Child</option>
                        </options>
                     </field>
                     <field name="supplier" type="object"/>
                     <field name="id" type="string"/>
                     <field name="department" type="object"/>
                     <field name="tasks" type="object"/>
                     <field name="workspaceId" type="string"/>
                     <field name="owner" type="object"/>
                     <field name="isFile" type="boolean"/>
                     <field name="entityType" type="string"/>
                     <field name="projectItemType" type="string"/>
                     <field name="version" type="string"/>
                     <field name="aribaType" type="string"/>
                     <field name="parentId" type="string"/>
                     <field name="beginDate" type="double"/>
                     <field name="isAutoApproval" type="boolean"/>
                     <field name="region" type="object"/>
                     <field name="status" type="string"/>
                  </detail>
               </processObject>
               <processObject xmlns="http://schemas.active-endpoints.com/appmodules/screenflow/2011/06/avosHostEnvironment.xsd"
                              isByCopy="true"
                              name="SourcingScenario">
                  <description/>
                  <detail/>
               </processObject>
               <processObject xmlns="http://schemas.active-endpoints.com/appmodules/screenflow/2011/06/avosHostEnvironment.xsd"
                              isByCopy="true"
                              name="ActionRequest">
                  <description/>
                  <detail>
                     <field name="actionableType" type="string"/>
                     <field name="uniqueName" type="string"/>
                     <field name="options" type="object"/>
                     <field name="actionName" type="string"/>
                  </detail>
               </processObject>
               <processObject xmlns="http://schemas.active-endpoints.com/appmodules/screenflow/2011/06/avosHostEnvironment.xsd"
                              isByCopy="true"
                              name="SMQuestionnaireItemAnswer">
                  <description/>
                  <detail>
                     <field name="extendedAddressAnswer" type="object"/>
                     <field name="itemId" type="string"/>
                     <field name="externalSystemCorrelationId" type="string"/>
                     <field name="multiValueAnswer" type="objectlist">
                        <options>
                           <option name="referenceTo">string</option>
                           <option name="relationshipName">Child</option>
                        </options>
                     </field>
                     <field name="comments" type="object"/>
                     <field name="certificateAnswer" type="object"/>
                     <field name="answer" type="string"/>
                     <field name="addressAnswer" type="object"/>
                     <field name="taxDataAnswer" type="object"/>
                     <field name="alternative" type="string"/>
                     <field name="attachmentAnswer" type="object"/>
                     <field name="bankAccountAnswer" type="object"/>
                  </detail>
               </processObject>
               <processObject xmlns="http://schemas.active-endpoints.com/appmodules/screenflow/2011/06/avosHostEnvironment.xsd"
                              isByCopy="true"
                              name="Principal">
                  <description/>
                  <detail>
                     <field name="type" type="string"/>
                     <field name="user" type="reference">
                        <options>
                           <option name="referenceTo">User</option>
                           <option name="relationshipName">Child</option>
                        </options>
                     </field>
                     <field name="group" type="object"/>
                  </detail>
               </processObject>
               <processObject xmlns="http://schemas.active-endpoints.com/appmodules/screenflow/2011/06/avosHostEnvironment.xsd"
                              isByCopy="true"
                              name="string">
                  <description/>
                  <detail>
                     <field name="string" type="string"/>
                  </detail>
               </processObject>
               <processObject xmlns="http://schemas.active-endpoints.com/appmodules/screenflow/2011/06/avosHostEnvironment.xsd"
                              isByCopy="true"
                              name="boolean">
                  <description/>
                  <detail>
                     <field name="boolean" type="boolean"/>
                  </detail>
               </processObject>
               <processObject xmlns="http://schemas.active-endpoints.com/appmodules/screenflow/2011/06/avosHostEnvironment.xsd"
                              isByCopy="true"
                              name="double">
                  <description/>
                  <detail>
                     <field name="double" type="double"/>
                  </detail>
               </processObject>
               <processObject xmlns="http://schemas.active-endpoints.com/appmodules/screenflow/2011/06/avosHostEnvironment.xsd"
                              isByCopy="true"
                              name="integer">
                  <description/>
                  <detail>
                     <field name="integer" type="int"/>
                  </detail>
               </processObject>
            </objects>
         </businessConnector>
      </types1:Entry>
      <types1:GUID>0tXwRMi3fmDhvVxrQSibAx</types1:GUID>
      <types1:DisplayName>SAP Ariba External Approval for Sourcing and Supplier Management REST API v1</types1:DisplayName>
   </types1:Item>
   <types1:CurrentServerDateTime>2019-12-22T10:14:54.842Z</types1:CurrentServerDateTime>
</aetgt:getResponse>
