<aetgt:getResponse xmlns:aetgt="http://schemas.active-endpoints.com/appmodules/repository/2010/10/avrepository.xsd"
                   xmlns:types1="http://schemas.active-endpoints.com/appmodules/repository/2010/10/avrepository.xsd">
   <types1:Item>
      <types1:EntryId>SabbeJOSM8NciZB-gt-877857-2019-11-13T05:20:36.721Z::svc.xml</types1:EntryId>
      <types1:Name>SAP_S4HANA_Workforce_TimesheetAPI_v1</types1:Name>
      <types1:MimeType>application/xml+businesssconnector</types1:MimeType>
      <types1:Description>This service enables you to create, read, update, and  delete (CRUD) data related to timesheet of a workforce  (Employees or Contingent Workers) with the data  provided in a payload, in an API call. This service also  supports automatic posting of timesheet data to the  controlling module synchronously.</types1:Description>
      <types1:AppliesTo/>
      <types1:Tags/>
      <types1:VersionLabel>1.0</types1:VersionLabel>
      <types1:State>CURRENT</types1:State>
      <types1:ProcessGroup/>
      <types1:CreatedBy>sorabh@na1.dm-us.org</types1:CreatedBy>
      <types1:CreationDate>2019-11-13T05:20:37Z</types1:CreationDate>
      <types1:ModifiedBy/>
      <types1:PublicationStatus>published</types1:PublicationStatus>
      <types1:PublishedBy>sorabh@na1.dm-us.org</types1:PublishedBy>
      <types1:PublicationDate>2019-11-13T05:20:42Z</types1:PublicationDate>
      <types1:PublishedContributionId>project:/rt.connector/SAP_S4HANA_Workforce_TimesheetAPI_v1/SAP_S4HANA_Workforce_TimesheetAPI_v1_svcDef.xml</types1:PublishedContributionId>
      <types1:AutosaveExists>false</types1:AutosaveExists>
      <types1:Entry>
         <businessConnector xmlns="http://schemas.informatica.com/socrates/data-services/2014/05/business-connector-model.xsd"
                            agentOnly="false"
                            debug="false"
                            displayName="SAP S4HANA Workforce TimesheetAPI v1"
                            label=""
                            name="SAP_S4HANA_Workforce_TimesheetAPI_v1"
                            uuid="90f50e7a-59c4-4a23-b5cf-e927aa15188d">
            <description>This service enables you to create, read, update, and  delete (CRUD) data related to timesheet of a workforce  (Employees or Contingent Workers) with the data  provided in a payload, in an API call. This service also  supports automatic posting of timesheet data to the  controlling module synchronously.</description>
            <tags/>
            <connectionAttributes xmlns="http://schemas.informatica.com/appmodules/screenflow/2014/04/avosConnectors.xsd">
               <connectionAttribute description="Host Name"
                                    masked="false"
                                    name="hostName"
                                    required="true"
                                    testWith="sandbox.api.sap.com"
                                    type="string"/>
               <connectionAttribute description="User Name"
                                    masked="false"
                                    name="username"
                                    required="true"
                                    testWith=""
                                    type="string"/>
               <connectionAttribute description="Password"
                                    masked="true"
                                    name="password"
                                    required="true"
                                    testWith=""
                                    type="string"/>
            </connectionAttributes>
            <actions>
               <action category="Batch Requests"
                       failOnError="true"
                       forSearch="false"
                       label="POST_batch"
                       maxRedirects="100"
                       name="POST_batch"
                       preemptiveAuth="true"
                       responseEncoding="">
                  <description>Send a group of requests. Group multiple requests into a single request payload, see [Batch Requests](https://help.sap.com/doc/5890d27be418427993fafa6722cdc03b/Cloud/en-US/OdataV2.pdf#page=152).</description>
                  <input>
                     <parameter description="Batch request"
                                label="requestBody"
                                name="requestBody"
                                required="false"
                                testWith=""
                                type="string"/>
                  </input>
                  <binding>
                     <restSimpleBinding multiUsing="semicolonSeparated"
                                        url="https://{$hostName}/s4hanacloud/sap/opu/odata/sap/API_MANAGE_WORKFORCE_TIMESHEET/$batch"
                                        verb="POST">
                        <authentication>
                           <username>{$username}</username>
                           <password>{$password}</password>
                           <isExpressionInPassword>true</isExpressionInPassword>
                        </authentication>
                        <httpHeaders>
                           <header name="Content-Type">multipart/mixed;boundary=request-separator</header>
                           <header name="Accept">multipart/mixed</header>
                        </httpHeaders>
                        <body>{$requestBody}</body>
                     </restSimpleBinding>
                  </binding>
                  <output/>
               </action>
               <action category="TimeSheetEntryCollection"
                       failOnError="true"
                       forSearch="false"
                       label="POST_TimeSheetEntryCollection"
                       maxRedirects="100"
                       name="POST_TimeSheetEntryCollection"
                       preemptiveAuth="true"
                       responseEncoding="">
                  <description>Add new entity to TimeSheetEntryCollection</description>
                  <input>
                     <parameter description="New entity"
                                label="TimeSheetEntry"
                                name="TimeSheetEntry"
                                required="false"
                                testWith=""
                                type="reference">
                        <options>
                           <option name="referenceTo">API_MANAGE_WORKFORCE_TIMESHEET_TimeSheetEntry_create</option>
                        </options>
                     </parameter>
                  </input>
                  <binding>
                     <restSimpleBinding multiUsing="semicolonSeparated"
                                        url="https://{$hostName}/s4hanacloud/sap/opu/odata/sap/API_MANAGE_WORKFORCE_TIMESHEET/TimeSheetEntryCollection"
                                        verb="POST">
                        <authentication>
                           <username>{$username}</username>
                           <password>{$password}</password>
                           <isExpressionInPassword>true</isExpressionInPassword>
                        </authentication>
                        <httpHeaders>
                           <header name="Content-Type">application/json</header>
                           <header name="Accept">application/json</header>
                        </httpHeaders>
                        <body generateUsing="UnwrappedJSON" preserveJsonStringFormatting="false"/>
                     </restSimpleBinding>
                  </binding>
                  <output/>
               </action>
               <action category="TimeSheetEntryCollection"
                       failOnError="true"
                       forSearch="false"
                       label="GET_TimeSheetEntryCollection"
                       maxRedirects="100"
                       name="GET_TimeSheetEntryCollection"
                       preemptiveAuth="true"
                       responseEncoding="">
                  <description>Get entities from TimeSheetEntryCollection</description>
                  <input>
                     <parameter description="Show only the first n items, see [Paging - Top](https://help.sap.com/doc/5890d27be418427993fafa6722cdc03b/Cloud/en-US/OdataV2.pdf#page=66)"
                                label="$top"
                                name="$top"
                                required="false"
                                testWith=""
                                type="int"/>
                     <parameter description="Skip the first n items, see [Paging - Skip](https://help.sap.com/doc/5890d27be418427993fafa6722cdc03b/Cloud/en-US/OdataV2.pdf#page=65)"
                                label="$skip"
                                name="$skip"
                                required="false"
                                testWith=""
                                type="int"/>
                     <parameter description="Filter items by property values, see [Filtering](https://help.sap.com/doc/5890d27be418427993fafa6722cdc03b/Cloud/en-US/OdataV2.pdf#page=64)"
                                label="$filter"
                                name="$filter"
                                required="false"
                                testWith=""
                                type="string"/>
                     <parameter description="Include count of items, see [Inlinecount](https://help.sap.com/doc/5890d27be418427993fafa6722cdc03b/Cloud/en-US/OdataV2.pdf#page=67)"
                                label="$inlinecount"
                                name="$inlinecount"
                                required="false"
                                testWith=""
                                type="picklist">
                        <options>
                           <option name="values">[{"value":"allpages","label":"allpages"},{"value":"none","label":"none"}]</option>
                        </options>
                     </parameter>
                     <parameter description="Order items by property values, see [Sorting](https://help.sap.com/doc/5890d27be418427993fafa6722cdc03b/Cloud/en-US/OdataV2.pdf#page=65)"
                                label="$orderby"
                                name="$orderby"
                                required="false"
                                testWith=""
                                type="picklist">
                        <options>
                           <option name="values">[{"value":"TimeSheetDataFields","label":"TimeSheetDataFields"},{"value":"TimeSheetDataFields desc","label":"TimeSheetDataFields desc"}]</option>
                        </options>
                     </parameter>
                     <parameter description="Select properties to be returned, see [Select](https://help.sap.com/doc/5890d27be418427993fafa6722cdc03b/Cloud/en-US/OdataV2.pdf#page=68)"
                                label="$select"
                                name="$select"
                                required="false"
                                testWith=""
                                type="picklist">
                        <options>
                           <option name="values">[{"value":"TimeSheetDataFields","label":"TimeSheetDataFields"},{"value":"PersonWorkAgreementExternalID","label":"PersonWorkAgreementExternalID"},{"value":"CompanyCode","label":"CompanyCode"},{"value":"TimeSheetRecord","label":"TimeSheetRecord"},{"value":"PersonWorkAgreement","label":"PersonWorkAgreement"},{"value":"TimeSheetDate","label":"TimeSheetDate"},{"value":"TimeSheetIsReleasedOnSave","label":"TimeSheetIsReleasedOnSave"},{"value":"TimeSheetPredecessorRecord","label":"TimeSheetPredecessorRecord"},{"value":"TimeSheetStatus","label":"TimeSheetStatus"},{"value":"TimeSheetIsExecutedInTestRun","label":"TimeSheetIsExecutedInTestRun"},{"value":"TimeSheetOperation","label":"TimeSheetOperation"}]</option>
                        </options>
                     </parameter>
                  </input>
                  <binding>
                     <restSimpleBinding multiUsing="semicolonSeparated"
                                        url="https://{$hostName}/s4hanacloud/sap/opu/odata/sap/API_MANAGE_WORKFORCE_TIMESHEET/TimeSheetEntryCollection"
                                        verb="GET">
                        <authentication>
                           <username>{$username}</username>
                           <password>{$password}</password>
                           <isExpressionInPassword>true</isExpressionInPassword>
                        </authentication>
                        <httpHeaders>
                           <header name="Content-Type">application/json</header>
                           <header name="Accept">application/json</header>
                        </httpHeaders>
                     </restSimpleBinding>
                  </binding>
                  <output>
                     <field description="Retrieved entities"
                            entireResponse="true"
                            name="entireResponse"
                            type="object"/>
                  </output>
               </action>
               <action category="TimeSheetEntryCollection"
                       failOnError="true"
                       forSearch="false"
                       label="GET_TimeSheetEntryCollection_PersonWorkAgreementExternalID_PersonWorkAgreementExternalID_CompanyCode_CompanyCode_TimeSheetRecord_TimeSheetRecord_"
                       maxRedirects="100"
                       name="GET_TimeSheetEntryCollection_PersonWorkAgreementExternalID_PersonWorkAgreementExternalID_CompanyCode_CompanyCode_TimeSheetRecord_TimeSheetRecord_"
                       preemptiveAuth="true"
                       responseEncoding="">
                  <description>Get entity from TimeSheetEntryCollection by key</description>
                  <input>
                     <parameter description="Select properties to be returned, see [Select](https://help.sap.com/doc/5890d27be418427993fafa6722cdc03b/Cloud/en-US/OdataV2.pdf#page=68)"
                                label="$select"
                                name="$select"
                                required="false"
                                testWith=""
                                type="picklist">
                        <options>
                           <option name="values">[{"value":"TimeSheetDataFields","label":"TimeSheetDataFields"},{"value":"PersonWorkAgreementExternalID","label":"PersonWorkAgreementExternalID"},{"value":"CompanyCode","label":"CompanyCode"},{"value":"TimeSheetRecord","label":"TimeSheetRecord"},{"value":"PersonWorkAgreement","label":"PersonWorkAgreement"},{"value":"TimeSheetDate","label":"TimeSheetDate"},{"value":"TimeSheetIsReleasedOnSave","label":"TimeSheetIsReleasedOnSave"},{"value":"TimeSheetPredecessorRecord","label":"TimeSheetPredecessorRecord"},{"value":"TimeSheetStatus","label":"TimeSheetStatus"},{"value":"TimeSheetIsExecutedInTestRun","label":"TimeSheetIsExecutedInTestRun"},{"value":"TimeSheetOperation","label":"TimeSheetOperation"}]</option>
                        </options>
                     </parameter>
                     <parameter description="Work Agreement External ID"
                                label="PersonWorkAgreementExternalIDPathParam"
                                name="PersonWorkAgreementExternalIDPathParam"
                                nogen="true"
                                required="true"
                                testWith=""
                                type="string"/>
                     <parameter description="The company code is an organizational unit within financial accounting."
                                label="CompanyCodePathParam"
                                name="CompanyCodePathParam"
                                nogen="true"
                                required="true"
                                testWith=""
                                type="string"/>
                     <parameter description="Counter for Records in Time Recording  &#xA;The system assigns time sheet records a counter. The counter represents a record's unique database ID.  &#xA;If you change a record that has already been approved, the original record retains this ID; the changed record is assigned another unique ID."
                                label="TimeSheetRecordPathParam"
                                name="TimeSheetRecordPathParam"
                                nogen="true"
                                required="true"
                                testWith=""
                                type="string"/>
                  </input>
                  <binding>
                     <restSimpleBinding multiUsing="semicolonSeparated"
                                        url="https://{$hostName}/s4hanacloud/sap/opu/odata/sap/API_MANAGE_WORKFORCE_TIMESHEET/TimeSheetEntryCollection(PersonWorkAgreementExternalID='{$PersonWorkAgreementExternalIDPathParam}',CompanyCode='{$CompanyCodePathParam}',TimeSheetRecord='{$TimeSheetRecordPathParam}')"
                                        verb="GET">
                        <authentication>
                           <username>{$username}</username>
                           <password>{$password}</password>
                           <isExpressionInPassword>true</isExpressionInPassword>
                        </authentication>
                        <httpHeaders>
                           <header name="Content-Type">application/json</header>
                           <header name="Accept">application/json</header>
                        </httpHeaders>
                     </restSimpleBinding>
                  </binding>
                  <output>
                     <field description="Retrieved entity"
                            entireResponse="true"
                            name="entireResponse"
                            type="object"/>
                  </output>
               </action>
            </actions>
            <objects>
               <processObject xmlns="http://schemas.active-endpoints.com/appmodules/screenflow/2011/06/avosHostEnvironment.xsd"
                              isByCopy="true"
                              name="API_MANAGE_WORKFORCE_TIMESHEET_TimeSheetEntry_update">
                  <description/>
                  <detail>
                     <field name="TimeSheetDataFields" type="reference">
                        <options>
                           <option name="referenceTo">API_MANAGE_WORKFORCE_TIMESHEET_TimeSheetDataFields_update</option>
                           <option name="relationshipName">Child</option>
                        </options>
                     </field>
                  </detail>
               </processObject>
               <processObject xmlns="http://schemas.active-endpoints.com/appmodules/screenflow/2011/06/avosHostEnvironment.xsd"
                              isByCopy="true"
                              name="API_MANAGE_WORKFORCE_TIMESHEET_TimeSheetDataFields_update">
                  <description/>
                  <detail/>
               </processObject>
               <processObject xmlns="http://schemas.active-endpoints.com/appmodules/screenflow/2011/06/avosHostEnvironment.xsd"
                              isByCopy="true"
                              name="API_MANAGE_WORKFORCE_TIMESHEET_TimeSheetEntry_create">
                  <description/>
                  <detail>
                     <field name="TimeSheetDate" type="string"/>
                     <field name="TimeSheetRecord" type="string"/>
                     <field name="TimeSheetIsReleasedOnSave" type="boolean"/>
                     <field name="TimeSheetDataFields" type="reference">
                        <options>
                           <option name="referenceTo">API_MANAGE_WORKFORCE_TIMESHEET_TimeSheetDataFields_create</option>
                           <option name="relationshipName">Child</option>
                        </options>
                     </field>
                     <field name="PersonWorkAgreementExternalID" type="string"/>
                     <field name="TimeSheetStatus" type="string"/>
                     <field name="TimeSheetPredecessorRecord" type="string"/>
                     <field name="TimeSheetIsExecutedInTestRun" type="boolean"/>
                     <field name="TimeSheetOperation" type="string"/>
                     <field name="CompanyCode" type="string"/>
                     <field name="PersonWorkAgreement" type="string"/>
                  </detail>
               </processObject>
               <processObject xmlns="http://schemas.active-endpoints.com/appmodules/screenflow/2011/06/avosHostEnvironment.xsd"
                              isByCopy="true"
                              name="error">
                  <description/>
                  <detail>
                     <field name="error" type="object"/>
                  </detail>
               </processObject>
               <processObject xmlns="http://schemas.active-endpoints.com/appmodules/screenflow/2011/06/avosHostEnvironment.xsd"
                              isByCopy="true"
                              name="API_MANAGE_WORKFORCE_TIMESHEET_TimeSheetDataFields_create">
                  <description/>
                  <detail>
                     <field name="TimeSheetTaskComponent" type="string"/>
                     <field name="WBSElement" type="string"/>
                     <field name="HoursUnitOfMeasure" type="string"/>
                     <field name="ReceiverCostCenter" type="string"/>
                     <field name="ActivityType" type="string"/>
                     <field name="TimeSheetWrkLocCode" type="string"/>
                     <field name="SenderCostCenter" type="string"/>
                     <field name="InternalOrder" type="string"/>
                     <field name="WorkItem" type="string"/>
                     <field name="RejectionReason" type="string"/>
                     <field name="BillingControlCategory" type="string"/>
                     <field name="PurchaseOrderItem" type="string"/>
                     <field name="TimeSheetNote" type="string"/>
                     <field name="TimeSheetTaskType" type="string"/>
                     <field name="RecordedQuantity" type="string"/>
                     <field name="TimeSheetOvertimeCategory" type="string"/>
                     <field name="TimeSheetTaskLevel" type="string"/>
                     <field name="RecordedHours" type="string"/>
                     <field name="PurchaseOrder" type="string"/>
                     <field name="ControllingArea" type="string"/>
                  </detail>
               </processObject>
               <processObject xmlns="http://schemas.active-endpoints.com/appmodules/screenflow/2011/06/avosHostEnvironment.xsd"
                              isByCopy="true"
                              name="API_MANAGE_WORKFORCE_TIMESHEET_TimeSheetEntry">
                  <description/>
                  <detail>
                     <field name="TimeSheetDate" type="string"/>
                     <field name="TimeSheetRecord" type="string"/>
                     <field name="TimeSheetIsReleasedOnSave" type="boolean"/>
                     <field name="TimeSheetDataFields" type="reference">
                        <options>
                           <option name="referenceTo">API_MANAGE_WORKFORCE_TIMESHEET_TimeSheetDataFields</option>
                           <option name="relationshipName">Child</option>
                        </options>
                     </field>
                     <field name="PersonWorkAgreementExternalID" type="string"/>
                     <field name="TimeSheetStatus" type="string"/>
                     <field name="TimeSheetPredecessorRecord" type="string"/>
                     <field name="TimeSheetIsExecutedInTestRun" type="boolean"/>
                     <field name="TimeSheetOperation" type="string"/>
                     <field name="CompanyCode" type="string"/>
                     <field name="PersonWorkAgreement" type="string"/>
                  </detail>
               </processObject>
               <processObject xmlns="http://schemas.active-endpoints.com/appmodules/screenflow/2011/06/avosHostEnvironment.xsd"
                              isByCopy="true"
                              name="API_MANAGE_WORKFORCE_TIMESHEET_TimeSheetDataFields">
                  <description/>
                  <detail>
                     <field name="TimeSheetTaskComponent" type="string"/>
                     <field name="WBSElement" type="string"/>
                     <field name="HoursUnitOfMeasure" type="string"/>
                     <field name="ReceiverCostCenter" type="string"/>
                     <field name="ActivityType" type="string"/>
                     <field name="TimeSheetWrkLocCode" type="string"/>
                     <field name="SenderCostCenter" type="string"/>
                     <field name="InternalOrder" type="string"/>
                     <field name="WorkItem" type="string"/>
                     <field name="RejectionReason" type="string"/>
                     <field name="BillingControlCategory" type="string"/>
                     <field name="PurchaseOrderItem" type="string"/>
                     <field name="TimeSheetNote" type="string"/>
                     <field name="TimeSheetTaskType" type="string"/>
                     <field name="RecordedQuantity" type="string"/>
                     <field name="TimeSheetOvertimeCategory" type="string"/>
                     <field name="TimeSheetTaskLevel" type="string"/>
                     <field name="RecordedHours" type="string"/>
                     <field name="PurchaseOrder" type="string"/>
                     <field name="ControllingArea" type="string"/>
                  </detail>
               </processObject>
               <processObject xmlns="http://schemas.active-endpoints.com/appmodules/screenflow/2011/06/avosHostEnvironment.xsd"
                              isByCopy="true"
                              name="string">
                  <description/>
                  <detail>
                     <field name="string" type="string"/>
                  </detail>
               </processObject>
               <processObject xmlns="http://schemas.active-endpoints.com/appmodules/screenflow/2011/06/avosHostEnvironment.xsd"
                              isByCopy="true"
                              name="boolean">
                  <description/>
                  <detail>
                     <field name="boolean" type="boolean"/>
                  </detail>
               </processObject>
               <processObject xmlns="http://schemas.active-endpoints.com/appmodules/screenflow/2011/06/avosHostEnvironment.xsd"
                              isByCopy="true"
                              name="double">
                  <description/>
                  <detail>
                     <field name="double" type="double"/>
                  </detail>
               </processObject>
               <processObject xmlns="http://schemas.active-endpoints.com/appmodules/screenflow/2011/06/avosHostEnvironment.xsd"
                              isByCopy="true"
                              name="integer">
                  <description/>
                  <detail>
                     <field name="integer" type="int"/>
                  </detail>
               </processObject>
            </objects>
         </businessConnector>
      </types1:Entry>
      <types1:GUID>dzAFj5UtkgTlYx2WNaiLQY</types1:GUID>
      <types1:DisplayName>SAP S4HANA Workforce TimesheetAPI v1</types1:DisplayName>
   </types1:Item>
   <types1:CurrentServerDateTime>2019-11-13T05:21:05.297Z</types1:CurrentServerDateTime>
</aetgt:getResponse>
