<aetgt:getResponse xmlns:aetgt="http://schemas.active-endpoints.com/appmodules/repository/2010/10/avrepository.xsd"
                   xmlns:types1="http://schemas.active-endpoints.com/appmodules/repository/2010/10/avrepository.xsd">
   <types1:Item>
      <types1:EntryId>C64Ky2uI5CUP9WY-gt-6851645-2020-03-05T03:48:01.457Z::svc.xml</types1:EntryId>
      <types1:Name>CallidusCloud_Admin_API</types1:Name>
      <types1:MimeType>application/xml+businesssconnector</types1:MimeType>
      <types1:Description/>
      <types1:AppliesTo/>
      <types1:Tags/>
      <types1:VersionLabel>1.0</types1:VersionLabel>
      <types1:State>CURRENT</types1:State>
      <types1:ProcessGroup/>
      <types1:CreatedBy>sorabh@na1.dm-us.org</types1:CreatedBy>
      <types1:CreationDate>2020-03-05T03:48:01Z</types1:CreationDate>
      <types1:ModifiedBy/>
      <types1:PublicationStatus>published</types1:PublicationStatus>
      <types1:PublishedBy>sorabh@na1.dm-us.org</types1:PublishedBy>
      <types1:PublicationDate>2020-03-05T03:48:14Z</types1:PublicationDate>
      <types1:PublishedContributionId>project:/rt.connector/CallidusCloud_Admin_API/CallidusCloud_Admin_API_svcDef.xml</types1:PublishedContributionId>
      <types1:AutosaveExists>false</types1:AutosaveExists>
      <types1:Entry>
         <businessConnector xmlns="http://schemas.informatica.com/socrates/data-services/2014/05/business-connector-model.xsd"
                            agentOnly="false"
                            debug="false"
                            displayName="CallidusCloud Admin API"
                            label=""
                            name="CallidusCloud_Admin_API"
                            uuid="2db752dc-880b-4f80-9ccf-f26f0228f97b">
            <description/>
            <tags/>
            <connectionAttributes xmlns="http://schemas.informatica.com/appmodules/screenflow/2014/04/avosConnectors.xsd"/>
            <actions>
               <action category=""
                       failOnError="true"
                       forSearch="false"
                       isAbstract="true"
                       label="BaseAction"
                       maxRedirects="100"
                       name="BaseAction"
                       preemptiveAuth="true"
                       responseEncoding="">
                  <description/>
                  <input/>
                  <binding>
                     <restSimpleBinding multiUsing="semicolonSeparated"
                                        url="https://www.webcomcpq.com/wsAPI/wssrv.asmx"
                                        verb="POST">
                        <httpHeaders>
                           <header name="Content-Type">text/xml; charset=utf-8</header>
                        </httpHeaders>
                        <body/>
                     </restSimpleBinding>
                  </binding>
                  <output/>
               </action>
               <action category=""
                       failOnError="true"
                       forSearch="false"
                       inherits="BaseAction"
                       label="doUSeeMe"
                       maxRedirects="100"
                       name="doUSeeMe"
                       preemptiveAuth="true"
                       responseEncoding="">
                  <description/>
                  <inheritanceMetadata>
                     <section type="output">
                        <section type="outputFields"/>
                     </section>
                     <section type="restSimpleBinding">
                        <section type="body">
                           <attribute inherit="overwrite" name="content" type="content"/>
                        </section>
                        <section type="httpHeaders">
                           <attribute inherit="inherit" name="Content-Type" type="header"/>
                        </section>
                        <section type="otherParams"/>
                     </section>
                  </inheritanceMetadata>
                  <input>
                     <parameter name="doUSeeMe" required="false" testWith="" type="reference">
                        <options>
                           <option name="referenceTo">DoUSeeMe_AT</option>
                        </options>
                     </parameter>
                  </input>
                  <binding>
                     <restSimpleBinding url="https://www.webcomcpq.com/wsAPI/wssrv.asmx" verb="POST">
                        <httpHeaders>
                           <header name="SOAPAction">"http://webcominc.com/doUSeeMe"</header>
                        </httpHeaders>
                        <body>&lt;soap:Envelope xmlns:soap="http://schemas.xmlsoap.org/soap/envelope/"&gt;
   &lt;soap:Header/&gt;
   &lt;soap:Body&gt;
      &lt;ns:doUSeeMe xmlns:ns="http://webcominc.com/"&gt;
            &lt;ns:username&gt;{$doUSeeMe/username/text()}&lt;/ns:username&gt;
            &lt;ns:password&gt;{$doUSeeMe/password/text()}&lt;/ns:password&gt;
        &lt;/ns:doUSeeMe&gt;
   &lt;/soap:Body&gt;
&lt;/soap:Envelope&gt;</body>
                     </restSimpleBinding>
                  </binding>
                  <output>
                     <field description="" name="doUSeeMeResponse" type="reference">
                        <options>
                           <option name="referenceTo">DoUSeeMeResponse_AT</option>
                        </options>
                        <xquery>{util:simplifyXml(//*[local-name()='doUSeeMeResponse'])}</xquery>
                     </field>
                  </output>
               </action>
               <action category=""
                       failOnError="true"
                       forSearch="false"
                       inherits="BaseAction"
                       label="UserAdministration"
                       maxRedirects="100"
                       name="UserAdministration"
                       preemptiveAuth="true"
                       responseEncoding="">
                  <description/>
                  <inheritanceMetadata>
                     <section type="output">
                        <section type="outputFields"/>
                     </section>
                     <section type="restSimpleBinding">
                        <section type="body">
                           <attribute inherit="overwrite" name="content" type="content"/>
                        </section>
                        <section type="httpHeaders">
                           <attribute inherit="inherit" name="Content-Type" type="header"/>
                        </section>
                        <section type="otherParams"/>
                     </section>
                  </inheritanceMetadata>
                  <input>
                     <parameter name="UserAdministration"
                                required="false"
                                testWith=""
                                type="reference">
                        <options>
                           <option name="referenceTo">UserAdministration_AT</option>
                        </options>
                     </parameter>
                  </input>
                  <binding>
                     <restSimpleBinding url="https://www.webcomcpq.com/wsAPI/wssrv.asmx" verb="POST">
                        <httpHeaders>
                           <header name="SOAPAction">"http://webcominc.com/UserAdministration"</header>
                        </httpHeaders>
                        <body>&lt;soap:Envelope xmlns:soap="http://schemas.xmlsoap.org/soap/envelope/"&gt;
   &lt;soap:Header/&gt;
   &lt;soap:Body&gt;
      &lt;ns:UserAdministration xmlns:ns="http://webcominc.com/"&gt;
            &lt;ns:userNameAtDomain&gt;{$UserAdministration/userNameAtDomain/text()}&lt;/ns:userNameAtDomain&gt;
            &lt;ns:password&gt;{$UserAdministration/password/text()}&lt;/ns:password&gt;
            &lt;ns:action&gt;{$UserAdministration/action/text()}&lt;/ns:action&gt;
            &lt;ns:xDoc&gt;{$UserAdministration/xDoc/text()}&lt;/ns:xDoc&gt;
        &lt;/ns:UserAdministration&gt;
   &lt;/soap:Body&gt;
&lt;/soap:Envelope&gt;</body>
                     </restSimpleBinding>
                  </binding>
                  <output>
                     <field description="" name="UserAdministrationResponse" type="reference">
                        <options>
                           <option name="referenceTo">UserAdministrationResponse_AT</option>
                        </options>
                        <xquery>{util:simplifyXml(//*[local-name()='UserAdministrationResponse'])}</xquery>
                     </field>
                  </output>
               </action>
               <action category=""
                       failOnError="true"
                       forSearch="false"
                       inherits="BaseAction"
                       label="CompanyAdministration"
                       maxRedirects="100"
                       name="CompanyAdministration"
                       preemptiveAuth="true"
                       responseEncoding="">
                  <description/>
                  <inheritanceMetadata>
                     <section type="output">
                        <section type="outputFields"/>
                     </section>
                     <section type="restSimpleBinding">
                        <section type="body">
                           <attribute inherit="overwrite" name="content" type="content"/>
                        </section>
                        <section type="httpHeaders">
                           <attribute inherit="inherit" name="Content-Type" type="header"/>
                        </section>
                        <section type="otherParams"/>
                     </section>
                  </inheritanceMetadata>
                  <input>
                     <parameter name="CompanyAdministration"
                                required="false"
                                testWith=""
                                type="reference">
                        <options>
                           <option name="referenceTo">CompanyAdministration_AT</option>
                        </options>
                     </parameter>
                  </input>
                  <binding>
                     <restSimpleBinding url="https://www.webcomcpq.com/wsAPI/wssrv.asmx" verb="POST">
                        <httpHeaders>
                           <header name="SOAPAction">"http://webcominc.com/CompanyAdministration"</header>
                        </httpHeaders>
                        <body>&lt;soap:Envelope xmlns:soap="http://schemas.xmlsoap.org/soap/envelope/"&gt;
   &lt;soap:Header/&gt;
   &lt;soap:Body&gt;
      &lt;ns:CompanyAdministration xmlns:ns="http://webcominc.com/"&gt;
            &lt;ns:userNameAtDomain&gt;{$CompanyAdministration/userNameAtDomain/text()}&lt;/ns:userNameAtDomain&gt;
            &lt;ns:password&gt;{$CompanyAdministration/password/text()}&lt;/ns:password&gt;
            &lt;ns:action&gt;{$CompanyAdministration/action/text()}&lt;/ns:action&gt;
            &lt;ns:xDoc&gt;{$CompanyAdministration/xDoc/text()}&lt;/ns:xDoc&gt;
        &lt;/ns:CompanyAdministration&gt;
   &lt;/soap:Body&gt;
&lt;/soap:Envelope&gt;</body>
                     </restSimpleBinding>
                  </binding>
                  <output>
                     <field description=""
                            name="CompanyAdministrationResponse"
                            type="reference">
                        <options>
                           <option name="referenceTo">CompanyAdministrationResponse_AT</option>
                        </options>
                        <xquery>{util:simplifyXml(//*[local-name()='CompanyAdministrationResponse'])}</xquery>
                     </field>
                  </output>
               </action>
               <action category=""
                       failOnError="true"
                       forSearch="false"
                       inherits="BaseAction"
                       label="AUXTableAdministration"
                       maxRedirects="100"
                       name="AUXTableAdministration"
                       preemptiveAuth="true"
                       responseEncoding="">
                  <description/>
                  <inheritanceMetadata>
                     <section type="output">
                        <section type="outputFields"/>
                     </section>
                     <section type="restSimpleBinding">
                        <section type="body">
                           <attribute inherit="overwrite" name="content" type="content"/>
                        </section>
                        <section type="httpHeaders">
                           <attribute inherit="inherit" name="Content-Type" type="header"/>
                        </section>
                        <section type="otherParams"/>
                     </section>
                  </inheritanceMetadata>
                  <input>
                     <parameter name="AUXTableAdministration"
                                required="false"
                                testWith=""
                                type="reference">
                        <options>
                           <option name="referenceTo">AUXTableAdministration_AT</option>
                        </options>
                     </parameter>
                  </input>
                  <binding>
                     <restSimpleBinding url="https://www.webcomcpq.com/wsAPI/wssrv.asmx" verb="POST">
                        <httpHeaders>
                           <header name="SOAPAction">"http://webcominc.com/AUXTableAdministration"</header>
                        </httpHeaders>
                        <body>&lt;soap:Envelope xmlns:soap="http://schemas.xmlsoap.org/soap/envelope/"&gt;
   &lt;soap:Header/&gt;
   &lt;soap:Body&gt;
      &lt;ns:AUXTableAdministration xmlns:ns="http://webcominc.com/"&gt;
            &lt;ns:userName&gt;{$AUXTableAdministration/userName/text()}&lt;/ns:userName&gt;
            &lt;ns:password&gt;{$AUXTableAdministration/password/text()}&lt;/ns:password&gt;
            &lt;ns:action&gt;{$AUXTableAdministration/action/text()}&lt;/ns:action&gt;
            &lt;ns:tableName&gt;{$AUXTableAdministration/tableName/text()}&lt;/ns:tableName&gt;
            &lt;ns:xDoc&gt;{$AUXTableAdministration/xDoc/text()}&lt;/ns:xDoc&gt;
        &lt;/ns:AUXTableAdministration&gt;
   &lt;/soap:Body&gt;
&lt;/soap:Envelope&gt;</body>
                     </restSimpleBinding>
                  </binding>
                  <output>
                     <field description=""
                            name="AUXTableAdministrationResponse"
                            type="reference">
                        <options>
                           <option name="referenceTo">AUXTableAdministrationResponse_AT</option>
                        </options>
                        <xquery>{util:simplifyXml(//*[local-name()='AUXTableAdministrationResponse'])}</xquery>
                     </field>
                  </output>
               </action>
               <action category=""
                       failOnError="true"
                       forSearch="false"
                       inherits="BaseAction"
                       label="SimpleProductAdministration"
                       maxRedirects="100"
                       name="SimpleProductAdministration"
                       preemptiveAuth="true"
                       responseEncoding="">
                  <description/>
                  <inheritanceMetadata>
                     <section type="output">
                        <section type="outputFields"/>
                     </section>
                     <section type="restSimpleBinding">
                        <section type="body">
                           <attribute inherit="overwrite" name="content" type="content"/>
                        </section>
                        <section type="httpHeaders">
                           <attribute inherit="inherit" name="Content-Type" type="header"/>
                        </section>
                        <section type="otherParams"/>
                     </section>
                  </inheritanceMetadata>
                  <input>
                     <parameter name="SimpleProductAdministration"
                                required="false"
                                testWith=""
                                type="reference">
                        <options>
                           <option name="referenceTo">SimpleProductAdministration_AT</option>
                        </options>
                     </parameter>
                  </input>
                  <binding>
                     <restSimpleBinding url="https://www.webcomcpq.com/wsAPI/wssrv.asmx" verb="POST">
                        <httpHeaders>
                           <header name="SOAPAction">"http://webcominc.com/SimpleProductAdministration"</header>
                        </httpHeaders>
                        <body>&lt;soap:Envelope xmlns:soap="http://schemas.xmlsoap.org/soap/envelope/"&gt;
   &lt;soap:Header/&gt;
   &lt;soap:Body&gt;
      &lt;ns:SimpleProductAdministration xmlns:ns="http://webcominc.com/"&gt;
            &lt;ns:userName&gt;{$SimpleProductAdministration/userName/text()}&lt;/ns:userName&gt;
            &lt;ns:password&gt;{$SimpleProductAdministration/password/text()}&lt;/ns:password&gt;
            &lt;ns:action&gt;{$SimpleProductAdministration/action/text()}&lt;/ns:action&gt;
            &lt;ns:xDoc&gt;{$SimpleProductAdministration/xDoc/text()}&lt;/ns:xDoc&gt;
        &lt;/ns:SimpleProductAdministration&gt;
   &lt;/soap:Body&gt;
&lt;/soap:Envelope&gt;</body>
                     </restSimpleBinding>
                  </binding>
                  <output>
                     <field description=""
                            name="SimpleProductAdministrationResponse"
                            type="reference">
                        <options>
                           <option name="referenceTo">SimpleProductAdministrationResponse_AT</option>
                        </options>
                        <xquery>{util:simplifyXml(//*[local-name()='SimpleProductAdministrationResponse'])}</xquery>
                     </field>
                  </output>
               </action>
               <action category=""
                       failOnError="true"
                       forSearch="false"
                       inherits="BaseAction"
                       label="ImportMaterialsFromERP"
                       maxRedirects="100"
                       name="ImportMaterialsFromERP"
                       preemptiveAuth="true"
                       responseEncoding="">
                  <description/>
                  <inheritanceMetadata>
                     <section type="output">
                        <section type="outputFields"/>
                     </section>
                     <section type="restSimpleBinding">
                        <section type="body">
                           <attribute inherit="overwrite" name="content" type="content"/>
                        </section>
                        <section type="httpHeaders">
                           <attribute inherit="inherit" name="Content-Type" type="header"/>
                        </section>
                        <section type="otherParams"/>
                     </section>
                  </inheritanceMetadata>
                  <input>
                     <parameter name="ImportMaterialsFromERP"
                                required="false"
                                testWith=""
                                type="reference">
                        <options>
                           <option name="referenceTo">ImportMaterialsFromERP_AT</option>
                        </options>
                     </parameter>
                  </input>
                  <binding>
                     <restSimpleBinding url="https://www.webcomcpq.com/wsAPI/wssrv.asmx" verb="POST">
                        <httpHeaders>
                           <header name="SOAPAction">"http://webcominc.com/ImportMaterialsFromERP"</header>
                        </httpHeaders>
                        <body>&lt;soap:Envelope xmlns:soap="http://schemas.xmlsoap.org/soap/envelope/"&gt;
   &lt;soap:Header/&gt;
   &lt;soap:Body&gt;
      &lt;ns:ImportMaterialsFromERP xmlns:ns="http://webcominc.com/"&gt;
            &lt;ns:userName&gt;{$ImportMaterialsFromERP/userName/text()}&lt;/ns:userName&gt;
            &lt;ns:password&gt;{$ImportMaterialsFromERP/password/text()}&lt;/ns:password&gt;
            &lt;ns:xDoc&gt;{$ImportMaterialsFromERP/xDoc/text()}&lt;/ns:xDoc&gt;
        &lt;/ns:ImportMaterialsFromERP&gt;
   &lt;/soap:Body&gt;
&lt;/soap:Envelope&gt;</body>
                     </restSimpleBinding>
                  </binding>
                  <output>
                     <field description=""
                            name="ImportMaterialsFromERPResponse"
                            type="reference">
                        <options>
                           <option name="referenceTo">ImportMaterialsFromERPResponse_AT</option>
                        </options>
                        <xquery>{util:simplifyXml(//*[local-name()='ImportMaterialsFromERPResponse'])}</xquery>
                     </field>
                  </output>
               </action>
               <action category=""
                       failOnError="true"
                       forSearch="false"
                       inherits="BaseAction"
                       label="UpsertPricebook"
                       maxRedirects="100"
                       name="UpsertPricebook"
                       preemptiveAuth="true"
                       responseEncoding="">
                  <description/>
                  <inheritanceMetadata>
                     <section type="output">
                        <section type="outputFields"/>
                     </section>
                     <section type="restSimpleBinding">
                        <section type="body">
                           <attribute inherit="overwrite" name="content" type="content"/>
                        </section>
                        <section type="httpHeaders">
                           <attribute inherit="inherit" name="Content-Type" type="header"/>
                        </section>
                        <section type="otherParams"/>
                     </section>
                  </inheritanceMetadata>
                  <input>
                     <parameter name="UpsertPricebook"
                                required="false"
                                testWith=""
                                type="reference">
                        <options>
                           <option name="referenceTo">UpsertPricebook_AT</option>
                        </options>
                     </parameter>
                  </input>
                  <binding>
                     <restSimpleBinding url="https://www.webcomcpq.com/wsAPI/wssrv.asmx" verb="POST">
                        <httpHeaders>
                           <header name="SOAPAction">"http://webcominc.com/UpsertPricebook"</header>
                        </httpHeaders>
                        <body>&lt;soap:Envelope xmlns:soap="http://schemas.xmlsoap.org/soap/envelope/"&gt;
   &lt;soap:Header/&gt;
   &lt;soap:Body&gt;
      &lt;ns:UpsertPricebook xmlns:ns="http://webcominc.com/"&gt;
            &lt;ns:username&gt;{$UpsertPricebook/username/text()}&lt;/ns:username&gt;
            &lt;ns:password&gt;{$UpsertPricebook/password/text()}&lt;/ns:password&gt;
            &lt;ns:pricebookCode&gt;{$UpsertPricebook/pricebookCode/text()}&lt;/ns:pricebookCode&gt;
            &lt;ns:dataXML&gt;{$UpsertPricebook/dataXML/text()}&lt;/ns:dataXML&gt;
        &lt;/ns:UpsertPricebook&gt;
   &lt;/soap:Body&gt;
&lt;/soap:Envelope&gt;</body>
                     </restSimpleBinding>
                  </binding>
                  <output>
                     <field description="" name="UpsertPricebookResponse" type="reference">
                        <options>
                           <option name="referenceTo">UpsertPricebookResponse_AT</option>
                        </options>
                        <xquery>{util:simplifyXml(//*[local-name()='UpsertPricebookResponse'])}</xquery>
                     </field>
                  </output>
               </action>
               <action category=""
                       failOnError="true"
                       forSearch="false"
                       inherits="BaseAction"
                       label="UpsertPricebookWithDistributionChain"
                       maxRedirects="100"
                       name="UpsertPricebookWithDistributionChain"
                       preemptiveAuth="true"
                       responseEncoding="">
                  <description/>
                  <inheritanceMetadata>
                     <section type="output">
                        <section type="outputFields"/>
                     </section>
                     <section type="restSimpleBinding">
                        <section type="body">
                           <attribute inherit="overwrite" name="content" type="content"/>
                        </section>
                        <section type="httpHeaders">
                           <attribute inherit="inherit" name="Content-Type" type="header"/>
                        </section>
                        <section type="otherParams"/>
                     </section>
                  </inheritanceMetadata>
                  <input>
                     <parameter name="UpsertPricebookWithDistributionChain"
                                required="false"
                                testWith=""
                                type="reference">
                        <options>
                           <option name="referenceTo">UpsertPricebookWithDistributionChain_AT</option>
                        </options>
                     </parameter>
                  </input>
                  <binding>
                     <restSimpleBinding url="https://www.webcomcpq.com/wsAPI/wssrv.asmx" verb="POST">
                        <httpHeaders>
                           <header name="SOAPAction">"http://webcominc.com/UpsertPricebookWithDistributionChain"</header>
                        </httpHeaders>
                        <body>&lt;soap:Envelope xmlns:soap="http://schemas.xmlsoap.org/soap/envelope/"&gt;
   &lt;soap:Header/&gt;
   &lt;soap:Body&gt;
      &lt;ns:UpsertPricebookWithDistributionChain xmlns:ns="http://webcominc.com/"&gt;
            &lt;ns:username&gt;{$UpsertPricebookWithDistributionChain/username/text()}&lt;/ns:username&gt;
            &lt;ns:password&gt;{$UpsertPricebookWithDistributionChain/password/text()}&lt;/ns:password&gt;
            &lt;ns:distributionChain&gt;{$UpsertPricebookWithDistributionChain/distributionChain/text()}&lt;/ns:distributionChain&gt;
            &lt;ns:currency&gt;{$UpsertPricebookWithDistributionChain/currency/text()}&lt;/ns:currency&gt;
            &lt;ns:dataXML&gt;{$UpsertPricebookWithDistributionChain/dataXML/text()}&lt;/ns:dataXML&gt;
        &lt;/ns:UpsertPricebookWithDistributionChain&gt;
   &lt;/soap:Body&gt;
&lt;/soap:Envelope&gt;</body>
                     </restSimpleBinding>
                  </binding>
                  <output>
                     <field description=""
                            name="UpsertPricebookWithDistributionChainResponse"
                            type="reference">
                        <options>
                           <option name="referenceTo">UpsertPricebookWithDistributionChainResponse_AT</option>
                        </options>
                        <xquery>{util:simplifyXml(//*[local-name()='UpsertPricebookWithDistributionChainResponse'])}</xquery>
                     </field>
                  </output>
               </action>
            </actions>
            <objects>
               <processObject xmlns="http://schemas.active-endpoints.com/appmodules/screenflow/2011/06/avosHostEnvironment.xsd"
                              isByCopy="true"
                              name="AUXTableAdministrationResponse_AT">
                  <description/>
                  <detail>
                     <field name="AUXTableAdministrationResult" type="string"/>
                  </detail>
               </processObject>
               <processObject xmlns="http://schemas.active-endpoints.com/appmodules/screenflow/2011/06/avosHostEnvironment.xsd"
                              isByCopy="true"
                              name="AUXTableAdministration_AT">
                  <description/>
                  <detail>
                     <field name="userName" type="string"/>
                     <field name="password" type="string"/>
                     <field name="action" type="string"/>
                     <field name="tableName" type="string"/>
                     <field name="xDoc" type="string"/>
                  </detail>
               </processObject>
               <processObject xmlns="http://schemas.active-endpoints.com/appmodules/screenflow/2011/06/avosHostEnvironment.xsd"
                              isByCopy="true"
                              name="CompanyAdministrationResponse_AT">
                  <description/>
                  <detail>
                     <field name="CompanyAdministrationResult" type="string"/>
                  </detail>
               </processObject>
               <processObject xmlns="http://schemas.active-endpoints.com/appmodules/screenflow/2011/06/avosHostEnvironment.xsd"
                              isByCopy="true"
                              name="CompanyAdministration_AT">
                  <description/>
                  <detail>
                     <field name="userNameAtDomain" type="string"/>
                     <field name="password" type="string"/>
                     <field name="action" type="string"/>
                     <field name="xDoc" type="string"/>
                  </detail>
               </processObject>
               <processObject xmlns="http://schemas.active-endpoints.com/appmodules/screenflow/2011/06/avosHostEnvironment.xsd"
                              isByCopy="true"
                              name="DoUSeeMeResponse_AT">
                  <description/>
                  <detail>
                     <field name="doUSeeMeResult" type="string"/>
                  </detail>
               </processObject>
               <processObject xmlns="http://schemas.active-endpoints.com/appmodules/screenflow/2011/06/avosHostEnvironment.xsd"
                              isByCopy="true"
                              name="DoUSeeMe_AT">
                  <description/>
                  <detail>
                     <field name="username" type="string"/>
                     <field name="password" type="string"/>
                  </detail>
               </processObject>
               <processObject xmlns="http://schemas.active-endpoints.com/appmodules/screenflow/2011/06/avosHostEnvironment.xsd"
                              isByCopy="true"
                              name="ImportMaterialsFromERPResponse_AT">
                  <description/>
                  <detail>
                     <field name="ImportMaterialsFromERPResult" type="string"/>
                  </detail>
               </processObject>
               <processObject xmlns="http://schemas.active-endpoints.com/appmodules/screenflow/2011/06/avosHostEnvironment.xsd"
                              isByCopy="true"
                              name="ImportMaterialsFromERP_AT">
                  <description/>
                  <detail>
                     <field name="userName" type="string"/>
                     <field name="password" type="string"/>
                     <field name="xDoc" type="string"/>
                  </detail>
               </processObject>
               <processObject xmlns="http://schemas.active-endpoints.com/appmodules/screenflow/2011/06/avosHostEnvironment.xsd"
                              isByCopy="true"
                              name="SimpleProductAdministrationResponse_AT">
                  <description/>
                  <detail>
                     <field name="SimpleProductAdministrationResult" type="string"/>
                  </detail>
               </processObject>
               <processObject xmlns="http://schemas.active-endpoints.com/appmodules/screenflow/2011/06/avosHostEnvironment.xsd"
                              isByCopy="true"
                              name="SimpleProductAdministration_AT">
                  <description/>
                  <detail>
                     <field name="userName" type="string"/>
                     <field name="password" type="string"/>
                     <field name="action" type="string"/>
                     <field name="xDoc" type="string"/>
                  </detail>
               </processObject>
               <processObject xmlns="http://schemas.active-endpoints.com/appmodules/screenflow/2011/06/avosHostEnvironment.xsd"
                              isByCopy="true"
                              name="UpsertPricebookResponse_AT">
                  <description/>
                  <detail>
                     <field name="UpsertPricebookResult" type="string"/>
                  </detail>
               </processObject>
               <processObject xmlns="http://schemas.active-endpoints.com/appmodules/screenflow/2011/06/avosHostEnvironment.xsd"
                              isByCopy="true"
                              name="UpsertPricebookWithDistributionChainResponse_AT">
                  <description/>
                  <detail>
                     <field name="UpsertPricebookWithDistributionChainResult" type="string"/>
                  </detail>
               </processObject>
               <processObject xmlns="http://schemas.active-endpoints.com/appmodules/screenflow/2011/06/avosHostEnvironment.xsd"
                              isByCopy="true"
                              name="UpsertPricebookWithDistributionChain_AT">
                  <description/>
                  <detail>
                     <field name="username" type="string"/>
                     <field name="password" type="string"/>
                     <field name="distributionChain" type="string"/>
                     <field name="currency" type="string"/>
                     <field name="dataXML" type="string"/>
                  </detail>
               </processObject>
               <processObject xmlns="http://schemas.active-endpoints.com/appmodules/screenflow/2011/06/avosHostEnvironment.xsd"
                              isByCopy="true"
                              name="UpsertPricebook_AT">
                  <description/>
                  <detail>
                     <field name="username" type="string"/>
                     <field name="password" type="string"/>
                     <field name="pricebookCode" type="string"/>
                     <field name="dataXML" type="string"/>
                  </detail>
               </processObject>
               <processObject xmlns="http://schemas.active-endpoints.com/appmodules/screenflow/2011/06/avosHostEnvironment.xsd"
                              isByCopy="true"
                              name="UserAdministrationResponse_AT">
                  <description/>
                  <detail>
                     <field name="UserAdministrationResult" type="string"/>
                  </detail>
               </processObject>
               <processObject xmlns="http://schemas.active-endpoints.com/appmodules/screenflow/2011/06/avosHostEnvironment.xsd"
                              isByCopy="true"
                              name="UserAdministration_AT">
                  <description/>
                  <detail>
                     <field name="userNameAtDomain" type="string"/>
                     <field name="password" type="string"/>
                     <field name="action" type="string"/>
                     <field name="xDoc" type="string"/>
                  </detail>
               </processObject>
            </objects>
         </businessConnector>
      </types1:Entry>
      <types1:GUID>4vXNtSBhjJfeQ0D777wd4d</types1:GUID>
      <types1:DisplayName>CallidusCloud Admin API</types1:DisplayName>
   </types1:Item>
   <types1:CurrentServerDateTime>2020-03-05T03:49:01.788Z</types1:CurrentServerDateTime>
</aetgt:getResponse>
