<aetgt:getResponse xmlns:aetgt="http://schemas.active-endpoints.com/appmodules/repository/2010/10/avrepository.xsd"
                   xmlns:types1="http://schemas.active-endpoints.com/appmodules/repository/2010/10/avrepository.xsd">
   <types1:Item>
      <types1:EntryId>XEQT53nQciSrZMS-gt-25434-2019-02-22T09:15:50.803Z::svc.xml</types1:EntryId>
      <types1:Name>Alfresco_Content_Services_Search_API_v1</types1:Name>
      <types1:MimeType>application/xml+businesssconnector</types1:MimeType>
      <types1:Description>**Search API**

Provides access to the search features of Alfresco Content Services.</types1:Description>
      <types1:AppliesTo/>
      <types1:Tags/>
      <types1:VersionLabel>1.0</types1:VersionLabel>
      <types1:State>CURRENT</types1:State>
      <types1:ProcessGroup/>
      <types1:CreatedBy>sorabh@na1.dm-us.org</types1:CreatedBy>
      <types1:CreationDate>2019-02-22T09:15:51Z</types1:CreationDate>
      <types1:ModifiedBy/>
      <types1:PublicationStatus>published</types1:PublicationStatus>
      <types1:PublishedBy>sorabh@na1.dm-us.org</types1:PublishedBy>
      <types1:PublicationDate>2019-02-22T09:15:57Z</types1:PublicationDate>
      <types1:PublishedContributionId>project:/rt.connector/Alfresco_Content_Services_Search_API_v1/Alfresco_Content_Services_Search_API_v1_svcDef.xml</types1:PublishedContributionId>
      <types1:AutosaveExists>false</types1:AutosaveExists>
      <types1:Entry>
         <businessConnector xmlns="http://schemas.informatica.com/socrates/data-services/2014/05/business-connector-model.xsd"
                            agentOnly="false"
                            debug="false"
                            displayName="Alfresco Content Services Search API v1"
                            label=""
                            name="Alfresco_Content_Services_Search_API_v1"
                            uuid="b6db42f4-1f68-42b1-9b87-245dbf37f469">
            <description>**Search API**

Provides access to the search features of Alfresco Content Services.</description>
            <tags/>
            <connectionAttributes xmlns="http://schemas.informatica.com/appmodules/screenflow/2014/04/avosConnectors.xsd">
               <connectionAttribute description="Host Name"
                                    masked="false"
                                    name="hostName"
                                    required="true"
                                    testWith="www.example.com"
                                    type="string"/>
               <connectionAttribute description="User Name"
                                    masked="false"
                                    name="username"
                                    required="true"
                                    testWith=""
                                    type="string"/>
               <connectionAttribute description="Password"
                                    masked="true"
                                    name="password"
                                    required="true"
                                    testWith=""
                                    type="string"/>
            </connectionAttributes>
            <actions>
               <action category="search"
                       failOnError="true"
                       forSearch="false"
                       label="SearchPost"
                       maxRedirects="100"
                       name="SearchPost"
                       preemptiveAuth="true"
                       responseEncoding="">
                  <description>search. **Note**: this endpoint is available in Alfresco 5.2 and newer versions. **You specify all the parameters in this API in a JSON body**, URL parameters are not supported. A basic query looks like this: ```JSON { "query": { "query": "foo" } } ``` **Note:** These are the minimum possible query parameters. The default search language is **afts** ([Alfresco Full Text Search](http://docs.alfresco.com/5.1/concepts/rm-searchsyntax-intro.html)), but you can also specify **cmis**, and **lucene**. A basic CMIS query looks like this: ```JSON { "query": { "query": "select * from cmis:folder", "language": "cmis" } } ``` By default, **results are limited to the first 100.** Results can be restricted using "paging". For example: ```JSON "paging": { "maxItems": "50", "skipCount": "28" } ``` This example would ensure that results are **limited by Final Size**, skipping the first 28 results and returning the next 50. Alternatively, you can limit the results by using the **limits JSON body parameter**. For example, ```JSON "limits": { "permissionEvaluationTime": 20000, "permissionEvaluationCount": 2000 } ``` You can use the **include JSON body parameter** to return additional information. This works in the same way as in the /nodes/{nodeId}/children method in the core API. For example: ```JSON "include": ["aspectNames", "properties", "isLink"] ``` You can use the **fields JSON body parameter** to restrict the fields returned within a response if, for example, you want to save on overall bandwidth. This works in the same way as in the /nodes/{nodeId}/children method in the core API. For example: ```JSON "fields": ["id", "name", "search"] ``` You can sort the results using the **sort JSON body parameter**, for example: ```JSON "sort": [{"type":"FIELD", "field":"cm:description", "ascending":"true"}] ``` **Note:** the **sort** parameter is not supported for CMIS queries. By default, search uses the **"nodes" location**, which is the **content store known as workspace://SpacesStore**. To change the scope to another location you can use the **locations JSON body parameter**. You can specify either **nodes** (the default), **versions** or **deleted-nodes**. For example, ```JSON "scope": { "locations": ["deleted-nodes"] } ``` You can specify templates using the **templates JSON body parameter**, for example: ```JSON "templates": [{"name": "_PERSON","template": "|%firstName OR |%lastName OR |%userName"}, {"name": "mytemplate","template": "%cm:content"}] ``` **Note: Spell checking only works on Search Services (Solr 6) if you have already enabled suggestions.** For **spell checking** you can use a query like this: ```JSON { "query": { "query": "cm:title:alfrezco" }, "spellcheck": {"query": "alfrezco"} } ``` If you are already specifying "userQuery" then the following may be easier and produces the same result : ```JSON { "query": { "query": "cm:title:alfrezco", "userQuery": "alfrezco" }, "spellcheck": {} } ``` The spellcheck response includes a spellCheck context like this: ```JSON "context": { "spellCheck": { "type": "searchInsteadFor", "suggestions": ["alfresco"] } }, ``` To specify defaults, you use a **defaults JSON body parameter**, for example: ```JSON "defaults": { "textAttributes": [ "cm:content", "cm:name" ], "defaultFTSOperator": "AND", "defaultFTSFieldOperator": "OR", "namespace": "cm", "defaultFieldName": "PATH" } ``` You can specify several filter queries using the **filterQueries JSON body parameter**, for example: ```JSON "filterQueries": [{"query": "TYPE:'cm:folder'"},{"query": "cm:creator:mjackson"}] ``` You can specify several facet queries using the **facetQueries JSON body parameter**, for example: ```JSON "facetQueries": [{"query": "created:2016","label": "CreatedThisYear"}] ``` The response will contain a matching "context" section, the "label" will match the facet query. ```JSON "context": { "facetQueries": [ {"label": "CreatedThisYear","count": 3} ] }, ``` A complete query for facetting via the content.size field looks this: ```JSON { "query": { "query": "presentation", "language": "afts" }, "facetQueries": [ {"query": "content.size:[0 TO 10240]", "label": "xtra small"}, {"query": "content.size:[10240 TO 102400]", "label": "small"}, {"query": "content.size:[102400 TO 1048576]", "label": "medium"}, {"query": "content.size:[1048576 TO 16777216]", "label": "large"}, {"query": "content.size:[16777216 TO 134217728]", "label": "xtra large"}, {"query": "content.size:[134217728 TO MAX]", "label": "XX large"} ], "facetFields": {"facets": [{"field": "'content.size'"}]} } ``` The response will contain a matching "context" section, the "label" will match the facet query. ```JSON "context": { "facetQueries": [ { "label": "small","count": 2 }, { "label": "large","count": 0 }, { "label": "xtra small","count": 5 }, { "label": "xtra large","count": 56}, { "label": "medium","count": 4 }, { "label": "XX large", "count": 1 } ] }, ``` You can specify several facet fields using the **facetFields JSON body parameter**, for example: ```JSON "facetFields": {"facets": [{"field": "creator", "mincount": 1}, {"field": "modifier", "mincount": 1}]} ``` The response will contain a matching "context" section, the "label" will match the facet field. ```JSON "context": { "facetsFields": [ { "label": "creator", "buckets": [ { "label": "System", "count": 75 }, { "label": "mjackson", "count": 5 } ]}, { "label": "modifier", "buckets": [ { "label": "System", "count": 72 }, { "label": "mjackson", "count": 5 }, { "label": "admin", "count": 3 } ]} ] }, ``` Grouping facet queries that go together can be done by specifying the group label in the fact queries as follow: ```JSON { "query": { "query": "presentation" }, "facetQueries": [ {"query": "content.size:[0 TO 102400]", "label": "small", "group":"foo"}, {"query": "content.size:[102400 TO 1048576]", "label": "medium","group":"foo"}, {"query": "content.size:[1048576 TO 16777216]", "label": "large","group":"foo"} ] } ``` The above query returns the results a faceted field grouped under the label foo: ```JSON { "context": {"facetsFields": [{ "label": "foo", "buckets": [ { "count": 109, "label": "small", "filterQuery": "content.size:[0 TO 102400]" }, { "count": 0, "label": "large", "filterQuery": "content.size:[1048576 TO 16777216]" }, { "count": 0, "label": "medium", "filterQuery": "content.size:[102400 TO 1048576]" } ] }] } ``` Range Faceting is supported by the **ranges JSON body parameter**, for example: ```JSON { "query": { "query": "presentation" }, "ranges": [ { "field": "content.size", "start": "0", "end": "100", "gap": "20", "hardend": true }, { "field": "created", "start": "2015-09-29T10:45:15.729Z", "end": "2016-09-29T10:45:15.729Z", "gap": "+100DAY" }] } ``` An example query for **search highlighting** could look like this: ```JSON { "query": { "query": "description:workflow", "userQuery":"workflow" }, "highlight": { "prefix": "¿", "postfix": "?", "mergeContiguous": true, "fields": [ { "field": "cm:title" }, { "field": "description", "prefix": "(", "postfix": ")" } ] } } ``` The example above changes the highlighting prefix and postfix from the default &lt;em&gt; for all fields to ¿? and just for the "description" field to (). The hightlight information is added in each node entry response; here is an example partial response: ``` "entry": { "createdAt": "2016-10-12T15:24:31.202+0000", "isFolder": true, "search": { "score": 1, "highlight": [ { "field": "cm:title", "snippets": [ "Customized ¿Workflow? Process Definitions" ] }, { "field": "description", "snippets": [ "Customized (Workflow) Process Definitions" ] } ] }, ```</description>
                  <input>
                     <parameter description="Generic query API"
                                label="queryBody"
                                name="queryBody"
                                required="true"
                                testWith=""
                                type="reference">
                        <options>
                           <option name="referenceTo">SearchRequest</option>
                        </options>
                     </parameter>
                  </input>
                  <binding>
                     <restSimpleBinding multiUsing="semicolonSeparated"
                                        url="http://{$hostName}/alfresco/api/-default-/public/search/versions/1/search"
                                        verb="POST">
                        <authentication>
                           <username>{$username}</username>
                           <password>{$password}</password>
                           <isExpressionInPassword>true</isExpressionInPassword>
                        </authentication>
                        <httpHeaders>
                           <header name="Content-Type">application/json</header>
                           <header name="Accept">application/json</header>
                        </httpHeaders>
                        <body generateUsing="UnwrappedJSON" preserveJsonStringFormatting="false"/>
                     </restSimpleBinding>
                  </binding>
                  <output>
                     <field description="Successful response"
                            entireResponse="true"
                            name="ResultSetPaging"
                            type="reference">
                        <options>
                           <option name="referenceTo">ResultSetPaging</option>
                        </options>
                     </field>
                  </output>
               </action>
            </actions>
            <objects>
               <processObject xmlns="http://schemas.active-endpoints.com/appmodules/screenflow/2011/06/avosHostEnvironment.xsd"
                              isByCopy="true"
                              name="RequestHighlight">
                  <description>Request that highlight fragments to be added to result set rows
The properties reflect SOLR highlighting parameters.</description>
                  <detail>
                     <field name="fragmentSize" type="int"/>
                     <field name="mergeContiguous" type="boolean"/>
                     <field name="snippetCount" type="int"/>
                     <field name="maxAnalyzedChars" type="int"/>
                     <field name="prefix" type="string"/>
                     <field name="usePhraseHighlighter" type="boolean"/>
                     <field name="postfix" type="string"/>
                     <field name="fields" type="objectlist">
                        <options>
                           <option name="referenceTo">Field</option>
                           <option name="relationshipName">Child</option>
                        </options>
                     </field>
                  </detail>
               </processObject>
               <processObject xmlns="http://schemas.active-endpoints.com/appmodules/screenflow/2011/06/avosHostEnvironment.xsd"
                              isByCopy="true"
                              name="Node">
                  <description/>
                  <detail>
                     <field name="isLink" type="boolean"/>
                     <field name="isFile" type="boolean"/>
                     <field name="createdByUser" type="reference">
                        <options>
                           <option name="referenceTo">UserInfo</option>
                           <option name="relationshipName">Child</option>
                        </options>
                     </field>
                     <field name="modifiedAt" type="datetime"/>
                     <field name="nodeType" type="string"/>
                     <field name="parentId" type="string"/>
                     <field name="content" type="reference">
                        <options>
                           <option name="referenceTo">ContentInfo</option>
                           <option name="relationshipName">Child</option>
                        </options>
                     </field>
                     <field name="aspectNames" type="objectlist">
                        <options>
                           <option name="referenceTo">string</option>
                           <option name="relationshipName">Child</option>
                        </options>
                     </field>
                     <field name="createdAt" type="datetime"/>
                     <field name="path" type="reference">
                        <options>
                           <option name="referenceTo">PathInfo</option>
                           <option name="relationshipName">Child</option>
                        </options>
                     </field>
                     <field name="isFolder" type="boolean"/>
                     <field name="isLocked" type="boolean"/>
                     <field name="modifiedByUser" type="reference">
                        <options>
                           <option name="referenceTo">UserInfo</option>
                           <option name="relationshipName">Child</option>
                        </options>
                     </field>
                     <field name="name" type="string"/>
                     <field name="id" type="string"/>
                     <field name="properties" type="object"/>
                     <field name="allowableOperations" type="objectlist">
                        <options>
                           <option name="referenceTo">string</option>
                           <option name="relationshipName">Child</option>
                        </options>
                     </field>
                  </detail>
               </processObject>
               <processObject xmlns="http://schemas.active-endpoints.com/appmodules/screenflow/2011/06/avosHostEnvironment.xsd"
                              isByCopy="true"
                              name="GenericFacetResponse">
                  <description/>
                  <detail>
                     <field name="buckets" type="objectlist">
                        <options>
                           <option name="referenceTo">GenericBucket</option>
                           <option name="relationshipName">Child</option>
                        </options>
                     </field>
                     <field name="label" type="string"/>
                     <field name="type" type="string"/>
                  </detail>
               </processObject>
               <processObject xmlns="http://schemas.active-endpoints.com/appmodules/screenflow/2011/06/avosHostEnvironment.xsd"
                              isByCopy="true"
                              name="Pagination">
                  <description/>
                  <detail>
                     <field name="maxItems" type="int"/>
                     <field name="totalItems" type="int"/>
                     <field name="hasMoreItems" type="boolean"/>
                     <field name="count" type="int"/>
                     <field name="skipCount" type="int"/>
                  </detail>
               </processObject>
               <processObject xmlns="http://schemas.active-endpoints.com/appmodules/screenflow/2011/06/avosHostEnvironment.xsd"
                              isByCopy="true"
                              name="PathElement">
                  <description/>
                  <detail>
                     <field name="name" type="string"/>
                     <field name="id" type="string"/>
                  </detail>
               </processObject>
               <processObject xmlns="http://schemas.active-endpoints.com/appmodules/screenflow/2011/06/avosHostEnvironment.xsd"
                              isByCopy="true"
                              name="RequestLocalization">
                  <description>Localization settings</description>
                  <detail>
                     <field name="locales" type="objectlist">
                        <options>
                           <option name="referenceTo">string</option>
                           <option name="relationshipName">Child</option>
                        </options>
                     </field>
                     <field name="timezone" type="string"/>
                  </detail>
               </processObject>
               <processObject xmlns="http://schemas.active-endpoints.com/appmodules/screenflow/2011/06/avosHostEnvironment.xsd"
                              isByCopy="true"
                              name="ContentInfo">
                  <description/>
                  <detail>
                     <field name="sizeInBytes" type="int"/>
                     <field name="mimeTypeName" type="string"/>
                     <field name="mimeTypeGroup" type="string"/>
                     <field name="mimeType" type="string"/>
                     <field name="encoding" type="string"/>
                  </detail>
               </processObject>
               <processObject xmlns="http://schemas.active-endpoints.com/appmodules/screenflow/2011/06/avosHostEnvironment.xsd"
                              isByCopy="true"
                              name="RequestTemplate">
                  <description/>
                  <detail>
                     <field name="template" type="string"/>
                     <field name="name" type="string"/>
                  </detail>
               </processObject>
               <processObject xmlns="http://schemas.active-endpoints.com/appmodules/screenflow/2011/06/avosHostEnvironment.xsd"
                              isByCopy="true"
                              name="Sort">
                  <description/>
                  <detail/>
               </processObject>
               <processObject xmlns="http://schemas.active-endpoints.com/appmodules/screenflow/2011/06/avosHostEnvironment.xsd"
                              isByCopy="true"
                              name="List">
                  <description/>
                  <detail>
                     <field name="entries" type="objectlist">
                        <options>
                           <option name="referenceTo">ResultSetRowEntry</option>
                           <option name="relationshipName">Child</option>
                        </options>
                     </field>
                     <field name="pagination" type="reference">
                        <options>
                           <option name="referenceTo">Pagination</option>
                           <option name="relationshipName">Child</option>
                        </options>
                     </field>
                     <field name="context" type="reference">
                        <options>
                           <option name="referenceTo">ResultSetContext</option>
                           <option name="relationshipName">Child</option>
                        </options>
                     </field>
                  </detail>
               </processObject>
               <processObject xmlns="http://schemas.active-endpoints.com/appmodules/screenflow/2011/06/avosHostEnvironment.xsd"
                              isByCopy="true"
                              name="DefaultFTSFieldOperator">
                  <description>The default way to combine query parts in field query groups when AND or OR is not explicitly stated - includes ! - +
FIELD:(one two three)</description>
                  <detail/>
               </processObject>
               <processObject xmlns="http://schemas.active-endpoints.com/appmodules/screenflow/2011/06/avosHostEnvironment.xsd"
                              isByCopy="true"
                              name="RequestPagination">
                  <description/>
                  <detail>
                     <field name="maxItems" type="int"/>
                     <field name="skipCount" type="int"/>
                  </detail>
               </processObject>
               <processObject xmlns="http://schemas.active-endpoints.com/appmodules/screenflow/2011/06/avosHostEnvironment.xsd"
                              isByCopy="true"
                              name="RequestFilterQuery">
                  <description/>
                  <detail>
                     <field name="query" type="string"/>
                     <field name="tags" type="objectlist">
                        <options>
                           <option name="referenceTo">string</option>
                           <option name="relationshipName">Child</option>
                        </options>
                     </field>
                  </detail>
               </processObject>
               <processObject xmlns="http://schemas.active-endpoints.com/appmodules/screenflow/2011/06/avosHostEnvironment.xsd"
                              isByCopy="true"
                              name="RequestStats">
                  <description>A list of stats request.</description>
                  <detail>
                     <field name="percentiles" type="objectlist">
                        <options>
                           <option name="referenceTo">double</option>
                           <option name="relationshipName">Child</option>
                        </options>
                     </field>
                     <field name="cardinalityAccuracy" type="double"/>
                     <field name="excludeFilters" type="objectlist">
                        <options>
                           <option name="referenceTo">string</option>
                           <option name="relationshipName">Child</option>
                        </options>
                     </field>
                     <field name="max" type="boolean"/>
                     <field name="sum" type="boolean"/>
                     <field name="label" type="string"/>
                     <field name="cardinality" type="boolean"/>
                     <field name="sumOfSquares" type="boolean"/>
                     <field name="min" type="boolean"/>
                     <field name="countDistinct" type="boolean"/>
                     <field name="field" type="string"/>
                     <field name="mean" type="boolean"/>
                     <field name="missing" type="boolean"/>
                     <field name="distinctValues" type="boolean"/>
                     <field name="stddev" type="boolean"/>
                     <field name="countValues" type="boolean"/>
                  </detail>
               </processObject>
               <processObject xmlns="http://schemas.active-endpoints.com/appmodules/screenflow/2011/06/avosHostEnvironment.xsd"
                              isByCopy="true"
                              name="ResultBuckets">
                  <description/>
                  <detail>
                     <field name="buckets" type="objectlist">
                        <options>
                           <option name="referenceTo">Bucket</option>
                           <option name="relationshipName">Child</option>
                        </options>
                     </field>
                     <field name="label" type="string"/>
                  </detail>
               </processObject>
               <processObject xmlns="http://schemas.active-endpoints.com/appmodules/screenflow/2011/06/avosHostEnvironment.xsd"
                              isByCopy="true"
                              name="Spellcheck">
                  <description/>
                  <detail>
                     <field name="suggestion" type="objectlist">
                        <options>
                           <option name="referenceTo">string</option>
                           <option name="relationshipName">Child</option>
                        </options>
                     </field>
                     <field name="type" type="reference">
                        <options>
                           <option name="referenceTo">Type1</option>
                           <option name="relationshipName">Child</option>
                        </options>
                     </field>
                  </detail>
               </processObject>
               <processObject xmlns="http://schemas.active-endpoints.com/appmodules/screenflow/2011/06/avosHostEnvironment.xsd"
                              isByCopy="true"
                              name="Locations">
                  <description>The locations to include in the query</description>
                  <detail/>
               </processObject>
               <processObject xmlns="http://schemas.active-endpoints.com/appmodules/screenflow/2011/06/avosHostEnvironment.xsd"
                              isByCopy="true"
                              name="RequestDefaults">
                  <description>Common query defaults</description>
                  <detail>
                     <field name="textAttributes" type="objectlist">
                        <options>
                           <option name="referenceTo">string</option>
                           <option name="relationshipName">Child</option>
                        </options>
                     </field>
                     <field name="defaultFTSFieldOperator" type="reference">
                        <options>
                           <option name="referenceTo">DefaultFTSFieldOperator</option>
                           <option name="relationshipName">Child</option>
                        </options>
                     </field>
                     <field name="defaultFTSOperator" type="reference">
                        <options>
                           <option name="referenceTo">DefaultFTSOperator</option>
                           <option name="relationshipName">Child</option>
                        </options>
                     </field>
                     <field name="namespace" type="string"/>
                     <field name="defaultFieldName" type="string"/>
                  </detail>
               </processObject>
               <processObject xmlns="http://schemas.active-endpoints.com/appmodules/screenflow/2011/06/avosHostEnvironment.xsd"
                              isByCopy="true"
                              name="Method">
                  <description/>
                  <detail/>
               </processObject>
               <processObject xmlns="http://schemas.active-endpoints.com/appmodules/screenflow/2011/06/avosHostEnvironment.xsd"
                              isByCopy="true"
                              name="RequestQuery">
                  <description>Query.</description>
                  <detail>
                     <field name="query" type="string"/>
                     <field name="language" type="reference">
                        <options>
                           <option name="referenceTo">Language</option>
                           <option name="relationshipName">Child</option>
                        </options>
                     </field>
                     <field name="userQuery" type="string"/>
                  </detail>
               </processObject>
               <processObject xmlns="http://schemas.active-endpoints.com/appmodules/screenflow/2011/06/avosHostEnvironment.xsd"
                              isByCopy="true"
                              name="ResultSetPaging">
                  <description>Query results</description>
                  <detail>
                     <field name="list" type="reference">
                        <options>
                           <option name="referenceTo">List</option>
                           <option name="relationshipName">Child</option>
                        </options>
                     </field>
                  </detail>
               </processObject>
               <processObject xmlns="http://schemas.active-endpoints.com/appmodules/screenflow/2011/06/avosHostEnvironment.xsd"
                              isByCopy="true"
                              name="ResultSetContext">
                  <description>Context that applies to the whole result set</description>
                  <detail>
                     <field name="facetsFields" type="objectlist">
                        <options>
                           <option name="referenceTo">ResultBuckets</option>
                           <option name="relationshipName">Child</option>
                        </options>
                     </field>
                     <field name="request" type="reference">
                        <options>
                           <option name="referenceTo">SearchRequest</option>
                           <option name="relationshipName">Child</option>
                        </options>
                     </field>
                     <field name="spellcheck" type="objectlist">
                        <options>
                           <option name="referenceTo">Spellcheck</option>
                           <option name="relationshipName">Child</option>
                        </options>
                     </field>
                     <field name="consistency" type="reference">
                        <options>
                           <option name="referenceTo">ResponseConsistency</option>
                           <option name="relationshipName">Child</option>
                        </options>
                     </field>
                     <field name="facetQueries" type="objectlist">
                        <options>
                           <option name="referenceTo">FacetQuery</option>
                           <option name="relationshipName">Child</option>
                        </options>
                     </field>
                     <field name="facets" type="objectlist">
                        <options>
                           <option name="referenceTo">GenericFacetResponse</option>
                           <option name="relationshipName">Child</option>
                        </options>
                     </field>
                  </detail>
               </processObject>
               <processObject xmlns="http://schemas.active-endpoints.com/appmodules/screenflow/2011/06/avosHostEnvironment.xsd"
                              isByCopy="true"
                              name="RequestPivot">
                  <description>A list of pivots.</description>
                  <detail>
                     <field name="pivots" type="objectlist">
                        <options>
                           <option name="referenceTo">RequestPivot</option>
                           <option name="relationshipName">Child</option>
                        </options>
                     </field>
                     <field name="key" type="string"/>
                  </detail>
               </processObject>
               <processObject xmlns="http://schemas.active-endpoints.com/appmodules/screenflow/2011/06/avosHostEnvironment.xsd"
                              isByCopy="true"
                              name="Bucket">
                  <description/>
                  <detail>
                     <field name="display" type="object"/>
                     <field name="count" type="int"/>
                     <field name="label" type="string"/>
                     <field name="filterQuery" type="string"/>
                  </detail>
               </processObject>
               <processObject xmlns="http://schemas.active-endpoints.com/appmodules/screenflow/2011/06/avosHostEnvironment.xsd"
                              isByCopy="true"
                              name="RequestFacetSet">
                  <description>The interval to Set</description>
                  <detail>
                     <field name="startInclusive" type="boolean"/>
                     <field name="start" type="string"/>
                     <field name="end" type="string"/>
                     <field name="endInclusive" type="boolean"/>
                     <field name="label" type="string"/>
                  </detail>
               </processObject>
               <processObject xmlns="http://schemas.active-endpoints.com/appmodules/screenflow/2011/06/avosHostEnvironment.xsd"
                              isByCopy="true"
                              name="RequestRange">
                  <description>Facet range</description>
                  <detail>
                     <field name="include" type="objectlist">
                        <options>
                           <option name="referenceTo">string</option>
                           <option name="relationshipName">Child</option>
                        </options>
                     </field>
                     <field name="other" type="objectlist">
                        <options>
                           <option name="referenceTo">string</option>
                           <option name="relationshipName">Child</option>
                        </options>
                     </field>
                     <field name="hardend" type="boolean"/>
                     <field name="excludeFilters" type="objectlist">
                        <options>
                           <option name="referenceTo">string</option>
                           <option name="relationshipName">Child</option>
                        </options>
                     </field>
                     <field name="field" type="string"/>
                     <field name="gap" type="string"/>
                     <field name="start" type="string"/>
                     <field name="end" type="string"/>
                     <field name="label" type="string"/>
                  </detail>
               </processObject>
               <processObject xmlns="http://schemas.active-endpoints.com/appmodules/screenflow/2011/06/avosHostEnvironment.xsd"
                              isByCopy="true"
                              name="DefaultFTSOperator">
                  <description>The default way to combine query parts when AND or OR is not explicitly stated - includes ! - +
one two three
(one two three)</description>
                  <detail/>
               </processObject>
               <processObject xmlns="http://schemas.active-endpoints.com/appmodules/screenflow/2011/06/avosHostEnvironment.xsd"
                              isByCopy="true"
                              name="RequestFacetIntervals">
                  <description>Facet Intervals</description>
                  <detail>
                     <field name="intervals" type="objectlist">
                        <options>
                           <option name="referenceTo">Interval</option>
                           <option name="relationshipName">Child</option>
                        </options>
                     </field>
                     <field name="sets" type="objectlist">
                        <options>
                           <option name="referenceTo">RequestFacetSet</option>
                           <option name="relationshipName">Child</option>
                        </options>
                     </field>
                  </detail>
               </processObject>
               <processObject xmlns="http://schemas.active-endpoints.com/appmodules/screenflow/2011/06/avosHostEnvironment.xsd"
                              isByCopy="true"
                              name="BucketInfo">
                  <description>Additional information of nested facet</description>
                  <detail>
                     <field name="startInclusive" type="boolean"/>
                     <field name="start" type="string"/>
                     <field name="end" type="string"/>
                     <field name="endInclusive" type="boolean"/>
                  </detail>
               </processObject>
               <processObject xmlns="http://schemas.active-endpoints.com/appmodules/screenflow/2011/06/avosHostEnvironment.xsd"
                              isByCopy="true"
                              name="Interval">
                  <description/>
                  <detail>
                     <field name="sets" type="objectlist">
                        <options>
                           <option name="referenceTo">RequestFacetSet</option>
                           <option name="relationshipName">Child</option>
                        </options>
                     </field>
                     <field name="field" type="string"/>
                     <field name="label" type="string"/>
                  </detail>
               </processObject>
               <processObject xmlns="http://schemas.active-endpoints.com/appmodules/screenflow/2011/06/avosHostEnvironment.xsd"
                              isByCopy="true"
                              name="SearchRequest">
                  <description/>
                  <detail>
                     <field name="localization" type="reference">
                        <options>
                           <option name="referenceTo">RequestLocalization</option>
                           <option name="relationshipName">Child</option>
                        </options>
                     </field>
                     <field name="include" type="objectlist">
                        <options>
                           <option name="referenceTo">RequestInclude</option>
                           <option name="relationshipName">Child</option>
                        </options>
                     </field>
                     <field name="ranges" type="objectlist">
                        <options>
                           <option name="referenceTo">RequestRange</option>
                           <option name="relationshipName">Child</option>
                        </options>
                     </field>
                     <field name="query" type="reference">
                        <options>
                           <option name="referenceTo">RequestQuery</option>
                           <option name="relationshipName">Child</option>
                        </options>
                     </field>
                     <field name="templates" type="objectlist">
                        <options>
                           <option name="referenceTo">RequestTemplate</option>
                           <option name="relationshipName">Child</option>
                        </options>
                     </field>
                     <field name="paging" type="reference">
                        <options>
                           <option name="referenceTo">RequestPagination</option>
                           <option name="relationshipName">Child</option>
                        </options>
                     </field>
                     <field name="sort" type="objectlist">
                        <options>
                           <option name="referenceTo">RequestSortDefinition</option>
                           <option name="relationshipName">Child</option>
                        </options>
                     </field>
                     <field name="pivots" type="objectlist">
                        <options>
                           <option name="referenceTo">RequestPivot</option>
                           <option name="relationshipName">Child</option>
                        </options>
                     </field>
                     <field name="facetQueries" type="objectlist">
                        <options>
                           <option name="referenceTo">RequestFacetQuery</option>
                           <option name="relationshipName">Child</option>
                        </options>
                     </field>
                     <field name="facetFields" type="reference">
                        <options>
                           <option name="referenceTo">RequestFacetFields</option>
                           <option name="relationshipName">Child</option>
                        </options>
                     </field>
                     <field name="filterQueries" type="objectlist">
                        <options>
                           <option name="referenceTo">RequestFilterQuery</option>
                           <option name="relationshipName">Child</option>
                        </options>
                     </field>
                     <field name="facetIntervals" type="reference">
                        <options>
                           <option name="referenceTo">RequestFacetIntervals</option>
                           <option name="relationshipName">Child</option>
                        </options>
                     </field>
                     <field name="highlight" type="reference">
                        <options>
                           <option name="referenceTo">RequestHighlight</option>
                           <option name="relationshipName">Child</option>
                        </options>
                     </field>
                     <field name="defaults" type="reference">
                        <options>
                           <option name="referenceTo">RequestDefaults</option>
                           <option name="relationshipName">Child</option>
                        </options>
                     </field>
                     <field name="stats" type="objectlist">
                        <options>
                           <option name="referenceTo">RequestStats</option>
                           <option name="relationshipName">Child</option>
                        </options>
                     </field>
                     <field name="spellcheck" type="reference">
                        <options>
                           <option name="referenceTo">RequestSpellcheck</option>
                           <option name="relationshipName">Child</option>
                        </options>
                     </field>
                     <field name="scope" type="reference">
                        <options>
                           <option name="referenceTo">RequestScope</option>
                           <option name="relationshipName">Child</option>
                        </options>
                     </field>
                     <field name="includeRequest" type="boolean"/>
                     <field name="fields" type="objectlist">
                        <options>
                           <option name="referenceTo">string</option>
                           <option name="relationshipName">Child</option>
                        </options>
                     </field>
                     <field name="limits" type="reference">
                        <options>
                           <option name="referenceTo">RequestLimits</option>
                           <option name="relationshipName">Child</option>
                        </options>
                     </field>
                  </detail>
               </processObject>
               <processObject xmlns="http://schemas.active-endpoints.com/appmodules/screenflow/2011/06/avosHostEnvironment.xsd"
                              isByCopy="true"
                              name="Highlight">
                  <description/>
                  <detail>
                     <field name="field" type="string"/>
                     <field name="snippets" type="objectlist">
                        <options>
                           <option name="referenceTo">string</option>
                           <option name="relationshipName">Child</option>
                        </options>
                     </field>
                  </detail>
               </processObject>
               <processObject xmlns="http://schemas.active-endpoints.com/appmodules/screenflow/2011/06/avosHostEnvironment.xsd"
                              isByCopy="true"
                              name="GenericBucket">
                  <description>A bucket of facet results</description>
                  <detail>
                     <field name="display" type="object"/>
                     <field name="bucketInfo" type="reference">
                        <options>
                           <option name="referenceTo">BucketInfo</option>
                           <option name="relationshipName">Child</option>
                        </options>
                     </field>
                     <field name="label" type="string"/>
                     <field name="metrics" type="objectlist">
                        <options>
                           <option name="referenceTo">GenericMetric</option>
                           <option name="relationshipName">Child</option>
                        </options>
                     </field>
                     <field name="facets" type="object"/>
                     <field name="filterQuery" type="string"/>
                  </detail>
               </processObject>
               <processObject xmlns="http://schemas.active-endpoints.com/appmodules/screenflow/2011/06/avosHostEnvironment.xsd"
                              isByCopy="true"
                              name="UserInfo">
                  <description/>
                  <detail>
                     <field name="displayName" type="string"/>
                     <field name="id" type="string"/>
                  </detail>
               </processObject>
               <processObject xmlns="http://schemas.active-endpoints.com/appmodules/screenflow/2011/06/avosHostEnvironment.xsd"
                              isByCopy="true"
                              name="RequestFacetFields">
                  <description>Simple facet fields to include
The Properties reflect the global properties related to field facts in SOLR.
They are descripbed in detail by the SOLR documentation</description>
                  <detail>
                     <field name="facets" type="objectlist">
                        <options>
                           <option name="referenceTo">RequestFacetField</option>
                           <option name="relationshipName">Child</option>
                        </options>
                     </field>
                  </detail>
               </processObject>
               <processObject xmlns="http://schemas.active-endpoints.com/appmodules/screenflow/2011/06/avosHostEnvironment.xsd"
                              isByCopy="true"
                              name="Type1">
                  <description/>
                  <detail/>
               </processObject>
               <processObject xmlns="http://schemas.active-endpoints.com/appmodules/screenflow/2011/06/avosHostEnvironment.xsd"
                              isByCopy="true"
                              name="RequestLimits">
                  <description>Limit the time and resources used for query execution</description>
                  <detail>
                     <field name="permissionEvaluationCount" type="int"/>
                     <field name="permissionEvaluationTime" type="int"/>
                  </detail>
               </processObject>
               <processObject xmlns="http://schemas.active-endpoints.com/appmodules/screenflow/2011/06/avosHostEnvironment.xsd"
                              isByCopy="true"
                              name="Field">
                  <description/>
                  <detail>
                     <field name="fragmentSize" type="int"/>
                     <field name="mergeContiguous" type="boolean"/>
                     <field name="snippetCount" type="int"/>
                     <field name="field" type="string"/>
                     <field name="prefix" type="string"/>
                     <field name="postfix" type="string"/>
                  </detail>
               </processObject>
               <processObject xmlns="http://schemas.active-endpoints.com/appmodules/screenflow/2011/06/avosHostEnvironment.xsd"
                              isByCopy="true"
                              name="Language">
                  <description>The query language in which the query is written.</description>
                  <detail/>
               </processObject>
               <processObject xmlns="http://schemas.active-endpoints.com/appmodules/screenflow/2011/06/avosHostEnvironment.xsd"
                              isByCopy="true"
                              name="RequestInclude">
                  <description/>
                  <detail/>
               </processObject>
               <processObject xmlns="http://schemas.active-endpoints.com/appmodules/screenflow/2011/06/avosHostEnvironment.xsd"
                              isByCopy="true"
                              name="ResponseConsistency">
                  <description>The consistency state of the index used to execute the query</description>
                  <detail>
                     <field name="lastTxId" type="int"/>
                  </detail>
               </processObject>
               <processObject xmlns="http://schemas.active-endpoints.com/appmodules/screenflow/2011/06/avosHostEnvironment.xsd"
                              isByCopy="true"
                              name="RequestSpellcheck">
                  <description>Request that spellcheck fragments to be added to result set rows
The properties reflect SOLR spellcheck parameters.</description>
                  <detail>
                     <field name="query" type="string"/>
                  </detail>
               </processObject>
               <processObject xmlns="http://schemas.active-endpoints.com/appmodules/screenflow/2011/06/avosHostEnvironment.xsd"
                              isByCopy="true"
                              name="SearchEntry">
                  <description/>
                  <detail>
                     <field name="score" type="double"/>
                     <field name="highlight" type="objectlist">
                        <options>
                           <option name="referenceTo">Highlight</option>
                           <option name="relationshipName">Child</option>
                        </options>
                     </field>
                  </detail>
               </processObject>
               <processObject xmlns="http://schemas.active-endpoints.com/appmodules/screenflow/2011/06/avosHostEnvironment.xsd"
                              isByCopy="true"
                              name="RequestSortDefinition">
                  <description/>
                  <detail>
                     <field name="field" type="string"/>
                     <field name="type" type="reference">
                        <options>
                           <option name="referenceTo">Type</option>
                           <option name="relationshipName">Child</option>
                        </options>
                     </field>
                     <field name="ascending" type="boolean"/>
                  </detail>
               </processObject>
               <processObject xmlns="http://schemas.active-endpoints.com/appmodules/screenflow/2011/06/avosHostEnvironment.xsd"
                              isByCopy="true"
                              name="RequestFacetField">
                  <description>A simple facet field</description>
                  <detail>
                     <field name="method" type="reference">
                        <options>
                           <option name="referenceTo">Method</option>
                           <option name="relationshipName">Child</option>
                        </options>
                     </field>
                     <field name="offset" type="int"/>
                     <field name="excludeFilters" type="objectlist">
                        <options>
                           <option name="referenceTo">string</option>
                           <option name="relationshipName">Child</option>
                        </options>
                     </field>
                     <field name="field" type="string"/>
                     <field name="prefix" type="string"/>
                     <field name="mincount" type="int"/>
                     <field name="facetEnumCacheMinDf" type="int"/>
                     <field name="missing" type="boolean"/>
                     <field name="limit" type="int"/>
                     <field name="label" type="string"/>
                     <field name="sort" type="reference">
                        <options>
                           <option name="referenceTo">Sort</option>
                           <option name="relationshipName">Child</option>
                        </options>
                     </field>
                  </detail>
               </processObject>
               <processObject xmlns="http://schemas.active-endpoints.com/appmodules/screenflow/2011/06/avosHostEnvironment.xsd"
                              isByCopy="true"
                              name="ResultNode">
                  <description/>
                  <detail>
                     <field name="isLink" type="boolean"/>
                     <field name="isFile" type="boolean"/>
                     <field name="createdByUser" type="reference">
                        <options>
                           <option name="referenceTo">UserInfo</option>
                           <option name="relationshipName">Child</option>
                        </options>
                     </field>
                     <field name="modifiedAt" type="datetime"/>
                     <field name="versionComment" type="string"/>
                     <field name="nodeType" type="string"/>
                     <field name="parentId" type="string"/>
                     <field name="content" type="reference">
                        <options>
                           <option name="referenceTo">ContentInfo</option>
                           <option name="relationshipName">Child</option>
                        </options>
                     </field>
                     <field name="aspectNames" type="objectlist">
                        <options>
                           <option name="referenceTo">string</option>
                           <option name="relationshipName">Child</option>
                        </options>
                     </field>
                     <field name="createdAt" type="datetime"/>
                     <field name="path" type="reference">
                        <options>
                           <option name="referenceTo">PathInfo</option>
                           <option name="relationshipName">Child</option>
                        </options>
                     </field>
                     <field name="archivedAt" type="datetime"/>
                     <field name="isFolder" type="boolean"/>
                     <field name="search" type="reference">
                        <options>
                           <option name="referenceTo">SearchEntry</option>
                           <option name="relationshipName">Child</option>
                        </options>
                     </field>
                     <field name="versionLabel" type="string"/>
                     <field name="isLocked" type="boolean"/>
                     <field name="modifiedByUser" type="reference">
                        <options>
                           <option name="referenceTo">UserInfo</option>
                           <option name="relationshipName">Child</option>
                        </options>
                     </field>
                     <field name="name" type="string"/>
                     <field name="id" type="string"/>
                     <field name="archivedByUser" type="reference">
                        <options>
                           <option name="referenceTo">UserInfo</option>
                           <option name="relationshipName">Child</option>
                        </options>
                     </field>
                     <field name="properties" type="object"/>
                     <field name="allowableOperations" type="objectlist">
                        <options>
                           <option name="referenceTo">string</option>
                           <option name="relationshipName">Child</option>
                        </options>
                     </field>
                  </detail>
               </processObject>
               <processObject xmlns="http://schemas.active-endpoints.com/appmodules/screenflow/2011/06/avosHostEnvironment.xsd"
                              isByCopy="true"
                              name="Error">
                  <description/>
                  <detail>
                     <field name="error" type="reference">
                        <options>
                           <option name="referenceTo">Error1</option>
                           <option name="relationshipName">Child</option>
                        </options>
                     </field>
                  </detail>
               </processObject>
               <processObject xmlns="http://schemas.active-endpoints.com/appmodules/screenflow/2011/06/avosHostEnvironment.xsd"
                              isByCopy="true"
                              name="RequestScope">
                  <description>Scope</description>
                  <detail>
                     <field name="locations" type="reference">
                        <options>
                           <option name="referenceTo">Locations</option>
                           <option name="relationshipName">Child</option>
                        </options>
                     </field>
                  </detail>
               </processObject>
               <processObject xmlns="http://schemas.active-endpoints.com/appmodules/screenflow/2011/06/avosHostEnvironment.xsd"
                              isByCopy="true"
                              name="ResultSetRowEntry">
                  <description>A row in the result set</description>
                  <detail>
                     <field name="entry" type="reference">
                        <options>
                           <option name="referenceTo">ResultNode</option>
                           <option name="relationshipName">Child</option>
                        </options>
                     </field>
                  </detail>
               </processObject>
               <processObject xmlns="http://schemas.active-endpoints.com/appmodules/screenflow/2011/06/avosHostEnvironment.xsd"
                              isByCopy="true"
                              name="Type">
                  <description>How to order - using a field, when position of the document in the index, score/relevence.</description>
                  <detail/>
               </processObject>
               <processObject xmlns="http://schemas.active-endpoints.com/appmodules/screenflow/2011/06/avosHostEnvironment.xsd"
                              isByCopy="true"
                              name="GenericMetric">
                  <description>A metric used in faceting</description>
                  <detail>
                     <field name="type" type="string"/>
                     <field name="value" type="object"/>
                  </detail>
               </processObject>
               <processObject xmlns="http://schemas.active-endpoints.com/appmodules/screenflow/2011/06/avosHostEnvironment.xsd"
                              isByCopy="true"
                              name="Error1">
                  <description/>
                  <detail>
                     <field name="errorKey" type="string"/>
                     <field name="briefSummary" type="string"/>
                     <field name="descriptionURL" type="string"/>
                     <field name="logId" type="string"/>
                     <field name="stackTrace" type="string"/>
                     <field name="statusCode" type="int"/>
                  </detail>
               </processObject>
               <processObject xmlns="http://schemas.active-endpoints.com/appmodules/screenflow/2011/06/avosHostEnvironment.xsd"
                              isByCopy="true"
                              name="RequestFacetQuery">
                  <description/>
                  <detail>
                     <field name="query" type="string"/>
                     <field name="label" type="string"/>
                  </detail>
               </processObject>
               <processObject xmlns="http://schemas.active-endpoints.com/appmodules/screenflow/2011/06/avosHostEnvironment.xsd"
                              isByCopy="true"
                              name="PathInfo">
                  <description/>
                  <detail>
                     <field name="elements" type="objectlist">
                        <options>
                           <option name="referenceTo">PathElement</option>
                           <option name="relationshipName">Child</option>
                        </options>
                     </field>
                     <field name="name" type="string"/>
                     <field name="isComplete" type="boolean"/>
                  </detail>
               </processObject>
               <processObject xmlns="http://schemas.active-endpoints.com/appmodules/screenflow/2011/06/avosHostEnvironment.xsd"
                              isByCopy="true"
                              name="FacetQuery">
                  <description/>
                  <detail>
                     <field name="count" type="int"/>
                     <field name="label" type="string"/>
                     <field name="filterQuery" type="string"/>
                  </detail>
               </processObject>
               <processObject xmlns="http://schemas.active-endpoints.com/appmodules/screenflow/2011/06/avosHostEnvironment.xsd"
                              isByCopy="true"
                              name="string">
                  <description/>
                  <detail>
                     <field name="string" type="string"/>
                  </detail>
               </processObject>
               <processObject xmlns="http://schemas.active-endpoints.com/appmodules/screenflow/2011/06/avosHostEnvironment.xsd"
                              isByCopy="true"
                              name="boolean">
                  <description/>
                  <detail>
                     <field name="boolean" type="boolean"/>
                  </detail>
               </processObject>
               <processObject xmlns="http://schemas.active-endpoints.com/appmodules/screenflow/2011/06/avosHostEnvironment.xsd"
                              isByCopy="true"
                              name="double">
                  <description/>
                  <detail>
                     <field name="double" type="double"/>
                  </detail>
               </processObject>
               <processObject xmlns="http://schemas.active-endpoints.com/appmodules/screenflow/2011/06/avosHostEnvironment.xsd"
                              isByCopy="true"
                              name="integer">
                  <description/>
                  <detail>
                     <field name="integer" type="int"/>
                  </detail>
               </processObject>
            </objects>
         </businessConnector>
      </types1:Entry>
      <types1:GUID>9v5umbfJ1xrbdP1GGQ2aWj</types1:GUID>
      <types1:DisplayName>Alfresco Content Services Search API v1</types1:DisplayName>
   </types1:Item>
   <types1:CurrentServerDateTime>2019-02-22T09:17:33.912Z</types1:CurrentServerDateTime>
</aetgt:getResponse>
