<aetgt:getResponse xmlns:aetgt="http://schemas.active-endpoints.com/appmodules/repository/2010/10/avrepository.xsd"
                   xmlns:types1="http://schemas.active-endpoints.com/appmodules/repository/2010/10/avrepository.xsd">
   <types1:Item>
      <types1:EntryId>LkZlkZ2sBsoZduD-gt-3851864-2019-12-19T11:45:53.601Z::svc.xml</types1:EntryId>
      <types1:Name>SAP_SuccessFactors_Employee_Central_Localization_OData_API_v1</types1:Name>
      <types1:MimeType>application/xml+businesssconnector</types1:MimeType>
      <types1:Description>API to access localization information</types1:Description>
      <types1:AppliesTo/>
      <types1:Tags/>
      <types1:VersionLabel>1.0</types1:VersionLabel>
      <types1:State>CURRENT</types1:State>
      <types1:ProcessGroup/>
      <types1:CreatedBy>sorabh@na1.dm-us.org</types1:CreatedBy>
      <types1:CreationDate>2019-12-19T11:45:54Z</types1:CreationDate>
      <types1:ModifiedBy/>
      <types1:PublicationStatus>published</types1:PublicationStatus>
      <types1:PublishedBy>sorabh@na1.dm-us.org</types1:PublishedBy>
      <types1:PublicationDate>2019-12-19T11:45:57Z</types1:PublicationDate>
      <types1:PublishedContributionId>project:/rt.connector/SAP_SuccessFactors_Employee_Central_Localization_OData_API_v1/SAP_SuccessFactors_Employee_Central_Localization_OData_API_v1_svcDef.xml</types1:PublishedContributionId>
      <types1:AutosaveExists>false</types1:AutosaveExists>
      <types1:Entry>
         <businessConnector xmlns="http://schemas.informatica.com/socrates/data-services/2014/05/business-connector-model.xsd"
                            agentOnly="false"
                            debug="false"
                            displayName="SAP SuccessFactors Employee Central Localization OData API v1"
                            label=""
                            name="SAP_SuccessFactors_Employee_Central_Localization_OData_API_v1"
                            uuid="afcd185c-ddcb-449f-be33-bbb58068d4b6">
            <description>API to access localization information</description>
            <tags/>
            <connectionAttributes xmlns="http://schemas.informatica.com/appmodules/screenflow/2014/04/avosConnectors.xsd">
               <connectionAttribute description="Host Name"
                                    masked="false"
                                    name="hostName"
                                    required="true"
                                    testWith="sandbox.api.sap.com"
                                    type="string"/>
               <connectionAttribute description="User Name"
                                    masked="false"
                                    name="username"
                                    required="true"
                                    testWith=""
                                    type="string"/>
               <connectionAttribute description="Password"
                                    masked="true"
                                    name="password"
                                    required="true"
                                    testWith=""
                                    type="string"/>
            </connectionAttributes>
            <actions>
               <action category="NameFormatGO"
                       failOnError="true"
                       forSearch="false"
                       label="GET_NameFormatGO_externalCode_"
                       maxRedirects="100"
                       name="GET_NameFormatGO_externalCode_"
                       preemptiveAuth="true"
                       responseEncoding="">
                  <description>Get entity from NameFormatGO by key</description>
                  <input>
                     <parameter description="key: externalCode"
                                label="externalCodePathParam"
                                name="externalCodePathParam"
                                nogen="true"
                                required="true"
                                testWith=""
                                type="string"/>
                     <parameter description="Select properties to be returned, see [OData Select](http://docs.oasis-open.org/odata/odata/v4.0/odata-v4.0-part1-protocol.html#_Toc445374620)"
                                label="$select"
                                name="$select"
                                required="false"
                                testWith=""
                                type="picklist">
                        <options>
                           <option name="values">[{"value":"createdBy","label":"createdBy"},{"value":"createdDateTime","label":"createdDateTime"},{"value":"externalCode","label":"externalCode"},{"value":"externalName","label":"externalName"},{"value":"lastModifiedBy","label":"lastModifiedBy"},{"value":"lastModifiedDateTime","label":"lastModifiedDateTime"},{"value":"mdfSystemCreatedBy","label":"mdfSystemCreatedBy"},{"value":"mdfSystemCreatedDate","label":"mdfSystemCreatedDate"},{"value":"mdfSystemEffectiveEndDate","label":"mdfSystemEffectiveEndDate"},{"value":"mdfSystemEffectiveStartDate","label":"mdfSystemEffectiveStartDate"},{"value":"mdfSystemEntityId","label":"mdfSystemEntityId"},{"value":"mdfSystemLastModifiedBy","label":"mdfSystemLastModifiedBy"},{"value":"mdfSystemLastModifiedDate","label":"mdfSystemLastModifiedDate"},{"value":"mdfSystemLastModifiedDateWithTZ","label":"mdfSystemLastModifiedDateWithTZ"},{"value":"mdfSystemObjectType","label":"mdfSystemObjectType"},{"value":"mdfSystemRecordId","label":"mdfSystemRecordId"},{"value":"mdfSystemRecordStatus","label":"mdfSystemRecordStatus"},{"value":"mdfSystemStatus","label":"mdfSystemStatus"},{"value":"mdfSystemTransactionSequence","label":"mdfSystemTransactionSequence"},{"value":"mdfSystemVersionId","label":"mdfSystemVersionId"},{"value":"sample","label":"sample"}]</option>
                        </options>
                     </parameter>
                     <parameter description="Expand related entities, see [OData Expand](http://docs.oasis-open.org/odata/odata/v4.0/odata-v4.0-part1-protocol.html#_Toc445374621)"
                                label="$expand"
                                name="$expand"
                                required="false"
                                testWith=""
                                type="picklist">
                        <options>
                           <option name="values">[{"value":"*","label":"*"},{"value":"nameElements","label":"nameElements"}]</option>
                        </options>
                     </parameter>
                  </input>
                  <binding>
                     <restSimpleBinding multiUsing="semicolonSeparated"
                                        url="https://{$hostName}/successfactors/odata/v2/NameFormatGO('{$externalCodePathParam}')"
                                        verb="GET">
                        <authentication>
                           <username>{$username}</username>
                           <password>{$password}</password>
                           <isExpressionInPassword>true</isExpressionInPassword>
                        </authentication>
                        <httpHeaders>
                           <header name="Content-Type">application/json</header>
                           <header name="Accept">application/json</header>
                        </httpHeaders>
                     </restSimpleBinding>
                  </binding>
                  <output>
                     <field description="Retrieved entity"
                            entireResponse="true"
                            name="entireResponse"
                            type="object"/>
                  </output>
               </action>
               <action category="NameElementGO"
                       failOnError="true"
                       forSearch="false"
                       label="GET_NameElementGO_NameFormatGO_externalCode_NameFormatGO_externalCode_externalCode_externalCode_"
                       maxRedirects="100"
                       name="GET_NameElementGO_NameFormatGO_externalCode_NameFormatGO_externalCode_externalCode_externalCode_"
                       preemptiveAuth="true"
                       responseEncoding="">
                  <description>Get entity from NameElementGO by key</description>
                  <input>
                     <parameter description="key: NameFormatGO_externalCode"
                                label="NameFormatGO_externalCodePathParam"
                                name="NameFormatGO_externalCodePathParam"
                                nogen="true"
                                required="true"
                                testWith=""
                                type="string"/>
                     <parameter description="key: externalCode"
                                label="externalCodePathParam"
                                name="externalCodePathParam"
                                nogen="true"
                                required="true"
                                testWith=""
                                type="string"/>
                     <parameter description="Select properties to be returned, see [OData Select](http://docs.oasis-open.org/odata/odata/v4.0/odata-v4.0-part1-protocol.html#_Toc445374620)"
                                label="$select"
                                name="$select"
                                required="false"
                                testWith=""
                                type="picklist">
                        <options>
                           <option name="values">[{"value":"NameFormatGO_externalCode","label":"NameFormatGO_externalCode"},{"value":"createdBy","label":"createdBy"},{"value":"createdDate","label":"createdDate"},{"value":"createdDateTime","label":"createdDateTime"},{"value":"externalCode","label":"externalCode"},{"value":"lastModifiedBy","label":"lastModifiedBy"},{"value":"lastModifiedDate","label":"lastModifiedDate"},{"value":"lastModifiedDateTime","label":"lastModifiedDateTime"},{"value":"lastModifiedDateWithTZ","label":"lastModifiedDateWithTZ"},{"value":"mdfSystemEffectiveEndDate","label":"mdfSystemEffectiveEndDate"},{"value":"mdfSystemEffectiveStartDate","label":"mdfSystemEffectiveStartDate"},{"value":"mdfSystemEntityId","label":"mdfSystemEntityId"},{"value":"mdfSystemObjectType","label":"mdfSystemObjectType"},{"value":"mdfSystemRecordId","label":"mdfSystemRecordId"},{"value":"mdfSystemRecordStatus","label":"mdfSystemRecordStatus"},{"value":"mdfSystemStatus","label":"mdfSystemStatus"},{"value":"mdfSystemTransactionSequence","label":"mdfSystemTransactionSequence"},{"value":"mdfSystemVersionId","label":"mdfSystemVersionId"},{"value":"nameArtifactEnum","label":"nameArtifactEnum"},{"value":"sampleData","label":"sampleData"},{"value":"separator","label":"separator"}]</option>
                        </options>
                     </parameter>
                  </input>
                  <binding>
                     <restSimpleBinding multiUsing="semicolonSeparated"
                                        url="https://{$hostName}/successfactors/odata/v2/NameElementGO(NameFormatGO_externalCode='{$NameFormatGO_externalCodePathParam}',externalCode='{$externalCodePathParam}')"
                                        verb="GET">
                        <authentication>
                           <username>{$username}</username>
                           <password>{$password}</password>
                           <isExpressionInPassword>true</isExpressionInPassword>
                        </authentication>
                        <httpHeaders>
                           <header name="Content-Type">application/json</header>
                           <header name="Accept">application/json</header>
                        </httpHeaders>
                     </restSimpleBinding>
                  </binding>
                  <output>
                     <field description="Retrieved entity"
                            entireResponse="true"
                            name="entireResponse"
                            type="object"/>
                  </output>
               </action>
               <action category="NameElementGO"
                       failOnError="true"
                       forSearch="false"
                       label="GET_NameElementGO"
                       maxRedirects="100"
                       name="GET_NameElementGO"
                       preemptiveAuth="true"
                       responseEncoding="">
                  <description>Get entities from NameElementGO</description>
                  <input>
                     <parameter description="Show only the first n items, see [OData Paging - Top](http://docs.oasis-open.org/odata/odata/v4.0/odata-v4.0-part1-protocol.html#_Toc445374630)"
                                label="$top"
                                name="$top"
                                required="false"
                                testWith=""
                                type="int"/>
                     <parameter description="Skip the first n items, see [OData Paging - Skip](http://docs.oasis-open.org/odata/odata/v4.0/odata-v4.0-part1-protocol.html#_Toc445374631)"
                                label="$skip"
                                name="$skip"
                                required="false"
                                testWith=""
                                type="int"/>
                     <parameter description="Search items by search phrases, see [OData Searching](http://docs.oasis-open.org/odata/odata/v4.0/odata-v4.0-part1-protocol.html#_Toc445374633)"
                                label="$search"
                                name="$search"
                                required="false"
                                testWith=""
                                type="string"/>
                     <parameter description="Filter items by property values, see [OData Filtering](http://docs.oasis-open.org/odata/odata/v4.0/odata-v4.0-part1-protocol.html#_Toc445374625)"
                                label="$filter"
                                name="$filter"
                                required="false"
                                testWith=""
                                type="string"/>
                     <parameter description="Include count of items, see [OData Count](http://docs.oasis-open.org/odata/odata/v4.0/odata-v4.0-part1-protocol.html#_Toc445374632)"
                                label="$count"
                                name="$count"
                                required="false"
                                testWith=""
                                type="boolean"/>
                     <parameter description="Order items by property values, see [OData Sorting](http://docs.oasis-open.org/odata/odata/v4.0/odata-v4.0-part1-protocol.html#_Toc445374629)"
                                label="$orderby"
                                name="$orderby"
                                required="false"
                                testWith=""
                                type="picklist">
                        <options>
                           <option name="values">[{"value":"NameFormatGO_externalCode","label":"NameFormatGO_externalCode"},{"value":"NameFormatGO_externalCode desc","label":"NameFormatGO_externalCode desc"},{"value":"createdBy","label":"createdBy"},{"value":"createdBy desc","label":"createdBy desc"},{"value":"createdDate","label":"createdDate"},{"value":"createdDate desc","label":"createdDate desc"},{"value":"createdDateTime","label":"createdDateTime"},{"value":"createdDateTime desc","label":"createdDateTime desc"},{"value":"externalCode","label":"externalCode"},{"value":"externalCode desc","label":"externalCode desc"},{"value":"lastModifiedBy","label":"lastModifiedBy"},{"value":"lastModifiedBy desc","label":"lastModifiedBy desc"},{"value":"lastModifiedDate","label":"lastModifiedDate"},{"value":"lastModifiedDate desc","label":"lastModifiedDate desc"},{"value":"lastModifiedDateTime","label":"lastModifiedDateTime"},{"value":"lastModifiedDateTime desc","label":"lastModifiedDateTime desc"},{"value":"lastModifiedDateWithTZ","label":"lastModifiedDateWithTZ"},{"value":"lastModifiedDateWithTZ desc","label":"lastModifiedDateWithTZ desc"},{"value":"mdfSystemEffectiveEndDate","label":"mdfSystemEffectiveEndDate"},{"value":"mdfSystemEffectiveEndDate desc","label":"mdfSystemEffectiveEndDate desc"},{"value":"mdfSystemEffectiveStartDate","label":"mdfSystemEffectiveStartDate"},{"value":"mdfSystemEffectiveStartDate desc","label":"mdfSystemEffectiveStartDate desc"},{"value":"mdfSystemEntityId","label":"mdfSystemEntityId"},{"value":"mdfSystemEntityId desc","label":"mdfSystemEntityId desc"},{"value":"mdfSystemObjectType","label":"mdfSystemObjectType"},{"value":"mdfSystemObjectType desc","label":"mdfSystemObjectType desc"},{"value":"mdfSystemRecordId","label":"mdfSystemRecordId"},{"value":"mdfSystemRecordId desc","label":"mdfSystemRecordId desc"},{"value":"mdfSystemRecordStatus","label":"mdfSystemRecordStatus"},{"value":"mdfSystemRecordStatus desc","label":"mdfSystemRecordStatus desc"},{"value":"mdfSystemStatus","label":"mdfSystemStatus"},{"value":"mdfSystemStatus desc","label":"mdfSystemStatus desc"},{"value":"mdfSystemTransactionSequence","label":"mdfSystemTransactionSequence"},{"value":"mdfSystemTransactionSequence desc","label":"mdfSystemTransactionSequence desc"},{"value":"mdfSystemVersionId","label":"mdfSystemVersionId"},{"value":"mdfSystemVersionId desc","label":"mdfSystemVersionId desc"},{"value":"nameArtifactEnum","label":"nameArtifactEnum"},{"value":"nameArtifactEnum desc","label":"nameArtifactEnum desc"},{"value":"sampleData","label":"sampleData"},{"value":"sampleData desc","label":"sampleData desc"},{"value":"separator","label":"separator"},{"value":"separator desc","label":"separator desc"}]</option>
                        </options>
                     </parameter>
                     <parameter description="Select properties to be returned, see [OData Select](http://docs.oasis-open.org/odata/odata/v4.0/odata-v4.0-part1-protocol.html#_Toc445374620)"
                                label="$select"
                                name="$select"
                                required="false"
                                testWith=""
                                type="picklist">
                        <options>
                           <option name="values">[{"value":"NameFormatGO_externalCode","label":"NameFormatGO_externalCode"},{"value":"createdBy","label":"createdBy"},{"value":"createdDate","label":"createdDate"},{"value":"createdDateTime","label":"createdDateTime"},{"value":"externalCode","label":"externalCode"},{"value":"lastModifiedBy","label":"lastModifiedBy"},{"value":"lastModifiedDate","label":"lastModifiedDate"},{"value":"lastModifiedDateTime","label":"lastModifiedDateTime"},{"value":"lastModifiedDateWithTZ","label":"lastModifiedDateWithTZ"},{"value":"mdfSystemEffectiveEndDate","label":"mdfSystemEffectiveEndDate"},{"value":"mdfSystemEffectiveStartDate","label":"mdfSystemEffectiveStartDate"},{"value":"mdfSystemEntityId","label":"mdfSystemEntityId"},{"value":"mdfSystemObjectType","label":"mdfSystemObjectType"},{"value":"mdfSystemRecordId","label":"mdfSystemRecordId"},{"value":"mdfSystemRecordStatus","label":"mdfSystemRecordStatus"},{"value":"mdfSystemStatus","label":"mdfSystemStatus"},{"value":"mdfSystemTransactionSequence","label":"mdfSystemTransactionSequence"},{"value":"mdfSystemVersionId","label":"mdfSystemVersionId"},{"value":"nameArtifactEnum","label":"nameArtifactEnum"},{"value":"sampleData","label":"sampleData"},{"value":"separator","label":"separator"}]</option>
                        </options>
                     </parameter>
                  </input>
                  <binding>
                     <restSimpleBinding multiUsing="semicolonSeparated"
                                        url="https://{$hostName}/successfactors/odata/v2/NameElementGO"
                                        verb="GET">
                        <authentication>
                           <username>{$username}</username>
                           <password>{$password}</password>
                           <isExpressionInPassword>true</isExpressionInPassword>
                        </authentication>
                        <httpHeaders>
                           <header name="Content-Type">application/json</header>
                           <header name="Accept">application/json</header>
                        </httpHeaders>
                     </restSimpleBinding>
                  </binding>
                  <output>
                     <field description="Retrieved entities"
                            entireResponse="true"
                            name="entireResponse"
                            type="object"/>
                  </output>
               </action>
               <action category="NameFormatGO"
                       failOnError="true"
                       forSearch="false"
                       label="GET_NameFormatGO"
                       maxRedirects="100"
                       name="GET_NameFormatGO"
                       preemptiveAuth="true"
                       responseEncoding="">
                  <description>Get entities from NameFormatGO</description>
                  <input>
                     <parameter description="Show only the first n items, see [OData Paging - Top](http://docs.oasis-open.org/odata/odata/v4.0/odata-v4.0-part1-protocol.html#_Toc445374630)"
                                label="$top"
                                name="$top"
                                required="false"
                                testWith=""
                                type="int"/>
                     <parameter description="Skip the first n items, see [OData Paging - Skip](http://docs.oasis-open.org/odata/odata/v4.0/odata-v4.0-part1-protocol.html#_Toc445374631)"
                                label="$skip"
                                name="$skip"
                                required="false"
                                testWith=""
                                type="int"/>
                     <parameter description="Search items by search phrases, see [OData Searching](http://docs.oasis-open.org/odata/odata/v4.0/odata-v4.0-part1-protocol.html#_Toc445374633)"
                                label="$search"
                                name="$search"
                                required="false"
                                testWith=""
                                type="string"/>
                     <parameter description="Filter items by property values, see [OData Filtering](http://docs.oasis-open.org/odata/odata/v4.0/odata-v4.0-part1-protocol.html#_Toc445374625)"
                                label="$filter"
                                name="$filter"
                                required="false"
                                testWith=""
                                type="string"/>
                     <parameter description="Include count of items, see [OData Count](http://docs.oasis-open.org/odata/odata/v4.0/odata-v4.0-part1-protocol.html#_Toc445374632)"
                                label="$count"
                                name="$count"
                                required="false"
                                testWith=""
                                type="boolean"/>
                     <parameter description="Order items by property values, see [OData Sorting](http://docs.oasis-open.org/odata/odata/v4.0/odata-v4.0-part1-protocol.html#_Toc445374629)"
                                label="$orderby"
                                name="$orderby"
                                required="false"
                                testWith=""
                                type="picklist">
                        <options>
                           <option name="values">[{"value":"createdBy","label":"createdBy"},{"value":"createdBy desc","label":"createdBy desc"},{"value":"createdDateTime","label":"createdDateTime"},{"value":"createdDateTime desc","label":"createdDateTime desc"},{"value":"externalCode","label":"externalCode"},{"value":"externalCode desc","label":"externalCode desc"},{"value":"externalName","label":"externalName"},{"value":"externalName desc","label":"externalName desc"},{"value":"lastModifiedBy","label":"lastModifiedBy"},{"value":"lastModifiedBy desc","label":"lastModifiedBy desc"},{"value":"lastModifiedDateTime","label":"lastModifiedDateTime"},{"value":"lastModifiedDateTime desc","label":"lastModifiedDateTime desc"},{"value":"mdfSystemCreatedBy","label":"mdfSystemCreatedBy"},{"value":"mdfSystemCreatedBy desc","label":"mdfSystemCreatedBy desc"},{"value":"mdfSystemCreatedDate","label":"mdfSystemCreatedDate"},{"value":"mdfSystemCreatedDate desc","label":"mdfSystemCreatedDate desc"},{"value":"mdfSystemEffectiveEndDate","label":"mdfSystemEffectiveEndDate"},{"value":"mdfSystemEffectiveEndDate desc","label":"mdfSystemEffectiveEndDate desc"},{"value":"mdfSystemEffectiveStartDate","label":"mdfSystemEffectiveStartDate"},{"value":"mdfSystemEffectiveStartDate desc","label":"mdfSystemEffectiveStartDate desc"},{"value":"mdfSystemEntityId","label":"mdfSystemEntityId"},{"value":"mdfSystemEntityId desc","label":"mdfSystemEntityId desc"},{"value":"mdfSystemLastModifiedBy","label":"mdfSystemLastModifiedBy"},{"value":"mdfSystemLastModifiedBy desc","label":"mdfSystemLastModifiedBy desc"},{"value":"mdfSystemLastModifiedDate","label":"mdfSystemLastModifiedDate"},{"value":"mdfSystemLastModifiedDate desc","label":"mdfSystemLastModifiedDate desc"},{"value":"mdfSystemLastModifiedDateWithTZ","label":"mdfSystemLastModifiedDateWithTZ"},{"value":"mdfSystemLastModifiedDateWithTZ desc","label":"mdfSystemLastModifiedDateWithTZ desc"},{"value":"mdfSystemObjectType","label":"mdfSystemObjectType"},{"value":"mdfSystemObjectType desc","label":"mdfSystemObjectType desc"},{"value":"mdfSystemRecordId","label":"mdfSystemRecordId"},{"value":"mdfSystemRecordId desc","label":"mdfSystemRecordId desc"},{"value":"mdfSystemRecordStatus","label":"mdfSystemRecordStatus"},{"value":"mdfSystemRecordStatus desc","label":"mdfSystemRecordStatus desc"},{"value":"mdfSystemStatus","label":"mdfSystemStatus"},{"value":"mdfSystemStatus desc","label":"mdfSystemStatus desc"},{"value":"mdfSystemTransactionSequence","label":"mdfSystemTransactionSequence"},{"value":"mdfSystemTransactionSequence desc","label":"mdfSystemTransactionSequence desc"},{"value":"mdfSystemVersionId","label":"mdfSystemVersionId"},{"value":"mdfSystemVersionId desc","label":"mdfSystemVersionId desc"},{"value":"sample","label":"sample"},{"value":"sample desc","label":"sample desc"}]</option>
                        </options>
                     </parameter>
                     <parameter description="Select properties to be returned, see [OData Select](http://docs.oasis-open.org/odata/odata/v4.0/odata-v4.0-part1-protocol.html#_Toc445374620)"
                                label="$select"
                                name="$select"
                                required="false"
                                testWith=""
                                type="picklist">
                        <options>
                           <option name="values">[{"value":"createdBy","label":"createdBy"},{"value":"createdDateTime","label":"createdDateTime"},{"value":"externalCode","label":"externalCode"},{"value":"externalName","label":"externalName"},{"value":"lastModifiedBy","label":"lastModifiedBy"},{"value":"lastModifiedDateTime","label":"lastModifiedDateTime"},{"value":"mdfSystemCreatedBy","label":"mdfSystemCreatedBy"},{"value":"mdfSystemCreatedDate","label":"mdfSystemCreatedDate"},{"value":"mdfSystemEffectiveEndDate","label":"mdfSystemEffectiveEndDate"},{"value":"mdfSystemEffectiveStartDate","label":"mdfSystemEffectiveStartDate"},{"value":"mdfSystemEntityId","label":"mdfSystemEntityId"},{"value":"mdfSystemLastModifiedBy","label":"mdfSystemLastModifiedBy"},{"value":"mdfSystemLastModifiedDate","label":"mdfSystemLastModifiedDate"},{"value":"mdfSystemLastModifiedDateWithTZ","label":"mdfSystemLastModifiedDateWithTZ"},{"value":"mdfSystemObjectType","label":"mdfSystemObjectType"},{"value":"mdfSystemRecordId","label":"mdfSystemRecordId"},{"value":"mdfSystemRecordStatus","label":"mdfSystemRecordStatus"},{"value":"mdfSystemStatus","label":"mdfSystemStatus"},{"value":"mdfSystemTransactionSequence","label":"mdfSystemTransactionSequence"},{"value":"mdfSystemVersionId","label":"mdfSystemVersionId"},{"value":"sample","label":"sample"}]</option>
                        </options>
                     </parameter>
                     <parameter description="Expand related entities, see [OData Expand](http://docs.oasis-open.org/odata/odata/v4.0/odata-v4.0-part1-protocol.html#_Toc445374621)"
                                label="$expand"
                                name="$expand"
                                required="false"
                                testWith=""
                                type="picklist">
                        <options>
                           <option name="values">[{"value":"*","label":"*"},{"value":"nameElements","label":"nameElements"}]</option>
                        </options>
                     </parameter>
                  </input>
                  <binding>
                     <restSimpleBinding multiUsing="semicolonSeparated"
                                        url="https://{$hostName}/successfactors/odata/v2/NameFormatGO"
                                        verb="GET">
                        <authentication>
                           <username>{$username}</username>
                           <password>{$password}</password>
                           <isExpressionInPassword>true</isExpressionInPassword>
                        </authentication>
                        <httpHeaders>
                           <header name="Content-Type">application/json</header>
                           <header name="Accept">application/json</header>
                        </httpHeaders>
                     </restSimpleBinding>
                  </binding>
                  <output>
                     <field description="Retrieved entities"
                            entireResponse="true"
                            name="entireResponse"
                            type="object"/>
                  </output>
               </action>
            </actions>
            <objects>
               <processObject xmlns="http://schemas.active-endpoints.com/appmodules/screenflow/2011/06/avosHostEnvironment.xsd"
                              isByCopy="true"
                              name="SFOData_NameFormatGO">
                  <description/>
                  <detail>
                     <field name="mdfSystemObjectType" type="string"/>
                     <field name="mdfSystemLastModifiedDateWithTZ" type="string"/>
                     <field name="lastModifiedDateTime" type="string"/>
                     <field name="externalCode" type="string"/>
                     <field name="mdfSystemCreatedBy" type="string"/>
                     <field name="mdfSystemLastModifiedDate" type="string"/>
                     <field name="lastModifiedBy" type="string"/>
                     <field name="mdfSystemEffectiveEndDate" type="string"/>
                     <field name="createdDateTime" type="string"/>
                     <field name="mdfSystemVersionId" type="string"/>
                     <field name="mdfSystemLastModifiedBy" type="string"/>
                     <field name="mdfSystemRecordStatus" type="string"/>
                     <field name="sample" type="string"/>
                     <field name="mdfSystemTransactionSequence" type="string"/>
                     <field name="mdfSystemEffectiveStartDate" type="string"/>
                     <field name="createdBy" type="string"/>
                     <field name="mdfSystemStatus" type="string"/>
                     <field name="externalName" type="string"/>
                     <field name="mdfSystemCreatedDate" type="string"/>
                     <field name="mdfSystemEntityId" type="string"/>
                     <field name="mdfSystemRecordId" type="string"/>
                     <field name="nameElements" type="object"/>
                  </detail>
               </processObject>
               <processObject xmlns="http://schemas.active-endpoints.com/appmodules/screenflow/2011/06/avosHostEnvironment.xsd"
                              isByCopy="true"
                              name="odata_error_main">
                  <description/>
                  <detail>
                     <field name="code" type="string"/>
                     <field name="innererror" type="object"/>
                     <field name="details" type="objectlist">
                        <options>
                           <option name="referenceTo">odata_error_detail</option>
                           <option name="relationshipName">Child</option>
                        </options>
                     </field>
                     <field name="message" type="string"/>
                     <field name="target" type="string"/>
                  </detail>
               </processObject>
               <processObject xmlns="http://schemas.active-endpoints.com/appmodules/screenflow/2011/06/avosHostEnvironment.xsd"
                              isByCopy="true"
                              name="odata_error_detail">
                  <description/>
                  <detail>
                     <field name="code" type="string"/>
                     <field name="message" type="string"/>
                     <field name="target" type="string"/>
                  </detail>
               </processObject>
               <processObject xmlns="http://schemas.active-endpoints.com/appmodules/screenflow/2011/06/avosHostEnvironment.xsd"
                              isByCopy="true"
                              name="odata_error">
                  <description/>
                  <detail>
                     <field name="error" type="reference">
                        <options>
                           <option name="referenceTo">odata_error_main</option>
                           <option name="relationshipName">Child</option>
                        </options>
                     </field>
                  </detail>
               </processObject>
               <processObject xmlns="http://schemas.active-endpoints.com/appmodules/screenflow/2011/06/avosHostEnvironment.xsd"
                              isByCopy="true"
                              name="SFOData_NameElementGO">
                  <description/>
                  <detail>
                     <field name="mdfSystemObjectType" type="string"/>
                     <field name="lastModifiedDateTime" type="string"/>
                     <field name="externalCode" type="string"/>
                     <field name="NameFormatGO_externalCode" type="string"/>
                     <field name="lastModifiedDate" type="string"/>
                     <field name="lastModifiedBy" type="string"/>
                     <field name="mdfSystemEffectiveEndDate" type="string"/>
                     <field name="createdDateTime" type="string"/>
                     <field name="mdfSystemVersionId" type="string"/>
                     <field name="lastModifiedDateWithTZ" type="string"/>
                     <field name="mdfSystemRecordStatus" type="string"/>
                     <field name="separator" type="string"/>
                     <field name="mdfSystemTransactionSequence" type="string"/>
                     <field name="mdfSystemEffectiveStartDate" type="string"/>
                     <field name="createdDate" type="string"/>
                     <field name="sampleData" type="string"/>
                     <field name="createdBy" type="string"/>
                     <field name="mdfSystemStatus" type="string"/>
                     <field name="mdfSystemEntityId" type="string"/>
                     <field name="mdfSystemRecordId" type="string"/>
                     <field name="nameArtifactEnum" type="string"/>
                  </detail>
               </processObject>
               <processObject xmlns="http://schemas.active-endpoints.com/appmodules/screenflow/2011/06/avosHostEnvironment.xsd"
                              isByCopy="true"
                              name="string">
                  <description/>
                  <detail>
                     <field name="string" type="string"/>
                  </detail>
               </processObject>
               <processObject xmlns="http://schemas.active-endpoints.com/appmodules/screenflow/2011/06/avosHostEnvironment.xsd"
                              isByCopy="true"
                              name="boolean">
                  <description/>
                  <detail>
                     <field name="boolean" type="boolean"/>
                  </detail>
               </processObject>
               <processObject xmlns="http://schemas.active-endpoints.com/appmodules/screenflow/2011/06/avosHostEnvironment.xsd"
                              isByCopy="true"
                              name="double">
                  <description/>
                  <detail>
                     <field name="double" type="double"/>
                  </detail>
               </processObject>
               <processObject xmlns="http://schemas.active-endpoints.com/appmodules/screenflow/2011/06/avosHostEnvironment.xsd"
                              isByCopy="true"
                              name="integer">
                  <description/>
                  <detail>
                     <field name="integer" type="int"/>
                  </detail>
               </processObject>
               <processObject xmlns="http://schemas.active-endpoints.com/appmodules/screenflow/2011/06/avosHostEnvironment.xsd"
                              isByCopy="true"
                              name="error">
                  <description>Error</description>
                  <detail/>
               </processObject>
            </objects>
         </businessConnector>
      </types1:Entry>
      <types1:GUID>1no0QauEOZycKqbqOXVoEH</types1:GUID>
      <types1:DisplayName>SAP SuccessFactors Employee Central Localization OData API v1</types1:DisplayName>
   </types1:Item>
   <types1:CurrentServerDateTime>2019-12-19T11:46:12.68Z</types1:CurrentServerDateTime>
</aetgt:getResponse>
