<aetgt:getResponse xmlns:aetgt="http://schemas.active-endpoints.com/appmodules/repository/2010/10/avrepository.xsd"
                   xmlns:types1="http://schemas.active-endpoints.com/appmodules/repository/2010/10/avrepository.xsd">
   <types1:Item>
      <types1:EntryId>5MKRHBxZmtK9hCH-gt-544332-2019-11-12T08:40:56.903Z::svc.xml</types1:EntryId>
      <types1:Name>SAP_S4HANA_Workforce_Daily_Availability_API_v1</types1:Name>
      <types1:MimeType>application/xml+businesssconnector</types1:MimeType>
      <types1:Description>This service enables you to  create, read, update, and delete the (CRUD) daily  availability information into the S/4HANA system  from your external HR system when you are not  using the SAP SuccessFactors Employee Central  system.

#</types1:Description>
      <types1:AppliesTo/>
      <types1:Tags/>
      <types1:VersionLabel>1.0</types1:VersionLabel>
      <types1:State>CURRENT</types1:State>
      <types1:ProcessGroup/>
      <types1:CreatedBy>sorabh@na1.dm-us.org</types1:CreatedBy>
      <types1:CreationDate>2019-11-12T08:40:57Z</types1:CreationDate>
      <types1:ModifiedBy/>
      <types1:PublicationStatus>published</types1:PublicationStatus>
      <types1:PublishedBy>sorabh@na1.dm-us.org</types1:PublishedBy>
      <types1:PublicationDate>2019-11-12T08:41:00Z</types1:PublicationDate>
      <types1:PublishedContributionId>project:/rt.connector/SAP_S4HANA_Workforce_Daily_Availability_API_v1/SAP_S4HANA_Workforce_Daily_Availability_API_v1_svcDef.xml</types1:PublishedContributionId>
      <types1:AutosaveExists>false</types1:AutosaveExists>
      <types1:Entry>
         <businessConnector xmlns="http://schemas.informatica.com/socrates/data-services/2014/05/business-connector-model.xsd"
                            agentOnly="false"
                            debug="false"
                            displayName="SAP S4HANA Workforce Daily Availability API v1"
                            label=""
                            name="SAP_S4HANA_Workforce_Daily_Availability_API_v1"
                            uuid="913ac35f-3676-43ae-933c-d5961054edb0">
            <description>This service enables you to  create, read, update, and delete the (CRUD) daily  availability information into the S/4HANA system  from your external HR system when you are not  using the SAP SuccessFactors Employee Central  system.

#</description>
            <tags/>
            <connectionAttributes xmlns="http://schemas.informatica.com/appmodules/screenflow/2014/04/avosConnectors.xsd">
               <connectionAttribute description="Host Name"
                                    masked="false"
                                    name="hostName"
                                    required="true"
                                    testWith="sandbox.api.sap.com"
                                    type="string"/>
               <connectionAttribute description="User Name"
                                    masked="false"
                                    name="username"
                                    required="true"
                                    testWith=""
                                    type="string"/>
               <connectionAttribute description="Password"
                                    masked="true"
                                    name="password"
                                    required="true"
                                    testWith=""
                                    type="string"/>
            </connectionAttributes>
            <actions>
               <action category="TimeOverviewSet"
                       failOnError="true"
                       forSearch="false"
                       label="PATCH_TimeOverviewSet_Personworkagreementexternalid_Personworkagreementexternalid_Companycode_Companycode_Calendardate_Calendardate_"
                       maxRedirects="100"
                       name="PATCH_TimeOverviewSet_Personworkagreementexternalid_Personworkagreementexternalid_Companycode_Companycode_Calendardate_Calendardate_"
                       preemptiveAuth="true"
                       responseEncoding="">
                  <description>Update entity in TimeOverviewSet</description>
                  <input>
                     <parameter description="New property values"
                                label="TimeOverview"
                                name="TimeOverview"
                                required="false"
                                testWith=""
                                type="object"/>
                     <parameter description="Work Agreement External ID"
                                label="PersonworkagreementexternalidPathParam"
                                name="PersonworkagreementexternalidPathParam"
                                nogen="true"
                                required="true"
                                testWith=""
                                type="string"/>
                     <parameter description="The company code is an organizational unit within financial accounting."
                                label="CompanycodePathParam"
                                name="CompanycodePathParam"
                                nogen="true"
                                required="true"
                                testWith=""
                                type="string"/>
                     <parameter description="Validity Date  &#xA;This field contains the date on which the corresponding data record is valid."
                                label="CalendardatePathParam"
                                name="CalendardatePathParam"
                                nogen="true"
                                required="true"
                                testWith=""
                                type="string"/>
                  </input>
                  <binding>
                     <restSimpleBinding multiUsing="semicolonSeparated"
                                        url="https://{$hostName}/s4hanacloud/sap/opu/odata/shcm/API_MANAGE_WF_AVAILABILITY/TimeOverviewSet(Personworkagreementexternalid='{$PersonworkagreementexternalidPathParam}',Companycode='{$CompanycodePathParam}',Calendardate={$CalendardatePathParam})"
                                        verb="PATCH">
                        <authentication>
                           <username>{$username}</username>
                           <password>{$password}</password>
                           <isExpressionInPassword>true</isExpressionInPassword>
                        </authentication>
                        <httpHeaders>
                           <header name="Content-Type">application/json</header>
                           <header name="Accept">application/json</header>
                        </httpHeaders>
                        <body generateUsing="UnwrappedJSON" preserveJsonStringFormatting="false"/>
                     </restSimpleBinding>
                  </binding>
                  <output/>
               </action>
               <action category="TimeOverviewSet"
                       failOnError="true"
                       forSearch="false"
                       label="GET_TimeOverviewSet_Personworkagreementexternalid_Personworkagreementexternalid_Companycode_Companycode_Calendardate_Calendardate_"
                       maxRedirects="100"
                       name="GET_TimeOverviewSet_Personworkagreementexternalid_Personworkagreementexternalid_Companycode_Companycode_Calendardate_Calendardate_"
                       preemptiveAuth="true"
                       responseEncoding="">
                  <description>Get entity from TimeOverviewSet by key</description>
                  <input>
                     <parameter description="Select properties to be returned, see [Select](https://help.sap.com/doc/5890d27be418427993fafa6722cdc03b/Cloud/en-US/OdataV2.pdf#page=68)"
                                label="$select"
                                name="$select"
                                required="false"
                                testWith=""
                                type="picklist">
                        <options>
                           <option name="values">[{"value":"Personworkagreementexternalid","label":"Personworkagreementexternalid"},{"value":"Companycode","label":"Companycode"},{"value":"Personworkagreement","label":"Personworkagreement"},{"value":"Calendardate","label":"Calendardate"},{"value":"Plannedworkinghours","label":"Plannedworkinghours"},{"value":"Plannedstarttime","label":"Plannedstarttime"},{"value":"Plannedendtime","label":"Plannedendtime"},{"value":"Publicholidayclass","label":"Publicholidayclass"},{"value":"Isnonworkingday","label":"Isnonworkingday"},{"value":"Absencehours","label":"Absencehours"},{"value":"Attendancehours","label":"Attendancehours"},{"value":"Overtimehours","label":"Overtimehours"}]</option>
                        </options>
                     </parameter>
                     <parameter description="Work Agreement External ID"
                                label="PersonworkagreementexternalidPathParam"
                                name="PersonworkagreementexternalidPathParam"
                                nogen="true"
                                required="true"
                                testWith=""
                                type="string"/>
                     <parameter description="The company code is an organizational unit within financial accounting."
                                label="CompanycodePathParam"
                                name="CompanycodePathParam"
                                nogen="true"
                                required="true"
                                testWith=""
                                type="string"/>
                     <parameter description="Validity Date  &#xA;This field contains the date on which the corresponding data record is valid."
                                label="CalendardatePathParam"
                                name="CalendardatePathParam"
                                nogen="true"
                                required="true"
                                testWith=""
                                type="string"/>
                  </input>
                  <binding>
                     <restSimpleBinding multiUsing="semicolonSeparated"
                                        url="https://{$hostName}/s4hanacloud/sap/opu/odata/shcm/API_MANAGE_WF_AVAILABILITY/TimeOverviewSet(Personworkagreementexternalid='{$PersonworkagreementexternalidPathParam}',Companycode='{$CompanycodePathParam}',Calendardate={$CalendardatePathParam})"
                                        verb="GET">
                        <authentication>
                           <username>{$username}</username>
                           <password>{$password}</password>
                           <isExpressionInPassword>true</isExpressionInPassword>
                        </authentication>
                        <httpHeaders>
                           <header name="Content-Type">application/json</header>
                           <header name="Accept">application/json</header>
                        </httpHeaders>
                     </restSimpleBinding>
                  </binding>
                  <output>
                     <field description="Retrieved entity"
                            entireResponse="true"
                            name="entireResponse"
                            type="object"/>
                  </output>
               </action>
               <action category="TimeOverviewSet"
                       failOnError="true"
                       forSearch="false"
                       label="DELETE_TimeOverviewSet_Personworkagreementexternalid_Personworkagreementexternalid_Companycode_Companycode_Calendardate_Calendardate_"
                       maxRedirects="100"
                       name="DELETE_TimeOverviewSet_Personworkagreementexternalid_Personworkagreementexternalid_Companycode_Companycode_Calendardate_Calendardate_"
                       preemptiveAuth="true"
                       responseEncoding="">
                  <description>Delete entity from TimeOverviewSet</description>
                  <input>
                     <parameter description="Work Agreement External ID"
                                label="PersonworkagreementexternalidPathParam"
                                name="PersonworkagreementexternalidPathParam"
                                nogen="true"
                                required="true"
                                testWith=""
                                type="string"/>
                     <parameter description="The company code is an organizational unit within financial accounting."
                                label="CompanycodePathParam"
                                name="CompanycodePathParam"
                                nogen="true"
                                required="true"
                                testWith=""
                                type="string"/>
                     <parameter description="Validity Date  &#xA;This field contains the date on which the corresponding data record is valid."
                                label="CalendardatePathParam"
                                name="CalendardatePathParam"
                                nogen="true"
                                required="true"
                                testWith=""
                                type="string"/>
                  </input>
                  <binding>
                     <restSimpleBinding multiUsing="semicolonSeparated"
                                        url="https://{$hostName}/s4hanacloud/sap/opu/odata/shcm/API_MANAGE_WF_AVAILABILITY/TimeOverviewSet(Personworkagreementexternalid='{$PersonworkagreementexternalidPathParam}',Companycode='{$CompanycodePathParam}',Calendardate={$CalendardatePathParam})"
                                        verb="DELETE">
                        <authentication>
                           <username>{$username}</username>
                           <password>{$password}</password>
                           <isExpressionInPassword>true</isExpressionInPassword>
                        </authentication>
                        <httpHeaders>
                           <header name="Content-Type">application/json</header>
                           <header name="Accept">application/json</header>
                        </httpHeaders>
                     </restSimpleBinding>
                  </binding>
                  <output/>
               </action>
               <action category="Batch Requests"
                       failOnError="true"
                       forSearch="false"
                       label="POST_batch"
                       maxRedirects="100"
                       name="POST_batch"
                       preemptiveAuth="true"
                       responseEncoding="">
                  <description>Send a group of requests. Group multiple requests into a single request payload, see [Batch Requests](https://help.sap.com/doc/5890d27be418427993fafa6722cdc03b/Cloud/en-US/OdataV2.pdf#page=152).</description>
                  <input>
                     <parameter description="Batch request"
                                label="requestBody"
                                name="requestBody"
                                required="false"
                                testWith=""
                                type="string"/>
                  </input>
                  <binding>
                     <restSimpleBinding multiUsing="semicolonSeparated"
                                        url="https://{$hostName}/s4hanacloud/sap/opu/odata/shcm/API_MANAGE_WF_AVAILABILITY/$batch"
                                        verb="POST">
                        <authentication>
                           <username>{$username}</username>
                           <password>{$password}</password>
                           <isExpressionInPassword>true</isExpressionInPassword>
                        </authentication>
                        <httpHeaders>
                           <header name="Content-Type">multipart/mixed;boundary=request-separator</header>
                           <header name="Accept">multipart/mixed</header>
                        </httpHeaders>
                        <body>{$requestBody}</body>
                     </restSimpleBinding>
                  </binding>
                  <output/>
               </action>
               <action category="TimeOverviewSet"
                       failOnError="true"
                       forSearch="false"
                       label="POST_TimeOverviewSet"
                       maxRedirects="100"
                       name="POST_TimeOverviewSet"
                       preemptiveAuth="true"
                       responseEncoding="">
                  <description>Add new entity to TimeOverviewSet</description>
                  <input>
                     <parameter description="New entity"
                                label="TimeOverview"
                                name="TimeOverview"
                                required="false"
                                testWith=""
                                type="reference">
                        <options>
                           <option name="referenceTo">SHCM_API_MANAGE_WF_AVAILABILITY_TimeOverview_create</option>
                        </options>
                     </parameter>
                  </input>
                  <binding>
                     <restSimpleBinding multiUsing="semicolonSeparated"
                                        url="https://{$hostName}/s4hanacloud/sap/opu/odata/shcm/API_MANAGE_WF_AVAILABILITY/TimeOverviewSet"
                                        verb="POST">
                        <authentication>
                           <username>{$username}</username>
                           <password>{$password}</password>
                           <isExpressionInPassword>true</isExpressionInPassword>
                        </authentication>
                        <httpHeaders>
                           <header name="Content-Type">application/json</header>
                           <header name="Accept">application/json</header>
                        </httpHeaders>
                        <body generateUsing="UnwrappedJSON" preserveJsonStringFormatting="false"/>
                     </restSimpleBinding>
                  </binding>
                  <output/>
               </action>
               <action category="TimeOverviewSet"
                       failOnError="true"
                       forSearch="false"
                       label="GET_TimeOverviewSet"
                       maxRedirects="100"
                       name="GET_TimeOverviewSet"
                       preemptiveAuth="true"
                       responseEncoding="">
                  <description>Get entities from TimeOverviewSet</description>
                  <input>
                     <parameter description="Show only the first n items, see [Paging - Top](https://help.sap.com/doc/5890d27be418427993fafa6722cdc03b/Cloud/en-US/OdataV2.pdf#page=66)"
                                label="$top"
                                name="$top"
                                required="false"
                                testWith=""
                                type="int"/>
                     <parameter description="Skip the first n items, see [Paging - Skip](https://help.sap.com/doc/5890d27be418427993fafa6722cdc03b/Cloud/en-US/OdataV2.pdf#page=65)"
                                label="$skip"
                                name="$skip"
                                required="false"
                                testWith=""
                                type="int"/>
                     <parameter description="Filter items by property values, see [Filtering](https://help.sap.com/doc/5890d27be418427993fafa6722cdc03b/Cloud/en-US/OdataV2.pdf#page=64)"
                                label="$filter"
                                name="$filter"
                                required="false"
                                testWith=""
                                type="string"/>
                     <parameter description="Include count of items, see [Inlinecount](https://help.sap.com/doc/5890d27be418427993fafa6722cdc03b/Cloud/en-US/OdataV2.pdf#page=67)"
                                label="$inlinecount"
                                name="$inlinecount"
                                required="false"
                                testWith=""
                                type="picklist">
                        <options>
                           <option name="values">[{"value":"allpages","label":"allpages"},{"value":"none","label":"none"}]</option>
                        </options>
                     </parameter>
                     <parameter description="Order items by property values, see [Sorting](https://help.sap.com/doc/5890d27be418427993fafa6722cdc03b/Cloud/en-US/OdataV2.pdf#page=65)"
                                label="$orderby"
                                name="$orderby"
                                required="false"
                                testWith=""
                                type="picklist">
                        <options>
                           <option name="values">[{"value":"Personworkagreementexternalid","label":"Personworkagreementexternalid"},{"value":"Personworkagreementexternalid desc","label":"Personworkagreementexternalid desc"},{"value":"Personworkagreement","label":"Personworkagreement"},{"value":"Personworkagreement desc","label":"Personworkagreement desc"},{"value":"Calendardate","label":"Calendardate"},{"value":"Calendardate desc","label":"Calendardate desc"},{"value":"Plannedworkinghours","label":"Plannedworkinghours"},{"value":"Plannedworkinghours desc","label":"Plannedworkinghours desc"},{"value":"Plannedstarttime","label":"Plannedstarttime"},{"value":"Plannedstarttime desc","label":"Plannedstarttime desc"},{"value":"Plannedendtime","label":"Plannedendtime"},{"value":"Plannedendtime desc","label":"Plannedendtime desc"},{"value":"Publicholidayclass","label":"Publicholidayclass"},{"value":"Publicholidayclass desc","label":"Publicholidayclass desc"},{"value":"Isnonworkingday","label":"Isnonworkingday"},{"value":"Isnonworkingday desc","label":"Isnonworkingday desc"},{"value":"Absencehours","label":"Absencehours"},{"value":"Absencehours desc","label":"Absencehours desc"},{"value":"Attendancehours","label":"Attendancehours"},{"value":"Attendancehours desc","label":"Attendancehours desc"},{"value":"Overtimehours","label":"Overtimehours"},{"value":"Overtimehours desc","label":"Overtimehours desc"}]</option>
                        </options>
                     </parameter>
                     <parameter description="Select properties to be returned, see [Select](https://help.sap.com/doc/5890d27be418427993fafa6722cdc03b/Cloud/en-US/OdataV2.pdf#page=68)"
                                label="$select"
                                name="$select"
                                required="false"
                                testWith=""
                                type="picklist">
                        <options>
                           <option name="values">[{"value":"Personworkagreementexternalid","label":"Personworkagreementexternalid"},{"value":"Companycode","label":"Companycode"},{"value":"Personworkagreement","label":"Personworkagreement"},{"value":"Calendardate","label":"Calendardate"},{"value":"Plannedworkinghours","label":"Plannedworkinghours"},{"value":"Plannedstarttime","label":"Plannedstarttime"},{"value":"Plannedendtime","label":"Plannedendtime"},{"value":"Publicholidayclass","label":"Publicholidayclass"},{"value":"Isnonworkingday","label":"Isnonworkingday"},{"value":"Absencehours","label":"Absencehours"},{"value":"Attendancehours","label":"Attendancehours"},{"value":"Overtimehours","label":"Overtimehours"}]</option>
                        </options>
                     </parameter>
                  </input>
                  <binding>
                     <restSimpleBinding multiUsing="semicolonSeparated"
                                        url="https://{$hostName}/s4hanacloud/sap/opu/odata/shcm/API_MANAGE_WF_AVAILABILITY/TimeOverviewSet"
                                        verb="GET">
                        <authentication>
                           <username>{$username}</username>
                           <password>{$password}</password>
                           <isExpressionInPassword>true</isExpressionInPassword>
                        </authentication>
                        <httpHeaders>
                           <header name="Content-Type">application/json</header>
                           <header name="Accept">application/json</header>
                        </httpHeaders>
                     </restSimpleBinding>
                  </binding>
                  <output>
                     <field description="Retrieved entities"
                            entireResponse="true"
                            name="entireResponse"
                            type="object"/>
                  </output>
               </action>
            </actions>
            <objects>
               <processObject xmlns="http://schemas.active-endpoints.com/appmodules/screenflow/2011/06/avosHostEnvironment.xsd"
                              isByCopy="true"
                              name="SHCM_API_MANAGE_WF_AVAILABILITY_TimeOverview_create">
                  <description/>
                  <detail>
                     <field name="Calendardate" type="string"/>
                     <field name="Personworkagreementexternalid" type="string"/>
                     <field name="Publicholidayclass" type="string"/>
                     <field name="Overtimehours" type="string"/>
                     <field name="Plannedworkinghours" type="string"/>
                     <field name="Absencehours" type="string"/>
                     <field name="Plannedendtime" type="string"/>
                     <field name="Isnonworkingday" type="boolean"/>
                     <field name="Companycode" type="string"/>
                     <field name="Attendancehours" type="string"/>
                     <field name="Plannedstarttime" type="string"/>
                     <field name="Personworkagreement" type="string"/>
                  </detail>
               </processObject>
               <processObject xmlns="http://schemas.active-endpoints.com/appmodules/screenflow/2011/06/avosHostEnvironment.xsd"
                              isByCopy="true"
                              name="SHCM_API_MANAGE_WF_AVAILABILITY_TimeOverview">
                  <description/>
                  <detail>
                     <field name="Calendardate" type="string"/>
                     <field name="Personworkagreementexternalid" type="string"/>
                     <field name="Publicholidayclass" type="string"/>
                     <field name="Overtimehours" type="string"/>
                     <field name="Plannedworkinghours" type="string"/>
                     <field name="Absencehours" type="string"/>
                     <field name="Plannedendtime" type="string"/>
                     <field name="Isnonworkingday" type="boolean"/>
                     <field name="Companycode" type="string"/>
                     <field name="Attendancehours" type="string"/>
                     <field name="Plannedstarttime" type="string"/>
                     <field name="Personworkagreement" type="string"/>
                  </detail>
               </processObject>
               <processObject xmlns="http://schemas.active-endpoints.com/appmodules/screenflow/2011/06/avosHostEnvironment.xsd"
                              isByCopy="true"
                              name="SHCM_API_MANAGE_WF_AVAILABILITY_TimeOverview_update">
                  <description/>
                  <detail>
                     <field name="Publicholidayclass" type="string"/>
                     <field name="Overtimehours" type="string"/>
                     <field name="Plannedworkinghours" type="string"/>
                     <field name="Absencehours" type="string"/>
                     <field name="Plannedendtime" type="string"/>
                     <field name="Isnonworkingday" type="boolean"/>
                     <field name="Attendancehours" type="string"/>
                     <field name="Plannedstarttime" type="string"/>
                  </detail>
               </processObject>
               <processObject xmlns="http://schemas.active-endpoints.com/appmodules/screenflow/2011/06/avosHostEnvironment.xsd"
                              isByCopy="true"
                              name="error">
                  <description/>
                  <detail>
                     <field name="error" type="object"/>
                  </detail>
               </processObject>
               <processObject xmlns="http://schemas.active-endpoints.com/appmodules/screenflow/2011/06/avosHostEnvironment.xsd"
                              isByCopy="true"
                              name="string">
                  <description/>
                  <detail>
                     <field name="string" type="string"/>
                  </detail>
               </processObject>
               <processObject xmlns="http://schemas.active-endpoints.com/appmodules/screenflow/2011/06/avosHostEnvironment.xsd"
                              isByCopy="true"
                              name="boolean">
                  <description/>
                  <detail>
                     <field name="boolean" type="boolean"/>
                  </detail>
               </processObject>
               <processObject xmlns="http://schemas.active-endpoints.com/appmodules/screenflow/2011/06/avosHostEnvironment.xsd"
                              isByCopy="true"
                              name="double">
                  <description/>
                  <detail>
                     <field name="double" type="double"/>
                  </detail>
               </processObject>
               <processObject xmlns="http://schemas.active-endpoints.com/appmodules/screenflow/2011/06/avosHostEnvironment.xsd"
                              isByCopy="true"
                              name="integer">
                  <description/>
                  <detail>
                     <field name="integer" type="int"/>
                  </detail>
               </processObject>
            </objects>
         </businessConnector>
      </types1:Entry>
      <types1:GUID>jYH0nFIgKqReVTEIoNBkKl</types1:GUID>
      <types1:DisplayName>SAP S4HANA Workforce Daily Availability API v1</types1:DisplayName>
   </types1:Item>
   <types1:CurrentServerDateTime>2019-11-13T04:56:44.23Z</types1:CurrentServerDateTime>
</aetgt:getResponse>
