<aetgt:getResponse xmlns:aetgt="http://schemas.active-endpoints.com/appmodules/repository/2010/10/avrepository.xsd"
                   xmlns:types1="http://schemas.active-endpoints.com/appmodules/repository/2010/10/avrepository.xsd">
   <types1:Item>
      <types1:EntryId>6pjJBUhtycotFgp-gt-5104070-2019-01-31T04:32:44.923Z::svc.xml</types1:EntryId>
      <types1:Name>Atlassian_Fisheye_REST_API_v1</types1:Name>
      <types1:MimeType>application/xml+businesssconnector</types1:MimeType>
      <types1:Description>This is the reference section of the Fisheye REST API.&#xD;
For information about Fisheye Plugin Development, visit the&#xD;
This documentation was automatically generated from the</types1:Description>
      <types1:AppliesTo/>
      <types1:Tags/>
      <types1:VersionLabel>1.0</types1:VersionLabel>
      <types1:State>CURRENT</types1:State>
      <types1:ProcessGroup/>
      <types1:CreatedBy>sorabh@na1.dm-us.org</types1:CreatedBy>
      <types1:CreationDate>2019-01-31T04:32:45Z</types1:CreationDate>
      <types1:ModifiedBy>sorabh@na1.dm-us.org</types1:ModifiedBy>
      <types1:ModificationDate>2019-02-24T11:52:21Z</types1:ModificationDate>
      <types1:PublicationStatus>published</types1:PublicationStatus>
      <types1:PublishedBy>sorabh@na1.dm-us.org</types1:PublishedBy>
      <types1:PublicationDate>2019-02-24T11:52:25Z</types1:PublicationDate>
      <types1:PublishedContributionId>project:/rt.connector/Atlassian_Fisheye_REST_API_v1/Atlassian_Fisheye_REST_API_v1_svcDef.xml</types1:PublishedContributionId>
      <types1:AutosaveExists>false</types1:AutosaveExists>
      <types1:Entry>
         <businessConnector xmlns="http://schemas.informatica.com/socrates/data-services/2014/05/business-connector-model.xsd"
                            agentOnly="false"
                            debug="false"
                            displayName="Atlassian Fisheye REST API v1"
                            label=""
                            name="Atlassian_Fisheye_REST_API_v1"
                            uuid="d333fb69-2588-4cbd-8502-70c52cd898ee">
            <description>This is the reference section of the Fisheye REST API.&#xD;
For information about Fisheye Plugin Development, visit the&#xD;
This documentation was automatically generated from the</description>
            <tags/>
            <connectionAttributes xmlns="http://schemas.informatica.com/appmodules/screenflow/2014/04/avosConnectors.xsd">
               <connectionAttribute description="Host Name"
                                    masked="false"
                                    name="hostName"
                                    required="true"
                                    testWith="host:port"
                                    type="string"/>
            </connectionAttributes>
            <actions>
               <action category=""
                       failOnError="true"
                       forSearch="false"
                       label="RestServiceFeCommitGraphV1DetailsRepositoryAPIAPIPost"
                       maxRedirects="100"
                       name="RestServiceFeCommitGraphV1DetailsRepositoryAPIAPIPost"
                       preemptiveAuth="true"
                       responseEncoding="">
                  <description>getChangesetDetails. Retrieves detailed information about a set of changesets in a repository, designed to be used with the FishEye commit graph</description>
                  <input>
                     <parameter label="body"
                                name="body"
                                required="true"
                                testWith=""
                                type="reference">
                        <options>
                           <option name="referenceTo">getChangesetDetailsRequest</option>
                        </options>
                     </parameter>
                     <parameter label="repository_PathParam"
                                name="repository_PathParam"
                                nogen="true"
                                required="true"
                                testWith=""
                                type="string"/>
                  </input>
                  <binding>
                     <restSimpleBinding multiUsing="semicolonSeparated"
                                        url="http://{$hostName}/context/rest-service-fe/commit-graph-v1/details/{$repository_PathParam}"
                                        verb="POST">
                        <httpHeaders>
                           <header name="Content-Type">application/json</header>
                           <header name="Accept">application/json</header>
                        </httpHeaders>
                        <body generateUsing="UnwrappedJSON" preserveJsonStringFormatting="false"/>
                     </restSimpleBinding>
                  </binding>
                  <output/>
               </action>
               <action category=""
                       failOnError="true"
                       forSearch="false"
                       label="RestServiceFeRepositoriesV1ByRepositoryGet"
                       maxRedirects="100"
                       name="RestServiceFeRepositoriesV1ByRepositoryGet"
                       preemptiveAuth="true"
                       responseEncoding="">
                  <description>getRepositoryInfo. Get the information about a repository.</description>
                  <input>
                     <parameter description="the key of the repository"
                                label="repositoryPathParam"
                                name="repositoryPathParam"
                                nogen="true"
                                required="true"
                                testWith=""
                                type="string"/>
                  </input>
                  <binding>
                     <restSimpleBinding multiUsing="semicolonSeparated"
                                        url="http://{$hostName}/context/rest-service-fe/repositories-v1/{$repositoryPathParam}"
                                        verb="GET">
                        <httpHeaders>
                           <header name="Content-Type">application/json</header>
                           <header name="Accept">application/json</header>
                        </httpHeaders>
                     </restSimpleBinding>
                  </binding>
                  <output/>
               </action>
               <action category=""
                       failOnError="true"
                       forSearch="false"
                       label="RestServiceFeRevisionDataV1ChangesetListByRepositoryGet"
                       maxRedirects="100"
                       name="RestServiceFeRevisionDataV1ChangesetListByRepositoryGet"
                       preemptiveAuth="true"
                       responseEncoding="">
                  <description>listChangesets. Get a list of changesets on a repository.</description>
                  <input>
                     <parameter description="the key of the repository to query."
                                label="repositoryPathParam"
                                name="repositoryPathParam"
                                nogen="true"
                                required="true"
                                testWith=""
                                type="string"/>
                     <parameter description="restrict the changesets to those in this path, should be &#34;/&#34; to look at the whole repository."
                                label="path"
                                name="path"
                                required="false"
                                testWith=""
                                type="string"/>
                     <parameter description="only return changesets after this date."
                                label="start"
                                name="start"
                                required="false"
                                testWith=""
                                type="string"/>
                     <parameter description="only return changesets before this date."
                                label="end"
                                name="end"
                                required="false"
                                testWith=""
                                type="string"/>
                     <parameter description="the maximum number of changesets to return."
                                label="maxReturn"
                                name="maxReturn"
                                required="false"
                                testWith=""
                                type="string"/>
                  </input>
                  <binding>
                     <restSimpleBinding multiUsing="semicolonSeparated"
                                        url="http://{$hostName}/context/rest-service-fe/revisionData-v1/changesetList/{$repositoryPathParam}"
                                        verb="GET">
                        <httpHeaders>
                           <header name="Content-Type">application/json</header>
                           <header name="Accept">application/json</header>
                        </httpHeaders>
                     </restSimpleBinding>
                  </binding>
                  <output/>
               </action>
               <action category=""
                       failOnError="true"
                       forSearch="false"
                       label="RestServiceFeSearchV1QueryByRepositoryGet"
                       maxRedirects="100"
                       name="RestServiceFeSearchV1QueryByRepositoryGet"
                       preemptiveAuth="true"
                       responseEncoding="">
                  <description>getQuery. Execute a FishEye query against a specific repository.</description>
                  <input>
                     <parameter description="the key of the repository"
                                label="repositoryPathParam"
                                name="repositoryPathParam"
                                nogen="true"
                                required="true"
                                testWith=""
                                type="string"/>
                     <parameter description="FishEye query to execute"
                                label="query"
                                name="query"
                                required="false"
                                testWith=""
                                type="string"/>
                     <parameter description="maximum number of results (which can be left unspecified, but in that case,&#xA; the maximum number of results will set to 3000 results)"
                                label="maxReturn"
                                name="maxReturn"
                                required="false"
                                testWith=""
                                type="string"/>
                  </input>
                  <binding>
                     <restSimpleBinding multiUsing="semicolonSeparated"
                                        url="http://{$hostName}/context/rest-service-fe/search-v1/query/{$repositoryPathParam}"
                                        verb="GET">
                        <httpHeaders>
                           <header name="Content-Type">application/json</header>
                           <header name="Accept">application/json</header>
                        </httpHeaders>
                     </restSimpleBinding>
                  </binding>
                  <output/>
               </action>
               <action category=""
                       failOnError="true"
                       forSearch="false"
                       label="RestServiceFeRevisionDataV1PathListByRepositoryGet"
                       maxRedirects="100"
                       name="RestServiceFeRevisionDataV1PathListByRepositoryGet"
                       preemptiveAuth="true"
                       responseEncoding="">
                  <description>getPathList. Get a list of information about files and directories in a path.</description>
                  <input>
                     <parameter description="the key of the repository to query."
                                label="repositoryPathParam"
                                name="repositoryPathParam"
                                nogen="true"
                                required="true"
                                testWith=""
                                type="string"/>
                     <parameter description="the path to query, with respect to the fisheye repository root."
                                label="path"
                                name="path"
                                required="false"
                                testWith=""
                                type="string"/>
                  </input>
                  <binding>
                     <restSimpleBinding multiUsing="semicolonSeparated"
                                        url="http://{$hostName}/context/rest-service-fe/revisionData-v1/pathList/{$repositoryPathParam}"
                                        verb="GET">
                        <httpHeaders>
                           <header name="Content-Type">application/json</header>
                           <header name="Accept">application/json</header>
                        </httpHeaders>
                     </restSimpleBinding>
                  </binding>
                  <output/>
               </action>
               <action category=""
                       failOnError="true"
                       forSearch="false"
                       label="RestServiceFeChangesetV1ListChangesetsGet"
                       maxRedirects="100"
                       name="RestServiceFeChangesetV1ListChangesetsGet"
                       preemptiveAuth="true"
                       responseEncoding="">
                  <description>getChangesetsForText. List of changesets from a repository.</description>
                  <input>
                     <parameter description="the key of the repository"
                                label="rep"
                                name="rep"
                                required="false"
                                testWith=""
                                type="string"/>
                     <parameter description="repository path"
                                label="path"
                                name="path"
                                required="false"
                                testWith=""
                                type="string"/>
                     <parameter description="ID of the committer"
                                label="committer"
                                name="committer"
                                required="false"
                                testWith=""
                                type="string"/>
                     <parameter description="comment to match"
                                label="comment"
                                name="comment"
                                required="false"
                                testWith=""
                                type="string"/>
                     <parameter description="Perforce option to select the changesets marked as fixing"
                                label="p4JobFixed"
                                name="p4JobFixed"
                                required="false"
                                testWith=""
                                type="string"/>
                     <parameter description="expand query parameter to specify the maximum number of results"
                                label="expand"
                                name="expand"
                                required="false"
                                testWith=""
                                type="string"/>
                     <parameter description="parent of the changesets"
                                label="beforeCsid"
                                name="beforeCsid"
                                required="false"
                                testWith=""
                                type="string"/>
                  </input>
                  <binding>
                     <restSimpleBinding multiUsing="semicolonSeparated"
                                        url="http://{$hostName}/context/rest-service-fe/changeset-v1/listChangesets"
                                        verb="GET">
                        <httpHeaders>
                           <header name="Content-Type">application/json</header>
                           <header name="Accept">application/json</header>
                        </httpHeaders>
                     </restSimpleBinding>
                  </binding>
                  <output/>
               </action>
               <action category=""
                       failOnError="true"
                       forSearch="false"
                       label="RestServiceFeRevisionDataV1ChangesetByRepositoryAndCsidGet"
                       maxRedirects="100"
                       name="RestServiceFeRevisionDataV1ChangesetByRepositoryAndCsidGet"
                       preemptiveAuth="true"
                       responseEncoding="">
                  <description>getChangeset</description>
                  <input>
                     <parameter description="the ChangesetID of the changeset to return."
                                label="csidPathParam"
                                name="csidPathParam"
                                nogen="true"
                                required="true"
                                testWith=""
                                type="string"/>
                     <parameter description="the key of the repository to query."
                                label="repositoryPathParam"
                                name="repositoryPathParam"
                                nogen="true"
                                required="true"
                                testWith=""
                                type="string"/>
                  </input>
                  <binding>
                     <restSimpleBinding multiUsing="semicolonSeparated"
                                        url="http://{$hostName}/context/rest-service-fe/revisionData-v1/changeset/{$repositoryPathParam}/{$csidPathParam}"
                                        verb="GET">
                        <httpHeaders>
                           <header name="Content-Type">application/json</header>
                           <header name="Accept">application/json</header>
                        </httpHeaders>
                     </restSimpleBinding>
                  </binding>
                  <output/>
               </action>
               <action category=""
                       failOnError="true"
                       forSearch="false"
                       label="RestServiceFeCommitGraphV1SliceRepositoryAPIAPIGet"
                       maxRedirects="100"
                       name="RestServiceFeCommitGraphV1SliceRepositoryAPIAPIGet"
                       preemptiveAuth="true"
                       responseEncoding="">
                  <description>findSliceData. finds slice data the query</description>
                  <input>
                     <parameter label="repository_PathParam"
                                name="repository_PathParam"
                                nogen="true"
                                required="true"
                                testWith=""
                                type="string"/>
                     <parameter description="the set of branches to search. If not specified, will search all branches"
                                label="branch"
                                name="branch"
                                required="false"
                                testWith=""
                                type="string"/>
                     <parameter description="the id of the changeset which we are"
                                label="id"
                                name="id"
                                required="false"
                                testWith=""
                                type="string"/>
                     <parameter description="the direction to traverse. May be &#34;before&#34;, &#34;after&#34; or &#34;around&#34;"
                                label="direction"
                                name="direction"
                                required="false"
                                testWith=""
                                type="string"/>
                     <parameter description="the number of changesets to return in the slice"
                                label="size"
                                name="size"
                                required="false"
                                testWith=""
                                type="int"/>
                  </input>
                  <binding>
                     <restSimpleBinding multiUsing="semicolonSeparated"
                                        url="http://{$hostName}/context/rest-service-fe/commit-graph-v1/slice/{$repository_PathParam}"
                                        verb="GET">
                        <httpHeaders>
                           <header name="Content-Type">application/json</header>
                           <header name="Accept">application/json</header>
                        </httpHeaders>
                     </restSimpleBinding>
                  </binding>
                  <output/>
               </action>
               <action category=""
                       failOnError="true"
                       forSearch="false"
                       label="RestServiceFeSearchV1ReviewsForChangesetByRepositoryPost"
                       maxRedirects="100"
                       name="RestServiceFeSearchV1ReviewsForChangesetByRepositoryPost"
                       preemptiveAuth="true"
                       responseEncoding="">
                  <description>getReviewsForChangeset. Retrieve a list of reviews for a changeset in a given repository.</description>
                  <input>
                     <parameter description="the key of the repository"
                                label="repositoryPathParam"
                                name="repositoryPathParam"
                                nogen="true"
                                required="true"
                                testWith=""
                                type="string"/>
                     <parameter description="the id of the changeset"
                                label="cs"
                                name="cs"
                                required="false"
                                testWith=""
                                type="string"/>
                  </input>
                  <binding>
                     <restSimpleBinding multiUsing="semicolonSeparated"
                                        url="http://{$hostName}/context/rest-service-fe/search-v1/reviewsForChangeset/{$repositoryPathParam}"
                                        verb="POST">
                        <httpHeaders>
                           <header name="Content-Type">application/x-www-form-urlencoded</header>
                           <header name="Accept">application/json</header>
                        </httpHeaders>
                        <body generateUsing="Form"/>
                     </restSimpleBinding>
                  </binding>
                  <output/>
               </action>
               <action category=""
                       failOnError="true"
                       forSearch="false"
                       label="RestServiceFeSearchV1CrossRepositoryQueryGet"
                       maxRedirects="100"
                       name="RestServiceFeSearchV1CrossRepositoryQueryGet"
                       preemptiveAuth="true"
                       responseEncoding="">
                  <description>getCrossRepositoryQuery. Execute a query across repositories. By default, this will search all repositories.</description>
                  <input>
                     <parameter description="text to search for in commit message and p4 jobId. Must not be empty."
                                label="query"
                                name="query"
                                required="false"
                                testWith=""
                                type="string"/>
                     <parameter description="restrict search to only these repositories (by their keys)"
                                label="repository"
                                name="repository"
                                required="false"
                                testWith=""
                                type="string"/>
                     <parameter description="expand query parameter to specify the maximum number of results. Format is changesets[n:m].revisions[n:m],reviews&#xA;        the default number of changesets returned is 30, the maximum returned is 100"
                                label="expand"
                                name="expand"
                                required="false"
                                testWith=""
                                type="string"/>
                  </input>
                  <binding>
                     <restSimpleBinding multiUsing="semicolonSeparated"
                                        url="http://{$hostName}/context/rest-service-fe/search-v1/crossRepositoryQuery"
                                        verb="GET">
                        <httpHeaders>
                           <header name="Content-Type">application/json</header>
                           <header name="Accept">application/json</header>
                        </httpHeaders>
                     </restSimpleBinding>
                  </binding>
                  <output/>
               </action>
               <action category=""
                       failOnError="true"
                       forSearch="false"
                       label="RestServiceFeSearchV1ReviewsForChangesetsByRepositoryPost"
                       maxRedirects="100"
                       name="RestServiceFeSearchV1ReviewsForChangesetsByRepositoryPost"
                       preemptiveAuth="true"
                       responseEncoding="">
                  <description>getReviewsForChangesets. Retrieve a list of reviews for each given changeset in a given repository.</description>
                  <input>
                     <parameter description="the key of the repository"
                                label="repositoryPathParam"
                                name="repositoryPathParam"
                                nogen="true"
                                required="true"
                                testWith=""
                                type="string"/>
                     <parameter description="a list of changeset ids"
                                label="cs"
                                name="cs"
                                required="false"
                                testWith=""
                                type="string"/>
                  </input>
                  <binding>
                     <restSimpleBinding multiUsing="semicolonSeparated"
                                        url="http://{$hostName}/context/rest-service-fe/search-v1/reviewsForChangesets/{$repositoryPathParam}"
                                        verb="POST">
                        <httpHeaders>
                           <header name="Content-Type">application/x-www-form-urlencoded</header>
                           <header name="Accept">application/json</header>
                        </httpHeaders>
                        <body generateUsing="Form"/>
                     </restSimpleBinding>
                  </binding>
                  <output/>
               </action>
               <action category=""
                       failOnError="true"
                       forSearch="false"
                       label="RestServiceFeRepositoriesV1Get"
                       maxRedirects="100"
                       name="RestServiceFeRepositoriesV1Get"
                       preemptiveAuth="true"
                       responseEncoding="">
                  <description>getAllRepositories. List all the repositories.</description>
                  <input/>
                  <binding>
                     <restSimpleBinding multiUsing="semicolonSeparated"
                                        url="http://{$hostName}/context/rest-service-fe/repositories-v1"
                                        verb="GET">
                        <httpHeaders>
                           <header name="Content-Type">application/json</header>
                           <header name="Accept">application/json</header>
                        </httpHeaders>
                     </restSimpleBinding>
                  </binding>
                  <output/>
               </action>
               <action category=""
                       failOnError="true"
                       forSearch="false"
                       label="RestServiceFeSearchV1QueryAsRowsByRepositoryGet"
                       maxRedirects="100"
                       name="RestServiceFeSearchV1QueryAsRowsByRepositoryGet"
                       preemptiveAuth="true"
                       responseEncoding="">
                  <description>getQueryAsRows. Execute a FishEye query (that contains a "return" statement) against a specific repository.</description>
                  <input>
                     <parameter description="the key of the repository"
                                label="repositoryPathParam"
                                name="repositoryPathParam"
                                nogen="true"
                                required="true"
                                testWith=""
                                type="string"/>
                     <parameter description="FishEye query to execute (which must contain a &#34;return&#34; statement)"
                                label="query"
                                name="query"
                                required="false"
                                testWith=""
                                type="string"/>
                     <parameter description="maximum number of results (which can be left unspecified, but in that case,&#xA; the maximum number of results will set to 3000 results)"
                                label="maxReturn"
                                name="maxReturn"
                                required="false"
                                testWith=""
                                type="string"/>
                  </input>
                  <binding>
                     <restSimpleBinding multiUsing="semicolonSeparated"
                                        url="http://{$hostName}/context/rest-service-fe/search-v1/queryAsRows/{$repositoryPathParam}"
                                        verb="GET">
                        <httpHeaders>
                           <header name="Content-Type">application/json</header>
                           <header name="Accept">application/json</header>
                        </httpHeaders>
                     </restSimpleBinding>
                  </binding>
                  <output/>
               </action>
               <action category=""
                       failOnError="true"
                       forSearch="false"
                       label="RestServiceFeRevisionDataV1RevisionInfoByRepositoryGet"
                       maxRedirects="100"
                       name="RestServiceFeRevisionDataV1RevisionInfoByRepositoryGet"
                       preemptiveAuth="true"
                       responseEncoding="">
                  <description>getRevisionInfo</description>
                  <input>
                     <parameter description="the key of the repository to query."
                                label="repositoryPathParam"
                                name="repositoryPathParam"
                                nogen="true"
                                required="true"
                                testWith=""
                                type="string"/>
                     <parameter description="the path of the filerevision, with respect to the fisheye repository root."
                                label="path"
                                name="path"
                                required="false"
                                testWith=""
                                type="string"/>
                     <parameter description="the id of the filerevision to retrieve."
                                label="revision"
                                name="revision"
                                required="false"
                                testWith=""
                                type="string"/>
                  </input>
                  <binding>
                     <restSimpleBinding multiUsing="semicolonSeparated"
                                        url="http://{$hostName}/context/rest-service-fe/revisionData-v1/revisionInfo/{$repositoryPathParam}"
                                        verb="GET">
                        <httpHeaders>
                           <header name="Content-Type">application/json</header>
                           <header name="Accept">application/json</header>
                        </httpHeaders>
                     </restSimpleBinding>
                  </binding>
                  <output/>
               </action>
               <action category=""
                       failOnError="true"
                       forSearch="false"
                       label="RestServiceFeRevisionDataV1PathHistoryByRepositoryGet"
                       maxRedirects="100"
                       name="RestServiceFeRevisionDataV1PathHistoryByRepositoryGet"
                       preemptiveAuth="true"
                       responseEncoding="">
                  <description>listPathHistory. Get a list of the file revisions for a specific path.</description>
                  <input>
                     <parameter description="the key of the repository to query."
                                label="repositoryPathParam"
                                name="repositoryPathParam"
                                nogen="true"
                                required="true"
                                testWith=""
                                type="string"/>
                     <parameter description="the path to query."
                                label="path"
                                name="path"
                                required="false"
                                testWith=""
                                type="string"/>
                  </input>
                  <binding>
                     <restSimpleBinding multiUsing="semicolonSeparated"
                                        url="http://{$hostName}/context/rest-service-fe/revisionData-v1/pathHistory/{$repositoryPathParam}"
                                        verb="GET">
                        <httpHeaders>
                           <header name="Content-Type">application/json</header>
                           <header name="Accept">application/json</header>
                        </httpHeaders>
                     </restSimpleBinding>
                  </binding>
                  <output/>
               </action>
               <action category=""
                       failOnError="true"
                       forSearch="false"
                       label="RestServiceFeRevisionDataV1RevisionTagsByRepositoryGet"
                       maxRedirects="100"
                       name="RestServiceFeRevisionDataV1RevisionTagsByRepositoryGet"
                       preemptiveAuth="true"
                       responseEncoding="">
                  <description>listTagsForRevision</description>
                  <input>
                     <parameter description="the key of the repository to query."
                                label="repositoryPathParam"
                                name="repositoryPathParam"
                                nogen="true"
                                required="true"
                                testWith=""
                                type="string"/>
                     <parameter description="the path of the filerevision, with respect to the fisheye repository root."
                                label="path"
                                name="path"
                                required="false"
                                testWith=""
                                type="string"/>
                     <parameter description="the id of the filerevision to retrieve."
                                label="revision"
                                name="revision"
                                required="false"
                                testWith=""
                                type="string"/>
                  </input>
                  <binding>
                     <restSimpleBinding multiUsing="semicolonSeparated"
                                        url="http://{$hostName}/context/rest-service-fe/revisionData-v1/revisionTags/{$repositoryPathParam}"
                                        verb="GET">
                        <httpHeaders>
                           <header name="Content-Type">application/json</header>
                           <header name="Accept">application/json</header>
                        </httpHeaders>
                     </restSimpleBinding>
                  </binding>
                  <output/>
               </action>
            </actions>
            <objects>
               <processObject xmlns="http://schemas.active-endpoints.com/appmodules/screenflow/2011/06/avosHostEnvironment.xsd"
                              isByCopy="true"
                              name="getChangesetDetailsRequest">
                  <description/>
                  <detail/>
               </processObject>
               <processObject xmlns="http://schemas.active-endpoints.com/appmodules/screenflow/2011/06/avosHostEnvironment.xsd"
                              isByCopy="true"
                              name="string">
                  <description/>
                  <detail>
                     <field name="string" type="string"/>
                  </detail>
               </processObject>
               <processObject xmlns="http://schemas.active-endpoints.com/appmodules/screenflow/2011/06/avosHostEnvironment.xsd"
                              isByCopy="true"
                              name="boolean">
                  <description/>
                  <detail>
                     <field name="boolean" type="boolean"/>
                  </detail>
               </processObject>
               <processObject xmlns="http://schemas.active-endpoints.com/appmodules/screenflow/2011/06/avosHostEnvironment.xsd"
                              isByCopy="true"
                              name="double">
                  <description/>
                  <detail>
                     <field name="double" type="double"/>
                  </detail>
               </processObject>
               <processObject xmlns="http://schemas.active-endpoints.com/appmodules/screenflow/2011/06/avosHostEnvironment.xsd"
                              isByCopy="true"
                              name="integer">
                  <description/>
                  <detail>
                     <field name="integer" type="int"/>
                  </detail>
               </processObject>
            </objects>
         </businessConnector>
      </types1:Entry>
      <types1:GUID>fvNntx7GmS4c3vDhJBlsGq</types1:GUID>
      <types1:DisplayName>Atlassian Fisheye REST API v1</types1:DisplayName>
   </types1:Item>
   <types1:CurrentServerDateTime>2019-02-24T11:52:43.334Z</types1:CurrentServerDateTime>
</aetgt:getResponse>
