{"EntryId":{"$t":"KduDppppppppppp-gt-299221-2018-10-12T20:12:50.592Z::pd.xml"},"Name":{"$t":"SCM_Import_from_Git"},"MimeType":{"$t":"application\/xml+process"},"Description":{"$t":"This process implements partial Source Code Management. It checks out the Cloud Assets Export file from Git using Git Contents API and imports them into IICS using IICS REST API."},"AppliesTo":{},"Tags":{"$t":".anonymous"},"VersionLabel":{"$t":"1.0"},"State":{"$t":"CURRENT"},"ProcessGroup":{},"CreatedBy":{"$t":"gstasko@UW-POC.edu"},"CreationDate":{"$t":"2018-10-12T20:12:51Z"},"ModifiedBy":{},"PublicationStatus":{"$t":"unpublished"},"AutosaveExists":{"$t":"false"},"Entry":{"process":{"displayName":"SCM Import from Git","name":"SCM_Import_from_Git","xmlns":"http:\/\/schemas.active-endpoints.com\/appmodules\/screenflow\/2010\/10\/avosScreenflow.xsd","xmlns$aetgt":"http:\/\/schemas.active-endpoints.com\/appmodules\/repository\/2010\/10\/avrepository.xsd","xmlns$list":"urn:activevos:spi:list:functions","appliesTo":{},"description":{"$t":"This process implements partial Source Code Management. It checks out the Cloud Assets Export file from Git using Git Contents API and imports them into IICS using IICS REST API."},"tags":{"$t":".anonymous"},"generator":{"$t":"Informatica Process Designer 9"},"input":{"parameter":[{"description":"","name":"IICS Username","required":"true","type":"string","options":{"option":{"name":"required","$t":"false"}}},{"description":"","name":"IICS Password","required":"true","type":"string","options":{"option":{"name":"required","$t":"false"}}},{"description":"","name":"IICS Hostname","required":"true","type":"string","options":{"option":{"name":"required","$t":"false"}}},{"description":"","name":"SCM File Path","required":"true","type":"string","options":{"option":{"name":"required","$t":"false"}}}]},"output":{"field":[{"description":"","name":"Login Status","type":"string","options":{"option":{"name":"required","$t":"false"}}},{"description":"","name":"SCM Checkout Status","type":"string","options":{"option":{"name":"required","$t":"false"}}},{"description":"","name":"Import Status","type":"string","options":{"option":{"name":"required","$t":"false"}}}]},"tempFields":{"field":[{"description":"","name":"LoginRequest","type":"reference","options":{"option":[{"name":"referenceTo","$t":"IICS-REST-API-actions:LoginRequest"},{"name":"required","$t":"false"},{"name":"isCopy","$t":"true"},{"name":"guid","$t":"7G3ggEM4Q2LbQp9RPv3ey1"}]}},{"description":"","name":"UploadImportPackageRequest","type":"reference","options":{"option":[{"name":"referenceTo","$t":"IICS-REST-API-actions:UploadImportPackageRequest"},{"name":"required","$t":"false"},{"name":"isCopy","$t":"true"},{"name":"guid","$t":"7G3ggEM4Q2LbQp9RPv3ey1"}]}}]},"notes":{},"deployment":{"suspendOnFault":"false","tracingLevel":"verbose","rest":{"allowAnonymousAccess":{}}},"flow":{"id":"a","start":{"id":"b","link":{"id":"ji5pmu5f","targetId":"ji5pmu5e"}},"assignment":{"id":"ji5pmu5e","title":{"$t":"Create Login Request"},"operation":[{"source":"field","to":"temp.LoginRequest[1]\/username","$t":"input.IICS Username"},{"source":"field","to":"temp.LoginRequest[1]\/password","$t":"input.IICS Password"}],"link":{"id":"ji5pmu5g","targetId":"ji5pmu56"}},"service":[{"id":"ji5pmu56","title":{"$t":"Login to IICS"},"serviceName":{"$t":"IICS-REST-API-actions:SaasPublicCoreV3LoginPost"},"serviceGUID":{"$t":"7G3ggEM4Q2LbQp9RPv3ey1"},"serviceInput":{"parameter":[{"name":"body","source":"field","$t":"temp.LoginRequest"},{"name":"hostName","source":"field","updatable":"true","$t":"input.IICS Hostname"}]},"link":{"id":"jjjhd3jg","targetId":"jjjhd3jf"}},{"id":"jjjhd3jf","title":{"$t":"Get contents"},"serviceName":{"$t":"Git-Contents-API-actions:Get contents"},"serviceGUID":{"$t":"4BHOi0knIZOhGoKqlPrQql"},"serviceInput":{"parameter":{"name":"path","source":"field","updatable":"true","$t":"input.SCM File Path"}},"link":{"id":"jjjhd3jo","targetId":"jjjhd3jn"}},{"id":"jjjhd3jn","title":{"$t":"Upload the Import Package"},"serviceName":{"$t":"IICS-REST-API-actions:PublicCoreV3ImportPackagePost"},"serviceGUID":{"$t":"7G3ggEM4Q2LbQp9RPv3ey1"},"serviceInput":{"parameter":[{"name":"INFA_SESSION_ID","source":"field","updatable":"true","$t":"output.LoginResponse[1]\/userInfo[1]\/sessionId"},{"name":"package","source":"formula","expression":{"language":"XQuery","$t":"sff:createAttachmentFromBase64(\"package.zip\", $output.content, \"application\/zip\")"}},{"name":"hostName","source":"field","updatable":"true","$t":"output.LoginResponse[1]\/products[1]\/baseApiUrl"}]},"link":{"id":"jjjhd3jw","targetId":"jjjhd3jv"}},{"id":"jjjhd3jv","title":{"$t":"Start Import"},"serviceName":{"$t":"IICS-REST-API-actions:PublicCoreV3ImportIdGet"},"serviceGUID":{"$t":"7G3ggEM4Q2LbQp9RPv3ey1"},"serviceInput":{"parameter":[{"name":"INFA_SESSION_ID","source":"field","updatable":"true","$t":"output.LoginResponse[1]\/userInfo[1]\/sessionId"},{"name":"id","source":"field","updatable":"true","$t":"output.UploadImportPackageResponse[1]\/jobId"},{"name":"hostName","source":"field","updatable":"true","$t":"output.LoginResponse[1]\/products[1]\/baseApiUrl"}]},"link":{"id":"jjjhd3k4","targetId":"jjjhd3k3"}},{"id":"jjjhd3k6","title":{"$t":"Get Import Job Status"},"serviceName":{"$t":"IICS-REST-API-actions:PublicCoreV3ImportIdExpandObjectsGet"},"serviceGUID":{"$t":"7G3ggEM4Q2LbQp9RPv3ey1"},"serviceInput":{"parameter":[{"name":"hostName","source":"field","updatable":"true","$t":"output.LoginResponse[1]\/products[1]\/baseApiUrl"},{"name":"INFA_SESSION_ID","source":"field","updatable":"true","$t":"output.LoginResponse[1]\/userInfo[1]\/sessionId"},{"name":"id","source":"field","updatable":"true","$t":"output.UploadImportPackageResponse[1]\/jobId"}]},"link":{"id":"jjjhd3kx","targetId":"jjjhd3kj"}}],"wait":{"id":"jjjhd3k3","title":{"$t":"Wait 5 seconds"},"duration":{"source":"formula","function":{"name":"duration_expression","arg":[{"name":"value","$t":"5"},{"name":"scale","$t":"S"},{"name":"businessDays"}]}},"link":{"id":"jjjhd3k7","targetId":"jjjhd3k6"}},"container":{"id":"jjjhd3kj","type":"exclusive","title":{"$t":"Import Status"},"flow":[{"id":"jjjhd3kk","service":{"id":"jjjhd3kl","title":{"$t":"Logout of IICS"},"serviceName":{"$t":"IICS-REST-API-actions:PublicCoreV3LogoutPost"},"serviceGUID":{"$t":"7G3ggEM4Q2LbQp9RPv3ey1"},"serviceInput":{"parameter":[{"name":"IDS_SESSION_ID","source":"field","updatable":"true","$t":"output.LoginResponse[1]\/userInfo[1]\/sessionId"},{"name":"hostName","source":"field","updatable":"true","$t":"output.LoginResponse[1]\/products[1]\/baseApiUrl"}]},"link":{"id":"jjjhd3kt","targetId":"jjjhd3km"}},"assignment":{"id":"jjjhd3km","title":{"$t":"Assign Output"},"operation":[{"source":"field","to":"output.Login Status","$t":"output.LoginResponse[1]\/userInfo[1]\/status"},{"source":"field","to":"output.SCM Checkout Status","$t":"output.path"},{"source":"field","to":"output.Import Status","$t":"output.GetImportJobStatusResponse[1]\/status[1]\/state"}],"link":{"id":"jjjhd3ku","targetId":"jjjhd3kn"}},"end":{"id":"jjjhd3kn"}},{"id":"jjjhd3ko","wait":{"id":"jjjhd3kp","title":{"$t":"Wait 5 seconds"},"duration":{"source":"formula","function":{"name":"duration_expression","arg":[{"name":"value","$t":"5"},{"name":"scale","$t":"S"},{"name":"businessDays"}]}},"link":{"id":"jjjhd3kv","targetId":"jjjhd3kq"}},"jumpTo":{"id":"jjjhd3kq","link":{"id":"jjjhd3kw","targetId":"jjjhd3k6"}}}],"link":[{"id":"jjjhd3kr","targetId":"jjjhd3kk","type":"containerLink","condition":{"source":"formula","function":{"name":"contains","arg":[{"name":"left","$t":"{$output.GetImportJobStatusResponse[1]\/status[1]\/state}"},{"name":"right","$t":"SUCCESSFUL"}]}}},{"id":"jjjhd3ks","targetId":"jjjhd3ko","type":"containerLink"}]}}}},"GUID":{"$t":"4ijbtCye9EljAAx8BX492Y"},"DisplayName":{"$t":"SCM Import from Git"}}