<aetgt:getResponse xmlns:aetgt="http://schemas.active-endpoints.com/appmodules/repository/2010/10/avrepository.xsd"
                   xmlns:types1="http://schemas.active-endpoints.com/appmodules/repository/2010/10/avrepository.xsd">
   <types1:Item>
      <types1:EntryId>0RbeMVX3cjk91pq-gt-10026-2018-10-14T20:57:25.998Z::pd.xml</types1:EntryId>
      <types1:Name>SCM_Export_to_Git</types1:Name>
      <types1:MimeType>application/xml+process</types1:MimeType>
      <types1:Description>This process implements partial Source Code Management. It exports the Cloud Assets using IICS REST API and checks them in Git using Git Contents API.</types1:Description>
      <types1:AppliesTo/>
      <types1:Tags>.anonymous</types1:Tags>
      <types1:VersionLabel>1.0</types1:VersionLabel>
      <types1:State>CURRENT</types1:State>
      <types1:ProcessGroup/>
      <types1:CreatedBy>freddielabtest</types1:CreatedBy>
      <types1:CreationDate>2018-10-14T20:57:26Z</types1:CreationDate>
      <types1:ModifiedBy/>
      <types1:PublicationStatus>unpublished</types1:PublicationStatus>
      <types1:AutosaveExists>false</types1:AutosaveExists>
      <types1:Entry>
         <process xmlns="http://schemas.active-endpoints.com/appmodules/screenflow/2010/10/avosScreenflow.xsd"
                  xmlns:list="urn:activevos:spi:list:functions"
                  displayName="SCM Export to Git"
                  name="SCM_Export_to_Git">
            <appliesTo/>
            <description>This process implements partial Source Code Management. It exports the Cloud Assets using IICS REST API and checks them in Git using Git Contents API.</description>
            <tags>.anonymous</tags>
            <generator>Informatica Process Designer 9</generator>
            <input>
               <parameter description=""
                          name="IICS Username"
                          required="true"
                          type="string">
                  <options>
                     <option name="required">false</option>
                  </options>
               </parameter>
               <parameter description=""
                          name="IICS Password"
                          required="true"
                          type="string">
                  <options>
                     <option name="required">false</option>
                  </options>
               </parameter>
               <parameter description=""
                          name="IICS Hostname"
                          required="true"
                          type="string">
                  <options>
                     <option name="required">false</option>
                  </options>
               </parameter>
               <parameter description="" name="Object Path" required="true" type="string">
                  <options>
                     <option name="required">false</option>
                  </options>
               </parameter>
               <parameter description="" name="Object Type" required="true" type="string">
                  <options>
                     <option name="required">false</option>
                  </options>
               </parameter>
               <parameter description=""
                          name="Enable Source Control"
                          required="true"
                          type="string">
                  <options>
                     <option name="required">false</option>
                  </options>
               </parameter>
            </input>
            <output>
               <field description="" name="Login Status" type="string">
                  <options>
                     <option name="required">false</option>
                  </options>
               </field>
               <field description="" name="Export Status" type="string">
                  <options>
                     <option name="required">false</option>
                  </options>
               </field>
               <field description="" name="SCM Checkin Status" type="string">
                  <options>
                     <option name="required">false</option>
                  </options>
               </field>
            </output>
            <tempFields>
               <field description="" name="LoginRequest" type="reference">
                  <options>
                     <option name="referenceTo">IICS-REST-API-actions:LoginRequest</option>
                     <option name="required">false</option>
                     <option name="isCopy">true</option>
                     <option name="guid">5QI1N0eVnWRdasION5DIOs</option>
                  </options>
               </field>
               <field description="" name="LookupRequest" type="reference">
                  <options>
                     <option name="referenceTo">IICS-REST-API-actions:LookUpRequest</option>
                     <option name="required">false</option>
                     <option name="isCopy">true</option>
                     <option name="guid">5QI1N0eVnWRdasION5DIOs</option>
                  </options>
               </field>
               <field description="" name="StartExportJobRequest" type="reference">
                  <options>
                     <option name="referenceTo">IICS-REST-API-actions:StartExportJobRequest</option>
                     <option name="required">false</option>
                     <option name="isCopy">true</option>
                     <option name="guid">5QI1N0eVnWRdasION5DIOs</option>
                  </options>
               </field>
               <field description="" name="UploadImportPackageRequest" type="reference">
                  <options>
                     <option name="referenceTo">IICS-REST-API-actions:UploadImportPackageRequest</option>
                     <option name="required">false</option>
                     <option name="isCopy">true</option>
                     <option name="guid">5QI1N0eVnWRdasION5DIOs</option>
                  </options>
               </field>
               <field description="" name="Retry Counter" type="int">
                  <options>
                     <option name="required">false</option>
                     <option name="initialvalue">1</option>
                  </options>
               </field>
            </tempFields>
            <notes/>
            <deployment suspendOnFault="false" tracingLevel="verbose">
               <rest>
                  <allowAnonymousAccess/>
               </rest>
            </deployment>
            <flow id="a">
               <start id="b">
                  <link id="ji5pmu5f" targetId="ji5pmu5e"/>
               </start>
               <assignment id="ji5pmu5e">
                  <title>Create Login Request</title>
                  <operation source="field" to="temp.LoginRequest[1]/username">input.IICS Username</operation>
                  <operation source="field" to="temp.LoginRequest[1]/password">input.IICS Password</operation>
                  <link id="ji5pmu5g" targetId="ji5pmu56"/>
               </assignment>
               <assignment id="jib6vzjd">
                  <title>Create Lookup Request</title>
                  <operation source="field" to="temp.LookupRequest[1]/objects[1]/path">input.Object Path</operation>
                  <operation source="field" to="temp.LookupRequest[1]/objects[1]/type">input.Object Type</operation>
                  <link id="jib6vzjf" targetId="ji5r8c63"/>
               </assignment>
               <assignment id="jib6vzj4">
                  <title>Create Export Request</title>
                  <operation source="field" to="temp.StartExportJobRequest[1]/objects[1]/id">output.LookUpResponse[1]/objects[1]/id</operation>
                  <link id="jibamrwb" targetId="jibamrwa"/>
               </assignment>
               <service id="ji5pmu56">
                  <title>Login to IICS</title>
                  <serviceName>IICS-REST-API-actions:SaasPublicCoreV3LoginPost</serviceName>
                  <serviceGUID>5QI1N0eVnWRdasION5DIOs</serviceGUID>
                  <serviceInput>
                     <parameter name="body" source="field">temp.LoginRequest</parameter>
                     <parameter name="hostName" source="field" updatable="true">input.IICS Hostname</parameter>
                  </serviceInput>
                  <link id="jib6vzje" targetId="jib6vzjd"/>
               </service>
               <service id="ji5r8c63">
                  <title>Lookup Objects to be Exported</title>
                  <serviceName>IICS-REST-API-actions:PublicCoreV3LookupPost</serviceName>
                  <serviceGUID>5QI1N0eVnWRdasION5DIOs</serviceGUID>
                  <serviceInput>
                     <parameter name="INFA_SESSION_ID" source="field" updatable="true">output.LoginResponse[1]/userInfo[1]/sessionId</parameter>
                     <parameter name="body" source="field">temp.LookupRequest</parameter>
                     <parameter name="hostName" source="field" updatable="true">output.LoginResponse[1]/products[1]/baseApiUrl</parameter>
                  </serviceInput>
                  <link id="jib6vzj5" targetId="jib6vzj4"/>
               </service>
               <service id="jibamrwa">
                  <title>Start Objects Export</title>
                  <serviceName>IICS-REST-API-actions:PublicCoreV3ExportPost</serviceName>
                  <serviceGUID>5QI1N0eVnWRdasION5DIOs</serviceGUID>
                  <serviceInput>
                     <parameter name="INFA_SESSION_ID" source="field" updatable="true">output.LoginResponse[1]/userInfo[1]/sessionId</parameter>
                     <parameter name="body" source="field">temp.StartExportJobRequest</parameter>
                     <parameter name="hostName" source="field" updatable="true">output.LoginResponse[1]/products[1]/baseApiUrl</parameter>
                  </serviceInput>
                  <link id="jidyy8om" targetId="jidyy8ol"/>
               </service>
               <service id="jidyy8oq">
                  <title>Get Export Job Status</title>
                  <serviceName>IICS-REST-API-actions:PublicCoreV3ExportIdGet</serviceName>
                  <serviceGUID>5QI1N0eVnWRdasION5DIOs</serviceGUID>
                  <serviceInput>
                     <parameter name="hostName" source="field" updatable="true">output.LoginResponse[1]/products[1]/baseApiUrl</parameter>
                     <parameter name="INFA_SESSION_ID" source="field" updatable="true">output.LoginResponse[1]/userInfo[1]/sessionId</parameter>
                     <parameter name="id" source="field" updatable="true">output.StartExportJobResponse[1]/id</parameter>
                  </serviceInput>
                  <link id="jidyy8p5" targetId="jidyy8p4"/>
               </service>
               <wait id="jidyy8ol">
                  <title>Wait 5 seconds</title>
                  <duration source="formula">
                     <function name="duration_expression">
                        <arg name="value">5</arg>
                        <arg name="scale">S</arg>
                        <arg name="businessDays"/>
                     </function>
                  </duration>
                  <link id="jidyy8or" targetId="jidyy8oq"/>
               </wait>
               <container id="jidyy8p4" type="exclusive">
                  <title>Export Status</title>
                  <flow id="jidyy8p8">
                     <service id="jidyy8r5">
                        <title>Download the Export Package</title>
                        <serviceName>IICS-REST-API-actions:PublicCoreV3ExportIdPackageGet</serviceName>
                        <serviceGUID>5QI1N0eVnWRdasION5DIOs</serviceGUID>
                        <serviceInput>
                           <parameter name="hostName" source="field" updatable="true">output.LoginResponse[1]/products[1]/baseApiUrl</parameter>
                           <parameter name="INFA_SESSION_ID" source="field" updatable="true">output.LoginResponse[1]/userInfo[1]/sessionId</parameter>
                           <parameter name="id" source="field" updatable="true">output.StartExportJobResponse[1]/id</parameter>
                        </serviceInput>
                        <link id="jjiebfjn" targetId="jjiebfjm"/>
                     </service>
                     <service id="jjjhdev6">
                        <title>Logout of IICS</title>
                        <serviceName>IICS-REST-API-actions:PublicCoreV3LogoutPost</serviceName>
                        <serviceGUID>5QI1N0eVnWRdasION5DIOs</serviceGUID>
                        <serviceInput>
                           <parameter name="IDS_SESSION_ID" source="field" updatable="true">output.LoginResponse[1]/userInfo[1]/sessionId</parameter>
                           <parameter name="hostName" source="field" updatable="true">output.LoginResponse[1]/products[1]/baseApiUrl</parameter>
                        </serviceInput>
                     </service>
                     <container id="jjiebfjm" type="exclusive">
                        <title>Enable Source Control</title>
                        <flow id="jjiebfjq">
                           <service id="jjiebfk9">
                              <title>Create a file</title>
                              <serviceName>Git-Contents-API-actions:Create a file</serviceName>
                              <serviceGUID>79riOuVhXKrbHONOW4aUGa</serviceGUID>
                              <serviceInput>
                                 <parameter name="path" source="formula">
                                    <expression language="XQuery">fn:concat($input.ObjectPath, "-",  fn:current-time(),".zip" )</expression>
                                 </parameter>
                                 <parameter name="message" source="formula">
                                    <expression language="XQuery">fn:concat("Commiting IICS Objects. Time to commit is ",fn:current-time())</expression>
                                 </parameter>
                                 <parameter name="content" source="formula">
                                    <expression language="XQuery">sff:getBase64FromAttachment($output.ExportPackageAsAttachment )</expression>
                                 </parameter>
                              </serviceInput>
                           </service>
                           <link id="jjiebfjr" targetId="jjiebfjm" type="containerLink"/>
                        </flow>
                        <flow id="jjiebfjt">
                           <link id="jjiebfju" targetId="jjiebfjm" type="containerLink"/>
                        </flow>
                        <link id="jjiebfjp" targetId="jjiebfjq" type="containerLink">
                           <condition source="formula">
                              <function name="contains">
                                 <arg name="left">{$input.EnableSourceControl}</arg>
                                 <arg name="right">Yes</arg>
                              </function>
                           </condition>
                        </link>
                        <link id="jjiebfjs" targetId="jjiebfjt" type="containerLink"/>
                        <link id="jjjgjejr" targetId="jjjgjejq"/>
                     </container>
                     <assignment id="jjjgjejq">
                        <title>Assignment Status</title>
                        <operation source="field" to="output.Login Status">output.LoginResponse[1]/userInfo[1]/status</operation>
                        <operation source="field" to="output.Export Status">output.GetExportJobStatusResponse[1]/status[1]/state</operation>
                        <operation source="field" to="output.SCM Checkin Status">output.url</operation>
                        <link id="jjjhdev7" targetId="jjjhdev6"/>
                     </assignment>
                     <link id="jjjg6l4g" targetId="jidyy8p4" type="containerLink"/>
                  </flow>
                  <flow id="jidyy8pb">
                     <container id="jn10254m" type="exclusive">
                        <title>How Many Times Retrying?</title>
                        <flow id="jn10254p">
                           <wait id="jn10255m">
                              <title>Wait 5 seconds</title>
                              <duration source="formula">
                                 <function name="duration_expression">
                                    <arg name="value">5</arg>
                                    <arg name="scale">S</arg>
                                    <arg name="businessDays"/>
                                 </function>
                              </duration>
                           </wait>
                           <link id="jn10254q" targetId="jn10254m" type="containerLink"/>
                        </flow>
                        <flow id="jn10254s">
                           <end id="jn10255z">
                              <title>End 1</title>
                           </end>
                        </flow>
                        <link id="jn10254o" targetId="jn10254p" type="containerLink">
                           <condition source="formula">
                              <function name="less-or-equals">
                                 <arg name="left">{$temp.RetryCounter}</arg>
                                 <arg name="right">{3}</arg>
                              </function>
                           </condition>
                        </link>
                        <link id="jn10254r" targetId="jn10254s" type="containerLink"/>
                        <link id="jn10255l" targetId="jidyy8px"/>
                     </container>
                     <jumpTo id="jidyy8px">
                        <link id="jidyy8py" targetId="jidyy8oq"/>
                     </jumpTo>
                  </flow>
                  <link id="jidyy8p7" targetId="jidyy8p8" type="containerLink">
                     <condition source="formula">
                        <function name="string-equals">
                           <arg name="left">{$output.GetExportJobStatusResponse[1]/status[1]/state}</arg>
                           <arg name="right">SUCCESSFUL</arg>
                        </function>
                     </condition>
                  </link>
                  <link id="jidyy8pa" targetId="jidyy8pb" type="containerLink"/>
                  <link id="jjjg6l4t" targetId="jjjg6l4s"/>
               </container>
               <end id="jjjg6l4s">
                  <title>End</title>
               </end>
            </flow>
         </process>
      </types1:Entry>
      <types1:GUID>8GgktP3WGyhewiuRpMloO7</types1:GUID>
      <types1:DisplayName>SCM Export to Git</types1:DisplayName>
   </types1:Item>
   <types1:CurrentServerDateTime>2018-10-14T20:58:49.797Z</types1:CurrentServerDateTime>
</aetgt:getResponse>
