<aetgt:getResponse xmlns:aetgt="http://schemas.active-endpoints.com/appmodules/repository/2010/10/avrepository.xsd"
                   xmlns:types1="http://schemas.active-endpoints.com/appmodules/repository/2010/10/avrepository.xsd">
   <types1:Item>
      <types1:EntryId>MHck5qbbfUryzfY-gt-11778-2019-02-05T11:08:42.628Z::svc.xml</types1:EntryId>
      <types1:Name>Oracle_Cloud_Infrastructure_Compute_LaunchPlans_API_v18-1-2</types1:Name>
      <types1:MimeType>application/xml+businesssconnector</types1:MimeType>
      <types1:Description>A launch plan is a JSON-formatted file that defines the properties of one or more instances. You can use a launch plan to quickly create and start multiple, nonpersistent instances in Compute Classic. Note that while you can reuse your launch plan JSON file to create instances any number of times, the launch plan itself does not persist in Compute Classic.&lt;p&gt;When you create an instance, the initial state is &lt;code&gt;preparing&lt;/code&gt;, as Compute Classic allocates resources and prepares to create the instance. Next, the state changes to &lt;code&gt;initializing&lt;/code&gt;, which indicates that the specified image is being installed. When initializing is complete, the state changes to &lt;code&gt;running&lt;/code&gt;, which indicates that the OS has started. When an instance is in the &lt;code&gt;running&lt;/code&gt; state, you can connect to it.</types1:Description>
      <types1:AppliesTo/>
      <types1:Tags/>
      <types1:VersionLabel>1.0</types1:VersionLabel>
      <types1:State>CURRENT</types1:State>
      <types1:ProcessGroup/>
      <types1:CreatedBy>sorabh@na1.dm-us.org</types1:CreatedBy>
      <types1:CreationDate>2019-02-05T11:08:43Z</types1:CreationDate>
      <types1:ModifiedBy/>
      <types1:PublicationStatus>published</types1:PublicationStatus>
      <types1:PublishedBy>sorabh@na1.dm-us.org</types1:PublishedBy>
      <types1:PublicationDate>2019-02-05T11:08:52Z</types1:PublicationDate>
      <types1:PublishedContributionId>project:/rt.connector/Oracle_Cloud_Infrastructure_Compute_LaunchPlans_API_v18_1_2/Oracle_Cloud_Infrastructure_Compute_LaunchPlans_API_v18_1_2_svcDef.xml</types1:PublishedContributionId>
      <types1:AutosaveExists>false</types1:AutosaveExists>
      <types1:Entry>
         <businessConnector xmlns="http://schemas.informatica.com/socrates/data-services/2014/05/business-connector-model.xsd"
                            agentOnly="false"
                            debug="false"
                            displayName="Oracle Cloud Infrastructure Compute LaunchPlans API v18-1-2"
                            label=""
                            name="Oracle_Cloud_Infrastructure_Compute_LaunchPlans_API_v18-1-2"
                            uuid="3565fcf4-3a68-426c-b123-d585e5fc0002">
            <description>A launch plan is a JSON-formatted file that defines the properties of one or more instances. You can use a launch plan to quickly create and start multiple, nonpersistent instances in Compute Classic. Note that while you can reuse your launch plan JSON file to create instances any number of times, the launch plan itself does not persist in Compute Classic.&lt;p&gt;When you create an instance, the initial state is &lt;code&gt;preparing&lt;/code&gt;, as Compute Classic allocates resources and prepares to create the instance. Next, the state changes to &lt;code&gt;initializing&lt;/code&gt;, which indicates that the specified image is being installed. When initializing is complete, the state changes to &lt;code&gt;running&lt;/code&gt;, which indicates that the OS has started. When an instance is in the &lt;code&gt;running&lt;/code&gt; state, you can connect to it.</description>
            <tags/>
            <connectionAttributes xmlns="http://schemas.informatica.com/appmodules/screenflow/2014/04/avosConnectors.xsd">
               <connectionAttribute description="Host Name"
                                    masked="false"
                                    name="hostName"
                                    required="true"
                                    testWith="apicatalog.oraclecloud.com"
                                    type="string"/>
            </connectionAttributes>
            <actions>
               <action category="LaunchPlans"
                       failOnError="true"
                       forSearch="false"
                       label="addLaunchPlan"
                       maxRedirects="100"
                       name="addLaunchPlan"
                       preemptiveAuth="true"
                       responseEncoding="">
                  <description>Create Instances Using Launch Plans. A launch plan is a JSON-formatted file that defines the properties of one or more instances. You can use a launch plan to quickly create and start multiple, non-persistent instances in Compute Classic.&lt;p&gt;A launch plan specifies the provisioning sequence and attributes of the instances that you want to create. Note that while you can reuse your launch plan JSON file to create new instances based on the attributes and provisioning sequence specified in the JSON file, the launch plan itself doesn't persist in Compute Classic.&lt;p&gt;For information about the attributes you can specify in a launch plan JSON file, see &lt;a target="_blank" href="http://www.oracle.com/pls/topic/lookup?ctx=stcomputecs&amp;id=STCSG-GUID-433AEA3E-F569-45BB-8373-6108524EE25E"&gt;Creating Instances Using Launch Plans&lt;/a&gt; in &lt;em&gt;Using Oracle Cloud Infrastructure Compute Classic&lt;/em&gt;.&lt;p&gt;&lt;b&gt;Required Role: &lt;/b&gt;To complete this task, you must have the &lt;code&gt;Compute_Operations&lt;/code&gt; role. If this role isn't assigned to you or you're not sure, then ask your system administrator to ensure that the role is assigned to you in Oracle Cloud My Services. See &lt;a target="_blank" href="http://www.oracle.com/pls/topic/lookup?ctx=stcomputecs&amp;id=MMOCS-GUID-54C2E747-7D5B-451C-A39C-77936178EBB6"&gt;Modifying User Roles&lt;/a&gt; in &lt;em&gt;Managing and Monitoring Oracle Cloud&lt;/em&gt;.</description>
                  <input>
                     <parameter label="body"
                                name="body"
                                required="true"
                                testWith=""
                                type="reference">
                        <options>
                           <option name="referenceTo">LaunchPlan_post_request</option>
                        </options>
                     </parameter>
                     <parameter description="The Cookie: header must be included with every request to the service. It must be set to the value of the set-cookie header in the response received to the POST /authenticate/ call."
                                label="Cookie"
                                name="Cookie"
                                nogen="true"
                                required="false"
                                testWith=""
                                type="string"/>
                  </input>
                  <binding>
                     <restSimpleBinding multiUsing="semicolonSeparated"
                                        url="http://{$hostName}/launchplan/"
                                        verb="POST">
                        <httpHeaders>
                           <header name="Content-Type">application/oracle-compute-v3+json</header>
                           <header name="Accept">application/oracle-compute-v3+json</header>
                           <header name="Cookie">{$Cookie}</header>
                        </httpHeaders>
                        <body generateUsing="UnwrappedJSON" preserveJsonStringFormatting="false"/>
                     </restSimpleBinding>
                  </binding>
                  <output/>
               </action>
            </actions>
            <objects>
               <processObject xmlns="http://schemas.active-endpoints.com/appmodules/screenflow/2011/06/avosHostEnvironment.xsd"
                              isByCopy="true"
                              name="HourlyInterval">
                  <description/>
                  <detail/>
               </processObject>
               <processObject xmlns="http://schemas.active-endpoints.com/appmodules/screenflow/2011/06/avosHostEnvironment.xsd"
                              isByCopy="true"
                              name="Instance_post_request">
                  <description>The request body contains details of the instance that you want to create. </description>
                  <detail>
                     <field name="shape" type="string"/>
                     <field name="sshkeys" type="objectlist">
                        <options>
                           <option name="referenceTo">string</option>
                           <option name="relationshipName">Child</option>
                        </options>
                     </field>
                     <field name="desired_state" type="string"/>
                     <field name="imagelist" type="string"/>
                     <field name="networking" type="object"/>
                     <field name="label" type="string"/>
                     <field name="boot_order" type="objectlist">
                        <options>
                           <option name="referenceTo">int</option>
                           <option name="relationshipName">Child</option>
                        </options>
                     </field>
                     <field name="tags" type="objectlist">
                        <options>
                           <option name="referenceTo">string</option>
                           <option name="relationshipName">Child</option>
                        </options>
                     </field>
                     <field name="entry" type="int"/>
                     <field name="hostname" type="string"/>
                     <field name="name" type="string"/>
                     <field name="attributes" type="object"/>
                     <field name="storage_attachments" type="objectlist">
                        <options>
                           <option name="referenceTo">string</option>
                           <option name="relationshipName">Child</option>
                        </options>
                     </field>
                     <field name="reverse_dns" type="boolean"/>
                  </detail>
               </processObject>
               <processObject xmlns="http://schemas.active-endpoints.com/appmodules/screenflow/2011/06/avosHostEnvironment.xsd"
                              isByCopy="true"
                              name="Instance_response">
                  <description/>
                  <detail>
                     <field name="imagelist" type="string"/>
                     <field name="networking" type="object"/>
                     <field name="platform" type="string"/>
                     <field name="relationships" type="object"/>
                     <field name="error_reason" type="string"/>
                     <field name="hostname" type="string"/>
                     <field name="hypervisor" type="object"/>
                     <field name="quota" type="string"/>
                     <field name="fingerprint" type="string"/>
                     <field name="image_format" type="string"/>
                     <field name="state" type="string"/>
                     <field name="storage_attachments" type="objectlist">
                        <options>
                           <option name="referenceTo">string</option>
                           <option name="relationshipName">Child</option>
                        </options>
                     </field>
                     <field name="resolvers" type="objectlist">
                        <options>
                           <option name="referenceTo">string</option>
                           <option name="relationshipName">Child</option>
                        </options>
                     </field>
                     <field name="shape" type="string"/>
                     <field name="availability_domain" type="string"/>
                     <field name="ip" type="string"/>
                     <field name="sshkeys" type="objectlist">
                        <options>
                           <option name="referenceTo">string</option>
                           <option name="relationshipName">Child</option>
                        </options>
                     </field>
                     <field name="desired_state" type="string"/>
                     <field name="vnc" type="string"/>
                     <field name="label" type="string"/>
                     <field name="vcable_id" type="string"/>
                     <field name="placement_requirements" type="objectlist">
                        <options>
                           <option name="referenceTo">string</option>
                           <option name="relationshipName">Child</option>
                        </options>
                     </field>
                     <field name="priority" type="string"/>
                     <field name="boot_order" type="objectlist">
                        <options>
                           <option name="referenceTo">int</option>
                           <option name="relationshipName">Child</option>
                        </options>
                     </field>
                     <field name="uri" type="string"/>
                     <field name="tags" type="objectlist">
                        <options>
                           <option name="referenceTo">string</option>
                           <option name="relationshipName">Child</option>
                        </options>
                     </field>
                     <field name="entry" type="int"/>
                     <field name="start_time" type="string"/>
                     <field name="domain" type="string"/>
                     <field name="disk_attach" type="string"/>
                     <field name="name" type="string"/>
                     <field name="attributes" type="object"/>
                     <field name="account" type="string"/>
                     <field name="reverse_dns" type="boolean"/>
                  </detail>
               </processObject>
               <processObject xmlns="http://schemas.active-endpoints.com/appmodules/screenflow/2011/06/avosHostEnvironment.xsd"
                              isByCopy="true"
                              name="LaunchPlan_response">
                  <description/>
                  <detail>
                     <field name="relationships" type="object"/>
                     <field name="instances" type="objectlist">
                        <options>
                           <option name="referenceTo">Instance_response</option>
                           <option name="relationshipName">Child</option>
                        </options>
                     </field>
                  </detail>
               </processObject>
               <processObject xmlns="http://schemas.active-endpoints.com/appmodules/screenflow/2011/06/avosHostEnvironment.xsd"
                              isByCopy="true"
                              name="LaunchPlan_post_request">
                  <description>The request body contains details of the launch plan that you want to create. </description>
                  <detail>
                     <field name="relationships" type="object"/>
                     <field name="instances" type="objectlist">
                        <options>
                           <option name="referenceTo">Instance_post_request</option>
                           <option name="relationshipName">Child</option>
                        </options>
                     </field>
                  </detail>
               </processObject>
               <processObject xmlns="http://schemas.active-endpoints.com/appmodules/screenflow/2011/06/avosHostEnvironment.xsd"
                              isByCopy="true"
                              name="DailyWeeklyInterval">
                  <description/>
                  <detail/>
               </processObject>
               <processObject xmlns="http://schemas.active-endpoints.com/appmodules/screenflow/2011/06/avosHostEnvironment.xsd"
                              isByCopy="true"
                              name="Interval">
                  <description>There are two kinds of Intervals. Each Interval has its own JSON format. Your Interval field should look like one of the following:&lt;p&gt;&lt;ul&gt;&lt;li&gt;&lt;code&gt;"interval":{"Hourly":{"hourlyInterval":2}}&lt;/code&gt;&lt;/li&gt;&lt;li&gt;&lt;code&gt;{"DailyWeekly":{"daysOfWeek":["MONDAY"],"timeOfDay":"03:15","userTimeZone":"America/Los_Angeles"}}&lt;/code&gt;&lt;/li&gt;&lt;/ul&gt;&lt;p&gt;Days of the week is any day of the week fully capitalized (MONDAY, TUESDAY, etc). The user time zone is any IANA user timezone.  For example user time zones see &lt;a href="https://en.wikipedia.org/wiki/IANA_time_zone_database"&gt;List of IANA time zones&lt;/a&gt;.</description>
                  <detail/>
               </processObject>
               <processObject xmlns="http://schemas.active-endpoints.com/appmodules/screenflow/2011/06/avosHostEnvironment.xsd"
                              isByCopy="true"
                              name="string">
                  <description/>
                  <detail>
                     <field name="string" type="string"/>
                  </detail>
               </processObject>
               <processObject xmlns="http://schemas.active-endpoints.com/appmodules/screenflow/2011/06/avosHostEnvironment.xsd"
                              isByCopy="true"
                              name="boolean">
                  <description/>
                  <detail>
                     <field name="boolean" type="boolean"/>
                  </detail>
               </processObject>
               <processObject xmlns="http://schemas.active-endpoints.com/appmodules/screenflow/2011/06/avosHostEnvironment.xsd"
                              isByCopy="true"
                              name="double">
                  <description/>
                  <detail>
                     <field name="double" type="double"/>
                  </detail>
               </processObject>
               <processObject xmlns="http://schemas.active-endpoints.com/appmodules/screenflow/2011/06/avosHostEnvironment.xsd"
                              isByCopy="true"
                              name="integer">
                  <description/>
                  <detail>
                     <field name="integer" type="int"/>
                  </detail>
               </processObject>
            </objects>
         </businessConnector>
      </types1:Entry>
      <types1:GUID>ejDw9g9HocclhgNGpmSJ0V</types1:GUID>
      <types1:DisplayName>Oracle Cloud Infrastructure Compute LaunchPlans API v18-1-2</types1:DisplayName>
   </types1:Item>
   <types1:CurrentServerDateTime>2019-02-25T09:24:12.052Z</types1:CurrentServerDateTime>
</aetgt:getResponse>
