<aetgt:getResponse xmlns:aetgt="http://schemas.active-endpoints.com/appmodules/repository/2010/10/avrepository.xsd"
                   xmlns:types1="http://schemas.active-endpoints.com/appmodules/repository/2010/10/avrepository.xsd">
   <types1:Item>
      <types1:EntryId>sLaa-gt-28174-2019-02-22T09:41:26.293Z::svc.xml</types1:EntryId>
      <types1:Name>Concur_Quick_Expenses_API_v4</types1:Name>
      <types1:MimeType>application/xml+businesssconnector</types1:MimeType>
      <types1:Description/>
      <types1:AppliesTo/>
      <types1:Tags/>
      <types1:VersionLabel>1.0</types1:VersionLabel>
      <types1:State>CURRENT</types1:State>
      <types1:ProcessGroup/>
      <types1:CreatedBy>sorabh@na1.dm-us.org</types1:CreatedBy>
      <types1:CreationDate>2019-02-22T09:41:26Z</types1:CreationDate>
      <types1:ModifiedBy/>
      <types1:PublicationStatus>published</types1:PublicationStatus>
      <types1:PublishedBy>sorabh@na1.dm-us.org</types1:PublishedBy>
      <types1:PublicationDate>2019-02-22T09:41:28Z</types1:PublicationDate>
      <types1:PublishedContributionId>project:/rt.connector/Concur_Quick_Expenses_API_v4/Concur_Quick_Expenses_API_v4_svcDef.xml</types1:PublishedContributionId>
      <types1:AutosaveExists>false</types1:AutosaveExists>
      <types1:Entry>
         <businessConnector xmlns="http://schemas.informatica.com/socrates/data-services/2014/05/business-connector-model.xsd"
                            agentOnly="false"
                            debug="false"
                            displayName="Concur Quick Expenses API v4"
                            label=""
                            name="Concur_Quick_Expenses_API_v4"
                            uuid="c63f77ab-7b7b-4ab5-98b3-d83ec8e94383">
            <description/>
            <tags/>
            <connectionAttributes xmlns="http://schemas.informatica.com/appmodules/screenflow/2014/04/avosConnectors.xsd">
               <connectionAttribute description="Host Name"
                                    masked="false"
                                    name="hostName"
                                    required="true"
                                    testWith="us.api.concursolutions.com"
                                    type="string"/>
            </connectionAttributes>
            <actions>
               <action category="Resources"
                       failOnError="true"
                       forSearch="false"
                       label="createQuickExpenseUsingPOST_1"
                       maxRedirects="100"
                       name="createQuickExpenseUsingPOST_1"
                       preemptiveAuth="true"
                       responseEncoding="">
                  <description>This Rest API is used to create a quick expense. This API does not support image creation. This API will create quick expense.</description>
                  <input>
                     <parameter description="The unique identifier of the consumer making the API calls. Minimum length: 6 characters"
                                label="concur-correlationid"
                                name="concur-correlationid"
                                nogen="true"
                                required="false"
                                testWith=""
                                type="string"/>
                     <parameter description="The unique identifier of the user's locale that indicates the language in which the API response should be formulated"
                                label="accept-language"
                                name="accept-language"
                                nogen="true"
                                required="false"
                                testWith=""
                                type="string"/>
                     <parameter description="quickExpenseRequest"
                                label="quickExpenseRequest"
                                name="quickExpenseRequest"
                                required="false"
                                testWith=""
                                type="reference">
                        <options>
                           <option name="referenceTo">QuickExpenseRequest</option>
                        </options>
                     </parameter>
                     <parameter description="The unique identifier of the Concur user"
                                label="userIdPathParam"
                                name="userIdPathParam"
                                nogen="true"
                                required="true"
                                testWith=""
                                type="string"/>
                     <parameter description="The access level of the Concur user, which determines the form fields they can view/modify"
                                label="contextTypePathParam"
                                name="contextTypePathParam"
                                nogen="true"
                                required="true"
                                testWith=""
                                type="picklist">
                        <options>
                           <option name="values">[{"value":"TRAVELER","label":"TRAVELER"}]</option>
                        </options>
                     </parameter>
                  </input>
                  <binding>
                     <restSimpleBinding multiUsing="semicolonSeparated"
                                        url="https://{$hostName}/quickexpense/v4/users/{$userIDPathParam}/context/{$contextTypePathParam}/quickexpenses"
                                        verb="POST">
                        <httpHeaders>
                           <header name="Content-Type">application/json</header>
                           <header name="Accept">application/json</header>
                           <header name="concur-correlationid">{$concur-correlationid}</header>
                           <header name="accept-language">{$accept-language}</header>
                        </httpHeaders>
                        <body generateUsing="UnwrappedJSON" preserveJsonStringFormatting="false"/>
                     </restSimpleBinding>
                  </binding>
                  <output>
                     <field description="OK"
                            entireResponse="true"
                            name="NewQuickExpenseResponse"
                            type="reference">
                        <options>
                           <option name="referenceTo">NewQuickExpenseResponse</option>
                        </options>
                     </field>
                  </output>
               </action>
               <action category="Resources"
                       failOnError="true"
                       forSearch="false"
                       label="createQuickExpenseUsingPOST"
                       maxRedirects="100"
                       name="createQuickExpenseUsingPOST"
                       preemptiveAuth="true"
                       responseEncoding="">
                  <description>This Rest API is used to create a quick expense with image. Image is required. This API accepts Multipart/form-data request. This API creates new quick expense and attach it with a new image which is provided with Multi-part/form-data request.</description>
                  <input>
                     <parameter description="The unique identifier of the consumer making the API calls. Minimum length: 6 characters"
                                label="concur-correlationid"
                                name="concur-correlationid"
                                nogen="true"
                                required="false"
                                testWith=""
                                type="string"/>
                     <parameter description="The unique identifier of the user's locale that indicates the language in which the API response should be formulated"
                                label="accept-language"
                                name="accept-language"
                                nogen="true"
                                required="false"
                                testWith=""
                                type="string"/>
                     <parameter description="&lt;b&gt;QuickExpenseRequest&lt;/b&gt; {&lt;br&gt;&lt;b&gt;comment&lt;/b&gt; (string, optional): This is comment attached to quick expense. ,&lt;br&gt;&lt;b&gt;entryDetails&lt;/b&gt; (string, optional): Quick expense Entry Details ,&lt;br&gt;&lt;b&gt;expenseTypeId&lt;/b&gt; (string, optional): This is the expense type id of quick expense. ,&lt;br&gt;&lt;b&gt;location&lt;/b&gt; (Location): It represents a location of the quick expense. It contains Location Id, Name, City, Country Sub Division Code&lt;/b&gt; (or State) and Country ,&lt;br&gt;&lt;b&gt;paymentTypeId&lt;/b&gt; (string, optional): This is the payment type id of quick expense. = ['CASHX','CPAID','PENDC'], &lt;br&gt;&lt;b&gt;transactionAmount&lt;/b&gt; (Amount): This identifies the currency and value of the transaction ,&lt;br&gt;&lt;b&gt;transactionDate&lt;/b&gt; (string): This is the transaction date of the quick expense. Format: YYYY-MM-DD ,&lt;br&gt;&lt;b&gt;vendor&lt;/b&gt; (string, optional): Name of the vendor&lt;br&gt;&lt;b&gt;Location&lt;/b&gt; {&lt;br&gt;&lt;b&gt;city&lt;/b&gt; (string, optional): The location city ,&lt;br&gt;&lt;b&gt;countryCode&lt;/b&gt; (string, optional): The location country ISO 3166-1 code (https://en.wikipedia.org/wiki/ISO_3166-1) ,&lt;br&gt;&lt;b&gt;countrySubDivisionCode&lt;/b&gt; (string, optional): The location country sub division ISO 3166-2 code (https://en.wikipedia.org/wiki/ISO_3166-2) ,&lt;br&gt;&lt;b&gt;id&lt;/b&gt; (string, optional): The unique identifier of the location ,&lt;br&gt;&lt;b&gt;name&lt;/b&gt; (string, optional): The location name&lt;br&gt;}&lt;br&gt;&lt;b&gt;Amount&lt;/b&gt; {&lt;br&gt;&lt;b&gt;currencyCode&lt;/b&gt; (string): The 3-letter ISO 4217 currency code (https://en.wikipedia.org/wiki/ISO_4217) for the amount ,&lt;br&gt;&lt;b&gt;value&lt;/b&gt; (number): The amount value&lt;br&gt;}"
                                label="quickExpenseRequest"
                                name="quickExpenseRequest"
                                required="false"
                                testWith=""
                                type="string"/>
                     <parameter description="Image file. &lt;br&gt;Supported image file type ['PNG','GIF','PDF','TIFF','JPEG']. Max image size supported - 5MB"
                                label="fileContent"
                                name="fileContent"
                                required="true"
                                testWith=""
                                type="attachment"/>
                     <parameter description="The unique identifier of the Concur user"
                                label="userIdPathParam"
                                name="userIdPathParam"
                                nogen="true"
                                required="true"
                                testWith=""
                                type="string"/>
                     <parameter description="The access level of the Concur user, which determines the form fields they can view/modify"
                                label="contextTypePathParam"
                                name="contextTypePathParam"
                                nogen="true"
                                required="true"
                                testWith=""
                                type="picklist">
                        <options>
                           <option name="values">[{"value":"TRAVELER","label":"TRAVELER"}]</option>
                        </options>
                     </parameter>
                  </input>
                  <binding>
                     <restSimpleBinding multiUsing="semicolonSeparated"
                                        url="https://{$hostName}/quickexpense/v4/users/{$userIDPathParam}/context/{$contextTypePathParam}/quickexpenses/image"
                                        verb="POST">
                        <httpHeaders>
                           <header name="Content-Type">multipart/form-data</header>
                           <header name="Accept">application/json</header>
                           <header name="concur-correlationid">{$concur-correlationid}</header>
                           <header name="accept-language">{$accept-language}</header>
                        </httpHeaders>
                        <body generateUsing="Form"/>
                     </restSimpleBinding>
                  </binding>
                  <output>
                     <field description="OK"
                            entireResponse="true"
                            name="NewQuickExpenseResponse"
                            type="reference">
                        <options>
                           <option name="referenceTo">NewQuickExpenseResponse</option>
                        </options>
                     </field>
                  </output>
               </action>
            </actions>
            <objects>
               <processObject xmlns="http://schemas.active-endpoints.com/appmodules/screenflow/2011/06/avosHostEnvironment.xsd"
                              isByCopy="true"
                              name="InputStream">
                  <description/>
                  <detail/>
               </processObject>
               <processObject xmlns="http://schemas.active-endpoints.com/appmodules/screenflow/2011/06/avosHostEnvironment.xsd"
                              isByCopy="true"
                              name="Amount">
                  <description/>
                  <detail>
                     <field name="currencyCode" type="string"/>
                     <field name="value" type="double"/>
                  </detail>
               </processObject>
               <processObject xmlns="http://schemas.active-endpoints.com/appmodules/screenflow/2011/06/avosHostEnvironment.xsd"
                              isByCopy="true"
                              name="Resource">
                  <description/>
                  <detail>
                     <field name="readable" type="boolean"/>
                     <field name="file" type="attachment"/>
                     <field name="filename" type="string"/>
                     <field name="description" type="string"/>
                     <field name="inputStream" type="reference">
                        <options>
                           <option name="referenceTo">InputStream</option>
                           <option name="relationshipName">Child</option>
                        </options>
                     </field>
                     <field name="uri" type="reference">
                        <options>
                           <option name="referenceTo">URI</option>
                           <option name="relationshipName">Child</option>
                        </options>
                     </field>
                     <field name="url" type="reference">
                        <options>
                           <option name="referenceTo">URL</option>
                           <option name="relationshipName">Child</option>
                        </options>
                     </field>
                     <field name="open" type="boolean"/>
                  </detail>
               </processObject>
               <processObject xmlns="http://schemas.active-endpoints.com/appmodules/screenflow/2011/06/avosHostEnvironment.xsd"
                              isByCopy="true"
                              name="ExpenseType">
                  <description/>
                  <detail>
                     <field name="code" type="string"/>
                     <field name="name" type="string"/>
                     <field name="id" type="string"/>
                  </detail>
               </processObject>
               <processObject xmlns="http://schemas.active-endpoints.com/appmodules/screenflow/2011/06/avosHostEnvironment.xsd"
                              isByCopy="true"
                              name="QuickExpenseRequest">
                  <description/>
                  <detail>
                     <field name="paymentTypeId" type="picklist">
                        <options>
                           <option name="values">[{"value":"CASHX","label":"CASHX"},{"value":"CPAID","label":"CPAID"},{"value":"PENDC","label":"PENDC"}]</option>
                        </options>
                     </field>
                     <field name="vendor" type="string"/>
                     <field name="transactionAmount" type="reference">
                        <options>
                           <option name="referenceTo">Amount</option>
                           <option name="relationshipName">Child</option>
                        </options>
                     </field>
                     <field name="comment" type="string"/>
                     <field name="expenseTypeId" type="string"/>
                     <field name="location" type="reference">
                        <options>
                           <option name="referenceTo">Location</option>
                           <option name="relationshipName">Child</option>
                        </options>
                     </field>
                     <field name="entryDetails" type="string"/>
                     <field name="transactionDate" type="date"/>
                  </detail>
               </processObject>
               <processObject xmlns="http://schemas.active-endpoints.com/appmodules/screenflow/2011/06/avosHostEnvironment.xsd"
                              isByCopy="true"
                              name="UriResponse">
                  <description/>
                  <detail>
                     <field name="uri" type="string"/>
                  </detail>
               </processObject>
               <processObject xmlns="http://schemas.active-endpoints.com/appmodules/screenflow/2011/06/avosHostEnvironment.xsd"
                              isByCopy="true"
                              name="URI">
                  <description/>
                  <detail>
                     <field name="rawFragment" type="string"/>
                     <field name="userInfo" type="string"/>
                     <field name="opaque" type="boolean"/>
                     <field name="scheme" type="string"/>
                     <field name="query" type="string"/>
                     <field name="schemeSpecificPart" type="string"/>
                     <field name="rawUserInfo" type="string"/>
                     <field name="path" type="string"/>
                     <field name="fragment" type="string"/>
                     <field name="rawPath" type="string"/>
                     <field name="port" type="int"/>
                     <field name="rawSchemeSpecificPart" type="string"/>
                     <field name="absolute" type="boolean"/>
                     <field name="rawAuthority" type="string"/>
                     <field name="authority" type="string"/>
                     <field name="host" type="string"/>
                     <field name="rawQuery" type="string"/>
                  </detail>
               </processObject>
               <processObject xmlns="http://schemas.active-endpoints.com/appmodules/screenflow/2011/06/avosHostEnvironment.xsd"
                              isByCopy="true"
                              name="NewQuickExpenseResponse">
                  <description/>
                  <detail>
                     <field name="quickExpenseIdUri" type="string"/>
                  </detail>
               </processObject>
               <processObject xmlns="http://schemas.active-endpoints.com/appmodules/screenflow/2011/06/avosHostEnvironment.xsd"
                              isByCopy="true"
                              name="URL">
                  <description/>
                  <detail>
                     <field name="userInfo" type="string"/>
                     <field name="query" type="string"/>
                     <field name="content" type="object"/>
                     <field name="deserializedFields" type="reference">
                        <options>
                           <option name="referenceTo">URLStreamHandler</option>
                           <option name="relationshipName">Child</option>
                        </options>
                     </field>
                     <field name="defaultPort" type="int"/>
                     <field name="path" type="string"/>
                     <field name="protocol" type="string"/>
                     <field name="ref" type="string"/>
                     <field name="file" type="string"/>
                     <field name="port" type="int"/>
                     <field name="authority" type="string"/>
                     <field name="host" type="string"/>
                     <field name="serializedHashCode" type="int"/>
                  </detail>
               </processObject>
               <processObject xmlns="http://schemas.active-endpoints.com/appmodules/screenflow/2011/06/avosHostEnvironment.xsd"
                              isByCopy="true"
                              name="Date">
                  <description/>
                  <detail>
                     <field name="date" type="int"/>
                     <field name="hours" type="int"/>
                     <field name="seconds" type="int"/>
                     <field name="month" type="int"/>
                     <field name="year" type="int"/>
                     <field name="timezoneOffset" type="int"/>
                     <field name="minutes" type="int"/>
                     <field name="time" type="int"/>
                     <field name="day" type="int"/>
                  </detail>
               </processObject>
               <processObject xmlns="http://schemas.active-endpoints.com/appmodules/screenflow/2011/06/avosHostEnvironment.xsd"
                              isByCopy="true"
                              name="URLStreamHandler">
                  <description/>
                  <detail/>
               </processObject>
               <processObject xmlns="http://schemas.active-endpoints.com/appmodules/screenflow/2011/06/avosHostEnvironment.xsd"
                              isByCopy="true"
                              name="MultipartFile">
                  <description/>
                  <detail>
                     <field name="size" type="int"/>
                     <field name="resource" type="reference">
                        <options>
                           <option name="referenceTo">Resource</option>
                           <option name="relationshipName">Child</option>
                        </options>
                     </field>
                     <field name="bytes" type="objectlist">
                        <options>
                           <option name="referenceTo">string</option>
                           <option name="relationshipName">Child</option>
                        </options>
                     </field>
                     <field name="name" type="string"/>
                     <field name="inputStream" type="reference">
                        <options>
                           <option name="referenceTo">InputStream</option>
                           <option name="relationshipName">Child</option>
                        </options>
                     </field>
                     <field name="contentType" type="string"/>
                     <field name="originalFilename" type="string"/>
                     <field name="empty" type="boolean"/>
                  </detail>
               </processObject>
               <processObject xmlns="http://schemas.active-endpoints.com/appmodules/screenflow/2011/06/avosHostEnvironment.xsd"
                              isByCopy="true"
                              name="PaymentType">
                  <description/>
                  <detail>
                     <field name="code" type="string"/>
                     <field name="name" type="string"/>
                     <field name="id" type="string"/>
                  </detail>
               </processObject>
               <processObject xmlns="http://schemas.active-endpoints.com/appmodules/screenflow/2011/06/avosHostEnvironment.xsd"
                              isByCopy="true"
                              name="ErrorMessage">
                  <description/>
                  <detail>
                     <field name="path" type="string"/>
                     <field name="httpStatus" type="string"/>
                     <field name="errorMessage" type="string"/>
                     <field name="validationErrors" type="objectlist">
                        <options>
                           <option name="referenceTo">ValidationError</option>
                           <option name="relationshipName">Child</option>
                        </options>
                     </field>
                     <field name="errorId" type="string"/>
                     <field name="timestamp" type="datetime"/>
                  </detail>
               </processObject>
               <processObject xmlns="http://schemas.active-endpoints.com/appmodules/screenflow/2011/06/avosHostEnvironment.xsd"
                              isByCopy="true"
                              name="CollectionÂ_objectÂ_">
                  <description/>
                  <detail/>
               </processObject>
               <processObject xmlns="http://schemas.active-endpoints.com/appmodules/screenflow/2011/06/avosHostEnvironment.xsd"
                              isByCopy="true"
                              name="File">
                  <description/>
                  <detail>
                     <field name="readable" type="boolean"/>
                     <field name="parent" type="string"/>
                     <field name="hidden" type="boolean"/>
                     <field name="freeSpace" type="int"/>
                     <field name="totalSpace" type="int"/>
                     <field name="usableSpace" type="int"/>
                     <field name="directory" type="boolean"/>
                     <field name="executable" type="boolean"/>
                     <field name="writable" type="boolean"/>
                     <field name="path" type="string"/>
                     <field name="file" type="boolean"/>
                     <field name="absolute" type="boolean"/>
                     <field name="canonicalPath" type="string"/>
                     <field name="name" type="string"/>
                     <field name="absolutePath" type="string"/>
                     <field name="lastModified" type="int"/>
                  </detail>
               </processObject>
               <processObject xmlns="http://schemas.active-endpoints.com/appmodules/screenflow/2011/06/avosHostEnvironment.xsd"
                              isByCopy="true"
                              name="Link">
                  <description/>
                  <detail>
                     <field name="hreflang" type="string"/>
                     <field name="templated" type="boolean"/>
                     <field name="rel" type="string"/>
                     <field name="media" type="string"/>
                     <field name="href" type="string"/>
                     <field name="deprecation" type="string"/>
                     <field name="title" type="string"/>
                     <field name="type" type="string"/>
                  </detail>
               </processObject>
               <processObject xmlns="http://schemas.active-endpoints.com/appmodules/screenflow/2011/06/avosHostEnvironment.xsd"
                              isByCopy="true"
                              name="Location">
                  <description>It represents location.</description>
                  <detail>
                     <field name="countrySubDivisionCode" type="string"/>
                     <field name="city" type="string"/>
                     <field name="countryCode" type="string"/>
                     <field name="name" type="string"/>
                     <field name="id" type="string"/>
                  </detail>
               </processObject>
               <processObject xmlns="http://schemas.active-endpoints.com/appmodules/screenflow/2011/06/avosHostEnvironment.xsd"
                              isByCopy="true"
                              name="string">
                  <description/>
                  <detail>
                     <field name="string" type="string"/>
                  </detail>
               </processObject>
               <processObject xmlns="http://schemas.active-endpoints.com/appmodules/screenflow/2011/06/avosHostEnvironment.xsd"
                              isByCopy="true"
                              name="boolean">
                  <description/>
                  <detail>
                     <field name="boolean" type="boolean"/>
                  </detail>
               </processObject>
               <processObject xmlns="http://schemas.active-endpoints.com/appmodules/screenflow/2011/06/avosHostEnvironment.xsd"
                              isByCopy="true"
                              name="double">
                  <description/>
                  <detail>
                     <field name="double" type="double"/>
                  </detail>
               </processObject>
               <processObject xmlns="http://schemas.active-endpoints.com/appmodules/screenflow/2011/06/avosHostEnvironment.xsd"
                              isByCopy="true"
                              name="integer">
                  <description/>
                  <detail>
                     <field name="integer" type="int"/>
                  </detail>
               </processObject>
            </objects>
         </businessConnector>
      </types1:Entry>
      <types1:GUID>3dpMjUjYmOFk9PTSmrJnKB</types1:GUID>
      <types1:DisplayName>Concur Quick Expenses API v4</types1:DisplayName>
   </types1:Item>
   <types1:CurrentServerDateTime>2019-02-22T09:42:48.076Z</types1:CurrentServerDateTime>
</aetgt:getResponse>
