<aetgt:getResponse xmlns:aetgt="http://schemas.active-endpoints.com/appmodules/repository/2010/10/avrepository.xsd"
                   xmlns:types1="http://schemas.active-endpoints.com/appmodules/repository/2010/10/avrepository.xsd">
   <types1:Item>
      <types1:EntryId>K2eOWvJ4rswVYx8-gt-2491677-2019-01-28T14:19:04.458Z::svc.xml</types1:EntryId>
      <types1:Name>Oracle_Cloud_Infrastructure_Compute_Backups_API_v18-1-2</types1:Name>
      <types1:MimeType>application/xml+businesssconnector</types1:MimeType>
      <types1:Description>Allows you to create a backup right away using a specified backup configuration. You can also view scheduled backups and their status, or delete a specified backup and the corresponding snapshot.&lt;p&gt;These endpoints are not available on Oracle Cloud Machine.&lt;/p&gt;</types1:Description>
      <types1:AppliesTo/>
      <types1:Tags/>
      <types1:VersionLabel>1.0</types1:VersionLabel>
      <types1:State>CURRENT</types1:State>
      <types1:ProcessGroup/>
      <types1:CreatedBy>sorabh@na1.dm-us.org</types1:CreatedBy>
      <types1:CreationDate>2019-01-28T14:19:04Z</types1:CreationDate>
      <types1:ModifiedBy>sorabh@na1.dm-us.org</types1:ModifiedBy>
      <types1:ModificationDate>2019-02-25T09:17:15Z</types1:ModificationDate>
      <types1:PublicationStatus>unpublished</types1:PublicationStatus>
      <types1:AutosaveExists>false</types1:AutosaveExists>
      <types1:Entry>
         <businessConnector xmlns="http://schemas.informatica.com/socrates/data-services/2014/05/business-connector-model.xsd"
                            agentOnly="false"
                            debug="false"
                            displayName="Oracle Cloud Infrastructure Compute Backups API v18-1-2"
                            label=""
                            name="Oracle_Cloud_Infrastructure_Compute_Backups_API_v18-1-2"
                            uuid="fb19b636-314e-48f3-8b91-4b35c5893ec3">
            <description>Allows you to create a backup right away using a specified backup configuration. You can also view scheduled backups and their status, or delete a specified backup and the corresponding snapshot.&lt;p&gt;These endpoints are not available on Oracle Cloud Machine.&lt;/p&gt;</description>
            <tags/>
            <connectionAttributes xmlns="http://schemas.informatica.com/appmodules/screenflow/2014/04/avosConnectors.xsd">
               <connectionAttribute description="Host Name"
                                    masked="false"
                                    name="hostName"
                                    required="true"
                                    testWith="apicatalog.oraclecloud.com"
                                    type="string"/>
            </connectionAttributes>
            <actions>
               <action category="Backups"
                       failOnError="true"
                       forSearch="false"
                       label="createBackup"
                       maxRedirects="100"
                       name="createBackup"
                       preemptiveAuth="true"
                       responseEncoding="">
                  <description>Create a Backup. This endpoint is not available on Oracle Cloud Machine.&lt;p&gt;Schedules a backup immediately using the specified backup configuration. The storage volume that you have specified in the backup configuration is backed up immediately, irrespective of the status of &lt;code&gt;enabled&lt;/code&gt; in the specified backup configuration.&lt;p&gt;&lt;b&gt;Prerequisite:&lt;/b&gt; Ensure that you have selected a replication policy for your Oracle Cloud Infrastructure Object Storage Classic instance. See &lt;a target="_blank" href="http://www.oracle.com/pls/topic/lookup?ctx=stcomputecs&amp;id=CSSTO-GUID-5D53C11F-3D9E-43E4-8D1D-DDBB95DEC715"&gt;Selecting a Replication Policy for Your Service Instance&lt;/a&gt; in &lt;em&gt;Using Oracle Cloud Infrastructure Object Storage Classic&lt;/em&gt;.&lt;/p&gt;&lt;p&gt;&lt;b&gt;Required Role: &lt;/b&gt;To complete this task, you must have the &lt;code&gt;Compute_Operations&lt;/code&gt; role. If this role isn't assigned to you or you're not sure, then ask your system administrator to ensure that the role is assigned to you in Oracle Cloud My Services. See &lt;a target="_blank" href="http://www.oracle.com/pls/topic/lookup?ctx=stcomputecs&amp;id=MMOCS-GUID-54C2E747-7D5B-451C-A39C-77936178EBB6"&gt;Modifying User Roles&lt;/a&gt; in &lt;em&gt;Managing and Monitoring Oracle Cloud&lt;/em&gt;.</description>
                  <input>
                     <parameter description="Multi-part name of BackupConfiguration to execute"
                                label="body"
                                name="body"
                                required="true"
                                testWith=""
                                type="reference">
                        <options>
                           <option name="referenceTo">BackupInput</option>
                        </options>
                     </parameter>
                  </input>
                  <binding>
                     <restSimpleBinding multiUsing="semicolonSeparated"
                                        url="http://{$hostName}/backupservice/v1/backup"
                                        verb="POST">
                        <httpHeaders>
                           <header name="Content-Type">application/json</header>
                           <header name="Accept">application/json</header>
                        </httpHeaders>
                        <body generateUsing="UnwrappedJSON" preserveJsonStringFormatting="false"/>
                     </restSimpleBinding>
                  </binding>
                  <output/>
               </action>
               <action category="Backups"
                       failOnError="true"
                       forSearch="false"
                       label="listBackups"
                       maxRedirects="100"
                       name="listBackups"
                       preemptiveAuth="true"
                       responseEncoding="">
                  <description>Retrieve Details of all Backups. This endpoint is not available on Oracle Cloud Machine.&lt;p&gt;Retrieves details of the backups that are available and match the specified query criteria. If you don't specify any query criteria, then details of all the backups in the container are displayed. To filter the search results, you can pass one or more of the documented query parameters by appending them to the URI in the following syntax: &lt;p&gt;&lt;code&gt;?parameter1=value1&amp;ampparameter2=value2&amp;ampparameterN=valueN&lt;/code&gt;&lt;p&gt;&lt;b&gt;Required Role: &lt;/b&gt;To complete this task, you must have the &lt;code&gt;Compute_Monitor&lt;/code&gt; or &lt;code&gt;Compute_Operations&lt;/code&gt;role. If this role isn't assigned to you or you're not sure, then ask your system administrator to ensure that the role is assigned to you in Oracle Cloud My Services. See &lt;a target="_blank" href="http://www.oracle.com/pls/topic/lookup?ctx=stcomputecs&amp;id=MMOCS-GUID-54C2E747-7D5B-451C-A39C-77936178EBB6"&gt;Modifying User Roles&lt;/a&gt; in &lt;em&gt;Managing and Monitoring Oracle Cloud&lt;/em&gt;.</description>
                  <input>
                     <parameter description="Multi-part name of BackupConfiguration. Filters Backups by BackupConfiguration"
                                label="backupConfigurationName"
                                name="backupConfigurationName"
                                required="false"
                                testWith=""
                                type="string"/>
                  </input>
                  <binding>
                     <restSimpleBinding multiUsing="semicolonSeparated"
                                        url="http://{$hostName}/backupservice/v1/backup"
                                        verb="GET">
                        <httpHeaders>
                           <header name="Content-Type">application/json</header>
                           <header name="Accept">application/json</header>
                        </httpHeaders>
                     </restSimpleBinding>
                  </binding>
                  <output>
                     <field description="Successfully retrieved backup objects for query."
                            name="BackupList"
                            type="objectlist">
                        <options>
                           <option name="referenceTo">Backup</option>
                        </options>
                        <xquery>{
                             (: unwrap the object list from the root wrapper :)
                             for $child in ./*
                             return
                                element {'Backup'} { $child/* }
                             }</xquery>
                     </field>
                  </output>
               </action>
               <action category="Backups"
                       failOnError="true"
                       forSearch="false"
                       label="getBackupByName"
                       maxRedirects="100"
                       name="getBackupByName"
                       preemptiveAuth="true"
                       responseEncoding="">
                  <description>Retrieves Details of the Specified Backup. This endpoint is not available on Oracle Cloud Machine.&lt;p&gt;Get the backup specified by the provided multi-part object name.&lt;p&gt;&lt;b&gt;Required Role: &lt;/b&gt;To complete this task, you must have the &lt;code&gt;Compute_Monitor&lt;/code&gt; or &lt;code&gt;Compute_Operations&lt;/code&gt;role. If this role isn't assigned to you or you're not sure, then ask your system administrator to ensure that the role is assigned to you in Oracle Cloud My Services. See &lt;a target="_blank" href="http://www.oracle.com/pls/topic/lookup?ctx=stcomputecs&amp;id=MMOCS-GUID-54C2E747-7D5B-451C-A39C-77936178EBB6"&gt;Modifying User Roles&lt;/a&gt; in &lt;em&gt;Managing and Monitoring Oracle Cloud&lt;/em&gt;.</description>
                  <input>
                     <parameter description="Multi-part name of Backup to get"
                                label="namePathParam"
                                name="namePathParam"
                                nogen="true"
                                required="true"
                                testWith=""
                                type="string"/>
                  </input>
                  <binding>
                     <restSimpleBinding multiUsing="semicolonSeparated"
                                        url="http://{$hostName}/backupservice/v1/backup/{$namePathParam}"
                                        verb="GET">
                        <httpHeaders>
                           <header name="Content-Type">application/json</header>
                           <header name="Accept">application/json</header>
                        </httpHeaders>
                     </restSimpleBinding>
                  </binding>
                  <output>
                     <field description="Successfully retrieved backup object by name."
                            entireResponse="true"
                            name="Backup"
                            type="reference">
                        <options>
                           <option name="referenceTo">Backup</option>
                        </options>
                     </field>
                  </output>
               </action>
               <action category="Backups"
                       failOnError="true"
                       forSearch="false"
                       label="deleteBackup"
                       maxRedirects="100"
                       name="deleteBackup"
                       preemptiveAuth="true"
                       responseEncoding="">
                  <description>Delete a Backup. This endpoint is not available on Oracle Cloud Machine.&lt;p&gt;Delete a backup and it's associated snapshot. In progress backups may not be deleted.&lt;p&gt;&lt;b&gt;Prerequisite:&lt;/b&gt; Ensure that you have selected a replication policy for your Oracle Cloud Infrastructure Object Storage Classic instance. See &lt;a target="_blank" href="http://www.oracle.com/pls/topic/lookup?ctx=stcomputecs&amp;id=CSSTO-GUID-5D53C11F-3D9E-43E4-8D1D-DDBB95DEC715"&gt;Selecting a Replication Policy for Your Service Instance&lt;/a&gt; in &lt;em&gt;Using Oracle Cloud Infrastructure Object Storage Classic&lt;/em&gt;.&lt;/p&gt;&lt;p&gt;&lt;b&gt;Required Role: &lt;/b&gt;To complete this task, you must have the &lt;code&gt;Compute_Operations&lt;/code&gt; role. If this role isn't assigned to you or you're not sure, then ask your system administrator to ensure that the role is assigned to you in Oracle Cloud My Services. See &lt;a target="_blank" href="http://www.oracle.com/pls/topic/lookup?ctx=stcomputecs&amp;id=MMOCS-GUID-54C2E747-7D5B-451C-A39C-77936178EBB6"&gt;Modifying User Roles&lt;/a&gt; in &lt;em&gt;Managing and Monitoring Oracle Cloud&lt;/em&gt;.</description>
                  <input>
                     <parameter description="Multi-part name of backup to delete"
                                label="namePathParam"
                                name="namePathParam"
                                nogen="true"
                                required="true"
                                testWith=""
                                type="string"/>
                  </input>
                  <binding>
                     <restSimpleBinding multiUsing="semicolonSeparated"
                                        url="http://{$hostName}/backupservice/v1/backup/{$namePathParam}"
                                        verb="DELETE">
                        <httpHeaders>
                           <header name="Content-Type">application/json</header>
                           <header name="Accept">application/json</header>
                        </httpHeaders>
                     </restSimpleBinding>
                  </binding>
                  <output/>
               </action>
            </actions>
            <objects>
               <processObject xmlns="http://schemas.active-endpoints.com/appmodules/screenflow/2011/06/avosHostEnvironment.xsd"
                              isByCopy="true"
                              name="HourlyInterval">
                  <description/>
                  <detail/>
               </processObject>
               <processObject xmlns="http://schemas.active-endpoints.com/appmodules/screenflow/2011/06/avosHostEnvironment.xsd"
                              isByCopy="true"
                              name="BackupInput">
                  <description/>
                  <detail>
                     <field name="name" type="string"/>
                     <field name="description" type="string"/>
                     <field name="backupConfigurationName" type="string"/>
                  </detail>
               </processObject>
               <processObject xmlns="http://schemas.active-endpoints.com/appmodules/screenflow/2011/06/avosHostEnvironment.xsd"
                              isByCopy="true"
                              name="Backup">
                  <description>A Backup Job.</description>
                  <detail>
                     <field name="shared" type="boolean"/>
                     <field name="tagId" type="string"/>
                     <field name="errorMessage" type="string"/>
                     <field name="description" type="string"/>
                     <field name="bootable" type="boolean"/>
                     <field name="uri" type="string"/>
                     <field name="backupConfigurationName" type="string"/>
                     <field name="runAsUser" type="string"/>
                     <field name="detailedErrorMessage" type="string"/>
                     <field name="volumeUri" type="string"/>
                     <field name="name" type="string"/>
                     <field name="snapshotUri" type="string"/>
                     <field name="state" type="picklist">
                        <options>
                           <option name="values">[{"value":"SUBMITTED","label":"SUBMITTED"},{"value":"INPROGRESS","label":"INPROGRESS"},{"value":"COMPLETED","label":"COMPLETED"},{"value":"FAILED","label":"FAILED"},{"value":"CANCELLING","label":"CANCELLING"},{"value":"CANCELED","label":"CANCELED"},{"value":"TIMEDOUT","label":"TIMEDOUT"},{"value":"DELETE_SUBMITTED","label":"DELETE_SUBMITTED"},{"value":"DELETING","label":"DELETING"},{"value":"DELETED","label":"DELETED"}]</option>
                        </options>
                     </field>
                     <field name="snapshotSize" type="string"/>
                  </detail>
               </processObject>
               <processObject xmlns="http://schemas.active-endpoints.com/appmodules/screenflow/2011/06/avosHostEnvironment.xsd"
                              isByCopy="true"
                              name="DailyWeeklyInterval">
                  <description/>
                  <detail/>
               </processObject>
               <processObject xmlns="http://schemas.active-endpoints.com/appmodules/screenflow/2011/06/avosHostEnvironment.xsd"
                              isByCopy="true"
                              name="Interval">
                  <description>There are two kinds of Intervals. Each Interval has its own JSON format. Your Interval field should look like one of the following:&lt;p&gt;&lt;ul&gt;&lt;li&gt;&lt;code&gt;"interval":{"Hourly":{"hourlyInterval":2}}&lt;/code&gt;&lt;/li&gt;&lt;li&gt;&lt;code&gt;{"DailyWeekly":{"daysOfWeek":["MONDAY"],"timeOfDay":"03:15","userTimeZone":"America/Los_Angeles"}}&lt;/code&gt;&lt;/li&gt;&lt;/ul&gt;&lt;p&gt;Days of the week is any day of the week fully capitalized (MONDAY, TUESDAY, etc). The user time zone is any IANA user timezone.  For example user time zones see &lt;a href="https://en.wikipedia.org/wiki/IANA_time_zone_database"&gt;List of IANA time zones&lt;/a&gt;.</description>
                  <detail/>
               </processObject>
               <processObject xmlns="http://schemas.active-endpoints.com/appmodules/screenflow/2011/06/avosHostEnvironment.xsd"
                              isByCopy="true"
                              name="string">
                  <description/>
                  <detail>
                     <field name="string" type="string"/>
                  </detail>
               </processObject>
               <processObject xmlns="http://schemas.active-endpoints.com/appmodules/screenflow/2011/06/avosHostEnvironment.xsd"
                              isByCopy="true"
                              name="boolean">
                  <description/>
                  <detail>
                     <field name="boolean" type="boolean"/>
                  </detail>
               </processObject>
               <processObject xmlns="http://schemas.active-endpoints.com/appmodules/screenflow/2011/06/avosHostEnvironment.xsd"
                              isByCopy="true"
                              name="double">
                  <description/>
                  <detail>
                     <field name="double" type="double"/>
                  </detail>
               </processObject>
               <processObject xmlns="http://schemas.active-endpoints.com/appmodules/screenflow/2011/06/avosHostEnvironment.xsd"
                              isByCopy="true"
                              name="integer">
                  <description/>
                  <detail>
                     <field name="integer" type="int"/>
                  </detail>
               </processObject>
            </objects>
         </businessConnector>
      </types1:Entry>
      <types1:GUID>jNxt6bXHdezkemas9P3EMR</types1:GUID>
      <types1:DisplayName>Oracle Cloud Infrastructure Compute Backups API v18-1-2</types1:DisplayName>
   </types1:Item>
   <types1:CurrentServerDateTime>2019-02-25T09:24:12.144Z</types1:CurrentServerDateTime>
</aetgt:getResponse>
