<aetgt:getResponse xmlns:aetgt="http://schemas.active-endpoints.com/appmodules/repository/2010/10/avrepository.xsd"
                   xmlns:types1="http://schemas.active-endpoints.com/appmodules/repository/2010/10/avrepository.xsd">
   <types1:Item>
      <types1:EntryId>OQoVVVVVVVVVVVV-gt-3053588-2019-01-23T13:30:36.653Z::svc.xml</types1:EntryId>
      <types1:Name>Concur_Entries_API_v3</types1:Name>
      <types1:MimeType>application/xml+businesssconnector</types1:MimeType>
      <types1:Description/>
      <types1:AppliesTo/>
      <types1:Tags/>
      <types1:VersionLabel>1.0</types1:VersionLabel>
      <types1:State>CURRENT</types1:State>
      <types1:ProcessGroup/>
      <types1:CreatedBy>sorabh@na1.dm-us.org</types1:CreatedBy>
      <types1:CreationDate>2019-01-23T13:30:37Z</types1:CreationDate>
      <types1:ModifiedBy/>
      <types1:PublicationStatus>published</types1:PublicationStatus>
      <types1:PublishedBy>sorabh@na1.dm-us.org</types1:PublishedBy>
      <types1:PublicationDate>2019-01-23T13:31:11Z</types1:PublicationDate>
      <types1:PublishedContributionId>project:/rt.connector/Concur_Entries_API_v3/Concur_Entries_API_v3_svcDef.xml</types1:PublishedContributionId>
      <types1:AutosaveExists>false</types1:AutosaveExists>
      <types1:Entry>
         <businessConnector xmlns="http://schemas.informatica.com/socrates/data-services/2014/05/business-connector-model.xsd"
                            agentOnly="false"
                            debug="false"
                            displayName="Concur Entries API v3"
                            label=""
                            name="Concur_Entries_API_v3"
                            uuid="cefe10de-4939-4cda-b48d-f073bf05e7c2">
            <description/>
            <tags/>
            <connectionAttributes xmlns="http://schemas.informatica.com/appmodules/screenflow/2014/04/avosConnectors.xsd">
               <connectionAttribute description="Host Name"
                                    masked="false"
                                    name="hostName"
                                    required="true"
                                    testWith="www.concursolutions.com"
                                    type="string"/>
            </connectionAttributes>
            <actions>
               <action category="Resources"
                       failOnError="true"
                       forSearch="false"
                       label="GET_expense_entries_id_"
                       maxRedirects="100"
                       name="GET_expense_entries_id_"
                       preemptiveAuth="true"
                       responseEncoding="">
                  <description>Get a single expense entry by ID. Gets an expense entry by ID.</description>
                  <input>
                     <parameter description="The expense entry ID."
                                label="idPathParam"
                                name="idPathParam"
                                nogen="true"
                                required="true"
                                testWith=""
                                type="string"/>
                     <parameter description="The login ID of the user who owns the entries. The user must have the Web Services Admin role to use this parameter."
                                label="user"
                                name="user"
                                required="false"
                                testWith=""
                                type="string"/>
                  </input>
                  <binding>
                     <restSimpleBinding multiUsing="semicolonSeparated"
                                        url="https://{$hostName}/api/v3.0/expense/entries/{$idPathParam}"
                                        verb="GET">
                        <httpHeaders>
                           <header name="Content-Type">application/json</header>
                           <header name="Accept">application/json</header>
                        </httpHeaders>
                     </restSimpleBinding>
                  </binding>
                  <output>
                     <field description="Success"
                            entireResponse="true"
                            name="EntryGet"
                            type="reference">
                        <options>
                           <option name="referenceTo">EntryGet</option>
                        </options>
                     </field>
                  </output>
               </action>
               <action category="Resources"
                       failOnError="true"
                       forSearch="false"
                       label="DELETE_expense_entries_id_"
                       maxRedirects="100"
                       name="DELETE_expense_entries_id_"
                       preemptiveAuth="true"
                       responseEncoding="">
                  <description>Delete an expense entry by ID. Deletes the specified expense entry.</description>
                  <input>
                     <parameter description="The ID of the expense entry to delete."
                                label="idPathParam"
                                name="idPathParam"
                                nogen="true"
                                required="true"
                                testWith=""
                                type="string"/>
                     <parameter description="The login ID of the user who owns the entries. The user must have the Web Services Admin role to use this parameter."
                                label="user"
                                name="user"
                                required="false"
                                testWith=""
                                type="string"/>
                  </input>
                  <binding>
                     <restSimpleBinding multiUsing="semicolonSeparated"
                                        url="https://{$hostName}/api/v3.0/expense/entries/{$idPathParam}"
                                        verb="DELETE">
                        <httpHeaders>
                           <header name="Content-Type">application/json</header>
                           <header name="Accept">application/json</header>
                        </httpHeaders>
                     </restSimpleBinding>
                  </binding>
                  <output>
                     <field description="Success"
                            entireResponse="true"
                            name="Void"
                            type="reference">
                        <options>
                           <option name="referenceTo">Void</option>
                        </options>
                     </field>
                  </output>
               </action>
               <action category="Resources"
                       failOnError="true"
                       forSearch="false"
                       label="PUT_expense_entries_id_"
                       maxRedirects="100"
                       name="PUT_expense_entries_id_"
                       preemptiveAuth="true"
                       responseEncoding="">
                  <description>Update an expense entry by ID. Updates the specified expense entry. Only the fields provided in the supplied object are updated. Missing fields will not be altered.</description>
                  <input>
                     <parameter description="The expense entry ID."
                                label="idPathParam"
                                name="idPathParam"
                                nogen="true"
                                required="true"
                                testWith=""
                                type="string"/>
                     <parameter description="The partial or complete expense entry object to update."
                                label="content"
                                name="content"
                                required="true"
                                testWith=""
                                type="reference">
                        <options>
                           <option name="referenceTo">EntryPut</option>
                        </options>
                     </parameter>
                     <parameter description="The login ID of the user who owns the entries. The user must have the Web Services Admin role to use this parameter."
                                label="user"
                                name="user"
                                required="false"
                                testWith=""
                                type="string"/>
                  </input>
                  <binding>
                     <restSimpleBinding multiUsing="semicolonSeparated"
                                        url="https://{$hostName}/api/v3.0/expense/entries/{$idPathParam}"
                                        verb="PUT">
                        <httpHeaders>
                           <header name="Content-Type">application/json</header>
                           <header name="Accept">application/json</header>
                        </httpHeaders>
                        <body generateUsing="UnwrappedJSON" preserveJsonStringFormatting="false"/>
                     </restSimpleBinding>
                  </binding>
                  <output>
                     <field description="Success"
                            entireResponse="true"
                            name="Void"
                            type="reference">
                        <options>
                           <option name="referenceTo">Void</option>
                        </options>
                     </field>
                  </output>
               </action>
               <action category="Resources"
                       failOnError="true"
                       forSearch="false"
                       label="POST_expense_entries"
                       maxRedirects="100"
                       name="POST_expense_entries"
                       preemptiveAuth="true"
                       responseEncoding="">
                  <description>Create a new expense entry. Creates a new expense entry.</description>
                  <input>
                     <parameter description="The expense entry object to create."
                                label="content"
                                name="content"
                                required="true"
                                testWith=""
                                type="reference">
                        <options>
                           <option name="referenceTo">EntryPost</option>
                        </options>
                     </parameter>
                     <parameter description="The login ID of the user who owns the entries. The user must have the Web Services Admin role to use this parameter."
                                label="user"
                                name="user"
                                required="false"
                                testWith=""
                                type="string"/>
                  </input>
                  <binding>
                     <restSimpleBinding multiUsing="semicolonSeparated"
                                        url="https://{$hostName}/api/v3.0/expense/entries"
                                        verb="POST">
                        <httpHeaders>
                           <header name="Content-Type">application/json</header>
                           <header name="Accept">application/json</header>
                        </httpHeaders>
                        <body generateUsing="UnwrappedJSON" preserveJsonStringFormatting="false"/>
                     </restSimpleBinding>
                  </binding>
                  <output>
                     <field description="Success"
                            entireResponse="true"
                            name="CreateResponse"
                            type="reference">
                        <options>
                           <option name="referenceTo">CreateResponse</option>
                        </options>
                     </field>
                  </output>
               </action>
               <action category="Resources"
                       failOnError="true"
                       forSearch="false"
                       label="GET_expense_entries"
                       maxRedirects="100"
                       name="GET_expense_entries"
                       preemptiveAuth="true"
                       responseEncoding="">
                  <description>Get all expense entries. Gets all expense entries owned by the user.</description>
                  <input>
                     <parameter description="The report ID of the entries to be retrieved.  Format: An alpha-numeric GUID string."
                                label="reportID"
                                name="reportID"
                                required="false"
                                testWith=""
                                type="string"/>
                     <parameter description="The ID of the payment type of the entries to be retrieved."
                                label="paymentTypeID"
                                name="paymentTypeID"
                                required="false"
                                testWith=""
                                type="string"/>
                     <parameter description="The batch ID for the entries to be retrieved. The batch ID identifies the batch that contains the report payee associated with the entries. Use the GET Payment Batch function to learn the Payment Type ID for the desired Payment Type."
                                label="batchID"
                                name="batchID"
                                required="false"
                                testWith=""
                                type="string"/>
                     <parameter description="Determines whether the operation retrieves entries that are billable. Format: true or false"
                                label="isBillable"
                                name="isBillable"
                                required="false"
                                testWith=""
                                type="boolean"/>
                     <parameter description="The ID of the attendee type for the entries to be retrieved."
                                label="attendeeTypeCode"
                                name="attendeeTypeCode"
                                required="false"
                                testWith=""
                                type="string"/>
                     <parameter description="Determines whether the operation retrieves entries that have attendees. Format: true or false"
                                label="hasAttendees"
                                name="hasAttendees"
                                required="false"
                                testWith=""
                                type="boolean"/>
                     <parameter description="Determines whether the operation retrieves entries that have VAT details. Format: true or false"
                                label="hasVAT"
                                name="hasVAT"
                                required="false"
                                testWith=""
                                type="boolean"/>
                     <parameter description="The code for the expense type for the entries to be retrieved."
                                label="expenseTypeCode"
                                name="expenseTypeCode"
                                required="false"
                                testWith=""
                                type="string"/>
                     <parameter description="The attendee associated with the entries to be retrieved."
                                label="attendeeID"
                                name="attendeeID"
                                required="false"
                                testWith=""
                                type="string"/>
                     <parameter description="The starting point of the next set of results, after the limit specified in the limit field has been reached."
                                label="offset"
                                name="offset"
                                required="false"
                                testWith=""
                                type="string"/>
                     <parameter description="The number of records to return. Default value: 25"
                                label="limit"
                                name="limit"
                                required="false"
                                testWith=""
                                type="int"/>
                     <parameter description="The login ID of the user who owns the entries. The user must have the Web Services Admin role to use this parameter."
                                label="user"
                                name="user"
                                required="false"
                                testWith=""
                                type="string"/>
                  </input>
                  <binding>
                     <restSimpleBinding multiUsing="semicolonSeparated"
                                        url="https://{$hostName}/api/v3.0/expense/entries"
                                        verb="GET">
                        <httpHeaders>
                           <header name="Content-Type">application/json</header>
                           <header name="Accept">application/json</header>
                        </httpHeaders>
                     </restSimpleBinding>
                  </binding>
                  <output>
                     <field description="Success"
                            entireResponse="true"
                            name="EntryCollection"
                            type="reference">
                        <options>
                           <option name="referenceTo">EntryCollection</option>
                        </options>
                     </field>
                  </output>
               </action>
            </actions>
            <objects>
               <processObject xmlns="http://schemas.active-endpoints.com/appmodules/screenflow/2011/06/avosHostEnvironment.xsd"
                              isByCopy="true"
                              name="EntryPut">
                  <description/>
                  <detail>
                     <field name="Custom19" type="string"/>
                     <field name="Custom18" type="string"/>
                     <field name="Custom13" type="string"/>
                     <field name="LocationID" type="string"/>
                     <field name="Custom12" type="string"/>
                     <field name="ReportID" type="string"/>
                     <field name="Custom11" type="string"/>
                     <field name="Custom10" type="string"/>
                     <field name="Custom17" type="string"/>
                     <field name="Custom16" type="string"/>
                     <field name="Custom15" type="string"/>
                     <field name="Custom14" type="string"/>
                     <field name="Custom4" type="string"/>
                     <field name="Custom3" type="string"/>
                     <field name="Custom2" type="string"/>
                     <field name="Custom1" type="string"/>
                     <field name="Custom8" type="string"/>
                     <field name="Custom7" type="string"/>
                     <field name="Custom40" type="string"/>
                     <field name="Custom6" type="string"/>
                     <field name="Custom5" type="string"/>
                     <field name="Custom9" type="string"/>
                     <field name="PaymentTypeID" type="string"/>
                     <field name="Journey" type="reference">
                        <options>
                           <option name="referenceTo">Journey</option>
                           <option name="relationshipName">Child</option>
                        </options>
                     </field>
                     <field name="ExchangeRate" type="double"/>
                     <field name="Description" type="string"/>
                     <field name="Custom35" type="string"/>
                     <field name="Custom34" type="string"/>
                     <field name="Custom33" type="string"/>
                     <field name="Custom32" type="string"/>
                     <field name="Custom39" type="string"/>
                     <field name="Custom38" type="string"/>
                     <field name="Custom37" type="string"/>
                     <field name="Custom36" type="string"/>
                     <field name="Custom31" type="string"/>
                     <field name="Custom30" type="string"/>
                     <field name="TaxReceiptType" type="string"/>
                     <field name="ExpenseTypeCode" type="string"/>
                     <field name="IsPersonal" type="boolean"/>
                     <field name="VendorListItemID" type="string"/>
                     <field name="IsBillable" type="boolean"/>
                     <field name="TransactionDate" type="datetime"/>
                     <field name="Comment" type="string"/>
                     <field name="Custom29" type="string"/>
                     <field name="VendorDescription" type="string"/>
                     <field name="Custom24" type="string"/>
                     <field name="Custom23" type="string"/>
                     <field name="OrgUnit6" type="string"/>
                     <field name="Custom22" type="string"/>
                     <field name="OrgUnit5" type="string"/>
                     <field name="Custom21" type="string"/>
                     <field name="OrgUnit4" type="string"/>
                     <field name="Custom28" type="string"/>
                     <field name="OrgUnit3" type="string"/>
                     <field name="Custom27" type="string"/>
                     <field name="OrgUnit2" type="string"/>
                     <field name="TransactionCurrencyCode" type="string"/>
                     <field name="Custom26" type="string"/>
                     <field name="OrgUnit1" type="string"/>
                     <field name="Custom25" type="string"/>
                     <field name="TransactionAmount" type="double"/>
                     <field name="Custom20" type="string"/>
                  </detail>
               </processObject>
               <processObject xmlns="http://schemas.active-endpoints.com/appmodules/screenflow/2011/06/avosHostEnvironment.xsd"
                              isByCopy="true"
                              name="Decimal">
                  <description/>
                  <detail/>
               </processObject>
               <processObject xmlns="http://schemas.active-endpoints.com/appmodules/screenflow/2011/06/avosHostEnvironment.xsd"
                              isByCopy="true"
                              name="CreateResponse">
                  <description/>
                  <detail>
                     <field name="ID" type="string"/>
                     <field name="URI" type="string"/>
                  </detail>
               </processObject>
               <processObject xmlns="http://schemas.active-endpoints.com/appmodules/screenflow/2011/06/avosHostEnvironment.xsd"
                              isByCopy="true"
                              name="Nullable_1">
                  <description/>
                  <detail>
                     <field name="Value" type="reference">
                        <options>
                           <option name="referenceTo">Decimal</option>
                           <option name="relationshipName">Child</option>
                        </options>
                     </field>
                     <field name="HasValue" type="boolean"/>
                  </detail>
               </processObject>
               <processObject xmlns="http://schemas.active-endpoints.com/appmodules/screenflow/2011/06/avosHostEnvironment.xsd"
                              isByCopy="true"
                              name="CustomField">
                  <description/>
                  <detail>
                     <field name="ListItemID" type="string"/>
                     <field name="Type" type="string"/>
                     <field name="Value" type="string"/>
                     <field name="Code" type="string"/>
                  </detail>
               </processObject>
               <processObject xmlns="http://schemas.active-endpoints.com/appmodules/screenflow/2011/06/avosHostEnvironment.xsd"
                              isByCopy="true"
                              name="EntryCollection">
                  <description/>
                  <detail>
                     <field name="Items" type="reference">
                        <options>
                           <option name="referenceTo">EntryGet</option>
                           <option name="relationshipName">Child</option>
                        </options>
                     </field>
                     <field name="NextPage" type="string"/>
                  </detail>
               </processObject>
               <processObject xmlns="http://schemas.active-endpoints.com/appmodules/screenflow/2011/06/avosHostEnvironment.xsd"
                              isByCopy="true"
                              name="EntryGet">
                  <description/>
                  <detail>
                     <field name="Custom19" type="reference">
                        <options>
                           <option name="referenceTo">CustomField</option>
                           <option name="relationshipName">Child</option>
                        </options>
                     </field>
                     <field name="Custom18" type="reference">
                        <options>
                           <option name="referenceTo">CustomField</option>
                           <option name="relationshipName">Child</option>
                        </options>
                     </field>
                     <field name="EmployeeBankAccountID" type="string"/>
                     <field name="IsPersonalCardCharge" type="boolean"/>
                     <field name="PostedAmount" type="double"/>
                     <field name="HasImage" type="boolean"/>
                     <field name="Custom13" type="reference">
                        <options>
                           <option name="referenceTo">CustomField</option>
                           <option name="relationshipName">Child</option>
                        </options>
                     </field>
                     <field name="LocationID" type="string"/>
                     <field name="Custom12" type="reference">
                        <options>
                           <option name="referenceTo">CustomField</option>
                           <option name="relationshipName">Child</option>
                        </options>
                     </field>
                     <field name="ReportID" type="string"/>
                     <field name="Custom11" type="reference">
                        <options>
                           <option name="referenceTo">CustomField</option>
                           <option name="relationshipName">Child</option>
                        </options>
                     </field>
                     <field name="Custom10" type="reference">
                        <options>
                           <option name="referenceTo">CustomField</option>
                           <option name="relationshipName">Child</option>
                        </options>
                     </field>
                     <field name="Custom17" type="reference">
                        <options>
                           <option name="referenceTo">CustomField</option>
                           <option name="relationshipName">Child</option>
                        </options>
                     </field>
                     <field name="Custom16" type="reference">
                        <options>
                           <option name="referenceTo">CustomField</option>
                           <option name="relationshipName">Child</option>
                        </options>
                     </field>
                     <field name="Custom15" type="reference">
                        <options>
                           <option name="referenceTo">CustomField</option>
                           <option name="relationshipName">Child</option>
                        </options>
                     </field>
                     <field name="Custom14" type="reference">
                        <options>
                           <option name="referenceTo">CustomField</option>
                           <option name="relationshipName">Child</option>
                        </options>
                     </field>
                     <field name="LastModified" type="datetime"/>
                     <field name="HasItemizations" type="boolean"/>
                     <field name="PaymentTypeName" type="string"/>
                     <field name="ElectronicReceiptID" type="string"/>
                     <field name="ID" type="string"/>
                     <field name="IsPaidByExpensePay" type="boolean"/>
                     <field name="IsImageRequired" type="boolean"/>
                     <field name="LocationSubdivision" type="string"/>
                     <field name="HasVAT" type="boolean"/>
                     <field name="SpendCategoryName" type="string"/>
                     <field name="Custom4" type="reference">
                        <options>
                           <option name="referenceTo">CustomField</option>
                           <option name="relationshipName">Child</option>
                        </options>
                     </field>
                     <field name="Custom3" type="reference">
                        <options>
                           <option name="referenceTo">CustomField</option>
                           <option name="relationshipName">Child</option>
                        </options>
                     </field>
                     <field name="Custom2" type="reference">
                        <options>
                           <option name="referenceTo">CustomField</option>
                           <option name="relationshipName">Child</option>
                        </options>
                     </field>
                     <field name="Custom1" type="reference">
                        <options>
                           <option name="referenceTo">CustomField</option>
                           <option name="relationshipName">Child</option>
                        </options>
                     </field>
                     <field name="Custom8" type="reference">
                        <options>
                           <option name="referenceTo">CustomField</option>
                           <option name="relationshipName">Child</option>
                        </options>
                     </field>
                     <field name="Custom7" type="reference">
                        <options>
                           <option name="referenceTo">CustomField</option>
                           <option name="relationshipName">Child</option>
                        </options>
                     </field>
                     <field name="Custom40" type="reference">
                        <options>
                           <option name="referenceTo">CustomField</option>
                           <option name="relationshipName">Child</option>
                        </options>
                     </field>
                     <field name="Custom6" type="reference">
                        <options>
                           <option name="referenceTo">CustomField</option>
                           <option name="relationshipName">Child</option>
                        </options>
                     </field>
                     <field name="Custom5" type="reference">
                        <options>
                           <option name="referenceTo">CustomField</option>
                           <option name="relationshipName">Child</option>
                        </options>
                     </field>
                     <field name="ReceiptReceived" type="boolean"/>
                     <field name="Custom9" type="reference">
                        <options>
                           <option name="referenceTo">CustomField</option>
                           <option name="relationshipName">Child</option>
                        </options>
                     </field>
                     <field name="FormID" type="string"/>
                     <field name="PaymentTypeID" type="string"/>
                     <field name="Journey" type="reference">
                        <options>
                           <option name="referenceTo">Journey</option>
                           <option name="relationshipName">Child</option>
                        </options>
                     </field>
                     <field name="ExchangeRate" type="double"/>
                     <field name="Description" type="string"/>
                     <field name="CompanyCardTransactionID" type="string"/>
                     <field name="AllocationType" type="string"/>
                     <field name="LocationCountry" type="string"/>
                     <field name="Custom35" type="reference">
                        <options>
                           <option name="referenceTo">CustomField</option>
                           <option name="relationshipName">Child</option>
                        </options>
                     </field>
                     <field name="Custom34" type="reference">
                        <options>
                           <option name="referenceTo">CustomField</option>
                           <option name="relationshipName">Child</option>
                        </options>
                     </field>
                     <field name="Custom33" type="reference">
                        <options>
                           <option name="referenceTo">CustomField</option>
                           <option name="relationshipName">Child</option>
                        </options>
                     </field>
                     <field name="Custom32" type="reference">
                        <options>
                           <option name="referenceTo">CustomField</option>
                           <option name="relationshipName">Child</option>
                        </options>
                     </field>
                     <field name="ReportOwnerID" type="string"/>
                     <field name="Custom39" type="reference">
                        <options>
                           <option name="referenceTo">CustomField</option>
                           <option name="relationshipName">Child</option>
                        </options>
                     </field>
                     <field name="Custom38" type="reference">
                        <options>
                           <option name="referenceTo">CustomField</option>
                           <option name="relationshipName">Child</option>
                        </options>
                     </field>
                     <field name="URI" type="string"/>
                     <field name="Custom37" type="reference">
                        <options>
                           <option name="referenceTo">CustomField</option>
                           <option name="relationshipName">Child</option>
                        </options>
                     </field>
                     <field name="Custom36" type="reference">
                        <options>
                           <option name="referenceTo">CustomField</option>
                           <option name="relationshipName">Child</option>
                        </options>
                     </field>
                     <field name="LocationName" type="string"/>
                     <field name="Custom31" type="reference">
                        <options>
                           <option name="referenceTo">CustomField</option>
                           <option name="relationshipName">Child</option>
                        </options>
                     </field>
                     <field name="Custom30" type="reference">
                        <options>
                           <option name="referenceTo">CustomField</option>
                           <option name="relationshipName">Child</option>
                        </options>
                     </field>
                     <field name="TaxReceiptType" type="string"/>
                     <field name="ExpenseTypeCode" type="string"/>
                     <field name="HasComments" type="boolean"/>
                     <field name="IsPersonal" type="boolean"/>
                     <field name="VendorListItemID" type="string"/>
                     <field name="IsBillable" type="boolean"/>
                     <field name="TransactionDate" type="datetime"/>
                     <field name="Custom29" type="reference">
                        <options>
                           <option name="referenceTo">CustomField</option>
                           <option name="relationshipName">Child</option>
                        </options>
                     </field>
                     <field name="VendorDescription" type="string"/>
                     <field name="Custom24" type="reference">
                        <options>
                           <option name="referenceTo">CustomField</option>
                           <option name="relationshipName">Child</option>
                        </options>
                     </field>
                     <field name="Custom23" type="reference">
                        <options>
                           <option name="referenceTo">CustomField</option>
                           <option name="relationshipName">Child</option>
                        </options>
                     </field>
                     <field name="OrgUnit6" type="reference">
                        <options>
                           <option name="referenceTo">CustomField</option>
                           <option name="relationshipName">Child</option>
                        </options>
                     </field>
                     <field name="Custom22" type="reference">
                        <options>
                           <option name="referenceTo">CustomField</option>
                           <option name="relationshipName">Child</option>
                        </options>
                     </field>
                     <field name="OrgUnit5" type="reference">
                        <options>
                           <option name="referenceTo">CustomField</option>
                           <option name="relationshipName">Child</option>
                        </options>
                     </field>
                     <field name="Custom21" type="reference">
                        <options>
                           <option name="referenceTo">CustomField</option>
                           <option name="relationshipName">Child</option>
                        </options>
                     </field>
                     <field name="OrgUnit4" type="reference">
                        <options>
                           <option name="referenceTo">CustomField</option>
                           <option name="relationshipName">Child</option>
                        </options>
                     </field>
                     <field name="Custom28" type="reference">
                        <options>
                           <option name="referenceTo">CustomField</option>
                           <option name="relationshipName">Child</option>
                        </options>
                     </field>
                     <field name="OrgUnit3" type="reference">
                        <options>
                           <option name="referenceTo">CustomField</option>
                           <option name="relationshipName">Child</option>
                        </options>
                     </field>
                     <field name="Custom27" type="reference">
                        <options>
                           <option name="referenceTo">CustomField</option>
                           <option name="relationshipName">Child</option>
                        </options>
                     </field>
                     <field name="OrgUnit2" type="reference">
                        <options>
                           <option name="referenceTo">CustomField</option>
                           <option name="relationshipName">Child</option>
                        </options>
                     </field>
                     <field name="TransactionCurrencyCode" type="string"/>
                     <field name="Custom26" type="reference">
                        <options>
                           <option name="referenceTo">CustomField</option>
                           <option name="relationshipName">Child</option>
                        </options>
                     </field>
                     <field name="OrgUnit1" type="reference">
                        <options>
                           <option name="referenceTo">CustomField</option>
                           <option name="relationshipName">Child</option>
                        </options>
                     </field>
                     <field name="TripID" type="string"/>
                     <field name="Custom25" type="reference">
                        <options>
                           <option name="referenceTo">CustomField</option>
                           <option name="relationshipName">Child</option>
                        </options>
                     </field>
                     <field name="ExpenseTypeName" type="string"/>
                     <field name="TransactionAmount" type="double"/>
                     <field name="HasAttendees" type="boolean"/>
                     <field name="SpendCategoryCode" type="string"/>
                     <field name="ApprovedAmount" type="double"/>
                     <field name="Custom20" type="reference">
                        <options>
                           <option name="referenceTo">CustomField</option>
                           <option name="relationshipName">Child</option>
                        </options>
                     </field>
                     <field name="HasAppliedCashAdvance" type="boolean"/>
                     <field name="VendorListItemName" type="string"/>
                     <field name="HasExceptions" type="boolean"/>
                  </detail>
               </processObject>
               <processObject xmlns="http://schemas.active-endpoints.com/appmodules/screenflow/2011/06/avosHostEnvironment.xsd"
                              isByCopy="true"
                              name="Void">
                  <description/>
                  <detail/>
               </processObject>
               <processObject xmlns="http://schemas.active-endpoints.com/appmodules/screenflow/2011/06/avosHostEnvironment.xsd"
                              isByCopy="true"
                              name="Journey">
                  <description/>
                  <detail>
                     <field name="OdometerStart" type="int"/>
                     <field name="UnitOfMeasure" type="string"/>
                     <field name="PersonalDistance" type="int"/>
                     <field name="StartLocation" type="string"/>
                     <field name="OdometerEnd" type="int"/>
                     <field name="EndLocation" type="string"/>
                     <field name="VehicleID" type="string"/>
                     <field name="BusinessDistance" type="int"/>
                     <field name="NumberOfPassengers" type="int"/>
                  </detail>
               </processObject>
               <processObject xmlns="http://schemas.active-endpoints.com/appmodules/screenflow/2011/06/avosHostEnvironment.xsd"
                              isByCopy="true"
                              name="EntryPost">
                  <description/>
                  <detail>
                     <field name="Custom19" type="string"/>
                     <field name="Custom18" type="string"/>
                     <field name="Custom13" type="string"/>
                     <field name="LocationID" type="string"/>
                     <field name="Custom12" type="string"/>
                     <field name="ReportID" type="string"/>
                     <field name="Custom11" type="string"/>
                     <field name="Custom10" type="string"/>
                     <field name="Custom17" type="string"/>
                     <field name="Custom16" type="string"/>
                     <field name="Custom15" type="string"/>
                     <field name="Custom14" type="string"/>
                     <field name="Custom4" type="string"/>
                     <field name="Custom3" type="string"/>
                     <field name="Custom2" type="string"/>
                     <field name="Custom1" type="string"/>
                     <field name="Custom8" type="string"/>
                     <field name="Custom7" type="string"/>
                     <field name="Custom40" type="string"/>
                     <field name="Custom6" type="string"/>
                     <field name="Custom5" type="string"/>
                     <field name="Custom9" type="string"/>
                     <field name="PaymentTypeID" type="string"/>
                     <field name="Journey" type="reference">
                        <options>
                           <option name="referenceTo">Journey</option>
                           <option name="relationshipName">Child</option>
                        </options>
                     </field>
                     <field name="ExchangeRate" type="double"/>
                     <field name="Description" type="string"/>
                     <field name="Custom35" type="string"/>
                     <field name="Custom34" type="string"/>
                     <field name="Custom33" type="string"/>
                     <field name="Custom32" type="string"/>
                     <field name="Custom39" type="string"/>
                     <field name="Custom38" type="string"/>
                     <field name="Custom37" type="string"/>
                     <field name="Custom36" type="string"/>
                     <field name="Custom31" type="string"/>
                     <field name="Custom30" type="string"/>
                     <field name="TaxReceiptType" type="string"/>
                     <field name="ExpenseTypeCode" type="string"/>
                     <field name="IsPersonal" type="boolean"/>
                     <field name="VendorListItemID" type="string"/>
                     <field name="IsBillable" type="boolean"/>
                     <field name="TransactionDate" type="datetime"/>
                     <field name="Comment" type="string"/>
                     <field name="Custom29" type="string"/>
                     <field name="VendorDescription" type="string"/>
                     <field name="Custom24" type="string"/>
                     <field name="Custom23" type="string"/>
                     <field name="OrgUnit6" type="string"/>
                     <field name="Custom22" type="string"/>
                     <field name="OrgUnit5" type="string"/>
                     <field name="Custom21" type="string"/>
                     <field name="OrgUnit4" type="string"/>
                     <field name="Custom28" type="string"/>
                     <field name="OrgUnit3" type="string"/>
                     <field name="Custom27" type="string"/>
                     <field name="OrgUnit2" type="string"/>
                     <field name="TransactionCurrencyCode" type="string"/>
                     <field name="Custom26" type="string"/>
                     <field name="OrgUnit1" type="string"/>
                     <field name="Custom25" type="string"/>
                     <field name="TransactionAmount" type="double"/>
                     <field name="Custom20" type="string"/>
                  </detail>
               </processObject>
               <processObject xmlns="http://schemas.active-endpoints.com/appmodules/screenflow/2011/06/avosHostEnvironment.xsd"
                              isByCopy="true"
                              name="string">
                  <description/>
                  <detail>
                     <field name="string" type="string"/>
                  </detail>
               </processObject>
               <processObject xmlns="http://schemas.active-endpoints.com/appmodules/screenflow/2011/06/avosHostEnvironment.xsd"
                              isByCopy="true"
                              name="boolean">
                  <description/>
                  <detail>
                     <field name="boolean" type="boolean"/>
                  </detail>
               </processObject>
               <processObject xmlns="http://schemas.active-endpoints.com/appmodules/screenflow/2011/06/avosHostEnvironment.xsd"
                              isByCopy="true"
                              name="double">
                  <description/>
                  <detail>
                     <field name="double" type="double"/>
                  </detail>
               </processObject>
               <processObject xmlns="http://schemas.active-endpoints.com/appmodules/screenflow/2011/06/avosHostEnvironment.xsd"
                              isByCopy="true"
                              name="integer">
                  <description/>
                  <detail>
                     <field name="integer" type="int"/>
                  </detail>
               </processObject>
            </objects>
         </businessConnector>
      </types1:Entry>
      <types1:GUID>aF24oDtFBwib3ZKgGWmNQh</types1:GUID>
      <types1:DisplayName>Concur Entries API v3</types1:DisplayName>
   </types1:Item>
   <types1:CurrentServerDateTime>2019-02-22T09:42:48.102Z</types1:CurrentServerDateTime>
</aetgt:getResponse>
