<aetgt:getResponse xmlns:aetgt="http://schemas.active-endpoints.com/appmodules/repository/2010/10/avrepository.xsd"
                   xmlns:types1="http://schemas.active-endpoints.com/appmodules/repository/2010/10/avrepository.xsd">
   <types1:Item>
      <types1:EntryId>AUigdpIO3M4WwOC-gt-841234-2019-12-23T08:37:44.421Z::svc.xml</types1:EntryId>
      <types1:Name>SAP_Fieldglass_Audit_Trail_REST_API_v1</types1:Name>
      <types1:MimeType>application/xml+businesssconnector</types1:MimeType>
      <types1:Description>This SAP Fieldglass REST API resource allows clients who use integration monitoring utilities the ability to retrieve and display specific audit trail details associated to the data being integrated and transferred between the external system and the SAP Fieldglass VMS application.</types1:Description>
      <types1:AppliesTo/>
      <types1:Tags/>
      <types1:VersionLabel>1.0</types1:VersionLabel>
      <types1:State>CURRENT</types1:State>
      <types1:ProcessGroup/>
      <types1:CreatedBy>sorabh@na1.dm-us.org</types1:CreatedBy>
      <types1:CreationDate>2019-12-23T08:37:44Z</types1:CreationDate>
      <types1:ModifiedBy/>
      <types1:PublicationStatus>published</types1:PublicationStatus>
      <types1:PublishedBy>sorabh@na1.dm-us.org</types1:PublishedBy>
      <types1:PublicationDate>2019-12-23T08:37:52Z</types1:PublicationDate>
      <types1:PublishedContributionId>project:/rt.connector/SAP_Fieldglass_Audit_Trail_REST_API_v1/SAP_Fieldglass_Audit_Trail_REST_API_v1_svcDef.xml</types1:PublishedContributionId>
      <types1:AutosaveExists>false</types1:AutosaveExists>
      <types1:Entry>
         <businessConnector xmlns="http://schemas.informatica.com/socrates/data-services/2014/05/business-connector-model.xsd"
                            agentOnly="false"
                            debug="false"
                            displayName="SAP Fieldglass Audit Trail REST API v1"
                            label=""
                            name="SAP_Fieldglass_Audit_Trail_REST_API_v1"
                            uuid="7677624a-8a1d-45c7-841b-746108598e77">
            <description>This SAP Fieldglass REST API resource allows clients who use integration monitoring utilities the ability to retrieve and display specific audit trail details associated to the data being integrated and transferred between the external system and the SAP Fieldglass VMS application.</description>
            <tags/>
            <connectionAttributes xmlns="http://schemas.informatica.com/appmodules/screenflow/2014/04/avosConnectors.xsd">
               <connectionAttribute description="Host Name"
                                    masked="false"
                                    name="hostName"
                                    required="true"
                                    testWith="sandbox.api.sap.com"
                                    type="string"/>
            </connectionAttributes>
            <actions>
               <action category="Audit Trail"
                       failOnError="true"
                       forSearch="false"
                       label="GET_auditTrail"
                       maxRedirects="100"
                       name="GET_auditTrail"
                       preemptiveAuth="true"
                       responseEncoding="">
                  <description>Get audit trail details. Returns audit trail details. When using this with query parameter pairs for start and stop times, you can limit the results to a particular timeframe.</description>
                  <input>
                     <parameter description="Only required for production access when using SAP Fieldglass."
                                label="Authorization"
                                name="Authorization"
                                nogen="true"
                                required="false"
                                testWith=""
                                type="string"/>
                     <parameter description="The company-specific key provided by SAP Fieldglass for API access. This is required for production access."
                                label="X-ApplicationKey"
                                name="X-ApplicationKey"
                                nogen="true"
                                required="false"
                                testWith=""
                                type="string"/>
                     <parameter description="This value is required in production and must be application/x-www-form-urlencoded."
                                label="Content-Type"
                                name="Content-Type"
                                nogen="true"
                                required="false"
                                testWith=""
                                type="string"/>
                     <parameter description="Transaction ID for transmission."
                                label="TransactionId"
                                name="TransactionId"
                                required="false"
                                testWith=""
                                type="string"/>
                     <parameter description="Start time of the integration. Pair this with PriorStopTime."
                                label="PriorStartTime"
                                name="PriorStartTime"
                                required="false"
                                testWith=""
                                type="string"/>
                     <parameter description="Start time of the integration. Pair this with CurrentStopTime."
                                label="CurrentStartTime"
                                name="CurrentStartTime"
                                required="false"
                                testWith=""
                                type="string"/>
                     <parameter description="Stop time of the integration. Pair this with PriorStartTime."
                                label="PriorStopTime"
                                name="PriorStopTime"
                                required="false"
                                testWith=""
                                type="string"/>
                     <parameter description="Stop time of the integration. Pair this with CurrentStartTime."
                                label="CurrentStopTime"
                                name="CurrentStopTime"
                                required="false"
                                testWith=""
                                type="string"/>
                     <parameter description="Error / OK status tied to the integration process to be filtered on."
                                label="Status"
                                name="Status"
                                required="false"
                                testWith=""
                                type="string"/>
                  </input>
                  <binding>
                     <restSimpleBinding multiUsing="semicolonSeparated"
                                        url="https://{$hostName}/fieldglass/api/vc/auditTrail"
                                        verb="GET">
                        <httpHeaders>
                           <header name="Accept">application/json</header>
                           <header name="Authorization">{$Authorization}</header>
                           <header name="X-ApplicationKey">{$X-ApplicationKey}</header>
                           <header name="Content-Type">{$Content-Type}</header>
                        </httpHeaders>
                     </restSimpleBinding>
                  </binding>
                  <output>
                     <field description="OK. The request was received successfully."
                            entireResponse="true"
                            name="auditTrail"
                            type="reference">
                        <options>
                           <option name="referenceTo">auditTrail</option>
                        </options>
                     </field>
                  </output>
               </action>
            </actions>
            <objects>
               <processObject xmlns="http://schemas.active-endpoints.com/appmodules/screenflow/2011/06/avosHostEnvironment.xsd"
                              isByCopy="true"
                              name="Error">
                  <description/>
                  <detail>
                     <field name="code" type="int"/>
                     <field name="message" type="string"/>
                     <field name="fields" type="string"/>
                  </detail>
               </processObject>
               <processObject xmlns="http://schemas.active-endpoints.com/appmodules/screenflow/2011/06/avosHostEnvironment.xsd"
                              isByCopy="true"
                              name="auditTrail">
                  <description/>
                  <detail>
                     <field name="PAYLOAD" type="object"/>
                     <field name="HEADER" type="object"/>
                  </detail>
               </processObject>
               <processObject xmlns="http://schemas.active-endpoints.com/appmodules/screenflow/2011/06/avosHostEnvironment.xsd"
                              isByCopy="true"
                              name="string">
                  <description/>
                  <detail>
                     <field name="string" type="string"/>
                  </detail>
               </processObject>
               <processObject xmlns="http://schemas.active-endpoints.com/appmodules/screenflow/2011/06/avosHostEnvironment.xsd"
                              isByCopy="true"
                              name="boolean">
                  <description/>
                  <detail>
                     <field name="boolean" type="boolean"/>
                  </detail>
               </processObject>
               <processObject xmlns="http://schemas.active-endpoints.com/appmodules/screenflow/2011/06/avosHostEnvironment.xsd"
                              isByCopy="true"
                              name="double">
                  <description/>
                  <detail>
                     <field name="double" type="double"/>
                  </detail>
               </processObject>
               <processObject xmlns="http://schemas.active-endpoints.com/appmodules/screenflow/2011/06/avosHostEnvironment.xsd"
                              isByCopy="true"
                              name="integer">
                  <description/>
                  <detail>
                     <field name="integer" type="int"/>
                  </detail>
               </processObject>
            </objects>
         </businessConnector>
      </types1:Entry>
      <types1:GUID>8OoTVPEZzFaeeBQoI9V3mb</types1:GUID>
      <types1:DisplayName>SAP Fieldglass Audit Trail REST API v1</types1:DisplayName>
   </types1:Item>
   <types1:CurrentServerDateTime>2019-12-23T08:46:44.95Z</types1:CurrentServerDateTime>
</aetgt:getResponse>
