{
  "name" : "TimestampConnector",
  "sourceOrgId" : "aDdeKzHZEoQdwATn5hMqI8",
  "sourceOrgName" : "CAI Service Connectors",
  "exportedObjects" : [ {
    "objectGuid" : "j8TlLQXlHWiihpKqk1FwKU",
    "objectName" : "Unix-Timestamp-API-actions",
    "objectType" : "AI_CONNECTION",
    "path" : "/Explore/Timestamp",
    "metadata" : {
      "modelVersion" : {
        "major" : 1,
        "minor" : 0
      },
      "repoInfo" : {
        "repoHandle" : "z0YoVVVVVVVVVVV-gt-1418902-2018-09-04T00:32:12.412Z::conn.xml"
      },
      "objectRefs" : [ "aN6cS5etM8FjX7UZg4LVGZ" ],
      "contextAttributes" : null,
      "additionalInfo" : {
        "description" : "",
        "contentType" : null,
        "documentState" : "VALID"
      },
      "objectExistence" : "WITH_DEPENDENCIES"
    }
  }, {
    "objectGuid" : "adRSOTu8jcxlfJHJ6fL088",
    "objectName" : "Timestamp",
    "objectType" : "Project",
    "path" : "/Explore",
    "metadata" : {
      "modelVersion" : {
        "major" : 0,
        "minor" : 0
      },
      "repoInfo" : null,
      "objectRefs" : [ ],
      "contextAttributes" : [ ],
      "additionalInfo" : {
        "description" : "",
        "contentType" : "Binary",
        "documentState" : "COMPLETE"
      },
      "objectExistence" : "WITHOUT_DEPENDENCIES"
    }
  }, {
    "objectGuid" : "aN6cS5etM8FjX7UZg4LVGZ",
    "objectName" : "Unix Timestamp API",
    "objectType" : "AI_SERVICE_CONNECTOR",
    "path" : "/Explore/Timestamp",
    "metadata" : {
      "modelVersion" : {
        "major" : 1,
        "minor" : 0
      },
      "repoInfo" : {
        "repoHandle" : "qzm5Y6tMFyglsO7-gt-1423009-2018-09-04T00:32:12.272Z::svc.xml"
      },
      "objectRefs" : [ ],
      "contextAttributes" : null,
      "additionalInfo" : {
        "description" : "",
        "contentType" : null,
        "documentState" : "VALID"
      },
      "objectExistence" : "WITH_DEPENDENCIES"
    }
  }, {
    "objectGuid" : "5Z5gUsYr6IHe3hHWkD4e4T",
    "objectName" : "Generate an ID from unix Timestamp",
    "objectType" : "PROCESS",
    "path" : "/Explore/Timestamp",
    "metadata" : {
      "modelVersion" : {
        "major" : 1,
        "minor" : 0
      },
      "repoInfo" : {
        "repoHandle" : "LrOMDOp7jvppppp-gt-258835-2018-09-04T00:32:12.602Z::pd.xml"
      },
      "objectRefs" : [ "j8TlLQXlHWiihpKqk1FwKU" ],
      "contextAttributes" : null,
      "additionalInfo" : {
        "description" : "",
        "contentType" : null,
        "documentState" : "VALID"
      },
      "objectExistence" : "WITH_DEPENDENCIES"
    }
  } ]
}