<aetgt:getResponse xmlns:aetgt="http://schemas.active-endpoints.com/appmodules/repository/2010/10/avrepository.xsd"
                   xmlns:types1="http://schemas.active-endpoints.com/appmodules/repository/2010/10/avrepository.xsd">
   <types1:Item>
      <types1:EntryId>xf2mmqm7O2htghG-gt-567288-2019-12-22T10:04:47.375Z::svc.xml</types1:EntryId>
      <types1:Name>SAP_Ariba_Flow_Extension_REST_API_v1</types1:Name>
      <types1:MimeType>application/xml+businesssconnector</types1:MimeType>
      <types1:Description>This API allows you to intercept a document at specific points within its normal flow. You can also temporarily suspend the flow of a document if desired. During this interception, you can: 
* Access data associated with the document
* Post attachments to the document
* Resume or halt the workflow entirely</types1:Description>
      <types1:AppliesTo/>
      <types1:Tags/>
      <types1:VersionLabel>1.0</types1:VersionLabel>
      <types1:State>CURRENT</types1:State>
      <types1:ProcessGroup/>
      <types1:CreatedBy>sorabh@na1.dm-us.org</types1:CreatedBy>
      <types1:CreationDate>2019-12-22T10:04:47Z</types1:CreationDate>
      <types1:ModifiedBy>sorabh@na1.dm-us.org</types1:ModifiedBy>
      <types1:ModificationDate>2019-12-22T10:05:17Z</types1:ModificationDate>
      <types1:PublicationStatus>published</types1:PublicationStatus>
      <types1:PublishedBy>sorabh@na1.dm-us.org</types1:PublishedBy>
      <types1:PublicationDate>2019-12-22T10:05:24Z</types1:PublicationDate>
      <types1:PublishedContributionId>project:/rt.connector/SAP_Ariba_Flow_Extension_REST_API_v1/SAP_Ariba_Flow_Extension_REST_API_v1_svcDef.xml</types1:PublishedContributionId>
      <types1:AutosaveExists>false</types1:AutosaveExists>
      <types1:Entry>
         <businessConnector xmlns="http://schemas.informatica.com/socrates/data-services/2014/05/business-connector-model.xsd"
                            agentOnly="false"
                            debug="false"
                            displayName="SAP Ariba Flow Extension REST API v1"
                            label=""
                            name="SAP_Ariba_Flow_Extension_REST_API_v1"
                            uuid="581a3b69-2c40-4c28-bb83-1c8cb99aa3ce">
            <description>This API allows you to intercept a document at specific points within its normal flow. You can also temporarily suspend the flow of a document if desired. During this interception, you can: 
* Access data associated with the document
* Post attachments to the document
* Resume or halt the workflow entirely</description>
            <tags/>
            <connectionAttributes xmlns="http://schemas.informatica.com/appmodules/screenflow/2014/04/avosConnectors.xsd">
               <connectionAttribute description="Host Name"
                                    masked="false"
                                    name="hostName"
                                    required="true"
                                    testWith="sandbox.api.sap.com"
                                    type="string"/>
            </connectionAttributes>
            <actions>
               <action category="event-controller"
                       failOnError="true"
                       forSearch="false"
                       label="acknowledgeEventsUsingPOST"
                       maxRedirects="100"
                       name="acknowledgeEventsUsingPOST"
                       preemptiveAuth="true"
                       responseEncoding="">
                  <description>This acknowledges receipt of an Event retrieved using the Get Next Event API. Invoking this API informs the flow extension service that the event has been successfully delivered, thus preventing the event from being returned by subsequent Get Next Event calls. Subsequent API calls for the event, such as Post Document Update and Resume, will not work until Acknowledge has been called. e.g POST Body &lt;events&gt;&lt;event&gt;&lt;eventId&gt;ATHZ2HG61Y6H9OY55SDE384&lt;/eventId&gt;&lt;/event&gt;&lt;/events&gt;</description>
                  <input>
                     <parameter description="The base 64 encrypted auth header string. eg 'Authorization:Basic #$%@&amp;*DSJJJJ' "
                                label="Authorization"
                                name="Authorization"
                                nogen="true"
                                required="true"
                                testWith=""
                                type="string"/>
                     <parameter description="The flow extension id of the provider"
                                label="flowExtensionIdPathParam"
                                name="flowExtensionIdPathParam"
                                nogen="true"
                                required="true"
                                testWith=""
                                type="string"/>
                     <parameter description="The events which are got by getNextEvents, which the provider acknowledges receiving"
                                label="events"
                                name="events"
                                required="true"
                                testWith=""
                                type="reference">
                        <options>
                           <option name="referenceTo">EventsModel</option>
                        </options>
                     </parameter>
                  </input>
                  <binding>
                     <restSimpleBinding multiUsing="semicolonSeparated"
                                        url="https://{$hostName}/ariba/api/flowextension/v1/sandbox/action/flowextensions/{$flowExtensionIdPathParam}/events/acknowledge"
                                        verb="POST">
                        <httpHeaders>
                           <header name="Content-Type">application/xml</header>
                           <header name="Accept">application/json</header>
                           <header name="Authorization">{$Authorization}</header>
                        </httpHeaders>
                        <body generateUsing="UnwrappedJSON" preserveJsonStringFormatting="false"/>
                     </restSimpleBinding>
                  </binding>
                  <output>
                     <field description="OK"
                            entireResponse="true"
                            name="AckResponseData"
                            type="reference">
                        <options>
                           <option name="referenceTo">AckResponseData</option>
                        </options>
                     </field>
                  </output>
               </action>
               <action category="event-controller"
                       failOnError="true"
                       forSearch="false"
                       label="completeEventUsingPOST"
                       maxRedirects="100"
                       name="completeEventUsingPOST"
                       preemptiveAuth="true"
                       responseEncoding="">
                  <description>This API is supported for asynchronous (non-suspending) flow extensions. Invoking Complete indicates completion of the flow extension processing for the event. For Complete to succeed, the event must have been received and acknowledged, and it must be a non-suspending flow extension type. An error status code 400 is returned if the flow extension does not support Complete or if the event is in the wrong state. Successful invocation returns an HTTP status code 200.</description>
                  <input>
                     <parameter description="The base 64 encrypted auth header string. eg 'Authorization:Basic #$%@&amp;*DSJJJJ' "
                                label="Authorization"
                                name="Authorization"
                                nogen="true"
                                required="true"
                                testWith=""
                                type="string"/>
                     <parameter description="The flow extension id of the provider"
                                label="flowExtensionIdPathParam"
                                name="flowExtensionIdPathParam"
                                nogen="true"
                                required="true"
                                testWith=""
                                type="string"/>
                     <parameter description="The external id corresponding to the flow extension event"
                                label="eventIdPathParam"
                                name="eventIdPathParam"
                                nogen="true"
                                required="true"
                                testWith=""
                                type="string"/>
                  </input>
                  <binding>
                     <restSimpleBinding multiUsing="semicolonSeparated"
                                        url="https://{$hostName}/ariba/api/flowextension/v1/sandbox/action/flowextensions/{$flowExtensionIdPathParam}/events/{$eventIdPathParam}/complete"
                                        verb="POST">
                        <httpHeaders>
                           <header name="Content-Type">application/json</header>
                           <header name="Accept">application/json</header>
                           <header name="Authorization">{$Authorization}</header>
                        </httpHeaders>
                        <body generateUsing="UnwrappedJSON" preserveJsonStringFormatting="false"/>
                     </restSimpleBinding>
                  </binding>
                  <output>
                     <field description="OK"
                            entireResponse="true"
                            name="entireResponse"
                            type="string"/>
                  </output>
               </action>
               <action category="event-controller"
                       failOnError="true"
                       forSearch="false"
                       label="resumeEventUsingPOST"
                       maxRedirects="100"
                       name="resumeEventUsingPOST"
                       preemptiveAuth="true"
                       responseEncoding="">
                  <description>This API completes the flow extension and allows the document to continue with its normal processing flow. This API is not supported for flow extension types which are asynchronous, i.e., those which do not suspend the normal document processing flow. For suspending flow extensions, Resume must be invoked at the end of flow extension processing. (Exception: some extensions support rejecting the document via Halt in addition to Resume; see description of Halt API below.) An error status code 400 is returned if the flow extension does not support Resume or if the event is in the wrong state. Successful invocation returns an HTTP status code 200, asynchronously causes any uploaded comments and attachments to be applied to the document, re-queues the document to continue the normal document flow, and completes the flow extension processing for the event.</description>
                  <input>
                     <parameter description="The base 64 encrypted auth header string. eg 'Authorization:Basic #$%@&amp;*DSJJJJ' "
                                label="Authorization"
                                name="Authorization"
                                nogen="true"
                                required="true"
                                testWith=""
                                type="string"/>
                     <parameter description="The flow extension id of the provider"
                                label="flowExtensionIdPathParam"
                                name="flowExtensionIdPathParam"
                                nogen="true"
                                required="true"
                                testWith=""
                                type="string"/>
                     <parameter description="The external event id"
                                label="eventIdPathParam"
                                name="eventIdPathParam"
                                nogen="true"
                                required="true"
                                testWith=""
                                type="string"/>
                  </input>
                  <binding>
                     <restSimpleBinding multiUsing="semicolonSeparated"
                                        url="https://{$hostName}/ariba/api/flowextension/v1/sandbox/action/flowextensions/{$flowExtensionIdPathParam}/events/{$eventIdPathParam}/resume"
                                        verb="POST">
                        <httpHeaders>
                           <header name="Content-Type">application/json</header>
                           <header name="Accept">application/json</header>
                           <header name="Authorization">{$Authorization}</header>
                        </httpHeaders>
                        <body generateUsing="UnwrappedJSON" preserveJsonStringFormatting="false"/>
                     </restSimpleBinding>
                  </binding>
                  <output>
                     <field description="OK"
                            entireResponse="true"
                            name="entireResponse"
                            type="string"/>
                  </output>
               </action>
               <action category="event-controller"
                       failOnError="true"
                       forSearch="false"
                       label="getDocumentAttachmentUsingGET"
                       maxRedirects="100"
                       name="getDocumentAttachmentUsingGET"
                       preemptiveAuth="true"
                       responseEncoding="">
                  <description>API provides the capability to retrieve relevant document data for a specific document based on the document contentid (cid) from Ariba Network for a specific Event that External party has received a notification for. This is for events that Consumer has retrieved using Get Next Event.</description>
                  <input>
                     <parameter description="The base 64 encrypted auth header string. eg 'Authorization:Basic #$%@&amp;*DSJJJJ' "
                                label="Authorization"
                                name="Authorization"
                                nogen="true"
                                required="true"
                                testWith=""
                                type="string"/>
                     <parameter description="The accepted document format. e.g. application/pdf"
                                label="Accept"
                                name="Accept"
                                nogen="true"
                                required="false"
                                testWith=""
                                type="string"/>
                     <parameter description="The flow extension id of the provider"
                                label="flowExtensionIdPathParam"
                                name="flowExtensionIdPathParam"
                                nogen="true"
                                required="true"
                                testWith=""
                                type="string"/>
                     <parameter description="The external event id of the event"
                                label="eventIdPathParam"
                                name="eventIdPathParam"
                                nogen="true"
                                required="true"
                                testWith=""
                                type="string"/>
                     <parameter description="The content id of the document attachment"
                                label="cid"
                                name="cid"
                                required="true"
                                testWith=""
                                type="string"/>
                  </input>
                  <binding>
                     <restSimpleBinding multiUsing="semicolonSeparated"
                                        url="https://{$hostName}/ariba/api/flowextension/v1/sandbox/flowextensions/{$flowExtensionIdPathParam}/events/{$eventIdPathParam}/eventdata/attachment"
                                        verb="GET">
                        <httpHeaders>
                           <header name="Content-Type">application/json</header>
                           <header name="Authorization">{$Authorization}</header>
                           <header name="Accept">{$Accept}</header>
                        </httpHeaders>
                     </restSimpleBinding>
                  </binding>
                  <output>
                     <field description="OK"
                            entireResponse="true"
                            name="InputStreamResource"
                            type="reference">
                        <options>
                           <option name="referenceTo">InputStreamResource</option>
                        </options>
                     </field>
                  </output>
               </action>
               <action category="event-controller"
                       failOnError="true"
                       forSearch="false"
                       label="getEventDataUsingGET"
                       maxRedirects="100"
                       name="getEventDataUsingGET"
                       preemptiveAuth="true"
                       responseEncoding="">
                  <description>API provides the capability to retrieve relevant document data from Ariba Network for a specific Event that External party has received a notification for. This is for events that Consumer has retrieved using Get Next Event.</description>
                  <input>
                     <parameter description="The base 64 encrypted auth header string. eg 'Authorization:Basic #$%@&amp;*DSJJJJ' "
                                label="Authorization"
                                name="Authorization"
                                nogen="true"
                                required="true"
                                testWith=""
                                type="string"/>
                     <parameter description="The type of data which can be returned. Acceptable values: application/json, application/xml, multipart/mixed"
                                label="Accept"
                                name="Accept"
                                nogen="true"
                                required="true"
                                testWith=""
                                type="string"/>
                     <parameter description="The flow extension id of the provider"
                                label="flowExtensionIdPathParam"
                                name="flowExtensionIdPathParam"
                                nogen="true"
                                required="true"
                                testWith=""
                                type="string"/>
                     <parameter description="The external id corresponding to the event"
                                label="eventIdPathParam"
                                name="eventIdPathParam"
                                nogen="true"
                                required="true"
                                testWith=""
                                type="string"/>
                  </input>
                  <binding>
                     <restSimpleBinding multiUsing="semicolonSeparated"
                                        url="https://{$hostName}/ariba/api/flowextension/v1/sandbox/flowextensions/{$flowExtensionIdPathParam}/events/{$eventIdPathParam}/eventdata"
                                        verb="GET">
                        <httpHeaders>
                           <header name="Content-Type">application/xml</header>
                           <header name="Authorization">{$Authorization}</header>
                           <header name="Accept">{$Accept}</header>
                        </httpHeaders>
                     </restSimpleBinding>
                  </binding>
                  <output>
                     <field description="Success"
                            entireResponse="true"
                            name="entireResponse"
                            type="string"/>
                  </output>
               </action>
               <action category="event-controller"
                       failOnError="true"
                       forSearch="false"
                       label="postDocumentUpdateUsingPOST"
                       maxRedirects="100"
                       name="postDocumentUpdateUsingPOST"
                       preemptiveAuth="true"
                       responseEncoding="">
                  <description>This API is currently not supported in sandbox. i.e. The try it out button will not work. API provides the ability to post a comment or attachments to a document event. Attachments are sent via a POST request of multipart/mixed or multipart/form-data content type. Only Events in the 'SENT' state can receive attachment updates. This API is rejected for flow extension types which do not support document updates. “Asynchronous” flow extensions, which do not suspend the normal document flow, do not support post document update. An error status code 400 is returned if the flow extension does not support document update. The API is also rejected if the event is not in the proper state. The event must have been acknowledged via the Acknowledge API call prior to invoking this API. This API may not be invoked a second time for the same event; if multiple attachments are to be added, they must be included in the same invocation. Successful invocation returns an HTTP status code 200, and uploads the comment and attachments, which will be applied to the document when the extension flow is completed via a call to Resume or Halt (described below).</description>
                  <input>
                     <parameter description="The base 64 encrypted auth header string. eg 'Authorization:Basic #$%@&amp;*DSJJJJ' "
                                label="Authorization"
                                name="Authorization"
                                nogen="true"
                                required="true"
                                testWith=""
                                type="string"/>
                     <parameter description="The flow extension id of the provider"
                                label="flowExtensionIdPathParam"
                                name="flowExtensionIdPathParam"
                                nogen="true"
                                required="true"
                                testWith=""
                                type="string"/>
                     <parameter description="The external event id"
                                label="eventIdPathParam"
                                name="eventIdPathParam"
                                nogen="true"
                                required="true"
                                testWith=""
                                type="string"/>
                     <parameter description="Comments with regard to the document which has been intercepted"
                                label="comment"
                                name="comment"
                                required="false"
                                testWith=""
                                type="string"/>
                     <parameter description="file(s) which have been attached"
                                label="file"
                                name="file"
                                required="false"
                                testWith=""
                                type="string"/>
                  </input>
                  <binding>
                     <restSimpleBinding multiUsing="semicolonSeparated"
                                        url="https://{$hostName}/ariba/api/flowextension/v1/sandbox/flowextensions/{$flowExtensionIdPathParam}/events/{$eventIdPathParam}"
                                        verb="POST">
                        <httpHeaders>
                           <header name="Content-Type">multipart/mixed</header>
                           <header name="Accept">application/json</header>
                           <header name="Authorization">{$Authorization}</header>
                        </httpHeaders>
                        <body generateUsing="UnwrappedJSON" preserveJsonStringFormatting="false"/>
                     </restSimpleBinding>
                  </binding>
                  <output>
                     <field description="OK"
                            entireResponse="true"
                            name="ResponseEntity"
                            type="reference">
                        <options>
                           <option name="referenceTo">ResponseEntity</option>
                        </options>
                     </field>
                  </output>
               </action>
               <action category="event-controller"
                       failOnError="true"
                       forSearch="false"
                       label="getNextEvents"
                       maxRedirects="100"
                       name="getNextEvents"
                       preemptiveAuth="true"
                       responseEncoding="">
                  <description>API provides the capability to retrieve the n most recent events from Extension Queue. A flow extension Event will be generated when a document being delivered to Buyer/Supplier satisfies the criteria of Flow Extension subscription and criteria for interception to be processed by a Third Party. When the event is generated, it will be added to the flow extension event queue. The Retrieve API (also referred to as the “Get Next Events” API call) retrieves the next available event(s) from the queue.</description>
                  <input>
                     <parameter description="The base 64 encrypted auth header string. eg 'Authorization:Basic #$%@&amp;*DSJJJJ' "
                                label="Authorization"
                                name="Authorization"
                                nogen="true"
                                required="true"
                                testWith=""
                                type="string"/>
                     <parameter description="The flow extension id of the provider"
                                label="flowExtensionIdPathParam"
                                name="flowExtensionIdPathParam"
                                nogen="true"
                                required="true"
                                testWith=""
                                type="string"/>
                     <parameter description="max number of flow extensions which can be returned in that call. If not specified, count = 1"
                                label="count"
                                name="count"
                                required="false"
                                testWith=""
                                type="int"/>
                  </input>
                  <binding>
                     <restSimpleBinding multiUsing="semicolonSeparated"
                                        url="https://{$hostName}/ariba/api/flowextension/v1/sandbox/flowextensions/{$flowExtensionIdPathParam}/events"
                                        verb="GET">
                        <httpHeaders>
                           <header name="Content-Type">application/json</header>
                           <header name="Accept">application/json</header>
                           <header name="Authorization">{$Authorization}</header>
                        </httpHeaders>
                     </restSimpleBinding>
                  </binding>
                  <output>
                     <field description="Success"
                            entireResponse="true"
                            name="EventsModel"
                            type="reference">
                        <options>
                           <option name="referenceTo">EventsModel</option>
                        </options>
                     </field>
                  </output>
               </action>
               <action category="event-controller"
                       failOnError="true"
                       forSearch="false"
                       label="halt"
                       maxRedirects="100"
                       name="halt"
                       preemptiveAuth="true"
                       responseEncoding="">
                  <description>This API completes the flow extension and rejects the document by returning it to the sender in 'FAILED' status. The flow extension must be configured to support this API.An error status code 400 is returned if the flow extension does not support Halt or if the event is in the wrong state. Successful invocation returns an HTTP status code 200, asynchronously causes any uploaded comments and attachments to be applied to the document, sets the document status to FAILED, and re-queues the document to allow it to be propagated back to the sender. Successful invocation of Halt completes the flow extension processing for the event.</description>
                  <input>
                     <parameter description="The base 64 encrypted auth header string. eg 'Authorization:Basic #$%@&amp;*DSJJJJ' "
                                label="Authorization"
                                name="Authorization"
                                nogen="true"
                                required="true"
                                testWith=""
                                type="string"/>
                     <parameter description="The flow extension id of the provider"
                                label="flowExtensionIdPathParam"
                                name="flowExtensionIdPathParam"
                                nogen="true"
                                required="true"
                                testWith=""
                                type="string"/>
                     <parameter description="The external id corresponding to the event"
                                label="eventIdPathParam"
                                name="eventIdPathParam"
                                nogen="true"
                                required="true"
                                testWith=""
                                type="string"/>
                     <parameter description="The message body. e.g. Comments as why the document was halted"
                                label="message"
                                name="message"
                                required="false"
                                testWith=""
                                type="string"/>
                  </input>
                  <binding>
                     <restSimpleBinding multiUsing="semicolonSeparated"
                                        url="https://{$hostName}/ariba/api/flowextension/v1/sandbox/action/flowextensions/{$flowExtensionIdPathParam}/events/{$eventIdPathParam}/halt"
                                        verb="POST">
                        <httpHeaders>
                           <header name="Content-Type">application/json</header>
                           <header name="Accept">application/json</header>
                           <header name="Authorization">{$Authorization}</header>
                        </httpHeaders>
                        <body generateUsing="UnwrappedJSON" preserveJsonStringFormatting="false"/>
                     </restSimpleBinding>
                  </binding>
                  <output>
                     <field description="Success"
                            entireResponse="true"
                            name="entireResponse"
                            type="string"/>
                  </output>
               </action>
            </actions>
            <objects>
               <processObject xmlns="http://schemas.active-endpoints.com/appmodules/screenflow/2011/06/avosHostEnvironment.xsd"
                              isByCopy="true"
                              name="AckResponseEvents">
                  <description/>
                  <detail>
                     <field name="events" type="objectlist">
                        <options>
                           <option name="referenceTo">string</option>
                           <option name="relationshipName">Child</option>
                        </options>
                     </field>
                  </detail>
               </processObject>
               <processObject xmlns="http://schemas.active-endpoints.com/appmodules/screenflow/2011/06/avosHostEnvironment.xsd"
                              isByCopy="true"
                              name="InputStream">
                  <description/>
                  <detail/>
               </processObject>
               <processObject xmlns="http://schemas.active-endpoints.com/appmodules/screenflow/2011/06/avosHostEnvironment.xsd"
                              isByCopy="true"
                              name="ModelAndView">
                  <description/>
                  <detail>
                     <field name="reference" type="boolean"/>
                     <field name="view" type="reference">
                        <options>
                           <option name="referenceTo">View</option>
                           <option name="relationshipName">Child</option>
                        </options>
                     </field>
                     <field name="viewName" type="string"/>
                     <field name="modelMap" type="object"/>
                     <field name="model" type="object"/>
                     <field name="empty" type="boolean"/>
                  </detail>
               </processObject>
               <processObject xmlns="http://schemas.active-endpoints.com/appmodules/screenflow/2011/06/avosHostEnvironment.xsd"
                              isByCopy="true"
                              name="AckResponseFailedEvents">
                  <description/>
                  <detail>
                     <field name="errors" type="objectlist">
                        <options>
                           <option name="referenceTo">AckResponseFailedEvent</option>
                           <option name="relationshipName">Child</option>
                        </options>
                     </field>
                  </detail>
               </processObject>
               <processObject xmlns="http://schemas.active-endpoints.com/appmodules/screenflow/2011/06/avosHostEnvironment.xsd"
                              isByCopy="true"
                              name="View">
                  <description/>
                  <detail>
                     <field name="contentType" type="string"/>
                  </detail>
               </processObject>
               <processObject xmlns="http://schemas.active-endpoints.com/appmodules/screenflow/2011/06/avosHostEnvironment.xsd"
                              isByCopy="true"
                              name="URI">
                  <description/>
                  <detail>
                     <field name="rawFragment" type="string"/>
                     <field name="userInfo" type="string"/>
                     <field name="opaque" type="boolean"/>
                     <field name="scheme" type="string"/>
                     <field name="query" type="string"/>
                     <field name="schemeSpecificPart" type="string"/>
                     <field name="rawUserInfo" type="string"/>
                     <field name="path" type="string"/>
                     <field name="fragment" type="string"/>
                     <field name="rawPath" type="string"/>
                     <field name="port" type="int"/>
                     <field name="rawSchemeSpecificPart" type="string"/>
                     <field name="absolute" type="boolean"/>
                     <field name="rawAuthority" type="string"/>
                     <field name="authority" type="string"/>
                     <field name="host" type="string"/>
                     <field name="rawQuery" type="string"/>
                  </detail>
               </processObject>
               <processObject xmlns="http://schemas.active-endpoints.com/appmodules/screenflow/2011/06/avosHostEnvironment.xsd"
                              isByCopy="true"
                              name="URL">
                  <description/>
                  <detail>
                     <field name="defaultPort" type="int"/>
                     <field name="userInfo" type="string"/>
                     <field name="path" type="string"/>
                     <field name="protocol" type="string"/>
                     <field name="ref" type="string"/>
                     <field name="file" type="string"/>
                     <field name="port" type="int"/>
                     <field name="query" type="string"/>
                     <field name="authority" type="string"/>
                     <field name="host" type="string"/>
                     <field name="content" type="object"/>
                  </detail>
               </processObject>
               <processObject xmlns="http://schemas.active-endpoints.com/appmodules/screenflow/2011/06/avosHostEnvironment.xsd"
                              isByCopy="true"
                              name="EventsModel">
                  <description/>
                  <detail>
                     <field name="flowExtensionId" type="string"/>
                     <field name="events" type="objectlist">
                        <options>
                           <option name="referenceTo">ANFlowExtensionEventModel</option>
                           <option name="relationshipName">Child</option>
                        </options>
                     </field>
                  </detail>
               </processObject>
               <processObject xmlns="http://schemas.active-endpoints.com/appmodules/screenflow/2011/06/avosHostEnvironment.xsd"
                              isByCopy="true"
                              name="ResponseEntity">
                  <description/>
                  <detail>
                     <field name="body" type="object"/>
                     <field name="statusCode" type="picklist">
                        <options>
                           <option name="values">[{"value":"100","label":"100"},{"value":"101","label":"101"},{"value":"102","label":"102"},{"value":"103","label":"103"},{"value":"200","label":"200"},{"value":"201","label":"201"},{"value":"202","label":"202"},{"value":"203","label":"203"},{"value":"204","label":"204"},{"value":"205","label":"205"},{"value":"206","label":"206"},{"value":"207","label":"207"},{"value":"208","label":"208"},{"value":"226","label":"226"},{"value":"300","label":"300"},{"value":"301","label":"301"},{"value":"302","label":"302"},{"value":"303","label":"303"},{"value":"304","label":"304"},{"value":"305","label":"305"},{"value":"307","label":"307"},{"value":"308","label":"308"},{"value":"400","label":"400"},{"value":"401","label":"401"},{"value":"402","label":"402"},{"value":"403","label":"403"},{"value":"404","label":"404"},{"value":"405","label":"405"},{"value":"406","label":"406"},{"value":"407","label":"407"},{"value":"408","label":"408"},{"value":"409","label":"409"},{"value":"410","label":"410"},{"value":"411","label":"411"},{"value":"412","label":"412"},{"value":"413","label":"413"},{"value":"414","label":"414"},{"value":"415","label":"415"},{"value":"416","label":"416"},{"value":"417","label":"417"},{"value":"418","label":"418"},{"value":"419","label":"419"},{"value":"420","label":"420"},{"value":"421","label":"421"},{"value":"422","label":"422"},{"value":"423","label":"423"},{"value":"424","label":"424"},{"value":"426","label":"426"},{"value":"428","label":"428"},{"value":"429","label":"429"},{"value":"431","label":"431"},{"value":"500","label":"500"},{"value":"501","label":"501"},{"value":"502","label":"502"},{"value":"503","label":"503"},{"value":"504","label":"504"},{"value":"505","label":"505"},{"value":"506","label":"506"},{"value":"507","label":"507"},{"value":"508","label":"508"},{"value":"509","label":"509"},{"value":"510","label":"510"},{"value":"511","label":"511"}]</option>
                        </options>
                     </field>
                  </detail>
               </processObject>
               <processObject xmlns="http://schemas.active-endpoints.com/appmodules/screenflow/2011/06/avosHostEnvironment.xsd"
                              isByCopy="true"
                              name="ANFlowExtensionEventModel">
                  <description/>
                  <detail>
                     <field name="eventId" type="double"/>
                     <field name="created" type="string"/>
                     <field name="status" type="string"/>
                  </detail>
               </processObject>
               <processObject xmlns="http://schemas.active-endpoints.com/appmodules/screenflow/2011/06/avosHostEnvironment.xsd"
                              isByCopy="true"
                              name="File">
                  <description/>
                  <detail>
                     <field name="parent" type="string"/>
                     <field name="path" type="string"/>
                     <field name="file" type="boolean"/>
                     <field name="hidden" type="boolean"/>
                     <field name="freeSpace" type="int"/>
                     <field name="absolute" type="boolean"/>
                     <field name="canonicalPath" type="string"/>
                     <field name="name" type="string"/>
                     <field name="absolutePath" type="string"/>
                     <field name="totalSpace" type="int"/>
                     <field name="usableSpace" type="int"/>
                     <field name="directory" type="boolean"/>
                  </detail>
               </processObject>
               <processObject xmlns="http://schemas.active-endpoints.com/appmodules/screenflow/2011/06/avosHostEnvironment.xsd"
                              isByCopy="true"
                              name="AckResponseFailedEvent">
                  <description/>
                  <detail>
                     <field name="message" type="string"/>
                     <field name="event" type="string"/>
                  </detail>
               </processObject>
               <processObject xmlns="http://schemas.active-endpoints.com/appmodules/screenflow/2011/06/avosHostEnvironment.xsd"
                              isByCopy="true"
                              name="AckResponseData">
                  <description/>
                  <detail>
                     <field name="acknowledged" type="reference">
                        <options>
                           <option name="referenceTo">AckResponseEvents</option>
                           <option name="relationshipName">Child</option>
                        </options>
                     </field>
                     <field name="failed" type="reference">
                        <options>
                           <option name="referenceTo">AckResponseFailedEvents</option>
                           <option name="relationshipName">Child</option>
                        </options>
                     </field>
                  </detail>
               </processObject>
               <processObject xmlns="http://schemas.active-endpoints.com/appmodules/screenflow/2011/06/avosHostEnvironment.xsd"
                              isByCopy="true"
                              name="InputStreamResource">
                  <description/>
                  <detail>
                     <field name="readable" type="boolean"/>
                     <field name="file" type="reference">
                        <options>
                           <option name="referenceTo">File</option>
                           <option name="relationshipName">Child</option>
                        </options>
                     </field>
                     <field name="filename" type="string"/>
                     <field name="description" type="string"/>
                     <field name="inputStream" type="reference">
                        <options>
                           <option name="referenceTo">InputStream</option>
                           <option name="relationshipName">Child</option>
                        </options>
                     </field>
                     <field name="uri" type="reference">
                        <options>
                           <option name="referenceTo">URI</option>
                           <option name="relationshipName">Child</option>
                        </options>
                     </field>
                     <field name="url" type="reference">
                        <options>
                           <option name="referenceTo">URL</option>
                           <option name="relationshipName">Child</option>
                        </options>
                     </field>
                     <field name="open" type="boolean"/>
                  </detail>
               </processObject>
               <processObject xmlns="http://schemas.active-endpoints.com/appmodules/screenflow/2011/06/avosHostEnvironment.xsd"
                              isByCopy="true"
                              name="string">
                  <description/>
                  <detail>
                     <field name="string" type="string"/>
                  </detail>
               </processObject>
               <processObject xmlns="http://schemas.active-endpoints.com/appmodules/screenflow/2011/06/avosHostEnvironment.xsd"
                              isByCopy="true"
                              name="boolean">
                  <description/>
                  <detail>
                     <field name="boolean" type="boolean"/>
                  </detail>
               </processObject>
               <processObject xmlns="http://schemas.active-endpoints.com/appmodules/screenflow/2011/06/avosHostEnvironment.xsd"
                              isByCopy="true"
                              name="double">
                  <description/>
                  <detail>
                     <field name="double" type="double"/>
                  </detail>
               </processObject>
               <processObject xmlns="http://schemas.active-endpoints.com/appmodules/screenflow/2011/06/avosHostEnvironment.xsd"
                              isByCopy="true"
                              name="integer">
                  <description/>
                  <detail>
                     <field name="integer" type="int"/>
                  </detail>
               </processObject>
            </objects>
         </businessConnector>
      </types1:Entry>
      <types1:GUID>8ISXrS8yQ1Kkz4n6UWBB4O</types1:GUID>
      <types1:DisplayName>SAP Ariba Flow Extension REST API v1</types1:DisplayName>
   </types1:Item>
   <types1:CurrentServerDateTime>2019-12-22T10:14:47.686Z</types1:CurrentServerDateTime>
</aetgt:getResponse>
