<aetgt:getResponse xmlns:aetgt="http://schemas.active-endpoints.com/appmodules/repository/2010/10/avrepository.xsd"
                   xmlns:types1="http://schemas.active-endpoints.com/appmodules/repository/2010/10/avrepository.xsd">
   <types1:Item>
      <types1:EntryId>QbdqVIKchzt1Y6t-gt-3244832-2019-01-24T00:42:23.678Z::svc.xml</types1:EntryId>
      <types1:Name>Concur_Itemizations_API_v3</types1:Name>
      <types1:MimeType>application/xml+businesssconnector</types1:MimeType>
      <types1:Description>Expense Entry Itemizations are children of an expense entry that subdivide the expense. A common use case for itemizations is on a hotel bill, which can have separate itemizations for room rate, room tax, and services such as laundry or minibar.</types1:Description>
      <types1:AppliesTo/>
      <types1:Tags/>
      <types1:VersionLabel>1.0</types1:VersionLabel>
      <types1:State>CURRENT</types1:State>
      <types1:ProcessGroup/>
      <types1:CreatedBy>sorabh@na1.dm-us.org</types1:CreatedBy>
      <types1:CreationDate>2019-01-24T00:42:24Z</types1:CreationDate>
      <types1:ModifiedBy/>
      <types1:PublicationStatus>published</types1:PublicationStatus>
      <types1:PublishedBy>sorabh@na1.dm-us.org</types1:PublishedBy>
      <types1:PublicationDate>2019-01-24T00:42:45Z</types1:PublicationDate>
      <types1:PublishedContributionId>project:/rt.connector/Concur_Itemizations_API_v3/Concur_Itemizations_API_v3_svcDef.xml</types1:PublishedContributionId>
      <types1:AutosaveExists>false</types1:AutosaveExists>
      <types1:Entry>
         <businessConnector xmlns="http://schemas.informatica.com/socrates/data-services/2014/05/business-connector-model.xsd"
                            agentOnly="false"
                            debug="false"
                            displayName="Concur Itemizations API v3"
                            label=""
                            name="Concur_Itemizations_API_v3"
                            uuid="16a1f2ca-270c-41fe-ad57-da673932f235">
            <description>Expense Entry Itemizations are children of an expense entry that subdivide the expense. A common use case for itemizations is on a hotel bill, which can have separate itemizations for room rate, room tax, and services such as laundry or minibar.</description>
            <tags/>
            <connectionAttributes xmlns="http://schemas.informatica.com/appmodules/screenflow/2014/04/avosConnectors.xsd">
               <connectionAttribute description="Host Name"
                                    masked="false"
                                    name="hostName"
                                    required="true"
                                    testWith="www.concursolutions.com"
                                    type="string"/>
            </connectionAttributes>
            <actions>
               <action category="Resources"
                       failOnError="true"
                       forSearch="false"
                       label="POST_expense_itemizations"
                       maxRedirects="100"
                       name="POST_expense_itemizations"
                       preemptiveAuth="true"
                       responseEncoding="">
                  <description>Create a new expense itemization. Creates a new expense itemization.</description>
                  <input>
                     <parameter description="The expense itemization object to create."
                                label="content"
                                name="content"
                                required="true"
                                testWith=""
                                type="reference">
                        <options>
                           <option name="referenceTo">ItemizationPost</option>
                        </options>
                     </parameter>
                     <parameter description="The login ID of the user who owns the itemizations. The user must have the Web Services Admin role to use this parameter."
                                label="user"
                                name="user"
                                required="false"
                                testWith=""
                                type="string"/>
                  </input>
                  <binding>
                     <restSimpleBinding multiUsing="semicolonSeparated"
                                        url="https://{$hostName}/api/v3.0/expense/itemizations"
                                        verb="POST">
                        <httpHeaders>
                           <header name="Content-Type">application/json</header>
                           <header name="Accept">application/json</header>
                        </httpHeaders>
                        <body generateUsing="UnwrappedJSON" preserveJsonStringFormatting="false"/>
                     </restSimpleBinding>
                  </binding>
                  <output>
                     <field description="Success"
                            entireResponse="true"
                            name="CreateResponse"
                            type="reference">
                        <options>
                           <option name="referenceTo">CreateResponse</option>
                        </options>
                     </field>
                  </output>
               </action>
               <action category="Resources"
                       failOnError="true"
                       forSearch="false"
                       label="GET_expense_itemizations"
                       maxRedirects="100"
                       name="GET_expense_itemizations"
                       preemptiveAuth="true"
                       responseEncoding="">
                  <description>Get all expense itemizations. Gets all expense itemizations owned by the user.</description>
                  <input>
                     <parameter description="The report ID of the itemizations to be retrieved.  Format: An alpha-numeric string"
                                label="reportID"
                                name="reportID"
                                required="false"
                                testWith=""
                                type="string"/>
                     <parameter description="The entry ID for the itemizations to be retrieved."
                                label="entryID"
                                name="entryID"
                                required="false"
                                testWith=""
                                type="string"/>
                     <parameter description="The expense type code for the itemizations to be retrieved."
                                label="expenseTypeCode"
                                name="expenseTypeCode"
                                required="false"
                                testWith=""
                                type="string"/>
                     <parameter description="The starting point of the next set of results, after the limit specified in the limit field has been reached."
                                label="offset"
                                name="offset"
                                required="false"
                                testWith=""
                                type="string"/>
                     <parameter description="The number of records to return. Default value: 25"
                                label="limit"
                                name="limit"
                                required="false"
                                testWith=""
                                type="int"/>
                     <parameter description="The login ID of the user who owns the itemizations. The user must have the Web Services Admin role to use this parameter."
                                label="user"
                                name="user"
                                required="false"
                                testWith=""
                                type="string"/>
                  </input>
                  <binding>
                     <restSimpleBinding multiUsing="semicolonSeparated"
                                        url="https://{$hostName}/api/v3.0/expense/itemizations"
                                        verb="GET">
                        <httpHeaders>
                           <header name="Content-Type">application/json</header>
                           <header name="Accept">application/json</header>
                        </httpHeaders>
                     </restSimpleBinding>
                  </binding>
                  <output>
                     <field description="Success"
                            entireResponse="true"
                            name="ItemizationCollection"
                            type="reference">
                        <options>
                           <option name="referenceTo">ItemizationCollection</option>
                        </options>
                     </field>
                  </output>
               </action>
               <action category="Resources"
                       failOnError="true"
                       forSearch="false"
                       label="GET_expense_itemizations_id_"
                       maxRedirects="100"
                       name="GET_expense_itemizations_id_"
                       preemptiveAuth="true"
                       responseEncoding="">
                  <description>Get a single expense itemization by ID. Gets an expense itemization by ID.</description>
                  <input>
                     <parameter description="The ID of the expense itemization."
                                label="idPathParam"
                                name="idPathParam"
                                nogen="true"
                                required="true"
                                testWith=""
                                type="string"/>
                     <parameter description="The login ID of the user who owns the itemizations. The user must have the Web Services Admin role to use this parameter."
                                label="user"
                                name="user"
                                required="false"
                                testWith=""
                                type="string"/>
                  </input>
                  <binding>
                     <restSimpleBinding multiUsing="semicolonSeparated"
                                        url="https://{$hostName}/api/v3.0/expense/itemizations/{$idPathParam}"
                                        verb="GET">
                        <httpHeaders>
                           <header name="Content-Type">application/json</header>
                           <header name="Accept">application/json</header>
                        </httpHeaders>
                     </restSimpleBinding>
                  </binding>
                  <output>
                     <field description="Success"
                            entireResponse="true"
                            name="ItemizationGet"
                            type="reference">
                        <options>
                           <option name="referenceTo">ItemizationGet</option>
                        </options>
                     </field>
                  </output>
               </action>
               <action category="Resources"
                       failOnError="true"
                       forSearch="false"
                       label="DELETE_expense_itemizations_id_"
                       maxRedirects="100"
                       name="DELETE_expense_itemizations_id_"
                       preemptiveAuth="true"
                       responseEncoding="">
                  <description>Delete an expense itemization by ID. Deletes the specified expense itemization.</description>
                  <input>
                     <parameter description="The ID of the expense itemization to delete."
                                label="idPathParam"
                                name="idPathParam"
                                nogen="true"
                                required="true"
                                testWith=""
                                type="string"/>
                     <parameter description="The login ID of the user who owns the itemizations. The user must have the Web Services Admin role to use this parameter."
                                label="user"
                                name="user"
                                required="false"
                                testWith=""
                                type="string"/>
                  </input>
                  <binding>
                     <restSimpleBinding multiUsing="semicolonSeparated"
                                        url="https://{$hostName}/api/v3.0/expense/itemizations/{$idPathParam}"
                                        verb="DELETE">
                        <httpHeaders>
                           <header name="Content-Type">application/json</header>
                           <header name="Accept">application/json</header>
                        </httpHeaders>
                     </restSimpleBinding>
                  </binding>
                  <output>
                     <field description="Success"
                            entireResponse="true"
                            name="Void"
                            type="reference">
                        <options>
                           <option name="referenceTo">Void</option>
                        </options>
                     </field>
                  </output>
               </action>
               <action category="Resources"
                       failOnError="true"
                       forSearch="false"
                       label="PUT_expense_itemizations_id_"
                       maxRedirects="100"
                       name="PUT_expense_itemizations_id_"
                       preemptiveAuth="true"
                       responseEncoding="">
                  <description>Update an expense itemization by ID. Updates the specified expense itemization. Only the fields provided in the supplied object are updated. Missing fields will not be altered.</description>
                  <input>
                     <parameter description="The ID of the expense itemization."
                                label="idPathParam"
                                name="idPathParam"
                                nogen="true"
                                required="true"
                                testWith=""
                                type="string"/>
                     <parameter description="The partial or complete expense itemization object to update."
                                label="content"
                                name="content"
                                required="true"
                                testWith=""
                                type="reference">
                        <options>
                           <option name="referenceTo">ItemizationPut</option>
                        </options>
                     </parameter>
                     <parameter description="The login ID of the user who owns the itemizations. The user must have the Web Services Admin role to use this parameter."
                                label="user"
                                name="user"
                                required="false"
                                testWith=""
                                type="string"/>
                  </input>
                  <binding>
                     <restSimpleBinding multiUsing="semicolonSeparated"
                                        url="https://{$hostName}/api/v3.0/expense/itemizations/{$idPathParam}"
                                        verb="PUT">
                        <httpHeaders>
                           <header name="Content-Type">application/json</header>
                           <header name="Accept">application/json</header>
                        </httpHeaders>
                        <body generateUsing="UnwrappedJSON" preserveJsonStringFormatting="false"/>
                     </restSimpleBinding>
                  </binding>
                  <output>
                     <field description="Success"
                            entireResponse="true"
                            name="Void"
                            type="reference">
                        <options>
                           <option name="referenceTo">Void</option>
                        </options>
                     </field>
                  </output>
               </action>
            </actions>
            <objects>
               <processObject xmlns="http://schemas.active-endpoints.com/appmodules/screenflow/2011/06/avosHostEnvironment.xsd"
                              isByCopy="true"
                              name="ItemizationCollection">
                  <description/>
                  <detail>
                     <field name="Items" type="reference">
                        <options>
                           <option name="referenceTo">ItemizationGet</option>
                           <option name="relationshipName">Child</option>
                        </options>
                     </field>
                     <field name="NextPage" type="string"/>
                  </detail>
               </processObject>
               <processObject xmlns="http://schemas.active-endpoints.com/appmodules/screenflow/2011/06/avosHostEnvironment.xsd"
                              isByCopy="true"
                              name="ItemizationPost">
                  <description/>
                  <detail>
                     <field name="Custom19" type="string"/>
                     <field name="Custom18" type="string"/>
                     <field name="Custom13" type="string"/>
                     <field name="Custom12" type="string"/>
                     <field name="Custom11" type="string"/>
                     <field name="Custom10" type="string"/>
                     <field name="Custom17" type="string"/>
                     <field name="Custom16" type="string"/>
                     <field name="Custom15" type="string"/>
                     <field name="Custom14" type="string"/>
                     <field name="Custom4" type="string"/>
                     <field name="Custom3" type="string"/>
                     <field name="Custom2" type="string"/>
                     <field name="Custom1" type="string"/>
                     <field name="Custom8" type="string"/>
                     <field name="Custom7" type="string"/>
                     <field name="Custom40" type="string"/>
                     <field name="Custom6" type="string"/>
                     <field name="EntryID" type="string"/>
                     <field name="Custom5" type="string"/>
                     <field name="Custom9" type="string"/>
                     <field name="Description" type="string"/>
                     <field name="Custom35" type="string"/>
                     <field name="Custom34" type="string"/>
                     <field name="Custom33" type="string"/>
                     <field name="Custom32" type="string"/>
                     <field name="Custom39" type="string"/>
                     <field name="Custom38" type="string"/>
                     <field name="Custom37" type="string"/>
                     <field name="Custom36" type="string"/>
                     <field name="Custom31" type="string"/>
                     <field name="Custom30" type="string"/>
                     <field name="ExpenseTypeCode" type="string"/>
                     <field name="IsPersonal" type="boolean"/>
                     <field name="IsBillable" type="boolean"/>
                     <field name="TransactionDate" type="datetime"/>
                     <field name="Comment" type="string"/>
                     <field name="Custom29" type="string"/>
                     <field name="Custom24" type="string"/>
                     <field name="Custom23" type="string"/>
                     <field name="OrgUnit6" type="string"/>
                     <field name="Custom22" type="string"/>
                     <field name="OrgUnit5" type="string"/>
                     <field name="Custom21" type="string"/>
                     <field name="OrgUnit4" type="string"/>
                     <field name="Custom28" type="string"/>
                     <field name="OrgUnit3" type="string"/>
                     <field name="Custom27" type="string"/>
                     <field name="OrgUnit2" type="string"/>
                     <field name="Custom26" type="string"/>
                     <field name="OrgUnit1" type="string"/>
                     <field name="Custom25" type="string"/>
                     <field name="TransactionAmount" type="double"/>
                     <field name="Custom20" type="string"/>
                  </detail>
               </processObject>
               <processObject xmlns="http://schemas.active-endpoints.com/appmodules/screenflow/2011/06/avosHostEnvironment.xsd"
                              isByCopy="true"
                              name="Decimal">
                  <description/>
                  <detail/>
               </processObject>
               <processObject xmlns="http://schemas.active-endpoints.com/appmodules/screenflow/2011/06/avosHostEnvironment.xsd"
                              isByCopy="true"
                              name="ItemizationGet">
                  <description/>
                  <detail>
                     <field name="Custom19" type="reference">
                        <options>
                           <option name="referenceTo">CustomField</option>
                           <option name="relationshipName">Child</option>
                        </options>
                     </field>
                     <field name="Custom18" type="reference">
                        <options>
                           <option name="referenceTo">CustomField</option>
                           <option name="relationshipName">Child</option>
                        </options>
                     </field>
                     <field name="PostedAmount" type="double"/>
                     <field name="Custom13" type="reference">
                        <options>
                           <option name="referenceTo">CustomField</option>
                           <option name="relationshipName">Child</option>
                        </options>
                     </field>
                     <field name="LocationID" type="string"/>
                     <field name="Custom12" type="reference">
                        <options>
                           <option name="referenceTo">CustomField</option>
                           <option name="relationshipName">Child</option>
                        </options>
                     </field>
                     <field name="ReportID" type="string"/>
                     <field name="Custom11" type="reference">
                        <options>
                           <option name="referenceTo">CustomField</option>
                           <option name="relationshipName">Child</option>
                        </options>
                     </field>
                     <field name="Custom10" type="reference">
                        <options>
                           <option name="referenceTo">CustomField</option>
                           <option name="relationshipName">Child</option>
                        </options>
                     </field>
                     <field name="Custom17" type="reference">
                        <options>
                           <option name="referenceTo">CustomField</option>
                           <option name="relationshipName">Child</option>
                        </options>
                     </field>
                     <field name="Custom16" type="reference">
                        <options>
                           <option name="referenceTo">CustomField</option>
                           <option name="relationshipName">Child</option>
                        </options>
                     </field>
                     <field name="Custom15" type="reference">
                        <options>
                           <option name="referenceTo">CustomField</option>
                           <option name="relationshipName">Child</option>
                        </options>
                     </field>
                     <field name="Custom14" type="reference">
                        <options>
                           <option name="referenceTo">CustomField</option>
                           <option name="relationshipName">Child</option>
                        </options>
                     </field>
                     <field name="LastModified" type="datetime"/>
                     <field name="ID" type="string"/>
                     <field name="IsImageRequired" type="boolean"/>
                     <field name="LocationSubdivision" type="string"/>
                     <field name="SpendCategoryName" type="string"/>
                     <field name="Custom4" type="reference">
                        <options>
                           <option name="referenceTo">CustomField</option>
                           <option name="relationshipName">Child</option>
                        </options>
                     </field>
                     <field name="Custom3" type="reference">
                        <options>
                           <option name="referenceTo">CustomField</option>
                           <option name="relationshipName">Child</option>
                        </options>
                     </field>
                     <field name="Custom2" type="reference">
                        <options>
                           <option name="referenceTo">CustomField</option>
                           <option name="relationshipName">Child</option>
                        </options>
                     </field>
                     <field name="Custom1" type="reference">
                        <options>
                           <option name="referenceTo">CustomField</option>
                           <option name="relationshipName">Child</option>
                        </options>
                     </field>
                     <field name="Custom8" type="reference">
                        <options>
                           <option name="referenceTo">CustomField</option>
                           <option name="relationshipName">Child</option>
                        </options>
                     </field>
                     <field name="Custom7" type="reference">
                        <options>
                           <option name="referenceTo">CustomField</option>
                           <option name="relationshipName">Child</option>
                        </options>
                     </field>
                     <field name="Custom40" type="reference">
                        <options>
                           <option name="referenceTo">CustomField</option>
                           <option name="relationshipName">Child</option>
                        </options>
                     </field>
                     <field name="Custom6" type="reference">
                        <options>
                           <option name="referenceTo">CustomField</option>
                           <option name="relationshipName">Child</option>
                        </options>
                     </field>
                     <field name="EntryID" type="string"/>
                     <field name="Custom5" type="reference">
                        <options>
                           <option name="referenceTo">CustomField</option>
                           <option name="relationshipName">Child</option>
                        </options>
                     </field>
                     <field name="Custom9" type="reference">
                        <options>
                           <option name="referenceTo">CustomField</option>
                           <option name="relationshipName">Child</option>
                        </options>
                     </field>
                     <field name="Description" type="string"/>
                     <field name="AllocationType" type="string"/>
                     <field name="LocationCountry" type="string"/>
                     <field name="Custom35" type="reference">
                        <options>
                           <option name="referenceTo">CustomField</option>
                           <option name="relationshipName">Child</option>
                        </options>
                     </field>
                     <field name="Custom34" type="reference">
                        <options>
                           <option name="referenceTo">CustomField</option>
                           <option name="relationshipName">Child</option>
                        </options>
                     </field>
                     <field name="Custom33" type="reference">
                        <options>
                           <option name="referenceTo">CustomField</option>
                           <option name="relationshipName">Child</option>
                        </options>
                     </field>
                     <field name="Custom32" type="reference">
                        <options>
                           <option name="referenceTo">CustomField</option>
                           <option name="relationshipName">Child</option>
                        </options>
                     </field>
                     <field name="ReportOwnerID" type="string"/>
                     <field name="Custom39" type="reference">
                        <options>
                           <option name="referenceTo">CustomField</option>
                           <option name="relationshipName">Child</option>
                        </options>
                     </field>
                     <field name="Custom38" type="reference">
                        <options>
                           <option name="referenceTo">CustomField</option>
                           <option name="relationshipName">Child</option>
                        </options>
                     </field>
                     <field name="URI" type="string"/>
                     <field name="Custom37" type="reference">
                        <options>
                           <option name="referenceTo">CustomField</option>
                           <option name="relationshipName">Child</option>
                        </options>
                     </field>
                     <field name="Custom36" type="reference">
                        <options>
                           <option name="referenceTo">CustomField</option>
                           <option name="relationshipName">Child</option>
                        </options>
                     </field>
                     <field name="LocationName" type="string"/>
                     <field name="Custom31" type="reference">
                        <options>
                           <option name="referenceTo">CustomField</option>
                           <option name="relationshipName">Child</option>
                        </options>
                     </field>
                     <field name="Custom30" type="reference">
                        <options>
                           <option name="referenceTo">CustomField</option>
                           <option name="relationshipName">Child</option>
                        </options>
                     </field>
                     <field name="ExpenseTypeCode" type="string"/>
                     <field name="HasComments" type="boolean"/>
                     <field name="IsPersonal" type="boolean"/>
                     <field name="IsBillable" type="boolean"/>
                     <field name="TransactionDate" type="datetime"/>
                     <field name="Custom29" type="reference">
                        <options>
                           <option name="referenceTo">CustomField</option>
                           <option name="relationshipName">Child</option>
                        </options>
                     </field>
                     <field name="Custom24" type="reference">
                        <options>
                           <option name="referenceTo">CustomField</option>
                           <option name="relationshipName">Child</option>
                        </options>
                     </field>
                     <field name="Custom23" type="reference">
                        <options>
                           <option name="referenceTo">CustomField</option>
                           <option name="relationshipName">Child</option>
                        </options>
                     </field>
                     <field name="OrgUnit6" type="reference">
                        <options>
                           <option name="referenceTo">CustomField</option>
                           <option name="relationshipName">Child</option>
                        </options>
                     </field>
                     <field name="Custom22" type="reference">
                        <options>
                           <option name="referenceTo">CustomField</option>
                           <option name="relationshipName">Child</option>
                        </options>
                     </field>
                     <field name="OrgUnit5" type="reference">
                        <options>
                           <option name="referenceTo">CustomField</option>
                           <option name="relationshipName">Child</option>
                        </options>
                     </field>
                     <field name="Custom21" type="reference">
                        <options>
                           <option name="referenceTo">CustomField</option>
                           <option name="relationshipName">Child</option>
                        </options>
                     </field>
                     <field name="OrgUnit4" type="reference">
                        <options>
                           <option name="referenceTo">CustomField</option>
                           <option name="relationshipName">Child</option>
                        </options>
                     </field>
                     <field name="Custom28" type="reference">
                        <options>
                           <option name="referenceTo">CustomField</option>
                           <option name="relationshipName">Child</option>
                        </options>
                     </field>
                     <field name="OrgUnit3" type="reference">
                        <options>
                           <option name="referenceTo">CustomField</option>
                           <option name="relationshipName">Child</option>
                        </options>
                     </field>
                     <field name="Custom27" type="reference">
                        <options>
                           <option name="referenceTo">CustomField</option>
                           <option name="relationshipName">Child</option>
                        </options>
                     </field>
                     <field name="OrgUnit2" type="reference">
                        <options>
                           <option name="referenceTo">CustomField</option>
                           <option name="relationshipName">Child</option>
                        </options>
                     </field>
                     <field name="Custom26" type="reference">
                        <options>
                           <option name="referenceTo">CustomField</option>
                           <option name="relationshipName">Child</option>
                        </options>
                     </field>
                     <field name="OrgUnit1" type="reference">
                        <options>
                           <option name="referenceTo">CustomField</option>
                           <option name="relationshipName">Child</option>
                        </options>
                     </field>
                     <field name="Custom25" type="reference">
                        <options>
                           <option name="referenceTo">CustomField</option>
                           <option name="relationshipName">Child</option>
                        </options>
                     </field>
                     <field name="ExpenseTypeName" type="string"/>
                     <field name="TransactionAmount" type="double"/>
                     <field name="SpendCategoryCode" type="string"/>
                     <field name="ApprovedAmount" type="double"/>
                     <field name="Custom20" type="reference">
                        <options>
                           <option name="referenceTo">CustomField</option>
                           <option name="relationshipName">Child</option>
                        </options>
                     </field>
                     <field name="HasExceptions" type="boolean"/>
                  </detail>
               </processObject>
               <processObject xmlns="http://schemas.active-endpoints.com/appmodules/screenflow/2011/06/avosHostEnvironment.xsd"
                              isByCopy="true"
                              name="CreateResponse">
                  <description/>
                  <detail>
                     <field name="ID" type="string"/>
                     <field name="URI" type="string"/>
                  </detail>
               </processObject>
               <processObject xmlns="http://schemas.active-endpoints.com/appmodules/screenflow/2011/06/avosHostEnvironment.xsd"
                              isByCopy="true"
                              name="Nullable_1">
                  <description/>
                  <detail>
                     <field name="Value" type="reference">
                        <options>
                           <option name="referenceTo">Decimal</option>
                           <option name="relationshipName">Child</option>
                        </options>
                     </field>
                     <field name="HasValue" type="boolean"/>
                  </detail>
               </processObject>
               <processObject xmlns="http://schemas.active-endpoints.com/appmodules/screenflow/2011/06/avosHostEnvironment.xsd"
                              isByCopy="true"
                              name="CustomField">
                  <description/>
                  <detail>
                     <field name="ListItemID" type="string"/>
                     <field name="Type" type="string"/>
                     <field name="Value" type="string"/>
                     <field name="Code" type="string"/>
                  </detail>
               </processObject>
               <processObject xmlns="http://schemas.active-endpoints.com/appmodules/screenflow/2011/06/avosHostEnvironment.xsd"
                              isByCopy="true"
                              name="Void">
                  <description/>
                  <detail/>
               </processObject>
               <processObject xmlns="http://schemas.active-endpoints.com/appmodules/screenflow/2011/06/avosHostEnvironment.xsd"
                              isByCopy="true"
                              name="ItemizationPut">
                  <description/>
                  <detail>
                     <field name="Custom19" type="string"/>
                     <field name="Custom18" type="string"/>
                     <field name="Custom13" type="string"/>
                     <field name="Custom12" type="string"/>
                     <field name="Custom11" type="string"/>
                     <field name="Custom10" type="string"/>
                     <field name="Custom17" type="string"/>
                     <field name="Custom16" type="string"/>
                     <field name="Custom15" type="string"/>
                     <field name="Custom14" type="string"/>
                     <field name="Custom4" type="string"/>
                     <field name="Custom3" type="string"/>
                     <field name="Custom2" type="string"/>
                     <field name="Custom1" type="string"/>
                     <field name="Custom8" type="string"/>
                     <field name="Custom7" type="string"/>
                     <field name="Custom40" type="string"/>
                     <field name="Custom6" type="string"/>
                     <field name="EntryID" type="string"/>
                     <field name="Custom5" type="string"/>
                     <field name="Custom9" type="string"/>
                     <field name="Description" type="string"/>
                     <field name="Custom35" type="string"/>
                     <field name="Custom34" type="string"/>
                     <field name="Custom33" type="string"/>
                     <field name="Custom32" type="string"/>
                     <field name="Custom39" type="string"/>
                     <field name="Custom38" type="string"/>
                     <field name="Custom37" type="string"/>
                     <field name="Custom36" type="string"/>
                     <field name="Custom31" type="string"/>
                     <field name="Custom30" type="string"/>
                     <field name="ExpenseTypeCode" type="string"/>
                     <field name="IsPersonal" type="boolean"/>
                     <field name="IsBillable" type="boolean"/>
                     <field name="TransactionDate" type="datetime"/>
                     <field name="Comment" type="string"/>
                     <field name="Custom29" type="string"/>
                     <field name="Custom24" type="string"/>
                     <field name="Custom23" type="string"/>
                     <field name="OrgUnit6" type="string"/>
                     <field name="Custom22" type="string"/>
                     <field name="OrgUnit5" type="string"/>
                     <field name="Custom21" type="string"/>
                     <field name="OrgUnit4" type="string"/>
                     <field name="Custom28" type="string"/>
                     <field name="OrgUnit3" type="string"/>
                     <field name="Custom27" type="string"/>
                     <field name="OrgUnit2" type="string"/>
                     <field name="Custom26" type="string"/>
                     <field name="OrgUnit1" type="string"/>
                     <field name="Custom25" type="string"/>
                     <field name="TransactionAmount" type="double"/>
                     <field name="Custom20" type="string"/>
                  </detail>
               </processObject>
               <processObject xmlns="http://schemas.active-endpoints.com/appmodules/screenflow/2011/06/avosHostEnvironment.xsd"
                              isByCopy="true"
                              name="string">
                  <description/>
                  <detail>
                     <field name="string" type="string"/>
                  </detail>
               </processObject>
               <processObject xmlns="http://schemas.active-endpoints.com/appmodules/screenflow/2011/06/avosHostEnvironment.xsd"
                              isByCopy="true"
                              name="boolean">
                  <description/>
                  <detail>
                     <field name="boolean" type="boolean"/>
                  </detail>
               </processObject>
               <processObject xmlns="http://schemas.active-endpoints.com/appmodules/screenflow/2011/06/avosHostEnvironment.xsd"
                              isByCopy="true"
                              name="double">
                  <description/>
                  <detail>
                     <field name="double" type="double"/>
                  </detail>
               </processObject>
               <processObject xmlns="http://schemas.active-endpoints.com/appmodules/screenflow/2011/06/avosHostEnvironment.xsd"
                              isByCopy="true"
                              name="integer">
                  <description/>
                  <detail>
                     <field name="integer" type="int"/>
                  </detail>
               </processObject>
            </objects>
         </businessConnector>
      </types1:Entry>
      <types1:GUID>92jiCyIX06IfJPrnHwm98g</types1:GUID>
      <types1:DisplayName>Concur Itemizations API v3</types1:DisplayName>
   </types1:Item>
   <types1:CurrentServerDateTime>2019-02-22T09:42:47.87Z</types1:CurrentServerDateTime>
</aetgt:getResponse>
