<aetgt:getResponse xmlns:aetgt="http://schemas.active-endpoints.com/appmodules/repository/2010/10/avrepository.xsd"
                   xmlns:types1="http://schemas.active-endpoints.com/appmodules/repository/2010/10/avrepository.xsd">
   <types1:Item>
      <types1:EntryId>f4zDLdw8jIw8jIw-gt-1633714-2019-01-24T00:42:21.094Z::svc.xml</types1:EntryId>
      <types1:Name>Concur_Purchase_Order_Receipts_API_v3</types1:Name>
      <types1:MimeType>application/xml+businesssconnector</types1:MimeType>
      <types1:Description>Purchase order receipts are records that the purchase order was completed. This API provides methods to create a new purchase order receipt, view or update an existing purchase order receipt, or delete a purchase order receipt.</types1:Description>
      <types1:AppliesTo/>
      <types1:Tags/>
      <types1:VersionLabel>1.0</types1:VersionLabel>
      <types1:State>CURRENT</types1:State>
      <types1:ProcessGroup/>
      <types1:CreatedBy>sorabh@na1.dm-us.org</types1:CreatedBy>
      <types1:CreationDate>2019-01-24T00:42:21Z</types1:CreationDate>
      <types1:ModifiedBy/>
      <types1:PublicationStatus>published</types1:PublicationStatus>
      <types1:PublishedBy>sorabh@na1.dm-us.org</types1:PublishedBy>
      <types1:PublicationDate>2019-01-24T00:42:35Z</types1:PublicationDate>
      <types1:PublishedContributionId>project:/rt.connector/Concur_Purchase_Order_Receipts_API_v3/Concur_Purchase_Order_Receipts_API_v3_svcDef.xml</types1:PublishedContributionId>
      <types1:AutosaveExists>false</types1:AutosaveExists>
      <types1:Entry>
         <businessConnector xmlns="http://schemas.informatica.com/socrates/data-services/2014/05/business-connector-model.xsd"
                            agentOnly="false"
                            debug="false"
                            displayName="Concur Purchase Order Receipts API v3"
                            label=""
                            name="Concur_Purchase_Order_Receipts_API_v3"
                            uuid="a9bdc146-fbc9-44ba-89ec-ae693afa4637">
            <description>Purchase order receipts are records that the purchase order was completed. This API provides methods to create a new purchase order receipt, view or update an existing purchase order receipt, or delete a purchase order receipt.</description>
            <tags/>
            <connectionAttributes xmlns="http://schemas.informatica.com/appmodules/screenflow/2014/04/avosConnectors.xsd">
               <connectionAttribute description="Host Name"
                                    masked="false"
                                    name="hostName"
                                    required="true"
                                    testWith="www.concursolutions.com"
                                    type="string"/>
            </connectionAttributes>
            <actions>
               <action category="Resources"
                       failOnError="true"
                       forSearch="false"
                       label="POST_invoice_purchaseorderreceipts"
                       maxRedirects="100"
                       name="POST_invoice_purchaseorderreceipts"
                       preemptiveAuth="true"
                       responseEncoding="">
                  <description>Create purchase order receiving information for a purchase order line item. Creates purchase order receipts and associate if to purchase order line item and returns status of updation.</description>
                  <input>
                     <parameter description="Purchase order receipt information that needs to be created."
                                label="purchaseOrderReceipt"
                                name="purchaseOrderReceipt"
                                required="true"
                                testWith=""
                                type="reference">
                        <options>
                           <option name="referenceTo">PurchaseOrderReceipt</option>
                        </options>
                     </parameter>
                  </input>
                  <binding>
                     <restSimpleBinding multiUsing="semicolonSeparated"
                                        url="https://{$hostName}/api/v3.0/invoice/purchaseorderreceipts"
                                        verb="POST">
                        <httpHeaders>
                           <header name="Content-Type">application/json</header>
                           <header name="Accept">application/json</header>
                        </httpHeaders>
                        <body generateUsing="UnwrappedJSON" preserveJsonStringFormatting="false"/>
                     </restSimpleBinding>
                  </binding>
                  <output>
                     <field description="Success"
                            entireResponse="true"
                            name="PurchaseOrderReceiptResult"
                            type="reference">
                        <options>
                           <option name="referenceTo">PurchaseOrderReceiptResult</option>
                        </options>
                     </field>
                  </output>
               </action>
               <action category="Resources"
                       failOnError="true"
                       forSearch="false"
                       label="GET_invoice_purchaseorderreceipts"
                       maxRedirects="100"
                       name="GET_invoice_purchaseorderreceipts"
                       preemptiveAuth="true"
                       responseEncoding="">
                  <description>Gets existing purchase order receipts information. Gets existing purchase order receipts using below parameters.</description>
                  <input>
                     <parameter description="Goods receipt number for a purchase order line item receipt. This parameter can be used alone or in combination with the other two parameters."
                                label="goodsReceiptNumber"
                                name="goodsReceiptNumber"
                                required="true"
                                testWith=""
                                type="string"/>
                     <parameter description="The purchase order number. This parameter can be used alone or in combination with the other two parameters."
                                label="purchaseOrderNumber"
                                name="purchaseOrderNumber"
                                required="true"
                                testWith=""
                                type="string"/>
                     <parameter description="A value that uniquely identifies the line item within the purchase order. This parameter cannot be used alone. It must be used in combination with one or more of the other available parameters."
                                label="lineItemExternalID"
                                name="lineItemExternalID"
                                required="false"
                                testWith=""
                                type="string"/>
                  </input>
                  <binding>
                     <restSimpleBinding multiUsing="semicolonSeparated"
                                        url="https://{$hostName}/api/v3.0/invoice/purchaseorderreceipts"
                                        verb="GET">
                        <httpHeaders>
                           <header name="Content-Type">application/json</header>
                           <header name="Accept">application/json</header>
                        </httpHeaders>
                     </restSimpleBinding>
                  </binding>
                  <output>
                     <field description="Success"
                            entireResponse="true"
                            name="ReceiptsCollection"
                            type="reference">
                        <options>
                           <option name="referenceTo">ReceiptsCollection</option>
                        </options>
                     </field>
                  </output>
               </action>
               <action category="Resources"
                       failOnError="true"
                       forSearch="false"
                       label="DELETE_invoice_purchaseorderreceipts"
                       maxRedirects="100"
                       name="DELETE_invoice_purchaseorderreceipts"
                       preemptiveAuth="true"
                       responseEncoding="">
                  <description>Deletes a purchase order line item receipt. Deletes a existing purchase order line item receipt using the available parameters below. The delete will only be executed if a unique record is found and not associated to a payment request.</description>
                  <input>
                     <parameter description="Goods receipt number for a purchase order line item receipt. This parameter can be used alone or in combination with the other two parameters."
                                label="goodsReceiptNumber"
                                name="goodsReceiptNumber"
                                required="true"
                                testWith=""
                                type="string"/>
                     <parameter description="The purchase order number. This parameter can be used alone or in combination with the other two parameters."
                                label="purchaseOrderNumber"
                                name="purchaseOrderNumber"
                                required="true"
                                testWith=""
                                type="string"/>
                     <parameter description="A value that uniquely identifies the line item within the purchase order. This parameter cannot be used alone. It must be used in combination with one or more of the other available parameters."
                                label="lineItemExternalID"
                                name="lineItemExternalID"
                                required="false"
                                testWith=""
                                type="string"/>
                  </input>
                  <binding>
                     <restSimpleBinding multiUsing="semicolonSeparated"
                                        url="https://{$hostName}/api/v3.0/invoice/purchaseorderreceipts"
                                        verb="DELETE">
                        <httpHeaders>
                           <header name="Content-Type">application/json</header>
                           <header name="Accept">application/json</header>
                        </httpHeaders>
                     </restSimpleBinding>
                  </binding>
                  <output>
                     <field description="Success"
                            entireResponse="true"
                            name="Void"
                            type="reference">
                        <options>
                           <option name="referenceTo">Void</option>
                        </options>
                     </field>
                  </output>
               </action>
               <action category="Resources"
                       failOnError="true"
                       forSearch="false"
                       label="PUT_invoice_purchaseorderreceipts"
                       maxRedirects="100"
                       name="PUT_invoice_purchaseorderreceipts"
                       preemptiveAuth="true"
                       responseEncoding="">
                  <description>Updates purchase order receipts that are already in the system. Updates purchase order receipts that are already in the system and returns status of the update.</description>
                  <input>
                     <parameter description="Purchase order receipt information."
                                label="purchaseOrderReceipt"
                                name="purchaseOrderReceipt"
                                required="true"
                                testWith=""
                                type="reference">
                        <options>
                           <option name="referenceTo">PurchaseOrderReceipt</option>
                        </options>
                     </parameter>
                  </input>
                  <binding>
                     <restSimpleBinding multiUsing="semicolonSeparated"
                                        url="https://{$hostName}/api/v3.0/invoice/purchaseorderreceipts"
                                        verb="PUT">
                        <httpHeaders>
                           <header name="Content-Type">application/json</header>
                           <header name="Accept">application/json</header>
                        </httpHeaders>
                        <body generateUsing="UnwrappedJSON" preserveJsonStringFormatting="false"/>
                     </restSimpleBinding>
                  </binding>
                  <output>
                     <field description="Success"
                            entireResponse="true"
                            name="PurchaseOrderReceiptResult"
                            type="reference">
                        <options>
                           <option name="referenceTo">PurchaseOrderReceiptResult</option>
                        </options>
                     </field>
                  </output>
               </action>
            </actions>
            <objects>
               <processObject xmlns="http://schemas.active-endpoints.com/appmodules/screenflow/2011/06/avosHostEnvironment.xsd"
                              isByCopy="true"
                              name="PurchaseOrderReceiptResult">
                  <description/>
                  <detail>
                     <field name="Status" type="string"/>
                     <field name="LineItemExternalID" type="string"/>
                     <field name="PurchaseOrderNumber" type="string"/>
                     <field name="Message" type="string"/>
                     <field name="FieldCode" type="string"/>
                     <field name="ErrorCode" type="string"/>
                     <field name="ErrorMessage" type="string"/>
                  </detail>
               </processObject>
               <processObject xmlns="http://schemas.active-endpoints.com/appmodules/screenflow/2011/06/avosHostEnvironment.xsd"
                              isByCopy="true"
                              name="PurchaseOrderReceipt">
                  <description/>
                  <detail>
                     <field name="UnitOfMeasureCode" type="string"/>
                     <field name="LineItemExternalID" type="string"/>
                     <field name="PurchaseOrderNumber" type="string"/>
                     <field name="Custom10" type="string"/>
                     <field name="URI" type="string"/>
                     <field name="Custom4" type="string"/>
                     <field name="Custom3" type="string"/>
                     <field name="Custom2" type="string"/>
                     <field name="DeliverySlipNumber" type="string"/>
                     <field name="ReceivedDate" type="string"/>
                     <field name="Custom1" type="string"/>
                     <field name="ReceivedQuantity" type="string"/>
                     <field name="Custom8" type="string"/>
                     <field name="Custom7" type="string"/>
                     <field name="Version" type="string"/>
                     <field name="Custom6" type="string"/>
                     <field name="Custom5" type="string"/>
                     <field name="GoodsReceiptNumber" type="string"/>
                     <field name="Custom9" type="string"/>
                     <field name="Deleted" type="string"/>
                     <field name="ID" type="string"/>
                  </detail>
               </processObject>
               <processObject xmlns="http://schemas.active-endpoints.com/appmodules/screenflow/2011/06/avosHostEnvironment.xsd"
                              isByCopy="true"
                              name="Void">
                  <description/>
                  <detail/>
               </processObject>
               <processObject xmlns="http://schemas.active-endpoints.com/appmodules/screenflow/2011/06/avosHostEnvironment.xsd"
                              isByCopy="true"
                              name="ReceiptsCollection">
                  <description/>
                  <detail>
                     <field name="TotalCount" type="int"/>
                     <field name="Items" type="reference">
                        <options>
                           <option name="referenceTo">PurchaseOrderReceipt</option>
                           <option name="relationshipName">Child</option>
                        </options>
                     </field>
                     <field name="Info" type="string"/>
                     <field name="NextPage" type="string"/>
                  </detail>
               </processObject>
               <processObject xmlns="http://schemas.active-endpoints.com/appmodules/screenflow/2011/06/avosHostEnvironment.xsd"
                              isByCopy="true"
                              name="string">
                  <description/>
                  <detail>
                     <field name="string" type="string"/>
                  </detail>
               </processObject>
               <processObject xmlns="http://schemas.active-endpoints.com/appmodules/screenflow/2011/06/avosHostEnvironment.xsd"
                              isByCopy="true"
                              name="boolean">
                  <description/>
                  <detail>
                     <field name="boolean" type="boolean"/>
                  </detail>
               </processObject>
               <processObject xmlns="http://schemas.active-endpoints.com/appmodules/screenflow/2011/06/avosHostEnvironment.xsd"
                              isByCopy="true"
                              name="double">
                  <description/>
                  <detail>
                     <field name="double" type="double"/>
                  </detail>
               </processObject>
               <processObject xmlns="http://schemas.active-endpoints.com/appmodules/screenflow/2011/06/avosHostEnvironment.xsd"
                              isByCopy="true"
                              name="integer">
                  <description/>
                  <detail>
                     <field name="integer" type="int"/>
                  </detail>
               </processObject>
            </objects>
         </businessConnector>
      </types1:Entry>
      <types1:GUID>jXVcD8QZN0Sj2EfQaxuqET</types1:GUID>
      <types1:DisplayName>Concur Purchase Order Receipts API v3</types1:DisplayName>
   </types1:Item>
   <types1:CurrentServerDateTime>2019-02-22T09:42:47.874Z</types1:CurrentServerDateTime>
</aetgt:getResponse>
