<aetgt:getResponse xmlns:aetgt="http://schemas.active-endpoints.com/appmodules/repository/2010/10/avrepository.xsd"
                   xmlns:types1="http://schemas.active-endpoints.com/appmodules/repository/2010/10/avrepository.xsd">
   <types1:Item>
      <types1:EntryId>Y9OdsreK8ZAZf5k-gt-1043239-2018-10-23T23:23:18.1Z::conn.xml</types1:EntryId>
      <types1:Name>AllScripts-PracticeManagement-1402-actions</types1:Name>
      <types1:ParentFlowIds>Vyaaaaa-gt-1043260-2018-10-23T23:23:18.764Z::pd.xml</types1:ParentFlowIds>
      <types1:MimeType>application/xml+connection</types1:MimeType>
      <types1:Description/>
      <types1:AppliesTo/>
      <types1:Tags/>
      <types1:VersionLabel>1.0</types1:VersionLabel>
      <types1:State>CURRENT</types1:State>
      <types1:ProcessGroup/>
      <types1:CreatedBy>freddielabtest</types1:CreatedBy>
      <types1:CreationDate>2018-10-23T23:23:18Z</types1:CreationDate>
      <types1:ModifiedBy/>
      <types1:PublicationStatus>unpublished</types1:PublicationStatus>
      <types1:AutosaveExists>false</types1:AutosaveExists>
      <types1:Entry>
         <connection xmlns="http://schemas.informatica.com/socrates/data-services/2014/04/avosConnections.xsd"
                     displayName="AllScripts-PracticeManagement-1402-actions"
                     label="AllScripts-PracticeManagement-1402-actions"
                     name="AllScripts-PracticeManagement-1402-actions">
            <description/>
            <tags/>
            <agent/>
            <attributes>
               <attribute encrypted="true" name="username" value=""/>
               <attribute encrypted="true" name="password" value=""/>
               <attribute encrypted="true" name="Appname" value=""/>
               <attribute encrypted="true" name="AppUserID" value=""/>
               <attribute encrypted="false" name="baseURL" value=""/>
            </attributes>
            <businessConnector xmlns="http://schemas.informatica.com/appmodules/screenflow/2014/04/avosConnectors.xsd"
                               agentOnly="false"
                               connectorPath="project:/rt.connector/AllScripts_PracticeManagement_1402/AllScripts_PracticeManagement_1402_svcDef.xml"
                               name="AllScripts_PracticeManagement_1402"
                               supportsConnectionTest="false"
                               uuid="a92ea0cf-aee3-4c5c-8726-329a8e82e1ae">
               <description>AllScripts Practice Management APIs for PRO-PM GA Practice Management 14.0.2 (AZURE)</description>
            </businessConnector>
         </connection>
      </types1:Entry>
      <types1:GUID>2OChF8wP2fxl1fJL092ncW</types1:GUID>
      <types1:DisplayName>AllScripts-PracticeManagement-1402-actions</types1:DisplayName>
   </types1:Item>
   <types1:CurrentServerDateTime>2018-10-23T23:24:05.248Z</types1:CurrentServerDateTime>
</aetgt:getResponse>
