<aetgt:getResponse xmlns:aetgt="http://schemas.active-endpoints.com/appmodules/repository/2010/10/avrepository.xsd"
                   xmlns:types1="http://schemas.active-endpoints.com/appmodules/repository/2010/10/avrepository.xsd">
   <types1:Item>
      <types1:EntryId>Vyaaaaa-gt-1043260-2018-10-23T23:23:18.764Z::pd.xml</types1:EntryId>
      <types1:Name>Search_Patients</types1:Name>
      <types1:MimeType>application/xml+process</types1:MimeType>
      <types1:Description>Searches AllScripts PracticeManagement for patients.</types1:Description>
      <types1:AppliesTo/>
      <types1:Tags>.anonymous</types1:Tags>
      <types1:VersionLabel>1.0</types1:VersionLabel>
      <types1:State>CURRENT</types1:State>
      <types1:ProcessGroup/>
      <types1:CreatedBy>freddielabtest</types1:CreatedBy>
      <types1:CreationDate>2018-10-23T23:23:19Z</types1:CreationDate>
      <types1:ModifiedBy/>
      <types1:PublicationStatus>unpublished</types1:PublicationStatus>
      <types1:AutosaveExists>false</types1:AutosaveExists>
      <types1:Entry>
         <process xmlns="http://schemas.active-endpoints.com/appmodules/screenflow/2010/10/avosScreenflow.xsd"
                  xmlns:list="urn:activevos:spi:list:functions"
                  displayName="Search Patients"
                  name="Search_Patients">
            <appliesTo/>
            <description>Searches AllScripts PracticeManagement for patients.</description>
            <tags>.anonymous</tags>
            <generator>Informatica Process Designer 9</generator>
            <input>
               <parameter description="" name="First Name" type="string">
                  <options>
                     <option name="required">false</option>
                  </options>
               </parameter>
               <parameter description="" name="Last Name" type="string">
                  <options>
                     <option name="required">false</option>
                  </options>
               </parameter>
            </input>
            <output>
               <field description="" name="List of Patients" type="objectlist">
                  <options>
                     <option name="referenceTo">AllScripts-PracticeManagement-1402-actions:Patient</option>
                     <option hide="true" name="multiSelect">true</option>
                     <option name="required">false</option>
                     <option name="isCopy">true</option>
                     <option name="guid">2OChF8wP2fxl1fJL092ncW</option>
                  </options>
               </field>
               <field description="" name="Count" type="int">
                  <options>
                     <option name="required">false</option>
                  </options>
               </field>
            </output>
            <tempFields>
               <field description="" name="Token" type="string">
                  <options>
                     <option name="required">false</option>
                  </options>
               </field>
            </tempFields>
            <notes/>
            <deployment suspendOnFault="false" tracingLevel="none">
               <rest>
                  <allowAnonymousAccess/>
               </rest>
            </deployment>
            <flow id="a">
               <start id="b">
                  <link id="jkxm1e3j" targetId="jkxm1e3i"/>
               </start>
               <service id="jkxm1e3i">
                  <title>GetToken</title>
                  <serviceName>AllScripts-PracticeManagement-1402-actions:GetToken</serviceName>
                  <serviceGUID>2OChF8wP2fxl1fJL092ncW</serviceGUID>
                  <serviceInput/>
                  <link id="jkxm1e3q" targetId="jkxm1e3p"/>
               </service>
               <service id="jkxm1e3v">
                  <title>SearchPatients</title>
                  <serviceName>AllScripts-PracticeManagement-1402-actions:SearchPatients</serviceName>
                  <serviceGUID>2OChF8wP2fxl1fJL092ncW</serviceGUID>
                  <serviceInput>
                     <parameter name="Token" source="field" updatable="true">temp.Token</parameter>
                     <parameter name="Parameter1" source="formula">
                        <expression language="XQuery">let $searchCriteria :=&lt;search volume="200"&gt;
	&lt;lastname&gt;{$input.LastName}&lt;/lastname&gt;
    &lt;firstname&gt;{$input.FirstName}&lt;/firstname&gt;
&lt;/search&gt;

return util:toXML($searchCriteria)</expression>
                     </parameter>
                  </serviceInput>
                  <link id="jkxm1e47" targetId="jkxm1e46"/>
               </service>
               <assignment id="jkxm1e3p">
                  <title>Assignment to Token</title>
                  <operation source="formula" to="temp.Token">
                     <expression language="XQuery">util:base64Decode(sff:getBase64FromAttachment($output.TokenAttachment))</expression>
                  </operation>
                  <link id="jkxm1e3w" targetId="jkxm1e3v"/>
               </assignment>
               <assignment id="jkxm1e46">
                  <title>Assignment</title>
                  <operation source="field" to="output.List of Patients">output.List of Patients</operation>
                  <operation source="formula" to="output.Count">
                     <expression language="XQuery">list:count($output.ListofPatients)</expression>
                  </operation>
                  <link id="jkxm1e48" targetId="c"/>
               </assignment>
               <end id="c"/>
            </flow>
         </process>
      </types1:Entry>
      <types1:GUID>g5Dl067fF68lVqR5EMZgq4</types1:GUID>
      <types1:DisplayName>Search Patients</types1:DisplayName>
   </types1:Item>
   <types1:CurrentServerDateTime>2018-10-23T23:24:05.376Z</types1:CurrentServerDateTime>
</aetgt:getResponse>
