{
  "name" : "Zendesk No Credentials",
  "sourceOrgId" : "7IJhF8s0e6bdUq4GnCuF8F",
  "sourceOrgName" : "Informatica",
  "exportedObjects" : [ {
    "objectGuid" : "cTO0TpMi1MffsSrZ92fMMF",
    "objectName" : "Zendesk Retrieve Ticket",
    "objectType" : "PROCESS",
    "path" : "/Explore/Zendesk",
    "metadata" : {
      "modelVersion" : {
        "major" : 1,
        "minor" : 0
      },
      "repoInfo" : {
        "repoHandle" : "UigdpIO3M4WwOC2-gt-317434-2018-10-09T19:35:18.749Z::pd.xml"
      },
      "objectRefs" : [ "2UX8hRYs1ntiaX5HE3zTmV" ],
      "contextAttributes" : null,
      "additionalInfo" : {
        "description" : "",
        "contentType" : "application/json; charset=utf-8",
        "documentState" : "VALID"
      },
      "objectExistence" : "WITH_DEPENDENCIES"
    }
  }, {
    "objectGuid" : "3m8LZnIe9OmdYMBpOUKP01",
    "objectName" : "Zendesk",
    "objectType" : "Project",
    "path" : "/Explore",
    "metadata" : {
      "modelVersion" : {
        "major" : 0,
        "minor" : 0
      },
      "repoInfo" : null,
      "objectRefs" : [ ],
      "contextAttributes" : [ ],
      "additionalInfo" : {
        "description" : "Zendesk Service Connector with three demo processes\n",
        "contentType" : "Binary",
        "documentState" : "COMPLETE"
      },
      "objectExistence" : "WITHOUT_DEPENDENCIES"
    }
  }, {
    "objectGuid" : "6DbYRX0XXOUiUj6jafcO2r",
    "objectName" : "Zendesk Verify then Delete Ticket",
    "objectType" : "PROCESS",
    "path" : "/Explore/Zendesk",
    "metadata" : {
      "modelVersion" : {
        "major" : 1,
        "minor" : 0
      },
      "repoInfo" : {
        "repoHandle" : "nbdoEFsWTzIf6ri-gt-2040380-2018-10-10T17:10:57.224Z::pd.xml"
      },
      "objectRefs" : [ "2UX8hRYs1ntiaX5HE3zTmV" ],
      "contextAttributes" : null,
      "additionalInfo" : {
        "description" : "",
        "contentType" : "application/json; charset=utf-8",
        "documentState" : "VALID"
      },
      "objectExistence" : "WITH_DEPENDENCIES"
    }
  }, {
    "objectGuid" : "2UX8hRYs1ntiaX5HE3zTmV",
    "objectName" : "Zendesk-Core-API-actions",
    "objectType" : "AI_CONNECTION",
    "path" : "/Explore/Zendesk",
    "metadata" : {
      "modelVersion" : {
        "major" : 1,
        "minor" : 0
      },
      "repoInfo" : {
        "repoHandle" : "xn2H0Fdw8jIw8jI-gt-1885909-2018-10-09T19:01:03.77Z::conn.xml"
      },
      "objectRefs" : [ ],
      "contextAttributes" : null,
      "additionalInfo" : {
        "description" : "",
        "contentType" : "application/json; charset=utf-8",
        "documentState" : "INVALID"
      },
      "objectExistence" : "WITH_DEPENDENCIES"
    }
  }, {
    "objectGuid" : "fVDbKzkegSog9KicqXSYGy",
    "objectName" : "Zendesk Create Ticket",
    "objectType" : "PROCESS",
    "path" : "/Explore/Zendesk",
    "metadata" : {
      "modelVersion" : {
        "major" : 1,
        "minor" : 0
      },
      "repoInfo" : {
        "repoHandle" : "t28ueJEaaaaaaaa-gt-1903873-2018-10-09T19:01:04.314Z::pd.xml"
      },
      "objectRefs" : [ "2UX8hRYs1ntiaX5HE3zTmV" ],
      "contextAttributes" : null,
      "additionalInfo" : {
        "description" : "Create a ticket, with Description, Priority, and Subject being passed in as parameters.",
        "contentType" : "application/json; charset=utf-8",
        "documentState" : "VALID"
      },
      "objectExistence" : "WITH_DEPENDENCIES"
    }
  }, {
    "objectGuid" : "gh4kcHLQ1W2g4wBiCXhos7",
    "objectName" : "Zendesk Core API",
    "objectType" : "AI_SERVICE_CONNECTOR",
    "path" : "/Explore/Zendesk",
    "metadata" : {
      "modelVersion" : {
        "major" : 1,
        "minor" : 0
      },
      "repoInfo" : {
        "repoHandle" : "ZT1cnFKi9zhFtyb-gt-316215-2018-10-09T19:01:01.829Z::svc.xml"
      },
      "objectRefs" : [ ],
      "contextAttributes" : null,
      "additionalInfo" : {
        "description" : "This Service Connector provides connectivity to Zendesk System Core API",
        "contentType" : "application/json; charset=utf-8",
        "documentState" : "VALID"
      },
      "objectExistence" : "WITH_DEPENDENCIES"
    }
  } ]
}