<aetgt:getResponse xmlns:aetgt="http://schemas.active-endpoints.com/appmodules/repository/2010/10/avrepository.xsd"
                   xmlns:types1="http://schemas.active-endpoints.com/appmodules/repository/2010/10/avrepository.xsd">
   <types1:Item>
      <types1:EntryId>xR6Eaaaaaaaaaaa-gt-843395-2019-12-23T08:43:58.383Z::svc.xml</types1:EntryId>
      <types1:Name>SAP_Fieldglass_Background_Check_REST_API_v1</types1:Name>
      <types1:MimeType>application/xml+businesssconnector</types1:MimeType>
      <types1:Description>The SAP Fieldglass Background Check REST API resource allows background check providers to post results back to SAP Fieldglass. This integration is only available on the Contingent Work Order module in SAP Fieldglass.</types1:Description>
      <types1:AppliesTo/>
      <types1:Tags/>
      <types1:VersionLabel>1.0</types1:VersionLabel>
      <types1:State>CURRENT</types1:State>
      <types1:ProcessGroup/>
      <types1:CreatedBy>sorabh@na1.dm-us.org</types1:CreatedBy>
      <types1:CreationDate>2019-12-23T08:43:58Z</types1:CreationDate>
      <types1:ModifiedBy/>
      <types1:PublicationStatus>published</types1:PublicationStatus>
      <types1:PublishedBy>sorabh@na1.dm-us.org</types1:PublishedBy>
      <types1:PublicationDate>2019-12-23T08:44:12Z</types1:PublicationDate>
      <types1:PublishedContributionId>project:/rt.connector/SAP_Fieldglass_Background_Check_REST_API_v1/SAP_Fieldglass_Background_Check_REST_API_v1_svcDef.xml</types1:PublishedContributionId>
      <types1:AutosaveExists>false</types1:AutosaveExists>
      <types1:Entry>
         <businessConnector xmlns="http://schemas.informatica.com/socrates/data-services/2014/05/business-connector-model.xsd"
                            agentOnly="false"
                            debug="false"
                            displayName="SAP Fieldglass Background Check REST API v1"
                            label=""
                            name="SAP_Fieldglass_Background_Check_REST_API_v1"
                            uuid="b575a184-ee5d-4047-b27d-eaab2ce0f960">
            <description>The SAP Fieldglass Background Check REST API resource allows background check providers to post results back to SAP Fieldglass. This integration is only available on the Contingent Work Order module in SAP Fieldglass.</description>
            <tags/>
            <connectionAttributes xmlns="http://schemas.informatica.com/appmodules/screenflow/2014/04/avosConnectors.xsd">
               <connectionAttribute description="Host Name"
                                    masked="false"
                                    name="hostName"
                                    required="true"
                                    testWith="sandbox.api.sap.com"
                                    type="string"/>
            </connectionAttributes>
            <actions>
               <action category="Order Confirmation"
                       failOnError="true"
                       forSearch="false"
                       label="POST_order_confirmation"
                       maxRedirects="100"
                       name="POST_order_confirmation"
                       preemptiveAuth="true"
                       responseEncoding="">
                  <description>Provides confirmation of a background check request. Posts a background check request acknowledgment to SAP Fieldglass.</description>
                  <input>
                     <parameter description="Only required for production access when using SAP Fieldglass."
                                label="Authorization"
                                name="Authorization"
                                nogen="true"
                                required="false"
                                testWith=""
                                type="string"/>
                     <parameter description="JSON format is supported. This value is application/json."
                                label="Content-Type"
                                name="Content-Type"
                                nogen="true"
                                required="false"
                                testWith=""
                                type="string"/>
                     <parameter description="The company-specific key provided by SAP Fieldglass for API access."
                                label="X-ApplicationKey"
                                name="X-ApplicationKey"
                                nogen="true"
                                required="false"
                                testWith=""
                                type="string"/>
                     <parameter description="The body of the request."
                                label="Body"
                                name="Body"
                                required="true"
                                testWith=""
                                type="reference">
                        <options>
                           <option name="referenceTo">OrderConfirmation</option>
                        </options>
                     </parameter>
                  </input>
                  <binding>
                     <restSimpleBinding multiUsing="semicolonSeparated"
                                        url="https://{$hostName}/fieldglass/api/v1/bgc/order_confirmation"
                                        verb="POST">
                        <httpHeaders>
                           <header name="Accept">application/json</header>
                           <header name="Authorization">{$Authorization}</header>
                           <header name="Content-Type">{$Content-Type}</header>
                           <header name="X-ApplicationKey">{$X-ApplicationKey}</header>
                        </httpHeaders>
                        <body generateUsing="UnwrappedJSON" preserveJsonStringFormatting="false"/>
                     </restSimpleBinding>
                  </binding>
                  <output/>
               </action>
               <action category="Results"
                       failOnError="true"
                       forSearch="false"
                       label="POST_result"
                       maxRedirects="100"
                       name="POST_result"
                       preemptiveAuth="true"
                       responseEncoding="">
                  <description>Provides results for the work order. Posts results for a specific background check request.</description>
                  <input>
                     <parameter description="Only required for production access when using SAP Fieldglass."
                                label="Authorization"
                                name="Authorization"
                                nogen="true"
                                required="false"
                                testWith=""
                                type="string"/>
                     <parameter description="JSON format is supported. This value is application/json."
                                label="Content-Type"
                                name="Content-Type"
                                nogen="true"
                                required="false"
                                testWith=""
                                type="string"/>
                     <parameter description="The company-specific key provided by SAP Fieldglass for API access."
                                label="X-ApplicationKey"
                                name="X-ApplicationKey"
                                nogen="true"
                                required="false"
                                testWith=""
                                type="string"/>
                     <parameter description="The body of the request."
                                label="Body"
                                name="Body"
                                required="true"
                                testWith=""
                                type="reference">
                        <options>
                           <option name="referenceTo">ResultConfirmation</option>
                        </options>
                     </parameter>
                     <parameter description="Globally-unique SAP Fieldglass identifier of the object. This is the Work Order ID used for the drill-down call in SAP Fieldglass. It is not visible to end users."
                                label="clientReferenceId"
                                name="clientReferenceId"
                                required="true"
                                testWith=""
                                type="string"/>
                  </input>
                  <binding>
                     <restSimpleBinding multiUsing="semicolonSeparated"
                                        url="https://{$hostName}/fieldglass/api/v1/bgc/result"
                                        verb="POST">
                        <httpHeaders>
                           <header name="Accept">application/json</header>
                           <header name="Authorization">{$Authorization}</header>
                           <header name="Content-Type">{$Content-Type}</header>
                           <header name="X-ApplicationKey">{$X-ApplicationKey}</header>
                        </httpHeaders>
                        <body generateUsing="UnwrappedJSON" preserveJsonStringFormatting="false"/>
                     </restSimpleBinding>
                  </binding>
                  <output/>
               </action>
            </actions>
            <objects>
               <processObject xmlns="http://schemas.active-endpoints.com/appmodules/screenflow/2011/06/avosHostEnvironment.xsd"
                              isByCopy="true"
                              name="ResultConfirmation">
                  <description/>
                  <detail>
                     <field name="HEADER" type="object"/>
                     <field name="backgroundReportPackage" type="object"/>
                  </detail>
               </processObject>
               <processObject xmlns="http://schemas.active-endpoints.com/appmodules/screenflow/2011/06/avosHostEnvironment.xsd"
                              isByCopy="true"
                              name="OrderConfirmation">
                  <description/>
                  <detail>
                     <field name="Status" type="string"/>
                     <field name="Details" type="string"/>
                     <field name="HEADER" type="object"/>
                     <field name="backgroundReportPackage" type="object"/>
                  </detail>
               </processObject>
               <processObject xmlns="http://schemas.active-endpoints.com/appmodules/screenflow/2011/06/avosHostEnvironment.xsd"
                              isByCopy="true"
                              name="string">
                  <description/>
                  <detail>
                     <field name="string" type="string"/>
                  </detail>
               </processObject>
               <processObject xmlns="http://schemas.active-endpoints.com/appmodules/screenflow/2011/06/avosHostEnvironment.xsd"
                              isByCopy="true"
                              name="boolean">
                  <description/>
                  <detail>
                     <field name="boolean" type="boolean"/>
                  </detail>
               </processObject>
               <processObject xmlns="http://schemas.active-endpoints.com/appmodules/screenflow/2011/06/avosHostEnvironment.xsd"
                              isByCopy="true"
                              name="double">
                  <description/>
                  <detail>
                     <field name="double" type="double"/>
                  </detail>
               </processObject>
               <processObject xmlns="http://schemas.active-endpoints.com/appmodules/screenflow/2011/06/avosHostEnvironment.xsd"
                              isByCopy="true"
                              name="integer">
                  <description/>
                  <detail>
                     <field name="integer" type="int"/>
                  </detail>
               </processObject>
            </objects>
         </businessConnector>
      </types1:Entry>
      <types1:GUID>3dDVSacRhAckJmSOfGWJkP</types1:GUID>
      <types1:DisplayName>SAP Fieldglass Background Check REST API v1</types1:DisplayName>
   </types1:Item>
   <types1:CurrentServerDateTime>2019-12-23T08:46:34.734Z</types1:CurrentServerDateTime>
</aetgt:getResponse>
