<aetgt:getResponse xmlns:aetgt="http://schemas.active-endpoints.com/appmodules/repository/2010/10/avrepository.xsd"
                   xmlns:types1="http://schemas.active-endpoints.com/appmodules/repository/2010/10/avrepository.xsd">
   <types1:Item>
      <types1:EntryId>chGY2KsJlv58pIO-gt-8931176-2019-12-22T10:13:46.035Z::svc.xml</types1:EntryId>
      <types1:Name>SAP_Ariba_Operational_Reporting_for_Procurement_-_Job_Submission_REST_API_v2</types1:Name>
      <types1:MimeType>application/xml+businesssconnector</types1:MimeType>
      <types1:Description>The SAP Ariba Operational Reporting APIs for procurement enables you to report on the transactional procurement data that you need to make operational decisions. You use the API to create a client application that extracts reportable data.

Operational Reporting API is used to retrieve real-time transaction data for procurement objects.

The client application posts a reporting job to the jobs queue specifying a reporting view template.</types1:Description>
      <types1:AppliesTo/>
      <types1:Tags/>
      <types1:VersionLabel>1.0</types1:VersionLabel>
      <types1:State>CURRENT</types1:State>
      <types1:ProcessGroup/>
      <types1:CreatedBy>sorabh@na1.dm-us.org</types1:CreatedBy>
      <types1:CreationDate>2019-12-22T10:13:46Z</types1:CreationDate>
      <types1:ModifiedBy/>
      <types1:PublicationStatus>published</types1:PublicationStatus>
      <types1:PublishedBy>sorabh@na1.dm-us.org</types1:PublishedBy>
      <types1:PublicationDate>2019-12-22T10:13:49Z</types1:PublicationDate>
      <types1:PublishedContributionId>project:/rt.connector/SAP_Ariba_Operational_Reporting_for_Procurement___Job_Submission_REST_API_v2/SAP_Ariba_Operational_Reporting_for_Procurement___Job_Submission_REST_API_v2_svcDef.xml</types1:PublishedContributionId>
      <types1:AutosaveExists>false</types1:AutosaveExists>
      <types1:Entry>
         <businessConnector xmlns="http://schemas.informatica.com/socrates/data-services/2014/05/business-connector-model.xsd"
                            agentOnly="false"
                            debug="false"
                            displayName="SAP Ariba Operational Reporting for Procurement - Job Submission REST API v2"
                            label=""
                            name="SAP_Ariba_Operational_Reporting_for_Procurement_-_Job_Submission_REST_API_v2"
                            uuid="15eb4304-83b7-44d6-9552-9a585d46d2e4">
            <description>The SAP Ariba Operational Reporting APIs for procurement enables you to report on the transactional procurement data that you need to make operational decisions. You use the API to create a client application that extracts reportable data.

Operational Reporting API is used to retrieve real-time transaction data for procurement objects.

The client application posts a reporting job to the jobs queue specifying a reporting view template.</description>
            <tags/>
            <connectionAttributes xmlns="http://schemas.informatica.com/appmodules/screenflow/2014/04/avosConnectors.xsd">
               <connectionAttribute description="Host Name"
                                    masked="false"
                                    name="hostName"
                                    required="true"
                                    testWith="sandbox.api.sap.com"
                                    type="string"/>
            </connectionAttributes>
            <actions>
               <action category="Job Submission"
                       failOnError="true"
                       forSearch="false"
                       label="Submit job Request"
                       maxRedirects="100"
                       name="Submit job Request"
                       preemptiveAuth="true"
                       responseEncoding="">
                  <description>Submit job Request. Submit a job for a view template to retrieve data for a particular transaction document type.</description>
                  <input>
                     <parameter description="Customer realm name"
                                label="realm"
                                name="realm"
                                required="true"
                                testWith=""
                                type="string"/>
                     <parameter description="The &#34;date&#34; filters are mandatory. other filters can be overridden. Filters not defined as part of view template definition cannot be overridden."
                                label="Body"
                                name="Body"
                                required="true"
                                testWith=""
                                type="reference">
                        <options>
                           <option name="referenceTo">SubmitJobRequestrequest</option>
                        </options>
                     </parameter>
                  </input>
                  <binding>
                     <restSimpleBinding multiUsing="semicolonSeparated"
                                        url="https://{$hostName}/ariba/api/procurement-reporting-job/v2/sandbox/jobs"
                                        verb="POST">
                        <httpHeaders>
                           <header name="Content-Type">application/json</header>
                           <header name="Accept">application/json</header>
                        </httpHeaders>
                        <body generateUsing="UnwrappedJSON" preserveJsonStringFormatting="false"/>
                     </restSimpleBinding>
                  </binding>
                  <output>
                     <field description="Successful Response"
                            entireResponse="true"
                            name="SubmitJobRequestresponse"
                            type="reference">
                        <options>
                           <option name="referenceTo">SubmitJobRequestresponse</option>
                        </options>
                     </field>
                  </output>
               </action>
            </actions>
            <objects>
               <processObject xmlns="http://schemas.active-endpoints.com/appmodules/screenflow/2011/06/avosHostEnvironment.xsd"
                              isByCopy="true"
                              name="Filters">
                  <description/>
                  <detail>
                     <field name="updatedDateFrom" type="string"/>
                     <field name="updatedDateTo" type="string"/>
                  </detail>
               </processObject>
               <processObject xmlns="http://schemas.active-endpoints.com/appmodules/screenflow/2011/06/avosHostEnvironment.xsd"
                              isByCopy="true"
                              name="SubmitJobRequestresponse">
                  <description/>
                  <detail>
                     <field name="jobId" type="string"/>
                     <field name="createdDate" type="string"/>
                     <field name="documentType" type="string"/>
                     <field name="viewTemplateName" type="string"/>
                     <field name="selectAttributesSnap" type="objectlist">
                        <options>
                           <option name="referenceTo">string</option>
                           <option name="relationshipName">Child</option>
                        </options>
                     </field>
                     <field name="files" type="objectlist">
                        <options>
                           <option name="referenceTo">string</option>
                           <option name="relationshipName">Child</option>
                        </options>
                     </field>
                     <field name="filters" type="reference">
                        <options>
                           <option name="referenceTo">Filters</option>
                           <option name="relationshipName">Child</option>
                        </options>
                     </field>
                     <field name="filterExpressionsSnap" type="objectlist">
                        <options>
                           <option name="referenceTo">FilterExpression</option>
                           <option name="relationshipName">Child</option>
                        </options>
                     </field>
                     <field name="status" type="string"/>
                  </detail>
               </processObject>
               <processObject xmlns="http://schemas.active-endpoints.com/appmodules/screenflow/2011/06/avosHostEnvironment.xsd"
                              isByCopy="true"
                              name="Error">
                  <description/>
                  <detail>
                     <field name="code" type="string"/>
                     <field name="message" type="string"/>
                  </detail>
               </processObject>
               <processObject xmlns="http://schemas.active-endpoints.com/appmodules/screenflow/2011/06/avosHostEnvironment.xsd"
                              isByCopy="true"
                              name="ErrorInternal">
                  <description/>
                  <detail>
                     <field name="code" type="string"/>
                     <field name="message" type="string"/>
                  </detail>
               </processObject>
               <processObject xmlns="http://schemas.active-endpoints.com/appmodules/screenflow/2011/06/avosHostEnvironment.xsd"
                              isByCopy="true"
                              name="ErrorView">
                  <description/>
                  <detail>
                     <field name="code" type="string"/>
                     <field name="message" type="string"/>
                  </detail>
               </processObject>
               <processObject xmlns="http://schemas.active-endpoints.com/appmodules/screenflow/2011/06/avosHostEnvironment.xsd"
                              isByCopy="true"
                              name="FilterExpression">
                  <description/>
                  <detail>
                     <field name="op" type="string"/>
                     <field name="field" type="string"/>
                     <field name="defaultValue" type="string"/>
                     <field name="name" type="string"/>
                  </detail>
               </processObject>
               <processObject xmlns="http://schemas.active-endpoints.com/appmodules/screenflow/2011/06/avosHostEnvironment.xsd"
                              isByCopy="true"
                              name="SubmitJobRequestrequest">
                  <description/>
                  <detail>
                     <field name="viewTemplateName" type="string"/>
                     <field name="filters" type="reference">
                        <options>
                           <option name="referenceTo">Filters</option>
                           <option name="relationshipName">Child</option>
                        </options>
                     </field>
                  </detail>
               </processObject>
               <processObject xmlns="http://schemas.active-endpoints.com/appmodules/screenflow/2011/06/avosHostEnvironment.xsd"
                              isByCopy="true"
                              name="string">
                  <description/>
                  <detail>
                     <field name="string" type="string"/>
                  </detail>
               </processObject>
               <processObject xmlns="http://schemas.active-endpoints.com/appmodules/screenflow/2011/06/avosHostEnvironment.xsd"
                              isByCopy="true"
                              name="boolean">
                  <description/>
                  <detail>
                     <field name="boolean" type="boolean"/>
                  </detail>
               </processObject>
               <processObject xmlns="http://schemas.active-endpoints.com/appmodules/screenflow/2011/06/avosHostEnvironment.xsd"
                              isByCopy="true"
                              name="double">
                  <description/>
                  <detail>
                     <field name="double" type="double"/>
                  </detail>
               </processObject>
               <processObject xmlns="http://schemas.active-endpoints.com/appmodules/screenflow/2011/06/avosHostEnvironment.xsd"
                              isByCopy="true"
                              name="integer">
                  <description/>
                  <detail>
                     <field name="integer" type="int"/>
                  </detail>
               </processObject>
               <processObject xmlns="http://schemas.active-endpoints.com/appmodules/screenflow/2011/06/avosHostEnvironment.xsd"
                              isByCopy="true"
                              name="Forbidden">
                  <description>forbidden</description>
                  <detail/>
               </processObject>
               <processObject xmlns="http://schemas.active-endpoints.com/appmodules/screenflow/2011/06/avosHostEnvironment.xsd"
                              isByCopy="true"
                              name="Unauthorized">
                  <description>Unauthorized request. Check oauth token is expired or you are not using correct oauth token.</description>
                  <detail/>
               </processObject>
               <processObject xmlns="http://schemas.active-endpoints.com/appmodules/screenflow/2011/06/avosHostEnvironment.xsd"
                              isByCopy="true"
                              name="InvalidSelectAttributes">
                  <description>The select attributes are either not whitelisted/duplicated/customized</description>
                  <detail/>
               </processObject>
               <processObject xmlns="http://schemas.active-endpoints.com/appmodules/screenflow/2011/06/avosHostEnvironment.xsd"
                              isByCopy="true"
                              name="InternalServerError">
                  <description>If your URL is not constructed properly, you have trailing spaces in URl, request body format is wrong or ARIBA site is temporarily down</description>
                  <detail/>
               </processObject>
            </objects>
         </businessConnector>
      </types1:Entry>
      <types1:GUID>eIefJoPB1sne9zp1MtbWKJ</types1:GUID>
      <types1:DisplayName>SAP Ariba Operational Reporting for Procurement - Job Submission REST API v2</types1:DisplayName>
   </types1:Item>
   <types1:CurrentServerDateTime>2019-12-22T10:14:23.855Z</types1:CurrentServerDateTime>
</aetgt:getResponse>
