<aetgt:getResponse xmlns:aetgt="http://schemas.active-endpoints.com/appmodules/repository/2010/10/avrepository.xsd"
                   xmlns:types1="http://schemas.active-endpoints.com/appmodules/repository/2010/10/avrepository.xsd">
   <types1:Item>
      <types1:EntryId>r5wq9bdsreK8ZAZ-gt-3221720-2019-01-24T00:42:20.281Z::svc.xml</types1:EntryId>
      <types1:Name>Concur_Purchase_Orders_API_v3</types1:Name>
      <types1:MimeType>application/xml+businesssconnector</types1:MimeType>
      <types1:Description>Purchase orders are requests for a vendor to supply goods or services. This API provides methods to create a new purchase order, or view or update an existing purchase order.</types1:Description>
      <types1:AppliesTo/>
      <types1:Tags/>
      <types1:VersionLabel>1.0</types1:VersionLabel>
      <types1:State>CURRENT</types1:State>
      <types1:ProcessGroup/>
      <types1:CreatedBy>sorabh@na1.dm-us.org</types1:CreatedBy>
      <types1:CreationDate>2019-01-24T00:42:20Z</types1:CreationDate>
      <types1:ModifiedBy/>
      <types1:PublicationStatus>published</types1:PublicationStatus>
      <types1:PublishedBy>sorabh@na1.dm-us.org</types1:PublishedBy>
      <types1:PublicationDate>2019-01-24T00:42:31Z</types1:PublicationDate>
      <types1:PublishedContributionId>project:/rt.connector/Concur_Purchase_Orders_API_v3/Concur_Purchase_Orders_API_v3_svcDef.xml</types1:PublishedContributionId>
      <types1:AutosaveExists>false</types1:AutosaveExists>
      <types1:Entry>
         <businessConnector xmlns="http://schemas.informatica.com/socrates/data-services/2014/05/business-connector-model.xsd"
                            agentOnly="false"
                            debug="false"
                            displayName="Concur Purchase Orders API v3"
                            label=""
                            name="Concur_Purchase_Orders_API_v3"
                            uuid="a79f884a-1393-4f46-bd6a-38a7e9279c49">
            <description>Purchase orders are requests for a vendor to supply goods or services. This API provides methods to create a new purchase order, or view or update an existing purchase order.</description>
            <tags/>
            <connectionAttributes xmlns="http://schemas.informatica.com/appmodules/screenflow/2014/04/avosConnectors.xsd">
               <connectionAttribute description="Host Name"
                                    masked="false"
                                    name="hostName"
                                    required="true"
                                    testWith="www.concursolutions.com"
                                    type="string"/>
            </connectionAttributes>
            <actions>
               <action category="Resources"
                       failOnError="true"
                       forSearch="false"
                       label="GET_invoice_purchaseorders_id_"
                       maxRedirects="100"
                       name="GET_invoice_purchaseorders_id_"
                       preemptiveAuth="true"
                       responseEncoding="">
                  <description>Get an existing purchase order. Gets an existing purchase order.</description>
                  <input>
                     <parameter description="The identifier for the purchase order."
                                label="idPathParam"
                                name="idPathParam"
                                nogen="true"
                                required="true"
                                testWith=""
                                type="string"/>
                  </input>
                  <binding>
                     <restSimpleBinding multiUsing="semicolonSeparated"
                                        url="https://{$hostName}/api/v3.0/invoice/purchaseorders/{$idPathParam}"
                                        verb="GET">
                        <httpHeaders>
                           <header name="Content-Type">application/json</header>
                           <header name="Accept">application/json</header>
                        </httpHeaders>
                     </restSimpleBinding>
                  </binding>
                  <output>
                     <field description="Success"
                            entireResponse="true"
                            name="PurchaseOrder"
                            type="reference">
                        <options>
                           <option name="referenceTo">PurchaseOrder</option>
                        </options>
                     </field>
                  </output>
               </action>
               <action category="Resources"
                       failOnError="true"
                       forSearch="false"
                       label="POST_invoice_purchaseorders"
                       maxRedirects="100"
                       name="POST_invoice_purchaseorders"
                       preemptiveAuth="true"
                       responseEncoding="">
                  <description>Create a new purchase order. Creates a purchase order and returns the status of the creation request.</description>
                  <input>
                     <parameter description="The details of the purchase order."
                                label="purchaseOrder"
                                name="purchaseOrder"
                                required="true"
                                testWith=""
                                type="reference">
                        <options>
                           <option name="referenceTo">PurchaseOrder</option>
                        </options>
                     </parameter>
                  </input>
                  <binding>
                     <restSimpleBinding multiUsing="semicolonSeparated"
                                        url="https://{$hostName}/api/v3.0/invoice/purchaseorders"
                                        verb="POST">
                        <httpHeaders>
                           <header name="Content-Type">application/json</header>
                           <header name="Accept">application/json</header>
                        </httpHeaders>
                        <body generateUsing="UnwrappedJSON" preserveJsonStringFormatting="false"/>
                     </restSimpleBinding>
                  </binding>
                  <output>
                     <field description="Success"
                            entireResponse="true"
                            name="PurchaseOrderResult"
                            type="reference">
                        <options>
                           <option name="referenceTo">PurchaseOrderResult</option>
                        </options>
                     </field>
                  </output>
               </action>
               <action category="Resources"
                       failOnError="true"
                       forSearch="false"
                       label="PUT_invoice_purchaseorders"
                       maxRedirects="100"
                       name="PUT_invoice_purchaseorders"
                       preemptiveAuth="true"
                       responseEncoding="">
                  <description>Update an existing purchase order. Updates an existing purchase order and returns the status of the update request.</description>
                  <input>
                     <parameter description="The details of the purchase order."
                                label="purchaseOrder"
                                name="purchaseOrder"
                                required="true"
                                testWith=""
                                type="reference">
                        <options>
                           <option name="referenceTo">PurchaseOrder</option>
                        </options>
                     </parameter>
                  </input>
                  <binding>
                     <restSimpleBinding multiUsing="semicolonSeparated"
                                        url="https://{$hostName}/api/v3.0/invoice/purchaseorders"
                                        verb="PUT">
                        <httpHeaders>
                           <header name="Content-Type">application/json</header>
                           <header name="Accept">application/json</header>
                        </httpHeaders>
                        <body generateUsing="UnwrappedJSON" preserveJsonStringFormatting="false"/>
                     </restSimpleBinding>
                  </binding>
                  <output>
                     <field description="Success"
                            entireResponse="true"
                            name="PurchaseOrderResult"
                            type="reference">
                        <options>
                           <option name="referenceTo">PurchaseOrderResult</option>
                        </options>
                     </field>
                  </output>
               </action>
            </actions>
            <objects>
               <processObject xmlns="http://schemas.active-endpoints.com/appmodules/screenflow/2011/06/avosHostEnvironment.xsd"
                              isByCopy="true"
                              name="BillToAddress">
                  <description/>
                  <detail>
                     <field name="StateProvince" type="string"/>
                     <field name="State" type="string"/>
                     <field name="ExternalID" type="string"/>
                     <field name="Address2" type="string"/>
                     <field name="Address3" type="string"/>
                     <field name="PostalCode" type="string"/>
                     <field name="Address1" type="string"/>
                     <field name="City" type="string"/>
                     <field name="CountryCode" type="string"/>
                     <field name="Name" type="string"/>
                  </detail>
               </processObject>
               <processObject xmlns="http://schemas.active-endpoints.com/appmodules/screenflow/2011/06/avosHostEnvironment.xsd"
                              isByCopy="true"
                              name="ShipToAddress">
                  <description/>
                  <detail>
                     <field name="StateProvince" type="string"/>
                     <field name="State" type="string"/>
                     <field name="ExternalID" type="string"/>
                     <field name="Address2" type="string"/>
                     <field name="Address3" type="string"/>
                     <field name="PostalCode" type="string"/>
                     <field name="Address1" type="string"/>
                     <field name="City" type="string"/>
                     <field name="CountryCode" type="string"/>
                     <field name="Name" type="string"/>
                  </detail>
               </processObject>
               <processObject xmlns="http://schemas.active-endpoints.com/appmodules/screenflow/2011/06/avosHostEnvironment.xsd"
                              isByCopy="true"
                              name="PurchaseOrderResult">
                  <description/>
                  <detail>
                     <field name="Status" type="string"/>
                     <field name="LineItemExternalID" type="string"/>
                     <field name="PurchaseOrderNumber" type="string"/>
                     <field name="Message" type="string"/>
                     <field name="FieldCode" type="string"/>
                     <field name="ErrorCode" type="string"/>
                     <field name="ErrorMessage" type="string"/>
                  </detail>
               </processObject>
               <processObject xmlns="http://schemas.active-endpoints.com/appmodules/screenflow/2011/06/avosHostEnvironment.xsd"
                              isByCopy="true"
                              name="Allocation">
                  <description/>
                  <detail>
                     <field name="Custom19" type="string"/>
                     <field name="Custom18" type="string"/>
                     <field name="Percentage" type="string"/>
                     <field name="Amount" type="string"/>
                     <field name="Custom13" type="string"/>
                     <field name="Custom12" type="string"/>
                     <field name="Custom11" type="string"/>
                     <field name="Custom10" type="string"/>
                     <field name="Custom17" type="string"/>
                     <field name="Custom16" type="string"/>
                     <field name="Custom15" type="string"/>
                     <field name="Custom14" type="string"/>
                     <field name="Custom4" type="string"/>
                     <field name="Custom3" type="string"/>
                     <field name="Custom2" type="string"/>
                     <field name="Custom1" type="string"/>
                     <field name="Custom20" type="string"/>
                     <field name="Custom8" type="string"/>
                     <field name="Custom7" type="string"/>
                     <field name="Custom6" type="string"/>
                     <field name="Custom5" type="string"/>
                     <field name="Custom9" type="string"/>
                     <field name="GrossAmount" type="string"/>
                  </detail>
               </processObject>
               <processObject xmlns="http://schemas.active-endpoints.com/appmodules/screenflow/2011/06/avosHostEnvironment.xsd"
                              isByCopy="true"
                              name="LineItem">
                  <description/>
                  <detail>
                     <field name="VatAmount" type="string"/>
                     <field name="Custom19" type="string"/>
                     <field name="UnitOfMeasureCode" type="string"/>
                     <field name="Custom18" type="string"/>
                     <field name="Description" type="string"/>
                     <field name="ExternalID" type="string"/>
                     <field name="Custom13" type="string"/>
                     <field name="Custom12" type="string"/>
                     <field name="Custom11" type="string"/>
                     <field name="Tax" type="string"/>
                     <field name="Custom10" type="string"/>
                     <field name="Custom17" type="string"/>
                     <field name="CreateDate" type="string"/>
                     <field name="Custom16" type="string"/>
                     <field name="Custom15" type="string"/>
                     <field name="LineNumber" type="string"/>
                     <field name="Custom14" type="string"/>
                     <field name="IsReceiptRequired" type="string"/>
                     <field name="SupplierPartID" type="string"/>
                     <field name="Allocation" type="objectlist">
                        <options>
                           <option name="referenceTo">Allocation</option>
                           <option name="relationshipName">Child</option>
                        </options>
                     </field>
                     <field name="AccountCode" type="string"/>
                     <field name="PurchaseOrderReceiptType" type="string"/>
                     <field name="ExpenseType" type="string"/>
                     <field name="Quantity" type="string"/>
                     <field name="VatRate" type="string"/>
                     <field name="Custom4" type="string"/>
                     <field name="Custom3" type="string"/>
                     <field name="Custom2" type="string"/>
                     <field name="UnitPrice" type="string"/>
                     <field name="Custom1" type="string"/>
                     <field name="Custom20" type="string"/>
                     <field name="Custom8" type="string"/>
                     <field name="Custom7" type="string"/>
                     <field name="Custom6" type="string"/>
                     <field name="Custom5" type="string"/>
                     <field name="AmountWithoutVat" type="string"/>
                     <field name="RequestedDeliveryDate" type="string"/>
                     <field name="Custom9" type="string"/>
                     <field name="RequestedBy" type="string"/>
                  </detail>
               </processObject>
               <processObject xmlns="http://schemas.active-endpoints.com/appmodules/screenflow/2011/06/avosHostEnvironment.xsd"
                              isByCopy="true"
                              name="PurchaseOrder">
                  <description/>
                  <detail>
                     <field name="ShipToAddress" type="reference">
                        <options>
                           <option name="referenceTo">ShipToAddress</option>
                           <option name="relationshipName">Child</option>
                        </options>
                     </field>
                     <field name="Custom19" type="string"/>
                     <field name="Custom18" type="string"/>
                     <field name="Custom13" type="string"/>
                     <field name="Custom12" type="string"/>
                     <field name="Custom11" type="string"/>
                     <field name="Tax" type="string"/>
                     <field name="Custom10" type="string"/>
                     <field name="Custom17" type="string"/>
                     <field name="Custom16" type="string"/>
                     <field name="ShippingTermsKey" type="string"/>
                     <field name="Custom15" type="string"/>
                     <field name="Custom14" type="string"/>
                     <field name="Name" type="string"/>
                     <field name="BillToAddress" type="reference">
                        <options>
                           <option name="referenceTo">BillToAddress</option>
                           <option name="relationshipName">Child</option>
                        </options>
                     </field>
                     <field name="CurrencyCode" type="string"/>
                     <field name="ShippingDescription" type="string"/>
                     <field name="ID" type="string"/>
                     <field name="Status" type="string"/>
                     <field name="Custom4" type="string"/>
                     <field name="Custom3" type="string"/>
                     <field name="Custom2" type="string"/>
                     <field name="LedgerCode" type="string"/>
                     <field name="Custom1" type="string"/>
                     <field name="Custom8" type="string"/>
                     <field name="DiscountTerms" type="string"/>
                     <field name="Custom7" type="string"/>
                     <field name="Custom6" type="string"/>
                     <field name="Custom5" type="string"/>
                     <field name="PurchaseRequestNumber" type="string"/>
                     <field name="Custom9" type="string"/>
                     <field name="RequestedBy" type="string"/>
                     <field name="IsChangeOrder" type="boolean"/>
                     <field name="Description" type="string"/>
                     <field name="VendorAddressCode" type="string"/>
                     <field name="PaymentTerms" type="string"/>
                     <field name="PolicyExternalID" type="string"/>
                     <field name="URI" type="string"/>
                     <field name="VendorAccountNumber" type="string"/>
                     <field name="ShippingMethodKey" type="string"/>
                     <field name="VatAmountTwo" type="string"/>
                     <field name="PoVendorTaxId" type="string"/>
                     <field name="ReceiptType" type="string"/>
                     <field name="VendorCode" type="string"/>
                     <field name="Shipping" type="string"/>
                     <field name="PurchaseOrderNumber" type="string"/>
                     <field name="VatRateOne" type="string"/>
                     <field name="NeededByDate" type="string"/>
                     <field name="Custom24" type="string"/>
                     <field name="Custom23" type="string"/>
                     <field name="LineItem" type="objectlist">
                        <options>
                           <option name="referenceTo">LineItem</option>
                           <option name="relationshipName">Child</option>
                        </options>
                     </field>
                     <field name="Custom22" type="string"/>
                     <field name="Custom21" type="string"/>
                     <field name="ProvincialTaxId" type="string"/>
                     <field name="OrderDate" type="string"/>
                     <field name="IsTest" type="boolean"/>
                     <field name="Custom20" type="string"/>
                     <field name="DiscountPercentage" type="string"/>
                     <field name="AmountWithoutVat" type="string"/>
                     <field name="RequestedDeliveryDate" type="string"/>
                     <field name="VatRateTwo" type="string"/>
                     <field name="VatAmountOne" type="string"/>
                  </detail>
               </processObject>
               <processObject xmlns="http://schemas.active-endpoints.com/appmodules/screenflow/2011/06/avosHostEnvironment.xsd"
                              isByCopy="true"
                              name="string">
                  <description/>
                  <detail>
                     <field name="string" type="string"/>
                  </detail>
               </processObject>
               <processObject xmlns="http://schemas.active-endpoints.com/appmodules/screenflow/2011/06/avosHostEnvironment.xsd"
                              isByCopy="true"
                              name="boolean">
                  <description/>
                  <detail>
                     <field name="boolean" type="boolean"/>
                  </detail>
               </processObject>
               <processObject xmlns="http://schemas.active-endpoints.com/appmodules/screenflow/2011/06/avosHostEnvironment.xsd"
                              isByCopy="true"
                              name="double">
                  <description/>
                  <detail>
                     <field name="double" type="double"/>
                  </detail>
               </processObject>
               <processObject xmlns="http://schemas.active-endpoints.com/appmodules/screenflow/2011/06/avosHostEnvironment.xsd"
                              isByCopy="true"
                              name="integer">
                  <description/>
                  <detail>
                     <field name="integer" type="int"/>
                  </detail>
               </processObject>
            </objects>
         </businessConnector>
      </types1:Entry>
      <types1:GUID>a6qua0vAyoUj8IyxdREV6r</types1:GUID>
      <types1:DisplayName>Concur Purchase Orders API v3</types1:DisplayName>
   </types1:Item>
   <types1:CurrentServerDateTime>2019-02-22T09:42:47.81Z</types1:CurrentServerDateTime>
</aetgt:getResponse>
