objectPath,objectName,objectType,id
/Explore,IICS REST API and Git,Project,5S8XyjyuSMKhnZ0FWIAEW7
/Explore/IICS REST API and Git/Connections,Git-Contents-API-actions,AI_CONNECTION,aiONrKnYcz4dGW1B88x6cF
/Explore/IICS REST API and Git/Connections,IICS-REST-API-actions,AI_CONNECTION,9j5KrMALOUNkXCkQQT10mu
/Explore/IICS REST API and Git,SCM Import from Git,PROCESS,5V93R32HnmKcxNu7BIDrYD
/Explore/IICS REST API and Git/Service Connectors,IICS REST API,AI_SERVICE_CONNECTOR,bIx6yjaqGYuiROZvKlxy61
/Explore/IICS REST API and Git,Connections,Folder,7VAudZ5AIjSfRyZjDzNusr
/Explore/IICS REST API and Git,SCM Export to Git,PROCESS,4egcnxeQZNdeWcWbdFjW6Y
/Explore/IICS REST API and Git,Service Connectors,Folder,06f7bqfmeWGiUduUt1hGia
/Explore/IICS REST API and Git/Service Connectors,Git Contents API,AI_SERVICE_CONNECTOR,4m3ATOjPAZ9dF6C4FMVekJ