{
   "exportedObjects": [
      {
         "objectGuid": "almpU5d486xjg3tXw87BET",
         "objectName": "Shared assets",
         "objectType": "Project",
         "path": "/Explore",
         "metadata": {
            "additionalInfo": {
               "contentType": "Binary",
               "description": "This Project contains shared assets",
               "documentState": "COMPLETE"
            },
            "contextAttributes": [],
            "modelVersion": {
               "major": 0,
               "minor": 0
            },
            "objectRefs": [],
            "repoInfo": null
         }
      },
      {
         "objectGuid": "00m3cKr9AGOjGY55vZSASH",
         "objectName": "Service Connectors",
         "objectType": "Folder",
         "path": "/Explore/Shared assets",
         "metadata": {
            "additionalInfo": {
               "contentType": "Binary",
               "description": "",
               "documentState": "COMPLETE"
            },
            "contextAttributes": [],
            "modelVersion": {
               "major": 0,
               "minor": 0
            },
            "objectRefs": [],
            "repoInfo": null
         }
      },
      {
         "objectGuid": "amYrQFFQgBxhQ4Fl31uGsp",
         "objectName": "Concur Digital Tax Invoices API v3",
         "objectType": "AI_SERVICE_CONNECTOR",
         "path": "/Explore/Shared assets/Service Connectors",
         "metadata": {
            "additionalInfo": {
               "contentType": "application/json; charset=utf-8",
               "description": "The regulations of some countries require that clients provide an electronic receipt in digital XML format for each reimbursable expense. In addition, the client must: Store the XML file in order to claim the expense for tax purposes, be able to produce the original XML file in case of audit, and validate the XML file with the government. To help meet this requirement, Concur offers the Digital Tax Invoice feature. For Mexico, the official digital XML file is called Comprobante Fiscal Digital, or CFDi. This API provides methods to view and update digital tax invoices.",
               "documentState": "VALID"
            },
            "contextAttributes": null,
            "modelVersion": {
               "major": 1,
               "minor": 0
            },
            "objectRefs": [],
            "repoInfo": {
               "repoHandle": "XwJH72yIYmWR7hs-gt-3053606-2019-01-23T13:30:36.802Z::svc.xml"
            }
         }
      }
   ]
}