{
   "exportedObjects": [
      {
         "objectGuid": "almpU5d486xjg3tXw87BET",
         "objectName": "Shared assets",
         "objectType": "Project",
         "path": "/Explore",
         "metadata": {
            "additionalInfo": {
               "contentType": "Binary",
               "description": "This Project contains shared assets",
               "documentState": "COMPLETE"
            },
            "contextAttributes": [],
            "modelVersion": {
               "major": 0,
               "minor": 0
            },
            "objectRefs": [],
            "repoInfo": null
         }
      },
      {
         "objectGuid": "00m3cKr9AGOjGY55vZSASH",
         "objectName": "Service Connectors",
         "objectType": "Folder",
         "path": "/Explore/Shared assets",
         "metadata": {
            "additionalInfo": {
               "contentType": "Binary",
               "description": "",
               "documentState": "COMPLETE"
            },
            "contextAttributes": [],
            "modelVersion": {
               "major": 0,
               "minor": 0
            },
            "objectRefs": [],
            "repoInfo": null
         }
      },
      {
         "objectGuid": "0MUywmfA2CXjVaXXeHEQQM",
         "objectName": "Oracle Cloud Infrastructure Compute Snapshots API v18-1-2",
         "objectType": "AI_SERVICE_CONNECTOR",
         "path": "/Explore/Shared assets/Service Connectors",
         "metadata": {
            "additionalInfo": {
               "contentType": "application/json; charset=utf-8",
               "description": "Instance snapshots provide an easy way to create a customized machine image using an existing instance as a template. You can then use this customized machine image to create multiple instances with identical configurations. To clone an instance using an instance snapshot, first create an instance using an appropriate machine image. This instance must use a nonpersistent boot volume. Deleting an instance shuts off and deletes the virtual machine (VM), destroying all customizations made since launch. To preserve the changes made to a VM after launch, create a new machine image of the modified VM by taking a snapshot of the instance. Add this new machine image to an image list, and then use it to create a new instance. \u003cp\u003eYou can create, delete, and view snapshots of an instance using the HTTP requests listed below.\u003c/p\u003e",
               "documentState": "VALID"
            },
            "contextAttributes": null,
            "modelVersion": {
               "major": 1,
               "minor": 0
            },
            "objectRefs": [],
            "repoInfo": {
               "repoHandle": "L2BX9cjIw8jIw8j-gt-217722-2019-02-12T01:15:22.607Z::svc.xml"
            }
         }
      }
   ]
}