{
   "exportedObjects": [
      {
         "objectGuid": "almpU5d486xjg3tXw87BET",
         "objectName": "Shared assets",
         "objectType": "Project",
         "path": "/Explore",
         "metadata": {
            "additionalInfo": {
               "contentType": "Binary",
               "description": "This Project contains shared assets",
               "documentState": "COMPLETE"
            },
            "contextAttributes": [],
            "modelVersion": {
               "major": 0,
               "minor": 0
            },
            "objectRefs": [],
            "repoInfo": null
         }
      },
      {
         "objectGuid": "00m3cKr9AGOjGY55vZSASH",
         "objectName": "Service Connectors",
         "objectType": "Folder",
         "path": "/Explore/Shared assets",
         "metadata": {
            "additionalInfo": {
               "contentType": "Binary",
               "description": "",
               "documentState": "COMPLETE"
            },
            "contextAttributes": [],
            "modelVersion": {
               "major": 0,
               "minor": 0
            },
            "objectRefs": [],
            "repoInfo": null
         }
      },
      {
         "objectGuid": "40XBFATWPfcbd4XMdAgpgL",
         "objectName": "Oracle Cloud Infrastructure Compute IPNetworks API v18-1-2",
         "objectType": "AI_SERVICE_CONNECTOR",
         "path": "/Explore/Shared assets/Service Connectors",
         "metadata": {
            "additionalInfo": {
               "contentType": "application/json; charset=utf-8",
               "description": "An IP network allows you to define an IP subnet in your account. The size of the IP subnet and the set IP addresses in the subnet are determined by the IP address prefix that you specify while creating the IP network. These IP addresses aren't part of the common pool of Oracle-provided IP addresses used by the shared network. When you add an instance to an IP network, the instance is assigned an IP address in that subnet. You can assign IP addresses to instances either statically or dynamically, depending on your business needs. So you have complete control over the IP addresses assigned to your instances. For more information, see \u003ca target=\"_blank\" href=\"http://www.oracle.com/pls/topic/lookup?ctx=stcomputecs\u0026id=STCSG-GUID-B62FE52B-CD56-43D9-AB42-354D5C8C5AA1\"\u003eManaging IP Networks\u003c/a\u003e in \u003cem\u003eUsing Oracle Cloud Infrastructure Compute Classic\u003c/em\u003e",
               "documentState": "VALID"
            },
            "contextAttributes": null,
            "modelVersion": {
               "major": 1,
               "minor": 0
            },
            "objectRefs": [],
            "repoInfo": {
               "repoHandle": "uabdwyOoMdtlI20-gt-2491661-2019-01-28T14:19:04.33Z::svc.xml"
            }
         }
      }
   ]
}