{
   "exportedObjects": [
      {
         "objectGuid": "almpU5d486xjg3tXw87BET",
         "objectName": "Shared assets",
         "objectType": "Project",
         "path": "/Explore",
         "metadata": {
            "additionalInfo": {
               "contentType": "Binary",
               "description": "This Project contains shared assets",
               "documentState": "COMPLETE"
            },
            "contextAttributes": [],
            "modelVersion": {
               "major": 0,
               "minor": 0
            },
            "objectRefs": [],
            "repoInfo": null
         }
      },
      {
         "objectGuid": "00m3cKr9AGOjGY55vZSASH",
         "objectName": "Service Connectors",
         "objectType": "Folder",
         "path": "/Explore/Shared assets",
         "metadata": {
            "additionalInfo": {
               "contentType": "Binary",
               "description": "",
               "documentState": "COMPLETE"
            },
            "contextAttributes": [],
            "modelVersion": {
               "major": 0,
               "minor": 0
            },
            "objectRefs": [],
            "repoInfo": null
         }
      },
      {
         "objectGuid": "95InQHBBnWgkBzH3vl384S",
         "objectName": "Oracle Cloud Infrastructure Compute VirtualNICs API v18-1-2",
         "objectType": "AI_SERVICE_CONNECTOR",
         "path": "/Explore/Shared assets/Service Connectors",
         "metadata": {
            "additionalInfo": {
               "contentType": "application/json; charset=utf-8",
               "description": "A Virtual NIC, or vNIC, is a virtual network interface card that enables an instance to be associated with a network. Instances created after mid-September 2016 using Oracle-provided images support eight vNICs, enabling each instance to be associated with up to eight networks. Virtual NIC is created when you launch an instance using an orchestration and in the network attributes you specify the IP network or shared network that each vNIC of an instance should be associated with. For more information, see \u003ca target=\"_blank\" href=\"http://www.oracle.com/pls/topic/lookup?ctx=stcomputecs\u0026id=STCSG-GUID-6F0236B7-97B0-48D1-B234-437AC0C61344__INSTANCEATTRIBUTES-9574D7F3\"\u003eInstance Attributes\u003c/a\u003e in \u003cem\u003eUsing Oracle Cloud Infrastructure Compute Classic\u003c/em\u003e.",
               "documentState": "VALID"
            },
            "contextAttributes": null,
            "modelVersion": {
               "major": 1,
               "minor": 0
            },
            "objectRefs": [],
            "repoInfo": {
               "repoHandle": "KduDppppppppppp-gt-2067513-2019-02-12T01:15:20.592Z::svc.xml"
            }
         }
      }
   ]
}