<aetgt:getResponse xmlns:aetgt="http://schemas.active-endpoints.com/appmodules/repository/2010/10/avrepository.xsd"
                   xmlns:types1="http://schemas.active-endpoints.com/appmodules/repository/2010/10/avrepository.xsd">
   <types1:Item>
      <types1:EntryId>pMgqdsQR6kbeJHQ-gt-5666999-2019-02-22T03:45:54.257Z::svc.xml</types1:EntryId>
      <types1:Name>Oracle_Eloqua_Marketing_Cloud_Service_Contacts_API_v2</types1:Name>
      <types1:MimeType>application/xml+businesssconnector</types1:MimeType>
      <types1:Description>A contact is a data entity that contains the explicit data around an individual person in the database.&#xD;
&#xD;
&lt;a href='https://docs.oracle.com/cloud/latest/marketingcs_gs/OMCAA/index.html#CSHID=Contacts'&gt;Learn more about contacts&lt;/a&gt;.</types1:Description>
      <types1:AppliesTo/>
      <types1:Tags/>
      <types1:VersionLabel>1.0</types1:VersionLabel>
      <types1:State>CURRENT</types1:State>
      <types1:ProcessGroup/>
      <types1:CreatedBy>sorabh@na1.dm-us.org</types1:CreatedBy>
      <types1:CreationDate>2019-02-22T03:45:54Z</types1:CreationDate>
      <types1:ModifiedBy/>
      <types1:PublicationStatus>published</types1:PublicationStatus>
      <types1:PublishedBy>sorabh@na1.dm-us.org</types1:PublishedBy>
      <types1:PublicationDate>2019-02-22T03:46:02Z</types1:PublicationDate>
      <types1:PublishedContributionId>project:/rt.connector/Oracle_Eloqua_Marketing_Cloud_Service_Contacts_API_v2/Oracle_Eloqua_Marketing_Cloud_Service_Contacts_API_v2_svcDef.xml</types1:PublishedContributionId>
      <types1:AutosaveExists>false</types1:AutosaveExists>
      <types1:Entry>
         <businessConnector xmlns="http://schemas.informatica.com/socrates/data-services/2014/05/business-connector-model.xsd"
                            agentOnly="false"
                            debug="false"
                            displayName="Oracle Eloqua Marketing Cloud Service Contacts API v2"
                            label=""
                            name="Oracle_Eloqua_Marketing_Cloud_Service_Contacts_API_v2"
                            uuid="ce49b3be-d1a6-414e-a0e8-3e6efe787011">
            <description>A contact is a data entity that contains the explicit data around an individual person in the database.&#xD;
&#xD;
&lt;a href='https://docs.oracle.com/cloud/latest/marketingcs_gs/OMCAA/index.html#CSHID=Contacts'&gt;Learn more about contacts&lt;/a&gt;.</description>
            <tags/>
            <connectionAttributes xmlns="http://schemas.informatica.com/appmodules/screenflow/2014/04/avosConnectors.xsd">
               <connectionAttribute description="Host Name"
                                    masked="false"
                                    name="hostName"
                                    required="true"
                                    testWith="apicatalog.oraclecloud.com"
                                    type="string"/>
            </connectionAttributes>
            <actions>
               <action category=""
                       failOnError="true"
                       forSearch="false"
                       label="SearchContactsSEARCHRest20"
                       maxRedirects="100"
                       name="SearchContactsSEARCHRest20"
                       preemptiveAuth="true"
                       responseEncoding="">
                  <description>Retrieve contact information. Retrieves contact information for up to 200 contacts, searched by contact id. Use the &lt;code&gt;depth&lt;/code&gt; parameter when making the request to specify the contact information returned in the response.</description>
                  <input>
                     <parameter description="The request body defines the details of the request."
                                label="search"
                                name="search"
                                required="true"
                                testWith=""
                                type="reference">
                        <options>
                           <option name="referenceTo">EntitySearchByIdsRest20</option>
                        </options>
                     </parameter>
                     <parameter description="The request header &lt;code&gt;X-HTTP-Method-Override&lt;/code&gt; must be set with value &lt;code&gt;SEARCH&lt;/code&gt;."
                                label="X-HTTP-Method-Override"
                                name="X-HTTP-Method-Override"
                                nogen="true"
                                required="true"
                                testWith=""
                                type="string"/>
                  </input>
                  <binding>
                     <restSimpleBinding multiUsing="semicolonSeparated"
                                        url="https://{$hostName}/api/REST/2.0/data/contacts"
                                        verb="POST">
                        <httpHeaders>
                           <header name="Content-Type">application/json</header>
                           <header name="Accept">application/json</header>
                           <header name="X-HTTP-Method-Override">{$X-HTTP-Method-Override}</header>
                        </httpHeaders>
                        <body generateUsing="UnwrappedJSON" preserveJsonStringFormatting="false"/>
                     </restSimpleBinding>
                  </binding>
                  <output>
                     <field description="OK."
                            entireResponse="true"
                            name="ContactRest20"
                            type="reference">
                        <options>
                           <option name="referenceTo">ContactRest20</option>
                        </options>
                     </field>
                  </output>
               </action>
               <action category=""
                       failOnError="true"
                       forSearch="false"
                       label="ListGroupMembershipGETRest20"
                       maxRedirects="100"
                       name="ListGroupMembershipGETRest20"
                       preemptiveAuth="true"
                       responseEncoding="">
                  <description>Retrieve contact list membership information for a contact. Retrieves a list of contact lists that a contact is a member of.</description>
                  <input>
                     <parameter description="Id of the contact to retrieve."
                                label="idPathParam"
                                name="idPathParam"
                                nogen="true"
                                required="true"
                                testWith=""
                                type="int"/>
                  </input>
                  <binding>
                     <restSimpleBinding multiUsing="semicolonSeparated"
                                        url="https://{$hostName}/api/REST/2.0/data/contact/{$idPathParam}/membership"
                                        verb="GET">
                        <httpHeaders>
                           <header name="Content-Type">application/json</header>
                           <header name="Accept">application/json</header>
                        </httpHeaders>
                     </restSimpleBinding>
                  </binding>
                  <output>
                     <field description="OK."
                            entireResponse="true"
                            name="ContactListRest20"
                            type="reference">
                        <options>
                           <option name="referenceTo">ContactListRest20</option>
                        </options>
                     </field>
                  </output>
               </action>
            </actions>
            <objects>
               <processObject xmlns="http://schemas.active-endpoints.com/appmodules/screenflow/2011/06/avosHostEnvironment.xsd"
                              isByCopy="true"
                              name="ContactListRest20">
                  <description/>
                  <detail>
                     <field name="updatedBy" type="string"/>
                     <field name="accessedAt" type="string"/>
                     <field name="currentStatus" type="string"/>
                     <field name="sourceTemplateId" type="string"/>
                     <field name="count" type="string"/>
                     <field name="description" type="string"/>
                     <field name="type" type="string"/>
                     <field name="dataLookupId" type="string"/>
                     <field name="folderId" type="string"/>
                     <field name="membershipDeletions" type="objectlist">
                        <options>
                           <option name="referenceTo">string</option>
                           <option name="relationshipName">Child</option>
                        </options>
                     </field>
                     <field name="createdAt" type="string"/>
                     <field name="depth" type="string"/>
                     <field name="createdBy" type="string"/>
                     <field name="membershipAdditions" type="objectlist">
                        <options>
                           <option name="referenceTo">string</option>
                           <option name="relationshipName">Child</option>
                        </options>
                     </field>
                     <field name="permissions" type="objectlist">
                        <options>
                           <option name="referenceTo">string</option>
                           <option name="relationshipName">Child</option>
                        </options>
                     </field>
                     <field name="scheduledFor" type="string"/>
                     <field name="scope" type="string"/>
                     <field name="name" type="string"/>
                     <field name="id" type="string"/>
                     <field name="updatedAt" type="string"/>
                  </detail>
               </processObject>
               <processObject xmlns="http://schemas.active-endpoints.com/appmodules/screenflow/2011/06/avosHostEnvironment.xsd"
                              isByCopy="true"
                              name="EntitySearchByIdsRest20">
                  <description/>
                  <detail>
                     <field name="depth" type="string"/>
                     <field name="ids" type="objectlist">
                        <options>
                           <option name="referenceTo">int</option>
                           <option name="relationshipName">Child</option>
                        </options>
                     </field>
                     <field name="type" type="string"/>
                  </detail>
               </processObject>
               <processObject xmlns="http://schemas.active-endpoints.com/appmodules/screenflow/2011/06/avosHostEnvironment.xsd"
                              isByCopy="true"
                              name="ContactRest20">
                  <description/>
                  <detail>
                     <field name="lastName" type="string"/>
                     <field name="isBounceback" type="string"/>
                     <field name="country" type="string"/>
                     <field name="accountName" type="string"/>
                     <field name="city" type="string"/>
                     <field name="postalCode" type="string"/>
                     <field name="description" type="string"/>
                     <field name="bouncebackDate" type="string"/>
                     <field name="fieldValues" type="objectlist">
                        <options>
                           <option name="referenceTo">FieldValueRest20</option>
                           <option name="relationshipName">Child</option>
                        </options>
                     </field>
                     <field name="type" type="string"/>
                     <field name="emailFormatPreference" type="string"/>
                     <field name="title" type="string"/>
                     <field name="createdAt" type="string"/>
                     <field name="subscriptionDate" type="string"/>
                     <field name="emailAddress" type="string"/>
                     <field name="isSubscribed" type="string"/>
                     <field name="province" type="string"/>
                     <field name="permissions" type="objectlist">
                        <options>
                           <option name="referenceTo">string</option>
                           <option name="relationshipName">Child</option>
                        </options>
                     </field>
                     <field name="scheduledFor" type="string"/>
                     <field name="id" type="string"/>
                     <field name="fax" type="string"/>
                     <field name="updatedAt" type="string"/>
                     <field name="unsubscriptionDate" type="string"/>
                     <field name="updatedBy" type="string"/>
                     <field name="accessedAt" type="string"/>
                     <field name="address3" type="string"/>
                     <field name="currentStatus" type="string"/>
                     <field name="address2" type="string"/>
                     <field name="stepEntryTime" type="string"/>
                     <field name="address1" type="string"/>
                     <field name="sourceTemplateId" type="string"/>
                     <field name="folderId" type="string"/>
                     <field name="nextEvaluationTime" type="string"/>
                     <field name="firstName" type="string"/>
                     <field name="accountId" type="string"/>
                     <field name="depth" type="string"/>
                     <field name="mobilePhone" type="string"/>
                     <field name="createdBy" type="string"/>
                     <field name="name" type="string"/>
                     <field name="businessPhone" type="string"/>
                     <field name="salesPerson" type="string"/>
                  </detail>
               </processObject>
               <processObject xmlns="http://schemas.active-endpoints.com/appmodules/screenflow/2011/06/avosHostEnvironment.xsd"
                              isByCopy="true"
                              name="FieldValueRest20">
                  <description/>
                  <detail>
                     <field name="name" type="string"/>
                     <field name="id" type="string"/>
                     <field name="type" type="string"/>
                     <field name="value" type="string"/>
                  </detail>
               </processObject>
               <processObject xmlns="http://schemas.active-endpoints.com/appmodules/screenflow/2011/06/avosHostEnvironment.xsd"
                              isByCopy="true"
                              name="string">
                  <description/>
                  <detail>
                     <field name="string" type="string"/>
                  </detail>
               </processObject>
               <processObject xmlns="http://schemas.active-endpoints.com/appmodules/screenflow/2011/06/avosHostEnvironment.xsd"
                              isByCopy="true"
                              name="boolean">
                  <description/>
                  <detail>
                     <field name="boolean" type="boolean"/>
                  </detail>
               </processObject>
               <processObject xmlns="http://schemas.active-endpoints.com/appmodules/screenflow/2011/06/avosHostEnvironment.xsd"
                              isByCopy="true"
                              name="double">
                  <description/>
                  <detail>
                     <field name="double" type="double"/>
                  </detail>
               </processObject>
               <processObject xmlns="http://schemas.active-endpoints.com/appmodules/screenflow/2011/06/avosHostEnvironment.xsd"
                              isByCopy="true"
                              name="integer">
                  <description/>
                  <detail>
                     <field name="integer" type="int"/>
                  </detail>
               </processObject>
            </objects>
         </businessConnector>
      </types1:Entry>
      <types1:GUID>31dIcNIo5xjb60RmcMIuMW</types1:GUID>
      <types1:DisplayName>Oracle Eloqua Marketing Cloud Service Contacts API v2</types1:DisplayName>
   </types1:Item>
   <types1:CurrentServerDateTime>2019-02-22T04:01:43.797Z</types1:CurrentServerDateTime>
</aetgt:getResponse>
