<aetgt:getResponse xmlns:aetgt="http://schemas.active-endpoints.com/appmodules/repository/2010/10/avrepository.xsd"
                   xmlns:types1="http://schemas.active-endpoints.com/appmodules/repository/2010/10/avrepository.xsd">
   <types1:Item>
      <types1:EntryId>rUlxsnCmp6oIuQa-gt-6865769-2020-01-08T00:58:09.278Z::svc.xml</types1:EntryId>
      <types1:Name>Salesforce_Authentication_SOAP_API_v1-0-1</types1:Name>
      <types1:MimeType>application/xml+businesssconnector</types1:MimeType>
      <types1:Description/>
      <types1:AppliesTo/>
      <types1:Tags/>
      <types1:VersionLabel>1.0</types1:VersionLabel>
      <types1:State>CURRENT</types1:State>
      <types1:ProcessGroup/>
      <types1:CreatedBy>sorabh@na1.dm-us.org</types1:CreatedBy>
      <types1:CreationDate>2020-01-08T00:58:09Z</types1:CreationDate>
      <types1:ModifiedBy/>
      <types1:PublicationStatus>published</types1:PublicationStatus>
      <types1:PublishedBy>sorabh@na1.dm-us.org</types1:PublishedBy>
      <types1:PublicationDate>2020-01-08T00:58:16Z</types1:PublicationDate>
      <types1:PublishedContributionId>project:/rt.connector/Salesforce_Authentication_SOAP_API_v1_0_1/Salesforce_Authentication_SOAP_API_v1_0_1_svcDef.xml</types1:PublishedContributionId>
      <types1:AutosaveExists>false</types1:AutosaveExists>
      <types1:Entry>
         <businessConnector xmlns="http://schemas.informatica.com/socrates/data-services/2014/05/business-connector-model.xsd"
                            agentOnly="false"
                            debug="false"
                            displayName="Salesforce Authentication SOAP API v1-0-1"
                            label=""
                            name="Salesforce_Authentication_SOAP_API_v1-0-1"
                            uuid="31a3f08a-1fcd-4134-97fa-52c5b7c76b8a">
            <description/>
            <tags/>
            <connectionAttributes xmlns="http://schemas.informatica.com/appmodules/screenflow/2014/04/avosConnectors.xsd"/>
            <actions>
               <action category=""
                       failOnError="true"
                       forSearch="false"
                       isAbstract="true"
                       label="BaseAction"
                       maxRedirects="100"
                       name="BaseAction"
                       preemptiveAuth="true"
                       responseEncoding="">
                  <description/>
                  <input/>
                  <binding>
                     <restSimpleBinding multiUsing="semicolonSeparated" url="http://localhost/" verb="POST">
                        <httpHeaders>
                           <header name="Content-Type">text/xml; charset=utf-8</header>
                        </httpHeaders>
                        <body/>
                     </restSimpleBinding>
                  </binding>
                  <output/>
               </action>
               <action category=""
                       failOnError="true"
                       forSearch="false"
                       inherits="BaseAction"
                       label="Authenticate"
                       maxRedirects="100"
                       name="Authenticate"
                       preemptiveAuth="true"
                       responseEncoding="">
                  <description/>
                  <inheritanceMetadata>
                     <section type="output">
                        <section type="outputFields"/>
                     </section>
                     <section type="restSimpleBinding">
                        <section type="body">
                           <attribute inherit="overwrite" name="content" type="content"/>
                        </section>
                        <section type="httpHeaders">
                           <attribute inherit="inherit" name="Content-Type" type="header"/>
                        </section>
                        <section type="otherParams"/>
                     </section>
                  </inheritanceMetadata>
                  <input>
                     <parameter name="Authenticate"
                                required="false"
                                testWith=""
                                type="reference">
                        <options>
                           <option name="referenceTo">Authenticate</option>
                        </options>
                     </parameter>
                  </input>
                  <binding>
                     <restSimpleBinding url="http://localhost/" verb="POST">
                        <httpHeaders>
                           <header name="SOAPAction">""</header>
                        </httpHeaders>
                        <body>&lt;soap:Envelope xmlns:soap="http://schemas.xmlsoap.org/soap/envelope/"&gt;
   &lt;soap:Header/&gt;
   &lt;soap:Body&gt;
      &lt;ns:Authenticate xmlns:ns="urn:authentication.soap.sforce.com"&gt;
            &lt;ns:username&gt;{$Authenticate/username/text()}&lt;/ns:username&gt;
            &lt;ns:password&gt;{$Authenticate/password/text()}&lt;/ns:password&gt;
            &lt;ns:sourceIp&gt;{$Authenticate/sourceIp/text()}&lt;/ns:sourceIp&gt;
        &lt;/ns:Authenticate&gt;
   &lt;/soap:Body&gt;
&lt;/soap:Envelope&gt;</body>
                     </restSimpleBinding>
                  </binding>
                  <output>
                     <field description="" name="AuthenticateResult" type="reference">
                        <options>
                           <option name="referenceTo">AuthenticateResult</option>
                        </options>
                        <xquery>{util:simplifyXml(//*[local-name()='AuthenticateResult'])}</xquery>
                     </field>
                  </output>
               </action>
            </actions>
            <objects>
               <processObject xmlns="http://schemas.active-endpoints.com/appmodules/screenflow/2011/06/avosHostEnvironment.xsd"
                              isByCopy="true"
                              name="Authenticate">
                  <description/>
                  <detail>
                     <field name="username" type="string"/>
                     <field name="password" type="string"/>
                     <field name="sourceIp" type="string"/>
                  </detail>
               </processObject>
               <processObject xmlns="http://schemas.active-endpoints.com/appmodules/screenflow/2011/06/avosHostEnvironment.xsd"
                              isByCopy="true"
                              name="AuthenticateResult">
                  <description/>
                  <detail>
                     <field name="Authenticated" type="boolean"/>
                  </detail>
               </processObject>
            </objects>
         </businessConnector>
      </types1:Entry>
      <types1:GUID>adhBoKPuvwIciFzPQNVXUf</types1:GUID>
      <types1:DisplayName>Salesforce Authentication SOAP API v1-0-1</types1:DisplayName>
   </types1:Item>
   <types1:CurrentServerDateTime>2020-01-08T00:58:38.494Z</types1:CurrentServerDateTime>
</aetgt:getResponse>
