<aetgt:getResponse xmlns:aetgt="http://schemas.active-endpoints.com/appmodules/repository/2010/10/avrepository.xsd"
                   xmlns:types1="http://schemas.active-endpoints.com/appmodules/repository/2010/10/avrepository.xsd">
   <types1:Item>
      <types1:EntryId>VEcjzREhNWIsoZd-gt-4369966-2019-06-18T04:33:37.771Z::svc.xml</types1:EntryId>
      <types1:Name>Instagram_API_v1</types1:Name>
      <types1:MimeType>application/xml+businesssconnector</types1:MimeType>
      <types1:Description>Instagram is an online mobile photo-sharing, video-sharing, and social networking service that enables its users to take pictures and videos, and share them either publicly or privately on the app, as well as through a variety of other social networking platforms, such as Facebook, Twitter, Tumblr, and Flickr

Instagram API imposes strict rate limits, see Rate limits page. https://www.instagram.com/developer/limits/

All rate limits on the Instagram Platform are controlled separately for each access token, and on a sliding 1-hour window. Live apps have higher rate limits than apps in Sandbox Mode.</types1:Description>
      <types1:AppliesTo/>
      <types1:Tags/>
      <types1:VersionLabel>1.0</types1:VersionLabel>
      <types1:State>CURRENT</types1:State>
      <types1:ProcessGroup/>
      <types1:CreatedBy>sorabh@na1.dm-us.org</types1:CreatedBy>
      <types1:CreationDate>2019-06-18T04:33:38Z</types1:CreationDate>
      <types1:ModifiedBy>sorabh@na1.dm-us.org</types1:ModifiedBy>
      <types1:ModificationDate>2019-06-18T04:54:58Z</types1:ModificationDate>
      <types1:PublicationStatus>published</types1:PublicationStatus>
      <types1:PublishedBy>sorabh@na1.dm-us.org</types1:PublishedBy>
      <types1:PublicationDate>2019-06-18T04:56:16Z</types1:PublicationDate>
      <types1:PublishedContributionId>project:/rt.connector/Instagram_API_v1/Instagram_API_v1_svcDef.xml</types1:PublishedContributionId>
      <types1:AutosaveExists>false</types1:AutosaveExists>
      <types1:Entry>
         <businessConnector xmlns="http://schemas.informatica.com/socrates/data-services/2014/05/business-connector-model.xsd"
                            agentOnly="false"
                            debug="false"
                            displayName="Instagram API v1"
                            label=""
                            name="Instagram_API_v1"
                            uuid="c8c2d840-b247-489e-a7a7-3a7180379ad1">
            <description>Instagram is an online mobile photo-sharing, video-sharing, and social networking service that enables its users to take pictures and videos, and share them either publicly or privately on the app, as well as through a variety of other social networking platforms, such as Facebook, Twitter, Tumblr, and Flickr

Instagram API imposes strict rate limits, see Rate limits page. https://www.instagram.com/developer/limits/

All rate limits on the Instagram Platform are controlled separately for each access token, and on a sliding 1-hour window. Live apps have higher rate limits than apps in Sandbox Mode.</description>
            <tags/>
            <connectionAttributes xmlns="http://schemas.informatica.com/appmodules/screenflow/2014/04/avosConnectors.xsd">
               <connectionAttribute description="Base Uri of the API"
                                    masked="false"
                                    name="Service URI"
                                    required="true"
                                    testWith="https://api.instagram.com/v1"
                                    type="string"/>
            </connectionAttributes>
            <actions>
               <action category=""
                       failOnError="false"
                       forSearch="false"
                       isAbstract="true"
                       label="AbstractGET"
                       maxRedirects="100"
                       name="AbstractGET"
                       preemptiveAuth="true"
                       responseEncoding="">
                  <description>An Abstract Action defines common API paranmeters</description>
                  <input>
                     <parameter label="Access Token"
                                name="access_token"
                                required="true"
                                testWith="3248273514.4638f78.312de655c5ce4222b0745ea63d72bbfe"
                                type="string"/>
                  </input>
                  <binding>
                     <restSimpleBinding multiUsing="semicolonSeparated" url="{$ServiceURI}" verb="GET"/>
                  </binding>
                  <output>
                     <field description="" name="responseMeta" type="reference">
                        <options>
                           <option name="referenceTo">meta</option>
                        </options>
                        <xquery>{let $payload := fn:replace($RESTResponse/*:payload/text(), "(\\u0001|\\u000b|\\u0003|\\u001b|\\u0010)", '')
let $responseMeta := try {
		util:parseJSON($payload)
        } catch * {
        	&lt;meta&gt;
            	&lt;error_message&gt;Unable to parse JSON Response&lt;/error_message&gt;
                &lt;error_type&gt;Error executing expression&lt;/error_type&gt;
                &lt;code&gt;500&lt;/code&gt;
            &lt;/meta&gt;
        }
return
&lt;meta&gt;
   &lt;error_type&gt;{$responseMeta//error_type/text()}&lt;/error_type&gt;
   &lt;error_message&gt;{$responseMeta//error_message/text()}&lt;/error_message&gt;
   &lt;code&gt;{$responseMeta//code/text()}&lt;/code&gt;
   { for $header in $ResponseHeaders
     return
     &lt;responseHeader&gt;
         &lt;name&gt;{data($header/@name)}&lt;/name&gt;
         &lt;value&gt;{data($header/text())}&lt;/value&gt;
     &lt;/responseHeader&gt;

   }
&lt;/meta&gt;}</xquery>
                     </field>
                  </output>
               </action>
               <action category="Media"
                       failOnError="false"
                       forSearch="false"
                       inherits="AbstractGET"
                       label="Get Media by Short Code"
                       maxRedirects="100"
                       name="Get Media by Short Code"
                       preemptiveAuth="true"
                       responseEncoding="">
                  <description>This endpoint returns the same response as GET /media/media-id.
A media object's shortcode can be found in its shortlink URL. An example shortlink is http://instagram.com/p/tsxp1hhQTG/. Its corresponding shortcode is tsxp1hhQTG.</description>
                  <inheritanceMetadata>
                     <section type="input">
                        <section type="inputParameters">
                           <attribute inherit="inherit" name="access_token" type="parameter"/>
                        </section>
                     </section>
                     <section type="output">
                        <section type="outputFields">
                           <attribute inherit="inherit" name="responseMeta" type="field"/>
                        </section>
                     </section>
                     <section type="restSimpleBinding">
                        <attribute inherit="overwrite" name="url" type="url"/>
                        <section type="httpHeaders"/>
                        <section type="otherParams"/>
                     </section>
                  </inheritanceMetadata>
                  <input>
                     <parameter label="Short Code"
                                name="short_code"
                                nogen="true"
                                required="true"
                                testWith="0-4UP2MVUZ"
                                type="string"/>
                  </input>
                  <binding>
                     <restSimpleBinding url="{$ServiceURI}/media/shortcode/{$short_code}" verb="GET"/>
                  </binding>
                  <output>
                     <field description="" name="mediaDetails" type="reference">
                        <options>
                           <option name="referenceTo">media</option>
                        </options>
                        <xquery>{let $payload := fn:replace($RESTResponse/*:payload/text(), "(\\u0001|\\u000b|\\u0003|\\u001b)", '')
let $payloadXML := try {
		util:parseJSON($payload)
        } catch * {
        	()
        }
return
for $item in $payloadXML
where fn:local-name($item) = "data"
return
$item}</xquery>
                     </field>
                  </output>
               </action>
               <action category="Media"
                       failOnError="false"
                       forSearch="false"
                       inherits="AbstractGET"
                       label="Get Media by Id"
                       maxRedirects="100"
                       name="Get Media by Id"
                       preemptiveAuth="true"
                       responseEncoding="">
                  <description>Get information about a media object. Use the type field to differentiate between image and video media in the response. You will also receive the user_has_liked field which tells you whether the owner of the access_token has liked this media.</description>
                  <inheritanceMetadata>
                     <section type="input">
                        <section type="inputParameters">
                           <attribute inherit="inherit" name="access_token" type="parameter"/>
                        </section>
                     </section>
                     <section type="output">
                        <section type="outputFields">
                           <attribute inherit="inherit" name="responseMeta" type="field"/>
                        </section>
                     </section>
                     <section type="restSimpleBinding">
                        <attribute inherit="overwrite" name="url" type="url"/>
                        <section type="httpHeaders"/>
                        <section type="otherParams"/>
                     </section>
                  </inheritanceMetadata>
                  <input>
                     <parameter label="Media ID"
                                name="media_id"
                                nogen="true"
                                required="true"
                                testWith="1036484202540585490_583248859"
                                type="string"/>
                  </input>
                  <binding>
                     <restSimpleBinding url="{$ServiceURI}/media/{$media_id}" verb="GET">
                        <otherParams>
                           <otherParam name="test"/>
                        </otherParams>
                     </restSimpleBinding>
                  </binding>
                  <output>
                     <field description="" name="media" type="reference">
                        <options>
                           <option name="referenceTo">media</option>
                        </options>
                        <xquery>{let $payload := fn:replace($RESTResponse/*:payload/text(), "(\\u0001|\\u000b|\\u0003|\\u001b|\\u0010)", '')
let $payloadXML := try {
		util:parseJSON($payload)
        } catch * {
        	()
        }
return
for $item in $payloadXML
where fn:local-name($item) = "data"
return
$item}</xquery>
                     </field>
                  </output>
               </action>
               <action category="Media"
                       failOnError="false"
                       forSearch="false"
                       inherits="AbstractGET"
                       label="Media Search"
                       maxRedirects="100"
                       name="Media Search"
                       preemptiveAuth="true"
                       responseEncoding="">
                  <description>Search for recent media in a given area.</description>
                  <inheritanceMetadata>
                     <section type="input">
                        <section type="inputParameters">
                           <attribute inherit="inherit" name="access_token" type="parameter"/>
                        </section>
                     </section>
                     <section type="output">
                        <section type="outputFields">
                           <attribute inherit="inherit" name="responseMeta" type="field"/>
                        </section>
                     </section>
                     <section type="restSimpleBinding">
                        <attribute inherit="extend" name="url" type="url"/>
                        <section type="httpHeaders"/>
                        <section type="otherParams"/>
                     </section>
                  </inheritanceMetadata>
                  <input>
                     <parameter description="Latitude of the center search coordinate. If used, lng is required."
                                label="Latitude"
                                name="lat"
                                required="true"
                                testWith="48.858844"
                                type="double"/>
                     <parameter description="Longitude of the center search coordinate. If used, lat is required."
                                label="Longitude"
                                name="lng"
                                required="true"
                                testWith="2.294351"
                                type="double"/>
                     <parameter description="Distance in meters. Default is 1km (distance=1000), max distance is 5km."
                                label="Distance (meters)"
                                name="distance"
                                required="false"
                                testWith="500"
                                type="int"/>
                  </input>
                  <binding>
                     <restSimpleBinding url="/media/search" verb="GET"/>
                  </binding>
                  <output>
                     <field description="" name="mediaList" type="objectlist">
                        <options>
                           <option name="referenceTo">media</option>
                        </options>
                        <xquery>{let $payload := fn:replace($RESTResponse/*:payload/text(), "(\\u0001|\\u000b|\\u0003|\\u001b|\\u0010)", '')
let $payloadXML := try {
		util:parseJSON($payload)
        } catch * {
        	()
        }
return
for $item in $payloadXML
where fn:local-name($item) = "data"
return
$item}</xquery>
                     </field>
                  </output>
               </action>
               <action category="Relationships"
                       failOnError="false"
                       forSearch="false"
                       inherits="AbstractGET"
                       label="Get Followers"
                       maxRedirects="100"
                       name="Get Followers"
                       preemptiveAuth="true"
                       responseEncoding="">
                  <description>Get the list of users this user follows.</description>
                  <inheritanceMetadata>
                     <section type="input">
                        <section type="inputParameters">
                           <attribute inherit="inherit" name="access_token" type="parameter"/>
                        </section>
                     </section>
                     <section type="output">
                        <section type="outputFields">
                           <attribute inherit="inherit" name="responseMeta" type="field"/>
                        </section>
                     </section>
                     <section type="restSimpleBinding">
                        <attribute inherit="extend" name="url" type="url"/>
                        <section type="httpHeaders"/>
                        <section type="otherParams"/>
                     </section>
                  </inheritanceMetadata>
                  <input/>
                  <binding>
                     <restSimpleBinding url="/users/self/follows" verb="GET"/>
                  </binding>
                  <output>
                     <field description=""
                            name="followers"
                            type="objectlist"
                            xmlElement="data">
                        <options>
                           <option name="referenceTo">user</option>
                        </options>
                     </field>
                     <field description=""
                            name="pagination"
                            type="reference"
                            xmlElement="pagination">
                        <options>
                           <option name="referenceTo">pagination</option>
                        </options>
                     </field>
                  </output>
               </action>
               <action category="Relationships"
                       failOnError="false"
                       forSearch="false"
                       inherits="AbstractGET"
                       label="Get Followed By"
                       maxRedirects="100"
                       name="Get Followed By"
                       preemptiveAuth="true"
                       responseEncoding="">
                  <description>Get the list of users this user is followed by.</description>
                  <inheritanceMetadata>
                     <section type="input">
                        <section type="inputParameters">
                           <attribute inherit="inherit" name="access_token" type="parameter"/>
                        </section>
                     </section>
                     <section type="output">
                        <section type="outputFields">
                           <attribute inherit="inherit" name="responseMeta" type="field"/>
                        </section>
                     </section>
                     <section type="restSimpleBinding">
                        <attribute inherit="extend" name="url" type="url"/>
                        <section type="httpHeaders"/>
                        <section type="otherParams"/>
                     </section>
                  </inheritanceMetadata>
                  <input>
                     <parameter description="Next cursor for the next page"
                                label="Next Cursor"
                                name="cursor"
                                required="false"
                                testWith="AQCy2ZzUe-Z3LXWjzMFQsAQ8D9tDTTAoRDJs7B2PwqGliJICkreHzEsB0umz6tTEWRKH59QiekETVumDHZxDX3JEXxyOf-KFmcmHxYh-aGfEVtoaWI40kQ9onX2bQR30Br0"
                                type="string"/>
                  </input>
                  <binding>
                     <restSimpleBinding url="/users/self/followed-by" verb="GET"/>
                  </binding>
                  <output>
                     <field description=""
                            name="followed_by"
                            type="objectlist"
                            xmlElement="data">
                        <options>
                           <option name="referenceTo">user</option>
                        </options>
                     </field>
                     <field description=""
                            name="pagination"
                            type="reference"
                            xmlElement="pagination">
                        <options>
                           <option name="referenceTo">pagination</option>
                        </options>
                     </field>
                  </output>
               </action>
               <action category="Relationships"
                       failOnError="false"
                       forSearch="false"
                       inherits="AbstractGET"
                       label="Get Requested By"
                       maxRedirects="100"
                       name="Get Requested By"
                       preemptiveAuth="true"
                       responseEncoding="">
                  <description>List the users who have requested this user's permission to follow.</description>
                  <inheritanceMetadata>
                     <section type="input">
                        <section type="inputParameters">
                           <attribute inherit="inherit" name="access_token" type="parameter"/>
                        </section>
                     </section>
                     <section type="output">
                        <section type="outputFields">
                           <attribute inherit="inherit" name="responseMeta" type="field"/>
                        </section>
                     </section>
                     <section type="restSimpleBinding">
                        <attribute inherit="extend" name="url" type="url"/>
                        <section type="httpHeaders"/>
                        <section type="otherParams"/>
                     </section>
                  </inheritanceMetadata>
                  <input/>
                  <binding>
                     <restSimpleBinding url="/users/self/requested-by" verb="GET"/>
                  </binding>
                  <output>
                     <field description=""
                            name="requested_by"
                            type="objectlist"
                            xmlElement="data">
                        <options>
                           <option name="referenceTo">user</option>
                        </options>
                     </field>
                     <field description=""
                            name="pagination"
                            type="string"
                            xmlElement="pagination"/>
                  </output>
               </action>
               <action category="Relationships"
                       failOnError="false"
                       forSearch="false"
                       inherits="AbstractGET"
                       label="Get Relationship Status"
                       maxRedirects="100"
                       name="Get Relationship Status"
                       preemptiveAuth="true"
                       responseEncoding="">
                  <description>Get information about a relationship to another user. Relationships are expressed using the following terms in the response:
outgoing_status: Your relationship to the user. Can be 'follows', 'requested', 'none'.
incoming_status: A user's relationship to you. Can be 'followed_by', 'requested_by', 'blocked_by_you', 'none'.</description>
                  <inheritanceMetadata>
                     <section type="input">
                        <section type="inputParameters">
                           <attribute inherit="inherit" name="access_token" type="parameter"/>
                        </section>
                     </section>
                     <section type="output">
                        <section type="outputFields">
                           <attribute inherit="inherit" name="responseMeta" type="field"/>
                        </section>
                     </section>
                     <section type="restSimpleBinding">
                        <attribute inherit="overwrite" name="url" type="url"/>
                        <section type="httpHeaders"/>
                        <section type="otherParams"/>
                     </section>
                  </inheritanceMetadata>
                  <input>
                     <parameter label="User ID"
                                name="user_id"
                                required="true"
                                testWith="1500009959"
                                type="string"/>
                  </input>
                  <binding>
                     <restSimpleBinding url="{$ServiceURI}/users/{$user_id}/relationship" verb="GET"/>
                  </binding>
                  <output>
                     <field description=""
                            name="relatisnship_status"
                            type="reference"
                            xmlElement="data">
                        <options>
                           <option name="referenceTo">relationship</option>
                        </options>
                     </field>
                  </output>
               </action>
               <action category="Comments"
                       failOnError="false"
                       forSearch="false"
                       inherits="AbstractGET"
                       label="Get Media Comments"
                       maxRedirects="100"
                       name="Get Media Comments"
                       preemptiveAuth="true"
                       responseEncoding="">
                  <description>Get a list of recent comments on a media object. The public_content permission scope is required to get comments for a media that does not belong to the owner of the access_token.</description>
                  <inheritanceMetadata>
                     <section type="input">
                        <section type="inputParameters">
                           <attribute inherit="inherit" name="access_token" type="parameter"/>
                        </section>
                     </section>
                     <section type="output">
                        <section type="outputFields">
                           <attribute inherit="inherit" name="responseMeta" type="field"/>
                        </section>
                     </section>
                     <section type="restSimpleBinding">
                        <attribute inherit="overwrite" name="url" type="url"/>
                        <section type="httpHeaders"/>
                        <section type="otherParams"/>
                     </section>
                  </inheritanceMetadata>
                  <input>
                     <parameter label="Media ID"
                                name="media_id"
                                required="false"
                                testWith="954447853058610457_1130833156"
                                type="string"/>
                  </input>
                  <binding>
                     <restSimpleBinding url="{$ServiceURI}/media/{$media_id}/comments" verb="GET"/>
                  </binding>
                  <output>
                     <field description="" name="comments" type="objectlist">
                        <options>
                           <option name="referenceTo">comment</option>
                        </options>
                        <xquery>{let $payload := fn:replace($RESTResponse/*:payload/text(), "(\\u0001|\\u000b|\\u0003|\\u001b|\\u0010)", '')
let $payloadXML := try {
		util:parseJSON($payload)
        } catch * {
        	()
        }
return
for $item in $payloadXML
where fn:local-name($item) = "data"
return
$item}</xquery>
                     </field>
                  </output>
               </action>
               <action category="Comments"
                       failOnError="false"
                       forSearch="false"
                       label="Create a Comment"
                       maxRedirects="100"
                       name="Create a Comment"
                       preemptiveAuth="true"
                       responseEncoding="">
                  <description>Create a comment on a media object with the following rules:
The total length of the comment cannot exceed 300 characters.
The comment cannot contain more than 4 hashtags.
The comment cannot contain more than 1 URL.
The comment cannot consist of all capital letters.</description>
                  <input>
                     <parameter description="Text to post as a comment on the media object as specified in media-id."
                                label="Comment Text"
                                name="text"
                                required="true"
                                testWith="Test"
                                type="textarea"/>
                     <parameter description="Media ID"
                                label="Media ID"
                                name="media_id"
                                required="true"
                                testWith=""
                                type="string"/>
                  </input>
                  <binding>
                     <restSimpleBinding multiUsing="semicolonSeparated" url="{$ServiceURI}" verb="POST">
                        <body generateUsing="Form"/>
                     </restSimpleBinding>
                  </binding>
                  <output/>
               </action>
               <action category=""
                       failOnError="true"
                       forSearch="false"
                       isAbstract="true"
                       label="AbstractPOST"
                       maxRedirects="100"
                       name="AbstractPOST"
                       preemptiveAuth="true"
                       responseEncoding="">
                  <description>This is an AbstractPOST Operation to be inherited by POST Actions on the Instagram API</description>
                  <input>
                     <parameter label="Access Token"
                                name="access_token"
                                required="true"
                                testWith="1068830703.05bb1f0.127b81edb4914ec5b14bf5f38cb71d06"
                                type="string"/>
                  </input>
                  <binding>
                     <restSimpleBinding multiUsing="semicolonSeparated" url="{$ServiceURI}" verb="POST">
                        <body generateUsing="Form"/>
                     </restSimpleBinding>
                  </binding>
                  <output/>
               </action>
               <action category="Users"
                       failOnError="false"
                       forSearch="false"
                       inherits="AbstractGET"
                       label="Get User Datail Self"
                       maxRedirects="100"
                       name="Get User Datail Self"
                       preemptiveAuth="true"
                       responseEncoding="">
                  <description>Get information about the owner of the access_token.</description>
                  <inheritanceMetadata>
                     <section type="input">
                        <section type="inputParameters">
                           <attribute inherit="inherit" name="access_token" type="parameter"/>
                        </section>
                     </section>
                     <section type="output">
                        <section type="outputFields">
                           <attribute inherit="inherit" name="responseMeta" type="field"/>
                        </section>
                     </section>
                     <section type="restSimpleBinding">
                        <attribute inherit="extend" name="url" type="url"/>
                        <section type="httpHeaders"/>
                        <section type="otherParams"/>
                     </section>
                  </inheritanceMetadata>
                  <input/>
                  <binding>
                     <restSimpleBinding url="/users/self/" verb="GET"/>
                  </binding>
                  <output>
                     <field description="" name="userDetail" type="reference">
                        <options>
                           <option name="referenceTo">userDetail</option>
                        </options>
                        <xquery>{let $payload := fn:replace($RESTResponse/*:payload/text(), "(\\u0001|\\u000b|\\u0003|\\u001b|\\u0010)", '')
let $payloadXML := try {
		util:parseJSON($payload)
        } catch * {
        	()
        }
return
for $item in $payloadXML
where fn:local-name($item) = "data"
return
$item}</xquery>
                     </field>
                  </output>
               </action>
               <action category="Users"
                       failOnError="false"
                       forSearch="false"
                       inherits="AbstractGET"
                       label="Get User Detail"
                       maxRedirects="100"
                       name="Get User Detail"
                       preemptiveAuth="true"
                       responseEncoding="">
                  <description>Get information about a user. This endpoint requires the public_content scope if the user-id is not the owner of the access_token.</description>
                  <inheritanceMetadata>
                     <section type="input">
                        <section type="inputParameters">
                           <attribute inherit="inherit" name="access_token" type="parameter"/>
                        </section>
                     </section>
                     <section type="output">
                        <section type="outputFields">
                           <attribute inherit="inherit" name="responseMeta" type="field"/>
                        </section>
                     </section>
                     <section type="restSimpleBinding">
                        <attribute inherit="overwrite" name="url" type="url"/>
                        <section type="httpHeaders"/>
                        <section type="otherParams"/>
                     </section>
                  </inheritanceMetadata>
                  <input>
                     <parameter label="User ID"
                                name="user_id"
                                nogen="true"
                                required="true"
                                testWith="324569628"
                                type="string"/>
                  </input>
                  <binding>
                     <restSimpleBinding url="{$ServiceURI}/users/{$user_id}/" verb="GET"/>
                  </binding>
                  <output>
                     <field description="" name="userDetail" type="reference">
                        <options>
                           <option name="referenceTo">userDetail</option>
                        </options>
                        <xquery>{let $payload := fn:replace($RESTResponse/*:payload/text(), "(\\u0001|\\u000b|\\u0003|\\u001b|\\u0010)", '')
let $payloadXML := try {
		util:parseJSON($payload)
        } catch * {
        	()
        }
return
for $item in $payloadXML
where fn:local-name($item) = "data" and count( $item/child::element()) &gt; 0
return
$item}</xquery>
                     </field>
                  </output>
               </action>
               <action category="Users"
                       failOnError="false"
                       forSearch="false"
                       inherits="AbstractGET"
                       label="Get User Recent Media Self"
                       maxRedirects="100"
                       name="Get User Recent Media Self"
                       preemptiveAuth="true"
                       responseEncoding="">
                  <description>Get the most recent media published by the owner of the access_token.</description>
                  <inheritanceMetadata>
                     <section type="input">
                        <section type="inputParameters">
                           <attribute inherit="inherit" name="access_token" type="parameter"/>
                        </section>
                     </section>
                     <section type="output">
                        <section type="outputFields">
                           <attribute inherit="inherit" name="responseMeta" type="field"/>
                        </section>
                     </section>
                     <section type="restSimpleBinding">
                        <attribute inherit="extend" name="url" type="url"/>
                        <section type="httpHeaders"/>
                        <section type="otherParams"/>
                     </section>
                  </inheritanceMetadata>
                  <input>
                     <parameter description="Count of media to return."
                                label="Count"
                                name="count"
                                required="false"
                                testWith="5"
                                type="int"/>
                     <parameter description="Return media later than this min_id."
                                label="Min ID"
                                name="min_id"
                                required="false"
                                testWith=""
                                type="string"/>
                     <parameter description="Return media earlier than this max_id."
                                label="Max ID"
                                name="maxid"
                                required="false"
                                testWith=""
                                type="string"/>
                  </input>
                  <binding>
                     <restSimpleBinding url="/users/self/media/recent/" verb="GET"/>
                  </binding>
                  <output>
                     <field description="" name="mediaList" type="objectlist">
                        <options>
                           <option name="referenceTo">media</option>
                        </options>
                        <xquery>{let $payload := fn:replace($RESTResponse/*:payload/text(), "(\\u0001|\\u000b|\\u0003|\\u001b|\\u0010)", '')
let $payloadXML := try {
		util:parseJSON($payload)
        } catch * {
        	()
        }
return
for $item in $payloadXML
where fn:local-name($item) = "data" and count( $item/child::element()) &gt; 0
return
$item}</xquery>
                     </field>
                     <field description="" name="pagination" type="reference">
                        <options>
                           <option name="referenceTo">pagination</option>
                        </options>
                        <xquery>{let $payload := fn:replace($RESTResponse/*:payload/text(), "(\\u0001|\\u000b|\\u0003|\\u001b|\\u0010)", '')
let $payloadXML := try {
		util:parseJSON($payload)
        } catch * {
        	()
        }
return
for $item in $payloadXML
where fn:local-name($item) = "pagination"
return
$item}</xquery>
                     </field>
                  </output>
               </action>
               <action category="Users"
                       failOnError="false"
                       forSearch="false"
                       inherits="AbstractGET"
                       label="Get User Recent Media"
                       maxRedirects="100"
                       name="Get User Recent Media"
                       preemptiveAuth="true"
                       responseEncoding="">
                  <description>Get the most recent media published by a user. This endpoint requires the public_content scope if the user-id is not the owner of the access_token.</description>
                  <inheritanceMetadata>
                     <section type="input">
                        <section type="inputParameters">
                           <attribute inherit="inherit" name="access_token" type="parameter"/>
                        </section>
                     </section>
                     <section type="output">
                        <section type="outputFields">
                           <attribute inherit="inherit" name="responseMeta" type="field"/>
                        </section>
                     </section>
                     <section type="restSimpleBinding">
                        <attribute inherit="overwrite" name="url" type="url"/>
                        <section type="httpHeaders"/>
                        <section type="otherParams"/>
                     </section>
                  </inheritanceMetadata>
                  <input>
                     <parameter description="User ID"
                                label="User ID"
                                name="user_id"
                                nogen="true"
                                required="true"
                                testWith="1675157082"
                                type="string"/>
                     <parameter description="Count of media to return."
                                label="Count"
                                name="count"
                                required="false"
                                testWith="100"
                                type="int"/>
                     <parameter description="Return media later than this min_id."
                                label="Min ID"
                                name="min_id"
                                required="false"
                                testWith=""
                                type="string"/>
                     <parameter description="Return media earlier than this max_id."
                                label="Max ID"
                                name="max_id"
                                required="false"
                                testWith=""
                                type="string"/>
                  </input>
                  <binding>
                     <restSimpleBinding url="{$ServiceURI}/users/{$user_id}/media/recent/" verb="GET"/>
                  </binding>
                  <output>
                     <field description="" name="mediaList" type="objectlist">
                        <options>
                           <option name="referenceTo">media</option>
                        </options>
                        <xquery>{let $payload := fn:replace($RESTResponse/*:payload/text(), "(\\u0001|\\u000b|\\u0003|\\u001b|\\u0010)", '')
let $payloadXML := util:parseJSON($payload)
return
for $item in $payloadXML
where fn:local-name($item) = "data" and count( $item/child::element()) &gt; 0
return
$item}</xquery>
                     </field>
                     <field description="" name="pagination" type="reference">
                        <options>
                           <option name="referenceTo">pagination</option>
                        </options>
                        <xquery>{let $payload := fn:replace($RESTResponse/*:payload/text(), "(\\u0001|\\u000b|\\u0003|\\u001b|\\u0010)", '')
let $payloadXML := util:parseJSON($payload)
return
for $item in $payloadXML
where fn:local-name($item) = "pagination"
return
$item}</xquery>
                     </field>
                  </output>
               </action>
               <action category="Users"
                       failOnError="false"
                       forSearch="false"
                       inherits="AbstractGET"
                       label="Get Media Liked"
                       maxRedirects="100"
                       name="Get Media Liked"
                       preemptiveAuth="true"
                       responseEncoding="">
                  <description>Get the list of recent media liked by the owner of the access_token.</description>
                  <inheritanceMetadata>
                     <section type="input">
                        <section type="inputParameters">
                           <attribute inherit="inherit" name="access_token" type="parameter"/>
                        </section>
                     </section>
                     <section type="output">
                        <section type="outputFields">
                           <attribute inherit="inherit" name="responseMeta" type="field"/>
                        </section>
                     </section>
                     <section type="restSimpleBinding">
                        <attribute inherit="extend" name="url" type="url"/>
                        <section type="httpHeaders"/>
                        <section type="otherParams"/>
                     </section>
                  </inheritanceMetadata>
                  <input>
                     <parameter description="Count of media to return."
                                label="Count"
                                name="count"
                                required="false"
                                testWith=""
                                type="int"/>
                     <parameter description="Return media liked before this id."
                                label="Max Like ID"
                                name="max_like_id"
                                required="false"
                                testWith=""
                                type="string"/>
                  </input>
                  <binding>
                     <restSimpleBinding url="/users/self/media/liked" verb="GET"/>
                  </binding>
                  <output>
                     <field description="" name="Media Liked" type="objectlist">
                        <options>
                           <option name="referenceTo">media</option>
                        </options>
                        <xquery>{let $payload := fn:replace($RESTResponse/*:payload/text(), "(\\u0001|\\u000b|\\u0003|\\u001b|\\u0010)", '')
let $payloadXML := try {
		util:parseJSON($payload)
        } catch * {
        	()
        }
return
for $item in $payloadXML
where fn:local-name($item) = "data" and count( $item/child::element()) &gt; 0
return
$item}</xquery>
                     </field>
                     <field description="" name="pagination" type="reference">
                        <options>
                           <option name="referenceTo">pagination</option>
                        </options>
                        <xquery>{let $payload := fn:replace($RESTResponse/*:payload/text(), "(\\u0001|\\u000b|\\u0003|\\u001b|\\u0010)", '')
let $payloadXML := try {
		util:parseJSON($payload)
        } catch * {
        	()
        }
return
for $item in $payloadXML
where fn:local-name($item) = "pagination"
return
$item}</xquery>
                     </field>
                  </output>
               </action>
               <action category="Users"
                       failOnError="false"
                       forSearch="false"
                       inherits="AbstractGET"
                       label="User Search"
                       maxRedirects="100"
                       name="User Search"
                       preemptiveAuth="true"
                       responseEncoding="">
                  <description>Get a list of users matching the query.</description>
                  <inheritanceMetadata>
                     <section type="input">
                        <section type="inputParameters">
                           <attribute inherit="inherit" name="access_token" type="parameter"/>
                        </section>
                     </section>
                     <section type="output">
                        <section type="outputFields">
                           <attribute inherit="inherit" name="responseMeta" type="field"/>
                        </section>
                     </section>
                     <section type="restSimpleBinding">
                        <attribute inherit="extend" name="url" type="url"/>
                        <section type="httpHeaders"/>
                        <section type="otherParams"/>
                     </section>
                  </inheritanceMetadata>
                  <input>
                     <parameter label="Query String"
                                name="q"
                                required="false"
                                testWith="loreal paris"
                                type="string"/>
                     <parameter description="Number of users to return."
                                label="Count"
                                name="count"
                                required="false"
                                testWith="1"
                                type="int"/>
                  </input>
                  <binding>
                     <restSimpleBinding url="/users/search" verb="GET"/>
                  </binding>
                  <output>
                     <field description=""
                            name="userList"
                            type="objectlist"
                            xmlElement="data">
                        <options>
                           <option name="referenceTo">user</option>
                        </options>
                     </field>
                  </output>
               </action>
               <action category="Likes"
                       failOnError="false"
                       forSearch="false"
                       inherits="AbstractGET"
                       label="Get Media Likes"
                       maxRedirects="100"
                       name="Get Media Likes"
                       preemptiveAuth="true"
                       responseEncoding="">
                  <description>Get a list of users who have liked this media.</description>
                  <inheritanceMetadata>
                     <section type="input">
                        <section type="inputParameters">
                           <attribute inherit="inherit" name="access_token" type="parameter"/>
                        </section>
                     </section>
                     <section type="output">
                        <section type="outputFields">
                           <attribute inherit="inherit" name="responseMeta" type="field"/>
                        </section>
                     </section>
                     <section type="restSimpleBinding">
                        <attribute inherit="overwrite" name="url" type="url"/>
                        <section type="httpHeaders"/>
                        <section type="otherParams"/>
                     </section>
                  </inheritanceMetadata>
                  <input>
                     <parameter description="Media Id"
                                label="Media ID"
                                name="media_id"
                                nogen="true"
                                required="true"
                                testWith="954447853058610457_1130833156"
                                type="string"/>
                  </input>
                  <binding>
                     <restSimpleBinding url="{$ServiceURI}/media/{$media_id}/likes" verb="GET"/>
                  </binding>
                  <output>
                     <field description="" name="mediaLikes" type="objectlist">
                        <options>
                           <option name="referenceTo">user</option>
                        </options>
                        <xquery>{let $payload := fn:replace($RESTResponse/*:payload/text(), "(\\u0001|\\u000b|\\u0003|\\u001b|\\u0010)", '')
let $payloadXML := try {
		util:parseJSON($payload)
        } catch * {
        	()
        }
return
for $item in $payloadXML
where fn:local-name($item) = "data" and count( $item/child::element()) &gt; 0
return
$item}</xquery>
                     </field>
                  </output>
               </action>
               <action category="Tags"
                       failOnError="false"
                       forSearch="false"
                       inherits="AbstractGET"
                       label="Get Tag Info"
                       maxRedirects="100"
                       name="Get Tag Info"
                       preemptiveAuth="true"
                       responseEncoding="">
                  <description>Get information about a tag object.</description>
                  <inheritanceMetadata>
                     <section type="input">
                        <section type="inputParameters">
                           <attribute inherit="inherit" name="access_token" type="parameter"/>
                        </section>
                     </section>
                     <section type="output">
                        <section type="outputFields">
                           <attribute inherit="inherit" name="responseMeta" type="field"/>
                        </section>
                     </section>
                     <section type="restSimpleBinding">
                        <attribute inherit="overwrite" name="url" type="url"/>
                        <section type="httpHeaders"/>
                        <section type="otherParams"/>
                     </section>
                  </inheritanceMetadata>
                  <input>
                     <parameter label="Tag Name"
                                name="tag_name"
                                nogen="true"
                                required="false"
                                testWith="cloud"
                                type="string"/>
                  </input>
                  <binding>
                     <restSimpleBinding url="{$ServiceURI}/tags/{$tag_name}" verb="GET"/>
                  </binding>
                  <output>
                     <field description=""
                            name="tag_info"
                            type="reference"
                            xmlElement="data">
                        <options>
                           <option name="referenceTo">tagInfo</option>
                        </options>
                     </field>
                  </output>
               </action>
               <action category="Tags"
                       failOnError="false"
                       forSearch="false"
                       inherits="AbstractGET"
                       label="Get Tagged Media"
                       maxRedirects="100"
                       name="Get Tagged Media"
                       preemptiveAuth="true"
                       responseEncoding="">
                  <description>Get a list of recently tagged media.</description>
                  <inheritanceMetadata>
                     <section type="input">
                        <section type="inputParameters">
                           <attribute inherit="inherit" name="access_token" type="parameter"/>
                        </section>
                     </section>
                     <section type="output">
                        <section type="outputFields">
                           <attribute inherit="inherit" name="responseMeta" type="field"/>
                        </section>
                     </section>
                     <section type="restSimpleBinding">
                        <attribute inherit="overwrite" name="url" type="url"/>
                        <section type="httpHeaders"/>
                        <section type="otherParams"/>
                     </section>
                  </inheritanceMetadata>
                  <input>
                     <parameter label="Tag Name"
                                name="tag_name"
                                nogen="true"
                                required="false"
                                testWith="cloud"
                                type="string"/>
                     <parameter description="Count of tagged media to return."
                                label="Count"
                                name="COUNT"
                                required="false"
                                testWith="10"
                                type="int"/>
                     <parameter description="Return media before this min_tag_id."
                                label="Min Tag ID"
                                name="MIN_TAG_ID"
                                required="false"
                                testWith=""
                                type="string"/>
                     <parameter label="Max Tag ID"
                                name="MAX_TAG_ID"
                                required="false"
                                testWith=""
                                type="string"/>
                  </input>
                  <binding>
                     <restSimpleBinding url="{$ServiceURI}/tags/{$tag_name}/media/recent" verb="GET"/>
                  </binding>
                  <output>
                     <field description="" name="taggedMedia" type="objectlist">
                        <options>
                           <option name="referenceTo">media</option>
                        </options>
                        <xquery>{let $payload := fn:replace($RESTResponse/*:payload/text(), "(\\u0001|\\u000b|\\u0003|\\u001b|\\u0010)", '')
let $payloadXML := try {
		util:parseJSON($payload)
        } catch * {
        	()
        }
return
for $item in $payloadXML
where fn:local-name($item) = "data" and count( $item/child::element()) &gt; 0
return
$item}</xquery>
                     </field>
                     <field description="" name="pagination" type="reference">
                        <options>
                           <option name="referenceTo">tagPagination</option>
                        </options>
                        <xquery>{let $payload := fn:replace($RESTResponse/*:payload/text(), "(\\u0001|\\u000b|\\u0003|\\u001b|\\u0010)", '')
let $payloadXML := try {
		util:parseJSON($payload)
        } catch * {
        	()
        }
return
for $item in $payloadXML
where fn:local-name($item) = "pagination"
return
$item}</xquery>
                     </field>
                  </output>
               </action>
               <action category="Tags"
                       failOnError="false"
                       forSearch="false"
                       inherits="AbstractGET"
                       label="Tag Search"
                       maxRedirects="100"
                       name="Tag Search"
                       preemptiveAuth="true"
                       responseEncoding="">
                  <description>Search for tags by name</description>
                  <inheritanceMetadata>
                     <section type="input">
                        <section type="inputParameters">
                           <attribute inherit="inherit" name="access_token" type="parameter"/>
                        </section>
                     </section>
                     <section type="output">
                        <section type="outputFields">
                           <attribute inherit="inherit" name="responseMeta" type="field"/>
                        </section>
                     </section>
                     <section type="restSimpleBinding">
                        <attribute inherit="overwrite" name="url" type="url"/>
                        <section type="httpHeaders"/>
                        <section type="otherParams"/>
                     </section>
                  </inheritanceMetadata>
                  <input>
                     <parameter description="A valid tag name without a leading #. (eg. snowy, nofilter)"
                                label="Search String"
                                name="q"
                                required="false"
                                testWith="snowy"
                                type="string"/>
                  </input>
                  <binding>
                     <restSimpleBinding url="{$ServiceURI}/tags/search" verb="GET"/>
                  </binding>
                  <output>
                     <field description=""
                            name="tagList"
                            type="objectlist"
                            xmlElement="data">
                        <options>
                           <option name="referenceTo">tagInfo</option>
                        </options>
                     </field>
                  </output>
               </action>
               <action category="Locations"
                       failOnError="false"
                       forSearch="false"
                       inherits="AbstractGET"
                       label="Get Location Info"
                       maxRedirects="100"
                       name="Get Location Info"
                       preemptiveAuth="true"
                       responseEncoding="">
                  <description>Get information about a location.</description>
                  <inheritanceMetadata>
                     <section type="input">
                        <section type="inputParameters">
                           <attribute inherit="inherit" name="access_token" type="parameter"/>
                        </section>
                     </section>
                     <section type="output">
                        <section type="outputFields">
                           <attribute inherit="inherit" name="responseMeta" type="field"/>
                        </section>
                     </section>
                     <section type="restSimpleBinding">
                        <attribute inherit="overwrite" name="url" type="url"/>
                        <section type="httpHeaders"/>
                        <section type="otherParams"/>
                     </section>
                  </inheritanceMetadata>
                  <input>
                     <parameter label="Location ID"
                                name="location_id"
                                required="false"
                                testWith="213712405"
                                type="int"/>
                  </input>
                  <binding>
                     <restSimpleBinding url="{$ServiceURI}/locations/{$location_id}" verb="GET"/>
                  </binding>
                  <output>
                     <field description=""
                            name="locationInfo"
                            type="reference"
                            xmlElement="data">
                        <options>
                           <option name="referenceTo">location</option>
                        </options>
                     </field>
                  </output>
               </action>
               <action category="Locations"
                       failOnError="false"
                       forSearch="false"
                       inherits="AbstractGET"
                       label="Get Location Media"
                       maxRedirects="100"
                       name="Get Location Media"
                       preemptiveAuth="true"
                       responseEncoding="">
                  <description>Get a list of recent media objects from a given location.</description>
                  <inheritanceMetadata>
                     <section type="input">
                        <section type="inputParameters">
                           <attribute inherit="inherit" name="access_token" type="parameter"/>
                        </section>
                     </section>
                     <section type="output">
                        <section type="outputFields">
                           <attribute inherit="inherit" name="responseMeta" type="field"/>
                        </section>
                     </section>
                     <section type="restSimpleBinding">
                        <attribute inherit="overwrite" name="url" type="url"/>
                        <section type="httpHeaders"/>
                        <section type="otherParams"/>
                     </section>
                  </inheritanceMetadata>
                  <input>
                     <parameter label="Location ID"
                                name="location_id"
                                nogen="true"
                                required="false"
                                testWith="213712405"
                                type="int"/>
                  </input>
                  <binding>
                     <restSimpleBinding url="{$ServiceURI}/locations/{$location_id}/media/recent" verb="GET"/>
                  </binding>
                  <output>
                     <field description="" name="locationMedia" type="objectlist">
                        <options>
                           <option name="referenceTo">media</option>
                        </options>
                        <xquery>{let $payload := fn:replace($RESTResponse/*:payload/text(), "(\\u0001|\\u000b|\\u0003|\\u001b|\\u0010)", '')
let $payloadXML := try {
		util:parseJSON($payload)
        } catch * {
        	()
        }
return
for $item in $payloadXML
where fn:local-name($item) = "data" and count( $item/child::element()) &gt; 0
return
$item}</xquery>
                     </field>
                     <field description="" name="pagination" type="reference">
                        <options>
                           <option name="referenceTo">pagination</option>
                        </options>
                        <xquery>{let $payload := fn:replace($RESTResponse/*:payload/text(), "(\\u0001|\\u000b|\\u0003|\\u001b|\\u0010)", '')
let $payloadXML := try {
		util:parseJSON($payload)
        } catch * {
        	()
        }
return
for $item in $payloadXML
where fn:local-name($item) = "pagination"
return
$item}</xquery>
                     </field>
                  </output>
               </action>
               <action category="Locations"
                       failOnError="false"
                       forSearch="false"
                       inherits="AbstractGET"
                       label="Locations Search"
                       maxRedirects="100"
                       name="Locations Search"
                       preemptiveAuth="true"
                       responseEncoding="">
                  <description>Search for a location by geographic coordinate.</description>
                  <inheritanceMetadata>
                     <section type="input">
                        <section type="inputParameters">
                           <attribute inherit="inherit" name="access_token" type="parameter"/>
                        </section>
                     </section>
                     <section type="output">
                        <section type="outputFields">
                           <attribute inherit="inherit" name="responseMeta" type="field"/>
                        </section>
                     </section>
                     <section type="restSimpleBinding">
                        <attribute inherit="extend" name="url" type="url"/>
                        <section type="httpHeaders"/>
                        <section type="otherParams"/>
                     </section>
                  </inheritanceMetadata>
                  <input>
                     <parameter description="Latitude of the center search coordinate. If used, lng is required."
                                label="Latitude"
                                name="lat"
                                required="false"
                                testWith="48.858844"
                                type="double"/>
                     <parameter description="Longitude of the center search coordinate. If used, lat is required."
                                label="Longitude"
                                name="lng"
                                required="false"
                                testWith="2.294351"
                                type="double"/>
                     <parameter description="Returns a location mapped off of a Facebook places id. If used, lat and lng are not required."
                                label="Facebook Places ID"
                                name="facebook_places_id"
                                required="false"
                                testWith=""
                                type="string"/>
                     <parameter description="Default is 500m (distance=500), max distance is 750."
                                label="Distance (meters)"
                                name="distance"
                                required="false"
                                testWith="500"
                                type="string"/>
                  </input>
                  <binding>
                     <restSimpleBinding url="/locations/search" verb="GET"/>
                  </binding>
                  <output>
                     <field description=""
                            name="locations"
                            type="objectlist"
                            xmlElement="data">
                        <options>
                           <option name="referenceTo">location</option>
                        </options>
                     </field>
                  </output>
               </action>
            </actions>
            <objects>
               <processObject xmlns="http://schemas.active-endpoints.com/appmodules/screenflow/2011/06/avosHostEnvironment.xsd"
                              isByCopy="true"
                              name="response">
                  <description>Generic Instagram API response Object</description>
                  <detail>
                     <field name="data" type="reference">
                        <options>
                           <option name="referenceTo">data</option>
                           <option name="relationshipName">Child</option>
                        </options>
                     </field>
                     <field name="meta" type="reference">
                        <options>
                           <option name="referenceTo">meta</option>
                           <option name="relationshipName">Child</option>
                        </options>
                     </field>
                  </detail>
               </processObject>
               <processObject xmlns="http://schemas.active-endpoints.com/appmodules/screenflow/2011/06/avosHostEnvironment.xsd"
                              isByCopy="true"
                              name="caption">
                  <description>Post Caption</description>
                  <detail>
                     <field name="id" type="double"/>
                     <field name="text" type="string"/>
                     <field name="from" type="reference">
                        <options>
                           <option name="referenceTo">user</option>
                           <option name="relationshipName">Child</option>
                        </options>
                     </field>
                     <field name="created_time" type="int"/>
                  </detail>
               </processObject>
               <processObject xmlns="http://schemas.active-endpoints.com/appmodules/screenflow/2011/06/avosHostEnvironment.xsd"
                              isByCopy="true"
                              name="images">
                  <description>Represents Images Reference (thumbnail low and high resolution link)</description>
                  <detail>
                     <field name="thumbnail" type="reference">
                        <options>
                           <option name="referenceTo">image</option>
                           <option name="relationshipName">Child</option>
                        </options>
                     </field>
                     <field name="low_resolution" type="reference">
                        <options>
                           <option name="referenceTo">image</option>
                           <option name="relationshipName">Child</option>
                        </options>
                     </field>
                     <field name="standard_resolution" type="reference">
                        <options>
                           <option name="referenceTo">image</option>
                           <option name="relationshipName">Child</option>
                        </options>
                     </field>
                  </detail>
               </processObject>
               <processObject xmlns="http://schemas.active-endpoints.com/appmodules/screenflow/2011/06/avosHostEnvironment.xsd"
                              isByCopy="true"
                              name="image">
                  <description>Instagram Image Object</description>
                  <detail>
                     <field name="height" type="int"/>
                     <field name="width" type="int"/>
                     <field name="url" type="image"/>
                  </detail>
               </processObject>
               <processObject xmlns="http://schemas.active-endpoints.com/appmodules/screenflow/2011/06/avosHostEnvironment.xsd"
                              isByCopy="true"
                              name="users_in_photo">
                  <description>Users tagged in the photo</description>
                  <detail>
                     <field name="position" type="reference">
                        <options>
                           <option name="referenceTo">position</option>
                           <option name="relationshipName">Child</option>
                        </options>
                     </field>
                     <field name="user" type="reference">
                        <options>
                           <option name="referenceTo">user</option>
                           <option name="relationshipName">Child</option>
                        </options>
                     </field>
                  </detail>
               </processObject>
               <processObject xmlns="http://schemas.active-endpoints.com/appmodules/screenflow/2011/06/avosHostEnvironment.xsd"
                              isByCopy="true"
                              name="position">
                  <description>Position coordinates</description>
                  <detail>
                     <field name="y" type="double"/>
                     <field name="x" type="double"/>
                  </detail>
               </processObject>
               <processObject xmlns="http://schemas.active-endpoints.com/appmodules/screenflow/2011/06/avosHostEnvironment.xsd"
                              isByCopy="true"
                              name="comments">
                  <description>Comments List</description>
                  <detail>
                     <field name="count" type="int"/>
                     <field name="data" type="objectlist">
                        <options>
                           <option name="referenceTo">comment</option>
                           <option name="relationshipName">Child</option>
                        </options>
                     </field>
                  </detail>
               </processObject>
               <processObject xmlns="http://schemas.active-endpoints.com/appmodules/screenflow/2011/06/avosHostEnvironment.xsd"
                              isByCopy="true"
                              name="media">
                  <description>This Object represents Media Detail from Instagram response (data part of the response)</description>
                  <detail>
                     <field name="tags" type="objectlist">
                        <options>
                           <option name="referenceTo">tag</option>
                           <option name="relationshipName">Child</option>
                        </options>
                     </field>
                     <field name="location" type="reference">
                        <options>
                           <option name="referenceTo">location</option>
                           <option name="relationshipName">Child</option>
                        </options>
                     </field>
                     <field name="link" type="url"/>
                     <field name="user_has_liked" type="string"/>
                     <field name="caption" type="reference">
                        <options>
                           <option name="referenceTo">caption</option>
                           <option name="relationshipName">Child</option>
                        </options>
                     </field>
                     <field name="type" type="string"/>
                     <field name="id" type="string"/>
                     <field name="likes" type="reference">
                        <options>
                           <option name="referenceTo">list</option>
                           <option name="relationshipName">Child</option>
                        </options>
                     </field>
                     <field name="images" type="reference">
                        <options>
                           <option name="referenceTo">images</option>
                           <option name="relationshipName">Child</option>
                        </options>
                     </field>
                     <field name="users_in_photo" type="reference">
                        <options>
                           <option name="referenceTo">users_in_photo</option>
                           <option name="relationshipName">Child</option>
                        </options>
                     </field>
                     <field name="created_time" type="int"/>
                     <field name="user" type="reference">
                        <options>
                           <option name="referenceTo">from</option>
                           <option name="relationshipName">Child</option>
                        </options>
                     </field>
                     <field name="attribution" type="string"/>
                     <field name="comments" type="reference">
                        <options>
                           <option name="referenceTo">comments</option>
                           <option name="relationshipName">Child</option>
                        </options>
                     </field>
                     <field name="filter" type="string"/>
                     <field name="videos" type="reference">
                        <options>
                           <option name="referenceTo">videos</option>
                           <option name="relationshipName">Child</option>
                        </options>
                     </field>
                  </detail>
               </processObject>
               <processObject xmlns="http://schemas.active-endpoints.com/appmodules/screenflow/2011/06/avosHostEnvironment.xsd"
                              isByCopy="true"
                              name="location">
                  <description>Location reference</description>
                  <detail>
                     <field name="id" type="int"/>
                     <field name="name" type="string"/>
                     <field name="longitude" type="double"/>
                     <field name="latitude" type="double"/>
                  </detail>
               </processObject>
               <processObject xmlns="http://schemas.active-endpoints.com/appmodules/screenflow/2011/06/avosHostEnvironment.xsd"
                              isByCopy="true"
                              name="list">
                  <description>List of generic objects with counter</description>
                  <detail>
                     <field name="count" type="int"/>
                     <field name="data" type="reference"/>
                  </detail>
               </processObject>
               <processObject xmlns="http://schemas.active-endpoints.com/appmodules/screenflow/2011/06/avosHostEnvironment.xsd"
                              isByCopy="true"
                              name="user">
                  <description>Instagram User</description>
                  <detail>
                     <field name="id" type="double"/>
                     <field name="username" type="string"/>
                     <field name="profile_picture" type="image"/>
                     <field name="full_name" type="string"/>
                  </detail>
               </processObject>
               <processObject xmlns="http://schemas.active-endpoints.com/appmodules/screenflow/2011/06/avosHostEnvironment.xsd"
                              isByCopy="true"
                              name="videos">
                  <description>video reference</description>
                  <detail>
                     <field name="low_resolution" type="reference">
                        <options>
                           <option name="referenceTo">video</option>
                           <option name="relationshipName">Child</option>
                        </options>
                     </field>
                     <field name="low_bandwidth" type="reference">
                        <options>
                           <option name="referenceTo">video</option>
                           <option name="relationshipName">Child</option>
                        </options>
                     </field>
                     <field name="standard_resolution" type="reference">
                        <options>
                           <option name="referenceTo">video</option>
                           <option name="relationshipName">Child</option>
                        </options>
                     </field>
                  </detail>
               </processObject>
               <processObject xmlns="http://schemas.active-endpoints.com/appmodules/screenflow/2011/06/avosHostEnvironment.xsd"
                              isByCopy="true"
                              name="tag">
                  <description>Object represents Tag for the Instagram POST</description>
                  <detail>
                     <field name="tag" type="string"/>
                  </detail>
               </processObject>
               <processObject xmlns="http://schemas.active-endpoints.com/appmodules/screenflow/2011/06/avosHostEnvironment.xsd"
                              isByCopy="true"
                              name="relationship">
                  <description>Relationship object</description>
                  <detail>
                     <field name="incoming_status" type="string"/>
                     <field name="target_user_is_private" type="string"/>
                     <field name="outgoing_status" type="string"/>
                  </detail>
               </processObject>
               <processObject xmlns="http://schemas.active-endpoints.com/appmodules/screenflow/2011/06/avosHostEnvironment.xsd"
                              isByCopy="true"
                              name="userDetail">
                  <description>Information about a user.</description>
                  <detail>
                     <field name="id" type="int"/>
                     <field name="username" type="string"/>
                     <field name="profile_picture" type="image"/>
                     <field name="bio" type="string"/>
                     <field name="website" type="string"/>
                     <field name="counts" type="reference">
                        <options>
                           <option name="referenceTo">counts</option>
                           <option name="relationshipName">Child</option>
                        </options>
                     </field>
                     <field name="full_name" type="string"/>
                  </detail>
               </processObject>
               <processObject xmlns="http://schemas.active-endpoints.com/appmodules/screenflow/2011/06/avosHostEnvironment.xsd"
                              isByCopy="true"
                              name="counts">
                  <description>An automatically generated process object</description>
                  <detail>
                     <field name="follows" type="int"/>
                     <field name="followed_by" type="int"/>
                     <field name="media" type="int"/>
                  </detail>
               </processObject>
               <processObject xmlns="http://schemas.active-endpoints.com/appmodules/screenflow/2011/06/avosHostEnvironment.xsd"
                              isByCopy="true"
                              name="tagInfo">
                  <description>Tag Object Details</description>
                  <detail>
                     <field name="name" type="string"/>
                     <field name="media_count" type="int"/>
                  </detail>
               </processObject>
               <processObject xmlns="http://schemas.active-endpoints.com/appmodules/screenflow/2011/06/avosHostEnvironment.xsd"
                              isByCopy="true"
                              name="meta">
                  <description>Meta part of the response, typically contains response code, error status and message</description>
                  <detail>
                     <field name="error_type" type="string"/>
                     <field name="error_message" type="string"/>
                     <field name="code" type="int"/>
                     <field name="headers" type="objectlist">
                        <options>
                           <option name="referenceTo">responseHeader</option>
                           <option name="relationshipName">Child</option>
                        </options>
                     </field>
                  </detail>
               </processObject>
               <processObject xmlns="http://schemas.active-endpoints.com/appmodules/screenflow/2011/06/avosHostEnvironment.xsd"
                              isByCopy="true"
                              name="responseHeader">
                  <description/>
                  <detail>
                     <field name="name" type="string"/>
                     <field name="value" type="string"/>
                  </detail>
               </processObject>
               <processObject xmlns="http://schemas.active-endpoints.com/appmodules/screenflow/2011/06/avosHostEnvironment.xsd"
                              isByCopy="true"
                              name="pagination">
                  <description>An automatically generated process object</description>
                  <detail>
                     <field name="next_url" type="string"/>
                     <field name="next_max_id" type="string"/>
                     <field name="next_cursor" type="string"/>
                  </detail>
               </processObject>
               <processObject xmlns="http://schemas.active-endpoints.com/appmodules/screenflow/2011/06/avosHostEnvironment.xsd"
                              isByCopy="true"
                              name="likes">
                  <description>Represents List of Likes with Counter and user references</description>
                  <detail>
                     <field name="count" type="int"/>
                     <field name="data" type="objectlist">
                        <options>
                           <option name="referenceTo">user</option>
                           <option name="relationshipName">Child</option>
                        </options>
                     </field>
                  </detail>
               </processObject>
               <processObject xmlns="http://schemas.active-endpoints.com/appmodules/screenflow/2011/06/avosHostEnvironment.xsd"
                              isByCopy="true"
                              name="comment">
                  <description>Post Comment</description>
                  <detail>
                     <field name="id" type="int"/>
                     <field name="text" type="string"/>
                     <field name="from" type="reference">
                        <options>
                           <option name="referenceTo">user</option>
                           <option name="relationshipName">Child</option>
                        </options>
                     </field>
                     <field name="created_time" type="int"/>
                  </detail>
               </processObject>
               <processObject xmlns="http://schemas.active-endpoints.com/appmodules/screenflow/2011/06/avosHostEnvironment.xsd"
                              isByCopy="true"
                              name="video">
                  <description>Represents Video Object</description>
                  <detail>
                     <field name="url" type="url"/>
                     <field name="width" type="int"/>
                     <field name="height" type="string"/>
                  </detail>
               </processObject>
               <processObject xmlns="http://schemas.active-endpoints.com/appmodules/screenflow/2011/06/avosHostEnvironment.xsd"
                              isByCopy="true"
                              name="tagPagination">
                  <description>Object returned for paging tag based searches</description>
                  <detail>
                     <field name="min_tag_id" type="string"/>
                     <field name="next_min_tag_id" type="string"/>
                     <field name="next_url" type="url"/>
                     <field name="next_max_tag_id" type="string"/>
                  </detail>
               </processObject>
               <processObject xmlns="http://schemas.active-endpoints.com/appmodules/screenflow/2011/06/avosHostEnvironment.xsd"
                              isByCopy="true"
                              name="mediaListStats">
                  <description>This object represents media list stats per result page, this structure is not used by Instagram API. You can use  this object to aggregate results, and post statistic</description>
                  <detail>
                     <field name="count_items" type="int"/>
                     <field name="count_likes" type="int"/>
                     <field name="count_comments" type="int"/>
                     <field name="count_tags" type="int"/>
                     <field name="count_tags_dictinct" type="int"/>
                  </detail>
               </processObject>
            </objects>
         </businessConnector>
      </types1:Entry>
      <types1:GUID>2Jvpzm9aI9FlBPuLfzln2d</types1:GUID>
      <types1:DisplayName>Instagram API v1</types1:DisplayName>
   </types1:Item>
   <types1:CurrentServerDateTime>2019-06-18T05:06:46.737Z</types1:CurrentServerDateTime>
</aetgt:getResponse>
