<aetgt:getResponse xmlns:aetgt="http://schemas.active-endpoints.com/appmodules/repository/2010/10/avrepository.xsd"
                   xmlns:types1="http://schemas.active-endpoints.com/appmodules/repository/2010/10/avrepository.xsd">
   <types1:Item>
      <types1:EntryId>yDQeH2PKDC0hCHb-gt-1505066-2019-11-15T00:47:27.393Z::svc.xml</types1:EntryId>
      <types1:Name>SAP_S4HANA_Read_Cost_Center_Data_API_v1</types1:Name>
      <types1:MimeType>application/xml+businesssconnector</types1:MimeType>
      <types1:Description>Cost Center Data Provider</types1:Description>
      <types1:AppliesTo/>
      <types1:Tags/>
      <types1:VersionLabel>1.0</types1:VersionLabel>
      <types1:State>CURRENT</types1:State>
      <types1:ProcessGroup/>
      <types1:CreatedBy>sorabh@na1.dm-us.org</types1:CreatedBy>
      <types1:CreationDate>2019-11-15T00:47:27Z</types1:CreationDate>
      <types1:ModifiedBy/>
      <types1:PublicationStatus>published</types1:PublicationStatus>
      <types1:PublishedBy>sorabh@na1.dm-us.org</types1:PublishedBy>
      <types1:PublicationDate>2019-11-15T00:47:30Z</types1:PublicationDate>
      <types1:PublishedContributionId>project:/rt.connector/SAP_S4HANA_Read_Cost_Center_Data_API_v1/SAP_S4HANA_Read_Cost_Center_Data_API_v1_svcDef.xml</types1:PublishedContributionId>
      <types1:AutosaveExists>false</types1:AutosaveExists>
      <types1:Entry>
         <businessConnector xmlns="http://schemas.informatica.com/socrates/data-services/2014/05/business-connector-model.xsd"
                            agentOnly="false"
                            debug="false"
                            displayName="SAP S4HANA Read Cost Center Data API v1"
                            label=""
                            name="SAP_S4HANA_Read_Cost_Center_Data_API_v1"
                            uuid="5b09a63f-4d47-4225-bef3-b944b41eabdf">
            <description>Cost Center Data Provider</description>
            <tags/>
            <connectionAttributes xmlns="http://schemas.informatica.com/appmodules/screenflow/2014/04/avosConnectors.xsd">
               <connectionAttribute description="Host Name"
                                    masked="false"
                                    name="hostName"
                                    required="true"
                                    testWith="sandbox.api.sap.com"
                                    type="string"/>
               <connectionAttribute description="User Name"
                                    masked="false"
                                    name="username"
                                    required="true"
                                    testWith=""
                                    type="string"/>
               <connectionAttribute description="Password"
                                    masked="true"
                                    name="password"
                                    required="true"
                                    testWith=""
                                    type="string"/>
            </connectionAttributes>
            <actions>
               <action category="CostCenterCollection"
                       failOnError="true"
                       forSearch="false"
                       label="GET_CostCenterCollection_CompanyCode_CompanyCode_CostCenterID_CostCenterID_ValidityEndDate_ValidityEndDate_"
                       maxRedirects="100"
                       name="GET_CostCenterCollection_CompanyCode_CompanyCode_CostCenterID_CostCenterID_ValidityEndDate_ValidityEndDate_"
                       preemptiveAuth="true"
                       responseEncoding="">
                  <description>Get entity from CostCenterCollection by key. Returns the entity with the key from CostCenterCollection</description>
                  <input>
                     <parameter description="key: CompanyCode"
                                label="CompanyCodePathParam"
                                name="CompanyCodePathParam"
                                nogen="true"
                                required="true"
                                testWith=""
                                type="string"/>
                     <parameter description="key: CostCenterID"
                                label="CostCenterIDPathParam"
                                name="CostCenterIDPathParam"
                                nogen="true"
                                required="true"
                                testWith=""
                                type="string"/>
                     <parameter description="key: ValidityEndDate"
                                label="ValidityEndDatePathParam"
                                name="ValidityEndDatePathParam"
                                nogen="true"
                                required="true"
                                testWith=""
                                type="string"/>
                     <parameter description="Select properties to be returned, see [OData Select](http://docs.oasis-open.org/odata/odata/v4.0/errata02/os/complete/part1-protocol/odata-v4.0-errata02-os-part1-protocol-complete.html#_Toc406398297)"
                                label="$select"
                                name="$select"
                                required="false"
                                testWith=""
                                type="objectlist">
                        <options>
                           <option name="referenceTo">string</option>
                        </options>
                     </parameter>
                     <parameter description="Expand related entities, see [OData Expand](http://docs.oasis-open.org/odata/odata/v4.0/errata02/os/complete/part1-protocol/odata-v4.0-errata02-os-part1-protocol-complete.html#_Toc406398298)"
                                label="$expand"
                                name="$expand"
                                required="false"
                                testWith=""
                                type="objectlist">
                        <options>
                           <option name="referenceTo">string</option>
                        </options>
                     </parameter>
                  </input>
                  <binding>
                     <restSimpleBinding multiUsing="semicolonSeparated"
                                        url="https://{$hostName}/s4hanacloud/sap/opu/odata/sap/FCO_PI_COST_CENTER/CostCenterCollection(CompanyCode='{$CompanyCodePathParam}',CostCenterID='{$CostCenterIDPathParam}',ValidityEndDate={$ValidityEndDatePathParam})"
                                        verb="GET">
                        <authentication>
                           <username>{$username}</username>
                           <password>{$password}</password>
                           <isExpressionInPassword>true</isExpressionInPassword>
                        </authentication>
                        <httpHeaders>
                           <header name="Content-Type">application/json</header>
                           <header name="Accept">application/json</header>
                        </httpHeaders>
                     </restSimpleBinding>
                  </binding>
                  <output>
                     <field description="EntitySet CostCenterCollection"
                            entireResponse="true"
                            name="FCO_PI_COST_CENTER_CostCenter"
                            type="reference">
                        <options>
                           <option name="referenceTo">FCO_PI_COST_CENTER_CostCenter</option>
                        </options>
                     </field>
                  </output>
               </action>
               <action category="CostCenterTextCollection"
                       failOnError="true"
                       forSearch="false"
                       label="GET_CostCenterTextCollection"
                       maxRedirects="100"
                       name="GET_CostCenterTextCollection"
                       preemptiveAuth="true"
                       responseEncoding="">
                  <description>Get entities from entity set CostCenterTextCollection. Get entities from entity set CostCenterTextCollection</description>
                  <input>
                     <parameter description="Show only the first n elements, see [OData Paging - Top](http://docs.oasis-open.org/odata/odata/v4.0/errata02/os/complete/part1-protocol/odata-v4.0-errata02-os-part1-protocol-complete.html#_Toc406398306)"
                                label="$top"
                                name="$top"
                                required="false"
                                testWith=""
                                type="int"/>
                     <parameter description="Skip the first n elements, see [OData Paging - Skip](http://docs.oasis-open.org/odata/odata/v4.0/errata02/os/complete/part1-protocol/odata-v4.0-errata02-os-part1-protocol-complete.html#_Toc406398307)"
                                label="$skip"
                                name="$skip"
                                required="false"
                                testWith=""
                                type="int"/>
                     <parameter description="Filter elements by property values, see [OData Filtering](http://docs.oasis-open.org/odata/odata/v4.0/errata02/os/complete/part1-protocol/odata-v4.0-errata02-os-part1-protocol-complete.html#_Toc406398301)"
                                label="$filter"
                                name="$filter"
                                required="false"
                                testWith=""
                                type="string"/>
                     <parameter description="Include count of items, see [OData Count](http://www.odata.org/documentation/odata-version-2-0/uri-conventions/#InlinecountSystemQueryOption)"
                                label="$inlinecount"
                                name="$inlinecount"
                                required="false"
                                testWith=""
                                type="picklist">
                        <options>
                           <option name="values">[{"value":"allpages","label":"allpages"},{"value":"none","label":"none"}]</option>
                        </options>
                     </parameter>
                     <parameter description="Order by property values, see [OData Sorting](http://docs.oasis-open.org/odata/odata/v4.0/errata02/os/complete/part1-protocol/odata-v4.0-errata02-os-part1-protocol-complete.html#_Toc406398305)"
                                label="$orderby"
                                name="$orderby"
                                required="false"
                                testWith=""
                                type="objectlist">
                        <options>
                           <option name="referenceTo">string</option>
                        </options>
                     </parameter>
                     <parameter description="Select properties to be returned, see [OData Select](http://docs.oasis-open.org/odata/odata/v4.0/errata02/os/complete/part1-protocol/odata-v4.0-errata02-os-part1-protocol-complete.html#_Toc406398297)"
                                label="$select"
                                name="$select"
                                required="false"
                                testWith=""
                                type="objectlist">
                        <options>
                           <option name="referenceTo">string</option>
                        </options>
                     </parameter>
                  </input>
                  <binding>
                     <restSimpleBinding multiUsing="semicolonSeparated"
                                        url="https://{$hostName}/s4hanacloud/sap/opu/odata/sap/FCO_PI_COST_CENTER/CostCenterTextCollection"
                                        verb="GET">
                        <authentication>
                           <username>{$username}</username>
                           <password>{$password}</password>
                           <isExpressionInPassword>true</isExpressionInPassword>
                        </authentication>
                        <httpHeaders>
                           <header name="Content-Type">application/json</header>
                           <header name="Accept">application/json</header>
                        </httpHeaders>
                     </restSimpleBinding>
                  </binding>
                  <output>
                     <field description="EntitySet CostCenterTextCollection"
                            entireResponse="true"
                            name="entireResponse"
                            type="object"/>
                  </output>
               </action>
               <action category="CostCenterCollection"
                       failOnError="true"
                       forSearch="false"
                       label="GET_CostCenterCollection"
                       maxRedirects="100"
                       name="GET_CostCenterCollection"
                       preemptiveAuth="true"
                       responseEncoding="">
                  <description>Get entities from entity set CostCenterCollection. Get entities from entity set CostCenterCollection</description>
                  <input>
                     <parameter description="Show only the first n elements, see [OData Paging - Top](http://docs.oasis-open.org/odata/odata/v4.0/errata02/os/complete/part1-protocol/odata-v4.0-errata02-os-part1-protocol-complete.html#_Toc406398306)"
                                label="$top"
                                name="$top"
                                required="false"
                                testWith=""
                                type="int"/>
                     <parameter description="Skip the first n elements, see [OData Paging - Skip](http://docs.oasis-open.org/odata/odata/v4.0/errata02/os/complete/part1-protocol/odata-v4.0-errata02-os-part1-protocol-complete.html#_Toc406398307)"
                                label="$skip"
                                name="$skip"
                                required="false"
                                testWith=""
                                type="int"/>
                     <parameter description="Filter elements by property values, see [OData Filtering](http://docs.oasis-open.org/odata/odata/v4.0/errata02/os/complete/part1-protocol/odata-v4.0-errata02-os-part1-protocol-complete.html#_Toc406398301)"
                                label="$filter"
                                name="$filter"
                                required="false"
                                testWith=""
                                type="string"/>
                     <parameter description="Include count of items, see [OData Count](http://www.odata.org/documentation/odata-version-2-0/uri-conventions/#InlinecountSystemQueryOption)"
                                label="$inlinecount"
                                name="$inlinecount"
                                required="false"
                                testWith=""
                                type="picklist">
                        <options>
                           <option name="values">[{"value":"allpages","label":"allpages"},{"value":"none","label":"none"}]</option>
                        </options>
                     </parameter>
                     <parameter description="Order by property values, see [OData Sorting](http://docs.oasis-open.org/odata/odata/v4.0/errata02/os/complete/part1-protocol/odata-v4.0-errata02-os-part1-protocol-complete.html#_Toc406398305)"
                                label="$orderby"
                                name="$orderby"
                                required="false"
                                testWith=""
                                type="objectlist">
                        <options>
                           <option name="referenceTo">string</option>
                        </options>
                     </parameter>
                     <parameter description="Select properties to be returned, see [OData Select](http://docs.oasis-open.org/odata/odata/v4.0/errata02/os/complete/part1-protocol/odata-v4.0-errata02-os-part1-protocol-complete.html#_Toc406398297)"
                                label="$select"
                                name="$select"
                                required="false"
                                testWith=""
                                type="objectlist">
                        <options>
                           <option name="referenceTo">string</option>
                        </options>
                     </parameter>
                     <parameter description="Expand related entities, see [OData Expand](http://docs.oasis-open.org/odata/odata/v4.0/errata02/os/complete/part1-protocol/odata-v4.0-errata02-os-part1-protocol-complete.html#_Toc406398298)"
                                label="$expand"
                                name="$expand"
                                required="false"
                                testWith=""
                                type="objectlist">
                        <options>
                           <option name="referenceTo">string</option>
                        </options>
                     </parameter>
                  </input>
                  <binding>
                     <restSimpleBinding multiUsing="semicolonSeparated"
                                        url="https://{$hostName}/s4hanacloud/sap/opu/odata/sap/FCO_PI_COST_CENTER/CostCenterCollection"
                                        verb="GET">
                        <authentication>
                           <username>{$username}</username>
                           <password>{$password}</password>
                           <isExpressionInPassword>true</isExpressionInPassword>
                        </authentication>
                        <httpHeaders>
                           <header name="Content-Type">application/json</header>
                           <header name="Accept">application/json</header>
                        </httpHeaders>
                     </restSimpleBinding>
                  </binding>
                  <output>
                     <field description="EntitySet CostCenterCollection"
                            entireResponse="true"
                            name="entireResponse"
                            type="object"/>
                  </output>
               </action>
               <action category="CostCenterTextCollection"
                       failOnError="true"
                       forSearch="false"
                       label="GET_CostCenterTextCollection_CompanyCode_CompanyCode_CostCenterID_CostCenterID_ValidityEndDate_ValidityEndDate_Language_Language_"
                       maxRedirects="100"
                       name="GET_CostCenterTextCollection_CompanyCode_CompanyCode_CostCenterID_CostCenterID_ValidityEndDate_ValidityEndDate_Language_Language_"
                       preemptiveAuth="true"
                       responseEncoding="">
                  <description>Get entity from CostCenterTextCollection by key. Returns the entity with the key from CostCenterTextCollection</description>
                  <input>
                     <parameter description="key: CompanyCode"
                                label="CompanyCodePathParam"
                                name="CompanyCodePathParam"
                                nogen="true"
                                required="true"
                                testWith=""
                                type="string"/>
                     <parameter description="key: CostCenterID"
                                label="CostCenterIDPathParam"
                                name="CostCenterIDPathParam"
                                nogen="true"
                                required="true"
                                testWith=""
                                type="string"/>
                     <parameter description="key: ValidityEndDate"
                                label="ValidityEndDatePathParam"
                                name="ValidityEndDatePathParam"
                                nogen="true"
                                required="true"
                                testWith=""
                                type="string"/>
                     <parameter description="key: Language"
                                label="LanguagePathParam"
                                name="LanguagePathParam"
                                nogen="true"
                                required="true"
                                testWith=""
                                type="string"/>
                     <parameter description="Select properties to be returned, see [OData Select](http://docs.oasis-open.org/odata/odata/v4.0/errata02/os/complete/part1-protocol/odata-v4.0-errata02-os-part1-protocol-complete.html#_Toc406398297)"
                                label="$select"
                                name="$select"
                                required="false"
                                testWith=""
                                type="objectlist">
                        <options>
                           <option name="referenceTo">string</option>
                        </options>
                     </parameter>
                  </input>
                  <binding>
                     <restSimpleBinding multiUsing="semicolonSeparated"
                                        url="https://{$hostName}/s4hanacloud/sap/opu/odata/sap/FCO_PI_COST_CENTER/CostCenterTextCollection(CompanyCode='{$CompanyCodePathParam}',CostCenterID='{$CostCenterIDPathParam}',ValidityEndDate={$ValidityEndDatePathParam},Language='{$LanguagePathParam}')"
                                        verb="GET">
                        <authentication>
                           <username>{$username}</username>
                           <password>{$password}</password>
                           <isExpressionInPassword>true</isExpressionInPassword>
                        </authentication>
                        <httpHeaders>
                           <header name="Content-Type">application/json</header>
                           <header name="Accept">application/json</header>
                        </httpHeaders>
                     </restSimpleBinding>
                  </binding>
                  <output>
                     <field description="EntitySet CostCenterTextCollection"
                            entireResponse="true"
                            name="FCO_PI_COST_CENTER_CostCenterText"
                            type="reference">
                        <options>
                           <option name="referenceTo">FCO_PI_COST_CENTER_CostCenterText</option>
                        </options>
                     </field>
                  </output>
               </action>
            </actions>
            <objects>
               <processObject xmlns="http://schemas.active-endpoints.com/appmodules/screenflow/2011/06/avosHostEnvironment.xsd"
                              isByCopy="true"
                              name="odata_error_main">
                  <description/>
                  <detail>
                     <field name="code" type="string"/>
                     <field name="innererror" type=""/>
                     <field name="details" type="objectlist">
                        <options>
                           <option name="referenceTo">odata_error_detail</option>
                           <option name="relationshipName">Child</option>
                        </options>
                     </field>
                     <field name="message" type="string"/>
                     <field name="target" type="string"/>
                  </detail>
               </processObject>
               <processObject xmlns="http://schemas.active-endpoints.com/appmodules/screenflow/2011/06/avosHostEnvironment.xsd"
                              isByCopy="true"
                              name="odata_error_detail">
                  <description/>
                  <detail>
                     <field name="code" type="string"/>
                     <field name="message" type="string"/>
                     <field name="target" type="string"/>
                  </detail>
               </processObject>
               <processObject xmlns="http://schemas.active-endpoints.com/appmodules/screenflow/2011/06/avosHostEnvironment.xsd"
                              isByCopy="true"
                              name="odata_error">
                  <description/>
                  <detail>
                     <field name="error" type="reference">
                        <options>
                           <option name="referenceTo">odata_error_main</option>
                           <option name="relationshipName">Child</option>
                        </options>
                     </field>
                  </detail>
               </processObject>
               <processObject xmlns="http://schemas.active-endpoints.com/appmodules/screenflow/2011/06/avosHostEnvironment.xsd"
                              isByCopy="true"
                              name="FCO_PI_COST_CENTER_CostCenterText">
                  <description/>
                  <detail>
                     <field name="Language" type="string"/>
                     <field name="CostCenterName" type="string"/>
                     <field name="CostCenterDescription" type="string"/>
                     <field name="ValidityEndDate" type="datetime"/>
                     <field name="CostCenterID" type="string"/>
                     <field name="CompanyCode" type="string"/>
                  </detail>
               </processObject>
               <processObject xmlns="http://schemas.active-endpoints.com/appmodules/screenflow/2011/06/avosHostEnvironment.xsd"
                              isByCopy="true"
                              name="FCO_PI_COST_CENTER_CostCenter">
                  <description/>
                  <detail>
                     <field name="Status" type="string"/>
                     <field name="Category" type="string"/>
                     <field name="Language" type="string"/>
                     <field name="CostCenterName" type="string"/>
                     <field name="CostCenterTexts" type="objectlist">
                        <options>
                           <option name="referenceTo">FCO_PI_COST_CENTER_CostCenterText</option>
                           <option name="relationshipName">Child</option>
                        </options>
                     </field>
                     <field name="CostCenterDescription" type="string"/>
                     <field name="ValidityEndDate" type="datetime"/>
                     <field name="LastChangeDateTime" type="datetime"/>
                     <field name="CostCenterID" type="string"/>
                     <field name="CompanyCode" type="string"/>
                     <field name="ValidityStartDate" type="datetime"/>
                  </detail>
               </processObject>
               <processObject xmlns="http://schemas.active-endpoints.com/appmodules/screenflow/2011/06/avosHostEnvironment.xsd"
                              isByCopy="true"
                              name="string">
                  <description/>
                  <detail>
                     <field name="string" type="string"/>
                  </detail>
               </processObject>
               <processObject xmlns="http://schemas.active-endpoints.com/appmodules/screenflow/2011/06/avosHostEnvironment.xsd"
                              isByCopy="true"
                              name="boolean">
                  <description/>
                  <detail>
                     <field name="boolean" type="boolean"/>
                  </detail>
               </processObject>
               <processObject xmlns="http://schemas.active-endpoints.com/appmodules/screenflow/2011/06/avosHostEnvironment.xsd"
                              isByCopy="true"
                              name="double">
                  <description/>
                  <detail>
                     <field name="double" type="double"/>
                  </detail>
               </processObject>
               <processObject xmlns="http://schemas.active-endpoints.com/appmodules/screenflow/2011/06/avosHostEnvironment.xsd"
                              isByCopy="true"
                              name="integer">
                  <description/>
                  <detail>
                     <field name="integer" type="int"/>
                  </detail>
               </processObject>
            </objects>
         </businessConnector>
      </types1:Entry>
      <types1:GUID>2BdeIteMgVPi6w3xs3Kusx</types1:GUID>
      <types1:DisplayName>SAP S4HANA Read Cost Center Data API v1</types1:DisplayName>
   </types1:Item>
   <types1:CurrentServerDateTime>2019-11-15T05:54:15.674Z</types1:CurrentServerDateTime>
</aetgt:getResponse>
