<aetgt:getResponse xmlns:aetgt="http://schemas.active-endpoints.com/appmodules/repository/2010/10/avrepository.xsd"
                   xmlns:types1="http://schemas.active-endpoints.com/appmodules/repository/2010/10/avrepository.xsd">
   <types1:Item>
      <types1:EntryId>FoWCQaaaaaa-gt-3315313-2019-02-19T05:44:20.502Z::svc.xml</types1:EntryId>
      <types1:Name>Oracle_Eloqua_Marketing_Cloud_Service_Email_footers_API_v1</types1:Name>
      <types1:MimeType>application/xml+businesssconnector</types1:MimeType>
      <types1:Description>Email footers are used to customize the look and feel of the bottom of your email.&#xD;
&#xD;
&lt;a href='https://docs.oracle.com/cloud/latest/marketingcs_gs/OMCAA/index.html#CSHID=EmailFooters'&gt;Learn more about email footers&lt;/a&gt;.</types1:Description>
      <types1:AppliesTo/>
      <types1:Tags/>
      <types1:VersionLabel>1.0</types1:VersionLabel>
      <types1:State>CURRENT</types1:State>
      <types1:ProcessGroup/>
      <types1:CreatedBy>sorabh@na1.dm-us.org</types1:CreatedBy>
      <types1:CreationDate>2019-02-19T05:44:21Z</types1:CreationDate>
      <types1:ModifiedBy/>
      <types1:PublicationStatus>published</types1:PublicationStatus>
      <types1:PublishedBy>sorabh@na1.dm-us.org</types1:PublishedBy>
      <types1:PublicationDate>2019-02-19T05:44:42Z</types1:PublicationDate>
      <types1:PublishedContributionId>project:/rt.connector/Oracle_Eloqua_Marketing_Cloud_Service_Email_footers_API_v1/Oracle_Eloqua_Marketing_Cloud_Service_Email_footers_API_v1_svcDef.xml</types1:PublishedContributionId>
      <types1:AutosaveExists>false</types1:AutosaveExists>
      <types1:Entry>
         <businessConnector xmlns="http://schemas.informatica.com/socrates/data-services/2014/05/business-connector-model.xsd"
                            agentOnly="false"
                            debug="false"
                            displayName="Oracle Eloqua Marketing Cloud Service Email footers API v1"
                            label=""
                            name="Oracle_Eloqua_Marketing_Cloud_Service_Email_footers_API_v1"
                            uuid="ecb194d6-2b46-4710-acbf-43db86eae4d0">
            <description>Email footers are used to customize the look and feel of the bottom of your email.&#xD;
&#xD;
&lt;a href='https://docs.oracle.com/cloud/latest/marketingcs_gs/OMCAA/index.html#CSHID=EmailFooters'&gt;Learn more about email footers&lt;/a&gt;.</description>
            <tags/>
            <connectionAttributes xmlns="http://schemas.informatica.com/appmodules/screenflow/2014/04/avosConnectors.xsd">
               <connectionAttribute description="Host Name"
                                    masked="false"
                                    name="hostName"
                                    required="true"
                                    testWith="apicatalog.oraclecloud.com"
                                    type="string"/>
            </connectionAttributes>
            <actions>
               <action category=""
                       failOnError="true"
                       forSearch="false"
                       label="SearchGETRest10"
                       maxRedirects="100"
                       name="SearchGETRest10"
                       preemptiveAuth="true"
                       responseEncoding="">
                  <description>Retrieve a list of email footers. Retrieves all email footers that match the criteria specified by the request parameters.</description>
                  <input>
                     <parameter description="Level of detail returned by the request. Eloqua APIs can retrieve entities at three different levels of depth: &lt;code&gt;minimal&lt;/code&gt;, &lt;code&gt;partial&lt;/code&gt;, and &lt;code&gt;complete&lt;/code&gt;. Any other values passed are reset to &lt;code&gt;minimal&lt;/code&gt; by default."
                                label="depth"
                                name="depth"
                                required="false"
                                testWith=""
                                type="string"/>
                     <parameter description="Maximum number of entities to return. Must be less than or equal to 1000 and greater than or equal to 1."
                                label="count"
                                name="count"
                                required="false"
                                testWith=""
                                type="int"/>
                     <parameter description="Specifies which page of entities to return (the count parameter defines the number of entities per page). If the page parameter is not supplied, 1 will be used by default."
                                label="page"
                                name="page"
                                required="false"
                                testWith=""
                                type="int"/>
                     <parameter description="Specifies the search criteria used to retrieve entities. See the &lt;a href='https://docs.oracle.com/cloud/latest/marketingcs_gs/OMCAB/index.html#CSHID=SearchParam'&gt;tutorial&lt;/a&gt; for information about using this parameter."
                                label="search"
                                name="search"
                                required="false"
                                testWith=""
                                type="string"/>
                     <parameter description="Specifies the field by which list results are ordered."
                                label="orderBy"
                                name="orderBy"
                                required="false"
                                testWith=""
                                type="string"/>
                     <parameter description="Unix timestamp for the date and time the email footer was last updated."
                                label="lastUpdatedAt"
                                name="lastUpdatedAt"
                                required="false"
                                testWith=""
                                type="int"/>
                  </input>
                  <binding>
                     <restSimpleBinding multiUsing="semicolonSeparated"
                                        url="https://{$hostName}/api/REST/1.0/assets/email/footers"
                                        verb="GET">
                        <httpHeaders>
                           <header name="Content-Type">application/json</header>
                           <header name="Accept">application/json</header>
                        </httpHeaders>
                     </restSimpleBinding>
                  </binding>
                  <output>
                     <field description="IFooterService_StatusCode_Search_200_Description"
                            entireResponse="true"
                            name="QueryResultFooterRest10"
                            type="reference">
                        <options>
                           <option name="referenceTo">QueryResultFooterRest10</option>
                        </options>
                     </field>
                  </output>
               </action>
               <action category=""
                       failOnError="true"
                       forSearch="false"
                       label="ReadIndividualGETRest10"
                       maxRedirects="100"
                       name="ReadIndividualGETRest10"
                       preemptiveAuth="true"
                       responseEncoding="">
                  <description>Retrieve an email footer. Retrieves the email footer specified by the &lt;code&gt;id&lt;/code&gt; parameter.</description>
                  <input>
                     <parameter description="Id of the email footer."
                                label="idPathParam"
                                name="idPathParam"
                                nogen="true"
                                required="true"
                                testWith=""
                                type="int"/>
                     <parameter description="Level of detail returned by the request. Eloqua APIs can retrieve entities at three different levels of depth: &lt;code&gt;minimal&lt;/code&gt;, &lt;code&gt;partial&lt;/code&gt;, and &lt;code&gt;complete&lt;/code&gt;. Any other values passed are reset to &lt;code&gt;complete&lt;/code&gt; by default. For more information, see &lt;a href='https://docs.oracle.com/cloud/latest/marketingcs_gs/OMCAB/index.html#CSHID=RequestDepth'&gt;Request depth&lt;/a&gt;."
                                label="depth"
                                name="depth"
                                required="false"
                                testWith=""
                                type="string"/>
                  </input>
                  <binding>
                     <restSimpleBinding multiUsing="semicolonSeparated"
                                        url="https://{$hostName}/api/REST/1.0/assets/email/footer/{$idPathParam}"
                                        verb="GET">
                        <httpHeaders>
                           <header name="Content-Type">application/json</header>
                           <header name="Accept">application/json</header>
                        </httpHeaders>
                     </restSimpleBinding>
                  </binding>
                  <output>
                     <field description="OK."
                            entireResponse="true"
                            name="EmailFooterRest10"
                            type="reference">
                        <options>
                           <option name="referenceTo">EmailFooterRest10</option>
                        </options>
                     </field>
                  </output>
               </action>
               <action category=""
                       failOnError="true"
                       forSearch="false"
                       label="DeleteIndividualDELETERest10"
                       maxRedirects="100"
                       name="DeleteIndividualDELETERest10"
                       preemptiveAuth="true"
                       responseEncoding="">
                  <description>Delete an email footer. Deletes the email footer specified by the &lt;code&gt;id&lt;/code&gt; parameter.</description>
                  <input>
                     <parameter description="Id of the email footer to delete."
                                label="idPathParam"
                                name="idPathParam"
                                nogen="true"
                                required="true"
                                testWith=""
                                type="int"/>
                  </input>
                  <binding>
                     <restSimpleBinding multiUsing="semicolonSeparated"
                                        url="https://{$hostName}/api/REST/1.0/assets/email/footer/{$idPathParam}"
                                        verb="DELETE">
                        <httpHeaders>
                           <header name="Content-Type">application/json</header>
                           <header name="Accept">application/json</header>
                        </httpHeaders>
                     </restSimpleBinding>
                  </binding>
                  <output/>
               </action>
               <action category=""
                       failOnError="true"
                       forSearch="false"
                       label="UpdateIndividualPUTRest10"
                       maxRedirects="100"
                       name="UpdateIndividualPUTRest10"
                       preemptiveAuth="true"
                       responseEncoding="">
                  <description>Update an email footer. Updates the email footer specified by the &lt;code&gt;id&lt;/code&gt; parameter. All properties should be included in PUT requests, as some properties will be considered blank if not included.</description>
                  <input>
                     <parameter description="The request body defines the details of the email footer to be updated."
                                label="message"
                                name="message"
                                required="true"
                                testWith=""
                                type="reference">
                        <options>
                           <option name="referenceTo">EmailFooterRest10</option>
                        </options>
                     </parameter>
                     <parameter description="Id of the email footer to update."
                                label="idPathParam"
                                name="idPathParam"
                                nogen="true"
                                required="true"
                                testWith=""
                                type="int"/>
                  </input>
                  <binding>
                     <restSimpleBinding multiUsing="semicolonSeparated"
                                        url="https://{$hostName}/api/REST/1.0/assets/email/footer/{$idPathParam}"
                                        verb="PUT">
                        <httpHeaders>
                           <header name="Content-Type">application/json</header>
                           <header name="Accept">application/json</header>
                        </httpHeaders>
                        <body generateUsing="UnwrappedJSON" preserveJsonStringFormatting="false"/>
                     </restSimpleBinding>
                  </binding>
                  <output>
                     <field description="OK."
                            entireResponse="true"
                            name="EmailFooterRest10"
                            type="reference">
                        <options>
                           <option name="referenceTo">EmailFooterRest10</option>
                        </options>
                     </field>
                  </output>
               </action>
               <action category=""
                       failOnError="true"
                       forSearch="false"
                       label="CreateIndividualPOSTRest10"
                       maxRedirects="100"
                       name="CreateIndividualPOSTRest10"
                       preemptiveAuth="true"
                       responseEncoding="">
                  <description>Create an email footer. Creates an email footer that matches the criteria specified by the request body.</description>
                  <input>
                     <parameter description="The request body defines the details of the email footer to be created."
                                label="message"
                                name="message"
                                required="true"
                                testWith=""
                                type="reference">
                        <options>
                           <option name="referenceTo">EmailFooterRest10</option>
                        </options>
                     </parameter>
                  </input>
                  <binding>
                     <restSimpleBinding multiUsing="semicolonSeparated"
                                        url="https://{$hostName}/api/REST/1.0/assets/email/footer"
                                        verb="POST">
                        <httpHeaders>
                           <header name="Content-Type">application/json</header>
                           <header name="Accept">application/json</header>
                        </httpHeaders>
                        <body generateUsing="UnwrappedJSON" preserveJsonStringFormatting="false"/>
                     </restSimpleBinding>
                  </binding>
                  <output/>
               </action>
            </actions>
            <objects>
               <processObject xmlns="http://schemas.active-endpoints.com/appmodules/screenflow/2011/06/avosHostEnvironment.xsd"
                              isByCopy="true"
                              name="QueryResultFooterRest10">
                  <description/>
                  <detail>
                     <field name="total" type="int"/>
                     <field name="elements" type="objectlist">
                        <options>
                           <option name="referenceTo">EmailFooterRest10</option>
                           <option name="relationshipName">Child</option>
                        </options>
                     </field>
                     <field name="pageSize" type="int"/>
                     <field name="page" type="int"/>
                     <field name="type" type="string"/>
                  </detail>
               </processObject>
               <processObject xmlns="http://schemas.active-endpoints.com/appmodules/screenflow/2011/06/avosHostEnvironment.xsd"
                              isByCopy="true"
                              name="EmailFooterRest10">
                  <description/>
                  <detail>
                     <field name="updatedBy" type="string"/>
                     <field name="accessedAt" type="string"/>
                     <field name="fieldMerges" type="objectlist">
                        <options>
                           <option name="referenceTo">FieldMergeRest10</option>
                           <option name="relationshipName">Child</option>
                        </options>
                     </field>
                     <field name="currentStatus" type="string"/>
                     <field name="description" type="string"/>
                     <field name="type" type="string"/>
                     <field name="body" type="string"/>
                     <field name="createdAt" type="string"/>
                     <field name="depth" type="string"/>
                     <field name="createdBy" type="string"/>
                     <field name="permissions" type="string"/>
                     <field name="name" type="string"/>
                     <field name="id" type="string"/>
                     <field name="text" type="string"/>
                     <field name="hyperlinks" type="objectlist">
                        <options>
                           <option name="referenceTo">HyperlinkRest10</option>
                           <option name="relationshipName">Child</option>
                        </options>
                     </field>
                     <field name="updatedAt" type="string"/>
                  </detail>
               </processObject>
               <processObject xmlns="http://schemas.active-endpoints.com/appmodules/screenflow/2011/06/avosHostEnvironment.xsd"
                              isByCopy="true"
                              name="FieldMergeRest10">
                  <description/>
                  <detail>
                     <field name="eventId" type="string"/>
                     <field name="updatedBy" type="string"/>
                     <field name="accessedAt" type="string"/>
                     <field name="currentStatus" type="string"/>
                     <field name="defaultValue" type="string"/>
                     <field name="mergeType" type="string"/>
                     <field name="description" type="string"/>
                     <field name="type" type="string"/>
                     <field name="createdAt" type="string"/>
                     <field name="eventSessionFieldId" type="string"/>
                     <field name="depth" type="string"/>
                     <field name="createdBy" type="string"/>
                     <field name="contactFieldId" type="string"/>
                     <field name="permissions" type="string"/>
                     <field name="eventFieldId" type="string"/>
                     <field name="name" type="string"/>
                     <field name="syntax" type="string"/>
                     <field name="id" type="string"/>
                     <field name="accountFieldId" type="string"/>
                     <field name="updatedAt" type="string"/>
                  </detail>
               </processObject>
               <processObject xmlns="http://schemas.active-endpoints.com/appmodules/screenflow/2011/06/avosHostEnvironment.xsd"
                              isByCopy="true"
                              name="HyperlinkRest10">
                  <description/>
                  <detail>
                     <field name="hyperlinkType" type="string"/>
                     <field name="updatedBy" type="string"/>
                     <field name="accessedAt" type="string"/>
                     <field name="currentStatus" type="string"/>
                     <field name="description" type="string"/>
                     <field name="type" type="string"/>
                     <field name="createdAt" type="string"/>
                     <field name="depth" type="string"/>
                     <field name="createdBy" type="string"/>
                     <field name="permissions" type="string"/>
                     <field name="name" type="string"/>
                     <field name="id" type="string"/>
                     <field name="href" type="string"/>
                     <field name="referencedEntityId" type="string"/>
                     <field name="updatedAt" type="string"/>
                  </detail>
               </processObject>
               <processObject xmlns="http://schemas.active-endpoints.com/appmodules/screenflow/2011/06/avosHostEnvironment.xsd"
                              isByCopy="true"
                              name="string">
                  <description/>
                  <detail>
                     <field name="string" type="string"/>
                  </detail>
               </processObject>
               <processObject xmlns="http://schemas.active-endpoints.com/appmodules/screenflow/2011/06/avosHostEnvironment.xsd"
                              isByCopy="true"
                              name="boolean">
                  <description/>
                  <detail>
                     <field name="boolean" type="boolean"/>
                  </detail>
               </processObject>
               <processObject xmlns="http://schemas.active-endpoints.com/appmodules/screenflow/2011/06/avosHostEnvironment.xsd"
                              isByCopy="true"
                              name="double">
                  <description/>
                  <detail>
                     <field name="double" type="double"/>
                  </detail>
               </processObject>
               <processObject xmlns="http://schemas.active-endpoints.com/appmodules/screenflow/2011/06/avosHostEnvironment.xsd"
                              isByCopy="true"
                              name="integer">
                  <description/>
                  <detail>
                     <field name="integer" type="int"/>
                  </detail>
               </processObject>
            </objects>
         </businessConnector>
      </types1:Entry>
      <types1:GUID>aO2iCpyagU0gXXolm4iP8e</types1:GUID>
      <types1:DisplayName>Oracle Eloqua Marketing Cloud Service Email footers API v1</types1:DisplayName>
   </types1:Item>
   <types1:CurrentServerDateTime>2019-02-22T04:01:44.395Z</types1:CurrentServerDateTime>
</aetgt:getResponse>
