<aetgt:getResponse xmlns:aetgt="http://schemas.active-endpoints.com/appmodules/repository/2010/10/avrepository.xsd"
                   xmlns:types1="http://schemas.active-endpoints.com/appmodules/repository/2010/10/avrepository.xsd">
   <types1:Item>
      <types1:EntryId>qS24FsWTzIf6riX-gt-25410-2019-02-22T09:15:49.259Z::svc.xml</types1:EntryId>
      <types1:Name>Alfresco_Content_Services_Authentication_API_v1</types1:Name>
      <types1:MimeType>application/xml+businesssconnector</types1:MimeType>
      <types1:Description>**Authentication API**

Provides access to the authentication features of Alfresco Content Services.</types1:Description>
      <types1:AppliesTo/>
      <types1:Tags/>
      <types1:VersionLabel>1.0</types1:VersionLabel>
      <types1:State>CURRENT</types1:State>
      <types1:ProcessGroup/>
      <types1:CreatedBy>sorabh@na1.dm-us.org</types1:CreatedBy>
      <types1:CreationDate>2019-02-22T09:15:49Z</types1:CreationDate>
      <types1:ModifiedBy/>
      <types1:PublicationStatus>published</types1:PublicationStatus>
      <types1:PublishedBy>sorabh@na1.dm-us.org</types1:PublishedBy>
      <types1:PublicationDate>2019-02-22T09:15:53Z</types1:PublicationDate>
      <types1:PublishedContributionId>project:/rt.connector/Alfresco_Content_Services_Authentication_API_v1/Alfresco_Content_Services_Authentication_API_v1_svcDef.xml</types1:PublishedContributionId>
      <types1:AutosaveExists>false</types1:AutosaveExists>
      <types1:Entry>
         <businessConnector xmlns="http://schemas.informatica.com/socrates/data-services/2014/05/business-connector-model.xsd"
                            agentOnly="false"
                            debug="false"
                            displayName="Alfresco Content Services Authentication API v1"
                            label=""
                            name="Alfresco_Content_Services_Authentication_API_v1"
                            uuid="3b123411-18c8-408a-b0a1-e29a9de036cf">
            <description>**Authentication API**

Provides access to the authentication features of Alfresco Content Services.</description>
            <tags/>
            <connectionAttributes xmlns="http://schemas.informatica.com/appmodules/screenflow/2014/04/avosConnectors.xsd">
               <connectionAttribute description="Host Name"
                                    masked="false"
                                    name="hostName"
                                    required="true"
                                    testWith="www.example.com"
                                    type="string"/>
               <connectionAttribute description="User Name"
                                    masked="false"
                                    name="username"
                                    required="true"
                                    testWith=""
                                    type="string"/>
               <connectionAttribute description="Password"
                                    masked="true"
                                    name="password"
                                    required="true"
                                    testWith=""
                                    type="string"/>
            </connectionAttributes>
            <actions>
               <action category="authentication"
                       failOnError="true"
                       forSearch="false"
                       label="TicketsMeGet"
                       maxRedirects="100"
                       name="TicketsMeGet"
                       preemptiveAuth="true"
                       responseEncoding="">
                  <description>validateTicket. **Note:** this endpoint is available in Alfresco 5.2 and newer versions. Validates the specified ticket (derived from Authorization header) is still valid. For example, you can pass the Authorization request header using Javascript: ```Javascript request.setRequestHeader ("Authorization", "Basic " + btoa(ticket)); ```</description>
                  <input/>
                  <binding>
                     <restSimpleBinding multiUsing="semicolonSeparated"
                                        url="http://{$hostName}/alfresco/api/-default-/public/authentication/versions/1/tickets/-me-"
                                        verb="GET">
                        <authentication>
                           <username>{$username}</username>
                           <password>{$password}</password>
                           <isExpressionInPassword>true</isExpressionInPassword>
                        </authentication>
                        <httpHeaders>
                           <header name="Content-Type">application/json</header>
                           <header name="Accept">application/json</header>
                        </httpHeaders>
                     </restSimpleBinding>
                  </binding>
                  <output>
                     <field description="Successful response"
                            entireResponse="true"
                            name="ValidTicketEntry"
                            type="reference">
                        <options>
                           <option name="referenceTo">ValidTicketEntry</option>
                        </options>
                     </field>
                  </output>
               </action>
               <action category="authentication"
                       failOnError="true"
                       forSearch="false"
                       label="TicketsMeDelete"
                       maxRedirects="100"
                       name="TicketsMeDelete"
                       preemptiveAuth="true"
                       responseEncoding="">
                  <description>deleteTicket. **Note:** this endpoint is available in Alfresco 5.2 and newer versions. Deletes logged in ticket (logout).</description>
                  <input/>
                  <binding>
                     <restSimpleBinding multiUsing="semicolonSeparated"
                                        url="http://{$hostName}/alfresco/api/-default-/public/authentication/versions/1/tickets/-me-"
                                        verb="DELETE">
                        <authentication>
                           <username>{$username}</username>
                           <password>{$password}</password>
                           <isExpressionInPassword>true</isExpressionInPassword>
                        </authentication>
                        <httpHeaders>
                           <header name="Content-Type">application/json</header>
                           <header name="Accept">application/json</header>
                        </httpHeaders>
                     </restSimpleBinding>
                  </binding>
                  <output/>
               </action>
               <action category="authentication"
                       failOnError="true"
                       forSearch="false"
                       label="TicketsPost"
                       maxRedirects="100"
                       name="TicketsPost"
                       preemptiveAuth="true"
                       responseEncoding="">
                  <description>createTicket. **Note:** this endpoint is available in Alfresco 5.2 and newer versions. Logs in and returns the new authentication ticket. The userId and password properties are mandatory in the request body. For example: ```JSON { "userId": "jbloggs", "password": "password" } ``` To use the ticket in future requests you should pass it in the request header. For example using Javascript: ```Javascript request.setRequestHeader ("Authorization", "Basic " + btoa(ticket)); ```</description>
                  <input>
                     <parameter description="The user credential."
                                label="ticketBodyCreate"
                                name="ticketBodyCreate"
                                required="true"
                                testWith=""
                                type="reference">
                        <options>
                           <option name="referenceTo">TicketBody</option>
                        </options>
                     </parameter>
                  </input>
                  <binding>
                     <restSimpleBinding multiUsing="semicolonSeparated"
                                        url="http://{$hostName}/alfresco/api/-default-/public/authentication/versions/1/tickets"
                                        verb="POST">
                        <authentication>
                           <username>{$username}</username>
                           <password>{$password}</password>
                           <isExpressionInPassword>true</isExpressionInPassword>
                        </authentication>
                        <httpHeaders>
                           <header name="Content-Type">application/json</header>
                           <header name="Accept">application/json</header>
                        </httpHeaders>
                        <body generateUsing="UnwrappedJSON" preserveJsonStringFormatting="false"/>
                     </restSimpleBinding>
                  </binding>
                  <output/>
               </action>
            </actions>
            <objects>
               <processObject xmlns="http://schemas.active-endpoints.com/appmodules/screenflow/2011/06/avosHostEnvironment.xsd"
                              isByCopy="true"
                              name="TicketEntry">
                  <description/>
                  <detail>
                     <field name="entry" type="reference">
                        <options>
                           <option name="referenceTo">Ticket</option>
                           <option name="relationshipName">Child</option>
                        </options>
                     </field>
                  </detail>
               </processObject>
               <processObject xmlns="http://schemas.active-endpoints.com/appmodules/screenflow/2011/06/avosHostEnvironment.xsd"
                              isByCopy="true"
                              name="Ticket">
                  <description/>
                  <detail>
                     <field name="id" type="string"/>
                     <field name="userId" type="string"/>
                  </detail>
               </processObject>
               <processObject xmlns="http://schemas.active-endpoints.com/appmodules/screenflow/2011/06/avosHostEnvironment.xsd"
                              isByCopy="true"
                              name="Error1">
                  <description/>
                  <detail>
                     <field name="errorKey" type="string"/>
                     <field name="briefSummary" type="string"/>
                     <field name="descriptionURL" type="string"/>
                     <field name="logId" type="string"/>
                     <field name="stackTrace" type="string"/>
                     <field name="statusCode" type="int"/>
                  </detail>
               </processObject>
               <processObject xmlns="http://schemas.active-endpoints.com/appmodules/screenflow/2011/06/avosHostEnvironment.xsd"
                              isByCopy="true"
                              name="ValidTicket">
                  <description/>
                  <detail>
                     <field name="id" type="string"/>
                  </detail>
               </processObject>
               <processObject xmlns="http://schemas.active-endpoints.com/appmodules/screenflow/2011/06/avosHostEnvironment.xsd"
                              isByCopy="true"
                              name="ValidTicketEntry">
                  <description/>
                  <detail>
                     <field name="entry" type="reference">
                        <options>
                           <option name="referenceTo">ValidTicket</option>
                           <option name="relationshipName">Child</option>
                        </options>
                     </field>
                  </detail>
               </processObject>
               <processObject xmlns="http://schemas.active-endpoints.com/appmodules/screenflow/2011/06/avosHostEnvironment.xsd"
                              isByCopy="true"
                              name="Error">
                  <description/>
                  <detail>
                     <field name="error" type="reference">
                        <options>
                           <option name="referenceTo">Error1</option>
                           <option name="relationshipName">Child</option>
                        </options>
                     </field>
                  </detail>
               </processObject>
               <processObject xmlns="http://schemas.active-endpoints.com/appmodules/screenflow/2011/06/avosHostEnvironment.xsd"
                              isByCopy="true"
                              name="TicketBody">
                  <description/>
                  <detail>
                     <field name="password" type="string"/>
                     <field name="userId" type="string"/>
                  </detail>
               </processObject>
               <processObject xmlns="http://schemas.active-endpoints.com/appmodules/screenflow/2011/06/avosHostEnvironment.xsd"
                              isByCopy="true"
                              name="string">
                  <description/>
                  <detail>
                     <field name="string" type="string"/>
                  </detail>
               </processObject>
               <processObject xmlns="http://schemas.active-endpoints.com/appmodules/screenflow/2011/06/avosHostEnvironment.xsd"
                              isByCopy="true"
                              name="boolean">
                  <description/>
                  <detail>
                     <field name="boolean" type="boolean"/>
                  </detail>
               </processObject>
               <processObject xmlns="http://schemas.active-endpoints.com/appmodules/screenflow/2011/06/avosHostEnvironment.xsd"
                              isByCopy="true"
                              name="double">
                  <description/>
                  <detail>
                     <field name="double" type="double"/>
                  </detail>
               </processObject>
               <processObject xmlns="http://schemas.active-endpoints.com/appmodules/screenflow/2011/06/avosHostEnvironment.xsd"
                              isByCopy="true"
                              name="integer">
                  <description/>
                  <detail>
                     <field name="integer" type="int"/>
                  </detail>
               </processObject>
            </objects>
         </businessConnector>
      </types1:Entry>
      <types1:GUID>9Y28ZMSAHnCeqMJOLoHA6Q</types1:GUID>
      <types1:DisplayName>Alfresco Content Services Authentication API v1</types1:DisplayName>
   </types1:Item>
   <types1:CurrentServerDateTime>2019-02-22T09:16:54.182Z</types1:CurrentServerDateTime>
</aetgt:getResponse>
