<aetgt:getResponse xmlns:aetgt="http://schemas.active-endpoints.com/appmodules/repository/2010/10/avrepository.xsd"
                   xmlns:types1="http://schemas.active-endpoints.com/appmodules/repository/2010/10/avrepository.xsd">
   <types1:Item>
      <types1:EntryId>bg9hOznKKvvNtLS-gt-2944487-2019-11-15T05:43:03.1Z::svc.xml</types1:EntryId>
      <types1:Name>SAP_S4HANA_Quota_Arrangement_API_v1</types1:Name>
      <types1:MimeType>application/xml+businesssconnector</types1:MimeType>
      <types1:Description>This service helps you to create, read,  update, and delete quota arrangements through an  API call from a source system outside SAP  S/4HANA Cloud or SAP S/4HANA. The service  contains quota arrangement header and item. The  information is sent in the request as a payload. The  information is used when creating, reading or  updating a quota arrangement, with appropriate  checks for restricted values and authorizations.</types1:Description>
      <types1:AppliesTo/>
      <types1:Tags/>
      <types1:VersionLabel>1.0</types1:VersionLabel>
      <types1:State>CURRENT</types1:State>
      <types1:ProcessGroup/>
      <types1:CreatedBy>sorabh@na1.dm-us.org</types1:CreatedBy>
      <types1:CreationDate>2019-11-15T05:43:03Z</types1:CreationDate>
      <types1:ModifiedBy/>
      <types1:PublicationStatus>published</types1:PublicationStatus>
      <types1:PublishedBy>sorabh@na1.dm-us.org</types1:PublishedBy>
      <types1:PublicationDate>2019-11-15T05:43:07Z</types1:PublicationDate>
      <types1:PublishedContributionId>project:/rt.connector/SAP_S4HANA_Quota_Arrangement_API_v1/SAP_S4HANA_Quota_Arrangement_API_v1_svcDef.xml</types1:PublishedContributionId>
      <types1:AutosaveExists>false</types1:AutosaveExists>
      <types1:Entry>
         <businessConnector xmlns="http://schemas.informatica.com/socrates/data-services/2014/05/business-connector-model.xsd"
                            agentOnly="false"
                            debug="false"
                            displayName="SAP S4HANA Quota Arrangement API v1"
                            label=""
                            name="SAP_S4HANA_Quota_Arrangement_API_v1"
                            uuid="e55cd948-22ca-4f1e-90db-db7b1a102932">
            <description>This service helps you to create, read,  update, and delete quota arrangements through an  API call from a source system outside SAP  S/4HANA Cloud or SAP S/4HANA. The service  contains quota arrangement header and item. The  information is sent in the request as a payload. The  information is used when creating, reading or  updating a quota arrangement, with appropriate  checks for restricted values and authorizations.</description>
            <tags/>
            <connectionAttributes xmlns="http://schemas.informatica.com/appmodules/screenflow/2014/04/avosConnectors.xsd">
               <connectionAttribute description="Host Name"
                                    masked="false"
                                    name="hostName"
                                    required="true"
                                    testWith="sandbox.api.sap.com"
                                    type="string"/>
               <connectionAttribute description="User Name"
                                    masked="false"
                                    name="username"
                                    required="true"
                                    testWith=""
                                    type="string"/>
               <connectionAttribute description="Password"
                                    masked="true"
                                    name="password"
                                    required="true"
                                    testWith=""
                                    type="string"/>
            </connectionAttributes>
            <actions>
               <action category="A_PurchasingQuotaArrangement"
                       failOnError="true"
                       forSearch="false"
                       label="GET_A_PurchasingQuotaArrangement_QuotaArrangement_to_PurgQuotaArrangementItem"
                       maxRedirects="100"
                       name="GET_A_PurchasingQuotaArrangement_QuotaArrangement_to_PurgQuotaArrangementItem"
                       preemptiveAuth="true"
                       responseEncoding="">
                  <description>Get entities from related to_PurgQuotaArrangementItem</description>
                  <input>
                     <parameter description="Show only the first n items, see [Paging - Top](https://help.sap.com/doc/5890d27be418427993fafa6722cdc03b/Cloud/en-US/OdataV2.pdf#page=66)"
                                label="$top"
                                name="$top"
                                required="false"
                                testWith=""
                                type="int"/>
                     <parameter description="Skip the first n items, see [Paging - Skip](https://help.sap.com/doc/5890d27be418427993fafa6722cdc03b/Cloud/en-US/OdataV2.pdf#page=65)"
                                label="$skip"
                                name="$skip"
                                required="false"
                                testWith=""
                                type="int"/>
                     <parameter description="Filter items by property values, see [Filtering](https://help.sap.com/doc/5890d27be418427993fafa6722cdc03b/Cloud/en-US/OdataV2.pdf#page=64)"
                                label="$filter"
                                name="$filter"
                                required="false"
                                testWith=""
                                type="string"/>
                     <parameter description="Include count of items, see [Inlinecount](https://help.sap.com/doc/5890d27be418427993fafa6722cdc03b/Cloud/en-US/OdataV2.pdf#page=67)"
                                label="$inlinecount"
                                name="$inlinecount"
                                required="false"
                                testWith=""
                                type="picklist">
                        <options>
                           <option name="values">[{"value":"allpages","label":"allpages"},{"value":"none","label":"none"}]</option>
                        </options>
                     </parameter>
                     <parameter description="Order items by property values, see [Sorting](https://help.sap.com/doc/5890d27be418427993fafa6722cdc03b/Cloud/en-US/OdataV2.pdf#page=65)"
                                label="$orderby"
                                name="$orderby"
                                required="false"
                                testWith=""
                                type="picklist">
                        <options>
                           <option name="values">[{"value":"QuotaArrangement","label":"QuotaArrangement"},{"value":"QuotaArrangement desc","label":"QuotaArrangement desc"},{"value":"QuotaArrangementItem","label":"QuotaArrangementItem"},{"value":"QuotaArrangementItem desc","label":"QuotaArrangementItem desc"},{"value":"MaterialProcurementCategory","label":"MaterialProcurementCategory"},{"value":"MaterialProcurementCategory desc","label":"MaterialProcurementCategory desc"},{"value":"MaterialProcurementType","label":"MaterialProcurementType"},{"value":"MaterialProcurementType desc","label":"MaterialProcurementType desc"},{"value":"Supplier","label":"Supplier"},{"value":"Supplier desc","label":"Supplier desc"},{"value":"SupplyingPlant","label":"SupplyingPlant"},{"value":"SupplyingPlant desc","label":"SupplyingPlant desc"},{"value":"PurchasingSourceQuota","label":"PurchasingSourceQuota"},{"value":"PurchasingSourceQuota desc","label":"PurchasingSourceQuota desc"},{"value":"QuotaBaseQuantity","label":"QuotaBaseQuantity"},{"value":"QuotaBaseQuantity desc","label":"QuotaBaseQuantity desc"},{"value":"QuotaAllocatedQuantity","label":"QuotaAllocatedQuantity"},{"value":"QuotaAllocatedQuantity desc","label":"QuotaAllocatedQuantity desc"},{"value":"QuotaMaximumQuantity","label":"QuotaMaximumQuantity"},{"value":"QuotaMaximumQuantity desc","label":"QuotaMaximumQuantity desc"},{"value":"ProductionVersion","label":"ProductionVersion"},{"value":"ProductionVersion desc","label":"ProductionVersion desc"},{"value":"MaterialMaxLotSizeQuantity","label":"MaterialMaxLotSizeQuantity"},{"value":"MaterialMaxLotSizeQuantity desc","label":"MaterialMaxLotSizeQuantity desc"},{"value":"MaterialMinLotSizeQuantity","label":"MaterialMinLotSizeQuantity"},{"value":"MaterialMinLotSizeQuantity desc","label":"MaterialMinLotSizeQuantity desc"},{"value":"MaterialRoundingProfile","label":"MaterialRoundingProfile"},{"value":"MaterialRoundingProfile desc","label":"MaterialRoundingProfile desc"},{"value":"SourceOfSupplyIsAssignedOnce","label":"SourceOfSupplyIsAssignedOnce"},{"value":"SourceOfSupplyIsAssignedOnce desc","label":"SourceOfSupplyIsAssignedOnce desc"},{"value":"MaximumReleaseQuantity","label":"MaximumReleaseQuantity"},{"value":"MaximumReleaseQuantity desc","label":"MaximumReleaseQuantity desc"},{"value":"QuotaReleasePeriodType","label":"QuotaReleasePeriodType"},{"value":"QuotaReleasePeriodType desc","label":"QuotaReleasePeriodType desc"},{"value":"NumberOfPeriodsPerRelQuantity","label":"NumberOfPeriodsPerRelQuantity"},{"value":"NumberOfPeriodsPerRelQuantity desc","label":"NumberOfPeriodsPerRelQuantity desc"},{"value":"QuotaDeterminationPriority","label":"QuotaDeterminationPriority"},{"value":"QuotaDeterminationPriority desc","label":"QuotaDeterminationPriority desc"},{"value":"ManufacturerMaterial","label":"ManufacturerMaterial"},{"value":"ManufacturerMaterial desc","label":"ManufacturerMaterial desc"},{"value":"PlannedDeliveryDurationInDays","label":"PlannedDeliveryDurationInDays"},{"value":"PlannedDeliveryDurationInDays desc","label":"PlannedDeliveryDurationInDays desc"}]</option>
                        </options>
                     </parameter>
                     <parameter description="Select properties to be returned, see [Select](https://help.sap.com/doc/5890d27be418427993fafa6722cdc03b/Cloud/en-US/OdataV2.pdf#page=68)"
                                label="$select"
                                name="$select"
                                required="false"
                                testWith=""
                                type="picklist">
                        <options>
                           <option name="values">[{"value":"QuotaArrangement","label":"QuotaArrangement"},{"value":"QuotaArrangementItem","label":"QuotaArrangementItem"},{"value":"MaterialProcurementCategory","label":"MaterialProcurementCategory"},{"value":"MaterialProcurementType","label":"MaterialProcurementType"},{"value":"Supplier","label":"Supplier"},{"value":"SupplyingPlant","label":"SupplyingPlant"},{"value":"PurchasingSourceQuota","label":"PurchasingSourceQuota"},{"value":"QuotaBaseQuantity","label":"QuotaBaseQuantity"},{"value":"QuotaAllocatedQuantity","label":"QuotaAllocatedQuantity"},{"value":"QuotaMaximumQuantity","label":"QuotaMaximumQuantity"},{"value":"ProductionVersion","label":"ProductionVersion"},{"value":"MaterialMaxLotSizeQuantity","label":"MaterialMaxLotSizeQuantity"},{"value":"MaterialMinLotSizeQuantity","label":"MaterialMinLotSizeQuantity"},{"value":"MaterialRoundingProfile","label":"MaterialRoundingProfile"},{"value":"SourceOfSupplyIsAssignedOnce","label":"SourceOfSupplyIsAssignedOnce"},{"value":"MaximumReleaseQuantity","label":"MaximumReleaseQuantity"},{"value":"QuotaReleasePeriodType","label":"QuotaReleasePeriodType"},{"value":"NumberOfPeriodsPerRelQuantity","label":"NumberOfPeriodsPerRelQuantity"},{"value":"QuotaDeterminationPriority","label":"QuotaDeterminationPriority"},{"value":"ManufacturerMaterial","label":"ManufacturerMaterial"},{"value":"PlannedDeliveryDurationInDays","label":"PlannedDeliveryDurationInDays"},{"value":"to_PurchasingQuotaArrangement","label":"to_PurchasingQuotaArrangement"}]</option>
                        </options>
                     </parameter>
                     <parameter description="Expand related entities, see [Expand](https://help.sap.com/doc/5890d27be418427993fafa6722cdc03b/Cloud/en-US/OdataV2.pdf#page=63)"
                                label="$expand"
                                name="$expand"
                                required="false"
                                testWith=""
                                type="picklist">
                        <options>
                           <option name="values">[{"value":"to_PurchasingQuotaArrangement","label":"to_PurchasingQuotaArrangement"}]</option>
                        </options>
                     </parameter>
                     <parameter description="Number of quota arrangement  &#xA;Uniquely identifies the quota arrangement."
                                label="QuotaArrangementPathParam"
                                name="QuotaArrangementPathParam"
                                nogen="true"
                                required="true"
                                testWith=""
                                type="string"/>
                  </input>
                  <binding>
                     <restSimpleBinding multiUsing="semicolonSeparated"
                                        url="https://{$hostName}/s4hanacloud/sap/opu/odata/sap/API_PUR_QUOTA_ARRANGEMENT_SRV/A_PurchasingQuotaArrangement('{$QuotaArrangementPathParam}')/to_PurgQuotaArrangementItem"
                                        verb="GET">
                        <authentication>
                           <username>{$username}</username>
                           <password>{$password}</password>
                           <isExpressionInPassword>true</isExpressionInPassword>
                        </authentication>
                        <httpHeaders>
                           <header name="Content-Type">application/json</header>
                           <header name="Accept">application/json</header>
                        </httpHeaders>
                     </restSimpleBinding>
                  </binding>
                  <output>
                     <field description="Retrieved entities"
                            entireResponse="true"
                            name="entireResponse"
                            type="object"/>
                  </output>
               </action>
               <action category="A_PurgQuotaArrangementItem"
                       failOnError="true"
                       forSearch="false"
                       label="GET_A_PurgQuotaArrangementItem_QuotaArrangement_QuotaArrangement_QuotaArrangementItem_QuotaArrangementItem_to_PurchasingQuotaArrangement"
                       maxRedirects="100"
                       name="GET_A_PurgQuotaArrangementItem_QuotaArrangement_QuotaArrangement_QuotaArrangementItem_QuotaArrangementItem_to_PurchasingQuotaArrangement"
                       preemptiveAuth="true"
                       responseEncoding="">
                  <description>Get related to_PurchasingQuotaArrangement</description>
                  <input>
                     <parameter description="Select properties to be returned, see [Select](https://help.sap.com/doc/5890d27be418427993fafa6722cdc03b/Cloud/en-US/OdataV2.pdf#page=68)"
                                label="$select"
                                name="$select"
                                required="false"
                                testWith=""
                                type="picklist">
                        <options>
                           <option name="values">[{"value":"QuotaArrangement","label":"QuotaArrangement"},{"value":"Material","label":"Material"},{"value":"Plant","label":"Plant"},{"value":"ValidityEndDate","label":"ValidityEndDate"},{"value":"ValidityStartDate","label":"ValidityStartDate"},{"value":"CreationDate","label":"CreationDate"},{"value":"CreatedByUser","label":"CreatedByUser"},{"value":"MinQtyForSpltQuota","label":"MinQtyForSpltQuota"},{"value":"LastChangeDateTime","label":"LastChangeDateTime"},{"value":"UserDescription","label":"UserDescription"},{"value":"MaterialBaseUnit","label":"MaterialBaseUnit"},{"value":"to_PurgQuotaArrangementItem","label":"to_PurgQuotaArrangementItem"}]</option>
                        </options>
                     </parameter>
                     <parameter description="Expand related entities, see [Expand](https://help.sap.com/doc/5890d27be418427993fafa6722cdc03b/Cloud/en-US/OdataV2.pdf#page=63)"
                                label="$expand"
                                name="$expand"
                                required="false"
                                testWith=""
                                type="picklist">
                        <options>
                           <option name="values">[{"value":"to_PurgQuotaArrangementItem","label":"to_PurgQuotaArrangementItem"}]</option>
                        </options>
                     </parameter>
                     <parameter description="Number of quota arrangement  &#xA;Uniquely identifies the quota arrangement."
                                label="QuotaArrangementPathParam"
                                name="QuotaArrangementPathParam"
                                nogen="true"
                                required="true"
                                testWith=""
                                type="string"/>
                     <parameter description="Quota arrangement item  &#xA;Uniquely identifies the quota arrangement item within a quota arrangement period."
                                label="QuotaArrangementItemPathParam"
                                name="QuotaArrangementItemPathParam"
                                nogen="true"
                                required="true"
                                testWith=""
                                type="string"/>
                  </input>
                  <binding>
                     <restSimpleBinding multiUsing="semicolonSeparated"
                                        url="https://{$hostName}/s4hanacloud/sap/opu/odata/sap/API_PUR_QUOTA_ARRANGEMENT_SRV/A_PurgQuotaArrangementItem(QuotaArrangement='{$QuotaArrangementPathParam}',QuotaArrangementItem='{$QuotaArrangementItemPathParam}')/to_PurchasingQuotaArrangement"
                                        verb="GET">
                        <authentication>
                           <username>{$username}</username>
                           <password>{$password}</password>
                           <isExpressionInPassword>true</isExpressionInPassword>
                        </authentication>
                        <httpHeaders>
                           <header name="Content-Type">application/json</header>
                           <header name="Accept">application/json</header>
                        </httpHeaders>
                     </restSimpleBinding>
                  </binding>
                  <output>
                     <field description="Retrieved entity"
                            entireResponse="true"
                            name="entireResponse"
                            type="object"/>
                  </output>
               </action>
               <action category="A_PurgQuotaArrangementItem"
                       failOnError="true"
                       forSearch="false"
                       label="PATCH_A_PurgQuotaArrangementItem_QuotaArrangement_QuotaArrangement_QuotaArrangementItem_QuotaArrangementItem_"
                       maxRedirects="100"
                       name="PATCH_A_PurgQuotaArrangementItem_QuotaArrangement_QuotaArrangement_QuotaArrangementItem_QuotaArrangementItem_"
                       preemptiveAuth="true"
                       responseEncoding="">
                  <description>Update entity in A_PurgQuotaArrangementItem</description>
                  <input>
                     <parameter description="New property values"
                                label="A_PurgQuotaArrangementItemType"
                                name="A_PurgQuotaArrangementItemType"
                                required="false"
                                testWith=""
                                type="object"/>
                     <parameter description="Number of quota arrangement  &#xA;Uniquely identifies the quota arrangement."
                                label="QuotaArrangementPathParam"
                                name="QuotaArrangementPathParam"
                                nogen="true"
                                required="true"
                                testWith=""
                                type="string"/>
                     <parameter description="Quota arrangement item  &#xA;Uniquely identifies the quota arrangement item within a quota arrangement period."
                                label="QuotaArrangementItemPathParam"
                                name="QuotaArrangementItemPathParam"
                                nogen="true"
                                required="true"
                                testWith=""
                                type="string"/>
                  </input>
                  <binding>
                     <restSimpleBinding multiUsing="semicolonSeparated"
                                        url="https://{$hostName}/s4hanacloud/sap/opu/odata/sap/API_PUR_QUOTA_ARRANGEMENT_SRV/A_PurgQuotaArrangementItem(QuotaArrangement='{$QuotaArrangementPathParam}',QuotaArrangementItem='{$QuotaArrangementItemPathParam}')"
                                        verb="PATCH">
                        <authentication>
                           <username>{$username}</username>
                           <password>{$password}</password>
                           <isExpressionInPassword>true</isExpressionInPassword>
                        </authentication>
                        <httpHeaders>
                           <header name="Content-Type">application/json</header>
                           <header name="Accept">application/json</header>
                        </httpHeaders>
                        <body generateUsing="UnwrappedJSON" preserveJsonStringFormatting="false"/>
                     </restSimpleBinding>
                  </binding>
                  <output/>
               </action>
               <action category="A_PurgQuotaArrangementItem"
                       failOnError="true"
                       forSearch="false"
                       label="GET_A_PurgQuotaArrangementItem_QuotaArrangement_QuotaArrangement_QuotaArrangementItem_QuotaArrangementItem_"
                       maxRedirects="100"
                       name="GET_A_PurgQuotaArrangementItem_QuotaArrangement_QuotaArrangement_QuotaArrangementItem_QuotaArrangementItem_"
                       preemptiveAuth="true"
                       responseEncoding="">
                  <description>Get entity from A_PurgQuotaArrangementItem by key</description>
                  <input>
                     <parameter description="Select properties to be returned, see [Select](https://help.sap.com/doc/5890d27be418427993fafa6722cdc03b/Cloud/en-US/OdataV2.pdf#page=68)"
                                label="$select"
                                name="$select"
                                required="false"
                                testWith=""
                                type="picklist">
                        <options>
                           <option name="values">[{"value":"QuotaArrangement","label":"QuotaArrangement"},{"value":"QuotaArrangementItem","label":"QuotaArrangementItem"},{"value":"MaterialProcurementCategory","label":"MaterialProcurementCategory"},{"value":"MaterialProcurementType","label":"MaterialProcurementType"},{"value":"Supplier","label":"Supplier"},{"value":"SupplyingPlant","label":"SupplyingPlant"},{"value":"PurchasingSourceQuota","label":"PurchasingSourceQuota"},{"value":"QuotaBaseQuantity","label":"QuotaBaseQuantity"},{"value":"QuotaAllocatedQuantity","label":"QuotaAllocatedQuantity"},{"value":"QuotaMaximumQuantity","label":"QuotaMaximumQuantity"},{"value":"ProductionVersion","label":"ProductionVersion"},{"value":"MaterialMaxLotSizeQuantity","label":"MaterialMaxLotSizeQuantity"},{"value":"MaterialMinLotSizeQuantity","label":"MaterialMinLotSizeQuantity"},{"value":"MaterialRoundingProfile","label":"MaterialRoundingProfile"},{"value":"SourceOfSupplyIsAssignedOnce","label":"SourceOfSupplyIsAssignedOnce"},{"value":"MaximumReleaseQuantity","label":"MaximumReleaseQuantity"},{"value":"QuotaReleasePeriodType","label":"QuotaReleasePeriodType"},{"value":"NumberOfPeriodsPerRelQuantity","label":"NumberOfPeriodsPerRelQuantity"},{"value":"QuotaDeterminationPriority","label":"QuotaDeterminationPriority"},{"value":"ManufacturerMaterial","label":"ManufacturerMaterial"},{"value":"PlannedDeliveryDurationInDays","label":"PlannedDeliveryDurationInDays"},{"value":"to_PurchasingQuotaArrangement","label":"to_PurchasingQuotaArrangement"}]</option>
                        </options>
                     </parameter>
                     <parameter description="Expand related entities, see [Expand](https://help.sap.com/doc/5890d27be418427993fafa6722cdc03b/Cloud/en-US/OdataV2.pdf#page=63)"
                                label="$expand"
                                name="$expand"
                                required="false"
                                testWith=""
                                type="picklist">
                        <options>
                           <option name="values">[{"value":"to_PurchasingQuotaArrangement","label":"to_PurchasingQuotaArrangement"}]</option>
                        </options>
                     </parameter>
                     <parameter description="Number of quota arrangement  &#xA;Uniquely identifies the quota arrangement."
                                label="QuotaArrangementPathParam"
                                name="QuotaArrangementPathParam"
                                nogen="true"
                                required="true"
                                testWith=""
                                type="string"/>
                     <parameter description="Quota arrangement item  &#xA;Uniquely identifies the quota arrangement item within a quota arrangement period."
                                label="QuotaArrangementItemPathParam"
                                name="QuotaArrangementItemPathParam"
                                nogen="true"
                                required="true"
                                testWith=""
                                type="string"/>
                  </input>
                  <binding>
                     <restSimpleBinding multiUsing="semicolonSeparated"
                                        url="https://{$hostName}/s4hanacloud/sap/opu/odata/sap/API_PUR_QUOTA_ARRANGEMENT_SRV/A_PurgQuotaArrangementItem(QuotaArrangement='{$QuotaArrangementPathParam}',QuotaArrangementItem='{$QuotaArrangementItemPathParam}')"
                                        verb="GET">
                        <authentication>
                           <username>{$username}</username>
                           <password>{$password}</password>
                           <isExpressionInPassword>true</isExpressionInPassword>
                        </authentication>
                        <httpHeaders>
                           <header name="Content-Type">application/json</header>
                           <header name="Accept">application/json</header>
                        </httpHeaders>
                     </restSimpleBinding>
                  </binding>
                  <output>
                     <field description="Retrieved entity"
                            entireResponse="true"
                            name="entireResponse"
                            type="object"/>
                  </output>
               </action>
               <action category="A_PurgQuotaArrangementItem"
                       failOnError="true"
                       forSearch="false"
                       label="DELETE_A_PurgQuotaArrangementItem_QuotaArrangement_QuotaArrangement_QuotaArrangementItem_QuotaArrangementItem_"
                       maxRedirects="100"
                       name="DELETE_A_PurgQuotaArrangementItem_QuotaArrangement_QuotaArrangement_QuotaArrangementItem_QuotaArrangementItem_"
                       preemptiveAuth="true"
                       responseEncoding="">
                  <description>Delete entity from A_PurgQuotaArrangementItem</description>
                  <input>
                     <parameter description="Number of quota arrangement  &#xA;Uniquely identifies the quota arrangement."
                                label="QuotaArrangementPathParam"
                                name="QuotaArrangementPathParam"
                                nogen="true"
                                required="true"
                                testWith=""
                                type="string"/>
                     <parameter description="Quota arrangement item  &#xA;Uniquely identifies the quota arrangement item within a quota arrangement period."
                                label="QuotaArrangementItemPathParam"
                                name="QuotaArrangementItemPathParam"
                                nogen="true"
                                required="true"
                                testWith=""
                                type="string"/>
                  </input>
                  <binding>
                     <restSimpleBinding multiUsing="semicolonSeparated"
                                        url="https://{$hostName}/s4hanacloud/sap/opu/odata/sap/API_PUR_QUOTA_ARRANGEMENT_SRV/A_PurgQuotaArrangementItem(QuotaArrangement='{$QuotaArrangementPathParam}',QuotaArrangementItem='{$QuotaArrangementItemPathParam}')"
                                        verb="DELETE">
                        <authentication>
                           <username>{$username}</username>
                           <password>{$password}</password>
                           <isExpressionInPassword>true</isExpressionInPassword>
                        </authentication>
                        <httpHeaders>
                           <header name="Content-Type">application/json</header>
                           <header name="Accept">application/json</header>
                        </httpHeaders>
                     </restSimpleBinding>
                  </binding>
                  <output/>
               </action>
               <action category="A_PurchasingQuotaArrangement"
                       failOnError="true"
                       forSearch="false"
                       label="PATCH_A_PurchasingQuotaArrangement_QuotaArrangement_"
                       maxRedirects="100"
                       name="PATCH_A_PurchasingQuotaArrangement_QuotaArrangement_"
                       preemptiveAuth="true"
                       responseEncoding="">
                  <description>Update entity in A_PurchasingQuotaArrangement</description>
                  <input>
                     <parameter description="New property values"
                                label="A_PurchasingQuotaArrangementType"
                                name="A_PurchasingQuotaArrangementType"
                                required="false"
                                testWith=""
                                type="object"/>
                     <parameter description="Number of quota arrangement  &#xA;Uniquely identifies the quota arrangement."
                                label="QuotaArrangementPathParam"
                                name="QuotaArrangementPathParam"
                                nogen="true"
                                required="true"
                                testWith=""
                                type="string"/>
                  </input>
                  <binding>
                     <restSimpleBinding multiUsing="semicolonSeparated"
                                        url="https://{$hostName}/s4hanacloud/sap/opu/odata/sap/API_PUR_QUOTA_ARRANGEMENT_SRV/A_PurchasingQuotaArrangement('{$QuotaArrangementPathParam}')"
                                        verb="PATCH">
                        <authentication>
                           <username>{$username}</username>
                           <password>{$password}</password>
                           <isExpressionInPassword>true</isExpressionInPassword>
                        </authentication>
                        <httpHeaders>
                           <header name="Content-Type">application/json</header>
                           <header name="Accept">application/json</header>
                        </httpHeaders>
                        <body generateUsing="UnwrappedJSON" preserveJsonStringFormatting="false"/>
                     </restSimpleBinding>
                  </binding>
                  <output/>
               </action>
               <action category="A_PurchasingQuotaArrangement"
                       failOnError="true"
                       forSearch="false"
                       label="GET_A_PurchasingQuotaArrangement_QuotaArrangement_"
                       maxRedirects="100"
                       name="GET_A_PurchasingQuotaArrangement_QuotaArrangement_"
                       preemptiveAuth="true"
                       responseEncoding="">
                  <description>Get entity from A_PurchasingQuotaArrangement by key</description>
                  <input>
                     <parameter description="Select properties to be returned, see [Select](https://help.sap.com/doc/5890d27be418427993fafa6722cdc03b/Cloud/en-US/OdataV2.pdf#page=68)"
                                label="$select"
                                name="$select"
                                required="false"
                                testWith=""
                                type="picklist">
                        <options>
                           <option name="values">[{"value":"QuotaArrangement","label":"QuotaArrangement"},{"value":"Material","label":"Material"},{"value":"Plant","label":"Plant"},{"value":"ValidityEndDate","label":"ValidityEndDate"},{"value":"ValidityStartDate","label":"ValidityStartDate"},{"value":"CreationDate","label":"CreationDate"},{"value":"CreatedByUser","label":"CreatedByUser"},{"value":"MinQtyForSpltQuota","label":"MinQtyForSpltQuota"},{"value":"LastChangeDateTime","label":"LastChangeDateTime"},{"value":"UserDescription","label":"UserDescription"},{"value":"MaterialBaseUnit","label":"MaterialBaseUnit"},{"value":"to_PurgQuotaArrangementItem","label":"to_PurgQuotaArrangementItem"}]</option>
                        </options>
                     </parameter>
                     <parameter description="Expand related entities, see [Expand](https://help.sap.com/doc/5890d27be418427993fafa6722cdc03b/Cloud/en-US/OdataV2.pdf#page=63)"
                                label="$expand"
                                name="$expand"
                                required="false"
                                testWith=""
                                type="picklist">
                        <options>
                           <option name="values">[{"value":"to_PurgQuotaArrangementItem","label":"to_PurgQuotaArrangementItem"}]</option>
                        </options>
                     </parameter>
                     <parameter description="Number of quota arrangement  &#xA;Uniquely identifies the quota arrangement."
                                label="QuotaArrangementPathParam"
                                name="QuotaArrangementPathParam"
                                nogen="true"
                                required="true"
                                testWith=""
                                type="string"/>
                  </input>
                  <binding>
                     <restSimpleBinding multiUsing="semicolonSeparated"
                                        url="https://{$hostName}/s4hanacloud/sap/opu/odata/sap/API_PUR_QUOTA_ARRANGEMENT_SRV/A_PurchasingQuotaArrangement('{$QuotaArrangementPathParam}')"
                                        verb="GET">
                        <authentication>
                           <username>{$username}</username>
                           <password>{$password}</password>
                           <isExpressionInPassword>true</isExpressionInPassword>
                        </authentication>
                        <httpHeaders>
                           <header name="Content-Type">application/json</header>
                           <header name="Accept">application/json</header>
                        </httpHeaders>
                     </restSimpleBinding>
                  </binding>
                  <output>
                     <field description="Retrieved entity"
                            entireResponse="true"
                            name="entireResponse"
                            type="object"/>
                  </output>
               </action>
               <action category="A_PurchasingQuotaArrangement"
                       failOnError="true"
                       forSearch="false"
                       label="DELETE_A_PurchasingQuotaArrangement_QuotaArrangement_"
                       maxRedirects="100"
                       name="DELETE_A_PurchasingQuotaArrangement_QuotaArrangement_"
                       preemptiveAuth="true"
                       responseEncoding="">
                  <description>Delete entity from A_PurchasingQuotaArrangement</description>
                  <input>
                     <parameter description="Number of quota arrangement  &#xA;Uniquely identifies the quota arrangement."
                                label="QuotaArrangementPathParam"
                                name="QuotaArrangementPathParam"
                                nogen="true"
                                required="true"
                                testWith=""
                                type="string"/>
                  </input>
                  <binding>
                     <restSimpleBinding multiUsing="semicolonSeparated"
                                        url="https://{$hostName}/s4hanacloud/sap/opu/odata/sap/API_PUR_QUOTA_ARRANGEMENT_SRV/A_PurchasingQuotaArrangement('{$QuotaArrangementPathParam}')"
                                        verb="DELETE">
                        <authentication>
                           <username>{$username}</username>
                           <password>{$password}</password>
                           <isExpressionInPassword>true</isExpressionInPassword>
                        </authentication>
                        <httpHeaders>
                           <header name="Content-Type">application/json</header>
                           <header name="Accept">application/json</header>
                        </httpHeaders>
                     </restSimpleBinding>
                  </binding>
                  <output/>
               </action>
               <action category="A_PurchasingQuotaArrangement"
                       failOnError="true"
                       forSearch="false"
                       label="POST_A_PurchasingQuotaArrangement"
                       maxRedirects="100"
                       name="POST_A_PurchasingQuotaArrangement"
                       preemptiveAuth="true"
                       responseEncoding="">
                  <description>Add new entity to A_PurchasingQuotaArrangement</description>
                  <input>
                     <parameter description="New entity"
                                label="A_PurchasingQuotaArrangementType"
                                name="A_PurchasingQuotaArrangementType"
                                required="false"
                                testWith=""
                                type="reference">
                        <options>
                           <option name="referenceTo">API_PUR_QUOTA_ARRANGEMENT_SRV_A_PurchasingQuotaArrangementType_create</option>
                        </options>
                     </parameter>
                  </input>
                  <binding>
                     <restSimpleBinding multiUsing="semicolonSeparated"
                                        url="https://{$hostName}/s4hanacloud/sap/opu/odata/sap/API_PUR_QUOTA_ARRANGEMENT_SRV/A_PurchasingQuotaArrangement"
                                        verb="POST">
                        <authentication>
                           <username>{$username}</username>
                           <password>{$password}</password>
                           <isExpressionInPassword>true</isExpressionInPassword>
                        </authentication>
                        <httpHeaders>
                           <header name="Content-Type">application/json</header>
                           <header name="Accept">application/json</header>
                        </httpHeaders>
                        <body generateUsing="UnwrappedJSON" preserveJsonStringFormatting="false"/>
                     </restSimpleBinding>
                  </binding>
                  <output/>
               </action>
               <action category="A_PurchasingQuotaArrangement"
                       failOnError="true"
                       forSearch="false"
                       label="GET_A_PurchasingQuotaArrangement"
                       maxRedirects="100"
                       name="GET_A_PurchasingQuotaArrangement"
                       preemptiveAuth="true"
                       responseEncoding="">
                  <description>Get entities from A_PurchasingQuotaArrangement</description>
                  <input>
                     <parameter description="Show only the first n items, see [Paging - Top](https://help.sap.com/doc/5890d27be418427993fafa6722cdc03b/Cloud/en-US/OdataV2.pdf#page=66)"
                                label="$top"
                                name="$top"
                                required="false"
                                testWith=""
                                type="int"/>
                     <parameter description="Skip the first n items, see [Paging - Skip](https://help.sap.com/doc/5890d27be418427993fafa6722cdc03b/Cloud/en-US/OdataV2.pdf#page=65)"
                                label="$skip"
                                name="$skip"
                                required="false"
                                testWith=""
                                type="int"/>
                     <parameter description="Filter items by property values, see [Filtering](https://help.sap.com/doc/5890d27be418427993fafa6722cdc03b/Cloud/en-US/OdataV2.pdf#page=64)"
                                label="$filter"
                                name="$filter"
                                required="false"
                                testWith=""
                                type="string"/>
                     <parameter description="Include count of items, see [Inlinecount](https://help.sap.com/doc/5890d27be418427993fafa6722cdc03b/Cloud/en-US/OdataV2.pdf#page=67)"
                                label="$inlinecount"
                                name="$inlinecount"
                                required="false"
                                testWith=""
                                type="picklist">
                        <options>
                           <option name="values">[{"value":"allpages","label":"allpages"},{"value":"none","label":"none"}]</option>
                        </options>
                     </parameter>
                     <parameter description="Order items by property values, see [Sorting](https://help.sap.com/doc/5890d27be418427993fafa6722cdc03b/Cloud/en-US/OdataV2.pdf#page=65)"
                                label="$orderby"
                                name="$orderby"
                                required="false"
                                testWith=""
                                type="picklist">
                        <options>
                           <option name="values">[{"value":"QuotaArrangement","label":"QuotaArrangement"},{"value":"QuotaArrangement desc","label":"QuotaArrangement desc"},{"value":"Material","label":"Material"},{"value":"Material desc","label":"Material desc"},{"value":"Plant","label":"Plant"},{"value":"Plant desc","label":"Plant desc"},{"value":"ValidityEndDate","label":"ValidityEndDate"},{"value":"ValidityEndDate desc","label":"ValidityEndDate desc"},{"value":"ValidityStartDate","label":"ValidityStartDate"},{"value":"ValidityStartDate desc","label":"ValidityStartDate desc"},{"value":"CreationDate","label":"CreationDate"},{"value":"CreationDate desc","label":"CreationDate desc"},{"value":"CreatedByUser","label":"CreatedByUser"},{"value":"CreatedByUser desc","label":"CreatedByUser desc"},{"value":"MinQtyForSpltQuota","label":"MinQtyForSpltQuota"},{"value":"MinQtyForSpltQuota desc","label":"MinQtyForSpltQuota desc"},{"value":"LastChangeDateTime","label":"LastChangeDateTime"},{"value":"LastChangeDateTime desc","label":"LastChangeDateTime desc"},{"value":"UserDescription","label":"UserDescription"},{"value":"UserDescription desc","label":"UserDescription desc"},{"value":"MaterialBaseUnit","label":"MaterialBaseUnit"},{"value":"MaterialBaseUnit desc","label":"MaterialBaseUnit desc"}]</option>
                        </options>
                     </parameter>
                     <parameter description="Select properties to be returned, see [Select](https://help.sap.com/doc/5890d27be418427993fafa6722cdc03b/Cloud/en-US/OdataV2.pdf#page=68)"
                                label="$select"
                                name="$select"
                                required="false"
                                testWith=""
                                type="picklist">
                        <options>
                           <option name="values">[{"value":"QuotaArrangement","label":"QuotaArrangement"},{"value":"Material","label":"Material"},{"value":"Plant","label":"Plant"},{"value":"ValidityEndDate","label":"ValidityEndDate"},{"value":"ValidityStartDate","label":"ValidityStartDate"},{"value":"CreationDate","label":"CreationDate"},{"value":"CreatedByUser","label":"CreatedByUser"},{"value":"MinQtyForSpltQuota","label":"MinQtyForSpltQuota"},{"value":"LastChangeDateTime","label":"LastChangeDateTime"},{"value":"UserDescription","label":"UserDescription"},{"value":"MaterialBaseUnit","label":"MaterialBaseUnit"},{"value":"to_PurgQuotaArrangementItem","label":"to_PurgQuotaArrangementItem"}]</option>
                        </options>
                     </parameter>
                     <parameter description="Expand related entities, see [Expand](https://help.sap.com/doc/5890d27be418427993fafa6722cdc03b/Cloud/en-US/OdataV2.pdf#page=63)"
                                label="$expand"
                                name="$expand"
                                required="false"
                                testWith=""
                                type="picklist">
                        <options>
                           <option name="values">[{"value":"to_PurgQuotaArrangementItem","label":"to_PurgQuotaArrangementItem"}]</option>
                        </options>
                     </parameter>
                  </input>
                  <binding>
                     <restSimpleBinding multiUsing="semicolonSeparated"
                                        url="https://{$hostName}/s4hanacloud/sap/opu/odata/sap/API_PUR_QUOTA_ARRANGEMENT_SRV/A_PurchasingQuotaArrangement"
                                        verb="GET">
                        <authentication>
                           <username>{$username}</username>
                           <password>{$password}</password>
                           <isExpressionInPassword>true</isExpressionInPassword>
                        </authentication>
                        <httpHeaders>
                           <header name="Content-Type">application/json</header>
                           <header name="Accept">application/json</header>
                        </httpHeaders>
                     </restSimpleBinding>
                  </binding>
                  <output>
                     <field description="Retrieved entities"
                            entireResponse="true"
                            name="entireResponse"
                            type="object"/>
                  </output>
               </action>
               <action category="A_PurgQuotaArrangementItem"
                       failOnError="true"
                       forSearch="false"
                       label="GET_A_PurgQuotaArrangementItem"
                       maxRedirects="100"
                       name="GET_A_PurgQuotaArrangementItem"
                       preemptiveAuth="true"
                       responseEncoding="">
                  <description>Get entities from A_PurgQuotaArrangementItem</description>
                  <input>
                     <parameter description="Show only the first n items, see [Paging - Top](https://help.sap.com/doc/5890d27be418427993fafa6722cdc03b/Cloud/en-US/OdataV2.pdf#page=66)"
                                label="$top"
                                name="$top"
                                required="false"
                                testWith=""
                                type="int"/>
                     <parameter description="Skip the first n items, see [Paging - Skip](https://help.sap.com/doc/5890d27be418427993fafa6722cdc03b/Cloud/en-US/OdataV2.pdf#page=65)"
                                label="$skip"
                                name="$skip"
                                required="false"
                                testWith=""
                                type="int"/>
                     <parameter description="Filter items by property values, see [Filtering](https://help.sap.com/doc/5890d27be418427993fafa6722cdc03b/Cloud/en-US/OdataV2.pdf#page=64)"
                                label="$filter"
                                name="$filter"
                                required="false"
                                testWith=""
                                type="string"/>
                     <parameter description="Include count of items, see [Inlinecount](https://help.sap.com/doc/5890d27be418427993fafa6722cdc03b/Cloud/en-US/OdataV2.pdf#page=67)"
                                label="$inlinecount"
                                name="$inlinecount"
                                required="false"
                                testWith=""
                                type="picklist">
                        <options>
                           <option name="values">[{"value":"allpages","label":"allpages"},{"value":"none","label":"none"}]</option>
                        </options>
                     </parameter>
                     <parameter description="Order items by property values, see [Sorting](https://help.sap.com/doc/5890d27be418427993fafa6722cdc03b/Cloud/en-US/OdataV2.pdf#page=65)"
                                label="$orderby"
                                name="$orderby"
                                required="false"
                                testWith=""
                                type="picklist">
                        <options>
                           <option name="values">[{"value":"QuotaArrangement","label":"QuotaArrangement"},{"value":"QuotaArrangement desc","label":"QuotaArrangement desc"},{"value":"QuotaArrangementItem","label":"QuotaArrangementItem"},{"value":"QuotaArrangementItem desc","label":"QuotaArrangementItem desc"},{"value":"MaterialProcurementCategory","label":"MaterialProcurementCategory"},{"value":"MaterialProcurementCategory desc","label":"MaterialProcurementCategory desc"},{"value":"MaterialProcurementType","label":"MaterialProcurementType"},{"value":"MaterialProcurementType desc","label":"MaterialProcurementType desc"},{"value":"Supplier","label":"Supplier"},{"value":"Supplier desc","label":"Supplier desc"},{"value":"SupplyingPlant","label":"SupplyingPlant"},{"value":"SupplyingPlant desc","label":"SupplyingPlant desc"},{"value":"PurchasingSourceQuota","label":"PurchasingSourceQuota"},{"value":"PurchasingSourceQuota desc","label":"PurchasingSourceQuota desc"},{"value":"QuotaBaseQuantity","label":"QuotaBaseQuantity"},{"value":"QuotaBaseQuantity desc","label":"QuotaBaseQuantity desc"},{"value":"QuotaAllocatedQuantity","label":"QuotaAllocatedQuantity"},{"value":"QuotaAllocatedQuantity desc","label":"QuotaAllocatedQuantity desc"},{"value":"QuotaMaximumQuantity","label":"QuotaMaximumQuantity"},{"value":"QuotaMaximumQuantity desc","label":"QuotaMaximumQuantity desc"},{"value":"ProductionVersion","label":"ProductionVersion"},{"value":"ProductionVersion desc","label":"ProductionVersion desc"},{"value":"MaterialMaxLotSizeQuantity","label":"MaterialMaxLotSizeQuantity"},{"value":"MaterialMaxLotSizeQuantity desc","label":"MaterialMaxLotSizeQuantity desc"},{"value":"MaterialMinLotSizeQuantity","label":"MaterialMinLotSizeQuantity"},{"value":"MaterialMinLotSizeQuantity desc","label":"MaterialMinLotSizeQuantity desc"},{"value":"MaterialRoundingProfile","label":"MaterialRoundingProfile"},{"value":"MaterialRoundingProfile desc","label":"MaterialRoundingProfile desc"},{"value":"SourceOfSupplyIsAssignedOnce","label":"SourceOfSupplyIsAssignedOnce"},{"value":"SourceOfSupplyIsAssignedOnce desc","label":"SourceOfSupplyIsAssignedOnce desc"},{"value":"MaximumReleaseQuantity","label":"MaximumReleaseQuantity"},{"value":"MaximumReleaseQuantity desc","label":"MaximumReleaseQuantity desc"},{"value":"QuotaReleasePeriodType","label":"QuotaReleasePeriodType"},{"value":"QuotaReleasePeriodType desc","label":"QuotaReleasePeriodType desc"},{"value":"NumberOfPeriodsPerRelQuantity","label":"NumberOfPeriodsPerRelQuantity"},{"value":"NumberOfPeriodsPerRelQuantity desc","label":"NumberOfPeriodsPerRelQuantity desc"},{"value":"QuotaDeterminationPriority","label":"QuotaDeterminationPriority"},{"value":"QuotaDeterminationPriority desc","label":"QuotaDeterminationPriority desc"},{"value":"ManufacturerMaterial","label":"ManufacturerMaterial"},{"value":"ManufacturerMaterial desc","label":"ManufacturerMaterial desc"},{"value":"PlannedDeliveryDurationInDays","label":"PlannedDeliveryDurationInDays"},{"value":"PlannedDeliveryDurationInDays desc","label":"PlannedDeliveryDurationInDays desc"}]</option>
                        </options>
                     </parameter>
                     <parameter description="Select properties to be returned, see [Select](https://help.sap.com/doc/5890d27be418427993fafa6722cdc03b/Cloud/en-US/OdataV2.pdf#page=68)"
                                label="$select"
                                name="$select"
                                required="false"
                                testWith=""
                                type="picklist">
                        <options>
                           <option name="values">[{"value":"QuotaArrangement","label":"QuotaArrangement"},{"value":"QuotaArrangementItem","label":"QuotaArrangementItem"},{"value":"MaterialProcurementCategory","label":"MaterialProcurementCategory"},{"value":"MaterialProcurementType","label":"MaterialProcurementType"},{"value":"Supplier","label":"Supplier"},{"value":"SupplyingPlant","label":"SupplyingPlant"},{"value":"PurchasingSourceQuota","label":"PurchasingSourceQuota"},{"value":"QuotaBaseQuantity","label":"QuotaBaseQuantity"},{"value":"QuotaAllocatedQuantity","label":"QuotaAllocatedQuantity"},{"value":"QuotaMaximumQuantity","label":"QuotaMaximumQuantity"},{"value":"ProductionVersion","label":"ProductionVersion"},{"value":"MaterialMaxLotSizeQuantity","label":"MaterialMaxLotSizeQuantity"},{"value":"MaterialMinLotSizeQuantity","label":"MaterialMinLotSizeQuantity"},{"value":"MaterialRoundingProfile","label":"MaterialRoundingProfile"},{"value":"SourceOfSupplyIsAssignedOnce","label":"SourceOfSupplyIsAssignedOnce"},{"value":"MaximumReleaseQuantity","label":"MaximumReleaseQuantity"},{"value":"QuotaReleasePeriodType","label":"QuotaReleasePeriodType"},{"value":"NumberOfPeriodsPerRelQuantity","label":"NumberOfPeriodsPerRelQuantity"},{"value":"QuotaDeterminationPriority","label":"QuotaDeterminationPriority"},{"value":"ManufacturerMaterial","label":"ManufacturerMaterial"},{"value":"PlannedDeliveryDurationInDays","label":"PlannedDeliveryDurationInDays"},{"value":"to_PurchasingQuotaArrangement","label":"to_PurchasingQuotaArrangement"}]</option>
                        </options>
                     </parameter>
                     <parameter description="Expand related entities, see [Expand](https://help.sap.com/doc/5890d27be418427993fafa6722cdc03b/Cloud/en-US/OdataV2.pdf#page=63)"
                                label="$expand"
                                name="$expand"
                                required="false"
                                testWith=""
                                type="picklist">
                        <options>
                           <option name="values">[{"value":"to_PurchasingQuotaArrangement","label":"to_PurchasingQuotaArrangement"}]</option>
                        </options>
                     </parameter>
                  </input>
                  <binding>
                     <restSimpleBinding multiUsing="semicolonSeparated"
                                        url="https://{$hostName}/s4hanacloud/sap/opu/odata/sap/API_PUR_QUOTA_ARRANGEMENT_SRV/A_PurgQuotaArrangementItem"
                                        verb="GET">
                        <authentication>
                           <username>{$username}</username>
                           <password>{$password}</password>
                           <isExpressionInPassword>true</isExpressionInPassword>
                        </authentication>
                        <httpHeaders>
                           <header name="Content-Type">application/json</header>
                           <header name="Accept">application/json</header>
                        </httpHeaders>
                     </restSimpleBinding>
                  </binding>
                  <output>
                     <field description="Retrieved entities"
                            entireResponse="true"
                            name="entireResponse"
                            type="object"/>
                  </output>
               </action>
            </actions>
            <objects>
               <processObject xmlns="http://schemas.active-endpoints.com/appmodules/screenflow/2011/06/avosHostEnvironment.xsd"
                              isByCopy="true"
                              name="API_PUR_QUOTA_ARRANGEMENT_SRV_A_PurgQuotaArrangementItemType">
                  <description/>
                  <detail>
                     <field name="MaterialProcurementType" type="string"/>
                     <field name="PlannedDeliveryDurationInDays" type="string"/>
                     <field name="PurchasingSourceQuota" type="string"/>
                     <field name="MaterialMaxLotSizeQuantity" type="string"/>
                     <field name="QuotaAllocatedQuantity" type="string"/>
                     <field name="QuotaReleasePeriodType" type="string"/>
                     <field name="ManufacturerMaterial" type="string"/>
                     <field name="MaximumReleaseQuantity" type="string"/>
                     <field name="QuotaMaximumQuantity" type="string"/>
                     <field name="NumberOfPeriodsPerRelQuantity" type="string"/>
                     <field name="QuotaDeterminationPriority" type="string"/>
                     <field name="MaterialMinLotSizeQuantity" type="string"/>
                     <field name="MaterialRoundingProfile" type="string"/>
                     <field name="to_PurchasingQuotaArrangement" type="reference">
                        <options>
                           <option name="referenceTo">API_PUR_QUOTA_ARRANGEMENT_SRV_A_PurchasingQuotaArrangementType</option>
                           <option name="relationshipName">Child</option>
                        </options>
                     </field>
                     <field name="QuotaArrangementItem" type="string"/>
                     <field name="QuotaBaseQuantity" type="string"/>
                     <field name="MaterialProcurementCategory" type="string"/>
                     <field name="SupplyingPlant" type="string"/>
                     <field name="QuotaArrangement" type="string"/>
                     <field name="Supplier" type="string"/>
                     <field name="SourceOfSupplyIsAssignedOnce" type="boolean"/>
                     <field name="ProductionVersion" type="string"/>
                  </detail>
               </processObject>
               <processObject xmlns="http://schemas.active-endpoints.com/appmodules/screenflow/2011/06/avosHostEnvironment.xsd"
                              isByCopy="true"
                              name="API_PUR_QUOTA_ARRANGEMENT_SRV_A_PurchasingQuotaArrangementType">
                  <description/>
                  <detail>
                     <field name="CreationDate" type="string"/>
                     <field name="Plant" type="string"/>
                     <field name="MaterialBaseUnit" type="string"/>
                     <field name="CreatedByUser" type="string"/>
                     <field name="MinQtyForSpltQuota" type="string"/>
                     <field name="QuotaArrangement" type="string"/>
                     <field name="UserDescription" type="string"/>
                     <field name="Material" type="string"/>
                     <field name="ValidityEndDate" type="string"/>
                     <field name="LastChangeDateTime" type="string"/>
                     <field name="to_PurgQuotaArrangementItem" type="object"/>
                     <field name="ValidityStartDate" type="string"/>
                  </detail>
               </processObject>
               <processObject xmlns="http://schemas.active-endpoints.com/appmodules/screenflow/2011/06/avosHostEnvironment.xsd"
                              isByCopy="true"
                              name="API_PUR_QUOTA_ARRANGEMENT_SRV_A_PurchasingQuotaArrangementType_create">
                  <description/>
                  <detail>
                     <field name="Plant" type="string"/>
                     <field name="MinQtyForSpltQuota" type="string"/>
                     <field name="Material" type="string"/>
                     <field name="ValidityEndDate" type="string"/>
                     <field name="to_PurgQuotaArrangementItem" type="object"/>
                     <field name="ValidityStartDate" type="string"/>
                  </detail>
               </processObject>
               <processObject xmlns="http://schemas.active-endpoints.com/appmodules/screenflow/2011/06/avosHostEnvironment.xsd"
                              isByCopy="true"
                              name="API_PUR_QUOTA_ARRANGEMENT_SRV_A_PurgQuotaArrangementItemType_update">
                  <description/>
                  <detail>
                     <field name="MaterialProcurementType" type="string"/>
                     <field name="PlannedDeliveryDurationInDays" type="string"/>
                     <field name="PurchasingSourceQuota" type="string"/>
                     <field name="MaterialMaxLotSizeQuantity" type="string"/>
                     <field name="QuotaReleasePeriodType" type="string"/>
                     <field name="ManufacturerMaterial" type="string"/>
                     <field name="MaximumReleaseQuantity" type="string"/>
                     <field name="QuotaMaximumQuantity" type="string"/>
                     <field name="NumberOfPeriodsPerRelQuantity" type="string"/>
                     <field name="QuotaDeterminationPriority" type="string"/>
                     <field name="MaterialMinLotSizeQuantity" type="string"/>
                     <field name="MaterialRoundingProfile" type="string"/>
                     <field name="QuotaBaseQuantity" type="string"/>
                     <field name="MaterialProcurementCategory" type="string"/>
                     <field name="SupplyingPlant" type="string"/>
                     <field name="Supplier" type="string"/>
                     <field name="SourceOfSupplyIsAssignedOnce" type="boolean"/>
                     <field name="ProductionVersion" type="string"/>
                  </detail>
               </processObject>
               <processObject xmlns="http://schemas.active-endpoints.com/appmodules/screenflow/2011/06/avosHostEnvironment.xsd"
                              isByCopy="true"
                              name="error">
                  <description/>
                  <detail>
                     <field name="error" type="object"/>
                  </detail>
               </processObject>
               <processObject xmlns="http://schemas.active-endpoints.com/appmodules/screenflow/2011/06/avosHostEnvironment.xsd"
                              isByCopy="true"
                              name="API_PUR_QUOTA_ARRANGEMENT_SRV_A_PurgQuotaArrangementItemType_create">
                  <description/>
                  <detail>
                     <field name="MaterialProcurementType" type="string"/>
                     <field name="PlannedDeliveryDurationInDays" type="string"/>
                     <field name="PurchasingSourceQuota" type="string"/>
                     <field name="MaterialMaxLotSizeQuantity" type="string"/>
                     <field name="QuotaReleasePeriodType" type="string"/>
                     <field name="ManufacturerMaterial" type="string"/>
                     <field name="MaximumReleaseQuantity" type="string"/>
                     <field name="QuotaMaximumQuantity" type="string"/>
                     <field name="NumberOfPeriodsPerRelQuantity" type="string"/>
                     <field name="QuotaDeterminationPriority" type="string"/>
                     <field name="MaterialMinLotSizeQuantity" type="string"/>
                     <field name="MaterialRoundingProfile" type="string"/>
                     <field name="to_PurchasingQuotaArrangement" type="reference">
                        <options>
                           <option name="referenceTo">API_PUR_QUOTA_ARRANGEMENT_SRV_A_PurchasingQuotaArrangementType_create</option>
                           <option name="relationshipName">Child</option>
                        </options>
                     </field>
                     <field name="QuotaBaseQuantity" type="string"/>
                     <field name="MaterialProcurementCategory" type="string"/>
                     <field name="SupplyingPlant" type="string"/>
                     <field name="Supplier" type="string"/>
                     <field name="SourceOfSupplyIsAssignedOnce" type="boolean"/>
                     <field name="ProductionVersion" type="string"/>
                  </detail>
               </processObject>
               <processObject xmlns="http://schemas.active-endpoints.com/appmodules/screenflow/2011/06/avosHostEnvironment.xsd"
                              isByCopy="true"
                              name="API_PUR_QUOTA_ARRANGEMENT_SRV_A_PurchasingQuotaArrangementType_update">
                  <description/>
                  <detail>
                     <field name="Plant" type="string"/>
                     <field name="MinQtyForSpltQuota" type="string"/>
                     <field name="Material" type="string"/>
                     <field name="ValidityEndDate" type="string"/>
                     <field name="ValidityStartDate" type="string"/>
                  </detail>
               </processObject>
               <processObject xmlns="http://schemas.active-endpoints.com/appmodules/screenflow/2011/06/avosHostEnvironment.xsd"
                              isByCopy="true"
                              name="string">
                  <description/>
                  <detail>
                     <field name="string" type="string"/>
                  </detail>
               </processObject>
               <processObject xmlns="http://schemas.active-endpoints.com/appmodules/screenflow/2011/06/avosHostEnvironment.xsd"
                              isByCopy="true"
                              name="boolean">
                  <description/>
                  <detail>
                     <field name="boolean" type="boolean"/>
                  </detail>
               </processObject>
               <processObject xmlns="http://schemas.active-endpoints.com/appmodules/screenflow/2011/06/avosHostEnvironment.xsd"
                              isByCopy="true"
                              name="double">
                  <description/>
                  <detail>
                     <field name="double" type="double"/>
                  </detail>
               </processObject>
               <processObject xmlns="http://schemas.active-endpoints.com/appmodules/screenflow/2011/06/avosHostEnvironment.xsd"
                              isByCopy="true"
                              name="integer">
                  <description/>
                  <detail>
                     <field name="integer" type="int"/>
                  </detail>
               </processObject>
            </objects>
         </businessConnector>
      </types1:Entry>
      <types1:GUID>34XqBV4iMCwbBwSR0jQLYW</types1:GUID>
      <types1:DisplayName>SAP S4HANA Quota Arrangement API v1</types1:DisplayName>
   </types1:Item>
   <types1:CurrentServerDateTime>2019-11-15T05:53:20.657Z</types1:CurrentServerDateTime>
</aetgt:getResponse>
