<aetgt:getResponse xmlns:aetgt="http://schemas.active-endpoints.com/appmodules/repository/2010/10/avrepository.xsd"
                   xmlns:types1="http://schemas.active-endpoints.com/appmodules/repository/2010/10/avrepository.xsd">
   <types1:Item>
      <types1:EntryId>MMkdypKwKBqRi92-gt-3240700-2019-01-24T00:42:21.613Z::svc.xml</types1:EntryId>
      <types1:Name>Concur_Locations_API_v3</types1:Name>
      <types1:MimeType>application/xml+businesssconnector</types1:MimeType>
      <types1:Description>The valid city location codes in Concur. The location codes vary by client, and cannot be used across multiple clients. This API provides methods to get a list of valid locations for the supplied user, or get details of a location by ID.</types1:Description>
      <types1:AppliesTo/>
      <types1:Tags/>
      <types1:VersionLabel>1.0</types1:VersionLabel>
      <types1:State>CURRENT</types1:State>
      <types1:ProcessGroup/>
      <types1:CreatedBy>sorabh@na1.dm-us.org</types1:CreatedBy>
      <types1:CreationDate>2019-01-24T00:42:22Z</types1:CreationDate>
      <types1:ModifiedBy/>
      <types1:PublicationStatus>published</types1:PublicationStatus>
      <types1:PublishedBy>sorabh@na1.dm-us.org</types1:PublishedBy>
      <types1:PublicationDate>2019-01-24T00:42:40Z</types1:PublicationDate>
      <types1:PublishedContributionId>project:/rt.connector/Concur_Locations_API_v3/Concur_Locations_API_v3_svcDef.xml</types1:PublishedContributionId>
      <types1:AutosaveExists>false</types1:AutosaveExists>
      <types1:Entry>
         <businessConnector xmlns="http://schemas.informatica.com/socrates/data-services/2014/05/business-connector-model.xsd"
                            agentOnly="false"
                            debug="false"
                            displayName="Concur Locations API v3"
                            label=""
                            name="Concur_Locations_API_v3"
                            uuid="7b830ac0-af89-4217-947e-f7118b727523">
            <description>The valid city location codes in Concur. The location codes vary by client, and cannot be used across multiple clients. This API provides methods to get a list of valid locations for the supplied user, or get details of a location by ID.</description>
            <tags/>
            <connectionAttributes xmlns="http://schemas.informatica.com/appmodules/screenflow/2014/04/avosConnectors.xsd">
               <connectionAttribute description="Host Name"
                                    masked="false"
                                    name="hostName"
                                    required="true"
                                    testWith="www.concursolutions.com"
                                    type="string"/>
            </connectionAttributes>
            <actions>
               <action category="Resources"
                       failOnError="true"
                       forSearch="false"
                       label="GET_common_locations"
                       maxRedirects="100"
                       name="GET_common_locations"
                       preemptiveAuth="true"
                       responseEncoding="">
                  <description>Get all locations. Gets details of locations that are used by Concur and that are valid at the user's company.</description>
                  <input>
                     <parameter description="The starting point of the next set of results, after the limit specified in the limit field has been reached."
                                label="offset"
                                name="offset"
                                required="false"
                                testWith=""
                                type="string"/>
                     <parameter description="The number of records to return. Default value: 25"
                                label="limit"
                                name="limit"
                                required="false"
                                testWith=""
                                type="int"/>
                     <parameter description="A common name associated with the location. This name can be a location description such as a neighborhood (SoHo), a landmark (Statue of Liberty), or a city name (New York)."
                                label="name"
                                name="name"
                                required="false"
                                testWith=""
                                type="string"/>
                     <parameter description="The city name of the location."
                                label="city"
                                name="city"
                                required="false"
                                testWith=""
                                type="string"/>
                     <parameter description="The &lt;a target=&#34;_blank&#34; href=&#34;http://en.wikipedia.org/wiki/ISO_3166-2&#34;&gt;ISO 3166-2:2007 country subdivision code&lt;/a&gt; for the location. Example: US-WA"
                                label="countrySubdivision"
                                name="countrySubdivision"
                                required="false"
                                testWith=""
                                type="string"/>
                     <parameter description="The 2-letter &lt;a target=&#34;_blank&#34; href=&#34;http://en.wikipedia.org/wiki/ISO_3166-1_alpha-2&#34;&gt;ISO 3166-1 country code&lt;/a&gt; for the location. Example: United States is US"
                                label="country"
                                name="country"
                                required="false"
                                testWith=""
                                type="string"/>
                     <parameter description="The administrative region of the location. An administrative region is a government unit, such as a county, that contains one or more cities."
                                label="administrativeRegion"
                                name="administrativeRegion"
                                required="false"
                                testWith=""
                                type="string"/>
                  </input>
                  <binding>
                     <restSimpleBinding multiUsing="semicolonSeparated"
                                        url="https://{$hostName}/api/v3.0/common/locations"
                                        verb="GET">
                        <httpHeaders>
                           <header name="Content-Type">application/json</header>
                           <header name="Accept">application/json</header>
                        </httpHeaders>
                     </restSimpleBinding>
                  </binding>
                  <output>
                     <field description="Success"
                            entireResponse="true"
                            name="LocationCollection"
                            type="reference">
                        <options>
                           <option name="referenceTo">LocationCollection</option>
                        </options>
                     </field>
                  </output>
               </action>
               <action category="Resources"
                       failOnError="true"
                       forSearch="false"
                       label="GET_common_locations_id_"
                       maxRedirects="100"
                       name="GET_common_locations_id_"
                       preemptiveAuth="true"
                       responseEncoding="">
                  <description>Get a location by ID. Gets details of the specified location.</description>
                  <input>
                     <parameter description="The ID of the location."
                                label="idPathParam"
                                name="idPathParam"
                                nogen="true"
                                required="true"
                                testWith=""
                                type="string"/>
                  </input>
                  <binding>
                     <restSimpleBinding multiUsing="semicolonSeparated"
                                        url="https://{$hostName}/api/v3.0/common/locations/{$idPathParam}"
                                        verb="GET">
                        <httpHeaders>
                           <header name="Content-Type">application/json</header>
                           <header name="Accept">application/json</header>
                        </httpHeaders>
                     </restSimpleBinding>
                  </binding>
                  <output>
                     <field description="Success"
                            entireResponse="true"
                            name="Location"
                            type="reference">
                        <options>
                           <option name="referenceTo">Location</option>
                        </options>
                     </field>
                  </output>
               </action>
            </actions>
            <objects>
               <processObject xmlns="http://schemas.active-endpoints.com/appmodules/screenflow/2011/06/avosHostEnvironment.xsd"
                              isByCopy="true"
                              name="LocationCollection">
                  <description/>
                  <detail>
                     <field name="Items" type="reference">
                        <options>
                           <option name="referenceTo">Location</option>
                           <option name="relationshipName">Child</option>
                        </options>
                     </field>
                     <field name="NextPage" type="string"/>
                  </detail>
               </processObject>
               <processObject xmlns="http://schemas.active-endpoints.com/appmodules/screenflow/2011/06/avosHostEnvironment.xsd"
                              isByCopy="true"
                              name="Decimal">
                  <description/>
                  <detail/>
               </processObject>
               <processObject xmlns="http://schemas.active-endpoints.com/appmodules/screenflow/2011/06/avosHostEnvironment.xsd"
                              isByCopy="true"
                              name="Nullable_1">
                  <description/>
                  <detail>
                     <field name="Value" type="reference">
                        <options>
                           <option name="referenceTo">Decimal</option>
                           <option name="relationshipName">Child</option>
                        </options>
                     </field>
                     <field name="HasValue" type="boolean"/>
                  </detail>
               </processObject>
               <processObject xmlns="http://schemas.active-endpoints.com/appmodules/screenflow/2011/06/avosHostEnvironment.xsd"
                              isByCopy="true"
                              name="Location">
                  <description/>
                  <detail>
                     <field name="IATACode" type="string"/>
                     <field name="AdministrativeRegion" type="string"/>
                     <field name="IsAirport" type="boolean"/>
                     <field name="Country" type="string"/>
                     <field name="CountrySubdivision" type="string"/>
                     <field name="Latitude" type="double"/>
                     <field name="ID" type="string"/>
                     <field name="Longitude" type="double"/>
                     <field name="URI" type="string"/>
                     <field name="Name" type="string"/>
                     <field name="IsBookingTool" type="boolean"/>
                  </detail>
               </processObject>
               <processObject xmlns="http://schemas.active-endpoints.com/appmodules/screenflow/2011/06/avosHostEnvironment.xsd"
                              isByCopy="true"
                              name="string">
                  <description/>
                  <detail>
                     <field name="string" type="string"/>
                  </detail>
               </processObject>
               <processObject xmlns="http://schemas.active-endpoints.com/appmodules/screenflow/2011/06/avosHostEnvironment.xsd"
                              isByCopy="true"
                              name="boolean">
                  <description/>
                  <detail>
                     <field name="boolean" type="boolean"/>
                  </detail>
               </processObject>
               <processObject xmlns="http://schemas.active-endpoints.com/appmodules/screenflow/2011/06/avosHostEnvironment.xsd"
                              isByCopy="true"
                              name="double">
                  <description/>
                  <detail>
                     <field name="double" type="double"/>
                  </detail>
               </processObject>
               <processObject xmlns="http://schemas.active-endpoints.com/appmodules/screenflow/2011/06/avosHostEnvironment.xsd"
                              isByCopy="true"
                              name="integer">
                  <description/>
                  <detail>
                     <field name="integer" type="int"/>
                  </detail>
               </processObject>
            </objects>
         </businessConnector>
      </types1:Entry>
      <types1:GUID>aEbCj35nk6pf9jEhJmKYet</types1:GUID>
      <types1:DisplayName>Concur Locations API v3</types1:DisplayName>
   </types1:Item>
   <types1:CurrentServerDateTime>2019-02-22T09:42:47.796Z</types1:CurrentServerDateTime>
</aetgt:getResponse>
