<aetgt:getResponse xmlns:aetgt="http://schemas.active-endpoints.com/appmodules/repository/2010/10/avrepository.xsd"
                   xmlns:types1="http://schemas.active-endpoints.com/appmodules/repository/2010/10/avrepository.xsd">
   <types1:Item>
      <types1:EntryId>7muOSSHCwkNmumf-gt-8117380-2019-12-21T13:45:09.094Z::svc.xml</types1:EntryId>
      <types1:Name>SAP_SuccessFactors_Foundation-Platform_Execution_Manager_OData_API_v1</types1:Name>
      <types1:MimeType>application/xml+businesssconnector</types1:MimeType>
      <types1:Description>API to access Execution Manager</types1:Description>
      <types1:AppliesTo/>
      <types1:Tags/>
      <types1:VersionLabel>1.0</types1:VersionLabel>
      <types1:State>CURRENT</types1:State>
      <types1:ProcessGroup/>
      <types1:CreatedBy>sorabh@na1.dm-us.org</types1:CreatedBy>
      <types1:CreationDate>2019-12-21T13:45:09Z</types1:CreationDate>
      <types1:ModifiedBy/>
      <types1:PublicationStatus>published</types1:PublicationStatus>
      <types1:PublishedBy>sorabh@na1.dm-us.org</types1:PublishedBy>
      <types1:PublicationDate>2019-12-21T13:45:13Z</types1:PublicationDate>
      <types1:PublishedContributionId>project:/rt.connector/SAP_SuccessFactors_Foundation_Platform_Execution_Manager_OData_API_v1/SAP_SuccessFactors_Foundation_Platform_Execution_Manager_OData_API_v1_svcDef.xml</types1:PublishedContributionId>
      <types1:AutosaveExists>false</types1:AutosaveExists>
      <types1:Entry>
         <businessConnector xmlns="http://schemas.informatica.com/socrates/data-services/2014/05/business-connector-model.xsd"
                            agentOnly="false"
                            debug="false"
                            displayName="SAP SuccessFactors Foundation-Platform Execution Manager OData API v1"
                            label=""
                            name="SAP_SuccessFactors_Foundation-Platform_Execution_Manager_OData_API_v1"
                            uuid="df09f609-2e52-4e4d-974f-3485b76cfe31">
            <description>API to access Execution Manager</description>
            <tags/>
            <connectionAttributes xmlns="http://schemas.informatica.com/appmodules/screenflow/2014/04/avosConnectors.xsd">
               <connectionAttribute description="Host Name"
                                    masked="false"
                                    name="hostName"
                                    required="true"
                                    testWith="sandbox.api.sap.com"
                                    type="string"/>
               <connectionAttribute description="User Name"
                                    masked="false"
                                    name="username"
                                    required="true"
                                    testWith=""
                                    type="string"/>
               <connectionAttribute description="Password"
                                    masked="true"
                                    name="password"
                                    required="true"
                                    testWith=""
                                    type="string"/>
            </connectionAttributes>
            <actions>
               <action category="EMMonitoredProcess"
                       failOnError="true"
                       forSearch="false"
                       label="GET_EMMonitoredProcess_processDefinitionId_processDefinitionId_processInstanceId_processInstanceId_processType_processType_"
                       maxRedirects="100"
                       name="GET_EMMonitoredProcess_processDefinitionId_processDefinitionId_processInstanceId_processInstanceId_processType_processType_"
                       preemptiveAuth="true"
                       responseEncoding="">
                  <description>Get entity from EMMonitoredProcess by key</description>
                  <input>
                     <parameter description="key: processDefinitionId"
                                label="processDefinitionIdPathParam"
                                name="processDefinitionIdPathParam"
                                nogen="true"
                                required="true"
                                testWith=""
                                type="string"/>
                     <parameter description="key: processInstanceId"
                                label="processInstanceIdPathParam"
                                name="processInstanceIdPathParam"
                                nogen="true"
                                required="true"
                                testWith=""
                                type="string"/>
                     <parameter description="key: processType"
                                label="processTypePathParam"
                                name="processTypePathParam"
                                nogen="true"
                                required="true"
                                testWith=""
                                type="string"/>
                     <parameter description="Select properties to be returned, see [OData Select](http://docs.oasis-open.org/odata/odata/v4.0/odata-v4.0-part1-protocol.html#_Toc445374620)"
                                label="$select"
                                name="$select"
                                required="false"
                                testWith=""
                                type="picklist">
                        <options>
                           <option name="values">[{"value":"coRelatorId","label":"coRelatorId"},{"value":"firstEventTime","label":"firstEventTime"},{"value":"hasErrors","label":"hasErrors"},{"value":"hasWarnings","label":"hasWarnings"},{"value":"lastEventTime","label":"lastEventTime"},{"value":"moduleName","label":"moduleName"},{"value":"monitoredProcessId","label":"monitoredProcessId"},{"value":"processDefinitionId","label":"processDefinitionId"},{"value":"processDefinitionName","label":"processDefinitionName"},{"value":"processInstanceId","label":"processInstanceId"},{"value":"processInstanceName","label":"processInstanceName"},{"value":"processState","label":"processState"},{"value":"processType","label":"processType"}]</option>
                        </options>
                     </parameter>
                  </input>
                  <binding>
                     <restSimpleBinding multiUsing="semicolonSeparated"
                                        url="https://{$hostName}/successfactors/odata/v2/EMMonitoredProcess(processDefinitionId='{$processDefinitionIdPathParam}',processInstanceId='{$processInstanceIdPathParam}',processType='{$processTypePathParam}')"
                                        verb="GET">
                        <authentication>
                           <username>{$username}</username>
                           <password>{$password}</password>
                           <isExpressionInPassword>true</isExpressionInPassword>
                        </authentication>
                        <httpHeaders>
                           <header name="Content-Type">application/json</header>
                           <header name="Accept">application/json</header>
                        </httpHeaders>
                     </restSimpleBinding>
                  </binding>
                  <output>
                     <field description="Retrieved entity"
                            entireResponse="true"
                            name="entireResponse"
                            type="object"/>
                  </output>
               </action>
               <action category="EMEventPayload"
                       failOnError="true"
                       forSearch="false"
                       label="GET_EMEventPayload_id_"
                       maxRedirects="100"
                       name="GET_EMEventPayload_id_"
                       preemptiveAuth="true"
                       responseEncoding="">
                  <description>Get entity from EMEventPayload by key</description>
                  <input>
                     <parameter description="key: id"
                                label="idPathParam"
                                name="idPathParam"
                                nogen="true"
                                required="true"
                                testWith=""
                                type="int"/>
                     <parameter description="Select properties to be returned, see [OData Select](http://docs.oasis-open.org/odata/odata/v4.0/odata-v4.0-part1-protocol.html#_Toc445374620)"
                                label="$select"
                                name="$select"
                                required="false"
                                testWith=""
                                type="picklist">
                        <options>
                           <option name="values">[{"value":"fileName","label":"fileName"},{"value":"fileType","label":"fileType"},{"value":"id","label":"id"},{"value":"mimeType","label":"mimeType"},{"value":"payload","label":"payload"},{"value":"type","label":"type"}]</option>
                        </options>
                     </parameter>
                  </input>
                  <binding>
                     <restSimpleBinding multiUsing="semicolonSeparated"
                                        url="https://{$hostName}/successfactors/odata/v2/EMEventPayload({$idPathParam})"
                                        verb="GET">
                        <authentication>
                           <username>{$username}</username>
                           <password>{$password}</password>
                           <isExpressionInPassword>true</isExpressionInPassword>
                        </authentication>
                        <httpHeaders>
                           <header name="Content-Type">application/json</header>
                           <header name="Accept">application/json</header>
                        </httpHeaders>
                     </restSimpleBinding>
                  </binding>
                  <output>
                     <field description="Retrieved entity"
                            entireResponse="true"
                            name="entireResponse"
                            type="object"/>
                  </output>
               </action>
               <action category="EMEventAttribute"
                       failOnError="true"
                       forSearch="false"
                       label="GET_EMEventAttribute_id_"
                       maxRedirects="100"
                       name="GET_EMEventAttribute_id_"
                       preemptiveAuth="true"
                       responseEncoding="">
                  <description>Get entity from EMEventAttribute by key</description>
                  <input>
                     <parameter description="key: id"
                                label="idPathParam"
                                name="idPathParam"
                                nogen="true"
                                required="true"
                                testWith=""
                                type="int"/>
                     <parameter description="Select properties to be returned, see [OData Select](http://docs.oasis-open.org/odata/odata/v4.0/odata-v4.0-part1-protocol.html#_Toc445374620)"
                                label="$select"
                                name="$select"
                                required="false"
                                testWith=""
                                type="picklist">
                        <options>
                           <option name="values">[{"value":"id","label":"id"},{"value":"name","label":"name"},{"value":"value","label":"value"}]</option>
                        </options>
                     </parameter>
                  </input>
                  <binding>
                     <restSimpleBinding multiUsing="semicolonSeparated"
                                        url="https://{$hostName}/successfactors/odata/v2/EMEventAttribute({$idPathParam})"
                                        verb="GET">
                        <authentication>
                           <username>{$username}</username>
                           <password>{$password}</password>
                           <isExpressionInPassword>true</isExpressionInPassword>
                        </authentication>
                        <httpHeaders>
                           <header name="Content-Type">application/json</header>
                           <header name="Accept">application/json</header>
                        </httpHeaders>
                     </restSimpleBinding>
                  </binding>
                  <output>
                     <field description="Retrieved entity"
                            entireResponse="true"
                            name="entireResponse"
                            type="object"/>
                  </output>
               </action>
               <action category="EMEventPayload"
                       failOnError="true"
                       forSearch="false"
                       label="POST_EMEventPayload"
                       maxRedirects="100"
                       name="POST_EMEventPayload"
                       preemptiveAuth="true"
                       responseEncoding="">
                  <description>Add new entity to EMEventPayload</description>
                  <input>
                     <parameter description="New entity"
                                label="EMEventPayload"
                                name="EMEventPayload"
                                required="false"
                                testWith=""
                                type="reference">
                        <options>
                           <option name="referenceTo">SFOData_EMEventPayload</option>
                        </options>
                     </parameter>
                  </input>
                  <binding>
                     <restSimpleBinding multiUsing="semicolonSeparated"
                                        url="https://{$hostName}/successfactors/odata/v2/EMEventPayload"
                                        verb="POST">
                        <authentication>
                           <username>{$username}</username>
                           <password>{$password}</password>
                           <isExpressionInPassword>true</isExpressionInPassword>
                        </authentication>
                        <httpHeaders>
                           <header name="Content-Type">application/json</header>
                           <header name="Accept">application/json</header>
                        </httpHeaders>
                        <body generateUsing="UnwrappedJSON" preserveJsonStringFormatting="false"/>
                     </restSimpleBinding>
                  </binding>
                  <output/>
               </action>
               <action category="EMEventPayload"
                       failOnError="true"
                       forSearch="false"
                       label="GET_EMEventPayload"
                       maxRedirects="100"
                       name="GET_EMEventPayload"
                       preemptiveAuth="true"
                       responseEncoding="">
                  <description>Get entities from EMEventPayload</description>
                  <input>
                     <parameter description="Show only the first n items, see [OData Paging - Top](http://docs.oasis-open.org/odata/odata/v4.0/odata-v4.0-part1-protocol.html#_Toc445374630)"
                                label="$top"
                                name="$top"
                                required="false"
                                testWith=""
                                type="int"/>
                     <parameter description="Skip the first n items, see [OData Paging - Skip](http://docs.oasis-open.org/odata/odata/v4.0/odata-v4.0-part1-protocol.html#_Toc445374631)"
                                label="$skip"
                                name="$skip"
                                required="false"
                                testWith=""
                                type="int"/>
                     <parameter description="Search items by search phrases, see [OData Searching](http://docs.oasis-open.org/odata/odata/v4.0/odata-v4.0-part1-protocol.html#_Toc445374633)"
                                label="$search"
                                name="$search"
                                required="false"
                                testWith=""
                                type="string"/>
                     <parameter description="Filter items by property values, see [OData Filtering](http://docs.oasis-open.org/odata/odata/v4.0/odata-v4.0-part1-protocol.html#_Toc445374625)"
                                label="$filter"
                                name="$filter"
                                required="false"
                                testWith=""
                                type="string"/>
                     <parameter description="Include count of items, see [OData Count](http://docs.oasis-open.org/odata/odata/v4.0/odata-v4.0-part1-protocol.html#_Toc445374632)"
                                label="$count"
                                name="$count"
                                required="false"
                                testWith=""
                                type="boolean"/>
                     <parameter description="Order items by property values, see [OData Sorting](http://docs.oasis-open.org/odata/odata/v4.0/odata-v4.0-part1-protocol.html#_Toc445374629)"
                                label="$orderby"
                                name="$orderby"
                                required="false"
                                testWith=""
                                type="picklist">
                        <options>
                           <option name="values">[{"value":"fileName","label":"fileName"},{"value":"fileName desc","label":"fileName desc"},{"value":"fileType","label":"fileType"},{"value":"fileType desc","label":"fileType desc"},{"value":"id","label":"id"},{"value":"id desc","label":"id desc"},{"value":"mimeType","label":"mimeType"},{"value":"mimeType desc","label":"mimeType desc"},{"value":"payload","label":"payload"},{"value":"payload desc","label":"payload desc"},{"value":"type","label":"type"},{"value":"type desc","label":"type desc"}]</option>
                        </options>
                     </parameter>
                     <parameter description="Select properties to be returned, see [OData Select](http://docs.oasis-open.org/odata/odata/v4.0/odata-v4.0-part1-protocol.html#_Toc445374620)"
                                label="$select"
                                name="$select"
                                required="false"
                                testWith=""
                                type="picklist">
                        <options>
                           <option name="values">[{"value":"fileName","label":"fileName"},{"value":"fileType","label":"fileType"},{"value":"id","label":"id"},{"value":"mimeType","label":"mimeType"},{"value":"payload","label":"payload"},{"value":"type","label":"type"}]</option>
                        </options>
                     </parameter>
                  </input>
                  <binding>
                     <restSimpleBinding multiUsing="semicolonSeparated"
                                        url="https://{$hostName}/successfactors/odata/v2/EMEventPayload"
                                        verb="GET">
                        <authentication>
                           <username>{$username}</username>
                           <password>{$password}</password>
                           <isExpressionInPassword>true</isExpressionInPassword>
                        </authentication>
                        <httpHeaders>
                           <header name="Content-Type">application/json</header>
                           <header name="Accept">application/json</header>
                        </httpHeaders>
                     </restSimpleBinding>
                  </binding>
                  <output>
                     <field description="Retrieved entities"
                            entireResponse="true"
                            name="entireResponse"
                            type="object"/>
                  </output>
               </action>
               <action category="EMMonitoredProcess"
                       failOnError="true"
                       forSearch="false"
                       label="POST_EMMonitoredProcess"
                       maxRedirects="100"
                       name="POST_EMMonitoredProcess"
                       preemptiveAuth="true"
                       responseEncoding="">
                  <description>Add new entity to EMMonitoredProcess</description>
                  <input>
                     <parameter description="New entity"
                                label="EMMonitoredProcess"
                                name="EMMonitoredProcess"
                                required="false"
                                testWith=""
                                type="reference">
                        <options>
                           <option name="referenceTo">SFOData_EMMonitoredProcess</option>
                        </options>
                     </parameter>
                  </input>
                  <binding>
                     <restSimpleBinding multiUsing="semicolonSeparated"
                                        url="https://{$hostName}/successfactors/odata/v2/EMMonitoredProcess"
                                        verb="POST">
                        <authentication>
                           <username>{$username}</username>
                           <password>{$password}</password>
                           <isExpressionInPassword>true</isExpressionInPassword>
                        </authentication>
                        <httpHeaders>
                           <header name="Content-Type">application/json</header>
                           <header name="Accept">application/json</header>
                        </httpHeaders>
                        <body generateUsing="UnwrappedJSON" preserveJsonStringFormatting="false"/>
                     </restSimpleBinding>
                  </binding>
                  <output/>
               </action>
               <action category="EMMonitoredProcess"
                       failOnError="true"
                       forSearch="false"
                       label="GET_EMMonitoredProcess"
                       maxRedirects="100"
                       name="GET_EMMonitoredProcess"
                       preemptiveAuth="true"
                       responseEncoding="">
                  <description>Get entities from EMMonitoredProcess</description>
                  <input>
                     <parameter description="Show only the first n items, see [OData Paging - Top](http://docs.oasis-open.org/odata/odata/v4.0/odata-v4.0-part1-protocol.html#_Toc445374630)"
                                label="$top"
                                name="$top"
                                required="false"
                                testWith=""
                                type="int"/>
                     <parameter description="Skip the first n items, see [OData Paging - Skip](http://docs.oasis-open.org/odata/odata/v4.0/odata-v4.0-part1-protocol.html#_Toc445374631)"
                                label="$skip"
                                name="$skip"
                                required="false"
                                testWith=""
                                type="int"/>
                     <parameter description="Search items by search phrases, see [OData Searching](http://docs.oasis-open.org/odata/odata/v4.0/odata-v4.0-part1-protocol.html#_Toc445374633)"
                                label="$search"
                                name="$search"
                                required="false"
                                testWith=""
                                type="string"/>
                     <parameter description="Filter items by property values, see [OData Filtering](http://docs.oasis-open.org/odata/odata/v4.0/odata-v4.0-part1-protocol.html#_Toc445374625)"
                                label="$filter"
                                name="$filter"
                                required="false"
                                testWith=""
                                type="string"/>
                     <parameter description="Include count of items, see [OData Count](http://docs.oasis-open.org/odata/odata/v4.0/odata-v4.0-part1-protocol.html#_Toc445374632)"
                                label="$count"
                                name="$count"
                                required="false"
                                testWith=""
                                type="boolean"/>
                     <parameter description="Order items by property values, see [OData Sorting](http://docs.oasis-open.org/odata/odata/v4.0/odata-v4.0-part1-protocol.html#_Toc445374629)"
                                label="$orderby"
                                name="$orderby"
                                required="false"
                                testWith=""
                                type="picklist">
                        <options>
                           <option name="values">[{"value":"coRelatorId","label":"coRelatorId"},{"value":"coRelatorId desc","label":"coRelatorId desc"},{"value":"firstEventTime","label":"firstEventTime"},{"value":"firstEventTime desc","label":"firstEventTime desc"},{"value":"hasErrors","label":"hasErrors"},{"value":"hasErrors desc","label":"hasErrors desc"},{"value":"hasWarnings","label":"hasWarnings"},{"value":"hasWarnings desc","label":"hasWarnings desc"},{"value":"lastEventTime","label":"lastEventTime"},{"value":"lastEventTime desc","label":"lastEventTime desc"},{"value":"moduleName","label":"moduleName"},{"value":"moduleName desc","label":"moduleName desc"},{"value":"monitoredProcessId","label":"monitoredProcessId"},{"value":"monitoredProcessId desc","label":"monitoredProcessId desc"},{"value":"processDefinitionId","label":"processDefinitionId"},{"value":"processDefinitionId desc","label":"processDefinitionId desc"},{"value":"processDefinitionName","label":"processDefinitionName"},{"value":"processDefinitionName desc","label":"processDefinitionName desc"},{"value":"processInstanceId","label":"processInstanceId"},{"value":"processInstanceId desc","label":"processInstanceId desc"},{"value":"processInstanceName","label":"processInstanceName"},{"value":"processInstanceName desc","label":"processInstanceName desc"},{"value":"processState","label":"processState"},{"value":"processState desc","label":"processState desc"},{"value":"processType","label":"processType"},{"value":"processType desc","label":"processType desc"}]</option>
                        </options>
                     </parameter>
                     <parameter description="Select properties to be returned, see [OData Select](http://docs.oasis-open.org/odata/odata/v4.0/odata-v4.0-part1-protocol.html#_Toc445374620)"
                                label="$select"
                                name="$select"
                                required="false"
                                testWith=""
                                type="picklist">
                        <options>
                           <option name="values">[{"value":"coRelatorId","label":"coRelatorId"},{"value":"firstEventTime","label":"firstEventTime"},{"value":"hasErrors","label":"hasErrors"},{"value":"hasWarnings","label":"hasWarnings"},{"value":"lastEventTime","label":"lastEventTime"},{"value":"moduleName","label":"moduleName"},{"value":"monitoredProcessId","label":"monitoredProcessId"},{"value":"processDefinitionId","label":"processDefinitionId"},{"value":"processDefinitionName","label":"processDefinitionName"},{"value":"processInstanceId","label":"processInstanceId"},{"value":"processInstanceName","label":"processInstanceName"},{"value":"processState","label":"processState"},{"value":"processType","label":"processType"}]</option>
                        </options>
                     </parameter>
                  </input>
                  <binding>
                     <restSimpleBinding multiUsing="semicolonSeparated"
                                        url="https://{$hostName}/successfactors/odata/v2/EMMonitoredProcess"
                                        verb="GET">
                        <authentication>
                           <username>{$username}</username>
                           <password>{$password}</password>
                           <isExpressionInPassword>true</isExpressionInPassword>
                        </authentication>
                        <httpHeaders>
                           <header name="Content-Type">application/json</header>
                           <header name="Accept">application/json</header>
                        </httpHeaders>
                     </restSimpleBinding>
                  </binding>
                  <output>
                     <field description="Retrieved entities"
                            entireResponse="true"
                            name="entireResponse"
                            type="object"/>
                  </output>
               </action>
               <action category="EMEvent"
                       failOnError="true"
                       forSearch="false"
                       label="POST_EMEvent"
                       maxRedirects="100"
                       name="POST_EMEvent"
                       preemptiveAuth="true"
                       responseEncoding="">
                  <description>Add new entity to EMEvent</description>
                  <input>
                     <parameter description="New entity"
                                label="EMEvent"
                                name="EMEvent"
                                required="false"
                                testWith=""
                                type="reference">
                        <options>
                           <option name="referenceTo">SFOData_EMEvent</option>
                        </options>
                     </parameter>
                  </input>
                  <binding>
                     <restSimpleBinding multiUsing="semicolonSeparated"
                                        url="https://{$hostName}/successfactors/odata/v2/EMEvent"
                                        verb="POST">
                        <authentication>
                           <username>{$username}</username>
                           <password>{$password}</password>
                           <isExpressionInPassword>true</isExpressionInPassword>
                        </authentication>
                        <httpHeaders>
                           <header name="Content-Type">application/json</header>
                           <header name="Accept">application/json</header>
                        </httpHeaders>
                        <body generateUsing="UnwrappedJSON" preserveJsonStringFormatting="false"/>
                     </restSimpleBinding>
                  </binding>
                  <output/>
               </action>
               <action category="EMEvent"
                       failOnError="true"
                       forSearch="false"
                       label="GET_EMEvent"
                       maxRedirects="100"
                       name="GET_EMEvent"
                       preemptiveAuth="true"
                       responseEncoding="">
                  <description>Get entities from EMEvent</description>
                  <input>
                     <parameter description="Show only the first n items, see [OData Paging - Top](http://docs.oasis-open.org/odata/odata/v4.0/odata-v4.0-part1-protocol.html#_Toc445374630)"
                                label="$top"
                                name="$top"
                                required="false"
                                testWith=""
                                type="int"/>
                     <parameter description="Skip the first n items, see [OData Paging - Skip](http://docs.oasis-open.org/odata/odata/v4.0/odata-v4.0-part1-protocol.html#_Toc445374631)"
                                label="$skip"
                                name="$skip"
                                required="false"
                                testWith=""
                                type="int"/>
                     <parameter description="Search items by search phrases, see [OData Searching](http://docs.oasis-open.org/odata/odata/v4.0/odata-v4.0-part1-protocol.html#_Toc445374633)"
                                label="$search"
                                name="$search"
                                required="false"
                                testWith=""
                                type="string"/>
                     <parameter description="Filter items by property values, see [OData Filtering](http://docs.oasis-open.org/odata/odata/v4.0/odata-v4.0-part1-protocol.html#_Toc445374625)"
                                label="$filter"
                                name="$filter"
                                required="false"
                                testWith=""
                                type="string"/>
                     <parameter description="Include count of items, see [OData Count](http://docs.oasis-open.org/odata/odata/v4.0/odata-v4.0-part1-protocol.html#_Toc445374632)"
                                label="$count"
                                name="$count"
                                required="false"
                                testWith=""
                                type="boolean"/>
                     <parameter description="Order items by property values, see [OData Sorting](http://docs.oasis-open.org/odata/odata/v4.0/odata-v4.0-part1-protocol.html#_Toc445374629)"
                                label="$orderby"
                                name="$orderby"
                                required="false"
                                testWith=""
                                type="picklist">
                        <options>
                           <option name="values">[{"value":"eventDescription","label":"eventDescription"},{"value":"eventDescription desc","label":"eventDescription desc"},{"value":"eventDescriptionMsgKey","label":"eventDescriptionMsgKey"},{"value":"eventDescriptionMsgKey desc","label":"eventDescriptionMsgKey desc"},{"value":"eventName","label":"eventName"},{"value":"eventName desc","label":"eventName desc"},{"value":"eventTime","label":"eventTime"},{"value":"eventTime desc","label":"eventTime desc"},{"value":"eventType","label":"eventType"},{"value":"eventType desc","label":"eventType desc"},{"value":"id","label":"id"},{"value":"id desc","label":"id desc"}]</option>
                        </options>
                     </parameter>
                     <parameter description="Select properties to be returned, see [OData Select](http://docs.oasis-open.org/odata/odata/v4.0/odata-v4.0-part1-protocol.html#_Toc445374620)"
                                label="$select"
                                name="$select"
                                required="false"
                                testWith=""
                                type="picklist">
                        <options>
                           <option name="values">[{"value":"eventDescription","label":"eventDescription"},{"value":"eventDescriptionMsgKey","label":"eventDescriptionMsgKey"},{"value":"eventName","label":"eventName"},{"value":"eventTime","label":"eventTime"},{"value":"eventType","label":"eventType"},{"value":"id","label":"id"}]</option>
                        </options>
                     </parameter>
                     <parameter description="Expand related entities, see [OData Expand](http://docs.oasis-open.org/odata/odata/v4.0/odata-v4.0-part1-protocol.html#_Toc445374621)"
                                label="$expand"
                                name="$expand"
                                required="false"
                                testWith=""
                                type="picklist">
                        <options>
                           <option name="values">[{"value":"*","label":"*"},{"value":"eventAttributes","label":"eventAttributes"},{"value":"eventPayload","label":"eventPayload"},{"value":"process","label":"process"}]</option>
                        </options>
                     </parameter>
                  </input>
                  <binding>
                     <restSimpleBinding multiUsing="semicolonSeparated"
                                        url="https://{$hostName}/successfactors/odata/v2/EMEvent"
                                        verb="GET">
                        <authentication>
                           <username>{$username}</username>
                           <password>{$password}</password>
                           <isExpressionInPassword>true</isExpressionInPassword>
                        </authentication>
                        <httpHeaders>
                           <header name="Content-Type">application/json</header>
                           <header name="Accept">application/json</header>
                        </httpHeaders>
                     </restSimpleBinding>
                  </binding>
                  <output>
                     <field description="Retrieved entities"
                            entireResponse="true"
                            name="entireResponse"
                            type="object"/>
                  </output>
               </action>
               <action category="EMEventAttribute"
                       failOnError="true"
                       forSearch="false"
                       label="POST_EMEventAttribute"
                       maxRedirects="100"
                       name="POST_EMEventAttribute"
                       preemptiveAuth="true"
                       responseEncoding="">
                  <description>Add new entity to EMEventAttribute</description>
                  <input>
                     <parameter description="New entity"
                                label="EMEventAttribute"
                                name="EMEventAttribute"
                                required="false"
                                testWith=""
                                type="reference">
                        <options>
                           <option name="referenceTo">SFOData_EMEventAttribute</option>
                        </options>
                     </parameter>
                  </input>
                  <binding>
                     <restSimpleBinding multiUsing="semicolonSeparated"
                                        url="https://{$hostName}/successfactors/odata/v2/EMEventAttribute"
                                        verb="POST">
                        <authentication>
                           <username>{$username}</username>
                           <password>{$password}</password>
                           <isExpressionInPassword>true</isExpressionInPassword>
                        </authentication>
                        <httpHeaders>
                           <header name="Content-Type">application/json</header>
                           <header name="Accept">application/json</header>
                        </httpHeaders>
                        <body generateUsing="UnwrappedJSON" preserveJsonStringFormatting="false"/>
                     </restSimpleBinding>
                  </binding>
                  <output/>
               </action>
               <action category="EMEventAttribute"
                       failOnError="true"
                       forSearch="false"
                       label="GET_EMEventAttribute"
                       maxRedirects="100"
                       name="GET_EMEventAttribute"
                       preemptiveAuth="true"
                       responseEncoding="">
                  <description>Get entities from EMEventAttribute</description>
                  <input>
                     <parameter description="Show only the first n items, see [OData Paging - Top](http://docs.oasis-open.org/odata/odata/v4.0/odata-v4.0-part1-protocol.html#_Toc445374630)"
                                label="$top"
                                name="$top"
                                required="false"
                                testWith=""
                                type="int"/>
                     <parameter description="Skip the first n items, see [OData Paging - Skip](http://docs.oasis-open.org/odata/odata/v4.0/odata-v4.0-part1-protocol.html#_Toc445374631)"
                                label="$skip"
                                name="$skip"
                                required="false"
                                testWith=""
                                type="int"/>
                     <parameter description="Search items by search phrases, see [OData Searching](http://docs.oasis-open.org/odata/odata/v4.0/odata-v4.0-part1-protocol.html#_Toc445374633)"
                                label="$search"
                                name="$search"
                                required="false"
                                testWith=""
                                type="string"/>
                     <parameter description="Filter items by property values, see [OData Filtering](http://docs.oasis-open.org/odata/odata/v4.0/odata-v4.0-part1-protocol.html#_Toc445374625)"
                                label="$filter"
                                name="$filter"
                                required="false"
                                testWith=""
                                type="string"/>
                     <parameter description="Include count of items, see [OData Count](http://docs.oasis-open.org/odata/odata/v4.0/odata-v4.0-part1-protocol.html#_Toc445374632)"
                                label="$count"
                                name="$count"
                                required="false"
                                testWith=""
                                type="boolean"/>
                     <parameter description="Order items by property values, see [OData Sorting](http://docs.oasis-open.org/odata/odata/v4.0/odata-v4.0-part1-protocol.html#_Toc445374629)"
                                label="$orderby"
                                name="$orderby"
                                required="false"
                                testWith=""
                                type="picklist">
                        <options>
                           <option name="values">[{"value":"id","label":"id"},{"value":"id desc","label":"id desc"},{"value":"name","label":"name"},{"value":"name desc","label":"name desc"},{"value":"value","label":"value"},{"value":"value desc","label":"value desc"}]</option>
                        </options>
                     </parameter>
                     <parameter description="Select properties to be returned, see [OData Select](http://docs.oasis-open.org/odata/odata/v4.0/odata-v4.0-part1-protocol.html#_Toc445374620)"
                                label="$select"
                                name="$select"
                                required="false"
                                testWith=""
                                type="picklist">
                        <options>
                           <option name="values">[{"value":"id","label":"id"},{"value":"name","label":"name"},{"value":"value","label":"value"}]</option>
                        </options>
                     </parameter>
                  </input>
                  <binding>
                     <restSimpleBinding multiUsing="semicolonSeparated"
                                        url="https://{$hostName}/successfactors/odata/v2/EMEventAttribute"
                                        verb="GET">
                        <authentication>
                           <username>{$username}</username>
                           <password>{$password}</password>
                           <isExpressionInPassword>true</isExpressionInPassword>
                        </authentication>
                        <httpHeaders>
                           <header name="Content-Type">application/json</header>
                           <header name="Accept">application/json</header>
                        </httpHeaders>
                     </restSimpleBinding>
                  </binding>
                  <output>
                     <field description="Retrieved entities"
                            entireResponse="true"
                            name="entireResponse"
                            type="object"/>
                  </output>
               </action>
               <action category="EMEvent"
                       failOnError="true"
                       forSearch="false"
                       label="GET_EMEvent_id_"
                       maxRedirects="100"
                       name="GET_EMEvent_id_"
                       preemptiveAuth="true"
                       responseEncoding="">
                  <description>Get entity from EMEvent by key</description>
                  <input>
                     <parameter description="key: id"
                                label="idPathParam"
                                name="idPathParam"
                                nogen="true"
                                required="true"
                                testWith=""
                                type="int"/>
                     <parameter description="Select properties to be returned, see [OData Select](http://docs.oasis-open.org/odata/odata/v4.0/odata-v4.0-part1-protocol.html#_Toc445374620)"
                                label="$select"
                                name="$select"
                                required="false"
                                testWith=""
                                type="picklist">
                        <options>
                           <option name="values">[{"value":"eventDescription","label":"eventDescription"},{"value":"eventDescriptionMsgKey","label":"eventDescriptionMsgKey"},{"value":"eventName","label":"eventName"},{"value":"eventTime","label":"eventTime"},{"value":"eventType","label":"eventType"},{"value":"id","label":"id"}]</option>
                        </options>
                     </parameter>
                     <parameter description="Expand related entities, see [OData Expand](http://docs.oasis-open.org/odata/odata/v4.0/odata-v4.0-part1-protocol.html#_Toc445374621)"
                                label="$expand"
                                name="$expand"
                                required="false"
                                testWith=""
                                type="picklist">
                        <options>
                           <option name="values">[{"value":"*","label":"*"},{"value":"eventAttributes","label":"eventAttributes"},{"value":"eventPayload","label":"eventPayload"},{"value":"process","label":"process"}]</option>
                        </options>
                     </parameter>
                  </input>
                  <binding>
                     <restSimpleBinding multiUsing="semicolonSeparated"
                                        url="https://{$hostName}/successfactors/odata/v2/EMEvent({$idPathParam})"
                                        verb="GET">
                        <authentication>
                           <username>{$username}</username>
                           <password>{$password}</password>
                           <isExpressionInPassword>true</isExpressionInPassword>
                        </authentication>
                        <httpHeaders>
                           <header name="Content-Type">application/json</header>
                           <header name="Accept">application/json</header>
                        </httpHeaders>
                     </restSimpleBinding>
                  </binding>
                  <output>
                     <field description="Retrieved entity"
                            entireResponse="true"
                            name="entireResponse"
                            type="object"/>
                  </output>
               </action>
            </actions>
            <objects>
               <processObject xmlns="http://schemas.active-endpoints.com/appmodules/screenflow/2011/06/avosHostEnvironment.xsd"
                              isByCopy="true"
                              name="SFOData_EMEventAttribute">
                  <description/>
                  <detail>
                     <field name="name" type="string"/>
                     <field name="id" type="string"/>
                     <field name="value" type="string"/>
                  </detail>
               </processObject>
               <processObject xmlns="http://schemas.active-endpoints.com/appmodules/screenflow/2011/06/avosHostEnvironment.xsd"
                              isByCopy="true"
                              name="odata_error_main">
                  <description/>
                  <detail>
                     <field name="code" type="string"/>
                     <field name="innererror" type="object"/>
                     <field name="details" type="objectlist">
                        <options>
                           <option name="referenceTo">odata_error_detail</option>
                           <option name="relationshipName">Child</option>
                        </options>
                     </field>
                     <field name="message" type="string"/>
                     <field name="target" type="string"/>
                  </detail>
               </processObject>
               <processObject xmlns="http://schemas.active-endpoints.com/appmodules/screenflow/2011/06/avosHostEnvironment.xsd"
                              isByCopy="true"
                              name="odata_error_detail">
                  <description/>
                  <detail>
                     <field name="code" type="string"/>
                     <field name="message" type="string"/>
                     <field name="target" type="string"/>
                  </detail>
               </processObject>
               <processObject xmlns="http://schemas.active-endpoints.com/appmodules/screenflow/2011/06/avosHostEnvironment.xsd"
                              isByCopy="true"
                              name="odata_error">
                  <description/>
                  <detail>
                     <field name="error" type="reference">
                        <options>
                           <option name="referenceTo">odata_error_main</option>
                           <option name="relationshipName">Child</option>
                        </options>
                     </field>
                  </detail>
               </processObject>
               <processObject xmlns="http://schemas.active-endpoints.com/appmodules/screenflow/2011/06/avosHostEnvironment.xsd"
                              isByCopy="true"
                              name="SFOData_EMEventPayload">
                  <description/>
                  <detail>
                     <field name="fileName" type="string"/>
                     <field name="payload" type="string"/>
                     <field name="mimeType" type="string"/>
                     <field name="id" type="string"/>
                     <field name="type" type="string"/>
                     <field name="fileType" type="string"/>
                  </detail>
               </processObject>
               <processObject xmlns="http://schemas.active-endpoints.com/appmodules/screenflow/2011/06/avosHostEnvironment.xsd"
                              isByCopy="true"
                              name="SFOData_EMMonitoredProcess">
                  <description/>
                  <detail>
                     <field name="processDefinitionId" type="string"/>
                     <field name="processInstanceId" type="string"/>
                     <field name="hasErrors" type="string"/>
                     <field name="processState" type="string"/>
                     <field name="monitoredProcessId" type="string"/>
                     <field name="moduleName" type="string"/>
                     <field name="processDefinitionName" type="string"/>
                     <field name="hasWarnings" type="string"/>
                     <field name="coRelatorId" type="string"/>
                     <field name="lastEventTime" type="string"/>
                     <field name="firstEventTime" type="string"/>
                     <field name="processType" type="string"/>
                     <field name="processInstanceName" type="string"/>
                  </detail>
               </processObject>
               <processObject xmlns="http://schemas.active-endpoints.com/appmodules/screenflow/2011/06/avosHostEnvironment.xsd"
                              isByCopy="true"
                              name="SFOData_EMEvent">
                  <description/>
                  <detail>
                     <field name="process" type="reference">
                        <options>
                           <option name="referenceTo">SFOData_EMMonitoredProcess</option>
                           <option name="relationshipName">Child</option>
                        </options>
                     </field>
                     <field name="eventAttributes" type="object"/>
                     <field name="eventDescriptionMsgKey" type="string"/>
                     <field name="eventDescription" type="string"/>
                     <field name="eventTime" type="string"/>
                     <field name="eventName" type="string"/>
                     <field name="eventPayload" type="reference">
                        <options>
                           <option name="referenceTo">SFOData_EMEventPayload</option>
                           <option name="relationshipName">Child</option>
                        </options>
                     </field>
                     <field name="eventType" type="string"/>
                     <field name="id" type="string"/>
                  </detail>
               </processObject>
               <processObject xmlns="http://schemas.active-endpoints.com/appmodules/screenflow/2011/06/avosHostEnvironment.xsd"
                              isByCopy="true"
                              name="string">
                  <description/>
                  <detail>
                     <field name="string" type="string"/>
                  </detail>
               </processObject>
               <processObject xmlns="http://schemas.active-endpoints.com/appmodules/screenflow/2011/06/avosHostEnvironment.xsd"
                              isByCopy="true"
                              name="boolean">
                  <description/>
                  <detail>
                     <field name="boolean" type="boolean"/>
                  </detail>
               </processObject>
               <processObject xmlns="http://schemas.active-endpoints.com/appmodules/screenflow/2011/06/avosHostEnvironment.xsd"
                              isByCopy="true"
                              name="double">
                  <description/>
                  <detail>
                     <field name="double" type="double"/>
                  </detail>
               </processObject>
               <processObject xmlns="http://schemas.active-endpoints.com/appmodules/screenflow/2011/06/avosHostEnvironment.xsd"
                              isByCopy="true"
                              name="integer">
                  <description/>
                  <detail>
                     <field name="integer" type="int"/>
                  </detail>
               </processObject>
               <processObject xmlns="http://schemas.active-endpoints.com/appmodules/screenflow/2011/06/avosHostEnvironment.xsd"
                              isByCopy="true"
                              name="error">
                  <description>Error</description>
                  <detail/>
               </processObject>
            </objects>
         </businessConnector>
      </types1:Entry>
      <types1:GUID>9kyIk3LOsbPfdv1I6sGtyA</types1:GUID>
      <types1:DisplayName>SAP SuccessFactors Foundation-Platform Execution Manager OData API v1</types1:DisplayName>
   </types1:Item>
   <types1:CurrentServerDateTime>2019-12-21T13:46:45.502Z</types1:CurrentServerDateTime>
</aetgt:getResponse>
