<aetgt:getResponse xmlns:aetgt="http://schemas.active-endpoints.com/appmodules/repository/2010/10/avrepository.xsd"
                   xmlns:types1="http://schemas.active-endpoints.com/appmodules/repository/2010/10/avrepository.xsd">
   <types1:Item>
      <types1:EntryId>Ugaa-gt-8926021-2019-12-22T10:00:47.49Z::svc.xml</types1:EntryId>
      <types1:Name>SAP_Ariba_Discovery_RFX_Publication_from_External_Marketplace_REST_API_v1</types1:Name>
      <types1:MimeType>application/xml+businesssconnector</types1:MimeType>
      <types1:Description>This API set allows a customer organization in an external marketplace to publish an RFx event on SAP Ariba Discovery and use Single Sign On to view supplier responses and grant awards. This enables event bidding from both partner suppliers and SAP Ariba Discovery suppliers, greatly increasing the number of suppliers who can bid.</types1:Description>
      <types1:AppliesTo/>
      <types1:Tags/>
      <types1:VersionLabel>1.0</types1:VersionLabel>
      <types1:State>CURRENT</types1:State>
      <types1:ProcessGroup/>
      <types1:CreatedBy>sorabh@na1.dm-us.org</types1:CreatedBy>
      <types1:CreationDate>2019-12-22T10:00:47Z</types1:CreationDate>
      <types1:ModifiedBy/>
      <types1:PublicationStatus>published</types1:PublicationStatus>
      <types1:PublishedBy>sorabh@na1.dm-us.org</types1:PublishedBy>
      <types1:PublicationDate>2019-12-22T10:01:01Z</types1:PublicationDate>
      <types1:PublishedContributionId>project:/rt.connector/SAP_Ariba_Discovery_RFX_Publication_from_External_Marketplace_REST_API_v1/SAP_Ariba_Discovery_RFX_Publication_from_External_Marketplace_REST_API_v1_svcDef.xml</types1:PublishedContributionId>
      <types1:AutosaveExists>false</types1:AutosaveExists>
      <types1:Entry>
         <businessConnector xmlns="http://schemas.informatica.com/socrates/data-services/2014/05/business-connector-model.xsd"
                            agentOnly="false"
                            debug="false"
                            displayName="SAP Ariba Discovery RFX Publication from External Marketplace REST API v1"
                            label=""
                            name="SAP_Ariba_Discovery_RFX_Publication_from_External_Marketplace_REST_API_v1"
                            uuid="76f7ec71-0d8b-456c-af14-42406ba834c4">
            <description>This API set allows a customer organization in an external marketplace to publish an RFx event on SAP Ariba Discovery and use Single Sign On to view supplier responses and grant awards. This enables event bidding from both partner suppliers and SAP Ariba Discovery suppliers, greatly increasing the number of suppliers who can bid.</description>
            <tags/>
            <connectionAttributes xmlns="http://schemas.informatica.com/appmodules/screenflow/2014/04/avosConnectors.xsd">
               <connectionAttribute description="Host Name"
                                    masked="false"
                                    name="hostName"
                                    required="true"
                                    testWith="sandbox.api.sap.com"
                                    type="string"/>
            </connectionAttributes>
            <actions>
               <action category="buyer-controller-service"
                       failOnError="true"
                       forSearch="false"
                       label="createBuyerUsingPOST"
                       maxRedirects="100"
                       name="createBuyerUsingPOST"
                       preemptiveAuth="true"
                       responseEncoding="">
                  <description>createBuyer</description>
                  <input>
                     <parameter description="Authorization"
                                label="Authorization"
                                name="Authorization"
                                nogen="true"
                                required="true"
                                testWith=""
                                type="string"/>
                     <parameter description="anid"
                                label="anidPathParam"
                                name="anidPathParam"
                                nogen="true"
                                required="true"
                                testWith=""
                                type="string"/>
                     <parameter description="buyerInfo"
                                label="buyerInfo"
                                name="buyerInfo"
                                required="true"
                                testWith=""
                                type="string"/>
                  </input>
                  <binding>
                     <restSimpleBinding multiUsing="semicolonSeparated"
                                        url="https://{$hostName}/ariba/api/discoverymarketplace/v1/sandbox/{$anidPathParam}/buyer"
                                        verb="POST">
                        <httpHeaders>
                           <header name="Content-Type">application/json</header>
                           <header name="Accept">application/json</header>
                           <header name="Authorization">{$Authorization}</header>
                        </httpHeaders>
                        <body generateUsing="UnwrappedJSON" preserveJsonStringFormatting="false"/>
                     </restSimpleBinding>
                  </binding>
                  <output>
                     <field description="OK"
                            entireResponse="true"
                            name="BuyerCreationResult"
                            type="reference">
                        <options>
                           <option name="referenceTo">BuyerCreationResult</option>
                        </options>
                     </field>
                  </output>
               </action>
            </actions>
            <objects>
               <processObject xmlns="http://schemas.active-endpoints.com/appmodules/screenflow/2011/06/avosHostEnvironment.xsd"
                              isByCopy="true"
                              name="BuyerCreationDisplayValues">
                  <description/>
                  <detail>
                     <field name="aribaNetworkID" type="string"/>
                     <field name="message" type="string"/>
                     <field name="userid" type="string"/>
                  </detail>
               </processObject>
               <processObject xmlns="http://schemas.active-endpoints.com/appmodules/screenflow/2011/06/avosHostEnvironment.xsd"
                              isByCopy="true"
                              name="ModelAndView">
                  <description/>
                  <detail>
                     <field name="reference" type="boolean"/>
                     <field name="view" type="reference">
                        <options>
                           <option name="referenceTo">View</option>
                           <option name="relationshipName">Child</option>
                        </options>
                     </field>
                     <field name="viewName" type="string"/>
                     <field name="modelMap" type="object"/>
                     <field name="model" type="object"/>
                     <field name="empty" type="boolean"/>
                     <field name="status" type="picklist">
                        <options>
                           <option name="values">[{"value":"100","label":"100"},{"value":"101","label":"101"},{"value":"102","label":"102"},{"value":"103","label":"103"},{"value":"200","label":"200"},{"value":"201","label":"201"},{"value":"202","label":"202"},{"value":"203","label":"203"},{"value":"204","label":"204"},{"value":"205","label":"205"},{"value":"206","label":"206"},{"value":"207","label":"207"},{"value":"208","label":"208"},{"value":"226","label":"226"},{"value":"300","label":"300"},{"value":"301","label":"301"},{"value":"302","label":"302"},{"value":"303","label":"303"},{"value":"304","label":"304"},{"value":"305","label":"305"},{"value":"307","label":"307"},{"value":"308","label":"308"},{"value":"400","label":"400"},{"value":"401","label":"401"},{"value":"402","label":"402"},{"value":"403","label":"403"},{"value":"404","label":"404"},{"value":"405","label":"405"},{"value":"406","label":"406"},{"value":"407","label":"407"},{"value":"408","label":"408"},{"value":"409","label":"409"},{"value":"410","label":"410"},{"value":"411","label":"411"},{"value":"412","label":"412"},{"value":"413","label":"413"},{"value":"414","label":"414"},{"value":"415","label":"415"},{"value":"416","label":"416"},{"value":"417","label":"417"},{"value":"418","label":"418"},{"value":"419","label":"419"},{"value":"420","label":"420"},{"value":"421","label":"421"},{"value":"422","label":"422"},{"value":"423","label":"423"},{"value":"424","label":"424"},{"value":"426","label":"426"},{"value":"428","label":"428"},{"value":"429","label":"429"},{"value":"431","label":"431"},{"value":"451","label":"451"},{"value":"500","label":"500"},{"value":"501","label":"501"},{"value":"502","label":"502"},{"value":"503","label":"503"},{"value":"504","label":"504"},{"value":"505","label":"505"},{"value":"506","label":"506"},{"value":"507","label":"507"},{"value":"508","label":"508"},{"value":"509","label":"509"},{"value":"510","label":"510"},{"value":"511","label":"511"}]</option>
                        </options>
                     </field>
                  </detail>
               </processObject>
               <processObject xmlns="http://schemas.active-endpoints.com/appmodules/screenflow/2011/06/avosHostEnvironment.xsd"
                              isByCopy="true"
                              name="BuyerCreationResult">
                  <description/>
                  <detail>
                     <field name="displayValues" type="reference">
                        <options>
                           <option name="referenceTo">BuyerCreationDisplayValues</option>
                           <option name="relationshipName">Child</option>
                        </options>
                     </field>
                     <field name="status" type="picklist">
                        <options>
                           <option name="values">[{"value":"100","label":"100"},{"value":"101","label":"101"},{"value":"102","label":"102"},{"value":"103","label":"103"},{"value":"200","label":"200"},{"value":"201","label":"201"},{"value":"202","label":"202"},{"value":"203","label":"203"},{"value":"204","label":"204"},{"value":"205","label":"205"},{"value":"206","label":"206"},{"value":"207","label":"207"},{"value":"208","label":"208"},{"value":"226","label":"226"},{"value":"300","label":"300"},{"value":"301","label":"301"},{"value":"302","label":"302"},{"value":"303","label":"303"},{"value":"304","label":"304"},{"value":"305","label":"305"},{"value":"307","label":"307"},{"value":"308","label":"308"},{"value":"400","label":"400"},{"value":"401","label":"401"},{"value":"402","label":"402"},{"value":"403","label":"403"},{"value":"404","label":"404"},{"value":"405","label":"405"},{"value":"406","label":"406"},{"value":"407","label":"407"},{"value":"408","label":"408"},{"value":"409","label":"409"},{"value":"410","label":"410"},{"value":"411","label":"411"},{"value":"412","label":"412"},{"value":"413","label":"413"},{"value":"414","label":"414"},{"value":"415","label":"415"},{"value":"416","label":"416"},{"value":"417","label":"417"},{"value":"418","label":"418"},{"value":"419","label":"419"},{"value":"420","label":"420"},{"value":"421","label":"421"},{"value":"422","label":"422"},{"value":"423","label":"423"},{"value":"424","label":"424"},{"value":"426","label":"426"},{"value":"428","label":"428"},{"value":"429","label":"429"},{"value":"431","label":"431"},{"value":"451","label":"451"},{"value":"500","label":"500"},{"value":"501","label":"501"},{"value":"502","label":"502"},{"value":"503","label":"503"},{"value":"504","label":"504"},{"value":"505","label":"505"},{"value":"506","label":"506"},{"value":"507","label":"507"},{"value":"508","label":"508"},{"value":"509","label":"509"},{"value":"510","label":"510"},{"value":"511","label":"511"}]</option>
                        </options>
                     </field>
                  </detail>
               </processObject>
               <processObject xmlns="http://schemas.active-endpoints.com/appmodules/screenflow/2011/06/avosHostEnvironment.xsd"
                              isByCopy="true"
                              name="View">
                  <description/>
                  <detail>
                     <field name="contentType" type="string"/>
                  </detail>
               </processObject>
               <processObject xmlns="http://schemas.active-endpoints.com/appmodules/screenflow/2011/06/avosHostEnvironment.xsd"
                              isByCopy="true"
                              name="string">
                  <description/>
                  <detail>
                     <field name="string" type="string"/>
                  </detail>
               </processObject>
               <processObject xmlns="http://schemas.active-endpoints.com/appmodules/screenflow/2011/06/avosHostEnvironment.xsd"
                              isByCopy="true"
                              name="boolean">
                  <description/>
                  <detail>
                     <field name="boolean" type="boolean"/>
                  </detail>
               </processObject>
               <processObject xmlns="http://schemas.active-endpoints.com/appmodules/screenflow/2011/06/avosHostEnvironment.xsd"
                              isByCopy="true"
                              name="double">
                  <description/>
                  <detail>
                     <field name="double" type="double"/>
                  </detail>
               </processObject>
               <processObject xmlns="http://schemas.active-endpoints.com/appmodules/screenflow/2011/06/avosHostEnvironment.xsd"
                              isByCopy="true"
                              name="integer">
                  <description/>
                  <detail>
                     <field name="integer" type="int"/>
                  </detail>
               </processObject>
            </objects>
         </businessConnector>
      </types1:Entry>
      <types1:GUID>9LkvGi7EeNNbtTCep0RWgT</types1:GUID>
      <types1:DisplayName>SAP Ariba Discovery RFX Publication from External Marketplace REST API v1</types1:DisplayName>
   </types1:Item>
   <types1:CurrentServerDateTime>2019-12-22T10:15:17.072Z</types1:CurrentServerDateTime>
</aetgt:getResponse>
