{
   "exportedObjects": [
      {
         "objectGuid": "almpU5d486xjg3tXw87BET",
         "objectName": "Shared assets",
         "objectType": "Project",
         "path": "/Explore",
         "metadata": {
            "additionalInfo": {
               "contentType": "Binary",
               "description": "This Project contains shared assets",
               "documentState": "COMPLETE"
            },
            "contextAttributes": [],
            "modelVersion": {
               "major": 0,
               "minor": 0
            },
            "objectRefs": [],
            "repoInfo": null
         }
      },
      {
         "objectGuid": "00m3cKr9AGOjGY55vZSASH",
         "objectName": "Service Connectors",
         "objectType": "Folder",
         "path": "/Explore/Shared assets",
         "metadata": {
            "additionalInfo": {
               "contentType": "Binary",
               "description": "",
               "documentState": "COMPLETE"
            },
            "contextAttributes": [],
            "modelVersion": {
               "major": 0,
               "minor": 0
            },
            "objectRefs": [],
            "repoInfo": null
         }
      },
      {
         "objectGuid": "4Dku5Skk7eHc750ENB2Vi1",
         "objectName": "Oracle Cloud Infrastructure Compute VPNEndpoints API v18-1-2",
         "objectType": "AI_SERVICE_CONNECTOR",
         "path": "/Explore/Shared assets/Service Connectors",
         "metadata": {
            "additionalInfo": {
               "contentType": "application/json; charset=utf-8",
               "description": "You can create secure IPSec-based tunnels between your data center and the instances in your Compute Classic site to securely access your instances. A \u003ccode\u003evpnendpoint\u003c/code\u003e object represents a VPN tunnel to your Compute Classic site. You can create up to 20 VPN tunnels to your Compute Classic site. You can use any internet service provider to access your Compute Classic site, provided you have a VPN device to terminate an IPSec VPN tunnel.\u003cp\u003eYou can create, delete, update and view VPN endpoints using the HTTP requests listed below. \u003cp\u003eThese endpoints are not available on Oracle Cloud Machine.\u003c/p\u003e",
               "documentState": "VALID"
            },
            "contextAttributes": null,
            "modelVersion": {
               "major": 1,
               "minor": 0
            },
            "objectRefs": [],
            "repoInfo": {
               "repoHandle": "MRgpDqotxGomUhG-gt-1680755-2019-02-12T01:15:22.622Z::svc.xml"
            }
         }
      }
   ]
}