{"EntryId":{"$t":"LrOMDOp7jvppppp-gt-258835-2018-09-04T00:32:12.602Z::pd.xml"},"Name":{"$t":"Generate_an_ID_from_unix_Timestamp-1"},"MimeType":{"$t":"application\/xml+process"},"Description":{},"AppliesTo":{},"Tags":{"$t":".anonymous"},"VersionLabel":{"$t":"1.0"},"State":{"$t":"CURRENT"},"ProcessGroup":{},"CreatedBy":{"$t":"gstasko@svccon.com"},"CreationDate":{"$t":"2018-09-04T00:32:13Z"},"ModifiedBy":{},"PublicationStatus":{"$t":"unpublished"},"AutosaveExists":{"$t":"false"},"Entry":{"process":{"displayName":"Generate an ID from unix Timestamp","name":"Generate_an_ID_from_unix_Timestamp-1","xmlns":"http:\/\/schemas.active-endpoints.com\/appmodules\/screenflow\/2010\/10\/avosScreenflow.xsd","xmlns$aetgt":"http:\/\/schemas.active-endpoints.com\/appmodules\/repository\/2010\/10\/avrepository.xsd","xmlns$list":"urn:activevos:spi:list:functions","appliesTo":{},"description":{},"tags":{"$t":".anonymous"},"generator":{"$t":"Informatica Process Designer 9"},"output":{"field":[{"description":"","name":"Status","type":"string","options":{"option":{"name":"required","$t":"false"}}},{"description":"","name":"Timestamp Output","type":"int","options":{"option":{"name":"required","$t":"false"}}}]},"notes":{},"deployment":{"suspendOnFault":"false","tracingLevel":"none","rest":{"allowAnonymousAccess":{}}},"flow":{"id":"a","start":{"id":"b","link":{"id":"jkihmxta","targetId":"jkihmxt9"}},"service":{"id":"jkihmxt9","title":{"$t":"GenerateTimestamp"},"serviceName":{"$t":"Unix-Timestamp-API-actions-1:GenerateTimestamp"},"serviceGUID":{"$t":"j8TlLQXlHWiihpKqk1FwKU"},"serviceInput":{},"link":{"id":"jkihmxtj","targetId":"jkihmxti"}},"assignment":{"id":"jkihmxti","title":{"$t":"Display Timestamp Integer"},"operation":{"source":"field","to":"output.Timestamp Output","$t":"output.GeneratedTimestamp"},"link":{"id":"jkihmxtk","targetId":"c"}},"end":{"id":"c"}}}},"GUID":{"$t":"5Z5gUsYr6IHe3hHWkD4e4T"},"DisplayName":{"$t":"Generate an ID from unix Timestamp"}}