{"EntryId":{"$t":"z0YoVVVVVVVVVVV-gt-1418902-2018-09-04T00:32:12.412Z::conn.xml"},"Name":{"$t":"Unix-Timestamp-API-actions-1"},"ParentFlowIds":{"$t":"LrOMDOp7jvppppp-gt-258835-2018-09-04T00:32:12.602Z::pd.xml"},"MimeType":{"$t":"application\/xml+connection"},"Description":{},"AppliesTo":{},"Tags":{},"VersionLabel":{"$t":"1.0"},"State":{"$t":"CURRENT"},"ProcessGroup":{},"CreatedBy":{"$t":"gstasko@svccon.com"},"CreationDate":{"$t":"2018-09-04T00:32:12Z"},"ModifiedBy":{},"PublicationStatus":{"$t":"unpublished"},"AutosaveExists":{"$t":"false"},"Entry":{"connection":{"displayName":"Unix-Timestamp-API-actions","label":"Unix-Timestamp-API-actions","name":"Unix-Timestamp-API-actions-1","xmlns":"http:\/\/schemas.informatica.com\/socrates\/data-services\/2014\/04\/avosConnections.xsd","xmlns$aetgt":"http:\/\/schemas.active-endpoints.com\/appmodules\/repository\/2010\/10\/avrepository.xsd","description":{},"tags":{},"agent":{},"attributes":{},"businessConnector":{"agentOnly":"false","connectorPath":"project:\/rt.connector\/Unix_Timestamp_API\/Unix_Timestamp_API_svcDef.xml","guid":"aN6cS5etM8FjX7UZg4LVGZ","name":"Unix_Timestamp_API","supportsConnectionTest":"false","uuid":"15cf2ea7-f539-4d89-b367-71127635b79e","xmlns":"http:\/\/schemas.informatica.com\/appmodules\/screenflow\/2014\/04\/avosConnectors.xsd","description":{}}}},"GUID":{"$t":"j8TlLQXlHWiihpKqk1FwKU"},"DisplayName":{"$t":"Unix-Timestamp-API-actions"}}