{"EntryId":{"$t":"qzm5Y6tMFyglsO7-gt-1423009-2018-09-04T00:32:12.272Z::svc.xml"},"Name":{"$t":"Unix_Timestamp_API-1"},"MimeType":{"$t":"application\/xml+businesssconnector"},"Description":{},"AppliesTo":{},"Tags":{},"VersionLabel":{"$t":"1.0"},"State":{"$t":"CURRENT"},"ProcessGroup":{},"CreatedBy":{"$t":"gstasko@svccon.com"},"CreationDate":{"$t":"2018-09-04T00:32:12Z"},"ModifiedBy":{},"PublicationStatus":{"$t":"unpublished"},"AutosaveExists":{"$t":"false"},"Entry":{"businessConnector":{"agentOnly":"false","debug":"false","displayName":"Unix Timestamp API","label":"","name":"Unix_Timestamp_API-1","uuid":"15cf2ea7-f539-4d89-b367-71127635b79e","xmlns":"http:\/\/schemas.informatica.com\/socrates\/data-services\/2014\/05\/business-connector-model.xsd","xmlns$aetgt":"http:\/\/schemas.active-endpoints.com\/appmodules\/repository\/2010\/10\/avrepository.xsd","description":{},"tags":{},"connectionAttributes":{"xmlns":"http:\/\/schemas.informatica.com\/appmodules\/screenflow\/2014\/04\/avosConnectors.xsd"},"actions":{"action":{"category":"","failOnError":"true","forSearch":"false","label":"GenerateTimestamp","maxRedirects":"100","name":"GenerateTimestamp","preemptiveAuth":"true","responseEncoding":"","description":{},"input":{},"binding":{"restSimpleBinding":{"multiUsing":"semicolonSeparated","url":"http:\/\/www.convert-unix-time.com\/api","verb":"GET","otherParams":{"otherParam":{"name":"timestamp","$t":"now"}}}},"output":{"field":{"description":"","name":"GeneratedTimestamp","property":"timestamp","type":"int"}}}},"objects":{}}},"GUID":{"$t":"aN6cS5etM8FjX7UZg4LVGZ"},"DisplayName":{"$t":"Unix Timestamp API"}}