<aetgt:getResponse xmlns:aetgt="http://schemas.active-endpoints.com/appmodules/repository/2010/10/avrepository.xsd"
                   xmlns:types1="http://schemas.active-endpoints.com/appmodules/repository/2010/10/avrepository.xsd">
   <types1:Item>
      <types1:EntryId>H8cmnBtBghuImXy-gt-3221744-2019-01-24T00:42:20.547Z::svc.xml</types1:EntryId>
      <types1:Name>Concur_Connection_Requests_API_v3-2</types1:Name>
      <types1:MimeType>application/xml+businesssconnector</types1:MimeType>
      <types1:Description/>
      <types1:AppliesTo/>
      <types1:Tags/>
      <types1:VersionLabel>1.0</types1:VersionLabel>
      <types1:State>CURRENT</types1:State>
      <types1:ProcessGroup/>
      <types1:CreatedBy>sorabh@na1.dm-us.org</types1:CreatedBy>
      <types1:CreationDate>2019-01-24T00:42:21Z</types1:CreationDate>
      <types1:ModifiedBy>sorabh@na1.dm-us.org</types1:ModifiedBy>
      <types1:ModificationDate>2019-02-22T09:30:51Z</types1:ModificationDate>
      <types1:PublicationStatus>published</types1:PublicationStatus>
      <types1:PublishedBy>sorabh@na1.dm-us.org</types1:PublishedBy>
      <types1:PublicationDate>2019-02-22T09:31:02Z</types1:PublicationDate>
      <types1:PublishedContributionId>project:/rt.connector/Concur_Connection_Requests_API_v3_2/Concur_Connection_Requests_API_v3_2_svcDef.xml</types1:PublishedContributionId>
      <types1:AutosaveExists>false</types1:AutosaveExists>
      <types1:Entry>
         <businessConnector xmlns="http://schemas.informatica.com/socrates/data-services/2014/05/business-connector-model.xsd"
                            agentOnly="false"
                            debug="false"
                            displayName="Concur Connection Requests API v3-2"
                            label=""
                            name="Concur_Connection_Requests_API_v3-2"
                            uuid="b636db7b-65f4-4326-b325-90a0424ed24f">
            <description/>
            <tags/>
            <connectionAttributes xmlns="http://schemas.informatica.com/appmodules/screenflow/2014/04/avosConnectors.xsd">
               <connectionAttribute description="Host Name"
                                    masked="false"
                                    name="hostName"
                                    required="true"
                                    testWith="us.api.concursolutions.com"
                                    type="string"/>
            </connectionAttributes>
            <actions>
               <action category="Resources"
                       failOnError="true"
                       forSearch="false"
                       label="POST_common_connectionrequests"
                       maxRedirects="100"
                       name="POST_common_connectionrequests"
                       preemptiveAuth="true"
                       responseEncoding="">
                  <description>Create a connection request. Creates a connection request on behalf of the specified user.</description>
                  <input>
                     <parameter description="The login ID of the user for whom to create the connection request. The user must have the Web Services Admin role to use this parameter."
                                label="user"
                                name="user"
                                required="true"
                                testWith=""
                                type="string"/>
                  </input>
                  <binding>
                     <restSimpleBinding multiUsing="semicolonSeparated"
                                        url="https://{$hostName}/api/v3.2/common/connectionrequests"
                                        verb="POST">
                        <httpHeaders>
                           <header name="Content-Type">application/json</header>
                           <header name="Accept">application/json</header>
                        </httpHeaders>
                        <body generateUsing="UnwrappedJSON" preserveJsonStringFormatting="false"/>
                     </restSimpleBinding>
                  </binding>
                  <output>
                     <field description="Success"
                            entireResponse="true"
                            name="CreateResponse"
                            type="reference">
                        <options>
                           <option name="referenceTo">CreateResponse</option>
                        </options>
                     </field>
                  </output>
               </action>
               <action category="Resources"
                       failOnError="true"
                       forSearch="false"
                       label="GET_common_connectionrequests"
                       maxRedirects="100"
                       name="GET_common_connectionrequests"
                       preemptiveAuth="true"
                       responseEncoding="">
                  <description>Get all connection requests. Gets all connection requests that match the TripLink supplier ID.</description>
                  <input>
                     <parameter description="The starting point of the next set of results, after the limit specified in the limit field has been reached. The default is the beginning of the page."
                                label="offset"
                                name="offset"
                                required="false"
                                testWith=""
                                type="string"/>
                     <parameter description="The number of records to return. The default is 5 and the maximum is 10."
                                label="limit"
                                name="limit"
                                required="false"
                                testWith=""
                                type="int"/>
                     <parameter description="The status code representing the state of the connection request. The possible values are Pending, Processing, Connected, Failed, and Retry."
                                label="status"
                                name="status"
                                required="false"
                                testWith=""
                                type="string"/>
                  </input>
                  <binding>
                     <restSimpleBinding multiUsing="semicolonSeparated"
                                        url="https://{$hostName}/api/v3.2/common/connectionrequests"
                                        verb="GET">
                        <httpHeaders>
                           <header name="Content-Type">application/json</header>
                           <header name="Accept">application/json</header>
                        </httpHeaders>
                     </restSimpleBinding>
                  </binding>
                  <output>
                     <field description="Success"
                            entireResponse="true"
                            name="ConnectionRequestCollection"
                            type="reference">
                        <options>
                           <option name="referenceTo">ConnectionRequestCollection</option>
                        </options>
                     </field>
                  </output>
               </action>
               <action category="Resources"
                       failOnError="true"
                       forSearch="false"
                       label="GET_common_connectionrequests_id_"
                       maxRedirects="100"
                       name="GET_common_connectionrequests_id_"
                       preemptiveAuth="true"
                       responseEncoding="">
                  <description>Get a connection request by ID. Gets a connection request by ID.</description>
                  <input>
                     <parameter description="The connection request ID."
                                label="idPathParam"
                                name="idPathParam"
                                nogen="true"
                                required="true"
                                testWith=""
                                type="string"/>
                  </input>
                  <binding>
                     <restSimpleBinding multiUsing="semicolonSeparated"
                                        url="https://{$hostName}/api/v3.2/common/connectionrequests/{$idPathParam}"
                                        verb="GET">
                        <httpHeaders>
                           <header name="Content-Type">application/json</header>
                           <header name="Accept">application/json</header>
                        </httpHeaders>
                     </restSimpleBinding>
                  </binding>
                  <output>
                     <field description="Success"
                            entireResponse="true"
                            name="ConnectionRequestGet"
                            type="reference">
                        <options>
                           <option name="referenceTo">ConnectionRequestGet</option>
                        </options>
                     </field>
                  </output>
               </action>
               <action category="Resources"
                       failOnError="true"
                       forSearch="false"
                       label="PUT_common_connectionrequests_id_"
                       maxRedirects="100"
                       name="PUT_common_connectionrequests_id_"
                       preemptiveAuth="true"
                       responseEncoding="">
                  <description>Update a connection request by ID. Updates the specified connection request. Only the fields provided in the supplied object are updated. Missing fields will not be altered.</description>
                  <input>
                     <parameter description="The connection request ID."
                                label="idPathParam"
                                name="idPathParam"
                                nogen="true"
                                required="true"
                                testWith=""
                                type="string"/>
                     <parameter description="The connection request object to update."
                                label="content"
                                name="content"
                                required="true"
                                testWith=""
                                type="reference">
                        <options>
                           <option name="referenceTo">ConnectionRequestPut</option>
                        </options>
                     </parameter>
                  </input>
                  <binding>
                     <restSimpleBinding multiUsing="semicolonSeparated"
                                        url="https://{$hostName}/api/v3.2/common/connectionrequests/{$idPathParam}"
                                        verb="PUT">
                        <httpHeaders>
                           <header name="Content-Type">application/json</header>
                           <header name="Accept">application/json</header>
                        </httpHeaders>
                        <body generateUsing="UnwrappedJSON" preserveJsonStringFormatting="false"/>
                     </restSimpleBinding>
                  </binding>
                  <output>
                     <field description="Success"
                            entireResponse="true"
                            name="Void"
                            type="reference">
                        <options>
                           <option name="referenceTo">Void</option>
                        </options>
                     </field>
                  </output>
               </action>
            </actions>
            <objects>
               <processObject xmlns="http://schemas.active-endpoints.com/appmodules/screenflow/2011/06/avosHostEnvironment.xsd"
                              isByCopy="true"
                              name="ConnectionRequestPut">
                  <description/>
                  <detail>
                     <field name="status" type="string"/>
                  </detail>
               </processObject>
               <processObject xmlns="http://schemas.active-endpoints.com/appmodules/screenflow/2011/06/avosHostEnvironment.xsd"
                              isByCopy="true"
                              name="ConnectionRequestCollection">
                  <description/>
                  <detail>
                     <field name="Items" type="reference">
                        <options>
                           <option name="referenceTo">ConnectionRequestGet</option>
                           <option name="relationshipName">Child</option>
                        </options>
                     </field>
                     <field name="NextPage" type="string"/>
                  </detail>
               </processObject>
               <processObject xmlns="http://schemas.active-endpoints.com/appmodules/screenflow/2011/06/avosHostEnvironment.xsd"
                              isByCopy="true"
                              name="CreateResponse">
                  <description/>
                  <detail>
                     <field name="ID" type="string"/>
                     <field name="URI" type="string"/>
                  </detail>
               </processObject>
               <processObject xmlns="http://schemas.active-endpoints.com/appmodules/screenflow/2011/06/avosHostEnvironment.xsd"
                              isByCopy="true"
                              name="ConnectionRequestGet">
                  <description/>
                  <detail>
                     <field name="lastName" type="string"/>
                     <field name="firstName" type="string"/>
                     <field name="emailAddresses" type="reference">
                        <options>
                           <option name="referenceTo">UserEmailAddresses</option>
                           <option name="relationshipName">Child</option>
                        </options>
                     </field>
                     <field name="middleName" type="string"/>
                     <field name="ID" type="string"/>
                     <field name="lastModified" type="string"/>
                     <field name="requestToken" type="string"/>
                     <field name="URI" type="string"/>
                     <field name="userId" type="string"/>
                     <field name="loyaltyNumber" type="string"/>
                     <field name="status" type="string"/>
                  </detail>
               </processObject>
               <processObject xmlns="http://schemas.active-endpoints.com/appmodules/screenflow/2011/06/avosHostEnvironment.xsd"
                              isByCopy="true"
                              name="UserEmailAddresses">
                  <description/>
                  <detail>
                     <field name="email3" type="string"/>
                     <field name="email2" type="string"/>
                     <field name="email1" type="string"/>
                     <field name="email5" type="string"/>
                     <field name="email4" type="string"/>
                  </detail>
               </processObject>
               <processObject xmlns="http://schemas.active-endpoints.com/appmodules/screenflow/2011/06/avosHostEnvironment.xsd"
                              isByCopy="true"
                              name="Void">
                  <description/>
                  <detail/>
               </processObject>
               <processObject xmlns="http://schemas.active-endpoints.com/appmodules/screenflow/2011/06/avosHostEnvironment.xsd"
                              isByCopy="true"
                              name="string">
                  <description/>
                  <detail>
                     <field name="string" type="string"/>
                  </detail>
               </processObject>
               <processObject xmlns="http://schemas.active-endpoints.com/appmodules/screenflow/2011/06/avosHostEnvironment.xsd"
                              isByCopy="true"
                              name="boolean">
                  <description/>
                  <detail>
                     <field name="boolean" type="boolean"/>
                  </detail>
               </processObject>
               <processObject xmlns="http://schemas.active-endpoints.com/appmodules/screenflow/2011/06/avosHostEnvironment.xsd"
                              isByCopy="true"
                              name="double">
                  <description/>
                  <detail>
                     <field name="double" type="double"/>
                  </detail>
               </processObject>
               <processObject xmlns="http://schemas.active-endpoints.com/appmodules/screenflow/2011/06/avosHostEnvironment.xsd"
                              isByCopy="true"
                              name="integer">
                  <description/>
                  <detail>
                     <field name="integer" type="int"/>
                  </detail>
               </processObject>
            </objects>
         </businessConnector>
      </types1:Entry>
      <types1:GUID>i44JlqUWC8CjoCeqlT7TgZ</types1:GUID>
      <types1:DisplayName>Concur Connection Requests API v3-2</types1:DisplayName>
   </types1:Item>
   <types1:CurrentServerDateTime>2019-02-22T09:42:47.849Z</types1:CurrentServerDateTime>
</aetgt:getResponse>
