<aetgt:getResponse xmlns:aetgt="http://schemas.active-endpoints.com/appmodules/repository/2010/10/avrepository.xsd"
                   xmlns:types1="http://schemas.active-endpoints.com/appmodules/repository/2010/10/avrepository.xsd">
   <types1:Item>
      <types1:EntryId>56UtLnzYLnzYLnz-gt-2067545-2019-02-12T01:15:20.905Z::svc.xml</types1:EntryId>
      <types1:Name>Oracle_Cloud_Infrastructure_Compute_SecAssociations_API_v18-1-2</types1:Name>
      <types1:MimeType>application/xml+businesssconnector</types1:MimeType>
      <types1:Description>A security association is a relationship between a security list and the vcable of an instance. The vcable is an attachment point to a specific network interface of an instance. The vcable enables dynamic association/disassociation of its instance with security lists. You can associate up to eight security lists with a given vcable. This limit includes security lists specified in the instance configuration (for example, in a launch plan) as well as new security associations added after creating instances.&lt;p&gt;Note that when a security list is deleted, all the security associations involving that security list are also deleted.&lt;p&gt;You can create, delete, and view security associations using the HTTP requests listed below.</types1:Description>
      <types1:AppliesTo/>
      <types1:Tags/>
      <types1:VersionLabel>1.0</types1:VersionLabel>
      <types1:State>CURRENT</types1:State>
      <types1:ProcessGroup/>
      <types1:CreatedBy>sorabh@na1.dm-us.org</types1:CreatedBy>
      <types1:CreationDate>2019-02-12T01:15:21Z</types1:CreationDate>
      <types1:ModifiedBy/>
      <types1:PublicationStatus>published</types1:PublicationStatus>
      <types1:PublishedBy>sorabh@na1.dm-us.org</types1:PublishedBy>
      <types1:PublicationDate>2019-02-12T01:15:35Z</types1:PublicationDate>
      <types1:PublishedContributionId>project:/rt.connector/Oracle_Cloud_Infrastructure_Compute_SecAssociations_API_v18_1_2/Oracle_Cloud_Infrastructure_Compute_SecAssociations_API_v18_1_2_svcDef.xml</types1:PublishedContributionId>
      <types1:AutosaveExists>false</types1:AutosaveExists>
      <types1:Entry>
         <businessConnector xmlns="http://schemas.informatica.com/socrates/data-services/2014/05/business-connector-model.xsd"
                            agentOnly="false"
                            debug="false"
                            displayName="Oracle Cloud Infrastructure Compute SecAssociations API v18-1-2"
                            label=""
                            name="Oracle_Cloud_Infrastructure_Compute_SecAssociations_API_v18-1-2"
                            uuid="8d66b40f-f75a-4b3e-a9da-e9d60a4bee56">
            <description>A security association is a relationship between a security list and the vcable of an instance. The vcable is an attachment point to a specific network interface of an instance. The vcable enables dynamic association/disassociation of its instance with security lists. You can associate up to eight security lists with a given vcable. This limit includes security lists specified in the instance configuration (for example, in a launch plan) as well as new security associations added after creating instances.&lt;p&gt;Note that when a security list is deleted, all the security associations involving that security list are also deleted.&lt;p&gt;You can create, delete, and view security associations using the HTTP requests listed below.</description>
            <tags/>
            <connectionAttributes xmlns="http://schemas.informatica.com/appmodules/screenflow/2014/04/avosConnectors.xsd">
               <connectionAttribute description="Host Name"
                                    masked="false"
                                    name="hostName"
                                    required="true"
                                    testWith="apicatalog.oraclecloud.com"
                                    type="string"/>
            </connectionAttributes>
            <actions>
               <action category="SecAssociations"
                       failOnError="true"
                       forSearch="false"
                       label="discoverSecAssociation"
                       maxRedirects="100"
                       name="discoverSecAssociation"
                       preemptiveAuth="true"
                       responseEncoding="">
                  <description>Retrieve Names of all Security Associations and Subcontainers in a Container. Retrieves the names of objects and subcontainers that you can access in the specified container.&lt;p&gt;&lt;b&gt;Required Role: &lt;/b&gt;To complete this task, you must have the &lt;code&gt;Compute_Monitor&lt;/code&gt; or &lt;code&gt;Compute_Operations&lt;/code&gt; role. If this role isn't assigned to you or you're not sure, then ask your system administrator to ensure that the role is assigned to you in Oracle Cloud My Services. See &lt;a target="_blank" href="http://www.oracle.com/pls/topic/lookup?ctx=stcomputecs&amp;id=MMOCS-GUID-54C2E747-7D5B-451C-A39C-77936178EBB6"&gt;Modifying User Roles&lt;/a&gt; in &lt;em&gt;Managing and Monitoring Oracle Cloud&lt;/em&gt;.</description>
                  <input>
                     <parameter description="Specify &lt;code&gt;/Compute-&lt;i&gt;identityDomain&lt;/i&gt;/&lt;i&gt;user&lt;/i&gt;/&lt;/code&gt; to retrieve the names of objects that you can access. Specify &lt;code&gt;/Compute-&lt;i&gt;identityDomain&lt;/i&gt;/&lt;/code&gt; to retrieve the names of containers that contain objects that you can access. Specify &lt;code&gt;/oracle/public&lt;/code&gt; to retrieve the names of system-provided objects."
                                label="containerPathParam"
                                name="containerPathParam"
                                nogen="true"
                                required="true"
                                testWith=""
                                type="string"/>
                     <parameter description="The Cookie: header must be included with every request to the service. It must be set to the value of the set-cookie header in the response received to the POST /authenticate/ call."
                                label="Cookie"
                                name="Cookie"
                                nogen="true"
                                required="false"
                                testWith=""
                                type="string"/>
                  </input>
                  <binding>
                     <restSimpleBinding multiUsing="semicolonSeparated"
                                        url="http://{$hostName}/secassociation/{$containerPathParam}"
                                        verb="GET">
                        <httpHeaders>
                           <header name="Content-Type">application/oracle-compute-v3+json</header>
                           <header name="Accept">application/oracle-compute-v3+directory+json</header>
                           <header name="Cookie">{$Cookie}</header>
                        </httpHeaders>
                     </restSimpleBinding>
                  </binding>
                  <output>
                     <field description="OK. See &lt;a class=&#34;xref&#34; href=&#34;Status%20Codes.html&#34;&gt;Status Codes&lt;/a&gt; for information about other possible HTTP status codes."
                            entireResponse="true"
                            name="SecAssociation_discover_response"
                            type="reference">
                        <options>
                           <option name="referenceTo">SecAssociation_discover_response</option>
                        </options>
                     </field>
                  </output>
               </action>
               <action category="SecAssociations"
                       failOnError="true"
                       forSearch="false"
                       label="getSecAssociation"
                       maxRedirects="100"
                       name="getSecAssociation"
                       preemptiveAuth="true"
                       responseEncoding="">
                  <description>Retrieve Details of a Security Association. Retrieves details about the specified security association.&lt;p&gt;You can use this request to verify whether the POST HTTP request was completed successfully.&lt;p&gt;&lt;b&gt;Required Role: &lt;/b&gt;To complete this task, you must have the &lt;code&gt;Compute_Monitor&lt;/code&gt; or &lt;code&gt;Compute_Operations&lt;/code&gt; role. If this role isn't assigned to you or you're not sure, then ask your system administrator to ensure that the role is assigned to you in Oracle Cloud My Services. See &lt;a target="_blank" href="http://www.oracle.com/pls/topic/lookup?ctx=stcomputecs&amp;id=MMOCS-GUID-54C2E747-7D5B-451C-A39C-77936178EBB6"&gt;Modifying User Roles&lt;/a&gt; in &lt;em&gt;Managing and Monitoring Oracle Cloud&lt;/em&gt;.</description>
                  <input>
                     <parameter description="The three-part name of the object (&lt;code&gt;/Compute-&lt;em&gt;identity_domain&lt;/em&gt;/&lt;em&gt;user&lt;/em&gt;/&lt;em&gt;object&lt;/em&gt;&lt;/code&gt;)."
                                label="namePathParam"
                                name="namePathParam"
                                nogen="true"
                                required="true"
                                testWith=""
                                type="string"/>
                     <parameter description="The Cookie: header must be included with every request to the service. It must be set to the value of the set-cookie header in the response received to the POST /authenticate/ call."
                                label="Cookie"
                                name="Cookie"
                                nogen="true"
                                required="false"
                                testWith=""
                                type="string"/>
                  </input>
                  <binding>
                     <restSimpleBinding multiUsing="semicolonSeparated"
                                        url="http://{$hostName}/secassociation/{$namePathParam}"
                                        verb="GET">
                        <httpHeaders>
                           <header name="Content-Type">application/oracle-compute-v3+json</header>
                           <header name="Accept">application/oracle-compute-v3+json</header>
                           <header name="Cookie">{$Cookie}</header>
                        </httpHeaders>
                     </restSimpleBinding>
                  </binding>
                  <output>
                     <field description="OK. See &lt;a class=&#34;xref&#34; href=&#34;Status%20Codes.html&#34;&gt;Status Codes&lt;/a&gt; for information about other possible HTTP status codes."
                            entireResponse="true"
                            name="SecAssociation_response"
                            type="reference">
                        <options>
                           <option name="referenceTo">SecAssociation_response</option>
                        </options>
                     </field>
                  </output>
               </action>
               <action category="SecAssociations"
                       failOnError="true"
                       forSearch="false"
                       label="deleteSecAssociation"
                       maxRedirects="100"
                       name="deleteSecAssociation"
                       preemptiveAuth="true"
                       responseEncoding="">
                  <description>Delete a Security Association. Deletes the specified security association. After you delete a security association, it takes a few minutes for the change to take effect. No response is returned.&lt;p&gt;&lt;b&gt;Note:&lt;/b&gt; You can delete all security associations, if you want to. If you delete all the security associations, instances will not be associated with any security list, and you cannot access the instance by NAT or flat IP. You can only access instances which are added to at least one security association.&lt;p&gt;&lt;b&gt;Required Role: &lt;/b&gt;To complete this task, you must have the &lt;code&gt;Compute_Operations&lt;/code&gt; role. If this role isn't assigned to you or you're not sure, then ask your system administrator to ensure that the role is assigned to you in Oracle Cloud My Services. See &lt;a target="_blank" href="http://www.oracle.com/pls/topic/lookup?ctx=stcomputecs&amp;id=MMOCS-GUID-54C2E747-7D5B-451C-A39C-77936178EBB6"&gt;Modifying User Roles&lt;/a&gt; in &lt;em&gt;Managing and Monitoring Oracle Cloud&lt;/em&gt;.</description>
                  <input>
                     <parameter description="The three-part name of the object (&lt;code&gt;/Compute-&lt;em&gt;identity_domain&lt;/em&gt;/&lt;em&gt;user&lt;/em&gt;/&lt;em&gt;object&lt;/em&gt;&lt;/code&gt;)."
                                label="namePathParam"
                                name="namePathParam"
                                nogen="true"
                                required="true"
                                testWith=""
                                type="string"/>
                     <parameter description="The Cookie: header must be included with every request to the service. It must be set to the value of the set-cookie header in the response received to the POST /authenticate/ call."
                                label="Cookie"
                                name="Cookie"
                                nogen="true"
                                required="false"
                                testWith=""
                                type="string"/>
                  </input>
                  <binding>
                     <restSimpleBinding multiUsing="semicolonSeparated"
                                        url="http://{$hostName}/secassociation/{$namePathParam}"
                                        verb="DELETE">
                        <httpHeaders>
                           <header name="Content-Type">application/oracle-compute-v3+json</header>
                           <header name="Accept">application/oracle-compute-v3+json</header>
                           <header name="Cookie">{$Cookie}</header>
                        </httpHeaders>
                     </restSimpleBinding>
                  </binding>
                  <output/>
               </action>
               <action category="SecAssociations"
                       failOnError="true"
                       forSearch="false"
                       label="listSecAssociation"
                       maxRedirects="100"
                       name="listSecAssociation"
                       preemptiveAuth="true"
                       responseEncoding="">
                  <description>Retrieve Details of all Security Associations in a Container. &lt;b&gt;Required Role: &lt;/b&gt;To complete this task, you must have the &lt;code&gt;Compute_Monitor&lt;/code&gt; or &lt;code&gt;Compute_Operations&lt;/code&gt; role. If this role isn't assigned to you or you're not sure, then ask your system administrator to ensure that the role is assigned to you in Oracle Cloud My Services. See &lt;a target="_blank" href="http://www.oracle.com/pls/topic/lookup?ctx=stcomputecs&amp;id=MMOCS-GUID-54C2E747-7D5B-451C-A39C-77936178EBB6"&gt;Modifying User Roles&lt;/a&gt; in &lt;em&gt;Managing and Monitoring Oracle Cloud&lt;/em&gt;.</description>
                  <input>
                     <parameter description="&lt;p&gt;&lt;code&gt;/Compute-&lt;em&gt;identity_domain&lt;/em&gt;/&lt;em&gt;user&lt;/em&gt;&lt;/code&gt;"
                                label="containerPathParam"
                                name="containerPathParam"
                                nogen="true"
                                required="true"
                                testWith=""
                                type="string"/>
                     <parameter description="&lt;p&gt;vcable of the instance that you want to associate with the security list.&lt;p&gt;For more information about the vcable of an instance, see &lt;a class=&#34;xref&#34; href=&#34;op-instance-{name}-get.html&#34;&gt;Retrieve Details of an Instance.&lt;/a&gt;"
                                label="vcable"
                                name="vcable"
                                required="false"
                                testWith=""
                                type="string"/>
                     <parameter description="&lt;p&gt;Security list that you want to associate with the instance."
                                label="seclist"
                                name="seclist"
                                required="false"
                                testWith=""
                                type="string"/>
                     <parameter description="The three-part name of the object (&lt;code&gt;/Compute-&lt;em&gt;identity_domain&lt;/em&gt;/&lt;em&gt;user&lt;/em&gt;/&lt;em&gt;object&lt;/em&gt;&lt;/code&gt;)."
                                label="name"
                                name="name"
                                required="false"
                                testWith=""
                                type="string"/>
                     <parameter description="The Cookie: header must be included with every request to the service. It must be set to the value of the set-cookie header in the response received to the POST /authenticate/ call."
                                label="Cookie"
                                name="Cookie"
                                nogen="true"
                                required="false"
                                testWith=""
                                type="string"/>
                  </input>
                  <binding>
                     <restSimpleBinding multiUsing="semicolonSeparated"
                                        url="http://{$hostName}/secassociation/{$containerPathParam}/"
                                        verb="GET">
                        <httpHeaders>
                           <header name="Content-Type">application/oracle-compute-v3+json</header>
                           <header name="Accept">application/oracle-compute-v3+json</header>
                           <header name="Cookie">{$Cookie}</header>
                        </httpHeaders>
                     </restSimpleBinding>
                  </binding>
                  <output>
                     <field description="OK. See &lt;a class=&#34;xref&#34; href=&#34;Status%20Codes.html&#34;&gt;Status Codes&lt;/a&gt; for information about other possible HTTP status codes."
                            entireResponse="true"
                            name="SecAssociation_list_response"
                            type="reference">
                        <options>
                           <option name="referenceTo">SecAssociation_list_response</option>
                        </options>
                     </field>
                  </output>
               </action>
               <action category="SecAssociations"
                       failOnError="true"
                       forSearch="false"
                       label="addSecAssociation"
                       maxRedirects="100"
                       name="addSecAssociation"
                       preemptiveAuth="true"
                       responseEncoding="">
                  <description>Create a Security Association. Adds an instance to a security list.&lt;p&gt;&lt;b&gt;Caution: &lt;/b&gt;When you add an instance to a security list, all the security rules that use that security list-as either the source or destination-are applicable to the instance. Consider a security list that is the destination in two security rules, one rule that allows SSH access from the public Internet and another rule permitting HTTPS traffic from the public Internet. When you add an instance to this security list, the instance is accessible from the public Internet over both SSH and HTTPS. Keep this in mind when you decide the security lists that you want to add an instance to.&lt;p&gt;&lt;b&gt;Required Role: &lt;/b&gt;To complete this task, you must have the &lt;code&gt;Compute_Operations&lt;/code&gt; role. If this role isn't assigned to you or you're not sure, then ask your system administrator to ensure that the role is assigned to you in Oracle Cloud My Services. See &lt;a target="_blank" href="http://www.oracle.com/pls/topic/lookup?ctx=stcomputecs&amp;id=MMOCS-GUID-54C2E747-7D5B-451C-A39C-77936178EBB6"&gt;Modifying User Roles&lt;/a&gt; in &lt;em&gt;Managing and Monitoring Oracle Cloud&lt;/em&gt;.</description>
                  <input>
                     <parameter label="body"
                                name="body"
                                required="true"
                                testWith=""
                                type="reference">
                        <options>
                           <option name="referenceTo">SecAssociation_post_request</option>
                        </options>
                     </parameter>
                     <parameter description="The Cookie: header must be included with every request to the service. It must be set to the value of the set-cookie header in the response received to the POST /authenticate/ call."
                                label="Cookie"
                                name="Cookie"
                                nogen="true"
                                required="false"
                                testWith=""
                                type="string"/>
                  </input>
                  <binding>
                     <restSimpleBinding multiUsing="semicolonSeparated"
                                        url="http://{$hostName}/secassociation/"
                                        verb="POST">
                        <httpHeaders>
                           <header name="Content-Type">application/oracle-compute-v3+json</header>
                           <header name="Accept">application/oracle-compute-v3+json</header>
                           <header name="Cookie">{$Cookie}</header>
                        </httpHeaders>
                        <body generateUsing="UnwrappedJSON" preserveJsonStringFormatting="false"/>
                     </restSimpleBinding>
                  </binding>
                  <output/>
               </action>
               <action category="SecAssociations"
                       failOnError="true"
                       forSearch="false"
                       label="discoverRootSecAssociation"
                       maxRedirects="100"
                       name="discoverRootSecAssociation"
                       preemptiveAuth="true"
                       responseEncoding="">
                  <description>Retrieve Names of Containers. Retrieves the names of containers that contain objects that you can access. You can use this information to construct the multipart name of an object.&lt;p&gt;&lt;b&gt;Required Role: &lt;/b&gt;To complete this task, you must have the &lt;code&gt;Compute_Monitor&lt;/code&gt; or &lt;code&gt;Compute_Operations&lt;/code&gt; role. If this role isn't assigned to you or you're not sure, then ask your system administrator to ensure that the role is assigned to you in Oracle Cloud My Services. See &lt;a target="_blank" href="http://www.oracle.com/pls/topic/lookup?ctx=stcomputecs&amp;id=MMOCS-GUID-54C2E747-7D5B-451C-A39C-77936178EBB6"&gt;Modifying User Roles&lt;/a&gt; in &lt;em&gt;Managing and Monitoring Oracle Cloud&lt;/em&gt;.</description>
                  <input>
                     <parameter description="The Cookie: header must be included with every request to the service. It must be set to the value of the set-cookie header in the response received to the POST /authenticate/ call."
                                label="Cookie"
                                name="Cookie"
                                nogen="true"
                                required="false"
                                testWith=""
                                type="string"/>
                  </input>
                  <binding>
                     <restSimpleBinding multiUsing="semicolonSeparated"
                                        url="http://{$hostName}/secassociation/"
                                        verb="GET">
                        <httpHeaders>
                           <header name="Content-Type">application/oracle-compute-v3+json</header>
                           <header name="Accept">application/oracle-compute-v3+directory+json</header>
                           <header name="Cookie">{$Cookie}</header>
                        </httpHeaders>
                     </restSimpleBinding>
                  </binding>
                  <output>
                     <field description="OK. See &lt;a class=&#34;xref&#34; href=&#34;Status%20Codes.html&#34;&gt;Status Codes&lt;/a&gt; for information about other possible HTTP status codes."
                            entireResponse="true"
                            name="SecAssociation_discover_response"
                            type="reference">
                        <options>
                           <option name="referenceTo">SecAssociation_discover_response</option>
                        </options>
                     </field>
                  </output>
               </action>
            </actions>
            <objects>
               <processObject xmlns="http://schemas.active-endpoints.com/appmodules/screenflow/2011/06/avosHostEnvironment.xsd"
                              isByCopy="true"
                              name="SecAssociation_post_request">
                  <description>The request body contains details of the security association that you want to create. </description>
                  <detail>
                     <field name="seclist" type="string"/>
                     <field name="name" type="string"/>
                     <field name="vcable" type="string"/>
                  </detail>
               </processObject>
               <processObject xmlns="http://schemas.active-endpoints.com/appmodules/screenflow/2011/06/avosHostEnvironment.xsd"
                              isByCopy="true"
                              name="HourlyInterval">
                  <description/>
                  <detail/>
               </processObject>
               <processObject xmlns="http://schemas.active-endpoints.com/appmodules/screenflow/2011/06/avosHostEnvironment.xsd"
                              isByCopy="true"
                              name="SecAssociation_discover_response">
                  <description/>
                  <detail>
                     <field name="result" type="objectlist">
                        <options>
                           <option name="referenceTo">string</option>
                           <option name="relationshipName">Child</option>
                        </options>
                     </field>
                  </detail>
               </processObject>
               <processObject xmlns="http://schemas.active-endpoints.com/appmodules/screenflow/2011/06/avosHostEnvironment.xsd"
                              isByCopy="true"
                              name="SecAssociation_response">
                  <description/>
                  <detail>
                     <field name="seclist" type="string"/>
                     <field name="name" type="string"/>
                     <field name="vcable" type="string"/>
                     <field name="uri" type="string"/>
                  </detail>
               </processObject>
               <processObject xmlns="http://schemas.active-endpoints.com/appmodules/screenflow/2011/06/avosHostEnvironment.xsd"
                              isByCopy="true"
                              name="SecAssociation_list_response">
                  <description/>
                  <detail>
                     <field name="result" type="objectlist">
                        <options>
                           <option name="referenceTo">SecAssociation_response</option>
                           <option name="relationshipName">Child</option>
                        </options>
                     </field>
                  </detail>
               </processObject>
               <processObject xmlns="http://schemas.active-endpoints.com/appmodules/screenflow/2011/06/avosHostEnvironment.xsd"
                              isByCopy="true"
                              name="DailyWeeklyInterval">
                  <description/>
                  <detail/>
               </processObject>
               <processObject xmlns="http://schemas.active-endpoints.com/appmodules/screenflow/2011/06/avosHostEnvironment.xsd"
                              isByCopy="true"
                              name="Interval">
                  <description>There are two kinds of Intervals. Each Interval has its own JSON format. Your Interval field should look like one of the following:&lt;p&gt;&lt;ul&gt;&lt;li&gt;&lt;code&gt;"interval":{"Hourly":{"hourlyInterval":2}}&lt;/code&gt;&lt;/li&gt;&lt;li&gt;&lt;code&gt;{"DailyWeekly":{"daysOfWeek":["MONDAY"],"timeOfDay":"03:15","userTimeZone":"America/Los_Angeles"}}&lt;/code&gt;&lt;/li&gt;&lt;/ul&gt;&lt;p&gt;Days of the week is any day of the week fully capitalized (MONDAY, TUESDAY, etc). The user time zone is any IANA user timezone.  For example user time zones see &lt;a href="https://en.wikipedia.org/wiki/IANA_time_zone_database"&gt;List of IANA time zones&lt;/a&gt;.</description>
                  <detail/>
               </processObject>
               <processObject xmlns="http://schemas.active-endpoints.com/appmodules/screenflow/2011/06/avosHostEnvironment.xsd"
                              isByCopy="true"
                              name="string">
                  <description/>
                  <detail>
                     <field name="string" type="string"/>
                  </detail>
               </processObject>
               <processObject xmlns="http://schemas.active-endpoints.com/appmodules/screenflow/2011/06/avosHostEnvironment.xsd"
                              isByCopy="true"
                              name="boolean">
                  <description/>
                  <detail>
                     <field name="boolean" type="boolean"/>
                  </detail>
               </processObject>
               <processObject xmlns="http://schemas.active-endpoints.com/appmodules/screenflow/2011/06/avosHostEnvironment.xsd"
                              isByCopy="true"
                              name="double">
                  <description/>
                  <detail>
                     <field name="double" type="double"/>
                  </detail>
               </processObject>
               <processObject xmlns="http://schemas.active-endpoints.com/appmodules/screenflow/2011/06/avosHostEnvironment.xsd"
                              isByCopy="true"
                              name="integer">
                  <description/>
                  <detail>
                     <field name="integer" type="int"/>
                  </detail>
               </processObject>
            </objects>
         </businessConnector>
      </types1:Entry>
      <types1:GUID>1DyVg6XKFCJc1GVP0HqpIx</types1:GUID>
      <types1:DisplayName>Oracle Cloud Infrastructure Compute SecAssociations API v18-1-2</types1:DisplayName>
   </types1:Item>
   <types1:CurrentServerDateTime>2019-02-25T09:24:11.823Z</types1:CurrentServerDateTime>
</aetgt:getResponse>
