<aetgt:getResponse xmlns:aetgt="http://schemas.active-endpoints.com/appmodules/repository/2010/10/avrepository.xsd"
                   xmlns:types1="http://schemas.active-endpoints.com/appmodules/repository/2010/10/avrepository.xsd">
   <types1:Item>
      <types1:EntryId>4W6jKsJlv58pIO3-gt-39978-2019-02-24T06:27:41.893Z::svc.xml</types1:EntryId>
      <types1:Name>Google_Analytics_Reporting_API_v4</types1:Name>
      <types1:MimeType>application/xml+businesssconnector</types1:MimeType>
      <types1:Description>Accesses Analytics report data.</types1:Description>
      <types1:AppliesTo/>
      <types1:Tags/>
      <types1:VersionLabel>1.0</types1:VersionLabel>
      <types1:State>CURRENT</types1:State>
      <types1:ProcessGroup/>
      <types1:CreatedBy>stage2_pod1</types1:CreatedBy>
      <types1:CreationDate>2019-02-24T06:27:42Z</types1:CreationDate>
      <types1:ModifiedBy/>
      <types1:PublicationStatus>unpublished</types1:PublicationStatus>
      <types1:AutosaveExists>false</types1:AutosaveExists>
      <types1:Entry>
         <businessConnector xmlns="http://schemas.informatica.com/socrates/data-services/2014/05/business-connector-model.xsd"
                            agentOnly="false"
                            debug="false"
                            displayName="Google Analytics Reporting API v4"
                            label=""
                            name="Google_Analytics_Reporting_API_v4"
                            uuid="c23ce0f9-0ef0-4209-8e6a-c7f7d52f5698">
            <description>Accesses Analytics report data.</description>
            <tags/>
            <connectionAttributes xmlns="http://schemas.informatica.com/appmodules/screenflow/2014/04/avosConnectors.xsd">
               <connectionAttribute description="Host Name"
                                    masked="false"
                                    name="hostName"
                                    required="true"
                                    testWith="analyticsreporting.googleapis.com"
                                    type="string"/>
            </connectionAttributes>
            <actions>
               <action category="reports"
                       failOnError="true"
                       forSearch="false"
                       label="V4ReportsBatchGetPost"
                       maxRedirects="100"
                       name="V4ReportsBatchGetPost"
                       preemptiveAuth="true"
                       responseEncoding="">
                  <description>BatchGetV4ReportsBatchGet. Returns the Analytics data.</description>
                  <input>
                     <parameter label="body"
                                name="body"
                                required="true"
                                testWith=""
                                type="reference">
                        <options>
                           <option name="referenceTo">GetReportsRequest</option>
                        </options>
                     </parameter>
                     <parameter description="Selector specifying which fields to include in a partial response."
                                label="fields"
                                name="fields"
                                required="false"
                                testWith=""
                                type="string"/>
                     <parameter description="Legacy upload protocol for media (e.g. &#34;media&#34;, &#34;multipart&#34;)."
                                label="uploadType"
                                name="uploadType"
                                required="false"
                                testWith=""
                                type="string"/>
                     <parameter description="JSONP"
                                label="callback"
                                name="callback"
                                required="false"
                                testWith=""
                                type="string"/>
                     <parameter description="OAuth 2.0 token for the current user."
                                label="oauth_token"
                                name="oauth_token"
                                required="false"
                                testWith=""
                                type="string"/>
                     <parameter description="V1 error format. (Acceptable values are: &#34;1&#34;, &#34;2&#34;)"
                                label="$.xgafv"
                                name="$.xgafv"
                                required="false"
                                testWith=""
                                type="string"/>
                     <parameter description="Data format for response. (Acceptable values are: &#34;json&#34;, &#34;media&#34;, &#34;proto&#34;)"
                                label="alt"
                                name="alt"
                                required="false"
                                testWith=""
                                type="string"/>
                     <parameter description="OAuth access token."
                                label="access_token"
                                name="access_token"
                                required="false"
                                testWith=""
                                type="string"/>
                     <parameter description="API key. Your API key identifies your project and provides you with API access, quota, and reports. Required unless you provide an OAuth 2.0 token."
                                label="key"
                                name="key"
                                required="false"
                                testWith=""
                                type="string"/>
                     <parameter description="Upload protocol for media (e.g. &#34;raw&#34;, &#34;multipart&#34;)."
                                label="upload_protocol"
                                name="upload_protocol"
                                required="false"
                                testWith=""
                                type="string"/>
                     <parameter description="Returns response with indentations and line breaks."
                                label="prettyPrint"
                                name="prettyPrint"
                                required="false"
                                testWith=""
                                type="boolean"/>
                     <parameter description="Available to use for quota purposes for server-side applications. Can be any arbitrary string assigned to a user, but should not exceed 40 characters."
                                label="quotaUser"
                                name="quotaUser"
                                required="false"
                                testWith=""
                                type="string"/>
                  </input>
                  <binding>
                     <restSimpleBinding multiUsing="semicolonSeparated"
                                        url="https://{$hostName}/v4/reports:batchGet"
                                        verb="POST">
                        <httpHeaders>
                           <header name="Content-Type">application/json</header>
                           <header name="Accept">application/json</header>
                        </httpHeaders>
                        <body generateUsing="UnwrappedJSON" preserveJsonStringFormatting="false"/>
                     </restSimpleBinding>
                  </binding>
                  <output>
                     <field description=""
                            entireResponse="true"
                            name="GetReportsResponse"
                            type="reference">
                        <options>
                           <option name="referenceTo">GetReportsResponse</option>
                        </options>
                     </field>
                  </output>
               </action>
            </actions>
            <objects>
               <processObject xmlns="http://schemas.active-endpoints.com/appmodules/screenflow/2011/06/avosHostEnvironment.xsd"
                              isByCopy="true"
                              name="ReportRow">
                  <description>A row in the report.</description>
                  <detail>
                     <field name="metrics" type="objectlist">
                        <options>
                           <option name="referenceTo">DateRangeValues</option>
                           <option name="relationshipName">Child</option>
                        </options>
                     </field>
                     <field name="dimensions" type="objectlist">
                        <options>
                           <option name="referenceTo">string</option>
                           <option name="relationshipName">Child</option>
                        </options>
                     </field>
                  </detail>
               </processObject>
               <processObject xmlns="http://schemas.active-endpoints.com/appmodules/screenflow/2011/06/avosHostEnvironment.xsd"
                              isByCopy="true"
                              name="DynamicSegment">
                  <description>A dynamic segment definition in the request.</description>
                  <detail>
                     <field name="name" type="string"/>
                     <field name="sessionSegment" type="object"/>
                     <field name="userSegment" type="object"/>
                  </detail>
               </processObject>
               <processObject xmlns="http://schemas.active-endpoints.com/appmodules/screenflow/2011/06/avosHostEnvironment.xsd"
                              isByCopy="true"
                              name="SegmentSequenceStep">
                  <description>A segment sequence definition.</description>
                  <detail>
                     <field name="matchType" type="reference">
                        <options>
                           <option name="referenceTo">MatchType</option>
                           <option name="relationshipName">Child</option>
                        </options>
                     </field>
                     <field name="orFiltersForSegment" type="objectlist">
                        <options>
                           <option name="referenceTo">OrFiltersForSegment</option>
                           <option name="relationshipName">Child</option>
                        </options>
                     </field>
                  </detail>
               </processObject>
               <processObject xmlns="http://schemas.active-endpoints.com/appmodules/screenflow/2011/06/avosHostEnvironment.xsd"
                              isByCopy="true"
                              name="SequenceSegment">
                  <description>Sequence conditions consist of one or more steps, where each step is defined
by one or more dimension/metric conditions. Multiple steps can be combined
with special sequence operators.</description>
                  <detail>
                     <field name="segmentSequenceSteps" type="objectlist">
                        <options>
                           <option name="referenceTo">SegmentSequenceStep</option>
                           <option name="relationshipName">Child</option>
                        </options>
                     </field>
                     <field name="firstStepShouldMatchFirstHit" type="boolean"/>
                  </detail>
               </processObject>
               <processObject xmlns="http://schemas.active-endpoints.com/appmodules/screenflow/2011/06/avosHostEnvironment.xsd"
                              isByCopy="true"
                              name="OrFiltersForSegment">
                  <description>A list of segment filters in the `OR` group are combined with the logical OR
operator.</description>
                  <detail>
                     <field name="segmentFilterClauses" type="object"/>
                  </detail>
               </processObject>
               <processObject xmlns="http://schemas.active-endpoints.com/appmodules/screenflow/2011/06/avosHostEnvironment.xsd"
                              isByCopy="true"
                              name="ResourceQuotasRemaining">
                  <description>The amount of resource quota remaining for the property.</description>
                  <detail>
                     <field name="hourlyQuotaTokensRemaining" type="int"/>
                     <field name="dailyQuotaTokensRemaining" type="int"/>
                  </detail>
               </processObject>
               <processObject xmlns="http://schemas.active-endpoints.com/appmodules/screenflow/2011/06/avosHostEnvironment.xsd"
                              isByCopy="true"
                              name="OrderType">
                  <description>The order type. The default orderType is `VALUE`.</description>
                  <detail/>
               </processObject>
               <processObject xmlns="http://schemas.active-endpoints.com/appmodules/screenflow/2011/06/avosHostEnvironment.xsd"
                              isByCopy="true"
                              name="MetricHeader">
                  <description>The headers for the metrics.</description>
                  <detail>
                     <field name="metricHeaderEntries" type="objectlist">
                        <options>
                           <option name="referenceTo">MetricHeaderEntry</option>
                           <option name="relationshipName">Child</option>
                        </options>
                     </field>
                     <field name="pivotHeaders" type="objectlist">
                        <options>
                           <option name="referenceTo">PivotHeader</option>
                           <option name="relationshipName">Child</option>
                        </options>
                     </field>
                  </detail>
               </processObject>
               <processObject xmlns="http://schemas.active-endpoints.com/appmodules/screenflow/2011/06/avosHostEnvironment.xsd"
                              isByCopy="true"
                              name="SegmentFilterClause">
                  <description>Filter Clause to be used in a segment definition, can be wither a metric or
a dimension filter.</description>
                  <detail>
                     <field name="dimensionFilter" type="reference">
                        <options>
                           <option name="referenceTo">SegmentDimensionFilter</option>
                           <option name="relationshipName">Child</option>
                        </options>
                     </field>
                     <field name="not" type="boolean"/>
                     <field name="metricFilter" type="reference">
                        <options>
                           <option name="referenceTo">SegmentMetricFilter</option>
                           <option name="relationshipName">Child</option>
                        </options>
                     </field>
                  </detail>
               </processObject>
               <processObject xmlns="http://schemas.active-endpoints.com/appmodules/screenflow/2011/06/avosHostEnvironment.xsd"
                              isByCopy="true"
                              name="SegmentDimensionFilter">
                  <description>Dimension filter specifies the filtering options on a dimension.</description>
                  <detail>
                     <field name="minComparisonValue" type="string"/>
                     <field name="caseSensitive" type="boolean"/>
                     <field name="expressions" type="objectlist">
                        <options>
                           <option name="referenceTo">string</option>
                           <option name="relationshipName">Child</option>
                        </options>
                     </field>
                     <field name="dimensionName" type="string"/>
                     <field name="operator" type="reference">
                        <options>
                           <option name="referenceTo">Operator</option>
                           <option name="relationshipName">Child</option>
                        </options>
                     </field>
                     <field name="maxComparisonValue" type="string"/>
                  </detail>
               </processObject>
               <processObject xmlns="http://schemas.active-endpoints.com/appmodules/screenflow/2011/06/avosHostEnvironment.xsd"
                              isByCopy="true"
                              name="FormattingType">
                  <description>Specifies how the metric expression should be formatted, for example
`INTEGER`.</description>
                  <detail/>
               </processObject>
               <processObject xmlns="http://schemas.active-endpoints.com/appmodules/screenflow/2011/06/avosHostEnvironment.xsd"
                              isByCopy="true"
                              name="SegmentDefinition">
                  <description>SegmentDefinition defines the segment to be a set of SegmentFilters which
are combined together with a logical `AND` operation.</description>
                  <detail>
                     <field name="segmentFilters" type="objectlist">
                        <options>
                           <option name="referenceTo">SegmentFilter</option>
                           <option name="relationshipName">Child</option>
                        </options>
                     </field>
                  </detail>
               </processObject>
               <processObject xmlns="http://schemas.active-endpoints.com/appmodules/screenflow/2011/06/avosHostEnvironment.xsd"
                              isByCopy="true"
                              name="MetricHeaderEntry">
                  <description>Header for the metrics.</description>
                  <detail>
                     <field name="name" type="string"/>
                     <field name="type" type="reference">
                        <options>
                           <option name="referenceTo">Type1</option>
                           <option name="relationshipName">Child</option>
                        </options>
                     </field>
                  </detail>
               </processObject>
               <processObject xmlns="http://schemas.active-endpoints.com/appmodules/screenflow/2011/06/avosHostEnvironment.xsd"
                              isByCopy="true"
                              name="DimensionFilterClause">
                  <description>A group of dimension filters. Set the operator value to specify how
the filters are logically combined.</description>
                  <detail>
                     <field name="filters" type="object"/>
                     <field name="operator" type="reference">
                        <options>
                           <option name="referenceTo">Operator2</option>
                           <option name="relationshipName">Child</option>
                        </options>
                     </field>
                  </detail>
               </processObject>
               <processObject xmlns="http://schemas.active-endpoints.com/appmodules/screenflow/2011/06/avosHostEnvironment.xsd"
                              isByCopy="true"
                              name="SamplingLevel">
                  <description>The desired report
[sample](https://support.google.com/analytics/answer/2637192) size.
If the the `samplingLevel` field is unspecified the `DEFAULT` sampling
level is used. Every [ReportRequest](#ReportRequest) within a
`batchGet` method must contain the same `samplingLevel` definition. See
[developer guide](/analytics/devguides/reporting/core/v4/basics#sampling)
 for details.</description>
                  <detail/>
               </processObject>
               <processObject xmlns="http://schemas.active-endpoints.com/appmodules/screenflow/2011/06/avosHostEnvironment.xsd"
                              isByCopy="true"
                              name="GetReportsResponse">
                  <description>The main response class which holds the reports from the Reporting API
`batchGet` call.</description>
                  <detail>
                     <field name="queryCost" type="int"/>
                     <field name="reports" type="objectlist">
                        <options>
                           <option name="referenceTo">Report</option>
                           <option name="relationshipName">Child</option>
                        </options>
                     </field>
                     <field name="resourceQuotasRemaining" type="reference">
                        <options>
                           <option name="referenceTo">ResourceQuotasRemaining</option>
                           <option name="relationshipName">Child</option>
                        </options>
                     </field>
                  </detail>
               </processObject>
               <processObject xmlns="http://schemas.active-endpoints.com/appmodules/screenflow/2011/06/avosHostEnvironment.xsd"
                              isByCopy="true"
                              name="DimensionFilter">
                  <description>Dimension filter specifies the filtering options on a dimension.</description>
                  <detail>
                     <field name="not" type="boolean"/>
                     <field name="caseSensitive" type="boolean"/>
                     <field name="expressions" type="objectlist">
                        <options>
                           <option name="referenceTo">string</option>
                           <option name="relationshipName">Child</option>
                        </options>
                     </field>
                     <field name="dimensionName" type="string"/>
                     <field name="operator" type="reference">
                        <options>
                           <option name="referenceTo">Operator5</option>
                           <option name="relationshipName">Child</option>
                        </options>
                     </field>
                  </detail>
               </processObject>
               <processObject xmlns="http://schemas.active-endpoints.com/appmodules/screenflow/2011/06/avosHostEnvironment.xsd"
                              isByCopy="true"
                              name="Cohort">
                  <description>Defines a cohort. A cohort is a group of users who share a common
characteristic. For example, all users with the same acquisition date
belong to the same cohort.</description>
                  <detail>
                     <field name="dateRange" type="reference">
                        <options>
                           <option name="referenceTo">DateRange</option>
                           <option name="relationshipName">Child</option>
                        </options>
                     </field>
                     <field name="name" type="string"/>
                     <field name="type" type="reference">
                        <options>
                           <option name="referenceTo">Type</option>
                           <option name="relationshipName">Child</option>
                        </options>
                     </field>
                  </detail>
               </processObject>
               <processObject xmlns="http://schemas.active-endpoints.com/appmodules/screenflow/2011/06/avosHostEnvironment.xsd"
                              isByCopy="true"
                              name="SegmentFilter">
                  <description>SegmentFilter defines the segment to be either a simple or a sequence
segment. A simple segment condition contains dimension and metric conditions
to select the sessions or users. A sequence segment condition can be used to
select users or sessions based on sequential conditions.</description>
                  <detail>
                     <field name="not" type="boolean"/>
                     <field name="sequenceSegment" type="reference">
                        <options>
                           <option name="referenceTo">SequenceSegment</option>
                           <option name="relationshipName">Child</option>
                        </options>
                     </field>
                     <field name="simpleSegment" type="reference">
                        <options>
                           <option name="referenceTo">SimpleSegment</option>
                           <option name="relationshipName">Child</option>
                        </options>
                     </field>
                  </detail>
               </processObject>
               <processObject xmlns="http://schemas.active-endpoints.com/appmodules/screenflow/2011/06/avosHostEnvironment.xsd"
                              isByCopy="true"
                              name="Pivot">
                  <description>The Pivot describes the pivot section in the request.
The Pivot helps rearrange the information in the table for certain reports
by pivoting your data on a second dimension.</description>
                  <detail>
                     <field name="startGroup" type="int"/>
                     <field name="maxGroupCount" type="int"/>
                     <field name="dimensionFilterClauses" type="object"/>
                     <field name="metrics" type="object"/>
                     <field name="dimensions" type="object"/>
                  </detail>
               </processObject>
               <processObject xmlns="http://schemas.active-endpoints.com/appmodules/screenflow/2011/06/avosHostEnvironment.xsd"
                              isByCopy="true"
                              name="GetReportsRequest">
                  <description>The batch request containing multiple report request.</description>
                  <detail>
                     <field name="useResourceQuotas" type="boolean"/>
                     <field name="reportRequests" type="objectlist">
                        <options>
                           <option name="referenceTo">ReportRequest</option>
                           <option name="relationshipName">Child</option>
                        </options>
                     </field>
                  </detail>
               </processObject>
               <processObject xmlns="http://schemas.active-endpoints.com/appmodules/screenflow/2011/06/avosHostEnvironment.xsd"
                              isByCopy="true"
                              name="Operator">
                  <description>The operator to use to match the dimension with the expressions.</description>
                  <detail/>
               </processObject>
               <processObject xmlns="http://schemas.active-endpoints.com/appmodules/screenflow/2011/06/avosHostEnvironment.xsd"
                              isByCopy="true"
                              name="SegmentMetricFilter">
                  <description>Metric Filter for the segment definition.</description>
                  <detail>
                     <field name="metricName" type="string"/>
                     <field name="comparisonValue" type="string"/>
                     <field name="scope" type="reference">
                        <options>
                           <option name="referenceTo">Scope</option>
                           <option name="relationshipName">Child</option>
                        </options>
                     </field>
                     <field name="operator" type="reference">
                        <options>
                           <option name="referenceTo">Operator4</option>
                           <option name="relationshipName">Child</option>
                        </options>
                     </field>
                     <field name="maxComparisonValue" type="string"/>
                  </detail>
               </processObject>
               <processObject xmlns="http://schemas.active-endpoints.com/appmodules/screenflow/2011/06/avosHostEnvironment.xsd"
                              isByCopy="true"
                              name="PivotHeaderEntry">
                  <description>The headers for the each of the metric column corresponding to the metrics
requested in the pivots section of the response.</description>
                  <detail>
                     <field name="dimensionValues" type="objectlist">
                        <options>
                           <option name="referenceTo">string</option>
                           <option name="relationshipName">Child</option>
                        </options>
                     </field>
                     <field name="dimensionNames" type="objectlist">
                        <options>
                           <option name="referenceTo">string</option>
                           <option name="relationshipName">Child</option>
                        </options>
                     </field>
                     <field name="metric" type="object"/>
                  </detail>
               </processObject>
               <processObject xmlns="http://schemas.active-endpoints.com/appmodules/screenflow/2011/06/avosHostEnvironment.xsd"
                              isByCopy="true"
                              name="Segment">
                  <description>The segment definition, if the report needs to be segmented.
A Segment is a subset of the Analytics data. For example, of the entire
set of users, one Segment might be users from a particular country or city.</description>
                  <detail>
                     <field name="dynamicSegment" type="reference">
                        <options>
                           <option name="referenceTo">DynamicSegment</option>
                           <option name="relationshipName">Child</option>
                        </options>
                     </field>
                     <field name="segmentId" type="string"/>
                  </detail>
               </processObject>
               <processObject xmlns="http://schemas.active-endpoints.com/appmodules/screenflow/2011/06/avosHostEnvironment.xsd"
                              isByCopy="true"
                              name="Type1">
                  <description>The type of the metric, for example `INTEGER`.</description>
                  <detail/>
               </processObject>
               <processObject xmlns="http://schemas.active-endpoints.com/appmodules/screenflow/2011/06/avosHostEnvironment.xsd"
                              isByCopy="true"
                              name="DateRange">
                  <description>A contiguous set of days: startDate, startDate + 1 day, ..., endDate.
The start and end dates are specified in
[ISO8601](https://en.wikipedia.org/wiki/ISO_8601) date format `YYYY-MM-DD`.</description>
                  <detail>
                     <field name="endDate" type="string"/>
                     <field name="startDate" type="string"/>
                  </detail>
               </processObject>
               <processObject xmlns="http://schemas.active-endpoints.com/appmodules/screenflow/2011/06/avosHostEnvironment.xsd"
                              isByCopy="true"
                              name="CohortGroup">
                  <description>Cohort group associated with this request. If there is a cohort group
in the request the `ga:cohort` dimension must be present.
Every [ReportRequest](#ReportRequest) within a `batchGet` method must
contain the same `cohortGroup` definition.</description>
                  <detail>
                     <field name="lifetimeValue" type="boolean"/>
                     <field name="cohorts" type="object"/>
                  </detail>
               </processObject>
               <processObject xmlns="http://schemas.active-endpoints.com/appmodules/screenflow/2011/06/avosHostEnvironment.xsd"
                              isByCopy="true"
                              name="PivotValueRegion">
                  <description>The metric values in the pivot region.</description>
                  <detail>
                     <field name="values" type="objectlist">
                        <options>
                           <option name="referenceTo">string</option>
                           <option name="relationshipName">Child</option>
                        </options>
                     </field>
                  </detail>
               </processObject>
               <processObject xmlns="http://schemas.active-endpoints.com/appmodules/screenflow/2011/06/avosHostEnvironment.xsd"
                              isByCopy="true"
                              name="MetricFilter">
                  <description>MetricFilter specifies the filter on a metric.</description>
                  <detail>
                     <field name="not" type="boolean"/>
                     <field name="metricName" type="string"/>
                     <field name="comparisonValue" type="string"/>
                     <field name="operator" type="reference">
                        <options>
                           <option name="referenceTo">Operator3</option>
                           <option name="relationshipName">Child</option>
                        </options>
                     </field>
                  </detail>
               </processObject>
               <processObject xmlns="http://schemas.active-endpoints.com/appmodules/screenflow/2011/06/avosHostEnvironment.xsd"
                              isByCopy="true"
                              name="OrderBy">
                  <description>Specifies the sorting options.</description>
                  <detail>
                     <field name="orderType" type="reference">
                        <options>
                           <option name="referenceTo">OrderType</option>
                           <option name="relationshipName">Child</option>
                        </options>
                     </field>
                     <field name="fieldName" type="string"/>
                     <field name="sortOrder" type="reference">
                        <options>
                           <option name="referenceTo">SortOrder</option>
                           <option name="relationshipName">Child</option>
                        </options>
                     </field>
                  </detail>
               </processObject>
               <processObject xmlns="http://schemas.active-endpoints.com/appmodules/screenflow/2011/06/avosHostEnvironment.xsd"
                              isByCopy="true"
                              name="Operator1">
                  <description>The operator for combining multiple metric filters. If unspecified, it is
treated as an `OR`.</description>
                  <detail/>
               </processObject>
               <processObject xmlns="http://schemas.active-endpoints.com/appmodules/screenflow/2011/06/avosHostEnvironment.xsd"
                              isByCopy="true"
                              name="Operator3">
                  <description>Is the metric `EQUAL`, `LESS_THAN` or `GREATER_THAN` the
comparisonValue, the default is `EQUAL`. If the operator is
`IS_MISSING`, checks if the metric is missing and would ignore the
comparisonValue.</description>
                  <detail/>
               </processObject>
               <processObject xmlns="http://schemas.active-endpoints.com/appmodules/screenflow/2011/06/avosHostEnvironment.xsd"
                              isByCopy="true"
                              name="Operator2">
                  <description>The operator for combining multiple dimension filters. If unspecified, it
is treated as an `OR`.</description>
                  <detail/>
               </processObject>
               <processObject xmlns="http://schemas.active-endpoints.com/appmodules/screenflow/2011/06/avosHostEnvironment.xsd"
                              isByCopy="true"
                              name="Report">
                  <description>The data response corresponding to the request.</description>
                  <detail>
                     <field name="data" type="reference">
                        <options>
                           <option name="referenceTo">ReportData</option>
                           <option name="relationshipName">Child</option>
                        </options>
                     </field>
                     <field name="columnHeader" type="reference">
                        <options>
                           <option name="referenceTo">ColumnHeader</option>
                           <option name="relationshipName">Child</option>
                        </options>
                     </field>
                     <field name="nextPageToken" type="string"/>
                  </detail>
               </processObject>
               <processObject xmlns="http://schemas.active-endpoints.com/appmodules/screenflow/2011/06/avosHostEnvironment.xsd"
                              isByCopy="true"
                              name="ReportRequest">
                  <description>The main request class which specifies the Reporting API request.</description>
                  <detail>
                     <field name="metricFilterClauses" type="objectlist">
                        <options>
                           <option name="referenceTo">MetricFilterClause</option>
                           <option name="relationshipName">Child</option>
                        </options>
                     </field>
                     <field name="cohortGroup" type="reference">
                        <options>
                           <option name="referenceTo">CohortGroup</option>
                           <option name="relationshipName">Child</option>
                        </options>
                     </field>
                     <field name="pageSize" type="int"/>
                     <field name="dimensionFilterClauses" type="objectlist">
                        <options>
                           <option name="referenceTo">DimensionFilterClause</option>
                           <option name="relationshipName">Child</option>
                        </options>
                     </field>
                     <field name="hideTotals" type="boolean"/>
                     <field name="samplingLevel" type="reference">
                        <options>
                           <option name="referenceTo">SamplingLevel</option>
                           <option name="relationshipName">Child</option>
                        </options>
                     </field>
                     <field name="includeEmptyRows" type="boolean"/>
                     <field name="pivots" type="objectlist">
                        <options>
                           <option name="referenceTo">Pivot</option>
                           <option name="relationshipName">Child</option>
                        </options>
                     </field>
                     <field name="segments" type="objectlist">
                        <options>
                           <option name="referenceTo">Segment</option>
                           <option name="relationshipName">Child</option>
                        </options>
                     </field>
                     <field name="viewId" type="string"/>
                     <field name="dateRanges" type="objectlist">
                        <options>
                           <option name="referenceTo">DateRange</option>
                           <option name="relationshipName">Child</option>
                        </options>
                     </field>
                     <field name="hideValueRanges" type="boolean"/>
                     <field name="filtersExpression" type="string"/>
                     <field name="metrics" type="objectlist">
                        <options>
                           <option name="referenceTo">Metric</option>
                           <option name="relationshipName">Child</option>
                        </options>
                     </field>
                     <field name="pageToken" type="string"/>
                     <field name="orderBys" type="objectlist">
                        <options>
                           <option name="referenceTo">OrderBy</option>
                           <option name="relationshipName">Child</option>
                        </options>
                     </field>
                     <field name="dimensions" type="objectlist">
                        <options>
                           <option name="referenceTo">Dimension</option>
                           <option name="relationshipName">Child</option>
                        </options>
                     </field>
                  </detail>
               </processObject>
               <processObject xmlns="http://schemas.active-endpoints.com/appmodules/screenflow/2011/06/avosHostEnvironment.xsd"
                              isByCopy="true"
                              name="SortOrder">
                  <description>The sorting order for the field.</description>
                  <detail/>
               </processObject>
               <processObject xmlns="http://schemas.active-endpoints.com/appmodules/screenflow/2011/06/avosHostEnvironment.xsd"
                              isByCopy="true"
                              name="Dimension">
                  <description>[Dimensions](https://support.google.com/analytics/answer/1033861)
are attributes of your data. For example, the dimension `ga:city`
indicates the city, for example, "Paris" or "New York", from which
a session originates.</description>
                  <detail>
                     <field name="histogramBuckets" type="objectlist">
                        <options>
                           <option name="referenceTo">string</option>
                           <option name="relationshipName">Child</option>
                        </options>
                     </field>
                     <field name="name" type="string"/>
                  </detail>
               </processObject>
               <processObject xmlns="http://schemas.active-endpoints.com/appmodules/screenflow/2011/06/avosHostEnvironment.xsd"
                              isByCopy="true"
                              name="SimpleSegment">
                  <description>A Simple segment conditions consist of one or more dimension/metric
conditions that can be combined.</description>
                  <detail>
                     <field name="orFiltersForSegment" type="objectlist">
                        <options>
                           <option name="referenceTo">OrFiltersForSegment</option>
                           <option name="relationshipName">Child</option>
                        </options>
                     </field>
                  </detail>
               </processObject>
               <processObject xmlns="http://schemas.active-endpoints.com/appmodules/screenflow/2011/06/avosHostEnvironment.xsd"
                              isByCopy="true"
                              name="DateRangeValues">
                  <description>Used to return a list of metrics for a single DateRange / dimension
combination</description>
                  <detail>
                     <field name="pivotValueRegions" type="object"/>
                     <field name="values" type="objectlist">
                        <options>
                           <option name="referenceTo">string</option>
                           <option name="relationshipName">Child</option>
                        </options>
                     </field>
                  </detail>
               </processObject>
               <processObject xmlns="http://schemas.active-endpoints.com/appmodules/screenflow/2011/06/avosHostEnvironment.xsd"
                              isByCopy="true"
                              name="MetricFilterClause">
                  <description>Represents a group of metric filters.
Set the operator value to specify how the filters are logically combined.</description>
                  <detail>
                     <field name="filters" type="object"/>
                     <field name="operator" type="reference">
                        <options>
                           <option name="referenceTo">Operator1</option>
                           <option name="relationshipName">Child</option>
                        </options>
                     </field>
                  </detail>
               </processObject>
               <processObject xmlns="http://schemas.active-endpoints.com/appmodules/screenflow/2011/06/avosHostEnvironment.xsd"
                              isByCopy="true"
                              name="ColumnHeader">
                  <description>The column headers.</description>
                  <detail>
                     <field name="metricHeader" type="object"/>
                     <field name="dimensions" type="objectlist">
                        <options>
                           <option name="referenceTo">string</option>
                           <option name="relationshipName">Child</option>
                        </options>
                     </field>
                  </detail>
               </processObject>
               <processObject xmlns="http://schemas.active-endpoints.com/appmodules/screenflow/2011/06/avosHostEnvironment.xsd"
                              isByCopy="true"
                              name="Type">
                  <description>Type of the cohort. The only supported type as of now is
`FIRST_VISIT_DATE`. If this field is unspecified the cohort is treated
as `FIRST_VISIT_DATE` type cohort.</description>
                  <detail/>
               </processObject>
               <processObject xmlns="http://schemas.active-endpoints.com/appmodules/screenflow/2011/06/avosHostEnvironment.xsd"
                              isByCopy="true"
                              name="MatchType">
                  <description>Specifies if the step immediately precedes or can be any time before the
next step.</description>
                  <detail/>
               </processObject>
               <processObject xmlns="http://schemas.active-endpoints.com/appmodules/screenflow/2011/06/avosHostEnvironment.xsd"
                              isByCopy="true"
                              name="Scope">
                  <description>Scope for a metric defines the level at which that metric is defined.  The
specified metric scope must be equal to or greater than its primary scope
as defined in the data model. The primary scope is defined by if the
segment is selecting users or sessions.</description>
                  <detail/>
               </processObject>
               <processObject xmlns="http://schemas.active-endpoints.com/appmodules/screenflow/2011/06/avosHostEnvironment.xsd"
                              isByCopy="true"
                              name="ReportData">
                  <description>Response data.</description>
                  <detail>
                     <field name="dataLastRefreshed" type="string"/>
                     <field name="samplesReadCounts" type="objectlist">
                        <options>
                           <option name="referenceTo">string</option>
                           <option name="relationshipName">Child</option>
                        </options>
                     </field>
                     <field name="isDataGolden" type="boolean"/>
                     <field name="totals" type="object"/>
                     <field name="minimums" type="object"/>
                     <field name="rowCount" type="int"/>
                     <field name="samplingSpaceSizes" type="objectlist">
                        <options>
                           <option name="referenceTo">string</option>
                           <option name="relationshipName">Child</option>
                        </options>
                     </field>
                     <field name="rows" type="object"/>
                     <field name="maximums" type="object"/>
                  </detail>
               </processObject>
               <processObject xmlns="http://schemas.active-endpoints.com/appmodules/screenflow/2011/06/avosHostEnvironment.xsd"
                              isByCopy="true"
                              name="Metric">
                  <description>[Metrics](https://support.google.com/analytics/answer/1033861)
are the quantitative measurements. For example, the metric `ga:users`
indicates the total number of users for the requested time period.</description>
                  <detail>
                     <field name="formattingType" type="reference">
                        <options>
                           <option name="referenceTo">FormattingType</option>
                           <option name="relationshipName">Child</option>
                        </options>
                     </field>
                     <field name="expression" type="string"/>
                     <field name="alias" type="string"/>
                  </detail>
               </processObject>
               <processObject xmlns="http://schemas.active-endpoints.com/appmodules/screenflow/2011/06/avosHostEnvironment.xsd"
                              isByCopy="true"
                              name="Operator5">
                  <description>How to match the dimension to the expression. The default is REGEXP.</description>
                  <detail/>
               </processObject>
               <processObject xmlns="http://schemas.active-endpoints.com/appmodules/screenflow/2011/06/avosHostEnvironment.xsd"
                              isByCopy="true"
                              name="Operator4">
                  <description>Specifies is the operation to perform to compare the metric. The default
is `EQUAL`.</description>
                  <detail/>
               </processObject>
               <processObject xmlns="http://schemas.active-endpoints.com/appmodules/screenflow/2011/06/avosHostEnvironment.xsd"
                              isByCopy="true"
                              name="PivotHeader">
                  <description>The headers for each of the pivot sections defined in the request.</description>
                  <detail>
                     <field name="pivotHeaderEntries" type="objectlist">
                        <options>
                           <option name="referenceTo">PivotHeaderEntry</option>
                           <option name="relationshipName">Child</option>
                        </options>
                     </field>
                     <field name="totalPivotGroupsCount" type="int"/>
                  </detail>
               </processObject>
               <processObject xmlns="http://schemas.active-endpoints.com/appmodules/screenflow/2011/06/avosHostEnvironment.xsd"
                              isByCopy="true"
                              name="string">
                  <description/>
                  <detail>
                     <field name="string" type="string"/>
                  </detail>
               </processObject>
               <processObject xmlns="http://schemas.active-endpoints.com/appmodules/screenflow/2011/06/avosHostEnvironment.xsd"
                              isByCopy="true"
                              name="boolean">
                  <description/>
                  <detail>
                     <field name="boolean" type="boolean"/>
                  </detail>
               </processObject>
               <processObject xmlns="http://schemas.active-endpoints.com/appmodules/screenflow/2011/06/avosHostEnvironment.xsd"
                              isByCopy="true"
                              name="double">
                  <description/>
                  <detail>
                     <field name="double" type="double"/>
                  </detail>
               </processObject>
               <processObject xmlns="http://schemas.active-endpoints.com/appmodules/screenflow/2011/06/avosHostEnvironment.xsd"
                              isByCopy="true"
                              name="integer">
                  <description/>
                  <detail>
                     <field name="integer" type="int"/>
                  </detail>
               </processObject>
            </objects>
         </businessConnector>
      </types1:Entry>
      <types1:GUID>eDFyGTOR3aubSuKDx2E2Yd</types1:GUID>
      <types1:DisplayName>Google Analytics Reporting API v4</types1:DisplayName>
   </types1:Item>
   <types1:CurrentServerDateTime>2019-02-24T06:29:36.229Z</types1:CurrentServerDateTime>
</aetgt:getResponse>
