<aetgt:getResponse xmlns:aetgt="http://schemas.active-endpoints.com/appmodules/repository/2010/10/avrepository.xsd"
                   xmlns:types1="http://schemas.active-endpoints.com/appmodules/repository/2010/10/avrepository.xsd">
   <types1:Item>
      <types1:EntryId>jBvSx0aa-gt-2452891-2019-11-14T08:24:11.56Z::svc.xml</types1:EntryId>
      <types1:Name>SAP_S4HANA_Read_Trading_Partner_API_v1</types1:Name>
      <types1:MimeType>application/xml+businesssconnector</types1:MimeType>
      <types1:Description>This service enables you to read trading    partner master data in an API call. It is    based on the OData protocol, and can be    consumed in Fiori apps and on other user    interfaces.</types1:Description>
      <types1:AppliesTo/>
      <types1:Tags/>
      <types1:VersionLabel>1.0</types1:VersionLabel>
      <types1:State>CURRENT</types1:State>
      <types1:ProcessGroup/>
      <types1:CreatedBy>sorabh@na1.dm-us.org</types1:CreatedBy>
      <types1:CreationDate>2019-11-14T08:24:12Z</types1:CreationDate>
      <types1:ModifiedBy/>
      <types1:PublicationStatus>published</types1:PublicationStatus>
      <types1:PublishedBy>sorabh@na1.dm-us.org</types1:PublishedBy>
      <types1:PublicationDate>2019-11-14T08:24:15Z</types1:PublicationDate>
      <types1:PublishedContributionId>project:/rt.connector/SAP_S4HANA_Read_Trading_Partner_API_v1/SAP_S4HANA_Read_Trading_Partner_API_v1_svcDef.xml</types1:PublishedContributionId>
      <types1:AutosaveExists>false</types1:AutosaveExists>
      <types1:Entry>
         <businessConnector xmlns="http://schemas.informatica.com/socrates/data-services/2014/05/business-connector-model.xsd"
                            agentOnly="false"
                            debug="false"
                            displayName="SAP S4HANA Read Trading Partner API v1"
                            label=""
                            name="SAP_S4HANA_Read_Trading_Partner_API_v1"
                            uuid="030680ce-74db-4288-9396-7fa1ad3f64b8">
            <description>This service enables you to read trading    partner master data in an API call. It is    based on the OData protocol, and can be    consumed in Fiori apps and on other user    interfaces.</description>
            <tags/>
            <connectionAttributes xmlns="http://schemas.informatica.com/appmodules/screenflow/2014/04/avosConnectors.xsd">
               <connectionAttribute description="Host Name"
                                    masked="false"
                                    name="hostName"
                                    required="true"
                                    testWith="sandbox.api.sap.com"
                                    type="string"/>
               <connectionAttribute description="User Name"
                                    masked="false"
                                    name="username"
                                    required="true"
                                    testWith=""
                                    type="string"/>
               <connectionAttribute description="Password"
                                    masked="true"
                                    name="password"
                                    required="true"
                                    testWith=""
                                    type="string"/>
            </connectionAttributes>
            <actions>
               <action category="A_PartnerCompany"
                       failOnError="true"
                       forSearch="false"
                       label="GET_A_PartnerCompany_PartnerCompany_"
                       maxRedirects="100"
                       name="GET_A_PartnerCompany_PartnerCompany_"
                       preemptiveAuth="true"
                       responseEncoding="">
                  <description>Get entity from A_PartnerCompany by key</description>
                  <input>
                     <parameter description="Unique company ID of a company within your corporate group."
                                label="PartnerCompanyPathParam"
                                name="PartnerCompanyPathParam"
                                nogen="true"
                                required="true"
                                testWith=""
                                type="string"/>
                     <parameter description="Select properties to be returned, see [OData Select](http://docs.oasis-open.org/odata/odata/v4.0/odata-v4.0-part1-protocol.html#_Toc445374620)"
                                label="$select"
                                name="$select"
                                required="false"
                                testWith=""
                                type="picklist">
                        <options>
                           <option name="values">[{"value":"PartnerCompany","label":"PartnerCompany"},{"value":"CompanyName","label":"CompanyName"},{"value":"Language","label":"Language"}]</option>
                        </options>
                     </parameter>
                  </input>
                  <binding>
                     <restSimpleBinding multiUsing="semicolonSeparated"
                                        url="https://{$hostName}/s4hanacloud/sap/opu/odata/sap/API_PARTNERCOMPANY_SRV/A_PartnerCompany('{$PartnerCompanyPathParam}')"
                                        verb="GET">
                        <authentication>
                           <username>{$username}</username>
                           <password>{$password}</password>
                           <isExpressionInPassword>true</isExpressionInPassword>
                        </authentication>
                        <httpHeaders>
                           <header name="Content-Type">application/json</header>
                           <header name="Accept">application/json</header>
                        </httpHeaders>
                     </restSimpleBinding>
                  </binding>
                  <output>
                     <field description="Retrieved entity"
                            entireResponse="true"
                            name="entireResponse"
                            type="object"/>
                  </output>
               </action>
               <action category="A_PartnerCompany"
                       failOnError="true"
                       forSearch="false"
                       label="GET_A_PartnerCompany"
                       maxRedirects="100"
                       name="GET_A_PartnerCompany"
                       preemptiveAuth="true"
                       responseEncoding="">
                  <description>Get entities from A_PartnerCompany</description>
                  <input>
                     <parameter description="Show only the first n items, see [OData Paging - Top](http://docs.oasis-open.org/odata/odata/v4.0/odata-v4.0-part1-protocol.html#_Toc445374630)"
                                label="$top"
                                name="$top"
                                required="false"
                                testWith=""
                                type="int"/>
                     <parameter description="Skip the first n items, see [OData Paging - Skip](http://docs.oasis-open.org/odata/odata/v4.0/odata-v4.0-part1-protocol.html#_Toc445374631)"
                                label="$skip"
                                name="$skip"
                                required="false"
                                testWith=""
                                type="int"/>
                     <parameter description="Filter items by property values, see [OData Filtering](http://docs.oasis-open.org/odata/odata/v4.0/odata-v4.0-part1-protocol.html#_Toc445374625)"
                                label="$filter"
                                name="$filter"
                                required="false"
                                testWith=""
                                type="string"/>
                     <parameter description="Include count of items, see [OData Count](http://www.odata.org/documentation/odata-version-2-0/uri-conventions/#InlinecountSystemQueryOption)"
                                label="$inlinecount"
                                name="$inlinecount"
                                required="false"
                                testWith=""
                                type="picklist">
                        <options>
                           <option name="values">[{"value":"allpages","label":"allpages"},{"value":"none","label":"none"}]</option>
                        </options>
                     </parameter>
                     <parameter description="Order items by property values, see [OData Sorting](http://docs.oasis-open.org/odata/odata/v4.0/odata-v4.0-part1-protocol.html#_Toc445374629)"
                                label="$orderby"
                                name="$orderby"
                                required="false"
                                testWith=""
                                type="picklist">
                        <options>
                           <option name="values">[{"value":"PartnerCompany","label":"PartnerCompany"},{"value":"PartnerCompany desc","label":"PartnerCompany desc"},{"value":"CompanyName","label":"CompanyName"},{"value":"CompanyName desc","label":"CompanyName desc"},{"value":"Language","label":"Language"},{"value":"Language desc","label":"Language desc"}]</option>
                        </options>
                     </parameter>
                     <parameter description="Select properties to be returned, see [OData Select](http://docs.oasis-open.org/odata/odata/v4.0/odata-v4.0-part1-protocol.html#_Toc445374620)"
                                label="$select"
                                name="$select"
                                required="false"
                                testWith=""
                                type="picklist">
                        <options>
                           <option name="values">[{"value":"PartnerCompany","label":"PartnerCompany"},{"value":"CompanyName","label":"CompanyName"},{"value":"Language","label":"Language"}]</option>
                        </options>
                     </parameter>
                  </input>
                  <binding>
                     <restSimpleBinding multiUsing="semicolonSeparated"
                                        url="https://{$hostName}/s4hanacloud/sap/opu/odata/sap/API_PARTNERCOMPANY_SRV/A_PartnerCompany"
                                        verb="GET">
                        <authentication>
                           <username>{$username}</username>
                           <password>{$password}</password>
                           <isExpressionInPassword>true</isExpressionInPassword>
                        </authentication>
                        <httpHeaders>
                           <header name="Content-Type">application/json</header>
                           <header name="Accept">application/json</header>
                        </httpHeaders>
                     </restSimpleBinding>
                  </binding>
                  <output>
                     <field description="Retrieved entities"
                            entireResponse="true"
                            name="entireResponse"
                            type="object"/>
                  </output>
               </action>
            </actions>
            <objects>
               <processObject xmlns="http://schemas.active-endpoints.com/appmodules/screenflow/2011/06/avosHostEnvironment.xsd"
                              isByCopy="true"
                              name="odata_error_main">
                  <description/>
                  <detail>
                     <field name="code" type="string"/>
                     <field name="innererror" type="object"/>
                     <field name="message" type="reference">
                        <options>
                           <option name="referenceTo">odata_error_message</option>
                           <option name="relationshipName">Child</option>
                        </options>
                     </field>
                  </detail>
               </processObject>
               <processObject xmlns="http://schemas.active-endpoints.com/appmodules/screenflow/2011/06/avosHostEnvironment.xsd"
                              isByCopy="true"
                              name="API_PARTNERCOMPANY_SRV_A_PartnerCompanyType">
                  <description>API Partner Company</description>
                  <detail>
                     <field name="PartnerCompany" type="string"/>
                     <field name="CompanyName" type="string"/>
                     <field name="Language" type="string"/>
                  </detail>
               </processObject>
               <processObject xmlns="http://schemas.active-endpoints.com/appmodules/screenflow/2011/06/avosHostEnvironment.xsd"
                              isByCopy="true"
                              name="odata_error">
                  <description/>
                  <detail>
                     <field name="error" type="reference">
                        <options>
                           <option name="referenceTo">odata_error_main</option>
                           <option name="relationshipName">Child</option>
                        </options>
                     </field>
                  </detail>
               </processObject>
               <processObject xmlns="http://schemas.active-endpoints.com/appmodules/screenflow/2011/06/avosHostEnvironment.xsd"
                              isByCopy="true"
                              name="odata_error_message">
                  <description/>
                  <detail>
                     <field name="lang" type="string"/>
                     <field name="value" type="string"/>
                  </detail>
               </processObject>
               <processObject xmlns="http://schemas.active-endpoints.com/appmodules/screenflow/2011/06/avosHostEnvironment.xsd"
                              isByCopy="true"
                              name="string">
                  <description/>
                  <detail>
                     <field name="string" type="string"/>
                  </detail>
               </processObject>
               <processObject xmlns="http://schemas.active-endpoints.com/appmodules/screenflow/2011/06/avosHostEnvironment.xsd"
                              isByCopy="true"
                              name="boolean">
                  <description/>
                  <detail>
                     <field name="boolean" type="boolean"/>
                  </detail>
               </processObject>
               <processObject xmlns="http://schemas.active-endpoints.com/appmodules/screenflow/2011/06/avosHostEnvironment.xsd"
                              isByCopy="true"
                              name="double">
                  <description/>
                  <detail>
                     <field name="double" type="double"/>
                  </detail>
               </processObject>
               <processObject xmlns="http://schemas.active-endpoints.com/appmodules/screenflow/2011/06/avosHostEnvironment.xsd"
                              isByCopy="true"
                              name="integer">
                  <description/>
                  <detail>
                     <field name="integer" type="int"/>
                  </detail>
               </processObject>
               <processObject xmlns="http://schemas.active-endpoints.com/appmodules/screenflow/2011/06/avosHostEnvironment.xsd"
                              isByCopy="true"
                              name="error">
                  <description>Error</description>
                  <detail/>
               </processObject>
            </objects>
         </businessConnector>
      </types1:Entry>
      <types1:GUID>2a8l8UMNiXegAHxi2NnhGg</types1:GUID>
      <types1:DisplayName>SAP S4HANA Read Trading Partner API v1</types1:DisplayName>
   </types1:Item>
   <types1:CurrentServerDateTime>2019-11-15T05:56:18.787Z</types1:CurrentServerDateTime>
</aetgt:getResponse>
