<aetgt:getResponse xmlns:aetgt="http://schemas.active-endpoints.com/appmodules/repository/2010/10/avrepository.xsd"
                   xmlns:types1="http://schemas.active-endpoints.com/appmodules/repository/2010/10/avrepository.xsd">
   <types1:Item>
      <types1:EntryId>yIYmWR7hsAVR3aa-gt-3244813-2019-01-24T00:42:20.394Z::svc.xml</types1:EntryId>
      <types1:Name>Concur_VendorGroup_API_v3</types1:Name>
      <types1:MimeType>application/xml+businesssconnector</types1:MimeType>
      <types1:Description>An invoice is a bill of sale for goods or services provided by a vendor. This API provides methods to create or delete invoice vendor groups that meet the search parameters.</types1:Description>
      <types1:AppliesTo/>
      <types1:Tags/>
      <types1:VersionLabel>1.0</types1:VersionLabel>
      <types1:State>CURRENT</types1:State>
      <types1:ProcessGroup/>
      <types1:CreatedBy>sorabh@na1.dm-us.org</types1:CreatedBy>
      <types1:CreationDate>2019-01-24T00:42:20Z</types1:CreationDate>
      <types1:ModifiedBy/>
      <types1:PublicationStatus>published</types1:PublicationStatus>
      <types1:PublishedBy>sorabh@na1.dm-us.org</types1:PublishedBy>
      <types1:PublicationDate>2019-01-24T00:42:28Z</types1:PublicationDate>
      <types1:PublishedContributionId>project:/rt.connector/Concur_VendorGroup_API_v3/Concur_VendorGroup_API_v3_svcDef.xml</types1:PublishedContributionId>
      <types1:AutosaveExists>false</types1:AutosaveExists>
      <types1:Entry>
         <businessConnector xmlns="http://schemas.informatica.com/socrates/data-services/2014/05/business-connector-model.xsd"
                            agentOnly="false"
                            debug="false"
                            displayName="Concur VendorGroup API v3"
                            label=""
                            name="Concur_VendorGroup_API_v3"
                            uuid="6b1c6247-bfbd-4df3-814f-4fe5d699919a">
            <description>An invoice is a bill of sale for goods or services provided by a vendor. This API provides methods to create or delete invoice vendor groups that meet the search parameters.</description>
            <tags/>
            <connectionAttributes xmlns="http://schemas.informatica.com/appmodules/screenflow/2014/04/avosConnectors.xsd">
               <connectionAttribute description="Host Name"
                                    masked="false"
                                    name="hostName"
                                    required="true"
                                    testWith="www.concursolutions.com"
                                    type="string"/>
            </connectionAttributes>
            <actions>
               <action category="Resources"
                       failOnError="true"
                       forSearch="false"
                       label="DELETE_invoice_vendor_groups"
                       maxRedirects="100"
                       name="DELETE_invoice_vendor_groups"
                       preemptiveAuth="true"
                       responseEncoding="">
                  <description>Delete a vendor group by Vendor Code, Address Code, and Group Name. Delete a vendor group by Vendor Code, Address Code, and Group Name.</description>
                  <input>
                     <parameter description="The Vendor Code to be deleted."
                                label="vendorCode"
                                name="vendorCode"
                                required="true"
                                testWith=""
                                type="string"/>
                     <parameter description="Address Code to be deleted."
                                label="addressCode"
                                name="addressCode"
                                required="true"
                                testWith=""
                                type="string"/>
                     <parameter description="Group Name to be deleted."
                                label="groupName"
                                name="groupName"
                                required="true"
                                testWith=""
                                type="string"/>
                  </input>
                  <binding>
                     <restSimpleBinding multiUsing="semicolonSeparated"
                                        url="https://{$hostName}/api/v3.0/invoice/vendor/groups"
                                        verb="DELETE">
                        <httpHeaders>
                           <header name="Content-Type">application/json</header>
                           <header name="Accept">application/json</header>
                        </httpHeaders>
                     </restSimpleBinding>
                  </binding>
                  <output>
                     <field description="Success"
                            entireResponse="true"
                            name="VendorGroupCollection"
                            type="reference">
                        <options>
                           <option name="referenceTo">VendorGroupCollection</option>
                        </options>
                     </field>
                  </output>
               </action>
               <action category="Resources"
                       failOnError="true"
                       forSearch="false"
                       label="PUT_invoice_vendor_groups"
                       maxRedirects="100"
                       name="PUT_invoice_vendor_groups"
                       preemptiveAuth="true"
                       responseEncoding="">
                  <description>Add vendor groups by Vendor Code, Address Code, and Vendor Group. Add vendor groups by Vendor Code, Address Code, and Vendor Group.</description>
                  <input>
                     <parameter description="The Vendor Code to be searched."
                                label="vendorCode"
                                name="vendorCode"
                                required="true"
                                testWith=""
                                type="string"/>
                     <parameter description="Address Code to be searched."
                                label="addressCode"
                                name="addressCode"
                                required="true"
                                testWith=""
                                type="string"/>
                     <parameter description="The vendor group details."
                                label="vendorGroups"
                                name="vendorGroups"
                                required="true"
                                testWith=""
                                type="reference">
                        <options>
                           <option name="referenceTo">VendorGroupCollection</option>
                        </options>
                     </parameter>
                  </input>
                  <binding>
                     <restSimpleBinding multiUsing="semicolonSeparated"
                                        url="https://{$hostName}/api/v3.0/invoice/vendor/groups"
                                        verb="PUT">
                        <httpHeaders>
                           <header name="Content-Type">application/json</header>
                           <header name="Accept">application/json</header>
                        </httpHeaders>
                        <body generateUsing="UnwrappedJSON" preserveJsonStringFormatting="false"/>
                     </restSimpleBinding>
                  </binding>
                  <output>
                     <field description="Success"
                            entireResponse="true"
                            name="VendorGroupCollection"
                            type="reference">
                        <options>
                           <option name="referenceTo">VendorGroupCollection</option>
                        </options>
                     </field>
                  </output>
               </action>
            </actions>
            <objects>
               <processObject xmlns="http://schemas.active-endpoints.com/appmodules/screenflow/2011/06/avosHostEnvironment.xsd"
                              isByCopy="true"
                              name="Status">
                  <description/>
                  <detail>
                     <field name="Type" type="string"/>
                     <field name="Message" type="string"/>
                     <field name="Code" type="int"/>
                     <field name="RecordNumber" type="int"/>
                  </detail>
               </processObject>
               <processObject xmlns="http://schemas.active-endpoints.com/appmodules/screenflow/2011/06/avosHostEnvironment.xsd"
                              isByCopy="true"
                              name="VendorGroup">
                  <description/>
                  <detail>
                     <field name="ID" type="string"/>
                     <field name="URI" type="string"/>
                     <field name="Name" type="string"/>
                  </detail>
               </processObject>
               <processObject xmlns="http://schemas.active-endpoints.com/appmodules/screenflow/2011/06/avosHostEnvironment.xsd"
                              isByCopy="true"
                              name="VendorGroupCollection">
                  <description/>
                  <detail>
                     <field name="RequestRunSummary" type="string"/>
                     <field name="VendorGroup" type="reference">
                        <options>
                           <option name="referenceTo">VendorGroup</option>
                           <option name="relationshipName">Child</option>
                        </options>
                     </field>
                     <field name="TotalCount" type="int"/>
                     <field name="Items" type=""/>
                     <field name="NextPage" type="string"/>
                  </detail>
               </processObject>
               <processObject xmlns="http://schemas.active-endpoints.com/appmodules/screenflow/2011/06/avosHostEnvironment.xsd"
                              isByCopy="true"
                              name="string">
                  <description/>
                  <detail>
                     <field name="string" type="string"/>
                  </detail>
               </processObject>
               <processObject xmlns="http://schemas.active-endpoints.com/appmodules/screenflow/2011/06/avosHostEnvironment.xsd"
                              isByCopy="true"
                              name="boolean">
                  <description/>
                  <detail>
                     <field name="boolean" type="boolean"/>
                  </detail>
               </processObject>
               <processObject xmlns="http://schemas.active-endpoints.com/appmodules/screenflow/2011/06/avosHostEnvironment.xsd"
                              isByCopy="true"
                              name="double">
                  <description/>
                  <detail>
                     <field name="double" type="double"/>
                  </detail>
               </processObject>
               <processObject xmlns="http://schemas.active-endpoints.com/appmodules/screenflow/2011/06/avosHostEnvironment.xsd"
                              isByCopy="true"
                              name="integer">
                  <description/>
                  <detail>
                     <field name="integer" type="int"/>
                  </detail>
               </processObject>
            </objects>
         </businessConnector>
      </types1:Entry>
      <types1:GUID>agPjiqkgqTsk7LDkV3ruca</types1:GUID>
      <types1:DisplayName>Concur VendorGroup API v3</types1:DisplayName>
   </types1:Item>
   <types1:CurrentServerDateTime>2019-02-22T09:42:47.861Z</types1:CurrentServerDateTime>
</aetgt:getResponse>
