{
  "name" : "Google Geocode-1537490960148",
  "sourceOrgId" : "7IJhF8s0e6bdUq4GnCuF8F",
  "sourceOrgName" : "Informatica",
  "exportedObjects" : [ {
    "objectGuid" : "jBGgcVpLRSUlF6buNRlTso",
    "objectName" : "Generate Plus Codes from street address",
    "objectType" : "PROCESS",
    "path" : "/Explore/Google Geocode",
    "metadata" : {
      "modelVersion" : {
        "major" : 1,
        "minor" : 0
      },
      "repoInfo" : {
        "repoHandle" : "1CfUSJRS4JtlI20-gt-141963-2018-09-21T00:47:38.39Z::pd.xml"
      },
      "objectRefs" : [ "cjhWjaN9owociwYw2ztPUI" ],
      "contextAttributes" : null,
      "additionalInfo" : {
        "description" : "Take a street address as input, converts that to lat/lng points, which are then used to generate  Plus Code addresses.  https://plus.codes/",
        "contentType" : "application/json; charset=utf-8",
        "documentState" : "VALID"
      },
      "objectExistence" : "WITH_DEPENDENCIES"
    }
  }, {
    "objectGuid" : "cjhWjaN9owociwYw2ztPUI",
    "objectName" : "Google-Geocode-API-actions",
    "objectType" : "AI_CONNECTION",
    "path" : "/Explore/Google Geocode",
    "metadata" : {
      "modelVersion" : {
        "major" : 1,
        "minor" : 0
      },
      "repoInfo" : {
        "repoHandle" : "chy8NTYglxbdypK-gt-140161-2018-09-21T00:47:38.034Z::conn.xml"
      },
      "objectRefs" : [ ],
      "contextAttributes" : null,
      "additionalInfo" : {
        "description" : "A connection built on the Google Geocode Connector.",
        "contentType" : "application/json; charset=utf-8",
        "documentState" : "VALID"
      },
      "objectExistence" : "WITH_DEPENDENCIES"
    }
  }, {
    "objectGuid" : "iLpHIZwqdYsfxzYWKKIgme",
    "objectName" : "Google Geocode API",
    "objectType" : "AI_SERVICE_CONNECTOR",
    "path" : "/Explore/Google Geocode",
    "metadata" : {
      "modelVersion" : {
        "major" : 1,
        "minor" : 0
      },
      "repoInfo" : {
        "repoHandle" : "g9T6kck8jKBmeK3-gt-140169-2018-09-21T00:47:38.098Z::svc.xml"
      },
      "objectRefs" : [ ],
      "contextAttributes" : null,
      "additionalInfo" : {
        "description" : "Use Google's  Geocoding Web Service. Requires a Google API key.\nhttps://developers.google.com/maps/documentation/geocoding/start.",
        "contentType" : "application/json; charset=utf-8",
        "documentState" : "VALID"
      },
      "objectExistence" : "WITH_DEPENDENCIES"
    }
  }, {
    "objectGuid" : "6dkYQPp0xupjnsRHqWHQiC",
    "objectName" : "Google Geocode",
    "objectType" : "Project",
    "path" : "/Explore",
    "metadata" : {
      "modelVersion" : {
        "major" : 0,
        "minor" : 0
      },
      "repoInfo" : null,
      "objectRefs" : [ ],
      "contextAttributes" : [ ],
      "additionalInfo" : {
        "description" : "This contains the service connector, sample connection, and sample process that demonstrates use of Google's Geocode service.",
        "contentType" : "Binary",
        "documentState" : "COMPLETE"
      },
      "objectExistence" : "WITHOUT_DEPENDENCIES"
    }
  } ]
}