{
   "exportedObjects": [
      {
         "objectGuid": "almpU5d486xjg3tXw87BET",
         "objectName": "Shared assets",
         "objectType": "Project",
         "path": "/Explore",
         "metadata": {
            "additionalInfo": {
               "contentType": "Binary",
               "description": "This Project contains shared assets",
               "documentState": "COMPLETE"
            },
            "contextAttributes": [],
            "modelVersion": {
               "major": 0,
               "minor": 0
            },
            "objectRefs": [],
            "repoInfo": null
         }
      },
      {
         "objectGuid": "00m3cKr9AGOjGY55vZSASH",
         "objectName": "Service Connectors",
         "objectType": "Folder",
         "path": "/Explore/Shared assets",
         "metadata": {
            "additionalInfo": {
               "contentType": "Binary",
               "description": "",
               "documentState": "COMPLETE"
            },
            "contextAttributes": [],
            "modelVersion": {
               "major": 0,
               "minor": 0
            },
            "objectRefs": [],
            "repoInfo": null
         }
      },
      {
         "objectGuid": "5C7blPlr1MebDMoLvny6eY",
         "objectName": "Oracle Eloqua Marketing Cloud Service Landing pages API v1",
         "objectType": "AI_SERVICE_CONNECTOR",
         "path": "/Explore/Shared assets/Service Connectors",
         "metadata": {
            "additionalInfo": {
               "contentType": "application/json; charset=utf-8",
               "description": "Landing pages are often the first significant part of a campaign that a contact will see. A contact may be directed to your landing page from a link in an email or from an ad on the web. The landing page provides the contact with more information and options related to the email or ad that brought them there. On the landing page they can be asked to participate in the campaign by reviewing detailed information, submitting a form, or clicking a button to receive additional information etc. The landing page moves prospects through your campaign and gives them a clearer idea about your product and your companies trustworthiness. \r\n\r\n\u003ca href='https://docs.oracle.com/cloud/latest/marketingcs_gs/OMCAA/index.html#CSHID=LandingPages'\u003eLearn more about landing pages\u003c/a\u003e.",
               "documentState": "VALID"
            },
            "contextAttributes": null,
            "modelVersion": {
               "major": 1,
               "minor": 0
            },
            "objectRefs": [],
            "repoInfo": {
               "repoHandle": "E1ZT1cnFKi9zhFt-gt-1051469-2019-02-19T05:44:20.488Z::svc.xml"
            }
         }
      }
   ]
}