{
  "name" : "Google Poly API v1",
  "sourceOrgId" : "9OkOTbSLYwLhD5xZ1H1bqO",
  "sourceOrgName" : "stage2_pod1",
  "exportedObjects" : [ {
    "objectGuid" : "3PTT3yMuhqweagEWp416Qh",
    "objectName" : "Service Connectors",
    "objectType" : "Folder",
    "path" : "/Explore/Shared assets",
    "metadata" : {
      "modelVersion" : {
        "major" : 0,
        "minor" : 0
      },
      "repoInfo" : null,
      "objectRefs" : [ ],
      "contextAttributes" : [ ],
      "additionalInfo" : {
        "description" : "",
        "contentType" : "Binary",
        "documentState" : "COMPLETE"
      }
    }
  }, {
    "objectGuid" : "fW675TCi8UUjTlL5SbLzky",
    "objectName" : "Google Poly API v1",
    "objectType" : "AI_SERVICE_CONNECTOR",
    "path" : "/Explore/Shared assets/Service Connectors",
    "metadata" : {
      "modelVersion" : {
        "major" : 1,
        "minor" : 0
      },
      "repoInfo" : {
        "repoHandle" : "ZhOzEkhK6LlRkPU-gt-33984-2019-02-26T06:42:39.825Z::svc.xml"
      },
      "objectRefs" : [ ],
      "contextAttributes" : null,
      "additionalInfo" : {
        "description" : "The Poly API provides read access to assets hosted on <a href=\"https://poly.google.com\">poly.google.com</a> to all, and upload access to <a href=\"https://poly.google.com\">poly.google.com</a> for whitelisted accounts.",
        "contentType" : "application/json; charset=utf-8",
        "documentState" : "VALID"
      }
    }
  }, {
    "objectGuid" : "hKepakfC2q4hzm9jxu0g0h",
    "objectName" : "Shared assets",
    "objectType" : "Project",
    "path" : "/Explore",
    "metadata" : {
      "modelVersion" : {
        "major" : 0,
        "minor" : 0
      },
      "repoInfo" : null,
      "objectRefs" : [ ],
      "contextAttributes" : [ ],
      "additionalInfo" : {
        "description" : "",
        "contentType" : "Binary",
        "documentState" : "COMPLETE"
      }
    }
  } ]
}