<aetgt:getResponse xmlns:aetgt="http://schemas.active-endpoints.com/appmodules/repository/2010/10/avrepository.xsd"
                   xmlns:types1="http://schemas.active-endpoints.com/appmodules/repository/2010/10/avrepository.xsd">
   <types1:Item>
      <types1:EntryId>M-gt-568606-2019-11-12T09:59:54.624Z::svc.xml</types1:EntryId>
      <types1:Name>SAP_S4HANA_Sold-to_Party_Assignment_of_Sales_Scheduling_Agreement_-_Read_-A2X-_API_v1</types1:Name>
      <types1:MimeType>application/xml+businesssconnector</types1:MimeType>
      <types1:Description>This service contains  one entity only. Once the sold-to party assignment  has been retrieved, it is sent in the response. If  there are any issues when retrieving the sold-to  party assignment, the system displays error  messages in the response.</types1:Description>
      <types1:AppliesTo/>
      <types1:Tags/>
      <types1:VersionLabel>1.0</types1:VersionLabel>
      <types1:State>CURRENT</types1:State>
      <types1:ProcessGroup/>
      <types1:CreatedBy>sorabh@na1.dm-us.org</types1:CreatedBy>
      <types1:CreationDate>2019-11-12T09:59:55Z</types1:CreationDate>
      <types1:ModifiedBy/>
      <types1:PublicationStatus>published</types1:PublicationStatus>
      <types1:PublishedBy>sorabh@na1.dm-us.org</types1:PublishedBy>
      <types1:PublicationDate>2019-11-12T09:59:59Z</types1:PublicationDate>
      <types1:PublishedContributionId>project:/rt.connector/SAP_S4HANA_Sold_to_Party_Assignment_of_Sales_Scheduling_Agreement___Read__A2X__API_v1/SAP_S4HANA_Sold_to_Party_Assignment_of_Sales_Scheduling_Agreement___Read__A2X__API_v1_svcDef.xml</types1:PublishedContributionId>
      <types1:AutosaveExists>false</types1:AutosaveExists>
      <types1:Entry>
         <businessConnector xmlns="http://schemas.informatica.com/socrates/data-services/2014/05/business-connector-model.xsd"
                            agentOnly="false"
                            debug="false"
                            displayName="SAP S4HANA Sold-to Party Assignment of Sales Scheduling Agreement - Read -A2X- API v1"
                            label=""
                            name="SAP_S4HANA_Sold-to_Party_Assignment_of_Sales_Scheduling_Agreement_-_Read_-A2X-_API_v1"
                            uuid="3dc84c95-c14b-46c8-93e9-488842201fcc">
            <description>This service contains  one entity only. Once the sold-to party assignment  has been retrieved, it is sent in the response. If  there are any issues when retrieving the sold-to  party assignment, the system displays error  messages in the response.</description>
            <tags/>
            <connectionAttributes xmlns="http://schemas.informatica.com/appmodules/screenflow/2014/04/avosConnectors.xsd">
               <connectionAttribute description="Host Name"
                                    masked="false"
                                    name="hostName"
                                    required="true"
                                    testWith="sandbox.api.sap.com"
                                    type="string"/>
               <connectionAttribute description="User Name"
                                    masked="false"
                                    name="username"
                                    required="true"
                                    testWith=""
                                    type="string"/>
               <connectionAttribute description="Password"
                                    masked="true"
                                    name="password"
                                    required="true"
                                    testWith=""
                                    type="string"/>
            </connectionAttributes>
            <actions>
               <action category="A_DelivSchedSoldToPartyDetn"
                       failOnError="true"
                       forSearch="false"
                       label="GET_A_DelivSchedSoldToPartyDetn"
                       maxRedirects="100"
                       name="GET_A_DelivSchedSoldToPartyDetn"
                       preemptiveAuth="true"
                       responseEncoding="">
                  <description>Get entities from A_DelivSchedSoldToPartyDetn</description>
                  <input>
                     <parameter description="Show only the first n items, see [Paging - Top](https://help.sap.com/doc/5890d27be418427993fafa6722cdc03b/Cloud/en-US/OdataV2.pdf#page=66)"
                                label="$top"
                                name="$top"
                                required="false"
                                testWith=""
                                type="int"/>
                     <parameter description="Skip the first n items, see [Paging - Skip](https://help.sap.com/doc/5890d27be418427993fafa6722cdc03b/Cloud/en-US/OdataV2.pdf#page=65)"
                                label="$skip"
                                name="$skip"
                                required="false"
                                testWith=""
                                type="int"/>
                     <parameter description="Filter items by property values, see [Filtering](https://help.sap.com/doc/5890d27be418427993fafa6722cdc03b/Cloud/en-US/OdataV2.pdf#page=64)"
                                label="$filter"
                                name="$filter"
                                required="false"
                                testWith=""
                                type="string"/>
                     <parameter description="Include count of items, see [Inlinecount](https://help.sap.com/doc/5890d27be418427993fafa6722cdc03b/Cloud/en-US/OdataV2.pdf#page=67)"
                                label="$inlinecount"
                                name="$inlinecount"
                                required="false"
                                testWith=""
                                type="picklist">
                        <options>
                           <option name="values">[{"value":"allpages","label":"allpages"},{"value":"none","label":"none"}]</option>
                        </options>
                     </parameter>
                     <parameter description="Order items by property values, see [Sorting](https://help.sap.com/doc/5890d27be418427993fafa6722cdc03b/Cloud/en-US/OdataV2.pdf#page=65)"
                                label="$orderby"
                                name="$orderby"
                                required="false"
                                testWith=""
                                type="picklist">
                        <options>
                           <option name="values">[{"value":"Supplier","label":"Supplier"},{"value":"Supplier desc","label":"Supplier desc"},{"value":"PartnerDescription","label":"PartnerDescription"},{"value":"PartnerDescription desc","label":"PartnerDescription desc"},{"value":"UnloadingPointName","label":"UnloadingPointName"},{"value":"UnloadingPointName desc","label":"UnloadingPointName desc"},{"value":"SoldToParty","label":"SoldToParty"},{"value":"SoldToParty desc","label":"SoldToParty desc"}]</option>
                        </options>
                     </parameter>
                     <parameter description="Select properties to be returned, see [Select](https://help.sap.com/doc/5890d27be418427993fafa6722cdc03b/Cloud/en-US/OdataV2.pdf#page=68)"
                                label="$select"
                                name="$select"
                                required="false"
                                testWith=""
                                type="picklist">
                        <options>
                           <option name="values">[{"value":"Supplier","label":"Supplier"},{"value":"PartnerDescription","label":"PartnerDescription"},{"value":"UnloadingPointName","label":"UnloadingPointName"},{"value":"SoldToParty","label":"SoldToParty"}]</option>
                        </options>
                     </parameter>
                  </input>
                  <binding>
                     <restSimpleBinding multiUsing="semicolonSeparated"
                                        url="https://{$hostName}/s4hanacloud/sap/opu/odata/sap/API_SD_SA_SOLDTOPARTYDETN/A_DelivSchedSoldToPartyDetn"
                                        verb="GET">
                        <authentication>
                           <username>{$username}</username>
                           <password>{$password}</password>
                           <isExpressionInPassword>true</isExpressionInPassword>
                        </authentication>
                        <httpHeaders>
                           <header name="Content-Type">application/json</header>
                           <header name="Accept">application/json</header>
                        </httpHeaders>
                     </restSimpleBinding>
                  </binding>
                  <output>
                     <field description="Retrieved entities"
                            entireResponse="true"
                            name="entireResponse"
                            type="object"/>
                  </output>
               </action>
               <action category="A_DelivSchedSoldToPartyDetn"
                       failOnError="true"
                       forSearch="false"
                       label="GET_A_DelivSchedSoldToPartyDetn_Supplier_Supplier_PartnerDescription_PartnerDescription_UnloadingPointName_UnloadingPointName_"
                       maxRedirects="100"
                       name="GET_A_DelivSchedSoldToPartyDetn_Supplier_Supplier_PartnerDescription_PartnerDescription_UnloadingPointName_UnloadingPointName_"
                       preemptiveAuth="true"
                       responseEncoding="">
                  <description>Get entity from A_DelivSchedSoldToPartyDetn by key</description>
                  <input>
                     <parameter description="Select properties to be returned, see [Select](https://help.sap.com/doc/5890d27be418427993fafa6722cdc03b/Cloud/en-US/OdataV2.pdf#page=68)"
                                label="$select"
                                name="$select"
                                required="false"
                                testWith=""
                                type="picklist">
                        <options>
                           <option name="values">[{"value":"Supplier","label":"Supplier"},{"value":"PartnerDescription","label":"PartnerDescription"},{"value":"UnloadingPointName","label":"UnloadingPointName"},{"value":"SoldToParty","label":"SoldToParty"}]</option>
                        </options>
                     </parameter>
                     <parameter description="Supplier Number at Customer Location  &#xA;The number which the customer has assigned to the supplier."
                                label="SupplierPathParam"
                                name="SupplierPathParam"
                                nogen="true"
                                required="true"
                                testWith=""
                                type="string"/>
                     <parameter description="Cust.-Specif. Descr. of Business Partner (Plant, Stor. Loc.)  &#xA;Sold-to party number sent in by the customer in delivery schedules.  &#xA;The system uses this number to automatically determine the ship-to party."
                                label="PartnerDescriptionPathParam"
                                name="PartnerDescriptionPathParam"
                                nogen="true"
                                required="true"
                                testWith=""
                                type="string"/>
                     <parameter description="Specifies the point at which the material is to be unloaded (for example, ramp 1)."
                                label="UnloadingPointNamePathParam"
                                name="UnloadingPointNamePathParam"
                                nogen="true"
                                required="true"
                                testWith=""
                                type="string"/>
                  </input>
                  <binding>
                     <restSimpleBinding multiUsing="semicolonSeparated"
                                        url="https://{$hostName}/s4hanacloud/sap/opu/odata/sap/API_SD_SA_SOLDTOPARTYDETN/A_DelivSchedSoldToPartyDetn(Supplier='{$SupplierPathParam}',PartnerDescription='{$PartnerDescriptionPathParam}',UnloadingPointName='{$UnloadingPointNamePathParam}')"
                                        verb="GET">
                        <authentication>
                           <username>{$username}</username>
                           <password>{$password}</password>
                           <isExpressionInPassword>true</isExpressionInPassword>
                        </authentication>
                        <httpHeaders>
                           <header name="Content-Type">application/json</header>
                           <header name="Accept">application/json</header>
                        </httpHeaders>
                     </restSimpleBinding>
                  </binding>
                  <output>
                     <field description="Retrieved entity"
                            entireResponse="true"
                            name="entireResponse"
                            type="object"/>
                  </output>
               </action>
               <action category="Batch Requests"
                       failOnError="true"
                       forSearch="false"
                       label="POST_batch"
                       maxRedirects="100"
                       name="POST_batch"
                       preemptiveAuth="true"
                       responseEncoding="">
                  <description>Send a group of requests. Group multiple requests into a single request payload, see [Batch Requests](https://help.sap.com/doc/5890d27be418427993fafa6722cdc03b/Cloud/en-US/OdataV2.pdf#page=152).</description>
                  <input>
                     <parameter description="Batch request"
                                label="requestBody"
                                name="requestBody"
                                required="false"
                                testWith=""
                                type="string"/>
                  </input>
                  <binding>
                     <restSimpleBinding multiUsing="semicolonSeparated"
                                        url="https://{$hostName}/s4hanacloud/sap/opu/odata/sap/API_SD_SA_SOLDTOPARTYDETN/$batch"
                                        verb="POST">
                        <authentication>
                           <username>{$username}</username>
                           <password>{$password}</password>
                           <isExpressionInPassword>true</isExpressionInPassword>
                        </authentication>
                        <httpHeaders>
                           <header name="Content-Type">multipart/mixed;boundary=request-separator</header>
                           <header name="Accept">multipart/mixed</header>
                        </httpHeaders>
                        <body>{$requestBody}</body>
                     </restSimpleBinding>
                  </binding>
                  <output/>
               </action>
            </actions>
            <objects>
               <processObject xmlns="http://schemas.active-endpoints.com/appmodules/screenflow/2011/06/avosHostEnvironment.xsd"
                              isByCopy="true"
                              name="API_SD_SA_SOLDTOPARTYDETN_A_DelivSchedSoldToPartyDetnType_update">
                  <description/>
                  <detail>
                     <field name="SoldToParty" type="string"/>
                  </detail>
               </processObject>
               <processObject xmlns="http://schemas.active-endpoints.com/appmodules/screenflow/2011/06/avosHostEnvironment.xsd"
                              isByCopy="true"
                              name="API_SD_SA_SOLDTOPARTYDETN_A_DelivSchedSoldToPartyDetnType_create">
                  <description/>
                  <detail>
                     <field name="UnloadingPointName" type="string"/>
                     <field name="PartnerDescription" type="string"/>
                     <field name="Supplier" type="string"/>
                     <field name="SoldToParty" type="string"/>
                  </detail>
               </processObject>
               <processObject xmlns="http://schemas.active-endpoints.com/appmodules/screenflow/2011/06/avosHostEnvironment.xsd"
                              isByCopy="true"
                              name="API_SD_SA_SOLDTOPARTYDETN_A_DelivSchedSoldToPartyDetnType">
                  <description/>
                  <detail>
                     <field name="UnloadingPointName" type="string"/>
                     <field name="PartnerDescription" type="string"/>
                     <field name="Supplier" type="string"/>
                     <field name="SoldToParty" type="string"/>
                  </detail>
               </processObject>
               <processObject xmlns="http://schemas.active-endpoints.com/appmodules/screenflow/2011/06/avosHostEnvironment.xsd"
                              isByCopy="true"
                              name="error">
                  <description/>
                  <detail>
                     <field name="error" type="object"/>
                  </detail>
               </processObject>
               <processObject xmlns="http://schemas.active-endpoints.com/appmodules/screenflow/2011/06/avosHostEnvironment.xsd"
                              isByCopy="true"
                              name="string">
                  <description/>
                  <detail>
                     <field name="string" type="string"/>
                  </detail>
               </processObject>
               <processObject xmlns="http://schemas.active-endpoints.com/appmodules/screenflow/2011/06/avosHostEnvironment.xsd"
                              isByCopy="true"
                              name="boolean">
                  <description/>
                  <detail>
                     <field name="boolean" type="boolean"/>
                  </detail>
               </processObject>
               <processObject xmlns="http://schemas.active-endpoints.com/appmodules/screenflow/2011/06/avosHostEnvironment.xsd"
                              isByCopy="true"
                              name="double">
                  <description/>
                  <detail>
                     <field name="double" type="double"/>
                  </detail>
               </processObject>
               <processObject xmlns="http://schemas.active-endpoints.com/appmodules/screenflow/2011/06/avosHostEnvironment.xsd"
                              isByCopy="true"
                              name="integer">
                  <description/>
                  <detail>
                     <field name="integer" type="int"/>
                  </detail>
               </processObject>
            </objects>
         </businessConnector>
      </types1:Entry>
      <types1:GUID>8XSLGAF6kmBdiEEaFPvtIp</types1:GUID>
      <types1:DisplayName>SAP S4HANA Sold-to Party Assignment of Sales Scheduling Agreement - Read -A2X- API v1</types1:DisplayName>
   </types1:Item>
   <types1:CurrentServerDateTime>2019-11-13T04:55:40.142Z</types1:CurrentServerDateTime>
</aetgt:getResponse>
