{
   "exportedObjects": [
      {
         "objectGuid": "almpU5d486xjg3tXw87BET",
         "objectName": "Shared assets",
         "objectType": "Project",
         "path": "/Explore",
         "metadata": {
            "additionalInfo": {
               "contentType": "Binary",
               "description": "This Project contains shared assets",
               "documentState": "COMPLETE"
            },
            "contextAttributes": [],
            "modelVersion": {
               "major": 0,
               "minor": 0
            },
            "objectRefs": [],
            "repoInfo": null
         }
      },
      {
         "objectGuid": "00m3cKr9AGOjGY55vZSASH",
         "objectName": "Service Connectors",
         "objectType": "Folder",
         "path": "/Explore/Shared assets",
         "metadata": {
            "additionalInfo": {
               "contentType": "Binary",
               "description": "",
               "documentState": "COMPLETE"
            },
            "contextAttributes": [],
            "modelVersion": {
               "major": 0,
               "minor": 0
            },
            "objectRefs": [],
            "repoInfo": null
         }
      },
      {
         "objectGuid": "hm7VAcT8MCDd32IgueYBkY",
         "objectName": "Oracle Cloud Infrastructure Compute SecIPLists API v18-1-2",
         "objectType": "AI_SERVICE_CONNECTOR",
         "path": "/Explore/Shared assets/Service Connectors",
         "metadata": {
            "additionalInfo": {
               "contentType": "application/json; charset=utf-8",
               "description": "A security IP list is a set of IP addresses or subnets external to the instances you create in Compute Classic. These lists can then be used as a source when you define security rules.\u003cp\u003eNote that, a security IP list named \u003ccode\u003e/oracle/public/public-internet\u003c/code\u003e is predefined in Compute Classic. You can use this security IP list as the source in a security rule to permit traffic from any host on the Internet.\u003cp\u003eYou can create, delete, update, and view security IP lists using the HTTP requests listed below.",
               "documentState": "VALID"
            },
            "contextAttributes": null,
            "modelVersion": {
               "major": 1,
               "minor": 0
            },
            "objectRefs": [],
            "repoInfo": {
               "repoHandle": "C0hCHbf2XZPnE29-gt-1680739-2019-02-12T01:15:22.458Z::svc.xml"
            }
         }
      }
   ]
}