<aetgt:getResponse xmlns:aetgt="http://schemas.active-endpoints.com/appmodules/repository/2010/10/avrepository.xsd"
                   xmlns:types1="http://schemas.active-endpoints.com/appmodules/repository/2010/10/avrepository.xsd">
   <types1:Item>
      <types1:EntryId>eKF96xZ6or3rp3y-gt-23487034-2020-01-02T06:23:24.077Z::svc.xml</types1:EntryId>
      <types1:Name>Okta_Authentication_REST_API_v1</types1:Name>
      <types1:MimeType>application/xml+businesssconnector</types1:MimeType>
      <types1:Description>TODO: Add Description</types1:Description>
      <types1:AppliesTo/>
      <types1:Tags/>
      <types1:VersionLabel>1.0</types1:VersionLabel>
      <types1:State>CURRENT</types1:State>
      <types1:ProcessGroup/>
      <types1:CreatedBy>sorabh@na1.dm-us.org</types1:CreatedBy>
      <types1:CreationDate>2020-01-02T06:23:24Z</types1:CreationDate>
      <types1:ModifiedBy/>
      <types1:PublicationStatus>published</types1:PublicationStatus>
      <types1:PublishedBy>sorabh@na1.dm-us.org</types1:PublishedBy>
      <types1:PublicationDate>2020-01-02T06:23:33Z</types1:PublicationDate>
      <types1:PublishedContributionId>project:/rt.connector/Okta_Authentication_REST_API_v1/Okta_Authentication_REST_API_v1_svcDef.xml</types1:PublishedContributionId>
      <types1:AutosaveExists>false</types1:AutosaveExists>
      <types1:Entry>
         <businessConnector xmlns="http://schemas.informatica.com/socrates/data-services/2014/05/business-connector-model.xsd"
                            agentOnly="false"
                            debug="false"
                            displayName="Okta Authentication REST API v1"
                            label=""
                            name="Okta_Authentication_REST_API_v1"
                            uuid="77eef3b5-f277-4e5d-a8ee-4384f420b323">
            <description>TODO: Add Description</description>
            <tags/>
            <connectionAttributes xmlns="http://schemas.informatica.com/appmodules/screenflow/2014/04/avosConnectors.xsd">
               <connectionAttribute description="Host Name"
                                    masked="false"
                                    name="hostName"
                                    required="true"
                                    testWith="example.com"
                                    type="string"/>
            </connectionAttributes>
            <actions>
               <action category="Verify"
                       failOnError="true"
                       forSearch="false"
                       label="SendSMSChallengeOTP"
                       maxRedirects="100"
                       name="SendSMSChallengeOTP"
                       preemptiveAuth="true"
                       responseEncoding="">
                  <description>Send SMS Challenge (OTP). TODO: Add Description</description>
                  <input>
                     <parameter label="Body"
                                name="Body"
                                required="true"
                                testWith=""
                                type="reference">
                        <options>
                           <option name="referenceTo">SendSMSChallenge_28OTP_29Request</option>
                        </options>
                     </parameter>
                     <parameter label="factorIdPathParam"
                                name="factorIdPathParam"
                                nogen="true"
                                required="true"
                                testWith=""
                                type="string"/>
                  </input>
                  <binding>
                     <restSimpleBinding multiUsing="semicolonSeparated"
                                        url="http://{$hostName}/api/v1/authn/factors/{$factorIdPathParam}/verify"
                                        verb="POST">
                        <httpHeaders>
                           <header name="Content-Type">application/json</header>
                           <header name="Accept">application/json</header>
                        </httpHeaders>
                        <body generateUsing="UnwrappedJSON" preserveJsonStringFormatting="false"/>
                     </restSimpleBinding>
                  </binding>
                  <output/>
               </action>
               <action category="State Management"
                       failOnError="true"
                       forSearch="false"
                       label="PreviousTransactionState"
                       maxRedirects="100"
                       name="PreviousTransactionState"
                       preemptiveAuth="true"
                       responseEncoding="">
                  <description>Previous Transaction State. TODO: Add Description</description>
                  <input>
                     <parameter label="Body"
                                name="Body"
                                required="true"
                                testWith=""
                                type="reference">
                        <options>
                           <option name="referenceTo">PreviousTransactionStateRequest</option>
                        </options>
                     </parameter>
                  </input>
                  <binding>
                     <restSimpleBinding multiUsing="semicolonSeparated"
                                        url="http://{$hostName}/api/v1/authn/previous"
                                        verb="POST">
                        <httpHeaders>
                           <header name="Content-Type">application/json</header>
                           <header name="Accept">application/json</header>
                        </httpHeaders>
                        <body generateUsing="UnwrappedJSON" preserveJsonStringFormatting="false"/>
                     </restSimpleBinding>
                  </binding>
                  <output/>
               </action>
               <action category="Enroll"
                       failOnError="true"
                       forSearch="false"
                       label="EnrollQuestionFactor"
                       maxRedirects="100"
                       name="EnrollQuestionFactor"
                       preemptiveAuth="true"
                       responseEncoding="">
                  <description>Enroll Question Factor. TODO: Add Description</description>
                  <input>
                     <parameter label="Body"
                                name="Body"
                                required="true"
                                testWith=""
                                type="reference">
                        <options>
                           <option name="referenceTo">EnrollQuestionFactorRequest</option>
                        </options>
                     </parameter>
                  </input>
                  <binding>
                     <restSimpleBinding multiUsing="semicolonSeparated"
                                        url="http://{$hostName}/api/v1/authn/factors"
                                        verb="POST">
                        <httpHeaders>
                           <header name="Content-Type">application/json</header>
                           <header name="Accept">application/json</header>
                        </httpHeaders>
                        <body generateUsing="UnwrappedJSON" preserveJsonStringFormatting="false"/>
                     </restSimpleBinding>
                  </binding>
                  <output/>
               </action>
               <action category="Forgot Password"
                       failOnError="true"
                       forSearch="false"
                       label="ForgotPasswordwithEmailFactor"
                       maxRedirects="100"
                       name="ForgotPasswordwithEmailFactor"
                       preemptiveAuth="true"
                       responseEncoding="">
                  <description>Forgot Password with Email Factor. TODO: Add Description</description>
                  <input>
                     <parameter label="Body"
                                name="Body"
                                required="true"
                                testWith=""
                                type="reference">
                        <options>
                           <option name="referenceTo">ForgotPasswordwithEmailFactorRequest</option>
                        </options>
                     </parameter>
                  </input>
                  <binding>
                     <restSimpleBinding multiUsing="semicolonSeparated"
                                        url="http://{$hostName}/api/v1/authn/recovery/password"
                                        verb="POST">
                        <httpHeaders>
                           <header name="Content-Type">application/json</header>
                           <header name="Accept">application/json</header>
                        </httpHeaders>
                        <body generateUsing="UnwrappedJSON" preserveJsonStringFormatting="false"/>
                     </restSimpleBinding>
                  </binding>
                  <output/>
               </action>
               <action category="Enroll"
                       failOnError="true"
                       forSearch="false"
                       label="ListQuestions"
                       maxRedirects="100"
                       name="ListQuestions"
                       preemptiveAuth="true"
                       responseEncoding="">
                  <description>List Questions. TODO: Add Description</description>
                  <input>
                     <parameter label="userIdPathParam"
                                name="userIdPathParam"
                                nogen="true"
                                required="true"
                                testWith=""
                                type="string"/>
                  </input>
                  <binding>
                     <restSimpleBinding multiUsing="semicolonSeparated"
                                        url="http://{$hostName}/api/v1/users/{$userIdPathParam}/factors/questions"
                                        verb="GET">
                        <httpHeaders>
                           <header name="Content-Type">application/json</header>
                           <header name="Accept">application/json</header>
                        </httpHeaders>
                     </restSimpleBinding>
                  </binding>
                  <output/>
               </action>
               <action category="State Management"
                       failOnError="true"
                       forSearch="false"
                       label="CancelTransaction"
                       maxRedirects="100"
                       name="CancelTransaction"
                       preemptiveAuth="true"
                       responseEncoding="">
                  <description>Cancel Transaction. TODO: Add Description</description>
                  <input>
                     <parameter label="Body"
                                name="Body"
                                required="true"
                                testWith=""
                                type="reference">
                        <options>
                           <option name="referenceTo">CancelTransactionRequest</option>
                        </options>
                     </parameter>
                  </input>
                  <binding>
                     <restSimpleBinding multiUsing="semicolonSeparated"
                                        url="http://{$hostName}/api/v1/authn/cancel"
                                        verb="POST">
                        <httpHeaders>
                           <header name="Content-Type">application/json</header>
                           <header name="Accept">application/json</header>
                        </httpHeaders>
                        <body generateUsing="UnwrappedJSON" preserveJsonStringFormatting="false"/>
                     </restSimpleBinding>
                  </binding>
                  <output/>
               </action>
               <action category="Forgot Password"
                       failOnError="true"
                       forSearch="false"
                       label="VerifySMSRecoveryFactor"
                       maxRedirects="100"
                       name="VerifySMSRecoveryFactor"
                       preemptiveAuth="true"
                       responseEncoding="">
                  <description>Verify SMS Recovery Factor. TODO: Add Description</description>
                  <input>
                     <parameter label="Body"
                                name="Body"
                                required="true"
                                testWith=""
                                type="reference">
                        <options>
                           <option name="referenceTo">VerifySMSRecoveryFactorRequest</option>
                        </options>
                     </parameter>
                  </input>
                  <binding>
                     <restSimpleBinding multiUsing="semicolonSeparated"
                                        url="http://{$hostName}/api/v1/authn/recovery/factors/sms/verify"
                                        verb="POST">
                        <httpHeaders>
                           <header name="Content-Type">application/json</header>
                           <header name="Accept">application/json</header>
                        </httpHeaders>
                        <body generateUsing="UnwrappedJSON" preserveJsonStringFormatting="false"/>
                     </restSimpleBinding>
                  </binding>
                  <output/>
               </action>
               <action category="Forgot Password"
                       failOnError="true"
                       forSearch="false"
                       label="ResetPassword"
                       maxRedirects="100"
                       name="ResetPassword"
                       preemptiveAuth="true"
                       responseEncoding="">
                  <description>Reset Password. TODO: Add Description</description>
                  <input>
                     <parameter label="Body"
                                name="Body"
                                required="true"
                                testWith=""
                                type="reference">
                        <options>
                           <option name="referenceTo">ResetPasswordRequest</option>
                        </options>
                     </parameter>
                  </input>
                  <binding>
                     <restSimpleBinding multiUsing="semicolonSeparated"
                                        url="http://{$hostName}/api/v1/authn/credentials/reset_password"
                                        verb="POST">
                        <httpHeaders>
                           <header name="Content-Type">application/json</header>
                           <header name="Accept">application/json</header>
                        </httpHeaders>
                        <body generateUsing="UnwrappedJSON" preserveJsonStringFormatting="false"/>
                     </restSimpleBinding>
                  </binding>
                  <output/>
               </action>
               <action category="Forgot Password"
                       failOnError="true"
                       forSearch="false"
                       label="VerifyRecoveryToken"
                       maxRedirects="100"
                       name="VerifyRecoveryToken"
                       preemptiveAuth="true"
                       responseEncoding="">
                  <description>Verify Recovery Token. TODO: Add Description</description>
                  <input>
                     <parameter label="Body"
                                name="Body"
                                required="true"
                                testWith=""
                                type="reference">
                        <options>
                           <option name="referenceTo">VerifyRecoveryTokenRequest</option>
                        </options>
                     </parameter>
                  </input>
                  <binding>
                     <restSimpleBinding multiUsing="semicolonSeparated"
                                        url="http://{$hostName}/api/v1/authn/recovery/token"
                                        verb="POST">
                        <httpHeaders>
                           <header name="Content-Type">application/json</header>
                           <header name="Accept">application/json</header>
                        </httpHeaders>
                        <body generateUsing="UnwrappedJSON" preserveJsonStringFormatting="false"/>
                     </restSimpleBinding>
                  </binding>
                  <output/>
               </action>
               <action category="Self-Service Unlock"
                       failOnError="true"
                       forSearch="false"
                       label="UnlockAccountwithEmailFactor"
                       maxRedirects="100"
                       name="UnlockAccountwithEmailFactor"
                       preemptiveAuth="true"
                       responseEncoding="">
                  <description>Unlock Account with Email Factor. TODO: Add Description</description>
                  <input>
                     <parameter label="Body"
                                name="Body"
                                required="true"
                                testWith=""
                                type="reference">
                        <options>
                           <option name="referenceTo">UnlockAccountwithEmailFactorRequest</option>
                        </options>
                     </parameter>
                  </input>
                  <binding>
                     <restSimpleBinding multiUsing="semicolonSeparated"
                                        url="http://{$hostName}/api/v1/authn/recovery/unlock"
                                        verb="POST">
                        <httpHeaders>
                           <header name="Content-Type">application/json</header>
                           <header name="Accept">application/json</header>
                        </httpHeaders>
                        <body generateUsing="UnwrappedJSON" preserveJsonStringFormatting="false"/>
                     </restSimpleBinding>
                  </binding>
                  <output/>
               </action>
               <action category="Enroll"
                       failOnError="true"
                       forSearch="false"
                       label="ActivateSMSFactor"
                       maxRedirects="100"
                       name="ActivateSMSFactor"
                       preemptiveAuth="true"
                       responseEncoding="">
                  <description>Activate SMS Factor. TODO: Add Description</description>
                  <input>
                     <parameter label="Body"
                                name="Body"
                                required="true"
                                testWith=""
                                type="reference">
                        <options>
                           <option name="referenceTo">ActivateSMSFactorRequest</option>
                        </options>
                     </parameter>
                     <parameter label="factorIdPathParam"
                                name="factorIdPathParam"
                                nogen="true"
                                required="true"
                                testWith=""
                                type="string"/>
                  </input>
                  <binding>
                     <restSimpleBinding multiUsing="semicolonSeparated"
                                        url="http://{$hostName}/api/v1/authn/factors/{$factorIdPathParam}/lifecycle/activate"
                                        verb="POST">
                        <httpHeaders>
                           <header name="Content-Type">application/json</header>
                           <header name="Accept">application/json</header>
                        </httpHeaders>
                        <body generateUsing="UnwrappedJSON" preserveJsonStringFormatting="false"/>
                     </restSimpleBinding>
                  </binding>
                  <output/>
               </action>
               <action category="Misc"
                       failOnError="true"
                       forSearch="false"
                       label="PollforFactorenrollment"
                       maxRedirects="100"
                       name="PollforFactorenrollment"
                       preemptiveAuth="true"
                       responseEncoding="">
                  <description>Poll for Factor enrollment. TODO: Add Description</description>
                  <input>
                     <parameter label="Body"
                                name="Body"
                                required="true"
                                testWith=""
                                type="reference">
                        <options>
                           <option name="referenceTo">PollforFactorenrollmentRequest</option>
                        </options>
                     </parameter>
                     <parameter label="factorIdPathParam"
                                name="factorIdPathParam"
                                nogen="true"
                                required="true"
                                testWith=""
                                type="string"/>
                  </input>
                  <binding>
                     <restSimpleBinding multiUsing="semicolonSeparated"
                                        url="http://{$hostName}/api/v1/authn/factors/{$factorIdPathParam}/lifecycle/activate/poll"
                                        verb="POST">
                        <httpHeaders>
                           <header name="Content-Type">application/json</header>
                           <header name="Accept">application/json</header>
                        </httpHeaders>
                        <body generateUsing="UnwrappedJSON" preserveJsonStringFormatting="false"/>
                     </restSimpleBinding>
                  </binding>
                  <output/>
               </action>
               <action category="State Management"
                       failOnError="true"
                       forSearch="false"
                       label="GetTransactionState"
                       maxRedirects="100"
                       name="GetTransactionState"
                       preemptiveAuth="true"
                       responseEncoding="">
                  <description>Get Transaction State. TODO: Add Description</description>
                  <input>
                     <parameter label="Body"
                                name="Body"
                                required="true"
                                testWith=""
                                type="reference">
                        <options>
                           <option name="referenceTo">GetTransactionStateRequest</option>
                        </options>
                     </parameter>
                  </input>
                  <binding>
                     <restSimpleBinding multiUsing="semicolonSeparated"
                                        url="http://{$hostName}/api/v1/authn"
                                        verb="POST">
                        <httpHeaders>
                           <header name="Content-Type">application/json</header>
                           <header name="Accept">application/json</header>
                        </httpHeaders>
                        <body generateUsing="UnwrappedJSON" preserveJsonStringFormatting="false"/>
                     </restSimpleBinding>
                  </binding>
                  <output/>
               </action>
               <action category="Forgot Password"
                       failOnError="true"
                       forSearch="false"
                       label="AnswerRecoveryQuestion"
                       maxRedirects="100"
                       name="AnswerRecoveryQuestion"
                       preemptiveAuth="true"
                       responseEncoding="">
                  <description>Answer Recovery Question. TODO: Add Description</description>
                  <input>
                     <parameter label="Body"
                                name="Body"
                                required="true"
                                testWith=""
                                type="reference">
                        <options>
                           <option name="referenceTo">AnswerRecoveryQuestionRequest</option>
                        </options>
                     </parameter>
                  </input>
                  <binding>
                     <restSimpleBinding multiUsing="semicolonSeparated"
                                        url="http://{$hostName}/api/v1/authn/recovery/answer"
                                        verb="POST">
                        <httpHeaders>
                           <header name="Content-Type">application/json</header>
                           <header name="Accept">application/json</header>
                        </httpHeaders>
                        <body generateUsing="UnwrappedJSON" preserveJsonStringFormatting="false"/>
                     </restSimpleBinding>
                  </binding>
                  <output/>
               </action>
               <action category="Misc"
                       failOnError="true"
                       forSearch="false"
                       label="ChangePassword"
                       maxRedirects="100"
                       name="ChangePassword"
                       preemptiveAuth="true"
                       responseEncoding="">
                  <description>Change Password. TODO: Add Description</description>
                  <input>
                     <parameter label="Body"
                                name="Body"
                                required="true"
                                testWith=""
                                type="reference">
                        <options>
                           <option name="referenceTo">ChangePasswordRequest</option>
                        </options>
                     </parameter>
                  </input>
                  <binding>
                     <restSimpleBinding multiUsing="semicolonSeparated"
                                        url="http://{$hostName}/api/v1/authn/credentials/change_password"
                                        verb="POST">
                        <httpHeaders>
                           <header name="Content-Type">application/json</header>
                           <header name="Accept">application/json</header>
                        </httpHeaders>
                        <body generateUsing="UnwrappedJSON" preserveJsonStringFormatting="false"/>
                     </restSimpleBinding>
                  </binding>
                  <output/>
               </action>
               <action category="State Management"
                       failOnError="true"
                       forSearch="false"
                       label="SkipTransactionState"
                       maxRedirects="100"
                       name="SkipTransactionState"
                       preemptiveAuth="true"
                       responseEncoding="">
                  <description>Skip Transaction State. TODO: Add Description</description>
                  <input>
                     <parameter label="Body"
                                name="Body"
                                required="true"
                                testWith=""
                                type="reference">
                        <options>
                           <option name="referenceTo">SkipTransactionStateRequest</option>
                        </options>
                     </parameter>
                  </input>
                  <binding>
                     <restSimpleBinding multiUsing="semicolonSeparated"
                                        url="http://{$hostName}/api/v1/authn/skip"
                                        verb="POST">
                        <httpHeaders>
                           <header name="Content-Type">application/json</header>
                           <header name="Accept">application/json</header>
                        </httpHeaders>
                        <body generateUsing="UnwrappedJSON" preserveJsonStringFormatting="false"/>
                     </restSimpleBinding>
                  </binding>
                  <output/>
               </action>
               <action category="Verify"
                       failOnError="true"
                       forSearch="false"
                       label="ResendChallenge"
                       maxRedirects="100"
                       name="ResendChallenge"
                       preemptiveAuth="true"
                       responseEncoding="">
                  <description>Resend Challenge. TODO: Add Description</description>
                  <input>
                     <parameter label="Body"
                                name="Body"
                                required="true"
                                testWith=""
                                type="reference">
                        <options>
                           <option name="referenceTo">ResendChallengeRequest</option>
                        </options>
                     </parameter>
                     <parameter label="factorIdPathParam"
                                name="factorIdPathParam"
                                nogen="true"
                                required="true"
                                testWith=""
                                type="string"/>
                  </input>
                  <binding>
                     <restSimpleBinding multiUsing="semicolonSeparated"
                                        url="http://{$hostName}/api/v1/authn/factors/{$factorIdPathParam}/verify/resend"
                                        verb="POST">
                        <httpHeaders>
                           <header name="Content-Type">application/json</header>
                           <header name="Accept">application/json</header>
                        </httpHeaders>
                        <body generateUsing="UnwrappedJSON" preserveJsonStringFormatting="false"/>
                     </restSimpleBinding>
                  </binding>
                  <output/>
               </action>
            </actions>
            <objects>
               <processObject xmlns="http://schemas.active-endpoints.com/appmodules/screenflow/2011/06/avosHostEnvironment.xsd"
                              isByCopy="true"
                              name="CancelTransactionRequest">
                  <description/>
                  <detail>
                     <field name="stateToken" type="string"/>
                  </detail>
               </processObject>
               <processObject xmlns="http://schemas.active-endpoints.com/appmodules/screenflow/2011/06/avosHostEnvironment.xsd"
                              isByCopy="true"
                              name="ResendChallengeRequest">
                  <description/>
                  <detail>
                     <field name="stateToken" type="string"/>
                  </detail>
               </processObject>
               <processObject xmlns="http://schemas.active-endpoints.com/appmodules/screenflow/2011/06/avosHostEnvironment.xsd"
                              isByCopy="true"
                              name="Options">
                  <description/>
                  <detail>
                     <field name="warnBeforePasswordExpired" type="boolean"/>
                     <field name="multiOptionalFactorEnroll" type="boolean"/>
                  </detail>
               </processObject>
               <processObject xmlns="http://schemas.active-endpoints.com/appmodules/screenflow/2011/06/avosHostEnvironment.xsd"
                              isByCopy="true"
                              name="EnrollOktaTOTPFactorRequest">
                  <description/>
                  <detail>
                     <field name="provider" type="string"/>
                     <field name="factorType" type="string"/>
                     <field name="stateToken" type="string"/>
                  </detail>
               </processObject>
               <processObject xmlns="http://schemas.active-endpoints.com/appmodules/screenflow/2011/06/avosHostEnvironment.xsd"
                              isByCopy="true"
                              name="EnrollSMSFactorwithNewNumberRequest">
                  <description/>
                  <detail>
                     <field name="provider" type="string"/>
                     <field name="profile" type="reference">
                        <options>
                           <option name="referenceTo">Profile1</option>
                           <option name="relationshipName">Child</option>
                        </options>
                     </field>
                     <field name="factorType" type="string"/>
                     <field name="stateToken" type="string"/>
                  </detail>
               </processObject>
               <processObject xmlns="http://schemas.active-endpoints.com/appmodules/screenflow/2011/06/avosHostEnvironment.xsd"
                              isByCopy="true"
                              name="PrimaryAuthenticationwithTrustedApplicationRequest">
                  <description/>
                  <detail>
                     <field name="relayState" type="string"/>
                     <field name="password" type="string"/>
                     <field name="options" type="reference">
                        <options>
                           <option name="referenceTo">Options</option>
                           <option name="relationshipName">Child</option>
                        </options>
                     </field>
                     <field name="context" type="reference">
                        <options>
                           <option name="referenceTo">Context</option>
                           <option name="relationshipName">Child</option>
                        </options>
                     </field>
                     <field name="username" type="string"/>
                  </detail>
               </processObject>
               <processObject xmlns="http://schemas.active-endpoints.com/appmodules/screenflow/2011/06/avosHostEnvironment.xsd"
                              isByCopy="true"
                              name="VerifySMSFactorRequest">
                  <description/>
                  <detail>
                     <field name="stateToken" type="string"/>
                     <field name="passCode" type="string"/>
                  </detail>
               </processObject>
               <processObject xmlns="http://schemas.active-endpoints.com/appmodules/screenflow/2011/06/avosHostEnvironment.xsd"
                              isByCopy="true"
                              name="Profile">
                  <description/>
                  <detail>
                     <field name="question" type="string"/>
                     <field name="answer" type="string"/>
                  </detail>
               </processObject>
               <processObject xmlns="http://schemas.active-endpoints.com/appmodules/screenflow/2011/06/avosHostEnvironment.xsd"
                              isByCopy="true"
                              name="VerifySMSRecoveryFactorRequest">
                  <description/>
                  <detail>
                     <field name="stateToken" type="string"/>
                     <field name="passCode" type="string"/>
                  </detail>
               </processObject>
               <processObject xmlns="http://schemas.active-endpoints.com/appmodules/screenflow/2011/06/avosHostEnvironment.xsd"
                              isByCopy="true"
                              name="ChangePasswordRequest">
                  <description/>
                  <detail>
                     <field name="oldPassword" type="string"/>
                     <field name="newPassword" type="string"/>
                     <field name="stateToken" type="string"/>
                  </detail>
               </processObject>
               <processObject xmlns="http://schemas.active-endpoints.com/appmodules/screenflow/2011/06/avosHostEnvironment.xsd"
                              isByCopy="true"
                              name="ResetPasswordRequest">
                  <description/>
                  <detail>
                     <field name="newPassword" type="string"/>
                     <field name="stateToken" type="string"/>
                  </detail>
               </processObject>
               <processObject xmlns="http://schemas.active-endpoints.com/appmodules/screenflow/2011/06/avosHostEnvironment.xsd"
                              isByCopy="true"
                              name="EnrollGoogleAuthenticatorFactorRequest">
                  <description/>
                  <detail>
                     <field name="provider" type="string"/>
                     <field name="factorType" type="string"/>
                     <field name="stateToken" type="string"/>
                  </detail>
               </processObject>
               <processObject xmlns="http://schemas.active-endpoints.com/appmodules/screenflow/2011/06/avosHostEnvironment.xsd"
                              isByCopy="true"
                              name="Profile1">
                  <description/>
                  <detail>
                     <field name="phoneNumber" type="string"/>
                  </detail>
               </processObject>
               <processObject xmlns="http://schemas.active-endpoints.com/appmodules/screenflow/2011/06/avosHostEnvironment.xsd"
                              isByCopy="true"
                              name="Profile3">
                  <description/>
                  <detail>
                     <field name="credentialId" type="string"/>
                  </detail>
               </processObject>
               <processObject xmlns="http://schemas.active-endpoints.com/appmodules/screenflow/2011/06/avosHostEnvironment.xsd"
                              isByCopy="true"
                              name="AnswerRecoveryQuestionRequest">
                  <description/>
                  <detail>
                     <field name="answer" type="string"/>
                     <field name="stateToken" type="string"/>
                  </detail>
               </processObject>
               <processObject xmlns="http://schemas.active-endpoints.com/appmodules/screenflow/2011/06/avosHostEnvironment.xsd"
                              isByCopy="true"
                              name="UnlockAccountwithTrustedApplicationRequest">
                  <description/>
                  <detail>
                     <field name="relayState" type="string"/>
                     <field name="username" type="string"/>
                  </detail>
               </processObject>
               <processObject xmlns="http://schemas.active-endpoints.com/appmodules/screenflow/2011/06/avosHostEnvironment.xsd"
                              isByCopy="true"
                              name="VerifyandPollPushFactorRequest">
                  <description/>
                  <detail>
                     <field name="stateToken" type="string"/>
                  </detail>
               </processObject>
               <processObject xmlns="http://schemas.active-endpoints.com/appmodules/screenflow/2011/06/avosHostEnvironment.xsd"
                              isByCopy="true"
                              name="ForgotPasswordwithEmailFactorRequest">
                  <description/>
                  <detail>
                     <field name="relayState" type="string"/>
                     <field name="factorType" type="string"/>
                     <field name="username" type="string"/>
                  </detail>
               </processObject>
               <processObject xmlns="http://schemas.active-endpoints.com/appmodules/screenflow/2011/06/avosHostEnvironment.xsd"
                              isByCopy="true"
                              name="EnrollYubiKeyFactorRequest">
                  <description/>
                  <detail>
                     <field name="provider" type="string"/>
                     <field name="profile" type="reference">
                        <options>
                           <option name="referenceTo">Profile3</option>
                           <option name="relationshipName">Child</option>
                        </options>
                     </field>
                     <field name="factorType" type="string"/>
                     <field name="stateToken" type="string"/>
                     <field name="passCode" type="string"/>
                  </detail>
               </processObject>
               <processObject xmlns="http://schemas.active-endpoints.com/appmodules/screenflow/2011/06/avosHostEnvironment.xsd"
                              isByCopy="true"
                              name="ForgotPasswordwithSMSFactorRequest">
                  <description/>
                  <detail>
                     <field name="relayState" type="string"/>
                     <field name="factorType" type="string"/>
                     <field name="username" type="string"/>
                  </detail>
               </processObject>
               <processObject xmlns="http://schemas.active-endpoints.com/appmodules/screenflow/2011/06/avosHostEnvironment.xsd"
                              isByCopy="true"
                              name="Context">
                  <description/>
                  <detail>
                     <field name="deviceToken" type="string"/>
                  </detail>
               </processObject>
               <processObject xmlns="http://schemas.active-endpoints.com/appmodules/screenflow/2011/06/avosHostEnvironment.xsd"
                              isByCopy="true"
                              name="EnrollQuestionFactorRequest">
                  <description/>
                  <detail>
                     <field name="provider" type="string"/>
                     <field name="profile" type="reference">
                        <options>
                           <option name="referenceTo">Profile</option>
                           <option name="relationshipName">Child</option>
                        </options>
                     </field>
                     <field name="factorType" type="string"/>
                     <field name="stateToken" type="string"/>
                  </detail>
               </processObject>
               <processObject xmlns="http://schemas.active-endpoints.com/appmodules/screenflow/2011/06/avosHostEnvironment.xsd"
                              isByCopy="true"
                              name="SendSMSChallenge_OTP_Request">
                  <description/>
                  <detail>
                     <field name="stateToken" type="string"/>
                  </detail>
               </processObject>
               <processObject xmlns="http://schemas.active-endpoints.com/appmodules/screenflow/2011/06/avosHostEnvironment.xsd"
                              isByCopy="true"
                              name="VerifyQuestionFactorRequest">
                  <description/>
                  <detail>
                     <field name="answer" type="string"/>
                     <field name="stateToken" type="string"/>
                  </detail>
               </processObject>
               <processObject xmlns="http://schemas.active-endpoints.com/appmodules/screenflow/2011/06/avosHostEnvironment.xsd"
                              isByCopy="true"
                              name="UnlockAccountwithSMSFactorRequest">
                  <description/>
                  <detail>
                     <field name="relayState" type="string"/>
                     <field name="factorType" type="string"/>
                     <field name="username" type="string"/>
                  </detail>
               </processObject>
               <processObject xmlns="http://schemas.active-endpoints.com/appmodules/screenflow/2011/06/avosHostEnvironment.xsd"
                              isByCopy="true"
                              name="ActivateSMSFactorRequest">
                  <description/>
                  <detail>
                     <field name="stateToken" type="string"/>
                     <field name="passCode" type="string"/>
                  </detail>
               </processObject>
               <processObject xmlns="http://schemas.active-endpoints.com/appmodules/screenflow/2011/06/avosHostEnvironment.xsd"
                              isByCopy="true"
                              name="SkipTransactionStateRequest">
                  <description/>
                  <detail>
                     <field name="stateToken" type="string"/>
                  </detail>
               </processObject>
               <processObject xmlns="http://schemas.active-endpoints.com/appmodules/screenflow/2011/06/avosHostEnvironment.xsd"
                              isByCopy="true"
                              name="EnrollSymantecVIPFactorRequest">
                  <description/>
                  <detail>
                     <field name="provider" type="string"/>
                     <field name="profile" type="reference">
                        <options>
                           <option name="referenceTo">Profile3</option>
                           <option name="relationshipName">Child</option>
                        </options>
                     </field>
                     <field name="factorType" type="string"/>
                     <field name="stateToken" type="string"/>
                     <field name="nextPassCode" type="string"/>
                     <field name="passCode" type="string"/>
                  </detail>
               </processObject>
               <processObject xmlns="http://schemas.active-endpoints.com/appmodules/screenflow/2011/06/avosHostEnvironment.xsd"
                              isByCopy="true"
                              name="PollforFactorenrollmentRequest">
                  <description/>
                  <detail>
                     <field name="provider" type="string"/>
                     <field name="factorType" type="string"/>
                     <field name="stateToken" type="string"/>
                  </detail>
               </processObject>
               <processObject xmlns="http://schemas.active-endpoints.com/appmodules/screenflow/2011/06/avosHostEnvironment.xsd"
                              isByCopy="true"
                              name="ForgotPasswordforTrustedApplicationRequest">
                  <description/>
                  <detail>
                     <field name="relayState" type="string"/>
                     <field name="username" type="string"/>
                  </detail>
               </processObject>
               <processObject xmlns="http://schemas.active-endpoints.com/appmodules/screenflow/2011/06/avosHostEnvironment.xsd"
                              isByCopy="true"
                              name="VerifyTOTPFactorRequest">
                  <description/>
                  <detail>
                     <field name="stateToken" type="string"/>
                     <field name="passCode" type="string"/>
                  </detail>
               </processObject>
               <processObject xmlns="http://schemas.active-endpoints.com/appmodules/screenflow/2011/06/avosHostEnvironment.xsd"
                              isByCopy="true"
                              name="ActivatePushFactorRequest">
                  <description/>
                  <detail>
                     <field name="stateToken" type="string"/>
                  </detail>
               </processObject>
               <processObject xmlns="http://schemas.active-endpoints.com/appmodules/screenflow/2011/06/avosHostEnvironment.xsd"
                              isByCopy="true"
                              name="PreviousTransactionStateRequest">
                  <description/>
                  <detail>
                     <field name="stateToken" type="string"/>
                  </detail>
               </processObject>
               <processObject xmlns="http://schemas.active-endpoints.com/appmodules/screenflow/2011/06/avosHostEnvironment.xsd"
                              isByCopy="true"
                              name="VerifyRecoveryTokenRequest">
                  <description/>
                  <detail>
                     <field name="recoveryToken" type="string"/>
                  </detail>
               </processObject>
               <processObject xmlns="http://schemas.active-endpoints.com/appmodules/screenflow/2011/06/avosHostEnvironment.xsd"
                              isByCopy="true"
                              name="PrimaryAuthenticationRequest">
                  <description/>
                  <detail>
                     <field name="password" type="string"/>
                     <field name="options" type="reference">
                        <options>
                           <option name="referenceTo">Options</option>
                           <option name="relationshipName">Child</option>
                        </options>
                     </field>
                     <field name="username" type="string"/>
                  </detail>
               </processObject>
               <processObject xmlns="http://schemas.active-endpoints.com/appmodules/screenflow/2011/06/avosHostEnvironment.xsd"
                              isByCopy="true"
                              name="ActivateTOTPFactorRequest">
                  <description/>
                  <detail>
                     <field name="stateToken" type="string"/>
                     <field name="passCode" type="string"/>
                  </detail>
               </processObject>
               <processObject xmlns="http://schemas.active-endpoints.com/appmodules/screenflow/2011/06/avosHostEnvironment.xsd"
                              isByCopy="true"
                              name="EnrollSMSFactorRequest">
                  <description/>
                  <detail>
                     <field name="provider" type="string"/>
                     <field name="profile" type="reference">
                        <options>
                           <option name="referenceTo">Profile1</option>
                           <option name="relationshipName">Child</option>
                        </options>
                     </field>
                     <field name="factorType" type="string"/>
                     <field name="stateToken" type="string"/>
                  </detail>
               </processObject>
               <processObject xmlns="http://schemas.active-endpoints.com/appmodules/screenflow/2011/06/avosHostEnvironment.xsd"
                              isByCopy="true"
                              name="EnrollRSASecurIDFactorRequest">
                  <description/>
                  <detail>
                     <field name="provider" type="string"/>
                     <field name="factorType" type="string"/>
                     <field name="stateToken" type="string"/>
                     <field name="passCode" type="string"/>
                  </detail>
               </processObject>
               <processObject xmlns="http://schemas.active-endpoints.com/appmodules/screenflow/2011/06/avosHostEnvironment.xsd"
                              isByCopy="true"
                              name="EnrollOktaVerifyPushFactorRequest">
                  <description/>
                  <detail>
                     <field name="provider" type="string"/>
                     <field name="factorType" type="string"/>
                     <field name="stateToken" type="string"/>
                  </detail>
               </processObject>
               <processObject xmlns="http://schemas.active-endpoints.com/appmodules/screenflow/2011/06/avosHostEnvironment.xsd"
                              isByCopy="true"
                              name="UnlockAccountwithEmailFactorRequest">
                  <description/>
                  <detail>
                     <field name="relayState" type="string"/>
                     <field name="factorType" type="string"/>
                     <field name="username" type="string"/>
                  </detail>
               </processObject>
               <processObject xmlns="http://schemas.active-endpoints.com/appmodules/screenflow/2011/06/avosHostEnvironment.xsd"
                              isByCopy="true"
                              name="GetTransactionStateRequest">
                  <description/>
                  <detail>
                     <field name="stateToken" type="string"/>
                  </detail>
               </processObject>
               <processObject xmlns="http://schemas.active-endpoints.com/appmodules/screenflow/2011/06/avosHostEnvironment.xsd"
                              isByCopy="true"
                              name="string">
                  <description/>
                  <detail>
                     <field name="string" type="string"/>
                  </detail>
               </processObject>
               <processObject xmlns="http://schemas.active-endpoints.com/appmodules/screenflow/2011/06/avosHostEnvironment.xsd"
                              isByCopy="true"
                              name="boolean">
                  <description/>
                  <detail>
                     <field name="boolean" type="boolean"/>
                  </detail>
               </processObject>
               <processObject xmlns="http://schemas.active-endpoints.com/appmodules/screenflow/2011/06/avosHostEnvironment.xsd"
                              isByCopy="true"
                              name="double">
                  <description/>
                  <detail>
                     <field name="double" type="double"/>
                  </detail>
               </processObject>
               <processObject xmlns="http://schemas.active-endpoints.com/appmodules/screenflow/2011/06/avosHostEnvironment.xsd"
                              isByCopy="true"
                              name="integer">
                  <description/>
                  <detail>
                     <field name="integer" type="int"/>
                  </detail>
               </processObject>
            </objects>
         </businessConnector>
      </types1:Entry>
      <types1:GUID>bx8pGMIaGG9cKoyx6bcCI9</types1:GUID>
      <types1:DisplayName>Okta Authentication REST API v1</types1:DisplayName>
   </types1:Item>
   <types1:CurrentServerDateTime>2020-01-02T06:23:46.595Z</types1:CurrentServerDateTime>
</aetgt:getResponse>
