{"EntryId":{"$t":"dx2CGeFRqXpIW7W-gt-2485401-2018-10-12T19:12:49.062Z::conn.xml"},"Name":{"$t":"Git-Contents-API-actions"},"ParentFlowIds":{"$t":"MKQr3rp3yD7tyGo-gt-444566-2018-10-12T19:12:49.62Z::pd.xml,G06kck8jKBmeK3j-gt-444556-2018-10-12T19:12:49.529Z::pd.xml"},"MimeType":{"$t":"application\/xml+connection"},"Description":{"$t":"This points to the \"demo\" repository, not the Informatica-Cloud-Application-Integration one. To have a cleaner source\/target for documentation."},"AppliesTo":{},"Tags":{},"VersionLabel":{"$t":"1.0"},"State":{"$t":"CURRENT"},"ProcessGroup":{},"CreatedBy":{"$t":"freddielabtest"},"CreationDate":{"$t":"2018-10-12T19:12:49Z"},"ModifiedBy":{"$t":"freddielabtest"},"ModificationDate":{"$t":"2018-10-12T19:49:39Z"},"PublicationStatus":{"$t":"out-of-date"},"PublishedBy":{"$t":"freddielabtest"},"PublicationDate":{"$t":"2018-10-12T19:24:09Z"},"PublishedContributionId":{"$t":"project:\/rt.connection\/Git-Contents-API-actions\/Git-Contents-API-actions.conn.xml"},"AutosaveExists":{"$t":"false"},"Entry":{"connection":{"displayName":"Git-Contents-API-actions","label":"Git-Contents-API-actions","name":"Git-Contents-API-actions","xmlns":"http:\/\/schemas.informatica.com\/socrates\/data-services\/2014\/04\/avosConnections.xsd","xmlns$aetgt":"http:\/\/schemas.active-endpoints.com\/appmodules\/repository\/2010\/10\/avrepository.xsd","description":{"$t":"This points to the \"demo\" repository, not the Informatica-Cloud-Application-Integration one. To have a cleaner source\/target for documentation."},"tags":{},"agent":{},"attributes":{"attribute":[{"encrypted":"false","name":"username","value":""},{"encrypted":"false","name":"password","value":""},{"encrypted":"false","name":"baseURL","value":""},{"encrypted":"false","name":"owner","value":""},{"encrypted":"false","name":"repo","value":""},{"encrypted":"false","name":"branch","value":""}]},"businessConnector":{"agentOnly":"false","connectorPath":"project:\/rt.connector\/Git_Contents_API\/Git_Contents_API_svcDef.xml","name":"Git_Contents_API","supportsConnectionTest":"false","uuid":"516eedb8-1d47-46a1-bbaa-8a74613884e3","xmlns":"http:\/\/schemas.informatica.com\/appmodules\/screenflow\/2014\/04\/avosConnectors.xsd","description":{"$t":"This service connectors provides actions for Git Contents API. Refer https:\/\/developer.github.com\/v3\/repos\/contents\/"}}}},"GUID":{"$t":"3AIU3ecEFYMgwtxuvNKTUH"},"DisplayName":{"$t":"Git-Contents-API-actions"}}