{"EntryId":{"$t":"rhNzUzeA8rJ4pbg-gt-444546-2018-10-12T19:12:49.285Z::conn.xml"},"Name":{"$t":"IICS-REST-API-actions"},"ParentFlowIds":{"$t":"MKQr3rp3yD7tyGo-gt-444566-2018-10-12T19:12:49.62Z::pd.xml,G06kck8jKBmeK3j-gt-444556-2018-10-12T19:12:49.529Z::pd.xml"},"MimeType":{"$t":"application\/xml+connection"},"Description":{},"AppliesTo":{},"Tags":{},"VersionLabel":{"$t":"1.0"},"State":{"$t":"CURRENT"},"ProcessGroup":{},"CreatedBy":{"$t":"freddielabtest"},"CreationDate":{"$t":"2018-10-12T19:12:49Z"},"ModifiedBy":{"$t":"freddielabtest"},"ModificationDate":{"$t":"2018-10-12T19:25:09Z"},"PublicationStatus":{"$t":"published"},"PublishedBy":{"$t":"freddielabtest"},"PublicationDate":{"$t":"2018-10-12T19:25:16Z"},"PublishedContributionId":{"$t":"project:\/rt.connection\/IICS-REST-API-actions\/IICS-REST-API-actions.conn.xml"},"AutosaveExists":{"$t":"false"},"Entry":{"connection":{"displayName":"IICS-REST-API-actions","label":"IICS-REST-API-actions","name":"IICS-REST-API-actions","xmlns":"http:\/\/schemas.informatica.com\/socrates\/data-services\/2014\/04\/avosConnections.xsd","xmlns$aetgt":"http:\/\/schemas.active-endpoints.com\/appmodules\/repository\/2010\/10\/avrepository.xsd","description":{},"tags":{},"agent":{},"attributes":{},"businessConnector":{"agentOnly":"false","connectorPath":"project:\/rt.connector\/IICS_REST_API\/IICS_REST_API_svcDef.xml","name":"IICS_REST_API","supportsConnectionTest":"false","uuid":"d7548bc0-06f3-49dd-a1d3-19f011e362d4","xmlns":"http:\/\/schemas.informatica.com\/appmodules\/screenflow\/2014\/04\/avosConnectors.xsd","description":{"$t":"This service defines actions to connect to IICS through REST API"}}}},"GUID":{"$t":"6jj4nOo9kDwemSks1YnWOU"},"DisplayName":{"$t":"IICS-REST-API-actions"}}