<aetgt:getResponse xmlns:aetgt="http://schemas.active-endpoints.com/appmodules/repository/2010/10/avrepository.xsd"
                   xmlns:types1="http://schemas.active-endpoints.com/appmodules/repository/2010/10/avrepository.xsd">
   <types1:Item>
      <types1:EntryId>OJiTk08jIw8jIw8-gt-4808591-2019-01-28T09:51:06.652Z::svc.xml</types1:EntryId>
      <types1:Name>Expedia_Product_API_v2</types1:Name>
      <types1:MimeType>application/xml+businesssconnector</types1:MimeType>
      <types1:Description>The Product API will enable Expedia lodging partners to read, create and edit room types and rate plans via APIs, without having to use Partner Central or contact their market manager. &lt;/br&gt;&lt;br/&gt;To start experimenting, please use your existing EQC credentials and properties. We've also made the following test credentials available: EQCtest12933870 / ew67nk33 assigned to test property ID 12933870.</types1:Description>
      <types1:AppliesTo/>
      <types1:Tags/>
      <types1:VersionLabel>1.0</types1:VersionLabel>
      <types1:State>CURRENT</types1:State>
      <types1:ProcessGroup/>
      <types1:CreatedBy>sorabh@na1.dm-us.org</types1:CreatedBy>
      <types1:CreationDate>2019-01-28T09:51:07Z</types1:CreationDate>
      <types1:ModifiedBy>sorabh@na1.dm-us.org</types1:ModifiedBy>
      <types1:ModificationDate>2019-02-24T07:25:50Z</types1:ModificationDate>
      <types1:PublicationStatus>published</types1:PublicationStatus>
      <types1:PublishedBy>sorabh@na1.dm-us.org</types1:PublishedBy>
      <types1:PublicationDate>2019-02-24T07:26:00Z</types1:PublicationDate>
      <types1:PublishedContributionId>project:/rt.connector/Expedia_Product_API_v2/Expedia_Product_API_v2_svcDef.xml</types1:PublishedContributionId>
      <types1:AutosaveExists>false</types1:AutosaveExists>
      <types1:Entry>
         <businessConnector xmlns="http://schemas.informatica.com/socrates/data-services/2014/05/business-connector-model.xsd"
                            agentOnly="false"
                            debug="false"
                            displayName="Expedia Product API v2"
                            label=""
                            name="Expedia_Product_API_v2"
                            uuid="581e395c-7243-4038-a236-13a6958c122c">
            <description>The Product API will enable Expedia lodging partners to read, create and edit room types and rate plans via APIs, without having to use Partner Central or contact their market manager. &lt;/br&gt;&lt;br/&gt;To start experimenting, please use your existing EQC credentials and properties. We've also made the following test credentials available: EQCtest12933870 / ew67nk33 assigned to test property ID 12933870.</description>
            <tags/>
            <connectionAttributes xmlns="http://schemas.informatica.com/appmodules/screenflow/2014/04/avosConnectors.xsd">
               <connectionAttribute description="Host Name"
                                    masked="false"
                                    name="hostName"
                                    required="true"
                                    testWith="services.expediapartnercentral.com"
                                    type="string"/>
               <connectionAttribute description="User Name"
                                    masked="false"
                                    name="username"
                                    required="true"
                                    testWith=""
                                    type="string"/>
               <connectionAttribute description="Password"
                                    masked="true"
                                    name="password"
                                    required="true"
                                    testWith=""
                                    type="string"/>
            </connectionAttributes>
            <actions>
               <action category="Room type"
                       failOnError="true"
                       forSearch="false"
                       label="createRoomType"
                       maxRedirects="100"
                       name="createRoomType"
                       preemptiveAuth="true"
                       responseEncoding="">
                  <description>Creates a new room type</description>
                  <input>
                     <parameter description="Expedia Property Id"
                                label="propertyIdPathParam"
                                name="propertyIdPathParam"
                                nogen="true"
                                required="true"
                                testWith=""
                                type="string"/>
                     <parameter description="JSON message describing the new room type"
                                label="roomTypeDTO"
                                name="roomTypeDTO"
                                required="true"
                                testWith=""
                                type="reference">
                        <options>
                           <option name="referenceTo">RoomTypeDTO</option>
                        </options>
                     </parameter>
                  </input>
                  <binding>
                     <restSimpleBinding multiUsing="semicolonSeparated"
                                        url="https://{$hostName}/properties/{$propertyIdPathParam}/roomTypes"
                                        verb="POST">
                        <authentication>
                           <username>{$username}</username>
                           <password>{$password}</password>
                           <isExpressionInPassword>true</isExpressionInPassword>
                        </authentication>
                        <httpHeaders>
                           <header name="Content-Type">application/vnd.expedia.eps.product-v2+json</header>
                           <header name="Accept">application/vnd.expedia.eps.product-v2+json</header>
                        </httpHeaders>
                        <body generateUsing="UnwrappedJSON" preserveJsonStringFormatting="false"/>
                     </restSimpleBinding>
                  </binding>
                  <output/>
               </action>
               <action category="Room type"
                       failOnError="true"
                       forSearch="false"
                       label="getRoomTypes"
                       maxRedirects="100"
                       name="getRoomTypes"
                       preemptiveAuth="true"
                       responseEncoding="">
                  <description>Obtain a list of room types for a given property</description>
                  <input>
                     <parameter description="Expedia Property ID"
                                label="propertyIdPathParam"
                                name="propertyIdPathParam"
                                nogen="true"
                                required="true"
                                testWith=""
                                type="string"/>
                     <parameter description="Status filter. Only supported value is &#34;all&#34;."
                                label="status"
                                name="status"
                                required="false"
                                testWith=""
                                type="string"/>
                  </input>
                  <binding>
                     <restSimpleBinding multiUsing="semicolonSeparated"
                                        url="https://{$hostName}/properties/{$propertyIdPathParam}/roomTypes"
                                        verb="GET">
                        <authentication>
                           <username>{$username}</username>
                           <password>{$password}</password>
                           <isExpressionInPassword>true</isExpressionInPassword>
                        </authentication>
                        <httpHeaders>
                           <header name="Content-Type">application/json</header>
                           <header name="Accept">application/vnd.expedia.eps.product-v2+json</header>
                        </httpHeaders>
                     </restSimpleBinding>
                  </binding>
                  <output>
                     <field description="OK"
                            entireResponse="true"
                            name="ResponseWrapperDTO_List_RoomTypeDTO_"
                            type="reference">
                        <options>
                           <option name="referenceTo">ResponseWrapperDTO_List_RoomTypeDTO_</option>
                        </options>
                     </field>
                  </output>
               </action>
               <action category="Rate plan"
                       failOnError="true"
                       forSearch="false"
                       label="createRatePlan"
                       maxRedirects="100"
                       name="createRatePlan"
                       preemptiveAuth="true"
                       responseEncoding="">
                  <description>Creates a new rate plan</description>
                  <input>
                     <parameter description="Expedia Property ID"
                                label="propertyIdPathParam"
                                name="propertyIdPathParam"
                                nogen="true"
                                required="true"
                                testWith=""
                                type="string"/>
                     <parameter description="Room type resource ID"
                                label="roomTypeIdPathParam"
                                name="roomTypeIdPathParam"
                                nogen="true"
                                required="true"
                                testWith=""
                                type="string"/>
                     <parameter description="JSON message describing the new rate plan"
                                label="ratePlanDTO"
                                name="ratePlanDTO"
                                required="true"
                                testWith=""
                                type="reference">
                        <options>
                           <option name="referenceTo">RatePlanDTO</option>
                        </options>
                     </parameter>
                  </input>
                  <binding>
                     <restSimpleBinding multiUsing="semicolonSeparated"
                                        url="https://{$hostName}/properties/{$propertyIdPathParam}/roomTypes/{$roomTypeIdPathParam}/ratePlans"
                                        verb="POST">
                        <authentication>
                           <username>{$username}</username>
                           <password>{$password}</password>
                           <isExpressionInPassword>true</isExpressionInPassword>
                        </authentication>
                        <httpHeaders>
                           <header name="Content-Type">application/vnd.expedia.eps.product-v2+json</header>
                           <header name="Accept">application/vnd.expedia.eps.product-v2+json</header>
                        </httpHeaders>
                        <body generateUsing="UnwrappedJSON" preserveJsonStringFormatting="false"/>
                     </restSimpleBinding>
                  </binding>
                  <output/>
               </action>
               <action category="Rate plan"
                       failOnError="true"
                       forSearch="false"
                       label="getRatePlans"
                       maxRedirects="100"
                       name="getRatePlans"
                       preemptiveAuth="true"
                       responseEncoding="">
                  <description>Obtain a list of rate plans</description>
                  <input>
                     <parameter description="Expedia Property ID"
                                label="propertyIdPathParam"
                                name="propertyIdPathParam"
                                nogen="true"
                                required="true"
                                testWith=""
                                type="string"/>
                     <parameter description="Room type resource ID"
                                label="roomTypeIdPathParam"
                                name="roomTypeIdPathParam"
                                nogen="true"
                                required="true"
                                testWith=""
                                type="string"/>
                     <parameter description="Status filter. String. Only supported value is &#34;all&#34;."
                                label="status"
                                name="status"
                                required="false"
                                testWith=""
                                type="string"/>
                  </input>
                  <binding>
                     <restSimpleBinding multiUsing="semicolonSeparated"
                                        url="https://{$hostName}/properties/{$propertyIdPathParam}/roomTypes/{$roomTypeIdPathParam}/ratePlans"
                                        verb="GET">
                        <authentication>
                           <username>{$username}</username>
                           <password>{$password}</password>
                           <isExpressionInPassword>true</isExpressionInPassword>
                        </authentication>
                        <httpHeaders>
                           <header name="Content-Type">application/json</header>
                           <header name="Accept">application/vnd.expedia.eps.product-v2+json</header>
                        </httpHeaders>
                     </restSimpleBinding>
                  </binding>
                  <output>
                     <field description="OK"
                            entireResponse="true"
                            name="ResponseWrapperDTO_List_RatePlanDTO_"
                            type="reference">
                        <options>
                           <option name="referenceTo">ResponseWrapperDTO_List_RatePlanDTO_</option>
                        </options>
                     </field>
                  </output>
               </action>
               <action category="Property"
                       failOnError="true"
                       forSearch="false"
                       label="getProperties"
                       maxRedirects="100"
                       name="getProperties"
                       preemptiveAuth="true"
                       responseEncoding="">
                  <description>Obtain a list of properties</description>
                  <input>
                     <parameter description="Status filter. String. Only supported value is &#34;all&#34;."
                                label="status"
                                name="status"
                                required="false"
                                testWith=""
                                type="string"/>
                     <parameter description="Pagination offset. Integer starting at 0"
                                label="offset"
                                name="offset"
                                required="false"
                                testWith=""
                                type="string"/>
                     <parameter description="Pagination limit. Integer between 1 and 200."
                                label="limit"
                                name="limit"
                                required="false"
                                testWith=""
                                type="string"/>
                  </input>
                  <binding>
                     <restSimpleBinding multiUsing="semicolonSeparated"
                                        url="https://{$hostName}/products/properties"
                                        verb="GET">
                        <authentication>
                           <username>{$username}</username>
                           <password>{$password}</password>
                           <isExpressionInPassword>true</isExpressionInPassword>
                        </authentication>
                        <httpHeaders>
                           <header name="Content-Type">application/json</header>
                           <header name="Accept">application/vnd.expedia.eps.product-v2+json</header>
                        </httpHeaders>
                     </restSimpleBinding>
                  </binding>
                  <output>
                     <field description="OK"
                            entireResponse="true"
                            name="ResponseWrapperDTO_List_PropertyDTO_"
                            type="reference">
                        <options>
                           <option name="referenceTo">ResponseWrapperDTO_List_PropertyDTO_</option>
                        </options>
                     </field>
                  </output>
               </action>
               <action category="Rate plan"
                       failOnError="true"
                       forSearch="false"
                       label="patchRatePlan"
                       maxRedirects="100"
                       name="patchRatePlan"
                       preemptiveAuth="true"
                       responseEncoding="">
                  <description>Patch an existing rate plan</description>
                  <input>
                     <parameter description="Expedia Property ID"
                                label="propertyIdPathParam"
                                name="propertyIdPathParam"
                                nogen="true"
                                required="true"
                                testWith=""
                                type="string"/>
                     <parameter description="Room type resource ID"
                                label="roomTypeIdPathParam"
                                name="roomTypeIdPathParam"
                                nogen="true"
                                required="true"
                                testWith=""
                                type="string"/>
                     <parameter description="Rate plan resource ID"
                                label="ratePlanIdPathParam"
                                name="ratePlanIdPathParam"
                                nogen="true"
                                required="true"
                                testWith=""
                                type="string"/>
                     <parameter description="JSON message of partially updated rate plan"
                                label="ratePlan"
                                name="ratePlan"
                                required="true"
                                testWith=""
                                type="reference">
                        <options>
                           <option name="referenceTo"/>
                        </options>
                     </parameter>
                  </input>
                  <binding>
                     <restSimpleBinding multiUsing="semicolonSeparated"
                                        url="https://{$hostName}/properties/{$propertyIdPathParam}/roomTypes/{$roomTypeIdPathParam}/ratePlans/{$ratePlanIdPathParam}"
                                        verb="PATCH">
                        <authentication>
                           <username>{$username}</username>
                           <password>{$password}</password>
                           <isExpressionInPassword>true</isExpressionInPassword>
                        </authentication>
                        <httpHeaders>
                           <header name="Content-Type">application/vnd.expedia.eps.product-v2+json</header>
                           <header name="Accept">application/vnd.expedia.eps.product-v2+json</header>
                        </httpHeaders>
                        <body generateUsing="UnwrappedJSON" preserveJsonStringFormatting="false"/>
                     </restSimpleBinding>
                  </binding>
                  <output>
                     <field description="OK"
                            entireResponse="true"
                            name="ResponseWrapperDTO_RatePlanDTO_"
                            type="reference">
                        <options>
                           <option name="referenceTo">ResponseWrapperDTO_RatePlanDTO_</option>
                        </options>
                     </field>
                  </output>
               </action>
               <action category="Rate plan"
                       failOnError="true"
                       forSearch="false"
                       label="getRatePlan"
                       maxRedirects="100"
                       name="getRatePlan"
                       preemptiveAuth="true"
                       responseEncoding="">
                  <description>Read a single rate plan</description>
                  <input>
                     <parameter description="Expedia Property ID"
                                label="propertyIdPathParam"
                                name="propertyIdPathParam"
                                nogen="true"
                                required="true"
                                testWith=""
                                type="string"/>
                     <parameter description="Room type resource ID"
                                label="roomTypeIdPathParam"
                                name="roomTypeIdPathParam"
                                nogen="true"
                                required="true"
                                testWith=""
                                type="string"/>
                     <parameter description="Rate plan resource ID"
                                label="ratePlanIdPathParam"
                                name="ratePlanIdPathParam"
                                nogen="true"
                                required="true"
                                testWith=""
                                type="string"/>
                  </input>
                  <binding>
                     <restSimpleBinding multiUsing="semicolonSeparated"
                                        url="https://{$hostName}/properties/{$propertyIdPathParam}/roomTypes/{$roomTypeIdPathParam}/ratePlans/{$ratePlanIdPathParam}"
                                        verb="GET">
                        <authentication>
                           <username>{$username}</username>
                           <password>{$password}</password>
                           <isExpressionInPassword>true</isExpressionInPassword>
                        </authentication>
                        <httpHeaders>
                           <header name="Content-Type">application/json</header>
                           <header name="Accept">application/vnd.expedia.eps.product-v2+json</header>
                        </httpHeaders>
                     </restSimpleBinding>
                  </binding>
                  <output>
                     <field description="OK"
                            entireResponse="true"
                            name="ResponseWrapperDTO_RatePlanDTO_"
                            type="reference">
                        <options>
                           <option name="referenceTo">ResponseWrapperDTO_RatePlanDTO_</option>
                        </options>
                     </field>
                  </output>
               </action>
               <action category="Rate plan"
                       failOnError="true"
                       forSearch="false"
                       label="deleteRatePlan"
                       maxRedirects="100"
                       name="deleteRatePlan"
                       preemptiveAuth="true"
                       responseEncoding="">
                  <description>Delete an existing rate plan</description>
                  <input>
                     <parameter description="Expedia Property ID"
                                label="propertyIdPathParam"
                                name="propertyIdPathParam"
                                nogen="true"
                                required="true"
                                testWith=""
                                type="string"/>
                     <parameter description="Room type resource ID"
                                label="roomTypeIdPathParam"
                                name="roomTypeIdPathParam"
                                nogen="true"
                                required="true"
                                testWith=""
                                type="string"/>
                     <parameter description="Rate plan resource ID"
                                label="ratePlanIdPathParam"
                                name="ratePlanIdPathParam"
                                nogen="true"
                                required="true"
                                testWith=""
                                type="string"/>
                  </input>
                  <binding>
                     <restSimpleBinding multiUsing="semicolonSeparated"
                                        url="https://{$hostName}/properties/{$propertyIdPathParam}/roomTypes/{$roomTypeIdPathParam}/ratePlans/{$ratePlanIdPathParam}"
                                        verb="DELETE">
                        <authentication>
                           <username>{$username}</username>
                           <password>{$password}</password>
                           <isExpressionInPassword>true</isExpressionInPassword>
                        </authentication>
                        <httpHeaders>
                           <header name="Content-Type">application/json</header>
                           <header name="Accept">application/vnd.expedia.eps.product-v2+json</header>
                        </httpHeaders>
                     </restSimpleBinding>
                  </binding>
                  <output/>
               </action>
               <action category="Rate plan"
                       failOnError="true"
                       forSearch="false"
                       label="updateRatePlan"
                       maxRedirects="100"
                       name="updateRatePlan"
                       preemptiveAuth="true"
                       responseEncoding="">
                  <description>Modify an existing rate plan</description>
                  <input>
                     <parameter description="Expedia Property ID"
                                label="propertyIdPathParam"
                                name="propertyIdPathParam"
                                nogen="true"
                                required="true"
                                testWith=""
                                type="string"/>
                     <parameter description="Room type resource ID"
                                label="roomTypeIdPathParam"
                                name="roomTypeIdPathParam"
                                nogen="true"
                                required="true"
                                testWith=""
                                type="string"/>
                     <parameter description="Rate plan resource ID"
                                label="ratePlanIdPathParam"
                                name="ratePlanIdPathParam"
                                nogen="true"
                                required="true"
                                testWith=""
                                type="string"/>
                     <parameter description="JSON message of modified rate plan"
                                label="ratePlan"
                                name="ratePlan"
                                required="true"
                                testWith=""
                                type="reference">
                        <options>
                           <option name="referenceTo">RatePlanDTO</option>
                        </options>
                     </parameter>
                  </input>
                  <binding>
                     <restSimpleBinding multiUsing="semicolonSeparated"
                                        url="https://{$hostName}/properties/{$propertyIdPathParam}/roomTypes/{$roomTypeIdPathParam}/ratePlans/{$ratePlanIdPathParam}"
                                        verb="PUT">
                        <authentication>
                           <username>{$username}</username>
                           <password>{$password}</password>
                           <isExpressionInPassword>true</isExpressionInPassword>
                        </authentication>
                        <httpHeaders>
                           <header name="Content-Type">application/vnd.expedia.eps.product-v2+json</header>
                           <header name="Accept">application/vnd.expedia.eps.product-v2+json</header>
                        </httpHeaders>
                        <body generateUsing="UnwrappedJSON" preserveJsonStringFormatting="false"/>
                     </restSimpleBinding>
                  </binding>
                  <output>
                     <field description="OK"
                            entireResponse="true"
                            name="ResponseWrapperDTO_RatePlanDTO_"
                            type="reference">
                        <options>
                           <option name="referenceTo">ResponseWrapperDTO_RatePlanDTO_</option>
                        </options>
                     </field>
                  </output>
               </action>
               <action category="Rate Verification Thresholds"
                       failOnError="true"
                       forSearch="false"
                       label="getRateVerificationThresholds"
                       maxRedirects="100"
                       name="getRateVerificationThresholds"
                       preemptiveAuth="true"
                       responseEncoding="">
                  <description>Read a single room type's rate verification thresholds</description>
                  <input>
                     <parameter description="Expedia Property ID"
                                label="propertyIdPathParam"
                                name="propertyIdPathParam"
                                nogen="true"
                                required="true"
                                testWith=""
                                type="string"/>
                     <parameter description="Room type resource ID. Integer"
                                label="roomTypeIdPathParam"
                                name="roomTypeIdPathParam"
                                nogen="true"
                                required="true"
                                testWith=""
                                type="string"/>
                  </input>
                  <binding>
                     <restSimpleBinding multiUsing="semicolonSeparated"
                                        url="https://{$hostName}/properties/{$propertyIdPathParam}/roomTypes/{$roomTypeIdPathParam}/rateThresholds"
                                        verb="GET">
                        <authentication>
                           <username>{$username}</username>
                           <password>{$password}</password>
                           <isExpressionInPassword>true</isExpressionInPassword>
                        </authentication>
                        <httpHeaders>
                           <header name="Content-Type">application/json</header>
                           <header name="Accept">application/vnd.expedia.eps.product-v2+json</header>
                        </httpHeaders>
                     </restSimpleBinding>
                  </binding>
                  <output>
                     <field description="OK"
                            entireResponse="true"
                            name="ResponseWrapperDTO_RateVerificationThresholdsDTO_"
                            type="reference">
                        <options>
                           <option name="referenceTo">ResponseWrapperDTO_RateVerificationThresholdsDTO_</option>
                        </options>
                     </field>
                  </output>
               </action>
               <action category="Room type amenities"
                       failOnError="true"
                       forSearch="false"
                       label="getRoomTypeAmenities"
                       maxRedirects="100"
                       name="getRoomTypeAmenities"
                       preemptiveAuth="true"
                       responseEncoding="">
                  <description>Read a single room type's amenities</description>
                  <input>
                     <parameter description="Expedia Property ID"
                                label="propertyIdPathParam"
                                name="propertyIdPathParam"
                                nogen="true"
                                required="true"
                                testWith=""
                                type="string"/>
                     <parameter description="Room type resource ID. Integer"
                                label="roomTypeIdPathParam"
                                name="roomTypeIdPathParam"
                                nogen="true"
                                required="true"
                                testWith=""
                                type="string"/>
                  </input>
                  <binding>
                     <restSimpleBinding multiUsing="semicolonSeparated"
                                        url="https://{$hostName}/properties/{$propertyIdPathParam}/roomTypes/{$roomTypeIdPathParam}/amenities"
                                        verb="GET">
                        <authentication>
                           <username>{$username}</username>
                           <password>{$password}</password>
                           <isExpressionInPassword>true</isExpressionInPassword>
                        </authentication>
                        <httpHeaders>
                           <header name="Content-Type">application/json</header>
                           <header name="Accept">application/vnd.expedia.eps.product-v2+json</header>
                        </httpHeaders>
                     </restSimpleBinding>
                  </binding>
                  <output>
                     <field description="OK"
                            entireResponse="true"
                            name="ResponseWrapperDTO_List_RoomTypeAmenityDTO_"
                            type="reference">
                        <options>
                           <option name="referenceTo">ResponseWrapperDTO_List_RoomTypeAmenityDTO_</option>
                        </options>
                     </field>
                  </output>
               </action>
               <action category="Room type amenities"
                       failOnError="true"
                       forSearch="false"
                       label="setRoomTypeAmenities"
                       maxRedirects="100"
                       name="setRoomTypeAmenities"
                       preemptiveAuth="true"
                       responseEncoding="">
                  <description>Set room type amenities to an existing room type</description>
                  <input>
                     <parameter description="Expedia Property Id"
                                label="propertyIdPathParam"
                                name="propertyIdPathParam"
                                nogen="true"
                                required="true"
                                testWith=""
                                type="string"/>
                     <parameter description="Room type resource ID"
                                label="roomTypeIdPathParam"
                                name="roomTypeIdPathParam"
                                nogen="true"
                                required="true"
                                testWith=""
                                type="string"/>
                     <parameter description="JSON message with the room type amenities"
                                label="roomTypeAmenityDTOs"
                                name="roomTypeAmenityDTOs"
                                required="true"
                                testWith=""
                                type="objectlist">
                        <options>
                           <option name="referenceTo">RoomTypeAmenityDTO</option>
                        </options>
                     </parameter>
                  </input>
                  <binding>
                     <restSimpleBinding multiUsing="semicolonSeparated"
                                        url="https://{$hostName}/properties/{$propertyIdPathParam}/roomTypes/{$roomTypeIdPathParam}/amenities"
                                        verb="PUT">
                        <authentication>
                           <username>{$username}</username>
                           <password>{$password}</password>
                           <isExpressionInPassword>true</isExpressionInPassword>
                        </authentication>
                        <httpHeaders>
                           <header name="Content-Type">application/vnd.expedia.eps.product-v2+json</header>
                           <header name="Accept">application/vnd.expedia.eps.product-v2+json</header>
                        </httpHeaders>
                        <body generateUsing="UnwrappedJSON" preserveJsonStringFormatting="false"/>
                     </restSimpleBinding>
                  </binding>
                  <output>
                     <field description="OK"
                            entireResponse="true"
                            name="ResponseWrapperDTO_List_RoomTypeAmenityDTO_"
                            type="reference">
                        <options>
                           <option name="referenceTo">ResponseWrapperDTO_List_RoomTypeAmenityDTO_</option>
                        </options>
                     </field>
                  </output>
               </action>
               <action category="Room type"
                       failOnError="true"
                       forSearch="false"
                       label="patchRoomType"
                       maxRedirects="100"
                       name="patchRoomType"
                       preemptiveAuth="true"
                       responseEncoding="">
                  <description>Patch an existing room type</description>
                  <input>
                     <parameter description="Expedia Property Id"
                                label="propertyIdPathParam"
                                name="propertyIdPathParam"
                                nogen="true"
                                required="true"
                                testWith=""
                                type="string"/>
                     <parameter description="Room type resource ID"
                                label="roomTypeIdPathParam"
                                name="roomTypeIdPathParam"
                                nogen="true"
                                required="true"
                                testWith=""
                                type="string"/>
                     <parameter description="JSON message of partially updated room type"
                                label="roomTypeBody"
                                name="roomTypeBody"
                                required="true"
                                testWith=""
                                type="reference">
                        <options>
                           <option name="referenceTo"/>
                        </options>
                     </parameter>
                  </input>
                  <binding>
                     <restSimpleBinding multiUsing="semicolonSeparated"
                                        url="https://{$hostName}/properties/{$propertyIdPathParam}/roomTypes/{$roomTypeIdPathParam}"
                                        verb="PATCH">
                        <authentication>
                           <username>{$username}</username>
                           <password>{$password}</password>
                           <isExpressionInPassword>true</isExpressionInPassword>
                        </authentication>
                        <httpHeaders>
                           <header name="Content-Type">application/vnd.expedia.eps.product-v2+json</header>
                           <header name="Accept">application/vnd.expedia.eps.product-v2+json</header>
                        </httpHeaders>
                        <body generateUsing="UnwrappedJSON" preserveJsonStringFormatting="false"/>
                     </restSimpleBinding>
                  </binding>
                  <output>
                     <field description="OK"
                            entireResponse="true"
                            name="ResponseWrapperDTO_RoomTypeDTO_"
                            type="reference">
                        <options>
                           <option name="referenceTo">ResponseWrapperDTO_RoomTypeDTO_</option>
                        </options>
                     </field>
                  </output>
               </action>
               <action category="Room type"
                       failOnError="true"
                       forSearch="false"
                       label="getRoomType"
                       maxRedirects="100"
                       name="getRoomType"
                       preemptiveAuth="true"
                       responseEncoding="">
                  <description>Read a single room type from a given property</description>
                  <input>
                     <parameter description="Expedia Property ID"
                                label="propertyIdPathParam"
                                name="propertyIdPathParam"
                                nogen="true"
                                required="true"
                                testWith=""
                                type="string"/>
                     <parameter description="Room type resource ID. Integer"
                                label="roomTypeIdPathParam"
                                name="roomTypeIdPathParam"
                                nogen="true"
                                required="true"
                                testWith=""
                                type="string"/>
                  </input>
                  <binding>
                     <restSimpleBinding multiUsing="semicolonSeparated"
                                        url="https://{$hostName}/properties/{$propertyIdPathParam}/roomTypes/{$roomTypeIdPathParam}"
                                        verb="GET">
                        <authentication>
                           <username>{$username}</username>
                           <password>{$password}</password>
                           <isExpressionInPassword>true</isExpressionInPassword>
                        </authentication>
                        <httpHeaders>
                           <header name="Content-Type">application/json</header>
                           <header name="Accept">application/vnd.expedia.eps.product-v2+json</header>
                        </httpHeaders>
                     </restSimpleBinding>
                  </binding>
                  <output>
                     <field description="OK"
                            entireResponse="true"
                            name="ResponseWrapperDTO_RoomTypeDTO_"
                            type="reference">
                        <options>
                           <option name="referenceTo">ResponseWrapperDTO_RoomTypeDTO_</option>
                        </options>
                     </field>
                  </output>
               </action>
               <action category="Room type"
                       failOnError="true"
                       forSearch="false"
                       label="updateRoomType"
                       maxRedirects="100"
                       name="updateRoomType"
                       preemptiveAuth="true"
                       responseEncoding="">
                  <description>Modify an existing room type</description>
                  <input>
                     <parameter description="Expedia Property Id"
                                label="propertyIdPathParam"
                                name="propertyIdPathParam"
                                nogen="true"
                                required="true"
                                testWith=""
                                type="string"/>
                     <parameter description="Room type resource ID"
                                label="roomTypeIdPathParam"
                                name="roomTypeIdPathParam"
                                nogen="true"
                                required="true"
                                testWith=""
                                type="string"/>
                     <parameter description="JSON message with modified room type"
                                label="roomTypeDTO"
                                name="roomTypeDTO"
                                required="true"
                                testWith=""
                                type="reference">
                        <options>
                           <option name="referenceTo">RoomTypeDTO</option>
                        </options>
                     </parameter>
                  </input>
                  <binding>
                     <restSimpleBinding multiUsing="semicolonSeparated"
                                        url="https://{$hostName}/properties/{$propertyIdPathParam}/roomTypes/{$roomTypeIdPathParam}"
                                        verb="PUT">
                        <authentication>
                           <username>{$username}</username>
                           <password>{$password}</password>
                           <isExpressionInPassword>true</isExpressionInPassword>
                        </authentication>
                        <httpHeaders>
                           <header name="Content-Type">application/vnd.expedia.eps.product-v2+json</header>
                           <header name="Accept">application/vnd.expedia.eps.product-v2+json</header>
                        </httpHeaders>
                        <body generateUsing="UnwrappedJSON" preserveJsonStringFormatting="false"/>
                     </restSimpleBinding>
                  </binding>
                  <output>
                     <field description="OK"
                            entireResponse="true"
                            name="ResponseWrapperDTO_RoomTypeDTO_"
                            type="reference">
                        <options>
                           <option name="referenceTo">ResponseWrapperDTO_RoomTypeDTO_</option>
                        </options>
                     </field>
                  </output>
               </action>
               <action category="Property"
                       failOnError="true"
                       forSearch="false"
                       label="getProperty"
                       maxRedirects="100"
                       name="getProperty"
                       preemptiveAuth="true"
                       responseEncoding="">
                  <description>Read a single property</description>
                  <input>
                     <parameter description="Expedia Property ID"
                                label="propertyIdPathParam"
                                name="propertyIdPathParam"
                                nogen="true"
                                required="true"
                                testWith=""
                                type="string"/>
                  </input>
                  <binding>
                     <restSimpleBinding multiUsing="semicolonSeparated"
                                        url="https://{$hostName}/products/properties/{$propertyIdPathParam}"
                                        verb="GET">
                        <authentication>
                           <username>{$username}</username>
                           <password>{$password}</password>
                           <isExpressionInPassword>true</isExpressionInPassword>
                        </authentication>
                        <httpHeaders>
                           <header name="Content-Type">application/json</header>
                           <header name="Accept">application/vnd.expedia.eps.product-v2+json</header>
                        </httpHeaders>
                     </restSimpleBinding>
                  </binding>
                  <output>
                     <field description="OK"
                            entireResponse="true"
                            name="ResponseWrapperDTO_PropertyDTO_"
                            type="reference">
                        <options>
                           <option name="referenceTo">ResponseWrapperDTO_PropertyDTO_</option>
                        </options>
                     </field>
                  </output>
               </action>
            </actions>
            <objects>
               <processObject xmlns="http://schemas.active-endpoints.com/appmodules/screenflow/2011/06/avosHostEnvironment.xsd"
                              isByCopy="true"
                              name="ServiceFeesPerPersonDTO">
                  <description/>
                  <detail>
                     <field name="amountPerStay" type="double"/>
                     <field name="dateStart" type="date"/>
                     <field name="isTaxable" type="boolean"/>
                     <field name="dateEnd" type="date"/>
                     <field name="amountPerNight" type="double"/>
                     <field name="ageCategory" type="picklist">
                        <options>
                           <option name="values">[{"value":"Adult","label":"Adult"},{"value":"ChildAgeA","label":"ChildAgeA"},{"value":"ChildAgeB","label":"ChildAgeB"},{"value":"ChildAgeC","label":"ChildAgeC"},{"value":"ChildAgeD","label":"ChildAgeD"},{"value":"Infant","label":"Infant"}]</option>
                        </options>
                     </field>
                  </detail>
               </processObject>
               <processObject xmlns="http://schemas.active-endpoints.com/appmodules/screenflow/2011/06/avosHostEnvironment.xsd"
                              isByCopy="true"
                              name="ResponseWrapperDTO_List_RoomTypeDTO_">
                  <description/>
                  <detail>
                     <field name="entity" type="objectlist">
                        <options>
                           <option name="referenceTo">RoomTypeDTO</option>
                           <option name="relationshipName">Child</option>
                        </options>
                     </field>
                     <field name="errors" type="objectlist">
                        <options>
                           <option name="referenceTo">ErrorDTO</option>
                           <option name="relationshipName">Child</option>
                        </options>
                     </field>
                  </detail>
               </processObject>
               <processObject xmlns="http://schemas.active-endpoints.com/appmodules/screenflow/2011/06/avosHostEnvironment.xsd"
                              isByCopy="true"
                              name="DistributionRuleDTO">
                  <description/>
                  <detail>
                     <field name="partnerCode" type="string"/>
                     <field name="compensation" type="reference">
                        <options>
                           <option name="referenceTo">CompensationRuleDTO</option>
                           <option name="relationshipName">Child</option>
                        </options>
                     </field>
                     <field name="distributionModel" type="picklist">
                        <options>
                           <option name="values">[{"value":"HotelCollect","label":"HotelCollect"},{"value":"ExpediaCollect","label":"ExpediaCollect"}]</option>
                        </options>
                     </field>
                     <field name="expediaId" type="string"/>
                     <field name="manageable" type="boolean"/>
                  </detail>
               </processObject>
               <processObject xmlns="http://schemas.active-endpoints.com/appmodules/screenflow/2011/06/avosHostEnvironment.xsd"
                              isByCopy="true"
                              name="RateVerificationThresholdsDTOLinks">
                  <description/>
                  <detail>
                     <field name="self" type="reference">
                        <options>
                           <option name="referenceTo">LinkDTO</option>
                           <option name="relationshipName">Child</option>
                        </options>
                     </field>
                  </detail>
               </processObject>
               <processObject xmlns="http://schemas.active-endpoints.com/appmodules/screenflow/2011/06/avosHostEnvironment.xsd"
                              isByCopy="true"
                              name="ErrorDTO">
                  <description/>
                  <detail>
                     <field name="code" type="int"/>
                     <field name="message" type="string"/>
                  </detail>
               </processObject>
               <processObject xmlns="http://schemas.active-endpoints.com/appmodules/screenflow/2011/06/avosHostEnvironment.xsd"
                              isByCopy="true"
                              name="PeriodDTO">
                  <description/>
                  <detail>
                     <field name="dateStart" type="date"/>
                     <field name="dateEnd" type="date"/>
                  </detail>
               </processObject>
               <processObject xmlns="http://schemas.active-endpoints.com/appmodules/screenflow/2011/06/avosHostEnvironment.xsd"
                              isByCopy="true"
                              name="PropertyAddressDTO">
                  <description/>
                  <detail>
                     <field name="city" type="string"/>
                     <field name="countryCode" type="string"/>
                     <field name="postalCode" type="string"/>
                     <field name="state" type="string"/>
                     <field name="line2" type="string"/>
                     <field name="line1" type="string"/>
                  </detail>
               </processObject>
               <processObject xmlns="http://schemas.active-endpoints.com/appmodules/screenflow/2011/06/avosHostEnvironment.xsd"
                              isByCopy="true"
                              name="RoomTypeDTO">
                  <description/>
                  <detail>
                     <field name="resourceId" type="int"/>
                     <field name="partnerCode" type="string"/>
                     <field name="SC__links" type="reference">
                        <options>
                           <option name="referenceTo">RoomTypeDTOLinks</option>
                           <option name="relationshipName">Child</option>
                        </options>
                     </field>
                     <field name="ageCategories" type="objectlist">
                        <options>
                           <option name="referenceTo">RoomTypeAgeCategoryDTO</option>
                           <option name="relationshipName">Child</option>
                        </options>
                     </field>
                     <field name="standardBedding" type="objectlist">
                        <options>
                           <option name="referenceTo">BeddingOptionDTO</option>
                           <option name="relationshipName">Child</option>
                        </options>
                     </field>
                     <field name="extraBedding" type="objectlist">
                        <options>
                           <option name="referenceTo">ExtraBedDTO</option>
                           <option name="relationshipName">Child</option>
                        </options>
                     </field>
                     <field name="wheelchairAccessibility" type="boolean"/>
                     <field name="roomSize" type="reference">
                        <options>
                           <option name="referenceTo">RoomSizeDTO</option>
                           <option name="relationshipName">Child</option>
                        </options>
                     </field>
                     <field name="name" type="reference">
                        <options>
                           <option name="referenceTo">RoomTypeNameDTO</option>
                           <option name="relationshipName">Child</option>
                        </options>
                     </field>
                     <field name="maxOccupancy" type="reference">
                        <options>
                           <option name="referenceTo">OccupancyDTO</option>
                           <option name="relationshipName">Child</option>
                        </options>
                     </field>
                     <field name="views" type="picklist">
                        <options>
                           <option name="values">[{"value":"Bay View","label":"Bay View"},{"value":"Beach View","label":"Beach View"},{"value":"Canal View","label":"Canal View"},{"value":"City View","label":"City View"},{"value":"Courtyard View","label":"Courtyard View"},{"value":"Desert View","label":"Desert View"},{"value":"Garden View","label":"Garden View"},{"value":"Golf View","label":"Golf View"},{"value":"Harbor View","label":"Harbor View"},{"value":"Hill View","label":"Hill View"},{"value":"Lagoon View","label":"Lagoon View"},{"value":"Lake View","label":"Lake View"},{"value":"Partial Lake View","label":"Partial Lake View"},{"value":"Marina View","label":"Marina View"},{"value":"Mountain View","label":"Mountain View"},{"value":"Ocean View","label":"Ocean View"},{"value":"Partial Ocean View","label":"Partial Ocean View"},{"value":"Park View","label":"Park View"},{"value":"Pool View","label":"Pool View"},{"value":"Resort View","label":"Resort View"},{"value":"River View","label":"River View"},{"value":"Sea View","label":"Sea View"},{"value":"Partial Sea View","label":"Partial Sea View"},{"value":"Valley View","label":"Valley View"},{"value":"Vineyard View","label":"Vineyard View"},{"value":"Water View","label":"Water View"}]</option>
                        </options>
                     </field>
                     <field name="smokingPreferences" type="picklist">
                        <options>
                           <option name="values">[{"value":"Smoking","label":"Smoking"},{"value":"Non-Smoking","label":"Non-Smoking"}]</option>
                        </options>
                     </field>
                     <field name="status" type="picklist">
                        <options>
                           <option name="values">[{"value":"Active","label":"Active"},{"value":"Inactive","label":"Inactive"}]</option>
                        </options>
                     </field>
                  </detail>
               </processObject>
               <processObject xmlns="http://schemas.active-endpoints.com/appmodules/screenflow/2011/06/avosHostEnvironment.xsd"
                              isByCopy="true"
                              name="CancelPolicyExceptionDTO">
                  <description/>
                  <detail>
                     <field name="penalties" type="objectlist">
                        <options>
                           <option name="referenceTo">PenaltyDTO</option>
                           <option name="relationshipName">Child</option>
                        </options>
                     </field>
                     <field name="endDate" type="date"/>
                     <field name="startDate" type="date"/>
                  </detail>
               </processObject>
               <processObject xmlns="http://schemas.active-endpoints.com/appmodules/screenflow/2011/06/avosHostEnvironment.xsd"
                              isByCopy="true"
                              name="RatePlanDTOLinks">
                  <description/>
                  <detail>
                     <field name="derivedRatePlans" type="objectlist">
                        <options>
                           <option name="referenceTo">LinkDTO</option>
                           <option name="relationshipName">Child</option>
                        </options>
                     </field>
                     <field name="depositPolicy" type="reference">
                        <options>
                           <option name="referenceTo">LinkDTO</option>
                           <option name="relationshipName">Child</option>
                        </options>
                     </field>
                     <field name="self" type="reference">
                        <options>
                           <option name="referenceTo">LinkDTO</option>
                           <option name="relationshipName">Child</option>
                        </options>
                     </field>
                     <field name="parentRatePlan" type="reference">
                        <options>
                           <option name="referenceTo">LinkDTO</option>
                           <option name="relationshipName">Child</option>
                        </options>
                     </field>
                  </detail>
               </processObject>
               <processObject xmlns="http://schemas.active-endpoints.com/appmodules/screenflow/2011/06/avosHostEnvironment.xsd"
                              isByCopy="true"
                              name="AdditionalGuestAmountDTO">
                  <description/>
                  <detail>
                     <field name="amount" type="double"/>
                     <field name="dateStart" type="date"/>
                     <field name="dateEnd" type="date"/>
                     <field name="ageCategory" type="picklist">
                        <options>
                           <option name="values">[{"value":"Adult","label":"Adult"},{"value":"ChildAgeA","label":"ChildAgeA"},{"value":"ChildAgeB","label":"ChildAgeB"},{"value":"ChildAgeC","label":"ChildAgeC"},{"value":"ChildAgeD","label":"ChildAgeD"},{"value":"Infant","label":"Infant"}]</option>
                        </options>
                     </field>
                     <field name="percent" type="double"/>
                  </detail>
               </processObject>
               <processObject xmlns="http://schemas.active-endpoints.com/appmodules/screenflow/2011/06/avosHostEnvironment.xsd"
                              isByCopy="true"
                              name="RateVerificationThresholdsDTO">
                  <description/>
                  <detail>
                     <field name="minAmount" type="double"/>
                     <field name="SC__links" type="reference">
                        <options>
                           <option name="referenceTo">RateVerificationThresholdsDTOLinks</option>
                           <option name="relationshipName">Child</option>
                        </options>
                     </field>
                     <field name="source" type="picklist">
                        <options>
                           <option name="values">[{"value":"RecentBookings","label":"RecentBookings"},{"value":"ManualOverride","label":"ManualOverride"}]</option>
                        </options>
                     </field>
                     <field name="type" type="picklist">
                        <options>
                           <option name="values">[{"value":"NetRate","label":"NetRate"},{"value":"SellLAR","label":"SellLAR"}]</option>
                        </options>
                     </field>
                     <field name="maxAmount" type="double"/>
                  </detail>
               </processObject>
               <processObject xmlns="http://schemas.active-endpoints.com/appmodules/screenflow/2011/06/avosHostEnvironment.xsd"
                              isByCopy="true"
                              name="RoomTypeDTOLinks">
                  <description/>
                  <detail>
                     <field name="self" type="reference">
                        <options>
                           <option name="referenceTo">LinkDTO</option>
                           <option name="relationshipName">Child</option>
                        </options>
                     </field>
                  </detail>
               </processObject>
               <processObject xmlns="http://schemas.active-endpoints.com/appmodules/screenflow/2011/06/avosHostEnvironment.xsd"
                              isByCopy="true"
                              name="CompensationRuleDTO">
                  <description/>
                  <detail>
                     <field name="minAmount" type="double"/>
                     <field name="percent" type="double"/>
                     <field name="exceptions" type="objectlist">
                        <options>
                           <option name="referenceTo">CompensationExceptionRuleDTO</option>
                           <option name="relationshipName">Child</option>
                        </options>
                     </field>
                  </detail>
               </processObject>
               <processObject xmlns="http://schemas.active-endpoints.com/appmodules/screenflow/2011/06/avosHostEnvironment.xsd"
                              isByCopy="true"
                              name="RoomTypeAmenityDTO">
                  <description/>
                  <detail>
                     <field name="code" type="string"/>
                     <field name="detailCode" type="string"/>
                     <field name="value" type="double"/>
                  </detail>
               </processObject>
               <processObject xmlns="http://schemas.active-endpoints.com/appmodules/screenflow/2011/06/avosHostEnvironment.xsd"
                              isByCopy="true"
                              name="ServiceFeesPerStayDTO">
                  <description/>
                  <detail>
                     <field name="amountPerStay" type="double"/>
                     <field name="isTaxable" type="boolean"/>
                     <field name="amountPerNight" type="double"/>
                     <field name="percent" type="double"/>
                  </detail>
               </processObject>
               <processObject xmlns="http://schemas.active-endpoints.com/appmodules/screenflow/2011/06/avosHostEnvironment.xsd"
                              isByCopy="true"
                              name="ResponseWrapperDTO_List_RatePlanDTO_">
                  <description/>
                  <detail>
                     <field name="entity" type="objectlist">
                        <options>
                           <option name="referenceTo">RatePlanDTO</option>
                           <option name="relationshipName">Child</option>
                        </options>
                     </field>
                     <field name="errors" type="objectlist">
                        <options>
                           <option name="referenceTo">ErrorDTO</option>
                           <option name="relationshipName">Child</option>
                        </options>
                     </field>
                  </detail>
               </processObject>
               <processObject xmlns="http://schemas.active-endpoints.com/appmodules/screenflow/2011/06/avosHostEnvironment.xsd"
                              isByCopy="true"
                              name="BeddingOptionDTO">
                  <description/>
                  <detail>
                     <field name="option" type="objectlist">
                        <options>
                           <option name="referenceTo">BedDTO</option>
                           <option name="relationshipName">Child</option>
                        </options>
                     </field>
                  </detail>
               </processObject>
               <processObject xmlns="http://schemas.active-endpoints.com/appmodules/screenflow/2011/06/avosHostEnvironment.xsd"
                              isByCopy="true"
                              name="ResponseWrapperDTO_List_PropertyDTO_">
                  <description/>
                  <detail>
                     <field name="entity" type="objectlist">
                        <options>
                           <option name="referenceTo">PropertyDTO</option>
                           <option name="relationshipName">Child</option>
                        </options>
                     </field>
                     <field name="errors" type="objectlist">
                        <options>
                           <option name="referenceTo">ErrorDTO</option>
                           <option name="relationshipName">Child</option>
                        </options>
                     </field>
                  </detail>
               </processObject>
               <processObject xmlns="http://schemas.active-endpoints.com/appmodules/screenflow/2011/06/avosHostEnvironment.xsd"
                              isByCopy="true"
                              name="ExtraBedDTO">
                  <description/>
                  <detail>
                     <field name="surcharge" type="reference">
                        <options>
                           <option name="referenceTo">SurchargeDTO</option>
                           <option name="relationshipName">Child</option>
                        </options>
                     </field>
                     <field name="quantity" type="int"/>
                     <field name="size" type="string"/>
                     <field name="type" type="picklist">
                        <options>
                           <option name="values">[{"value":"Crib","label":"Crib"},{"value":"Day Bed","label":"Day Bed"},{"value":"Rollaway Bed","label":"Rollaway Bed"},{"value":"Sofa Bed","label":"Sofa Bed"}]</option>
                        </options>
                     </field>
                  </detail>
               </processObject>
               <processObject xmlns="http://schemas.active-endpoints.com/appmodules/screenflow/2011/06/avosHostEnvironment.xsd"
                              isByCopy="true"
                              name="RnsAttributesDTO">
                  <description/>
                  <detail>
                     <field name="area" type="string"/>
                     <field name="includeBedType" type="boolean"/>
                     <field name="view" type="string"/>
                     <field name="featuredAmenity" type="string"/>
                     <field name="accessibility" type="boolean"/>
                     <field name="typeOfRoom" type="string"/>
                     <field name="customLabel" type="string"/>
                     <field name="bedroomDetails" type="string"/>
                     <field name="roomClass" type="string"/>
                     <field name="includeSmokingPref" type="boolean"/>
                  </detail>
               </processObject>
               <processObject xmlns="http://schemas.active-endpoints.com/appmodules/screenflow/2011/06/avosHostEnvironment.xsd"
                              isByCopy="true"
                              name="PenaltyDTO">
                  <description/>
                  <detail>
                     <field name="amount" type="double"/>
                     <field name="deadline" type="int"/>
                     <field name="perStayFee" type="picklist">
                        <options>
                           <option name="values">[{"value":"None","label":"None"},{"value":"1stNightRoomAndTax","label":"1stNightRoomAndTax"},{"value":"2NightsRoomAndTax","label":"2NightsRoomAndTax"},{"value":"10PercentCostOfStay","label":"10PercentCostOfStay"},{"value":"20PercentCostOfStay","label":"20PercentCostOfStay"},{"value":"30PercentCostOfStay","label":"30PercentCostOfStay"},{"value":"40PercentCostOfStay","label":"40PercentCostOfStay"},{"value":"50PercentCostOfStay","label":"50PercentCostOfStay"},{"value":"60PercentCostOfStay","label":"60PercentCostOfStay"},{"value":"70PercentCostOfStay","label":"70PercentCostOfStay"},{"value":"80PercentCostOfStay","label":"80PercentCostOfStay"},{"value":"90PercentCostOfStay","label":"90PercentCostOfStay"},{"value":"FullCostOfStay","label":"FullCostOfStay"}]</option>
                        </options>
                     </field>
                  </detail>
               </processObject>
               <processObject xmlns="http://schemas.active-endpoints.com/appmodules/screenflow/2011/06/avosHostEnvironment.xsd"
                              isByCopy="true"
                              name="OccupancyDTO">
                  <description/>
                  <detail>
                     <field name="total" type="int"/>
                     <field name="children" type="int"/>
                     <field name="adults" type="int"/>
                  </detail>
               </processObject>
               <processObject xmlns="http://schemas.active-endpoints.com/appmodules/screenflow/2011/06/avosHostEnvironment.xsd"
                              isByCopy="true"
                              name="RatePlanDTO">
                  <description/>
                  <detail>
                     <field name="valueAddInclusions" type="objectlist">
                        <options>
                           <option name="referenceTo">string</option>
                           <option name="relationshipName">Child</option>
                        </options>
                     </field>
                     <field name="ratePlanLinkage" type="reference">
                        <options>
                           <option name="referenceTo">RatePlanLinkageDTO</option>
                           <option name="relationshipName">Child</option>
                        </options>
                     </field>
                     <field name="resourceId" type="int"/>
                     <field name="depositRequired" type="boolean"/>
                     <field name="SC__links" type="reference">
                        <options>
                           <option name="referenceTo">RatePlanDTOLinks</option>
                           <option name="relationshipName">Child</option>
                        </options>
                     </field>
                     <field name="rateAcquisitionType" type="picklist">
                        <options>
                           <option name="values">[{"value":"NetRate","label":"NetRate"},{"value":"SellLAR","label":"SellLAR"}]</option>
                        </options>
                     </field>
                     <field name="bookDateEnd" type="date"/>
                     <field name="type" type="picklist">
                        <options>
                           <option name="values">[{"value":"Standalone","label":"Standalone"},{"value":"Package","label":"Package"},{"value":"Corporate","label":"Corporate"}]</option>
                        </options>
                     </field>
                     <field name="maxLOSDefault" type="int"/>
                     <field name="taxInclusive" type="boolean"/>
                     <field name="bookDateStart" type="date"/>
                     <field name="maxAdvBookDays" type="int"/>
                     <field name="minAdvBookDays" type="int"/>
                     <field name="additionalGuestAmounts" type="objectlist">
                        <options>
                           <option name="referenceTo">AdditionalGuestAmountDTO</option>
                           <option name="relationshipName">Child</option>
                        </options>
                     </field>
                     <field name="creationDateTime" type="datetime"/>
                     <field name="pricingModel" type="picklist">
                        <options>
                           <option name="values">[{"value":"PerDayPricing","label":"PerDayPricing"},{"value":"PerDayPricingByDayOfArrival","label":"PerDayPricingByDayOfArrival"},{"value":"OccupancyBasedPricing","label":"OccupancyBasedPricing"},{"value":"OccupancyBasedPricingByDayOfArrival","label":"OccupancyBasedPricingByDayOfArrival"}]</option>
                        </options>
                     </field>
                     <field name="distributionRules" type="objectlist">
                        <options>
                           <option name="referenceTo">DistributionRuleDTO</option>
                           <option name="relationshipName">Child</option>
                        </options>
                     </field>
                     <field name="lastUpdateDateTime" type="datetime"/>
                     <field name="occupantsForBaseRate" type="int"/>
                     <field name="cancelPolicy" type="reference">
                        <options>
                           <option name="referenceTo">CancelPolicyDTO</option>
                           <option name="relationshipName">Child</option>
                        </options>
                     </field>
                     <field name="minLOSDefault" type="int"/>
                     <field name="travelDateEnd" type="date"/>
                     <field name="serviceFeesPerStay" type="objectlist">
                        <options>
                           <option name="referenceTo">ServiceFeesPerStayDTO</option>
                           <option name="relationshipName">Child</option>
                        </options>
                     </field>
                     <field name="name" type="string"/>
                     <field name="serviceFeesPerPerson" type="objectlist">
                        <options>
                           <option name="referenceTo">ServiceFeesPerPersonDTO</option>
                           <option name="relationshipName">Child</option>
                        </options>
                     </field>
                     <field name="travelDateStart" type="date"/>
                     <field name="mobileOnly" type="boolean"/>
                     <field name="status" type="picklist">
                        <options>
                           <option name="values">[{"value":"Active","label":"Active"},{"value":"Inactive","label":"Inactive"}]</option>
                        </options>
                     </field>
                  </detail>
               </processObject>
               <processObject xmlns="http://schemas.active-endpoints.com/appmodules/screenflow/2011/06/avosHostEnvironment.xsd"
                              isByCopy="true"
                              name="LinkDTO">
                  <description/>
                  <detail>
                     <field name="href" type="string"/>
                  </detail>
               </processObject>
               <processObject xmlns="http://schemas.active-endpoints.com/appmodules/screenflow/2011/06/avosHostEnvironment.xsd"
                              isByCopy="true"
                              name="BedDTO">
                  <description/>
                  <detail>
                     <field name="quantity" type="int"/>
                     <field name="size" type="string"/>
                     <field name="type" type="picklist">
                        <options>
                           <option name="values">[{"value":"Bunk Bed","label":"Bunk Bed"},{"value":"Full Bed","label":"Full Bed"},{"value":"Futon","label":"Futon"},{"value":"King Bed","label":"King Bed"},{"value":"Murphy Bed","label":"Murphy Bed"},{"value":"Queen Bed","label":"Queen Bed"},{"value":"Sofa Bed","label":"Sofa Bed"},{"value":"Trundle Bed","label":"Trundle Bed"},{"value":"Twin Bed","label":"Twin Bed"},{"value":"Twin XL Bed","label":"Twin XL Bed"},{"value":"Water Bed","label":"Water Bed"}]</option>
                        </options>
                     </field>
                  </detail>
               </processObject>
               <processObject xmlns="http://schemas.active-endpoints.com/appmodules/screenflow/2011/06/avosHostEnvironment.xsd"
                              isByCopy="true"
                              name="RatePlanLinkageDTO">
                  <description/>
                  <detail>
                     <field name="deriveClosedToArrival" type="boolean"/>
                     <field name="deriveClosedToDeparture" type="boolean"/>
                     <field name="deriveLengthOfStayRestriction" type="boolean"/>
                     <field name="deriveAvailabilityStatus" type="boolean"/>
                     <field name="rateDerivationRules" type="objectlist">
                        <options>
                           <option name="referenceTo">RateDerivationRuleDTO</option>
                           <option name="relationshipName">Child</option>
                        </options>
                     </field>
                  </detail>
               </processObject>
               <processObject xmlns="http://schemas.active-endpoints.com/appmodules/screenflow/2011/06/avosHostEnvironment.xsd"
                              isByCopy="true"
                              name="ResponseWrapperDTO_RoomTypeDTO_">
                  <description/>
                  <detail>
                     <field name="entity" type="reference">
                        <options>
                           <option name="referenceTo">RoomTypeDTO</option>
                           <option name="relationshipName">Child</option>
                        </options>
                     </field>
                     <field name="errors" type="objectlist">
                        <options>
                           <option name="referenceTo">ErrorDTO</option>
                           <option name="relationshipName">Child</option>
                        </options>
                     </field>
                  </detail>
               </processObject>
               <processObject xmlns="http://schemas.active-endpoints.com/appmodules/screenflow/2011/06/avosHostEnvironment.xsd"
                              isByCopy="true"
                              name="ResponseWrapperDTO_RatePlanDTO_">
                  <description/>
                  <detail>
                     <field name="entity" type="reference">
                        <options>
                           <option name="referenceTo">RatePlanDTO</option>
                           <option name="relationshipName">Child</option>
                        </options>
                     </field>
                     <field name="errors" type="objectlist">
                        <options>
                           <option name="referenceTo">ErrorDTO</option>
                           <option name="relationshipName">Child</option>
                        </options>
                     </field>
                  </detail>
               </processObject>
               <processObject xmlns="http://schemas.active-endpoints.com/appmodules/screenflow/2011/06/avosHostEnvironment.xsd"
                              isByCopy="true"
                              name="RoomTypeAgeCategoryDTO">
                  <description/>
                  <detail>
                     <field name="minAge" type="int"/>
                     <field name="category" type="picklist">
                        <options>
                           <option name="values">[{"value":"Adult","label":"Adult"},{"value":"ChildAgeA","label":"ChildAgeA"},{"value":"ChildAgeB","label":"ChildAgeB"},{"value":"ChildAgeC","label":"ChildAgeC"},{"value":"ChildAgeD","label":"ChildAgeD"},{"value":"Infant","label":"Infant"}]</option>
                        </options>
                     </field>
                  </detail>
               </processObject>
               <processObject xmlns="http://schemas.active-endpoints.com/appmodules/screenflow/2011/06/avosHostEnvironment.xsd"
                              isByCopy="true"
                              name="CompensationExceptionRuleDTO">
                  <description/>
                  <detail>
                     <field name="thu" type="boolean"/>
                     <field name="minAmount" type="double"/>
                     <field name="tue" type="boolean"/>
                     <field name="dateStart" type="date"/>
                     <field name="sat" type="boolean"/>
                     <field name="wed" type="boolean"/>
                     <field name="dateEnd" type="date"/>
                     <field name="fri" type="boolean"/>
                     <field name="mon" type="boolean"/>
                     <field name="percent" type="double"/>
                     <field name="sun" type="boolean"/>
                  </detail>
               </processObject>
               <processObject xmlns="http://schemas.active-endpoints.com/appmodules/screenflow/2011/06/avosHostEnvironment.xsd"
                              isByCopy="true"
                              name="CutOffDTO">
                  <description/>
                  <detail>
                     <field name="time" type="string"/>
                     <field name="day" type="picklist">
                        <options>
                           <option name="values">[{"value":"sameDay","label":"sameDay"},{"value":"nextDay","label":"nextDay"}]</option>
                        </options>
                     </field>
                  </detail>
               </processObject>
               <processObject xmlns="http://schemas.active-endpoints.com/appmodules/screenflow/2011/06/avosHostEnvironment.xsd"
                              isByCopy="true"
                              name="RoomTypeNameDTO">
                  <description/>
                  <detail>
                     <field name="attributes" type="reference">
                        <options>
                           <option name="referenceTo">RnsAttributesDTO</option>
                           <option name="relationshipName">Child</option>
                        </options>
                     </field>
                     <field name="value" type="string"/>
                  </detail>
               </processObject>
               <processObject xmlns="http://schemas.active-endpoints.com/appmodules/screenflow/2011/06/avosHostEnvironment.xsd"
                              isByCopy="true"
                              name="ResponseWrapperDTO_PropertyDTO_">
                  <description/>
                  <detail>
                     <field name="entity" type="reference">
                        <options>
                           <option name="referenceTo">PropertyDTO</option>
                           <option name="relationshipName">Child</option>
                        </options>
                     </field>
                     <field name="errors" type="objectlist">
                        <options>
                           <option name="referenceTo">ErrorDTO</option>
                           <option name="relationshipName">Child</option>
                        </options>
                     </field>
                  </detail>
               </processObject>
               <processObject xmlns="http://schemas.active-endpoints.com/appmodules/screenflow/2011/06/avosHostEnvironment.xsd"
                              isByCopy="true"
                              name="ResponseWrapperDTO_RateVerificationThresholdsDTO_">
                  <description/>
                  <detail>
                     <field name="entity" type="reference">
                        <options>
                           <option name="referenceTo">RateVerificationThresholdsDTO</option>
                           <option name="relationshipName">Child</option>
                        </options>
                     </field>
                     <field name="errors" type="objectlist">
                        <options>
                           <option name="referenceTo">ErrorDTO</option>
                           <option name="relationshipName">Child</option>
                        </options>
                     </field>
                  </detail>
               </processObject>
               <processObject xmlns="http://schemas.active-endpoints.com/appmodules/screenflow/2011/06/avosHostEnvironment.xsd"
                              isByCopy="true"
                              name="SurchargeDTO">
                  <description/>
                  <detail>
                     <field name="amount" type="double"/>
                     <field name="type" type="picklist">
                        <options>
                           <option name="values">[{"value":"Free","label":"Free"},{"value":"Per Day","label":"Per Day"},{"value":"Per Night","label":"Per Night"},{"value":"Per Week","label":"Per Week"},{"value":"Per Stay","label":"Per Stay"}]</option>
                        </options>
                     </field>
                  </detail>
               </processObject>
               <processObject xmlns="http://schemas.active-endpoints.com/appmodules/screenflow/2011/06/avosHostEnvironment.xsd"
                              isByCopy="true"
                              name="CancelPolicyDTO">
                  <description/>
                  <detail>
                     <field name="defaultPenalties" type="objectlist">
                        <options>
                           <option name="referenceTo">PenaltyDTO</option>
                           <option name="relationshipName">Child</option>
                        </options>
                     </field>
                     <field name="exceptions" type="objectlist">
                        <options>
                           <option name="referenceTo">CancelPolicyExceptionDTO</option>
                           <option name="relationshipName">Child</option>
                        </options>
                     </field>
                  </detail>
               </processObject>
               <processObject xmlns="http://schemas.active-endpoints.com/appmodules/screenflow/2011/06/avosHostEnvironment.xsd"
                              isByCopy="true"
                              name="RateDerivationRuleDTO">
                  <description/>
                  <detail>
                     <field name="dateStart" type="date"/>
                     <field name="adjustmentType" type="picklist">
                        <options>
                           <option name="values">[{"value":"Percentage","label":"Percentage"},{"value":"Amount","label":"Amount"}]</option>
                        </options>
                     </field>
                     <field name="adjustmentValue" type="double"/>
                     <field name="dateEnd" type="date"/>
                     <field name="exclusionDates" type="objectlist">
                        <options>
                           <option name="referenceTo">PeriodDTO</option>
                           <option name="relationshipName">Child</option>
                        </options>
                     </field>
                  </detail>
               </processObject>
               <processObject xmlns="http://schemas.active-endpoints.com/appmodules/screenflow/2011/06/avosHostEnvironment.xsd"
                              isByCopy="true"
                              name="ResponseWrapperDTO_List_RoomTypeAmenityDTO_">
                  <description/>
                  <detail>
                     <field name="entity" type="objectlist">
                        <options>
                           <option name="referenceTo">RoomTypeAmenityDTO</option>
                           <option name="relationshipName">Child</option>
                        </options>
                     </field>
                     <field name="errors" type="objectlist">
                        <options>
                           <option name="referenceTo">ErrorDTO</option>
                           <option name="relationshipName">Child</option>
                        </options>
                     </field>
                  </detail>
               </processObject>
               <processObject xmlns="http://schemas.active-endpoints.com/appmodules/screenflow/2011/06/avosHostEnvironment.xsd"
                              isByCopy="true"
                              name="PropertyDTO">
                  <description/>
                  <detail>
                     <field name="pricingModel" type="picklist">
                        <options>
                           <option name="values">[{"value":"PerDayPricing","label":"PerDayPricing"},{"value":"OccupancyBasedPricing","label":"OccupancyBasedPricing"}]</option>
                        </options>
                     </field>
                     <field name="resourceId" type="int"/>
                     <field name="address" type="reference">
                        <options>
                           <option name="referenceTo">PropertyAddressDTO</option>
                           <option name="relationshipName">Child</option>
                        </options>
                     </field>
                     <field name="partnerCode" type="string"/>
                     <field name="cancellationTime" type="string"/>
                     <field name="timezone" type="string"/>
                     <field name="rateAcquisitionType" type="picklist">
                        <options>
                           <option name="values">[{"value":"NetRate","label":"NetRate"},{"value":"SellLAR","label":"SellLAR"}]</option>
                        </options>
                     </field>
                     <field name="reservationCutOff" type="reference">
                        <options>
                           <option name="referenceTo">CutOffDTO</option>
                           <option name="relationshipName">Child</option>
                        </options>
                     </field>
                     <field name="distributionModels" type="picklist">
                        <options>
                           <option name="values">[{"value":"ExpediaCollect","label":"ExpediaCollect"},{"value":"HotelCollect","label":"HotelCollect"}]</option>
                        </options>
                     </field>
                     <field name="taxInclusive" type="boolean"/>
                     <field name="name" type="string"/>
                     <field name="currency" type="string"/>
                     <field name="ratePlanLinkageEnabled" type="boolean"/>
                     <field name="baseAllocationEnabled" type="boolean"/>
                     <field name="status" type="picklist">
                        <options>
                           <option name="values">[{"value":"Active","label":"Active"},{"value":"Inactive","label":"Inactive"},{"value":"Onboarding","label":"Onboarding"},{"value":"UnderConversion","label":"UnderConversion"}]</option>
                        </options>
                     </field>
                  </detail>
               </processObject>
               <processObject xmlns="http://schemas.active-endpoints.com/appmodules/screenflow/2011/06/avosHostEnvironment.xsd"
                              isByCopy="true"
                              name="RoomSizeDTO">
                  <description/>
                  <detail>
                     <field name="squareMeters" type="int"/>
                     <field name="squareFeet" type="int"/>
                  </detail>
               </processObject>
               <processObject xmlns="http://schemas.active-endpoints.com/appmodules/screenflow/2011/06/avosHostEnvironment.xsd"
                              isByCopy="true"
                              name="string">
                  <description/>
                  <detail>
                     <field name="string" type="string"/>
                  </detail>
               </processObject>
               <processObject xmlns="http://schemas.active-endpoints.com/appmodules/screenflow/2011/06/avosHostEnvironment.xsd"
                              isByCopy="true"
                              name="boolean">
                  <description/>
                  <detail>
                     <field name="boolean" type="boolean"/>
                  </detail>
               </processObject>
               <processObject xmlns="http://schemas.active-endpoints.com/appmodules/screenflow/2011/06/avosHostEnvironment.xsd"
                              isByCopy="true"
                              name="double">
                  <description/>
                  <detail>
                     <field name="double" type="double"/>
                  </detail>
               </processObject>
               <processObject xmlns="http://schemas.active-endpoints.com/appmodules/screenflow/2011/06/avosHostEnvironment.xsd"
                              isByCopy="true"
                              name="integer">
                  <description/>
                  <detail>
                     <field name="integer" type="int"/>
                  </detail>
               </processObject>
            </objects>
         </businessConnector>
      </types1:Entry>
      <types1:GUID>23ZhQ7Xrmo7fjjYN7jhmGf</types1:GUID>
      <types1:DisplayName>Expedia Product API v2</types1:DisplayName>
   </types1:Item>
   <types1:CurrentServerDateTime>2019-02-24T07:26:21.078Z</types1:CurrentServerDateTime>
</aetgt:getResponse>
