<aetgt:getResponse xmlns:aetgt="http://schemas.active-endpoints.com/appmodules/repository/2010/10/avrepository.xsd"
                   xmlns:types1="http://schemas.active-endpoints.com/appmodules/repository/2010/10/avrepository.xsd">
   <types1:Item>
      <types1:EntryId>yGoQwg74Rpf6JfO-gt-291944-2018-10-15T02:11:46.394Z::conn.xml</types1:EntryId>
      <types1:Name>Git-Contents-API-actions</types1:Name>
      <types1:ParentFlowIds>6BCQrXhNUdyOoMd-gt-291954-2018-10-15T02:11:46.935Z::pd.xml,abdqpw0VPNzUzeA-gt-291964-2018-10-15T02:11:47.015Z::pd.xml</types1:ParentFlowIds>
      <types1:MimeType>application/xml+connection</types1:MimeType>
      <types1:Description/>
      <types1:AppliesTo/>
      <types1:Tags/>
      <types1:VersionLabel>1.0</types1:VersionLabel>
      <types1:State>CURRENT</types1:State>
      <types1:ProcessGroup/>
      <types1:CreatedBy>freddielabtest</types1:CreatedBy>
      <types1:CreationDate>2018-10-15T02:11:46Z</types1:CreationDate>
      <types1:ModifiedBy>freddielabtest</types1:ModifiedBy>
      <types1:ModificationDate>2018-10-15T02:13:07Z</types1:ModificationDate>
      <types1:PublicationStatus>unpublished</types1:PublicationStatus>
      <types1:AutosaveExists>false</types1:AutosaveExists>
      <types1:Entry>
         <connection xmlns="http://schemas.informatica.com/socrates/data-services/2014/04/avosConnections.xsd"
                     displayName="Git-Contents-API-actions"
                     label="Git-Contents-API-actions"
                     name="Git-Contents-API-actions">
            <description/>
            <tags/>
            <agent/>
            <attributes>
               <attribute encrypted="false" name="username" value=""/>
               <attribute encrypted="false" name="password" value=""/>
               <attribute encrypted="false" name="baseURL" value=""/>
               <attribute encrypted="false" name="owner" value=""/>
               <attribute encrypted="false" name="repo" value=""/>
               <attribute encrypted="false" name="branch" value=""/>
            </attributes>
            <businessConnector xmlns="http://schemas.informatica.com/appmodules/screenflow/2014/04/avosConnectors.xsd"
                               agentOnly="false"
                               connectorPath="project:/rt.connector/Git_Contents_API/Git_Contents_API_svcDef.xml"
                               guid="4m3ATOjPAZ9dF6C4FMVekJ"
                               name="Git_Contents_API"
                               supportsConnectionTest="false"
                               uuid="516eedb8-1d47-46a1-bbaa-8a74613884e3">
               <description>This service connectors provides actions for Git Contents API. Refer https://developer.github.com/v3/repos/contents/ </description>
            </businessConnector>
         </connection>
      </types1:Entry>
      <types1:GUID>aiONrKnYcz4dGW1B88x6cF</types1:GUID>
      <types1:DisplayName>Git-Contents-API-actions</types1:DisplayName>
   </types1:Item>
   <types1:CurrentServerDateTime>2018-10-15T02:14:02.882Z</types1:CurrentServerDateTime>
</aetgt:getResponse>
