{
  "name" : "NetSuite-debug",
  "sourceOrgId" : "7IJhF8s0e6bdUq4GnCuF8F",
  "sourceOrgName" : "Informatica",
  "exportedObjects" : [ {
    "objectGuid" : "31VUxGXnOb9gCMeJBDMryw",
    "objectName" : "NetSuite-API-actions",
    "objectType" : "AI_CONNECTION",
    "path" : "/Explore/NetSuite",
    "metadata" : {
      "modelVersion" : {
        "major" : 1,
        "minor" : 0
      },
      "repoInfo" : {
        "repoHandle" : "P9RdtIS7T1cnFKi-gt-510724-2018-09-12T17:23:31.663Z::conn.xml"
      },
      "objectRefs" : [ ],
      "contextAttributes" : null,
      "additionalInfo" : {
        "description" : "",
        "contentType" : "application/json; charset=utf-8",
        "documentState" : "INVALID"
      },
      "objectExistence" : "WITH_DEPENDENCIES"
    }
  }, {
    "objectGuid" : "7kZxvZzEzO4i3L8wEkDyEp",
    "objectName" : "NetSuite API",
    "objectType" : "AI_SERVICE_CONNECTOR",
    "path" : "/Explore/NetSuite",
    "metadata" : {
      "modelVersion" : {
        "major" : 1,
        "minor" : 0
      },
      "repoInfo" : {
        "repoHandle" : "AKmabeAzu2JQhtG-gt-621735-2018-09-12T17:23:31.431Z::svc.xml"
      },
      "objectRefs" : [ ],
      "contextAttributes" : null,
      "additionalInfo" : {
        "description" : "Provides NetSuite Services: Get, Create, Update, Search - Items, Records, and Transactions.",
        "contentType" : "Binary",
        "documentState" : "VALID"
      },
      "objectExistence" : "WITH_DEPENDENCIES"
    }
  }, {
    "objectGuid" : "9rmqJDEoYrKfpuisIvH8o9",
    "objectName" : "NetSuite",
    "objectType" : "Project",
    "path" : "/Explore",
    "metadata" : {
      "modelVersion" : {
        "major" : 0,
        "minor" : 0
      },
      "repoInfo" : null,
      "objectRefs" : [ ],
      "contextAttributes" : [ ],
      "additionalInfo" : {
        "description" : "",
        "contentType" : "Binary",
        "documentState" : "COMPLETE"
      },
      "objectExistence" : "WITHOUT_DEPENDENCIES"
    }
  }, {
    "objectGuid" : "9ViAfgKPA9qlWtbf12Cbgl",
    "objectName" : "NetSuite Customer Update",
    "objectType" : "PROCESS",
    "path" : "/Explore/NetSuite",
    "metadata" : {
      "modelVersion" : {
        "major" : 1,
        "minor" : 0
      },
      "repoInfo" : {
        "repoHandle" : "6CjqFVNN5Kaaabb-gt-2866735-2018-09-12T17:23:31.935Z::pd.xml"
      },
      "objectRefs" : [ "31VUxGXnOb9gCMeJBDMryw" ],
      "contextAttributes" : null,
      "additionalInfo" : {
        "description" : "Takes as input the NetSuite customer number, customer name, and the new phone number.\n\nThe NetSuite credentials are specified in the Connection.",
        "contentType" : "application/json; charset=utf-8",
        "documentState" : "VALID"
      },
      "objectExistence" : "WITH_DEPENDENCIES"
    }
  }, {
    "objectGuid" : "jHLvbllKnIShGIt1sEJN8C",
    "objectName" : "NetSuite Customer Lookup by ID",
    "objectType" : "PROCESS",
    "path" : "/Explore/NetSuite",
    "metadata" : {
      "modelVersion" : {
        "major" : 1,
        "minor" : 0
      },
      "repoInfo" : {
        "repoHandle" : "3s8NTYglxbdypKw-gt-2866725-2018-09-12T17:23:31.879Z::pd.xml"
      },
      "objectRefs" : [ "31VUxGXnOb9gCMeJBDMryw" ],
      "contextAttributes" : null,
      "additionalInfo" : {
        "description" : "Retrieve a single customer record using a NetSuite ID. That is the only input required.\n\nThe NetSuite credentials are specified in the Connection.",
        "contentType" : "application/json; charset=utf-8",
        "documentState" : "VALID"
      },
      "objectExistence" : "WITH_DEPENDENCIES"
    }
  } ]
}