{
  "name" : "AllScripts PM Service Connector Package 1018",
  "sourceOrgId" : "jfXS1Yt6v0OkJwqp7PEcm7",
  "sourceOrgName" : "Informatica",
  "exportedObjects" : [ {
    "objectGuid" : "6N8FWU3ZskEdmQjH7Aw4oi",
    "objectName" : "AllScripts PracticeManagement 1402",
    "objectType" : "AI_SERVICE_CONNECTOR",
    "path" : "/Explore/AllScripts Practice Management",
    "metadata" : {
      "modelVersion" : {
        "major" : 1,
        "minor" : 0
      },
      "repoInfo" : {
        "repoHandle" : "BIQaaa-gt-1043247-2018-10-23T23:23:18.44Z::svc.xml"
      },
      "objectRefs" : [ ],
      "contextAttributes" : null,
      "additionalInfo" : {
        "description" : "AllScripts Practice Management APIs for PRO-PM GA Practice Management 14.0.2 (AZURE)",
        "contentType" : "application/json; charset=utf-8",
        "documentState" : "VALID"
      }
    }
  }, {
    "objectGuid" : "2OChF8wP2fxl1fJL092ncW",
    "objectName" : "AllScripts-PracticeManagement-1402-actions",
    "objectType" : "AI_CONNECTION",
    "path" : "/Explore/AllScripts Practice Management",
    "metadata" : {
      "modelVersion" : {
        "major" : 1,
        "minor" : 0
      },
      "repoInfo" : {
        "repoHandle" : "Y9OdsreK8ZAZf5k-gt-1043239-2018-10-23T23:23:18.1Z::conn.xml"
      },
      "objectRefs" : [ ],
      "contextAttributes" : null,
      "additionalInfo" : {
        "description" : "",
        "contentType" : "application/json; charset=utf-8",
        "documentState" : "INVALID"
      }
    }
  }, {
    "objectGuid" : "9AuZCk3ej2tkzWZp4xQTGX",
    "objectName" : "AllScripts Practice Management",
    "objectType" : "Project",
    "path" : "/Explore",
    "metadata" : {
      "modelVersion" : {
        "major" : 0,
        "minor" : 0
      },
      "repoInfo" : null,
      "objectRefs" : [ ],
      "contextAttributes" : [ ],
      "additionalInfo" : {
        "description" : "This project contains the AllScripts Practice Management Service Connector, a Connection, and a sample process for accessing the AllScripts environment from CAI.",
        "contentType" : "Binary",
        "documentState" : "COMPLETE"
      }
    }
  }, {
    "objectGuid" : "g5Dl067fF68lVqR5EMZgq4",
    "objectName" : "Search Patients",
    "objectType" : "PROCESS",
    "path" : "/Explore/AllScripts Practice Management",
    "metadata" : {
      "modelVersion" : {
        "major" : 1,
        "minor" : 0
      },
      "repoInfo" : {
        "repoHandle" : "Vyaaaaa-gt-1043260-2018-10-23T23:23:18.764Z::pd.xml"
      },
      "objectRefs" : [ "2OChF8wP2fxl1fJL092ncW" ],
      "contextAttributes" : null,
      "additionalInfo" : {
        "description" : "Searches AllScripts PracticeManagement for patients.",
        "contentType" : "application/json; charset=utf-8",
        "documentState" : "VALID"
      }
    }
  } ]
}