<aetgt:getResponse xmlns:aetgt="http://schemas.active-endpoints.com/appmodules/repository/2010/10/avrepository.xsd"
                   xmlns:types1="http://schemas.active-endpoints.com/appmodules/repository/2010/10/avrepository.xsd">
   <types1:Item>
      <types1:EntryId>T8SOlA1vyoY2G7Q-gt-3053596-2019-01-23T13:30:36.741Z::svc.xml</types1:EntryId>
      <types1:Name>Concur_Entry_Attendee_Associations_API_v3</types1:Name>
      <types1:MimeType>application/xml+businesssconnector</types1:MimeType>
      <types1:Description>The Entry Attendee Associations resource manages the relationship between the attendees and the expense report and entry, for the specified expense entry. This resource does not include the full attendee information, which can be accessed using the Attendees resource. This API provides methods to view, create, update, and delete entry attendee associations.</types1:Description>
      <types1:AppliesTo/>
      <types1:Tags/>
      <types1:VersionLabel>1.0</types1:VersionLabel>
      <types1:State>CURRENT</types1:State>
      <types1:ProcessGroup/>
      <types1:CreatedBy>sorabh@na1.dm-us.org</types1:CreatedBy>
      <types1:CreationDate>2019-01-23T13:30:37Z</types1:CreationDate>
      <types1:ModifiedBy/>
      <types1:PublicationStatus>published</types1:PublicationStatus>
      <types1:PublishedBy>sorabh@na1.dm-us.org</types1:PublishedBy>
      <types1:PublicationDate>2019-01-23T13:31:17Z</types1:PublicationDate>
      <types1:PublishedContributionId>project:/rt.connector/Concur_Entry_Attendee_Associations_API_v3/Concur_Entry_Attendee_Associations_API_v3_svcDef.xml</types1:PublishedContributionId>
      <types1:AutosaveExists>false</types1:AutosaveExists>
      <types1:Entry>
         <businessConnector xmlns="http://schemas.informatica.com/socrates/data-services/2014/05/business-connector-model.xsd"
                            agentOnly="false"
                            debug="false"
                            displayName="Concur Entry Attendee Associations API v3"
                            label=""
                            name="Concur_Entry_Attendee_Associations_API_v3"
                            uuid="eba01410-1180-4399-92b8-b0e59e189fc3">
            <description>The Entry Attendee Associations resource manages the relationship between the attendees and the expense report and entry, for the specified expense entry. This resource does not include the full attendee information, which can be accessed using the Attendees resource. This API provides methods to view, create, update, and delete entry attendee associations.</description>
            <tags/>
            <connectionAttributes xmlns="http://schemas.informatica.com/appmodules/screenflow/2014/04/avosConnectors.xsd">
               <connectionAttribute description="Host Name"
                                    masked="false"
                                    name="hostName"
                                    required="true"
                                    testWith="www.concursolutions.com"
                                    type="string"/>
            </connectionAttributes>
            <actions>
               <action category="Resources"
                       failOnError="true"
                       forSearch="false"
                       label="GET_expense_entryattendeeassociations_id_"
                       maxRedirects="100"
                       name="GET_expense_entryattendeeassociations_id_"
                       preemptiveAuth="true"
                       responseEncoding="">
                  <description>Get a single entry-attendee association by ID. Gets an entry-attendee association by ID.</description>
                  <input>
                     <parameter description="The ID of the entry-attendee association."
                                label="idPathParam"
                                name="idPathParam"
                                nogen="true"
                                required="true"
                                testWith=""
                                type="string"/>
                     <parameter description="The login ID of the user who owns this entry-attendee association. The user must have the Web Services Admin role to use this parameter."
                                label="user"
                                name="user"
                                required="false"
                                testWith=""
                                type="string"/>
                  </input>
                  <binding>
                     <restSimpleBinding multiUsing="semicolonSeparated"
                                        url="https://{$hostName}/api/v3.0/expense/entryattendeeassociations/{$idPathParam}"
                                        verb="GET">
                        <httpHeaders>
                           <header name="Content-Type">application/json</header>
                           <header name="Accept">application/json</header>
                        </httpHeaders>
                     </restSimpleBinding>
                  </binding>
                  <output>
                     <field description="Success"
                            entireResponse="true"
                            name="EntryAttendeeAssociationGet"
                            type="reference">
                        <options>
                           <option name="referenceTo">EntryAttendeeAssociationGet</option>
                        </options>
                     </field>
                  </output>
               </action>
               <action category="Resources"
                       failOnError="true"
                       forSearch="false"
                       label="DELETE_expense_entryattendeeassociations_id_"
                       maxRedirects="100"
                       name="DELETE_expense_entryattendeeassociations_id_"
                       preemptiveAuth="true"
                       responseEncoding="">
                  <description>Delete an entry-attendee association by ID. Deletes the specified entry-attendee association.</description>
                  <input>
                     <parameter description="The ID of the entry-attendee association to delete."
                                label="idPathParam"
                                name="idPathParam"
                                nogen="true"
                                required="true"
                                testWith=""
                                type="string"/>
                     <parameter description="The login ID of the user who owns this entry-attendee association. The user must have the Web Services Admin role to use this parameter."
                                label="user"
                                name="user"
                                required="false"
                                testWith=""
                                type="string"/>
                  </input>
                  <binding>
                     <restSimpleBinding multiUsing="semicolonSeparated"
                                        url="https://{$hostName}/api/v3.0/expense/entryattendeeassociations/{$idPathParam}"
                                        verb="DELETE">
                        <httpHeaders>
                           <header name="Content-Type">application/json</header>
                           <header name="Accept">application/json</header>
                        </httpHeaders>
                     </restSimpleBinding>
                  </binding>
                  <output>
                     <field description="Success"
                            entireResponse="true"
                            name="Void"
                            type="reference">
                        <options>
                           <option name="referenceTo">Void</option>
                        </options>
                     </field>
                  </output>
               </action>
               <action category="Resources"
                       failOnError="true"
                       forSearch="false"
                       label="PUT_expense_entryattendeeassociations_id_"
                       maxRedirects="100"
                       name="PUT_expense_entryattendeeassociations_id_"
                       preemptiveAuth="true"
                       responseEncoding="">
                  <description>Update an entry-attendee association by ID. Updates the specified entry-attendee association. Only the fields provided in the supplied object will be updated. Missing fields will not be altered.</description>
                  <input>
                     <parameter description="The ID of the entry-attendee association."
                                label="idPathParam"
                                name="idPathParam"
                                nogen="true"
                                required="true"
                                testWith=""
                                type="string"/>
                     <parameter description="The partial or complete EntryAttendeeAssociation object to update."
                                label="content"
                                name="content"
                                required="true"
                                testWith=""
                                type="reference">
                        <options>
                           <option name="referenceTo">EntryAttendeeAssociationPut</option>
                        </options>
                     </parameter>
                     <parameter description="The login ID of the user who owns this entry-attendee association. The user must have the Web Services Admin role to use this parameter."
                                label="user"
                                name="user"
                                required="false"
                                testWith=""
                                type="string"/>
                  </input>
                  <binding>
                     <restSimpleBinding multiUsing="semicolonSeparated"
                                        url="https://{$hostName}/api/v3.0/expense/entryattendeeassociations/{$idPathParam}"
                                        verb="PUT">
                        <httpHeaders>
                           <header name="Content-Type">application/json</header>
                           <header name="Accept">application/json</header>
                        </httpHeaders>
                        <body generateUsing="UnwrappedJSON" preserveJsonStringFormatting="false"/>
                     </restSimpleBinding>
                  </binding>
                  <output>
                     <field description="Success"
                            entireResponse="true"
                            name="Void"
                            type="reference">
                        <options>
                           <option name="referenceTo">Void</option>
                        </options>
                     </field>
                  </output>
               </action>
               <action category="Resources"
                       failOnError="true"
                       forSearch="false"
                       label="POST_expense_entryattendeeassociations"
                       maxRedirects="100"
                       name="POST_expense_entryattendeeassociations"
                       preemptiveAuth="true"
                       responseEncoding="">
                  <description>Create a new entry-attendee association. This is the association between an expense entry and an attendee. Creates a new entry-attendee association.</description>
                  <input>
                     <parameter description="The EntryAttendeeAssociation object to create."
                                label="content"
                                name="content"
                                required="true"
                                testWith=""
                                type="reference">
                        <options>
                           <option name="referenceTo">EntryAttendeeAssociationPost</option>
                        </options>
                     </parameter>
                     <parameter description="The login ID of the user who owns this entry-attendee association. The user must have the Web Services Admin role to use this parameter."
                                label="user"
                                name="user"
                                required="false"
                                testWith=""
                                type="string"/>
                  </input>
                  <binding>
                     <restSimpleBinding multiUsing="semicolonSeparated"
                                        url="https://{$hostName}/api/v3.0/expense/entryattendeeassociations"
                                        verb="POST">
                        <httpHeaders>
                           <header name="Content-Type">application/json</header>
                           <header name="Accept">application/json</header>
                        </httpHeaders>
                        <body generateUsing="UnwrappedJSON" preserveJsonStringFormatting="false"/>
                     </restSimpleBinding>
                  </binding>
                  <output>
                     <field description="Success"
                            entireResponse="true"
                            name="CreateResponse"
                            type="reference">
                        <options>
                           <option name="referenceTo">CreateResponse</option>
                        </options>
                     </field>
                  </output>
               </action>
               <action category="Resources"
                       failOnError="true"
                       forSearch="false"
                       label="GET_expense_entryattendeeassociations"
                       maxRedirects="100"
                       name="GET_expense_entryattendeeassociations"
                       preemptiveAuth="true"
                       responseEncoding="">
                  <description>Get all entry-attendee associations. Gets all entry-attendee associations owned by the user. These are the associations between an expense entry and an attendee.</description>
                  <input>
                     <parameter description="The ID of the entry for which to retrieve entry-attendee associations."
                                label="entryID"
                                name="entryID"
                                required="false"
                                testWith=""
                                type="string"/>
                     <parameter description="The starting point of the next set of results, after the limit specified in the limit field has been reached."
                                label="offset"
                                name="offset"
                                required="false"
                                testWith=""
                                type="string"/>
                     <parameter description="The number of records to return. Default value: 25"
                                label="limit"
                                name="limit"
                                required="false"
                                testWith=""
                                type="int"/>
                     <parameter description="The login ID of the user who owns this entry-attendee association. The user must have the Web Services Admin role to use this parameter."
                                label="user"
                                name="user"
                                required="false"
                                testWith=""
                                type="string"/>
                  </input>
                  <binding>
                     <restSimpleBinding multiUsing="semicolonSeparated"
                                        url="https://{$hostName}/api/v3.0/expense/entryattendeeassociations"
                                        verb="GET">
                        <httpHeaders>
                           <header name="Content-Type">application/json</header>
                           <header name="Accept">application/json</header>
                        </httpHeaders>
                     </restSimpleBinding>
                  </binding>
                  <output>
                     <field description="Success"
                            entireResponse="true"
                            name="EntryAttendeeAssociationCollection"
                            type="reference">
                        <options>
                           <option name="referenceTo">EntryAttendeeAssociationCollection</option>
                        </options>
                     </field>
                  </output>
               </action>
            </actions>
            <objects>
               <processObject xmlns="http://schemas.active-endpoints.com/appmodules/screenflow/2011/06/avosHostEnvironment.xsd"
                              isByCopy="true"
                              name="Decimal">
                  <description/>
                  <detail/>
               </processObject>
               <processObject xmlns="http://schemas.active-endpoints.com/appmodules/screenflow/2011/06/avosHostEnvironment.xsd"
                              isByCopy="true"
                              name="CreateResponse">
                  <description/>
                  <detail>
                     <field name="ID" type="string"/>
                     <field name="URI" type="string"/>
                  </detail>
               </processObject>
               <processObject xmlns="http://schemas.active-endpoints.com/appmodules/screenflow/2011/06/avosHostEnvironment.xsd"
                              isByCopy="true"
                              name="Nullable_1">
                  <description/>
                  <detail>
                     <field name="Value" type="reference">
                        <options>
                           <option name="referenceTo">Decimal</option>
                           <option name="relationshipName">Child</option>
                        </options>
                     </field>
                     <field name="HasValue" type="boolean"/>
                  </detail>
               </processObject>
               <processObject xmlns="http://schemas.active-endpoints.com/appmodules/screenflow/2011/06/avosHostEnvironment.xsd"
                              isByCopy="true"
                              name="EntryAttendeeAssociationGet">
                  <description/>
                  <detail>
                     <field name="Custom4" type="string"/>
                     <field name="AssociatedAttendeeCount" type="int"/>
                     <field name="Custom3" type="string"/>
                     <field name="Custom2" type="string"/>
                     <field name="Custom1" type="string"/>
                     <field name="EntryID" type="string"/>
                     <field name="Amount" type="double"/>
                     <field name="Custom5" type="string"/>
                     <field name="ID" type="string"/>
                     <field name="URI" type="string"/>
                     <field name="AttendeeID" type="string"/>
                  </detail>
               </processObject>
               <processObject xmlns="http://schemas.active-endpoints.com/appmodules/screenflow/2011/06/avosHostEnvironment.xsd"
                              isByCopy="true"
                              name="EntryAttendeeAssociationPost">
                  <description/>
                  <detail>
                     <field name="Custom4" type="string"/>
                     <field name="AssociatedAttendeeCount" type="int"/>
                     <field name="Custom3" type="string"/>
                     <field name="Custom2" type="string"/>
                     <field name="Custom1" type="string"/>
                     <field name="EntryID" type="string"/>
                     <field name="Amount" type="double"/>
                     <field name="Custom5" type="string"/>
                     <field name="AttendeeID" type="string"/>
                  </detail>
               </processObject>
               <processObject xmlns="http://schemas.active-endpoints.com/appmodules/screenflow/2011/06/avosHostEnvironment.xsd"
                              isByCopy="true"
                              name="EntryAttendeeAssociationPut">
                  <description/>
                  <detail>
                     <field name="Custom4" type="string"/>
                     <field name="AssociatedAttendeeCount" type="int"/>
                     <field name="Custom3" type="string"/>
                     <field name="Custom2" type="string"/>
                     <field name="Custom1" type="string"/>
                     <field name="Amount" type="double"/>
                     <field name="Custom5" type="string"/>
                  </detail>
               </processObject>
               <processObject xmlns="http://schemas.active-endpoints.com/appmodules/screenflow/2011/06/avosHostEnvironment.xsd"
                              isByCopy="true"
                              name="Void">
                  <description/>
                  <detail/>
               </processObject>
               <processObject xmlns="http://schemas.active-endpoints.com/appmodules/screenflow/2011/06/avosHostEnvironment.xsd"
                              isByCopy="true"
                              name="EntryAttendeeAssociationCollection">
                  <description/>
                  <detail>
                     <field name="Items" type="reference">
                        <options>
                           <option name="referenceTo">EntryAttendeeAssociationGet</option>
                           <option name="relationshipName">Child</option>
                        </options>
                     </field>
                     <field name="NextPage" type="string"/>
                  </detail>
               </processObject>
               <processObject xmlns="http://schemas.active-endpoints.com/appmodules/screenflow/2011/06/avosHostEnvironment.xsd"
                              isByCopy="true"
                              name="string">
                  <description/>
                  <detail>
                     <field name="string" type="string"/>
                  </detail>
               </processObject>
               <processObject xmlns="http://schemas.active-endpoints.com/appmodules/screenflow/2011/06/avosHostEnvironment.xsd"
                              isByCopy="true"
                              name="boolean">
                  <description/>
                  <detail>
                     <field name="boolean" type="boolean"/>
                  </detail>
               </processObject>
               <processObject xmlns="http://schemas.active-endpoints.com/appmodules/screenflow/2011/06/avosHostEnvironment.xsd"
                              isByCopy="true"
                              name="double">
                  <description/>
                  <detail>
                     <field name="double" type="double"/>
                  </detail>
               </processObject>
               <processObject xmlns="http://schemas.active-endpoints.com/appmodules/screenflow/2011/06/avosHostEnvironment.xsd"
                              isByCopy="true"
                              name="integer">
                  <description/>
                  <detail>
                     <field name="integer" type="int"/>
                  </detail>
               </processObject>
            </objects>
         </businessConnector>
      </types1:Entry>
      <types1:GUID>4cRBX1ZwNWUeU3OWBvN5YV</types1:GUID>
      <types1:DisplayName>Concur Entry Attendee Associations API v3</types1:DisplayName>
   </types1:Item>
   <types1:CurrentServerDateTime>2019-02-22T09:42:47.781Z</types1:CurrentServerDateTime>
</aetgt:getResponse>
