<aetgt:getResponse xmlns:aetgt="http://schemas.active-endpoints.com/appmodules/repository/2010/10/avrepository.xsd"
                   xmlns:types1="http://schemas.active-endpoints.com/appmodules/repository/2010/10/avrepository.xsd">
   <types1:Item>
      <types1:EntryId>B2pJ7XhFtybduaa-gt-52675-2019-02-26T07:04:14.456Z::svc.xml</types1:EntryId>
      <types1:Name>Google_Genomics_API_v2alpha1</types1:Name>
      <types1:MimeType>application/xml+businesssconnector</types1:MimeType>
      <types1:Description>Uploads, processes, queries, and searches Genomics data in the cloud.</types1:Description>
      <types1:AppliesTo/>
      <types1:Tags/>
      <types1:VersionLabel>1.0</types1:VersionLabel>
      <types1:State>CURRENT</types1:State>
      <types1:ProcessGroup/>
      <types1:CreatedBy>stage2_pod1</types1:CreatedBy>
      <types1:CreationDate>2019-02-26T07:04:14Z</types1:CreationDate>
      <types1:ModifiedBy/>
      <types1:PublicationStatus>unpublished</types1:PublicationStatus>
      <types1:AutosaveExists>false</types1:AutosaveExists>
      <types1:Entry>
         <businessConnector xmlns="http://schemas.informatica.com/socrates/data-services/2014/05/business-connector-model.xsd"
                            agentOnly="false"
                            debug="false"
                            displayName="Google Genomics API v2alpha1"
                            label=""
                            name="Google_Genomics_API_v2alpha1"
                            uuid="4161da10-20a2-4e31-9dc9-4635870f9ac3">
            <description>Uploads, processes, queries, and searches Genomics data in the cloud.</description>
            <tags/>
            <connectionAttributes xmlns="http://schemas.informatica.com/appmodules/screenflow/2014/04/avosConnectors.xsd">
               <connectionAttribute description="Host Name"
                                    masked="false"
                                    name="hostName"
                                    required="true"
                                    testWith="genomics.googleapis.com"
                                    type="string"/>
            </connectionAttributes>
            <actions>
               <action category="workers"
                       failOnError="true"
                       forSearch="false"
                       label="V2alpha1WorkersCheckInByIdPost"
                       maxRedirects="100"
                       name="V2alpha1WorkersCheckInByIdPost"
                       preemptiveAuth="true"
                       responseEncoding="">
                  <description>CheckInV2alpha1WorkersCheckInById. The worker uses this method to retrieve the assigned operation and provide periodic status updates.</description>
                  <input>
                     <parameter description="The worker id, assigned when it was created."
                                label="idPathParam"
                                name="idPathParam"
                                nogen="true"
                                required="true"
                                testWith=""
                                type="string"/>
                     <parameter label="body"
                                name="body"
                                required="true"
                                testWith=""
                                type="reference">
                        <options>
                           <option name="referenceTo">CheckInRequest</option>
                        </options>
                     </parameter>
                     <parameter description="OAuth access token."
                                label="access_token"
                                name="access_token"
                                required="false"
                                testWith=""
                                type="string"/>
                     <parameter description="API key. Your API key identifies your project and provides you with API access, quota, and reports. Required unless you provide an OAuth 2.0 token."
                                label="key"
                                name="key"
                                required="false"
                                testWith=""
                                type="string"/>
                     <parameter description="Upload protocol for media (e.g. &#34;raw&#34;, &#34;multipart&#34;)."
                                label="upload_protocol"
                                name="upload_protocol"
                                required="false"
                                testWith=""
                                type="string"/>
                     <parameter description="Returns response with indentations and line breaks."
                                label="prettyPrint"
                                name="prettyPrint"
                                required="false"
                                testWith=""
                                type="boolean"/>
                     <parameter description="Available to use for quota purposes for server-side applications. Can be any arbitrary string assigned to a user, but should not exceed 40 characters."
                                label="quotaUser"
                                name="quotaUser"
                                required="false"
                                testWith=""
                                type="string"/>
                     <parameter description="Selector specifying which fields to include in a partial response."
                                label="fields"
                                name="fields"
                                required="false"
                                testWith=""
                                type="string"/>
                     <parameter description="Legacy upload protocol for media (e.g. &#34;media&#34;, &#34;multipart&#34;)."
                                label="uploadType"
                                name="uploadType"
                                required="false"
                                testWith=""
                                type="string"/>
                     <parameter description="JSONP"
                                label="callback"
                                name="callback"
                                required="false"
                                testWith=""
                                type="string"/>
                     <parameter description="OAuth 2.0 token for the current user."
                                label="oauth_token"
                                name="oauth_token"
                                required="false"
                                testWith=""
                                type="string"/>
                     <parameter description="V1 error format. (Acceptable values are: &#34;1&#34;, &#34;2&#34;)"
                                label="$.xgafv"
                                name="$.xgafv"
                                required="false"
                                testWith=""
                                type="string"/>
                     <parameter description="Data format for response. (Acceptable values are: &#34;json&#34;, &#34;media&#34;, &#34;proto&#34;)"
                                label="alt"
                                name="alt"
                                required="false"
                                testWith=""
                                type="string"/>
                  </input>
                  <binding>
                     <restSimpleBinding multiUsing="semicolonSeparated"
                                        url="https://{$hostName}/v2alpha1/workers/{$idPathParam}:checkIn"
                                        verb="POST">
                        <httpHeaders>
                           <header name="Content-Type">application/json</header>
                           <header name="Accept">application/json</header>
                        </httpHeaders>
                        <body generateUsing="UnwrappedJSON" preserveJsonStringFormatting="false"/>
                     </restSimpleBinding>
                  </binding>
                  <output>
                     <field description=""
                            entireResponse="true"
                            name="CheckInResponse"
                            type="reference">
                        <options>
                           <option name="referenceTo">CheckInResponse</option>
                        </options>
                     </field>
                  </output>
               </action>
               <action category="operations"
                       failOnError="true"
                       forSearch="false"
                       label="V2alpha1ByNameGet"
                       maxRedirects="100"
                       name="V2alpha1ByNameGet"
                       preemptiveAuth="true"
                       responseEncoding="">
                  <description>ListV2alpha1ByName. Lists operations that match the specified filter in the request. Authorization requires the following [Google IAM](https://cloud.google.com/iam) permission&amp;#58; * `genomics.operations.list`</description>
                  <input>
                     <parameter description="OAuth access token."
                                label="access_token"
                                name="access_token"
                                required="false"
                                testWith=""
                                type="string"/>
                     <parameter description="API key. Your API key identifies your project and provides you with API access, quota, and reports. Required unless you provide an OAuth 2.0 token."
                                label="key"
                                name="key"
                                required="false"
                                testWith=""
                                type="string"/>
                     <parameter description="Upload protocol for media (e.g. &#34;raw&#34;, &#34;multipart&#34;)."
                                label="upload_protocol"
                                name="upload_protocol"
                                required="false"
                                testWith=""
                                type="string"/>
                     <parameter description="Returns response with indentations and line breaks."
                                label="prettyPrint"
                                name="prettyPrint"
                                required="false"
                                testWith=""
                                type="boolean"/>
                     <parameter description="Available to use for quota purposes for server-side applications. Can be any arbitrary string assigned to a user, but should not exceed 40 characters."
                                label="quotaUser"
                                name="quotaUser"
                                required="false"
                                testWith=""
                                type="string"/>
                     <parameter description="Selector specifying which fields to include in a partial response."
                                label="fields"
                                name="fields"
                                required="false"
                                testWith=""
                                type="string"/>
                     <parameter description="Legacy upload protocol for media (e.g. &#34;media&#34;, &#34;multipart&#34;)."
                                label="uploadType"
                                name="uploadType"
                                required="false"
                                testWith=""
                                type="string"/>
                     <parameter description="JSONP"
                                label="callback"
                                name="callback"
                                required="false"
                                testWith=""
                                type="string"/>
                     <parameter description="OAuth 2.0 token for the current user."
                                label="oauth_token"
                                name="oauth_token"
                                required="false"
                                testWith=""
                                type="string"/>
                     <parameter description="V1 error format. (Acceptable values are: &#34;1&#34;, &#34;2&#34;)"
                                label="$.xgafv"
                                name="$.xgafv"
                                required="false"
                                testWith=""
                                type="string"/>
                     <parameter description="Data format for response. (Acceptable values are: &#34;json&#34;, &#34;media&#34;, &#34;proto&#34;)"
                                label="alt"
                                name="alt"
                                required="false"
                                testWith=""
                                type="string"/>
                     <parameter description="The standard list page token."
                                label="pageToken"
                                name="pageToken"
                                required="false"
                                testWith=""
                                type="string"/>
                     <parameter description="The maximum number of results to return. If unspecified, defaults to&#xA;256. The maximum value is 2048."
                                label="pageSize"
                                name="pageSize"
                                required="false"
                                testWith=""
                                type="int"/>
                     <parameter description="A string for filtering Operations.&#xA;In v2alpha1, the following filter fields are supported&amp;#58;&#xA;&#xA;* createTime&amp;#58; The time this job was created&#xA;* events&amp;#58; The set of event (names) that have occurred while running&#xA;  the pipeline.  The &amp;#58; operator can be used to determine if a&#xA;  particular event has occurred.&#xA;* error&amp;#58; If the pipeline is running, this value is NULL.  Once the&#xA;  pipeline finishes, the value is the standard Google error code.&#xA;* labels.key or labels.&#34;key with space&#34; where key is a label key.&#xA;* done&amp;#58; If the pipeline is running, this value is false. Once the&#xA;  pipeline finishes, the value is true.&#xA;&#xA;In v1 and v1alpha2, the following filter fields are supported&amp;#58;&#xA;&#xA;* projectId&amp;#58; Required. Corresponds to&#xA;  OperationMetadata.projectId.&#xA;* createTime&amp;#58; The time this job was created, in seconds from the&#xA;  [epoch](http://en.wikipedia.org/wiki/Unix_time). Can use `&gt;=` and/or `&lt;=`&#xA;  operators.&#xA;* status&amp;#58; Can be `RUNNING`, `SUCCESS`, `FAILURE`, or `CANCELED`. Only&#xA;  one status may be specified.&#xA;* labels.key where key is a label key.&#xA;&#xA;Examples&amp;#58;&#xA;&#xA;* `projectId = my-project AND createTime &gt;= 1432140000`&#xA;* `projectId = my-project AND createTime &gt;= 1432140000 AND createTime &lt;= 1432150000 AND status = RUNNING`&#xA;* `projectId = my-project AND labels.color = *`&#xA;* `projectId = my-project AND labels.color = red`"
                                label="filter"
                                name="filter"
                                required="false"
                                testWith=""
                                type="string"/>
                  </input>
                  <binding>
                     <restSimpleBinding multiUsing="semicolonSeparated"
                                        url="https://{$hostName}/v2alpha1/{$SC__namePathParam}"
                                        verb="GET">
                        <httpHeaders>
                           <header name="Content-Type">application/json</header>
                           <header name="Accept">application/json</header>
                        </httpHeaders>
                     </restSimpleBinding>
                  </binding>
                  <output>
                     <field description=""
                            entireResponse="true"
                            name="ListOperationsResponse"
                            type="reference">
                        <options>
                           <option name="referenceTo">ListOperationsResponse</option>
                        </options>
                     </field>
                  </output>
               </action>
               <action category="operations"
                       failOnError="true"
                       forSearch="false"
                       label="V2alpha1CancelByNamePost"
                       maxRedirects="100"
                       name="V2alpha1CancelByNamePost"
                       preemptiveAuth="true"
                       responseEncoding="">
                  <description>CancelV2alpha1CancelByName. Starts asynchronous cancellation on a long-running operation. The server makes a best effort to cancel the operation, but success is not guaranteed. Clients may use Operations.GetOperation or Operations.ListOperations to check whether the cancellation succeeded or the operation completed despite cancellation. Authorization requires the following [Google IAM](https://cloud.google.com/iam) permission&amp;#58; * `genomics.operations.cancel`</description>
                  <input>
                     <parameter label="body"
                                name="body"
                                required="true"
                                testWith=""
                                type="reference">
                        <options>
                           <option name="referenceTo"/>
                        </options>
                     </parameter>
                     <parameter description="OAuth access token."
                                label="access_token"
                                name="access_token"
                                required="false"
                                testWith=""
                                type="string"/>
                     <parameter description="API key. Your API key identifies your project and provides you with API access, quota, and reports. Required unless you provide an OAuth 2.0 token."
                                label="key"
                                name="key"
                                required="false"
                                testWith=""
                                type="string"/>
                     <parameter description="Upload protocol for media (e.g. &#34;raw&#34;, &#34;multipart&#34;)."
                                label="upload_protocol"
                                name="upload_protocol"
                                required="false"
                                testWith=""
                                type="string"/>
                     <parameter description="Returns response with indentations and line breaks."
                                label="prettyPrint"
                                name="prettyPrint"
                                required="false"
                                testWith=""
                                type="boolean"/>
                     <parameter description="Available to use for quota purposes for server-side applications. Can be any arbitrary string assigned to a user, but should not exceed 40 characters."
                                label="quotaUser"
                                name="quotaUser"
                                required="false"
                                testWith=""
                                type="string"/>
                     <parameter description="Selector specifying which fields to include in a partial response."
                                label="fields"
                                name="fields"
                                required="false"
                                testWith=""
                                type="string"/>
                     <parameter description="Legacy upload protocol for media (e.g. &#34;media&#34;, &#34;multipart&#34;)."
                                label="uploadType"
                                name="uploadType"
                                required="false"
                                testWith=""
                                type="string"/>
                     <parameter description="JSONP"
                                label="callback"
                                name="callback"
                                required="false"
                                testWith=""
                                type="string"/>
                     <parameter description="OAuth 2.0 token for the current user."
                                label="oauth_token"
                                name="oauth_token"
                                required="false"
                                testWith=""
                                type="string"/>
                     <parameter description="V1 error format. (Acceptable values are: &#34;1&#34;, &#34;2&#34;)"
                                label="$.xgafv"
                                name="$.xgafv"
                                required="false"
                                testWith=""
                                type="string"/>
                     <parameter description="Data format for response. (Acceptable values are: &#34;json&#34;, &#34;media&#34;, &#34;proto&#34;)"
                                label="alt"
                                name="alt"
                                required="false"
                                testWith=""
                                type="string"/>
                  </input>
                  <binding>
                     <restSimpleBinding multiUsing="semicolonSeparated"
                                        url="https://{$hostName}/v2alpha1/{$SC__namePathParam}:cancel"
                                        verb="POST">
                        <httpHeaders>
                           <header name="Content-Type">application/json</header>
                           <header name="Accept">application/json</header>
                        </httpHeaders>
                        <body generateUsing="UnwrappedJSON" preserveJsonStringFormatting="false"/>
                     </restSimpleBinding>
                  </binding>
                  <output/>
               </action>
               <action category="pipelines"
                       failOnError="true"
                       forSearch="false"
                       label="V2alpha1PipelinesRunPost"
                       maxRedirects="100"
                       name="V2alpha1PipelinesRunPost"
                       preemptiveAuth="true"
                       responseEncoding="">
                  <description>RunV2alpha1PipelinesRun. Runs a pipeline. **Note:** Before you can use this method, the Genomics Service Agent must have access to your project. This is done automatically when the Cloud Genomics API is first enabled, but if you delete this permission, or if you enabled the Cloud Genomics API before the v2alpha1 API launch, you must disable and re-enable the API to grant the Genomics Service Agent the required permissions. Authorization requires the following [Google IAM](https://cloud.google.com/iam/) permission: * `genomics.operations.create` [1]: /genomics/gsa</description>
                  <input>
                     <parameter label="body"
                                name="body"
                                required="true"
                                testWith=""
                                type="reference">
                        <options>
                           <option name="referenceTo">RunPipelineRequest</option>
                        </options>
                     </parameter>
                     <parameter description="OAuth access token."
                                label="access_token"
                                name="access_token"
                                required="false"
                                testWith=""
                                type="string"/>
                     <parameter description="API key. Your API key identifies your project and provides you with API access, quota, and reports. Required unless you provide an OAuth 2.0 token."
                                label="key"
                                name="key"
                                required="false"
                                testWith=""
                                type="string"/>
                     <parameter description="Upload protocol for media (e.g. &#34;raw&#34;, &#34;multipart&#34;)."
                                label="upload_protocol"
                                name="upload_protocol"
                                required="false"
                                testWith=""
                                type="string"/>
                     <parameter description="Returns response with indentations and line breaks."
                                label="prettyPrint"
                                name="prettyPrint"
                                required="false"
                                testWith=""
                                type="boolean"/>
                     <parameter description="Available to use for quota purposes for server-side applications. Can be any arbitrary string assigned to a user, but should not exceed 40 characters."
                                label="quotaUser"
                                name="quotaUser"
                                required="false"
                                testWith=""
                                type="string"/>
                     <parameter description="Selector specifying which fields to include in a partial response."
                                label="fields"
                                name="fields"
                                required="false"
                                testWith=""
                                type="string"/>
                     <parameter description="Legacy upload protocol for media (e.g. &#34;media&#34;, &#34;multipart&#34;)."
                                label="uploadType"
                                name="uploadType"
                                required="false"
                                testWith=""
                                type="string"/>
                     <parameter description="JSONP"
                                label="callback"
                                name="callback"
                                required="false"
                                testWith=""
                                type="string"/>
                     <parameter description="OAuth 2.0 token for the current user."
                                label="oauth_token"
                                name="oauth_token"
                                required="false"
                                testWith=""
                                type="string"/>
                     <parameter description="V1 error format. (Acceptable values are: &#34;1&#34;, &#34;2&#34;)"
                                label="$.xgafv"
                                name="$.xgafv"
                                required="false"
                                testWith=""
                                type="string"/>
                     <parameter description="Data format for response. (Acceptable values are: &#34;json&#34;, &#34;media&#34;, &#34;proto&#34;)"
                                label="alt"
                                name="alt"
                                required="false"
                                testWith=""
                                type="string"/>
                  </input>
                  <binding>
                     <restSimpleBinding multiUsing="semicolonSeparated"
                                        url="https://{$hostName}/v2alpha1/pipelines:run"
                                        verb="POST">
                        <httpHeaders>
                           <header name="Content-Type">application/json</header>
                           <header name="Accept">application/json</header>
                        </httpHeaders>
                        <body generateUsing="UnwrappedJSON" preserveJsonStringFormatting="false"/>
                     </restSimpleBinding>
                  </binding>
                  <output>
                     <field description=""
                            entireResponse="true"
                            name="Operation"
                            type="reference">
                        <options>
                           <option name="referenceTo">Operation</option>
                        </options>
                     </field>
                  </output>
               </action>
            </actions>
            <objects>
               <processObject xmlns="http://schemas.active-endpoints.com/appmodules/screenflow/2011/06/avosHostEnvironment.xsd"
                              isByCopy="true"
                              name="ServiceAccount">
                  <description>The service account to install on the VM. This account does not need
any permissions other than those required by the pipeline.</description>
                  <detail>
                     <field name="scopes" type="objectlist">
                        <options>
                           <option name="referenceTo">string</option>
                           <option name="relationshipName">Child</option>
                        </options>
                     </field>
                     <field name="email" type="string"/>
                  </detail>
               </processObject>
               <processObject xmlns="http://schemas.active-endpoints.com/appmodules/screenflow/2011/06/avosHostEnvironment.xsd"
                              isByCopy="true"
                              name="Action">
                  <description>Specifies a single action that runs a Docker container.</description>
                  <detail>
                     <field name="environment" type="object"/>
                     <field name="imageUri" type="string"/>
                     <field name="credentials" type="object"/>
                     <field name="entrypoint" type="string"/>
                     <field name="flags" type="objectlist">
                        <options>
                           <option name="referenceTo">Flag</option>
                           <option name="relationshipName">Child</option>
                        </options>
                     </field>
                     <field name="name" type="string"/>
                     <field name="mounts" type="object"/>
                     <field name="pidNamespace" type="string"/>
                     <field name="timeout" type="string"/>
                     <field name="commands" type="objectlist">
                        <options>
                           <option name="referenceTo">string</option>
                           <option name="relationshipName">Child</option>
                        </options>
                     </field>
                     <field name="portMappings" type="object"/>
                     <field name="labels" type="object"/>
                  </detail>
               </processObject>
               <processObject xmlns="http://schemas.active-endpoints.com/appmodules/screenflow/2011/06/avosHostEnvironment.xsd"
                              isByCopy="true"
                              name="ImportReadGroupSetsResponse">
                  <description>The read group set import response.</description>
                  <detail>
                     <field name="readGroupSetIds" type="objectlist">
                        <options>
                           <option name="referenceTo">string</option>
                           <option name="relationshipName">Child</option>
                        </options>
                     </field>
                  </detail>
               </processObject>
               <processObject xmlns="http://schemas.active-endpoints.com/appmodules/screenflow/2011/06/avosHostEnvironment.xsd"
                              isByCopy="true"
                              name="DelayedEvent">
                  <description>An event generated whenever a resource limitation or transient error
delays execution of a pipeline that was otherwise ready to run.</description>
                  <detail>
                     <field name="cause" type="string"/>
                     <field name="metrics" type="objectlist">
                        <options>
                           <option name="referenceTo">string</option>
                           <option name="relationshipName">Child</option>
                        </options>
                     </field>
                  </detail>
               </processObject>
               <processObject xmlns="http://schemas.active-endpoints.com/appmodules/screenflow/2011/06/avosHostEnvironment.xsd"
                              isByCopy="true"
                              name="ContainerKilledEvent">
                  <description>An event generated when a container is forcibly terminated by the
worker. Currently, this only occurs when the container outlives the
timeout specified by the user.</description>
                  <detail>
                     <field name="actionId" type="int"/>
                  </detail>
               </processObject>
               <processObject xmlns="http://schemas.active-endpoints.com/appmodules/screenflow/2011/06/avosHostEnvironment.xsd"
                              isByCopy="true"
                              name="Mount">
                  <description>Carries information about a particular disk mount inside a container.</description>
                  <detail>
                     <field name="path" type="string"/>
                     <field name="disk" type="string"/>
                     <field name="readOnly" type="boolean"/>
                  </detail>
               </processObject>
               <processObject xmlns="http://schemas.active-endpoints.com/appmodules/screenflow/2011/06/avosHostEnvironment.xsd"
                              isByCopy="true"
                              name="Metadata">
                  <description>Carries information about the pipeline execution that is returned
in the long running operation's metadata field.</description>
                  <detail>
                     <field name="pipeline" type="reference">
                        <options>
                           <option name="referenceTo">Pipeline</option>
                           <option name="relationshipName">Child</option>
                        </options>
                     </field>
                     <field name="createTime" type="string"/>
                     <field name="startTime" type="string"/>
                     <field name="endTime" type="string"/>
                     <field name="events" type="objectlist">
                        <options>
                           <option name="referenceTo">Event</option>
                           <option name="relationshipName">Child</option>
                        </options>
                     </field>
                     <field name="labels" type="object"/>
                  </detail>
               </processObject>
               <processObject xmlns="http://schemas.active-endpoints.com/appmodules/screenflow/2011/06/avosHostEnvironment.xsd"
                              isByCopy="true"
                              name="Operation">
                  <description>This resource represents a long-running operation that is the result of a
network API call.</description>
                  <detail>
                     <field name="metadata" type="object"/>
                     <field name="response" type="object"/>
                     <field name="name" type="string"/>
                     <field name="error" type="object"/>
                     <field name="done" type="boolean"/>
                  </detail>
               </processObject>
               <processObject xmlns="http://schemas.active-endpoints.com/appmodules/screenflow/2011/06/avosHostEnvironment.xsd"
                              isByCopy="true"
                              name="RuntimeMetadata">
                  <description>Runtime metadata that will be populated in the
runtimeMetadata
field of the Operation associated with a RunPipeline execution.</description>
                  <detail>
                     <field name="computeEngine" type="reference">
                        <options>
                           <option name="referenceTo">ComputeEngine</option>
                           <option name="relationshipName">Child</option>
                        </options>
                     </field>
                  </detail>
               </processObject>
               <processObject xmlns="http://schemas.active-endpoints.com/appmodules/screenflow/2011/06/avosHostEnvironment.xsd"
                              isByCopy="true"
                              name="ComputeEngine">
                  <description>Describes a Compute Engine resource that is being managed by a running
pipeline.</description>
                  <detail>
                     <field name="instanceName" type="string"/>
                     <field name="zone" type="string"/>
                     <field name="diskNames" type="objectlist">
                        <options>
                           <option name="referenceTo">string</option>
                           <option name="relationshipName">Child</option>
                        </options>
                     </field>
                     <field name="machineType" type="string"/>
                  </detail>
               </processObject>
               <processObject xmlns="http://schemas.active-endpoints.com/appmodules/screenflow/2011/06/avosHostEnvironment.xsd"
                              isByCopy="true"
                              name="ContainerStoppedEvent">
                  <description>An event generated when a container exits.</description>
                  <detail>
                     <field name="actionId" type="int"/>
                     <field name="stderr" type="string"/>
                     <field name="exitStatus" type="int"/>
                  </detail>
               </processObject>
               <processObject xmlns="http://schemas.active-endpoints.com/appmodules/screenflow/2011/06/avosHostEnvironment.xsd"
                              isByCopy="true"
                              name="ListOperationsResponse">
                  <description>The response message for Operations.ListOperations.</description>
                  <detail>
                     <field name="operations" type="objectlist">
                        <options>
                           <option name="referenceTo">Operation</option>
                           <option name="relationshipName">Child</option>
                        </options>
                     </field>
                     <field name="nextPageToken" type="string"/>
                  </detail>
               </processObject>
               <processObject xmlns="http://schemas.active-endpoints.com/appmodules/screenflow/2011/06/avosHostEnvironment.xsd"
                              isByCopy="true"
                              name="WorkerStatus">
                  <description>Data about the status of the worker VM.</description>
                  <detail>
                     <field name="totalRamBytes" type="string"/>
                     <field name="attachedDisks" type="object"/>
                     <field name="freeRamBytes" type="string"/>
                     <field name="bootDisk" type="object"/>
                     <field name="uptimeSeconds" type="string"/>
                  </detail>
               </processObject>
               <processObject xmlns="http://schemas.active-endpoints.com/appmodules/screenflow/2011/06/avosHostEnvironment.xsd"
                              isByCopy="true"
                              name="Network">
                  <description>The VM network configuration.</description>
                  <detail>
                     <field name="subnetwork" type="string"/>
                     <field name="name" type="string"/>
                     <field name="usePrivateAddress" type="boolean"/>
                  </detail>
               </processObject>
               <processObject xmlns="http://schemas.active-endpoints.com/appmodules/screenflow/2011/06/avosHostEnvironment.xsd"
                              isByCopy="true"
                              name="FailedEvent">
                  <description>An event generated when the execution of a pipeline has failed. Note
that other events can continue to occur after this event.</description>
                  <detail>
                     <field name="code" type="reference">
                        <options>
                           <option name="referenceTo">Code</option>
                           <option name="relationshipName">Child</option>
                        </options>
                     </field>
                     <field name="cause" type="string"/>
                  </detail>
               </processObject>
               <processObject xmlns="http://schemas.active-endpoints.com/appmodules/screenflow/2011/06/avosHostEnvironment.xsd"
                              isByCopy="true"
                              name="OperationMetadata">
                  <description>Metadata describing an Operation.</description>
                  <detail>
                     <field name="request" type="object"/>
                     <field name="clientId" type="string"/>
                     <field name="createTime" type="string"/>
                     <field name="startTime" type="string"/>
                     <field name="endTime" type="string"/>
                     <field name="projectId" type="string"/>
                     <field name="events" type="objectlist">
                        <options>
                           <option name="referenceTo">OperationEvent</option>
                           <option name="relationshipName">Child</option>
                        </options>
                     </field>
                     <field name="labels" type="object"/>
                     <field name="runtimeMetadata" type="object"/>
                  </detail>
               </processObject>
               <processObject xmlns="http://schemas.active-endpoints.com/appmodules/screenflow/2011/06/avosHostEnvironment.xsd"
                              isByCopy="true"
                              name="Disk">
                  <description>Carries information about a disk that can be attached to a VM.

See https://cloud.google.com/compute/docs/disks/performance for more
information about disk type, size, and performance considerations.</description>
                  <detail>
                     <field name="sizeGb" type="int"/>
                     <field name="name" type="string"/>
                     <field name="sourceImage" type="string"/>
                     <field name="type" type="string"/>
                  </detail>
               </processObject>
               <processObject xmlns="http://schemas.active-endpoints.com/appmodules/screenflow/2011/06/avosHostEnvironment.xsd"
                              isByCopy="true"
                              name="PullStartedEvent">
                  <description>An event generated when the worker starts pulling an image.</description>
                  <detail>
                     <field name="imageUri" type="string"/>
                  </detail>
               </processObject>
               <processObject xmlns="http://schemas.active-endpoints.com/appmodules/screenflow/2011/06/avosHostEnvironment.xsd"
                              isByCopy="true"
                              name="WorkerAssignedEvent">
                  <description>An event generated after a worker VM has been assigned to run the
pipeline.</description>
                  <detail>
                     <field name="instance" type="string"/>
                     <field name="zone" type="string"/>
                  </detail>
               </processObject>
               <processObject xmlns="http://schemas.active-endpoints.com/appmodules/screenflow/2011/06/avosHostEnvironment.xsd"
                              isByCopy="true"
                              name="Status">
                  <description>The operation has finished with the given result.</description>
                  <detail>
                     <field name="code" type="int"/>
                     <field name="details" type="object"/>
                     <field name="message" type="string"/>
                  </detail>
               </processObject>
               <processObject xmlns="http://schemas.active-endpoints.com/appmodules/screenflow/2011/06/avosHostEnvironment.xsd"
                              isByCopy="true"
                              name="CheckInResponse">
                  <description>The response to the CheckIn method.</description>
                  <detail>
                     <field name="metadata" type="object"/>
                     <field name="deadline" type="string"/>
                  </detail>
               </processObject>
               <processObject xmlns="http://schemas.active-endpoints.com/appmodules/screenflow/2011/06/avosHostEnvironment.xsd"
                              isByCopy="true"
                              name="ImportVariantsResponse">
                  <description>The variant data import response.</description>
                  <detail>
                     <field name="callSetIds" type="objectlist">
                        <options>
                           <option name="referenceTo">string</option>
                           <option name="relationshipName">Child</option>
                        </options>
                     </field>
                  </detail>
               </processObject>
               <processObject xmlns="http://schemas.active-endpoints.com/appmodules/screenflow/2011/06/avosHostEnvironment.xsd"
                              isByCopy="true"
                              name="DiskStatus">
                  <description>The status of a disk on a VM.</description>
                  <detail>
                     <field name="freeSpaceBytes" type="string"/>
                     <field name="totalSpaceBytes" type="string"/>
                  </detail>
               </processObject>
               <processObject xmlns="http://schemas.active-endpoints.com/appmodules/screenflow/2011/06/avosHostEnvironment.xsd"
                              isByCopy="true"
                              name="PullStoppedEvent">
                  <description>An event generated when the worker stops pulling an image.</description>
                  <detail>
                     <field name="imageUri" type="string"/>
                  </detail>
               </processObject>
               <processObject xmlns="http://schemas.active-endpoints.com/appmodules/screenflow/2011/06/avosHostEnvironment.xsd"
                              isByCopy="true"
                              name="Code">
                  <description>The Google standard error code that best describes this failure.</description>
                  <detail/>
               </processObject>
               <processObject xmlns="http://schemas.active-endpoints.com/appmodules/screenflow/2011/06/avosHostEnvironment.xsd"
                              isByCopy="true"
                              name="Flag">
                  <description/>
                  <detail/>
               </processObject>
               <processObject xmlns="http://schemas.active-endpoints.com/appmodules/screenflow/2011/06/avosHostEnvironment.xsd"
                              isByCopy="true"
                              name="CheckInRequest">
                  <description>The parameters to the CheckIn method.</description>
                  <detail>
                     <field name="result" type="reference">
                        <options>
                           <option name="referenceTo">Status</option>
                           <option name="relationshipName">Child</option>
                        </options>
                     </field>
                     <field name="deadlineExpired" type="object"/>
                     <field name="workerStatus" type="reference">
                        <options>
                           <option name="referenceTo">WorkerStatus</option>
                           <option name="relationshipName">Child</option>
                        </options>
                     </field>
                     <field name="event" type="object"/>
                  </detail>
               </processObject>
               <processObject xmlns="http://schemas.active-endpoints.com/appmodules/screenflow/2011/06/avosHostEnvironment.xsd"
                              isByCopy="true"
                              name="Pipeline">
                  <description>Specifies a series of actions to execute, expressed as Docker containers.</description>
                  <detail>
                     <field name="environment" type="object"/>
                     <field name="resources" type="reference">
                        <options>
                           <option name="referenceTo">Resources</option>
                           <option name="relationshipName">Child</option>
                        </options>
                     </field>
                     <field name="actions" type="objectlist">
                        <options>
                           <option name="referenceTo">Action</option>
                           <option name="relationshipName">Child</option>
                        </options>
                     </field>
                     <field name="timeout" type="string"/>
                  </detail>
               </processObject>
               <processObject xmlns="http://schemas.active-endpoints.com/appmodules/screenflow/2011/06/avosHostEnvironment.xsd"
                              isByCopy="true"
                              name="Secret">
                  <description>Holds encrypted information that is only decrypted and stored in RAM
by the worker VM when running the pipeline.</description>
                  <detail>
                     <field name="cipherText" type="string"/>
                     <field name="keyName" type="string"/>
                  </detail>
               </processObject>
               <processObject xmlns="http://schemas.active-endpoints.com/appmodules/screenflow/2011/06/avosHostEnvironment.xsd"
                              isByCopy="true"
                              name="WorkerReleasedEvent">
                  <description>An event generated when the worker VM that was assigned to the pipeline
has been released (deleted).</description>
                  <detail>
                     <field name="instance" type="string"/>
                     <field name="zone" type="string"/>
                  </detail>
               </processObject>
               <processObject xmlns="http://schemas.active-endpoints.com/appmodules/screenflow/2011/06/avosHostEnvironment.xsd"
                              isByCopy="true"
                              name="UnexpectedExitStatusEvent">
                  <description>An event generated when the execution of a container results in a
non-zero exit status that was not otherwise ignored. Execution will
continue, but only actions that are flagged as `ALWAYS_RUN` will be
executed. Other actions will be skipped.</description>
                  <detail>
                     <field name="actionId" type="int"/>
                     <field name="exitStatus" type="int"/>
                  </detail>
               </processObject>
               <processObject xmlns="http://schemas.active-endpoints.com/appmodules/screenflow/2011/06/avosHostEnvironment.xsd"
                              isByCopy="true"
                              name="ContainerStartedEvent">
                  <description>An event generated when a container starts.</description>
                  <detail>
                     <field name="ipAddress" type="string"/>
                     <field name="actionId" type="int"/>
                     <field name="portMappings" type="object"/>
                  </detail>
               </processObject>
               <processObject xmlns="http://schemas.active-endpoints.com/appmodules/screenflow/2011/06/avosHostEnvironment.xsd"
                              isByCopy="true"
                              name="Event">
                  <description>Carries information about events that occur during pipeline execution.</description>
                  <detail>
                     <field name="description" type="string"/>
                     <field name="details" type="object"/>
                     <field name="timestamp" type="string"/>
                  </detail>
               </processObject>
               <processObject xmlns="http://schemas.active-endpoints.com/appmodules/screenflow/2011/06/avosHostEnvironment.xsd"
                              isByCopy="true"
                              name="Resources">
                  <description>The resources required for execution.</description>
                  <detail>
                     <field name="virtualMachine" type="object"/>
                     <field name="regions" type="objectlist">
                        <options>
                           <option name="referenceTo">string</option>
                           <option name="relationshipName">Child</option>
                        </options>
                     </field>
                     <field name="zones" type="objectlist">
                        <options>
                           <option name="referenceTo">string</option>
                           <option name="relationshipName">Child</option>
                        </options>
                     </field>
                     <field name="projectId" type="string"/>
                  </detail>
               </processObject>
               <processObject xmlns="http://schemas.active-endpoints.com/appmodules/screenflow/2011/06/avosHostEnvironment.xsd"
                              isByCopy="true"
                              name="OperationEvent">
                  <description>An event that occurred during an Operation.</description>
                  <detail>
                     <field name="description" type="string"/>
                     <field name="startTime" type="string"/>
                     <field name="endTime" type="string"/>
                  </detail>
               </processObject>
               <processObject xmlns="http://schemas.active-endpoints.com/appmodules/screenflow/2011/06/avosHostEnvironment.xsd"
                              isByCopy="true"
                              name="RunPipelineRequest">
                  <description>The arguments to the `RunPipeline` method. The requesting user must have
the `iam.serviceAccounts.actAs` permission for the Cloud Genomics service
account or the request will fail.</description>
                  <detail>
                     <field name="pipeline" type="reference">
                        <options>
                           <option name="referenceTo">Pipeline</option>
                           <option name="relationshipName">Child</option>
                        </options>
                     </field>
                     <field name="labels" type="object"/>
                  </detail>
               </processObject>
               <processObject xmlns="http://schemas.active-endpoints.com/appmodules/screenflow/2011/06/avosHostEnvironment.xsd"
                              isByCopy="true"
                              name="Accelerator">
                  <description>Carries information about an accelerator that can be attached to a VM.</description>
                  <detail>
                     <field name="count" type="string"/>
                     <field name="type" type="string"/>
                  </detail>
               </processObject>
               <processObject xmlns="http://schemas.active-endpoints.com/appmodules/screenflow/2011/06/avosHostEnvironment.xsd"
                              isByCopy="true"
                              name="VirtualMachine">
                  <description>Carries information about a Compute Engine VM resource.</description>
                  <detail>
                     <field name="nvidiaDriverVersion" type="string"/>
                     <field name="preemptible" type="boolean"/>
                     <field name="disks" type="objectlist">
                        <options>
                           <option name="referenceTo">Disk</option>
                           <option name="relationshipName">Child</option>
                        </options>
                     </field>
                     <field name="accelerators" type="objectlist">
                        <options>
                           <option name="referenceTo">Accelerator</option>
                           <option name="relationshipName">Child</option>
                        </options>
                     </field>
                     <field name="cpuPlatform" type="string"/>
                     <field name="serviceAccount" type="reference">
                        <options>
                           <option name="referenceTo">ServiceAccount</option>
                           <option name="relationshipName">Child</option>
                        </options>
                     </field>
                     <field name="bootImage" type="string"/>
                     <field name="bootDiskSizeGb" type="int"/>
                     <field name="machineType" type="string"/>
                     <field name="labels" type="object"/>
                     <field name="network" type="reference">
                        <options>
                           <option name="referenceTo">Network</option>
                           <option name="relationshipName">Child</option>
                        </options>
                     </field>
                  </detail>
               </processObject>
               <processObject xmlns="http://schemas.active-endpoints.com/appmodules/screenflow/2011/06/avosHostEnvironment.xsd"
                              isByCopy="true"
                              name="string">
                  <description/>
                  <detail>
                     <field name="string" type="string"/>
                  </detail>
               </processObject>
               <processObject xmlns="http://schemas.active-endpoints.com/appmodules/screenflow/2011/06/avosHostEnvironment.xsd"
                              isByCopy="true"
                              name="boolean">
                  <description/>
                  <detail>
                     <field name="boolean" type="boolean"/>
                  </detail>
               </processObject>
               <processObject xmlns="http://schemas.active-endpoints.com/appmodules/screenflow/2011/06/avosHostEnvironment.xsd"
                              isByCopy="true"
                              name="double">
                  <description/>
                  <detail>
                     <field name="double" type="double"/>
                  </detail>
               </processObject>
               <processObject xmlns="http://schemas.active-endpoints.com/appmodules/screenflow/2011/06/avosHostEnvironment.xsd"
                              isByCopy="true"
                              name="integer">
                  <description/>
                  <detail>
                     <field name="integer" type="int"/>
                  </detail>
               </processObject>
            </objects>
         </businessConnector>
      </types1:Entry>
      <types1:GUID>9K6UJXyS3qqdAO9rBSKIC9</types1:GUID>
      <types1:DisplayName>Google Genomics API v2alpha1</types1:DisplayName>
   </types1:Item>
   <types1:CurrentServerDateTime>2019-02-26T07:04:29.368Z</types1:CurrentServerDateTime>
</aetgt:getResponse>
