<aetgt:getResponse xmlns:aetgt="http://schemas.active-endpoints.com/appmodules/repository/2010/10/avrepository.xsd"
                   xmlns:types1="http://schemas.active-endpoints.com/appmodules/repository/2010/10/avrepository.xsd">
   <types1:Item>
      <types1:EntryId>pHGVtsDaaabdvhx-gt-11770-2019-02-05T11:08:42.55Z::svc.xml</types1:EntryId>
      <types1:Name>Oracle_Cloud_Infrastructure_Compute_MachineImages_API_v18-1-2</types1:Name>
      <types1:MimeType>application/xml+businesssconnector</types1:MimeType>
      <types1:Description>A machine image is a template of a virtual hard disk of a specific size with an installed operating system. You use machine images to create virtual machine instances in Compute Classic.&lt;p&gt;You can create, view, and delete machine images using the HTTP requests listed below.</types1:Description>
      <types1:AppliesTo/>
      <types1:Tags/>
      <types1:VersionLabel>1.0</types1:VersionLabel>
      <types1:State>CURRENT</types1:State>
      <types1:ProcessGroup/>
      <types1:CreatedBy>sorabh@na1.dm-us.org</types1:CreatedBy>
      <types1:CreationDate>2019-02-05T11:08:43Z</types1:CreationDate>
      <types1:ModifiedBy/>
      <types1:PublicationStatus>published</types1:PublicationStatus>
      <types1:PublishedBy>sorabh@na1.dm-us.org</types1:PublishedBy>
      <types1:PublicationDate>2019-02-05T11:08:51Z</types1:PublicationDate>
      <types1:PublishedContributionId>project:/rt.connector/Oracle_Cloud_Infrastructure_Compute_MachineImages_API_v18_1_2/Oracle_Cloud_Infrastructure_Compute_MachineImages_API_v18_1_2_svcDef.xml</types1:PublishedContributionId>
      <types1:AutosaveExists>false</types1:AutosaveExists>
      <types1:Entry>
         <businessConnector xmlns="http://schemas.informatica.com/socrates/data-services/2014/05/business-connector-model.xsd"
                            agentOnly="false"
                            debug="false"
                            displayName="Oracle Cloud Infrastructure Compute MachineImages API v18-1-2"
                            label=""
                            name="Oracle_Cloud_Infrastructure_Compute_MachineImages_API_v18-1-2"
                            uuid="ac98e0be-35d1-4022-ac72-340055c4b411">
            <description>A machine image is a template of a virtual hard disk of a specific size with an installed operating system. You use machine images to create virtual machine instances in Compute Classic.&lt;p&gt;You can create, view, and delete machine images using the HTTP requests listed below.</description>
            <tags/>
            <connectionAttributes xmlns="http://schemas.informatica.com/appmodules/screenflow/2014/04/avosConnectors.xsd">
               <connectionAttribute description="Host Name"
                                    masked="false"
                                    name="hostName"
                                    required="true"
                                    testWith="apicatalog.oraclecloud.com"
                                    type="string"/>
            </connectionAttributes>
            <actions>
               <action category="MachineImages"
                       failOnError="true"
                       forSearch="false"
                       label="addMachineImage"
                       maxRedirects="100"
                       name="addMachineImage"
                       preemptiveAuth="true"
                       responseEncoding="">
                  <description>Create a Machine Image. Adds a machine image to Compute Classic.&lt;p&gt;After adding a machine image, you can use the machine image to create a bootable storage volume. See &lt;a class="xref" href="op-storage-volume--post.html"&gt;Create a Storage Volume&lt;/a&gt;.&lt;p&gt;You can also add the machine image to an image list. See &lt;a class="xref" href="Adding a Machine Image.html"&gt;Adding a Machine Image&lt;/a&gt;.&lt;p&gt;&lt;b&gt;Note:&lt;/b&gt; Before performing this task, you must upload your machine image file to Oracle Cloud Infrastructure Object Storage Classic. Make a note of the name of the &lt;code&gt;.tar.gz&lt;/code&gt; file that you have uploaded. You'll need to provide this name while adding a machine image to Compute Classic.&lt;p&gt;For more information, see &lt;a target="_blank" href="http://www.oracle.com/pls/topic/lookup?ctx=stcomputecs&amp;id=STCSG-GUID-799D6F6D-BDED-4DDE-9B3D-BE23BE5F687F"&gt;Uploading Machine Image Files to Oracle Cloud Infrastructure Object Storage Classic&lt;/a&gt; in &lt;em&gt;Using Oracle Cloud Infrastructure Compute Classic&lt;/em&gt;.&lt;p&gt;&lt;b&gt;Prerequisite:&lt;/b&gt; Ensure that you have selected a replication policy for your Oracle Cloud Infrastructure Object Storage Classic instance. See &lt;a target="_blank" href="http://www.oracle.com/pls/topic/lookup?ctx=stcomputecs&amp;id=CSSTO-GUID-5D53C11F-3D9E-43E4-8D1D-DDBB95DEC715"&gt;Selecting a Replication Policy for Your Service Instance&lt;/a&gt; in &lt;em&gt;Using Oracle Cloud Infrastructure Object Storage Classic&lt;/em&gt;.&lt;/p&gt;&lt;p&gt;&lt;b&gt;Required Role: &lt;/b&gt;To complete this task, you must have the &lt;code&gt;Compute_Operations&lt;/code&gt; role. If this role isn't assigned to you or you're not sure, then ask your system administrator to ensure that the role is assigned to you in Oracle Cloud My Services. See &lt;a target="_blank" href="http://www.oracle.com/pls/topic/lookup?ctx=stcomputecs&amp;id=MMOCS-GUID-54C2E747-7D5B-451C-A39C-77936178EBB6"&gt;Modifying User Roles&lt;/a&gt; in &lt;em&gt;Managing and Monitoring Oracle Cloud&lt;/em&gt;.</description>
                  <input>
                     <parameter label="body"
                                name="body"
                                required="true"
                                testWith=""
                                type="reference">
                        <options>
                           <option name="referenceTo">MachineImage_post_request</option>
                        </options>
                     </parameter>
                     <parameter description="The Cookie: header must be included with every request to the service. It must be set to the value of the set-cookie header in the response received to the POST /authenticate/ call."
                                label="Cookie"
                                name="Cookie"
                                nogen="true"
                                required="false"
                                testWith=""
                                type="string"/>
                  </input>
                  <binding>
                     <restSimpleBinding multiUsing="semicolonSeparated"
                                        url="http://{$hostName}/machineimage/"
                                        verb="POST">
                        <httpHeaders>
                           <header name="Content-Type">application/oracle-compute-v3+json</header>
                           <header name="Accept">application/oracle-compute-v3+json</header>
                           <header name="Cookie">{$Cookie}</header>
                        </httpHeaders>
                        <body generateUsing="UnwrappedJSON" preserveJsonStringFormatting="false"/>
                     </restSimpleBinding>
                  </binding>
                  <output/>
               </action>
               <action category="MachineImages"
                       failOnError="true"
                       forSearch="false"
                       label="discoverRootMachineImage"
                       maxRedirects="100"
                       name="discoverRootMachineImage"
                       preemptiveAuth="true"
                       responseEncoding="">
                  <description>Retrieve Names of Containers. Retrieves the names of containers that contain objects that you can access. You can use this information to construct the multipart name of an object.&lt;p&gt;&lt;b&gt;Required Role: &lt;/b&gt;To complete this task, you must have the &lt;code&gt;Compute_Monitor&lt;/code&gt; or &lt;code&gt;Compute_Operations&lt;/code&gt; role. If this role isn't assigned to you or you're not sure, then ask your system administrator to ensure that the role is assigned to you in Oracle Cloud My Services. See &lt;a target="_blank" href="http://www.oracle.com/pls/topic/lookup?ctx=stcomputecs&amp;id=MMOCS-GUID-54C2E747-7D5B-451C-A39C-77936178EBB6"&gt;Modifying User Roles&lt;/a&gt; in &lt;em&gt;Managing and Monitoring Oracle Cloud&lt;/em&gt;.</description>
                  <input>
                     <parameter description="The Cookie: header must be included with every request to the service. It must be set to the value of the set-cookie header in the response received to the POST /authenticate/ call."
                                label="Cookie"
                                name="Cookie"
                                nogen="true"
                                required="false"
                                testWith=""
                                type="string"/>
                  </input>
                  <binding>
                     <restSimpleBinding multiUsing="semicolonSeparated"
                                        url="http://{$hostName}/machineimage/"
                                        verb="GET">
                        <httpHeaders>
                           <header name="Content-Type">application/oracle-compute-v3+json</header>
                           <header name="Accept">application/oracle-compute-v3+directory+json</header>
                           <header name="Cookie">{$Cookie}</header>
                        </httpHeaders>
                     </restSimpleBinding>
                  </binding>
                  <output>
                     <field description="OK. See &lt;a class=&#34;xref&#34; href=&#34;Status%20Codes.html&#34;&gt;Status Codes&lt;/a&gt; for information about other possible HTTP status codes."
                            entireResponse="true"
                            name="MachineImage_discover_response"
                            type="reference">
                        <options>
                           <option name="referenceTo">MachineImage_discover_response</option>
                        </options>
                     </field>
                  </output>
               </action>
               <action category="MachineImages"
                       failOnError="true"
                       forSearch="false"
                       label="discoverMachineImage"
                       maxRedirects="100"
                       name="discoverMachineImage"
                       preemptiveAuth="true"
                       responseEncoding="">
                  <description>Retrieve Names of all Machine Images and Subcontainers in a Container. Retrieves the names of objects and subcontainers that you can access in the specified container.&lt;p&gt;&lt;b&gt;Required Role: &lt;/b&gt;To complete this task, you must have the &lt;code&gt;Compute_Monitor&lt;/code&gt; or &lt;code&gt;Compute_Operations&lt;/code&gt; role. If this role isn't assigned to you or you're not sure, then ask your system administrator to ensure that the role is assigned to you in Oracle Cloud My Services. See &lt;a target="_blank" href="http://www.oracle.com/pls/topic/lookup?ctx=stcomputecs&amp;id=MMOCS-GUID-54C2E747-7D5B-451C-A39C-77936178EBB6"&gt;Modifying User Roles&lt;/a&gt; in &lt;em&gt;Managing and Monitoring Oracle Cloud&lt;/em&gt;.</description>
                  <input>
                     <parameter description="Specify &lt;code&gt;/Compute-&lt;i&gt;identityDomain&lt;/i&gt;/&lt;i&gt;user&lt;/i&gt;/&lt;/code&gt; to retrieve the names of objects that you can access. Specify &lt;code&gt;/Compute-&lt;i&gt;identityDomain&lt;/i&gt;/&lt;/code&gt; to retrieve the names of containers that contain objects that you can access. Specify &lt;code&gt;/oracle/public&lt;/code&gt; to retrieve the names of system-provided objects."
                                label="containerPathParam"
                                name="containerPathParam"
                                nogen="true"
                                required="true"
                                testWith=""
                                type="string"/>
                     <parameter description="The Cookie: header must be included with every request to the service. It must be set to the value of the set-cookie header in the response received to the POST /authenticate/ call."
                                label="Cookie"
                                name="Cookie"
                                nogen="true"
                                required="false"
                                testWith=""
                                type="string"/>
                  </input>
                  <binding>
                     <restSimpleBinding multiUsing="semicolonSeparated"
                                        url="http://{$hostName}/machineimage/{$containerPathParam}"
                                        verb="GET">
                        <httpHeaders>
                           <header name="Content-Type">application/oracle-compute-v3+json</header>
                           <header name="Accept">application/oracle-compute-v3+directory+json</header>
                           <header name="Cookie">{$Cookie}</header>
                        </httpHeaders>
                     </restSimpleBinding>
                  </binding>
                  <output>
                     <field description="OK. See &lt;a class=&#34;xref&#34; href=&#34;Status%20Codes.html&#34;&gt;Status Codes&lt;/a&gt; for information about other possible HTTP status codes."
                            entireResponse="true"
                            name="MachineImage_discover_response"
                            type="reference">
                        <options>
                           <option name="referenceTo">MachineImage_discover_response</option>
                        </options>
                     </field>
                  </output>
               </action>
               <action category="MachineImages"
                       failOnError="true"
                       forSearch="false"
                       label="listMachineImage"
                       maxRedirects="100"
                       name="listMachineImage"
                       preemptiveAuth="true"
                       responseEncoding="">
                  <description>Retrieve Details of all Machine Images in a Container. &lt;b&gt;Required Role: &lt;/b&gt;To complete this task, you must have the &lt;code&gt;Compute_Monitor&lt;/code&gt; or &lt;code&gt;Compute_Operations&lt;/code&gt; role. If this role isn't assigned to you or you're not sure, then ask your system administrator to ensure that the role is assigned to you in Oracle Cloud My Services. See &lt;a target="_blank" href="http://www.oracle.com/pls/topic/lookup?ctx=stcomputecs&amp;id=MMOCS-GUID-54C2E747-7D5B-451C-A39C-77936178EBB6"&gt;Modifying User Roles&lt;/a&gt; in &lt;em&gt;Managing and Monitoring Oracle Cloud&lt;/em&gt;.</description>
                  <input>
                     <parameter description="&lt;code&gt;/Compute-&lt;em&gt;identity_domain&lt;/em&gt;/&lt;em&gt;user&lt;/em&gt;&lt;/code&gt; and &lt;code&gt;/Compute-&lt;em&gt;identity_domain&lt;/em&gt;/&lt;/code&gt;for user-defined machine images and &lt;code&gt;/oracle/public&lt;/code&gt; for the Oracle-provided machine images."
                                label="containerPathParam"
                                name="containerPathParam"
                                nogen="true"
                                required="true"
                                testWith=""
                                type="string"/>
                     <parameter description="The Cookie: header must be included with every request to the service. It must be set to the value of the set-cookie header in the response received to the POST /authenticate/ call."
                                label="Cookie"
                                name="Cookie"
                                nogen="true"
                                required="false"
                                testWith=""
                                type="string"/>
                  </input>
                  <binding>
                     <restSimpleBinding multiUsing="semicolonSeparated"
                                        url="http://{$hostName}/machineimage/{$containerPathParam}/"
                                        verb="GET">
                        <httpHeaders>
                           <header name="Content-Type">application/oracle-compute-v3+json</header>
                           <header name="Accept">application/oracle-compute-v3+json</header>
                           <header name="Cookie">{$Cookie}</header>
                        </httpHeaders>
                     </restSimpleBinding>
                  </binding>
                  <output>
                     <field description="OK. See &lt;a class=&#34;xref&#34; href=&#34;Status%20Codes.html&#34;&gt;Status Codes&lt;/a&gt; for information about other possible HTTP status codes."
                            entireResponse="true"
                            name="MachineImage_list_response"
                            type="reference">
                        <options>
                           <option name="referenceTo">MachineImage_list_response</option>
                        </options>
                     </field>
                  </output>
               </action>
               <action category="MachineImages"
                       failOnError="true"
                       forSearch="false"
                       label="getMachineImage"
                       maxRedirects="100"
                       name="getMachineImage"
                       preemptiveAuth="true"
                       responseEncoding="">
                  <description>Retrieve Details of a Machine Image. &lt;b&gt;Required Role: &lt;/b&gt;To complete this task, you must have the &lt;code&gt;Compute_Monitor&lt;/code&gt; or &lt;code&gt;Compute_Operations&lt;/code&gt; role. If this role isn't assigned to you or you're not sure, then ask your system administrator to ensure that the role is assigned to you in Oracle Cloud My Services. See &lt;a target="_blank" href="http://www.oracle.com/pls/topic/lookup?ctx=stcomputecs&amp;id=MMOCS-GUID-54C2E747-7D5B-451C-A39C-77936178EBB6"&gt;Modifying User Roles&lt;/a&gt; in &lt;em&gt;Managing and Monitoring Oracle Cloud&lt;/em&gt;.</description>
                  <input>
                     <parameter description="&lt;p&gt;The three-part name of the object (&lt;code&gt;/Compute-&lt;em&gt;identity_domain&lt;/em&gt;/&lt;em&gt;user&lt;/em&gt;/&lt;em&gt;object&lt;/em&gt;&lt;/code&gt; or &lt;code&gt;/oracle/public/&lt;em&gt;object&lt;/em&gt;&lt;/code&gt;.)"
                                label="namePathParam"
                                name="namePathParam"
                                nogen="true"
                                required="true"
                                testWith=""
                                type="string"/>
                     <parameter description="The Cookie: header must be included with every request to the service. It must be set to the value of the set-cookie header in the response received to the POST /authenticate/ call."
                                label="Cookie"
                                name="Cookie"
                                nogen="true"
                                required="false"
                                testWith=""
                                type="string"/>
                  </input>
                  <binding>
                     <restSimpleBinding multiUsing="semicolonSeparated"
                                        url="http://{$hostName}/machineimage/{$namePathParam}"
                                        verb="GET">
                        <httpHeaders>
                           <header name="Content-Type">application/oracle-compute-v3+json</header>
                           <header name="Accept">application/oracle-compute-v3+json</header>
                           <header name="Cookie">{$Cookie}</header>
                        </httpHeaders>
                     </restSimpleBinding>
                  </binding>
                  <output>
                     <field description="OK. See &lt;a class=&#34;xref&#34; href=&#34;Status%20Codes.html&#34;&gt;Status Codes&lt;/a&gt; for information about other possible HTTP status codes."
                            entireResponse="true"
                            name="MachineImage_response"
                            type="reference">
                        <options>
                           <option name="referenceTo">MachineImage_response</option>
                        </options>
                     </field>
                  </output>
               </action>
               <action category="MachineImages"
                       failOnError="true"
                       forSearch="false"
                       label="deleteMachineImage"
                       maxRedirects="100"
                       name="deleteMachineImage"
                       preemptiveAuth="true"
                       responseEncoding="">
                  <description>Delete a Machine Image. Deletes the specified machine image. No response is returned. When you no longer need a machine image that you've registered in Compute Classic, you can delete the image. &lt;p&gt;You can't delete system-provided machine images that are available in the &lt;code&gt;/oracle/public&lt;/code&gt; container.&lt;p&gt;&lt;b&gt;Caution:&lt;/b&gt;&lt;p&gt; If you delete a machine image that's used in an orchestration, then when that orchestration is stopped and re-started, the instances won't be created.&lt;p&gt;Deleting an image removes the image from your Compute Classic account. However, the image file in your Oracle Cloud Infrastructure Object Storage Classic account is &lt;b&gt;not&lt;/b&gt; deleted. You can register this image in your Compute Classic account again later, if required. You'll only need to remember the name of the &lt;code&gt;.tar.gz&lt;/code&gt; image file that is available in your Oracle Cloud Infrastructure Object Storage Classic account. For instructions to permanently remove a machine image file from Oracle Cloud Infrastructure Object Storage Classic, see the &lt;a target="_blank" href="https://apexapps.oracle.com/pls/apex/f?p=44785:112:::::P112_CONTENT_ID:11959]"&gt;Deleting Machine Image Files from Oracle Cloud Infrastructure Object Storage Classic tutorial&lt;/a&gt;&lt;p&gt;&lt;b&gt;Prerequisites:&lt;/b&gt;&lt;ul&gt;&lt;li&gt;Ensure that the machine image you want to delete isn't used in any orchestration.&lt;/li&gt;&lt;li&gt;Ensure that you have selected a replication policy for your Oracle Cloud Infrastructure Object Storage Classic instance. See &lt;a target="_blank" href="http://www.oracle.com/pls/topic/lookup?ctx=stcomputecs&amp;id=CSSTO-GUID-5D53C11F-3D9E-43E4-8D1D-DDBB95DEC715"&gt;Selecting a Replication Policy for Your Service Instance&lt;/a&gt; in &lt;em&gt;Using Oracle Cloud Infrastructure Object Storage Classic&lt;/em&gt;.&lt;/li&gt;&lt;/ul&gt;&lt;/p&gt;&lt;p&gt;&lt;b&gt;Required Role: &lt;/b&gt;To complete this task, you must have the &lt;code&gt;Compute_Operations&lt;/code&gt; role. If this role isn't assigned to you or you're not sure, then ask your system administrator to ensure that the role is assigned to you in Oracle Cloud My Services. See &lt;a target="_blank" href="http://www.oracle.com/pls/topic/lookup?ctx=stcomputecs&amp;id=MMOCS-GUID-54C2E747-7D5B-451C-A39C-77936178EBB6"&gt;Modifying User Roles&lt;/a&gt; in &lt;em&gt;Managing and Monitoring Oracle Cloud&lt;/em&gt;.</description>
                  <input>
                     <parameter description="&lt;p&gt;The three-part name of the object (&lt;code&gt;/Compute-&lt;em&gt;identity_domain&lt;/em&gt;/&lt;em&gt;user&lt;/em&gt;/&lt;em&gt;object&lt;/em&gt;&lt;/code&gt;)."
                                label="namePathParam"
                                name="namePathParam"
                                nogen="true"
                                required="true"
                                testWith=""
                                type="string"/>
                     <parameter description="The Cookie: header must be included with every request to the service. It must be set to the value of the set-cookie header in the response received to the POST /authenticate/ call."
                                label="Cookie"
                                name="Cookie"
                                nogen="true"
                                required="false"
                                testWith=""
                                type="string"/>
                  </input>
                  <binding>
                     <restSimpleBinding multiUsing="semicolonSeparated"
                                        url="http://{$hostName}/machineimage/{$namePathParam}"
                                        verb="DELETE">
                        <httpHeaders>
                           <header name="Content-Type">application/oracle-compute-v3+json</header>
                           <header name="Accept">application/oracle-compute-v3+json</header>
                           <header name="Cookie">{$Cookie}</header>
                        </httpHeaders>
                     </restSimpleBinding>
                  </binding>
                  <output/>
               </action>
            </actions>
            <objects>
               <processObject xmlns="http://schemas.active-endpoints.com/appmodules/screenflow/2011/06/avosHostEnvironment.xsd"
                              isByCopy="true"
                              name="MachineImage_response">
                  <description/>
                  <detail>
                     <field name="checksums" type="object"/>
                     <field name="no_upload" type="boolean"/>
                     <field name="signature" type="string"/>
                     <field name="description" type="string"/>
                     <field name="audited" type="string"/>
                     <field name="uri" type="string"/>
                     <field name="platform" type="string"/>
                     <field name="error_reason" type="string"/>
                     <field name="file" type="string"/>
                     <field name="signed_by" type="string"/>
                     <field name="sizes" type="object"/>
                     <field name="hypervisor" type="object"/>
                     <field name="quota" type="string"/>
                     <field name="name" type="string"/>
                     <field name="attributes" type="object"/>
                     <field name="image_format" type="string"/>
                     <field name="state" type="string"/>
                     <field name="account" type="string"/>
                  </detail>
               </processObject>
               <processObject xmlns="http://schemas.active-endpoints.com/appmodules/screenflow/2011/06/avosHostEnvironment.xsd"
                              isByCopy="true"
                              name="HourlyInterval">
                  <description/>
                  <detail/>
               </processObject>
               <processObject xmlns="http://schemas.active-endpoints.com/appmodules/screenflow/2011/06/avosHostEnvironment.xsd"
                              isByCopy="true"
                              name="MachineImage_post_request">
                  <description>The request body contains details of the machine image that you want to create. </description>
                  <detail>
                     <field name="no_upload" type="boolean"/>
                     <field name="file" type="string"/>
                     <field name="name" type="string"/>
                     <field name="description" type="string"/>
                     <field name="attributes" type="object"/>
                     <field name="account" type="string"/>
                  </detail>
               </processObject>
               <processObject xmlns="http://schemas.active-endpoints.com/appmodules/screenflow/2011/06/avosHostEnvironment.xsd"
                              isByCopy="true"
                              name="MachineImage_discover_response">
                  <description/>
                  <detail>
                     <field name="result" type="objectlist">
                        <options>
                           <option name="referenceTo">string</option>
                           <option name="relationshipName">Child</option>
                        </options>
                     </field>
                  </detail>
               </processObject>
               <processObject xmlns="http://schemas.active-endpoints.com/appmodules/screenflow/2011/06/avosHostEnvironment.xsd"
                              isByCopy="true"
                              name="MachineImage_list_response">
                  <description/>
                  <detail>
                     <field name="result" type="objectlist">
                        <options>
                           <option name="referenceTo">MachineImage_response</option>
                           <option name="relationshipName">Child</option>
                        </options>
                     </field>
                  </detail>
               </processObject>
               <processObject xmlns="http://schemas.active-endpoints.com/appmodules/screenflow/2011/06/avosHostEnvironment.xsd"
                              isByCopy="true"
                              name="DailyWeeklyInterval">
                  <description/>
                  <detail/>
               </processObject>
               <processObject xmlns="http://schemas.active-endpoints.com/appmodules/screenflow/2011/06/avosHostEnvironment.xsd"
                              isByCopy="true"
                              name="Interval">
                  <description>There are two kinds of Intervals. Each Interval has its own JSON format. Your Interval field should look like one of the following:&lt;p&gt;&lt;ul&gt;&lt;li&gt;&lt;code&gt;"interval":{"Hourly":{"hourlyInterval":2}}&lt;/code&gt;&lt;/li&gt;&lt;li&gt;&lt;code&gt;{"DailyWeekly":{"daysOfWeek":["MONDAY"],"timeOfDay":"03:15","userTimeZone":"America/Los_Angeles"}}&lt;/code&gt;&lt;/li&gt;&lt;/ul&gt;&lt;p&gt;Days of the week is any day of the week fully capitalized (MONDAY, TUESDAY, etc). The user time zone is any IANA user timezone.  For example user time zones see &lt;a href="https://en.wikipedia.org/wiki/IANA_time_zone_database"&gt;List of IANA time zones&lt;/a&gt;.</description>
                  <detail/>
               </processObject>
               <processObject xmlns="http://schemas.active-endpoints.com/appmodules/screenflow/2011/06/avosHostEnvironment.xsd"
                              isByCopy="true"
                              name="string">
                  <description/>
                  <detail>
                     <field name="string" type="string"/>
                  </detail>
               </processObject>
               <processObject xmlns="http://schemas.active-endpoints.com/appmodules/screenflow/2011/06/avosHostEnvironment.xsd"
                              isByCopy="true"
                              name="boolean">
                  <description/>
                  <detail>
                     <field name="boolean" type="boolean"/>
                  </detail>
               </processObject>
               <processObject xmlns="http://schemas.active-endpoints.com/appmodules/screenflow/2011/06/avosHostEnvironment.xsd"
                              isByCopy="true"
                              name="double">
                  <description/>
                  <detail>
                     <field name="double" type="double"/>
                  </detail>
               </processObject>
               <processObject xmlns="http://schemas.active-endpoints.com/appmodules/screenflow/2011/06/avosHostEnvironment.xsd"
                              isByCopy="true"
                              name="integer">
                  <description/>
                  <detail>
                     <field name="integer" type="int"/>
                  </detail>
               </processObject>
            </objects>
         </businessConnector>
      </types1:Entry>
      <types1:GUID>0cO6QeS13epb9mnWEazaU1</types1:GUID>
      <types1:DisplayName>Oracle Cloud Infrastructure Compute MachineImages API v18-1-2</types1:DisplayName>
   </types1:Item>
   <types1:CurrentServerDateTime>2019-02-25T09:24:11.853Z</types1:CurrentServerDateTime>
</aetgt:getResponse>
