<aetgt:getResponse xmlns:aetgt="http://schemas.active-endpoints.com/appmodules/repository/2010/10/avrepository.xsd"
                   xmlns:types1="http://schemas.active-endpoints.com/appmodules/repository/2010/10/avrepository.xsd">
   <types1:Item>
      <types1:EntryId>MwwzAHufWC64Ky2-gt-1426965-2019-01-23T10:46:49.619Z::svc.xml</types1:EntryId>
      <types1:Name>Concur_Attendees_API_v3</types1:Name>
      <types1:MimeType>application/xml+businesssconnector</types1:MimeType>
      <types1:Description/>
      <types1:AppliesTo/>
      <types1:Tags/>
      <types1:VersionLabel>1.0</types1:VersionLabel>
      <types1:State>CURRENT</types1:State>
      <types1:ProcessGroup/>
      <types1:CreatedBy>sorabh@na1.dm-us.org</types1:CreatedBy>
      <types1:CreationDate>2019-01-23T10:46:50Z</types1:CreationDate>
      <types1:ModifiedBy/>
      <types1:PublicationStatus>published</types1:PublicationStatus>
      <types1:PublishedBy>sorabh@na1.dm-us.org</types1:PublishedBy>
      <types1:PublicationDate>2019-01-23T10:46:54Z</types1:PublicationDate>
      <types1:PublishedContributionId>project:/rt.connector/Concur_Attendees_API_v3/Concur_Attendees_API_v3_svcDef.xml</types1:PublishedContributionId>
      <types1:AutosaveExists>false</types1:AutosaveExists>
      <types1:Entry>
         <businessConnector xmlns="http://schemas.informatica.com/socrates/data-services/2014/05/business-connector-model.xsd"
                            agentOnly="false"
                            debug="false"
                            displayName="Concur Attendees API v3"
                            label=""
                            name="Concur_Attendees_API_v3"
                            uuid="538e3ce2-c358-494a-ae91-f6fa877420eb">
            <description/>
            <tags/>
            <connectionAttributes xmlns="http://schemas.informatica.com/appmodules/screenflow/2014/04/avosConnectors.xsd">
               <connectionAttribute description="Host Name"
                                    masked="false"
                                    name="hostName"
                                    required="true"
                                    testWith="www.concursolutions.com"
                                    type="string"/>
            </connectionAttributes>
            <actions>
               <action category="Resources"
                       failOnError="true"
                       forSearch="false"
                       label="GET_expense_attendees_id_"
                       maxRedirects="100"
                       name="GET_expense_attendees_id_"
                       preemptiveAuth="true"
                       responseEncoding="">
                  <description>Get a single attendee by ID. Gets a single attendee by ID.</description>
                  <input>
                     <parameter description="The attendee ID."
                                label="idPathParam"
                                name="idPathParam"
                                nogen="true"
                                required="true"
                                testWith=""
                                type="string"/>
                     <parameter description="The login ID of the user that has added the attendee to an expense. The user who is performing this API request must have the Web Services Admin (Professional) or Can Administer (Standard) user role to use this parameter."
                                label="user"
                                name="user"
                                required="false"
                                testWith=""
                                type="string"/>
                  </input>
                  <binding>
                     <restSimpleBinding multiUsing="semicolonSeparated"
                                        url="https://{$hostName}/api/v3.0/expense/attendees/{$idPathParam}"
                                        verb="GET">
                        <httpHeaders>
                           <header name="Content-Type">application/json</header>
                           <header name="Accept">application/json</header>
                        </httpHeaders>
                     </restSimpleBinding>
                  </binding>
                  <output>
                     <field description="Success"
                            entireResponse="true"
                            name="AttendeeGet"
                            type="reference">
                        <options>
                           <option name="referenceTo">AttendeeGet</option>
                        </options>
                     </field>
                  </output>
               </action>
               <action category="Resources"
                       failOnError="true"
                       forSearch="false"
                       label="DELETE_expense_attendees_id_"
                       maxRedirects="100"
                       name="DELETE_expense_attendees_id_"
                       preemptiveAuth="true"
                       responseEncoding="">
                  <description>Delete an attendee by ID. DEPRECATED: 05/19/2016 UNSUPPORTED: 11/19/2016 Deletes the specified attendee.</description>
                  <input>
                     <parameter description="The ID of the attendee to delete."
                                label="idPathParam"
                                name="idPathParam"
                                nogen="true"
                                required="true"
                                testWith=""
                                type="string"/>
                     <parameter description="The login ID of the user that has added the attendee to an expense. The user who is performing this API request must have the Web Services Admin (Professional) or Can Administer (Standard) user role to use this parameter."
                                label="user"
                                name="user"
                                required="false"
                                testWith=""
                                type="string"/>
                  </input>
                  <binding>
                     <restSimpleBinding multiUsing="semicolonSeparated"
                                        url="https://{$hostName}/api/v3.0/expense/attendees/{$idPathParam}"
                                        verb="DELETE">
                        <httpHeaders>
                           <header name="Content-Type">application/json</header>
                           <header name="Accept">application/json</header>
                        </httpHeaders>
                     </restSimpleBinding>
                  </binding>
                  <output>
                     <field description="Success"
                            entireResponse="true"
                            name="Void"
                            type="reference">
                        <options>
                           <option name="referenceTo">Void</option>
                        </options>
                     </field>
                  </output>
               </action>
               <action category="Resources"
                       failOnError="true"
                       forSearch="false"
                       label="PUT_expense_attendees_id_"
                       maxRedirects="100"
                       name="PUT_expense_attendees_id_"
                       preemptiveAuth="true"
                       responseEncoding="">
                  <description>Update an attendee by ID. Updates the specified attendee. Only the fields provided in the supplied object are updated. Missing fields are not altered.</description>
                  <input>
                     <parameter description="The attendee ID."
                                label="idPathParam"
                                name="idPathParam"
                                nogen="true"
                                required="true"
                                testWith=""
                                type="string"/>
                     <parameter description="The partial or complete Attendee object to update."
                                label="content"
                                name="content"
                                required="true"
                                testWith=""
                                type="reference">
                        <options>
                           <option name="referenceTo">AttendeePut</option>
                        </options>
                     </parameter>
                     <parameter description="The login ID of the user that has added the attendee to an expense. The user who is performing this API request must have the Web Services Admin (Professional) or Can Administer (Standard) user role to use this parameter."
                                label="user"
                                name="user"
                                required="false"
                                testWith=""
                                type="string"/>
                  </input>
                  <binding>
                     <restSimpleBinding multiUsing="semicolonSeparated"
                                        url="https://{$hostName}/api/v3.0/expense/attendees/{$idPathParam}"
                                        verb="PUT">
                        <httpHeaders>
                           <header name="Content-Type">application/json</header>
                           <header name="Accept">application/json</header>
                        </httpHeaders>
                        <body generateUsing="UnwrappedJSON" preserveJsonStringFormatting="false"/>
                     </restSimpleBinding>
                  </binding>
                  <output>
                     <field description="Success"
                            entireResponse="true"
                            name="Void"
                            type="reference">
                        <options>
                           <option name="referenceTo">Void</option>
                        </options>
                     </field>
                  </output>
               </action>
               <action category="Resources"
                       failOnError="true"
                       forSearch="false"
                       label="POST_expense_attendees"
                       maxRedirects="100"
                       name="POST_expense_attendees"
                       preemptiveAuth="true"
                       responseEncoding="">
                  <description>Create a new attendee. Creates a new attendee.</description>
                  <input>
                     <parameter description="The Attendee object to create."
                                label="content"
                                name="content"
                                required="true"
                                testWith=""
                                type="reference">
                        <options>
                           <option name="referenceTo">AttendeePost</option>
                        </options>
                     </parameter>
                     <parameter description="The login ID of the user that has added the attendee to an expense. The user who is performing this API request must have the Web Services Admin (Professional) or Can Administer (Standard) user role to use this parameter."
                                label="user"
                                name="user"
                                required="false"
                                testWith=""
                                type="string"/>
                  </input>
                  <binding>
                     <restSimpleBinding multiUsing="semicolonSeparated"
                                        url="https://{$hostName}/api/v3.0/expense/attendees"
                                        verb="POST">
                        <httpHeaders>
                           <header name="Content-Type">application/json</header>
                           <header name="Accept">application/json</header>
                        </httpHeaders>
                        <body generateUsing="UnwrappedJSON" preserveJsonStringFormatting="false"/>
                     </restSimpleBinding>
                  </binding>
                  <output>
                     <field description="Success"
                            entireResponse="true"
                            name="CreateResponse"
                            type="reference">
                        <options>
                           <option name="referenceTo">CreateResponse</option>
                        </options>
                     </field>
                  </output>
               </action>
               <action category="Resources"
                       failOnError="true"
                       forSearch="false"
                       label="GET_expense_attendees"
                       maxRedirects="100"
                       name="GET_expense_attendees"
                       preemptiveAuth="true"
                       responseEncoding="">
                  <description>Get all attendees. Gets all attendees owned by the specified user.</description>
                  <input>
                     <parameter description="The external ID of an attendee. By entering a value for this parameter, you can limit the results to the attendees who match the specified external ID. Up to 10 comma-separated external IDs may be specified."
                                label="externalID"
                                name="externalID"
                                required="false"
                                testWith=""
                                type="string"/>
                     <parameter description="The ID of an attendee type. By entering a value for this parameter, you can limit the results to the attendees who match the specified type."
                                label="attendeeTypeID"
                                name="attendeeTypeID"
                                required="false"
                                testWith=""
                                type="string"/>
                     <parameter description="The starting point of the next set of results, after the limit specified in the limit field has been reached."
                                label="offset"
                                name="offset"
                                required="false"
                                testWith=""
                                type="string"/>
                     <parameter description="The number of records to return. Default value: 25"
                                label="limit"
                                name="limit"
                                required="false"
                                testWith=""
                                type="int"/>
                     <parameter description="The login ID of the user that has added the attendee to an expense. The user who is performing this API request must have the Web Services Admin (Professional) or Can Administer (Standard) user role to use this parameter."
                                label="user"
                                name="user"
                                required="false"
                                testWith=""
                                type="string"/>
                  </input>
                  <binding>
                     <restSimpleBinding multiUsing="semicolonSeparated"
                                        url="https://{$hostName}/api/v3.0/expense/attendees"
                                        verb="GET">
                        <httpHeaders>
                           <header name="Content-Type">application/json</header>
                           <header name="Accept">application/json</header>
                        </httpHeaders>
                     </restSimpleBinding>
                  </binding>
                  <output>
                     <field description="Success"
                            entireResponse="true"
                            name="AttendeeCollection"
                            type="reference">
                        <options>
                           <option name="referenceTo">AttendeeCollection</option>
                        </options>
                     </field>
                  </output>
               </action>
            </actions>
            <objects>
               <processObject xmlns="http://schemas.active-endpoints.com/appmodules/screenflow/2011/06/avosHostEnvironment.xsd"
                              isByCopy="true"
                              name="Decimal">
                  <description/>
                  <detail/>
               </processObject>
               <processObject xmlns="http://schemas.active-endpoints.com/appmodules/screenflow/2011/06/avosHostEnvironment.xsd"
                              isByCopy="true"
                              name="CreateResponse">
                  <description/>
                  <detail>
                     <field name="ID" type="string"/>
                     <field name="URI" type="string"/>
                  </detail>
               </processObject>
               <processObject xmlns="http://schemas.active-endpoints.com/appmodules/screenflow/2011/06/avosHostEnvironment.xsd"
                              isByCopy="true"
                              name="Nullable_1">
                  <description/>
                  <detail>
                     <field name="Value" type="reference">
                        <options>
                           <option name="referenceTo">Decimal</option>
                           <option name="relationshipName">Child</option>
                        </options>
                     </field>
                     <field name="HasValue" type="boolean"/>
                  </detail>
               </processObject>
               <processObject xmlns="http://schemas.active-endpoints.com/appmodules/screenflow/2011/06/avosHostEnvironment.xsd"
                              isByCopy="true"
                              name="AttendeeCollection">
                  <description/>
                  <detail>
                     <field name="Items" type="reference">
                        <options>
                           <option name="referenceTo">AttendeeGet</option>
                           <option name="relationshipName">Child</option>
                        </options>
                     </field>
                     <field name="NextPage" type="string"/>
                  </detail>
               </processObject>
               <processObject xmlns="http://schemas.active-endpoints.com/appmodules/screenflow/2011/06/avosHostEnvironment.xsd"
                              isByCopy="true"
                              name="AttendeePut">
                  <description/>
                  <detail>
                     <field name="Company" type="string"/>
                     <field name="Custom19" type="string"/>
                     <field name="Custom18" type="string"/>
                     <field name="ExternalID" type="string"/>
                     <field name="Custom13" type="string"/>
                     <field name="Custom12" type="string"/>
                     <field name="Custom11" type="string"/>
                     <field name="Custom10" type="string"/>
                     <field name="Custom17" type="string"/>
                     <field name="Custom16" type="string"/>
                     <field name="Custom15" type="string"/>
                     <field name="Custom14" type="string"/>
                     <field name="CurrencyCode" type="string"/>
                     <field name="MiddleInitial" type="string"/>
                     <field name="TotalAmountYTD" type="double"/>
                     <field name="AttendeeTypeID" type="string"/>
                     <field name="FirstName" type="string"/>
                     <field name="Custom24" type="string"/>
                     <field name="Custom23" type="string"/>
                     <field name="Title" type="string"/>
                     <field name="Custom22" type="string"/>
                     <field name="Custom21" type="string"/>
                     <field name="Custom25" type="string"/>
                     <field name="Custom4" type="string"/>
                     <field name="Custom3" type="string"/>
                     <field name="Custom2" type="string"/>
                     <field name="Custom1" type="string"/>
                     <field name="Suffix" type="string"/>
                     <field name="Custom20" type="string"/>
                     <field name="Custom8" type="string"/>
                     <field name="Custom7" type="string"/>
                     <field name="Custom6" type="string"/>
                     <field name="Custom5" type="string"/>
                     <field name="Custom9" type="string"/>
                     <field name="LastName" type="string"/>
                  </detail>
               </processObject>
               <processObject xmlns="http://schemas.active-endpoints.com/appmodules/screenflow/2011/06/avosHostEnvironment.xsd"
                              isByCopy="true"
                              name="AttendeePost">
                  <description/>
                  <detail>
                     <field name="Company" type="string"/>
                     <field name="Custom19" type="string"/>
                     <field name="Custom18" type="string"/>
                     <field name="ExternalID" type="string"/>
                     <field name="Custom13" type="string"/>
                     <field name="Custom12" type="string"/>
                     <field name="Custom11" type="string"/>
                     <field name="Custom10" type="string"/>
                     <field name="Custom17" type="string"/>
                     <field name="Custom16" type="string"/>
                     <field name="Custom15" type="string"/>
                     <field name="Custom14" type="string"/>
                     <field name="CurrencyCode" type="string"/>
                     <field name="MiddleInitial" type="string"/>
                     <field name="TotalAmountYTD" type="double"/>
                     <field name="AttendeeTypeID" type="string"/>
                     <field name="FirstName" type="string"/>
                     <field name="Custom24" type="string"/>
                     <field name="Custom23" type="string"/>
                     <field name="Title" type="string"/>
                     <field name="Custom22" type="string"/>
                     <field name="Custom21" type="string"/>
                     <field name="Custom25" type="string"/>
                     <field name="Custom4" type="string"/>
                     <field name="Custom3" type="string"/>
                     <field name="Custom2" type="string"/>
                     <field name="Custom1" type="string"/>
                     <field name="Suffix" type="string"/>
                     <field name="Custom20" type="string"/>
                     <field name="Custom8" type="string"/>
                     <field name="Custom7" type="string"/>
                     <field name="Custom6" type="string"/>
                     <field name="Custom5" type="string"/>
                     <field name="Custom9" type="string"/>
                     <field name="LastName" type="string"/>
                  </detail>
               </processObject>
               <processObject xmlns="http://schemas.active-endpoints.com/appmodules/screenflow/2011/06/avosHostEnvironment.xsd"
                              isByCopy="true"
                              name="CustomField">
                  <description/>
                  <detail>
                     <field name="ListItemID" type="string"/>
                     <field name="Type" type="string"/>
                     <field name="Value" type="string"/>
                     <field name="Code" type="string"/>
                  </detail>
               </processObject>
               <processObject xmlns="http://schemas.active-endpoints.com/appmodules/screenflow/2011/06/avosHostEnvironment.xsd"
                              isByCopy="true"
                              name="Void">
                  <description/>
                  <detail/>
               </processObject>
               <processObject xmlns="http://schemas.active-endpoints.com/appmodules/screenflow/2011/06/avosHostEnvironment.xsd"
                              isByCopy="true"
                              name="AttendeeGet">
                  <description/>
                  <detail>
                     <field name="Company" type="string"/>
                     <field name="Custom19" type="reference">
                        <options>
                           <option name="referenceTo">CustomField</option>
                           <option name="relationshipName">Child</option>
                        </options>
                     </field>
                     <field name="OwnerName" type="string"/>
                     <field name="Custom18" type="reference">
                        <options>
                           <option name="referenceTo">CustomField</option>
                           <option name="relationshipName">Child</option>
                        </options>
                     </field>
                     <field name="ExternalID" type="string"/>
                     <field name="Custom13" type="reference">
                        <options>
                           <option name="referenceTo">CustomField</option>
                           <option name="relationshipName">Child</option>
                        </options>
                     </field>
                     <field name="Custom12" type="reference">
                        <options>
                           <option name="referenceTo">CustomField</option>
                           <option name="relationshipName">Child</option>
                        </options>
                     </field>
                     <field name="Custom11" type="reference">
                        <options>
                           <option name="referenceTo">CustomField</option>
                           <option name="relationshipName">Child</option>
                        </options>
                     </field>
                     <field name="HasExceptionsYTD" type="boolean"/>
                     <field name="Custom10" type="reference">
                        <options>
                           <option name="referenceTo">CustomField</option>
                           <option name="relationshipName">Child</option>
                        </options>
                     </field>
                     <field name="AttendeeTypeCode" type="string"/>
                     <field name="Custom17" type="reference">
                        <options>
                           <option name="referenceTo">CustomField</option>
                           <option name="relationshipName">Child</option>
                        </options>
                     </field>
                     <field name="Custom16" type="reference">
                        <options>
                           <option name="referenceTo">CustomField</option>
                           <option name="relationshipName">Child</option>
                        </options>
                     </field>
                     <field name="URI" type="string"/>
                     <field name="Custom15" type="reference">
                        <options>
                           <option name="referenceTo">CustomField</option>
                           <option name="relationshipName">Child</option>
                        </options>
                     </field>
                     <field name="Custom14" type="reference">
                        <options>
                           <option name="referenceTo">CustomField</option>
                           <option name="relationshipName">Child</option>
                        </options>
                     </field>
                     <field name="CurrencyCode" type="string"/>
                     <field name="MiddleInitial" type="string"/>
                     <field name="TotalAmountPrevYear" type="double"/>
                     <field name="TotalAmountYTD" type="double"/>
                     <field name="ID" type="string"/>
                     <field name="AttendeeTypeID" type="string"/>
                     <field name="HasExceptionsPrevYear" type="boolean"/>
                     <field name="OwnerLoginID" type="string"/>
                     <field name="FirstName" type="string"/>
                     <field name="Custom24" type="reference">
                        <options>
                           <option name="referenceTo">CustomField</option>
                           <option name="relationshipName">Child</option>
                        </options>
                     </field>
                     <field name="Custom23" type="reference">
                        <options>
                           <option name="referenceTo">CustomField</option>
                           <option name="relationshipName">Child</option>
                        </options>
                     </field>
                     <field name="Title" type="string"/>
                     <field name="Custom22" type="reference">
                        <options>
                           <option name="referenceTo">CustomField</option>
                           <option name="relationshipName">Child</option>
                        </options>
                     </field>
                     <field name="Custom21" type="reference">
                        <options>
                           <option name="referenceTo">CustomField</option>
                           <option name="relationshipName">Child</option>
                        </options>
                     </field>
                     <field name="VersionNumber" type="int"/>
                     <field name="Custom25" type="reference">
                        <options>
                           <option name="referenceTo">CustomField</option>
                           <option name="relationshipName">Child</option>
                        </options>
                     </field>
                     <field name="Custom4" type="reference">
                        <options>
                           <option name="referenceTo">CustomField</option>
                           <option name="relationshipName">Child</option>
                        </options>
                     </field>
                     <field name="Custom3" type="reference">
                        <options>
                           <option name="referenceTo">CustomField</option>
                           <option name="relationshipName">Child</option>
                        </options>
                     </field>
                     <field name="Custom2" type="reference">
                        <options>
                           <option name="referenceTo">CustomField</option>
                           <option name="relationshipName">Child</option>
                        </options>
                     </field>
                     <field name="Custom1" type="reference">
                        <options>
                           <option name="referenceTo">CustomField</option>
                           <option name="relationshipName">Child</option>
                        </options>
                     </field>
                     <field name="Suffix" type="string"/>
                     <field name="Custom20" type="reference">
                        <options>
                           <option name="referenceTo">CustomField</option>
                           <option name="relationshipName">Child</option>
                        </options>
                     </field>
                     <field name="Custom8" type="reference">
                        <options>
                           <option name="referenceTo">CustomField</option>
                           <option name="relationshipName">Child</option>
                        </options>
                     </field>
                     <field name="Custom7" type="reference">
                        <options>
                           <option name="referenceTo">CustomField</option>
                           <option name="relationshipName">Child</option>
                        </options>
                     </field>
                     <field name="Custom6" type="reference">
                        <options>
                           <option name="referenceTo">CustomField</option>
                           <option name="relationshipName">Child</option>
                        </options>
                     </field>
                     <field name="Custom5" type="reference">
                        <options>
                           <option name="referenceTo">CustomField</option>
                           <option name="relationshipName">Child</option>
                        </options>
                     </field>
                     <field name="Custom9" type="reference">
                        <options>
                           <option name="referenceTo">CustomField</option>
                           <option name="relationshipName">Child</option>
                        </options>
                     </field>
                     <field name="LastName" type="string"/>
                  </detail>
               </processObject>
               <processObject xmlns="http://schemas.active-endpoints.com/appmodules/screenflow/2011/06/avosHostEnvironment.xsd"
                              isByCopy="true"
                              name="string">
                  <description/>
                  <detail>
                     <field name="string" type="string"/>
                  </detail>
               </processObject>
               <processObject xmlns="http://schemas.active-endpoints.com/appmodules/screenflow/2011/06/avosHostEnvironment.xsd"
                              isByCopy="true"
                              name="boolean">
                  <description/>
                  <detail>
                     <field name="boolean" type="boolean"/>
                  </detail>
               </processObject>
               <processObject xmlns="http://schemas.active-endpoints.com/appmodules/screenflow/2011/06/avosHostEnvironment.xsd"
                              isByCopy="true"
                              name="double">
                  <description/>
                  <detail>
                     <field name="double" type="double"/>
                  </detail>
               </processObject>
               <processObject xmlns="http://schemas.active-endpoints.com/appmodules/screenflow/2011/06/avosHostEnvironment.xsd"
                              isByCopy="true"
                              name="integer">
                  <description/>
                  <detail>
                     <field name="integer" type="int"/>
                  </detail>
               </processObject>
            </objects>
         </businessConnector>
      </types1:Entry>
      <types1:GUID>6DFDwSrxc9EizoS25xSQaB</types1:GUID>
      <types1:DisplayName>Concur Attendees API v3</types1:DisplayName>
   </types1:Item>
   <types1:CurrentServerDateTime>2019-02-22T09:42:48.02Z</types1:CurrentServerDateTime>
</aetgt:getResponse>
