{
  "name" : "IICS REST API and Git-anonymized for testing",
  "sourceOrgId" : "jfXS1Yt6v0OkJwqp7PEcm7",
  "sourceOrgName" : "Informatica",
  "exportedObjects" : [ {
    "objectGuid" : "gQ7yCSsjpkle2mK6VkjEKr",
    "objectName" : "IICS REST API and Git",
    "objectType" : "Project",
    "path" : "/Explore",
    "metadata" : {
      "modelVersion" : {
        "major" : 0,
        "minor" : 0
      },
      "repoInfo" : null,
      "objectRefs" : [ ],
      "contextAttributes" : [ ],
      "additionalInfo" : {
        "description" : "",
        "contentType" : "Binary",
        "documentState" : "COMPLETE"
      },
      "objectExistence" : "WITHOUT_DEPENDENCIES"
    }
  }, {
    "objectGuid" : "bmdQP1lgZ2peUhZAUYz7qO",
    "objectName" : "SCM Import from Git",
    "objectType" : "PROCESS",
    "path" : "/Explore/IICS REST API and Git",
    "metadata" : {
      "modelVersion" : {
        "major" : 1,
        "minor" : 0
      },
      "repoInfo" : {
        "repoHandle" : "G06kck8jKBmeK3j-gt-444556-2018-10-12T19:12:49.529Z::pd.xml"
      },
      "objectRefs" : [ "6jj4nOo9kDwemSks1YnWOU", "3AIU3ecEFYMgwtxuvNKTUH" ],
      "contextAttributes" : null,
      "additionalInfo" : {
        "description" : "This process implements partial Source Code Management. It checks out the Cloud Assets Export file from Git using Git Contents API and imports them into IICS using IICS REST API.",
        "contentType" : "application/json; charset=utf-8",
        "documentState" : "VALID"
      },
      "objectExistence" : "WITH_DEPENDENCIES"
    }
  }, {
    "objectGuid" : "6jj4nOo9kDwemSks1YnWOU",
    "objectName" : "IICS-REST-API-actions",
    "objectType" : "AI_CONNECTION",
    "path" : "/Explore/IICS REST API and Git/Connections",
    "metadata" : {
      "modelVersion" : {
        "major" : 1,
        "minor" : 0
      },
      "repoInfo" : {
        "repoHandle" : "rhNzUzeA8rJ4pbg-gt-444546-2018-10-12T19:12:49.285Z::conn.xml"
      },
      "objectRefs" : [ ],
      "contextAttributes" : null,
      "additionalInfo" : {
        "description" : "",
        "contentType" : "application/json; charset=utf-8",
        "documentState" : "VALID"
      },
      "objectExistence" : "WITH_DEPENDENCIES"
    }
  }, {
    "objectGuid" : "880TgUPzve7fyfHWGHAZmR",
    "objectName" : "Connections",
    "objectType" : "Folder",
    "path" : "/Explore/IICS REST API and Git",
    "metadata" : {
      "modelVersion" : {
        "major" : 0,
        "minor" : 0
      },
      "repoInfo" : null,
      "objectRefs" : [ ],
      "contextAttributes" : [ ],
      "additionalInfo" : {
        "description" : "",
        "contentType" : "Binary",
        "documentState" : "COMPLETE"
      },
      "objectExistence" : "WITHOUT_DEPENDENCIES"
    }
  }, {
    "objectGuid" : "dApX8ctTaCTelQ4PuPL5Wq",
    "objectName" : "Service Connectors",
    "objectType" : "Folder",
    "path" : "/Explore/IICS REST API and Git",
    "metadata" : {
      "modelVersion" : {
        "major" : 0,
        "minor" : 0
      },
      "repoInfo" : null,
      "objectRefs" : [ ],
      "contextAttributes" : [ ],
      "additionalInfo" : {
        "description" : "",
        "contentType" : "Binary",
        "documentState" : "COMPLETE"
      },
      "objectExistence" : "WITHOUT_DEPENDENCIES"
    }
  }, {
    "objectGuid" : "3AIU3ecEFYMgwtxuvNKTUH",
    "objectName" : "Git-Contents-API-actions",
    "objectType" : "AI_CONNECTION",
    "path" : "/Explore/IICS REST API and Git/Connections",
    "metadata" : {
      "modelVersion" : {
        "major" : 1,
        "minor" : 0
      },
      "repoInfo" : {
        "repoHandle" : "dx2CGeFRqXpIW7W-gt-2485401-2018-10-12T19:12:49.062Z::conn.xml"
      },
      "objectRefs" : [ ],
      "contextAttributes" : null,
      "additionalInfo" : {
        "description" : "This points to the \"demo\" repository, not the Informatica-Cloud-Application-Integration one. To have a cleaner source/target for documentation.",
        "contentType" : "application/json; charset=utf-8",
        "documentState" : "INVALID"
      },
      "objectExistence" : "WITH_DEPENDENCIES"
    }
  }, {
    "objectGuid" : "8GFMWmxgE4ndNh7F5CN7qL",
    "objectName" : "Git Contents API",
    "objectType" : "AI_SERVICE_CONNECTOR",
    "path" : "/Explore/IICS REST API and Git/Service Connectors",
    "metadata" : {
      "modelVersion" : {
        "major" : 1,
        "minor" : 0
      },
      "repoInfo" : {
        "repoHandle" : "PhyyYPFJ7XhFtyb-gt-2457948-2018-10-12T19:17:02.467Z::svc.xml"
      },
      "objectRefs" : [ ],
      "contextAttributes" : null,
      "additionalInfo" : {
        "description" : "This service connectors provides actions for Git Contents API. Refer https://developer.github.com/v3/repos/contents/",
        "contentType" : "application/json; charset=utf-8",
        "documentState" : "VALID"
      },
      "objectExistence" : "WITH_DEPENDENCIES"
    }
  }, {
    "objectGuid" : "8kyHLoLHOAGbtkLyiXBmyD",
    "objectName" : "SCM Export to Git",
    "objectType" : "PROCESS",
    "path" : "/Explore/IICS REST API and Git",
    "metadata" : {
      "modelVersion" : {
        "major" : 1,
        "minor" : 0
      },
      "repoInfo" : {
        "repoHandle" : "MKQr3rp3yD7tyGo-gt-444566-2018-10-12T19:12:49.62Z::pd.xml"
      },
      "objectRefs" : [ "6jj4nOo9kDwemSks1YnWOU", "3AIU3ecEFYMgwtxuvNKTUH" ],
      "contextAttributes" : null,
      "additionalInfo" : {
        "description" : "This process implements partial Source Code Management. It exports the Cloud Assets using IICS REST API and checks them in Git using Git Contents API.",
        "contentType" : "application/json; charset=utf-8",
        "documentState" : "VALID"
      },
      "objectExistence" : "WITH_DEPENDENCIES"
    }
  }, {
    "objectGuid" : "8LWnbdQe58XbXgy3L0EkOy",
    "objectName" : "IICS REST API",
    "objectType" : "AI_SERVICE_CONNECTOR",
    "path" : "/Explore/IICS REST API and Git/Service Connectors",
    "metadata" : {
      "modelVersion" : {
        "major" : 1,
        "minor" : 0
      },
      "repoInfo" : {
        "repoHandle" : "4FsWTzIf6riX2FN-gt-2457940-2018-10-12T19:17:02.389Z::svc.xml"
      },
      "objectRefs" : [ ],
      "contextAttributes" : null,
      "additionalInfo" : {
        "description" : "This service defines actions to connect to IICS through REST API",
        "contentType" : "application/json; charset=utf-8",
        "documentState" : "VALID"
      },
      "objectExistence" : "WITH_DEPENDENCIES"
    }
  } ]
}