<aetgt:getResponse xmlns:aetgt="http://schemas.active-endpoints.com/appmodules/repository/2010/10/avrepository.xsd"
                   xmlns:types1="http://schemas.active-endpoints.com/appmodules/repository/2010/10/avrepository.xsd">
   <types1:Item>
      <types1:EntryId>Jyaaaaa-gt-1682011-2019-02-12T01:15:23.569Z::svc.xml</types1:EntryId>
      <types1:Name>Oracle_Cloud_Infrastructure_Compute_StorageSnapshots_API_v18-1-2</types1:Name>
      <types1:MimeType>application/xml+businesssconnector</types1:MimeType>
      <types1:Description>Creating a snapshot of a storage volume enables you to capture all the data stored on the storage volume. You can retain snapshots as a backup, or use them to create new, identical storage volumes.&lt;p&gt;If you take multiple snapshots of a storage volume, each snapshot captures all the data stored on the storage volume. You can create either colocated or remote storage volume snapshots.&lt;p&gt;&lt;ul&gt;&lt;li&gt;&lt;b&gt;Colocated snapshots:&lt;/b&gt; Snapshots are stored in the same physical location as the original storage volume and each snapshot uses the same amount of storage as the original volume. Colocated snapshots and volumes from colocated snapshots can be created very quickly. Colocated snapshots are useful for quickly restoring storage volumes within a site. However, you can't restore volumes across sites using colocated snapshots.&lt;/li&gt;&lt;li&gt;&lt;b&gt;Remote snapshots:&lt;/b&gt; Snapshots aren't stored in the same location as the original storage volume. Instead, they are reduced and stored in the associated Oracle Cloud Infrastructure Object</types1:Description>
      <types1:AppliesTo/>
      <types1:Tags/>
      <types1:VersionLabel>1.0</types1:VersionLabel>
      <types1:State>CURRENT</types1:State>
      <types1:ProcessGroup/>
      <types1:CreatedBy>sorabh@na1.dm-us.org</types1:CreatedBy>
      <types1:CreationDate>2019-02-12T01:15:24Z</types1:CreationDate>
      <types1:ModifiedBy/>
      <types1:PublicationStatus>published</types1:PublicationStatus>
      <types1:PublishedBy>sorabh@na1.dm-us.org</types1:PublishedBy>
      <types1:PublicationDate>2019-02-12T01:15:49Z</types1:PublicationDate>
      <types1:PublishedContributionId>project:/rt.connector/Oracle_Cloud_Infrastructure_Compute_StorageSnapshots_API_v18_1_2/Oracle_Cloud_Infrastructure_Compute_StorageSnapshots_API_v18_1_2_svcDef.xml</types1:PublishedContributionId>
      <types1:AutosaveExists>false</types1:AutosaveExists>
      <types1:Entry>
         <businessConnector xmlns="http://schemas.informatica.com/socrates/data-services/2014/05/business-connector-model.xsd"
                            agentOnly="false"
                            debug="false"
                            displayName="Oracle Cloud Infrastructure Compute StorageSnapshots API v18-1-2"
                            label=""
                            name="Oracle_Cloud_Infrastructure_Compute_StorageSnapshots_API_v18-1-2"
                            uuid="a853b41e-0820-47fb-8a48-ccfe168df111">
            <description>Creating a snapshot of a storage volume enables you to capture all the data stored on the storage volume. You can retain snapshots as a backup, or use them to create new, identical storage volumes.&lt;p&gt;If you take multiple snapshots of a storage volume, each snapshot captures all the data stored on the storage volume. You can create either colocated or remote storage volume snapshots.&lt;p&gt;&lt;ul&gt;&lt;li&gt;&lt;b&gt;Colocated snapshots:&lt;/b&gt; Snapshots are stored in the same physical location as the original storage volume and each snapshot uses the same amount of storage as the original volume. Colocated snapshots and volumes from colocated snapshots can be created very quickly. Colocated snapshots are useful for quickly restoring storage volumes within a site. However, you can't restore volumes across sites using colocated snapshots.&lt;/li&gt;&lt;li&gt;&lt;b&gt;Remote snapshots:&lt;/b&gt; Snapshots aren't stored in the same location as the original storage volume. Instead, they are reduced and stored in the associated Oracle Cloud Infrastructure Object Storage Classic instance. Remote snapshots are useful if your domain spans multiple sites. With remote snapshots, you can create a snapshot in one site, then switch to another site and create a copy of the storage volume on that site. However, creating a remote snapshot and restoring a storage volume from a remote snapshot can take quite a long time depending on the size of the storage volume, as data is written to and from the Oracle Cloud Infrastructure Object Storage Classic instance.&lt;/li&gt;&lt;/ul&gt;</description>
            <tags/>
            <connectionAttributes xmlns="http://schemas.informatica.com/appmodules/screenflow/2014/04/avosConnectors.xsd">
               <connectionAttribute description="Host Name"
                                    masked="false"
                                    name="hostName"
                                    required="true"
                                    testWith="apicatalog.oraclecloud.com"
                                    type="string"/>
            </connectionAttributes>
            <actions>
               <action category="StorageSnapshots"
                       failOnError="true"
                       forSearch="false"
                       label="addStorageSnapshot"
                       maxRedirects="100"
                       name="addStorageSnapshot"
                       preemptiveAuth="true"
                       responseEncoding="">
                  <description>Create a Storage Volume Snapshot. Creates a storage volume snapshot. Creating a storage volume snapshot enables you to capture the current state of the storage volume. You can retain snapshots as a backup, or use them to create new, identical storage volumes.&lt;p&gt;You can create a snapshot of a storage volume either when it is attached to an instance or after detaching it. If the storage volume is attached to an instance, then only data that has already been written to the storage volume will be captured in the snapshot. Data that is cached by the application or the operating system will be excluded from the snapshot.&lt;p&gt;To create a snapshot of a bootable storage volume that is currently being used by an instance, you should delete the instance before you create the snapshot, to ensure the consistency of data. Deleting the instance doesn't delete any data on the bootable storage volume, because the data is stored on a persistent boot disk. When the instance is deleted, it ensures that all data is written to the storage volume and no further data can be written to the disk while taking the snapshot. Ensure that you stop only the instance orchestration and not the orchestration that creates storage volumes. That way, only your instance is deleted and re-created and storage volumes or other resources defined in other orchestrations are not deleted. You can create the instance again later on, after the snapshot is created.&lt;p&gt;To use this snapshot to create a storage volume, see &lt;a class="xref" href="op-storage-volume--post.html"&gt;Create a Storage Volume&lt;/a&gt;.&lt;p&gt;&lt;b&gt;Prerequisite:&lt;/b&gt; Before creating a remote storage snapshot, ensure that you have selected a replication policy for your Oracle Cloud Infrastructure Object Storage Classic instance. See &lt;a target="_blank" href="http://www.oracle.com/pls/topic/lookup?ctx=stcomputecs&amp;id=CSSTO-GUID-5D53C11F-3D9E-43E4-8D1D-DDBB95DEC715"&gt;Selecting a Replication Policy for Your Service Instance&lt;/a&gt; in &lt;em&gt;Using Oracle Cloud Infrastructure Object Storage Classic&lt;/em&gt;.&lt;/p&gt;&lt;p&gt;&lt;b&gt;Required Role: &lt;/b&gt;To complete this task, you must have the &lt;code&gt;Compute_Operations&lt;/code&gt; role. If this role isn't assigned to you or you're not sure, then ask your system administrator to ensure that the role is assigned to you in Oracle Cloud My Services. See &lt;a target="_blank" href="http://www.oracle.com/pls/topic/lookup?ctx=stcomputecs&amp;id=MMOCS-GUID-54C2E747-7D5B-451C-A39C-77936178EBB6"&gt;Modifying User Roles&lt;/a&gt; in &lt;em&gt;Managing and Monitoring Oracle Cloud&lt;/em&gt;.</description>
                  <input>
                     <parameter label="body"
                                name="body"
                                required="true"
                                testWith=""
                                type="reference">
                        <options>
                           <option name="referenceTo">StorageSnapshot_post_request</option>
                        </options>
                     </parameter>
                     <parameter description="The Cookie: header must be included with every request to the service. It must be set to the value of the set-cookie header in the response received to the POST /authenticate/ call."
                                label="Cookie"
                                name="Cookie"
                                nogen="true"
                                required="false"
                                testWith=""
                                type="string"/>
                  </input>
                  <binding>
                     <restSimpleBinding multiUsing="semicolonSeparated"
                                        url="http://{$hostName}/storage/snapshot/"
                                        verb="POST">
                        <httpHeaders>
                           <header name="Content-Type">application/oracle-compute-v3+json</header>
                           <header name="Accept">application/oracle-compute-v3+json</header>
                           <header name="Cookie">{$Cookie}</header>
                        </httpHeaders>
                        <body generateUsing="UnwrappedJSON" preserveJsonStringFormatting="false"/>
                     </restSimpleBinding>
                  </binding>
                  <output/>
               </action>
               <action category="StorageSnapshots"
                       failOnError="true"
                       forSearch="false"
                       label="discoverRootStorageSnapshot"
                       maxRedirects="100"
                       name="discoverRootStorageSnapshot"
                       preemptiveAuth="true"
                       responseEncoding="">
                  <description>Retrieve Names of Containers. Retrieves the names of containers that contain objects that you can access. You can use this information to construct the multipart name of an object.&lt;p&gt;&lt;b&gt;Required Role: &lt;/b&gt;To complete this task, you must have the &lt;code&gt;Compute_Monitor&lt;/code&gt; or &lt;code&gt;Compute_Operations&lt;/code&gt; role. If this role isn't assigned to you or you're not sure, then ask your system administrator to ensure that the role is assigned to you in Oracle Cloud My Services. See &lt;a target="_blank" href="http://www.oracle.com/pls/topic/lookup?ctx=stcomputecs&amp;id=MMOCS-GUID-54C2E747-7D5B-451C-A39C-77936178EBB6"&gt;Modifying User Roles&lt;/a&gt; in &lt;em&gt;Managing and Monitoring Oracle Cloud&lt;/em&gt;.</description>
                  <input>
                     <parameter description="The Cookie: header must be included with every request to the service. It must be set to the value of the set-cookie header in the response received to the POST /authenticate/ call."
                                label="Cookie"
                                name="Cookie"
                                nogen="true"
                                required="false"
                                testWith=""
                                type="string"/>
                  </input>
                  <binding>
                     <restSimpleBinding multiUsing="semicolonSeparated"
                                        url="http://{$hostName}/storage/snapshot/"
                                        verb="GET">
                        <httpHeaders>
                           <header name="Content-Type">application/oracle-compute-v3+json</header>
                           <header name="Accept">application/oracle-compute-v3+directory+json</header>
                           <header name="Cookie">{$Cookie}</header>
                        </httpHeaders>
                     </restSimpleBinding>
                  </binding>
                  <output>
                     <field description="OK. See &lt;a class=&#34;xref&#34; href=&#34;Status%20Codes.html&#34;&gt;Status Codes&lt;/a&gt; for information about other possible HTTP status codes."
                            entireResponse="true"
                            name="StorageSnapshot_discover_response"
                            type="reference">
                        <options>
                           <option name="referenceTo">StorageSnapshot_discover_response</option>
                        </options>
                     </field>
                  </output>
               </action>
               <action category="StorageSnapshots"
                       failOnError="true"
                       forSearch="false"
                       label="discoverStorageSnapshot"
                       maxRedirects="100"
                       name="discoverStorageSnapshot"
                       preemptiveAuth="true"
                       responseEncoding="">
                  <description>Retrieve Names of all Storage Volume Snapshots and Subcontainers in a Container. Retrieves the names of objects and subcontainers that you can access in the specified container.&lt;p&gt;&lt;b&gt;Required Role: &lt;/b&gt;To complete this task, you must have the &lt;code&gt;Compute_Monitor&lt;/code&gt; or &lt;code&gt;Compute_Operations&lt;/code&gt; role. If this role isn't assigned to you or you're not sure, then ask your system administrator to ensure that the role is assigned to you in Oracle Cloud My Services. See &lt;a target="_blank" href="http://www.oracle.com/pls/topic/lookup?ctx=stcomputecs&amp;id=MMOCS-GUID-54C2E747-7D5B-451C-A39C-77936178EBB6"&gt;Modifying User Roles&lt;/a&gt; in &lt;em&gt;Managing and Monitoring Oracle Cloud&lt;/em&gt;.</description>
                  <input>
                     <parameter description="Specify &lt;code&gt;/Compute-&lt;i&gt;identityDomain&lt;/i&gt;/&lt;i&gt;user&lt;/i&gt;/&lt;/code&gt; to retrieve the names of objects that you can access. Specify &lt;code&gt;/Compute-&lt;i&gt;identityDomain&lt;/i&gt;/&lt;/code&gt; to retrieve the names of containers that contain objects that you can access."
                                label="containerPathParam"
                                name="containerPathParam"
                                nogen="true"
                                required="true"
                                testWith=""
                                type="string"/>
                     <parameter description="The Cookie: header must be included with every request to the service. It must be set to the value of the set-cookie header in the response received to the POST /authenticate/ call."
                                label="Cookie"
                                name="Cookie"
                                nogen="true"
                                required="false"
                                testWith=""
                                type="string"/>
                  </input>
                  <binding>
                     <restSimpleBinding multiUsing="semicolonSeparated"
                                        url="http://{$hostName}/storage/snapshot/{$containerPathParam}"
                                        verb="GET">
                        <httpHeaders>
                           <header name="Content-Type">application/oracle-compute-v3+json</header>
                           <header name="Accept">application/oracle-compute-v3+directory+json</header>
                           <header name="Cookie">{$Cookie}</header>
                        </httpHeaders>
                     </restSimpleBinding>
                  </binding>
                  <output>
                     <field description="OK. See &lt;a class=&#34;xref&#34; href=&#34;Status%20Codes.html&#34;&gt;Status Codes&lt;/a&gt; for information about other possible HTTP status codes."
                            entireResponse="true"
                            name="StorageSnapshot_discover_response"
                            type="reference">
                        <options>
                           <option name="referenceTo">StorageSnapshot_discover_response</option>
                        </options>
                     </field>
                  </output>
               </action>
               <action category="StorageSnapshots"
                       failOnError="true"
                       forSearch="false"
                       label="listStorageSnapshot"
                       maxRedirects="100"
                       name="listStorageSnapshot"
                       preemptiveAuth="true"
                       responseEncoding="">
                  <description>Retrieve Details of all Storage Volume Snapshots in a Container. Retrieves details of the storage volume snapshots that are available in the specified container and match the specified query criteria. If you don't specify any query criteria, then details of all the storage volume snapshots in the container are displayed. To filter the search results, you can pass one or more of the following query parameters, by appending them to the URI in the following syntax:&lt;p&gt;&lt;code&gt;?parameter1=value1&amp;ampparameter2=value2&amp;ampparameterN=valueN&lt;/code&gt;&lt;p&gt;&lt;b&gt;Required Role: &lt;/b&gt;To complete this task, you must have the &lt;code&gt;Compute_Monitor&lt;/code&gt; or &lt;code&gt;Compute_Operations&lt;/code&gt; role. If this role isn't assigned to you or you're not sure, then ask your system administrator to ensure that the role is assigned to you in Oracle Cloud My Services. See &lt;a target="_blank" href="http://www.oracle.com/pls/topic/lookup?ctx=stcomputecs&amp;id=MMOCS-GUID-54C2E747-7D5B-451C-A39C-77936178EBB6"&gt;Modifying User Roles&lt;/a&gt; in &lt;em&gt;Managing and Monitoring Oracle Cloud&lt;/em&gt;.</description>
                  <input>
                     <parameter description="&lt;p&gt;&lt;code&gt;/Compute-&lt;em&gt;identity_domain&lt;/em&gt;/&lt;em&gt;user&lt;/em&gt;&lt;/code&gt; or &lt;p&gt;&lt;code&gt;/Compute-&lt;em&gt;identity_domain&lt;/em&gt;&lt;/code&gt;"
                                label="containerPathParam"
                                name="containerPathParam"
                                nogen="true"
                                required="true"
                                testWith=""
                                type="string"/>
                     <parameter description="Lists only those snapshots that were generated since the specified time or date. Snapshots that were generated before the specified time are not retrieved. The date you specify is checked against the &lt;code&gt;snapshot_timestamp&lt;/code&gt; field of the snapshots in the specified container.Example values that you can pass for this parameter are: &lt;code&gt;2016&lt;/code&gt;, &lt;code&gt;2016-06-17&lt;/code&gt;, or &lt;code&gt;2016-06-17T07:04:52Z &lt;/code&gt;.&lt;p&gt;To retrieve snapshots that were generated within a specific timeframe, specify values for both &lt;code&gt;since&lt;/code&gt; and &lt;code&gt;until&lt;/code&gt; parameters."
                                label="since"
                                name="since"
                                required="false"
                                testWith=""
                                type="string"/>
                     <parameter description="Lists only those snapshots that were generated until the specified time or date. Snapshots that were generated after the specified time are not retrieved. The date you specify is checked against the &lt;code&gt;snapshot_timestamp&lt;/code&gt; field of the snapshots in the specified container. Example values that you can pass for this parameter are: &lt;code&gt;2016&lt;/code&gt;, &lt;code&gt;2016-06-17&lt;/code&gt;, or &lt;code&gt;2016-06-17T07:04:52Z &lt;/code&gt;.&lt;p&gt;To retrieve snapshots that were generated within a specific timeframe, specify values for both &lt;code&gt;since&lt;/code&gt; and &lt;code&gt;until&lt;/code&gt; parameters."
                                label="until"
                                name="until"
                                required="false"
                                testWith=""
                                type="string"/>
                     <parameter description="A comma-separated list of strings which helps you to identify storage snapshots."
                                label="tags"
                                name="tags"
                                required="false"
                                testWith=""
                                type="objectlist">
                        <options>
                           <option name="referenceTo">string</option>
                        </options>
                     </parameter>
                     <parameter description="The Cookie: header must be included with every request to the service. It must be set to the value of the set-cookie header in the response received to the POST /authenticate/ call."
                                label="Cookie"
                                name="Cookie"
                                nogen="true"
                                required="false"
                                testWith=""
                                type="string"/>
                  </input>
                  <binding>
                     <restSimpleBinding multiUsing="semicolonSeparated"
                                        url="http://{$hostName}/storage/snapshot/{$containerPathParam}/"
                                        verb="GET">
                        <httpHeaders>
                           <header name="Content-Type">application/oracle-compute-v3+json</header>
                           <header name="Accept">application/oracle-compute-v3+json</header>
                           <header name="Cookie">{$Cookie}</header>
                        </httpHeaders>
                     </restSimpleBinding>
                  </binding>
                  <output>
                     <field description="OK. See &lt;a class=&#34;xref&#34; href=&#34;Status%20Codes.html&#34;&gt;Status Codes&lt;/a&gt; for information about other possible HTTP status codes."
                            entireResponse="true"
                            name="StorageSnapshot_list_response"
                            type="reference">
                        <options>
                           <option name="referenceTo">StorageSnapshot_list_response</option>
                        </options>
                     </field>
                  </output>
               </action>
               <action category="StorageSnapshots"
                       failOnError="true"
                       forSearch="false"
                       label="getStorageSnapshot"
                       maxRedirects="100"
                       name="getStorageSnapshot"
                       preemptiveAuth="true"
                       responseEncoding="">
                  <description>Retrieve Details of a Storage Volume Snapshot. Retrieves details about the specified storage volume snapshot.&lt;p&gt;&lt;b&gt;Required Role: &lt;/b&gt;To complete this task, you must have the &lt;code&gt;Compute_Monitor&lt;/code&gt; or &lt;code&gt;Compute_Operations&lt;/code&gt; role. If this role isn't assigned to you or you're not sure, then ask your system administrator to ensure that the role is assigned to you in Oracle Cloud My Services. See &lt;a target="_blank" href="http://www.oracle.com/pls/topic/lookup?ctx=stcomputecs&amp;id=MMOCS-GUID-54C2E747-7D5B-451C-A39C-77936178EBB6"&gt;Modifying User Roles&lt;/a&gt; in &lt;em&gt;Managing and Monitoring Oracle Cloud&lt;/em&gt;.</description>
                  <input>
                     <parameter description="Multipart name of the snapshot of the storage volume."
                                label="namePathParam"
                                name="namePathParam"
                                nogen="true"
                                required="true"
                                testWith=""
                                type="string"/>
                     <parameter description="The Cookie: header must be included with every request to the service. It must be set to the value of the set-cookie header in the response received to the POST /authenticate/ call."
                                label="Cookie"
                                name="Cookie"
                                nogen="true"
                                required="false"
                                testWith=""
                                type="string"/>
                  </input>
                  <binding>
                     <restSimpleBinding multiUsing="semicolonSeparated"
                                        url="http://{$hostName}/storage/snapshot/{$namePathParam}"
                                        verb="GET">
                        <httpHeaders>
                           <header name="Content-Type">application/oracle-compute-v3+json</header>
                           <header name="Accept">application/oracle-compute-v3+json</header>
                           <header name="Cookie">{$Cookie}</header>
                        </httpHeaders>
                     </restSimpleBinding>
                  </binding>
                  <output>
                     <field description="OK. See &lt;a class=&#34;xref&#34; href=&#34;Status%20Codes.html&#34;&gt;Status Codes&lt;/a&gt; for information about other possible HTTP status codes."
                            entireResponse="true"
                            name="StorageSnapshot_response"
                            type="reference">
                        <options>
                           <option name="referenceTo">StorageSnapshot_response</option>
                        </options>
                     </field>
                  </output>
               </action>
               <action category="StorageSnapshots"
                       failOnError="true"
                       forSearch="false"
                       label="deleteStorageSnapshot"
                       maxRedirects="100"
                       name="deleteStorageSnapshot"
                       preemptiveAuth="true"
                       responseEncoding="">
                  <description>Delete a Storage Volume Snapshot. Deletes the specified storage volume snapshot. No response is returned.&lt;p&gt;Note that you can't delete a snapshot if it has been used to create a new storage volume.&lt;p&gt;&lt;b&gt;Prerequisite:&lt;/b&gt; Before deleting a remote storage snapshot, ensure that you have selected a replication policy for your Oracle Cloud Infrastructure Object Storage Classic instance. See &lt;a target="_blank" href="http://www.oracle.com/pls/topic/lookup?ctx=stcomputecs&amp;id=CSSTO-GUID-5D53C11F-3D9E-43E4-8D1D-DDBB95DEC715"&gt;Selecting a Replication Policy for Your Service Instance&lt;/a&gt; in &lt;em&gt;Using Oracle Cloud Infrastructure Object Storage Classic&lt;/em&gt;.&lt;/p&gt;&lt;p&gt;&lt;b&gt;Required Role: &lt;/b&gt;To complete this task, you must have the &lt;code&gt;Compute_Operations&lt;/code&gt; role. If this role isn't assigned to you or you're not sure, then ask your system administrator to ensure that the role is assigned to you in Oracle Cloud My Services. See &lt;a target="_blank" href="http://www.oracle.com/pls/topic/lookup?ctx=stcomputecs&amp;id=MMOCS-GUID-54C2E747-7D5B-451C-A39C-77936178EBB6"&gt;Modifying User Roles&lt;/a&gt; in &lt;em&gt;Managing and Monitoring Oracle Cloud&lt;/em&gt;.</description>
                  <input>
                     <parameter description="Multipart name of the storage snapshot."
                                label="namePathParam"
                                name="namePathParam"
                                nogen="true"
                                required="true"
                                testWith=""
                                type="string"/>
                     <parameter description="The Cookie: header must be included with every request to the service. It must be set to the value of the set-cookie header in the response received to the POST /authenticate/ call."
                                label="Cookie"
                                name="Cookie"
                                nogen="true"
                                required="false"
                                testWith=""
                                type="string"/>
                  </input>
                  <binding>
                     <restSimpleBinding multiUsing="semicolonSeparated"
                                        url="http://{$hostName}/storage/snapshot/{$namePathParam}"
                                        verb="DELETE">
                        <httpHeaders>
                           <header name="Content-Type">application/oracle-compute-v3+json</header>
                           <header name="Accept">application/oracle-compute-v3+json</header>
                           <header name="Cookie">{$Cookie}</header>
                        </httpHeaders>
                     </restSimpleBinding>
                  </binding>
                  <output/>
               </action>
            </actions>
            <objects>
               <processObject xmlns="http://schemas.active-endpoints.com/appmodules/screenflow/2011/06/avosHostEnvironment.xsd"
                              isByCopy="true"
                              name="StorageSnapshot_post_request">
                  <description>The request body contains details of the storage volume snapshot that you want to create. </description>
                  <detail>
                     <field name="volume" type="string"/>
                     <field name="name" type="string"/>
                     <field name="property" type="string"/>
                     <field name="description" type="string"/>
                     <field name="tags" type="objectlist">
                        <options>
                           <option name="referenceTo">string</option>
                           <option name="relationshipName">Child</option>
                        </options>
                     </field>
                  </detail>
               </processObject>
               <processObject xmlns="http://schemas.active-endpoints.com/appmodules/screenflow/2011/06/avosHostEnvironment.xsd"
                              isByCopy="true"
                              name="HourlyInterval">
                  <description/>
                  <detail/>
               </processObject>
               <processObject xmlns="http://schemas.active-endpoints.com/appmodules/screenflow/2011/06/avosHostEnvironment.xsd"
                              isByCopy="true"
                              name="StorageSnapshot_list_response">
                  <description/>
                  <detail>
                     <field name="result" type="objectlist">
                        <options>
                           <option name="referenceTo">StorageSnapshot_response</option>
                           <option name="relationshipName">Child</option>
                        </options>
                     </field>
                  </detail>
               </processObject>
               <processObject xmlns="http://schemas.active-endpoints.com/appmodules/screenflow/2011/06/avosHostEnvironment.xsd"
                              isByCopy="true"
                              name="StorageSnapshot_discover_response">
                  <description/>
                  <detail>
                     <field name="result" type="objectlist">
                        <options>
                           <option name="referenceTo">string</option>
                           <option name="relationshipName">Child</option>
                        </options>
                     </field>
                  </detail>
               </processObject>
               <processObject xmlns="http://schemas.active-endpoints.com/appmodules/screenflow/2011/06/avosHostEnvironment.xsd"
                              isByCopy="true"
                              name="StorageSnapshot_response">
                  <description/>
                  <detail>
                     <field name="repl_target_regions" type="objectlist">
                        <options>
                           <option name="referenceTo">string</option>
                           <option name="relationshipName">Child</option>
                        </options>
                     </field>
                     <field name="repl_source_region" type="string"/>
                     <field name="snapshot_id" type="string"/>
                     <field name="start_timestamp" type="string"/>
                     <field name="description" type="string"/>
                     <field name="snapshot_timestamp" type="string"/>
                     <field name="uri" type="string"/>
                     <field name="machineimage_name" type="string"/>
                     <field name="platform" type="string"/>
                     <field name="status_detail" type="string"/>
                     <field name="tags" type="objectlist">
                        <options>
                           <option name="referenceTo">string</option>
                           <option name="relationshipName">Child</option>
                        </options>
                     </field>
                     <field name="volume" type="string"/>
                     <field name="parent_volume_bootable" type="string"/>
                     <field name="size" type="string"/>
                     <field name="name" type="string"/>
                     <field name="property" type="string"/>
                     <field name="status_timestamp" type="string"/>
                     <field name="account" type="string"/>
                     <field name="status" type="string"/>
                  </detail>
               </processObject>
               <processObject xmlns="http://schemas.active-endpoints.com/appmodules/screenflow/2011/06/avosHostEnvironment.xsd"
                              isByCopy="true"
                              name="DailyWeeklyInterval">
                  <description/>
                  <detail/>
               </processObject>
               <processObject xmlns="http://schemas.active-endpoints.com/appmodules/screenflow/2011/06/avosHostEnvironment.xsd"
                              isByCopy="true"
                              name="Interval">
                  <description>There are two kinds of Intervals. Each Interval has its own JSON format. Your Interval field should look like one of the following:&lt;p&gt;&lt;ul&gt;&lt;li&gt;&lt;code&gt;"interval":{"Hourly":{"hourlyInterval":2}}&lt;/code&gt;&lt;/li&gt;&lt;li&gt;&lt;code&gt;{"DailyWeekly":{"daysOfWeek":["MONDAY"],"timeOfDay":"03:15","userTimeZone":"America/Los_Angeles"}}&lt;/code&gt;&lt;/li&gt;&lt;/ul&gt;&lt;p&gt;Days of the week is any day of the week fully capitalized (MONDAY, TUESDAY, etc). The user time zone is any IANA user timezone.  For example user time zones see &lt;a href="https://en.wikipedia.org/wiki/IANA_time_zone_database"&gt;List of IANA time zones&lt;/a&gt;.</description>
                  <detail/>
               </processObject>
               <processObject xmlns="http://schemas.active-endpoints.com/appmodules/screenflow/2011/06/avosHostEnvironment.xsd"
                              isByCopy="true"
                              name="string">
                  <description/>
                  <detail>
                     <field name="string" type="string"/>
                  </detail>
               </processObject>
               <processObject xmlns="http://schemas.active-endpoints.com/appmodules/screenflow/2011/06/avosHostEnvironment.xsd"
                              isByCopy="true"
                              name="boolean">
                  <description/>
                  <detail>
                     <field name="boolean" type="boolean"/>
                  </detail>
               </processObject>
               <processObject xmlns="http://schemas.active-endpoints.com/appmodules/screenflow/2011/06/avosHostEnvironment.xsd"
                              isByCopy="true"
                              name="double">
                  <description/>
                  <detail>
                     <field name="double" type="double"/>
                  </detail>
               </processObject>
               <processObject xmlns="http://schemas.active-endpoints.com/appmodules/screenflow/2011/06/avosHostEnvironment.xsd"
                              isByCopy="true"
                              name="integer">
                  <description/>
                  <detail>
                     <field name="integer" type="int"/>
                  </detail>
               </processObject>
            </objects>
         </businessConnector>
      </types1:Entry>
      <types1:GUID>9cq4exGSVxllwPUBGKKRAU</types1:GUID>
      <types1:DisplayName>Oracle Cloud Infrastructure Compute StorageSnapshots API v18-1-2</types1:DisplayName>
   </types1:Item>
   <types1:CurrentServerDateTime>2019-02-25T09:24:12.104Z</types1:CurrentServerDateTime>
</aetgt:getResponse>
