<aetgt:getResponse xmlns:aetgt="http://schemas.active-endpoints.com/appmodules/repository/2010/10/avrepository.xsd"
                   xmlns:types1="http://schemas.active-endpoints.com/appmodules/repository/2010/10/avrepository.xsd">
   <types1:Item>
      <types1:EntryId>6tMFyglsO7RY6pk-gt-3244864-2019-01-24T00:42:23.934Z::svc.xml</types1:EntryId>
      <types1:Name>Concur_Localized_Data_API_v3</types1:Name>
      <types1:MimeType>application/xml+businesssconnector</types1:MimeType>
      <types1:Description>Invoice includes various status codes, and error messages. This API provides a method to list the localized strings of various codes.</types1:Description>
      <types1:AppliesTo/>
      <types1:Tags/>
      <types1:VersionLabel>1.0</types1:VersionLabel>
      <types1:State>CURRENT</types1:State>
      <types1:ProcessGroup/>
      <types1:CreatedBy>sorabh@na1.dm-us.org</types1:CreatedBy>
      <types1:CreationDate>2019-01-24T00:42:24Z</types1:CreationDate>
      <types1:ModifiedBy/>
      <types1:PublicationStatus>published</types1:PublicationStatus>
      <types1:PublishedBy>sorabh@na1.dm-us.org</types1:PublishedBy>
      <types1:PublicationDate>2019-01-24T00:42:49Z</types1:PublicationDate>
      <types1:PublishedContributionId>project:/rt.connector/Concur_Localized_Data_API_v3/Concur_Localized_Data_API_v3_svcDef.xml</types1:PublishedContributionId>
      <types1:AutosaveExists>false</types1:AutosaveExists>
      <types1:Entry>
         <businessConnector xmlns="http://schemas.informatica.com/socrates/data-services/2014/05/business-connector-model.xsd"
                            agentOnly="false"
                            debug="false"
                            displayName="Concur Localized Data API v3"
                            label=""
                            name="Concur_Localized_Data_API_v3"
                            uuid="0927bf7f-c58c-455d-84ee-9ed81f5c3a38">
            <description>Invoice includes various status codes, and error messages. This API provides a method to list the localized strings of various codes.</description>
            <tags/>
            <connectionAttributes xmlns="http://schemas.informatica.com/appmodules/screenflow/2014/04/avosConnectors.xsd">
               <connectionAttribute description="Host Name"
                                    masked="false"
                                    name="hostName"
                                    required="true"
                                    testWith="www.concursolutions.com"
                                    type="string"/>
            </connectionAttributes>
            <actions>
               <action category="Resources"
                       failOnError="true"
                       forSearch="false"
                       label="GET_invoice_localizeddata"
                       maxRedirects="100"
                       name="GET_invoice_localizeddata"
                       preemptiveAuth="true"
                       responseEncoding="">
                  <description>Get localized string of various codes in Invoice. Returns the localized string of various codes in Invoice.</description>
                  <input>
                     <parameter description="Valid types are -    approvalStatus, paymentStatus, expenseType, ledgerCode, dataSourceCode, payMethod, receiptConfirmation, unitOfMeasure."
                                label="type"
                                name="type"
                                required="false"
                                testWith=""
                                type="string"/>
                     <parameter description="Optional. The language code requested. lang codes examples - de, en, es, fr, fr_CA, hu, it, ja, pl, pt_BR"
                                label="langCode"
                                name="langCode"
                                required="false"
                                testWith=""
                                type="string"/>
                  </input>
                  <binding>
                     <restSimpleBinding multiUsing="semicolonSeparated"
                                        url="https://{$hostName}/api/v3.0/invoice/localizeddata"
                                        verb="GET">
                        <httpHeaders>
                           <header name="Content-Type">application/json</header>
                           <header name="Accept">application/json</header>
                        </httpHeaders>
                     </restSimpleBinding>
                  </binding>
                  <output>
                     <field description="Success"
                            entireResponse="true"
                            name="LocalizationDataCollection"
                            type="reference">
                        <options>
                           <option name="referenceTo">LocalizationDataCollection</option>
                        </options>
                     </field>
                  </output>
               </action>
            </actions>
            <objects>
               <processObject xmlns="http://schemas.active-endpoints.com/appmodules/screenflow/2011/06/avosHostEnvironment.xsd"
                              isByCopy="true"
                              name="LocalizationData">
                  <description/>
                  <detail>
                     <field name="LocalizedValue" type="string"/>
                     <field name="Code" type="string"/>
                     <field name="LangCode" type="string"/>
                  </detail>
               </processObject>
               <processObject xmlns="http://schemas.active-endpoints.com/appmodules/screenflow/2011/06/avosHostEnvironment.xsd"
                              isByCopy="true"
                              name="LocalizationDataCollection">
                  <description/>
                  <detail>
                     <field name="TotalCount" type="int"/>
                     <field name="LocalizationData" type="reference">
                        <options>
                           <option name="referenceTo">LocalizationData</option>
                           <option name="relationshipName">Child</option>
                        </options>
                     </field>
                  </detail>
               </processObject>
               <processObject xmlns="http://schemas.active-endpoints.com/appmodules/screenflow/2011/06/avosHostEnvironment.xsd"
                              isByCopy="true"
                              name="string">
                  <description/>
                  <detail>
                     <field name="string" type="string"/>
                  </detail>
               </processObject>
               <processObject xmlns="http://schemas.active-endpoints.com/appmodules/screenflow/2011/06/avosHostEnvironment.xsd"
                              isByCopy="true"
                              name="boolean">
                  <description/>
                  <detail>
                     <field name="boolean" type="boolean"/>
                  </detail>
               </processObject>
               <processObject xmlns="http://schemas.active-endpoints.com/appmodules/screenflow/2011/06/avosHostEnvironment.xsd"
                              isByCopy="true"
                              name="double">
                  <description/>
                  <detail>
                     <field name="double" type="double"/>
                  </detail>
               </processObject>
               <processObject xmlns="http://schemas.active-endpoints.com/appmodules/screenflow/2011/06/avosHostEnvironment.xsd"
                              isByCopy="true"
                              name="integer">
                  <description/>
                  <detail>
                     <field name="integer" type="int"/>
                  </detail>
               </processObject>
            </objects>
         </businessConnector>
      </types1:Entry>
      <types1:GUID>jBDNduShb40fYX5HKHKQmP</types1:GUID>
      <types1:DisplayName>Concur Localized Data API v3</types1:DisplayName>
   </types1:Item>
   <types1:CurrentServerDateTime>2019-02-22T09:42:48.117Z</types1:CurrentServerDateTime>
</aetgt:getResponse>
