{"EntryId":{"$t":"rJGD4ARW8UBM7zs-gt-3058879-2018-09-13T15:36:58.275Z::conn.xml"},"Name":{"$t":"FedEx-Tracking-API-Actions"},"ParentFlowIds":{"$t":"D9Nlv58pIO3M4Ww-gt-1270557-2018-09-13T15:36:58.479Z::pd.xml"},"MimeType":{"$t":"application\/xml+connection"},"Description":{"$t":"The Connection built upon the Fedex Service Connector."},"AppliesTo":{},"Tags":{},"VersionLabel":{"$t":"1.0"},"State":{"$t":"CURRENT"},"ProcessGroup":{},"CreatedBy":{"$t":"gstasko@UW-POC.edu"},"CreationDate":{"$t":"2018-09-13T15:36:58Z"},"ModifiedBy":{"$t":"gstasko@UW-POC.edu"},"ModificationDate":{"$t":"2018-09-13T15:39:42Z"},"PublicationStatus":{"$t":"unpublished"},"AutosaveExists":{"$t":"false"},"Entry":{"connection":{"displayName":"FedEx-Tracking-API-Actions","label":"FedEx-Tracking-API-Actions","name":"FedEx-Tracking-API-Actions","xmlns":"http:\/\/schemas.informatica.com\/socrates\/data-services\/2014\/04\/avosConnections.xsd","xmlns$aetgt":"http:\/\/schemas.active-endpoints.com\/appmodules\/repository\/2010\/10\/avrepository.xsd","description":{"$t":"The Connection built upon the Fedex Service Connector."},"tags":{},"agent":{},"attributes":{"attribute":[{"encrypted":"false","name":"AccountNumber","value":""},{"encrypted":"false","name":"MeterNumber","value":""},{"encrypted":"false","name":"Key","value":""},{"encrypted":"false","name":"Password","value":""}]},"businessConnector":{"agentOnly":"false","connectorPath":"project:\/rt.connector\/FedEx_Tracking_API\/FedEx_Tracking_API_svcDef.xml","guid":"apqvu84cj8vikaPLDGmQsl","name":"FedEx_Tracking_API","supportsConnectionTest":"false","uuid":"0190bb03-22a8-44bf-a0a0-26b2b744719f","xmlns":"http:\/\/schemas.informatica.com\/appmodules\/screenflow\/2014\/04\/avosConnectors.xsd","description":{"$t":"The Service Connector that enables Package Tracking. Credentials are provided in the Connection.\n\n"}}}},"GUID":{"$t":"eRZEq1oD6QYhifWauY2cki"},"DisplayName":{"$t":"FedEx-Tracking-API-Actions"}}