{"EntryId":{"$t":"D9Nlv58pIO3M4Ww-gt-1270557-2018-09-13T15:36:58.479Z::pd.xml"},"Name":{"$t":"Get_Fedex_Package_Status"},"MimeType":{"$t":"application\/xml+process"},"Description":{"$t":"A simple process to demonstrate invoking the Fedex tracking API by invoking the process with a package tracking number and returning status information. \n \nNo authentication is required.\n\nThis does NOT test for invalid numbers being entered."},"AppliesTo":{},"Tags":{"$t":".anonymous"},"VersionLabel":{"$t":"1.0"},"State":{"$t":"CURRENT"},"ProcessGroup":{},"CreatedBy":{"$t":"gstasko@UW-POC.edu"},"CreationDate":{"$t":"2018-09-13T15:36:58Z"},"ModifiedBy":{},"PublicationStatus":{"$t":"unpublished"},"AutosaveExists":{"$t":"false"},"Entry":{"process":{"displayName":"Get Fedex Package Status","name":"Get_Fedex_Package_Status","xmlns":"http:\/\/schemas.active-endpoints.com\/appmodules\/screenflow\/2010\/10\/avosScreenflow.xsd","xmlns$aetgt":"http:\/\/schemas.active-endpoints.com\/appmodules\/repository\/2010\/10\/avrepository.xsd","xmlns$list":"urn:activevos:spi:list:functions","appliesTo":{},"description":{"$t":"A simple process to demonstrate invoking the Fedex tracking API by invoking the process with a package tracking number and returning status information. \n \nNo authentication is required.\n\nThis does NOT test for invalid numbers being entered."},"tags":{"$t":".anonymous"},"generator":{"$t":"Informatica Process Designer 9"},"input":{"parameter":{"description":"","name":"TrackingNumberInput","type":"string","options":{"option":{"name":"required","$t":"false"}}}},"output":{"field":[{"description":"","name":"DeliveryStatusOut","type":"string","options":{"option":{"name":"required","$t":"false"}}},{"description":"","name":"CityOut","type":"string","options":{"option":{"name":"required","$t":"false"}}},{"description":"","name":"StateOut","type":"string","options":{"option":{"name":"required","$t":"false"}}},{"description":"","name":"ZIPOut","type":"string","options":{"option":{"name":"required","$t":"false"}}},{"description":"","name":"CommentsOut","type":"string","options":{"option":{"name":"required","$t":"false"}}},{"description":"","name":"DateTimeDeliveredOut","type":"string","options":{"option":{"name":"required","$t":"false"}}},{"description":"","name":"CarrierOut","type":"string","options":{"option":{"name":"required","$t":"false"}}},{"description":"","name":"ServiceTypeOut","type":"string","options":{"option":{"name":"required","$t":"false"}}}]},"notes":{},"deployment":{"suspendOnFault":"false","tracingLevel":"verbose","rest":{"allowAnonymousAccess":{}}},"flow":{"id":"a","start":{"id":"b","link":{"id":"jk2slg8p","targetId":"jk2slg8o"}},"service":{"id":"jk2slg8o","title":{"$t":"Get FedEx package status"},"serviceName":{"$t":"FedEx-Tracking-API-Actions:Get FedEx package status"},"serviceGUID":{"$t":"eRZEq1oD6QYhifWauY2cki"},"serviceInput":{"parameter":{"name":"TrackingNumber","source":"field","updatable":"true","$t":"input.TrackingNumberInput"}},"link":{"id":"jk2slg8x","targetId":"jk2slg8w"}},"assignment":{"id":"jk2slg8w","title":{"$t":"Map Outputs"},"operation":[{"source":"field","to":"output.CarrierOut","$t":"output.OperatingCompanyOrCarrierDescription"},{"source":"field","to":"output.CityOut","$t":"output.City"},{"source":"field","to":"output.StateOut","$t":"output.State"},{"source":"field","to":"output.DeliveryStatusOut","$t":"output.Delivery Status"},{"source":"field","to":"output.DateTimeDeliveredOut","$t":"output.Date and Time Delivered"},{"source":"field","to":"output.ServiceTypeOut","$t":"output.Service Type"},{"source":"field","to":"output.CommentsOut","$t":"output.Comments"}],"link":{"id":"jk2slg8y","targetId":"c"}},"end":{"id":"c"}}}},"GUID":{"$t":"gavpnHRMTAifYwHEbXLAIY"},"DisplayName":{"$t":"Get Fedex Package Status"}}