<aetgt:getResponse xmlns:aetgt="http://schemas.active-endpoints.com/appmodules/repository/2010/10/avrepository.xsd"
                   xmlns:types1="http://schemas.active-endpoints.com/appmodules/repository/2010/10/avrepository.xsd">
   <types1:Item>
      <types1:EntryId>HBxZmtK9hCHbf2X-gt-18483879-2019-12-29T10:04:24.533Z::svc.xml</types1:EntryId>
      <types1:Name>Okta_Client_Registration_REST_API_v1</types1:Name>
      <types1:MimeType>application/xml+businesssconnector</types1:MimeType>
      <types1:Description>TODO: Add Description</types1:Description>
      <types1:AppliesTo/>
      <types1:Tags/>
      <types1:VersionLabel>1.0</types1:VersionLabel>
      <types1:State>CURRENT</types1:State>
      <types1:ProcessGroup/>
      <types1:CreatedBy>sorabh@na1.dm-us.org</types1:CreatedBy>
      <types1:CreationDate>2019-12-29T10:04:25Z</types1:CreationDate>
      <types1:ModifiedBy/>
      <types1:PublicationStatus>published</types1:PublicationStatus>
      <types1:PublishedBy>sorabh@na1.dm-us.org</types1:PublishedBy>
      <types1:PublicationDate>2019-12-29T10:04:29Z</types1:PublicationDate>
      <types1:PublishedContributionId>project:/rt.connector/Okta_Client_Registration_REST_API_v1/Okta_Client_Registration_REST_API_v1_svcDef.xml</types1:PublishedContributionId>
      <types1:AutosaveExists>false</types1:AutosaveExists>
      <types1:Entry>
         <businessConnector xmlns="http://schemas.informatica.com/socrates/data-services/2014/05/business-connector-model.xsd"
                            agentOnly="false"
                            debug="false"
                            displayName="Okta Client Registration REST API v1"
                            label=""
                            name="Okta_Client_Registration_REST_API_v1"
                            uuid="7aee6b7d-d2ff-4e8e-ac6f-1c3a968f7cef">
            <description>TODO: Add Description</description>
            <tags/>
            <connectionAttributes xmlns="http://schemas.informatica.com/appmodules/screenflow/2014/04/avosConnectors.xsd">
               <connectionAttribute description="Host Name"
                                    masked="false"
                                    name="hostName"
                                    required="true"
                                    testWith="example.com"
                                    type="string"/>
            </connectionAttributes>
            <actions>
               <action category="Misc"
                       failOnError="true"
                       forSearch="false"
                       label="CreateClient"
                       maxRedirects="100"
                       name="CreateClient"
                       preemptiveAuth="true"
                       responseEncoding="">
                  <description>Create Client. TODO: Add Description</description>
                  <input>
                     <parameter label="Authorization"
                                name="Authorization"
                                nogen="true"
                                required="true"
                                testWith=""
                                type="string"/>
                     <parameter label="Body"
                                name="Body"
                                required="true"
                                testWith=""
                                type="reference">
                        <options>
                           <option name="referenceTo">CreateClientRequest</option>
                        </options>
                     </parameter>
                  </input>
                  <binding>
                     <restSimpleBinding multiUsing="semicolonSeparated"
                                        url="http://{$hostName}/oauth2/v1/clients"
                                        verb="POST">
                        <httpHeaders>
                           <header name="Content-Type">application/json</header>
                           <header name="Accept">application/json</header>
                           <header name="Authorization">{$Authorization}</header>
                        </httpHeaders>
                        <body generateUsing="UnwrappedJSON" preserveJsonStringFormatting="false"/>
                     </restSimpleBinding>
                  </binding>
                  <output/>
               </action>
               <action category="Misc"
                       failOnError="true"
                       forSearch="false"
                       label="ListClients"
                       maxRedirects="100"
                       name="ListClients"
                       preemptiveAuth="true"
                       responseEncoding="">
                  <description>List Clients. TODO: Add Description</description>
                  <input>
                     <parameter label="Authorization"
                                name="Authorization"
                                nogen="true"
                                required="true"
                                testWith=""
                                type="string"/>
                  </input>
                  <binding>
                     <restSimpleBinding multiUsing="semicolonSeparated"
                                        url="http://{$hostName}/oauth2/v1/clients"
                                        verb="GET">
                        <httpHeaders>
                           <header name="Content-Type">application/json</header>
                           <header name="Accept">application/json</header>
                           <header name="Authorization">{$Authorization}</header>
                        </httpHeaders>
                     </restSimpleBinding>
                  </binding>
                  <output/>
               </action>
               <action category="Apps API"
                       failOnError="true"
                       forSearch="false"
                       label="CreateApp"
                       maxRedirects="100"
                       name="CreateApp"
                       preemptiveAuth="true"
                       responseEncoding="">
                  <description>Create App. TODO: Add Description</description>
                  <input>
                     <parameter label="Authorization"
                                name="Authorization"
                                nogen="true"
                                required="true"
                                testWith=""
                                type="string"/>
                     <parameter label="Body"
                                name="Body"
                                required="true"
                                testWith=""
                                type="reference">
                        <options>
                           <option name="referenceTo">CreateAppRequest</option>
                        </options>
                     </parameter>
                  </input>
                  <binding>
                     <restSimpleBinding multiUsing="semicolonSeparated"
                                        url="http://{$hostName}/api/v1/apps"
                                        verb="POST">
                        <httpHeaders>
                           <header name="Content-Type">application/json</header>
                           <header name="Accept">application/json</header>
                           <header name="Authorization">{$Authorization}</header>
                        </httpHeaders>
                        <body generateUsing="UnwrappedJSON" preserveJsonStringFormatting="false"/>
                     </restSimpleBinding>
                  </binding>
                  <output/>
               </action>
               <action category="Apps API"
                       failOnError="true"
                       forSearch="false"
                       label="ListApps"
                       maxRedirects="100"
                       name="ListApps"
                       preemptiveAuth="true"
                       responseEncoding="">
                  <description>List Apps. TODO: Add Description</description>
                  <input>
                     <parameter label="Authorization"
                                name="Authorization"
                                nogen="true"
                                required="true"
                                testWith=""
                                type="string"/>
                  </input>
                  <binding>
                     <restSimpleBinding multiUsing="semicolonSeparated"
                                        url="http://{$hostName}/api/v1/apps"
                                        verb="GET">
                        <httpHeaders>
                           <header name="Content-Type">application/json</header>
                           <header name="Accept">application/json</header>
                           <header name="Authorization">{$Authorization}</header>
                        </httpHeaders>
                     </restSimpleBinding>
                  </binding>
                  <output/>
               </action>
               <action category="Misc"
                       failOnError="true"
                       forSearch="false"
                       label="GetClient"
                       maxRedirects="100"
                       name="GetClient"
                       preemptiveAuth="true"
                       responseEncoding="">
                  <description>Get Client. TODO: Add Description</description>
                  <input>
                     <parameter label="Authorization"
                                name="Authorization"
                                nogen="true"
                                required="true"
                                testWith=""
                                type="string"/>
                     <parameter label="clientIdPathParam"
                                name="clientIdPathParam"
                                nogen="true"
                                required="true"
                                testWith=""
                                type="string"/>
                  </input>
                  <binding>
                     <restSimpleBinding multiUsing="semicolonSeparated"
                                        url="http://{$hostName}/oauth2/v1/clients/{$clientIdPathParam}"
                                        verb="GET">
                        <httpHeaders>
                           <header name="Content-Type">application/json</header>
                           <header name="Accept">application/json</header>
                           <header name="Authorization">{$Authorization}</header>
                        </httpHeaders>
                     </restSimpleBinding>
                  </binding>
                  <output/>
               </action>
               <action category="Misc"
                       failOnError="true"
                       forSearch="false"
                       label="DeleteClient"
                       maxRedirects="100"
                       name="DeleteClient"
                       preemptiveAuth="true"
                       responseEncoding="">
                  <description>Delete Client. TODO: Add Description</description>
                  <input>
                     <parameter label="Authorization"
                                name="Authorization"
                                nogen="true"
                                required="true"
                                testWith=""
                                type="string"/>
                     <parameter label="clientIdPathParam"
                                name="clientIdPathParam"
                                nogen="true"
                                required="true"
                                testWith=""
                                type="string"/>
                  </input>
                  <binding>
                     <restSimpleBinding multiUsing="semicolonSeparated"
                                        url="http://{$hostName}/oauth2/v1/clients/{$clientIdPathParam}"
                                        verb="DELETE">
                        <httpHeaders>
                           <header name="Content-Type">application/json</header>
                           <header name="Accept">application/json</header>
                           <header name="Authorization">{$Authorization}</header>
                        </httpHeaders>
                     </restSimpleBinding>
                  </binding>
                  <output/>
               </action>
               <action category="Misc"
                       failOnError="true"
                       forSearch="false"
                       label="UpdateClient"
                       maxRedirects="100"
                       name="UpdateClient"
                       preemptiveAuth="true"
                       responseEncoding="">
                  <description>Update Client. TODO: Add Description</description>
                  <input>
                     <parameter label="Authorization"
                                name="Authorization"
                                nogen="true"
                                required="true"
                                testWith=""
                                type="string"/>
                     <parameter label="Body"
                                name="Body"
                                required="true"
                                testWith=""
                                type="reference">
                        <options>
                           <option name="referenceTo">UpdateClientRequest</option>
                        </options>
                     </parameter>
                     <parameter label="clientIdPathParam"
                                name="clientIdPathParam"
                                nogen="true"
                                required="true"
                                testWith=""
                                type="string"/>
                  </input>
                  <binding>
                     <restSimpleBinding multiUsing="semicolonSeparated"
                                        url="http://{$hostName}/oauth2/v1/clients/{$clientIdPathParam}"
                                        verb="PUT">
                        <httpHeaders>
                           <header name="Content-Type">application/json</header>
                           <header name="Accept">application/json</header>
                           <header name="Authorization">{$Authorization}</header>
                        </httpHeaders>
                        <body generateUsing="UnwrappedJSON" preserveJsonStringFormatting="false"/>
                     </restSimpleBinding>
                  </binding>
                  <output/>
               </action>
               <action category="Misc"
                       failOnError="true"
                       forSearch="false"
                       label="GenerateNewClientSecret"
                       maxRedirects="100"
                       name="GenerateNewClientSecret"
                       preemptiveAuth="true"
                       responseEncoding="">
                  <description>Generate New Client Secret. TODO: Add Description</description>
                  <input>
                     <parameter label="Authorization"
                                name="Authorization"
                                nogen="true"
                                required="true"
                                testWith=""
                                type="string"/>
                     <parameter label="clientIdPathParam"
                                name="clientIdPathParam"
                                nogen="true"
                                required="true"
                                testWith=""
                                type="string"/>
                  </input>
                  <binding>
                     <restSimpleBinding multiUsing="semicolonSeparated"
                                        url="http://{$hostName}/oauth2/v1/clients/{$clientIdPathParam}/lifecycle/newSecret"
                                        verb="POST">
                        <httpHeaders>
                           <header name="Content-Type">application/json</header>
                           <header name="Accept">application/json</header>
                           <header name="Authorization">{$Authorization}</header>
                        </httpHeaders>
                        <body generateUsing="UnwrappedJSON" preserveJsonStringFormatting="false"/>
                     </restSimpleBinding>
                  </binding>
                  <output/>
               </action>
               <action category="Apps API"
                       failOnError="true"
                       forSearch="false"
                       label="UpdateApp"
                       maxRedirects="100"
                       name="UpdateApp"
                       preemptiveAuth="true"
                       responseEncoding="">
                  <description>Update App. TODO: Add Description</description>
                  <input>
                     <parameter label="Authorization"
                                name="Authorization"
                                nogen="true"
                                required="true"
                                testWith=""
                                type="string"/>
                     <parameter label="Body"
                                name="Body"
                                required="true"
                                testWith=""
                                type="reference">
                        <options>
                           <option name="referenceTo">UpdateAppRequest</option>
                        </options>
                     </parameter>
                     <parameter label="appIdPathParam"
                                name="appIdPathParam"
                                nogen="true"
                                required="true"
                                testWith=""
                                type="string"/>
                  </input>
                  <binding>
                     <restSimpleBinding multiUsing="semicolonSeparated"
                                        url="http://{$hostName}/api/v1/apps/{$appIdPathParam}"
                                        verb="PUT">
                        <httpHeaders>
                           <header name="Content-Type">application/json</header>
                           <header name="Accept">application/json</header>
                           <header name="Authorization">{$Authorization}</header>
                        </httpHeaders>
                        <body generateUsing="UnwrappedJSON" preserveJsonStringFormatting="false"/>
                     </restSimpleBinding>
                  </binding>
                  <output/>
               </action>
               <action category="Misc"
                       failOnError="true"
                       forSearch="false"
                       label="GetLogo"
                       maxRedirects="100"
                       name="GetLogo"
                       preemptiveAuth="true"
                       responseEncoding="">
                  <description>Get Logo. TODO: Add Description</description>
                  <input/>
                  <binding>
                     <restSimpleBinding multiUsing="semicolonSeparated"
                                        url="http://{$hostName}/.well-known/logo"
                                        verb="GET">
                        <httpHeaders>
                           <header name="Content-Type">application/json</header>
                           <header name="Accept">application/json</header>
                        </httpHeaders>
                     </restSimpleBinding>
                  </binding>
                  <output/>
               </action>
            </actions>
            <objects>
               <processObject xmlns="http://schemas.active-endpoints.com/appmodules/screenflow/2011/06/avosHostEnvironment.xsd"
                              isByCopy="true"
                              name="Credentials1">
                  <description/>
                  <detail>
                     <field name="signing" type="reference">
                        <options>
                           <option name="referenceTo">Signing</option>
                           <option name="relationshipName">Child</option>
                        </options>
                     </field>
                     <field name="oauthClient" type="reference">
                        <options>
                           <option name="referenceTo">OauthClient2</option>
                           <option name="relationshipName">Child</option>
                        </options>
                     </field>
                  </detail>
               </processObject>
               <processObject xmlns="http://schemas.active-endpoints.com/appmodules/screenflow/2011/06/avosHostEnvironment.xsd"
                              isByCopy="true"
                              name="OauthClient1">
                  <description/>
                  <detail>
                     <field name="client_uri" type="string"/>
                     <field name="grant_types" type="objectlist">
                        <options>
                           <option name="referenceTo">string</option>
                           <option name="relationshipName">Child</option>
                        </options>
                     </field>
                     <field name="application_type" type="string"/>
                     <field name="logo_uri" type="string"/>
                     <field name="redirect_uris" type="objectlist">
                        <options>
                           <option name="referenceTo">string</option>
                           <option name="relationshipName">Child</option>
                        </options>
                     </field>
                     <field name="response_types" type="objectlist">
                        <options>
                           <option name="referenceTo">string</option>
                           <option name="relationshipName">Child</option>
                        </options>
                     </field>
                  </detail>
               </processObject>
               <processObject xmlns="http://schemas.active-endpoints.com/appmodules/screenflow/2011/06/avosHostEnvironment.xsd"
                              isByCopy="true"
                              name="OauthClient">
                  <description/>
                  <detail>
                     <field name="token_endpoint_auth_method" type="string"/>
                  </detail>
               </processObject>
               <processObject xmlns="http://schemas.active-endpoints.com/appmodules/screenflow/2011/06/avosHostEnvironment.xsd"
                              isByCopy="true"
                              name="Signing">
                  <description/>
                  <detail>
                     <field name="kid" type="string"/>
                  </detail>
               </processObject>
               <processObject xmlns="http://schemas.active-endpoints.com/appmodules/screenflow/2011/06/avosHostEnvironment.xsd"
                              isByCopy="true"
                              name="UpdateAppRequest">
                  <description/>
                  <detail>
                     <field name="settings" type="reference">
                        <options>
                           <option name="referenceTo">Settings</option>
                           <option name="relationshipName">Child</option>
                        </options>
                     </field>
                     <field name="credentials" type="reference">
                        <options>
                           <option name="referenceTo">Credentials1</option>
                           <option name="relationshipName">Child</option>
                        </options>
                     </field>
                     <field name="profile" type="reference">
                        <options>
                           <option name="referenceTo">Profile</option>
                           <option name="relationshipName">Child</option>
                        </options>
                     </field>
                     <field name="signOnMode" type="string"/>
                     <field name="name" type="string"/>
                     <field name="label" type="string"/>
                     <field name="id" type="string"/>
                  </detail>
               </processObject>
               <processObject xmlns="http://schemas.active-endpoints.com/appmodules/screenflow/2011/06/avosHostEnvironment.xsd"
                              isByCopy="true"
                              name="CreateClientRequest">
                  <description/>
                  <detail>
                     <field name="grant_types" type="objectlist">
                        <options>
                           <option name="referenceTo">string</option>
                           <option name="relationshipName">Child</option>
                        </options>
                     </field>
                     <field name="application_type" type="string"/>
                     <field name="redirect_uris" type="objectlist">
                        <options>
                           <option name="referenceTo">string</option>
                           <option name="relationshipName">Child</option>
                        </options>
                     </field>
                     <field name="client_name" type="string"/>
                     <field name="token_endpoint_auth_method" type="string"/>
                     <field name="response_types" type="objectlist">
                        <options>
                           <option name="referenceTo">string</option>
                           <option name="relationshipName">Child</option>
                        </options>
                     </field>
                  </detail>
               </processObject>
               <processObject xmlns="http://schemas.active-endpoints.com/appmodules/screenflow/2011/06/avosHostEnvironment.xsd"
                              isByCopy="true"
                              name="UpdateClientRequest">
                  <description/>
                  <detail>
                     <field name="grant_types" type="objectlist">
                        <options>
                           <option name="referenceTo">string</option>
                           <option name="relationshipName">Child</option>
                        </options>
                     </field>
                     <field name="application_type" type="string"/>
                     <field name="redirect_uris" type="objectlist">
                        <options>
                           <option name="referenceTo">string</option>
                           <option name="relationshipName">Child</option>
                        </options>
                     </field>
                     <field name="client_name" type="string"/>
                     <field name="client_id" type="string"/>
                     <field name="token_endpoint_auth_method" type="string"/>
                     <field name="response_types" type="objectlist">
                        <options>
                           <option name="referenceTo">string</option>
                           <option name="relationshipName">Child</option>
                        </options>
                     </field>
                  </detail>
               </processObject>
               <processObject xmlns="http://schemas.active-endpoints.com/appmodules/screenflow/2011/06/avosHostEnvironment.xsd"
                              isByCopy="true"
                              name="CreateAppRequest">
                  <description/>
                  <detail>
                     <field name="settings" type="reference">
                        <options>
                           <option name="referenceTo">Settings</option>
                           <option name="relationshipName">Child</option>
                        </options>
                     </field>
                     <field name="credentials" type="reference">
                        <options>
                           <option name="referenceTo">Credentials</option>
                           <option name="relationshipName">Child</option>
                        </options>
                     </field>
                     <field name="signOnMode" type="string"/>
                     <field name="name" type="string"/>
                     <field name="label" type="string"/>
                  </detail>
               </processObject>
               <processObject xmlns="http://schemas.active-endpoints.com/appmodules/screenflow/2011/06/avosHostEnvironment.xsd"
                              isByCopy="true"
                              name="OauthClient2">
                  <description/>
                  <detail>
                     <field name="client_secret" type="string"/>
                     <field name="client_id" type="string"/>
                     <field name="token_endpoint_auth_method" type="string"/>
                  </detail>
               </processObject>
               <processObject xmlns="http://schemas.active-endpoints.com/appmodules/screenflow/2011/06/avosHostEnvironment.xsd"
                              isByCopy="true"
                              name="Profile">
                  <description/>
                  <detail>
                     <field name="whitelist" type="objectlist">
                        <options>
                           <option name="referenceTo">string</option>
                           <option name="relationshipName">Child</option>
                        </options>
                     </field>
                  </detail>
               </processObject>
               <processObject xmlns="http://schemas.active-endpoints.com/appmodules/screenflow/2011/06/avosHostEnvironment.xsd"
                              isByCopy="true"
                              name="Credentials">
                  <description/>
                  <detail>
                     <field name="oauthClient" type="reference">
                        <options>
                           <option name="referenceTo">OauthClient</option>
                           <option name="relationshipName">Child</option>
                        </options>
                     </field>
                  </detail>
               </processObject>
               <processObject xmlns="http://schemas.active-endpoints.com/appmodules/screenflow/2011/06/avosHostEnvironment.xsd"
                              isByCopy="true"
                              name="Settings">
                  <description/>
                  <detail>
                     <field name="oauthClient" type="reference">
                        <options>
                           <option name="referenceTo">OauthClient1</option>
                           <option name="relationshipName">Child</option>
                        </options>
                     </field>
                  </detail>
               </processObject>
               <processObject xmlns="http://schemas.active-endpoints.com/appmodules/screenflow/2011/06/avosHostEnvironment.xsd"
                              isByCopy="true"
                              name="string">
                  <description/>
                  <detail>
                     <field name="string" type="string"/>
                  </detail>
               </processObject>
               <processObject xmlns="http://schemas.active-endpoints.com/appmodules/screenflow/2011/06/avosHostEnvironment.xsd"
                              isByCopy="true"
                              name="boolean">
                  <description/>
                  <detail>
                     <field name="boolean" type="boolean"/>
                  </detail>
               </processObject>
               <processObject xmlns="http://schemas.active-endpoints.com/appmodules/screenflow/2011/06/avosHostEnvironment.xsd"
                              isByCopy="true"
                              name="double">
                  <description/>
                  <detail>
                     <field name="double" type="double"/>
                  </detail>
               </processObject>
               <processObject xmlns="http://schemas.active-endpoints.com/appmodules/screenflow/2011/06/avosHostEnvironment.xsd"
                              isByCopy="true"
                              name="integer">
                  <description/>
                  <detail>
                     <field name="integer" type="int"/>
                  </detail>
               </processObject>
            </objects>
         </businessConnector>
      </types1:Entry>
      <types1:GUID>a6ohs6rK30UlfPeI7OMrGq</types1:GUID>
      <types1:DisplayName>Okta Client Registration REST API v1</types1:DisplayName>
   </types1:Item>
   <types1:CurrentServerDateTime>2019-12-29T10:34:48.781Z</types1:CurrentServerDateTime>
</aetgt:getResponse>
