<aetgt:getResponse xmlns:aetgt="http://schemas.active-endpoints.com/appmodules/repository/2010/10/avrepository.xsd"
                   xmlns:types1="http://schemas.active-endpoints.com/appmodules/repository/2010/10/avrepository.xsd">
   <types1:Item>
      <types1:EntryId>9Cdvchtpyqaa-gt-4106853-2019-01-28T14:19:06.297Z::svc.xml</types1:EntryId>
      <types1:Name>Oracle_Cloud_Infrastructure_Compute_ImageLists_API_v18-1-2</types1:Name>
      <types1:MimeType>application/xml+businesssconnector</types1:MimeType>
      <types1:Description>An image list is a collection of Compute Classic machine images. Each machine image in an image list is identified by a unique entry number.&lt;p&gt;When you create an instance, by using a launch plan for example, you must specify the image list that contains the machine image you want to use.&lt;p&gt;You can create, delete, update and view image lists using the HTTP requests listed below.</types1:Description>
      <types1:AppliesTo/>
      <types1:Tags/>
      <types1:VersionLabel>1.0</types1:VersionLabel>
      <types1:State>CURRENT</types1:State>
      <types1:ProcessGroup/>
      <types1:CreatedBy>sorabh@na1.dm-us.org</types1:CreatedBy>
      <types1:CreationDate>2019-01-28T14:19:06Z</types1:CreationDate>
      <types1:ModifiedBy>sorabh@na1.dm-us.org</types1:ModifiedBy>
      <types1:ModificationDate>2019-02-25T08:55:00Z</types1:ModificationDate>
      <types1:PublicationStatus>published</types1:PublicationStatus>
      <types1:PublishedBy>sorabh@na1.dm-us.org</types1:PublishedBy>
      <types1:PublicationDate>2019-02-25T09:11:50Z</types1:PublicationDate>
      <types1:PublishedContributionId>project:/rt.connector/Oracle_Cloud_Infrastructure_Compute_ImageLists_API_v18_1_2/Oracle_Cloud_Infrastructure_Compute_ImageLists_API_v18_1_2_svcDef.xml</types1:PublishedContributionId>
      <types1:AutosaveExists>false</types1:AutosaveExists>
      <types1:Entry>
         <businessConnector xmlns="http://schemas.informatica.com/socrates/data-services/2014/05/business-connector-model.xsd"
                            agentOnly="false"
                            debug="false"
                            displayName="Oracle Cloud Infrastructure Compute ImageLists API v18-1-2"
                            label=""
                            name="Oracle_Cloud_Infrastructure_Compute_ImageLists_API_v18-1-2"
                            uuid="eb92bd19-3c53-45c8-8655-96a4968e3c63">
            <description>An image list is a collection of Compute Classic machine images. Each machine image in an image list is identified by a unique entry number.&lt;p&gt;When you create an instance, by using a launch plan for example, you must specify the image list that contains the machine image you want to use.&lt;p&gt;You can create, delete, update and view image lists using the HTTP requests listed below.</description>
            <tags/>
            <connectionAttributes xmlns="http://schemas.informatica.com/appmodules/screenflow/2014/04/avosConnectors.xsd">
               <connectionAttribute description="Host Name"
                                    masked="false"
                                    name="hostName"
                                    required="true"
                                    testWith="apicatalog.oraclecloud.com"
                                    type="string"/>
            </connectionAttributes>
            <actions>
               <action category="ImageLists"
                       failOnError="true"
                       forSearch="false"
                       label="getImageList"
                       maxRedirects="100"
                       name="getImageList"
                       preemptiveAuth="true"
                       responseEncoding="">
                  <description>Retrieve Details of an Image List. Retrieves details of the specified image list. You can also use this request to retrieve details of all the available image list entries in the specified image list.&lt;p&gt;&lt;b&gt;Required Role: &lt;/b&gt;To complete this task, you must have the &lt;code&gt;Compute_Monitor&lt;/code&gt; or &lt;code&gt;Compute_Operations&lt;/code&gt; role. If this role isn't assigned to you or you're not sure, then ask your system administrator to ensure that the role is assigned to you in Oracle Cloud My Services. See &lt;a target="_blank" href="http://www.oracle.com/pls/topic/lookup?ctx=stcomputecs&amp;id=MMOCS-GUID-54C2E747-7D5B-451C-A39C-77936178EBB6"&gt;Modifying User Roles&lt;/a&gt; in &lt;em&gt;Managing and Monitoring Oracle Cloud&lt;/em&gt;.</description>
                  <input>
                     <parameter description="The three-part name of the object in one of the following formats: &lt;code&gt;/Compute-&lt;em&gt;identity_domain&lt;/em&gt;/&lt;em&gt;user&lt;/em&gt;/&lt;em&gt;object&lt;/em&gt;&lt;/code&gt; or &lt;code&gt;/oracle/public/&lt;em&gt;object&lt;/em&gt;&lt;/code&gt;. The names of the Oracle-provided image lists have the prefix &lt;code&gt;/oracle/public/&lt;/code&gt;."
                                label="namePathParam"
                                name="namePathParam"
                                nogen="true"
                                required="true"
                                testWith=""
                                type="string"/>
                     <parameter description="The Cookie: header must be included with every request to the service. It must be set to the value of the set-cookie header in the response received to the POST /authenticate/ call."
                                label="Cookie"
                                name="Cookie"
                                nogen="true"
                                required="false"
                                testWith=""
                                type="string"/>
                  </input>
                  <binding>
                     <restSimpleBinding multiUsing="semicolonSeparated"
                                        url="http://{$hostName}/imagelist/{$namePathParam}"
                                        verb="GET">
                        <httpHeaders>
                           <header name="Content-Type">application/oracle-compute-v3+json</header>
                           <header name="Accept">application/oracle-compute-v3+json</header>
                           <header name="Cookie">{$Cookie}</header>
                        </httpHeaders>
                     </restSimpleBinding>
                  </binding>
                  <output>
                     <field description="OK. See &lt;a class=&#34;xref&#34; href=&#34;Status%20Codes.html&#34;&gt;Status Codes&lt;/a&gt; for information about other possible HTTP status codes."
                            entireResponse="true"
                            name="ImageList_response"
                            type="reference">
                        <options>
                           <option name="referenceTo">ImageList_response</option>
                        </options>
                     </field>
                  </output>
               </action>
               <action category="ImageLists"
                       failOnError="true"
                       forSearch="false"
                       label="deleteImageList"
                       maxRedirects="100"
                       name="deleteImageList"
                       preemptiveAuth="true"
                       responseEncoding="">
                  <description>Delete an Image List. Deletes an image list. No response is returned.&lt;p&gt;You can't delete system-provided image lists that are available in the &lt;code&gt;/oracle/public&lt;/code&gt; container.&lt;p&gt;&lt;b&gt;Required Role: &lt;/b&gt;To complete this task, you must have the &lt;code&gt;Compute_Operations&lt;/code&gt; role. If this role isn't assigned to you or you're not sure, then ask your system administrator to ensure that the role is assigned to you in Oracle Cloud My Services. See &lt;a target="_blank" href="http://www.oracle.com/pls/topic/lookup?ctx=stcomputecs&amp;id=MMOCS-GUID-54C2E747-7D5B-451C-A39C-77936178EBB6"&gt;Modifying User Roles&lt;/a&gt; in &lt;em&gt;Managing and Monitoring Oracle Cloud&lt;/em&gt;.</description>
                  <input>
                     <parameter description="The three-part name of the object in the following format: &lt;code&gt;/Compute-&lt;em&gt;identity_domain&lt;/em&gt;/&lt;em&gt;user&lt;/em&gt;/&lt;em&gt;object&lt;/em&gt;&lt;/code&gt;."
                                label="namePathParam"
                                name="namePathParam"
                                nogen="true"
                                required="true"
                                testWith=""
                                type="string"/>
                     <parameter description="The Cookie: header must be included with every request to the service. It must be set to the value of the set-cookie header in the response received to the POST /authenticate/ call."
                                label="Cookie"
                                name="Cookie"
                                nogen="true"
                                required="false"
                                testWith=""
                                type="string"/>
                  </input>
                  <binding>
                     <restSimpleBinding multiUsing="semicolonSeparated"
                                        url="http://{$hostName}/imagelist/{$namePathParam}"
                                        verb="DELETE">
                        <httpHeaders>
                           <header name="Content-Type">application/oracle-compute-v3+json</header>
                           <header name="Accept">application/oracle-compute-v3+json</header>
                           <header name="Cookie">{$Cookie}</header>
                        </httpHeaders>
                     </restSimpleBinding>
                  </binding>
                  <output/>
               </action>
               <action category="ImageLists"
                       failOnError="true"
                       forSearch="false"
                       label="updateImageList"
                       maxRedirects="100"
                       name="updateImageList"
                       preemptiveAuth="true"
                       responseEncoding="">
                  <description>Update an Image List. Updates the description of an image list. You can also update the default image list entry to be used while launching instances using the specified image list.&lt;p&gt;&lt;b&gt;Required Role: &lt;/b&gt;To complete this task, you must have the &lt;code&gt;Compute_Operations&lt;/code&gt; role. If this role isn't assigned to you or you're not sure, then ask your system administrator to ensure that the role is assigned to you in Oracle Cloud My Services. See &lt;a target="_blank" href="http://www.oracle.com/pls/topic/lookup?ctx=stcomputecs&amp;id=MMOCS-GUID-54C2E747-7D5B-451C-A39C-77936178EBB6"&gt;Modifying User Roles&lt;/a&gt; in &lt;em&gt;Managing and Monitoring Oracle Cloud&lt;/em&gt;.</description>
                  <input>
                     <parameter description="The three-part name of the object in the following format: &lt;code&gt;/Compute-&lt;em&gt;identity_domain&lt;/em&gt;/&lt;em&gt;user&lt;/em&gt;/&lt;em&gt;object&lt;/em&gt;&lt;/code&gt;."
                                label="namePathParam"
                                name="namePathParam"
                                nogen="true"
                                required="true"
                                testWith=""
                                type="string"/>
                     <parameter label="body"
                                name="body"
                                required="true"
                                testWith=""
                                type="reference">
                        <options>
                           <option name="referenceTo">ImageList_put_request</option>
                        </options>
                     </parameter>
                     <parameter description="The Cookie: header must be included with every request to the service. It must be set to the value of the set-cookie header in the response received to the POST /authenticate/ call."
                                label="Cookie"
                                name="Cookie"
                                nogen="true"
                                required="false"
                                testWith=""
                                type="string"/>
                  </input>
                  <binding>
                     <restSimpleBinding multiUsing="semicolonSeparated"
                                        url="http://{$hostName}/imagelist/{$namePathParam}"
                                        verb="PUT">
                        <httpHeaders>
                           <header name="Content-Type">application/oracle-compute-v3+json</header>
                           <header name="Accept">application/oracle-compute-v3+json</header>
                           <header name="Cookie">{$Cookie}</header>
                        </httpHeaders>
                        <body generateUsing="UnwrappedJSON" preserveJsonStringFormatting="false"/>
                     </restSimpleBinding>
                  </binding>
                  <output>
                     <field description="OK. See &lt;a class=&#34;xref&#34; href=&#34;Status%20Codes.html&#34;&gt;Status Codes&lt;/a&gt; for information about other possible HTTP status codes."
                            entireResponse="true"
                            name="ImageList_response"
                            type="reference">
                        <options>
                           <option name="referenceTo">ImageList_response</option>
                        </options>
                     </field>
                  </output>
               </action>
               <action category="ImageLists"
                       failOnError="true"
                       forSearch="false"
                       label="listImageList"
                       maxRedirects="100"
                       name="listImageList"
                       preemptiveAuth="true"
                       responseEncoding="">
                  <description>Retrieve Details of all Image Lists in a Container. Retrieves details of all the available image lists in the specified container.&lt;p&gt;&lt;b&gt;Required Role: &lt;/b&gt;To complete this task, you must have the &lt;code&gt;Compute_Monitor&lt;/code&gt; or &lt;code&gt;Compute_Operations&lt;/code&gt; role. If this role isn't assigned to you or you're not sure, then ask your system administrator to ensure that the role is assigned to you in Oracle Cloud My Services. See &lt;a target="_blank" href="http://www.oracle.com/pls/topic/lookup?ctx=stcomputecs&amp;id=MMOCS-GUID-54C2E747-7D5B-451C-A39C-77936178EBB6"&gt;Modifying User Roles&lt;/a&gt; in &lt;em&gt;Managing and Monitoring Oracle Cloud&lt;/em&gt;.</description>
                  <input>
                     <parameter description="Specify &lt;code&gt;/Compute-&lt;em&gt;identity_domain&lt;/em&gt;/&lt;em&gt;user&lt;/em&gt;&lt;/code&gt; and &lt;code&gt;/Compute-&lt;em&gt;identity_domain&lt;/em&gt;/&lt;/code&gt;for user-defined image lists and &lt;code&gt;/oracle/public&lt;/code&gt; for the Oracle-provided image lists."
                                label="containerPathParam"
                                name="containerPathParam"
                                nogen="true"
                                required="true"
                                testWith=""
                                type="string"/>
                     <parameter description="The Cookie: header must be included with every request to the service. It must be set to the value of the set-cookie header in the response received to the POST /authenticate/ call."
                                label="Cookie"
                                name="Cookie"
                                nogen="true"
                                required="false"
                                testWith=""
                                type="string"/>
                  </input>
                  <binding>
                     <restSimpleBinding multiUsing="semicolonSeparated"
                                        url="http://{$hostName}/imagelist/{$containerPathParam}/"
                                        verb="GET">
                        <httpHeaders>
                           <header name="Content-Type">application/oracle-compute-v3+json</header>
                           <header name="Accept">application/oracle-compute-v3+json</header>
                           <header name="Cookie">{$Cookie}</header>
                        </httpHeaders>
                     </restSimpleBinding>
                  </binding>
                  <output>
                     <field description="OK. See &lt;a class=&#34;xref&#34; href=&#34;Status%20Codes.html&#34;&gt;Status Codes&lt;/a&gt; for information about other possible HTTP status codes."
                            entireResponse="true"
                            name="ImageList_list_response"
                            type="reference">
                        <options>
                           <option name="referenceTo">ImageList_list_response</option>
                        </options>
                     </field>
                  </output>
               </action>
               <action category="ImageLists"
                       failOnError="true"
                       forSearch="false"
                       label="addImageList"
                       maxRedirects="100"
                       name="addImageList"
                       preemptiveAuth="true"
                       responseEncoding="">
                  <description>Create an Image List. Adds an image list to Compute Classic.&lt;p&gt;After adding an image list, you can add machine images to the image list by using the HTTP request, POST /imagelist/{name}/entry/ &lt;a class="xref" href="op-imagelist-{name}-entry--post.html"&gt;(Create an Image List Entry)&lt;/a&gt;.&lt;p&gt;&lt;b&gt;Required Role: &lt;/b&gt;To complete this task, you must have the &lt;code&gt;Compute_Operations&lt;/code&gt; role. If this role isn't assigned to you or you're not sure, then ask your system administrator to ensure that the role is assigned to you in Oracle Cloud My Services. See &lt;a target="_blank" href="http://www.oracle.com/pls/topic/lookup?ctx=stcomputecs&amp;id=MMOCS-GUID-54C2E747-7D5B-451C-A39C-77936178EBB6"&gt;Modifying User Roles&lt;/a&gt; in &lt;em&gt;Managing and Monitoring Oracle Cloud&lt;/em&gt;.</description>
                  <input>
                     <parameter label="body"
                                name="body"
                                required="true"
                                testWith=""
                                type="reference">
                        <options>
                           <option name="referenceTo">ImageList_post_request</option>
                        </options>
                     </parameter>
                     <parameter description="The Cookie: header must be included with every request to the service. It must be set to the value of the set-cookie header in the response received to the POST /authenticate/ call."
                                label="Cookie"
                                name="Cookie"
                                nogen="true"
                                required="false"
                                testWith=""
                                type="string"/>
                  </input>
                  <binding>
                     <restSimpleBinding multiUsing="semicolonSeparated"
                                        url="http://{$hostName}/imagelist/"
                                        verb="POST">
                        <httpHeaders>
                           <header name="Content-Type">application/oracle-compute-v3+json</header>
                           <header name="Accept">application/oracle-compute-v3+json</header>
                           <header name="Cookie">{$Cookie}</header>
                        </httpHeaders>
                        <body generateUsing="UnwrappedJSON" preserveJsonStringFormatting="false"/>
                     </restSimpleBinding>
                  </binding>
                  <output/>
               </action>
               <action category="ImageLists"
                       failOnError="true"
                       forSearch="false"
                       label="discoverRootImageList"
                       maxRedirects="100"
                       name="discoverRootImageList"
                       preemptiveAuth="true"
                       responseEncoding="">
                  <description>Retrieve Names of Containers. Retrieves the names of containers that contain objects that you can access. You can use this information to construct the multipart name of an object.&lt;p&gt;&lt;b&gt;Required Role: &lt;/b&gt;To complete this task, you must have the &lt;code&gt;Compute_Monitor&lt;/code&gt; or &lt;code&gt;Compute_Operations&lt;/code&gt; role. If this role isn't assigned to you or you're not sure, then ask your system administrator to ensure that the role is assigned to you in Oracle Cloud My Services. See &lt;a target="_blank" href="http://www.oracle.com/pls/topic/lookup?ctx=stcomputecs&amp;id=MMOCS-GUID-54C2E747-7D5B-451C-A39C-77936178EBB6"&gt;Modifying User Roles&lt;/a&gt; in &lt;em&gt;Managing and Monitoring Oracle Cloud&lt;/em&gt;.</description>
                  <input>
                     <parameter description="The Cookie: header must be included with every request to the service. It must be set to the value of the set-cookie header in the response received to the POST /authenticate/ call."
                                label="Cookie"
                                name="Cookie"
                                nogen="true"
                                required="false"
                                testWith=""
                                type="string"/>
                  </input>
                  <binding>
                     <restSimpleBinding multiUsing="semicolonSeparated"
                                        url="http://{$hostName}/imagelist/"
                                        verb="GET">
                        <httpHeaders>
                           <header name="Content-Type">application/oracle-compute-v3+json</header>
                           <header name="Accept">application/oracle-compute-v3+directory+json</header>
                           <header name="Cookie">{$Cookie}</header>
                        </httpHeaders>
                     </restSimpleBinding>
                  </binding>
                  <output>
                     <field description="OK. See &lt;a class=&#34;xref&#34; href=&#34;Status%20Codes.html&#34;&gt;Status Codes&lt;/a&gt; for information about other possible HTTP status codes."
                            entireResponse="true"
                            name="ImageList_discover_response"
                            type="reference">
                        <options>
                           <option name="referenceTo">ImageList_discover_response</option>
                        </options>
                     </field>
                  </output>
               </action>
               <action category="ImageLists"
                       failOnError="true"
                       forSearch="false"
                       label="discoverImageList"
                       maxRedirects="100"
                       name="discoverImageList"
                       preemptiveAuth="true"
                       responseEncoding="">
                  <description>Retrieve Names of all Image Lists and Subcontainers in a Container. Retrieves the names of objects and subcontainers that you can access in the specified container.&lt;p&gt;&lt;b&gt;Required Role: &lt;/b&gt;To complete this task, you must have the &lt;code&gt;Compute_Monitor&lt;/code&gt; or &lt;code&gt;Compute_Operations&lt;/code&gt; role. If this role isn't assigned to you or you're not sure, then ask your system administrator to ensure that the role is assigned to you in Oracle Cloud My Services. See &lt;a target="_blank" href="http://www.oracle.com/pls/topic/lookup?ctx=stcomputecs&amp;id=MMOCS-GUID-54C2E747-7D5B-451C-A39C-77936178EBB6"&gt;Modifying User Roles&lt;/a&gt; in &lt;em&gt;Managing and Monitoring Oracle Cloud&lt;/em&gt;.</description>
                  <input>
                     <parameter description="Specify &lt;code&gt;/Compute-&lt;i&gt;identityDomain&lt;/i&gt;/&lt;i&gt;user&lt;/i&gt;/&lt;/code&gt; to retrieve the names of objects that you can access. Specify &lt;code&gt;/Compute-&lt;i&gt;identityDomain&lt;/i&gt;/&lt;/code&gt; to retrieve the names of containers that contain objects that you can access. Specify &lt;code&gt;/oracle/public&lt;/code&gt; to retrieve the names of system-provided objects."
                                label="containerPathParam"
                                name="containerPathParam"
                                nogen="true"
                                required="true"
                                testWith=""
                                type="string"/>
                     <parameter description="The Cookie: header must be included with every request to the service. It must be set to the value of the set-cookie header in the response received to the POST /authenticate/ call."
                                label="Cookie"
                                name="Cookie"
                                nogen="true"
                                required="false"
                                testWith=""
                                type="string"/>
                  </input>
                  <binding>
                     <restSimpleBinding multiUsing="semicolonSeparated"
                                        url="http://{$hostName}/imagelist/{$containerPathParam}"
                                        verb="GET">
                        <httpHeaders>
                           <header name="Content-Type">application/oracle-compute-v3+json</header>
                           <header name="Accept">application/oracle-compute-v3+directory+json</header>
                           <header name="Cookie">{$Cookie}</header>
                        </httpHeaders>
                     </restSimpleBinding>
                  </binding>
                  <output>
                     <field description="OK. See &lt;a class=&#34;xref&#34; href=&#34;Status%20Codes.html&#34;&gt;Status Codes&lt;/a&gt; for information about other possible HTTP status codes."
                            entireResponse="true"
                            name="ImageList_discover_response"
                            type="reference">
                        <options>
                           <option name="referenceTo">ImageList_discover_response</option>
                        </options>
                     </field>
                  </output>
               </action>
            </actions>
            <objects>
               <processObject xmlns="http://schemas.active-endpoints.com/appmodules/screenflow/2011/06/avosHostEnvironment.xsd"
                              isByCopy="true"
                              name="HourlyInterval">
                  <description/>
                  <detail/>
               </processObject>
               <processObject xmlns="http://schemas.active-endpoints.com/appmodules/screenflow/2011/06/avosHostEnvironment.xsd"
                              isByCopy="true"
                              name="ImageList_discover_response">
                  <description/>
                  <detail>
                     <field name="result" type="objectlist">
                        <options>
                           <option name="referenceTo">string</option>
                           <option name="relationshipName">Child</option>
                        </options>
                     </field>
                  </detail>
               </processObject>
               <processObject xmlns="http://schemas.active-endpoints.com/appmodules/screenflow/2011/06/avosHostEnvironment.xsd"
                              isByCopy="true"
                              name="ImageList_post_request">
                  <description>The request body contains details of the image list that you want to create. </description>
                  <detail>
                     <field name="default" type="int"/>
                     <field name="name" type="string"/>
                     <field name="description" type="string"/>
                  </detail>
               </processObject>
               <processObject xmlns="http://schemas.active-endpoints.com/appmodules/screenflow/2011/06/avosHostEnvironment.xsd"
                              isByCopy="true"
                              name="ImageListEntry_response">
                  <description/>
                  <detail>
                     <field name="imagelist" type="string"/>
                     <field name="attributes" type="object"/>
                     <field name="machineimages" type="objectlist">
                        <options>
                           <option name="referenceTo">string</option>
                           <option name="relationshipName">Child</option>
                        </options>
                     </field>
                     <field name="uri" type="string"/>
                     <field name="version" type="int"/>
                  </detail>
               </processObject>
               <processObject xmlns="http://schemas.active-endpoints.com/appmodules/screenflow/2011/06/avosHostEnvironment.xsd"
                              isByCopy="true"
                              name="ImageList_put_request">
                  <description>The request body contains details of the image list that you want to update. </description>
                  <detail>
                     <field name="default" type="int"/>
                     <field name="name" type="string"/>
                     <field name="description" type="string"/>
                  </detail>
               </processObject>
               <processObject xmlns="http://schemas.active-endpoints.com/appmodules/screenflow/2011/06/avosHostEnvironment.xsd"
                              isByCopy="true"
                              name="ImageList_response">
                  <description/>
                  <detail>
                     <field name="default" type="int"/>
                     <field name="entries" type="objectlist">
                        <options>
                           <option name="referenceTo">ImageListEntry_response</option>
                           <option name="relationshipName">Child</option>
                        </options>
                     </field>
                     <field name="name" type="string"/>
                     <field name="description" type="string"/>
                     <field name="uri" type="string"/>
                  </detail>
               </processObject>
               <processObject xmlns="http://schemas.active-endpoints.com/appmodules/screenflow/2011/06/avosHostEnvironment.xsd"
                              isByCopy="true"
                              name="ImageList_list_response">
                  <description/>
                  <detail>
                     <field name="result" type="objectlist">
                        <options>
                           <option name="referenceTo">ImageList_response</option>
                           <option name="relationshipName">Child</option>
                        </options>
                     </field>
                  </detail>
               </processObject>
               <processObject xmlns="http://schemas.active-endpoints.com/appmodules/screenflow/2011/06/avosHostEnvironment.xsd"
                              isByCopy="true"
                              name="DailyWeeklyInterval">
                  <description/>
                  <detail/>
               </processObject>
               <processObject xmlns="http://schemas.active-endpoints.com/appmodules/screenflow/2011/06/avosHostEnvironment.xsd"
                              isByCopy="true"
                              name="Interval">
                  <description>There are two kinds of Intervals. Each Interval has its own JSON format. Your Interval field should look like one of the following:&lt;p&gt;&lt;ul&gt;&lt;li&gt;&lt;code&gt;"interval":{"Hourly":{"hourlyInterval":2}}&lt;/code&gt;&lt;/li&gt;&lt;li&gt;&lt;code&gt;{"DailyWeekly":{"daysOfWeek":["MONDAY"],"timeOfDay":"03:15","userTimeZone":"America/Los_Angeles"}}&lt;/code&gt;&lt;/li&gt;&lt;/ul&gt;&lt;p&gt;Days of the week is any day of the week fully capitalized (MONDAY, TUESDAY, etc). The user time zone is any IANA user timezone.  For example user time zones see &lt;a href="https://en.wikipedia.org/wiki/IANA_time_zone_database"&gt;List of IANA time zones&lt;/a&gt;.</description>
                  <detail/>
               </processObject>
               <processObject xmlns="http://schemas.active-endpoints.com/appmodules/screenflow/2011/06/avosHostEnvironment.xsd"
                              isByCopy="true"
                              name="string">
                  <description/>
                  <detail>
                     <field name="string" type="string"/>
                  </detail>
               </processObject>
               <processObject xmlns="http://schemas.active-endpoints.com/appmodules/screenflow/2011/06/avosHostEnvironment.xsd"
                              isByCopy="true"
                              name="boolean">
                  <description/>
                  <detail>
                     <field name="boolean" type="boolean"/>
                  </detail>
               </processObject>
               <processObject xmlns="http://schemas.active-endpoints.com/appmodules/screenflow/2011/06/avosHostEnvironment.xsd"
                              isByCopy="true"
                              name="double">
                  <description/>
                  <detail>
                     <field name="double" type="double"/>
                  </detail>
               </processObject>
               <processObject xmlns="http://schemas.active-endpoints.com/appmodules/screenflow/2011/06/avosHostEnvironment.xsd"
                              isByCopy="true"
                              name="integer">
                  <description/>
                  <detail>
                     <field name="integer" type="int"/>
                  </detail>
               </processObject>
            </objects>
         </businessConnector>
      </types1:Entry>
      <types1:GUID>g1WMHjIKEEklCAWxXPvnYp</types1:GUID>
      <types1:DisplayName>Oracle Cloud Infrastructure Compute ImageLists API v18-1-2</types1:DisplayName>
   </types1:Item>
   <types1:CurrentServerDateTime>2019-02-25T09:24:12.434Z</types1:CurrentServerDateTime>
</aetgt:getResponse>
