<aetgt:getResponse xmlns:aetgt="http://schemas.active-endpoints.com/appmodules/repository/2010/10/avrepository.xsd"
                   xmlns:types1="http://schemas.active-endpoints.com/appmodules/repository/2010/10/avrepository.xsd">
   <types1:Item>
      <types1:EntryId>dxhtycotFgpKi9z-gt-1292177-2019-12-17T15:13:51.06Z::svc.xml</types1:EntryId>
      <types1:Name>SAP_SuccessFactors_Employee_Central_Alternative_Cost_Distribution_OData_API_v1</types1:Name>
      <types1:MimeType>application/xml+businesssconnector</types1:MimeType>
      <types1:Description>API to maintain Employees alternative cost distribution</types1:Description>
      <types1:AppliesTo/>
      <types1:Tags/>
      <types1:VersionLabel>1.0</types1:VersionLabel>
      <types1:State>CURRENT</types1:State>
      <types1:ProcessGroup/>
      <types1:CreatedBy>sorabh@na1.dm-us.org</types1:CreatedBy>
      <types1:CreationDate>2019-12-17T15:13:51Z</types1:CreationDate>
      <types1:ModifiedBy/>
      <types1:PublicationStatus>published</types1:PublicationStatus>
      <types1:PublishedBy>sorabh@na1.dm-us.org</types1:PublishedBy>
      <types1:PublicationDate>2019-12-17T15:13:55Z</types1:PublicationDate>
      <types1:PublishedContributionId>project:/rt.connector/SAP_SuccessFactors_Employee_Central_Alternative_Cost_Distribution_OData_API_v1/SAP_SuccessFactors_Employee_Central_Alternative_Cost_Distribution_OData_API_v1_svcDef.xml</types1:PublishedContributionId>
      <types1:AutosaveExists>false</types1:AutosaveExists>
      <types1:Entry>
         <businessConnector xmlns="http://schemas.informatica.com/socrates/data-services/2014/05/business-connector-model.xsd"
                            agentOnly="false"
                            debug="false"
                            displayName="SAP SuccessFactors Employee Central Alternative Cost Distribution OData API v1"
                            label=""
                            name="SAP_SuccessFactors_Employee_Central_Alternative_Cost_Distribution_OData_API_v1"
                            uuid="7717bb18-d2f7-4d17-8b90-0bdd13c9d468">
            <description>API to maintain Employees alternative cost distribution</description>
            <tags/>
            <connectionAttributes xmlns="http://schemas.informatica.com/appmodules/screenflow/2014/04/avosConnectors.xsd">
               <connectionAttribute description="Host Name"
                                    masked="false"
                                    name="hostName"
                                    required="true"
                                    testWith="sandbox.api.sap.com"
                                    type="string"/>
               <connectionAttribute description="User Name"
                                    masked="false"
                                    name="username"
                                    required="true"
                                    testWith=""
                                    type="string"/>
               <connectionAttribute description="Password"
                                    masked="true"
                                    name="password"
                                    required="true"
                                    testWith=""
                                    type="string"/>
            </connectionAttributes>
            <actions>
               <action category="EmpCostDistributionItem"
                       failOnError="true"
                       forSearch="false"
                       label="POST_EmpCostDistributionItem"
                       maxRedirects="100"
                       name="POST_EmpCostDistributionItem"
                       preemptiveAuth="true"
                       responseEncoding="">
                  <description>Add new entity to EmpCostDistributionItem</description>
                  <input>
                     <parameter description="New entity"
                                label="EmpCostDistributionItem"
                                name="EmpCostDistributionItem"
                                required="false"
                                testWith=""
                                type="reference">
                        <options>
                           <option name="referenceTo">SFOData_EmpCostDistributionItem</option>
                        </options>
                     </parameter>
                  </input>
                  <binding>
                     <restSimpleBinding multiUsing="semicolonSeparated"
                                        url="https://{$hostName}/successfactors/odata/v2/EmpCostDistributionItem"
                                        verb="POST">
                        <authentication>
                           <username>{$username}</username>
                           <password>{$password}</password>
                           <isExpressionInPassword>true</isExpressionInPassword>
                        </authentication>
                        <httpHeaders>
                           <header name="Content-Type">application/json</header>
                           <header name="Accept">application/json</header>
                        </httpHeaders>
                        <body generateUsing="UnwrappedJSON" preserveJsonStringFormatting="false"/>
                     </restSimpleBinding>
                  </binding>
                  <output/>
               </action>
               <action category="EmpCostDistributionItem"
                       failOnError="true"
                       forSearch="false"
                       label="GET_EmpCostDistributionItem"
                       maxRedirects="100"
                       name="GET_EmpCostDistributionItem"
                       preemptiveAuth="true"
                       responseEncoding="">
                  <description>Get entities from EmpCostDistributionItem</description>
                  <input>
                     <parameter description="Show only the first n items, see [OData Paging - Top](http://docs.oasis-open.org/odata/odata/v4.0/odata-v4.0-part1-protocol.html#_Toc445374630)"
                                label="$top"
                                name="$top"
                                required="false"
                                testWith=""
                                type="int"/>
                     <parameter description="Skip the first n items, see [OData Paging - Skip](http://docs.oasis-open.org/odata/odata/v4.0/odata-v4.0-part1-protocol.html#_Toc445374631)"
                                label="$skip"
                                name="$skip"
                                required="false"
                                testWith=""
                                type="int"/>
                     <parameter description="Search items by search phrases, see [OData Searching](http://docs.oasis-open.org/odata/odata/v4.0/odata-v4.0-part1-protocol.html#_Toc445374633)"
                                label="$search"
                                name="$search"
                                required="false"
                                testWith=""
                                type="string"/>
                     <parameter description="Filter items by property values, see [OData Filtering](http://docs.oasis-open.org/odata/odata/v4.0/odata-v4.0-part1-protocol.html#_Toc445374625)"
                                label="$filter"
                                name="$filter"
                                required="false"
                                testWith=""
                                type="string"/>
                     <parameter description="Include count of items, see [OData Count](http://docs.oasis-open.org/odata/odata/v4.0/odata-v4.0-part1-protocol.html#_Toc445374632)"
                                label="$count"
                                name="$count"
                                required="false"
                                testWith=""
                                type="boolean"/>
                     <parameter description="Order items by property values, see [OData Sorting](http://docs.oasis-open.org/odata/odata/v4.0/odata-v4.0-part1-protocol.html#_Toc445374629)"
                                label="$orderby"
                                name="$orderby"
                                required="false"
                                testWith=""
                                type="picklist">
                        <options>
                           <option name="values">[{"value":"EmpCostDistribution_effectiveStartDate","label":"EmpCostDistribution_effectiveStartDate"},{"value":"EmpCostDistribution_effectiveStartDate desc","label":"EmpCostDistribution_effectiveStartDate desc"},{"value":"EmpCostDistribution_usersSysId","label":"EmpCostDistribution_usersSysId"},{"value":"EmpCostDistribution_usersSysId desc","label":"EmpCostDistribution_usersSysId desc"},{"value":"costCenter","label":"costCenter"},{"value":"costCenter desc","label":"costCenter desc"},{"value":"createdBy","label":"createdBy"},{"value":"createdBy desc","label":"createdBy desc"},{"value":"createdDateTime","label":"createdDateTime"},{"value":"createdDateTime desc","label":"createdDateTime desc"},{"value":"externalCode","label":"externalCode"},{"value":"externalCode desc","label":"externalCode desc"},{"value":"lastModifiedBy","label":"lastModifiedBy"},{"value":"lastModifiedBy desc","label":"lastModifiedBy desc"},{"value":"lastModifiedDateTime","label":"lastModifiedDateTime"},{"value":"lastModifiedDateTime desc","label":"lastModifiedDateTime desc"},{"value":"mdfSystemCreatedBy","label":"mdfSystemCreatedBy"},{"value":"mdfSystemCreatedBy desc","label":"mdfSystemCreatedBy desc"},{"value":"mdfSystemCreatedDate","label":"mdfSystemCreatedDate"},{"value":"mdfSystemCreatedDate desc","label":"mdfSystemCreatedDate desc"},{"value":"mdfSystemEffectiveEndDate","label":"mdfSystemEffectiveEndDate"},{"value":"mdfSystemEffectiveEndDate desc","label":"mdfSystemEffectiveEndDate desc"},{"value":"mdfSystemEffectiveStartDate","label":"mdfSystemEffectiveStartDate"},{"value":"mdfSystemEffectiveStartDate desc","label":"mdfSystemEffectiveStartDate desc"},{"value":"mdfSystemEntityId","label":"mdfSystemEntityId"},{"value":"mdfSystemEntityId desc","label":"mdfSystemEntityId desc"},{"value":"mdfSystemLastModifiedBy","label":"mdfSystemLastModifiedBy"},{"value":"mdfSystemLastModifiedBy desc","label":"mdfSystemLastModifiedBy desc"},{"value":"mdfSystemLastModifiedDate","label":"mdfSystemLastModifiedDate"},{"value":"mdfSystemLastModifiedDate desc","label":"mdfSystemLastModifiedDate desc"},{"value":"mdfSystemLastModifiedDateWithTZ","label":"mdfSystemLastModifiedDateWithTZ"},{"value":"mdfSystemLastModifiedDateWithTZ desc","label":"mdfSystemLastModifiedDateWithTZ desc"},{"value":"mdfSystemObjectType","label":"mdfSystemObjectType"},{"value":"mdfSystemObjectType desc","label":"mdfSystemObjectType desc"},{"value":"mdfSystemRecordId","label":"mdfSystemRecordId"},{"value":"mdfSystemRecordId desc","label":"mdfSystemRecordId desc"},{"value":"mdfSystemRecordStatus","label":"mdfSystemRecordStatus"},{"value":"mdfSystemRecordStatus desc","label":"mdfSystemRecordStatus desc"},{"value":"mdfSystemStatus","label":"mdfSystemStatus"},{"value":"mdfSystemStatus desc","label":"mdfSystemStatus desc"},{"value":"mdfSystemTransactionSequence","label":"mdfSystemTransactionSequence"},{"value":"mdfSystemTransactionSequence desc","label":"mdfSystemTransactionSequence desc"},{"value":"mdfSystemVersionId","label":"mdfSystemVersionId"},{"value":"mdfSystemVersionId desc","label":"mdfSystemVersionId desc"},{"value":"percentage","label":"percentage"},{"value":"percentage desc","label":"percentage desc"}]</option>
                        </options>
                     </parameter>
                     <parameter description="Select properties to be returned, see [OData Select](http://docs.oasis-open.org/odata/odata/v4.0/odata-v4.0-part1-protocol.html#_Toc445374620)"
                                label="$select"
                                name="$select"
                                required="false"
                                testWith=""
                                type="picklist">
                        <options>
                           <option name="values">[{"value":"EmpCostDistribution_effectiveStartDate","label":"EmpCostDistribution_effectiveStartDate"},{"value":"EmpCostDistribution_usersSysId","label":"EmpCostDistribution_usersSysId"},{"value":"costCenter","label":"costCenter"},{"value":"createdBy","label":"createdBy"},{"value":"createdDateTime","label":"createdDateTime"},{"value":"externalCode","label":"externalCode"},{"value":"lastModifiedBy","label":"lastModifiedBy"},{"value":"lastModifiedDateTime","label":"lastModifiedDateTime"},{"value":"mdfSystemCreatedBy","label":"mdfSystemCreatedBy"},{"value":"mdfSystemCreatedDate","label":"mdfSystemCreatedDate"},{"value":"mdfSystemEffectiveEndDate","label":"mdfSystemEffectiveEndDate"},{"value":"mdfSystemEffectiveStartDate","label":"mdfSystemEffectiveStartDate"},{"value":"mdfSystemEntityId","label":"mdfSystemEntityId"},{"value":"mdfSystemLastModifiedBy","label":"mdfSystemLastModifiedBy"},{"value":"mdfSystemLastModifiedDate","label":"mdfSystemLastModifiedDate"},{"value":"mdfSystemLastModifiedDateWithTZ","label":"mdfSystemLastModifiedDateWithTZ"},{"value":"mdfSystemObjectType","label":"mdfSystemObjectType"},{"value":"mdfSystemRecordId","label":"mdfSystemRecordId"},{"value":"mdfSystemRecordStatus","label":"mdfSystemRecordStatus"},{"value":"mdfSystemStatus","label":"mdfSystemStatus"},{"value":"mdfSystemTransactionSequence","label":"mdfSystemTransactionSequence"},{"value":"mdfSystemVersionId","label":"mdfSystemVersionId"},{"value":"percentage","label":"percentage"}]</option>
                        </options>
                     </parameter>
                  </input>
                  <binding>
                     <restSimpleBinding multiUsing="semicolonSeparated"
                                        url="https://{$hostName}/successfactors/odata/v2/EmpCostDistributionItem"
                                        verb="GET">
                        <authentication>
                           <username>{$username}</username>
                           <password>{$password}</password>
                           <isExpressionInPassword>true</isExpressionInPassword>
                        </authentication>
                        <httpHeaders>
                           <header name="Content-Type">application/json</header>
                           <header name="Accept">application/json</header>
                        </httpHeaders>
                     </restSimpleBinding>
                  </binding>
                  <output>
                     <field description="Retrieved entities"
                            entireResponse="true"
                            name="entireResponse"
                            type="object"/>
                  </output>
               </action>
               <action category="EmpCostDistribution"
                       failOnError="true"
                       forSearch="false"
                       label="GET_EmpCostDistribution_effectiveStartDate_effectiveStartDate_usersSysId_usersSysId_"
                       maxRedirects="100"
                       name="GET_EmpCostDistribution_effectiveStartDate_effectiveStartDate_usersSysId_usersSysId_"
                       preemptiveAuth="true"
                       responseEncoding="">
                  <description>Get entity from EmpCostDistribution by key</description>
                  <input>
                     <parameter description="key: effectiveStartDate"
                                label="effectiveStartDatePathParam"
                                name="effectiveStartDatePathParam"
                                nogen="true"
                                required="true"
                                testWith=""
                                type="string"/>
                     <parameter description="key: usersSysId"
                                label="usersSysIdPathParam"
                                name="usersSysIdPathParam"
                                nogen="true"
                                required="true"
                                testWith=""
                                type="string"/>
                     <parameter description="Select properties to be returned, see [OData Select](http://docs.oasis-open.org/odata/odata/v4.0/odata-v4.0-part1-protocol.html#_Toc445374620)"
                                label="$select"
                                name="$select"
                                required="false"
                                testWith=""
                                type="picklist">
                        <options>
                           <option name="values">[{"value":"createdBy","label":"createdBy"},{"value":"createdDateTime","label":"createdDateTime"},{"value":"effectiveEndDate","label":"effectiveEndDate"},{"value":"effectiveStartDate","label":"effectiveStartDate"},{"value":"lastModifiedBy","label":"lastModifiedBy"},{"value":"lastModifiedDate","label":"lastModifiedDate"},{"value":"lastModifiedDateTime","label":"lastModifiedDateTime"},{"value":"lastModifiedDateWithTZ","label":"lastModifiedDateWithTZ"},{"value":"mdfSystemCreatedBy","label":"mdfSystemCreatedBy"},{"value":"mdfSystemCreatedDate","label":"mdfSystemCreatedDate"},{"value":"mdfSystemEntityId","label":"mdfSystemEntityId"},{"value":"mdfSystemLastModifiedBy","label":"mdfSystemLastModifiedBy"},{"value":"mdfSystemObjectType","label":"mdfSystemObjectType"},{"value":"mdfSystemRecordId","label":"mdfSystemRecordId"},{"value":"mdfSystemRecordStatus","label":"mdfSystemRecordStatus"},{"value":"mdfSystemStatus","label":"mdfSystemStatus"},{"value":"mdfSystemTransactionSequence","label":"mdfSystemTransactionSequence"},{"value":"mdfSystemVersionId","label":"mdfSystemVersionId"},{"value":"usersSysId","label":"usersSysId"}]</option>
                        </options>
                     </parameter>
                     <parameter description="Expand related entities, see [OData Expand](http://docs.oasis-open.org/odata/odata/v4.0/odata-v4.0-part1-protocol.html#_Toc445374621)"
                                label="$expand"
                                name="$expand"
                                required="false"
                                testWith=""
                                type="picklist">
                        <options>
                           <option name="values">[{"value":"*","label":"*"},{"value":"items","label":"items"}]</option>
                        </options>
                     </parameter>
                  </input>
                  <binding>
                     <restSimpleBinding multiUsing="semicolonSeparated"
                                        url="https://{$hostName}/successfactors/odata/v2/EmpCostDistribution(effectiveStartDate={$effectiveStartDatePathParam},usersSysId='{$usersSysIdPathParam}')"
                                        verb="GET">
                        <authentication>
                           <username>{$username}</username>
                           <password>{$password}</password>
                           <isExpressionInPassword>true</isExpressionInPassword>
                        </authentication>
                        <httpHeaders>
                           <header name="Content-Type">application/json</header>
                           <header name="Accept">application/json</header>
                        </httpHeaders>
                     </restSimpleBinding>
                  </binding>
                  <output>
                     <field description="Retrieved entity"
                            entireResponse="true"
                            name="entireResponse"
                            type="object"/>
                  </output>
               </action>
               <action category="EmpCostDistribution"
                       failOnError="true"
                       forSearch="false"
                       label="DELETE_EmpCostDistribution_effectiveStartDate_effectiveStartDate_usersSysId_usersSysId_"
                       maxRedirects="100"
                       name="DELETE_EmpCostDistribution_effectiveStartDate_effectiveStartDate_usersSysId_usersSysId_"
                       preemptiveAuth="true"
                       responseEncoding="">
                  <description>Delete entity from EmpCostDistribution</description>
                  <input>
                     <parameter description="key: effectiveStartDate"
                                label="effectiveStartDatePathParam"
                                name="effectiveStartDatePathParam"
                                nogen="true"
                                required="true"
                                testWith=""
                                type="string"/>
                     <parameter description="key: usersSysId"
                                label="usersSysIdPathParam"
                                name="usersSysIdPathParam"
                                nogen="true"
                                required="true"
                                testWith=""
                                type="string"/>
                     <parameter description="ETag"
                                label="If-Match"
                                name="If-Match"
                                nogen="true"
                                required="false"
                                testWith=""
                                type="string"/>
                  </input>
                  <binding>
                     <restSimpleBinding multiUsing="semicolonSeparated"
                                        url="https://{$hostName}/successfactors/odata/v2/EmpCostDistribution(effectiveStartDate={$effectiveStartDatePathParam},usersSysId='{$usersSysIdPathParam}')"
                                        verb="DELETE">
                        <authentication>
                           <username>{$username}</username>
                           <password>{$password}</password>
                           <isExpressionInPassword>true</isExpressionInPassword>
                        </authentication>
                        <httpHeaders>
                           <header name="Content-Type">application/json</header>
                           <header name="Accept">application/json</header>
                           <header name="If-Match">{$If-Match}</header>
                        </httpHeaders>
                     </restSimpleBinding>
                  </binding>
                  <output/>
               </action>
               <action category="EmpCostDistribution"
                       failOnError="true"
                       forSearch="false"
                       label="PUT_EmpCostDistribution_effectiveStartDate_effectiveStartDate_usersSysId_usersSysId_"
                       maxRedirects="100"
                       name="PUT_EmpCostDistribution_effectiveStartDate_effectiveStartDate_usersSysId_usersSysId_"
                       preemptiveAuth="true"
                       responseEncoding="">
                  <description>Update entity in EmpCostDistribution</description>
                  <input>
                     <parameter description="key: effectiveStartDate"
                                label="effectiveStartDatePathParam"
                                name="effectiveStartDatePathParam"
                                nogen="true"
                                required="true"
                                testWith=""
                                type="string"/>
                     <parameter description="key: usersSysId"
                                label="usersSysIdPathParam"
                                name="usersSysIdPathParam"
                                nogen="true"
                                required="true"
                                testWith=""
                                type="string"/>
                     <parameter description="New property values"
                                label="EmpCostDistribution"
                                name="EmpCostDistribution"
                                required="false"
                                testWith=""
                                type="object"/>
                  </input>
                  <binding>
                     <restSimpleBinding multiUsing="semicolonSeparated"
                                        url="https://{$hostName}/successfactors/odata/v2/EmpCostDistribution(effectiveStartDate={$effectiveStartDatePathParam},usersSysId='{$usersSysIdPathParam}')"
                                        verb="PUT">
                        <authentication>
                           <username>{$username}</username>
                           <password>{$password}</password>
                           <isExpressionInPassword>true</isExpressionInPassword>
                        </authentication>
                        <httpHeaders>
                           <header name="Content-Type">application/json</header>
                           <header name="Accept">application/json</header>
                        </httpHeaders>
                        <body generateUsing="UnwrappedJSON" preserveJsonStringFormatting="false"/>
                     </restSimpleBinding>
                  </binding>
                  <output/>
               </action>
               <action category="EmpCostDistributionItem"
                       failOnError="true"
                       forSearch="false"
                       label="GET_EmpCostDistributionItem_EmpCostDistribution_effectiveStartDate_EmpCostDistribution_effectiveStartDate_EmpCostDistribution_usersSysId_EmpCostDistribution_usersSysId_externalCode_externalCode_"
                       maxRedirects="100"
                       name="GET_EmpCostDistributionItem_EmpCostDistribution_effectiveStartDate_EmpCostDistribution_effectiveStartDate_EmpCostDistribution_usersSysId_EmpCostDistribution_usersSysId_externalCode_externalCode_"
                       preemptiveAuth="true"
                       responseEncoding="">
                  <description>Get entity from EmpCostDistributionItem by key</description>
                  <input>
                     <parameter description="key: EmpCostDistribution_effectiveStartDate"
                                label="EmpCostDistribution_effectiveStartDatePathParam"
                                name="EmpCostDistribution_effectiveStartDatePathParam"
                                nogen="true"
                                required="true"
                                testWith=""
                                type="string"/>
                     <parameter description="key: EmpCostDistribution_usersSysId"
                                label="EmpCostDistribution_usersSysIdPathParam"
                                name="EmpCostDistribution_usersSysIdPathParam"
                                nogen="true"
                                required="true"
                                testWith=""
                                type="string"/>
                     <parameter description="key: externalCode"
                                label="externalCodePathParam"
                                name="externalCodePathParam"
                                nogen="true"
                                required="true"
                                testWith=""
                                type="int"/>
                     <parameter description="Select properties to be returned, see [OData Select](http://docs.oasis-open.org/odata/odata/v4.0/odata-v4.0-part1-protocol.html#_Toc445374620)"
                                label="$select"
                                name="$select"
                                required="false"
                                testWith=""
                                type="picklist">
                        <options>
                           <option name="values">[{"value":"EmpCostDistribution_effectiveStartDate","label":"EmpCostDistribution_effectiveStartDate"},{"value":"EmpCostDistribution_usersSysId","label":"EmpCostDistribution_usersSysId"},{"value":"costCenter","label":"costCenter"},{"value":"createdBy","label":"createdBy"},{"value":"createdDateTime","label":"createdDateTime"},{"value":"externalCode","label":"externalCode"},{"value":"lastModifiedBy","label":"lastModifiedBy"},{"value":"lastModifiedDateTime","label":"lastModifiedDateTime"},{"value":"mdfSystemCreatedBy","label":"mdfSystemCreatedBy"},{"value":"mdfSystemCreatedDate","label":"mdfSystemCreatedDate"},{"value":"mdfSystemEffectiveEndDate","label":"mdfSystemEffectiveEndDate"},{"value":"mdfSystemEffectiveStartDate","label":"mdfSystemEffectiveStartDate"},{"value":"mdfSystemEntityId","label":"mdfSystemEntityId"},{"value":"mdfSystemLastModifiedBy","label":"mdfSystemLastModifiedBy"},{"value":"mdfSystemLastModifiedDate","label":"mdfSystemLastModifiedDate"},{"value":"mdfSystemLastModifiedDateWithTZ","label":"mdfSystemLastModifiedDateWithTZ"},{"value":"mdfSystemObjectType","label":"mdfSystemObjectType"},{"value":"mdfSystemRecordId","label":"mdfSystemRecordId"},{"value":"mdfSystemRecordStatus","label":"mdfSystemRecordStatus"},{"value":"mdfSystemStatus","label":"mdfSystemStatus"},{"value":"mdfSystemTransactionSequence","label":"mdfSystemTransactionSequence"},{"value":"mdfSystemVersionId","label":"mdfSystemVersionId"},{"value":"percentage","label":"percentage"}]</option>
                        </options>
                     </parameter>
                  </input>
                  <binding>
                     <restSimpleBinding multiUsing="semicolonSeparated"
                                        url="https://{$hostName}/successfactors/odata/v2/EmpCostDistributionItem(EmpCostDistribution_effectiveStartDate={$EmpCostDistribution_effectiveStartDatePathParam},EmpCostDistribution_usersSysId='{$EmpCostDistribution_usersSysIdPathParam}',externalCode={$externalCodePathParam})"
                                        verb="GET">
                        <authentication>
                           <username>{$username}</username>
                           <password>{$password}</password>
                           <isExpressionInPassword>true</isExpressionInPassword>
                        </authentication>
                        <httpHeaders>
                           <header name="Content-Type">application/json</header>
                           <header name="Accept">application/json</header>
                        </httpHeaders>
                     </restSimpleBinding>
                  </binding>
                  <output>
                     <field description="Retrieved entity"
                            entireResponse="true"
                            name="entireResponse"
                            type="object"/>
                  </output>
               </action>
               <action category="EmpCostDistributionItem"
                       failOnError="true"
                       forSearch="false"
                       label="DELETE_EmpCostDistributionItem_EmpCostDistribution_effectiveStartDate_EmpCostDistribution_effectiveStartDate_EmpCostDistribution_usersSysId_EmpCostDistribution_usersSysId_externalCode_externalCode_"
                       maxRedirects="100"
                       name="DELETE_EmpCostDistributionItem_EmpCostDistribution_effectiveStartDate_EmpCostDistribution_effectiveStartDate_EmpCostDistribution_usersSysId_EmpCostDistribution_usersSysId_externalCode_externalCode_"
                       preemptiveAuth="true"
                       responseEncoding="">
                  <description>Delete entity from EmpCostDistributionItem</description>
                  <input>
                     <parameter description="key: EmpCostDistribution_effectiveStartDate"
                                label="EmpCostDistribution_effectiveStartDatePathParam"
                                name="EmpCostDistribution_effectiveStartDatePathParam"
                                nogen="true"
                                required="true"
                                testWith=""
                                type="string"/>
                     <parameter description="key: EmpCostDistribution_usersSysId"
                                label="EmpCostDistribution_usersSysIdPathParam"
                                name="EmpCostDistribution_usersSysIdPathParam"
                                nogen="true"
                                required="true"
                                testWith=""
                                type="string"/>
                     <parameter description="key: externalCode"
                                label="externalCodePathParam"
                                name="externalCodePathParam"
                                nogen="true"
                                required="true"
                                testWith=""
                                type="int"/>
                     <parameter description="ETag"
                                label="If-Match"
                                name="If-Match"
                                nogen="true"
                                required="false"
                                testWith=""
                                type="string"/>
                  </input>
                  <binding>
                     <restSimpleBinding multiUsing="semicolonSeparated"
                                        url="https://{$hostName}/successfactors/odata/v2/EmpCostDistributionItem(EmpCostDistribution_effectiveStartDate={$EmpCostDistribution_effectiveStartDatePathParam},EmpCostDistribution_usersSysId='{$EmpCostDistribution_usersSysIdPathParam}',externalCode={$externalCodePathParam})"
                                        verb="DELETE">
                        <authentication>
                           <username>{$username}</username>
                           <password>{$password}</password>
                           <isExpressionInPassword>true</isExpressionInPassword>
                        </authentication>
                        <httpHeaders>
                           <header name="Content-Type">application/json</header>
                           <header name="Accept">application/json</header>
                           <header name="If-Match">{$If-Match}</header>
                        </httpHeaders>
                     </restSimpleBinding>
                  </binding>
                  <output/>
               </action>
               <action category="EmpCostDistributionItem"
                       failOnError="true"
                       forSearch="false"
                       label="PUT_EmpCostDistributionItem_EmpCostDistribution_effectiveStartDate_EmpCostDistribution_effectiveStartDate_EmpCostDistribution_usersSysId_EmpCostDistribution_usersSysId_externalCode_externalCode_"
                       maxRedirects="100"
                       name="PUT_EmpCostDistributionItem_EmpCostDistribution_effectiveStartDate_EmpCostDistribution_effectiveStartDate_EmpCostDistribution_usersSysId_EmpCostDistribution_usersSysId_externalCode_externalCode_"
                       preemptiveAuth="true"
                       responseEncoding="">
                  <description>Update entity in EmpCostDistributionItem</description>
                  <input>
                     <parameter description="key: EmpCostDistribution_effectiveStartDate"
                                label="EmpCostDistribution_effectiveStartDatePathParam"
                                name="EmpCostDistribution_effectiveStartDatePathParam"
                                nogen="true"
                                required="true"
                                testWith=""
                                type="string"/>
                     <parameter description="key: EmpCostDistribution_usersSysId"
                                label="EmpCostDistribution_usersSysIdPathParam"
                                name="EmpCostDistribution_usersSysIdPathParam"
                                nogen="true"
                                required="true"
                                testWith=""
                                type="string"/>
                     <parameter description="key: externalCode"
                                label="externalCodePathParam"
                                name="externalCodePathParam"
                                nogen="true"
                                required="true"
                                testWith=""
                                type="int"/>
                     <parameter description="New property values"
                                label="EmpCostDistributionItem"
                                name="EmpCostDistributionItem"
                                required="false"
                                testWith=""
                                type="object"/>
                  </input>
                  <binding>
                     <restSimpleBinding multiUsing="semicolonSeparated"
                                        url="https://{$hostName}/successfactors/odata/v2/EmpCostDistributionItem(EmpCostDistribution_effectiveStartDate={$EmpCostDistribution_effectiveStartDatePathParam},EmpCostDistribution_usersSysId='{$EmpCostDistribution_usersSysIdPathParam}',externalCode={$externalCodePathParam})"
                                        verb="PUT">
                        <authentication>
                           <username>{$username}</username>
                           <password>{$password}</password>
                           <isExpressionInPassword>true</isExpressionInPassword>
                        </authentication>
                        <httpHeaders>
                           <header name="Content-Type">application/json</header>
                           <header name="Accept">application/json</header>
                        </httpHeaders>
                        <body generateUsing="UnwrappedJSON" preserveJsonStringFormatting="false"/>
                     </restSimpleBinding>
                  </binding>
                  <output/>
               </action>
               <action category="EmpCostDistribution"
                       failOnError="true"
                       forSearch="false"
                       label="POST_EmpCostDistribution"
                       maxRedirects="100"
                       name="POST_EmpCostDistribution"
                       preemptiveAuth="true"
                       responseEncoding="">
                  <description>Add new entity to EmpCostDistribution</description>
                  <input>
                     <parameter description="New entity"
                                label="EmpCostDistribution"
                                name="EmpCostDistribution"
                                required="false"
                                testWith=""
                                type="reference">
                        <options>
                           <option name="referenceTo">SFOData_EmpCostDistribution</option>
                        </options>
                     </parameter>
                  </input>
                  <binding>
                     <restSimpleBinding multiUsing="semicolonSeparated"
                                        url="https://{$hostName}/successfactors/odata/v2/EmpCostDistribution"
                                        verb="POST">
                        <authentication>
                           <username>{$username}</username>
                           <password>{$password}</password>
                           <isExpressionInPassword>true</isExpressionInPassword>
                        </authentication>
                        <httpHeaders>
                           <header name="Content-Type">application/json</header>
                           <header name="Accept">application/json</header>
                        </httpHeaders>
                        <body generateUsing="UnwrappedJSON" preserveJsonStringFormatting="false"/>
                     </restSimpleBinding>
                  </binding>
                  <output/>
               </action>
               <action category="EmpCostDistribution"
                       failOnError="true"
                       forSearch="false"
                       label="GET_EmpCostDistribution"
                       maxRedirects="100"
                       name="GET_EmpCostDistribution"
                       preemptiveAuth="true"
                       responseEncoding="">
                  <description>Get entities from EmpCostDistribution</description>
                  <input>
                     <parameter description="Show only the first n items, see [OData Paging - Top](http://docs.oasis-open.org/odata/odata/v4.0/odata-v4.0-part1-protocol.html#_Toc445374630)"
                                label="$top"
                                name="$top"
                                required="false"
                                testWith=""
                                type="int"/>
                     <parameter description="Skip the first n items, see [OData Paging - Skip](http://docs.oasis-open.org/odata/odata/v4.0/odata-v4.0-part1-protocol.html#_Toc445374631)"
                                label="$skip"
                                name="$skip"
                                required="false"
                                testWith=""
                                type="int"/>
                     <parameter description="Search items by search phrases, see [OData Searching](http://docs.oasis-open.org/odata/odata/v4.0/odata-v4.0-part1-protocol.html#_Toc445374633)"
                                label="$search"
                                name="$search"
                                required="false"
                                testWith=""
                                type="string"/>
                     <parameter description="Filter items by property values, see [OData Filtering](http://docs.oasis-open.org/odata/odata/v4.0/odata-v4.0-part1-protocol.html#_Toc445374625)"
                                label="$filter"
                                name="$filter"
                                required="false"
                                testWith=""
                                type="string"/>
                     <parameter description="Include count of items, see [OData Count](http://docs.oasis-open.org/odata/odata/v4.0/odata-v4.0-part1-protocol.html#_Toc445374632)"
                                label="$count"
                                name="$count"
                                required="false"
                                testWith=""
                                type="boolean"/>
                     <parameter description="Order items by property values, see [OData Sorting](http://docs.oasis-open.org/odata/odata/v4.0/odata-v4.0-part1-protocol.html#_Toc445374629)"
                                label="$orderby"
                                name="$orderby"
                                required="false"
                                testWith=""
                                type="picklist">
                        <options>
                           <option name="values">[{"value":"createdBy","label":"createdBy"},{"value":"createdBy desc","label":"createdBy desc"},{"value":"createdDateTime","label":"createdDateTime"},{"value":"createdDateTime desc","label":"createdDateTime desc"},{"value":"effectiveEndDate","label":"effectiveEndDate"},{"value":"effectiveEndDate desc","label":"effectiveEndDate desc"},{"value":"effectiveStartDate","label":"effectiveStartDate"},{"value":"effectiveStartDate desc","label":"effectiveStartDate desc"},{"value":"lastModifiedBy","label":"lastModifiedBy"},{"value":"lastModifiedBy desc","label":"lastModifiedBy desc"},{"value":"lastModifiedDate","label":"lastModifiedDate"},{"value":"lastModifiedDate desc","label":"lastModifiedDate desc"},{"value":"lastModifiedDateTime","label":"lastModifiedDateTime"},{"value":"lastModifiedDateTime desc","label":"lastModifiedDateTime desc"},{"value":"lastModifiedDateWithTZ","label":"lastModifiedDateWithTZ"},{"value":"lastModifiedDateWithTZ desc","label":"lastModifiedDateWithTZ desc"},{"value":"mdfSystemCreatedBy","label":"mdfSystemCreatedBy"},{"value":"mdfSystemCreatedBy desc","label":"mdfSystemCreatedBy desc"},{"value":"mdfSystemCreatedDate","label":"mdfSystemCreatedDate"},{"value":"mdfSystemCreatedDate desc","label":"mdfSystemCreatedDate desc"},{"value":"mdfSystemEntityId","label":"mdfSystemEntityId"},{"value":"mdfSystemEntityId desc","label":"mdfSystemEntityId desc"},{"value":"mdfSystemLastModifiedBy","label":"mdfSystemLastModifiedBy"},{"value":"mdfSystemLastModifiedBy desc","label":"mdfSystemLastModifiedBy desc"},{"value":"mdfSystemObjectType","label":"mdfSystemObjectType"},{"value":"mdfSystemObjectType desc","label":"mdfSystemObjectType desc"},{"value":"mdfSystemRecordId","label":"mdfSystemRecordId"},{"value":"mdfSystemRecordId desc","label":"mdfSystemRecordId desc"},{"value":"mdfSystemRecordStatus","label":"mdfSystemRecordStatus"},{"value":"mdfSystemRecordStatus desc","label":"mdfSystemRecordStatus desc"},{"value":"mdfSystemStatus","label":"mdfSystemStatus"},{"value":"mdfSystemStatus desc","label":"mdfSystemStatus desc"},{"value":"mdfSystemTransactionSequence","label":"mdfSystemTransactionSequence"},{"value":"mdfSystemTransactionSequence desc","label":"mdfSystemTransactionSequence desc"},{"value":"mdfSystemVersionId","label":"mdfSystemVersionId"},{"value":"mdfSystemVersionId desc","label":"mdfSystemVersionId desc"},{"value":"usersSysId","label":"usersSysId"},{"value":"usersSysId desc","label":"usersSysId desc"}]</option>
                        </options>
                     </parameter>
                     <parameter description="Select properties to be returned, see [OData Select](http://docs.oasis-open.org/odata/odata/v4.0/odata-v4.0-part1-protocol.html#_Toc445374620)"
                                label="$select"
                                name="$select"
                                required="false"
                                testWith=""
                                type="picklist">
                        <options>
                           <option name="values">[{"value":"createdBy","label":"createdBy"},{"value":"createdDateTime","label":"createdDateTime"},{"value":"effectiveEndDate","label":"effectiveEndDate"},{"value":"effectiveStartDate","label":"effectiveStartDate"},{"value":"lastModifiedBy","label":"lastModifiedBy"},{"value":"lastModifiedDate","label":"lastModifiedDate"},{"value":"lastModifiedDateTime","label":"lastModifiedDateTime"},{"value":"lastModifiedDateWithTZ","label":"lastModifiedDateWithTZ"},{"value":"mdfSystemCreatedBy","label":"mdfSystemCreatedBy"},{"value":"mdfSystemCreatedDate","label":"mdfSystemCreatedDate"},{"value":"mdfSystemEntityId","label":"mdfSystemEntityId"},{"value":"mdfSystemLastModifiedBy","label":"mdfSystemLastModifiedBy"},{"value":"mdfSystemObjectType","label":"mdfSystemObjectType"},{"value":"mdfSystemRecordId","label":"mdfSystemRecordId"},{"value":"mdfSystemRecordStatus","label":"mdfSystemRecordStatus"},{"value":"mdfSystemStatus","label":"mdfSystemStatus"},{"value":"mdfSystemTransactionSequence","label":"mdfSystemTransactionSequence"},{"value":"mdfSystemVersionId","label":"mdfSystemVersionId"},{"value":"usersSysId","label":"usersSysId"}]</option>
                        </options>
                     </parameter>
                     <parameter description="Expand related entities, see [OData Expand](http://docs.oasis-open.org/odata/odata/v4.0/odata-v4.0-part1-protocol.html#_Toc445374621)"
                                label="$expand"
                                name="$expand"
                                required="false"
                                testWith=""
                                type="picklist">
                        <options>
                           <option name="values">[{"value":"*","label":"*"},{"value":"items","label":"items"}]</option>
                        </options>
                     </parameter>
                  </input>
                  <binding>
                     <restSimpleBinding multiUsing="semicolonSeparated"
                                        url="https://{$hostName}/successfactors/odata/v2/EmpCostDistribution"
                                        verb="GET">
                        <authentication>
                           <username>{$username}</username>
                           <password>{$password}</password>
                           <isExpressionInPassword>true</isExpressionInPassword>
                        </authentication>
                        <httpHeaders>
                           <header name="Content-Type">application/json</header>
                           <header name="Accept">application/json</header>
                        </httpHeaders>
                     </restSimpleBinding>
                  </binding>
                  <output>
                     <field description="Retrieved entities"
                            entireResponse="true"
                            name="entireResponse"
                            type="object"/>
                  </output>
               </action>
            </actions>
            <objects>
               <processObject xmlns="http://schemas.active-endpoints.com/appmodules/screenflow/2011/06/avosHostEnvironment.xsd"
                              isByCopy="true"
                              name="odata_error_main">
                  <description/>
                  <detail>
                     <field name="code" type="string"/>
                     <field name="innererror" type="object"/>
                     <field name="details" type="objectlist">
                        <options>
                           <option name="referenceTo">odata_error_detail</option>
                           <option name="relationshipName">Child</option>
                        </options>
                     </field>
                     <field name="message" type="string"/>
                     <field name="target" type="string"/>
                  </detail>
               </processObject>
               <processObject xmlns="http://schemas.active-endpoints.com/appmodules/screenflow/2011/06/avosHostEnvironment.xsd"
                              isByCopy="true"
                              name="SFOData_EmpCostDistribution">
                  <description/>
                  <detail>
                     <field name="effectiveEndDate" type="string"/>
                     <field name="mdfSystemObjectType" type="string"/>
                     <field name="lastModifiedDateTime" type="string"/>
                     <field name="mdfSystemCreatedBy" type="string"/>
                     <field name="lastModifiedDate" type="string"/>
                     <field name="lastModifiedBy" type="string"/>
                     <field name="createdDateTime" type="string"/>
                     <field name="mdfSystemVersionId" type="string"/>
                     <field name="lastModifiedDateWithTZ" type="string"/>
                     <field name="mdfSystemLastModifiedBy" type="string"/>
                     <field name="mdfSystemRecordStatus" type="string"/>
                     <field name="mdfSystemTransactionSequence" type="string"/>
                     <field name="usersSysId" type="string"/>
                     <field name="createdBy" type="string"/>
                     <field name="mdfSystemStatus" type="string"/>
                     <field name="mdfSystemCreatedDate" type="string"/>
                     <field name="mdfSystemEntityId" type="string"/>
                     <field name="effectiveStartDate" type="string"/>
                     <field name="mdfSystemRecordId" type="string"/>
                     <field name="items" type="object"/>
                  </detail>
               </processObject>
               <processObject xmlns="http://schemas.active-endpoints.com/appmodules/screenflow/2011/06/avosHostEnvironment.xsd"
                              isByCopy="true"
                              name="odata_error_detail">
                  <description/>
                  <detail>
                     <field name="code" type="string"/>
                     <field name="message" type="string"/>
                     <field name="target" type="string"/>
                  </detail>
               </processObject>
               <processObject xmlns="http://schemas.active-endpoints.com/appmodules/screenflow/2011/06/avosHostEnvironment.xsd"
                              isByCopy="true"
                              name="SFOData_EmpCostDistributionItem">
                  <description/>
                  <detail>
                     <field name="mdfSystemObjectType" type="string"/>
                     <field name="mdfSystemLastModifiedDateWithTZ" type="string"/>
                     <field name="lastModifiedDateTime" type="string"/>
                     <field name="externalCode" type="string"/>
                     <field name="mdfSystemCreatedBy" type="string"/>
                     <field name="costCenter" type="string"/>
                     <field name="mdfSystemLastModifiedDate" type="string"/>
                     <field name="lastModifiedBy" type="string"/>
                     <field name="mdfSystemEffectiveEndDate" type="string"/>
                     <field name="EmpCostDistribution_usersSysId" type="string"/>
                     <field name="createdDateTime" type="string"/>
                     <field name="mdfSystemVersionId" type="string"/>
                     <field name="mdfSystemLastModifiedBy" type="string"/>
                     <field name="mdfSystemRecordStatus" type="string"/>
                     <field name="mdfSystemTransactionSequence" type="string"/>
                     <field name="mdfSystemEffectiveStartDate" type="string"/>
                     <field name="createdBy" type="string"/>
                     <field name="mdfSystemStatus" type="string"/>
                     <field name="mdfSystemCreatedDate" type="string"/>
                     <field name="mdfSystemEntityId" type="string"/>
                     <field name="percentage" type="string"/>
                     <field name="EmpCostDistribution_effectiveStartDate" type="string"/>
                     <field name="mdfSystemRecordId" type="string"/>
                  </detail>
               </processObject>
               <processObject xmlns="http://schemas.active-endpoints.com/appmodules/screenflow/2011/06/avosHostEnvironment.xsd"
                              isByCopy="true"
                              name="odata_error">
                  <description/>
                  <detail>
                     <field name="error" type="reference">
                        <options>
                           <option name="referenceTo">odata_error_main</option>
                           <option name="relationshipName">Child</option>
                        </options>
                     </field>
                  </detail>
               </processObject>
               <processObject xmlns="http://schemas.active-endpoints.com/appmodules/screenflow/2011/06/avosHostEnvironment.xsd"
                              isByCopy="true"
                              name="string">
                  <description/>
                  <detail>
                     <field name="string" type="string"/>
                  </detail>
               </processObject>
               <processObject xmlns="http://schemas.active-endpoints.com/appmodules/screenflow/2011/06/avosHostEnvironment.xsd"
                              isByCopy="true"
                              name="boolean">
                  <description/>
                  <detail>
                     <field name="boolean" type="boolean"/>
                  </detail>
               </processObject>
               <processObject xmlns="http://schemas.active-endpoints.com/appmodules/screenflow/2011/06/avosHostEnvironment.xsd"
                              isByCopy="true"
                              name="double">
                  <description/>
                  <detail>
                     <field name="double" type="double"/>
                  </detail>
               </processObject>
               <processObject xmlns="http://schemas.active-endpoints.com/appmodules/screenflow/2011/06/avosHostEnvironment.xsd"
                              isByCopy="true"
                              name="integer">
                  <description/>
                  <detail>
                     <field name="integer" type="int"/>
                  </detail>
               </processObject>
               <processObject xmlns="http://schemas.active-endpoints.com/appmodules/screenflow/2011/06/avosHostEnvironment.xsd"
                              isByCopy="true"
                              name="error">
                  <description>Error</description>
                  <detail/>
               </processObject>
            </objects>
         </businessConnector>
      </types1:Entry>
      <types1:GUID>60APvxtST6chv9MgwG1Nak</types1:GUID>
      <types1:DisplayName>SAP SuccessFactors Employee Central Alternative Cost Distribution OData API v1</types1:DisplayName>
   </types1:Item>
   <types1:CurrentServerDateTime>2019-12-17T15:14:22.599Z</types1:CurrentServerDateTime>
</aetgt:getResponse>
