{
   "exportedObjects": [
      {
         "objectGuid": "almpU5d486xjg3tXw87BET",
         "objectName": "Shared assets",
         "objectType": "Project",
         "path": "/Explore",
         "metadata": {
            "additionalInfo": {
               "contentType": "Binary",
               "description": "This Project contains shared assets",
               "documentState": "COMPLETE"
            },
            "contextAttributes": [],
            "modelVersion": {
               "major": 0,
               "minor": 0
            },
            "objectRefs": [],
            "repoInfo": null
         }
      },
      {
         "objectGuid": "00m3cKr9AGOjGY55vZSASH",
         "objectName": "Service Connectors",
         "objectType": "Folder",
         "path": "/Explore/Shared assets",
         "metadata": {
            "additionalInfo": {
               "contentType": "Binary",
               "description": "",
               "documentState": "COMPLETE"
            },
            "contextAttributes": [],
            "modelVersion": {
               "major": 0,
               "minor": 0
            },
            "objectRefs": [],
            "repoInfo": null
         }
      },
      {
         "objectGuid": "9LDxXjpQQ0Wf34uTVQbIMe",
         "objectName": "Oracle Cloud Infrastructure Compute SecLists API v18-1-2",
         "objectType": "AI_SERVICE_CONNECTOR",
         "path": "/Explore/Shared assets/Service Connectors",
         "metadata": {
            "additionalInfo": {
               "contentType": "application/json; charset=utf-8",
               "description": "A security list is a group of one or more instances that you can specify as the destination or source in a security rule. Instances within a security list can communicate fully with one another on all ports. When you attach an instance to a security list, the inbound and outbound policies defined in the security list are applicable to that instance. All instances within a security list can communicate fully with one another on all protocols and ports.\u003cp\u003eWhile creating an instance, if you do not attach it to any security list, the instance gets attached automatically to the predefined \u003ccode\u003e/Compute-\u003cem\u003eidentity_domain\u003c/em\u003e/default/default\u003c/code\u003e security list, which has the inbound policy set to \u003ccode\u003eDENY\u003c/code\u003e and the outbound policy set to \u003ccode\u003ePERMIT\u003c/code\u003e.\u003cp\u003eYou can create, delete, update, and view security lists using the HTTP requests listed below. For more information about security lists, see \u003ca target=\"_blank\" href=\"http://www.oracle.com/pls/topic/lookup?ctx=stcomputecs\u0026id=STCSG-GUID-FF5C676A-12B3-4521-90D2-CA0F26CAD101\"\u003eAbout Security Lists\u003c/a\u003e in \u003cem\u003eUsing Oracle Cloud Infrastructure Compute Classic\u003c/em\u003e.",
               "documentState": "VALID"
            },
            "contextAttributes": null,
            "modelVersion": {
               "major": 1,
               "minor": 0
            },
            "objectRefs": [],
            "repoInfo": {
               "repoHandle": "HS45bfTQbdxWq9b-gt-1680747-2019-02-12T01:15:22.545Z::svc.xml"
            }
         }
      }
   ]
}