<aetgt:getResponse xmlns:aetgt="http://schemas.active-endpoints.com/appmodules/repository/2010/10/avrepository.xsd"
                   xmlns:types1="http://schemas.active-endpoints.com/appmodules/repository/2010/10/avrepository.xsd">
   <types1:Item>
      <types1:EntryId>LvkVKjvMKQr3rp3-gt-39962-2019-02-24T06:04:56.029Z::svc.xml</types1:EntryId>
      <types1:Name>Google_Stackdriver_Error_Reporting_API_v1beta1</types1:Name>
      <types1:MimeType>application/xml+businesssconnector</types1:MimeType>
      <types1:Description>Groups and counts similar errors from cloud services and applications, reports new errors, and provides access to error groups and their associated errors.</types1:Description>
      <types1:AppliesTo/>
      <types1:Tags/>
      <types1:VersionLabel>1.0</types1:VersionLabel>
      <types1:State>CURRENT</types1:State>
      <types1:ProcessGroup/>
      <types1:CreatedBy>stage2_pod1</types1:CreatedBy>
      <types1:CreationDate>2019-02-24T06:04:56Z</types1:CreationDate>
      <types1:ModifiedBy/>
      <types1:PublicationStatus>unpublished</types1:PublicationStatus>
      <types1:AutosaveExists>false</types1:AutosaveExists>
      <types1:Entry>
         <businessConnector xmlns="http://schemas.informatica.com/socrates/data-services/2014/05/business-connector-model.xsd"
                            agentOnly="false"
                            debug="false"
                            displayName="Google Stackdriver Error Reporting API v1beta1"
                            label=""
                            name="Google_Stackdriver_Error_Reporting_API_v1beta1"
                            uuid="c50c2d54-a973-4010-a1c4-220e6637801a">
            <description>Groups and counts similar errors from cloud services and applications, reports new errors, and provides access to error groups and their associated errors.</description>
            <tags/>
            <connectionAttributes xmlns="http://schemas.informatica.com/appmodules/screenflow/2014/04/avosConnectors.xsd">
               <connectionAttribute description="Host Name"
                                    masked="false"
                                    name="hostName"
                                    required="true"
                                    testWith="clouderrorreporting.googleapis.com"
                                    type="string"/>
            </connectionAttributes>
            <actions>
               <action category="events"
                       failOnError="true"
                       forSearch="false"
                       label="V1beta1EventsByProjectNameGet"
                       maxRedirects="100"
                       name="V1beta1EventsByProjectNameGet"
                       preemptiveAuth="true"
                       responseEncoding="">
                  <description>ListV1beta1EventsByProjectName. Lists the specified events.</description>
                  <input>
                     <parameter description="OAuth access token."
                                label="access_token"
                                name="access_token"
                                required="false"
                                testWith=""
                                type="string"/>
                     <parameter description="API key. Your API key identifies your project and provides you with API access, quota, and reports. Required unless you provide an OAuth 2.0 token."
                                label="key"
                                name="key"
                                required="false"
                                testWith=""
                                type="string"/>
                     <parameter description="Upload protocol for media (e.g. &#34;raw&#34;, &#34;multipart&#34;)."
                                label="upload_protocol"
                                name="upload_protocol"
                                required="false"
                                testWith=""
                                type="string"/>
                     <parameter description="Available to use for quota purposes for server-side applications. Can be any arbitrary string assigned to a user, but should not exceed 40 characters."
                                label="quotaUser"
                                name="quotaUser"
                                required="false"
                                testWith=""
                                type="string"/>
                     <parameter description="Returns response with indentations and line breaks."
                                label="prettyPrint"
                                name="prettyPrint"
                                required="false"
                                testWith=""
                                type="boolean"/>
                     <parameter description="Selector specifying which fields to include in a partial response."
                                label="fields"
                                name="fields"
                                required="false"
                                testWith=""
                                type="string"/>
                     <parameter description="Legacy upload protocol for media (e.g. &#34;media&#34;, &#34;multipart&#34;)."
                                label="uploadType"
                                name="uploadType"
                                required="false"
                                testWith=""
                                type="string"/>
                     <parameter description="JSONP"
                                label="callback"
                                name="callback"
                                required="false"
                                testWith=""
                                type="string"/>
                     <parameter description="OAuth 2.0 token for the current user."
                                label="oauth_token"
                                name="oauth_token"
                                required="false"
                                testWith=""
                                type="string"/>
                     <parameter description="V1 error format. (Acceptable values are: &#34;1&#34;, &#34;2&#34;)"
                                label="$.xgafv"
                                name="$.xgafv"
                                required="false"
                                testWith=""
                                type="string"/>
                     <parameter description="Data format for response. (Acceptable values are: &#34;json&#34;, &#34;media&#34;, &#34;proto&#34;)"
                                label="alt"
                                name="alt"
                                required="false"
                                testWith=""
                                type="string"/>
                     <parameter description="[Optional] The exact value to match against&#xA;[`ServiceContext.version`](/error-reporting/reference/rest/v1beta1/ServiceContext#FIELDS.version)."
                                label="serviceFilter.version"
                                name="serviceFilter.version"
                                required="false"
                                testWith=""
                                type="string"/>
                     <parameter description="[Optional] The exact value to match against&#xA;[`ServiceContext.resource_type`](/error-reporting/reference/rest/v1beta1/ServiceContext#FIELDS.resource_type)."
                                label="serviceFilter.resourceType"
                                name="serviceFilter.resourceType"
                                required="false"
                                testWith=""
                                type="string"/>
                     <parameter description="Restricts the query to the specified time range. (Acceptable values are: &#34;PERIOD_UNSPECIFIED&#34;, &#34;PERIOD_1_HOUR&#34;, &#34;PERIOD_6_HOURS&#34;, &#34;PERIOD_1_DAY&#34;, &#34;PERIOD_1_WEEK&#34;, &#34;PERIOD_30_DAYS&#34;)"
                                label="timeRange.period"
                                name="timeRange.period"
                                required="false"
                                testWith=""
                                type="string"/>
                     <parameter description="[Required] The group for which events shall be returned."
                                label="groupId"
                                name="groupId"
                                required="false"
                                testWith=""
                                type="string"/>
                     <parameter description="[Optional] A `next_page_token` provided by a previous response."
                                label="pageToken"
                                name="pageToken"
                                required="false"
                                testWith=""
                                type="string"/>
                     <parameter description="[Optional] The exact value to match against&#xA;[`ServiceContext.service`](/error-reporting/reference/rest/v1beta1/ServiceContext#FIELDS.service)."
                                label="serviceFilter.service"
                                name="serviceFilter.service"
                                required="false"
                                testWith=""
                                type="string"/>
                     <parameter description="[Optional] The maximum number of results to return per response."
                                label="pageSize"
                                name="pageSize"
                                required="false"
                                testWith=""
                                type="int"/>
                  </input>
                  <binding>
                     <restSimpleBinding multiUsing="semicolonSeparated"
                                        url="https://{$hostName}/v1beta1/{$SC__projectNamePathParam}/events"
                                        verb="GET">
                        <httpHeaders>
                           <header name="Content-Type">application/json</header>
                           <header name="Accept">application/json</header>
                        </httpHeaders>
                     </restSimpleBinding>
                  </binding>
                  <output>
                     <field description=""
                            entireResponse="true"
                            name="ListEventsResponse"
                            type="reference">
                        <options>
                           <option name="referenceTo">ListEventsResponse</option>
                        </options>
                     </field>
                  </output>
               </action>
               <action category="projects"
                       failOnError="true"
                       forSearch="false"
                       label="V1beta1EventsByProjectNameDelete"
                       maxRedirects="100"
                       name="V1beta1EventsByProjectNameDelete"
                       preemptiveAuth="true"
                       responseEncoding="">
                  <description>DeleteEventsV1beta1EventsByProjectName. Deletes all error events of a given project.</description>
                  <input>
                     <parameter description="OAuth access token."
                                label="access_token"
                                name="access_token"
                                required="false"
                                testWith=""
                                type="string"/>
                     <parameter description="API key. Your API key identifies your project and provides you with API access, quota, and reports. Required unless you provide an OAuth 2.0 token."
                                label="key"
                                name="key"
                                required="false"
                                testWith=""
                                type="string"/>
                     <parameter description="Upload protocol for media (e.g. &#34;raw&#34;, &#34;multipart&#34;)."
                                label="upload_protocol"
                                name="upload_protocol"
                                required="false"
                                testWith=""
                                type="string"/>
                     <parameter description="Available to use for quota purposes for server-side applications. Can be any arbitrary string assigned to a user, but should not exceed 40 characters."
                                label="quotaUser"
                                name="quotaUser"
                                required="false"
                                testWith=""
                                type="string"/>
                     <parameter description="Returns response with indentations and line breaks."
                                label="prettyPrint"
                                name="prettyPrint"
                                required="false"
                                testWith=""
                                type="boolean"/>
                     <parameter description="Selector specifying which fields to include in a partial response."
                                label="fields"
                                name="fields"
                                required="false"
                                testWith=""
                                type="string"/>
                     <parameter description="Legacy upload protocol for media (e.g. &#34;media&#34;, &#34;multipart&#34;)."
                                label="uploadType"
                                name="uploadType"
                                required="false"
                                testWith=""
                                type="string"/>
                     <parameter description="JSONP"
                                label="callback"
                                name="callback"
                                required="false"
                                testWith=""
                                type="string"/>
                     <parameter description="OAuth 2.0 token for the current user."
                                label="oauth_token"
                                name="oauth_token"
                                required="false"
                                testWith=""
                                type="string"/>
                     <parameter description="V1 error format. (Acceptable values are: &#34;1&#34;, &#34;2&#34;)"
                                label="$.xgafv"
                                name="$.xgafv"
                                required="false"
                                testWith=""
                                type="string"/>
                     <parameter description="Data format for response. (Acceptable values are: &#34;json&#34;, &#34;media&#34;, &#34;proto&#34;)"
                                label="alt"
                                name="alt"
                                required="false"
                                testWith=""
                                type="string"/>
                  </input>
                  <binding>
                     <restSimpleBinding multiUsing="semicolonSeparated"
                                        url="https://{$hostName}/v1beta1/{$SC__projectNamePathParam}/events"
                                        verb="DELETE">
                        <httpHeaders>
                           <header name="Content-Type">application/json</header>
                           <header name="Accept">application/json</header>
                        </httpHeaders>
                     </restSimpleBinding>
                  </binding>
                  <output/>
               </action>
               <action category="groups"
                       failOnError="true"
                       forSearch="false"
                       label="V1beta1ByNamePut"
                       maxRedirects="100"
                       name="V1beta1ByNamePut"
                       preemptiveAuth="true"
                       responseEncoding="">
                  <description>UpdateV1beta1ByName. Replace the data for the specified group. Fails if the group does not exist.</description>
                  <input>
                     <parameter label="body"
                                name="body"
                                required="true"
                                testWith=""
                                type="reference">
                        <options>
                           <option name="referenceTo">ErrorGroup</option>
                        </options>
                     </parameter>
                     <parameter description="OAuth access token."
                                label="access_token"
                                name="access_token"
                                required="false"
                                testWith=""
                                type="string"/>
                     <parameter description="API key. Your API key identifies your project and provides you with API access, quota, and reports. Required unless you provide an OAuth 2.0 token."
                                label="key"
                                name="key"
                                required="false"
                                testWith=""
                                type="string"/>
                     <parameter description="Upload protocol for media (e.g. &#34;raw&#34;, &#34;multipart&#34;)."
                                label="upload_protocol"
                                name="upload_protocol"
                                required="false"
                                testWith=""
                                type="string"/>
                     <parameter description="Available to use for quota purposes for server-side applications. Can be any arbitrary string assigned to a user, but should not exceed 40 characters."
                                label="quotaUser"
                                name="quotaUser"
                                required="false"
                                testWith=""
                                type="string"/>
                     <parameter description="Returns response with indentations and line breaks."
                                label="prettyPrint"
                                name="prettyPrint"
                                required="false"
                                testWith=""
                                type="boolean"/>
                     <parameter description="Selector specifying which fields to include in a partial response."
                                label="fields"
                                name="fields"
                                required="false"
                                testWith=""
                                type="string"/>
                     <parameter description="Legacy upload protocol for media (e.g. &#34;media&#34;, &#34;multipart&#34;)."
                                label="uploadType"
                                name="uploadType"
                                required="false"
                                testWith=""
                                type="string"/>
                     <parameter description="JSONP"
                                label="callback"
                                name="callback"
                                required="false"
                                testWith=""
                                type="string"/>
                     <parameter description="OAuth 2.0 token for the current user."
                                label="oauth_token"
                                name="oauth_token"
                                required="false"
                                testWith=""
                                type="string"/>
                     <parameter description="V1 error format. (Acceptable values are: &#34;1&#34;, &#34;2&#34;)"
                                label="$.xgafv"
                                name="$.xgafv"
                                required="false"
                                testWith=""
                                type="string"/>
                     <parameter description="Data format for response. (Acceptable values are: &#34;json&#34;, &#34;media&#34;, &#34;proto&#34;)"
                                label="alt"
                                name="alt"
                                required="false"
                                testWith=""
                                type="string"/>
                  </input>
                  <binding>
                     <restSimpleBinding multiUsing="semicolonSeparated"
                                        url="https://{$hostName}/v1beta1/{$SC__namePathParam}"
                                        verb="PUT">
                        <httpHeaders>
                           <header name="Content-Type">application/json</header>
                           <header name="Accept">application/json</header>
                        </httpHeaders>
                        <body generateUsing="UnwrappedJSON" preserveJsonStringFormatting="false"/>
                     </restSimpleBinding>
                  </binding>
                  <output>
                     <field description=""
                            entireResponse="true"
                            name="ErrorGroup"
                            type="reference">
                        <options>
                           <option name="referenceTo">ErrorGroup</option>
                        </options>
                     </field>
                  </output>
               </action>
               <action category="events"
                       failOnError="true"
                       forSearch="false"
                       label="V1beta1EventsReportByProjectNamePost"
                       maxRedirects="100"
                       name="V1beta1EventsReportByProjectNamePost"
                       preemptiveAuth="true"
                       responseEncoding="">
                  <description>ReportV1beta1EventsReportByProjectName. Report an individual error event. This endpoint accepts **either** an OAuth token, **or** an [API key](https://support.google.com/cloud/answer/6158862) for authentication. To use an API key, append it to the URL as the value of a `key` parameter. For example: `POST https://clouderrorreporting.googleapis.com/v1beta1/projects/example-project/events:report?key=123ABC456`</description>
                  <input>
                     <parameter label="body"
                                name="body"
                                required="true"
                                testWith=""
                                type="reference">
                        <options>
                           <option name="referenceTo">ReportedErrorEvent</option>
                        </options>
                     </parameter>
                     <parameter description="OAuth access token."
                                label="access_token"
                                name="access_token"
                                required="false"
                                testWith=""
                                type="string"/>
                     <parameter description="API key. Your API key identifies your project and provides you with API access, quota, and reports. Required unless you provide an OAuth 2.0 token."
                                label="key"
                                name="key"
                                required="false"
                                testWith=""
                                type="string"/>
                     <parameter description="Upload protocol for media (e.g. &#34;raw&#34;, &#34;multipart&#34;)."
                                label="upload_protocol"
                                name="upload_protocol"
                                required="false"
                                testWith=""
                                type="string"/>
                     <parameter description="Available to use for quota purposes for server-side applications. Can be any arbitrary string assigned to a user, but should not exceed 40 characters."
                                label="quotaUser"
                                name="quotaUser"
                                required="false"
                                testWith=""
                                type="string"/>
                     <parameter description="Returns response with indentations and line breaks."
                                label="prettyPrint"
                                name="prettyPrint"
                                required="false"
                                testWith=""
                                type="boolean"/>
                     <parameter description="Selector specifying which fields to include in a partial response."
                                label="fields"
                                name="fields"
                                required="false"
                                testWith=""
                                type="string"/>
                     <parameter description="Legacy upload protocol for media (e.g. &#34;media&#34;, &#34;multipart&#34;)."
                                label="uploadType"
                                name="uploadType"
                                required="false"
                                testWith=""
                                type="string"/>
                     <parameter description="JSONP"
                                label="callback"
                                name="callback"
                                required="false"
                                testWith=""
                                type="string"/>
                     <parameter description="OAuth 2.0 token for the current user."
                                label="oauth_token"
                                name="oauth_token"
                                required="false"
                                testWith=""
                                type="string"/>
                     <parameter description="V1 error format. (Acceptable values are: &#34;1&#34;, &#34;2&#34;)"
                                label="$.xgafv"
                                name="$.xgafv"
                                required="false"
                                testWith=""
                                type="string"/>
                     <parameter description="Data format for response. (Acceptable values are: &#34;json&#34;, &#34;media&#34;, &#34;proto&#34;)"
                                label="alt"
                                name="alt"
                                required="false"
                                testWith=""
                                type="string"/>
                  </input>
                  <binding>
                     <restSimpleBinding multiUsing="semicolonSeparated"
                                        url="https://{$hostName}/v1beta1/{$SC__projectNamePathParam}/events:report"
                                        verb="POST">
                        <httpHeaders>
                           <header name="Content-Type">application/json</header>
                           <header name="Accept">application/json</header>
                        </httpHeaders>
                        <body generateUsing="UnwrappedJSON" preserveJsonStringFormatting="false"/>
                     </restSimpleBinding>
                  </binding>
                  <output/>
               </action>
               <action category="groups"
                       failOnError="true"
                       forSearch="false"
                       label="V1beta1ByGroupNameGet"
                       maxRedirects="100"
                       name="V1beta1ByGroupNameGet"
                       preemptiveAuth="true"
                       responseEncoding="">
                  <description>GetV1beta1ByGroupName. Get the specified group.</description>
                  <input>
                     <parameter description="OAuth access token."
                                label="access_token"
                                name="access_token"
                                required="false"
                                testWith=""
                                type="string"/>
                     <parameter description="API key. Your API key identifies your project and provides you with API access, quota, and reports. Required unless you provide an OAuth 2.0 token."
                                label="key"
                                name="key"
                                required="false"
                                testWith=""
                                type="string"/>
                     <parameter description="Upload protocol for media (e.g. &#34;raw&#34;, &#34;multipart&#34;)."
                                label="upload_protocol"
                                name="upload_protocol"
                                required="false"
                                testWith=""
                                type="string"/>
                     <parameter description="Available to use for quota purposes for server-side applications. Can be any arbitrary string assigned to a user, but should not exceed 40 characters."
                                label="quotaUser"
                                name="quotaUser"
                                required="false"
                                testWith=""
                                type="string"/>
                     <parameter description="Returns response with indentations and line breaks."
                                label="prettyPrint"
                                name="prettyPrint"
                                required="false"
                                testWith=""
                                type="boolean"/>
                     <parameter description="Selector specifying which fields to include in a partial response."
                                label="fields"
                                name="fields"
                                required="false"
                                testWith=""
                                type="string"/>
                     <parameter description="Legacy upload protocol for media (e.g. &#34;media&#34;, &#34;multipart&#34;)."
                                label="uploadType"
                                name="uploadType"
                                required="false"
                                testWith=""
                                type="string"/>
                     <parameter description="JSONP"
                                label="callback"
                                name="callback"
                                required="false"
                                testWith=""
                                type="string"/>
                     <parameter description="OAuth 2.0 token for the current user."
                                label="oauth_token"
                                name="oauth_token"
                                required="false"
                                testWith=""
                                type="string"/>
                     <parameter description="V1 error format. (Acceptable values are: &#34;1&#34;, &#34;2&#34;)"
                                label="$.xgafv"
                                name="$.xgafv"
                                required="false"
                                testWith=""
                                type="string"/>
                     <parameter description="Data format for response. (Acceptable values are: &#34;json&#34;, &#34;media&#34;, &#34;proto&#34;)"
                                label="alt"
                                name="alt"
                                required="false"
                                testWith=""
                                type="string"/>
                  </input>
                  <binding>
                     <restSimpleBinding multiUsing="semicolonSeparated"
                                        url="https://{$hostName}/v1beta1/{$SC__groupNamePathParam}"
                                        verb="GET">
                        <httpHeaders>
                           <header name="Content-Type">application/json</header>
                           <header name="Accept">application/json</header>
                        </httpHeaders>
                     </restSimpleBinding>
                  </binding>
                  <output>
                     <field description=""
                            entireResponse="true"
                            name="ErrorGroup"
                            type="reference">
                        <options>
                           <option name="referenceTo">ErrorGroup</option>
                        </options>
                     </field>
                  </output>
               </action>
               <action category="groupStats"
                       failOnError="true"
                       forSearch="false"
                       label="V1beta1GroupStatsByProjectNameGet"
                       maxRedirects="100"
                       name="V1beta1GroupStatsByProjectNameGet"
                       preemptiveAuth="true"
                       responseEncoding="">
                  <description>ListV1beta1GroupStatsByProjectName. Lists the specified groups.</description>
                  <input>
                     <parameter description="OAuth access token."
                                label="access_token"
                                name="access_token"
                                required="false"
                                testWith=""
                                type="string"/>
                     <parameter description="API key. Your API key identifies your project and provides you with API access, quota, and reports. Required unless you provide an OAuth 2.0 token."
                                label="key"
                                name="key"
                                required="false"
                                testWith=""
                                type="string"/>
                     <parameter description="Upload protocol for media (e.g. &#34;raw&#34;, &#34;multipart&#34;)."
                                label="upload_protocol"
                                name="upload_protocol"
                                required="false"
                                testWith=""
                                type="string"/>
                     <parameter description="Available to use for quota purposes for server-side applications. Can be any arbitrary string assigned to a user, but should not exceed 40 characters."
                                label="quotaUser"
                                name="quotaUser"
                                required="false"
                                testWith=""
                                type="string"/>
                     <parameter description="Returns response with indentations and line breaks."
                                label="prettyPrint"
                                name="prettyPrint"
                                required="false"
                                testWith=""
                                type="boolean"/>
                     <parameter description="Selector specifying which fields to include in a partial response."
                                label="fields"
                                name="fields"
                                required="false"
                                testWith=""
                                type="string"/>
                     <parameter description="Legacy upload protocol for media (e.g. &#34;media&#34;, &#34;multipart&#34;)."
                                label="uploadType"
                                name="uploadType"
                                required="false"
                                testWith=""
                                type="string"/>
                     <parameter description="JSONP"
                                label="callback"
                                name="callback"
                                required="false"
                                testWith=""
                                type="string"/>
                     <parameter description="OAuth 2.0 token for the current user."
                                label="oauth_token"
                                name="oauth_token"
                                required="false"
                                testWith=""
                                type="string"/>
                     <parameter description="V1 error format. (Acceptable values are: &#34;1&#34;, &#34;2&#34;)"
                                label="$.xgafv"
                                name="$.xgafv"
                                required="false"
                                testWith=""
                                type="string"/>
                     <parameter description="Data format for response. (Acceptable values are: &#34;json&#34;, &#34;media&#34;, &#34;proto&#34;)"
                                label="alt"
                                name="alt"
                                required="false"
                                testWith=""
                                type="string"/>
                     <parameter description="[Optional] The preferred duration for a single returned `TimedCount`.&#xA;If not set, no timed counts are returned."
                                label="timedCountDuration"
                                name="timedCountDuration"
                                required="false"
                                testWith=""
                                type="string"/>
                     <parameter description="[Optional] A `next_page_token` provided by a previous response. To view&#xA;additional results, pass this token along with the identical query&#xA;parameters as the first request."
                                label="pageToken"
                                name="pageToken"
                                required="false"
                                testWith=""
                                type="string"/>
                     <parameter description="Restricts the query to the specified time range. (Acceptable values are: &#34;PERIOD_UNSPECIFIED&#34;, &#34;PERIOD_1_HOUR&#34;, &#34;PERIOD_6_HOURS&#34;, &#34;PERIOD_1_DAY&#34;, &#34;PERIOD_1_WEEK&#34;, &#34;PERIOD_30_DAYS&#34;)"
                                label="timeRange.period"
                                name="timeRange.period"
                                required="false"
                                testWith=""
                                type="string"/>
                     <parameter description="[Optional] The alignment of the timed counts to be returned.&#xA;Default is `ALIGNMENT_EQUAL_AT_END`. (Acceptable values are: &#34;ERROR_COUNT_ALIGNMENT_UNSPECIFIED&#34;, &#34;ALIGNMENT_EQUAL_ROUNDED&#34;, &#34;ALIGNMENT_EQUAL_AT_END&#34;)"
                                label="alignment"
                                name="alignment"
                                required="false"
                                testWith=""
                                type="string"/>
                     <parameter description="[Optional] List all &lt;code&gt;ErrorGroupStats&lt;/code&gt; with these IDs."
                                label="groupId"
                                name="groupId"
                                required="false"
                                testWith=""
                                type="string"/>
                     <parameter description="[Optional] The exact value to match against&#xA;[`ServiceContext.service`](/error-reporting/reference/rest/v1beta1/ServiceContext#FIELDS.service)."
                                label="serviceFilter.service"
                                name="serviceFilter.service"
                                required="false"
                                testWith=""
                                type="string"/>
                     <parameter description="[Optional] The maximum number of results to return per response.&#xA;Default is 20."
                                label="pageSize"
                                name="pageSize"
                                required="false"
                                testWith=""
                                type="int"/>
                     <parameter description="[Optional] The exact value to match against&#xA;[`ServiceContext.version`](/error-reporting/reference/rest/v1beta1/ServiceContext#FIELDS.version)."
                                label="serviceFilter.version"
                                name="serviceFilter.version"
                                required="false"
                                testWith=""
                                type="string"/>
                     <parameter description="[Optional] The sort order in which the results are returned.&#xA;Default is `COUNT_DESC`. (Acceptable values are: &#34;GROUP_ORDER_UNSPECIFIED&#34;, &#34;COUNT_DESC&#34;, &#34;LAST_SEEN_DESC&#34;, &#34;CREATED_DESC&#34;, &#34;AFFECTED_USERS_DESC&#34;)"
                                label="order"
                                name="order"
                                required="false"
                                testWith=""
                                type="string"/>
                     <parameter description="[Optional] The exact value to match against&#xA;[`ServiceContext.resource_type`](/error-reporting/reference/rest/v1beta1/ServiceContext#FIELDS.resource_type)."
                                label="serviceFilter.resourceType"
                                name="serviceFilter.resourceType"
                                required="false"
                                testWith=""
                                type="string"/>
                     <parameter description="[Optional] Time where the timed counts shall be aligned if rounded&#xA;alignment is chosen. Default is 00:00 UTC."
                                label="alignmentTime"
                                name="alignmentTime"
                                required="false"
                                testWith=""
                                type="string"/>
                  </input>
                  <binding>
                     <restSimpleBinding multiUsing="semicolonSeparated"
                                        url="https://{$hostName}/v1beta1/{$SC__projectNamePathParam}/groupStats"
                                        verb="GET">
                        <httpHeaders>
                           <header name="Content-Type">application/json</header>
                           <header name="Accept">application/json</header>
                        </httpHeaders>
                     </restSimpleBinding>
                  </binding>
                  <output>
                     <field description=""
                            entireResponse="true"
                            name="ListGroupStatsResponse"
                            type="reference">
                        <options>
                           <option name="referenceTo">ListGroupStatsResponse</option>
                        </options>
                     </field>
                  </output>
               </action>
            </actions>
            <objects>
               <processObject xmlns="http://schemas.active-endpoints.com/appmodules/screenflow/2011/06/avosHostEnvironment.xsd"
                              isByCopy="true"
                              name="SourceLocation">
                  <description>Indicates a location in the source code of the service for which errors are
reported. `functionName` must be provided by the application when reporting
an error, unless the error report contains a `message` with a supported
exception stack trace. All fields are optional for the later case.</description>
                  <detail>
                     <field name="functionName" type="string"/>
                     <field name="filePath" type="string"/>
                     <field name="lineNumber" type="int"/>
                  </detail>
               </processObject>
               <processObject xmlns="http://schemas.active-endpoints.com/appmodules/screenflow/2011/06/avosHostEnvironment.xsd"
                              isByCopy="true"
                              name="ServiceContext">
                  <description>The `ServiceContext` for which this error was reported.</description>
                  <detail>
                     <field name="service" type="string"/>
                     <field name="version" type="string"/>
                     <field name="resourceType" type="string"/>
                  </detail>
               </processObject>
               <processObject xmlns="http://schemas.active-endpoints.com/appmodules/screenflow/2011/06/avosHostEnvironment.xsd"
                              isByCopy="true"
                              name="ListGroupStatsResponse">
                  <description>Contains a set of requested error group stats.</description>
                  <detail>
                     <field name="timeRangeBegin" type="string"/>
                     <field name="nextPageToken" type="string"/>
                     <field name="errorGroupStats" type="objectlist">
                        <options>
                           <option name="referenceTo">ErrorGroupStats</option>
                           <option name="relationshipName">Child</option>
                        </options>
                     </field>
                  </detail>
               </processObject>
               <processObject xmlns="http://schemas.active-endpoints.com/appmodules/screenflow/2011/06/avosHostEnvironment.xsd"
                              isByCopy="true"
                              name="ErrorContext">
                  <description>Data about the context in which the error occurred.</description>
                  <detail>
                     <field name="sourceReferences" type="object"/>
                     <field name="httpRequest" type="object"/>
                     <field name="user" type="string"/>
                     <field name="reportLocation" type="object"/>
                  </detail>
               </processObject>
               <processObject xmlns="http://schemas.active-endpoints.com/appmodules/screenflow/2011/06/avosHostEnvironment.xsd"
                              isByCopy="true"
                              name="ReportedErrorEvent">
                  <description>An error event which is reported to the Error Reporting system.</description>
                  <detail>
                     <field name="context" type="reference">
                        <options>
                           <option name="referenceTo">ErrorContext</option>
                           <option name="relationshipName">Child</option>
                        </options>
                     </field>
                     <field name="eventTime" type="string"/>
                     <field name="message" type="string"/>
                     <field name="serviceContext" type="reference">
                        <options>
                           <option name="referenceTo">ServiceContext</option>
                           <option name="relationshipName">Child</option>
                        </options>
                     </field>
                  </detail>
               </processObject>
               <processObject xmlns="http://schemas.active-endpoints.com/appmodules/screenflow/2011/06/avosHostEnvironment.xsd"
                              isByCopy="true"
                              name="TrackingIssue">
                  <description>Information related to tracking the progress on resolving the error.</description>
                  <detail>
                     <field name="url" type="string"/>
                  </detail>
               </processObject>
               <processObject xmlns="http://schemas.active-endpoints.com/appmodules/screenflow/2011/06/avosHostEnvironment.xsd"
                              isByCopy="true"
                              name="ErrorGroupStats">
                  <description>Data extracted for a specific group based on certain filter criteria,
such as a given time period and/or service filter.</description>
                  <detail>
                     <field name="lastSeenTime" type="string"/>
                     <field name="firstSeenTime" type="string"/>
                     <field name="count" type="string"/>
                     <field name="affectedUsersCount" type="string"/>
                     <field name="timedCounts" type="objectlist">
                        <options>
                           <option name="referenceTo">TimedCount</option>
                           <option name="relationshipName">Child</option>
                        </options>
                     </field>
                     <field name="numAffectedServices" type="int"/>
                     <field name="affectedServices" type="objectlist">
                        <options>
                           <option name="referenceTo">ServiceContext</option>
                           <option name="relationshipName">Child</option>
                        </options>
                     </field>
                     <field name="representative" type="reference">
                        <options>
                           <option name="referenceTo">ErrorEvent</option>
                           <option name="relationshipName">Child</option>
                        </options>
                     </field>
                     <field name="group" type="reference">
                        <options>
                           <option name="referenceTo">ErrorGroup</option>
                           <option name="relationshipName">Child</option>
                        </options>
                     </field>
                  </detail>
               </processObject>
               <processObject xmlns="http://schemas.active-endpoints.com/appmodules/screenflow/2011/06/avosHostEnvironment.xsd"
                              isByCopy="true"
                              name="TimedCount">
                  <description>The number of errors in a given time period.
All numbers are approximate since the error events are sampled
before counting them.</description>
                  <detail>
                     <field name="count" type="string"/>
                     <field name="startTime" type="string"/>
                     <field name="endTime" type="string"/>
                  </detail>
               </processObject>
               <processObject xmlns="http://schemas.active-endpoints.com/appmodules/screenflow/2011/06/avosHostEnvironment.xsd"
                              isByCopy="true"
                              name="ErrorGroup">
                  <description>Group data that is independent of the filter criteria.</description>
                  <detail>
                     <field name="groupId" type="string"/>
                     <field name="name" type="string"/>
                     <field name="trackingIssues" type="object"/>
                  </detail>
               </processObject>
               <processObject xmlns="http://schemas.active-endpoints.com/appmodules/screenflow/2011/06/avosHostEnvironment.xsd"
                              isByCopy="true"
                              name="ListEventsResponse">
                  <description>Contains a set of requested error events.</description>
                  <detail>
                     <field name="timeRangeBegin" type="string"/>
                     <field name="nextPageToken" type="string"/>
                     <field name="errorEvents" type="objectlist">
                        <options>
                           <option name="referenceTo">ErrorEvent</option>
                           <option name="relationshipName">Child</option>
                        </options>
                     </field>
                  </detail>
               </processObject>
               <processObject xmlns="http://schemas.active-endpoints.com/appmodules/screenflow/2011/06/avosHostEnvironment.xsd"
                              isByCopy="true"
                              name="SourceReference">
                  <description>A reference to a particular snapshot of the source tree used to build and
deploy an application.</description>
                  <detail>
                     <field name="revisionId" type="string"/>
                     <field name="repository" type="string"/>
                  </detail>
               </processObject>
               <processObject xmlns="http://schemas.active-endpoints.com/appmodules/screenflow/2011/06/avosHostEnvironment.xsd"
                              isByCopy="true"
                              name="ErrorEvent">
                  <description>An error event which is returned by the Error Reporting system.</description>
                  <detail>
                     <field name="eventTime" type="string"/>
                     <field name="context" type="reference">
                        <options>
                           <option name="referenceTo">ErrorContext</option>
                           <option name="relationshipName">Child</option>
                        </options>
                     </field>
                     <field name="serviceContext" type="reference">
                        <options>
                           <option name="referenceTo">ServiceContext</option>
                           <option name="relationshipName">Child</option>
                        </options>
                     </field>
                     <field name="message" type="string"/>
                  </detail>
               </processObject>
               <processObject xmlns="http://schemas.active-endpoints.com/appmodules/screenflow/2011/06/avosHostEnvironment.xsd"
                              isByCopy="true"
                              name="HttpRequestContext">
                  <description>HTTP request data that is related to a reported error.
This data should be provided by the application when reporting an error,
unless the
error report has been generated automatically from Google App Engine logs.</description>
                  <detail>
                     <field name="referrer" type="string"/>
                     <field name="responseStatusCode" type="int"/>
                     <field name="remoteIp" type="string"/>
                     <field name="method" type="string"/>
                     <field name="userAgent" type="string"/>
                     <field name="url" type="string"/>
                  </detail>
               </processObject>
               <processObject xmlns="http://schemas.active-endpoints.com/appmodules/screenflow/2011/06/avosHostEnvironment.xsd"
                              isByCopy="true"
                              name="string">
                  <description/>
                  <detail>
                     <field name="string" type="string"/>
                  </detail>
               </processObject>
               <processObject xmlns="http://schemas.active-endpoints.com/appmodules/screenflow/2011/06/avosHostEnvironment.xsd"
                              isByCopy="true"
                              name="boolean">
                  <description/>
                  <detail>
                     <field name="boolean" type="boolean"/>
                  </detail>
               </processObject>
               <processObject xmlns="http://schemas.active-endpoints.com/appmodules/screenflow/2011/06/avosHostEnvironment.xsd"
                              isByCopy="true"
                              name="double">
                  <description/>
                  <detail>
                     <field name="double" type="double"/>
                  </detail>
               </processObject>
               <processObject xmlns="http://schemas.active-endpoints.com/appmodules/screenflow/2011/06/avosHostEnvironment.xsd"
                              isByCopy="true"
                              name="integer">
                  <description/>
                  <detail>
                     <field name="integer" type="int"/>
                  </detail>
               </processObject>
            </objects>
         </businessConnector>
      </types1:Entry>
      <types1:GUID>9b8qjd3LY87biKxKinU8SE</types1:GUID>
      <types1:DisplayName>Google Stackdriver Error Reporting API v1beta1</types1:DisplayName>
   </types1:Item>
   <types1:CurrentServerDateTime>2019-02-24T06:06:22.986Z</types1:CurrentServerDateTime>
</aetgt:getResponse>
