<aetgt:getResponse xmlns:aetgt="http://schemas.active-endpoints.com/appmodules/repository/2010/10/avrepository.xsd"
                   xmlns:types1="http://schemas.active-endpoints.com/appmodules/repository/2010/10/avrepository.xsd">
   <types1:Item>
      <types1:EntryId>tspiRASmvD4teIs-gt-195947-2018-10-04T13:10:16.32Z::svc.xml</types1:EntryId>
      <types1:Name>Concur_Authentication_API</types1:Name>
      <types1:ParentFlowIds>6gg8vHWOMzeHbcj-gt-1010904-2018-10-04T13:36:39.933Z::conn.xml</types1:ParentFlowIds>
      <types1:MimeType>application/xml+businesssconnector</types1:MimeType>
      <types1:Description/>
      <types1:AppliesTo/>
      <types1:Tags/>
      <types1:VersionLabel>1.0</types1:VersionLabel>
      <types1:State>CURRENT</types1:State>
      <types1:ProcessGroup/>
      <types1:CreatedBy>sorabh@na1.dm-us.org</types1:CreatedBy>
      <types1:CreationDate>2018-10-04T13:10:16Z</types1:CreationDate>
      <types1:ModifiedBy>sorabh@na1.dm-us.org</types1:ModifiedBy>
      <types1:ModificationDate>2019-01-24T05:06:48Z</types1:ModificationDate>
      <types1:PublicationStatus>published</types1:PublicationStatus>
      <types1:PublishedBy>sorabh@na1.dm-us.org</types1:PublishedBy>
      <types1:PublicationDate>2019-01-24T05:06:54Z</types1:PublicationDate>
      <types1:PublishedContributionId>project:/rt.connector/Concur_Authentication_API/Concur_Authentication_API_svcDef.xml</types1:PublishedContributionId>
      <types1:AutosaveExists>false</types1:AutosaveExists>
      <types1:Entry>
         <businessConnector xmlns="http://schemas.informatica.com/socrates/data-services/2014/05/business-connector-model.xsd"
                            agentOnly="false"
                            debug="false"
                            displayName="Concur Authentication API"
                            label=""
                            name="Concur_Authentication_API"
                            uuid="edcd5faf-87b5-4ab8-8616-714f317b445c">
            <description/>
            <tags/>
            <connectionAttributes xmlns="http://schemas.informatica.com/appmodules/screenflow/2014/04/avosConnectors.xsd">
               <connectionAttribute description=""
                                    masked="true"
                                    name="username"
                                    required="true"
                                    testWith=""
                                    type="string"/>
               <connectionAttribute description=""
                                    masked="true"
                                    name="password"
                                    required="true"
                                    testWith=""
                                    type="string"/>
               <connectionAttribute description=""
                                    masked="true"
                                    name="ConsumerKey"
                                    required="true"
                                    testWith=""
                                    type="string"/>
               <connectionAttribute description=""
                                    masked="false"
                                    name="baseURL"
                                    required="true"
                                    testWith=""
                                    type="string"/>
            </connectionAttributes>
            <actions>
               <action category="Authentication"
                       failOnError="true"
                       forSearch="false"
                       label="Get Access Token"
                       maxRedirects="100"
                       name="Get Access Token"
                       preemptiveAuth="true"
                       responseEncoding="">
                  <description/>
                  <input/>
                  <binding>
                     <restSimpleBinding multiUsing="semicolonSeparated"
                                        url="{$baseURL}/net2/oauth2/accesstoken.ashx"
                                        verb="GET">
                        <authentication>
                           <username>{$username}</username>
                           <password>{$password}</password>
                           <isExpressionInPassword>true</isExpressionInPassword>
                        </authentication>
                        <httpHeaders>
                           <header name="X-ConsumerKey">{$ConsumerKey}</header>
                        </httpHeaders>
                     </restSimpleBinding>
                  </binding>
                  <output>
                     <field description=""
                            entireResponse="true"
                            name="Access_Token"
                            type="reference">
                        <options>
                           <option name="referenceTo">Access_Token</option>
                        </options>
                     </field>
                  </output>
               </action>
            </actions>
            <objects>
               <processObject xmlns="http://schemas.active-endpoints.com/appmodules/screenflow/2011/06/avosHostEnvironment.xsd"
                              isByCopy="true"
                              name="Access_Token">
                  <description>An automatically generated process object</description>
                  <detail>
                     <field name="Instance_Url" type="string"/>
                     <field name="Token" type="string"/>
                     <field name="Expiration_date" type="datetime"/>
                     <field name="Refresh_Token" type="string"/>
                  </detail>
               </processObject>
               <processObject xmlns="http://schemas.active-endpoints.com/appmodules/screenflow/2011/06/avosHostEnvironment.xsd"
                              isByCopy="true"
                              name="string">
                  <description/>
                  <detail>
                     <field name="string" type="string"/>
                  </detail>
               </processObject>
            </objects>
         </businessConnector>
      </types1:Entry>
      <types1:GUID>5wW4mH5ME4Rgm74cz7WoIf</types1:GUID>
      <types1:DisplayName>Concur Authentication API</types1:DisplayName>
   </types1:Item>
   <types1:CurrentServerDateTime>2019-02-22T09:42:47.818Z</types1:CurrentServerDateTime>
</aetgt:getResponse>
