{
   "exportedObjects": [
      {
         "objectGuid": "almpU5d486xjg3tXw87BET",
         "objectName": "Shared assets",
         "objectType": "Project",
         "path": "/Explore",
         "metadata": {
            "additionalInfo": {
               "contentType": "Binary",
               "description": "This Project contains shared assets",
               "documentState": "COMPLETE"
            },
            "contextAttributes": [],
            "modelVersion": {
               "major": 0,
               "minor": 0
            },
            "objectRefs": [],
            "repoInfo": null
         }
      },
      {
         "objectGuid": "00m3cKr9AGOjGY55vZSASH",
         "objectName": "Service Connectors",
         "objectType": "Folder",
         "path": "/Explore/Shared assets",
         "metadata": {
            "additionalInfo": {
               "contentType": "Binary",
               "description": "",
               "documentState": "COMPLETE"
            },
            "contextAttributes": [],
            "modelVersion": {
               "major": 0,
               "minor": 0
            },
            "objectRefs": [],
            "repoInfo": null
         }
      },
      {
         "objectGuid": "70GQ5AjFZCqkZzrIm3HuEh",
         "objectName": "Oracle Cloud Infrastructure Compute VPNEndpointV2s API v18-1-2",
         "objectType": "AI_SERVICE_CONNECTOR",
         "path": "/Explore/Shared assets/Service Connectors",
         "metadata": {
            "additionalInfo": {
               "contentType": "application/json; charset=utf-8",
               "description": "Use this API to set up a VPN connection between your data center and IP networks in your Compute Classic site. This provides a secure communication channel between your data center and instances that are added to your IP networks. To set up a VPN connection, see \u003ca target=\"_blank\" href=\"http://www.oracle.com/pls/topic/lookup?ctx=stcomputecs\u0026id=STCSG-GUID-5AFBB3FC-C0F6-4AC7-9312-718B594EB0D2\"\u003eWorkflow for Setting Up a VPN Connection\u003c/a\u003e in \u003ci\u003eUsing Oracle Cloud Infrastructure Compute Classic\u003c/i\u003e. \u003cp\u003eThese endpoints are not available on Oracle Cloud Machine.\u003c/p\u003e",
               "documentState": "VALID"
            },
            "contextAttributes": null,
            "modelVersion": {
               "major": 1,
               "minor": 0
            },
            "objectRefs": [],
            "repoInfo": {
               "repoHandle": "Q9zbgdwUiQLnzYL-gt-2067521-2019-02-12T01:15:20.678Z::svc.xml"
            }
         }
      }
   ]
}