{
   "exportedObjects": [
      {
         "objectGuid": "almpU5d486xjg3tXw87BET",
         "objectName": "Shared assets",
         "objectType": "Project",
         "path": "/Explore",
         "metadata": {
            "additionalInfo": {
               "contentType": "Binary",
               "description": "This Project contains shared assets",
               "documentState": "COMPLETE"
            },
            "contextAttributes": [],
            "modelVersion": {
               "major": 0,
               "minor": 0
            },
            "objectRefs": [],
            "repoInfo": null
         }
      },
      {
         "objectGuid": "00m3cKr9AGOjGY55vZSASH",
         "objectName": "Service Connectors",
         "objectType": "Folder",
         "path": "/Explore/Shared assets",
         "metadata": {
            "additionalInfo": {
               "contentType": "Binary",
               "description": "",
               "documentState": "COMPLETE"
            },
            "contextAttributes": [],
            "modelVersion": {
               "major": 0,
               "minor": 0
            },
            "objectRefs": [],
            "repoInfo": null
         }
      },
      {
         "objectGuid": "3ucawDjOLzFbeNbePIC3IO",
         "objectName": "Oracle Eloqua Marketing Cloud Service Forms API v2",
         "objectType": "AI_SERVICE_CONNECTOR",
         "path": "/Explore/Shared assets/Service Connectors",
         "metadata": {
            "additionalInfo": {
               "contentType": "application/json; charset=utf-8",
               "description": "Learning about your prospects and contacts can be accomplished in a few different ways. The primary method, however, is by placing a form on a landing page that is reached by a click-through link in a marketing email. Your contacts can provide varying degrees of personal information that you can then use in customizing future communications. For example, a simple form could ask for just First Name, Last Name, Email Address, and Industry. Once those fields are completed and submitted through Oracle Eloqua, it is possible to use this information to target these prospects in campaigns that correspond with their digital body-language.  \u003ca href='https://docs.oracle.com/cloud/latest/marketingcs_gs/OMCAA/index.html#CSHID=Forms'\u003eLearn more about Forms\u003c/a\u003e.",
               "documentState": "VALID"
            },
            "contextAttributes": null,
            "modelVersion": {
               "major": 1,
               "minor": 0
            },
            "objectRefs": [],
            "repoInfo": {
               "repoHandle": "FCnchKGXShOeCFk-gt-4223544-2019-02-22T03:45:56.514Z::svc.xml"
            }
         }
      }
   ]
}