<aetgt:getResponse xmlns:aetgt="http://schemas.active-endpoints.com/appmodules/repository/2010/10/avrepository.xsd"
                   xmlns:types1="http://schemas.active-endpoints.com/appmodules/repository/2010/10/avrepository.xsd">
   <types1:Item>
      <types1:EntryId>1CHdqwx8R8WrY1S-gt-335245-2019-12-21T13:38:56.845Z::svc.xml</types1:EntryId>
      <types1:Name>SAP_SuccessFactors_Foundation-Platform_User_Interface_Themes_OData_API_v1</types1:Name>
      <types1:MimeType>application/xml+businesssconnector</types1:MimeType>
      <types1:Description>API to access details of user interface style settings that available for theming, such as CSS values for color, style definition, and configurations.</types1:Description>
      <types1:AppliesTo/>
      <types1:Tags/>
      <types1:VersionLabel>1.0</types1:VersionLabel>
      <types1:State>CURRENT</types1:State>
      <types1:ProcessGroup/>
      <types1:CreatedBy>sorabh@na1.dm-us.org</types1:CreatedBy>
      <types1:CreationDate>2019-12-21T13:38:57Z</types1:CreationDate>
      <types1:ModifiedBy/>
      <types1:PublicationStatus>published</types1:PublicationStatus>
      <types1:PublishedBy>sorabh@na1.dm-us.org</types1:PublishedBy>
      <types1:PublicationDate>2019-12-21T13:39:00Z</types1:PublicationDate>
      <types1:PublishedContributionId>project:/rt.connector/SAP_SuccessFactors_Foundation_Platform_User_Interface_Themes_OData_API_v1/SAP_SuccessFactors_Foundation_Platform_User_Interface_Themes_OData_API_v1_svcDef.xml</types1:PublishedContributionId>
      <types1:AutosaveExists>false</types1:AutosaveExists>
      <types1:Entry>
         <businessConnector xmlns="http://schemas.informatica.com/socrates/data-services/2014/05/business-connector-model.xsd"
                            agentOnly="false"
                            debug="false"
                            displayName="SAP SuccessFactors Foundation-Platform User Interface Themes OData API v1"
                            label=""
                            name="SAP_SuccessFactors_Foundation-Platform_User_Interface_Themes_OData_API_v1"
                            uuid="c20f7fe7-fc75-401c-a7d0-4cf208c2f6d4">
            <description>API to access details of user interface style settings that available for theming, such as CSS values for color, style definition, and configurations.</description>
            <tags/>
            <connectionAttributes xmlns="http://schemas.informatica.com/appmodules/screenflow/2014/04/avosConnectors.xsd">
               <connectionAttribute description="Host Name"
                                    masked="false"
                                    name="hostName"
                                    required="true"
                                    testWith="sandbox.api.sap.com"
                                    type="string"/>
               <connectionAttribute description="User Name"
                                    masked="false"
                                    name="username"
                                    required="true"
                                    testWith=""
                                    type="string"/>
               <connectionAttribute description="Password"
                                    masked="true"
                                    name="password"
                                    required="true"
                                    testWith=""
                                    type="string"/>
            </connectionAttributes>
            <actions>
               <action category="ThemeTemplate"
                       failOnError="true"
                       forSearch="false"
                       label="GET_ThemeTemplate"
                       maxRedirects="100"
                       name="GET_ThemeTemplate"
                       preemptiveAuth="true"
                       responseEncoding="">
                  <description>Get entities from ThemeTemplate</description>
                  <input>
                     <parameter description="Show only the first n items, see [OData Paging - Top](http://docs.oasis-open.org/odata/odata/v4.0/odata-v4.0-part1-protocol.html#_Toc445374630)"
                                label="$top"
                                name="$top"
                                required="false"
                                testWith=""
                                type="int"/>
                     <parameter description="Skip the first n items, see [OData Paging - Skip](http://docs.oasis-open.org/odata/odata/v4.0/odata-v4.0-part1-protocol.html#_Toc445374631)"
                                label="$skip"
                                name="$skip"
                                required="false"
                                testWith=""
                                type="int"/>
                     <parameter description="Search items by search phrases, see [OData Searching](http://docs.oasis-open.org/odata/odata/v4.0/odata-v4.0-part1-protocol.html#_Toc445374633)"
                                label="$search"
                                name="$search"
                                required="false"
                                testWith=""
                                type="string"/>
                     <parameter description="Filter items by property values, see [OData Filtering](http://docs.oasis-open.org/odata/odata/v4.0/odata-v4.0-part1-protocol.html#_Toc445374625)"
                                label="$filter"
                                name="$filter"
                                required="false"
                                testWith=""
                                type="string"/>
                     <parameter description="Include count of items, see [OData Count](http://docs.oasis-open.org/odata/odata/v4.0/odata-v4.0-part1-protocol.html#_Toc445374632)"
                                label="$count"
                                name="$count"
                                required="false"
                                testWith=""
                                type="boolean"/>
                     <parameter description="Order items by property values, see [OData Sorting](http://docs.oasis-open.org/odata/odata/v4.0/odata-v4.0-part1-protocol.html#_Toc445374629)"
                                label="$orderby"
                                name="$orderby"
                                required="false"
                                testWith=""
                                type="picklist">
                        <options>
                           <option name="values">[{"value":"bodyStyleClass","label":"bodyStyleClass"},{"value":"bodyStyleClass desc","label":"bodyStyleClass desc"},{"value":"footer","label":"footer"},{"value":"footer desc","label":"footer desc"},{"value":"header","label":"header"},{"value":"header desc","label":"header desc"},{"value":"id","label":"id"},{"value":"id desc","label":"id desc"},{"value":"langDir","label":"langDir"},{"value":"langDir desc","label":"langDir desc"},{"value":"locale","label":"locale"},{"value":"locale desc","label":"locale desc"},{"value":"scripts","label":"scripts"},{"value":"scripts desc","label":"scripts desc"},{"value":"styles","label":"styles"},{"value":"styles desc","label":"styles desc"},{"value":"template","label":"template"},{"value":"template desc","label":"template desc"},{"value":"ui5BaseThemeRootUrl","label":"ui5BaseThemeRootUrl"},{"value":"ui5BaseThemeRootUrl desc","label":"ui5BaseThemeRootUrl desc"}]</option>
                        </options>
                     </parameter>
                     <parameter description="Select properties to be returned, see [OData Select](http://docs.oasis-open.org/odata/odata/v4.0/odata-v4.0-part1-protocol.html#_Toc445374620)"
                                label="$select"
                                name="$select"
                                required="false"
                                testWith=""
                                type="picklist">
                        <options>
                           <option name="values">[{"value":"bodyStyleClass","label":"bodyStyleClass"},{"value":"footer","label":"footer"},{"value":"header","label":"header"},{"value":"id","label":"id"},{"value":"langDir","label":"langDir"},{"value":"locale","label":"locale"},{"value":"scripts","label":"scripts"},{"value":"styles","label":"styles"},{"value":"template","label":"template"},{"value":"ui5BaseThemeRootUrl","label":"ui5BaseThemeRootUrl"}]</option>
                        </options>
                     </parameter>
                  </input>
                  <binding>
                     <restSimpleBinding multiUsing="semicolonSeparated"
                                        url="https://{$hostName}/successfactors/odata/v2/ThemeTemplate"
                                        verb="GET">
                        <authentication>
                           <username>{$username}</username>
                           <password>{$password}</password>
                           <isExpressionInPassword>true</isExpressionInPassword>
                        </authentication>
                        <httpHeaders>
                           <header name="Content-Type">application/json</header>
                           <header name="Accept">application/json</header>
                        </httpHeaders>
                     </restSimpleBinding>
                  </binding>
                  <output>
                     <field description="Retrieved entities"
                            entireResponse="true"
                            name="entireResponse"
                            type="object"/>
                  </output>
               </action>
               <action category="ThemeInfo"
                       failOnError="true"
                       forSearch="false"
                       label="GET_ThemeInfo_id_"
                       maxRedirects="100"
                       name="GET_ThemeInfo_id_"
                       preemptiveAuth="true"
                       responseEncoding="">
                  <description>Get entity from ThemeInfo by key</description>
                  <input>
                     <parameter description="key: id"
                                label="idPathParam"
                                name="idPathParam"
                                nogen="true"
                                required="true"
                                testWith=""
                                type="string"/>
                     <parameter description="Select properties to be returned, see [OData Select](http://docs.oasis-open.org/odata/odata/v4.0/odata-v4.0-part1-protocol.html#_Toc445374620)"
                                label="$select"
                                name="$select"
                                required="false"
                                testWith=""
                                type="picklist">
                        <options>
                           <option name="values">[{"value":"fingerprints","label":"fingerprints"},{"value":"id","label":"id"},{"value":"lastModifiedDate","label":"lastModifiedDate"},{"value":"locale","label":"locale"},{"value":"modules","label":"modules"},{"value":"ui5Theme","label":"ui5Theme"},{"value":"urls","label":"urls"}]</option>
                        </options>
                     </parameter>
                  </input>
                  <binding>
                     <restSimpleBinding multiUsing="semicolonSeparated"
                                        url="https://{$hostName}/successfactors/odata/v2/ThemeInfo('{$idPathParam}')"
                                        verb="GET">
                        <authentication>
                           <username>{$username}</username>
                           <password>{$password}</password>
                           <isExpressionInPassword>true</isExpressionInPassword>
                        </authentication>
                        <httpHeaders>
                           <header name="Content-Type">application/json</header>
                           <header name="Accept">application/json</header>
                        </httpHeaders>
                     </restSimpleBinding>
                  </binding>
                  <output>
                     <field description="Retrieved entity"
                            entireResponse="true"
                            name="entireResponse"
                            type="object"/>
                  </output>
               </action>
               <action category="ThemeTemplate"
                       failOnError="true"
                       forSearch="false"
                       label="GET_ThemeTemplate_id_"
                       maxRedirects="100"
                       name="GET_ThemeTemplate_id_"
                       preemptiveAuth="true"
                       responseEncoding="">
                  <description>Get entity from ThemeTemplate by key</description>
                  <input>
                     <parameter description="key: id"
                                label="idPathParam"
                                name="idPathParam"
                                nogen="true"
                                required="true"
                                testWith=""
                                type="string"/>
                     <parameter description="Select properties to be returned, see [OData Select](http://docs.oasis-open.org/odata/odata/v4.0/odata-v4.0-part1-protocol.html#_Toc445374620)"
                                label="$select"
                                name="$select"
                                required="false"
                                testWith=""
                                type="picklist">
                        <options>
                           <option name="values">[{"value":"bodyStyleClass","label":"bodyStyleClass"},{"value":"footer","label":"footer"},{"value":"header","label":"header"},{"value":"id","label":"id"},{"value":"langDir","label":"langDir"},{"value":"locale","label":"locale"},{"value":"scripts","label":"scripts"},{"value":"styles","label":"styles"},{"value":"template","label":"template"},{"value":"ui5BaseThemeRootUrl","label":"ui5BaseThemeRootUrl"}]</option>
                        </options>
                     </parameter>
                  </input>
                  <binding>
                     <restSimpleBinding multiUsing="semicolonSeparated"
                                        url="https://{$hostName}/successfactors/odata/v2/ThemeTemplate('{$idPathParam}')"
                                        verb="GET">
                        <authentication>
                           <username>{$username}</username>
                           <password>{$password}</password>
                           <isExpressionInPassword>true</isExpressionInPassword>
                        </authentication>
                        <httpHeaders>
                           <header name="Content-Type">application/json</header>
                           <header name="Accept">application/json</header>
                        </httpHeaders>
                     </restSimpleBinding>
                  </binding>
                  <output>
                     <field description="Retrieved entity"
                            entireResponse="true"
                            name="entireResponse"
                            type="object"/>
                  </output>
               </action>
               <action category="ThemeInfo"
                       failOnError="true"
                       forSearch="false"
                       label="GET_ThemeInfo"
                       maxRedirects="100"
                       name="GET_ThemeInfo"
                       preemptiveAuth="true"
                       responseEncoding="">
                  <description>Get entities from ThemeInfo</description>
                  <input>
                     <parameter description="Show only the first n items, see [OData Paging - Top](http://docs.oasis-open.org/odata/odata/v4.0/odata-v4.0-part1-protocol.html#_Toc445374630)"
                                label="$top"
                                name="$top"
                                required="false"
                                testWith=""
                                type="int"/>
                     <parameter description="Skip the first n items, see [OData Paging - Skip](http://docs.oasis-open.org/odata/odata/v4.0/odata-v4.0-part1-protocol.html#_Toc445374631)"
                                label="$skip"
                                name="$skip"
                                required="false"
                                testWith=""
                                type="int"/>
                     <parameter description="Search items by search phrases, see [OData Searching](http://docs.oasis-open.org/odata/odata/v4.0/odata-v4.0-part1-protocol.html#_Toc445374633)"
                                label="$search"
                                name="$search"
                                required="false"
                                testWith=""
                                type="string"/>
                     <parameter description="Filter items by property values, see [OData Filtering](http://docs.oasis-open.org/odata/odata/v4.0/odata-v4.0-part1-protocol.html#_Toc445374625)"
                                label="$filter"
                                name="$filter"
                                required="false"
                                testWith=""
                                type="string"/>
                     <parameter description="Include count of items, see [OData Count](http://docs.oasis-open.org/odata/odata/v4.0/odata-v4.0-part1-protocol.html#_Toc445374632)"
                                label="$count"
                                name="$count"
                                required="false"
                                testWith=""
                                type="boolean"/>
                     <parameter description="Order items by property values, see [OData Sorting](http://docs.oasis-open.org/odata/odata/v4.0/odata-v4.0-part1-protocol.html#_Toc445374629)"
                                label="$orderby"
                                name="$orderby"
                                required="false"
                                testWith=""
                                type="picklist">
                        <options>
                           <option name="values">[{"value":"fingerprints","label":"fingerprints"},{"value":"fingerprints desc","label":"fingerprints desc"},{"value":"id","label":"id"},{"value":"id desc","label":"id desc"},{"value":"lastModifiedDate","label":"lastModifiedDate"},{"value":"lastModifiedDate desc","label":"lastModifiedDate desc"},{"value":"locale","label":"locale"},{"value":"locale desc","label":"locale desc"},{"value":"modules","label":"modules"},{"value":"modules desc","label":"modules desc"},{"value":"ui5Theme","label":"ui5Theme"},{"value":"ui5Theme desc","label":"ui5Theme desc"},{"value":"urls","label":"urls"},{"value":"urls desc","label":"urls desc"}]</option>
                        </options>
                     </parameter>
                     <parameter description="Select properties to be returned, see [OData Select](http://docs.oasis-open.org/odata/odata/v4.0/odata-v4.0-part1-protocol.html#_Toc445374620)"
                                label="$select"
                                name="$select"
                                required="false"
                                testWith=""
                                type="picklist">
                        <options>
                           <option name="values">[{"value":"fingerprints","label":"fingerprints"},{"value":"id","label":"id"},{"value":"lastModifiedDate","label":"lastModifiedDate"},{"value":"locale","label":"locale"},{"value":"modules","label":"modules"},{"value":"ui5Theme","label":"ui5Theme"},{"value":"urls","label":"urls"}]</option>
                        </options>
                     </parameter>
                  </input>
                  <binding>
                     <restSimpleBinding multiUsing="semicolonSeparated"
                                        url="https://{$hostName}/successfactors/odata/v2/ThemeInfo"
                                        verb="GET">
                        <authentication>
                           <username>{$username}</username>
                           <password>{$password}</password>
                           <isExpressionInPassword>true</isExpressionInPassword>
                        </authentication>
                        <httpHeaders>
                           <header name="Content-Type">application/json</header>
                           <header name="Accept">application/json</header>
                        </httpHeaders>
                     </restSimpleBinding>
                  </binding>
                  <output>
                     <field description="Retrieved entities"
                            entireResponse="true"
                            name="entireResponse"
                            type="object"/>
                  </output>
               </action>
               <action category="ThemeConfig"
                       failOnError="true"
                       forSearch="false"
                       label="GET_ThemeConfig"
                       maxRedirects="100"
                       name="GET_ThemeConfig"
                       preemptiveAuth="true"
                       responseEncoding="">
                  <description>Get entities from ThemeConfig</description>
                  <input>
                     <parameter description="Show only the first n items, see [OData Paging - Top](http://docs.oasis-open.org/odata/odata/v4.0/odata-v4.0-part1-protocol.html#_Toc445374630)"
                                label="$top"
                                name="$top"
                                required="false"
                                testWith=""
                                type="int"/>
                     <parameter description="Skip the first n items, see [OData Paging - Skip](http://docs.oasis-open.org/odata/odata/v4.0/odata-v4.0-part1-protocol.html#_Toc445374631)"
                                label="$skip"
                                name="$skip"
                                required="false"
                                testWith=""
                                type="int"/>
                     <parameter description="Search items by search phrases, see [OData Searching](http://docs.oasis-open.org/odata/odata/v4.0/odata-v4.0-part1-protocol.html#_Toc445374633)"
                                label="$search"
                                name="$search"
                                required="false"
                                testWith=""
                                type="string"/>
                     <parameter description="Filter items by property values, see [OData Filtering](http://docs.oasis-open.org/odata/odata/v4.0/odata-v4.0-part1-protocol.html#_Toc445374625)"
                                label="$filter"
                                name="$filter"
                                required="false"
                                testWith=""
                                type="string"/>
                     <parameter description="Include count of items, see [OData Count](http://docs.oasis-open.org/odata/odata/v4.0/odata-v4.0-part1-protocol.html#_Toc445374632)"
                                label="$count"
                                name="$count"
                                required="false"
                                testWith=""
                                type="boolean"/>
                     <parameter description="Order items by property values, see [OData Sorting](http://docs.oasis-open.org/odata/odata/v4.0/odata-v4.0-part1-protocol.html#_Toc445374629)"
                                label="$orderby"
                                name="$orderby"
                                required="false"
                                testWith=""
                                type="picklist">
                        <options>
                           <option name="values">[{"value":"id","label":"id"},{"value":"id desc","label":"id desc"},{"value":"themeConfiguration","label":"themeConfiguration"},{"value":"themeConfiguration desc","label":"themeConfiguration desc"}]</option>
                        </options>
                     </parameter>
                     <parameter description="Select properties to be returned, see [OData Select](http://docs.oasis-open.org/odata/odata/v4.0/odata-v4.0-part1-protocol.html#_Toc445374620)"
                                label="$select"
                                name="$select"
                                required="false"
                                testWith=""
                                type="picklist">
                        <options>
                           <option name="values">[{"value":"id","label":"id"},{"value":"themeConfiguration","label":"themeConfiguration"}]</option>
                        </options>
                     </parameter>
                  </input>
                  <binding>
                     <restSimpleBinding multiUsing="semicolonSeparated"
                                        url="https://{$hostName}/successfactors/odata/v2/ThemeConfig"
                                        verb="GET">
                        <authentication>
                           <username>{$username}</username>
                           <password>{$password}</password>
                           <isExpressionInPassword>true</isExpressionInPassword>
                        </authentication>
                        <httpHeaders>
                           <header name="Content-Type">application/json</header>
                           <header name="Accept">application/json</header>
                        </httpHeaders>
                     </restSimpleBinding>
                  </binding>
                  <output>
                     <field description="Retrieved entities"
                            entireResponse="true"
                            name="entireResponse"
                            type="object"/>
                  </output>
               </action>
               <action category="ThemeConfig"
                       failOnError="true"
                       forSearch="false"
                       label="GET_ThemeConfig_id_"
                       maxRedirects="100"
                       name="GET_ThemeConfig_id_"
                       preemptiveAuth="true"
                       responseEncoding="">
                  <description>Get entity from ThemeConfig by key</description>
                  <input>
                     <parameter description="key: id"
                                label="idPathParam"
                                name="idPathParam"
                                nogen="true"
                                required="true"
                                testWith=""
                                type="string"/>
                     <parameter description="Select properties to be returned, see [OData Select](http://docs.oasis-open.org/odata/odata/v4.0/odata-v4.0-part1-protocol.html#_Toc445374620)"
                                label="$select"
                                name="$select"
                                required="false"
                                testWith=""
                                type="picklist">
                        <options>
                           <option name="values">[{"value":"id","label":"id"},{"value":"themeConfiguration","label":"themeConfiguration"}]</option>
                        </options>
                     </parameter>
                  </input>
                  <binding>
                     <restSimpleBinding multiUsing="semicolonSeparated"
                                        url="https://{$hostName}/successfactors/odata/v2/ThemeConfig('{$idPathParam}')"
                                        verb="GET">
                        <authentication>
                           <username>{$username}</username>
                           <password>{$password}</password>
                           <isExpressionInPassword>true</isExpressionInPassword>
                        </authentication>
                        <httpHeaders>
                           <header name="Content-Type">application/json</header>
                           <header name="Accept">application/json</header>
                        </httpHeaders>
                     </restSimpleBinding>
                  </binding>
                  <output>
                     <field description="Retrieved entity"
                            entireResponse="true"
                            name="entireResponse"
                            type="object"/>
                  </output>
               </action>
            </actions>
            <objects>
               <processObject xmlns="http://schemas.active-endpoints.com/appmodules/screenflow/2011/06/avosHostEnvironment.xsd"
                              isByCopy="true"
                              name="odata_error_main">
                  <description/>
                  <detail>
                     <field name="code" type="string"/>
                     <field name="innererror" type="object"/>
                     <field name="details" type="objectlist">
                        <options>
                           <option name="referenceTo">odata_error_detail</option>
                           <option name="relationshipName">Child</option>
                        </options>
                     </field>
                     <field name="message" type="string"/>
                     <field name="target" type="string"/>
                  </detail>
               </processObject>
               <processObject xmlns="http://schemas.active-endpoints.com/appmodules/screenflow/2011/06/avosHostEnvironment.xsd"
                              isByCopy="true"
                              name="SFOData_ThemeURL">
                  <description>Complex type that contains password validation result, password salt and password hash.</description>
                  <detail>
                     <field name="value" type="string"/>
                  </detail>
               </processObject>
               <processObject xmlns="http://schemas.active-endpoints.com/appmodules/screenflow/2011/06/avosHostEnvironment.xsd"
                              isByCopy="true"
                              name="SFOData_ThemeHighlightConfig">
                  <description>Complex type that contains password validation result, password salt and password hash.</description>
                  <detail>
                     <field name="iconScheme" type="string"/>
                     <field name="bgColor" type="reference">
                        <options>
                           <option name="referenceTo">SFOData_ThemeColor</option>
                           <option name="relationshipName">Child</option>
                        </options>
                     </field>
                     <field name="linkTextColor" type="reference">
                        <options>
                           <option name="referenceTo">SFOData_ThemeColor</option>
                           <option name="relationshipName">Child</option>
                        </options>
                     </field>
                     <field name="textColor" type="reference">
                        <options>
                           <option name="referenceTo">SFOData_ThemeColor</option>
                           <option name="relationshipName">Child</option>
                        </options>
                     </field>
                  </detail>
               </processObject>
               <processObject xmlns="http://schemas.active-endpoints.com/appmodules/screenflow/2011/06/avosHostEnvironment.xsd"
                              isByCopy="true"
                              name="SFOData_ThemeLogoConfig">
                  <description>Complex type that contains password validation result, password salt and password hash.</description>
                  <detail>
                     <field name="position" type="string"/>
                     <field name="useBackdrop" type="boolean"/>
                     <field name="url" type="reference">
                        <options>
                           <option name="referenceTo">SFOData_ThemeURL</option>
                           <option name="relationshipName">Child</option>
                        </options>
                     </field>
                     <field name="backdropColor" type="reference">
                        <options>
                           <option name="referenceTo">SFOData_ThemeColor</option>
                           <option name="relationshipName">Child</option>
                        </options>
                     </field>
                     <field name="useUploadedLogo" type="boolean"/>
                  </detail>
               </processObject>
               <processObject xmlns="http://schemas.active-endpoints.com/appmodules/screenflow/2011/06/avosHostEnvironment.xsd"
                              isByCopy="true"
                              name="SFOData_ThemeLoginLogoConfig">
                  <description/>
                  <detail>
                     <field name="systemType" type="string"/>
                     <field name="url" type="reference">
                        <options>
                           <option name="referenceTo">SFOData_ThemeURL</option>
                           <option name="relationshipName">Child</option>
                        </options>
                     </field>
                     <field name="option" type="string"/>
                  </detail>
               </processObject>
               <processObject xmlns="http://schemas.active-endpoints.com/appmodules/screenflow/2011/06/avosHostEnvironment.xsd"
                              isByCopy="true"
                              name="SFOData_ThemeTileConfig">
                  <description>Complex type that contains password validation result, password salt and password hash.</description>
                  <detail>
                     <field name="headerTextColor" type="reference">
                        <options>
                           <option name="referenceTo">SFOData_ThemeColor</option>
                           <option name="relationshipName">Child</option>
                        </options>
                     </field>
                     <field name="accentHeaderLinkColor" type="reference">
                        <options>
                           <option name="referenceTo">SFOData_ThemeColor</option>
                           <option name="relationshipName">Child</option>
                        </options>
                     </field>
                     <field name="headerBGColor" type="reference">
                        <options>
                           <option name="referenceTo">SFOData_ThemeColor</option>
                           <option name="relationshipName">Child</option>
                        </options>
                     </field>
                     <field name="alertTextColor" type="reference">
                        <options>
                           <option name="referenceTo">SFOData_ThemeColor</option>
                           <option name="relationshipName">Child</option>
                        </options>
                     </field>
                     <field name="bodyBGColor" type="reference">
                        <options>
                           <option name="referenceTo">SFOData_ThemeColor</option>
                           <option name="relationshipName">Child</option>
                        </options>
                     </field>
                     <field name="linkColor" type="reference">
                        <options>
                           <option name="referenceTo">SFOData_ThemeColor</option>
                           <option name="relationshipName">Child</option>
                        </options>
                     </field>
                     <field name="alertBadgeTextColor" type="reference">
                        <options>
                           <option name="referenceTo">SFOData_ThemeColor</option>
                           <option name="relationshipName">Child</option>
                        </options>
                     </field>
                     <field name="headerLinkColor" type="reference">
                        <options>
                           <option name="referenceTo">SFOData_ThemeColor</option>
                           <option name="relationshipName">Child</option>
                        </options>
                     </field>
                     <field name="accentBodyTextColor" type="reference">
                        <options>
                           <option name="referenceTo">SFOData_ThemeColor</option>
                           <option name="relationshipName">Child</option>
                        </options>
                     </field>
                     <field name="accentHeaderTextColor" type="reference">
                        <options>
                           <option name="referenceTo">SFOData_ThemeColor</option>
                           <option name="relationshipName">Child</option>
                        </options>
                     </field>
                     <field name="accentHeaderIconScheme" type="string"/>
                     <field name="alertBadgeBGColor" type="reference">
                        <options>
                           <option name="referenceTo">SFOData_ThemeColor</option>
                           <option name="relationshipName">Child</option>
                        </options>
                     </field>
                     <field name="bodyIconScheme" type="string"/>
                     <field name="accentHeaderBGColor" type="reference">
                        <options>
                           <option name="referenceTo">SFOData_ThemeColor</option>
                           <option name="relationshipName">Child</option>
                        </options>
                     </field>
                     <field name="accentLinkColor" type="reference">
                        <options>
                           <option name="referenceTo">SFOData_ThemeColor</option>
                           <option name="relationshipName">Child</option>
                        </options>
                     </field>
                     <field name="accentBodyBGColor" type="reference">
                        <options>
                           <option name="referenceTo">SFOData_ThemeColor</option>
                           <option name="relationshipName">Child</option>
                        </options>
                     </field>
                     <field name="bodyTextColor" type="reference">
                        <options>
                           <option name="referenceTo">SFOData_ThemeColor</option>
                           <option name="relationshipName">Child</option>
                        </options>
                     </field>
                     <field name="headerIconScheme" type="string"/>
                     <field name="accentBodyIconScheme" type="string"/>
                  </detail>
               </processObject>
               <processObject xmlns="http://schemas.active-endpoints.com/appmodules/screenflow/2011/06/avosHostEnvironment.xsd"
                              isByCopy="true"
                              name="SFOData_ThemeNavigationConfig">
                  <description>Complex type that contains password validation result, password salt and password hash.</description>
                  <detail>
                     <field name="hoverTextColor" type="reference">
                        <options>
                           <option name="referenceTo">SFOData_ThemeColor</option>
                           <option name="relationshipName">Child</option>
                        </options>
                     </field>
                     <field name="activeTextColor" type="reference">
                        <options>
                           <option name="referenceTo">SFOData_ThemeColor</option>
                           <option name="relationshipName">Child</option>
                        </options>
                     </field>
                     <field name="textColor" type="reference">
                        <options>
                           <option name="referenceTo">SFOData_ThemeColor</option>
                           <option name="relationshipName">Child</option>
                        </options>
                     </field>
                     <field name="allowCondensedView" type="boolean"/>
                  </detail>
               </processObject>
               <processObject xmlns="http://schemas.active-endpoints.com/appmodules/screenflow/2011/06/avosHostEnvironment.xsd"
                              isByCopy="true"
                              name="SFOData_ThemeLandingPage">
                  <description>Complex type that contains password validation result, password salt and password hash.</description>
                  <detail>
                     <field name="themeId" type="string"/>
                  </detail>
               </processObject>
               <processObject xmlns="http://schemas.active-endpoints.com/appmodules/screenflow/2011/06/avosHostEnvironment.xsd"
                              isByCopy="true"
                              name="SFOData_ThemePlacematConfig">
                  <description>Complex type that contains password validation result, password salt and password hash.</description>
                  <detail>
                     <field name="borderColor" type="reference">
                        <options>
                           <option name="referenceTo">SFOData_ThemeColor</option>
                           <option name="relationshipName">Child</option>
                        </options>
                     </field>
                     <field name="bgColor" type="reference">
                        <options>
                           <option name="referenceTo">SFOData_ThemeColor</option>
                           <option name="relationshipName">Child</option>
                        </options>
                     </field>
                     <field name="selectedTabColor" type="reference">
                        <options>
                           <option name="referenceTo">SFOData_ThemeColor</option>
                           <option name="relationshipName">Child</option>
                        </options>
                     </field>
                     <field name="useShadow" type="boolean"/>
                     <field name="opacity" type="string"/>
                     <field name="backgroundType" type="string"/>
                  </detail>
               </processObject>
               <processObject xmlns="http://schemas.active-endpoints.com/appmodules/screenflow/2011/06/avosHostEnvironment.xsd"
                              isByCopy="true"
                              name="odata_error_detail">
                  <description/>
                  <detail>
                     <field name="code" type="string"/>
                     <field name="message" type="string"/>
                     <field name="target" type="string"/>
                  </detail>
               </processObject>
               <processObject xmlns="http://schemas.active-endpoints.com/appmodules/screenflow/2011/06/avosHostEnvironment.xsd"
                              isByCopy="true"
                              name="SFOData_ThemeContentConfig">
                  <description>Complex type that contains password validation result, password salt and password hash.</description>
                  <detail>
                     <field name="iconScheme" type="string"/>
                     <field name="bgColor" type="reference">
                        <options>
                           <option name="referenceTo">SFOData_ThemeColor</option>
                           <option name="relationshipName">Child</option>
                        </options>
                     </field>
                     <field name="textColorVariant" type="reference">
                        <options>
                           <option name="referenceTo">SFOData_ThemeColor</option>
                           <option name="relationshipName">Child</option>
                        </options>
                     </field>
                     <field name="linkTextColor" type="reference">
                        <options>
                           <option name="referenceTo">SFOData_ThemeColor</option>
                           <option name="relationshipName">Child</option>
                        </options>
                     </field>
                     <field name="bgColorVariant" type="reference">
                        <options>
                           <option name="referenceTo">SFOData_ThemeColor</option>
                           <option name="relationshipName">Child</option>
                        </options>
                     </field>
                     <field name="textColor" type="reference">
                        <options>
                           <option name="referenceTo">SFOData_ThemeColor</option>
                           <option name="relationshipName">Child</option>
                        </options>
                     </field>
                  </detail>
               </processObject>
               <processObject xmlns="http://schemas.active-endpoints.com/appmodules/screenflow/2011/06/avosHostEnvironment.xsd"
                              isByCopy="true"
                              name="SFOData_ThemeHeaderBackgroundConfig">
                  <description>Complex type that contains password validation result, password salt and password hash.</description>
                  <detail>
                     <field name="imageHorizontalPosition" type="string"/>
                     <field name="imageRepeat" type="string"/>
                     <field name="imageVerticalPosition" type="string"/>
                     <field name="styleOption" type="string"/>
                     <field name="baseColor" type="reference">
                        <options>
                           <option name="referenceTo">SFOData_ThemeColor</option>
                           <option name="relationshipName">Child</option>
                        </options>
                     </field>
                     <field name="url" type="reference">
                        <options>
                           <option name="referenceTo">SFOData_ThemeURL</option>
                           <option name="relationshipName">Child</option>
                        </options>
                     </field>
                     <field name="bgOption" type="string"/>
                  </detail>
               </processObject>
               <processObject xmlns="http://schemas.active-endpoints.com/appmodules/screenflow/2011/06/avosHostEnvironment.xsd"
                              isByCopy="true"
                              name="SFOData_ThemeColor">
                  <description>Complex type that contains password validation result, password salt and password hash.</description>
                  <detail>
                     <field name="value" type="string"/>
                  </detail>
               </processObject>
               <processObject xmlns="http://schemas.active-endpoints.com/appmodules/screenflow/2011/06/avosHostEnvironment.xsd"
                              isByCopy="true"
                              name="SFOData_ThemeExternalConfig">
                  <description>Complex type that contains the portion of the theme configuration for external use-cases.</description>
                  <detail>
                     <field name="faviconUrl" type="reference">
                        <options>
                           <option name="referenceTo">SFOData_ThemeURL</option>
                           <option name="relationshipName">Child</option>
                        </options>
                     </field>
                     <field name="footerLogoOption" type="string"/>
                     <field name="faviconOption" type="string"/>
                     <field name="footerLogoUrl" type="reference">
                        <options>
                           <option name="referenceTo">SFOData_ThemeURL</option>
                           <option name="relationshipName">Child</option>
                        </options>
                     </field>
                  </detail>
               </processObject>
               <processObject xmlns="http://schemas.active-endpoints.com/appmodules/screenflow/2011/06/avosHostEnvironment.xsd"
                              isByCopy="true"
                              name="SFOData_GlobalThemeConfiguration">
                  <description/>
                  <detail>
                     <field name="containerShadowColor" type="reference">
                        <options>
                           <option name="referenceTo">SFOData_ThemeColor</option>
                           <option name="relationshipName">Child</option>
                        </options>
                     </field>
                     <field name="secondaryButton" type="reference">
                        <options>
                           <option name="referenceTo">SFOData_ThemeButtonConfig</option>
                           <option name="relationshipName">Child</option>
                        </options>
                     </field>
                     <field name="footer" type="reference">
                        <options>
                           <option name="referenceTo">SFOData_ThemeFooterConfig</option>
                           <option name="relationshipName">Child</option>
                        </options>
                     </field>
                     <field name="modulePicker" type="reference">
                        <options>
                           <option name="referenceTo">SFOData_ThemeModulePickerConfig</option>
                           <option name="relationshipName">Child</option>
                        </options>
                     </field>
                     <field name="login" type="reference">
                        <options>
                           <option name="referenceTo">SFOData_ThemeLoginConfig</option>
                           <option name="relationshipName">Child</option>
                        </options>
                     </field>
                     <field name="searchBackgroundScheme" type="string"/>
                     <field name="content" type="reference">
                        <options>
                           <option name="referenceTo">SFOData_ThemeContentConfig</option>
                           <option name="relationshipName">Child</option>
                        </options>
                     </field>
                     <field name="landingPageTile" type="reference">
                        <options>
                           <option name="referenceTo">SFOData_ThemeLandingPageTileConfig</option>
                           <option name="relationshipName">Child</option>
                        </options>
                     </field>
                     <field name="useModernStylesInLegacy" type="boolean"/>
                     <field name="highlight" type="reference">
                        <options>
                           <option name="referenceTo">SFOData_ThemeHighlightConfig</option>
                           <option name="relationshipName">Child</option>
                        </options>
                     </field>
                     <field name="navigation" type="reference">
                        <options>
                           <option name="referenceTo">SFOData_ThemeNavigationConfig</option>
                           <option name="relationshipName">Child</option>
                        </options>
                     </field>
                     <field name="accentColorBase" type="reference">
                        <options>
                           <option name="referenceTo">SFOData_ThemeColor</option>
                           <option name="relationshipName">Child</option>
                        </options>
                     </field>
                     <field name="tile" type="reference">
                        <options>
                           <option name="referenceTo">SFOData_ThemeTileConfig</option>
                           <option name="relationshipName">Child</option>
                        </options>
                     </field>
                     <field name="logo" type="reference">
                        <options>
                           <option name="referenceTo">SFOData_ThemeLogoConfig</option>
                           <option name="relationshipName">Child</option>
                        </options>
                     </field>
                     <field name="portlet" type="reference">
                        <options>
                           <option name="referenceTo">SFOData_ThemePortletConfig</option>
                           <option name="relationshipName">Child</option>
                        </options>
                     </field>
                     <field name="primaryButton" type="reference">
                        <options>
                           <option name="referenceTo">SFOData_ThemeButtonConfig</option>
                           <option name="relationshipName">Child</option>
                        </options>
                     </field>
                     <field name="table" type="reference">
                        <options>
                           <option name="referenceTo">SFOData_ThemeTableConfig</option>
                           <option name="relationshipName">Child</option>
                        </options>
                     </field>
                     <field name="landingPage" type="reference">
                        <options>
                           <option name="referenceTo">SFOData_ThemeLandingPage</option>
                           <option name="relationshipName">Child</option>
                        </options>
                     </field>
                     <field name="pageTitleColor" type="reference">
                        <options>
                           <option name="referenceTo">SFOData_ThemeColor</option>
                           <option name="relationshipName">Child</option>
                        </options>
                     </field>
                     <field name="portletCloseIconScheme" type="string"/>
                     <field name="menu" type="reference">
                        <options>
                           <option name="referenceTo">SFOData_ThemeMenuConfig</option>
                           <option name="relationshipName">Child</option>
                        </options>
                     </field>
                     <field name="diagram" type="reference">
                        <options>
                           <option name="referenceTo">SFOData_ThemeDiagramConfig</option>
                           <option name="relationshipName">Child</option>
                        </options>
                     </field>
                     <field name="external" type="reference">
                        <options>
                           <option name="referenceTo">SFOData_ThemeExternalConfig</option>
                           <option name="relationshipName">Child</option>
                        </options>
                     </field>
                     <field name="placemat" type="reference">
                        <options>
                           <option name="referenceTo">SFOData_ThemePlacematConfig</option>
                           <option name="relationshipName">Child</option>
                        </options>
                     </field>
                     <field name="background" type="reference">
                        <options>
                           <option name="referenceTo">SFOData_ThemeBackgroundConfig</option>
                           <option name="relationshipName">Child</option>
                        </options>
                     </field>
                     <field name="useContainerShadowColor" type="boolean"/>
                     <field name="headerBackground" type="reference">
                        <options>
                           <option name="referenceTo">SFOData_ThemeHeaderBackgroundConfig</option>
                           <option name="relationshipName">Child</option>
                        </options>
                     </field>
                     <field name="useDownloadableFonts" type="boolean"/>
                     <field name="useTextShadow" type="boolean"/>
                  </detail>
               </processObject>
               <processObject xmlns="http://schemas.active-endpoints.com/appmodules/screenflow/2011/06/avosHostEnvironment.xsd"
                              isByCopy="true"
                              name="SFOData_ThemePortletConfig">
                  <description>Complex type that contains password validation result, password salt and password hash.</description>
                  <detail>
                     <field name="dimmedTextColor" type="reference">
                        <options>
                           <option name="referenceTo">SFOData_ThemeColor</option>
                           <option name="relationshipName">Child</option>
                        </options>
                     </field>
                     <field name="headerBgColor" type="reference">
                        <options>
                           <option name="referenceTo">SFOData_ThemeColor</option>
                           <option name="relationshipName">Child</option>
                        </options>
                     </field>
                     <field name="headerTextColor" type="reference">
                        <options>
                           <option name="referenceTo">SFOData_ThemeColor</option>
                           <option name="relationshipName">Child</option>
                        </options>
                     </field>
                     <field name="sidebarColor" type="reference">
                        <options>
                           <option name="referenceTo">SFOData_ThemeColor</option>
                           <option name="relationshipName">Child</option>
                        </options>
                     </field>
                     <field name="bodyBackgroundColor" type="reference">
                        <options>
                           <option name="referenceTo">SFOData_ThemeColor</option>
                           <option name="relationshipName">Child</option>
                        </options>
                     </field>
                     <field name="calloutTextColor" type="reference">
                        <options>
                           <option name="referenceTo">SFOData_ThemeColor</option>
                           <option name="relationshipName">Child</option>
                        </options>
                     </field>
                     <field name="custom1TextColor" type="reference">
                        <options>
                           <option name="referenceTo">SFOData_ThemeColor</option>
                           <option name="relationshipName">Child</option>
                        </options>
                     </field>
                     <field name="alertTextColor" type="reference">
                        <options>
                           <option name="referenceTo">SFOData_ThemeColor</option>
                           <option name="relationshipName">Child</option>
                        </options>
                     </field>
                     <field name="custom2TextColor" type="reference">
                        <options>
                           <option name="referenceTo">SFOData_ThemeColor</option>
                           <option name="relationshipName">Child</option>
                        </options>
                     </field>
                     <field name="bodyLinkTextColor" type="reference">
                        <options>
                           <option name="referenceTo">SFOData_ThemeColor</option>
                           <option name="relationshipName">Child</option>
                        </options>
                     </field>
                     <field name="headerLinkTextColor" type="reference">
                        <options>
                           <option name="referenceTo">SFOData_ThemeColor</option>
                           <option name="relationshipName">Child</option>
                        </options>
                     </field>
                     <field name="sidebarLinkTextColor" type="reference">
                        <options>
                           <option name="referenceTo">SFOData_ThemeColor</option>
                           <option name="relationshipName">Child</option>
                        </options>
                     </field>
                     <field name="bodyTextColor" type="reference">
                        <options>
                           <option name="referenceTo">SFOData_ThemeColor</option>
                           <option name="relationshipName">Child</option>
                        </options>
                     </field>
                     <field name="sidebarTextColor" type="reference">
                        <options>
                           <option name="referenceTo">SFOData_ThemeColor</option>
                           <option name="relationshipName">Child</option>
                        </options>
                     </field>
                  </detail>
               </processObject>
               <processObject xmlns="http://schemas.active-endpoints.com/appmodules/screenflow/2011/06/avosHostEnvironment.xsd"
                              isByCopy="true"
                              name="odata_error">
                  <description/>
                  <detail>
                     <field name="error" type="reference">
                        <options>
                           <option name="referenceTo">odata_error_main</option>
                           <option name="relationshipName">Child</option>
                        </options>
                     </field>
                  </detail>
               </processObject>
               <processObject xmlns="http://schemas.active-endpoints.com/appmodules/screenflow/2011/06/avosHostEnvironment.xsd"
                              isByCopy="true"
                              name="SFOData_ThemeTemplate">
                  <description/>
                  <detail>
                     <field name="template" type="string"/>
                     <field name="ui5BaseThemeRootUrl" type="string"/>
                     <field name="footer" type="string"/>
                     <field name="bodyStyleClass" type="string"/>
                     <field name="header" type="string"/>
                     <field name="langDir" type="string"/>
                     <field name="styles" type="string"/>
                     <field name="id" type="string"/>
                     <field name="locale" type="string"/>
                     <field name="scripts" type="string"/>
                  </detail>
               </processObject>
               <processObject xmlns="http://schemas.active-endpoints.com/appmodules/screenflow/2011/06/avosHostEnvironment.xsd"
                              isByCopy="true"
                              name="SFOData_ThemeInfo">
                  <description/>
                  <detail>
                     <field name="ui5Theme" type="string"/>
                     <field name="urls" type="reference">
                        <options>
                           <option name="referenceTo">SFOData_ThemeUrlsBean</option>
                           <option name="relationshipName">Child</option>
                        </options>
                     </field>
                     <field name="lastModifiedDate" type="string"/>
                     <field name="id" type="string"/>
                     <field name="locale" type="string"/>
                     <field name="modules" type="string"/>
                     <field name="fingerprints" type="reference">
                        <options>
                           <option name="referenceTo">SFOData_ThemeFingerprintsBean</option>
                           <option name="relationshipName">Child</option>
                        </options>
                     </field>
                  </detail>
               </processObject>
               <processObject xmlns="http://schemas.active-endpoints.com/appmodules/screenflow/2011/06/avosHostEnvironment.xsd"
                              isByCopy="true"
                              name="SFOData_ThemeBackgroundConfig">
                  <description>Complex type that contains password validation result, password salt and password hash.</description>
                  <detail>
                     <field name="imageHorizontalPosition" type="string"/>
                     <field name="texture" type="string"/>
                     <field name="imageRepeat" type="string"/>
                     <field name="imageVerticalPosition" type="string"/>
                     <field name="lighting" type="string"/>
                     <field name="baseColor" type="reference">
                        <options>
                           <option name="referenceTo">SFOData_ThemeColor</option>
                           <option name="relationshipName">Child</option>
                        </options>
                     </field>
                     <field name="imageOption" type="string"/>
                     <field name="url" type="reference">
                        <options>
                           <option name="referenceTo">SFOData_ThemeURL</option>
                           <option name="relationshipName">Child</option>
                        </options>
                     </field>
                  </detail>
               </processObject>
               <processObject xmlns="http://schemas.active-endpoints.com/appmodules/screenflow/2011/06/avosHostEnvironment.xsd"
                              isByCopy="true"
                              name="SFOData_ThemeUrlsBean">
                  <description>Complex type that contains password validation result, password salt and password hash.</description>
                  <detail>
                     <field name="configUrl" type="string"/>
                     <field name="baseUrl" type="string"/>
                     <field name="ui5BaseThemeRootUrl" type="string"/>
                     <field name="cssUrl" type="string"/>
                  </detail>
               </processObject>
               <processObject xmlns="http://schemas.active-endpoints.com/appmodules/screenflow/2011/06/avosHostEnvironment.xsd"
                              isByCopy="true"
                              name="SFOData_ThemeFingerprintsBean">
                  <description>Complex type that contains password validation result, password salt and password hash.</description>
                  <detail>
                     <field name="css" type="string"/>
                     <field name="ui5BaseThemeRoot" type="string"/>
                     <field name="config" type="string"/>
                  </detail>
               </processObject>
               <processObject xmlns="http://schemas.active-endpoints.com/appmodules/screenflow/2011/06/avosHostEnvironment.xsd"
                              isByCopy="true"
                              name="SFOData_ThemeModulePickerConfig">
                  <description>Complex type that contains password validation result, password salt and password hash.</description>
                  <detail>
                     <field name="headerTextColor" type="reference">
                        <options>
                           <option name="referenceTo">SFOData_ThemeColor</option>
                           <option name="relationshipName">Child</option>
                        </options>
                     </field>
                     <field name="activeHeaderBgColor" type="reference">
                        <options>
                           <option name="referenceTo">SFOData_ThemeColor</option>
                           <option name="relationshipName">Child</option>
                        </options>
                     </field>
                     <field name="activeHeaderTextColor" type="reference">
                        <options>
                           <option name="referenceTo">SFOData_ThemeColor</option>
                           <option name="relationshipName">Child</option>
                        </options>
                     </field>
                     <field name="hoverHeaderBgColor" type="reference">
                        <options>
                           <option name="referenceTo">SFOData_ThemeColor</option>
                           <option name="relationshipName">Child</option>
                        </options>
                     </field>
                     <field name="hoverHeaderTextColor" type="reference">
                        <options>
                           <option name="referenceTo">SFOData_ThemeColor</option>
                           <option name="relationshipName">Child</option>
                        </options>
                     </field>
                  </detail>
               </processObject>
               <processObject xmlns="http://schemas.active-endpoints.com/appmodules/screenflow/2011/06/avosHostEnvironment.xsd"
                              isByCopy="true"
                              name="SFOData_ThemeLoginBackgroundConfig">
                  <description/>
                  <detail>
                     <field name="imageHorizontalPosition" type="string"/>
                     <field name="imageRepeat" type="string"/>
                     <field name="imageVerticalPosition" type="string"/>
                     <field name="overlayOption" type="string"/>
                     <field name="baseColor" type="reference">
                        <options>
                           <option name="referenceTo">SFOData_ThemeColor</option>
                           <option name="relationshipName">Child</option>
                        </options>
                     </field>
                     <field name="url" type="reference">
                        <options>
                           <option name="referenceTo">SFOData_ThemeURL</option>
                           <option name="relationshipName">Child</option>
                        </options>
                     </field>
                     <field name="backgroundType" type="string"/>
                     <field name="overlayOpacity" type="string"/>
                     <field name="option" type="string"/>
                  </detail>
               </processObject>
               <processObject xmlns="http://schemas.active-endpoints.com/appmodules/screenflow/2011/06/avosHostEnvironment.xsd"
                              isByCopy="true"
                              name="SFOData_ThemeButtonConfig">
                  <description>Complex type that contains password validation result, password salt and password hash.</description>
                  <detail>
                     <field name="disabledTextColor" type="reference">
                        <options>
                           <option name="referenceTo">SFOData_ThemeColor</option>
                           <option name="relationshipName">Child</option>
                        </options>
                     </field>
                     <field name="borderColor" type="reference">
                        <options>
                           <option name="referenceTo">SFOData_ThemeColor</option>
                           <option name="relationshipName">Child</option>
                        </options>
                     </field>
                     <field name="hoverTextColor" type="reference">
                        <options>
                           <option name="referenceTo">SFOData_ThemeColor</option>
                           <option name="relationshipName">Child</option>
                        </options>
                     </field>
                     <field name="bgColor" type="reference">
                        <options>
                           <option name="referenceTo">SFOData_ThemeColor</option>
                           <option name="relationshipName">Child</option>
                        </options>
                     </field>
                     <field name="hoverBgColor" type="reference">
                        <options>
                           <option name="referenceTo">SFOData_ThemeColor</option>
                           <option name="relationshipName">Child</option>
                        </options>
                     </field>
                     <field name="borderWidth" type="string"/>
                     <field name="disabledBorderColor" type="reference">
                        <options>
                           <option name="referenceTo">SFOData_ThemeColor</option>
                           <option name="relationshipName">Child</option>
                        </options>
                     </field>
                     <field name="hoverBorderColor" type="reference">
                        <options>
                           <option name="referenceTo">SFOData_ThemeColor</option>
                           <option name="relationshipName">Child</option>
                        </options>
                     </field>
                     <field name="disabledBgColor" type="reference">
                        <options>
                           <option name="referenceTo">SFOData_ThemeColor</option>
                           <option name="relationshipName">Child</option>
                        </options>
                     </field>
                     <field name="textColor" type="reference">
                        <options>
                           <option name="referenceTo">SFOData_ThemeColor</option>
                           <option name="relationshipName">Child</option>
                        </options>
                     </field>
                  </detail>
               </processObject>
               <processObject xmlns="http://schemas.active-endpoints.com/appmodules/screenflow/2011/06/avosHostEnvironment.xsd"
                              isByCopy="true"
                              name="SFOData_ThemeMenuConfig">
                  <description>Complex type that contains password validation result, password salt and password hash.</description>
                  <detail>
                     <field name="hoverTextColor" type="reference">
                        <options>
                           <option name="referenceTo">SFOData_ThemeColor</option>
                           <option name="relationshipName">Child</option>
                        </options>
                     </field>
                     <field name="bgColor" type="reference">
                        <options>
                           <option name="referenceTo">SFOData_ThemeColor</option>
                           <option name="relationshipName">Child</option>
                        </options>
                     </field>
                     <field name="activeBgColor" type="reference">
                        <options>
                           <option name="referenceTo">SFOData_ThemeColor</option>
                           <option name="relationshipName">Child</option>
                        </options>
                     </field>
                     <field name="activeTextColor" type="reference">
                        <options>
                           <option name="referenceTo">SFOData_ThemeColor</option>
                           <option name="relationshipName">Child</option>
                        </options>
                     </field>
                     <field name="hoverBgColor" type="reference">
                        <options>
                           <option name="referenceTo">SFOData_ThemeColor</option>
                           <option name="relationshipName">Child</option>
                        </options>
                     </field>
                     <field name="textColor" type="reference">
                        <options>
                           <option name="referenceTo">SFOData_ThemeColor</option>
                           <option name="relationshipName">Child</option>
                        </options>
                     </field>
                     <field name="hoverBgColorDisabled" type="reference">
                        <options>
                           <option name="referenceTo">SFOData_ThemeColor</option>
                           <option name="relationshipName">Child</option>
                        </options>
                     </field>
                     <field name="textColorDisabled" type="reference">
                        <options>
                           <option name="referenceTo">SFOData_ThemeColor</option>
                           <option name="relationshipName">Child</option>
                        </options>
                     </field>
                  </detail>
               </processObject>
               <processObject xmlns="http://schemas.active-endpoints.com/appmodules/screenflow/2011/06/avosHostEnvironment.xsd"
                              isByCopy="true"
                              name="SFOData_ThemeLoginConfig">
                  <description/>
                  <detail>
                     <field name="primaryButtonOption" type="string"/>
                     <field name="background" type="reference">
                        <options>
                           <option name="referenceTo">SFOData_ThemeLoginBackgroundConfig</option>
                           <option name="relationshipName">Child</option>
                        </options>
                     </field>
                     <field name="autofillBgColor" type="reference">
                        <options>
                           <option name="referenceTo">SFOData_ThemeColor</option>
                           <option name="relationshipName">Child</option>
                        </options>
                     </field>
                     <field name="logo" type="reference">
                        <options>
                           <option name="referenceTo">SFOData_ThemeLoginLogoConfig</option>
                           <option name="relationshipName">Child</option>
                        </options>
                     </field>
                     <field name="primaryButton" type="reference">
                        <options>
                           <option name="referenceTo">SFOData_ThemeButtonConfig</option>
                           <option name="relationshipName">Child</option>
                        </options>
                     </field>
                     <field name="footerScheme" type="string"/>
                  </detail>
               </processObject>
               <processObject xmlns="http://schemas.active-endpoints.com/appmodules/screenflow/2011/06/avosHostEnvironment.xsd"
                              isByCopy="true"
                              name="SFOData_ThemeConfig">
                  <description/>
                  <detail>
                     <field name="themeConfiguration" type="reference">
                        <options>
                           <option name="referenceTo">SFOData_GlobalThemeConfiguration</option>
                           <option name="relationshipName">Child</option>
                        </options>
                     </field>
                     <field name="id" type="string"/>
                  </detail>
               </processObject>
               <processObject xmlns="http://schemas.active-endpoints.com/appmodules/screenflow/2011/06/avosHostEnvironment.xsd"
                              isByCopy="true"
                              name="SFOData_ThemeDiagramConfig">
                  <description>Complex type that contains password validation result, password salt and password hash.</description>
                  <detail>
                     <field name="backgroundColor" type="reference">
                        <options>
                           <option name="referenceTo">SFOData_ThemeColor</option>
                           <option name="relationshipName">Child</option>
                        </options>
                     </field>
                     <field name="primaryColor" type="reference">
                        <options>
                           <option name="referenceTo">SFOData_ThemeColor</option>
                           <option name="relationshipName">Child</option>
                        </options>
                     </field>
                     <field name="lineColor" type="reference">
                        <options>
                           <option name="referenceTo">SFOData_ThemeColor</option>
                           <option name="relationshipName">Child</option>
                        </options>
                     </field>
                     <field name="neutralThresholdColor" type="reference">
                        <options>
                           <option name="referenceTo">SFOData_ThemeColor</option>
                           <option name="relationshipName">Child</option>
                        </options>
                     </field>
                     <field name="paletteColor9" type="reference">
                        <options>
                           <option name="referenceTo">SFOData_ThemeColor</option>
                           <option name="relationshipName">Child</option>
                        </options>
                     </field>
                     <field name="paletteColor8" type="reference">
                        <options>
                           <option name="referenceTo">SFOData_ThemeColor</option>
                           <option name="relationshipName">Child</option>
                        </options>
                     </field>
                     <field name="paletteColor10" type="reference">
                        <options>
                           <option name="referenceTo">SFOData_ThemeColor</option>
                           <option name="relationshipName">Child</option>
                        </options>
                     </field>
                     <field name="textColor" type="reference">
                        <options>
                           <option name="referenceTo">SFOData_ThemeColor</option>
                           <option name="relationshipName">Child</option>
                        </options>
                     </field>
                     <field name="negativeThresholdColor" type="reference">
                        <options>
                           <option name="referenceTo">SFOData_ThemeColor</option>
                           <option name="relationshipName">Child</option>
                        </options>
                     </field>
                     <field name="paletteColor3" type="reference">
                        <options>
                           <option name="referenceTo">SFOData_ThemeColor</option>
                           <option name="relationshipName">Child</option>
                        </options>
                     </field>
                     <field name="paletteColor2" type="reference">
                        <options>
                           <option name="referenceTo">SFOData_ThemeColor</option>
                           <option name="relationshipName">Child</option>
                        </options>
                     </field>
                     <field name="paletteColor7" type="reference">
                        <options>
                           <option name="referenceTo">SFOData_ThemeColor</option>
                           <option name="relationshipName">Child</option>
                        </options>
                     </field>
                     <field name="titleColor" type="reference">
                        <options>
                           <option name="referenceTo">SFOData_ThemeColor</option>
                           <option name="relationshipName">Child</option>
                        </options>
                     </field>
                     <field name="paletteColor6" type="reference">
                        <options>
                           <option name="referenceTo">SFOData_ThemeColor</option>
                           <option name="relationshipName">Child</option>
                        </options>
                     </field>
                     <field name="paletteColor5" type="reference">
                        <options>
                           <option name="referenceTo">SFOData_ThemeColor</option>
                           <option name="relationshipName">Child</option>
                        </options>
                     </field>
                     <field name="paletteColor4" type="reference">
                        <options>
                           <option name="referenceTo">SFOData_ThemeColor</option>
                           <option name="relationshipName">Child</option>
                        </options>
                     </field>
                     <field name="positiveThresholdColor" type="reference">
                        <options>
                           <option name="referenceTo">SFOData_ThemeColor</option>
                           <option name="relationshipName">Child</option>
                        </options>
                     </field>
                  </detail>
               </processObject>
               <processObject xmlns="http://schemas.active-endpoints.com/appmodules/screenflow/2011/06/avosHostEnvironment.xsd"
                              isByCopy="true"
                              name="SFOData_ThemeLandingPageTileConfig">
                  <description/>
                  <detail>
                     <field name="headerTextColor" type="reference">
                        <options>
                           <option name="referenceTo">SFOData_ThemeColor</option>
                           <option name="relationshipName">Child</option>
                        </options>
                     </field>
                     <field name="borderColor" type="reference">
                        <options>
                           <option name="referenceTo">SFOData_ThemeColor</option>
                           <option name="relationshipName">Child</option>
                        </options>
                     </field>
                     <field name="bgColor" type="reference">
                        <options>
                           <option name="referenceTo">SFOData_ThemeColor</option>
                           <option name="relationshipName">Child</option>
                        </options>
                     </field>
                     <field name="alertTextColor" type="reference">
                        <options>
                           <option name="referenceTo">SFOData_ThemeColor</option>
                           <option name="relationshipName">Child</option>
                        </options>
                     </field>
                     <field name="iconColor" type="reference">
                        <options>
                           <option name="referenceTo">SFOData_ThemeColor</option>
                           <option name="relationshipName">Child</option>
                        </options>
                     </field>
                     <field name="neutralTextColor" type="reference">
                        <options>
                           <option name="referenceTo">SFOData_ThemeColor</option>
                           <option name="relationshipName">Child</option>
                        </options>
                     </field>
                     <field name="bodyTextColor" type="reference">
                        <options>
                           <option name="referenceTo">SFOData_ThemeColor</option>
                           <option name="relationshipName">Child</option>
                        </options>
                     </field>
                  </detail>
               </processObject>
               <processObject xmlns="http://schemas.active-endpoints.com/appmodules/screenflow/2011/06/avosHostEnvironment.xsd"
                              isByCopy="true"
                              name="SFOData_ThemeTableConfig">
                  <description>Complex type that contains password validation result, password salt and password hash.</description>
                  <detail>
                     <field name="headerBgColor" type="reference">
                        <options>
                           <option name="referenceTo">SFOData_ThemeColor</option>
                           <option name="relationshipName">Child</option>
                        </options>
                     </field>
                     <field name="headerTextColor" type="reference">
                        <options>
                           <option name="referenceTo">SFOData_ThemeColor</option>
                           <option name="relationshipName">Child</option>
                        </options>
                     </field>
                     <field name="hoverRowBgColor" type="reference">
                        <options>
                           <option name="referenceTo">SFOData_ThemeColor</option>
                           <option name="relationshipName">Child</option>
                        </options>
                     </field>
                     <field name="altRowBgColor" type="reference">
                        <options>
                           <option name="referenceTo">SFOData_ThemeColor</option>
                           <option name="relationshipName">Child</option>
                        </options>
                     </field>
                     <field name="selectedSortedRowBgColor" type="reference">
                        <options>
                           <option name="referenceTo">SFOData_ThemeColor</option>
                           <option name="relationshipName">Child</option>
                        </options>
                     </field>
                     <field name="selectedRowBgColor" type="reference">
                        <options>
                           <option name="referenceTo">SFOData_ThemeColor</option>
                           <option name="relationshipName">Child</option>
                        </options>
                     </field>
                     <field name="sortCellBgColor" type="reference">
                        <options>
                           <option name="referenceTo">SFOData_ThemeColor</option>
                           <option name="relationshipName">Child</option>
                        </options>
                     </field>
                     <field name="linkColor" type="reference">
                        <options>
                           <option name="referenceTo">SFOData_ThemeColor</option>
                           <option name="relationshipName">Child</option>
                        </options>
                     </field>
                     <field name="rowBgColor" type="reference">
                        <options>
                           <option name="referenceTo">SFOData_ThemeColor</option>
                           <option name="relationshipName">Child</option>
                        </options>
                     </field>
                     <field name="textColor" type="reference">
                        <options>
                           <option name="referenceTo">SFOData_ThemeColor</option>
                           <option name="relationshipName">Child</option>
                        </options>
                     </field>
                     <field name="disabledRowCellBgColor" type="reference">
                        <options>
                           <option name="referenceTo">SFOData_ThemeColor</option>
                           <option name="relationshipName">Child</option>
                        </options>
                     </field>
                  </detail>
               </processObject>
               <processObject xmlns="http://schemas.active-endpoints.com/appmodules/screenflow/2011/06/avosHostEnvironment.xsd"
                              isByCopy="true"
                              name="SFOData_ThemeFooterConfig">
                  <description>Complex type that contains password validation result, password salt and password hash.</description>
                  <detail>
                     <field name="logoScheme" type="string"/>
                     <field name="textColor" type="reference">
                        <options>
                           <option name="referenceTo">SFOData_ThemeColor</option>
                           <option name="relationshipName">Child</option>
                        </options>
                     </field>
                  </detail>
               </processObject>
               <processObject xmlns="http://schemas.active-endpoints.com/appmodules/screenflow/2011/06/avosHostEnvironment.xsd"
                              isByCopy="true"
                              name="string">
                  <description/>
                  <detail>
                     <field name="string" type="string"/>
                  </detail>
               </processObject>
               <processObject xmlns="http://schemas.active-endpoints.com/appmodules/screenflow/2011/06/avosHostEnvironment.xsd"
                              isByCopy="true"
                              name="boolean">
                  <description/>
                  <detail>
                     <field name="boolean" type="boolean"/>
                  </detail>
               </processObject>
               <processObject xmlns="http://schemas.active-endpoints.com/appmodules/screenflow/2011/06/avosHostEnvironment.xsd"
                              isByCopy="true"
                              name="double">
                  <description/>
                  <detail>
                     <field name="double" type="double"/>
                  </detail>
               </processObject>
               <processObject xmlns="http://schemas.active-endpoints.com/appmodules/screenflow/2011/06/avosHostEnvironment.xsd"
                              isByCopy="true"
                              name="integer">
                  <description/>
                  <detail>
                     <field name="integer" type="int"/>
                  </detail>
               </processObject>
               <processObject xmlns="http://schemas.active-endpoints.com/appmodules/screenflow/2011/06/avosHostEnvironment.xsd"
                              isByCopy="true"
                              name="error">
                  <description>Error</description>
                  <detail/>
               </processObject>
            </objects>
         </businessConnector>
      </types1:Entry>
      <types1:GUID>1Pi35XmxJmDg0FWFm0CUGN</types1:GUID>
      <types1:DisplayName>SAP SuccessFactors Foundation-Platform User Interface Themes OData API v1</types1:DisplayName>
   </types1:Item>
   <types1:CurrentServerDateTime>2019-12-21T13:45:29.719Z</types1:CurrentServerDateTime>
</aetgt:getResponse>
