<aetgt:getResponse xmlns:aetgt="http://schemas.active-endpoints.com/appmodules/repository/2010/10/avrepository.xsd"
                   xmlns:types1="http://schemas.active-endpoints.com/appmodules/repository/2010/10/avrepository.xsd">
   <types1:Item>
      <types1:EntryId>Cf5GkeHy2uI5CUP-gt-9233270-2019-12-27T05:33:38.459Z::svc.xml</types1:EntryId>
      <types1:Name>Okta_Users_REST_API_v1</types1:Name>
      <types1:MimeType>application/xml+businesssconnector</types1:MimeType>
      <types1:Description>The [Okta User API](/docs/api/rest/users.html) provides operations to manage users in your organization.</types1:Description>
      <types1:AppliesTo/>
      <types1:Tags/>
      <types1:VersionLabel>1.0</types1:VersionLabel>
      <types1:State>CURRENT</types1:State>
      <types1:ProcessGroup/>
      <types1:CreatedBy>sorabh@na1.dm-us.org</types1:CreatedBy>
      <types1:CreationDate>2019-12-27T05:33:38Z</types1:CreationDate>
      <types1:ModifiedBy/>
      <types1:PublicationStatus>published</types1:PublicationStatus>
      <types1:PublishedBy>sorabh@na1.dm-us.org</types1:PublishedBy>
      <types1:PublicationDate>2019-12-27T05:33:45Z</types1:PublicationDate>
      <types1:PublishedContributionId>project:/rt.connector/Okta_Users_REST_API_v1/Okta_Users_REST_API_v1_svcDef.xml</types1:PublishedContributionId>
      <types1:AutosaveExists>false</types1:AutosaveExists>
      <types1:Entry>
         <businessConnector xmlns="http://schemas.informatica.com/socrates/data-services/2014/05/business-connector-model.xsd"
                            agentOnly="false"
                            debug="false"
                            displayName="Okta Users REST API v1"
                            label=""
                            name="Okta_Users_REST_API_v1"
                            uuid="46b85378-9e8c-46f8-b21d-15e9d47bd86c">
            <description>The [Okta User API](/docs/api/rest/users.html) provides operations to manage users in your organization.</description>
            <tags/>
            <connectionAttributes xmlns="http://schemas.informatica.com/appmodules/screenflow/2014/04/avosConnectors.xsd">
               <connectionAttribute description="Host Name"
                                    masked="false"
                                    name="hostName"
                                    required="true"
                                    testWith="example.com"
                                    type="string"/>
            </connectionAttributes>
            <actions>
               <action category="Lifecycle Operations"
                       failOnError="true"
                       forSearch="false"
                       label="ActivateUser"
                       maxRedirects="100"
                       name="ActivateUser"
                       preemptiveAuth="true"
                       responseEncoding="">
                  <description>Activate User. TODO: Add Description</description>
                  <input>
                     <parameter label="sendEmail"
                                name="sendEmail"
                                required="true"
                                testWith=""
                                type="boolean"/>
                     <parameter label="Content-Type"
                                name="Content-Type"
                                nogen="true"
                                required="true"
                                testWith=""
                                type="string"/>
                     <parameter label="Accept"
                                name="Accept"
                                nogen="true"
                                required="true"
                                testWith=""
                                type="string"/>
                     <parameter label="Authorization"
                                name="Authorization"
                                nogen="true"
                                required="true"
                                testWith=""
                                type="string"/>
                     <parameter label="userIdPathParam"
                                name="userIdPathParam"
                                nogen="true"
                                required="true"
                                testWith=""
                                type="string"/>
                  </input>
                  <binding>
                     <restSimpleBinding multiUsing="semicolonSeparated"
                                        url="http://{$hostName}/api/v1/users/{$userIdPathParam}/lifecycle/activate"
                                        verb="POST">
                        <httpHeaders>
                           <header name="Content-Type">{$Content-Type}</header>
                           <header name="Accept">{$Accept}</header>
                           <header name="Authorization">{$Authorization}</header>
                        </httpHeaders>
                        <body generateUsing="UnwrappedJSON" preserveJsonStringFormatting="false"/>
                     </restSimpleBinding>
                  </binding>
                  <output/>
               </action>
               <action category="Lifecycle Operations"
                       failOnError="true"
                       forSearch="false"
                       label="UnsuspendUser"
                       maxRedirects="100"
                       name="UnsuspendUser"
                       preemptiveAuth="true"
                       responseEncoding="">
                  <description>Unsuspend User. TODO: Add Description</description>
                  <input>
                     <parameter label="Content-Type"
                                name="Content-Type"
                                nogen="true"
                                required="true"
                                testWith=""
                                type="string"/>
                     <parameter label="Accept"
                                name="Accept"
                                nogen="true"
                                required="true"
                                testWith=""
                                type="string"/>
                     <parameter label="Authorization"
                                name="Authorization"
                                nogen="true"
                                required="true"
                                testWith=""
                                type="string"/>
                     <parameter label="userIdPathParam"
                                name="userIdPathParam"
                                nogen="true"
                                required="true"
                                testWith=""
                                type="string"/>
                  </input>
                  <binding>
                     <restSimpleBinding multiUsing="semicolonSeparated"
                                        url="http://{$hostName}/api/v1/users/{$userIdPathParam}/lifecycle/unsuspend"
                                        verb="POST">
                        <httpHeaders>
                           <header name="Content-Type">{$Content-Type}</header>
                           <header name="Accept">{$Accept}</header>
                           <header name="Authorization">{$Authorization}</header>
                        </httpHeaders>
                        <body generateUsing="UnwrappedJSON" preserveJsonStringFormatting="false"/>
                     </restSimpleBinding>
                  </binding>
                  <output/>
               </action>
               <action category="List Users"
                       failOnError="true"
                       forSearch="false"
                       label="ListUsers"
                       maxRedirects="100"
                       name="ListUsers"
                       preemptiveAuth="true"
                       responseEncoding="">
                  <description>List Users. TODO: Add Description</description>
                  <input>
                     <parameter label="limit"
                                name="limit"
                                required="true"
                                testWith=""
                                type="int"/>
                     <parameter label="Accept"
                                name="Accept"
                                nogen="true"
                                required="true"
                                testWith=""
                                type="string"/>
                     <parameter label="Content-Type"
                                name="Content-Type"
                                nogen="true"
                                required="true"
                                testWith=""
                                type="string"/>
                     <parameter label="Authorization"
                                name="Authorization"
                                nogen="true"
                                required="true"
                                testWith=""
                                type="string"/>
                  </input>
                  <binding>
                     <restSimpleBinding multiUsing="semicolonSeparated"
                                        url="http://{$hostName}/api/v1/users"
                                        verb="GET">
                        <httpHeaders>
                           <header name="Accept">{$Accept}</header>
                           <header name="Content-Type">{$Content-Type}</header>
                           <header name="Authorization">{$Authorization}</header>
                        </httpHeaders>
                     </restSimpleBinding>
                  </binding>
                  <output/>
               </action>
               <action category="Credential Operations"
                       failOnError="true"
                       forSearch="false"
                       label="ForgotPassword ValidateSecurityAnswer"
                       maxRedirects="100"
                       name="ForgotPassword ValidateSecurityAnswer"
                       preemptiveAuth="true"
                       responseEncoding="">
                  <description>Forgot Password (Validate Security Answer). TODO: Add Description</description>
                  <input>
                     <parameter label="sendEmail"
                                name="sendEmail"
                                required="true"
                                testWith=""
                                type="boolean"/>
                     <parameter label="Accept"
                                name="Accept"
                                nogen="true"
                                required="true"
                                testWith=""
                                type="string"/>
                     <parameter label="Content-Type"
                                name="Content-Type"
                                nogen="true"
                                required="true"
                                testWith=""
                                type="string"/>
                     <parameter label="Authorization"
                                name="Authorization"
                                nogen="true"
                                required="true"
                                testWith=""
                                type="string"/>
                     <parameter label="Body"
                                name="Body"
                                required="true"
                                testWith=""
                                type="reference">
                        <options>
                           <option name="referenceTo">ForgotPassword_28ValidateSecurityAnswer_29Request</option>
                        </options>
                     </parameter>
                     <parameter label="userIdPathParam"
                                name="userIdPathParam"
                                nogen="true"
                                required="true"
                                testWith=""
                                type="string"/>
                  </input>
                  <binding>
                     <restSimpleBinding multiUsing="semicolonSeparated"
                                        url="http://{$hostName}/api/v1/users/{$userIdPathParam}/credentials/forgot_password"
                                        verb="POST">
                        <httpHeaders>
                           <header name="Accept">{$Accept}</header>
                           <header name="Content-Type">{$Content-Type}</header>
                           <header name="Authorization">{$Authorization}</header>
                        </httpHeaders>
                        <body generateUsing="UnwrappedJSON" preserveJsonStringFormatting="false"/>
                     </restSimpleBinding>
                  </binding>
                  <output/>
               </action>
               <action category="Lifecycle Operations"
                       failOnError="true"
                       forSearch="false"
                       label="ExpirePassword"
                       maxRedirects="100"
                       name="ExpirePassword"
                       preemptiveAuth="true"
                       responseEncoding="">
                  <description>Expire Password. TODO: Add Description</description>
                  <input>
                     <parameter label="Content-Type"
                                name="Content-Type"
                                nogen="true"
                                required="true"
                                testWith=""
                                type="string"/>
                     <parameter label="Accept"
                                name="Accept"
                                nogen="true"
                                required="true"
                                testWith=""
                                type="string"/>
                     <parameter label="Authorization"
                                name="Authorization"
                                nogen="true"
                                required="true"
                                testWith=""
                                type="string"/>
                     <parameter label="userIdPathParam"
                                name="userIdPathParam"
                                nogen="true"
                                required="true"
                                testWith=""
                                type="string"/>
                  </input>
                  <binding>
                     <restSimpleBinding multiUsing="semicolonSeparated"
                                        url="http://{$hostName}/api/v1/users/{$userIdPathParam}/lifecycle/expire_password"
                                        verb="POST">
                        <httpHeaders>
                           <header name="Content-Type">{$Content-Type}</header>
                           <header name="Accept">{$Accept}</header>
                           <header name="Authorization">{$Authorization}</header>
                        </httpHeaders>
                        <body generateUsing="UnwrappedJSON" preserveJsonStringFormatting="false"/>
                     </restSimpleBinding>
                  </binding>
                  <output/>
               </action>
               <action category="Misc"
                       failOnError="true"
                       forSearch="false"
                       label="ResetFactors"
                       maxRedirects="100"
                       name="ResetFactors"
                       preemptiveAuth="true"
                       responseEncoding="">
                  <description>Reset Factors. TODO: Add Description</description>
                  <input>
                     <parameter label="Accept"
                                name="Accept"
                                nogen="true"
                                required="true"
                                testWith=""
                                type="string"/>
                     <parameter label="Content-Type"
                                name="Content-Type"
                                nogen="true"
                                required="true"
                                testWith=""
                                type="string"/>
                     <parameter label="Authorization"
                                name="Authorization"
                                nogen="true"
                                required="true"
                                testWith=""
                                type="string"/>
                     <parameter label="userIdPathParam"
                                name="userIdPathParam"
                                nogen="true"
                                required="true"
                                testWith=""
                                type="string"/>
                  </input>
                  <binding>
                     <restSimpleBinding multiUsing="semicolonSeparated"
                                        url="http://{$hostName}/api/v1/users/{$userIdPathParam}/lifecycle/reset_factors"
                                        verb="POST">
                        <httpHeaders>
                           <header name="Accept">{$Accept}</header>
                           <header name="Content-Type">{$Content-Type}</header>
                           <header name="Authorization">{$Authorization}</header>
                        </httpHeaders>
                        <body generateUsing="UnwrappedJSON" preserveJsonStringFormatting="false"/>
                     </restSimpleBinding>
                  </binding>
                  <output/>
               </action>
               <action category="Lifecycle Operations"
                       failOnError="true"
                       forSearch="false"
                       label="DeactivateUser"
                       maxRedirects="100"
                       name="DeactivateUser"
                       preemptiveAuth="true"
                       responseEncoding="">
                  <description>Deactivate User. TODO: Add Description</description>
                  <input>
                     <parameter label="Content-Type"
                                name="Content-Type"
                                nogen="true"
                                required="true"
                                testWith=""
                                type="string"/>
                     <parameter label="Accept"
                                name="Accept"
                                nogen="true"
                                required="true"
                                testWith=""
                                type="string"/>
                     <parameter label="Authorization"
                                name="Authorization"
                                nogen="true"
                                required="true"
                                testWith=""
                                type="string"/>
                     <parameter label="userIdPathParam"
                                name="userIdPathParam"
                                nogen="true"
                                required="true"
                                testWith=""
                                type="string"/>
                  </input>
                  <binding>
                     <restSimpleBinding multiUsing="semicolonSeparated"
                                        url="http://{$hostName}/api/v1/users/{$userIdPathParam}/lifecycle/deactivate"
                                        verb="POST">
                        <httpHeaders>
                           <header name="Content-Type">{$Content-Type}</header>
                           <header name="Accept">{$Accept}</header>
                           <header name="Authorization">{$Authorization}</header>
                        </httpHeaders>
                        <body generateUsing="UnwrappedJSON" preserveJsonStringFormatting="false"/>
                     </restSimpleBinding>
                  </binding>
                  <output/>
               </action>
               <action category="Credential Operations"
                       failOnError="true"
                       forSearch="false"
                       label="ChangePassword"
                       maxRedirects="100"
                       name="ChangePassword"
                       preemptiveAuth="true"
                       responseEncoding="">
                  <description>Change Password. TODO: Add Description</description>
                  <input>
                     <parameter label="Accept"
                                name="Accept"
                                nogen="true"
                                required="true"
                                testWith=""
                                type="string"/>
                     <parameter label="Content-Type"
                                name="Content-Type"
                                nogen="true"
                                required="true"
                                testWith=""
                                type="string"/>
                     <parameter label="Authorization"
                                name="Authorization"
                                nogen="true"
                                required="true"
                                testWith=""
                                type="string"/>
                     <parameter label="Body"
                                name="Body"
                                required="true"
                                testWith=""
                                type="reference">
                        <options>
                           <option name="referenceTo">ChangePasswordRequest</option>
                        </options>
                     </parameter>
                     <parameter label="userIdPathParam"
                                name="userIdPathParam"
                                nogen="true"
                                required="true"
                                testWith=""
                                type="string"/>
                  </input>
                  <binding>
                     <restSimpleBinding multiUsing="semicolonSeparated"
                                        url="http://{$hostName}/api/v1/users/{$userIdPathParam}/credentials/change_password"
                                        verb="POST">
                        <httpHeaders>
                           <header name="Accept">{$Accept}</header>
                           <header name="Content-Type">{$Content-Type}</header>
                           <header name="Authorization">{$Authorization}</header>
                        </httpHeaders>
                        <body generateUsing="UnwrappedJSON" preserveJsonStringFormatting="false"/>
                     </restSimpleBinding>
                  </binding>
                  <output/>
               </action>
               <action category="Misc"
                       failOnError="true"
                       forSearch="false"
                       label="GetGroupsforUser"
                       maxRedirects="100"
                       name="GetGroupsforUser"
                       preemptiveAuth="true"
                       responseEncoding="">
                  <description>Get Groups for User. TODO: Add Description</description>
                  <input>
                     <parameter label="Accept"
                                name="Accept"
                                nogen="true"
                                required="true"
                                testWith=""
                                type="string"/>
                     <parameter label="Content-Type"
                                name="Content-Type"
                                nogen="true"
                                required="true"
                                testWith=""
                                type="string"/>
                     <parameter label="Authorization"
                                name="Authorization"
                                nogen="true"
                                required="true"
                                testWith=""
                                type="string"/>
                     <parameter label="userIdPathParam"
                                name="userIdPathParam"
                                nogen="true"
                                required="true"
                                testWith=""
                                type="string"/>
                  </input>
                  <binding>
                     <restSimpleBinding multiUsing="semicolonSeparated"
                                        url="http://{$hostName}/api/v1/users/{$userIdPathParam}/groups"
                                        verb="GET">
                        <httpHeaders>
                           <header name="Accept">{$Accept}</header>
                           <header name="Content-Type">{$Content-Type}</header>
                           <header name="Authorization">{$Authorization}</header>
                        </httpHeaders>
                     </restSimpleBinding>
                  </binding>
                  <output/>
               </action>
               <action category="Misc"
                       failOnError="true"
                       forSearch="false"
                       label="GetCurrentUser"
                       maxRedirects="100"
                       name="GetCurrentUser"
                       preemptiveAuth="true"
                       responseEncoding="">
                  <description>Get Current User. TODO: Add Description</description>
                  <input>
                     <parameter label="Accept"
                                name="Accept"
                                nogen="true"
                                required="true"
                                testWith=""
                                type="string"/>
                     <parameter label="Content-Type"
                                name="Content-Type"
                                nogen="true"
                                required="true"
                                testWith=""
                                type="string"/>
                     <parameter label="Authorization"
                                name="Authorization"
                                nogen="true"
                                required="true"
                                testWith=""
                                type="string"/>
                  </input>
                  <binding>
                     <restSimpleBinding multiUsing="semicolonSeparated"
                                        url="http://{$hostName}/api/v1/users/me"
                                        verb="GET">
                        <httpHeaders>
                           <header name="Accept">{$Accept}</header>
                           <header name="Content-Type">{$Content-Type}</header>
                           <header name="Authorization">{$Authorization}</header>
                        </httpHeaders>
                     </restSimpleBinding>
                  </binding>
                  <output/>
               </action>
               <action category="Credential Operations"
                       failOnError="true"
                       forSearch="false"
                       label="ChangeRecoveryQuestion"
                       maxRedirects="100"
                       name="ChangeRecoveryQuestion"
                       preemptiveAuth="true"
                       responseEncoding="">
                  <description>Change Recovery Question. TODO: Add Description</description>
                  <input>
                     <parameter label="Accept"
                                name="Accept"
                                nogen="true"
                                required="true"
                                testWith=""
                                type="string"/>
                     <parameter label="Content-Type"
                                name="Content-Type"
                                nogen="true"
                                required="true"
                                testWith=""
                                type="string"/>
                     <parameter label="Authorization"
                                name="Authorization"
                                nogen="true"
                                required="true"
                                testWith=""
                                type="string"/>
                     <parameter label="Body"
                                name="Body"
                                required="true"
                                testWith=""
                                type="reference">
                        <options>
                           <option name="referenceTo">ChangeRecoveryQuestionRequest</option>
                        </options>
                     </parameter>
                     <parameter label="userIdPathParam"
                                name="userIdPathParam"
                                nogen="true"
                                required="true"
                                testWith=""
                                type="string"/>
                  </input>
                  <binding>
                     <restSimpleBinding multiUsing="semicolonSeparated"
                                        url="http://{$hostName}/api/v1/users/{$userIdPathParam}/credentials/change_recovery_question"
                                        verb="POST">
                        <httpHeaders>
                           <header name="Accept">{$Accept}</header>
                           <header name="Content-Type">{$Content-Type}</header>
                           <header name="Authorization">{$Authorization}</header>
                        </httpHeaders>
                        <body generateUsing="UnwrappedJSON" preserveJsonStringFormatting="false"/>
                     </restSimpleBinding>
                  </binding>
                  <output/>
               </action>
               <action category="Lifecycle Operations"
                       failOnError="true"
                       forSearch="false"
                       label="ResetPassword"
                       maxRedirects="100"
                       name="ResetPassword"
                       preemptiveAuth="true"
                       responseEncoding="">
                  <description>Reset Password. TODO: Add Description</description>
                  <input>
                     <parameter label="sendEmail"
                                name="sendEmail"
                                required="true"
                                testWith=""
                                type="boolean"/>
                     <parameter label="Content-Type"
                                name="Content-Type"
                                nogen="true"
                                required="true"
                                testWith=""
                                type="string"/>
                     <parameter label="Accept"
                                name="Accept"
                                nogen="true"
                                required="true"
                                testWith=""
                                type="string"/>
                     <parameter label="Authorization"
                                name="Authorization"
                                nogen="true"
                                required="true"
                                testWith=""
                                type="string"/>
                     <parameter label="userIdPathParam"
                                name="userIdPathParam"
                                nogen="true"
                                required="true"
                                testWith=""
                                type="string"/>
                  </input>
                  <binding>
                     <restSimpleBinding multiUsing="semicolonSeparated"
                                        url="http://{$hostName}/api/v1/users/{$userIdPathParam}/lifecycle/reset_password"
                                        verb="POST">
                        <httpHeaders>
                           <header name="Content-Type">{$Content-Type}</header>
                           <header name="Accept">{$Accept}</header>
                           <header name="Authorization">{$Authorization}</header>
                        </httpHeaders>
                        <body generateUsing="UnwrappedJSON" preserveJsonStringFormatting="false"/>
                     </restSimpleBinding>
                  </binding>
                  <output/>
               </action>
               <action category="Misc"
                       failOnError="true"
                       forSearch="false"
                       label="GetUser"
                       maxRedirects="100"
                       name="GetUser"
                       preemptiveAuth="true"
                       responseEncoding="">
                  <description>Get User. TODO: Add Description</description>
                  <input>
                     <parameter label="Accept"
                                name="Accept"
                                nogen="true"
                                required="true"
                                testWith=""
                                type="string"/>
                     <parameter label="Content-Type"
                                name="Content-Type"
                                nogen="true"
                                required="true"
                                testWith=""
                                type="string"/>
                     <parameter label="Authorization"
                                name="Authorization"
                                nogen="true"
                                required="true"
                                testWith=""
                                type="string"/>
                     <parameter label="userIdPathParam"
                                name="userIdPathParam"
                                nogen="true"
                                required="true"
                                testWith=""
                                type="string"/>
                  </input>
                  <binding>
                     <restSimpleBinding multiUsing="semicolonSeparated"
                                        url="http://{$hostName}/api/v1/users/{$userIdPathParam}"
                                        verb="GET">
                        <httpHeaders>
                           <header name="Accept">{$Accept}</header>
                           <header name="Content-Type">{$Content-Type}</header>
                           <header name="Authorization">{$Authorization}</header>
                        </httpHeaders>
                     </restSimpleBinding>
                  </binding>
                  <output/>
               </action>
               <action category="Credential Operations"
                       failOnError="true"
                       forSearch="false"
                       label="SetPassword"
                       maxRedirects="100"
                       name="SetPassword"
                       preemptiveAuth="true"
                       responseEncoding="">
                  <description>Set Password. TODO: Add Description</description>
                  <input>
                     <parameter label="Accept"
                                name="Accept"
                                nogen="true"
                                required="true"
                                testWith=""
                                type="string"/>
                     <parameter label="Content-Type"
                                name="Content-Type"
                                nogen="true"
                                required="true"
                                testWith=""
                                type="string"/>
                     <parameter label="Authorization"
                                name="Authorization"
                                nogen="true"
                                required="true"
                                testWith=""
                                type="string"/>
                     <parameter label="Body"
                                name="Body"
                                required="true"
                                testWith=""
                                type="reference">
                        <options>
                           <option name="referenceTo">SetPasswordRequest</option>
                        </options>
                     </parameter>
                     <parameter label="userIdPathParam"
                                name="userIdPathParam"
                                nogen="true"
                                required="true"
                                testWith=""
                                type="string"/>
                  </input>
                  <binding>
                     <restSimpleBinding multiUsing="semicolonSeparated"
                                        url="http://{$hostName}/api/v1/users/{$userIdPathParam}"
                                        verb="PUT">
                        <httpHeaders>
                           <header name="Accept">{$Accept}</header>
                           <header name="Content-Type">{$Content-Type}</header>
                           <header name="Authorization">{$Authorization}</header>
                        </httpHeaders>
                        <body generateUsing="UnwrappedJSON" preserveJsonStringFormatting="false"/>
                     </restSimpleBinding>
                  </binding>
                  <output/>
               </action>
               <action category="Misc"
                       failOnError="true"
                       forSearch="false"
                       label="ClearUserSessions"
                       maxRedirects="100"
                       name="ClearUserSessions"
                       preemptiveAuth="true"
                       responseEncoding="">
                  <description>Clear User Sessions. TODO: Add Description</description>
                  <input>
                     <parameter label="Accept"
                                name="Accept"
                                nogen="true"
                                required="true"
                                testWith=""
                                type="string"/>
                     <parameter label="Content-Type"
                                name="Content-Type"
                                nogen="true"
                                required="true"
                                testWith=""
                                type="string"/>
                     <parameter label="Authorization"
                                name="Authorization"
                                nogen="true"
                                required="true"
                                testWith=""
                                type="string"/>
                     <parameter label="userIdPathParam"
                                name="userIdPathParam"
                                nogen="true"
                                required="true"
                                testWith=""
                                type="string"/>
                  </input>
                  <binding>
                     <restSimpleBinding multiUsing="semicolonSeparated"
                                        url="http://{$hostName}/api/v1/users/{$userIdPathParam}/sessions"
                                        verb="DELETE">
                        <httpHeaders>
                           <header name="Accept">{$Accept}</header>
                           <header name="Content-Type">{$Content-Type}</header>
                           <header name="Authorization">{$Authorization}</header>
                        </httpHeaders>
                     </restSimpleBinding>
                  </binding>
                  <output/>
               </action>
               <action category="Lifecycle Operations"
                       failOnError="true"
                       forSearch="false"
                       label="UnlockUser"
                       maxRedirects="100"
                       name="UnlockUser"
                       preemptiveAuth="true"
                       responseEncoding="">
                  <description>Unlock User. TODO: Add Description</description>
                  <input>
                     <parameter label="Content-Type"
                                name="Content-Type"
                                nogen="true"
                                required="true"
                                testWith=""
                                type="string"/>
                     <parameter label="Accept"
                                name="Accept"
                                nogen="true"
                                required="true"
                                testWith=""
                                type="string"/>
                     <parameter label="Authorization"
                                name="Authorization"
                                nogen="true"
                                required="true"
                                testWith=""
                                type="string"/>
                     <parameter label="userIdPathParam"
                                name="userIdPathParam"
                                nogen="true"
                                required="true"
                                testWith=""
                                type="string"/>
                  </input>
                  <binding>
                     <restSimpleBinding multiUsing="semicolonSeparated"
                                        url="http://{$hostName}/api/v1/users/{$userIdPathParam}/lifecycle/unlock"
                                        verb="POST">
                        <httpHeaders>
                           <header name="Content-Type">{$Content-Type}</header>
                           <header name="Accept">{$Accept}</header>
                           <header name="Authorization">{$Authorization}</header>
                        </httpHeaders>
                        <body generateUsing="UnwrappedJSON" preserveJsonStringFormatting="false"/>
                     </restSimpleBinding>
                  </binding>
                  <output/>
               </action>
               <action category="Lifecycle Operations"
                       failOnError="true"
                       forSearch="false"
                       label="SuspendUser"
                       maxRedirects="100"
                       name="SuspendUser"
                       preemptiveAuth="true"
                       responseEncoding="">
                  <description>Suspend User. TODO: Add Description</description>
                  <input>
                     <parameter label="Content-Type"
                                name="Content-Type"
                                nogen="true"
                                required="true"
                                testWith=""
                                type="string"/>
                     <parameter label="Accept"
                                name="Accept"
                                nogen="true"
                                required="true"
                                testWith=""
                                type="string"/>
                     <parameter label="Authorization"
                                name="Authorization"
                                nogen="true"
                                required="true"
                                testWith=""
                                type="string"/>
                     <parameter label="userIdPathParam"
                                name="userIdPathParam"
                                nogen="true"
                                required="true"
                                testWith=""
                                type="string"/>
                  </input>
                  <binding>
                     <restSimpleBinding multiUsing="semicolonSeparated"
                                        url="http://{$hostName}/api/v1/users/{$userIdPathParam}/lifecycle/suspend"
                                        verb="POST">
                        <httpHeaders>
                           <header name="Content-Type">{$Content-Type}</header>
                           <header name="Accept">{$Accept}</header>
                           <header name="Authorization">{$Authorization}</header>
                        </httpHeaders>
                        <body generateUsing="UnwrappedJSON" preserveJsonStringFormatting="false"/>
                     </restSimpleBinding>
                  </binding>
                  <output/>
               </action>
               <action category="Misc"
                       failOnError="true"
                       forSearch="false"
                       label="GetAssignedAppLinks"
                       maxRedirects="100"
                       name="GetAssignedAppLinks"
                       preemptiveAuth="true"
                       responseEncoding="">
                  <description>Get Assigned App Links. TODO: Add Description</description>
                  <input>
                     <parameter label="Accept"
                                name="Accept"
                                nogen="true"
                                required="true"
                                testWith=""
                                type="string"/>
                     <parameter label="Content-Type"
                                name="Content-Type"
                                nogen="true"
                                required="true"
                                testWith=""
                                type="string"/>
                     <parameter label="Authorization"
                                name="Authorization"
                                nogen="true"
                                required="true"
                                testWith=""
                                type="string"/>
                     <parameter label="userIdPathParam"
                                name="userIdPathParam"
                                nogen="true"
                                required="true"
                                testWith=""
                                type="string"/>
                  </input>
                  <binding>
                     <restSimpleBinding multiUsing="semicolonSeparated"
                                        url="http://{$hostName}/api/v1/users/{$userIdPathParam}/appLinks"
                                        verb="GET">
                        <httpHeaders>
                           <header name="Accept">{$Accept}</header>
                           <header name="Content-Type">{$Content-Type}</header>
                           <header name="Authorization">{$Authorization}</header>
                        </httpHeaders>
                     </restSimpleBinding>
                  </binding>
                  <output/>
               </action>
            </actions>
            <objects>
               <processObject xmlns="http://schemas.active-endpoints.com/appmodules/screenflow/2011/06/avosHostEnvironment.xsd"
                              isByCopy="true"
                              name="Credentials2">
                  <description/>
                  <detail>
                     <field name="password" type="reference">
                        <options>
                           <option name="referenceTo">Password</option>
                           <option name="relationshipName">Child</option>
                        </options>
                     </field>
                  </detail>
               </processObject>
               <processObject xmlns="http://schemas.active-endpoints.com/appmodules/screenflow/2011/06/avosHostEnvironment.xsd"
                              isByCopy="true"
                              name="NewPassword">
                  <description/>
                  <detail>
                     <field name="value" type="string"/>
                  </detail>
               </processObject>
               <processObject xmlns="http://schemas.active-endpoints.com/appmodules/screenflow/2011/06/avosHostEnvironment.xsd"
                              isByCopy="true"
                              name="CreateUserwithPassword_RecoveryQuestionRequest">
                  <description/>
                  <detail>
                     <field name="credentials" type="reference">
                        <options>
                           <option name="referenceTo">Credentials</option>
                           <option name="relationshipName">Child</option>
                        </options>
                     </field>
                     <field name="profile" type="reference">
                        <options>
                           <option name="referenceTo">Profile</option>
                           <option name="relationshipName">Child</option>
                        </options>
                     </field>
                  </detail>
               </processObject>
               <processObject xmlns="http://schemas.active-endpoints.com/appmodules/screenflow/2011/06/avosHostEnvironment.xsd"
                              isByCopy="true"
                              name="RecoveryQuestion6">
                  <description/>
                  <detail>
                     <field name="answer" type="string"/>
                  </detail>
               </processObject>
               <processObject xmlns="http://schemas.active-endpoints.com/appmodules/screenflow/2011/06/avosHostEnvironment.xsd"
                              isByCopy="true"
                              name="CreateActivatedUserwithRecoveryQuestionRequest">
                  <description/>
                  <detail>
                     <field name="credentials" type="reference">
                        <options>
                           <option name="referenceTo">Credentials4</option>
                           <option name="relationshipName">Child</option>
                        </options>
                     </field>
                     <field name="profile" type="reference">
                        <options>
                           <option name="referenceTo">Profile</option>
                           <option name="relationshipName">Child</option>
                        </options>
                     </field>
                  </detail>
               </processObject>
               <processObject xmlns="http://schemas.active-endpoints.com/appmodules/screenflow/2011/06/avosHostEnvironment.xsd"
                              isByCopy="true"
                              name="SetRecoveryCredentialRequest">
                  <description/>
                  <detail>
                     <field name="credentials" type="reference">
                        <options>
                           <option name="referenceTo">Credentials4</option>
                           <option name="relationshipName">Child</option>
                        </options>
                     </field>
                  </detail>
               </processObject>
               <processObject xmlns="http://schemas.active-endpoints.com/appmodules/screenflow/2011/06/avosHostEnvironment.xsd"
                              isByCopy="true"
                              name="CreateActivatedUserwithPasswordRequest">
                  <description/>
                  <detail>
                     <field name="credentials" type="reference">
                        <options>
                           <option name="referenceTo">Credentials2</option>
                           <option name="relationshipName">Child</option>
                        </options>
                     </field>
                     <field name="profile" type="reference">
                        <options>
                           <option name="referenceTo">Profile</option>
                           <option name="relationshipName">Child</option>
                        </options>
                     </field>
                  </detail>
               </processObject>
               <processObject xmlns="http://schemas.active-endpoints.com/appmodules/screenflow/2011/06/avosHostEnvironment.xsd"
                              isByCopy="true"
                              name="CreateUserwithPasswordRequest">
                  <description/>
                  <detail>
                     <field name="credentials" type="reference">
                        <options>
                           <option name="referenceTo">Credentials2</option>
                           <option name="relationshipName">Child</option>
                        </options>
                     </field>
                     <field name="profile" type="reference">
                        <options>
                           <option name="referenceTo">Profile</option>
                           <option name="relationshipName">Child</option>
                        </options>
                     </field>
                  </detail>
               </processObject>
               <processObject xmlns="http://schemas.active-endpoints.com/appmodules/screenflow/2011/06/avosHostEnvironment.xsd"
                              isByCopy="true"
                              name="OldPassword">
                  <description/>
                  <detail>
                     <field name="value" type="string"/>
                  </detail>
               </processObject>
               <processObject xmlns="http://schemas.active-endpoints.com/appmodules/screenflow/2011/06/avosHostEnvironment.xsd"
                              isByCopy="true"
                              name="Profile">
                  <description/>
                  <detail>
                     <field name="lastName" type="string"/>
                     <field name="firstName" type="string"/>
                     <field name="login" type="string"/>
                     <field name="email" type="string"/>
                  </detail>
               </processObject>
               <processObject xmlns="http://schemas.active-endpoints.com/appmodules/screenflow/2011/06/avosHostEnvironment.xsd"
                              isByCopy="true"
                              name="Credentials4">
                  <description/>
                  <detail>
                     <field name="recovery_question" type="reference">
                        <options>
                           <option name="referenceTo">RecoveryQuestion</option>
                           <option name="relationshipName">Child</option>
                        </options>
                     </field>
                  </detail>
               </processObject>
               <processObject xmlns="http://schemas.active-endpoints.com/appmodules/screenflow/2011/06/avosHostEnvironment.xsd"
                              isByCopy="true"
                              name="ChangePasswordRequest">
                  <description/>
                  <detail>
                     <field name="oldPassword" type="reference">
                        <options>
                           <option name="referenceTo">OldPassword</option>
                           <option name="relationshipName">Child</option>
                        </options>
                     </field>
                     <field name="newPassword" type="reference">
                        <options>
                           <option name="referenceTo">NewPassword</option>
                           <option name="relationshipName">Child</option>
                        </options>
                     </field>
                  </detail>
               </processObject>
               <processObject xmlns="http://schemas.active-endpoints.com/appmodules/screenflow/2011/06/avosHostEnvironment.xsd"
                              isByCopy="true"
                              name="CreateActivatedUserwithPassword_RecoveryQuestionRequest">
                  <description/>
                  <detail>
                     <field name="credentials" type="reference">
                        <options>
                           <option name="referenceTo">Credentials</option>
                           <option name="relationshipName">Child</option>
                        </options>
                     </field>
                     <field name="profile" type="reference">
                        <options>
                           <option name="referenceTo">Profile</option>
                           <option name="relationshipName">Child</option>
                        </options>
                     </field>
                  </detail>
               </processObject>
               <processObject xmlns="http://schemas.active-endpoints.com/appmodules/screenflow/2011/06/avosHostEnvironment.xsd"
                              isByCopy="true"
                              name="CreateUserinGroupRequest">
                  <description/>
                  <detail>
                     <field name="profile" type="reference">
                        <options>
                           <option name="referenceTo">Profile</option>
                           <option name="relationshipName">Child</option>
                        </options>
                     </field>
                     <field name="groupIds" type="objectlist">
                        <options>
                           <option name="referenceTo">string</option>
                           <option name="relationshipName">Child</option>
                        </options>
                     </field>
                  </detail>
               </processObject>
               <processObject xmlns="http://schemas.active-endpoints.com/appmodules/screenflow/2011/06/avosHostEnvironment.xsd"
                              isByCopy="true"
                              name="CreateUserwithoutCredentialsRequest">
                  <description/>
                  <detail>
                     <field name="profile" type="reference">
                        <options>
                           <option name="referenceTo">Profile</option>
                           <option name="relationshipName">Child</option>
                        </options>
                     </field>
                  </detail>
               </processObject>
               <processObject xmlns="http://schemas.active-endpoints.com/appmodules/screenflow/2011/06/avosHostEnvironment.xsd"
                              isByCopy="true"
                              name="CreateActivatedUserwithoutCredentialsRequest">
                  <description/>
                  <detail>
                     <field name="profile" type="reference">
                        <options>
                           <option name="referenceTo">Profile</option>
                           <option name="relationshipName">Child</option>
                        </options>
                     </field>
                  </detail>
               </processObject>
               <processObject xmlns="http://schemas.active-endpoints.com/appmodules/screenflow/2011/06/avosHostEnvironment.xsd"
                              isByCopy="true"
                              name="SetPasswordRequest">
                  <description/>
                  <detail>
                     <field name="credentials" type="reference">
                        <options>
                           <option name="referenceTo">Credentials2</option>
                           <option name="relationshipName">Child</option>
                        </options>
                     </field>
                  </detail>
               </processObject>
               <processObject xmlns="http://schemas.active-endpoints.com/appmodules/screenflow/2011/06/avosHostEnvironment.xsd"
                              isByCopy="true"
                              name="ChangeRecoveryQuestionRequest">
                  <description/>
                  <detail>
                     <field name="password" type="reference">
                        <options>
                           <option name="referenceTo">Password</option>
                           <option name="relationshipName">Child</option>
                        </options>
                     </field>
                     <field name="recovery_question" type="reference">
                        <options>
                           <option name="referenceTo">RecoveryQuestion</option>
                           <option name="relationshipName">Child</option>
                        </options>
                     </field>
                  </detail>
               </processObject>
               <processObject xmlns="http://schemas.active-endpoints.com/appmodules/screenflow/2011/06/avosHostEnvironment.xsd"
                              isByCopy="true"
                              name="CreateUserwithRecoveryQuestionRequest">
                  <description/>
                  <detail>
                     <field name="credentials" type="reference">
                        <options>
                           <option name="referenceTo">Credentials4</option>
                           <option name="relationshipName">Child</option>
                        </options>
                     </field>
                     <field name="profile" type="reference">
                        <options>
                           <option name="referenceTo">Profile</option>
                           <option name="relationshipName">Child</option>
                        </options>
                     </field>
                  </detail>
               </processObject>
               <processObject xmlns="http://schemas.active-endpoints.com/appmodules/screenflow/2011/06/avosHostEnvironment.xsd"
                              isByCopy="true"
                              name="ForgotPassword_ValidateSecurityAnswer_Request">
                  <description/>
                  <detail>
                     <field name="password" type="reference">
                        <options>
                           <option name="referenceTo">Password</option>
                           <option name="relationshipName">Child</option>
                        </options>
                     </field>
                     <field name="recovery_question" type="reference">
                        <options>
                           <option name="referenceTo">RecoveryQuestion6</option>
                           <option name="relationshipName">Child</option>
                        </options>
                     </field>
                  </detail>
               </processObject>
               <processObject xmlns="http://schemas.active-endpoints.com/appmodules/screenflow/2011/06/avosHostEnvironment.xsd"
                              isByCopy="true"
                              name="Credentials">
                  <description/>
                  <detail>
                     <field name="password" type="reference">
                        <options>
                           <option name="referenceTo">Password</option>
                           <option name="relationshipName">Child</option>
                        </options>
                     </field>
                     <field name="recovery_question" type="reference">
                        <options>
                           <option name="referenceTo">RecoveryQuestion</option>
                           <option name="relationshipName">Child</option>
                        </options>
                     </field>
                  </detail>
               </processObject>
               <processObject xmlns="http://schemas.active-endpoints.com/appmodules/screenflow/2011/06/avosHostEnvironment.xsd"
                              isByCopy="true"
                              name="Password">
                  <description/>
                  <detail>
                     <field name="value" type="string"/>
                  </detail>
               </processObject>
               <processObject xmlns="http://schemas.active-endpoints.com/appmodules/screenflow/2011/06/avosHostEnvironment.xsd"
                              isByCopy="true"
                              name="RecoveryQuestion">
                  <description/>
                  <detail>
                     <field name="question" type="string"/>
                     <field name="answer" type="string"/>
                  </detail>
               </processObject>
               <processObject xmlns="http://schemas.active-endpoints.com/appmodules/screenflow/2011/06/avosHostEnvironment.xsd"
                              isByCopy="true"
                              name="string">
                  <description/>
                  <detail>
                     <field name="string" type="string"/>
                  </detail>
               </processObject>
               <processObject xmlns="http://schemas.active-endpoints.com/appmodules/screenflow/2011/06/avosHostEnvironment.xsd"
                              isByCopy="true"
                              name="boolean">
                  <description/>
                  <detail>
                     <field name="boolean" type="boolean"/>
                  </detail>
               </processObject>
               <processObject xmlns="http://schemas.active-endpoints.com/appmodules/screenflow/2011/06/avosHostEnvironment.xsd"
                              isByCopy="true"
                              name="double">
                  <description/>
                  <detail>
                     <field name="double" type="double"/>
                  </detail>
               </processObject>
               <processObject xmlns="http://schemas.active-endpoints.com/appmodules/screenflow/2011/06/avosHostEnvironment.xsd"
                              isByCopy="true"
                              name="integer">
                  <description/>
                  <detail>
                     <field name="integer" type="int"/>
                  </detail>
               </processObject>
            </objects>
         </businessConnector>
      </types1:Entry>
      <types1:GUID>5t7MViDPthJdpyz7GUBAmS</types1:GUID>
      <types1:DisplayName>Okta Users REST API v1</types1:DisplayName>
   </types1:Item>
   <types1:CurrentServerDateTime>2019-12-27T05:37:00.127Z</types1:CurrentServerDateTime>
</aetgt:getResponse>
