<aetgt:getResponse xmlns:aetgt="http://schemas.active-endpoints.com/appmodules/repository/2010/10/avrepository.xsd"
                   xmlns:types1="http://schemas.active-endpoints.com/appmodules/repository/2010/10/avrepository.xsd">
   <types1:Item>
      <types1:EntryId>ZhOzEkhK6LlRkPU-gt-33984-2019-02-26T06:42:39.825Z::svc.xml</types1:EntryId>
      <types1:Name>Google_Poly_API_v1</types1:Name>
      <types1:MimeType>application/xml+businesssconnector</types1:MimeType>
      <types1:Description>The Poly API provides read access to assets hosted on &lt;a href="https://poly.google.com"&gt;poly.google.com&lt;/a&gt; to all, and upload access to &lt;a href="https://poly.google.com"&gt;poly.google.com&lt;/a&gt; for whitelisted accounts.</types1:Description>
      <types1:AppliesTo/>
      <types1:Tags/>
      <types1:VersionLabel>1.0</types1:VersionLabel>
      <types1:State>CURRENT</types1:State>
      <types1:ProcessGroup/>
      <types1:CreatedBy>stage2_pod1</types1:CreatedBy>
      <types1:CreationDate>2019-02-26T06:42:40Z</types1:CreationDate>
      <types1:ModifiedBy/>
      <types1:PublicationStatus>unpublished</types1:PublicationStatus>
      <types1:AutosaveExists>false</types1:AutosaveExists>
      <types1:Entry>
         <businessConnector xmlns="http://schemas.informatica.com/socrates/data-services/2014/05/business-connector-model.xsd"
                            agentOnly="false"
                            debug="false"
                            displayName="Google Poly API v1"
                            label=""
                            name="Google_Poly_API_v1"
                            uuid="16823195-fc8e-4c2f-bb70-4fb31a098e78">
            <description>The Poly API provides read access to assets hosted on &lt;a href="https://poly.google.com"&gt;poly.google.com&lt;/a&gt; to all, and upload access to &lt;a href="https://poly.google.com"&gt;poly.google.com&lt;/a&gt; for whitelisted accounts.</description>
            <tags/>
            <connectionAttributes xmlns="http://schemas.informatica.com/appmodules/screenflow/2014/04/avosConnectors.xsd">
               <connectionAttribute description="Host Name"
                                    masked="false"
                                    name="hostName"
                                    required="true"
                                    testWith="poly.googleapis.com"
                                    type="string"/>
            </connectionAttributes>
            <actions>
               <action category="assets"
                       failOnError="true"
                       forSearch="false"
                       label="V1AssetsByNameGet"
                       maxRedirects="100"
                       name="V1AssetsByNameGet"
                       preemptiveAuth="true"
                       responseEncoding="">
                  <description>ListV1AssetsByName. Lists assets authored by the given user. Only the value 'me', representing the currently-authenticated user, is supported. May include assets with an access level of PRIVATE or UNLISTED and assets which are All Rights Reserved for the currently-authenticated user.</description>
                  <input>
                     <parameter description="V1 error format. (Acceptable values are: &#34;1&#34;, &#34;2&#34;)"
                                label="$.xgafv"
                                name="$.xgafv"
                                required="false"
                                testWith=""
                                type="string"/>
                     <parameter description="OAuth 2.0 token for the current user."
                                label="oauth_token"
                                name="oauth_token"
                                required="false"
                                testWith=""
                                type="string"/>
                     <parameter description="JSONP"
                                label="callback"
                                name="callback"
                                required="false"
                                testWith=""
                                type="string"/>
                     <parameter description="Data format for response. (Acceptable values are: &#34;json&#34;, &#34;media&#34;, &#34;proto&#34;)"
                                label="alt"
                                name="alt"
                                required="false"
                                testWith=""
                                type="string"/>
                     <parameter description="API key. Your API key identifies your project and provides you with API access, quota, and reports. Required unless you provide an OAuth 2.0 token."
                                label="key"
                                name="key"
                                required="false"
                                testWith=""
                                type="string"/>
                     <parameter description="OAuth access token."
                                label="access_token"
                                name="access_token"
                                required="false"
                                testWith=""
                                type="string"/>
                     <parameter description="Upload protocol for media (e.g. &#34;raw&#34;, &#34;multipart&#34;)."
                                label="upload_protocol"
                                name="upload_protocol"
                                required="false"
                                testWith=""
                                type="string"/>
                     <parameter description="Returns response with indentations and line breaks."
                                label="prettyPrint"
                                name="prettyPrint"
                                required="false"
                                testWith=""
                                type="boolean"/>
                     <parameter description="Available to use for quota purposes for server-side applications. Can be any arbitrary string assigned to a user, but should not exceed 40 characters."
                                label="quotaUser"
                                name="quotaUser"
                                required="false"
                                testWith=""
                                type="string"/>
                     <parameter description="Legacy upload protocol for media (e.g. &#34;media&#34;, &#34;multipart&#34;)."
                                label="uploadType"
                                name="uploadType"
                                required="false"
                                testWith=""
                                type="string"/>
                     <parameter description="Selector specifying which fields to include in a partial response."
                                label="fields"
                                name="fields"
                                required="false"
                                testWith=""
                                type="string"/>
                     <parameter description="Specifies a continuation token from a previous search whose results were&#xA;split into multiple pages. To get the next page, submit the same request&#xA;specifying the value from&#xA;next_page_token."
                                label="pageToken"
                                name="pageToken"
                                required="false"
                                testWith=""
                                type="string"/>
                     <parameter description="The maximum number of assets to be returned. This value must be between `1`&#xA;and `100`. Defaults to `20`."
                                label="pageSize"
                                name="pageSize"
                                required="false"
                                testWith=""
                                type="int"/>
                     <parameter description="The visibility of the assets to be returned.&#xA;Defaults to VISIBILITY_UNSPECIFIED which returns all assets. (Acceptable values are: &#34;VISIBILITY_UNSPECIFIED&#34;, &#34;PUBLISHED&#34;, &#34;PRIVATE&#34;)"
                                label="visibility"
                                name="visibility"
                                required="false"
                                testWith=""
                                type="string"/>
                     <parameter description="Specifies an ordering for assets. Acceptable values are:&#xA;`BEST`, `NEWEST`, `OLDEST`. Defaults to `BEST`, which ranks assets&#xA;based on a combination of popularity and other features."
                                label="orderBy"
                                name="orderBy"
                                required="false"
                                testWith=""
                                type="string"/>
                     <parameter description="Return only assets with the matching format. Acceptable values are:&#xA;`BLOCKS`, `FBX`, `GLTF`, `GLTF2`, `OBJ`, and `TILT`."
                                label="format"
                                name="format"
                                required="false"
                                testWith=""
                                type="string"/>
                  </input>
                  <binding>
                     <restSimpleBinding multiUsing="semicolonSeparated"
                                        url="https://{$hostName}/v1/{$SC__namePathParam}/assets"
                                        verb="GET">
                        <httpHeaders>
                           <header name="Content-Type">application/json</header>
                           <header name="Accept">application/json</header>
                        </httpHeaders>
                     </restSimpleBinding>
                  </binding>
                  <output>
                     <field description=""
                            entireResponse="true"
                            name="ListUserAssetsResponse"
                            type="reference">
                        <options>
                           <option name="referenceTo">ListUserAssetsResponse</option>
                        </options>
                     </field>
                  </output>
               </action>
               <action category="likedassets"
                       failOnError="true"
                       forSearch="false"
                       label="V1LikedassetsByNameGet"
                       maxRedirects="100"
                       name="V1LikedassetsByNameGet"
                       preemptiveAuth="true"
                       responseEncoding="">
                  <description>ListV1LikedassetsByName. Lists assets that the user has liked. Only the value 'me', representing the currently-authenticated user, is supported. May include assets with an access level of UNLISTED.</description>
                  <input>
                     <parameter description="V1 error format. (Acceptable values are: &#34;1&#34;, &#34;2&#34;)"
                                label="$.xgafv"
                                name="$.xgafv"
                                required="false"
                                testWith=""
                                type="string"/>
                     <parameter description="OAuth 2.0 token for the current user."
                                label="oauth_token"
                                name="oauth_token"
                                required="false"
                                testWith=""
                                type="string"/>
                     <parameter description="JSONP"
                                label="callback"
                                name="callback"
                                required="false"
                                testWith=""
                                type="string"/>
                     <parameter description="Data format for response. (Acceptable values are: &#34;json&#34;, &#34;media&#34;, &#34;proto&#34;)"
                                label="alt"
                                name="alt"
                                required="false"
                                testWith=""
                                type="string"/>
                     <parameter description="API key. Your API key identifies your project and provides you with API access, quota, and reports. Required unless you provide an OAuth 2.0 token."
                                label="key"
                                name="key"
                                required="false"
                                testWith=""
                                type="string"/>
                     <parameter description="OAuth access token."
                                label="access_token"
                                name="access_token"
                                required="false"
                                testWith=""
                                type="string"/>
                     <parameter description="Upload protocol for media (e.g. &#34;raw&#34;, &#34;multipart&#34;)."
                                label="upload_protocol"
                                name="upload_protocol"
                                required="false"
                                testWith=""
                                type="string"/>
                     <parameter description="Returns response with indentations and line breaks."
                                label="prettyPrint"
                                name="prettyPrint"
                                required="false"
                                testWith=""
                                type="boolean"/>
                     <parameter description="Available to use for quota purposes for server-side applications. Can be any arbitrary string assigned to a user, but should not exceed 40 characters."
                                label="quotaUser"
                                name="quotaUser"
                                required="false"
                                testWith=""
                                type="string"/>
                     <parameter description="Legacy upload protocol for media (e.g. &#34;media&#34;, &#34;multipart&#34;)."
                                label="uploadType"
                                name="uploadType"
                                required="false"
                                testWith=""
                                type="string"/>
                     <parameter description="Selector specifying which fields to include in a partial response."
                                label="fields"
                                name="fields"
                                required="false"
                                testWith=""
                                type="string"/>
                     <parameter description="Specifies an ordering for assets. Acceptable values are:&#xA;`BEST`, `NEWEST`, `OLDEST`, 'LIKED_TIME'. Defaults to `LIKED_TIME`, which&#xA;ranks assets based on how recently they were liked."
                                label="orderBy"
                                name="orderBy"
                                required="false"
                                testWith=""
                                type="string"/>
                     <parameter description="Specifies a continuation token from a previous search whose results were&#xA;split into multiple pages. To get the next page, submit the same request&#xA;specifying the value from&#xA;next_page_token."
                                label="pageToken"
                                name="pageToken"
                                required="false"
                                testWith=""
                                type="string"/>
                     <parameter description="The maximum number of assets to be returned. This value must be between `1`&#xA;and `100`. Defaults to `20`."
                                label="pageSize"
                                name="pageSize"
                                required="false"
                                testWith=""
                                type="int"/>
                     <parameter description="Return only assets with the matching format. Acceptable values are:&#xA;`BLOCKS`, `FBX`, `GLTF`, `GLTF2`, `OBJ`, `TILT`."
                                label="format"
                                name="format"
                                required="false"
                                testWith=""
                                type="string"/>
                  </input>
                  <binding>
                     <restSimpleBinding multiUsing="semicolonSeparated"
                                        url="https://{$hostName}/v1/{$SC__namePathParam}/likedassets"
                                        verb="GET">
                        <httpHeaders>
                           <header name="Content-Type">application/json</header>
                           <header name="Accept">application/json</header>
                        </httpHeaders>
                     </restSimpleBinding>
                  </binding>
                  <output>
                     <field description=""
                            entireResponse="true"
                            name="ListLikedAssetsResponse"
                            type="reference">
                        <options>
                           <option name="referenceTo">ListLikedAssetsResponse</option>
                        </options>
                     </field>
                  </output>
               </action>
               <action category="assets"
                       failOnError="true"
                       forSearch="false"
                       label="V1AssetsGet"
                       maxRedirects="100"
                       name="V1AssetsGet"
                       preemptiveAuth="true"
                       responseEncoding="">
                  <description>ListV1Assets. Lists all public, remixable assets. These are assets with an access level of PUBLIC and published under the CC-By license.</description>
                  <input>
                     <parameter description="V1 error format. (Acceptable values are: &#34;1&#34;, &#34;2&#34;)"
                                label="$.xgafv"
                                name="$.xgafv"
                                required="false"
                                testWith=""
                                type="string"/>
                     <parameter description="OAuth 2.0 token for the current user."
                                label="oauth_token"
                                name="oauth_token"
                                required="false"
                                testWith=""
                                type="string"/>
                     <parameter description="JSONP"
                                label="callback"
                                name="callback"
                                required="false"
                                testWith=""
                                type="string"/>
                     <parameter description="Data format for response. (Acceptable values are: &#34;json&#34;, &#34;media&#34;, &#34;proto&#34;)"
                                label="alt"
                                name="alt"
                                required="false"
                                testWith=""
                                type="string"/>
                     <parameter description="API key. Your API key identifies your project and provides you with API access, quota, and reports. Required unless you provide an OAuth 2.0 token."
                                label="key"
                                name="key"
                                required="false"
                                testWith=""
                                type="string"/>
                     <parameter description="OAuth access token."
                                label="access_token"
                                name="access_token"
                                required="false"
                                testWith=""
                                type="string"/>
                     <parameter description="Upload protocol for media (e.g. &#34;raw&#34;, &#34;multipart&#34;)."
                                label="upload_protocol"
                                name="upload_protocol"
                                required="false"
                                testWith=""
                                type="string"/>
                     <parameter description="Returns response with indentations and line breaks."
                                label="prettyPrint"
                                name="prettyPrint"
                                required="false"
                                testWith=""
                                type="boolean"/>
                     <parameter description="Available to use for quota purposes for server-side applications. Can be any arbitrary string assigned to a user, but should not exceed 40 characters."
                                label="quotaUser"
                                name="quotaUser"
                                required="false"
                                testWith=""
                                type="string"/>
                     <parameter description="Legacy upload protocol for media (e.g. &#34;media&#34;, &#34;multipart&#34;)."
                                label="uploadType"
                                name="uploadType"
                                required="false"
                                testWith=""
                                type="string"/>
                     <parameter description="Selector specifying which fields to include in a partial response."
                                label="fields"
                                name="fields"
                                required="false"
                                testWith=""
                                type="string"/>
                     <parameter description="Specifies a continuation token from a previous search whose results were&#xA;split into multiple pages. To get the next page, submit the same request&#xA;specifying the value from next_page_token."
                                label="pageToken"
                                name="pageToken"
                                required="false"
                                testWith=""
                                type="string"/>
                     <parameter description="Returns assets that are of the specified complexity or less. Defaults to&#xA;COMPLEX. For example, a request for&#xA;MEDIUM assets also includes&#xA;SIMPLE assets. (Acceptable values are: &#34;COMPLEXITY_UNSPECIFIED&#34;, &#34;COMPLEX&#34;, &#34;MEDIUM&#34;, &#34;SIMPLE&#34;)"
                                label="maxComplexity"
                                name="maxComplexity"
                                required="false"
                                testWith=""
                                type="string"/>
                     <parameter description="The maximum number of assets to be returned. This value must be between `1`&#xA;and `100`. Defaults to `20`."
                                label="pageSize"
                                name="pageSize"
                                required="false"
                                testWith=""
                                type="int"/>
                     <parameter description="One or more search terms to be matched against all text that Poly has&#xA;indexed for assets, which includes display_name,&#xA;description, and tags. Multiple keywords should be&#xA;separated by spaces."
                                label="keywords"
                                name="keywords"
                                required="false"
                                testWith=""
                                type="string"/>
                     <parameter description="Specifies an ordering for assets. Acceptable values are:&#xA;`BEST`, `NEWEST`, `OLDEST`. Defaults to `BEST`, which ranks assets&#xA;based on a combination of popularity and other features."
                                label="orderBy"
                                name="orderBy"
                                required="false"
                                testWith=""
                                type="string"/>
                     <parameter description="Return only assets with the matching format. Acceptable values are:&#xA;`BLOCKS`, `FBX`, `GLTF`, `GLTF2`, `OBJ`, `TILT`."
                                label="format"
                                name="format"
                                required="false"
                                testWith=""
                                type="string"/>
                     <parameter description="Return only assets that have been curated by the Poly team."
                                label="curated"
                                name="curated"
                                required="false"
                                testWith=""
                                type="boolean"/>
                     <parameter description="Filter assets based on the specified category. Supported values are:&#xA;`animals`, `architecture`, `art`, `food`, `nature`, `objects`, `people`, `scenes`,&#xA;`technology`, and `transport`."
                                label="category"
                                name="category"
                                required="false"
                                testWith=""
                                type="string"/>
                  </input>
                  <binding>
                     <restSimpleBinding multiUsing="semicolonSeparated"
                                        url="https://{$hostName}/v1/assets"
                                        verb="GET">
                        <httpHeaders>
                           <header name="Content-Type">application/json</header>
                           <header name="Accept">application/json</header>
                        </httpHeaders>
                     </restSimpleBinding>
                  </binding>
                  <output>
                     <field description=""
                            entireResponse="true"
                            name="ListAssetsResponse"
                            type="reference">
                        <options>
                           <option name="referenceTo">ListAssetsResponse</option>
                        </options>
                     </field>
                  </output>
               </action>
               <action category="assets"
                       failOnError="true"
                       forSearch="false"
                       label="V1ByNameGet"
                       maxRedirects="100"
                       name="V1ByNameGet"
                       preemptiveAuth="true"
                       responseEncoding="">
                  <description>GetV1ByName. Returns detailed information about an asset given its name. PRIVATE assets are returned only if the currently authenticated user (via OAuth token) is the author of the asset.</description>
                  <input>
                     <parameter description="V1 error format. (Acceptable values are: &#34;1&#34;, &#34;2&#34;)"
                                label="$.xgafv"
                                name="$.xgafv"
                                required="false"
                                testWith=""
                                type="string"/>
                     <parameter description="OAuth 2.0 token for the current user."
                                label="oauth_token"
                                name="oauth_token"
                                required="false"
                                testWith=""
                                type="string"/>
                     <parameter description="JSONP"
                                label="callback"
                                name="callback"
                                required="false"
                                testWith=""
                                type="string"/>
                     <parameter description="Data format for response. (Acceptable values are: &#34;json&#34;, &#34;media&#34;, &#34;proto&#34;)"
                                label="alt"
                                name="alt"
                                required="false"
                                testWith=""
                                type="string"/>
                     <parameter description="API key. Your API key identifies your project and provides you with API access, quota, and reports. Required unless you provide an OAuth 2.0 token."
                                label="key"
                                name="key"
                                required="false"
                                testWith=""
                                type="string"/>
                     <parameter description="OAuth access token."
                                label="access_token"
                                name="access_token"
                                required="false"
                                testWith=""
                                type="string"/>
                     <parameter description="Upload protocol for media (e.g. &#34;raw&#34;, &#34;multipart&#34;)."
                                label="upload_protocol"
                                name="upload_protocol"
                                required="false"
                                testWith=""
                                type="string"/>
                     <parameter description="Returns response with indentations and line breaks."
                                label="prettyPrint"
                                name="prettyPrint"
                                required="false"
                                testWith=""
                                type="boolean"/>
                     <parameter description="Available to use for quota purposes for server-side applications. Can be any arbitrary string assigned to a user, but should not exceed 40 characters."
                                label="quotaUser"
                                name="quotaUser"
                                required="false"
                                testWith=""
                                type="string"/>
                     <parameter description="Legacy upload protocol for media (e.g. &#34;media&#34;, &#34;multipart&#34;)."
                                label="uploadType"
                                name="uploadType"
                                required="false"
                                testWith=""
                                type="string"/>
                     <parameter description="Selector specifying which fields to include in a partial response."
                                label="fields"
                                name="fields"
                                required="false"
                                testWith=""
                                type="string"/>
                  </input>
                  <binding>
                     <restSimpleBinding multiUsing="semicolonSeparated"
                                        url="https://{$hostName}/v1/{$SC__namePathParam}"
                                        verb="GET">
                        <httpHeaders>
                           <header name="Content-Type">application/json</header>
                           <header name="Accept">application/json</header>
                        </httpHeaders>
                     </restSimpleBinding>
                  </binding>
                  <output>
                     <field description=""
                            entireResponse="true"
                            name="Asset"
                            type="reference">
                        <options>
                           <option name="referenceTo">Asset</option>
                        </options>
                     </field>
                  </output>
               </action>
            </actions>
            <objects>
               <processObject xmlns="http://schemas.active-endpoints.com/appmodules/screenflow/2011/06/avosHostEnvironment.xsd"
                              isByCopy="true"
                              name="FormatComplexity">
                  <description>Information on the complexity of this Format.</description>
                  <detail>
                     <field name="lodHint" type="int"/>
                     <field name="triangleCount" type="string"/>
                  </detail>
               </processObject>
               <processObject xmlns="http://schemas.active-endpoints.com/appmodules/screenflow/2011/06/avosHostEnvironment.xsd"
                              isByCopy="true"
                              name="Code1">
                  <description>The type of image error encountered. Optional for older image errors.</description>
                  <detail/>
               </processObject>
               <processObject xmlns="http://schemas.active-endpoints.com/appmodules/screenflow/2011/06/avosHostEnvironment.xsd"
                              isByCopy="true"
                              name="Code2">
                  <description>The code associated with this message.</description>
                  <detail/>
               </processObject>
               <processObject xmlns="http://schemas.active-endpoints.com/appmodules/screenflow/2011/06/avosHostEnvironment.xsd"
                              isByCopy="true"
                              name="UserAsset">
                  <description>Data about the user's asset.</description>
                  <detail>
                     <field name="asset" type="reference">
                        <options>
                           <option name="referenceTo">Asset</option>
                           <option name="relationshipName">Child</option>
                        </options>
                     </field>
                  </detail>
               </processObject>
               <processObject xmlns="http://schemas.active-endpoints.com/appmodules/screenflow/2011/06/avosHostEnvironment.xsd"
                              isByCopy="true"
                              name="RemixInfo">
                  <description>Info about the sources of this asset (i.e. assets that were remixed to
create this asset).</description>
                  <detail>
                     <field name="sourceAsset" type="objectlist">
                        <options>
                           <option name="referenceTo">string</option>
                           <option name="relationshipName">Child</option>
                        </options>
                     </field>
                  </detail>
               </processObject>
               <processObject xmlns="http://schemas.active-endpoints.com/appmodules/screenflow/2011/06/avosHostEnvironment.xsd"
                              isByCopy="true"
                              name="Quaternion">
                  <description>A [Quaternion](//en.wikipedia.org/wiki/Quaternion). Please note: if in the
response you see "w: 1" and nothing else this is the default value of
[0, 0, 0, 1] where x,y, and z are 0.</description>
                  <detail>
                     <field name="w" type="double"/>
                     <field name="x" type="double"/>
                     <field name="y" type="double"/>
                     <field name="z" type="double"/>
                  </detail>
               </processObject>
               <processObject xmlns="http://schemas.active-endpoints.com/appmodules/screenflow/2011/06/avosHostEnvironment.xsd"
                              isByCopy="true"
                              name="PresentationParams">
                  <description>Hints for displaying the asset, based on information available when the asset
was uploaded.</description>
                  <detail>
                     <field name="colorSpace" type="reference">
                        <options>
                           <option name="referenceTo">ColorSpace</option>
                           <option name="relationshipName">Child</option>
                        </options>
                     </field>
                     <field name="backgroundColor" type="string"/>
                     <field name="orientingRotation" type="reference">
                        <options>
                           <option name="referenceTo">Quaternion</option>
                           <option name="relationshipName">Child</option>
                        </options>
                     </field>
                  </detail>
               </processObject>
               <processObject xmlns="http://schemas.active-endpoints.com/appmodules/screenflow/2011/06/avosHostEnvironment.xsd"
                              isByCopy="true"
                              name="ListLikedAssetsResponse">
                  <description>A response message from a request to list.</description>
                  <detail>
                     <field name="assets" type="objectlist">
                        <options>
                           <option name="referenceTo">Asset</option>
                           <option name="relationshipName">Child</option>
                        </options>
                     </field>
                     <field name="totalSize" type="int"/>
                     <field name="nextPageToken" type="string"/>
                  </detail>
               </processObject>
               <processObject xmlns="http://schemas.active-endpoints.com/appmodules/screenflow/2011/06/avosHostEnvironment.xsd"
                              isByCopy="true"
                              name="ColorSpace">
                  <description>The materials' diffuse/albedo color. This does not apply to vertex colors
or texture maps.</description>
                  <detail/>
               </processObject>
               <processObject xmlns="http://schemas.active-endpoints.com/appmodules/screenflow/2011/06/avosHostEnvironment.xsd"
                              isByCopy="true"
                              name="License">
                  <description>The license under which the author has made the asset available
for use, if any.</description>
                  <detail/>
               </processObject>
               <processObject xmlns="http://schemas.active-endpoints.com/appmodules/screenflow/2011/06/avosHostEnvironment.xsd"
                              isByCopy="true"
                              name="AssetImportMessage">
                  <description>A message generated by the asset import process.</description>
                  <detail>
                     <field name="code" type="reference">
                        <options>
                           <option name="referenceTo">Code2</option>
                           <option name="relationshipName">Child</option>
                        </options>
                     </field>
                     <field name="filePath" type="string"/>
                     <field name="imageError" type="object"/>
                     <field name="objParseError" type="object"/>
                  </detail>
               </processObject>
               <processObject xmlns="http://schemas.active-endpoints.com/appmodules/screenflow/2011/06/avosHostEnvironment.xsd"
                              isByCopy="true"
                              name="StartAssetImportResponse">
                  <description>A response message from a request to startImport.
This is returned in the response field of the Operation.</description>
                  <detail>
                     <field name="assetId" type="string"/>
                     <field name="assetImportId" type="string"/>
                     <field name="publishUrl" type="string"/>
                     <field name="assetImportMessages" type="objectlist">
                        <options>
                           <option name="referenceTo">AssetImportMessage</option>
                           <option name="relationshipName">Child</option>
                        </options>
                     </field>
                  </detail>
               </processObject>
               <processObject xmlns="http://schemas.active-endpoints.com/appmodules/screenflow/2011/06/avosHostEnvironment.xsd"
                              isByCopy="true"
                              name="Code">
                  <description>The type of problem found (required).</description>
                  <detail/>
               </processObject>
               <processObject xmlns="http://schemas.active-endpoints.com/appmodules/screenflow/2011/06/avosHostEnvironment.xsd"
                              isByCopy="true"
                              name="ImageError">
                  <description>A message resulting from reading an image file.</description>
                  <detail>
                     <field name="code" type="reference">
                        <options>
                           <option name="referenceTo">Code1</option>
                           <option name="relationshipName">Child</option>
                        </options>
                     </field>
                     <field name="filePath" type="string"/>
                  </detail>
               </processObject>
               <processObject xmlns="http://schemas.active-endpoints.com/appmodules/screenflow/2011/06/avosHostEnvironment.xsd"
                              isByCopy="true"
                              name="ListUserAssetsResponse">
                  <description>A response message from a request to list.</description>
                  <detail>
                     <field name="totalSize" type="int"/>
                     <field name="nextPageToken" type="string"/>
                     <field name="userAssets" type="objectlist">
                        <options>
                           <option name="referenceTo">UserAsset</option>
                           <option name="relationshipName">Child</option>
                        </options>
                     </field>
                  </detail>
               </processObject>
               <processObject xmlns="http://schemas.active-endpoints.com/appmodules/screenflow/2011/06/avosHostEnvironment.xsd"
                              isByCopy="true"
                              name="Format">
                  <description>The same asset can be represented in different formats, for example,
a [WaveFront .obj](//en.wikipedia.org/wiki/Wavefront_.obj_file) file with its
corresponding .mtl file or a [Khronos glTF](//www.khronos.org/gltf) file
with its corresponding .glb binary data. A format refers to a specific
representation of an asset and contains all information needed to
retrieve and describe this representation.</description>
                  <detail>
                     <field name="formatComplexity" type="reference">
                        <options>
                           <option name="referenceTo">FormatComplexity</option>
                           <option name="relationshipName">Child</option>
                        </options>
                     </field>
                     <field name="root" type="reference">
                        <options>
                           <option name="referenceTo">File</option>
                           <option name="relationshipName">Child</option>
                        </options>
                     </field>
                     <field name="resources" type="objectlist">
                        <options>
                           <option name="referenceTo">File</option>
                           <option name="relationshipName">Child</option>
                        </options>
                     </field>
                     <field name="formatType" type="string"/>
                  </detail>
               </processObject>
               <processObject xmlns="http://schemas.active-endpoints.com/appmodules/screenflow/2011/06/avosHostEnvironment.xsd"
                              isByCopy="true"
                              name="Asset">
                  <description>An Asset.</description>
                  <detail>
                     <field name="presentationParams" type="object"/>
                     <field name="thumbnail" type="object"/>
                     <field name="metadata" type="string"/>
                     <field name="formats" type="object"/>
                     <field name="visibility" type="reference">
                        <options>
                           <option name="referenceTo">Visibility</option>
                           <option name="relationshipName">Child</option>
                        </options>
                     </field>
                     <field name="displayName" type="string"/>
                     <field name="description" type="string"/>
                     <field name="updateTime" type="string"/>
                     <field name="license" type="reference">
                        <options>
                           <option name="referenceTo">License</option>
                           <option name="relationshipName">Child</option>
                        </options>
                     </field>
                     <field name="createTime" type="string"/>
                     <field name="remixInfo" type="object"/>
                     <field name="authorName" type="string"/>
                     <field name="name" type="string"/>
                     <field name="isCurated" type="boolean"/>
                  </detail>
               </processObject>
               <processObject xmlns="http://schemas.active-endpoints.com/appmodules/screenflow/2011/06/avosHostEnvironment.xsd"
                              isByCopy="true"
                              name="ListAssetsResponse">
                  <description>A response message from a request to list.</description>
                  <detail>
                     <field name="assets" type="objectlist">
                        <options>
                           <option name="referenceTo">Asset</option>
                           <option name="relationshipName">Child</option>
                        </options>
                     </field>
                     <field name="totalSize" type="int"/>
                     <field name="nextPageToken" type="string"/>
                  </detail>
               </processObject>
               <processObject xmlns="http://schemas.active-endpoints.com/appmodules/screenflow/2011/06/avosHostEnvironment.xsd"
                              isByCopy="true"
                              name="Visibility">
                  <description>The visibility of the asset and who can access it.</description>
                  <detail/>
               </processObject>
               <processObject xmlns="http://schemas.active-endpoints.com/appmodules/screenflow/2011/06/avosHostEnvironment.xsd"
                              isByCopy="true"
                              name="ObjParseError">
                  <description>Details of an error resulting from parsing an OBJ file</description>
                  <detail>
                     <field name="startIndex" type="int"/>
                     <field name="code" type="reference">
                        <options>
                           <option name="referenceTo">Code</option>
                           <option name="relationshipName">Child</option>
                        </options>
                     </field>
                     <field name="line" type="string"/>
                     <field name="endIndex" type="int"/>
                     <field name="filePath" type="string"/>
                     <field name="lineNumber" type="int"/>
                  </detail>
               </processObject>
               <processObject xmlns="http://schemas.active-endpoints.com/appmodules/screenflow/2011/06/avosHostEnvironment.xsd"
                              isByCopy="true"
                              name="File">
                  <description>Represents a file in Poly, which can be a root,
resource, or thumbnail file.</description>
                  <detail>
                     <field name="relativePath" type="string"/>
                     <field name="contentType" type="string"/>
                     <field name="url" type="string"/>
                  </detail>
               </processObject>
               <processObject xmlns="http://schemas.active-endpoints.com/appmodules/screenflow/2011/06/avosHostEnvironment.xsd"
                              isByCopy="true"
                              name="string">
                  <description/>
                  <detail>
                     <field name="string" type="string"/>
                  </detail>
               </processObject>
               <processObject xmlns="http://schemas.active-endpoints.com/appmodules/screenflow/2011/06/avosHostEnvironment.xsd"
                              isByCopy="true"
                              name="boolean">
                  <description/>
                  <detail>
                     <field name="boolean" type="boolean"/>
                  </detail>
               </processObject>
               <processObject xmlns="http://schemas.active-endpoints.com/appmodules/screenflow/2011/06/avosHostEnvironment.xsd"
                              isByCopy="true"
                              name="double">
                  <description/>
                  <detail>
                     <field name="double" type="double"/>
                  </detail>
               </processObject>
               <processObject xmlns="http://schemas.active-endpoints.com/appmodules/screenflow/2011/06/avosHostEnvironment.xsd"
                              isByCopy="true"
                              name="integer">
                  <description/>
                  <detail>
                     <field name="integer" type="int"/>
                  </detail>
               </processObject>
            </objects>
         </businessConnector>
      </types1:Entry>
      <types1:GUID>fW675TCi8UUjTlL5SbLzky</types1:GUID>
      <types1:DisplayName>Google Poly API v1</types1:DisplayName>
   </types1:Item>
   <types1:CurrentServerDateTime>2019-02-26T06:42:54.252Z</types1:CurrentServerDateTime>
</aetgt:getResponse>
