<aetgt:getResponse xmlns:aetgt="http://schemas.active-endpoints.com/appmodules/repository/2010/10/avrepository.xsd"
                   xmlns:types1="http://schemas.active-endpoints.com/appmodules/repository/2010/10/avrepository.xsd">
   <types1:Item>
      <types1:EntryId>UiQLnzYLnzYLnzY-gt-3032355-2019-12-22T10:02:04.749Z::svc.xml</types1:EntryId>
      <types1:Name>SAP_Ariba_Document_Approval_REST_API_v1</types1:Name>
      <types1:MimeType>application/xml+businesssconnector</types1:MimeType>
      <types1:Description>The Document Approvals API allows you to create a client application to approve or deny requisitions and invoices generated in an SAP Ariba procurement solution. The client application can process a requisition or invoice either manually, by presenting the decision to an authorized user, or programmatically by providing the ID of a specific user authorized to approve, deny, or comment on the requisition or invoice.</types1:Description>
      <types1:AppliesTo/>
      <types1:Tags/>
      <types1:VersionLabel>1.0</types1:VersionLabel>
      <types1:State>CURRENT</types1:State>
      <types1:ProcessGroup/>
      <types1:CreatedBy>sorabh@na1.dm-us.org</types1:CreatedBy>
      <types1:CreationDate>2019-12-22T10:02:05Z</types1:CreationDate>
      <types1:ModifiedBy>sorabh@na1.dm-us.org</types1:ModifiedBy>
      <types1:ModificationDate>2019-12-22T10:02:53Z</types1:ModificationDate>
      <types1:PublicationStatus>published</types1:PublicationStatus>
      <types1:PublishedBy>sorabh@na1.dm-us.org</types1:PublishedBy>
      <types1:PublicationDate>2019-12-22T10:02:57Z</types1:PublicationDate>
      <types1:PublishedContributionId>project:/rt.connector/SAP_Ariba_Document_Approval_REST_API_v1/SAP_Ariba_Document_Approval_REST_API_v1_svcDef.xml</types1:PublishedContributionId>
      <types1:AutosaveExists>false</types1:AutosaveExists>
      <types1:Entry>
         <businessConnector xmlns="http://schemas.informatica.com/socrates/data-services/2014/05/business-connector-model.xsd"
                            agentOnly="false"
                            debug="false"
                            displayName="SAP Ariba Document Approval REST API v1"
                            label=""
                            name="SAP_Ariba_Document_Approval_REST_API_v1"
                            uuid="58e45164-b000-4d89-b256-a07747125ed6">
            <description>The Document Approvals API allows you to create a client application to approve or deny requisitions and invoices generated in an SAP Ariba procurement solution. The client application can process a requisition or invoice either manually, by presenting the decision to an authorized user, or programmatically by providing the ID of a specific user authorized to approve, deny, or comment on the requisition or invoice.</description>
            <tags/>
            <connectionAttributes xmlns="http://schemas.informatica.com/appmodules/screenflow/2014/04/avosConnectors.xsd">
               <connectionAttribute description="Host Name"
                                    masked="false"
                                    name="hostName"
                                    required="true"
                                    testWith="sandbox.api.sap.com"
                                    type="string"/>
            </connectionAttributes>
            <actions>
               <action category="Misc"
                       failOnError="true"
                       forSearch="false"
                       label="Get Approvable attachment"
                       maxRedirects="100"
                       name="Get Approvable attachment"
                       preemptiveAuth="true"
                       responseEncoding="">
                  <description>Get Approvable attachment. Download an attachment associated with the approvable document identified by approvable_id. If the document has one or more attachments, this API returns the attachment specified by the attachment_id parameter.</description>
                  <input>
                     <parameter description="Document type, requisitions or invoices &#xA;Try it out with: requisitions"
                                label="approvable_typePathParam"
                                name="approvable_typePathParam"
                                nogen="true"
                                required="true"
                                testWith=""
                                type="string"/>
                     <parameter description="Unique identifier of the approvable &#xA;Try it out with: PR2"
                                label="approvable_idPathParam"
                                name="approvable_idPathParam"
                                nogen="true"
                                required="true"
                                testWith=""
                                type="string"/>
                     <parameter description="Unique identifier of the attachment &#xA;Try it out with: 2"
                                label="attachment_idPathParam"
                                name="attachment_idPathParam"
                                nogen="true"
                                required="true"
                                testWith=""
                                type="string"/>
                     <parameter description="Unique identifier of the realm &#xA;Try it out with: mytestrealm"
                                label="realm"
                                name="realm"
                                required="true"
                                testWith=""
                                type="string"/>
                  </input>
                  <binding>
                     <restSimpleBinding multiUsing="semicolonSeparated"
                                        url="https://{$hostName}/ariba/api/approval/v1/sandbox/{$approvable_typePathParam}/{$approvable_idPathParam}/attachments/{$attachment_idPathParam}"
                                        verb="GET">
                        <httpHeaders>
                           <header name="Content-Type">application/json</header>
                           <header name="Accept">application/json</header>
                        </httpHeaders>
                     </restSimpleBinding>
                  </binding>
                  <output>
                     <field description="Successful Response"
                            entireResponse="true"
                            name="entireResponse"
                            type="object"/>
                  </output>
               </action>
               <action category="Core"
                       failOnError="true"
                       forSearch="false"
                       label="Get Document Details"
                       maxRedirects="100"
                       name="Get Document Details"
                       preemptiveAuth="true"
                       responseEncoding="">
                  <description>Get Document Details. Returns the details of an approvable document (requisition/invoice) identified by the approvable_id parameter.</description>
                  <input>
                     <parameter description="Document type, requisitions or invoices &#xA; Try it out with: requisitions "
                                label="approvable_typePathParam"
                                name="approvable_typePathParam"
                                nogen="true"
                                required="true"
                                testWith=""
                                type="string"/>
                     <parameter description="Unique identifier of the approvable &#xA; Try it out with: PR2"
                                label="approvable_idPathParam"
                                name="approvable_idPathParam"
                                nogen="true"
                                required="true"
                                testWith=""
                                type="string"/>
                     <parameter description="Unique identifier of the realm &#xA;Try it out with: mytestrealm"
                                label="realm"
                                name="realm"
                                required="true"
                                testWith=""
                                type="string"/>
                  </input>
                  <binding>
                     <restSimpleBinding multiUsing="semicolonSeparated"
                                        url="https://{$hostName}/ariba/api/approval/v1/sandbox/{$approvable_typePathParam}/{$approvable_idPathParam}"
                                        verb="GET">
                        <httpHeaders>
                           <header name="Content-Type">application/json</header>
                           <header name="Accept">application/json</header>
                        </httpHeaders>
                     </restSimpleBinding>
                  </binding>
                  <output>
                     <field description="Details of the approvable document."
                            name="RequisitionDetailsResponseList"
                            type="objectlist">
                        <options>
                           <option name="referenceTo">RequisitionDetailsResponse</option>
                        </options>
                        <xquery>{
                             (: unwrap the object list from the root wrapper :)
                             for $child in ./*
                             return
                                element {'RequisitionDetailsResponse'} { $child/* }
                             }</xquery>
                     </field>
                  </output>
               </action>
               <action category="Misc"
                       failOnError="true"
                       forSearch="false"
                       label="GroupMembers"
                       maxRedirects="100"
                       name="GroupMembers"
                       preemptiveAuth="true"
                       responseEncoding="">
                  <description>GroupMembers. Returns the list of users who are members of the group specified in group_name. This API uses the baseId to get the group details.</description>
                  <input>
                     <parameter description="Id of the group &#xA;Try it out with: WXYZ"
                                label="group_idPathParam"
                                name="group_idPathParam"
                                nogen="true"
                                required="true"
                                testWith=""
                                type="string"/>
                     <parameter description="&#xA;Try it out with: mytestrealm"
                                label="realm"
                                name="realm"
                                required="true"
                                testWith=""
                                type="string"/>
                     <parameter description="&#xA;Try it out with: mallen"
                                label="user"
                                name="user"
                                required="true"
                                testWith=""
                                type="string"/>
                     <parameter description="&#xA;Try it out with: PasswordAdapter1"
                                label="passwordadapter"
                                name="passwordadapter"
                                required="true"
                                testWith=""
                                type="string"/>
                  </input>
                  <binding>
                     <restSimpleBinding multiUsing="semicolonSeparated"
                                        url="https://{$hostName}/ariba/api/approval/v1/sandbox/groups/{$group_idPathParam}/members"
                                        verb="GET">
                        <httpHeaders>
                           <header name="Content-Type">application/json</header>
                           <header name="Accept">application/json</header>
                        </httpHeaders>
                     </restSimpleBinding>
                  </binding>
                  <output>
                     <field description="Successful Response"
                            name="GroupMembersResponseList"
                            type="objectlist">
                        <options>
                           <option name="referenceTo">GroupMembersResponse</option>
                        </options>
                        <xquery>{
                             (: unwrap the object list from the root wrapper :)
                             for $child in ./*
                             return
                                element {'GroupMembersResponse'} { $child/* }
                             }</xquery>
                     </field>
                  </output>
               </action>
               <action category="Core"
                       failOnError="true"
                       forSearch="false"
                       label="Act on Approvable"
                       maxRedirects="100"
                       name="Act on Approvable"
                       preemptiveAuth="true"
                       responseEncoding="">
                  <description>Act on Approvable. Approves, denies or withdraws the specified approvable type, or posts a comment. Possible values of action are approve, deny, and comment.</description>
                  <input>
                     <parameter description="Document type, requisitions or invoices &#xA; Try it out with: requisitions"
                                label="approvable_typePathParam"
                                name="approvable_typePathParam"
                                nogen="true"
                                required="true"
                                testWith=""
                                type="string"/>
                     <parameter description="approve/deny/withdraw &#xA; Try it out with: approve"
                                label="actionPathParam"
                                name="actionPathParam"
                                nogen="true"
                                required="true"
                                testWith=""
                                type="string"/>
                     <parameter description="Unique identifier of the realm &#xA; Try it out with: mytestrealm"
                                label="realm"
                                name="realm"
                                required="true"
                                testWith=""
                                type="string"/>
                     <parameter description="Unique identifier of the user &#xA; Try it out with: mallen"
                                label="user"
                                name="user"
                                required="true"
                                testWith=""
                                type="string"/>
                     <parameter description="passwordAdapter for this user &#xA; Try it out with: PasswordAdapter1"
                                label="passwordadapter"
                                name="passwordadapter"
                                required="true"
                                testWith=""
                                type="string"/>
                     <parameter description="Details of the approval action"
                                label="ApprovalAction "
                                name="ApprovalAction "
                                required="true"
                                testWith=""
                                type="reference">
                        <options>
                           <option name="referenceTo">ApproveInvoiceTyperequest</option>
                        </options>
                     </parameter>
                  </input>
                  <binding>
                     <restSimpleBinding multiUsing="semicolonSeparated"
                                        url="https://{$hostName}/ariba/api/approval/v1/sandbox/operations/rest/{$approvable_typePathParam}/{$actionPathParam}"
                                        verb="POST">
                        <httpHeaders>
                           <header name="Content-Type">application/json</header>
                           <header name="Accept">application/json</header>
                        </httpHeaders>
                        <body generateUsing="UnwrappedJSON" preserveJsonStringFormatting="false"/>
                     </restSimpleBinding>
                  </binding>
                  <output>
                     <field description="Details of the approvable document."
                            name="ApproveRequisitionResponseList"
                            type="objectlist">
                        <options>
                           <option name="referenceTo">ApproveRequisitionResponse</option>
                        </options>
                        <xquery>{
                             (: unwrap the object list from the root wrapper :)
                             for $child in ./*
                             return
                                element {'ApproveRequisitionResponse'} { $child/* }
                             }</xquery>
                     </field>
                  </output>
               </action>
               <action category="Core"
                       failOnError="true"
                       forSearch="false"
                       label="get Changes"
                       maxRedirects="100"
                       name="get Changes"
                       preemptiveAuth="true"
                       responseEncoding="">
                  <description>Get Changes. Returns the list of approvable documents whose approval state has changed since the last request. &lt;p&gt;Send the ID of the most recent requisition your client application has processed, if any, in the request headers. This ID is unnecessary if no requisitions have yet been processed.</description>
                  <input>
                     <parameter description="Unique identifier of the realm. &#xA;Try it out with: mytestrealm"
                                label="realm"
                                name="realm"
                                required="true"
                                testWith=""
                                type="string"/>
                     <parameter description="number of changes to return &#xA; Try it out with: 2"
                                label="limit"
                                name="limit"
                                required="false"
                                testWith=""
                                type="int"/>
                     <parameter description="starting record number in result set &#xA; Try it out with: 1"
                                label="offset"
                                name="offset"
                                required="false"
                                testWith=""
                                type="int"/>
                     <parameter description="indicates whether total count of the query"
                                label="needTotal"
                                name="needTotal"
                                required="false"
                                testWith=""
                                type="boolean"/>
                     <parameter description="The id of the last change to start the search (if omitted - will start at first change) &#xA; Try it out with: 2"
                                label="lastChangeId"
                                name="lastChangeId"
                                required="false"
                                testWith=""
                                type="int"/>
                  </input>
                  <binding>
                     <restSimpleBinding multiUsing="semicolonSeparated"
                                        url="https://{$hostName}/ariba/api/approval/v1/sandbox/changes"
                                        verb="GET">
                        <httpHeaders>
                           <header name="Content-Type">application/json</header>
                           <header name="Accept">application/json</header>
                        </httpHeaders>
                     </restSimpleBinding>
                  </binding>
                  <output>
                     <field description="Successful Response"
                            name="GetChangeResponseList"
                            type="objectlist">
                        <options>
                           <option name="referenceTo">GetChangeResponse</option>
                        </options>
                        <xquery>{
                             (: unwrap the object list from the root wrapper :)
                             for $child in ./*
                             return
                                element {'GetChangeResponse'} { $child/* }
                             }</xquery>
                     </field>
                  </output>
               </action>
               <action category="Core"
                       failOnError="true"
                       forSearch="false"
                       label="getPendingApprovables"
                       maxRedirects="100"
                       name="getPendingApprovables"
                       preemptiveAuth="true"
                       responseEncoding="">
                  <description>Get all pending documents/task approvables. List all documents/tasks that are pending approval</description>
                  <input>
                     <parameter description="Unique identifier of the realm."
                                label="realm"
                                name="realm"
                                required="true"
                                testWith=""
                                type="string"/>
                     <parameter description="user id of the user."
                                label="user"
                                name="user"
                                required="false"
                                testWith=""
                                type="string"/>
                     <parameter description="passwordAdapter of the user."
                                label="passwordAdapter"
                                name="passwordAdapter"
                                required="false"
                                testWith=""
                                type="string"/>
                     <parameter description="document type the user is requesting."
                                label="documentType"
                                name="documentType"
                                required="false"
                                testWith=""
                                type="string"/>
                     <parameter description="the starting point within the collection of resource results to be returned."
                                label="offset"
                                name="offset"
                                required="false"
                                testWith=""
                                type="int"/>
                     <parameter description="maximum number of items that may be returned for a single request."
                                label="limit"
                                name="limit"
                                required="false"
                                testWith=""
                                type="int"/>
                  </input>
                  <binding>
                     <restSimpleBinding multiUsing="semicolonSeparated"
                                        url="https://{$hostName}/ariba/api/approval/v1/sandbox/pendingApprovables"
                                        verb="GET">
                        <httpHeaders>
                           <header name="Content-Type">application/json</header>
                           <header name="Accept">application/json</header>
                        </httpHeaders>
                     </restSimpleBinding>
                  </binding>
                  <output>
                     <field description="successful Response"
                            name="PendingApprovalsList"
                            type="objectlist">
                        <options>
                           <option name="referenceTo">PendingApprovals</option>
                        </options>
                        <xquery>{
                             (: unwrap the object list from the root wrapper :)
                             for $child in ./*
                             return
                                element {'PendingApprovals'} { $child/* }
                             }</xquery>
                     </field>
                  </output>
               </action>
               <action category="Misc"
                       failOnError="true"
                       forSearch="false"
                       label="GetApproversByGroupName"
                       maxRedirects="100"
                       name="GetApproversByGroupName"
                       preemptiveAuth="true"
                       responseEncoding="">
                  <description>Get Approver Group's Members. Returns the list of users who are members of the group specified in group_name. This API uses the unique name for the group.</description>
                  <input>
                     <parameter description="Unique name of the group &#xA;Try it out with: WXYZ"
                                label="group_namePathParam"
                                name="group_namePathParam"
                                nogen="true"
                                required="true"
                                testWith=""
                                type="string"/>
                     <parameter description="Unique identifier of the realm &#xA;Try it out with: mytestrealm"
                                label="realm"
                                name="realm"
                                required="true"
                                testWith=""
                                type="string"/>
                  </input>
                  <binding>
                     <restSimpleBinding multiUsing="semicolonSeparated"
                                        url="https://{$hostName}/ariba/api/approval/v1/sandbox/usergroups/{$group_namePathParam}/members"
                                        verb="GET">
                        <httpHeaders>
                           <header name="Content-Type">application/json</header>
                           <header name="Accept">application/json</header>
                        </httpHeaders>
                     </restSimpleBinding>
                  </binding>
                  <output>
                     <field description="Details of the approvable document."
                            name="GetApproverGroupMemberResponseList"
                            type="objectlist">
                        <options>
                           <option name="referenceTo">GetApproverGroupMemberResponse</option>
                        </options>
                        <xquery>{
                             (: unwrap the object list from the root wrapper :)
                             for $child in ./*
                             return
                                element {'GetApproverGroupMemberResponse'} { $child/* }
                             }</xquery>
                     </field>
                  </output>
               </action>
            </actions>
            <objects>
               <processObject xmlns="http://schemas.active-endpoints.com/appmodules/screenflow/2011/06/avosHostEnvironment.xsd"
                              isByCopy="true"
                              name="ApprovalRequest">
                  <description>Individual approval node.</description>
                  <detail>
                     <field name="approver" type="string"/>
                     <field name="assignedDate" type="double"/>
                     <field name="requisitionId" type="string"/>
                     <field name="reason" type="string"/>
                     <field name="approvalRequired" type="boolean"/>
                     <field name="approvalState" type="string"/>
                     <field name="approvers" type="objectlist">
                        <options>
                           <option name="referenceTo">Approvers</option>
                           <option name="relationshipName">Child</option>
                        </options>
                     </field>
                     <field name="state" type="double"/>
                     <field name="id" type="string"/>
                     <field name="dependencyApprovalRequestsUID" type="objectlist">
                        <options>
                           <option name="referenceTo">string</option>
                           <option name="relationshipName">Child</option>
                        </options>
                     </field>
                  </detail>
               </processObject>
               <processObject xmlns="http://schemas.active-endpoints.com/appmodules/screenflow/2011/06/avosHostEnvironment.xsd"
                              isByCopy="true"
                              name="SC_400PendingApprovables">
                  <description>Something went wrong. The query parameter you have passed in request are inCorrect or missing</description>
                  <detail>
                     <field name="error_description" type="string"/>
                     <field name="description" type="string"/>
                     <field name="error" type="string"/>
                  </detail>
               </processObject>
               <processObject xmlns="http://schemas.active-endpoints.com/appmodules/screenflow/2011/06/avosHostEnvironment.xsd"
                              isByCopy="true"
                              name="Attachment">
                  <description>requisition attachment</description>
                  <detail>
                     <field name="date" type="double"/>
                     <field name="requisitionId" type="string"/>
                     <field name="fileName" type="string"/>
                     <field name="externalAttachment" type="boolean"/>
                     <field name="numberInCollection" type="double"/>
                     <field name="id" type="string"/>
                     <field name="userName" type="string"/>
                     <field name="contentType" type="string"/>
                     <field name="user" type="reference">
                        <options>
                           <option name="referenceTo">UserReference</option>
                           <option name="relationshipName">Child</option>
                        </options>
                     </field>
                     <field name="url" type="string"/>
                     <field name="contentlength" type="double"/>
                  </detail>
               </processObject>
               <processObject xmlns="http://schemas.active-endpoints.com/appmodules/screenflow/2011/06/avosHostEnvironment.xsd"
                              isByCopy="true"
                              name="LineItemDescription">
                  <description/>
                  <detail>
                     <field name="unitOfMeasure" type="string"/>
                     <field name="price" type="reference">
                        <options>
                           <option name="referenceTo">Money</option>
                           <option name="relationshipName">Child</option>
                        </options>
                     </field>
                     <field name="supplierPartNumber" type="string"/>
                     <field name="description" type="string"/>
                     <field name="supplierPartAuxiliaryID" type="string"/>
                     <field name="shortName" type="string"/>
                  </detail>
               </processObject>
               <processObject xmlns="http://schemas.active-endpoints.com/appmodules/screenflow/2011/06/avosHostEnvironment.xsd"
                              isByCopy="true"
                              name="SplitAccounting">
                  <description/>
                  <detail>
                     <field name="amount" type="reference">
                        <options>
                           <option name="referenceTo">Money</option>
                           <option name="relationshipName">Child</option>
                        </options>
                     </field>
                     <field name="product" type="reference">
                        <options>
                           <option name="referenceTo">Named</option>
                           <option name="relationshipName">Child</option>
                        </options>
                     </field>
                     <field name="quantity" type="double"/>
                     <field name="businessUnit" type="reference">
                        <options>
                           <option name="referenceTo">Named</option>
                           <option name="relationshipName">Child</option>
                        </options>
                     </field>
                     <field name="costCenter" type="reference">
                        <options>
                           <option name="referenceTo">Named</option>
                           <option name="relationshipName">Child</option>
                        </options>
                     </field>
                     <field name="project" type="reference">
                        <options>
                           <option name="referenceTo">Named</option>
                           <option name="relationshipName">Child</option>
                        </options>
                     </field>
                     <field name="accountingCombinationID" type="string"/>
                     <field name="subAccount" type="reference">
                        <options>
                           <option name="referenceTo">Named</option>
                           <option name="relationshipName">Child</option>
                        </options>
                     </field>
                     <field name="requisitionId" type="string"/>
                     <field name="lineItem" type="double"/>
                     <field name="numberInCollection" type="double"/>
                     <field name="percentage" type="double"/>
                     <field name="company" type="reference">
                        <options>
                           <option name="referenceTo">Named</option>
                           <option name="relationshipName">Child</option>
                        </options>
                     </field>
                     <field name="department" type="reference">
                        <options>
                           <option name="referenceTo">Named</option>
                           <option name="relationshipName">Child</option>
                        </options>
                     </field>
                     <field name="region" type="reference">
                        <options>
                           <option name="referenceTo">Named</option>
                           <option name="relationshipName">Child</option>
                        </options>
                     </field>
                     <field name="erpSplitValue" type="string"/>
                     <field name="account" type="reference">
                        <options>
                           <option name="referenceTo">Named</option>
                           <option name="relationshipName">Child</option>
                        </options>
                     </field>
                  </detail>
               </processObject>
               <processObject xmlns="http://schemas.active-endpoints.com/appmodules/screenflow/2011/06/avosHostEnvironment.xsd"
                              isByCopy="true"
                              name="PendingApprovals">
                  <description/>
                  <detail>
                     <field name="assignedDate" type="string"/>
                     <field name="approver" type="string"/>
                     <field name="attachments" type="objectlist">
                        <options>
                           <option name="referenceTo">string</option>
                           <option name="relationshipName">Child</option>
                        </options>
                     </field>
                     <field name="uniqueName" type="string"/>
                     <field name="documentType" type="string"/>
                     <field name="description" type="string"/>
                     <field name="email" type="string"/>
                  </detail>
               </processObject>
               <processObject xmlns="http://schemas.active-endpoints.com/appmodules/screenflow/2011/06/avosHostEnvironment.xsd"
                              isByCopy="true"
                              name="Money">
                  <description/>
                  <detail>
                     <field name="amount" type="double"/>
                     <field name="currency" type="string"/>
                  </detail>
               </processObject>
               <processObject xmlns="http://schemas.active-endpoints.com/appmodules/screenflow/2011/06/avosHostEnvironment.xsd"
                              isByCopy="true"
                              name="ApprovableChange">
                  <description/>
                  <detail>
                     <field name="changeParameters" type="string"/>
                     <field name="changeSequenceId" type="string"/>
                     <field name="changeType" type="string"/>
                     <field name="restResourceName" type="string"/>
                     <field name="approvableUniqueName" type="string"/>
                     <field name="realm" type="string"/>
                  </detail>
               </processObject>
               <processObject xmlns="http://schemas.active-endpoints.com/appmodules/screenflow/2011/06/avosHostEnvironment.xsd"
                              isByCopy="true"
                              name="Approvers">
                  <description/>
                  <detail>
                     <field name="requisitionId" type="string"/>
                     <field name="approvalRequestId" type="string"/>
                     <field name="id" type="string"/>
                     <field name="type" type="string"/>
                     <field name="user" type="reference">
                        <options>
                           <option name="referenceTo">UserReference</option>
                           <option name="relationshipName">Child</option>
                        </options>
                     </field>
                     <field name="group" type="object"/>
                  </detail>
               </processObject>
               <processObject xmlns="http://schemas.active-endpoints.com/appmodules/screenflow/2011/06/avosHostEnvironment.xsd"
                              isByCopy="true"
                              name="SC_400ApproveRequisition1">
                  <description>Something went wrong. The parameter you have passed in request are inncorrect</description>
                  <detail>
                     <field name="error_description" type="string"/>
                     <field name="description" type="string"/>
                     <field name="error" type="string"/>
                  </detail>
               </processObject>
               <processObject xmlns="http://schemas.active-endpoints.com/appmodules/screenflow/2011/06/avosHostEnvironment.xsd"
                              isByCopy="true"
                              name="Record">
                  <description>a requisition modification record</description>
                  <detail>
                     <field name="date" type="double"/>
                     <field name="summary" type="string"/>
                     <field name="requisitionId" type="string"/>
                     <field name="action" type="string"/>
                     <field name="comment" type="string"/>
                     <field name="id" type="string"/>
                     <field name="type" type="string"/>
                     <field name="user" type="reference">
                        <options>
                           <option name="referenceTo">UserReference</option>
                           <option name="relationshipName">Child</option>
                        </options>
                     </field>
                  </detail>
               </processObject>
               <processObject xmlns="http://schemas.active-endpoints.com/appmodules/screenflow/2011/06/avosHostEnvironment.xsd"
                              isByCopy="true"
                              name="Supplier">
                  <description/>
                  <detail>
                     <field name="uniqueName" type="string"/>
                     <field name="name" type="string"/>
                     <field name="commonSupplier" type="object"/>
                  </detail>
               </processObject>
               <processObject xmlns="http://schemas.active-endpoints.com/appmodules/screenflow/2011/06/avosHostEnvironment.xsd"
                              isByCopy="true"
                              name="ReqLineItem">
                  <description/>
                  <detail>
                     <field name="amount" type="reference">
                        <options>
                           <option name="referenceTo">Money</option>
                           <option name="relationshipName">Child</option>
                        </options>
                     </field>
                     <field name="quantity" type="double"/>
                     <field name="supplierLocation" type="reference">
                        <options>
                           <option name="referenceTo">Named</option>
                           <option name="relationshipName">Child</option>
                        </options>
                     </field>
                     <field name="description" type="reference">
                        <options>
                           <option name="referenceTo">LineItemDescription</option>
                           <option name="relationshipName">Child</option>
                        </options>
                     </field>
                     <field name="commonCommodityCode" type="string"/>
                     <field name="deliverTo" type="string"/>
                     <field name="requisitionId" type="string"/>
                     <field name="accountings" type="objectlist">
                        <options>
                           <option name="referenceTo">SplitAccounting</option>
                           <option name="relationshipName">Child</option>
                        </options>
                     </field>
                     <field name="numberInCollection" type="double"/>
                     <field name="supplier" type="reference">
                        <options>
                           <option name="referenceTo">Supplier</option>
                           <option name="relationshipName">Child</option>
                        </options>
                     </field>
                     <field name="billingAddress" type="reference">
                        <options>
                           <option name="referenceTo">Named</option>
                           <option name="relationshipName">Child</option>
                        </options>
                     </field>
                     <field name="commodityExportMapEntry" type="object"/>
                     <field name="needBy" type="double"/>
                     <field name="shipTo" type="reference">
                        <options>
                           <option name="referenceTo">Named</option>
                           <option name="relationshipName">Child</option>
                        </options>
                     </field>
                     <field name="splitAccountingType" type="string"/>
                  </detail>
               </processObject>
               <processObject xmlns="http://schemas.active-endpoints.com/appmodules/screenflow/2011/06/avosHostEnvironment.xsd"
                              isByCopy="true"
                              name="Comment">
                  <description/>
                  <detail>
                     <field name="date" type="double"/>
                     <field name="requisitionId" type="string"/>
                     <field name="attachedToLine" type="double"/>
                     <field name="id" type="string"/>
                     <field name="text" type="string"/>
                     <field name="user" type="reference">
                        <options>
                           <option name="referenceTo">UserReference</option>
                           <option name="relationshipName">Child</option>
                        </options>
                     </field>
                  </detail>
               </processObject>
               <processObject xmlns="http://schemas.active-endpoints.com/appmodules/screenflow/2011/06/avosHostEnvironment.xsd"
                              isByCopy="true"
                              name="Named">
                  <description/>
                  <detail>
                     <field name="uniqueName" type="string"/>
                     <field name="name" type="string"/>
                  </detail>
               </processObject>
               <processObject xmlns="http://schemas.active-endpoints.com/appmodules/screenflow/2011/06/avosHostEnvironment.xsd"
                              isByCopy="true"
                              name="RequisitionDetailsResponse">
                  <description/>
                  <detail>
                     <field name="requester" type="reference">
                        <options>
                           <option name="referenceTo">UserReference</option>
                           <option name="relationshipName">Child</option>
                        </options>
                     </field>
                     <field name="activeApprovalRequestIds" type="string"/>
                     <field name="attachments" type="objectlist">
                        <options>
                           <option name="referenceTo">Attachment</option>
                           <option name="relationshipName">Child</option>
                        </options>
                     </field>
                     <field name="comments" type="objectlist">
                        <options>
                           <option name="referenceTo">Comment</option>
                           <option name="relationshipName">Child</option>
                        </options>
                     </field>
                     <field name="isPinned" type="boolean"/>
                     <field name="records" type="objectlist">
                        <options>
                           <option name="referenceTo">Record</option>
                           <option name="relationshipName">Child</option>
                        </options>
                     </field>
                     <field name="activeApproverCount" type="double"/>
                     <field name="submitDate" type="double"/>
                     <field name="title" type="string"/>
                     <field name="firstActiveApproverName" type="string"/>
                     <field name="version" type="string"/>
                     <field name="lineItemCount" type="double"/>
                     <field name="lineItems" type="objectlist">
                        <options>
                           <option name="referenceTo">ReqLineItem</option>
                           <option name="relationshipName">Child</option>
                        </options>
                     </field>
                     <field name="site" type="string"/>
                     <field name="uniqueName" type="string"/>
                     <field name="approvalRequests" type="objectlist">
                        <options>
                           <option name="referenceTo">ApprovalRequest</option>
                           <option name="relationshipName">Child</option>
                        </options>
                     </field>
                     <field name="requesterName" type="string"/>
                     <field name="statusString" type="string"/>
                     <field name="timeUpdated" type="double"/>
                     <field name="realm" type="string"/>
                     <field name="lastModified" type="double"/>
                     <field name="totalCost" type="reference">
                        <options>
                           <option name="referenceTo">Money</option>
                           <option name="relationshipName">Child</option>
                        </options>
                     </field>
                  </detail>
               </processObject>
               <processObject xmlns="http://schemas.active-endpoints.com/appmodules/screenflow/2011/06/avosHostEnvironment.xsd"
                              isByCopy="true"
                              name="SC_404PendingApprovables">
                  <description>Something went wrong. The username passed in the query param is not found</description>
                  <detail>
                     <field name="error_description" type="string"/>
                     <field name="description" type="string"/>
                     <field name="error" type="string"/>
                  </detail>
               </processObject>
               <processObject xmlns="http://schemas.active-endpoints.com/appmodules/screenflow/2011/06/avosHostEnvironment.xsd"
                              isByCopy="true"
                              name="ApprovalAction">
                  <description/>
                  <detail>
                     <field name="errorDescription" type="string"/>
                     <field name="comment" type="string"/>
                     <field name="error" type="string"/>
                  </detail>
               </processObject>
               <processObject xmlns="http://schemas.active-endpoints.com/appmodules/screenflow/2011/06/avosHostEnvironment.xsd"
                              isByCopy="true"
                              name="GroupMembersResponse">
                  <description>Suceessful Response</description>
                  <detail>
                     <field name="emailAddress" type="string"/>
                     <field name="uniqueName" type="string"/>
                     <field name="phone" type="string"/>
                     <field name="name" type="string"/>
                     <field name="passwordAdapter" type="string"/>
                     <field name="realm" type="string"/>
                     <field name="contentType" type="string"/>
                  </detail>
               </processObject>
               <processObject xmlns="http://schemas.active-endpoints.com/appmodules/screenflow/2011/06/avosHostEnvironment.xsd"
                              isByCopy="true"
                              name="ApproveInvoiceTyperequest">
                  <description/>
                  <detail>
                     <field name="visibleToSupplier" type="string"/>
                     <field name="approvableId" type="string"/>
                     <field name="comment" type="string"/>
                  </detail>
               </processObject>
               <processObject xmlns="http://schemas.active-endpoints.com/appmodules/screenflow/2011/06/avosHostEnvironment.xsd"
                              isByCopy="true"
                              name="Error">
                  <description/>
                  <detail>
                     <field name="code" type="string"/>
                     <field name="message" type="string"/>
                  </detail>
               </processObject>
               <processObject xmlns="http://schemas.active-endpoints.com/appmodules/screenflow/2011/06/avosHostEnvironment.xsd"
                              isByCopy="true"
                              name="GetChangeResponse">
                  <description/>
                  <detail>
                     <field name="changeParameters" type="string"/>
                     <field name="changeSequenceId" type="string"/>
                     <field name="changeType" type="string"/>
                     <field name="restResourceName" type="string"/>
                     <field name="approvableUniqueName" type="string"/>
                     <field name="realm" type="string"/>
                  </detail>
               </processObject>
               <processObject xmlns="http://schemas.active-endpoints.com/appmodules/screenflow/2011/06/avosHostEnvironment.xsd"
                              isByCopy="true"
                              name="UserReference">
                  <description/>
                  <detail>
                     <field name="emailAddress" type="string"/>
                     <field name="uniqueName" type="string"/>
                     <field name="phone" type="string"/>
                     <field name="passwordAdaptor" type="string"/>
                     <field name="name" type="string"/>
                     <field name="realm" type="string"/>
                  </detail>
               </processObject>
               <processObject xmlns="http://schemas.active-endpoints.com/appmodules/screenflow/2011/06/avosHostEnvironment.xsd"
                              isByCopy="true"
                              name="ErrorInternal">
                  <description/>
                  <detail>
                     <field name="code" type="string"/>
                     <field name="message" type="string"/>
                  </detail>
               </processObject>
               <processObject xmlns="http://schemas.active-endpoints.com/appmodules/screenflow/2011/06/avosHostEnvironment.xsd"
                              isByCopy="true"
                              name="GetApproverGroupMemberResponse">
                  <description>Successfull Response</description>
                  <detail>
                     <field name="emailAddress" type="string"/>
                     <field name="uniqueName" type="string"/>
                     <field name="phone" type="string"/>
                     <field name="name" type="string"/>
                     <field name="passwordAdapter" type="string"/>
                     <field name="realm" type="string"/>
                     <field name="contentType" type="string"/>
                  </detail>
               </processObject>
               <processObject xmlns="http://schemas.active-endpoints.com/appmodules/screenflow/2011/06/avosHostEnvironment.xsd"
                              isByCopy="true"
                              name="BadRequest">
                  <description>Your request is not processed becuase of an error on server side</description>
                  <detail>
                     <field name="code" type="string"/>
                     <field name="message" type="string"/>
                  </detail>
               </processObject>
               <processObject xmlns="http://schemas.active-endpoints.com/appmodules/screenflow/2011/06/avosHostEnvironment.xsd"
                              isByCopy="true"
                              name="ApprovableChanges">
                  <description>list of requisition change objects</description>
                  <detail/>
               </processObject>
               <processObject xmlns="http://schemas.active-endpoints.com/appmodules/screenflow/2011/06/avosHostEnvironment.xsd"
                              isByCopy="true"
                              name="ErrorCode">
                  <description/>
                  <detail>
                     <field name="code" type="int"/>
                     <field name="message" type="string"/>
                     <field name="fields" type="string"/>
                  </detail>
               </processObject>
               <processObject xmlns="http://schemas.active-endpoints.com/appmodules/screenflow/2011/06/avosHostEnvironment.xsd"
                              isByCopy="true"
                              name="ApproveRequisitionResponse">
                  <description>Successfull Response</description>
                  <detail>
                     <field name="message" type="string"/>
                  </detail>
               </processObject>
               <processObject xmlns="http://schemas.active-endpoints.com/appmodules/screenflow/2011/06/avosHostEnvironment.xsd"
                              isByCopy="true"
                              name="string">
                  <description/>
                  <detail>
                     <field name="string" type="string"/>
                  </detail>
               </processObject>
               <processObject xmlns="http://schemas.active-endpoints.com/appmodules/screenflow/2011/06/avosHostEnvironment.xsd"
                              isByCopy="true"
                              name="boolean">
                  <description/>
                  <detail>
                     <field name="boolean" type="boolean"/>
                  </detail>
               </processObject>
               <processObject xmlns="http://schemas.active-endpoints.com/appmodules/screenflow/2011/06/avosHostEnvironment.xsd"
                              isByCopy="true"
                              name="double">
                  <description/>
                  <detail>
                     <field name="double" type="double"/>
                  </detail>
               </processObject>
               <processObject xmlns="http://schemas.active-endpoints.com/appmodules/screenflow/2011/06/avosHostEnvironment.xsd"
                              isByCopy="true"
                              name="integer">
                  <description/>
                  <detail>
                     <field name="integer" type="int"/>
                  </detail>
               </processObject>
               <processObject xmlns="http://schemas.active-endpoints.com/appmodules/screenflow/2011/06/avosHostEnvironment.xsd"
                              isByCopy="true"
                              name="Forbidden">
                  <description>You are not able to connnect because of proxy or network issue</description>
                  <detail/>
               </processObject>
               <processObject xmlns="http://schemas.active-endpoints.com/appmodules/screenflow/2011/06/avosHostEnvironment.xsd"
                              isByCopy="true"
                              name="Unauthorized">
                  <description>Unauthorized request. Check oauth token is expired or you are not using correct oauth token.</description>
                  <detail/>
               </processObject>
               <processObject xmlns="http://schemas.active-endpoints.com/appmodules/screenflow/2011/06/avosHostEnvironment.xsd"
                              isByCopy="true"
                              name="InternalServerError">
                  <description>If your URL is not constructed properly, you have trailing spaces in URl, request body format is wrong or ARIBA site is temporarily down</description>
                  <detail/>
               </processObject>
            </objects>
         </businessConnector>
      </types1:Entry>
      <types1:GUID>8AtAyDkGMradfq5mRlOKS7</types1:GUID>
      <types1:DisplayName>SAP Ariba Document Approval REST API v1</types1:DisplayName>
   </types1:Item>
   <types1:CurrentServerDateTime>2019-12-22T10:15:02.384Z</types1:CurrentServerDateTime>
</aetgt:getResponse>
