<aetgt:getResponse xmlns:aetgt="http://schemas.active-endpoints.com/appmodules/repository/2010/10/avrepository.xsd"
                   xmlns:types1="http://schemas.active-endpoints.com/appmodules/repository/2010/10/avrepository.xsd">
   <types1:Item>
      <types1:EntryId>NpeBt0i98C1LOwD-gt-829725-2019-02-19T05:44:21.634Z::svc.xml</types1:EntryId>
      <types1:Name>Oracle_Eloqua_Marketing_Cloud_Service_Activities_API_v1</types1:Name>
      <types1:MimeType>application/xml+businesssconnector</types1:MimeType>
      <types1:Description>Activities are tracked for individual contacts.</types1:Description>
      <types1:AppliesTo/>
      <types1:Tags/>
      <types1:VersionLabel>1.0</types1:VersionLabel>
      <types1:State>CURRENT</types1:State>
      <types1:ProcessGroup/>
      <types1:CreatedBy>sorabh@na1.dm-us.org</types1:CreatedBy>
      <types1:CreationDate>2019-02-19T05:44:22Z</types1:CreationDate>
      <types1:ModifiedBy/>
      <types1:PublicationStatus>published</types1:PublicationStatus>
      <types1:PublishedBy>sorabh@na1.dm-us.org</types1:PublishedBy>
      <types1:PublicationDate>2019-02-19T05:44:34Z</types1:PublicationDate>
      <types1:PublishedContributionId>project:/rt.connector/Oracle_Eloqua_Marketing_Cloud_Service_Activities_API_v1/Oracle_Eloqua_Marketing_Cloud_Service_Activities_API_v1_svcDef.xml</types1:PublishedContributionId>
      <types1:AutosaveExists>false</types1:AutosaveExists>
      <types1:Entry>
         <businessConnector xmlns="http://schemas.informatica.com/socrates/data-services/2014/05/business-connector-model.xsd"
                            agentOnly="false"
                            debug="false"
                            displayName="Oracle Eloqua Marketing Cloud Service Activities API v1"
                            label=""
                            name="Oracle_Eloqua_Marketing_Cloud_Service_Activities_API_v1"
                            uuid="51963e89-d467-46b2-8e47-d9d9d8827f4a">
            <description>Activities are tracked for individual contacts.</description>
            <tags/>
            <connectionAttributes xmlns="http://schemas.informatica.com/appmodules/screenflow/2014/04/avosConnectors.xsd">
               <connectionAttribute description="Host Name"
                                    masked="false"
                                    name="hostName"
                                    required="true"
                                    testWith="apicatalog.oraclecloud.com"
                                    type="string"/>
            </connectionAttributes>
            <actions>
               <action category=""
                       failOnError="true"
                       forSearch="false"
                       label="GetActivitiesGETRest10"
                       maxRedirects="100"
                       name="GetActivitiesGETRest10"
                       preemptiveAuth="true"
                       responseEncoding="">
                  <description>Retrieve a list of activities. Retrieves all activities that match the criteria specified by the request parameters. Note that the query parameters &lt;code&gt;endDate&lt;/code&gt;, &lt;code&gt;startDate&lt;/code&gt;, and &lt;code&gt;type&lt;/code&gt; are required. See &lt;a href='https://docs.oracle.com/cloud/latest/marketingcs_gs/OMCAB/index.html#CSHID=ActivityDetailValues'&gt;activity detail values&lt;/a&gt; for more information about the different activity detail values for each asset type.</description>
                  <input>
                     <parameter description="Id of the activity."
                                label="idPathParam"
                                name="idPathParam"
                                nogen="true"
                                required="true"
                                testWith=""
                                type="int"/>
                     <parameter description="The type of activity you wish to retrieve from the specified contact: &lt;code&gt;emailOpen&lt;/code&gt;, &lt;code&gt;emailSend&lt;/code&gt;, &lt;code&gt;emailClickThrough&lt;/code&gt;, &lt;code&gt;emailSubscribe&lt;/code&gt;, &lt;code&gt;emailUnsubscribe&lt;/code&gt;, &lt;code&gt;formSubmit&lt;/code&gt;, &lt;code&gt;webVisit&lt;/code&gt;, or &lt;code&gt;campaignMembership&lt;/code&gt;."
                                label="type"
                                name="type"
                                required="true"
                                testWith=""
                                type="string"/>
                     <parameter description="The start date and time (10 digit integer Unix time)."
                                label="startDate"
                                name="startDate"
                                required="true"
                                testWith=""
                                type="int"/>
                     <parameter description="The end date and time (10 digit integer Unix time)."
                                label="endDate"
                                name="endDate"
                                required="true"
                                testWith=""
                                type="int"/>
                     <parameter description="Maximum number of entities to return. Must be less than or equal to 1000 and greater than or equal to 1."
                                label="count"
                                name="count"
                                required="false"
                                testWith=""
                                type="int"/>
                  </input>
                  <binding>
                     <restSimpleBinding multiUsing="semicolonSeparated"
                                        url="https://{$hostName}/api/REST/1.0/data/activities/contact/{$idPathParam}"
                                        verb="GET">
                        <httpHeaders>
                           <header name="Content-Type">application/json</header>
                           <header name="Accept">application/json</header>
                        </httpHeaders>
                     </restSimpleBinding>
                  </binding>
                  <output>
                     <field description="OK"
                            entireResponse="true"
                            name="ActivityRest10"
                            type="reference">
                        <options>
                           <option name="referenceTo">ActivityRest10</option>
                        </options>
                     </field>
                  </output>
               </action>
            </actions>
            <objects>
               <processObject xmlns="http://schemas.active-endpoints.com/appmodules/screenflow/2011/06/avosHostEnvironment.xsd"
                              isByCopy="true"
                              name="ActivityRest10">
                  <description/>
                  <detail>
                     <field name="activityDate" type="string"/>
                     <field name="contact" type="string"/>
                     <field name="details" type="object"/>
                     <field name="id" type="string"/>
                     <field name="type" type="string"/>
                     <field name="activityType" type="string"/>
                     <field name="asset" type="string"/>
                     <field name="assetType" type="string"/>
                  </detail>
               </processObject>
               <processObject xmlns="http://schemas.active-endpoints.com/appmodules/screenflow/2011/06/avosHostEnvironment.xsd"
                              isByCopy="true"
                              name="string">
                  <description/>
                  <detail>
                     <field name="string" type="string"/>
                  </detail>
               </processObject>
               <processObject xmlns="http://schemas.active-endpoints.com/appmodules/screenflow/2011/06/avosHostEnvironment.xsd"
                              isByCopy="true"
                              name="boolean">
                  <description/>
                  <detail>
                     <field name="boolean" type="boolean"/>
                  </detail>
               </processObject>
               <processObject xmlns="http://schemas.active-endpoints.com/appmodules/screenflow/2011/06/avosHostEnvironment.xsd"
                              isByCopy="true"
                              name="double">
                  <description/>
                  <detail>
                     <field name="double" type="double"/>
                  </detail>
               </processObject>
               <processObject xmlns="http://schemas.active-endpoints.com/appmodules/screenflow/2011/06/avosHostEnvironment.xsd"
                              isByCopy="true"
                              name="integer">
                  <description/>
                  <detail>
                     <field name="integer" type="int"/>
                  </detail>
               </processObject>
            </objects>
         </businessConnector>
      </types1:Entry>
      <types1:GUID>10y3MEBRaftdtH7Lxtb04H</types1:GUID>
      <types1:DisplayName>Oracle Eloqua Marketing Cloud Service Activities API v1</types1:DisplayName>
   </types1:Item>
   <types1:CurrentServerDateTime>2019-02-22T04:01:44.384Z</types1:CurrentServerDateTime>
</aetgt:getResponse>
