<aetgt:getResponse xmlns:aetgt="http://schemas.active-endpoints.com/appmodules/repository/2010/10/avrepository.xsd"
                   xmlns:types1="http://schemas.active-endpoints.com/appmodules/repository/2010/10/avrepository.xsd">
   <types1:Item>
      <types1:EntryId>ljLYqBGZkL0jmu6-gt-35060-2019-02-05T11:08:43.177Z::svc.xml</types1:EntryId>
      <types1:Name>Oracle_Cloud_Infrastructure_Compute_OSSContainers_API_v18-1-2</types1:Name>
      <types1:MimeType>application/xml+businesssconnector</types1:MimeType>
      <types1:Description>An OSSContainer is a container in Oracle Cloud Infrastructure Object Storage Classic. You can create Oracle Cloud Infrastructure Object Storage Classic containers using the Compute Classic API.</types1:Description>
      <types1:AppliesTo/>
      <types1:Tags/>
      <types1:VersionLabel>1.0</types1:VersionLabel>
      <types1:State>CURRENT</types1:State>
      <types1:ProcessGroup/>
      <types1:CreatedBy>sorabh@na1.dm-us.org</types1:CreatedBy>
      <types1:CreationDate>2019-02-05T11:08:43Z</types1:CreationDate>
      <types1:ModifiedBy/>
      <types1:PublicationStatus>published</types1:PublicationStatus>
      <types1:PublishedBy>sorabh@na1.dm-us.org</types1:PublishedBy>
      <types1:PublicationDate>2019-02-05T11:08:50Z</types1:PublicationDate>
      <types1:PublishedContributionId>project:/rt.connector/Oracle_Cloud_Infrastructure_Compute_OSSContainers_API_v18_1_2/Oracle_Cloud_Infrastructure_Compute_OSSContainers_API_v18_1_2_svcDef.xml</types1:PublishedContributionId>
      <types1:AutosaveExists>false</types1:AutosaveExists>
      <types1:Entry>
         <businessConnector xmlns="http://schemas.informatica.com/socrates/data-services/2014/05/business-connector-model.xsd"
                            agentOnly="false"
                            debug="false"
                            displayName="Oracle Cloud Infrastructure Compute OSSContainers API v18-1-2"
                            label=""
                            name="Oracle_Cloud_Infrastructure_Compute_OSSContainers_API_v18-1-2"
                            uuid="a41ead89-6c58-47e9-8772-b9d17a084bc0">
            <description>An OSSContainer is a container in Oracle Cloud Infrastructure Object Storage Classic. You can create Oracle Cloud Infrastructure Object Storage Classic containers using the Compute Classic API.</description>
            <tags/>
            <connectionAttributes xmlns="http://schemas.informatica.com/appmodules/screenflow/2014/04/avosConnectors.xsd">
               <connectionAttribute description="Host Name"
                                    masked="false"
                                    name="hostName"
                                    required="true"
                                    testWith="apicatalog.oraclecloud.com"
                                    type="string"/>
            </connectionAttributes>
            <actions>
               <action category="OSSContainers"
                       failOnError="true"
                       forSearch="false"
                       label="listOSSContainer"
                       maxRedirects="100"
                       name="listOSSContainer"
                       preemptiveAuth="true"
                       responseEncoding="">
                  <description>Retrieve Details of all Oracle Cloud Infrastructure Object Storage Classic Containers in a Container. Retrieves details of the all the Oracle Cloud Infrastructure Object Storage Classic containers that you can access in the specified Compute Classic container, such as &lt;code&gt;/Compute-&lt;em&gt;identity_domain&lt;/em&gt;/&lt;em&gt;user&lt;/em&gt;&lt;/code&gt; or &lt;code&gt;/Compute-&lt;em&gt;identity_domain&lt;/em&gt;/&lt;/code&gt;.&lt;p&gt;&lt;b&gt;Required Role: &lt;/b&gt;To complete this task, you must have the &lt;code&gt;Compute_Operations&lt;/code&gt; role. If this role isn't assigned to you or you're not sure, then ask your system administrator to ensure that the role is assigned to you in Oracle Cloud My Services. See &lt;a target="_blank" href="http://www.oracle.com/pls/topic/lookup?ctx=stcomputecs&amp;id=MMOCS-GUID-54C2E747-7D5B-451C-A39C-77936178EBB6"&gt;Modifying User Roles&lt;/a&gt; in &lt;em&gt;Managing and Monitoring Oracle Cloud&lt;/em&gt;.</description>
                  <input>
                     <parameter description="&lt;code&gt;/Compute-&lt;em&gt;identity_domain&lt;/em&gt;/&lt;em&gt;user&lt;/em&gt;&lt;/code&gt; or &lt;p&gt;&lt;code&gt;/Compute-&lt;em&gt;identity_domain&lt;/em&gt;&lt;/code&gt;"
                                label="containerPathParam"
                                name="containerPathParam"
                                nogen="true"
                                required="true"
                                testWith=""
                                type="string"/>
                     <parameter description="Multipart name of the object."
                                label="name"
                                name="name"
                                required="false"
                                testWith=""
                                type="string"/>
                     <parameter description="The Cookie: header must be included with every request to the service. It must be set to the value of the set-cookie header in the response received to the POST /authenticate/ call."
                                label="Cookie"
                                name="Cookie"
                                nogen="true"
                                required="false"
                                testWith=""
                                type="string"/>
                  </input>
                  <binding>
                     <restSimpleBinding multiUsing="semicolonSeparated"
                                        url="http://{$hostName}/integrations/osscontainer/{$containerPathParam}/"
                                        verb="GET">
                        <httpHeaders>
                           <header name="Content-Type">application/oracle-compute-v3+json</header>
                           <header name="Accept">application/oracle-compute-v3+json</header>
                           <header name="Cookie">{$Cookie}</header>
                        </httpHeaders>
                     </restSimpleBinding>
                  </binding>
                  <output>
                     <field description="OK. See &lt;a class=&#34;xref&#34; href=&#34;Status%20Codes.html&#34;&gt;Status Codes&lt;/a&gt; for information about other possible HTTP status codes."
                            entireResponse="true"
                            name="OSSContainer_list_response"
                            type="reference">
                        <options>
                           <option name="referenceTo">OSSContainer_list_response</option>
                        </options>
                     </field>
                  </output>
               </action>
               <action category="OSSContainers"
                       failOnError="true"
                       forSearch="false"
                       label="getOSSContainer"
                       maxRedirects="100"
                       name="getOSSContainer"
                       preemptiveAuth="true"
                       responseEncoding="">
                  <description>Retrieve Details of an Oracle Cloud Infrastructure Object Storage Classic Container. Retrieves details of the specified Oracle Cloud Infrastructure Object Storage Classic container. &lt;p&gt;&lt;b&gt;Required Role: &lt;/b&gt;To complete this task, you must have the &lt;code&gt;Compute_Operations&lt;/code&gt; role. If this role isn't assigned to you or you're not sure, then ask your system administrator to ensure that the role is assigned to you in Oracle Cloud My Services. See &lt;a target="_blank" href="http://www.oracle.com/pls/topic/lookup?ctx=stcomputecs&amp;id=MMOCS-GUID-54C2E747-7D5B-451C-A39C-77936178EBB6"&gt;Modifying User Roles&lt;/a&gt; in &lt;em&gt;Managing and Monitoring Oracle Cloud&lt;/em&gt;.</description>
                  <input>
                     <parameter description="The three-part name of the object (&lt;code&gt;/Compute-&lt;em&gt;identity_domain&lt;/em&gt;/&lt;em&gt;user&lt;/em&gt;/&lt;em&gt;object&lt;/em&gt;&lt;/code&gt;)."
                                label="namePathParam"
                                name="namePathParam"
                                nogen="true"
                                required="true"
                                testWith=""
                                type="string"/>
                     <parameter description="The Cookie: header must be included with every request to the service. It must be set to the value of the set-cookie header in the response received to the POST /authenticate/ call."
                                label="Cookie"
                                name="Cookie"
                                nogen="true"
                                required="false"
                                testWith=""
                                type="string"/>
                  </input>
                  <binding>
                     <restSimpleBinding multiUsing="semicolonSeparated"
                                        url="http://{$hostName}/integrations/osscontainer/{$namePathParam}"
                                        verb="GET">
                        <httpHeaders>
                           <header name="Content-Type">application/oracle-compute-v3+json</header>
                           <header name="Accept">application/oracle-compute-v3+json</header>
                           <header name="Cookie">{$Cookie}</header>
                        </httpHeaders>
                     </restSimpleBinding>
                  </binding>
                  <output>
                     <field description="OK. See &lt;a class=&#34;xref&#34; href=&#34;Status%20Codes.html&#34;&gt;Status Codes&lt;/a&gt; for information about other possible HTTP status codes."
                            entireResponse="true"
                            name="OSSContainer_response"
                            type="reference">
                        <options>
                           <option name="referenceTo">OSSContainer_response</option>
                        </options>
                     </field>
                  </output>
               </action>
               <action category="OSSContainers"
                       failOnError="true"
                       forSearch="false"
                       label="deleteOSSContainer"
                       maxRedirects="100"
                       name="deleteOSSContainer"
                       preemptiveAuth="true"
                       responseEncoding="">
                  <description>Delete an Oracle Cloud Infrastructure Object Storage Classic Container. Deletes the specified Oracle Cloud Infrastructure Object Storage Classic container. When &lt;code&gt;delete_remote&lt;/code&gt; attribute of the OSS container object is set to &lt;code&gt;true&lt;/code&gt;, the associated Oracle Cloud Infrastructure Object Storage Classic container is deleted along with all its objects when you delete the local OSS container object. When set to &lt;code&gt;false&lt;/code&gt;, only the local OSS container object is deleted. To retrieve the value of the delete_remote attribute of the OSS container, use the &lt;a class="xref" href="op-integrations-osscontainer-{name}-get.html"&gt;GET /integrations/osscontainer/{name}&lt;/a&gt; method. To change the value of the &lt;code&gt;delete_remote&lt;/code&gt; attribute of the OSS container object, use the &lt;a class="xref" href="op-integrations-osscontainer-{name}-put.html"&gt;PUT /integrations/osscontainer/{name}&lt;/a&gt; method. When &lt;code&gt;delete_remote&lt;/code&gt; is set to &lt;code&gt;true&lt;/code&gt;, all the objects in the remote container are deleted in batches of 200. The remote container is deleted when it is empty, and then the local OSS container object is deleted. When you send this command, the state of the OSS container object changes to &lt;code&gt;deleting&lt;/code&gt;. The time taken to delete the object varies depending on the number of objects in the remote container.&lt;p&gt;&lt;b&gt;Prerequisite:&lt;/b&gt; Ensure that you have selected a replication policy for your Oracle Cloud Infrastructure Object Storage Classic instance. See &lt;a target="_blank" href="http://www.oracle.com/pls/topic/lookup?ctx=stcomputecs&amp;id=CSSTO-GUID-5D53C11F-3D9E-43E4-8D1D-DDBB95DEC715"&gt;Selecting a Replication Policy for Your Service Instance&lt;/a&gt; in &lt;em&gt;Using Oracle Cloud Infrastructure Object Storage Classic&lt;/em&gt;.&lt;/p&gt;&lt;p&gt;&lt;b&gt;Required Role: &lt;/b&gt;To complete this task, you must have the &lt;code&gt;Compute_Operations&lt;/code&gt; role. If this role isn't assigned to you or you're not sure, then ask your system administrator to ensure that the role is assigned to you in Oracle Cloud My Services. See &lt;a target="_blank" href="http://www.oracle.com/pls/topic/lookup?ctx=stcomputecs&amp;id=MMOCS-GUID-54C2E747-7D5B-451C-A39C-77936178EBB6"&gt;Modifying User Roles&lt;/a&gt; in &lt;em&gt;Managing and Monitoring Oracle Cloud&lt;/em&gt;.</description>
                  <input>
                     <parameter description="The three-part name of the object (&lt;code&gt;/Compute-&lt;em&gt;identity_domain&lt;/em&gt;/&lt;em&gt;user&lt;/em&gt;/&lt;em&gt;object&lt;/em&gt;&lt;/code&gt;)."
                                label="namePathParam"
                                name="namePathParam"
                                nogen="true"
                                required="true"
                                testWith=""
                                type="string"/>
                     <parameter description="The Cookie: header must be included with every request to the service. It must be set to the value of the set-cookie header in the response received to the POST /authenticate/ call."
                                label="Cookie"
                                name="Cookie"
                                nogen="true"
                                required="false"
                                testWith=""
                                type="string"/>
                  </input>
                  <binding>
                     <restSimpleBinding multiUsing="semicolonSeparated"
                                        url="http://{$hostName}/integrations/osscontainer/{$namePathParam}"
                                        verb="DELETE">
                        <httpHeaders>
                           <header name="Content-Type">application/oracle-compute-v3+json</header>
                           <header name="Accept">application/oracle-compute-v3+json</header>
                           <header name="Cookie">{$Cookie}</header>
                        </httpHeaders>
                     </restSimpleBinding>
                  </binding>
                  <output/>
               </action>
               <action category="OSSContainers"
                       failOnError="true"
                       forSearch="false"
                       label="updateOSSContainer"
                       maxRedirects="100"
                       name="updateOSSContainer"
                       preemptiveAuth="true"
                       responseEncoding="">
                  <description>Update an Oracle Cloud Infrastructure Object Storage Classic Container. You can modify only the value of the &lt;code&gt;delete_remote&lt;/code&gt; attribute of the OSS container. The &lt;code&gt;delete_remote&lt;/code&gt; attribute defines whether the remote storage container and its objects will be deleted when the local OSS container object is deleted. Updates the specified local OSS container object in Compute Classic. This request does not impact the remote Oracle Cloud Infrastructure Object Storage Classic container.&lt;p&gt;&lt;b&gt;Prerequisite:&lt;/b&gt; Ensure that you have selected a replication policy for your Oracle Cloud Infrastructure Object Storage Classic instance. See &lt;a target="_blank" href="http://www.oracle.com/pls/topic/lookup?ctx=stcomputecs&amp;id=CSSTO-GUID-5D53C11F-3D9E-43E4-8D1D-DDBB95DEC715"&gt;Selecting a Replication Policy for Your Service Instance&lt;/a&gt; in &lt;em&gt;Using Oracle Cloud Infrastructure Object Storage Classic&lt;/em&gt;.&lt;/p&gt;&lt;p&gt;&lt;b&gt;Required Role: &lt;/b&gt;To complete this task, you must have the &lt;code&gt;Compute_Operations&lt;/code&gt; role. If this role isn't assigned to you or you're not sure, then ask your system administrator to ensure that the role is assigned to you in Oracle Cloud My Services. See &lt;a target="_blank" href="http://www.oracle.com/pls/topic/lookup?ctx=stcomputecs&amp;id=MMOCS-GUID-54C2E747-7D5B-451C-A39C-77936178EBB6"&gt;Modifying User Roles&lt;/a&gt; in &lt;em&gt;Managing and Monitoring Oracle Cloud&lt;/em&gt;.</description>
                  <input>
                     <parameter description="The three-part name of the object (&lt;code&gt;/Compute-&lt;em&gt;identity_domain&lt;/em&gt;/&lt;em&gt;user&lt;/em&gt;/&lt;em&gt;object&lt;/em&gt;&lt;/code&gt;)."
                                label="namePathParam"
                                name="namePathParam"
                                nogen="true"
                                required="true"
                                testWith=""
                                type="string"/>
                     <parameter label="body"
                                name="body"
                                required="true"
                                testWith=""
                                type="reference">
                        <options>
                           <option name="referenceTo">OSSContainer_put_request</option>
                        </options>
                     </parameter>
                     <parameter description="The Cookie: header must be included with every request to the service. It must be set to the value of the set-cookie header in the response received to the POST /authenticate/ call."
                                label="Cookie"
                                name="Cookie"
                                nogen="true"
                                required="false"
                                testWith=""
                                type="string"/>
                  </input>
                  <binding>
                     <restSimpleBinding multiUsing="semicolonSeparated"
                                        url="http://{$hostName}/integrations/osscontainer/{$namePathParam}"
                                        verb="PUT">
                        <httpHeaders>
                           <header name="Content-Type">application/oracle-compute-v3+json</header>
                           <header name="Accept">application/oracle-compute-v3+json</header>
                           <header name="Cookie">{$Cookie}</header>
                        </httpHeaders>
                        <body generateUsing="UnwrappedJSON" preserveJsonStringFormatting="false"/>
                     </restSimpleBinding>
                  </binding>
                  <output>
                     <field description="OK. See &lt;a class=&#34;xref&#34; href=&#34;Status%20Codes.html&#34;&gt;Status Codes&lt;/a&gt; for information about other possible HTTP status codes."
                            entireResponse="true"
                            name="OSSContainer_response"
                            type="reference">
                        <options>
                           <option name="referenceTo">OSSContainer_response</option>
                        </options>
                     </field>
                  </output>
               </action>
               <action category="OSSContainers"
                       failOnError="true"
                       forSearch="false"
                       label="addOSSContainer"
                       maxRedirects="100"
                       name="addOSSContainer"
                       preemptiveAuth="true"
                       responseEncoding="">
                  <description>Create an Oracle Cloud Infrastructure Object Storage Classic Container. Creates a container in Oracle Cloud Infrastructure Object Storage Classic.&lt;p&gt;After creating a container in Oracle Cloud Infrastructure Object Storage Classic, you can fetch its details. See &lt;a target="_blank" href="http://www.oracle.com/pls/topic/lookup?ctx=cloud&amp;amp;id=CSSTO-GUID-1A8B51E1-B214-49C6-B506-BC6098739985"&gt;Managing Containers in Oracle Cloud Infrastructure Object Storage Classic&lt;/a&gt; in &lt;i&gt;Using Oracle Cloud Infrastructure Object Storage Classic&lt;/i&gt;.&lt;p&gt;&lt;b&gt;Prerequisite:&lt;/b&gt; Ensure that you have selected a replication policy for your Oracle Cloud Infrastructure Object Storage Classic instance. See &lt;a target="_blank" href="http://www.oracle.com/pls/topic/lookup?ctx=stcomputecs&amp;id=CSSTO-GUID-5D53C11F-3D9E-43E4-8D1D-DDBB95DEC715"&gt;Selecting a Replication Policy for Your Service Instance&lt;/a&gt; in &lt;em&gt;Using Oracle Cloud Infrastructure Object Storage Classic&lt;/em&gt;.&lt;/p&gt;&lt;p&gt;&lt;b&gt;Required Role: &lt;/b&gt;To complete this task, you must have the &lt;code&gt;Compute_Operations&lt;/code&gt; role. If this role isn't assigned to you or you're not sure, then ask your system administrator to ensure that the role is assigned to you in Oracle Cloud My Services. See &lt;a target="_blank" href="http://www.oracle.com/pls/topic/lookup?ctx=stcomputecs&amp;id=MMOCS-GUID-54C2E747-7D5B-451C-A39C-77936178EBB6"&gt;Modifying User Roles&lt;/a&gt; in &lt;em&gt;Managing and Monitoring Oracle Cloud&lt;/em&gt;.</description>
                  <input>
                     <parameter label="body"
                                name="body"
                                required="true"
                                testWith=""
                                type="reference">
                        <options>
                           <option name="referenceTo">OSSContainer_post_request</option>
                        </options>
                     </parameter>
                     <parameter description="The Cookie: header must be included with every request to the service. It must be set to the value of the set-cookie header in the response received to the POST /authenticate/ call."
                                label="Cookie"
                                name="Cookie"
                                nogen="true"
                                required="false"
                                testWith=""
                                type="string"/>
                  </input>
                  <binding>
                     <restSimpleBinding multiUsing="semicolonSeparated"
                                        url="http://{$hostName}/integrations/osscontainer/"
                                        verb="POST">
                        <httpHeaders>
                           <header name="Content-Type">application/oracle-compute-v3+json</header>
                           <header name="Accept">application/oracle-compute-v3+json</header>
                           <header name="Cookie">{$Cookie}</header>
                        </httpHeaders>
                        <body generateUsing="UnwrappedJSON" preserveJsonStringFormatting="false"/>
                     </restSimpleBinding>
                  </binding>
                  <output/>
               </action>
               <action category="OSSContainers"
                       failOnError="true"
                       forSearch="false"
                       label="discoverRootOSSContainer"
                       maxRedirects="100"
                       name="discoverRootOSSContainer"
                       preemptiveAuth="true"
                       responseEncoding="">
                  <description>Retrieve Names of Containers. Retrieves the names of containers that contain objects that you can access. You can use this information to construct the multipart name of an object.&lt;p&gt;&lt;b&gt;Required Role: &lt;/b&gt;To complete this task, you must have the &lt;code&gt;Compute_Monitor&lt;/code&gt; or &lt;code&gt;Compute_Operations&lt;/code&gt; role. If this role isn't assigned to you or you're not sure, then ask your system administrator to ensure that the role is assigned to you in Oracle Cloud My Services. See &lt;a target="_blank" href="http://www.oracle.com/pls/topic/lookup?ctx=stcomputecs&amp;id=MMOCS-GUID-54C2E747-7D5B-451C-A39C-77936178EBB6"&gt;Modifying User Roles&lt;/a&gt; in &lt;em&gt;Managing and Monitoring Oracle Cloud&lt;/em&gt;.</description>
                  <input>
                     <parameter description="The Cookie: header must be included with every request to the service. It must be set to the value of the set-cookie header in the response received to the POST /authenticate/ call."
                                label="Cookie"
                                name="Cookie"
                                nogen="true"
                                required="false"
                                testWith=""
                                type="string"/>
                  </input>
                  <binding>
                     <restSimpleBinding multiUsing="semicolonSeparated"
                                        url="http://{$hostName}/integrations/osscontainer/"
                                        verb="GET">
                        <httpHeaders>
                           <header name="Content-Type">application/oracle-compute-v3+json</header>
                           <header name="Accept">application/oracle-compute-v3+directory+json</header>
                           <header name="Cookie">{$Cookie}</header>
                        </httpHeaders>
                     </restSimpleBinding>
                  </binding>
                  <output>
                     <field description="OK. See &lt;a class=&#34;xref&#34; href=&#34;Status%20Codes.html&#34;&gt;Status Codes&lt;/a&gt; for information about other possible HTTP status codes."
                            entireResponse="true"
                            name="OSSContainer_discover_response"
                            type="reference">
                        <options>
                           <option name="referenceTo">OSSContainer_discover_response</option>
                        </options>
                     </field>
                  </output>
               </action>
               <action category="OSSContainers"
                       failOnError="true"
                       forSearch="false"
                       label="discoverOSSContainer"
                       maxRedirects="100"
                       name="discoverOSSContainer"
                       preemptiveAuth="true"
                       responseEncoding="">
                  <description>Retrieve Names of all Oracle Cloud Infrastructure Object Storage Classic Containers and Subcontainers in a Container. Retrieves names of all Oracle Cloud Infrastructure Object Storage Classic containers. &lt;p&gt;&lt;b&gt;Required Role: &lt;/b&gt;To complete this task, you must have the &lt;code&gt;Compute_Operations&lt;/code&gt; role. If this role isn't assigned to you or you're not sure, then ask your system administrator to ensure that the role is assigned to you in Oracle Cloud My Services. See &lt;a target="_blank" href="http://www.oracle.com/pls/topic/lookup?ctx=stcomputecs&amp;id=MMOCS-GUID-54C2E747-7D5B-451C-A39C-77936178EBB6"&gt;Modifying User Roles&lt;/a&gt; in &lt;em&gt;Managing and Monitoring Oracle Cloud&lt;/em&gt;.</description>
                  <input>
                     <parameter description="Specify &lt;code&gt;/Compute-&lt;i&gt;identityDomain&lt;/i&gt;/&lt;i&gt;user&lt;/i&gt;/&lt;/code&gt; to retrieve the names of objects that you can access. Specify &lt;code&gt;/Compute-&lt;i&gt;identityDomain&lt;/i&gt;/&lt;/code&gt; to retrieve the names of containers that contain objects that you can access. Note: The path parameter &lt;code&gt;container&lt;/code&gt; does not refer to containers in Oracle Cloud Infrastructure Object Storage Classic. It refers to containers in Compute Classic, such as &lt;code&gt;/Compute-&lt;i&gt;identityDomain&lt;/i&gt;/&lt;i&gt;user&lt;/i&gt;/&lt;/code&gt; and &lt;code&gt;/Compute-&lt;i&gt;identityDomain&lt;/i&gt;/&lt;/code&gt;."
                                label="containerPathParam"
                                name="containerPathParam"
                                nogen="true"
                                required="true"
                                testWith=""
                                type="string"/>
                     <parameter description="The Cookie: header must be included with every request to the service. It must be set to the value of the set-cookie header in the response received to the POST /authenticate/ call."
                                label="Cookie"
                                name="Cookie"
                                nogen="true"
                                required="false"
                                testWith=""
                                type="string"/>
                  </input>
                  <binding>
                     <restSimpleBinding multiUsing="semicolonSeparated"
                                        url="http://{$hostName}/integrations/osscontainer/{$containerPathParam}"
                                        verb="GET">
                        <httpHeaders>
                           <header name="Content-Type">application/oracle-compute-v3+json</header>
                           <header name="Accept">application/oracle-compute-v3+directory+json</header>
                           <header name="Cookie">{$Cookie}</header>
                        </httpHeaders>
                     </restSimpleBinding>
                  </binding>
                  <output>
                     <field description="OK. See &lt;a class=&#34;xref&#34; href=&#34;Status%20Codes.html&#34;&gt;Status Codes&lt;/a&gt; for information about other possible HTTP status codes."
                            entireResponse="true"
                            name="OSSContainer_discover_response"
                            type="reference">
                        <options>
                           <option name="referenceTo">OSSContainer_discover_response</option>
                        </options>
                     </field>
                  </output>
               </action>
            </actions>
            <objects>
               <processObject xmlns="http://schemas.active-endpoints.com/appmodules/screenflow/2011/06/avosHostEnvironment.xsd"
                              isByCopy="true"
                              name="HourlyInterval">
                  <description/>
                  <detail/>
               </processObject>
               <processObject xmlns="http://schemas.active-endpoints.com/appmodules/screenflow/2011/06/avosHostEnvironment.xsd"
                              isByCopy="true"
                              name="OSSContainer_list_response">
                  <description/>
                  <detail>
                     <field name="result" type="objectlist">
                        <options>
                           <option name="referenceTo">OSSContainer_response</option>
                           <option name="relationshipName">Child</option>
                        </options>
                     </field>
                  </detail>
               </processObject>
               <processObject xmlns="http://schemas.active-endpoints.com/appmodules/screenflow/2011/06/avosHostEnvironment.xsd"
                              isByCopy="true"
                              name="OSSContainer_discover_response">
                  <description/>
                  <detail>
                     <field name="result" type="objectlist">
                        <options>
                           <option name="referenceTo">string</option>
                           <option name="relationshipName">Child</option>
                        </options>
                     </field>
                  </detail>
               </processObject>
               <processObject xmlns="http://schemas.active-endpoints.com/appmodules/screenflow/2011/06/avosHostEnvironment.xsd"
                              isByCopy="true"
                              name="OSSContainer_put_request">
                  <description>The request body contains details of the Oracle Cloud Infrastructure Object Storage Classic container that you want to update. </description>
                  <detail>
                     <field name="delete_remote" type="boolean"/>
                     <field name="account" type="string"/>
                  </detail>
               </processObject>
               <processObject xmlns="http://schemas.active-endpoints.com/appmodules/screenflow/2011/06/avosHostEnvironment.xsd"
                              isByCopy="true"
                              name="OSSContainer_post_request">
                  <description>The request body contains details of the Oracle Cloud Infrastructure Object Storage Classic container that you want to create. </description>
                  <detail>
                     <field name="container" type="string"/>
                     <field name="delete_remote" type="boolean"/>
                     <field name="name" type="string"/>
                     <field name="account" type="string"/>
                  </detail>
               </processObject>
               <processObject xmlns="http://schemas.active-endpoints.com/appmodules/screenflow/2011/06/avosHostEnvironment.xsd"
                              isByCopy="true"
                              name="OSSContainer_response">
                  <description/>
                  <detail>
                     <field name="container" type="string"/>
                     <field name="creation_time" type="string"/>
                     <field name="error_reason" type="string"/>
                     <field name="georeplication_details" type="object"/>
                     <field name="georeplication_policy" type="string"/>
                     <field name="delete_remote" type="boolean"/>
                     <field name="deletion_progress" type="string"/>
                     <field name="name" type="string"/>
                     <field name="state" type="string"/>
                     <field name="uri" type="string"/>
                     <field name="modification_time" type="string"/>
                     <field name="account" type="string"/>
                  </detail>
               </processObject>
               <processObject xmlns="http://schemas.active-endpoints.com/appmodules/screenflow/2011/06/avosHostEnvironment.xsd"
                              isByCopy="true"
                              name="DailyWeeklyInterval">
                  <description/>
                  <detail/>
               </processObject>
               <processObject xmlns="http://schemas.active-endpoints.com/appmodules/screenflow/2011/06/avosHostEnvironment.xsd"
                              isByCopy="true"
                              name="Interval">
                  <description>There are two kinds of Intervals. Each Interval has its own JSON format. Your Interval field should look like one of the following:&lt;p&gt;&lt;ul&gt;&lt;li&gt;&lt;code&gt;"interval":{"Hourly":{"hourlyInterval":2}}&lt;/code&gt;&lt;/li&gt;&lt;li&gt;&lt;code&gt;{"DailyWeekly":{"daysOfWeek":["MONDAY"],"timeOfDay":"03:15","userTimeZone":"America/Los_Angeles"}}&lt;/code&gt;&lt;/li&gt;&lt;/ul&gt;&lt;p&gt;Days of the week is any day of the week fully capitalized (MONDAY, TUESDAY, etc). The user time zone is any IANA user timezone.  For example user time zones see &lt;a href="https://en.wikipedia.org/wiki/IANA_time_zone_database"&gt;List of IANA time zones&lt;/a&gt;.</description>
                  <detail/>
               </processObject>
               <processObject xmlns="http://schemas.active-endpoints.com/appmodules/screenflow/2011/06/avosHostEnvironment.xsd"
                              isByCopy="true"
                              name="string">
                  <description/>
                  <detail>
                     <field name="string" type="string"/>
                  </detail>
               </processObject>
               <processObject xmlns="http://schemas.active-endpoints.com/appmodules/screenflow/2011/06/avosHostEnvironment.xsd"
                              isByCopy="true"
                              name="boolean">
                  <description/>
                  <detail>
                     <field name="boolean" type="boolean"/>
                  </detail>
               </processObject>
               <processObject xmlns="http://schemas.active-endpoints.com/appmodules/screenflow/2011/06/avosHostEnvironment.xsd"
                              isByCopy="true"
                              name="double">
                  <description/>
                  <detail>
                     <field name="double" type="double"/>
                  </detail>
               </processObject>
               <processObject xmlns="http://schemas.active-endpoints.com/appmodules/screenflow/2011/06/avosHostEnvironment.xsd"
                              isByCopy="true"
                              name="integer">
                  <description/>
                  <detail>
                     <field name="integer" type="int"/>
                  </detail>
               </processObject>
            </objects>
         </businessConnector>
      </types1:Entry>
      <types1:GUID>5KdC480FpkNd1RQpahk6em</types1:GUID>
      <types1:DisplayName>Oracle Cloud Infrastructure Compute OSSContainers API v18-1-2</types1:DisplayName>
   </types1:Item>
   <types1:CurrentServerDateTime>2019-02-25T09:24:12.193Z</types1:CurrentServerDateTime>
</aetgt:getResponse>
