<aetgt:getResponse xmlns:aetgt="http://schemas.active-endpoints.com/appmodules/repository/2010/10/avrepository.xsd"
                   xmlns:types1="http://schemas.active-endpoints.com/appmodules/repository/2010/10/avrepository.xsd">
   <types1:Item>
      <types1:EntryId>cmpiZ4i61KoJBUh-gt-3244821-2019-01-24T00:42:20.45Z::svc.xml</types1:EntryId>
      <types1:Name>Concur_Request_Group_Configurations_API_v3-1</types1:Name>
      <types1:MimeType>application/xml+businesssconnector</types1:MimeType>
      <types1:Description>Requests allow travelers to submit travel plans, expected expenses, and expected cash advance needs prior to spending funds. Request policies define the required information and workflow for the requests. This API provides the details of the Request policies for the supplied user ID.</types1:Description>
      <types1:AppliesTo/>
      <types1:Tags/>
      <types1:VersionLabel>1.0</types1:VersionLabel>
      <types1:State>CURRENT</types1:State>
      <types1:ProcessGroup/>
      <types1:CreatedBy>sorabh@na1.dm-us.org</types1:CreatedBy>
      <types1:CreationDate>2019-01-24T00:42:20Z</types1:CreationDate>
      <types1:ModifiedBy>sorabh@na1.dm-us.org</types1:ModifiedBy>
      <types1:ModificationDate>2019-02-12T08:30:13Z</types1:ModificationDate>
      <types1:PublicationStatus>published</types1:PublicationStatus>
      <types1:PublishedBy>sorabh@na1.dm-us.org</types1:PublishedBy>
      <types1:PublicationDate>2019-02-12T08:30:19Z</types1:PublicationDate>
      <types1:PublishedContributionId>project:/rt.connector/Concur_Request_Group_Configurations_API_v3_1/Concur_Request_Group_Configurations_API_v3_1_svcDef.xml</types1:PublishedContributionId>
      <types1:AutosaveExists>false</types1:AutosaveExists>
      <types1:Entry>
         <businessConnector xmlns="http://schemas.informatica.com/socrates/data-services/2014/05/business-connector-model.xsd"
                            agentOnly="false"
                            debug="false"
                            displayName="Concur Request Group Configurations API v3-1"
                            label=""
                            name="Concur_Request_Group_Configurations_API_v3-1"
                            uuid="5c8247be-cd60-4248-b5d1-7d7ebfea3104">
            <description>Requests allow travelers to submit travel plans, expected expenses, and expected cash advance needs prior to spending funds. Request policies define the required information and workflow for the requests. This API provides the details of the Request policies for the supplied user ID.</description>
            <tags/>
            <connectionAttributes xmlns="http://schemas.informatica.com/appmodules/screenflow/2014/04/avosConnectors.xsd">
               <connectionAttribute description="Host Name"
                                    masked="false"
                                    name="hostName"
                                    required="true"
                                    testWith="www.concursolutions.com"
                                    type="string"/>
            </connectionAttributes>
            <actions>
               <action category="Resources"
                       failOnError="true"
                       forSearch="false"
                       label="GET_travelrequest_requestgroupconfigurations"
                       maxRedirects="100"
                       name="GET_travelrequest_requestgroupconfigurations"
                       preemptiveAuth="true"
                       responseEncoding="">
                  <description>Get all Request group configurations. Get a Request group configuration owned by the user based on the search criteria.</description>
                  <input>
                     <parameter description="The login ID of the user. Optional. The user must have the Web Services Admin (Professional) or Can Administer (Standard) user role to use this parameter."
                                label="user"
                                name="user"
                                required="false"
                                testWith=""
                                type="string"/>
                     <parameter description="Starting page offset"
                                label="offset"
                                name="offset"
                                required="false"
                                testWith=""
                                type="string"/>
                     <parameter description="Determines the number of records to return (default 10)"
                                label="limit"
                                name="limit"
                                required="false"
                                testWith=""
                                type="int"/>
                  </input>
                  <binding>
                     <restSimpleBinding multiUsing="semicolonSeparated"
                                        url="https://{$hostName}/api/v3.1/travelrequest/requestgroupconfigurations"
                                        verb="GET">
                        <httpHeaders>
                           <header name="Content-Type">application/json</header>
                           <header name="Accept">application/json</header>
                        </httpHeaders>
                     </restSimpleBinding>
                  </binding>
                  <output>
                     <field description="Success"
                            entireResponse="true"
                            name="RequestGroupConfigurationCollection"
                            type="reference">
                        <options>
                           <option name="referenceTo">RequestGroupConfigurationCollection</option>
                        </options>
                     </field>
                  </output>
               </action>
            </actions>
            <objects>
               <processObject xmlns="http://schemas.active-endpoints.com/appmodules/screenflow/2011/06/avosHostEnvironment.xsd"
                              isByCopy="true"
                              name="Policy">
                  <description/>
                  <detail>
                     <field name="IsDefault" type="boolean"/>
                     <field name="SegmentTypes" type="reference">
                        <options>
                           <option name="referenceTo">SegmentType</option>
                           <option name="relationshipName">Child</option>
                        </options>
                     </field>
                     <field name="NoCreation" type="boolean"/>
                     <field name="ID" type="string"/>
                     <field name="HeaderFormID" type="string"/>
                     <field name="Name" type="string"/>
                  </detail>
               </processObject>
               <processObject xmlns="http://schemas.active-endpoints.com/appmodules/screenflow/2011/06/avosHostEnvironment.xsd"
                              isByCopy="true"
                              name="SegmentType">
                  <description/>
                  <detail>
                     <field name="IconCode" type="string"/>
                     <field name="SegmentFormID" type="string"/>
                     <field name="DisplayOrder" type="int"/>
                     <field name="SegmentTypeCode" type="string"/>
                     <field name="ID" type="string"/>
                     <field name="SegmentCustomFormID" type="string"/>
                     <field name="Name" type="string"/>
                  </detail>
               </processObject>
               <processObject xmlns="http://schemas.active-endpoints.com/appmodules/screenflow/2011/06/avosHostEnvironment.xsd"
                              isByCopy="true"
                              name="AgencyOffice">
                  <description/>
                  <detail>
                     <field name="ID" type="string"/>
                     <field name="Name" type="string"/>
                  </detail>
               </processObject>
               <processObject xmlns="http://schemas.active-endpoints.com/appmodules/screenflow/2011/06/avosHostEnvironment.xsd"
                              isByCopy="true"
                              name="RequestGroupConfiguration">
                  <description/>
                  <detail>
                     <field name="Policies" type="reference">
                        <options>
                           <option name="referenceTo">Policy</option>
                           <option name="relationshipName">Child</option>
                        </options>
                     </field>
                     <field name="AgencyOffices" type="reference">
                        <options>
                           <option name="referenceTo">AgencyOffice</option>
                           <option name="relationshipName">Child</option>
                        </options>
                     </field>
                     <field name="DefaultPolicyID" type="string"/>
                     <field name="RequestTypes" type="reference">
                        <options>
                           <option name="referenceTo">RequestType</option>
                           <option name="relationshipName">Child</option>
                        </options>
                     </field>
                     <field name="ID" type="string"/>
                     <field name="URI" type="string"/>
                     <field name="Name" type="string"/>
                  </detail>
               </processObject>
               <processObject xmlns="http://schemas.active-endpoints.com/appmodules/screenflow/2011/06/avosHostEnvironment.xsd"
                              isByCopy="true"
                              name="RequestGroupConfigurationCollection">
                  <description/>
                  <detail>
                     <field name="Items" type="reference">
                        <options>
                           <option name="referenceTo">RequestGroupConfiguration</option>
                           <option name="relationshipName">Child</option>
                        </options>
                     </field>
                     <field name="NextPage" type="string"/>
                  </detail>
               </processObject>
               <processObject xmlns="http://schemas.active-endpoints.com/appmodules/screenflow/2011/06/avosHostEnvironment.xsd"
                              isByCopy="true"
                              name="RequestType">
                  <description/>
                  <detail>
                     <field name="Code" type="string"/>
                     <field name="Name" type="string"/>
                  </detail>
               </processObject>
               <processObject xmlns="http://schemas.active-endpoints.com/appmodules/screenflow/2011/06/avosHostEnvironment.xsd"
                              isByCopy="true"
                              name="string">
                  <description/>
                  <detail>
                     <field name="string" type="string"/>
                  </detail>
               </processObject>
               <processObject xmlns="http://schemas.active-endpoints.com/appmodules/screenflow/2011/06/avosHostEnvironment.xsd"
                              isByCopy="true"
                              name="boolean">
                  <description/>
                  <detail>
                     <field name="boolean" type="boolean"/>
                  </detail>
               </processObject>
               <processObject xmlns="http://schemas.active-endpoints.com/appmodules/screenflow/2011/06/avosHostEnvironment.xsd"
                              isByCopy="true"
                              name="double">
                  <description/>
                  <detail>
                     <field name="double" type="double"/>
                  </detail>
               </processObject>
               <processObject xmlns="http://schemas.active-endpoints.com/appmodules/screenflow/2011/06/avosHostEnvironment.xsd"
                              isByCopy="true"
                              name="integer">
                  <description/>
                  <detail>
                     <field name="integer" type="int"/>
                  </detail>
               </processObject>
            </objects>
         </businessConnector>
      </types1:Entry>
      <types1:GUID>2vPFiO7ZhV3lLX6zZbFb40</types1:GUID>
      <types1:DisplayName>Concur Request Group Configurations API v3-1</types1:DisplayName>
   </types1:Item>
   <types1:CurrentServerDateTime>2019-02-22T09:42:48.042Z</types1:CurrentServerDateTime>
</aetgt:getResponse>
