<aetgt:getResponse xmlns:aetgt="http://schemas.active-endpoints.com/appmodules/repository/2010/10/avrepository.xsd"
                   xmlns:types1="http://schemas.active-endpoints.com/appmodules/repository/2010/10/avrepository.xsd">
   <types1:Item>
      <types1:EntryId>2IuAaabbfZk9EW4-gt-526407-2019-12-22T05:20:53.869Z::svc.xml</types1:EntryId>
      <types1:Name>SAP_Ariba_Asset_Management_REST_API_v1</types1:Name>
      <types1:MimeType>application/xml+businesssconnector</types1:MimeType>
      <types1:Description>The Asset Management API enables you to assign unique values to asset line items on requisitions before purchase orders are generated. You use this API to create a client application to do the following:
* Get the count of requisitions consisting of asset items.
* Get requisitions consisting of line items configured as assets in the SAP Ariba Procurement solution.
* Assign unique values to asset items on requisitions fetched from the SAP Ariba Procurement solution.</types1:Description>
      <types1:AppliesTo/>
      <types1:Tags/>
      <types1:VersionLabel>1.0</types1:VersionLabel>
      <types1:State>CURRENT</types1:State>
      <types1:ProcessGroup/>
      <types1:CreatedBy>sorabh@na1.dm-us.org</types1:CreatedBy>
      <types1:CreationDate>2019-12-22T05:20:54Z</types1:CreationDate>
      <types1:ModifiedBy/>
      <types1:PublicationStatus>published</types1:PublicationStatus>
      <types1:PublishedBy>sorabh@na1.dm-us.org</types1:PublishedBy>
      <types1:PublicationDate>2019-12-22T05:21:10Z</types1:PublicationDate>
      <types1:PublishedContributionId>project:/rt.connector/SAP_Ariba_Asset_Management_REST_API_v1/SAP_Ariba_Asset_Management_REST_API_v1_svcDef.xml</types1:PublishedContributionId>
      <types1:AutosaveExists>false</types1:AutosaveExists>
      <types1:Entry>
         <businessConnector xmlns="http://schemas.informatica.com/socrates/data-services/2014/05/business-connector-model.xsd"
                            agentOnly="false"
                            debug="false"
                            displayName="SAP Ariba Asset Management REST API v1"
                            label=""
                            name="SAP_Ariba_Asset_Management_REST_API_v1"
                            uuid="0ec8c8f5-8224-47d0-aaf9-0acfc073497c">
            <description>The Asset Management API enables you to assign unique values to asset line items on requisitions before purchase orders are generated. You use this API to create a client application to do the following:
* Get the count of requisitions consisting of asset items.
* Get requisitions consisting of line items configured as assets in the SAP Ariba Procurement solution.
* Assign unique values to asset items on requisitions fetched from the SAP Ariba Procurement solution.</description>
            <tags/>
            <connectionAttributes xmlns="http://schemas.informatica.com/appmodules/screenflow/2014/04/avosConnectors.xsd">
               <connectionAttribute description="Host Name"
                                    masked="false"
                                    name="hostName"
                                    required="true"
                                    testWith="sandbox.api.sap.com"
                                    type="string"/>
            </connectionAttributes>
            <actions>
               <action category="Asset Requisition"
                       failOnError="true"
                       forSearch="false"
                       label="Gets the total count of requisitions consisting of asset line items"
                       maxRedirects="100"
                       name="Gets the total count of requisitions consisting of asset line items"
                       preemptiveAuth="true"
                       responseEncoding="">
                  <description>Gets total number of requisitions that have asset line items. Returns the count of requisitions consisting of asset line items</description>
                  <input>
                     <parameter description="Unique identifier of the realm"
                                label="realm"
                                name="realm"
                                required="true"
                                testWith=""
                                type="string"/>
                  </input>
                  <binding>
                     <restSimpleBinding multiUsing="semicolonSeparated"
                                        url="https://{$hostName}/ariba/api/asset-management/v1/sandbox/requisitions/$count"
                                        verb="GET">
                        <httpHeaders>
                           <header name="Content-Type">application/json</header>
                           <header name="Accept">text/plain</header>
                        </httpHeaders>
                     </restSimpleBinding>
                  </binding>
                  <output/>
               </action>
               <action category="Asset Requisition"
                       failOnError="true"
                       forSearch="false"
                       label="Get list of asset requisitions"
                       maxRedirects="100"
                       name="Get list of asset requisitions"
                       preemptiveAuth="true"
                       responseEncoding="">
                  <description>Returns requisitions that match specified criteria. Returns a list of requisitions consisting of asset line items based on specified filter criteria</description>
                  <input>
                     <parameter description="Unique identifier of the realm"
                                label="realm"
                                name="realm"
                                required="true"
                                testWith=""
                                type="string"/>
                     <parameter description="This parameter is used to filter requisitions based on one or more attributes. For example: TimeCreated eq 2018-09-26T09:00:00Z TimeUpdated eq 2018-09-27T09:00:00Z"
                                label="$filter"
                                name="$filter"
                                required="false"
                                testWith=""
                                type="string"/>
                     <parameter description="This parameter is set to true to get the total number of requisitions consisting of asset line items. For example, $count=true"
                                label="$count"
                                name="$count"
                                required="false"
                                testWith=""
                                type="string"/>
                     <parameter description="Number of asset-based requisitions to be returned"
                                label="$top"
                                name="$top"
                                required="false"
                                testWith=""
                                type="int"/>
                     <parameter description="Number of asset-based requisitions to be skipped (offset)"
                                label="$skip"
                                name="$skip"
                                required="false"
                                testWith=""
                                type="int"/>
                  </input>
                  <binding>
                     <restSimpleBinding multiUsing="semicolonSeparated"
                                        url="https://{$hostName}/ariba/api/asset-management/v1/sandbox/requisitions"
                                        verb="GET">
                        <httpHeaders>
                           <header name="Content-Type">application/json</header>
                           <header name="Accept">application/json</header>
                        </httpHeaders>
                     </restSimpleBinding>
                  </binding>
                  <output>
                     <field description="Details of the requisitions"
                            entireResponse="true"
                            name="RequisitionDetails"
                            type="reference">
                        <options>
                           <option name="referenceTo">RequisitionDetails</option>
                        </options>
                     </field>
                  </output>
               </action>
               <action category="Asset Requisition"
                       failOnError="true"
                       forSearch="false"
                       label="Update asset based requisitions"
                       maxRedirects="100"
                       name="Update asset based requisitions"
                       preemptiveAuth="true"
                       responseEncoding="">
                  <description>Update asset-based requisitions. Update the asset values on requisitions using the asset records created in the external system</description>
                  <input>
                     <parameter description="Asset data collection"
                                label="request"
                                name="request"
                                required="true"
                                testWith=""
                                type="reference">
                        <options>
                           <option name="referenceTo">AssetDataCollection</option>
                        </options>
                     </parameter>
                     <parameter description="Unique identifier of the realm"
                                label="realm"
                                name="realm"
                                required="true"
                                testWith=""
                                type="string"/>
                  </input>
                  <binding>
                     <restSimpleBinding multiUsing="semicolonSeparated"
                                        url="https://{$hostName}/ariba/api/asset-management/v1/sandbox/requisitions/batch/assets"
                                        verb="POST">
                        <httpHeaders>
                           <header name="Content-Type">application/json</header>
                           <header name="Accept">application/json</header>
                        </httpHeaders>
                        <body generateUsing="UnwrappedJSON" preserveJsonStringFormatting="false"/>
                     </restSimpleBinding>
                  </binding>
                  <output/>
               </action>
            </actions>
            <objects>
               <processObject xmlns="http://schemas.active-endpoints.com/appmodules/screenflow/2011/06/avosHostEnvironment.xsd"
                              isByCopy="true"
                              name="Named">
                  <description/>
                  <detail>
                     <field name="uniqueName" type="string"/>
                     <field name="name" type="string"/>
                  </detail>
               </processObject>
               <processObject xmlns="http://schemas.active-endpoints.com/appmodules/screenflow/2011/06/avosHostEnvironment.xsd"
                              isByCopy="true"
                              name="Money">
                  <description/>
                  <detail>
                     <field name="amount" type="double"/>
                     <field name="currency" type="string"/>
                  </detail>
               </processObject>
               <processObject xmlns="http://schemas.active-endpoints.com/appmodules/screenflow/2011/06/avosHostEnvironment.xsd"
                              isByCopy="true"
                              name="AssetDataCollection">
                  <description/>
                  <detail/>
               </processObject>
               <processObject xmlns="http://schemas.active-endpoints.com/appmodules/screenflow/2011/06/avosHostEnvironment.xsd"
                              isByCopy="true"
                              name="ReqLineItem">
                  <description/>
                  <detail>
                     <field name="assetLineType" type="string"/>
                     <field name="amount" type="reference">
                        <options>
                           <option name="referenceTo">Money</option>
                           <option name="relationshipName">Child</option>
                        </options>
                     </field>
                     <field name="quantity" type="double"/>
                     <field name="WBSElement" type="string"/>
                     <field name="accountCategory" type="object"/>
                     <field name="itemCategory" type="string"/>
                     <field name="description" type="reference">
                        <options>
                           <option name="referenceTo">LineItemDescription</option>
                           <option name="relationshipName">Child</option>
                        </options>
                     </field>
                     <field name="commonCommodityCode" type="string"/>
                     <field name="internalOrder" type="string"/>
                     <field name="assetGroup" type="int"/>
                     <field name="lineItem" type="double"/>
                     <field name="accountings" type="objectlist">
                        <options>
                           <option name="referenceTo">SplitAccounting</option>
                           <option name="relationshipName">Child</option>
                        </options>
                     </field>
                     <field name="numberInCollection" type="double"/>
                     <field name="purchaseGroup" type="object"/>
                     <field name="commodityExportMapEntry" type="object"/>
                     <field name="shipTo" type="reference">
                        <options>
                           <option name="referenceTo">Named</option>
                           <option name="relationshipName">Child</option>
                        </options>
                     </field>
                     <field name="splitAccountingType" type="string"/>
                  </detail>
               </processObject>
               <processObject xmlns="http://schemas.active-endpoints.com/appmodules/screenflow/2011/06/avosHostEnvironment.xsd"
                              isByCopy="true"
                              name="LineItemDescription">
                  <description/>
                  <detail>
                     <field name="unitOfMeasure" type="string"/>
                     <field name="price" type="reference">
                        <options>
                           <option name="referenceTo">Money</option>
                           <option name="relationshipName">Child</option>
                        </options>
                     </field>
                     <field name="shortName" type="string"/>
                  </detail>
               </processObject>
               <processObject xmlns="http://schemas.active-endpoints.com/appmodules/screenflow/2011/06/avosHostEnvironment.xsd"
                              isByCopy="true"
                              name="SplitAccounting">
                  <description/>
                  <detail>
                     <field name="assetLocation" type="object"/>
                     <field name="amount" type="double"/>
                     <field name="quantity" type="double"/>
                     <field name="costCenter" type="reference">
                        <options>
                           <option name="referenceTo">Named</option>
                           <option name="relationshipName">Child</option>
                        </options>
                     </field>
                     <field name="generalLedger" type="string"/>
                     <field name="percentage" type="double"/>
                     <field name="assetDescription" type="string"/>
                     <field name="assetClass" type="reference">
                        <options>
                           <option name="referenceTo">Named</option>
                           <option name="relationshipName">Child</option>
                        </options>
                     </field>
                     <field name="asset" type="object"/>
                  </detail>
               </processObject>
               <processObject xmlns="http://schemas.active-endpoints.com/appmodules/screenflow/2011/06/avosHostEnvironment.xsd"
                              isByCopy="true"
                              name="ErrorResponse">
                  <description/>
                  <detail>
                     <field name="details" type="objectlist">
                        <options>
                           <option name="referenceTo">string</option>
                           <option name="relationshipName">Child</option>
                        </options>
                     </field>
                     <field name="message" type="string"/>
                     <field name="error" type="string"/>
                  </detail>
               </processObject>
               <processObject xmlns="http://schemas.active-endpoints.com/appmodules/screenflow/2011/06/avosHostEnvironment.xsd"
                              isByCopy="true"
                              name="RequisitionDetails">
                  <description/>
                  <detail>
                     <field name="companyCode" type="object"/>
                     <field name="requester" type="string"/>
                     <field name="lineItems" type="objectlist">
                        <options>
                           <option name="referenceTo">ReqLineItem</option>
                           <option name="relationshipName">Child</option>
                        </options>
                     </field>
                     <field name="uniqueName" type="string"/>
                     <field name="count" type="double"/>
                     <field name="title" type="string"/>
                     <field name="status" type="string"/>
                  </detail>
               </processObject>
               <processObject xmlns="http://schemas.active-endpoints.com/appmodules/screenflow/2011/06/avosHostEnvironment.xsd"
                              isByCopy="true"
                              name="string">
                  <description/>
                  <detail>
                     <field name="string" type="string"/>
                  </detail>
               </processObject>
               <processObject xmlns="http://schemas.active-endpoints.com/appmodules/screenflow/2011/06/avosHostEnvironment.xsd"
                              isByCopy="true"
                              name="boolean">
                  <description/>
                  <detail>
                     <field name="boolean" type="boolean"/>
                  </detail>
               </processObject>
               <processObject xmlns="http://schemas.active-endpoints.com/appmodules/screenflow/2011/06/avosHostEnvironment.xsd"
                              isByCopy="true"
                              name="double">
                  <description/>
                  <detail>
                     <field name="double" type="double"/>
                  </detail>
               </processObject>
               <processObject xmlns="http://schemas.active-endpoints.com/appmodules/screenflow/2011/06/avosHostEnvironment.xsd"
                              isByCopy="true"
                              name="integer">
                  <description/>
                  <detail>
                     <field name="integer" type="int"/>
                  </detail>
               </processObject>
               <processObject xmlns="http://schemas.active-endpoints.com/appmodules/screenflow/2011/06/avosHostEnvironment.xsd"
                              isByCopy="true"
                              name="BadRequest">
                  <description>Bad request, invalid inputs</description>
                  <detail/>
               </processObject>
               <processObject xmlns="http://schemas.active-endpoints.com/appmodules/screenflow/2011/06/avosHostEnvironment.xsd"
                              isByCopy="true"
                              name="Forbidden">
                  <description>Forbidden!!!</description>
                  <detail/>
               </processObject>
               <processObject xmlns="http://schemas.active-endpoints.com/appmodules/screenflow/2011/06/avosHostEnvironment.xsd"
                              isByCopy="true"
                              name="Unauthorized">
                  <description>Unauthorized request. Either the OAuth token has expired, or the OAuth token is incorrect.</description>
                  <detail/>
               </processObject>
               <processObject xmlns="http://schemas.active-endpoints.com/appmodules/screenflow/2011/06/avosHostEnvironment.xsd"
                              isByCopy="true"
                              name="InternalServerError">
                  <description>Your request is not processed because of a server error</description>
                  <detail/>
               </processObject>
            </objects>
         </businessConnector>
      </types1:Entry>
      <types1:GUID>gnnTqFrvLQhkwIvYN5VvKj</types1:GUID>
      <types1:DisplayName>SAP Ariba Asset Management REST API v1</types1:DisplayName>
   </types1:Item>
   <types1:CurrentServerDateTime>2019-12-22T05:25:02.95Z</types1:CurrentServerDateTime>
</aetgt:getResponse>
