{"EntryId":{"$t":"1CfUSJRS4JtlI20-gt-141963-2018-09-21T00:47:38.39Z::pd.xml"},"Name":{"$t":"Generate_Plus_Codes_from_street_address"},"MimeType":{"$t":"application\/xml+process"},"Description":{"$t":"Take a street address as input, converts that to lat\/lng points, which are then used to generate  Plus Code addresses.  https:\/\/plus.codes\/"},"AppliesTo":{},"Tags":{"$t":".anonymous"},"VersionLabel":{"$t":"1.0"},"State":{"$t":"CURRENT"},"ProcessGroup":{},"CreatedBy":{"$t":"gstasko@UW-POC.edu"},"CreationDate":{"$t":"2018-09-21T00:47:38Z"},"ModifiedBy":{},"PublicationStatus":{"$t":"unpublished"},"AutosaveExists":{"$t":"false"},"Entry":{"process":{"displayName":"Generate Plus Codes from street address","name":"Generate_Plus_Codes_from_street_address","xmlns":"http:\/\/schemas.active-endpoints.com\/appmodules\/screenflow\/2010\/10\/avosScreenflow.xsd","xmlns$aetgt":"http:\/\/schemas.active-endpoints.com\/appmodules\/repository\/2010\/10\/avrepository.xsd","xmlns$list":"urn:activevos:spi:list:functions","appliesTo":{},"description":{"$t":"Take a street address as input, converts that to lat\/lng points, which are then used to generate  Plus Code addresses.  https:\/\/plus.codes\/"},"tags":{"$t":".anonymous"},"generator":{"$t":"Informatica Process Designer 9"},"input":{"parameter":{"description":"","name":"address_input","required":"true","type":"string","options":{"option":{"name":"required","$t":"false"}}}},"output":{"field":[{"description":"","name":"LatLngOUT","type":"string","options":{"option":{"name":"required","$t":"false"}}},{"description":"","name":"CompoundCodeOUT","type":"string","options":{"option":{"name":"required","$t":"false"}}},{"description":"","name":"GlobalCodeOUT","type":"string","options":{"option":{"name":"required","$t":"false"}}},{"description":"","name":"StreetAddressOUT","type":"string","options":{"option":{"name":"required","$t":"false"}}}]},"tempFields":{"field":{"description":"","name":"LatLngTMP","type":"string","options":{"option":{"name":"required","$t":"false"}}}},"notes":{},"deployment":{"suspendOnFault":"false","tracingLevel":"none","rest":{"allowAnonymousAccess":{}}},"flow":{"id":"a","start":{"id":"b","link":{"id":"jm83bsot","targetId":"jm83bsos"}},"service":[{"id":"jm83bsos","title":{"$t":"Convert address to lat\/lng"},"serviceName":{"$t":"Google-Geocode-API-actions:geocodeAddress"},"serviceGUID":{"$t":"cjhWjaN9owociwYw2ztPUI"},"serviceInput":{"parameter":{"name":"address","source":"field","updatable":"true","$t":"input.address_input"}},"link":{"id":"jm83ggy0","targetId":"jm83ggxz"}},{"id":"jm83ggyi","title":{"$t":"Generate Plus code addresses"},"serviceName":{"$t":"Google-Geocode-API-actions:geocodeLatLang"},"serviceGUID":{"$t":"cjhWjaN9owociwYw2ztPUI"},"serviceInput":{"parameter":{"name":"latlng","source":"field","updatable":"true","$t":"temp.LatLngTMP"}},"link":{"id":"jm83ggzo","targetId":"jm83ggz0"}}],"assignment":[{"id":"jm83ggxz","title":{"$t":"create lat\/lng variable uxing CONCAT"},"operation":{"source":"formula","to":"temp.LatLngTMP","expression":{"language":"XQuery","$t":"fn:concat($output.lat , \", \", $output.lng )"}},"link":{"id":"jm83ggyj","targetId":"jm83ggyi"}},{"id":"jm83ggz0","title":{"$t":"Configure outputs"},"operation":[{"source":"field","to":"output.GlobalCodeOUT","$t":"output.global_code"},{"source":"field","to":"output.CompoundCodeOUT","$t":"output.compound_code"},{"source":"field","to":"output.LatLngOUT","$t":"temp.LatLngTMP"},{"source":"field","to":"output.StreetAddressOUT","$t":"output.formatted_address"}],"link":{"id":"jm83ggz2","targetId":"c"}}],"end":{"id":"c"}}}},"GUID":{"$t":"jBGgcVpLRSUlF6buNRlTso"},"DisplayName":{"$t":"Generate Plus Codes from street address"}}