{"EntryId":{"$t":"chy8NTYglxbdypK-gt-140161-2018-09-21T00:47:38.034Z::conn.xml"},"Name":{"$t":"Google-Geocode-API-actions"},"ParentFlowIds":{"$t":"1CfUSJRS4JtlI20-gt-141963-2018-09-21T00:47:38.39Z::pd.xml"},"MimeType":{"$t":"application\/xml+connection"},"Description":{"$t":"A connection built on the Google Geocode Connector."},"AppliesTo":{},"Tags":{},"VersionLabel":{"$t":"1.0"},"State":{"$t":"CURRENT"},"ProcessGroup":{},"CreatedBy":{"$t":"gstasko@UW-POC.edu"},"CreationDate":{"$t":"2018-09-21T00:47:38Z"},"ModifiedBy":{},"PublicationStatus":{"$t":"unpublished"},"AutosaveExists":{"$t":"false"},"Entry":{"connection":{"displayName":"Google-Geocode-API-actions","label":"Google-Geocode-API-actions","name":"Google-Geocode-API-actions","xmlns":"http:\/\/schemas.informatica.com\/socrates\/data-services\/2014\/04\/avosConnections.xsd","xmlns$aetgt":"http:\/\/schemas.active-endpoints.com\/appmodules\/repository\/2010\/10\/avrepository.xsd","description":{"$t":"A connection built on the Google Geocode Connector."},"tags":{},"agent":{},"attributes":{"attribute":{"encrypted":"true","name":"key","value":""}},"businessConnector":{"agentOnly":"false","connectorPath":"project:\/rt.connector\/Google_Geocode_API\/Google_Geocode_API_svcDef.xml","name":"Google_Geocode_API","supportsConnectionTest":"false","uuid":"8084bf62-3511-4d1e-a211-1023577f1a45","xmlns":"http:\/\/schemas.informatica.com\/appmodules\/screenflow\/2014\/04\/avosConnectors.xsd","description":{"$t":"Use Google's Simple Geocoding Web Service.  Takes a delimited address and returns latitude and longitude coordinates, and the fully formatted address."}}}},"GUID":{"$t":"cjhWjaN9owociwYw2ztPUI"},"DisplayName":{"$t":"Google-Geocode-API-actions"}}