<aetgt:getResponse xmlns:aetgt="http://schemas.active-endpoints.com/appmodules/repository/2010/10/avrepository.xsd"
                   xmlns:types1="http://schemas.active-endpoints.com/appmodules/repository/2010/10/avrepository.xsd">
   <types1:Item>
      <types1:EntryId>SM8NciZBpDUQbgd-gt-574147-2019-12-22T10:50:56.718Z::svc.xml</types1:EntryId>
      <types1:Name>SAP_Ariba_Operational_Reporting_for_Sourcing_-_Job_Submission_REST_API_v2</types1:Name>
      <types1:MimeType>application/xml+businesssconnector</types1:MimeType>
      <types1:Description>The SAP Ariba Operational Reporting APIs for Strategic Sourcing enables you to report on the transactional procurement data that you need to make operational decisions. You use the API to create a client application that extracts reportable data. The client application posts a reporting job to the jobs queue specifying a reporting view template.</types1:Description>
      <types1:AppliesTo/>
      <types1:Tags/>
      <types1:VersionLabel>1.0</types1:VersionLabel>
      <types1:State>CURRENT</types1:State>
      <types1:ProcessGroup/>
      <types1:CreatedBy>sorabh@na1.dm-us.org</types1:CreatedBy>
      <types1:CreationDate>2019-12-22T10:50:57Z</types1:CreationDate>
      <types1:ModifiedBy/>
      <types1:PublicationStatus>published</types1:PublicationStatus>
      <types1:PublishedBy>sorabh@na1.dm-us.org</types1:PublishedBy>
      <types1:PublicationDate>2019-12-22T10:51:00Z</types1:PublicationDate>
      <types1:PublishedContributionId>project:/rt.connector/SAP_Ariba_Operational_Reporting_for_Sourcing___Job_Submission_REST_API_v2/SAP_Ariba_Operational_Reporting_for_Sourcing___Job_Submission_REST_API_v2_svcDef.xml</types1:PublishedContributionId>
      <types1:AutosaveExists>false</types1:AutosaveExists>
      <types1:Entry>
         <businessConnector xmlns="http://schemas.informatica.com/socrates/data-services/2014/05/business-connector-model.xsd"
                            agentOnly="false"
                            debug="false"
                            displayName="SAP Ariba Operational Reporting for Sourcing - Job Submission REST API v2"
                            label=""
                            name="SAP_Ariba_Operational_Reporting_for_Sourcing_-_Job_Submission_REST_API_v2"
                            uuid="9060a36f-05f0-43d8-a4f6-36d138a60386">
            <description>The SAP Ariba Operational Reporting APIs for Strategic Sourcing enables you to report on the transactional procurement data that you need to make operational decisions. You use the API to create a client application that extracts reportable data. The client application posts a reporting job to the jobs queue specifying a reporting view template.</description>
            <tags/>
            <connectionAttributes xmlns="http://schemas.informatica.com/appmodules/screenflow/2014/04/avosConnectors.xsd">
               <connectionAttribute description="Host Name"
                                    masked="false"
                                    name="hostName"
                                    required="true"
                                    testWith="sandbox.api.sap.com"
                                    type="string"/>
            </connectionAttributes>
            <actions>
               <action category="Job Submission"
                       failOnError="true"
                       forSearch="false"
                       label="postJobRequestForUser"
                       maxRedirects="100"
                       name="postJobRequestForUser"
                       preemptiveAuth="true"
                       responseEncoding="">
                  <description>Submit a job for a view template to retrieve data for a particular transaction document type. Submit job Request</description>
                  <input>
                     <parameter description="Customer realm name"
                                label="realm"
                                name="realm"
                                required="true"
                                testWith=""
                                type="string"/>
                     <parameter description="The request body for create view template api"
                                label="body"
                                name="body"
                                required="true"
                                testWith=""
                                type="reference">
                        <options>
                           <option name="referenceTo">SubmitJobRequest</option>
                        </options>
                     </parameter>
                  </input>
                  <binding>
                     <restSimpleBinding multiUsing="semicolonSeparated"
                                        url="https://{$hostName}/ariba/api/sourcing-reporting-job/v1/sandbox/jobs"
                                        verb="POST">
                        <httpHeaders>
                           <header name="Content-Type">application/json</header>
                           <header name="Accept">application/json</header>
                        </httpHeaders>
                        <body generateUsing="UnwrappedJSON" preserveJsonStringFormatting="false"/>
                     </restSimpleBinding>
                  </binding>
                  <output>
                     <field description="Successful Response"
                            entireResponse="true"
                            name="SubmitJobResponse"
                            type="reference">
                        <options>
                           <option name="referenceTo">SubmitJobResponse</option>
                        </options>
                     </field>
                  </output>
               </action>
            </actions>
            <objects>
               <processObject xmlns="http://schemas.active-endpoints.com/appmodules/screenflow/2011/06/avosHostEnvironment.xsd"
                              isByCopy="true"
                              name="InvalidViewTemplate">
                  <description>Job not found</description>
                  <detail>
                     <field name="code" type="string"/>
                     <field name="message" type="string"/>
                  </detail>
               </processObject>
               <processObject xmlns="http://schemas.active-endpoints.com/appmodules/screenflow/2011/06/avosHostEnvironment.xsd"
                              isByCopy="true"
                              name="Filters">
                  <description/>
                  <detail>
                     <field name="updatedDateFrom" type="string"/>
                     <field name="updatedDateTo" type="string"/>
                  </detail>
               </processObject>
               <processObject xmlns="http://schemas.active-endpoints.com/appmodules/screenflow/2011/06/avosHostEnvironment.xsd"
                              isByCopy="true"
                              name="SubmitJobRequest">
                  <description/>
                  <detail>
                     <field name="viewTemplateName" type="string"/>
                     <field name="filters" type="reference">
                        <options>
                           <option name="referenceTo">Filters</option>
                           <option name="relationshipName">Child</option>
                        </options>
                     </field>
                  </detail>
               </processObject>
               <processObject xmlns="http://schemas.active-endpoints.com/appmodules/screenflow/2011/06/avosHostEnvironment.xsd"
                              isByCopy="true"
                              name="InvalidFilter">
                  <description/>
                  <detail>
                     <field name="code" type="string"/>
                     <field name="message" type="string"/>
                  </detail>
               </processObject>
               <processObject xmlns="http://schemas.active-endpoints.com/appmodules/screenflow/2011/06/avosHostEnvironment.xsd"
                              isByCopy="true"
                              name="SubmitJobResponse">
                  <description/>
                  <detail>
                     <field name="jobId" type="string"/>
                     <field name="createdDate" type="string"/>
                     <field name="documentType" type="string"/>
                     <field name="viewTemplateName" type="string"/>
                     <field name="selectAttributesSnap" type="objectlist">
                        <options>
                           <option name="referenceTo">string</option>
                           <option name="relationshipName">Child</option>
                        </options>
                     </field>
                     <field name="files" type="objectlist">
                        <options>
                           <option name="referenceTo">string</option>
                           <option name="relationshipName">Child</option>
                        </options>
                     </field>
                     <field name="filters" type="reference">
                        <options>
                           <option name="referenceTo">Filters</option>
                           <option name="relationshipName">Child</option>
                        </options>
                     </field>
                     <field name="filterExpressionsSnap" type="objectlist">
                        <options>
                           <option name="referenceTo">FilterExpression</option>
                           <option name="relationshipName">Child</option>
                        </options>
                     </field>
                     <field name="status" type="string"/>
                  </detail>
               </processObject>
               <processObject xmlns="http://schemas.active-endpoints.com/appmodules/screenflow/2011/06/avosHostEnvironment.xsd"
                              isByCopy="true"
                              name="Unauthorized">
                  <description>Unauthorized request. Check oauth token is expired or you are not using correct oauth token.</description>
                  <detail>
                     <field name="code" type="string"/>
                     <field name="message" type="string"/>
                  </detail>
               </processObject>
               <processObject xmlns="http://schemas.active-endpoints.com/appmodules/screenflow/2011/06/avosHostEnvironment.xsd"
                              isByCopy="true"
                              name="InvalidBodyFormat">
                  <description>The request Payload is not valid</description>
                  <detail>
                     <field name="code" type="string"/>
                     <field name="message" type="string"/>
                  </detail>
               </processObject>
               <processObject xmlns="http://schemas.active-endpoints.com/appmodules/screenflow/2011/06/avosHostEnvironment.xsd"
                              isByCopy="true"
                              name="FilterExpression">
                  <description/>
                  <detail>
                     <field name="op" type="string"/>
                     <field name="field" type="string"/>
                     <field name="defaultValue" type="string"/>
                     <field name="name" type="string"/>
                  </detail>
               </processObject>
               <processObject xmlns="http://schemas.active-endpoints.com/appmodules/screenflow/2011/06/avosHostEnvironment.xsd"
                              isByCopy="true"
                              name="string">
                  <description/>
                  <detail>
                     <field name="string" type="string"/>
                  </detail>
               </processObject>
               <processObject xmlns="http://schemas.active-endpoints.com/appmodules/screenflow/2011/06/avosHostEnvironment.xsd"
                              isByCopy="true"
                              name="boolean">
                  <description/>
                  <detail>
                     <field name="boolean" type="boolean"/>
                  </detail>
               </processObject>
               <processObject xmlns="http://schemas.active-endpoints.com/appmodules/screenflow/2011/06/avosHostEnvironment.xsd"
                              isByCopy="true"
                              name="double">
                  <description/>
                  <detail>
                     <field name="double" type="double"/>
                  </detail>
               </processObject>
               <processObject xmlns="http://schemas.active-endpoints.com/appmodules/screenflow/2011/06/avosHostEnvironment.xsd"
                              isByCopy="true"
                              name="integer">
                  <description/>
                  <detail>
                     <field name="integer" type="int"/>
                  </detail>
               </processObject>
            </objects>
         </businessConnector>
      </types1:Entry>
      <types1:GUID>1pUXFzbXpJCdosmFhKFfyZ</types1:GUID>
      <types1:DisplayName>SAP Ariba Operational Reporting for Sourcing - Job Submission REST API v2</types1:DisplayName>
   </types1:Item>
   <types1:CurrentServerDateTime>2019-12-22T10:59:26.664Z</types1:CurrentServerDateTime>
</aetgt:getResponse>
