<aetgt:getResponse xmlns:aetgt="http://schemas.active-endpoints.com/appmodules/repository/2010/10/avrepository.xsd"
                   xmlns:types1="http://schemas.active-endpoints.com/appmodules/repository/2010/10/avrepository.xsd">
   <types1:Item>
      <types1:EntryId>uxTtlI20hELlBWl-gt-3244805-2019-01-24T00:42:20.337Z::svc.xml</types1:EntryId>
      <types1:Name>Concur_List_Items_API_v3</types1:Name>
      <types1:MimeType>application/xml+businesssconnector</types1:MimeType>
      <types1:Description>The List Item API provides an automated solution to clients who would like to manage list items. This API provides methods to view, add, update or delete list items owned by the specified lists.</types1:Description>
      <types1:AppliesTo/>
      <types1:Tags/>
      <types1:VersionLabel>1.0</types1:VersionLabel>
      <types1:State>CURRENT</types1:State>
      <types1:ProcessGroup/>
      <types1:CreatedBy>sorabh@na1.dm-us.org</types1:CreatedBy>
      <types1:CreationDate>2019-01-24T00:42:20Z</types1:CreationDate>
      <types1:ModifiedBy/>
      <types1:PublicationStatus>published</types1:PublicationStatus>
      <types1:PublishedBy>sorabh@na1.dm-us.org</types1:PublishedBy>
      <types1:PublicationDate>2019-01-24T00:42:27Z</types1:PublicationDate>
      <types1:PublishedContributionId>project:/rt.connector/Concur_List_Items_API_v3/Concur_List_Items_API_v3_svcDef.xml</types1:PublishedContributionId>
      <types1:AutosaveExists>false</types1:AutosaveExists>
      <types1:Entry>
         <businessConnector xmlns="http://schemas.informatica.com/socrates/data-services/2014/05/business-connector-model.xsd"
                            agentOnly="false"
                            debug="false"
                            displayName="Concur List Items API v3"
                            label=""
                            name="Concur_List_Items_API_v3"
                            uuid="c8465b75-41e2-4952-8792-e06dc10e9bb3">
            <description>The List Item API provides an automated solution to clients who would like to manage list items. This API provides methods to view, add, update or delete list items owned by the specified lists.</description>
            <tags/>
            <connectionAttributes xmlns="http://schemas.informatica.com/appmodules/screenflow/2014/04/avosConnectors.xsd">
               <connectionAttribute description="Host Name"
                                    masked="false"
                                    name="hostName"
                                    required="true"
                                    testWith="www.concursolutions.com"
                                    type="string"/>
            </connectionAttributes>
            <actions>
               <action category="Resources"
                       failOnError="true"
                       forSearch="false"
                       label="GET_common_listitems_id_"
                       maxRedirects="100"
                       name="GET_common_listitems_id_"
                       preemptiveAuth="true"
                       responseEncoding="">
                  <description>Get a single listitem by ID. Returns a listitem by ID.</description>
                  <input>
                     <parameter description="The unique identifier for the listItem."
                                label="idPathParam"
                                name="idPathParam"
                                nogen="true"
                                required="true"
                                testWith=""
                                type="string"/>
                     <parameter description="The unique identifier for the list this item is a member."
                                label="listId"
                                name="listId"
                                required="false"
                                testWith=""
                                type="string"/>
                  </input>
                  <binding>
                     <restSimpleBinding multiUsing="semicolonSeparated"
                                        url="https://{$hostName}/api/v3.0/common/listitems/{$idPathParam}"
                                        verb="GET">
                        <httpHeaders>
                           <header name="Content-Type">application/json</header>
                           <header name="Accept">application/json</header>
                        </httpHeaders>
                     </restSimpleBinding>
                  </binding>
                  <output>
                     <field description="Success"
                            entireResponse="true"
                            name="ListItemGet"
                            type="reference">
                        <options>
                           <option name="referenceTo">ListItemGet</option>
                        </options>
                     </field>
                  </output>
               </action>
               <action category="Resources"
                       failOnError="true"
                       forSearch="false"
                       label="DELETE_common_listitems_id_"
                       maxRedirects="100"
                       name="DELETE_common_listitems_id_"
                       preemptiveAuth="true"
                       responseEncoding="">
                  <description>Delete listitem by ID. Deletes the specified listitem</description>
                  <input>
                     <parameter description="The unique identifier of the listitem to delete"
                                label="idPathParam"
                                name="idPathParam"
                                nogen="true"
                                required="true"
                                testWith=""
                                type="string"/>
                     <parameter description="The unique identifier of the list associated with a listitem to be deleted"
                                label="listId"
                                name="listId"
                                required="true"
                                testWith=""
                                type="string"/>
                  </input>
                  <binding>
                     <restSimpleBinding multiUsing="semicolonSeparated"
                                        url="https://{$hostName}/api/v3.0/common/listitems/{$idPathParam}"
                                        verb="DELETE">
                        <httpHeaders>
                           <header name="Content-Type">application/json</header>
                           <header name="Accept">application/json</header>
                        </httpHeaders>
                     </restSimpleBinding>
                  </binding>
                  <output>
                     <field description="Success"
                            entireResponse="true"
                            name="Void"
                            type="reference">
                        <options>
                           <option name="referenceTo">Void</option>
                        </options>
                     </field>
                  </output>
               </action>
               <action category="Resources"
                       failOnError="true"
                       forSearch="false"
                       label="PUT_common_listitems_id_"
                       maxRedirects="100"
                       name="PUT_common_listitems_id_"
                       preemptiveAuth="true"
                       responseEncoding="">
                  <description>Update listitem. Updates listitem specified in the URL. Only the fields provided in the supplied object will be updated, missing fields will not be altered.</description>
                  <input>
                     <parameter description="The unique identifier for the listItem."
                                label="idPathParam"
                                name="idPathParam"
                                nogen="true"
                                required="true"
                                testWith=""
                                type="string"/>
                     <parameter description="The listitem object to update"
                                label="content"
                                name="content"
                                required="true"
                                testWith=""
                                type="reference">
                        <options>
                           <option name="referenceTo">ListItemPut</option>
                        </options>
                     </parameter>
                  </input>
                  <binding>
                     <restSimpleBinding multiUsing="semicolonSeparated"
                                        url="https://{$hostName}/api/v3.0/common/listitems/{$idPathParam}"
                                        verb="PUT">
                        <httpHeaders>
                           <header name="Content-Type">application/json</header>
                           <header name="Accept">application/json</header>
                        </httpHeaders>
                        <body generateUsing="UnwrappedJSON" preserveJsonStringFormatting="false"/>
                     </restSimpleBinding>
                  </binding>
                  <output>
                     <field description="Success"
                            entireResponse="true"
                            name="Void"
                            type="reference">
                        <options>
                           <option name="referenceTo">Void</option>
                        </options>
                     </field>
                  </output>
               </action>
               <action category="Resources"
                       failOnError="true"
                       forSearch="false"
                       label="POST_common_listitems"
                       maxRedirects="100"
                       name="POST_common_listitems"
                       preemptiveAuth="true"
                       responseEncoding="">
                  <description>Create a new listitem. Create a new listitem</description>
                  <input>
                     <parameter description="listitem object to create"
                                label="content"
                                name="content"
                                required="true"
                                testWith=""
                                type="reference">
                        <options>
                           <option name="referenceTo">ListItemPost</option>
                        </options>
                     </parameter>
                  </input>
                  <binding>
                     <restSimpleBinding multiUsing="semicolonSeparated"
                                        url="https://{$hostName}/api/v3.0/common/listitems"
                                        verb="POST">
                        <httpHeaders>
                           <header name="Content-Type">application/json</header>
                           <header name="Accept">application/json</header>
                        </httpHeaders>
                        <body generateUsing="UnwrappedJSON" preserveJsonStringFormatting="false"/>
                     </restSimpleBinding>
                  </binding>
                  <output>
                     <field description="Success"
                            entireResponse="true"
                            name="CreateResponse"
                            type="reference">
                        <options>
                           <option name="referenceTo">CreateResponse</option>
                        </options>
                     </field>
                  </output>
               </action>
               <action category="Resources"
                       failOnError="true"
                       forSearch="false"
                       label="GET_common_listitems"
                       maxRedirects="100"
                       name="GET_common_listitems"
                       preemptiveAuth="true"
                       responseEncoding="">
                  <description>Gets all listitems. Returns all list items based on the search criteria.</description>
                  <input>
                     <parameter description="The number of records to return. The default is 25 and the maximum is 100."
                                label="limit"
                                name="limit"
                                required="false"
                                testWith=""
                                type="int"/>
                     <parameter description="The start of the page offset. The default is from the beginning."
                                label="offset"
                                name="offset"
                                required="false"
                                testWith=""
                                type="string"/>
                     <parameter description="The unique identifier for the list this item is a member."
                                label="listId"
                                name="listId"
                                required="false"
                                testWith=""
                                type="string"/>
                     <parameter description="The name of the listItem. Text Max length: 64."
                                label="name"
                                name="name"
                                required="false"
                                testWith=""
                                type="string"/>
                     <parameter description="The unique identifier of this item's parent. Is empty when there is no parent."
                                label="parentId"
                                name="parentId"
                                required="false"
                                testWith=""
                                type="string"/>
                     <parameter description="The item code for the first level of the list. All lists have at least a Level1Code. Text maximum 32 characters"
                                label="level1Code"
                                name="level1Code"
                                required="false"
                                testWith=""
                                type="string"/>
                     <parameter description="The item code for the second level of the list. Empty when this level doesn't exist in the list. Text maximum 32 characters"
                                label="level2Code"
                                name="level2Code"
                                required="false"
                                testWith=""
                                type="string"/>
                     <parameter description="The item code for the third level of the list. Empty when this level doesn't exist in the list. Text maximum 32 characters"
                                label="level3Code"
                                name="level3Code"
                                required="false"
                                testWith=""
                                type="string"/>
                     <parameter description="The item code for the fourth level of the list. Empty when this level doesn't exist in the list. Text maximum 32 characters"
                                label="level4Code"
                                name="level4Code"
                                required="false"
                                testWith=""
                                type="string"/>
                     <parameter description="The item code for the fifth level of the list. Empty when this level doesn't exist in the list. Text maximum 32 characters"
                                label="level5Code"
                                name="level5Code"
                                required="false"
                                testWith=""
                                type="string"/>
                     <parameter description="The item code for the sixth level of the list. Empty when this level doesn't exist in the list. Text maximum 32 characters"
                                label="level6Code"
                                name="level6Code"
                                required="false"
                                testWith=""
                                type="string"/>
                     <parameter description="The item code for the seventh level of the list. Empty when this level doesn't exist in the list. Text maximum 32 characters"
                                label="level7Code"
                                name="level7Code"
                                required="false"
                                testWith=""
                                type="string"/>
                     <parameter description="The item code for the eighth level of the list. Empty when this level doesn't exist in the list. Text maximum 32 characters"
                                label="level8Code"
                                name="level8Code"
                                required="false"
                                testWith=""
                                type="string"/>
                     <parameter description="The item code for the ninth level of the list. Empty when this level doesn't exist in the list. Text maximum 32 characters"
                                label="level9Code"
                                name="level9Code"
                                required="false"
                                testWith=""
                                type="string"/>
                     <parameter description="The item code for the tenth level of the list. Empty when this level doesn't exist in the list. Text maximum 32 characters"
                                label="level10Code"
                                name="level10Code"
                                required="false"
                                testWith=""
                                type="string"/>
                  </input>
                  <binding>
                     <restSimpleBinding multiUsing="semicolonSeparated"
                                        url="https://{$hostName}/api/v3.0/common/listitems"
                                        verb="GET">
                        <httpHeaders>
                           <header name="Content-Type">application/json</header>
                           <header name="Accept">application/json</header>
                        </httpHeaders>
                     </restSimpleBinding>
                  </binding>
                  <output>
                     <field description="Success"
                            entireResponse="true"
                            name="ListItemGetCollection"
                            type="reference">
                        <options>
                           <option name="referenceTo">ListItemGetCollection</option>
                        </options>
                     </field>
                  </output>
               </action>
            </actions>
            <objects>
               <processObject xmlns="http://schemas.active-endpoints.com/appmodules/screenflow/2011/06/avosHostEnvironment.xsd"
                              isByCopy="true"
                              name="ListItemGet">
                  <description/>
                  <detail>
                     <field name="Level7Code" type="string"/>
                     <field name="ParentID" type="string"/>
                     <field name="Level2Code" type="string"/>
                     <field name="Level4Code" type="string"/>
                     <field name="URI" type="string"/>
                     <field name="Level6Code" type="string"/>
                     <field name="Level8Code" type="string"/>
                     <field name="Name" type="string"/>
                     <field name="Level1Code" type="string"/>
                     <field name="Level10Code" type="string"/>
                     <field name="ListID" type="string"/>
                     <field name="ID" type="string"/>
                     <field name="Level3Code" type="string"/>
                     <field name="Level5Code" type="string"/>
                     <field name="Level9Code" type="string"/>
                  </detail>
               </processObject>
               <processObject xmlns="http://schemas.active-endpoints.com/appmodules/screenflow/2011/06/avosHostEnvironment.xsd"
                              isByCopy="true"
                              name="ListItemPost">
                  <description/>
                  <detail>
                     <field name="Level7Code" type="string"/>
                     <field name="Level1Code" type="string"/>
                     <field name="Level2Code" type="string"/>
                     <field name="Level10Code" type="string"/>
                     <field name="ListID" type="string"/>
                     <field name="Level4Code" type="string"/>
                     <field name="Level3Code" type="string"/>
                     <field name="Level5Code" type="string"/>
                     <field name="Level6Code" type="string"/>
                     <field name="Level9Code" type="string"/>
                     <field name="Level8Code" type="string"/>
                     <field name="Name" type="string"/>
                  </detail>
               </processObject>
               <processObject xmlns="http://schemas.active-endpoints.com/appmodules/screenflow/2011/06/avosHostEnvironment.xsd"
                              isByCopy="true"
                              name="CreateResponse">
                  <description/>
                  <detail>
                     <field name="ID" type="string"/>
                     <field name="URI" type="string"/>
                  </detail>
               </processObject>
               <processObject xmlns="http://schemas.active-endpoints.com/appmodules/screenflow/2011/06/avosHostEnvironment.xsd"
                              isByCopy="true"
                              name="ListItemPut">
                  <description/>
                  <detail>
                     <field name="ListID" type="string"/>
                     <field name="Code" type="string"/>
                     <field name="Name" type="string"/>
                  </detail>
               </processObject>
               <processObject xmlns="http://schemas.active-endpoints.com/appmodules/screenflow/2011/06/avosHostEnvironment.xsd"
                              isByCopy="true"
                              name="Void">
                  <description/>
                  <detail/>
               </processObject>
               <processObject xmlns="http://schemas.active-endpoints.com/appmodules/screenflow/2011/06/avosHostEnvironment.xsd"
                              isByCopy="true"
                              name="ListItemGetCollection">
                  <description/>
                  <detail>
                     <field name="Items" type="reference">
                        <options>
                           <option name="referenceTo">ListItemGet</option>
                           <option name="relationshipName">Child</option>
                        </options>
                     </field>
                     <field name="NextPage" type="string"/>
                  </detail>
               </processObject>
               <processObject xmlns="http://schemas.active-endpoints.com/appmodules/screenflow/2011/06/avosHostEnvironment.xsd"
                              isByCopy="true"
                              name="string">
                  <description/>
                  <detail>
                     <field name="string" type="string"/>
                  </detail>
               </processObject>
               <processObject xmlns="http://schemas.active-endpoints.com/appmodules/screenflow/2011/06/avosHostEnvironment.xsd"
                              isByCopy="true"
                              name="boolean">
                  <description/>
                  <detail>
                     <field name="boolean" type="boolean"/>
                  </detail>
               </processObject>
               <processObject xmlns="http://schemas.active-endpoints.com/appmodules/screenflow/2011/06/avosHostEnvironment.xsd"
                              isByCopy="true"
                              name="double">
                  <description/>
                  <detail>
                     <field name="double" type="double"/>
                  </detail>
               </processObject>
               <processObject xmlns="http://schemas.active-endpoints.com/appmodules/screenflow/2011/06/avosHostEnvironment.xsd"
                              isByCopy="true"
                              name="integer">
                  <description/>
                  <detail>
                     <field name="integer" type="int"/>
                  </detail>
               </processObject>
            </objects>
         </businessConnector>
      </types1:Entry>
      <types1:GUID>5rnAw5WlwzPbhYW7OporwC</types1:GUID>
      <types1:DisplayName>Concur List Items API v3</types1:DisplayName>
   </types1:Item>
   <types1:CurrentServerDateTime>2019-02-22T09:42:48.006Z</types1:CurrentServerDateTime>
</aetgt:getResponse>
