{
  "name" : "SAP S4HANA Sales Order -A2X- API v1",
  "sourceOrgId" : "6w10pMc8bwmkGpCQs9xkSM",
  "sourceOrgName" : "IICS iPaaS",
  "exportedObjects" : [ {
    "objectGuid" : "00m3cKr9AGOjGY55vZSASH",
    "objectName" : "Service Connectors",
    "objectType" : "Folder",
    "path" : "/Explore/Shared assets",
    "metadata" : {
      "modelVersion" : {
        "major" : 0,
        "minor" : 0
      },
      "repoInfo" : null,
      "objectRefs" : [ ],
      "contextAttributes" : [ ],
      "additionalInfo" : {
        "description" : "",
        "contentType" : "Binary",
        "documentState" : "COMPLETE"
      }
    }
  }, {
    "objectGuid" : "ggBCq2oREmwlhnrVobpHiX",
    "objectName" : "SAP S4HANA Sales Order -A2X- API v1",
    "objectType" : "AI_SERVICE_CONNECTOR",
    "path" : "/Explore/Shared assets/Service Connectors",
    "metadata" : {
      "modelVersion" : {
        "major" : 1,
        "minor" : 0
      },
      "repoInfo" : {
        "repoHandle" : "QeBAGE7pppppppp-gt-1785238-2019-11-13T03:33:07.693Z::svc.xml"
      },
      "objectRefs" : [ ],
      "contextAttributes" : null,
      "additionalInfo" : {
        "description" : "In every API call, you can make  use of the following operations:\n - You can retrieve  sales orders. Apply any of the filters provided or  retrieve all existing data.\n - You can create sales  orders. Note that you must use “deep insert”  requests (a header plus the following entities:  header partner, header pricing element, header  text, payment details, item, item partner, item  pricing element, and item text). You cannot create  entities without including any related entities.\n - For  existing sales orders, you can create new items.  Note that you must use “deep insert” requests  (with the following entities: item partner, item pricing  element, and item text). You cannot create entities  without including any related entities.\n - For existing  sales orders, you can update the header, header  partner, header pricing element, header text,  payment details, item, item partner, item pricing  element, and item text.\n - For existing sales  orders, you can delete the header, header partner,  header pricing element, header text, payment  details, item, item partner, item pricing element,  and item text.\n - You can accept or deny approval  requests for sales orders that cannot be processed  without the consent of an approver.",
        "contentType" : "application/json; charset=utf-8",
        "documentState" : "VALID"
      }
    }
  }, {
    "objectGuid" : "almpU5d486xjg3tXw87BET",
    "objectName" : "Shared assets",
    "objectType" : "Project",
    "path" : "/Explore",
    "metadata" : {
      "modelVersion" : {
        "major" : 0,
        "minor" : 0
      },
      "repoInfo" : null,
      "objectRefs" : [ ],
      "contextAttributes" : [ ],
      "additionalInfo" : {
        "description" : "This Project contains shared assets",
        "contentType" : "Binary",
        "documentState" : "COMPLETE"
      }
    }
  } ]
}