<aetgt:getResponse xmlns:aetgt="http://schemas.active-endpoints.com/appmodules/repository/2010/10/avrepository.xsd"
                   xmlns:types1="http://schemas.active-endpoints.com/appmodules/repository/2010/10/avrepository.xsd">
   <types1:Item>
      <types1:EntryId>r5wq9bdsreK8ZAZ-gt-33375-2019-03-06T10:48:24.281Z::svc.xml</types1:EntryId>
      <types1:Name>GoToTraining_API_v1</types1:Name>
      <types1:MimeType>application/xml+businesssconnector</types1:MimeType>
      <types1:Description>TODO: Add Description</types1:Description>
      <types1:AppliesTo/>
      <types1:Tags/>
      <types1:VersionLabel>1.0</types1:VersionLabel>
      <types1:State>CURRENT</types1:State>
      <types1:ProcessGroup/>
      <types1:CreatedBy>stage2_pod1</types1:CreatedBy>
      <types1:CreationDate>2019-03-06T10:48:24Z</types1:CreationDate>
      <types1:ModifiedBy/>
      <types1:PublicationStatus>unpublished</types1:PublicationStatus>
      <types1:AutosaveExists>false</types1:AutosaveExists>
      <types1:Entry>
         <businessConnector xmlns="http://schemas.informatica.com/socrates/data-services/2014/05/business-connector-model.xsd"
                            agentOnly="false"
                            debug="false"
                            displayName="GoToTraining API v1"
                            label=""
                            name="GoToTraining_API_v1"
                            uuid="70f34a8d-1fd9-40c6-b94c-b28530a0887f">
            <description>TODO: Add Description</description>
            <tags/>
            <connectionAttributes xmlns="http://schemas.informatica.com/appmodules/screenflow/2014/04/avosConnectors.xsd">
               <connectionAttribute description="Host Name"
                                    masked="false"
                                    name="hostName"
                                    required="true"
                                    testWith="api.getgo.com"
                                    type="string"/>
            </connectionAttributes>
            <actions>
               <action category="Trainings"
                       failOnError="true"
                       forSearch="false"
                       label="OrganizersTrainingsTimesByOrganizerKeyAndTrainingKeyPut"
                       maxRedirects="100"
                       name="OrganizersTrainingsTimesByOrganizerKeyAndTrainingKeyPut"
                       preemptiveAuth="true"
                       responseEncoding="">
                  <description>Update Training Times</description>
                  <input>
                     <parameter label="Body"
                                name="Body"
                                required="true"
                                testWith=""
                                type="reference">
                        <options>
                           <option name="referenceTo">UpdateTrainingTimesRequest</option>
                        </options>
                     </parameter>
                     <parameter label="Content-Type"
                                name="Content-Type"
                                nogen="true"
                                required="true"
                                testWith=""
                                type="string"/>
                     <parameter label="Accept"
                                name="Accept"
                                nogen="true"
                                required="true"
                                testWith=""
                                type="string"/>
                     <parameter label="organizerKeyPathParam"
                                name="organizerKeyPathParam"
                                nogen="true"
                                required="true"
                                testWith=""
                                type="string"/>
                     <parameter label="trainingKeyPathParam"
                                name="trainingKeyPathParam"
                                nogen="true"
                                required="true"
                                testWith=""
                                type="string"/>
                  </input>
                  <binding>
                     <restSimpleBinding multiUsing="semicolonSeparated"
                                        url="https://{$hostName}/G2T/rest/organizers/{$organizerKeyPathParam}/trainings/{$trainingKeyPathParam}/times"
                                        verb="PUT">
                        <httpHeaders>
                           <header name="Content-Type">application/json</header>
                           <header name="Accept">application/json</header>
                           <header name="Content-Type">{$Content-Type}</header>
                           <header name="Accept">{$Accept}</header>
                        </httpHeaders>
                        <body generateUsing="UnwrappedJSON" preserveJsonStringFormatting="false"/>
                     </restSimpleBinding>
                  </binding>
                  <output/>
               </action>
               <action category="Recordings"
                       failOnError="true"
                       forSearch="false"
                       label="TrainingsRecordingsByTrainingKeyGet"
                       maxRedirects="100"
                       name="TrainingsRecordingsByTrainingKeyGet"
                       preemptiveAuth="true"
                       responseEncoding="">
                  <description>Get Online Recordings for Training</description>
                  <input>
                     <parameter label="Content-Type"
                                name="Content-Type"
                                nogen="true"
                                required="true"
                                testWith=""
                                type="string"/>
                     <parameter label="Accept"
                                name="Accept"
                                nogen="true"
                                required="true"
                                testWith=""
                                type="string"/>
                     <parameter label="trainingKeyPathParam"
                                name="trainingKeyPathParam"
                                nogen="true"
                                required="true"
                                testWith=""
                                type="string"/>
                  </input>
                  <binding>
                     <restSimpleBinding multiUsing="semicolonSeparated"
                                        url="https://{$hostName}/G2T/rest/trainings/{$trainingKeyPathParam}/recordings"
                                        verb="GET">
                        <httpHeaders>
                           <header name="Content-Type">application/json</header>
                           <header name="Accept">application/json</header>
                           <header name="Content-Type">{$Content-Type}</header>
                           <header name="Accept">{$Accept}</header>
                        </httpHeaders>
                     </restSimpleBinding>
                  </binding>
                  <output/>
               </action>
               <action category="Trainings"
                       failOnError="true"
                       forSearch="false"
                       label="TrainingsStartByTrainingKeyGet"
                       maxRedirects="100"
                       name="TrainingsStartByTrainingKeyGet"
                       preemptiveAuth="true"
                       responseEncoding="">
                  <description>Start Training</description>
                  <input>
                     <parameter label="Content-Type"
                                name="Content-Type"
                                nogen="true"
                                required="true"
                                testWith=""
                                type="string"/>
                     <parameter label="Accept"
                                name="Accept"
                                nogen="true"
                                required="true"
                                testWith=""
                                type="string"/>
                     <parameter label="trainingKeyPathParam"
                                name="trainingKeyPathParam"
                                nogen="true"
                                required="true"
                                testWith=""
                                type="string"/>
                  </input>
                  <binding>
                     <restSimpleBinding multiUsing="semicolonSeparated"
                                        url="https://{$hostName}/G2T/rest/trainings/{$trainingKeyPathParam}/start"
                                        verb="GET">
                        <httpHeaders>
                           <header name="Content-Type">application/json</header>
                           <header name="Accept">application/json</header>
                           <header name="Content-Type">{$Content-Type}</header>
                           <header name="Accept">{$Accept}</header>
                        </httpHeaders>
                     </restSimpleBinding>
                  </binding>
                  <output/>
               </action>
               <action category="Reports"
                       failOnError="true"
                       forSearch="false"
                       label="ReportsOrganizersSessionsAttendeesByOrganizerKeyAndSessionKeyGet"
                       maxRedirects="100"
                       name="ReportsOrganizersSessionsAttendeesByOrganizerKeyAndSessionKeyGet"
                       preemptiveAuth="true"
                       responseEncoding="">
                  <description>Get Attendance Details</description>
                  <input>
                     <parameter label="Content-Type"
                                name="Content-Type"
                                nogen="true"
                                required="true"
                                testWith=""
                                type="string"/>
                     <parameter label="Accept"
                                name="Accept"
                                nogen="true"
                                required="true"
                                testWith=""
                                type="string"/>
                     <parameter label="organizerKeyPathParam"
                                name="organizerKeyPathParam"
                                nogen="true"
                                required="true"
                                testWith=""
                                type="string"/>
                     <parameter label="sessionKeyPathParam"
                                name="sessionKeyPathParam"
                                nogen="true"
                                required="true"
                                testWith=""
                                type="string"/>
                  </input>
                  <binding>
                     <restSimpleBinding multiUsing="semicolonSeparated"
                                        url="https://{$hostName}/G2T/rest/reports/organizers/{$organizerKeyPathParam}/sessions/{$sessionKeyPathParam}/attendees"
                                        verb="GET">
                        <httpHeaders>
                           <header name="Content-Type">application/json</header>
                           <header name="Accept">application/json</header>
                           <header name="Content-Type">{$Content-Type}</header>
                           <header name="Accept">{$Accept}</header>
                        </httpHeaders>
                     </restSimpleBinding>
                  </binding>
                  <output/>
               </action>
               <action category="Trainings"
                       failOnError="true"
                       forSearch="false"
                       label="OrganizersTrainingsStartUrlByOrganizerKeyAndTrainingKeyGet"
                       maxRedirects="100"
                       name="OrganizersTrainingsStartUrlByOrganizerKeyAndTrainingKeyGet"
                       preemptiveAuth="true"
                       responseEncoding="">
                  <description>Get Start Url</description>
                  <input>
                     <parameter label="Content-Type"
                                name="Content-Type"
                                nogen="true"
                                required="true"
                                testWith=""
                                type="string"/>
                     <parameter label="Accept"
                                name="Accept"
                                nogen="true"
                                required="true"
                                testWith=""
                                type="string"/>
                     <parameter label="organizerKeyPathParam"
                                name="organizerKeyPathParam"
                                nogen="true"
                                required="true"
                                testWith=""
                                type="string"/>
                     <parameter label="trainingKeyPathParam"
                                name="trainingKeyPathParam"
                                nogen="true"
                                required="true"
                                testWith=""
                                type="string"/>
                  </input>
                  <binding>
                     <restSimpleBinding multiUsing="semicolonSeparated"
                                        url="https://{$hostName}/G2T/rest/organizers/{$organizerKeyPathParam}/trainings/{$trainingKeyPathParam}/startUrl"
                                        verb="GET">
                        <httpHeaders>
                           <header name="Content-Type">application/json</header>
                           <header name="Accept">application/json</header>
                           <header name="Content-Type">{$Content-Type}</header>
                           <header name="Accept">{$Accept}</header>
                        </httpHeaders>
                     </restSimpleBinding>
                  </binding>
                  <output/>
               </action>
               <action category="Trainings"
                       failOnError="true"
                       forSearch="false"
                       label="OrganizersTrainingsByOrganizerKeyPost"
                       maxRedirects="100"
                       name="OrganizersTrainingsByOrganizerKeyPost"
                       preemptiveAuth="true"
                       responseEncoding="">
                  <description>Create Training. *Required* * name: name of the training * startDate: Start time and date in {YYYY}-{MM}-{DD}T{HH}:{MM}:{SS}Z format * endDate: End time and date in {YYYY}-{MM}-{DD}T{HH}:{MM}:{SS}Z format *Optional* * Additional stateDate/endDate (creates additional sessions) * description: Description of the training * timeZone: See Time Zones page for valid strings * disableConfirmationEmail: true/false * disableWebRegistration: true/false * organizers: Add co-organizers to the session. Requires a multi-user account.</description>
                  <input>
                     <parameter label="Body"
                                name="Body"
                                required="true"
                                testWith=""
                                type="reference">
                        <options>
                           <option name="referenceTo">CreateTrainingRequest</option>
                        </options>
                     </parameter>
                     <parameter label="Content-Type"
                                name="Content-Type"
                                nogen="true"
                                required="true"
                                testWith=""
                                type="string"/>
                     <parameter label="Accept"
                                name="Accept"
                                nogen="true"
                                required="true"
                                testWith=""
                                type="string"/>
                     <parameter label="organizerKeyPathParam"
                                name="organizerKeyPathParam"
                                nogen="true"
                                required="true"
                                testWith=""
                                type="string"/>
                  </input>
                  <binding>
                     <restSimpleBinding multiUsing="semicolonSeparated"
                                        url="https://{$hostName}/G2T/rest/organizers/{$organizerKeyPathParam}/trainings"
                                        verb="POST">
                        <httpHeaders>
                           <header name="Content-Type">application/json</header>
                           <header name="Accept">application/json</header>
                           <header name="Content-Type">{$Content-Type}</header>
                           <header name="Accept">{$Accept}</header>
                        </httpHeaders>
                        <body generateUsing="UnwrappedJSON" preserveJsonStringFormatting="false"/>
                     </restSimpleBinding>
                  </binding>
                  <output/>
               </action>
               <action category="Trainings"
                       failOnError="true"
                       forSearch="false"
                       label="OrganizersTrainingsByOrganizerKeyGet"
                       maxRedirects="100"
                       name="OrganizersTrainingsByOrganizerKeyGet"
                       preemptiveAuth="true"
                       responseEncoding="">
                  <description>Get Trainings</description>
                  <input>
                     <parameter label="Content-Type"
                                name="Content-Type"
                                nogen="true"
                                required="true"
                                testWith=""
                                type="string"/>
                     <parameter label="Accept"
                                name="Accept"
                                nogen="true"
                                required="true"
                                testWith=""
                                type="string"/>
                     <parameter label="organizerKeyPathParam"
                                name="organizerKeyPathParam"
                                nogen="true"
                                required="true"
                                testWith=""
                                type="string"/>
                  </input>
                  <binding>
                     <restSimpleBinding multiUsing="semicolonSeparated"
                                        url="https://{$hostName}/G2T/rest/organizers/{$organizerKeyPathParam}/trainings"
                                        verb="GET">
                        <httpHeaders>
                           <header name="Content-Type">application/json</header>
                           <header name="Accept">application/json</header>
                           <header name="Content-Type">{$Content-Type}</header>
                           <header name="Accept">{$Accept}</header>
                        </httpHeaders>
                     </restSimpleBinding>
                  </binding>
                  <output/>
               </action>
               <action category="Reports"
                       failOnError="true"
                       forSearch="false"
                       label="ReportsOrganizersTrainingsByOrganizerKeyAndTrainingKeyGet"
                       maxRedirects="100"
                       name="ReportsOrganizersTrainingsByOrganizerKeyAndTrainingKeyGet"
                       preemptiveAuth="true"
                       responseEncoding="">
                  <description>Get Sessions by Training</description>
                  <input>
                     <parameter label="Content-Type"
                                name="Content-Type"
                                nogen="true"
                                required="true"
                                testWith=""
                                type="string"/>
                     <parameter label="Accept"
                                name="Accept"
                                nogen="true"
                                required="true"
                                testWith=""
                                type="string"/>
                     <parameter label="organizerKeyPathParam"
                                name="organizerKeyPathParam"
                                nogen="true"
                                required="true"
                                testWith=""
                                type="string"/>
                     <parameter label="trainingKeyPathParam"
                                name="trainingKeyPathParam"
                                nogen="true"
                                required="true"
                                testWith=""
                                type="string"/>
                  </input>
                  <binding>
                     <restSimpleBinding multiUsing="semicolonSeparated"
                                        url="https://{$hostName}/G2T/rest/reports/organizers/{$organizerKeyPathParam}/trainings/{$trainingKeyPathParam}"
                                        verb="GET">
                        <httpHeaders>
                           <header name="Content-Type">application/json</header>
                           <header name="Accept">application/json</header>
                           <header name="Content-Type">{$Content-Type}</header>
                           <header name="Accept">{$Accept}</header>
                        </httpHeaders>
                     </restSimpleBinding>
                  </binding>
                  <output/>
               </action>
               <action category="Registrations"
                       failOnError="true"
                       forSearch="false"
                       label="OrganizersTrainingsRegistrantsRegistrantKeyByOrganizerKeyAndTrainingKeyGet"
                       maxRedirects="100"
                       name="OrganizersTrainingsRegistrantsRegistrantKeyByOrganizerKeyAndTrainingKeyGet"
                       preemptiveAuth="true"
                       responseEncoding="">
                  <description>Get Registrant. Retrieves details for specific registrant in a specific training. *Registrants can be* * WAITING - registrant registered and is awaiting approval (where organizer has required approval) * APPROVED - registrant registered and is approved * DENIED - registrant registered and was not approved. *IMPORTANT* The registrant data caches are typically updated immediately and the data will be returned in the response. However, the update can take as long as two hours.</description>
                  <input>
                     <parameter label="Content-Type"
                                name="Content-Type"
                                nogen="true"
                                required="true"
                                testWith=""
                                type="string"/>
                     <parameter label="Accept"
                                name="Accept"
                                nogen="true"
                                required="true"
                                testWith=""
                                type="string"/>
                     <parameter label="organizerKeyPathParam"
                                name="organizerKeyPathParam"
                                nogen="true"
                                required="true"
                                testWith=""
                                type="string"/>
                     <parameter label="trainingKeyPathParam"
                                name="trainingKeyPathParam"
                                nogen="true"
                                required="true"
                                testWith=""
                                type="string"/>
                     <parameter label="registrantKeyPathParam"
                                name="registrantKeyPathParam"
                                nogen="true"
                                required="true"
                                testWith=""
                                type="string"/>
                  </input>
                  <binding>
                     <restSimpleBinding multiUsing="semicolonSeparated"
                                        url="https://{$hostName}/G2T/rest/organizers/{$organizerKeyPathParam}/trainings/{$trainingKeyPathParam}/registrants/{$registrantKeyPathParam}"
                                        verb="GET">
                        <httpHeaders>
                           <header name="Content-Type">application/json</header>
                           <header name="Accept">application/json</header>
                           <header name="Content-Type">{$Content-Type}</header>
                           <header name="Accept">{$Accept}</header>
                        </httpHeaders>
                     </restSimpleBinding>
                  </binding>
                  <output/>
               </action>
               <action category="Registrations"
                       failOnError="true"
                       forSearch="false"
                       label="OrganizersTrainingsRegistrantsRegistrantKeyByOrganizerKeyAndTrainingKeyDelete"
                       maxRedirects="100"
                       name="OrganizersTrainingsRegistrantsRegistrantKeyByOrganizerKeyAndTrainingKeyDelete"
                       preemptiveAuth="true"
                       responseEncoding="">
                  <description>Cancel Registration</description>
                  <input>
                     <parameter label="Content-Type"
                                name="Content-Type"
                                nogen="true"
                                required="true"
                                testWith=""
                                type="string"/>
                     <parameter label="Accept"
                                name="Accept"
                                nogen="true"
                                required="true"
                                testWith=""
                                type="string"/>
                     <parameter label="organizerKeyPathParam"
                                name="organizerKeyPathParam"
                                nogen="true"
                                required="true"
                                testWith=""
                                type="string"/>
                     <parameter label="trainingKeyPathParam"
                                name="trainingKeyPathParam"
                                nogen="true"
                                required="true"
                                testWith=""
                                type="string"/>
                     <parameter label="registrantKeyPathParam"
                                name="registrantKeyPathParam"
                                nogen="true"
                                required="true"
                                testWith=""
                                type="string"/>
                  </input>
                  <binding>
                     <restSimpleBinding multiUsing="semicolonSeparated"
                                        url="https://{$hostName}/G2T/rest/organizers/{$organizerKeyPathParam}/trainings/{$trainingKeyPathParam}/registrants/{$registrantKeyPathParam}"
                                        verb="DELETE">
                        <httpHeaders>
                           <header name="Content-Type">application/json</header>
                           <header name="Accept">application/json</header>
                           <header name="Content-Type">{$Content-Type}</header>
                           <header name="Accept">{$Accept}</header>
                        </httpHeaders>
                     </restSimpleBinding>
                  </binding>
                  <output/>
               </action>
               <action category="Trainings"
                       failOnError="true"
                       forSearch="false"
                       label="OrganizersTrainingsOrganizersByOrganizerKeyAndTrainingKeyPut"
                       maxRedirects="100"
                       name="OrganizersTrainingsOrganizersByOrganizerKeyAndTrainingKeyPut"
                       preemptiveAuth="true"
                       responseEncoding="">
                  <description>Get Training Organizers</description>
                  <input>
                     <parameter label="Content-Type"
                                name="Content-Type"
                                nogen="true"
                                required="true"
                                testWith=""
                                type="string"/>
                     <parameter label="Accept"
                                name="Accept"
                                nogen="true"
                                required="true"
                                testWith=""
                                type="string"/>
                     <parameter label="organizerKeyPathParam"
                                name="organizerKeyPathParam"
                                nogen="true"
                                required="true"
                                testWith=""
                                type="string"/>
                     <parameter label="trainingKeyPathParam"
                                name="trainingKeyPathParam"
                                nogen="true"
                                required="true"
                                testWith=""
                                type="string"/>
                  </input>
                  <binding>
                     <restSimpleBinding multiUsing="semicolonSeparated"
                                        url="https://{$hostName}/G2T/rest/organizers/{$organizerKeyPathParam}/trainings/{$trainingKeyPathParam}/organizers"
                                        verb="PUT">
                        <httpHeaders>
                           <header name="Content-Type">application/json</header>
                           <header name="Accept">application/json</header>
                           <header name="Content-Type">{$Content-Type}</header>
                           <header name="Accept">{$Accept}</header>
                        </httpHeaders>
                        <body generateUsing="UnwrappedJSON" preserveJsonStringFormatting="false"/>
                     </restSimpleBinding>
                  </binding>
                  <output/>
               </action>
               <action category="Trainings"
                       failOnError="true"
                       forSearch="false"
                       label="OrganizersTrainingsNameDescriptionByOrganizerKeyAndTrainingKeyPut"
                       maxRedirects="100"
                       name="OrganizersTrainingsNameDescriptionByOrganizerKeyAndTrainingKeyPut"
                       preemptiveAuth="true"
                       responseEncoding="">
                  <description>Update Training Name and Description</description>
                  <input>
                     <parameter label="Body"
                                name="Body"
                                required="true"
                                testWith=""
                                type="reference">
                        <options>
                           <option name="referenceTo">UpdateTrainingNameandDescriptionRequest</option>
                        </options>
                     </parameter>
                     <parameter label="Content-Type"
                                name="Content-Type"
                                nogen="true"
                                required="true"
                                testWith=""
                                type="string"/>
                     <parameter label="Accept"
                                name="Accept"
                                nogen="true"
                                required="true"
                                testWith=""
                                type="string"/>
                     <parameter label="organizerKeyPathParam"
                                name="organizerKeyPathParam"
                                nogen="true"
                                required="true"
                                testWith=""
                                type="string"/>
                     <parameter label="trainingKeyPathParam"
                                name="trainingKeyPathParam"
                                nogen="true"
                                required="true"
                                testWith=""
                                type="string"/>
                  </input>
                  <binding>
                     <restSimpleBinding multiUsing="semicolonSeparated"
                                        url="https://{$hostName}/G2T/rest/organizers/{$organizerKeyPathParam}/trainings/{$trainingKeyPathParam}/nameDescription"
                                        verb="PUT">
                        <httpHeaders>
                           <header name="Content-Type">application/json</header>
                           <header name="Accept">application/json</header>
                           <header name="Content-Type">{$Content-Type}</header>
                           <header name="Accept">{$Accept}</header>
                        </httpHeaders>
                        <body generateUsing="UnwrappedJSON" preserveJsonStringFormatting="false"/>
                     </restSimpleBinding>
                  </binding>
                  <output/>
               </action>
               <action category="Reports"
                       failOnError="true"
                       forSearch="false"
                       label="ReportsOrganizersSessionsByOrganizerKeyPost"
                       maxRedirects="100"
                       name="ReportsOrganizersSessionsByOrganizerKeyPost"
                       preemptiveAuth="true"
                       responseEncoding="">
                  <description>Get Sessions by Date Range</description>
                  <input>
                     <parameter label="Body"
                                name="Body"
                                required="true"
                                testWith=""
                                type="reference">
                        <options>
                           <option name="referenceTo">GetSessionsbyDateRangeRequest</option>
                        </options>
                     </parameter>
                     <parameter label="Content-Type"
                                name="Content-Type"
                                nogen="true"
                                required="true"
                                testWith=""
                                type="string"/>
                     <parameter label="Accept"
                                name="Accept"
                                nogen="true"
                                required="true"
                                testWith=""
                                type="string"/>
                     <parameter label="organizerKeyPathParam"
                                name="organizerKeyPathParam"
                                nogen="true"
                                required="true"
                                testWith=""
                                type="string"/>
                  </input>
                  <binding>
                     <restSimpleBinding multiUsing="semicolonSeparated"
                                        url="https://{$hostName}/G2T/rest/reports/organizers/{$organizerKeyPathParam}/sessions "
                                        verb="POST">
                        <httpHeaders>
                           <header name="Content-Type">application/json</header>
                           <header name="Accept">application/json</header>
                           <header name="Content-Type">{$Content-Type}</header>
                           <header name="Accept">{$Accept}</header>
                        </httpHeaders>
                        <body generateUsing="UnwrappedJSON" preserveJsonStringFormatting="false"/>
                     </restSimpleBinding>
                  </binding>
                  <output/>
               </action>
               <action category="Registrations"
                       failOnError="true"
                       forSearch="false"
                       label="OrganizersTrainingsRegistrantsByOrganizerKeyAndTrainingKeyPost"
                       maxRedirects="100"
                       name="OrganizersTrainingsRegistrantsByOrganizerKeyAndTrainingKeyPost"
                       preemptiveAuth="true"
                       responseEncoding="">
                  <description>Register for Training</description>
                  <input>
                     <parameter label="Body"
                                name="Body"
                                required="true"
                                testWith=""
                                type="reference">
                        <options>
                           <option name="referenceTo">RegisterforTrainingRequest</option>
                        </options>
                     </parameter>
                     <parameter label="Content-Type"
                                name="Content-Type"
                                nogen="true"
                                required="true"
                                testWith=""
                                type="string"/>
                     <parameter label="Accept"
                                name="Accept"
                                nogen="true"
                                required="true"
                                testWith=""
                                type="string"/>
                     <parameter label="organizerKeyPathParam"
                                name="organizerKeyPathParam"
                                nogen="true"
                                required="true"
                                testWith=""
                                type="string"/>
                     <parameter label="trainingKeyPathParam"
                                name="trainingKeyPathParam"
                                nogen="true"
                                required="true"
                                testWith=""
                                type="string"/>
                  </input>
                  <binding>
                     <restSimpleBinding multiUsing="semicolonSeparated"
                                        url="https://{$hostName}/G2T/rest/organizers/{$organizerKeyPathParam}/trainings/{$trainingKeyPathParam}/registrants "
                                        verb="POST">
                        <httpHeaders>
                           <header name="Content-Type">application/json</header>
                           <header name="Accept">application/json</header>
                           <header name="Content-Type">{$Content-Type}</header>
                           <header name="Accept">{$Accept}</header>
                        </httpHeaders>
                        <body generateUsing="UnwrappedJSON" preserveJsonStringFormatting="false"/>
                     </restSimpleBinding>
                  </binding>
                  <output/>
               </action>
               <action category="Registrations"
                       failOnError="true"
                       forSearch="false"
                       label="OrganizersTrainingsRegistrantsByOrganizerKeyAndTrainingKeyGet"
                       maxRedirects="100"
                       name="OrganizersTrainingsRegistrantsByOrganizerKeyAndTrainingKeyGet"
                       preemptiveAuth="true"
                       responseEncoding="">
                  <description>Get Training Registrants. Retrieves details on all registrants for a specific training. *Registrants can be:* * WAITING - registrant registered and is awaiting approval (where organizer has required approval) * APPROVED - registrant registered and is approved * DENIED - registrant registered and was not approved.</description>
                  <input>
                     <parameter label="Content-Type"
                                name="Content-Type"
                                nogen="true"
                                required="true"
                                testWith=""
                                type="string"/>
                     <parameter label="Accept"
                                name="Accept"
                                nogen="true"
                                required="true"
                                testWith=""
                                type="string"/>
                     <parameter label="organizerKeyPathParam"
                                name="organizerKeyPathParam"
                                nogen="true"
                                required="true"
                                testWith=""
                                type="string"/>
                     <parameter label="trainingKeyPathParam"
                                name="trainingKeyPathParam"
                                nogen="true"
                                required="true"
                                testWith=""
                                type="string"/>
                  </input>
                  <binding>
                     <restSimpleBinding multiUsing="semicolonSeparated"
                                        url="https://{$hostName}/G2T/rest/organizers/{$organizerKeyPathParam}/trainings/{$trainingKeyPathParam}/registrants "
                                        verb="GET">
                        <httpHeaders>
                           <header name="Content-Type">application/json</header>
                           <header name="Accept">application/json</header>
                           <header name="Content-Type">{$Content-Type}</header>
                           <header name="Accept">{$Accept}</header>
                        </httpHeaders>
                     </restSimpleBinding>
                  </binding>
                  <output/>
               </action>
               <action category="Trainings"
                       failOnError="true"
                       forSearch="false"
                       label="OrganizersTrainingsByOrganizerKeyAndTrainingKeyGet"
                       maxRedirects="100"
                       name="OrganizersTrainingsByOrganizerKeyAndTrainingKeyGet"
                       preemptiveAuth="true"
                       responseEncoding="">
                  <description>Get Training</description>
                  <input>
                     <parameter label="Content-Type"
                                name="Content-Type"
                                nogen="true"
                                required="true"
                                testWith=""
                                type="string"/>
                     <parameter label="Accept"
                                name="Accept"
                                nogen="true"
                                required="true"
                                testWith=""
                                type="string"/>
                     <parameter label="organizerKeyPathParam"
                                name="organizerKeyPathParam"
                                nogen="true"
                                required="true"
                                testWith=""
                                type="string"/>
                     <parameter label="trainingKeyPathParam"
                                name="trainingKeyPathParam"
                                nogen="true"
                                required="true"
                                testWith=""
                                type="string"/>
                  </input>
                  <binding>
                     <restSimpleBinding multiUsing="semicolonSeparated"
                                        url="https://{$hostName}/G2T/rest/organizers/{$organizerKeyPathParam}/trainings/{$trainingKeyPathParam}"
                                        verb="GET">
                        <httpHeaders>
                           <header name="Content-Type">application/json</header>
                           <header name="Accept">application/json</header>
                           <header name="Content-Type">{$Content-Type}</header>
                           <header name="Accept">{$Accept}</header>
                        </httpHeaders>
                     </restSimpleBinding>
                  </binding>
                  <output/>
               </action>
               <action category="Trainings"
                       failOnError="true"
                       forSearch="false"
                       label="OrganizersTrainingsByOrganizerKeyAndTrainingKeyDelete"
                       maxRedirects="100"
                       name="OrganizersTrainingsByOrganizerKeyAndTrainingKeyDelete"
                       preemptiveAuth="true"
                       responseEncoding="">
                  <description>Delete Training</description>
                  <input>
                     <parameter label="Content-Type"
                                name="Content-Type"
                                nogen="true"
                                required="true"
                                testWith=""
                                type="string"/>
                     <parameter label="Accept"
                                name="Accept"
                                nogen="true"
                                required="true"
                                testWith=""
                                type="string"/>
                     <parameter label="organizerKeyPathParam"
                                name="organizerKeyPathParam"
                                nogen="true"
                                required="true"
                                testWith=""
                                type="string"/>
                     <parameter label="trainingKeyPathParam"
                                name="trainingKeyPathParam"
                                nogen="true"
                                required="true"
                                testWith=""
                                type="string"/>
                  </input>
                  <binding>
                     <restSimpleBinding multiUsing="semicolonSeparated"
                                        url="https://{$hostName}/G2T/rest/organizers/{$organizerKeyPathParam}/trainings/{$trainingKeyPathParam}"
                                        verb="DELETE">
                        <httpHeaders>
                           <header name="Content-Type">application/json</header>
                           <header name="Accept">application/json</header>
                           <header name="Content-Type">{$Content-Type}</header>
                           <header name="Accept">{$Accept}</header>
                        </httpHeaders>
                     </restSimpleBinding>
                  </binding>
                  <output/>
               </action>
               <action category="Recordings"
                       failOnError="true"
                       forSearch="false"
                       label="TrainingsRecordingsByTrainingKeyAndRecordingIdGet"
                       maxRedirects="100"
                       name="TrainingsRecordingsByTrainingKeyAndRecordingIdGet"
                       preemptiveAuth="true"
                       responseEncoding="">
                  <description>Get Download for Online Recordings</description>
                  <input>
                     <parameter label="Content-Type"
                                name="Content-Type"
                                nogen="true"
                                required="true"
                                testWith=""
                                type="string"/>
                     <parameter label="Accept"
                                name="Accept"
                                nogen="true"
                                required="true"
                                testWith=""
                                type="string"/>
                     <parameter label="trainingKeyPathParam"
                                name="trainingKeyPathParam"
                                nogen="true"
                                required="true"
                                testWith=""
                                type="string"/>
                     <parameter label="recordingIdPathParam"
                                name="recordingIdPathParam"
                                nogen="true"
                                required="true"
                                testWith=""
                                type="string"/>
                  </input>
                  <binding>
                     <restSimpleBinding multiUsing="semicolonSeparated"
                                        url="https://{$hostName}/G2T/rest/trainings/{$trainingKeyPathParam}/recordings/{$recordingIdPathParam}"
                                        verb="GET">
                        <httpHeaders>
                           <header name="Content-Type">application/json</header>
                           <header name="Accept">application/json</header>
                           <header name="Content-Type">{$Content-Type}</header>
                           <header name="Accept">{$Accept}</header>
                        </httpHeaders>
                     </restSimpleBinding>
                  </binding>
                  <output/>
               </action>
               <action category="Trainings"
                       failOnError="true"
                       forSearch="false"
                       label="OrganizersTrainingsManageUrlByOrganizerKeyAndTrainingKeyGet"
                       maxRedirects="100"
                       name="OrganizersTrainingsManageUrlByOrganizerKeyAndTrainingKeyGet"
                       preemptiveAuth="true"
                       responseEncoding="">
                  <description>Get Management URL for Training</description>
                  <input>
                     <parameter label="Content-Type"
                                name="Content-Type"
                                nogen="true"
                                required="true"
                                testWith=""
                                type="string"/>
                     <parameter label="Accept"
                                name="Accept"
                                nogen="true"
                                required="true"
                                testWith=""
                                type="string"/>
                     <parameter label="organizerKeyPathParam"
                                name="organizerKeyPathParam"
                                nogen="true"
                                required="true"
                                testWith=""
                                type="string"/>
                     <parameter label="trainingKeyPathParam"
                                name="trainingKeyPathParam"
                                nogen="true"
                                required="true"
                                testWith=""
                                type="string"/>
                  </input>
                  <binding>
                     <restSimpleBinding multiUsing="semicolonSeparated"
                                        url="https://{$hostName}/G2T/rest/organizers/{$organizerKeyPathParam}/trainings/{$trainingKeyPathParam}/manageUrl"
                                        verb="GET">
                        <httpHeaders>
                           <header name="Content-Type">application/json</header>
                           <header name="Accept">application/json</header>
                           <header name="Content-Type">{$Content-Type}</header>
                           <header name="Accept">{$Accept}</header>
                        </httpHeaders>
                     </restSimpleBinding>
                  </binding>
                  <output/>
               </action>
               <action category="Trainings"
                       failOnError="true"
                       forSearch="false"
                       label="OrganizersTrainingsRegistrationSettingsByOrganizerKeyAndTrainingKeyPut"
                       maxRedirects="100"
                       name="OrganizersTrainingsRegistrationSettingsByOrganizerKeyAndTrainingKeyPut"
                       preemptiveAuth="true"
                       responseEncoding="">
                  <description>Update Training Registration Settings</description>
                  <input>
                     <parameter label="Body"
                                name="Body"
                                required="true"
                                testWith=""
                                type="reference">
                        <options>
                           <option name="referenceTo">UpdateTrainingRegistrationSettingsRequest</option>
                        </options>
                     </parameter>
                     <parameter label="Content-Type"
                                name="Content-Type"
                                nogen="true"
                                required="true"
                                testWith=""
                                type="string"/>
                     <parameter label="Accept"
                                name="Accept"
                                nogen="true"
                                required="true"
                                testWith=""
                                type="string"/>
                     <parameter label="organizerKeyPathParam"
                                name="organizerKeyPathParam"
                                nogen="true"
                                required="true"
                                testWith=""
                                type="string"/>
                     <parameter label="trainingKeyPathParam"
                                name="trainingKeyPathParam"
                                nogen="true"
                                required="true"
                                testWith=""
                                type="string"/>
                  </input>
                  <binding>
                     <restSimpleBinding multiUsing="semicolonSeparated"
                                        url="https://{$hostName}/G2T/rest/organizers/{$organizerKeyPathParam}/trainings/{$trainingKeyPathParam}/registrationSettings"
                                        verb="PUT">
                        <httpHeaders>
                           <header name="Content-Type">application/json</header>
                           <header name="Accept">application/json</header>
                           <header name="Content-Type">{$Content-Type}</header>
                           <header name="Accept">{$Accept}</header>
                        </httpHeaders>
                        <body generateUsing="UnwrappedJSON" preserveJsonStringFormatting="false"/>
                     </restSimpleBinding>
                  </binding>
                  <output/>
               </action>
            </actions>
            <objects>
               <processObject xmlns="http://schemas.active-endpoints.com/appmodules/screenflow/2011/06/avosHostEnvironment.xsd"
                              isByCopy="true"
                              name="UpdateTrainingNameandDescriptionRequest">
                  <description/>
                  <detail>
                     <field name="name" type="string"/>
                     <field name="description" type="string"/>
                  </detail>
               </processObject>
               <processObject xmlns="http://schemas.active-endpoints.com/appmodules/screenflow/2011/06/avosHostEnvironment.xsd"
                              isByCopy="true"
                              name="UpdateTrainingRegistrationSettingsRequest">
                  <description/>
                  <detail>
                     <field name="disableWebRegistration" type="boolean"/>
                     <field name="disableConfirmationEmail" type="boolean"/>
                  </detail>
               </processObject>
               <processObject xmlns="http://schemas.active-endpoints.com/appmodules/screenflow/2011/06/avosHostEnvironment.xsd"
                              isByCopy="true"
                              name="RegisterforTrainingRequest">
                  <description/>
                  <detail>
                     <field name="surname" type="string"/>
                     <field name="givenName" type="string"/>
                     <field name="email" type="string"/>
                  </detail>
               </processObject>
               <processObject xmlns="http://schemas.active-endpoints.com/appmodules/screenflow/2011/06/avosHostEnvironment.xsd"
                              isByCopy="true"
                              name="UpdateTrainingTimesRequest">
                  <description/>
                  <detail>
                     <field name="notifyRegistrants" type="boolean"/>
                     <field name="times" type="objectlist">
                        <options>
                           <option name="referenceTo">Time</option>
                           <option name="relationshipName">Child</option>
                        </options>
                     </field>
                     <field name="timeZone" type="string"/>
                     <field name="notifyTrainers" type="boolean"/>
                  </detail>
               </processObject>
               <processObject xmlns="http://schemas.active-endpoints.com/appmodules/screenflow/2011/06/avosHostEnvironment.xsd"
                              isByCopy="true"
                              name="CreateTrainingRequest">
                  <description/>
                  <detail>
                     <field name="registrationSettings" type="reference">
                        <options>
                           <option name="referenceTo">RegistrationSettings</option>
                           <option name="relationshipName">Child</option>
                        </options>
                     </field>
                     <field name="times" type="objectlist">
                        <options>
                           <option name="referenceTo">Time</option>
                           <option name="relationshipName">Child</option>
                        </options>
                     </field>
                     <field name="name" type="string"/>
                     <field name="organizers" type="objectlist">
                        <options>
                           <option name="referenceTo">string</option>
                           <option name="relationshipName">Child</option>
                        </options>
                     </field>
                     <field name="description" type="string"/>
                     <field name="timeZone" type="string"/>
                  </detail>
               </processObject>
               <processObject xmlns="http://schemas.active-endpoints.com/appmodules/screenflow/2011/06/avosHostEnvironment.xsd"
                              isByCopy="true"
                              name="Time">
                  <description/>
                  <detail>
                     <field name="endDate" type="string"/>
                     <field name="startDate" type="string"/>
                  </detail>
               </processObject>
               <processObject xmlns="http://schemas.active-endpoints.com/appmodules/screenflow/2011/06/avosHostEnvironment.xsd"
                              isByCopy="true"
                              name="UpdateTrainingOrganizersRequest">
                  <description/>
                  <detail>
                     <field name="notifyOrganizers" type="boolean"/>
                     <field name="organizers" type="objectlist">
                        <options>
                           <option name="referenceTo">string</option>
                           <option name="relationshipName">Child</option>
                        </options>
                     </field>
                  </detail>
               </processObject>
               <processObject xmlns="http://schemas.active-endpoints.com/appmodules/screenflow/2011/06/avosHostEnvironment.xsd"
                              isByCopy="true"
                              name="RegistrationSettings">
                  <description/>
                  <detail>
                     <field name="disableWebRegistration" type="boolean"/>
                     <field name="disableConfirmationEmail" type="boolean"/>
                  </detail>
               </processObject>
               <processObject xmlns="http://schemas.active-endpoints.com/appmodules/screenflow/2011/06/avosHostEnvironment.xsd"
                              isByCopy="true"
                              name="GetSessionsbyDateRangeRequest">
                  <description/>
                  <detail>
                     <field name="endDate" type="string"/>
                     <field name="startDate" type="string"/>
                  </detail>
               </processObject>
               <processObject xmlns="http://schemas.active-endpoints.com/appmodules/screenflow/2011/06/avosHostEnvironment.xsd"
                              isByCopy="true"
                              name="string">
                  <description/>
                  <detail>
                     <field name="string" type="string"/>
                  </detail>
               </processObject>
               <processObject xmlns="http://schemas.active-endpoints.com/appmodules/screenflow/2011/06/avosHostEnvironment.xsd"
                              isByCopy="true"
                              name="boolean">
                  <description/>
                  <detail>
                     <field name="boolean" type="boolean"/>
                  </detail>
               </processObject>
               <processObject xmlns="http://schemas.active-endpoints.com/appmodules/screenflow/2011/06/avosHostEnvironment.xsd"
                              isByCopy="true"
                              name="double">
                  <description/>
                  <detail>
                     <field name="double" type="double"/>
                  </detail>
               </processObject>
               <processObject xmlns="http://schemas.active-endpoints.com/appmodules/screenflow/2011/06/avosHostEnvironment.xsd"
                              isByCopy="true"
                              name="integer">
                  <description/>
                  <detail>
                     <field name="integer" type="int"/>
                  </detail>
               </processObject>
            </objects>
         </businessConnector>
      </types1:Entry>
      <types1:GUID>6RnWG3HKCipljoiR6tXbow</types1:GUID>
      <types1:DisplayName>GoToTraining API v1</types1:DisplayName>
   </types1:Item>
   <types1:CurrentServerDateTime>2019-03-06T10:50:36.85Z</types1:CurrentServerDateTime>
</aetgt:getResponse>
