{
  "name" : "SAP Ariba Master Data Integration Job Status for Operational Procurement REST API v1",
  "sourceOrgId" : "6w10pMc8bwmkGpCQs9xkSM",
  "sourceOrgName" : "IICS iPaaS",
  "exportedObjects" : [ {
    "objectGuid" : "hzicHVCVNgdeG5Sf8Jj0eD",
    "objectName" : "SAP Ariba Master Data Integration Job Status for Operational Procurement REST API v1",
    "objectType" : "AI_SERVICE_CONNECTOR",
    "path" : "/Explore/Shared assets/Service Connectors",
    "metadata" : {
      "modelVersion" : {
        "major" : 1,
        "minor" : 0
      },
      "repoInfo" : {
        "repoHandle" : "dx6CjqFVNN5Kaaa-gt-570069-2019-12-22T10:12:21.061Z::svc.xml"
      },
      "objectRefs" : [ ],
      "contextAttributes" : null,
      "additionalInfo" : {
        "description" : "The Master Data Integration Job Status API for Operational Procurement allows the external ERP system that posts master data to the Master Data Integration Service to query for the status of master data integration jobs. You can configure the API request to query on the jobId returned by the uploadXMLData API, or on an object name. The response is in JSON format. If the master data integration job successfully posted the data to the buying solution from SAP Ariba, then the response includes the following details, among others: the number of records inserted, the number of records updated, and the number of records deleted. If there are any errors when the data is posted to the buying solution, the error details are included in the response.",
        "contentType" : "application/json; charset=utf-8",
        "documentState" : "VALID"
      }
    }
  }, {
    "objectGuid" : "00m3cKr9AGOjGY55vZSASH",
    "objectName" : "Service Connectors",
    "objectType" : "Folder",
    "path" : "/Explore/Shared assets",
    "metadata" : {
      "modelVersion" : {
        "major" : 0,
        "minor" : 0
      },
      "repoInfo" : null,
      "objectRefs" : [ ],
      "contextAttributes" : [ ],
      "additionalInfo" : {
        "description" : "",
        "contentType" : "Binary",
        "documentState" : "COMPLETE"
      }
    }
  }, {
    "objectGuid" : "almpU5d486xjg3tXw87BET",
    "objectName" : "Shared assets",
    "objectType" : "Project",
    "path" : "/Explore",
    "metadata" : {
      "modelVersion" : {
        "major" : 0,
        "minor" : 0
      },
      "repoInfo" : null,
      "objectRefs" : [ ],
      "contextAttributes" : [ ],
      "additionalInfo" : {
        "description" : "This Project contains shared assets",
        "contentType" : "Binary",
        "documentState" : "COMPLETE"
      }
    }
  } ]
}