<aetgt:getResponse xmlns:aetgt="http://schemas.active-endpoints.com/appmodules/repository/2010/10/avrepository.xsd"
                   xmlns:types1="http://schemas.active-endpoints.com/appmodules/repository/2010/10/avrepository.xsd">
   <types1:Item>
      <types1:EntryId>sTK5BjE7ppppppp-gt-71678789-2021-12-02T10:59:11.295Z::svc.xml</types1:EntryId>
      <types1:Name>Monday_dot_com_API_v2</types1:Name>
      <types1:MimeType>application/xml+businesssconnector</types1:MimeType>
      <types1:Description/>
      <types1:AppliesTo/>
      <types1:Tags/>
      <types1:VersionLabel>1.0</types1:VersionLabel>
      <types1:State>CURRENT</types1:State>
      <types1:ProcessGroup/>
      <types1:CreatedBy>sorabh@na1.dm-us.org</types1:CreatedBy>
      <types1:CreationDate>2021-12-02T10:59:11Z</types1:CreationDate>
      <types1:ModifiedBy>sorabh@na1.dm-us.org</types1:ModifiedBy>
      <types1:ModificationDate>2021-12-02T11:02:08Z</types1:ModificationDate>
      <types1:PublicationStatus>published</types1:PublicationStatus>
      <types1:PublishedBy>sorabh@na1.dm-us.org</types1:PublishedBy>
      <types1:PublicationDate>2021-12-02T11:04:26Z</types1:PublicationDate>
      <types1:PublishedContributionId>project:/rt.connector/Monday_dot_com_API_v2/Monday_dot_com_API_v2_svcDef.xml</types1:PublishedContributionId>
      <types1:AutosaveExists>false</types1:AutosaveExists>
      <types1:Entry>
         <businessConnector xmlns="http://schemas.informatica.com/socrates/data-services/2014/05/business-connector-model.xsd"
                            agentOnly="false"
                            debug="false"
                            displayName="Monday dot com API v2"
                            label=""
                            name="Monday_dot_com_API_v2"
                            uuid="fbd3d183-bdbe-4956-9588-2f50edbc4db5">
            <description/>
            <tags/>
            <connectionAttributes xmlns="http://schemas.informatica.com/appmodules/screenflow/2014/04/avosConnectors.xsd">
               <connectionAttribute description="Bearer Token"
                                    masked="true"
                                    name="Authorization"
                                    required="true"
                                    testWith=""
                                    type="string"/>
               <connectionAttribute description="SCIM Bearer Token"
                                    masked="true"
                                    name="SCIM_AuthorizationToken"
                                    required="true"
                                    testWith=""
                                    type="string"/>
               <connectionAttribute description="Okta Bearer Token"
                                    masked="true"
                                    name="OKTA_AuthorizationToken"
                                    required="true"
                                    testWith=""
                                    type="string"/>
               <connectionAttribute description="URL For SCIM API"
                                    masked="false"
                                    name="Wunderman_Thompson_URL"
                                    required="false"
                                    testWith=""
                                    type="string"/>
            </connectionAttributes>
            <actions>
               <action category=""
                       failOnError="true"
                       forSearch="false"
                       isAbstract="true"
                       label="PostBase"
                       maxRedirects="100"
                       name="PostBase"
                       preemptiveAuth="true"
                       responseEncoding="">
                  <description>Post Base Abstract action</description>
                  <input/>
                  <binding>
                     <restSimpleBinding multiUsing="semicolonSeparated"
                                        url="https://api.monday.com/v2"
                                        verb="POST">
                        <httpHeaders>
                           <header name="Authorization">{concat('Bearer ',$Authorization )}</header>
                           <header name="Content-Type">application/json</header>
                           <header name="Accept">application/json</header>
                        </httpHeaders>
                        <body/>
                     </restSimpleBinding>
                  </binding>
                  <output/>
               </action>
               <action category=""
                       failOnError="true"
                       forSearch="false"
                       inherits="PostBase"
                       label="GetScope"
                       maxRedirects="100"
                       name="GetScope"
                       preemptiveAuth="true"
                       responseEncoding="">
                  <description/>
                  <inheritanceMetadata>
                     <section type="output">
                        <section type="outputFields"/>
                     </section>
                     <section type="restSimpleBinding">
                        <section type="body">
                           <attribute inherit="overwrite" name="content" type="content"/>
                        </section>
                        <section type="httpHeaders">
                           <attribute inherit="inherit" name="Authorization" type="header"/>
                           <attribute inherit="inherit" name="Content-Type" type="header"/>
                           <attribute inherit="inherit" name="Accept" type="header"/>
                        </section>
                        <section type="otherParams"/>
                     </section>
                  </inheritanceMetadata>
                  <input>
                     <parameter name="id" required="false" testWith="1333988949" type="string"/>
                  </input>
                  <binding>
                     <restSimpleBinding url="https://api.monday.com/v2" verb="POST">
                        <body>{{{'"query":"query {\r\n  \tboards (ids:'||$id||') {\r\n    \tid\r\n    \tname\r\n    \titems {\r\n        name,\r\n        id,\r\n        \t\tcolumn_values (ids:[\"tlc_workday_id\",\"bu_workday_id\",\"active\"]) { \r\n            id\r\n            text\r\n      }\r\n    }\r\n  }\r\n}\r\n\r\n  ","variables":{}'}}}</body>
                     </restSimpleBinding>
                  </binding>
                  <output>
                     <field description=""
                            name="ScopeResponse"
                            type="reference"
                            xmlElement=".">
                        <options>
                           <option name="referenceTo"/>
                        </options>
                     </field>
                  </output>
               </action>
               <action category=""
                       failOnError="true"
                       forSearch="false"
                       inherits="PostBase"
                       label="GetBusinessUnit"
                       maxRedirects="100"
                       name="GetBusinessUnit"
                       preemptiveAuth="true"
                       responseEncoding="">
                  <description/>
                  <inheritanceMetadata>
                     <section type="output">
                        <section type="outputFields"/>
                     </section>
                     <section type="restSimpleBinding">
                        <section type="body">
                           <attribute inherit="overwrite" name="content" type="content"/>
                        </section>
                        <section type="httpHeaders">
                           <attribute inherit="inherit" name="Authorization" type="header"/>
                           <attribute inherit="inherit" name="Content-Type" type="header"/>
                           <attribute inherit="inherit" name="Accept" type="header"/>
                        </section>
                        <section type="otherParams"/>
                     </section>
                  </inheritanceMetadata>
                  <input>
                     <parameter name="id"
                                nogen="true"
                                required="false"
                                testWith="1283988853"
                                type="string"/>
                  </input>
                  <binding>
                     <restSimpleBinding url="https://api.monday.com/v2" verb="POST">
                        <body>{'{"query":"query {\r\n  boards (ids:'||$id||') {\r\n    id\r\n    name\r\n    items {\r\n        name,\r\n        id,\r\n        column_values (ids:[\"workday_bu_id\",\"bu_project_template_id\",\"bu_board_id\",\"bu_folder_id\",\"bu_team_id\"]) { \r\n            id\r\n            text\r\n      }\r\n    }\r\n  }\r\n}\r\n\r\n  ","variables":{}}'}</body>
                     </restSimpleBinding>
                  </binding>
                  <output>
                     <field description=""
                            name="BusinessUnitResponse"
                            type="reference"
                            xmlElement=".">
                        <options>
                           <option name="referenceTo"/>
                        </options>
                     </field>
                  </output>
               </action>
               <action category=""
                       failOnError="true"
                       forSearch="false"
                       inherits="PostBase"
                       label="GetConfigBoard"
                       maxRedirects="100"
                       name="GetConfigBoard"
                       preemptiveAuth="true"
                       responseEncoding="">
                  <description/>
                  <inheritanceMetadata>
                     <section type="output">
                        <section type="outputFields"/>
                     </section>
                     <section type="restSimpleBinding">
                        <section type="body">
                           <attribute inherit="overwrite" name="content" type="content"/>
                        </section>
                        <section type="httpHeaders">
                           <attribute inherit="inherit" name="Authorization" type="header"/>
                           <attribute inherit="inherit" name="Content-Type" type="header"/>
                           <attribute inherit="inherit" name="Accept" type="header"/>
                        </section>
                        <section type="otherParams"/>
                     </section>
                  </inheritanceMetadata>
                  <input>
                     <parameter name="id" required="false" testWith="1283946736" type="string"/>
                  </input>
                  <binding>
                     <restSimpleBinding url="https://api.monday.com/v2" verb="POST">
                        <body>{ '{"query":"query  {\r\n  boards (ids:'||$id||') {\r\n    id\r\n    name\r\n    items {\r\n        name,\r\n        id,\r\n        column_values (ids:[\"key_value\"]) { \r\n            id\r\n            text\r\n      }\r\n    }\r\n  }\r\n}\r\n","variables":{}}'}</body>
                     </restSimpleBinding>
                  </binding>
                  <output>
                     <field description=""
                            name="ConfigBoardResponse"
                            type="reference"
                            xmlElement=".">
                        <options>
                           <option name="referenceTo"/>
                        </options>
                     </field>
                  </output>
               </action>
               <action category=""
                       failOnError="true"
                       forSearch="false"
                       inherits="PostBase"
                       label="FindProjectItemOnBUBoard"
                       maxRedirects="100"
                       name="FindProjectItemOnBUBoard"
                       preemptiveAuth="true"
                       responseEncoding="">
                  <description/>
                  <inheritanceMetadata>
                     <section type="output">
                        <section type="outputFields"/>
                     </section>
                     <section type="restSimpleBinding">
                        <section type="body">
                           <attribute inherit="overwrite" name="content" type="content"/>
                        </section>
                        <section type="httpHeaders">
                           <attribute inherit="inherit" name="Authorization" type="header"/>
                           <attribute inherit="inherit" name="Content-Type" type="header"/>
                           <attribute inherit="inherit" name="Accept" type="header"/>
                        </section>
                        <section type="otherParams"/>
                     </section>
                  </inheritanceMetadata>
                  <input>
                     <parameter name="BUBoardID"
                                nogen="true"
                                required="true"
                                testWith="1578304181"
                                type="string"/>
                     <parameter name="ProjectID"
                                nogen="true"
                                required="true"
                                testWith="P00003522"
                                type="string"/>
                  </input>
                  <binding>
                     <restSimpleBinding url="https://api.monday.com/v2" verb="POST">
                        <body>{'{"query":"\r\n\r\nquery {\r\n    items_by_column_values (board_id:'||$BUBoardID||',column_id: \"name\",column_value: \"'||$ProjectID||'\") {\r\n        id,name\r\n    }\r\n}\r\n","variables":{}}'}</body>
                     </restSimpleBinding>
                  </binding>
                  <output>
                     <field description=""
                            name="MondayProjectId"
                            property="id"
                            type="string"/>
                     <field description=""
                            name="MondayProjectName"
                            property="name"
                            type="string"/>
                  </output>
               </action>
               <action category=""
                       failOnError="true"
                       forSearch="false"
                       inherits="PostBase"
                       label="CreateProjectBoard"
                       maxRedirects="100"
                       name="CreateProjectBoard"
                       preemptiveAuth="true"
                       responseEncoding="">
                  <description/>
                  <inheritanceMetadata>
                     <section type="output">
                        <section type="outputFields"/>
                     </section>
                     <section type="restSimpleBinding">
                        <section type="body">
                           <attribute inherit="overwrite" name="content" type="content"/>
                        </section>
                        <section type="httpHeaders">
                           <attribute inherit="inherit" name="Authorization" type="header"/>
                           <attribute inherit="inherit" name="Content-Type" type="header"/>
                           <attribute inherit="inherit" name="Accept" type="header"/>
                        </section>
                        <section type="otherParams"/>
                     </section>
                  </inheritanceMetadata>
                  <input>
                     <parameter description="Duplicate Project Board ID reference"
                                name="Project_BoardID"
                                nogen="true"
                                required="true"
                                testWith="1668439609"
                                type="string"/>
                     <parameter description="Project ID From Workday"
                                name="Board_Name"
                                nogen="true"
                                required="true"
                                testWith="P00003482"
                                type="string"/>
                     <parameter description="Folder ID from BU Index Board"
                                name="Folder_ID"
                                nogen="true"
                                required="true"
                                testWith="5484303"
                                type="string"/>
                     <parameter description="Workspace ID from BU Index Board"
                                name="Workspace_ID"
                                nogen="true"
                                required="true"
                                testWith="634158"
                                type="string"/>
                  </input>
                  <binding>
                     <restSimpleBinding url="https://api.monday.com/v2" verb="POST">
                        <body>{'{"query":"mutation {\r\n    duplicate_board(board_id:'||$Project_BoardID||', board_name: \"'||$Board_Name||'\", keep_subscribers: true, duplicate_type: duplicate_board_with_structure,workspace_id: '||$Workspace_ID||', folder_id: '||$Folder_ID||') {\r\n    board {\r\n            id\r\n        }\r\n    }\r\n}\r\n","variables":{}}'}</body>
                     </restSimpleBinding>
                  </binding>
                  <output>
                     <field description=""
                            name="ProjectBoardReferenceID"
                            property="id"
                            type="string"/>
                  </output>
               </action>
               <action category=""
                       failOnError="true"
                       forSearch="false"
                       inherits="PostBase"
                       label="GetBusinessIndexUnitByID"
                       maxRedirects="100"
                       name="GetBusinessIndexUnitByID"
                       preemptiveAuth="true"
                       responseEncoding="">
                  <description/>
                  <inheritanceMetadata>
                     <section type="output">
                        <section type="outputFields"/>
                     </section>
                     <section type="restSimpleBinding">
                        <section type="body">
                           <attribute inherit="overwrite" name="content" type="content"/>
                        </section>
                        <section type="httpHeaders">
                           <attribute inherit="inherit" name="Authorization" type="header"/>
                           <attribute inherit="inherit" name="Content-Type" type="header"/>
                           <attribute inherit="inherit" name="Accept" type="header"/>
                        </section>
                        <section type="otherParams"/>
                     </section>
                  </inheritanceMetadata>
                  <input>
                     <parameter name="BUIndexBoardID"
                                required="false"
                                testWith="1283988853"
                                type="string"/>
                     <parameter name="BUKeyID"
                                required="false"
                                testWith="BU00011"
                                type="string"/>
                  </input>
                  <binding>
                     <restSimpleBinding url="https://api.monday.com/v2" verb="POST">
                        <body>{'{"query":"query {\r\n    items_by_column_values (board_id:'||$BUIndexBoardID||', column_id: \"workday_bu_id\", column_value: \"'||$BUKeyID||'\") {\r\n        name\r\n        column_values (ids: [\"bu_project_template_id\",\"bu_board_id\",\"bu_folder_id\",\"bu_team_id\",\"bu_workspace_id\"]){\r\n            text\r\n        }\r\n    }\r\n}\r\n","variables":{}}'}</body>
                     </restSimpleBinding>
                  </binding>
                  <output>
                     <field description="" name="BU_ProjectTemplate_ID" type="string">
                        <xquery>{//items_by_column_values/column_values[1]/text/text()}</xquery>
                     </field>
                     <field description="" name="BU_Board_ID" type="string">
                        <xquery>{//items_by_column_values/column_values[2]/text/text()}</xquery>
                     </field>
                     <field description="" name="BU_Folder_ID" type="string">
                        <xquery>{//items_by_column_values/column_values[3]/text/text()}</xquery>
                     </field>
                     <field description="" name="BU_Team_ID" type="string">
                        <xquery>{//items_by_column_values/column_values[4]/text/text()}</xquery>
                     </field>
                     <field description="" name="BU_Workspace_ID" type="string">
                        <xquery>{//items_by_column_values/column_values[5]/text/text()}</xquery>
                     </field>
                  </output>
               </action>
               <action category=""
                       failOnError="true"
                       forSearch="false"
                       inherits="PostBase"
                       label="UpdateProjectItemOnBUBoard"
                       maxRedirects="100"
                       name="UpdateProjectItemOnBUBoard"
                       preemptiveAuth="true"
                       responseEncoding="">
                  <description/>
                  <inheritanceMetadata>
                     <section type="output">
                        <section type="outputFields"/>
                     </section>
                     <section type="restSimpleBinding">
                        <section type="body">
                           <attribute inherit="overwrite" name="content" type="content"/>
                        </section>
                        <section type="httpHeaders">
                           <attribute inherit="inherit" name="Authorization" type="header"/>
                           <attribute inherit="inherit" name="Content-Type" type="header"/>
                           <attribute inherit="inherit" name="Accept" type="header"/>
                        </section>
                        <section type="otherParams"/>
                     </section>
                  </inheritanceMetadata>
                  <input>
                     <parameter name="ProjectBUBoardDetails"
                                nogen="true"
                                required="true"
                                testWith="&lt;ProjectBUBoardPO&gt;&#xA;&#x9;&lt;bu_board_id&gt;1614551437&lt;/bu_board_id&gt;&#xA;&#x9;&lt;monday_item_id&gt;1692351591&lt;/monday_item_id&gt;&#xA;&#x9;&lt;create_wd_project_item_name&gt;P00000020&lt;/create_wd_project_item_name&gt;&#xA;&#x9;&lt;prime_id&gt;prime_id&lt;/prime_id&gt;&#xA;&#x9;&lt;project_name&gt;&#xA;&#x9;&#x9;&lt;url&gt;https://wunderman-thompson-cast.monday.com/boards/boards/&lt;/url&gt;&#xA;&#x9;&#x9;&lt;text&gt;VC PSA PRactice-2&lt;/text&gt;&#xA;&#x9;&lt;/project_name&gt;&#xA;&#x9;&lt;project_board_id&gt;12345&lt;/project_board_id&gt;&#xA;&#x9;&lt;status&gt;&#xA;&#x9;&#x9;&lt;label&gt;Internally Approved&lt;/label&gt;&#xA;&#x9;&lt;/status&gt;&#xA;&#x9;&lt;project_owner_id&gt;10002179&lt;/project_owner_id&gt;&#xA;&#x9;&lt;project_timeline&gt;&#xA;&#x9;&#x9;&lt;from&gt;2021-08-04&lt;/from&gt;&#xA;&#x9;&#x9;&lt;to&gt;2021-08-04&lt;/to&gt;&#xA;&#x9;&lt;/project_timeline&gt;&#xA;&#x9;&lt;company_name&gt;Wunderman Thompson LLC&lt;/company_name&gt;&#xA;&#x9;&lt;company_id&gt;CO00019&lt;/company_id&gt;&#xA;&#x9;&lt;customer_name&gt;United States Marine Corps&lt;/customer_name&gt;&#xA;&#x9;&lt;customer_id&gt;C-35377&lt;/customer_id&gt;&#xA;&#x9;&lt;project_group/&gt;&#xA;&#x9;&lt;business_unit&gt;BU00023 WT Atlanta - WTUSATL&lt;/business_unit&gt;&#xA;&#x9;&lt;cost_center&gt;CC0005 Client Finance&lt;/cost_center&gt;&#xA;&#x9;&lt;product&gt;USMC&lt;/product&gt;&#xA;&#x9;&lt;brand/&gt;&#xA;&#x9;&lt;division&gt;USMC&lt;/division&gt;&#xA;&#x9;&lt;top_level_client&gt;TC00010 United States Marine Corps&lt;/top_level_client&gt;&#xA;&#x9;&lt;top_level_client_id&gt;TC00010&lt;/top_level_client_id&gt;&#xA;&#x9;&lt;location&gt;3630 Peachtree Road, NE, Atlanta&lt;/location&gt;&#xA;&#x9;&lt;location_id&gt;LO0016&lt;/location_id&gt;&#xA;&#x9;&lt;project_owner&gt;&#xA;&#x9;&#x9;&lt;id&gt;20156283&lt;/id&gt;&#xA;&#x9;&#x9;&lt;kind&gt;person&lt;/kind&gt;&#xA;&#x9;&lt;/project_owner&gt;&#xA;&lt;/ProjectBUBoardPO&gt;"
                                type="objectlist">
                        <options>
                           <option name="referenceTo"/>
                        </options>
                     </parameter>
                  </input>
                  <binding>
                     <restSimpleBinding url="https://api.monday.com/v2" verb="POST">
                        <body>{'{"query":"mutation {\r\n    change_multiple_column_values(board_id: '||$ProjectBUBoardDetails/bu_board_id/text()||',item_id: '||$ProjectBUBoardDetails/monday_item_id/text()||',create_labels_if_missing:true, column_values:\"{ \\\"status\\\":{\\\"label\\\":\\\"'||$ProjectBUBoardDetails/status/label/text()||'\\\"},\\\"project_owner_id\\\":\\\"'||$ProjectBUBoardDetails/project_owner_id/text()||'\\\",\\\"project_timeline\\\":{\\\"from\\\":\\\"'||$ProjectBUBoardDetails/project_timeline/from/text()||'\\\",\\\"to\\\":\\\"'||$ProjectBUBoardDetails/project_timeline/to/text()||'\\\"},\\\"project_owner\\\":{\\\"personsAndTeams\\\": [{\\\"id\\\": '||$ProjectBUBoardDetails/project_owner/id/text()||',\\\"kind\\\": \\\"person\\\"}] } }\") {\r\n            id\r\n    }\r\n}\r\n","variables":{}}'}</body>
                     </restSimpleBinding>
                  </binding>
                  <output>
                     <field description=""
                            name="UpdateProjectBUReferenceID"
                            property="id"
                            type="string"/>
                  </output>
               </action>
               <action category=""
                       failOnError="true"
                       forSearch="false"
                       inherits="PostBase"
                       label="CreateProjectItemOnBUBoard"
                       maxRedirects="100"
                       name="CreateProjectItemOnBUBoard"
                       preemptiveAuth="true"
                       responseEncoding="">
                  <description/>
                  <inheritanceMetadata>
                     <section type="output">
                        <section type="outputFields"/>
                     </section>
                     <section type="restSimpleBinding">
                        <section type="body">
                           <attribute inherit="overwrite" name="content" type="content"/>
                        </section>
                        <section type="httpHeaders">
                           <attribute inherit="inherit" name="Authorization" type="header"/>
                           <attribute inherit="inherit" name="Content-Type" type="header"/>
                           <attribute inherit="inherit" name="Accept" type="header"/>
                        </section>
                        <section type="otherParams"/>
                     </section>
                  </inheritanceMetadata>
                  <input>
                     <parameter name="project_reference_board_id"
                                nogen="true"
                                required="true"
                                testWith="1594036701"
                                type="string"/>
                     <parameter name="ProjectBUBoardDetails"
                                nogen="true"
                                required="true"
                                testWith="&lt;ProjectBUBoardPO&gt;&#xA;   &lt;bu_board_id&gt;1614551437&lt;/bu_board_id&gt;  &#xA;   &lt;monday_item_id/&gt;&#xA;  &#xA;   &lt;create_wd_project_item_name&gt;P00001520&lt;/create_wd_project_item_name&gt;  &#xA;   &lt;prime_id/&gt;&#xA;  &#xA;   &lt;project_name&gt;&#xA;    &lt;url&gt;https://wunderman-thompson-cast.monday.com/boards/&lt;/url&gt;   &#xA;    &lt;text&gt;Scenario PRIME 09082021&lt;/text&gt;   &lt;/project_name&gt;&#xA;  &#xA;   &lt;project_board_id/&gt;&#xA;  &#xA;   &lt;status&gt;&#xA;    &lt;label&gt;Internally Approved&lt;/label&gt;   &lt;/status&gt;&#xA;  &#xA;   &lt;project_owner_id&gt;10002116&lt;/project_owner_id&gt;  &#xA;   &lt;project_timeline&gt;&#xA;    &lt;from&gt;2021-09-01&lt;/from&gt;   &#xA;    &lt;to&gt;2021-12-31&lt;/to&gt;   &lt;/project_timeline&gt;&#xA;  &#xA;   &lt;company_name&gt;Wunderman Thompson LLC&lt;/company_name&gt;  &#xA;   &lt;company_id&gt;CO00019&lt;/company_id&gt;  &#xA;   &lt;customer_name&gt;T-MobileT-Mobile&lt;/customer_name&gt;  &#xA;   &lt;customer_id&gt;C-33941&lt;/customer_id&gt;  &#xA;   &lt;project_group&gt;B: Agent, A: Client - Billable&lt;/project_group&gt;  &#xA;   &lt;business_unit&gt;BU00011 WT Seattle - WTUSSEA&lt;/business_unit&gt;  &#xA;   &lt;cost_center&gt;CC0005 Client Finance&lt;/cost_center&gt;  &#xA;   &lt;product&gt;Deutsche Telekom&lt;/product&gt;  &#xA;   &lt;brand/&gt;&#xA;  &#xA;   &lt;division&gt;Deutsche Telekom&lt;/division&gt;  &#xA;   &lt;top_level_client&gt;TC00465 Deutsche Telekom&lt;/top_level_client&gt;  &#xA;   &lt;top_level_client_id&gt;TC00465&lt;/top_level_client_id&gt;  &#xA;   &lt;location&gt;414 Olive Way, Seattle&lt;/location&gt;  &#xA;   &lt;location_id&gt;LO0031&lt;/location_id&gt;  &#xA;   &lt;project_owner&gt;&#xA;    &lt;id&gt;24660538&lt;/id&gt;   &#xA;    &lt;kind&gt;person&lt;/kind&gt;   &lt;/project_owner&gt;&#xA;  &lt;/ProjectBUBoardPO&gt;"
                                type="objectlist">
                        <options>
                           <option name="referenceTo"/>
                        </options>
                     </parameter>
                  </input>
                  <binding>
                     <restSimpleBinding url="https://api.monday.com/v2" verb="POST">
                        <body>{'{"query":"mutation {\r\n    create_item(board_id: '||$ProjectBUBoardDetails/bu_board_id/text()||',item_name: '||$ProjectBUBoardDetails/create_wd_project_item_name/text()||',create_labels_if_missing:true, column_values:\"{ \\\"prime_id\\\":\\\"'||$ProjectBUBoardDetails/prime_id/text()||'\\\",\\\"project_name\\\":{\\\"url\\\":\\\"'||$ProjectBUBoardDetails/project_name/url/text()||''||$project_reference_board_id||'\\\", \\\"text\\\":\\\"'||$ProjectBUBoardDetails/project_name/text/text()||'\\\"},\\\"project_board_id\\\":\\\"'||$project_reference_board_id||'\\\",\\\"status\\\":{\\\"label\\\":\\\"'||$ProjectBUBoardDetails/status/label/text()||'\\\"},\\\"project_owner_id\\\":\\\"'||$ProjectBUBoardDetails/project_owner_id/text()||'\\\",\\\"project_timeline\\\":{\\\"from\\\":\\\"'||$ProjectBUBoardDetails/project_timeline/from/text()||'\\\",\\\"to\\\":\\\"'||$ProjectBUBoardDetails/project_timeline/to/text()||'\\\"},\\\"company_name\\\":\\\"'||$ProjectBUBoardDetails/company_name/text()||'\\\",\\\"company_id\\\":\\\"'||$ProjectBUBoardDetails/company_id/text()||'\\\",\\\"customer_name\\\":\\\"'||$ProjectBUBoardDetails/customer_name/text()||'\\\",\\\"customer_id\\\":\\\"'||$ProjectBUBoardDetails/customer_id/text()||'\\\",\\\"project_group5\\\":\\\"'||$ProjectBUBoardDetails/project_group/text()||'\\\",\\\"business_unit9\\\":\\\"'||$ProjectBUBoardDetails/business_unit/text()||'\\\",\\\"cost_center\\\":\\\"'||$ProjectBUBoardDetails/cost_center/text()||'\\\",\\\"product1\\\":\\\"'||$ProjectBUBoardDetails/product/text()||'\\\",\\\"brand1\\\":\\\"'||$ProjectBUBoardDetails/brand/text()||'\\\",\\\"division\\\":\\\"'||$ProjectBUBoardDetails/division/text()||'\\\",\\\"top_level_client\\\":\\\"'||$ProjectBUBoardDetails/top_level_client/text()||'\\\",\\\"top_level_client_id\\\":\\\"'||$ProjectBUBoardDetails/top_level_client_id/text()||'\\\",\\\"location\\\":\\\"'||$ProjectBUBoardDetails/location/text()||'\\\",\\\"location_id\\\":\\\"'||$ProjectBUBoardDetails/location_id/text()||'\\\", \\\"project_owner\\\":{\\\"personsAndTeams\\\": [{\\\"id\\\": '||$ProjectBUBoardDetails/project_owner/id/text()||',\\\"kind\\\": \\\"person\\\"}] } }\") {\r\n            id\r\n    }\r\n}\r\n","variables":{}}'}</body>
                     </restSimpleBinding>
                  </binding>
                  <output>
                     <field description=""
                            name="AddProjectBUReferenceID"
                            property="id"
                            type="string"/>
                  </output>
               </action>
               <action category="SCIM"
                       failOnError="true"
                       forSearch="false"
                       isAbstract="true"
                       label="GetBase_SCIM"
                       maxRedirects="100"
                       name="GetBase_SCIM"
                       preemptiveAuth="true"
                       responseEncoding="">
                  <description>The System for Cross-domain Identity Management (SCIM) is an open standard for managing user identity information across applications, or identity domains. </description>
                  <input/>
                  <binding>
                     <restSimpleBinding multiUsing="semicolonSeparated"
                                        url="{$Wunderman_Thompson_URL}"
                                        verb="GET">
                        <httpHeaders>
                           <header name="Authorization">{$SCIM_AuthorizationToken}</header>
                           <header name="Content-Type">application/json</header>
                           <header name="Accept">application/json</header>
                        </httpHeaders>
                     </restSimpleBinding>
                  </binding>
                  <output/>
               </action>
               <action category="SCIM"
                       failOnError="true"
                       forSearch="false"
                       inherits="GetBase_SCIM"
                       label="GetMondayIDSCIM"
                       maxRedirects="100"
                       name="GetMondayIDSCIM"
                       preemptiveAuth="true"
                       responseEncoding="">
                  <description>This query will retrieve a user object containing the mondayID of a given user.  The user’s email address will be required from the Workday feed.
•	resourceEmail
</description>
                  <inheritanceMetadata>
                     <section type="output">
                        <section type="outputFields"/>
                     </section>
                     <section type="restSimpleBinding">
                        <attribute inherit="extend" name="url" type="url"/>
                        <section type="httpHeaders">
                           <attribute inherit="inherit" name="Authorization" type="header"/>
                           <attribute inherit="inherit" name="Content-Type" type="header"/>
                           <attribute inherit="inherit" name="Accept" type="header"/>
                        </section>
                        <section type="otherParams"/>
                     </section>
                  </inheritanceMetadata>
                  <input>
                     <parameter name="filter"
                                required="true"
                                testWith="userName eq &#34;test2@wundermanthompson.com&#34;"
                                type="string"/>
                  </input>
                  <binding>
                     <restSimpleBinding url="Users" verb="GET"/>
                  </binding>
                  <output>
                     <field description=""
                            name="Monday_UserProfile_InternalId"
                            property="internalId"
                            type="string"/>
                     <field description=""
                            name="SCIM_UserProfileID"
                            property="id"
                            type="string"/>
                     <field description="" name="IsValidUserInternalID" type="boolean">
                        <xquery>{if (not(empty($Monday_UserProfile_InternalId))) then true() else false()}</xquery>
                     </field>
                  </output>
               </action>
               <action category="SCIM"
                       failOnError="true"
                       forSearch="false"
                       label="PostCreateTeamSCIM"
                       maxRedirects="100"
                       name="PostCreateTeamSCIM"
                       preemptiveAuth="true"
                       responseEncoding="">
                  <description>Teams within Monday.com are groups of users that share the same permissions. A group will be created for each Business Unit. </description>
                  <input>
                     <parameter name="BuID"
                                nogen="true"
                                required="true"
                                testWith="BUTest123"
                                type="string"/>
                  </input>
                  <binding>
                     <restSimpleBinding multiUsing="semicolonSeparated"
                                        url="{$Wunderman_Thompson_URL}Groups"
                                        verb="POST">
                        <httpHeaders>
                           <header name="Authorization">{$SCIM_AuthorizationToken}</header>
                           <header name="Content-Type">application/json</header>
                           <header name="Accept">application/json</header>
                        </httpHeaders>
                        <body>{'{
  "schemas":["urn:ietf:params:scim:schemas:core:2.0:Group"],
  "displayName": "'||$BuID||'",
  "members":[]
}'}</body>
                     </restSimpleBinding>
                  </binding>
                  <output>
                     <field description=""
                            name="ReferenceTeamID"
                            property="id"
                            type="string"/>
                  </output>
               </action>
               <action category="SCIM"
                       failOnError="true"
                       forSearch="false"
                       label="AddProjectOwnerBUTeam"
                       maxRedirects="100"
                       name="AddProjectOwnerBUTeam"
                       preemptiveAuth="true"
                       responseEncoding="">
                  <description>Every Project Owner must be added to the BU Team that is associated with the Project ID.  The buTeamId will have been retrieved when reading the BU Index Board see Read BU Index
The long ID (longProjectOwnerId) retrieved when querying for/creating the Project Owner Profile will also be required. 
</description>
                  <input>
                     <parameter name="SCIM_Long_UserProfileID"
                                nogen="true"
                                required="true"
                                testWith="55c9fa70-42b7-4f84-8a06-5f44739f90d6"
                                type="string"/>
                     <parameter name="BuTeamID_ReferenceTeamID"
                                nogen="true"
                                required="true"
                                testWith="d1d7e02a-3aa2-49cc-952e-01b3e5a88426"
                                type="string"/>
                  </input>
                  <binding>
                     <restSimpleBinding multiUsing="semicolonSeparated"
                                        url="{$Wunderman_Thompson_URL||'Groups/'||$BuTeamID_ReferenceTeamID}"
                                        verb="PATCH">
                        <httpHeaders>
                           <header name="Authorization">{$SCIM_AuthorizationToken}</header>
                           <header name="Accept">application/json</header>
                           <header name="Content-Type">application/json</header>
                        </httpHeaders>
                        <body>{'{
   "schemas": ["urn:ietf:params:scim:schemas:core:2.0:Group"],
   "Operations": [{
       "op": "Add",
       "path": "members",
       "value": [{
           "value":"'||$SCIM_Long_UserProfileID||'"
       }]
   }]
}'}</body>
                     </restSimpleBinding>
                  </binding>
                  <output/>
               </action>
               <action category="SCIM"
                       failOnError="true"
                       forSearch="false"
                       label="CreateUserProfileMonday"
                       maxRedirects="100"
                       name="CreateUserProfileMonday"
                       preemptiveAuth="true"
                       responseEncoding="">
                  <description>Informatica will need to retrieve the following attributes from the Workday feed before creating a user account in monday.com
•	resourceEmail
•	resourceName</description>
                  <input>
                     <parameter description="Project Owner Email"
                                name="resourceOwnerEmail"
                                nogen="true"
                                required="true"
                                testWith="dennis.lizano@wundermanthompson.com"
                                type="string"/>
                     <parameter description="Project Owner"
                                name="resourceOwnerName"
                                nogen="true"
                                required="true"
                                testWith="dennis lizano"
                                type="string"/>
                  </input>
                  <binding>
                     <restSimpleBinding multiUsing="semicolonSeparated"
                                        url="{$Wunderman_Thompson_URL}Users"
                                        verb="POST">
                        <httpHeaders>
                           <header name="Authorization">{$SCIM_AuthorizationToken}</header>
                           <header name="Content-Type">application/json</header>
                           <header name="Accept">application/json</header>
                        </httpHeaders>
                        <body>{'{
  "schemas":["urn:ietf:params:scim:schemas:core:2.0:User"],
  "userName":"'||$resourceOwnerEmail||'",
  "userType":"viewer",
  "name":{"formatted":"'||$resourceOwnerName||'"},	
  "emails":[
    {"value":"'||$resourceOwnerEmail||'"}
  ]
}'}</body>
                     </restSimpleBinding>
                  </binding>
                  <output>
                     <field description=""
                            name="SCIM_UserProfileID"
                            property="id"
                            type="string"/>
                     <field description=""
                            name="Monday_UserProfile_InternalId"
                            property="internalId"
                            type="string"/>
                  </output>
               </action>
               <action category="Okta"
                       failOnError="true"
                       forSearch="false"
                       label="GetOktaUser"
                       maxRedirects="100"
                       name="GetOktaUser"
                       preemptiveAuth="true"
                       responseEncoding="">
                  <description/>
                  <input>
                     <parameter name="resourceEmail"
                                nogen="true"
                                required="false"
                                testWith="cristina.blanco@wundermanthompson.com"
                                type="string"/>
                     <parameter name="OktaURL"
                                nogen="true"
                                required="true"
                                testWith="https://devh-wpp.okta.com"
                                type="string"/>
                  </input>
                  <binding>
                     <restSimpleBinding multiUsing="semicolonSeparated"
                                        url="{concat($OktaURL,'/api/v1/users/',$resourceEmail)}"
                                        verb="GET">
                        <httpHeaders>
                           <header name="Authorization">{concat('SSWS ',$OKTA_AuthorizationToken)}</header>
                           <header name="Content-Type">application/json</header>
                           <header name="Accept">application/json</header>
                        </httpHeaders>
                     </restSimpleBinding>
                  </binding>
                  <output>
                     <field description=""
                            name="Okta_UserReferenceID"
                            property="id"
                            type="string"/>
                     <field description="" name="IsOktaUserReferenceIDValid" type="boolean">
                        <xquery>{if (not(empty($Okta_UserReferenceID))) then true() else false()}</xquery>
                     </field>
                  </output>
               </action>
               <action category="Okta"
                       failOnError="true"
                       forSearch="false"
                       label="AddOktaUserGroup"
                       maxRedirects="100"
                       name="AddOktaUserGroup"
                       preemptiveAuth="true"
                       responseEncoding="">
                  <description/>
                  <input>
                     <parameter name="OktaGroupID"
                                nogen="true"
                                required="true"
                                testWith="00gxvl4or20OHn7ui416"
                                type="string"/>
                     <parameter name="OktaUrl"
                                nogen="true"
                                required="true"
                                testWith="https://devh-wpp.okta.com"
                                type="string"/>
                     <parameter name="OktaUserReferenceID"
                                nogen="true"
                                required="true"
                                testWith="00u6z5z93MIzgF3GD416"
                                type="string"/>
                  </input>
                  <binding>
                     <restSimpleBinding multiUsing="semicolonSeparated"
                                        url="{concat($OktaUrl,'/api/v1/groups/',$OktaGroupID,'/users/',$OktaUserReferenceID )}"
                                        verb="PUT">
                        <httpHeaders>
                           <header name="Content-Type">application/json</header>
                           <header name="Accept">application/json</header>
                           <header name="Authorization">{concat('SSWS ',$OKTA_AuthorizationToken)}</header>
                        </httpHeaders>
                        <body generateUsing="URL"/>
                     </restSimpleBinding>
                  </binding>
                  <output/>
               </action>
               <action category="SCIM"
                       failOnError="true"
                       forSearch="false"
                       inherits="GetBase_SCIM"
                       label="GetTeamSCIM"
                       maxRedirects="100"
                       name="GetTeamSCIM"
                       preemptiveAuth="true"
                       responseEncoding="">
                  <description/>
                  <inheritanceMetadata>
                     <section type="output">
                        <section type="outputFields"/>
                     </section>
                     <section type="restSimpleBinding">
                        <attribute inherit="extend" name="url" type="url"/>
                        <section type="httpHeaders">
                           <attribute inherit="inherit" name="Authorization" type="header"/>
                           <attribute inherit="inherit" name="Content-Type" type="header"/>
                           <attribute inherit="inherit" name="Accept" type="header"/>
                        </section>
                        <section type="otherParams"/>
                     </section>
                  </inheritanceMetadata>
                  <input>
                     <parameter name="filter"
                                required="true"
                                testWith="displayName eq    &#34;BU00001&#34;"
                                type="string"/>
                  </input>
                  <binding>
                     <restSimpleBinding url="Groups" verb="GET"/>
                  </binding>
                  <output>
                     <field description=""
                            name="ReferenceTeamID"
                            property="id"
                            type="string"/>
                     <field description="" name="IsReferenceTeamIDValid" type="boolean">
                        <xquery>{if (not(empty($ReferenceTeamID ))) then true() else false()}</xquery>
                     </field>
                  </output>
               </action>
               <action category="Resource-Roles"
                       failOnError="true"
                       forSearch="false"
                       inherits="PostBase"
                       label="CreateResourceItemonProjectBoard"
                       maxRedirects="100"
                       name="CreateResourceItemonProjectBoard"
                       preemptiveAuth="true"
                       responseEncoding="">
                  <description>Create a new resource line on the project board. The following variables are required…
•	projectBoardId		From Find Project Board
•	projectRoleModidied		From Workday
•	startDate			From Workday
•	endDate			From Workday
•	resourceLineID		From Workday
•	hoursProposed			From Workday
mondayId			Monday.com user ID of the worker/s (TBD)</description>
                  <inheritanceMetadata>
                     <section type="output">
                        <section type="outputFields"/>
                     </section>
                     <section type="restSimpleBinding">
                        <section type="body">
                           <attribute inherit="overwrite" name="content" type="content"/>
                        </section>
                        <section type="httpHeaders">
                           <attribute inherit="inherit" name="Authorization" type="header"/>
                           <attribute inherit="inherit" name="Content-Type" type="header"/>
                           <attribute inherit="inherit" name="Accept" type="header"/>
                        </section>
                        <section type="otherParams"/>
                     </section>
                  </inheritanceMetadata>
                  <input>
                     <parameter name="ProjectBoardDetails"
                                nogen="true"
                                required="true"
                                testWith="&lt;ProjectBoardPO-RR&gt;&#xA;   &lt;item&gt;&#xA;      &lt;Project_Board_ID&gt;1884048288&lt;/Project_Board_ID&gt;&#xA;      &lt;Item_ID&gt;1884959905&lt;/Item_ID&gt;&#xA;      &lt;From&gt;2021-08-04&lt;/From&gt;&#xA;      &lt;To&gt;2021-08-04&lt;/To&gt;&#xA;      &lt;Hours&gt;100&lt;/Hours&gt;&#xA;      &lt;Project_ID&gt;&lt;/Project_ID&gt;&#xA;      &lt;Project_Role_Modified&gt;Client Services 2&lt;/Project_Role_Modified&gt;&#xA;     &lt;Resource_Line_ID&gt;a66403d2-c8d9-47ff-b62f-fdd625342b3b&lt;/Resource_Line_ID&gt;&#xA;   &lt;/item&gt;&#xA;&lt;/ProjectBoardPO-RR&gt;"
                                type="objectlist">
                        <options>
                           <option name="referenceTo"/>
                        </options>
                     </parameter>
                     <parameter name="Worker_UserProfile_ID_1"
                                nogen="true"
                                required="true"
                                testWith="26056465"
                                type="string"/>
                     <parameter name="Worker_UserProfile_ID_2"
                                nogen="true"
                                required="true"
                                testWith="26056465"
                                type="string"/>
                     <parameter name="Worker_UserProfile_ID_3"
                                nogen="true"
                                required="true"
                                testWith="26056465"
                                type="string"/>
                     <parameter name="Worker_UserProfile_ID_4"
                                nogen="true"
                                required="true"
                                testWith="26056465"
                                type="string"/>
                     <parameter name="Worker_UserProfile_ID_5"
                                nogen="true"
                                required="true"
                                testWith="26056465"
                                type="string"/>
                     <parameter name="Worker_UserProfile_ID_6"
                                nogen="true"
                                required="true"
                                testWith="26056465"
                                type="string"/>
                     <parameter name="Worker_UserProfile_ID_7"
                                nogen="true"
                                required="true"
                                testWith="26056465"
                                type="string"/>
                     <parameter name="Worker_UserProfile_ID_8"
                                nogen="true"
                                required="true"
                                testWith="26056465"
                                type="string"/>
                     <parameter name="Worker_UserProfile_ID_9"
                                nogen="true"
                                required="true"
                                testWith="26056465"
                                type="string"/>
                     <parameter name="Worker_UserProfile_ID_10"
                                nogen="true"
                                required="true"
                                testWith="26056465"
                                type="string"/>
                  </input>
                  <binding>
                     <restSimpleBinding url="https://api.monday.com/v2" verb="POST">
                        <body>{'{"query":"mutation {\r\n    create_item(board_id:'||$ProjectBoardDetails/item/Project_Board_ID/text()||', item_name: \"'||$ProjectBoardDetails/item/Project_Role_Modified/text()||'\",create_labels_if_missing: true, column_values:\"{\\\"resource_timeline\\\":{\\\"from\\\":\\\"'||$ProjectBoardDetails/item/From/text()||'\\\",\\\"to\\\":\\\"'||$ProjectBoardDetails/item/To/text()||'\\\"},\\\"resource_line_id\\\":\\\"'||$ProjectBoardDetails/item/Resource_Line_ID/text()||'\\\",\\\"hours\\\":\\\"'||$ProjectBoardDetails/item/Hours/text()||'\\\",\\\"workers\\\":{\\\"personsAndTeams\\\":[{\\\"id\\\":'||$Worker_UserProfile_ID_1||',\\\"kind\\\":\\\"person\\\"}, {\\\"id\\\":'||$Worker_UserProfile_ID_2||',\\\"kind\\\":\\\"person\\\" },{\\\"id\\\":'||$Worker_UserProfile_ID_3||',\\\"kind\\\":\\\"person\\\" },{\\\"id\\\":'||$Worker_UserProfile_ID_4||',\\\"kind\\\":\\\"person\\\" },{\\\"id\\\":'||$Worker_UserProfile_ID_5||',\\\"kind\\\":\\\"person\\\" },{\\\"id\\\":'||$Worker_UserProfile_ID_6||',\\\"kind\\\":\\\"person\\\" },{\\\"id\\\":'||$Worker_UserProfile_ID_7||',\\\"kind\\\":\\\"person\\\" },{\\\"id\\\":'||$Worker_UserProfile_ID_8||',\\\"kind\\\":\\\"person\\\" },{\\\"id\\\":'||$Worker_UserProfile_ID_9||',\\\"kind\\\":\\\"person\\\" },{\\\"id\\\":'||$Worker_UserProfile_ID_10||',\\\"kind\\\":\\\"person\\\" }]}}\") {\r\n        id\r\n    }\r\n}\r\n","variables":{}}'}</body>
                     </restSimpleBinding>
                  </binding>
                  <output>
                     <field description=""
                            name="ResourceItemIDResponse"
                            property="id"
                            type="reference">
                        <options>
                           <option name="referenceTo"/>
                        </options>
                     </field>
                     <field description="" name="IsRecordCreateOrUpdatedFlag" type="boolean">
                        <xquery>{if (not(empty($ResourceItemIDResponse))) then (true()) else (false())}</xquery>
                     </field>
                  </output>
               </action>
               <action category="Resource-Roles"
                       failOnError="true"
                       forSearch="false"
                       inherits="PostBase"
                       label="FindResourceID"
                       maxRedirects="100"
                       name="FindResourceID"
                       preemptiveAuth="true"
                       responseEncoding="">
                  <description/>
                  <inheritanceMetadata>
                     <section type="output">
                        <section type="outputFields"/>
                     </section>
                     <section type="restSimpleBinding">
                        <section type="body">
                           <attribute inherit="inherit" name="generateUsing" type="generateUsing"/>
                           <attribute inherit="overwrite" name="content" type="content"/>
                        </section>
                        <section type="httpHeaders">
                           <attribute inherit="inherit" name="Authorization" type="header"/>
                           <attribute inherit="inherit" name="Content-Type" type="header"/>
                           <attribute inherit="inherit" name="Accept" type="header"/>
                        </section>
                        <section type="otherParams"/>
                     </section>
                  </inheritanceMetadata>
                  <input>
                     <parameter name="ProjectBoardID"
                                nogen="true"
                                required="true"
                                testWith="1520089696"
                                type="string"/>
                     <parameter name="ResourceLineLong_ID"
                                nogen="true"
                                required="true"
                                testWith="a66403d2-c8d9-47ff-b62f-fdd625342b3b"
                                type="string"/>
                  </input>
                  <binding>
                     <restSimpleBinding url="https://api.monday.com/v2" verb="POST">
                        <body>{'{"query":"query {\r\n    items_by_column_values (board_id: '||$ProjectBoardID||', column_id: \"resource_line_id\", column_value : \"'||$ResourceLineLong_ID||'\") {\r\n        id\r\n    }\r\n}\r\n","variables":{}}'}</body>
                     </restSimpleBinding>
                  </binding>
                  <output>
                     <field description=""
                            name="ResourceIDResponse"
                            property="id"
                            type="string"/>
                  </output>
               </action>
               <action category="Resource-Roles"
                       failOnError="true"
                       forSearch="false"
                       inherits="PostBase"
                       label="GetAllProjectBoards"
                       maxRedirects="100"
                       name="GetAllProjectBoards"
                       preemptiveAuth="true"
                       responseEncoding="">
                  <description>Retrieve a list of all board names and their IDs.    By calling this function once at the start of each session we can improve efficiency as we will need to search this list repeatedly for each project board</description>
                  <inheritanceMetadata>
                     <section type="output">
                        <section type="outputFields"/>
                     </section>
                     <section type="restSimpleBinding">
                        <section type="body">
                           <attribute inherit="overwrite" name="content" type="content"/>
                        </section>
                        <section type="httpHeaders">
                           <attribute inherit="inherit" name="Authorization" type="header"/>
                           <attribute inherit="inherit" name="Content-Type" type="header"/>
                           <attribute inherit="inherit" name="Accept" type="header"/>
                        </section>
                        <section type="otherParams"/>
                     </section>
                  </inheritanceMetadata>
                  <input/>
                  <binding>
                     <restSimpleBinding url="https://api.monday.com/v2" verb="POST">
                        <body>{'{"query":"\r\n\r\nquery {\r\n  boards (limit:100000) {\r\n      id,name\r\n  }\r\n}\r\n","variables":{}}'}</body>
                     </restSimpleBinding>
                  </binding>
                  <output>
                     <field description=""
                            name="AllProjectBoardsIDResponse"
                            type="reference"
                            xmlElement=".">
                        <options>
                           <option name="referenceTo"/>
                        </options>
                     </field>
                  </output>
               </action>
               <action category="Resource-Roles"
                       failOnError="true"
                       forSearch="false"
                       inherits="PostBase"
                       label="UpdateResourceItemonProjectBoard"
                       maxRedirects="100"
                       name="UpdateResourceItemonProjectBoard"
                       preemptiveAuth="true"
                       responseEncoding="">
                  <description>•	projectBoardId		From Find Project Board
•	itemID				From Find Resource ID
•	projectRoleModified		From Workday
•	startDate			From Workday
•	endDate			From Workday
•	resourceLineID		From Workday
•	hoursProposed			From Workday
mondayId			Monday.com user ID of the worker/s </description>
                  <inheritanceMetadata>
                     <section type="output">
                        <section type="outputFields"/>
                     </section>
                     <section type="restSimpleBinding">
                        <section type="body">
                           <attribute inherit="overwrite" name="content" type="content"/>
                        </section>
                        <section type="httpHeaders">
                           <attribute inherit="inherit" name="Authorization" type="header"/>
                           <attribute inherit="inherit" name="Content-Type" type="header"/>
                           <attribute inherit="inherit" name="Accept" type="header"/>
                        </section>
                        <section type="otherParams"/>
                     </section>
                  </inheritanceMetadata>
                  <input>
                     <parameter name="ProjectBoardDetails"
                                nogen="true"
                                required="true"
                                testWith="&lt;root&gt;&#xA;   &lt;item&gt;&#xA;    &lt;Resource_Line_ID&gt;5e61cffa-f72c-41c2-b7bc-d443ff45c47e&lt;/Resource_Line_ID&gt;   &#xA;    &lt;Project_ID&gt;P00001700&lt;/Project_ID&gt;   &#xA;    &lt;Project_Role_Modified&gt;Creative Director 1&lt;/Project_Role_Modified&gt;   &#xA;    &lt;From&gt;2021-02-01&lt;/From&gt;   &#xA;    &lt;To&gt;2022-01-28&lt;/To&gt;   &#xA;    &lt;Hours&gt;20&lt;/Hours&gt;   &#xA;    &lt;Project_Board_ID&gt;1934629182&lt;/Project_Board_ID&gt;   &#xA;    &lt;Project_Board_Name&gt;P00001700-DMH Apollo 2211 01&lt;/Project_Board_Name&gt;   &lt;/item&gt;&#xA;  &lt;/root&gt;"
                                type="objectlist">
                        <options>
                           <option name="referenceTo"/>
                        </options>
                     </parameter>
                     <parameter name="Worker_UserProfile_ID_1"
                                nogen="true"
                                required="true"
                                testWith="24171050"
                                type="string"/>
                     <parameter name="Worker_UserProfile_ID_2"
                                nogen="true"
                                required="true"
                                testWith=""
                                type="string"/>
                     <parameter name="Worker_UserProfile_ID_3"
                                nogen="true"
                                required="true"
                                testWith="0"
                                type="string"/>
                     <parameter name="Worker_UserProfile_ID_4"
                                nogen="true"
                                required="true"
                                testWith="0"
                                type="string"/>
                     <parameter name="Worker_UserProfile_ID_5"
                                nogen="true"
                                required="true"
                                testWith="0"
                                type="string"/>
                     <parameter name="Worker_UserProfile_ID_6"
                                nogen="true"
                                required="true"
                                testWith="0"
                                type="string"/>
                     <parameter name="Worker_UserProfile_ID_7"
                                nogen="true"
                                required="true"
                                testWith="0"
                                type="string"/>
                     <parameter name="Worker_UserProfile_ID_8"
                                nogen="true"
                                required="true"
                                testWith="0"
                                type="string"/>
                     <parameter name="Worker_UserProfile_ID_9"
                                nogen="true"
                                required="true"
                                testWith="0"
                                type="string"/>
                     <parameter name="Worker_UserProfile_ID_10"
                                nogen="true"
                                required="true"
                                testWith="0"
                                type="string"/>
                     <parameter name="Item_ID"
                                nogen="true"
                                required="true"
                                testWith="1934629836"
                                type="string"/>
                  </input>
                  <binding>
                     <restSimpleBinding url="https://api.monday.com/v2" verb="POST">
                        <body>{let $worker_count :=  count($ProjectBoardDetails/item//workers)
for $x in $ProjectBoardDetails//item
let $worker := if( $worker_count=1) then('\\\"workers\\\":{\\\"personsAndTeams\\\":[{\\\"id\\\":'||$Worker_UserProfile_ID_1||',\\\"kind\\\":\\\"person\\\"}]}') 
                else if($worker_count=2) then('\\\"workers\\\":{\\\"personsAndTeams\\\":[{\\\"id\\\":'||$Worker_UserProfile_ID_1||',\\\"kind\\\":\\\"person\\\"},{\\\"id\\\":'||$Worker_UserProfile_ID_2||',\\\"kind\\\":\\\"person\\\"}]}')
                else if ($worker_count=3) then('\\\"workers\\\":{\\\"personsAndTeams\\\":[{\\\"id\\\":'||$Worker_UserProfile_ID_1||',\\\"kind\\\":\\\"person\\\"},{\\\"id\\\":'||$Worker_UserProfile_ID_2||',\\\"kind\\\":\\\"person\\\"},{\\\"id\\\":'||$Worker_UserProfile_ID_3||',\\\"kind\\\":\\\"person\\\"}]}')
                else if ($worker_count=4) then('\\\"workers\\\":{\\\"personsAndTeams\\\":[{\\\"id\\\":'||$Worker_UserProfile_ID_1||',\\\"kind\\\":\\\"person\\\"},{\\\"id\\\":'||$Worker_UserProfile_ID_2||',\\\"kind\\\":\\\"person\\\"},{\\\"id\\\":'||$Worker_UserProfile_ID_3||',\\\"kind\\\":\\\"person\\\"},{\\\"id\\\":'||$Worker_UserProfile_ID_4||',\\\"kind\\\":\\\"person\\\"}]}')
                else if ($worker_count=5) then('\\\"workers\\\":{\\\"personsAndTeams\\\":[{\\\"id\\\":'||$Worker_UserProfile_ID_1||',\\\"kind\\\":\\\"person\\\"},{\\\"id\\\":'||$Worker_UserProfile_ID_2||',\\\"kind\\\":\\\"person\\\"},{\\\"id\\\":'||$Worker_UserProfile_ID_3||',\\\"kind\\\":\\\"person\\\"},{\\\"id\\\":'||$Worker_UserProfile_ID_4||',\\\"kind\\\":\\\"person\\\"},{\\\"id\\\":'||$Worker_UserProfile_ID_5||',\\\"kind\\\":\\\"person\\\"}]}')
                else if ($worker_count=6) then('\\\"workers\\\":{\\\"personsAndTeams\\\":[{\\\"id\\\":'||$Worker_UserProfile_ID_1||',\\\"kind\\\":\\\"person\\\"},{\\\"id\\\":'||$Worker_UserProfile_ID_2||',\\\"kind\\\":\\\"person\\\"},{\\\"id\\\":'||$Worker_UserProfile_ID_3||',\\\"kind\\\":\\\"person\\\"},{\\\"id\\\":'||$Worker_UserProfile_ID_4||',\\\"kind\\\":\\\"person\\\"},{\\\"id\\\":'||$Worker_UserProfile_ID_5||',\\\"kind\\\":\\\"person\\\"},{\\\"id\\\":'||$Worker_UserProfile_ID_6||',\\\"kind\\\":\\\"person\\\"}]}')
                else if ($worker_count=7) then('\\\"workers\\\":{\\\"personsAndTeams\\\":[{\\\"id\\\":'||$Worker_UserProfile_ID_1||',\\\"kind\\\":\\\"person\\\"},{\\\"id\\\":'||$Worker_UserProfile_ID_2||',\\\"kind\\\":\\\"person\\\"},{\\\"id\\\":'||$Worker_UserProfile_ID_3||',\\\"kind\\\":\\\"person\\\"},{\\\"id\\\":'||$Worker_UserProfile_ID_4||',\\\"kind\\\":\\\"person\\\"},{\\\"id\\\":'||$Worker_UserProfile_ID_5||',\\\"kind\\\":\\\"person\\\"},{\\\"id\\\":'||$Worker_UserProfile_ID_6||',\\\"kind\\\":\\\"person\\\"},{\\\"id\\\":'||$Worker_UserProfile_ID_7||',\\\"kind\\\":\\\"person\\\"}]}')
                else if ($worker_count=8) then('\\\"workers\\\":{\\\"personsAndTeams\\\":[{\\\"id\\\":'||$Worker_UserProfile_ID_1||',\\\"kind\\\":\\\"person\\\"},{\\\"id\\\":'||$Worker_UserProfile_ID_2||',\\\"kind\\\":\\\"person\\\"},{\\\"id\\\":'||$Worker_UserProfile_ID_3||',\\\"kind\\\":\\\"person\\\"},{\\\"id\\\":'||$Worker_UserProfile_ID_4||',\\\"kind\\\":\\\"person\\\"},{\\\"id\\\":'||$Worker_UserProfile_ID_5||',\\\"kind\\\":\\\"person\\\"},{\\\"id\\\":'||$Worker_UserProfile_ID_6||',\\\"kind\\\":\\\"person\\\"},{\\\"id\\\":'||$Worker_UserProfile_ID_7||',\\\"kind\\\":\\\"person\\\"},{\\\"id\\\":'||$Worker_UserProfile_ID_8||',\\\"kind\\\":\\\"person\\\"}]}')
                else if ($worker_count=9) then('\\\"workers\\\":{\\\"personsAndTeams\\\":[{\\\"id\\\":'||$Worker_UserProfile_ID_1||',\\\"kind\\\":\\\"person\\\"},{\\\"id\\\":'||$Worker_UserProfile_ID_2||',\\\"kind\\\":\\\"person\\\"},{\\\"id\\\":'||$Worker_UserProfile_ID_3||',\\\"kind\\\":\\\"person\\\"},{\\\"id\\\":'||$Worker_UserProfile_ID_4||',\\\"kind\\\":\\\"person\\\"},{\\\"id\\\":'||$Worker_UserProfile_ID_5||',\\\"kind\\\":\\\"person\\\"},{\\\"id\\\":'||$Worker_UserProfile_ID_6||',\\\"kind\\\":\\\"person\\\"},{\\\"id\\\":'||$Worker_UserProfile_ID_7||',\\\"kind\\\":\\\"person\\\"},{\\\"id\\\":'||$Worker_UserProfile_ID_8||',\\\"kind\\\":\\\"person\\\"},{\\\"id\\\":'||$Worker_UserProfile_ID_9||',\\\"kind\\\":\\\"person\\\"}]}')
                else if ($worker_count=10) then('\\\"workers\\\":{\\\"personsAndTeams\\\":[{\\\"id\\\":'||$Worker_UserProfile_ID_1||',\\\"kind\\\":\\\"person\\\"},{\\\"id\\\":'||$Worker_UserProfile_ID_2||',\\\"kind\\\":\\\"person\\\"},{\\\"id\\\":'||$Worker_UserProfile_ID_3||',\\\"kind\\\":\\\"person\\\"},{\\\"id\\\":'||$Worker_UserProfile_ID_4||',\\\"kind\\\":\\\"person\\\"},{\\\"id\\\":'||$Worker_UserProfile_ID_5||',\\\"kind\\\":\\\"person\\\"},{\\\"id\\\":'||$Worker_UserProfile_ID_6||',\\\"kind\\\":\\\"person\\\"},{\\\"id\\\":'||$Worker_UserProfile_ID_7||',\\\"kind\\\":\\\"person\\\"},{\\\"id\\\":'||$Worker_UserProfile_ID_8||',\\\"kind\\\":\\\"person\\\"},{\\\"id\\\":'||$Worker_UserProfile_ID_9||',\\\"kind\\\":\\\"person\\\"},{\\\"id\\\":'||$Worker_UserProfile_ID_10||',\\\"kind\\\":\\\"person\\\"}]}')
               else ('\\\"workers\\\":{\\\"personsAndTeams\\\":[]}')
return '{"query":"mutation {\r\n    change_multiple_column_values(board_id:'||$ProjectBoardDetails/item/Project_Board_ID/text()||', item_id:'||$Item_ID||',create_labels_if_missing: true, column_values:\"{\\\"name\\\":\\\"'||$ProjectBoardDetails/item/Project_Role_Modified/text()||'\\\",\\\"resource_timeline\\\":{\\\"from\\\":\\\"'||$ProjectBoardDetails/item/From/text()||'\\\",\\\"to\\\":\\\"'||$ProjectBoardDetails/item/To/text()||'\\\"},\\\"resource_line_id\\\":\\\"'||$ProjectBoardDetails/item/Resource_Line_ID/text()||'\\\",\\\"hours\\\":\\\"'||$ProjectBoardDetails/item/Hours/text()||'\\\",'||$worker||' }\") {\r\n        id\r\n    }\r\n}\r\n","variables":{}}'}</body>
                     </restSimpleBinding>
                  </binding>
                  <output>
                     <field description=""
                            name="UpdateResourceItemIDResponse"
                            property="id"
                            type="string"/>
                     <field description="" name="IsRecordCreateOrUpdatedFlag" type="boolean">
                        <xquery>{if (not(empty($UpdateResourceItemIDResponse ))) then(true()) else(false())}</xquery>
                     </field>
                  </output>
               </action>
               <action category="Resource-Roles"
                       failOnError="true"
                       forSearch="false"
                       inherits="PostBase"
                       label="AddWorkerProjectBoardSubscribers"
                       maxRedirects="100"
                       name="AddWorkerProjectBoardSubscribers"
                       preemptiveAuth="true"
                       responseEncoding="">
                  <description/>
                  <inheritanceMetadata>
                     <section type="output">
                        <section type="outputFields"/>
                     </section>
                     <section type="restSimpleBinding">
                        <section type="body">
                           <attribute inherit="inherit" name="generateUsing" type="generateUsing"/>
                           <attribute inherit="overwrite" name="content" type="content"/>
                        </section>
                        <section type="httpHeaders">
                           <attribute inherit="inherit" name="Authorization" type="header"/>
                           <attribute inherit="inherit" name="Content-Type" type="header"/>
                           <attribute inherit="inherit" name="Accept" type="header"/>
                        </section>
                        <section type="otherParams"/>
                     </section>
                  </inheritanceMetadata>
                  <input>
                     <parameter name="Monday_Worker_Reference_List"
                                nogen="true"
                                required="true"
                                testWith="&lt;MondayIDReference&gt; &lt;item&gt;&#xA;   &lt;monday_id&gt;24171050&lt;/monday_id&gt;  &lt;/item&gt;&#xA;   &lt;item&gt;&#xA;   &lt;monday_id&gt;24171050&lt;/monday_id&gt;  &lt;/item&gt;&lt;/MondayIDReference&gt;"
                                type="reference">
                        <options>
                           <option name="referenceTo"/>
                        </options>
                     </parameter>
                     <parameter name="Project_Board_ID"
                                nogen="true"
                                required="true"
                                testWith="1934629182"
                                type="string"/>
                  </input>
                  <binding>
                     <restSimpleBinding url="https://api.monday.com/v2" verb="POST">
                        <body>{let $monday_worker_id :=$Monday_Worker_Reference_List

return '{"query":"mutation {\r\n    add_subscribers_to_board (board_id: '||$Project_Board_ID||', user_ids: ['||string-join($monday_worker_id//monday_id,',')||'], kind: subscriber ) {\r\n        id\r\n    }\r\n}\r\n","variables":{}}'}</body>
                     </restSimpleBinding>
                  </binding>
                  <output>
                     <field description="" name="ID" property="id" type="string"/>
                  </output>
               </action>
            </actions>
            <objects/>
         </businessConnector>
      </types1:Entry>
      <types1:GUID>3lPu6u2TJVxhcNfyRyvjGY</types1:GUID>
      <types1:DisplayName>Monday dot com API v2</types1:DisplayName>
   </types1:Item>
   <types1:CurrentServerDateTime>2021-12-02T11:04:41.229Z</types1:CurrentServerDateTime>
</aetgt:getResponse>
