<aetgt:getResponse xmlns:aetgt="http://schemas.active-endpoints.com/appmodules/repository/2010/10/avrepository.xsd"
                   xmlns:types1="http://schemas.active-endpoints.com/appmodules/repository/2010/10/avrepository.xsd">
   <types1:Item>
      <types1:EntryId>vG8H36I1dq2ME9p-gt-4274007-2019-02-22T03:45:54.339Z::svc.xml</types1:EntryId>
      <types1:Name>Oracle_Eloqua_Marketing_Cloud_Service_Contact_segments_API_v2</types1:Name>
      <types1:MimeType>application/xml+businesssconnector</types1:MimeType>
      <types1:Description>Contact segments are groups of contacts generated based on filter criteria and contact lists.&#xD;
&#xD;
&lt;a href='https://docs.oracle.com/cloud/latest/marketingcs_gs/OMCAA/index.html#CSHID=Segments'&gt;Learn more about Segments&lt;/a&gt;.</types1:Description>
      <types1:AppliesTo/>
      <types1:Tags/>
      <types1:VersionLabel>1.0</types1:VersionLabel>
      <types1:State>CURRENT</types1:State>
      <types1:ProcessGroup/>
      <types1:CreatedBy>sorabh@na1.dm-us.org</types1:CreatedBy>
      <types1:CreationDate>2019-02-22T03:45:54Z</types1:CreationDate>
      <types1:ModifiedBy/>
      <types1:PublicationStatus>published</types1:PublicationStatus>
      <types1:PublishedBy>sorabh@na1.dm-us.org</types1:PublishedBy>
      <types1:PublicationDate>2019-02-22T03:46:15Z</types1:PublicationDate>
      <types1:PublishedContributionId>project:/rt.connector/Oracle_Eloqua_Marketing_Cloud_Service_Contact_segments_API_v2/Oracle_Eloqua_Marketing_Cloud_Service_Contact_segments_API_v2_svcDef.xml</types1:PublishedContributionId>
      <types1:AutosaveExists>false</types1:AutosaveExists>
      <types1:Entry>
         <businessConnector xmlns="http://schemas.informatica.com/socrates/data-services/2014/05/business-connector-model.xsd"
                            agentOnly="false"
                            debug="false"
                            displayName="Oracle Eloqua Marketing Cloud Service Contact segments API v2"
                            label=""
                            name="Oracle_Eloqua_Marketing_Cloud_Service_Contact_segments_API_v2"
                            uuid="33513ef6-4151-4131-92d6-695c30576e98">
            <description>Contact segments are groups of contacts generated based on filter criteria and contact lists.&#xD;
&#xD;
&lt;a href='https://docs.oracle.com/cloud/latest/marketingcs_gs/OMCAA/index.html#CSHID=Segments'&gt;Learn more about Segments&lt;/a&gt;.</description>
            <tags/>
            <connectionAttributes xmlns="http://schemas.informatica.com/appmodules/screenflow/2014/04/avosConnectors.xsd">
               <connectionAttribute description="Host Name"
                                    masked="false"
                                    name="hostName"
                                    required="true"
                                    testWith="apicatalog.oraclecloud.com"
                                    type="string"/>
            </connectionAttributes>
            <actions>
               <action category=""
                       failOnError="true"
                       forSearch="false"
                       label="CreateIndividualPOSTRest20"
                       maxRedirects="100"
                       name="CreateIndividualPOSTRest20"
                       preemptiveAuth="true"
                       responseEncoding="">
                  <description>Create a contact segment. Creates a contact segment that matches the criteria specified by the request body.</description>
                  <input>
                     <parameter description="The request body defines the details of the contact segment to be created."
                                label="message"
                                name="message"
                                required="true"
                                testWith=""
                                type="reference">
                        <options>
                           <option name="referenceTo">ContactSegmentRest20</option>
                        </options>
                     </parameter>
                  </input>
                  <binding>
                     <restSimpleBinding multiUsing="semicolonSeparated"
                                        url="https://{$hostName}/api/REST/2.0/assets/contact/segment"
                                        verb="POST">
                        <httpHeaders>
                           <header name="Content-Type">application/json</header>
                           <header name="Accept">application/json</header>
                        </httpHeaders>
                        <body generateUsing="UnwrappedJSON" preserveJsonStringFormatting="false"/>
                     </restSimpleBinding>
                  </binding>
                  <output/>
               </action>
               <action category=""
                       failOnError="true"
                       forSearch="false"
                       label="CreateCopyPOSTRest20"
                       maxRedirects="100"
                       name="CreateCopyPOSTRest20"
                       preemptiveAuth="true"
                       responseEncoding="">
                  <description>Create a copy of a contact segment. Creates a copy of a contact segment that matches the criteria specified by the request body.</description>
                  <input>
                     <parameter description="The request body defines the details of the contact segment to be created from the source contact segment."
                                label="template"
                                name="template"
                                required="true"
                                testWith=""
                                type="reference">
                        <options>
                           <option name="referenceTo">ContactSegmentRest20</option>
                        </options>
                     </parameter>
                     <parameter description="Id of the segment to copy."
                                label="idPathParam"
                                name="idPathParam"
                                nogen="true"
                                required="true"
                                testWith=""
                                type="int"/>
                  </input>
                  <binding>
                     <restSimpleBinding multiUsing="semicolonSeparated"
                                        url="https://{$hostName}/api/REST/2.0/assets/contact/segment/{$idPathParam}/copy"
                                        verb="POST">
                        <httpHeaders>
                           <header name="Content-Type">application/json</header>
                           <header name="Accept">application/json</header>
                        </httpHeaders>
                        <body generateUsing="UnwrappedJSON" preserveJsonStringFormatting="false"/>
                     </restSimpleBinding>
                  </binding>
                  <output/>
               </action>
               <action category=""
                       failOnError="true"
                       forSearch="false"
                       label="SearchGETRest20"
                       maxRedirects="100"
                       name="SearchGETRest20"
                       preemptiveAuth="true"
                       responseEncoding="">
                  <description>Retrieve a list of contact segments. Retrieves all contact segments that match the criteria specified by the request parameters</description>
                  <input>
                     <parameter description="Level of detail returned by the request. Eloqua APIs can retrieve entities at three different levels of depth: &lt;code&gt;minimal&lt;/code&gt;, &lt;code&gt;partial&lt;/code&gt;, and &lt;code&gt;complete&lt;/code&gt;. Any other values passed are reset to &lt;code&gt;minimal&lt;/code&gt; by default."
                                label="depth"
                                name="depth"
                                required="false"
                                testWith=""
                                type="string"/>
                     <parameter description="Maximum number of entities to return. Must be less than or equal to 1000 and greater than or equal to 1."
                                label="count"
                                name="count"
                                required="false"
                                testWith=""
                                type="int"/>
                     <parameter description="Specifies which page of entities to return (the count parameter defines the number of entities per page). If the page parameter is not supplied, 1 will be used by default."
                                label="page"
                                name="page"
                                required="false"
                                testWith=""
                                type="int"/>
                     <parameter description="Specifies the search criteria used to retrieve entities. See the &lt;a href='https://docs.oracle.com/cloud/latest/marketingcs_gs/OMCAB/index.html#CSHID=SearchParam'&gt;tutorial&lt;/a&gt; for information about using this parameter."
                                label="search"
                                name="search"
                                required="false"
                                testWith=""
                                type="string"/>
                     <parameter description="Specifies the field by which list results are ordered."
                                label="orderBy"
                                name="orderBy"
                                required="false"
                                testWith=""
                                type="string"/>
                     <parameter description="Unix timestamp for the date and time the contact segment was last updated."
                                label="lastUpdatedAt"
                                name="lastUpdatedAt"
                                required="false"
                                testWith=""
                                type="int"/>
                  </input>
                  <binding>
                     <restSimpleBinding multiUsing="semicolonSeparated"
                                        url="https://{$hostName}/api/REST/2.0/assets/contact/segments"
                                        verb="GET">
                        <httpHeaders>
                           <header name="Content-Type">application/json</header>
                           <header name="Accept">application/json</header>
                        </httpHeaders>
                     </restSimpleBinding>
                  </binding>
                  <output>
                     <field description="OK"
                            entireResponse="true"
                            name="QueryResultSegmentRest20"
                            type="reference">
                        <options>
                           <option name="referenceTo">QueryResultSegmentRest20</option>
                        </options>
                     </field>
                  </output>
               </action>
               <action category=""
                       failOnError="true"
                       forSearch="false"
                       label="ReadIndividualGETRest20"
                       maxRedirects="100"
                       name="ReadIndividualGETRest20"
                       preemptiveAuth="true"
                       responseEncoding="">
                  <description>Retrieve a contact segment. Retrieves the contact segment specified by the &lt;code&gt;id&lt;/code&gt; parameter.</description>
                  <input>
                     <parameter description="Id of the contact segment."
                                label="idPathParam"
                                name="idPathParam"
                                nogen="true"
                                required="true"
                                testWith=""
                                type="int"/>
                     <parameter description="Level of detail returned by the request. Eloqua APIs can retrieve entities at three different levels of depth: &lt;code&gt;minimal&lt;/code&gt;, &lt;code&gt;partial&lt;/code&gt;, and &lt;code&gt;complete&lt;/code&gt;. Any other values passed are reset to &lt;code&gt;complete&lt;/code&gt; by default. For more information, see &lt;a href='https://docs.oracle.com/cloud/latest/marketingcs_gs/OMCAB/index.html#CSHID=RequestDepth'&gt;Request depth&lt;/a&gt;."
                                label="depth"
                                name="depth"
                                required="false"
                                testWith=""
                                type="string"/>
                  </input>
                  <binding>
                     <restSimpleBinding multiUsing="semicolonSeparated"
                                        url="https://{$hostName}/api/REST/2.0/assets/contact/segment/{$idPathParam}"
                                        verb="GET">
                        <httpHeaders>
                           <header name="Content-Type">application/json</header>
                           <header name="Accept">application/json</header>
                        </httpHeaders>
                     </restSimpleBinding>
                  </binding>
                  <output>
                     <field description="OK"
                            entireResponse="true"
                            name="ContactSegmentRest20"
                            type="reference">
                        <options>
                           <option name="referenceTo">ContactSegmentRest20</option>
                        </options>
                     </field>
                  </output>
               </action>
               <action category=""
                       failOnError="true"
                       forSearch="false"
                       label="DeleteIndividualDELETERest20"
                       maxRedirects="100"
                       name="DeleteIndividualDELETERest20"
                       preemptiveAuth="true"
                       responseEncoding="">
                  <description>Delete a contact segment. Deletes the contact segment specified by the &lt;code&gt;id&lt;/code&gt; parameter.</description>
                  <input>
                     <parameter description="Id of the contact segment."
                                label="idPathParam"
                                name="idPathParam"
                                nogen="true"
                                required="true"
                                testWith=""
                                type="int"/>
                  </input>
                  <binding>
                     <restSimpleBinding multiUsing="semicolonSeparated"
                                        url="https://{$hostName}/api/REST/2.0/assets/contact/segment/{$idPathParam}"
                                        verb="DELETE">
                        <httpHeaders>
                           <header name="Content-Type">application/json</header>
                           <header name="Accept">application/json</header>
                        </httpHeaders>
                     </restSimpleBinding>
                  </binding>
                  <output/>
               </action>
               <action category=""
                       failOnError="true"
                       forSearch="false"
                       label="UpdateIndividualPUTRest20"
                       maxRedirects="100"
                       name="UpdateIndividualPUTRest20"
                       preemptiveAuth="true"
                       responseEncoding="">
                  <description>Update a contact segment. Updates the contact segment specified by the &lt;code&gt;id&lt;/code&gt; parameter.</description>
                  <input>
                     <parameter description="The request body defines the details of the contact segment to be update."
                                label="message"
                                name="message"
                                required="true"
                                testWith=""
                                type="reference">
                        <options>
                           <option name="referenceTo">ContactSegmentRest20</option>
                        </options>
                     </parameter>
                     <parameter description="Id of the contact segment."
                                label="idPathParam"
                                name="idPathParam"
                                nogen="true"
                                required="true"
                                testWith=""
                                type="int"/>
                  </input>
                  <binding>
                     <restSimpleBinding multiUsing="semicolonSeparated"
                                        url="https://{$hostName}/api/REST/2.0/assets/contact/segment/{$idPathParam}"
                                        verb="PUT">
                        <httpHeaders>
                           <header name="Content-Type">application/json</header>
                           <header name="Accept">application/json</header>
                        </httpHeaders>
                        <body generateUsing="UnwrappedJSON" preserveJsonStringFormatting="false"/>
                     </restSimpleBinding>
                  </binding>
                  <output>
                     <field description="OK"
                            entireResponse="true"
                            name="ContactSegmentRest20"
                            type="reference">
                        <options>
                           <option name="referenceTo">ContactSegmentRest20</option>
                        </options>
                     </field>
                  </output>
               </action>
            </actions>
            <objects>
               <processObject xmlns="http://schemas.active-endpoints.com/appmodules/screenflow/2011/06/avosHostEnvironment.xsd"
                              isByCopy="true"
                              name="QueryResultSegmentRest20">
                  <description/>
                  <detail>
                     <field name="total" type="int"/>
                     <field name="elements" type="objectlist">
                        <options>
                           <option name="referenceTo">ContactSegmentRest20</option>
                           <option name="relationshipName">Child</option>
                        </options>
                     </field>
                     <field name="pageSize" type="int"/>
                     <field name="page" type="int"/>
                     <field name="type" type="string"/>
                  </detail>
               </processObject>
               <processObject xmlns="http://schemas.active-endpoints.com/appmodules/screenflow/2011/06/avosHostEnvironment.xsd"
                              isByCopy="true"
                              name="ContactSegmentRest20">
                  <description/>
                  <detail>
                     <field name="updatedBy" type="string"/>
                     <field name="accessedAt" type="string"/>
                     <field name="currentStatus" type="string"/>
                     <field name="sourceTemplateId" type="string"/>
                     <field name="count" type="string"/>
                     <field name="description" type="string"/>
                     <field name="type" type="string"/>
                     <field name="folderId" type="string"/>
                     <field name="lastCalculatedAt" type="string"/>
                     <field name="createdAt" type="string"/>
                     <field name="depth" type="string"/>
                     <field name="createdBy" type="string"/>
                     <field name="permissions" type="objectlist">
                        <options>
                           <option name="referenceTo">string</option>
                           <option name="relationshipName">Child</option>
                        </options>
                     </field>
                     <field name="scheduledFor" type="string"/>
                     <field name="elements" type="objectlist">
                        <options>
                           <option name="referenceTo">SegmentElementRest20</option>
                           <option name="relationshipName">Child</option>
                        </options>
                     </field>
                     <field name="name" type="string"/>
                     <field name="id" type="string"/>
                     <field name="isStale" type="string"/>
                     <field name="updatedAt" type="string"/>
                  </detail>
               </processObject>
               <processObject xmlns="http://schemas.active-endpoints.com/appmodules/screenflow/2011/06/avosHostEnvironment.xsd"
                              isByCopy="true"
                              name="SegmentElementRest20">
                  <description/>
                  <detail>
                     <field name="updatedBy" type="string"/>
                     <field name="accessedAt" type="string"/>
                     <field name="currentStatus" type="string"/>
                     <field name="sourceTemplateId" type="string"/>
                     <field name="count" type="string"/>
                     <field name="description" type="string"/>
                     <field name="type" type="string"/>
                     <field name="folderId" type="string"/>
                     <field name="lastCalculatedAt" type="string"/>
                     <field name="createdAt" type="string"/>
                     <field name="depth" type="string"/>
                     <field name="createdBy" type="string"/>
                     <field name="permissions" type="objectlist">
                        <options>
                           <option name="referenceTo">string</option>
                           <option name="relationshipName">Child</option>
                        </options>
                     </field>
                     <field name="scheduledFor" type="string"/>
                     <field name="name" type="string"/>
                     <field name="id" type="string"/>
                     <field name="isIncluded" type="string"/>
                     <field name="updatedAt" type="string"/>
                  </detail>
               </processObject>
               <processObject xmlns="http://schemas.active-endpoints.com/appmodules/screenflow/2011/06/avosHostEnvironment.xsd"
                              isByCopy="true"
                              name="string">
                  <description/>
                  <detail>
                     <field name="string" type="string"/>
                  </detail>
               </processObject>
               <processObject xmlns="http://schemas.active-endpoints.com/appmodules/screenflow/2011/06/avosHostEnvironment.xsd"
                              isByCopy="true"
                              name="boolean">
                  <description/>
                  <detail>
                     <field name="boolean" type="boolean"/>
                  </detail>
               </processObject>
               <processObject xmlns="http://schemas.active-endpoints.com/appmodules/screenflow/2011/06/avosHostEnvironment.xsd"
                              isByCopy="true"
                              name="double">
                  <description/>
                  <detail>
                     <field name="double" type="double"/>
                  </detail>
               </processObject>
               <processObject xmlns="http://schemas.active-endpoints.com/appmodules/screenflow/2011/06/avosHostEnvironment.xsd"
                              isByCopy="true"
                              name="integer">
                  <description/>
                  <detail>
                     <field name="integer" type="int"/>
                  </detail>
               </processObject>
            </objects>
         </businessConnector>
      </types1:Entry>
      <types1:GUID>eakI4B8kxyObWM8upzXf6L</types1:GUID>
      <types1:DisplayName>Oracle Eloqua Marketing Cloud Service Contact segments API v2</types1:DisplayName>
   </types1:Item>
   <types1:CurrentServerDateTime>2019-02-22T04:01:43.886Z</types1:CurrentServerDateTime>
</aetgt:getResponse>
