<aetgt:getResponse xmlns:aetgt="http://schemas.active-endpoints.com/appmodules/repository/2010/10/avrepository.xsd"
                   xmlns:types1="http://schemas.active-endpoints.com/appmodules/repository/2010/10/avrepository.xsd">
   <types1:Item>
      <types1:EntryId>7vJQhtGci3zymbd-gt-6655174-2019-12-20T16:02:03.945Z::svc.xml</types1:EntryId>
      <types1:Name>SAP_SuccessFactors_Succession_and_Development_SuccessionandDevelopmentSD_OData_API_v1</types1:Name>
      <types1:MimeType>application/xml+businesssconnector</types1:MimeType>
      <types1:Description>SuccessionandDevelopmentSD</types1:Description>
      <types1:AppliesTo/>
      <types1:Tags/>
      <types1:VersionLabel>1.0</types1:VersionLabel>
      <types1:State>CURRENT</types1:State>
      <types1:ProcessGroup/>
      <types1:CreatedBy>sorabh@na1.dm-us.org</types1:CreatedBy>
      <types1:CreationDate>2019-12-20T16:02:04Z</types1:CreationDate>
      <types1:ModifiedBy/>
      <types1:PublicationStatus>published</types1:PublicationStatus>
      <types1:PublishedBy>sorabh@na1.dm-us.org</types1:PublishedBy>
      <types1:PublicationDate>2019-12-20T16:02:07Z</types1:PublicationDate>
      <types1:PublishedContributionId>project:/rt.connector/SAP_SuccessFactors_Succession_and_Development_SuccessionandDevelopmentSD_OData_API_v1/SAP_SuccessFactors_Succession_and_Development_SuccessionandDevelopmentSD_OData_API_v1_svcDef.xml</types1:PublishedContributionId>
      <types1:AutosaveExists>false</types1:AutosaveExists>
      <types1:Entry>
         <businessConnector xmlns="http://schemas.informatica.com/socrates/data-services/2014/05/business-connector-model.xsd"
                            agentOnly="false"
                            debug="false"
                            displayName="SAP SuccessFactors Succession and Development SuccessionandDevelopmentSD OData API v1"
                            label=""
                            name="SAP_SuccessFactors_Succession_and_Development_SuccessionandDevelopmentSD_OData_API_v1"
                            uuid="cde15b9f-12a3-438c-803c-59175b9b4986">
            <description>SuccessionandDevelopmentSD</description>
            <tags/>
            <connectionAttributes xmlns="http://schemas.informatica.com/appmodules/screenflow/2014/04/avosConnectors.xsd">
               <connectionAttribute description="Host Name"
                                    masked="false"
                                    name="hostName"
                                    required="true"
                                    testWith="sandbox.api.sap.com"
                                    type="string"/>
               <connectionAttribute description="User Name"
                                    masked="false"
                                    name="username"
                                    required="true"
                                    testWith=""
                                    type="string"/>
               <connectionAttribute description="Password"
                                    masked="true"
                                    name="password"
                                    required="true"
                                    testWith=""
                                    type="string"/>
            </connectionAttributes>
            <actions>
               <action category="DevLearningCertifications"
                       failOnError="true"
                       forSearch="false"
                       label="GET_DevLearningCertifications_certificateId_certificateId_learningId_learningId_"
                       maxRedirects="100"
                       name="GET_DevLearningCertifications_certificateId_certificateId_learningId_learningId_"
                       preemptiveAuth="true"
                       responseEncoding="">
                  <description>Get entity from DevLearningCertifications by key</description>
                  <input>
                     <parameter description="key: certificateId"
                                label="certificateIdPathParam"
                                name="certificateIdPathParam"
                                nogen="true"
                                required="true"
                                testWith=""
                                type="int"/>
                     <parameter description="key: learningId"
                                label="learningIdPathParam"
                                name="learningIdPathParam"
                                nogen="true"
                                required="true"
                                testWith=""
                                type="int"/>
                     <parameter description="Select properties to be returned, see [OData Select](http://docs.oasis-open.org/odata/odata/v4.0/odata-v4.0-part1-protocol.html#_Toc445374620)"
                                label="$select"
                                name="$select"
                                required="false"
                                testWith=""
                                type="picklist">
                        <options>
                           <option name="values">[{"value":"certificateCreatedBy","label":"certificateCreatedBy"},{"value":"certificateCreatedDate","label":"certificateCreatedDate"},{"value":"certificateExpiredDate","label":"certificateExpiredDate"},{"value":"certificateId","label":"certificateId"},{"value":"certificateIssueDate","label":"certificateIssueDate"},{"value":"certificateLastModifiedBy","label":"certificateLastModifiedBy"},{"value":"certificateLastModifiedDate","label":"certificateLastModifiedDate"},{"value":"certificateName","label":"certificateName"},{"value":"learningId","label":"learningId"}]</option>
                        </options>
                     </parameter>
                  </input>
                  <binding>
                     <restSimpleBinding multiUsing="semicolonSeparated"
                                        url="https://{$hostName}/successfactors/odata/v2/DevLearningCertifications(certificateId={$certificateIdPathParam},learningId={$learningIdPathParam})"
                                        verb="GET">
                        <authentication>
                           <username>{$username}</username>
                           <password>{$password}</password>
                           <isExpressionInPassword>true</isExpressionInPassword>
                        </authentication>
                        <httpHeaders>
                           <header name="Content-Type">application/json</header>
                           <header name="Accept">application/json</header>
                        </httpHeaders>
                     </restSimpleBinding>
                  </binding>
                  <output>
                     <field description="Retrieved entity"
                            entireResponse="true"
                            name="entireResponse"
                            type="object"/>
                  </output>
               </action>
               <action category="DevLearningCertifications"
                       failOnError="true"
                       forSearch="false"
                       label="GET_DevLearningCertifications"
                       maxRedirects="100"
                       name="GET_DevLearningCertifications"
                       preemptiveAuth="true"
                       responseEncoding="">
                  <description>Get entities from DevLearningCertifications</description>
                  <input>
                     <parameter description="Show only the first n items, see [OData Paging - Top](http://docs.oasis-open.org/odata/odata/v4.0/odata-v4.0-part1-protocol.html#_Toc445374630)"
                                label="$top"
                                name="$top"
                                required="false"
                                testWith=""
                                type="int"/>
                     <parameter description="Skip the first n items, see [OData Paging - Skip](http://docs.oasis-open.org/odata/odata/v4.0/odata-v4.0-part1-protocol.html#_Toc445374631)"
                                label="$skip"
                                name="$skip"
                                required="false"
                                testWith=""
                                type="int"/>
                     <parameter description="Search items by search phrases, see [OData Searching](http://docs.oasis-open.org/odata/odata/v4.0/odata-v4.0-part1-protocol.html#_Toc445374633)"
                                label="$search"
                                name="$search"
                                required="false"
                                testWith=""
                                type="string"/>
                     <parameter description="Filter items by property values, see [OData Filtering](http://docs.oasis-open.org/odata/odata/v4.0/odata-v4.0-part1-protocol.html#_Toc445374625)"
                                label="$filter"
                                name="$filter"
                                required="false"
                                testWith=""
                                type="string"/>
                     <parameter description="Include count of items, see [OData Count](http://docs.oasis-open.org/odata/odata/v4.0/odata-v4.0-part1-protocol.html#_Toc445374632)"
                                label="$count"
                                name="$count"
                                required="false"
                                testWith=""
                                type="boolean"/>
                     <parameter description="Order items by property values, see [OData Sorting](http://docs.oasis-open.org/odata/odata/v4.0/odata-v4.0-part1-protocol.html#_Toc445374629)"
                                label="$orderby"
                                name="$orderby"
                                required="false"
                                testWith=""
                                type="picklist">
                        <options>
                           <option name="values">[{"value":"certificateCreatedBy","label":"certificateCreatedBy"},{"value":"certificateCreatedBy desc","label":"certificateCreatedBy desc"},{"value":"certificateCreatedDate","label":"certificateCreatedDate"},{"value":"certificateCreatedDate desc","label":"certificateCreatedDate desc"},{"value":"certificateExpiredDate","label":"certificateExpiredDate"},{"value":"certificateExpiredDate desc","label":"certificateExpiredDate desc"},{"value":"certificateId","label":"certificateId"},{"value":"certificateId desc","label":"certificateId desc"},{"value":"certificateIssueDate","label":"certificateIssueDate"},{"value":"certificateIssueDate desc","label":"certificateIssueDate desc"},{"value":"certificateLastModifiedBy","label":"certificateLastModifiedBy"},{"value":"certificateLastModifiedBy desc","label":"certificateLastModifiedBy desc"},{"value":"certificateLastModifiedDate","label":"certificateLastModifiedDate"},{"value":"certificateLastModifiedDate desc","label":"certificateLastModifiedDate desc"},{"value":"certificateName","label":"certificateName"},{"value":"certificateName desc","label":"certificateName desc"},{"value":"learningId","label":"learningId"},{"value":"learningId desc","label":"learningId desc"}]</option>
                        </options>
                     </parameter>
                     <parameter description="Select properties to be returned, see [OData Select](http://docs.oasis-open.org/odata/odata/v4.0/odata-v4.0-part1-protocol.html#_Toc445374620)"
                                label="$select"
                                name="$select"
                                required="false"
                                testWith=""
                                type="picklist">
                        <options>
                           <option name="values">[{"value":"certificateCreatedBy","label":"certificateCreatedBy"},{"value":"certificateCreatedDate","label":"certificateCreatedDate"},{"value":"certificateExpiredDate","label":"certificateExpiredDate"},{"value":"certificateId","label":"certificateId"},{"value":"certificateIssueDate","label":"certificateIssueDate"},{"value":"certificateLastModifiedBy","label":"certificateLastModifiedBy"},{"value":"certificateLastModifiedDate","label":"certificateLastModifiedDate"},{"value":"certificateName","label":"certificateName"},{"value":"learningId","label":"learningId"}]</option>
                        </options>
                     </parameter>
                  </input>
                  <binding>
                     <restSimpleBinding multiUsing="semicolonSeparated"
                                        url="https://{$hostName}/successfactors/odata/v2/DevLearningCertifications"
                                        verb="GET">
                        <authentication>
                           <username>{$username}</username>
                           <password>{$password}</password>
                           <isExpressionInPassword>true</isExpressionInPassword>
                        </authentication>
                        <httpHeaders>
                           <header name="Content-Type">application/json</header>
                           <header name="Accept">application/json</header>
                        </httpHeaders>
                     </restSimpleBinding>
                  </binding>
                  <output>
                     <field description="Retrieved entities"
                            entireResponse="true"
                            name="entireResponse"
                            type="object"/>
                  </output>
               </action>
               <action category="DevLearning_4201"
                       failOnError="true"
                       forSearch="false"
                       label="GET_DevLearning_4201"
                       maxRedirects="100"
                       name="GET_DevLearning_4201"
                       preemptiveAuth="true"
                       responseEncoding="">
                  <description>Get entities from DevLearning_4201</description>
                  <input>
                     <parameter description="Show only the first n items, see [OData Paging - Top](http://docs.oasis-open.org/odata/odata/v4.0/odata-v4.0-part1-protocol.html#_Toc445374630)"
                                label="$top"
                                name="$top"
                                required="false"
                                testWith=""
                                type="int"/>
                     <parameter description="Skip the first n items, see [OData Paging - Skip](http://docs.oasis-open.org/odata/odata/v4.0/odata-v4.0-part1-protocol.html#_Toc445374631)"
                                label="$skip"
                                name="$skip"
                                required="false"
                                testWith=""
                                type="int"/>
                     <parameter description="Search items by search phrases, see [OData Searching](http://docs.oasis-open.org/odata/odata/v4.0/odata-v4.0-part1-protocol.html#_Toc445374633)"
                                label="$search"
                                name="$search"
                                required="false"
                                testWith=""
                                type="string"/>
                     <parameter description="Filter items by property values, see [OData Filtering](http://docs.oasis-open.org/odata/odata/v4.0/odata-v4.0-part1-protocol.html#_Toc445374625)"
                                label="$filter"
                                name="$filter"
                                required="false"
                                testWith=""
                                type="string"/>
                     <parameter description="Include count of items, see [OData Count](http://docs.oasis-open.org/odata/odata/v4.0/odata-v4.0-part1-protocol.html#_Toc445374632)"
                                label="$count"
                                name="$count"
                                required="false"
                                testWith=""
                                type="boolean"/>
                     <parameter description="Order items by property values, see [OData Sorting](http://docs.oasis-open.org/odata/odata/v4.0/odata-v4.0-part1-protocol.html#_Toc445374629)"
                                label="$orderby"
                                name="$orderby"
                                required="false"
                                testWith=""
                                type="picklist">
                        <options>
                           <option name="values">[{"value":"assignee","label":"assignee"},{"value":"assignee desc","label":"assignee desc"},{"value":"completedDate","label":"completedDate"},{"value":"completedDate desc","label":"completedDate desc"},{"value":"description","label":"description"},{"value":"description desc","label":"description desc"},{"value":"guid","label":"guid"},{"value":"guid desc","label":"guid desc"},{"value":"learningId","label":"learningId"},{"value":"learningId desc","label":"learningId desc"},{"value":"name","label":"name"},{"value":"name desc","label":"name desc"},{"value":"sourceType","label":"sourceType"},{"value":"sourceType desc","label":"sourceType desc"},{"value":"startDate","label":"startDate"},{"value":"startDate desc","label":"startDate desc"},{"value":"status","label":"status"},{"value":"status desc","label":"status desc"},{"value":"userId","label":"userId"},{"value":"userId desc","label":"userId desc"}]</option>
                        </options>
                     </parameter>
                     <parameter description="Select properties to be returned, see [OData Select](http://docs.oasis-open.org/odata/odata/v4.0/odata-v4.0-part1-protocol.html#_Toc445374620)"
                                label="$select"
                                name="$select"
                                required="false"
                                testWith=""
                                type="picklist">
                        <options>
                           <option name="values">[{"value":"assignee","label":"assignee"},{"value":"completedDate","label":"completedDate"},{"value":"description","label":"description"},{"value":"guid","label":"guid"},{"value":"learningId","label":"learningId"},{"value":"name","label":"name"},{"value":"sourceType","label":"sourceType"},{"value":"startDate","label":"startDate"},{"value":"status","label":"status"},{"value":"userId","label":"userId"}]</option>
                        </options>
                     </parameter>
                     <parameter description="Expand related entities, see [OData Expand](http://docs.oasis-open.org/odata/odata/v4.0/odata-v4.0-part1-protocol.html#_Toc445374621)"
                                label="$expand"
                                name="$expand"
                                required="false"
                                testWith=""
                                type="picklist">
                        <options>
                           <option name="values">[{"value":"*","label":"*"},{"value":"learningCertNavigation","label":"learningCertNavigation"}]</option>
                        </options>
                     </parameter>
                  </input>
                  <binding>
                     <restSimpleBinding multiUsing="semicolonSeparated"
                                        url="https://{$hostName}/successfactors/odata/v2/DevLearning_4201"
                                        verb="GET">
                        <authentication>
                           <username>{$username}</username>
                           <password>{$password}</password>
                           <isExpressionInPassword>true</isExpressionInPassword>
                        </authentication>
                        <httpHeaders>
                           <header name="Content-Type">application/json</header>
                           <header name="Accept">application/json</header>
                        </httpHeaders>
                     </restSimpleBinding>
                  </binding>
                  <output>
                     <field description="Retrieved entities"
                            entireResponse="true"
                            name="entireResponse"
                            type="object"/>
                  </output>
               </action>
               <action category="DevLearning_4201"
                       failOnError="true"
                       forSearch="false"
                       label="GET_DevLearning_4201_learningId_"
                       maxRedirects="100"
                       name="GET_DevLearning_4201_learningId_"
                       preemptiveAuth="true"
                       responseEncoding="">
                  <description>Get entity from DevLearning_4201 by key</description>
                  <input>
                     <parameter description="key: learningId"
                                label="learningIdPathParam"
                                name="learningIdPathParam"
                                nogen="true"
                                required="true"
                                testWith=""
                                type="int"/>
                     <parameter description="Select properties to be returned, see [OData Select](http://docs.oasis-open.org/odata/odata/v4.0/odata-v4.0-part1-protocol.html#_Toc445374620)"
                                label="$select"
                                name="$select"
                                required="false"
                                testWith=""
                                type="picklist">
                        <options>
                           <option name="values">[{"value":"assignee","label":"assignee"},{"value":"completedDate","label":"completedDate"},{"value":"description","label":"description"},{"value":"guid","label":"guid"},{"value":"learningId","label":"learningId"},{"value":"name","label":"name"},{"value":"sourceType","label":"sourceType"},{"value":"startDate","label":"startDate"},{"value":"status","label":"status"},{"value":"userId","label":"userId"}]</option>
                        </options>
                     </parameter>
                     <parameter description="Expand related entities, see [OData Expand](http://docs.oasis-open.org/odata/odata/v4.0/odata-v4.0-part1-protocol.html#_Toc445374621)"
                                label="$expand"
                                name="$expand"
                                required="false"
                                testWith=""
                                type="picklist">
                        <options>
                           <option name="values">[{"value":"*","label":"*"},{"value":"learningCertNavigation","label":"learningCertNavigation"}]</option>
                        </options>
                     </parameter>
                  </input>
                  <binding>
                     <restSimpleBinding multiUsing="semicolonSeparated"
                                        url="https://{$hostName}/successfactors/odata/v2/DevLearning_4201({$learningIdPathParam})"
                                        verb="GET">
                        <authentication>
                           <username>{$username}</username>
                           <password>{$password}</password>
                           <isExpressionInPassword>true</isExpressionInPassword>
                        </authentication>
                        <httpHeaders>
                           <header name="Content-Type">application/json</header>
                           <header name="Accept">application/json</header>
                        </httpHeaders>
                     </restSimpleBinding>
                  </binding>
                  <output>
                     <field description="Retrieved entity"
                            entireResponse="true"
                            name="entireResponse"
                            type="object"/>
                  </output>
               </action>
            </actions>
            <objects>
               <processObject xmlns="http://schemas.active-endpoints.com/appmodules/screenflow/2011/06/avosHostEnvironment.xsd"
                              isByCopy="true"
                              name="odata_error_main">
                  <description/>
                  <detail>
                     <field name="code" type="string"/>
                     <field name="innererror" type="object"/>
                     <field name="details" type="objectlist">
                        <options>
                           <option name="referenceTo">odata_error_detail</option>
                           <option name="relationshipName">Child</option>
                        </options>
                     </field>
                     <field name="message" type="string"/>
                     <field name="target" type="string"/>
                  </detail>
               </processObject>
               <processObject xmlns="http://schemas.active-endpoints.com/appmodules/screenflow/2011/06/avosHostEnvironment.xsd"
                              isByCopy="true"
                              name="odata_error_detail">
                  <description/>
                  <detail>
                     <field name="code" type="string"/>
                     <field name="message" type="string"/>
                     <field name="target" type="string"/>
                  </detail>
               </processObject>
               <processObject xmlns="http://schemas.active-endpoints.com/appmodules/screenflow/2011/06/avosHostEnvironment.xsd"
                              isByCopy="true"
                              name="odata_error">
                  <description/>
                  <detail>
                     <field name="error" type="reference">
                        <options>
                           <option name="referenceTo">odata_error_main</option>
                           <option name="relationshipName">Child</option>
                        </options>
                     </field>
                  </detail>
               </processObject>
               <processObject xmlns="http://schemas.active-endpoints.com/appmodules/screenflow/2011/06/avosHostEnvironment.xsd"
                              isByCopy="true"
                              name="SFOData_DevLearningCertifications">
                  <description/>
                  <detail>
                     <field name="certificateCreatedBy" type="string"/>
                     <field name="certificateLastModifiedBy" type="string"/>
                     <field name="certificateId" type="string"/>
                     <field name="certificateLastModifiedDate" type="string"/>
                     <field name="certificateIssueDate" type="string"/>
                     <field name="certificateName" type="string"/>
                     <field name="certificateExpiredDate" type="string"/>
                     <field name="certificateCreatedDate" type="string"/>
                     <field name="learningId" type="string"/>
                  </detail>
               </processObject>
               <processObject xmlns="http://schemas.active-endpoints.com/appmodules/screenflow/2011/06/avosHostEnvironment.xsd"
                              isByCopy="true"
                              name="SFOData_DevLearning_4201">
                  <description/>
                  <detail>
                     <field name="learningCertNavigation" type="object"/>
                     <field name="sourceType" type="string"/>
                     <field name="name" type="string"/>
                     <field name="description" type="string"/>
                     <field name="guid" type="string"/>
                     <field name="assignee" type="string"/>
                     <field name="userId" type="string"/>
                     <field name="learningId" type="string"/>
                     <field name="completedDate" type="string"/>
                     <field name="startDate" type="string"/>
                     <field name="status" type="string"/>
                  </detail>
               </processObject>
               <processObject xmlns="http://schemas.active-endpoints.com/appmodules/screenflow/2011/06/avosHostEnvironment.xsd"
                              isByCopy="true"
                              name="string">
                  <description/>
                  <detail>
                     <field name="string" type="string"/>
                  </detail>
               </processObject>
               <processObject xmlns="http://schemas.active-endpoints.com/appmodules/screenflow/2011/06/avosHostEnvironment.xsd"
                              isByCopy="true"
                              name="boolean">
                  <description/>
                  <detail>
                     <field name="boolean" type="boolean"/>
                  </detail>
               </processObject>
               <processObject xmlns="http://schemas.active-endpoints.com/appmodules/screenflow/2011/06/avosHostEnvironment.xsd"
                              isByCopy="true"
                              name="double">
                  <description/>
                  <detail>
                     <field name="double" type="double"/>
                  </detail>
               </processObject>
               <processObject xmlns="http://schemas.active-endpoints.com/appmodules/screenflow/2011/06/avosHostEnvironment.xsd"
                              isByCopy="true"
                              name="integer">
                  <description/>
                  <detail>
                     <field name="integer" type="int"/>
                  </detail>
               </processObject>
               <processObject xmlns="http://schemas.active-endpoints.com/appmodules/screenflow/2011/06/avosHostEnvironment.xsd"
                              isByCopy="true"
                              name="error">
                  <description>Error</description>
                  <detail/>
               </processObject>
            </objects>
         </businessConnector>
      </types1:Entry>
      <types1:GUID>3MfzOXFcS1Cjm1qiHGilsI</types1:GUID>
      <types1:DisplayName>SAP SuccessFactors Succession and Development SuccessionandDevelopmentSD OData API v1</types1:DisplayName>
   </types1:Item>
   <types1:CurrentServerDateTime>2019-12-20T16:04:37.995Z</types1:CurrentServerDateTime>
</aetgt:getResponse>
