{
  "name" : "Stibo Step REST API v2",
  "sourceOrgId" : "6w10pMc8bwmkGpCQs9xkSM",
  "sourceOrgName" : "IICS iPaaS",
  "exportedObjects" : [ {
    "objectGuid" : "00m3cKr9AGOjGY55vZSASH",
    "objectName" : "Service Connectors",
    "objectType" : "Folder",
    "path" : "/Explore/Shared assets",
    "metadata" : {
      "modelVersion" : {
        "major" : 0,
        "minor" : 0
      },
      "repoInfo" : null,
      "objectRefs" : [ ],
      "contextAttributes" : [ ],
      "additionalInfo" : {
        "description" : "",
        "contentType" : "Binary",
        "documentState" : "COMPLETE"
      }
    }
  }, {
    "objectGuid" : "almpU5d486xjg3tXw87BET",
    "objectName" : "Shared assets",
    "objectType" : "Project",
    "path" : "/Explore",
    "metadata" : {
      "modelVersion" : {
        "major" : 0,
        "minor" : 0
      },
      "repoInfo" : null,
      "objectRefs" : [ ],
      "contextAttributes" : [ ],
      "additionalInfo" : {
        "description" : "This Project contains shared assets",
        "contentType" : "Binary",
        "documentState" : "COMPLETE"
      }
    }
  }, {
    "objectGuid" : "3rmOnoYF0gXeVY3DaKkrug",
    "objectName" : "Stibo Step REST API v2",
    "objectType" : "AI_SERVICE_CONNECTOR",
    "path" : "/Explore/Shared assets/Service Connectors",
    "metadata" : {
      "modelVersion" : {
        "major" : 1,
        "minor" : 0
      },
      "repoInfo" : {
        "repoHandle" : "pwNXHS45bfTQbdx-gt-1771795-2020-03-03T03:16:39.252Z::svc.xml"
      },
      "objectRefs" : [ ],
      "contextAttributes" : null,
      "additionalInfo" : {
        "description" : "<h1>About</h1><p>The STEP REST API V2 provides read and write access to a set of core STEP objects using the HTTP operations GET, PUT, POST, PATCH and DELETE.</p><h1>Resource Representation</h1><p>With the exception of a few resource operations for retrieving and uploading binary data, all request and response bodies are JSON, compliant with the schema documented here.</p><h1>Context and Workspace</h1><p>All requests are handled in a specific STEP context and workspace and both can be specified via query parameters available for all resource operations. A context must always be specified while requests per default will be handled in the &quot;Main&quot; workspace.</p><h1>Polymorphism</h1><p>In STEP, attributes, reference types and data container types can all be either single- or multivalued. The STEP REST API V2 uses polymorphism to address this complexity with resources that include values, references and data containers specified to produce and consume a common &quot;abstract&quot; supertype that always will be one of either the single- or multivalued subtype.<br/>As an example, the GET /entities/{id}/values/{attributeId} resource operation is specified to return a &quot;Value&quot; but as evident from the model, the &quot;Value&quot; will always be &quot;oneOf&quot; either &quot;SingleValue&quot;, that has a &quot;value&quot; property for which the value is an object, or &quot;MultiValue&quot;, that has a &quot;values&quot; property for which the value is an array.<br/>Clients are advised to use the presence or absence of the plural array property (&quot;values&quot;, &quot;references&quot; and &quot;dataContainers&quot;) to determine the concrete type.</p><h1>Authentication</h1><p>In the current release, the only supported authentication option is Basic Authentication. With Basic Authentication, user name and password are supplied with each request and it is therefore highly recommended to only use the API in conjunction with HTTPS.</p><h1>Versioning</h1><p>The STEP REST API V2 is versioned using semantic versioning. Stibo Systems reserve the right to make non-breaking, minor / patch changes in any release without warning and clients must be coded / configured to be 'tolerant' and capable of handling such changes.</p><p>Examples of breaking, major changes:</p><ul><li>Renaming of a property</li><li>Removal of a property</li><li>Property type change</li><li>Addition of new property required for write operations</li><li>Marking existing property as required for write operations</li><li>Removal of resource or resource operation</li><li>Materially different behavior for existing resource operation</li></ul><p>Examples of non-breaking, minor / patch changes:</p><ul><li>Addition of new properties in request responses</li><li>Addition of new query parameter not required for write operations</li><li>Addition of new resource or resource operation</li><li>Bug fixes that do not change the schema or resource operations as described here</li><li>Inclus...",
        "contentType" : "application/json; charset=utf-8",
        "documentState" : "VALID"
      }
    }
  } ]
}