<aetgt:getResponse xmlns:aetgt="http://schemas.active-endpoints.com/appmodules/repository/2010/10/avrepository.xsd"
                   xmlns:types1="http://schemas.active-endpoints.com/appmodules/repository/2010/10/avrepository.xsd">
   <types1:Item>
      <types1:EntryId>4NPwLdqcgm8lnCm-gt-3728597-2020-08-19T04:49:47.892Z::svc.xml</types1:EntryId>
      <types1:Name>CMS_BlueButton_API_v2-0</types1:Name>
      <types1:MimeType>application/xml+businesssconnector</types1:MimeType>
      <types1:Description>**D R A F T -- D R A F T -- D R A F T -- D R A F T -- D R A F T -- D R A F
    T**

The Centers for Medicare &amp; Medicaid Services (CMS) Blue Button 2.0 API is a
    developer-friendly, standards-based, data API that enables Medicare
    beneficiaries to connect their Medicare claims data to the applications,
    services, and research programs they trust.

Claims information that extends as far back as 2015 can be accessed using the
    HL7 Fast Healthcare interoperability Resource (FHIR) specification.

Fast Healthcare Interoperability Resources (FHIR, pronounced "Fire") defines
    a set of "resources" that represent granular clinical concepts. The
    resources can be managed in isolation, or aggregated into complex documents.
    Technically, FHIR is designed for the web; the resources are based on simple
    XML or JSON structures, with an http-based RESTful protocol where each
    resource has predictable URL. Where possible, open internet standards are
    used for data representation and OAuth2 is used</types1:Description>
      <types1:AppliesTo/>
      <types1:Tags/>
      <types1:VersionLabel>1.0</types1:VersionLabel>
      <types1:State>CURRENT</types1:State>
      <types1:ProcessGroup/>
      <types1:CreatedBy>sorabh@na1.dm-us.org</types1:CreatedBy>
      <types1:CreationDate>2020-08-19T04:49:48Z</types1:CreationDate>
      <types1:ModifiedBy>sorabh@na1.dm-us.org</types1:ModifiedBy>
      <types1:ModificationDate>2020-08-19T04:52:51Z</types1:ModificationDate>
      <types1:PublicationStatus>published</types1:PublicationStatus>
      <types1:PublishedBy>sorabh@na1.dm-us.org</types1:PublishedBy>
      <types1:PublicationDate>2020-08-19T04:52:57Z</types1:PublicationDate>
      <types1:PublishedContributionId>project:/rt.connector/CMS_BlueButton_API_v2_0/CMS_BlueButton_API_v2_0_svcDef.xml</types1:PublishedContributionId>
      <types1:AutosaveExists>false</types1:AutosaveExists>
      <types1:Entry>
         <businessConnector xmlns="http://schemas.informatica.com/socrates/data-services/2014/05/business-connector-model.xsd"
                            agentOnly="false"
                            debug="false"
                            displayName="CMS BlueButton API v2-0"
                            label=""
                            name="CMS_BlueButton_API_v2-0"
                            uuid="f444b12a-376f-423a-8bab-a9d0b697fe65">
            <description>**D R A F T -- D R A F T -- D R A F T -- D R A F T -- D R A F T -- D R A F
    T**

The Centers for Medicare &amp; Medicaid Services (CMS) Blue Button 2.0 API is a
    developer-friendly, standards-based, data API that enables Medicare
    beneficiaries to connect their Medicare claims data to the applications,
    services, and research programs they trust.

Claims information that extends as far back as 2015 can be accessed using the
    HL7 Fast Healthcare interoperability Resource (FHIR) specification.

Fast Healthcare Interoperability Resources (FHIR, pronounced "Fire") defines
    a set of "resources" that represent granular clinical concepts. The
    resources can be managed in isolation, or aggregated into complex documents.
    Technically, FHIR is designed for the web; the resources are based on simple
    XML or JSON structures, with an http-based RESTful protocol where each
    resource has predictable URL. Where possible, open internet standards are
    used for data representation and OAuth2 is used</description>
            <tags/>
            <connectionAttributes xmlns="http://schemas.informatica.com/appmodules/screenflow/2014/04/avosConnectors.xsd">
               <connectionAttribute description="Host Name"
                                    masked="false"
                                    name="hostName"
                                    required="true"
                                    testWith="sandbox.bluebutton.cms.gov"
                                    type="string"/>
            </connectionAttributes>
            <actions>
               <action category="ExplanationOfBenefit"
                       failOnError="true"
                       forSearch="false"
                       label="FhirExplanationOfBenefit_GET"
                       maxRedirects="100"
                       name="FhirExplanationOfBenefit_GET"
                       preemptiveAuth="true"
                       responseEncoding="">
                  <description>FhirExplanationOfBenefit_GET</description>
                  <input>
                     <parameter description="The reference to the patient"
                                label="patient"
                                name="patient"
                                required="false"
                                testWith="-19990000000001"
                                type="string"/>
                     <parameter description="The startiing item in the set of records found by search"
                                label="startIndex"
                                name="startIndex"
                                required="false"
                                testWith="1"
                                type="int"/>
                     <parameter description="The number of records to return in the bundle [maximum=50]"
                                label="_count"
                                name="_count"
                                required="false"
                                testWith="50"
                                type="int"/>
                     <parameter description="The format for the returned body content"
                                label="_format"
                                name="_format"
                                required="false"
                                testWith=""
                                type="picklist">
                        <options>
                           <option name="values">[{"value":"application/fhir+json","label":"application/fhir+json"},{"value":"application/json","label":"application/json"}]</option>
                        </options>
                     </parameter>
                  </input>
                  <binding>
                     <restSimpleBinding multiUsing="semicolonSeparated"
                                        url="https://{$hostName}/v1/fhir/ExplanationOfBenefit"
                                        verb="GET">
                        <httpHeaders>
                           <header name="Content-Type">application/json</header>
                           <header name="Accept">application/json</header>
                           <header name="Authorization">Bearer 09kQQO97V7NFYltmQDDclN4qt4nAQd</header>
                        </httpHeaders>
                     </restSimpleBinding>
                  </binding>
                  <output/>
               </action>
               <action category="Coverage"
                       failOnError="true"
                       forSearch="false"
                       label="FhirCoverage_GET"
                       maxRedirects="100"
                       name="FhirCoverage_GET"
                       preemptiveAuth="true"
                       responseEncoding="">
                  <description>FhirCoverage_GET</description>
                  <input>
                     <parameter description="Covered party"
                                label="beneficiary"
                                name="beneficiary"
                                required="false"
                                testWith=""
                                type="string"/>
                     <parameter description="The format for the returned body content"
                                label="_format"
                                name="_format"
                                required="false"
                                testWith=""
                                type="picklist">
                        <options>
                           <option name="values">[{"value":"application/fhir+json","label":"application/fhir+json"},{"value":"application/json","label":"application/json"}]</option>
                        </options>
                     </parameter>
                     <parameter description="The startiing item in the set of records found by search"
                                label="startIndex"
                                name="startIndex"
                                required="false"
                                testWith=""
                                type="int"/>
                     <parameter description="The number of records to return in the bundle [maximum=50]"
                                label="_count"
                                name="_count"
                                required="false"
                                testWith=""
                                type="int"/>
                     <parameter description="Deprecated: Use _count instead"
                                label="count"
                                name="count"
                                required="false"
                                testWith=""
                                type="int"/>
                  </input>
                  <binding>
                     <restSimpleBinding multiUsing="semicolonSeparated"
                                        url="https://{$hostName}/v1/fhir/Coverage"
                                        verb="GET">
                        <httpHeaders>
                           <header name="Content-Type">application/json</header>
                           <header name="Accept">application/json</header>
                        </httpHeaders>
                     </restSimpleBinding>
                  </binding>
                  <output/>
               </action>
               <action category="CapabilityStatement"
                       failOnError="true"
                       forSearch="false"
                       label="FhirMetadata_GET"
                       maxRedirects="100"
                       name="FhirMetadata_GET"
                       preemptiveAuth="true"
                       responseEncoding="">
                  <description>FhirMetadata_GET. Metadata statement. In DSTU2 this was known as the ConformanceStatement. In STU3 this was changed to the CapabilityStatement</description>
                  <input>
                     <parameter description="The format for the returned body content"
                                label="_format"
                                name="_format"
                                required="false"
                                testWith=""
                                type="picklist">
                        <options>
                           <option name="values">[{"value":"application/fhir+json","label":"application/fhir+json"},{"value":"application/json","label":"application/json"}]</option>
                        </options>
                     </parameter>
                     <parameter label="Content-Type"
                                name="Content-Type"
                                nogen="true"
                                required="false"
                                testWith=""
                                type="picklist">
                        <options>
                           <option name="values">[{"value":"application/fhir+json","label":"application/fhir+json"},{"value":"application/json","label":"application/json"}]</option>
                        </options>
                     </parameter>
                  </input>
                  <binding>
                     <restSimpleBinding multiUsing="semicolonSeparated"
                                        url="https://{$hostName}/v1/fhir/metadata"
                                        verb="GET">
                        <httpHeaders>
                           <header name="Content-Type">application/json</header>
                           <header name="Accept">application/json</header>
                        </httpHeaders>
                     </restSimpleBinding>
                  </binding>
                  <output/>
               </action>
               <action category="Patient"
                       failOnError="true"
                       forSearch="false"
                       label="FhirPatientById_GET"
                       maxRedirects="100"
                       name="FhirPatientById_GET"
                       preemptiveAuth="true"
                       responseEncoding="">
                  <description>FhirPatientById_GET. Get a patient by ID</description>
                  <input>
                     <parameter label="idPathParam"
                                name="idPathParam"
                                nogen="true"
                                required="true"
                                testWith="-19990000000001"
                                type="string"/>
                  </input>
                  <binding>
                     <restSimpleBinding multiUsing="semicolonSeparated"
                                        url="https://{$hostName}/v1/fhir/Patient/{$idPathParam}"
                                        verb="GET">
                        <httpHeaders>
                           <header name="Content-Type">application/json</header>
                           <header name="Accept">application/json</header>
                           <header name="Authorization">Bearer 09kQQO97V7NFYltmQDDclN4qt4nAQd</header>
                        </httpHeaders>
                     </restSimpleBinding>
                  </binding>
                  <output/>
               </action>
               <action category="Patient"
                       failOnError="true"
                       forSearch="false"
                       label="FhirPatient_GET"
                       maxRedirects="100"
                       name="FhirPatient_GET"
                       preemptiveAuth="true"
                       responseEncoding="">
                  <description>FhirPatient_GET</description>
                  <input>
                     <parameter description="The ID of the resource"
                                label="_id"
                                name="_id"
                                required="false"
                                testWith=""
                                type="string"/>
                     <parameter description="A patient identifier"
                                label="identifier"
                                name="identifier"
                                required="false"
                                testWith=""
                                type="string"/>
                     <parameter description="The format for the returned body content"
                                label="_format"
                                name="_format"
                                required="false"
                                testWith=""
                                type="picklist">
                        <options>
                           <option name="values">[{"value":"application/fhir+json","label":"application/fhir+json"},{"value":"application/json","label":"application/json"}]</option>
                        </options>
                     </parameter>
                  </input>
                  <binding>
                     <restSimpleBinding multiUsing="semicolonSeparated"
                                        url="https://{$hostName}/v1/fhir/Patient"
                                        verb="GET">
                        <httpHeaders>
                           <header name="Content-Type">application/json</header>
                           <header name="Accept">application/json</header>
                           <header name="Authorization">Bearer {}</header>
                        </httpHeaders>
                     </restSimpleBinding>
                  </binding>
                  <output/>
               </action>
               <action category="ExplanationOfBenefit"
                       failOnError="true"
                       forSearch="false"
                       label="FhirExplanationOfBenefitById_GET"
                       maxRedirects="100"
                       name="FhirExplanationOfBenefitById_GET"
                       preemptiveAuth="true"
                       responseEncoding="">
                  <description>FhirExplanationOfBenefitById_GET</description>
                  <input>
                     <parameter label="idPathParam"
                                name="idPathParam"
                                nogen="true"
                                required="true"
                                testWith=""
                                type="string"/>
                     <parameter description="The format for the returned body content"
                                label="_format"
                                name="_format"
                                required="false"
                                testWith=""
                                type="picklist">
                        <options>
                           <option name="values">[{"value":"application/fhir+json","label":"application/fhir+json"},{"value":"application/json","label":"application/json"}]</option>
                        </options>
                     </parameter>
                  </input>
                  <binding>
                     <restSimpleBinding multiUsing="semicolonSeparated"
                                        url="https://{$hostName}/v1/fhir/ExplanationOfBenefit/{$idPathParam}"
                                        verb="GET">
                        <httpHeaders>
                           <header name="Content-Type">application/json</header>
                           <header name="Accept">application/json</header>
                        </httpHeaders>
                     </restSimpleBinding>
                  </binding>
                  <output/>
               </action>
               <action category="Coverage"
                       failOnError="true"
                       forSearch="false"
                       label="FhirCoverageById_GET"
                       maxRedirects="100"
                       name="FhirCoverageById_GET"
                       preemptiveAuth="true"
                       responseEncoding="">
                  <description>FhirCoverageById_GET</description>
                  <input>
                     <parameter description="The ID of the resource"
                                label="idPathParam"
                                name="idPathParam"
                                nogen="true"
                                required="true"
                                testWith=""
                                type="string"/>
                     <parameter description="The format for the returned body content"
                                label="_format"
                                name="_format"
                                required="false"
                                testWith=""
                                type="picklist">
                        <options>
                           <option name="values">[{"value":"application/fhir+json","label":"application/fhir+json"},{"value":"application/json","label":"application/json"}]</option>
                        </options>
                     </parameter>
                  </input>
                  <binding>
                     <restSimpleBinding multiUsing="semicolonSeparated"
                                        url="https://{$hostName}/v1/fhir/Coverage/{$idPathParam}"
                                        verb="GET">
                        <httpHeaders>
                           <header name="Content-Type">application/json</header>
                           <header name="Accept">application/json</header>
                        </httpHeaders>
                     </restSimpleBinding>
                  </binding>
                  <output/>
               </action>
            </actions>
            <objects>
               <processObject xmlns="http://schemas.active-endpoints.com/appmodules/screenflow/2011/06/avosHostEnvironment.xsd"
                              isByCopy="true"
                              name="B">
                  <description/>
                  <detail/>
               </processObject>
               <processObject xmlns="http://schemas.active-endpoints.com/appmodules/screenflow/2011/06/avosHostEnvironment.xsd"
                              isByCopy="true"
                              name="Category">
                  <description/>
                  <detail>
                     <field name="code" type="string"/>
                  </detail>
               </processObject>
               <processObject xmlns="http://schemas.active-endpoints.com/appmodules/screenflow/2011/06/avosHostEnvironment.xsd"
                              isByCopy="true"
                              name="Adjudication">
                  <description/>
                  <detail>
                     <field name="amount" type="reference">
                        <options>
                           <option name="referenceTo">Amount</option>
                           <option name="relationshipName">Child</option>
                        </options>
                     </field>
                     <field name="category" type="reference">
                        <options>
                           <option name="referenceTo">Category</option>
                           <option name="relationshipName">Child</option>
                        </options>
                     </field>
                  </detail>
               </processObject>
               <processObject xmlns="http://schemas.active-endpoints.com/appmodules/screenflow/2011/06/avosHostEnvironment.xsd"
                              isByCopy="true"
                              name="D">
                  <description/>
                  <detail/>
               </processObject>
               <processObject xmlns="http://schemas.active-endpoints.com/appmodules/screenflow/2011/06/avosHostEnvironment.xsd"
                              isByCopy="true"
                              name="Part_A">
                  <description/>
                  <detail/>
               </processObject>
               <processObject xmlns="http://schemas.active-endpoints.com/appmodules/screenflow/2011/06/avosHostEnvironment.xsd"
                              isByCopy="true"
                              name="Part_B">
                  <description/>
                  <detail>
                     <field name="B" type="reference">
                        <options>
                           <option name="referenceTo">B</option>
                           <option name="relationshipName">Child</option>
                        </options>
                     </field>
                  </detail>
               </processObject>
               <processObject xmlns="http://schemas.active-endpoints.com/appmodules/screenflow/2011/06/avosHostEnvironment.xsd"
                              isByCopy="true"
                              name="Part_D">
                  <description/>
                  <detail>
                     <field name="D" type="reference">
                        <options>
                           <option name="referenceTo">D</option>
                           <option name="relationshipName">Child</option>
                        </options>
                     </field>
                  </detail>
               </processObject>
               <processObject xmlns="http://schemas.active-endpoints.com/appmodules/screenflow/2011/06/avosHostEnvironment.xsd"
                              isByCopy="true"
                              name="ExplanationOfBenefit">
                  <description>A bundle of beneficiary claims information in the ExplanationOfBenefit resource format.</description>
                  <detail>
                     <field name="coverage" type="reference">
                        <options>
                           <option name="referenceTo">ExplanationOfBenefit_coverage</option>
                           <option name="relationshipName">Child</option>
                        </options>
                     </field>
                     <field name="identifier" type="objectlist">
                        <options>
                           <option name="referenceTo">Identifier</option>
                           <option name="relationshipName">Child</option>
                        </options>
                     </field>
                     <field name="item" type="objectlist">
                        <options>
                           <option name="referenceTo">Item</option>
                           <option name="relationshipName">Child</option>
                        </options>
                     </field>
                     <field name="created" type="string"/>
                     <field name="patientReference" type="reference">
                        <options>
                           <option name="referenceTo">Coverage_issuerReference</option>
                           <option name="relationshipName">Child</option>
                        </options>
                     </field>
                     <field name="disposition" type="string"/>
                     <field name="claimReference" type="reference">
                        <options>
                           <option name="referenceTo">Coverage_issuerReference</option>
                           <option name="relationshipName">Child</option>
                        </options>
                     </field>
                     <field name="meta" type="object"/>
                     <field name="SC__created" type="reference">
                        <options>
                           <option name="referenceTo">ExplanationOfBenefit_created</option>
                           <option name="relationshipName">Child</option>
                        </options>
                     </field>
                     <field name="id" type="string"/>
                     <field name="text" type="reference">
                        <options>
                           <option name="referenceTo">Coverage_text</option>
                           <option name="relationshipName">Child</option>
                        </options>
                     </field>
                     <field name="organizationReference" type="reference">
                        <options>
                           <option name="referenceTo">Coverage_issuerReference</option>
                           <option name="relationshipName">Child</option>
                        </options>
                     </field>
                     <field name="totalBenefit" type="reference">
                        <options>
                           <option name="referenceTo">ExplanationOfBenefit_totalCost</option>
                           <option name="relationshipName">Child</option>
                        </options>
                     </field>
                     <field name="totalCost" type="reference">
                        <options>
                           <option name="referenceTo">ExplanationOfBenefit_totalCost</option>
                           <option name="relationshipName">Child</option>
                        </options>
                     </field>
                     <field name="resourceType" type="string"/>
                  </detail>
               </processObject>
               <processObject xmlns="http://schemas.active-endpoints.com/appmodules/screenflow/2011/06/avosHostEnvironment.xsd"
                              isByCopy="true"
                              name="ExplanationOfBenefit_created">
                  <description/>
                  <detail>
                     <field name="fhir_comments" type="object"/>
                  </detail>
               </processObject>
               <processObject xmlns="http://schemas.active-endpoints.com/appmodules/screenflow/2011/06/avosHostEnvironment.xsd"
                              isByCopy="true"
                              name="Type1">
                  <description/>
                  <detail>
                     <field name="code" type="string"/>
                  </detail>
               </processObject>
               <processObject xmlns="http://schemas.active-endpoints.com/appmodules/screenflow/2011/06/avosHostEnvironment.xsd"
                              isByCopy="true"
                              name="Bundle_ExplanationOfBenefit">
                  <description>A bundle of ExplanationOfBenefit resources returned by a search</description>
                  <detail>
                     <field name="entry" type="reference">
                        <options>
                           <option name="referenceTo">ExplanationOfBenefit</option>
                           <option name="relationshipName">Child</option>
                        </options>
                     </field>
                     <field name="total" type="double"/>
                     <field name="meta" type="object"/>
                     <field name="link" type="reference">
                        <options>
                           <option name="referenceTo">Link_Info</option>
                           <option name="relationshipName">Child</option>
                        </options>
                     </field>
                     <field name="type" type="string"/>
                     <field name="resourceType" type="string"/>
                  </detail>
               </processObject>
               <processObject xmlns="http://schemas.active-endpoints.com/appmodules/screenflow/2011/06/avosHostEnvironment.xsd"
                              isByCopy="true"
                              name="HumanName">
                  <description>A person's Name</description>
                  <detail>
                     <field name="given" type="string"/>
                     <field name="period" type="string"/>
                     <field name="use" type="object"/>
                     <field name="prefix" type="string"/>
                     <field name="text" type="string"/>
                     <field name="suffix" type="string"/>
                     <field name="family" type="string"/>
                  </detail>
               </processObject>
               <processObject xmlns="http://schemas.active-endpoints.com/appmodules/screenflow/2011/06/avosHostEnvironment.xsd"
                              isByCopy="true"
                              name="Item">
                  <description/>
                  <detail>
                     <field name="unitPrice" type="reference">
                        <options>
                           <option name="referenceTo">UnitPrice</option>
                           <option name="relationshipName">Child</option>
                        </options>
                     </field>
                     <field name="adjudication" type="objectlist">
                        <options>
                           <option name="referenceTo">Adjudication</option>
                           <option name="relationshipName">Child</option>
                        </options>
                     </field>
                     <field name="sequence" type="double"/>
                     <field name="service" type="reference">
                        <options>
                           <option name="referenceTo">Service</option>
                           <option name="relationshipName">Child</option>
                        </options>
                     </field>
                     <field name="providerReference" type="reference">
                        <options>
                           <option name="referenceTo">ProviderReference</option>
                           <option name="relationshipName">Child</option>
                        </options>
                     </field>
                     <field name="servicedDate" type="string"/>
                     <field name="type" type="reference">
                        <options>
                           <option name="referenceTo">Type1</option>
                           <option name="relationshipName">Child</option>
                        </options>
                     </field>
                     <field name="net" type="reference">
                        <options>
                           <option name="referenceTo">Net</option>
                           <option name="relationshipName">Child</option>
                        </options>
                     </field>
                  </detail>
               </processObject>
               <processObject xmlns="http://schemas.active-endpoints.com/appmodules/screenflow/2011/06/avosHostEnvironment.xsd"
                              isByCopy="true"
                              name="Coverage_issuerReference">
                  <description/>
                  <detail>
                     <field name="reference" type="string"/>
                  </detail>
               </processObject>
               <processObject xmlns="http://schemas.active-endpoints.com/appmodules/screenflow/2011/06/avosHostEnvironment.xsd"
                              isByCopy="true"
                              name="Identifier">
                  <description/>
                  <detail>
                     <field name="system" type="string"/>
                     <field name="value" type="string"/>
                  </detail>
               </processObject>
               <processObject xmlns="http://schemas.active-endpoints.com/appmodules/screenflow/2011/06/avosHostEnvironment.xsd"
                              isByCopy="true"
                              name="Coding">
                  <description/>
                  <detail>
                     <field name="type" type="object"/>
                     <field name="properties" type="object"/>
                  </detail>
               </processObject>
               <processObject xmlns="http://schemas.active-endpoints.com/appmodules/screenflow/2011/06/avosHostEnvironment.xsd"
                              isByCopy="true"
                              name="Bundle_Coverage">
                  <description>A bundle of coverage resources returned by a search</description>
                  <detail>
                     <field name="entry" type="reference">
                        <options>
                           <option name="referenceTo">Coverage</option>
                           <option name="relationshipName">Child</option>
                        </options>
                     </field>
                     <field name="total" type="double"/>
                     <field name="meta" type="object"/>
                     <field name="link" type="reference">
                        <options>
                           <option name="referenceTo">Link_Info</option>
                           <option name="relationshipName">Child</option>
                        </options>
                     </field>
                     <field name="type" type="string"/>
                     <field name="resourceType" type="string"/>
                  </detail>
               </processObject>
               <processObject xmlns="http://schemas.active-endpoints.com/appmodules/screenflow/2011/06/avosHostEnvironment.xsd"
                              isByCopy="true"
                              name="SC__format">
                  <description/>
                  <detail/>
               </processObject>
               <processObject xmlns="http://schemas.active-endpoints.com/appmodules/screenflow/2011/06/avosHostEnvironment.xsd"
                              isByCopy="true"
                              name="Link_Info">
                  <description/>
                  <detail>
                     <field name="url" type="string"/>
                     <field name="relation" type="string"/>
                  </detail>
               </processObject>
               <processObject xmlns="http://schemas.active-endpoints.com/appmodules/screenflow/2011/06/avosHostEnvironment.xsd"
                              isByCopy="true"
                              name="Content_Type">
                  <description/>
                  <detail/>
               </processObject>
               <processObject xmlns="http://schemas.active-endpoints.com/appmodules/screenflow/2011/06/avosHostEnvironment.xsd"
                              isByCopy="true"
                              name="Coverage_ESRD">
                  <description/>
                  <detail>
                     <field name="code" type="string"/>
                     <field name="system" type="string"/>
                     <field name="display" type="string"/>
                  </detail>
               </processObject>
               <processObject xmlns="http://schemas.active-endpoints.com/appmodules/screenflow/2011/06/avosHostEnvironment.xsd"
                              isByCopy="true"
                              name="ExplanationOfBenefit_totalCost">
                  <description/>
                  <detail>
                     <field name="code" type="string"/>
                     <field name="system" type="string"/>
                     <field name="value" type="double"/>
                  </detail>
               </processObject>
               <processObject xmlns="http://schemas.active-endpoints.com/appmodules/screenflow/2011/06/avosHostEnvironment.xsd"
                              isByCopy="true"
                              name="Coverage_OASI">
                  <description/>
                  <detail>
                     <field name="code" type="string"/>
                     <field name="system" type="string"/>
                     <field name="display" type="string"/>
                  </detail>
               </processObject>
               <processObject xmlns="http://schemas.active-endpoints.com/appmodules/screenflow/2011/06/avosHostEnvironment.xsd"
                              isByCopy="true"
                              name="Amount">
                  <description/>
                  <detail>
                     <field name="code" type="string"/>
                     <field name="system" type="string"/>
                     <field name="value" type="double"/>
                  </detail>
               </processObject>
               <processObject xmlns="http://schemas.active-endpoints.com/appmodules/screenflow/2011/06/avosHostEnvironment.xsd"
                              isByCopy="true"
                              name="Coverage_period">
                  <description/>
                  <detail>
                     <field name="start" type="string"/>
                     <field name="end" type="string"/>
                  </detail>
               </processObject>
               <processObject xmlns="http://schemas.active-endpoints.com/appmodules/screenflow/2011/06/avosHostEnvironment.xsd"
                              isByCopy="true"
                              name="Patient">
                  <description>Describes the Patient</description>
                  <detail>
                     <field name="meta" type="object"/>
                     <field name="name" type="reference">
                        <options>
                           <option name="referenceTo">HumanName</option>
                           <option name="relationshipName">Child</option>
                        </options>
                     </field>
                     <field name="resourceType" type="string"/>
                  </detail>
               </processObject>
               <processObject xmlns="http://schemas.active-endpoints.com/appmodules/screenflow/2011/06/avosHostEnvironment.xsd"
                              isByCopy="true"
                              name="Coverage_text">
                  <description/>
                  <detail>
                     <field name="div" type="string"/>
                     <field name="status" type="string"/>
                  </detail>
               </processObject>
               <processObject xmlns="http://schemas.active-endpoints.com/appmodules/screenflow/2011/06/avosHostEnvironment.xsd"
                              isByCopy="true"
                              name="Service">
                  <description/>
                  <detail>
                     <field name="code" type="string"/>
                     <field name="system" type="string"/>
                  </detail>
               </processObject>
               <processObject xmlns="http://schemas.active-endpoints.com/appmodules/screenflow/2011/06/avosHostEnvironment.xsd"
                              isByCopy="true"
                              name="Coverage">
                  <description>Describes the insurance coverages that a Medicare beneficiary has.</description>
                  <detail>
                     <field name="identifier" type="objectlist">
                        <options>
                           <option name="referenceTo">Identifier</option>
                           <option name="relationshipName">Child</option>
                        </options>
                     </field>
                     <field name="extension" type="reference">
                        <options>
                           <option name="referenceTo">Extension</option>
                           <option name="relationshipName">Child</option>
                        </options>
                     </field>
                     <field name="type" type="reference">
                        <options>
                           <option name="referenceTo">Type</option>
                           <option name="relationshipName">Child</option>
                        </options>
                     </field>
                     <field name="grouping" type="reference">
                        <options>
                           <option name="referenceTo">Grouping</option>
                           <option name="relationshipName">Child</option>
                        </options>
                     </field>
                     <field name="sequence" type="double"/>
                     <field name="beneficiary" type="reference">
                        <options>
                           <option name="referenceTo">Beneficiary</option>
                           <option name="relationshipName">Child</option>
                        </options>
                     </field>
                     <field name="meta" type="object"/>
                     <field name="subPlan" type="string"/>
                     <field name="id" type="string"/>
                     <field name="plan" type="string"/>
                     <field name="dependent" type="double"/>
                     <field name="resourceType" type="string"/>
                     <field name="status" type="string"/>
                  </detail>
               </processObject>
               <processObject xmlns="http://schemas.active-endpoints.com/appmodules/screenflow/2011/06/avosHostEnvironment.xsd"
                              isByCopy="true"
                              name="Grouping">
                  <description/>
                  <detail>
                     <field name="subGroup" type="string"/>
                     <field name="subPlan" type="object"/>
                  </detail>
               </processObject>
               <processObject xmlns="http://schemas.active-endpoints.com/appmodules/screenflow/2011/06/avosHostEnvironment.xsd"
                              isByCopy="true"
                              name="ExplanationOfBenefit_coverage">
                  <description/>
                  <detail>
                     <field name="coverageReference" type="reference">
                        <options>
                           <option name="referenceTo">Coverage_issuerReference</option>
                           <option name="relationshipName">Child</option>
                        </options>
                     </field>
                  </detail>
               </processObject>
               <processObject xmlns="http://schemas.active-endpoints.com/appmodules/screenflow/2011/06/avosHostEnvironment.xsd"
                              isByCopy="true"
                              name="Extension">
                  <description/>
                  <detail/>
               </processObject>
               <processObject xmlns="http://schemas.active-endpoints.com/appmodules/screenflow/2011/06/avosHostEnvironment.xsd"
                              isByCopy="true"
                              name="Type">
                  <description/>
                  <detail>
                     <field name="coding" type="reference">
                        <options>
                           <option name="referenceTo">Coding</option>
                           <option name="relationshipName">Child</option>
                        </options>
                     </field>
                  </detail>
               </processObject>
               <processObject xmlns="http://schemas.active-endpoints.com/appmodules/screenflow/2011/06/avosHostEnvironment.xsd"
                              isByCopy="true"
                              name="UnitPrice">
                  <description/>
                  <detail>
                     <field name="code" type="string"/>
                     <field name="system" type="string"/>
                     <field name="value" type="double"/>
                  </detail>
               </processObject>
               <processObject xmlns="http://schemas.active-endpoints.com/appmodules/screenflow/2011/06/avosHostEnvironment.xsd"
                              isByCopy="true"
                              name="Net">
                  <description/>
                  <detail>
                     <field name="code" type="string"/>
                     <field name="system" type="string"/>
                     <field name="value" type="double"/>
                  </detail>
               </processObject>
               <processObject xmlns="http://schemas.active-endpoints.com/appmodules/screenflow/2011/06/avosHostEnvironment.xsd"
                              isByCopy="true"
                              name="ProviderReference">
                  <description/>
                  <detail>
                     <field name="reference" type="string"/>
                  </detail>
               </processObject>
               <processObject xmlns="http://schemas.active-endpoints.com/appmodules/screenflow/2011/06/avosHostEnvironment.xsd"
                              isByCopy="true"
                              name="Beneficiary">
                  <description/>
                  <detail>
                     <field name="reference" type="string"/>
                  </detail>
               </processObject>
               <processObject xmlns="http://schemas.active-endpoints.com/appmodules/screenflow/2011/06/avosHostEnvironment.xsd"
                              isByCopy="true"
                              name="string">
                  <description/>
                  <detail>
                     <field name="string" type="string"/>
                  </detail>
               </processObject>
               <processObject xmlns="http://schemas.active-endpoints.com/appmodules/screenflow/2011/06/avosHostEnvironment.xsd"
                              isByCopy="true"
                              name="boolean">
                  <description/>
                  <detail>
                     <field name="boolean" type="boolean"/>
                  </detail>
               </processObject>
               <processObject xmlns="http://schemas.active-endpoints.com/appmodules/screenflow/2011/06/avosHostEnvironment.xsd"
                              isByCopy="true"
                              name="double">
                  <description/>
                  <detail>
                     <field name="double" type="double"/>
                  </detail>
               </processObject>
               <processObject xmlns="http://schemas.active-endpoints.com/appmodules/screenflow/2011/06/avosHostEnvironment.xsd"
                              isByCopy="true"
                              name="integer">
                  <description/>
                  <detail>
                     <field name="integer" type="int"/>
                  </detail>
               </processObject>
            </objects>
         </businessConnector>
      </types1:Entry>
      <types1:GUID>iK1DnQSrtgecoFgeQvKlov</types1:GUID>
      <types1:DisplayName>CMS BlueButton API v2-0</types1:DisplayName>
   </types1:Item>
   <types1:CurrentServerDateTime>2020-08-19T04:53:21.606Z</types1:CurrentServerDateTime>
</aetgt:getResponse>
