<aetgt:getResponse xmlns:aetgt="http://schemas.active-endpoints.com/appmodules/repository/2010/10/avrepository.xsd"
                   xmlns:types1="http://schemas.active-endpoints.com/appmodules/repository/2010/10/avrepository.xsd">
   <types1:Item>
      <types1:EntryId>nNDACUtoVVVVVVV-gt-3085536-2019-02-18T03:58:55.215Z::svc.xml</types1:EntryId>
      <types1:Name>Oracle_Eloqua_Marketing_Cloud_Service_Exports_Bulk_API_v2</types1:Name>
      <types1:MimeType>application/xml+businesssconnector</types1:MimeType>
      <types1:Description>Bulk Api Exports Endpoints</types1:Description>
      <types1:AppliesTo/>
      <types1:Tags/>
      <types1:VersionLabel>1.0</types1:VersionLabel>
      <types1:State>CURRENT</types1:State>
      <types1:ProcessGroup/>
      <types1:CreatedBy>sorabh@na1.dm-us.org</types1:CreatedBy>
      <types1:CreationDate>2019-02-18T03:58:55Z</types1:CreationDate>
      <types1:ModifiedBy/>
      <types1:PublicationStatus>published</types1:PublicationStatus>
      <types1:PublishedBy>sorabh@na1.dm-us.org</types1:PublishedBy>
      <types1:PublicationDate>2019-02-18T03:59:02Z</types1:PublicationDate>
      <types1:PublishedContributionId>project:/rt.connector/Oracle_Eloqua_Marketing_Cloud_Service_Exports_Bulk_API_v2/Oracle_Eloqua_Marketing_Cloud_Service_Exports_Bulk_API_v2_svcDef.xml</types1:PublishedContributionId>
      <types1:AutosaveExists>false</types1:AutosaveExists>
      <types1:Entry>
         <businessConnector xmlns="http://schemas.informatica.com/socrates/data-services/2014/05/business-connector-model.xsd"
                            agentOnly="false"
                            debug="false"
                            displayName="Oracle Eloqua Marketing Cloud Service Exports Bulk API v2"
                            label=""
                            name="Oracle_Eloqua_Marketing_Cloud_Service_Exports_Bulk_API_v2"
                            uuid="35f25152-e139-4645-936d-001741716430">
            <description>Bulk Api Exports Endpoints</description>
            <tags/>
            <connectionAttributes xmlns="http://schemas.informatica.com/appmodules/screenflow/2014/04/avosConnectors.xsd">
               <connectionAttribute description="Host Name"
                                    masked="false"
                                    name="hostName"
                                    required="true"
                                    testWith="apicatalog.oraclecloud.com"
                                    type="string"/>
            </connectionAttributes>
            <actions>
               <action category="Bulk/2.0/exports"
                       failOnError="true"
                       forSearch="false"
                       label="GetExportSearch"
                       maxRedirects="100"
                       name="GetExportSearch"
                       preemptiveAuth="true"
                       responseEncoding="">
                  <description>Retrieve a list of exports. Retrieves a list of exports.</description>
                  <input>
                     <parameter description="A URL parameter that specifies the maximum number of records to return. This can be any positive integer between 1 and 1000 inclusive. If not specified, the default is 1000. Example: &lt;code&gt;?limit=5&lt;/code&gt;."
                                label="limit"
                                name="limit"
                                required="false"
                                testWith=""
                                type="int"/>
                     <parameter description="The links section in a resource return all the links by default. The client side might be only interested in a particular link. To satisfy that requirement, a &#34;links&#34; query parameter might be supported. The value of this query parameter is a list of relations separated by comma &#34;,&#34;. For example, ?links=canonical, next will only return the links with &#34;rel&#34; property be canonical or next."
                                label="links"
                                name="links"
                                required="false"
                                testWith=""
                                type="string"/>
                     <parameter description="Specifies an offset that allows you to retrieve the next batch of records. Any positive integer. For example, if your limit is 1000, specifying an offset of 1000 will return records 1000 through 2000. If not specified, the default is 0. Example: &lt;code&gt;?offset=1000&lt;/code&gt;."
                                label="offset"
                                name="offset"
                                required="false"
                                testWith=""
                                type="int"/>
                     <parameter description="Specifies the name of the property to order the results by. The &lt;code&gt;orderBy&lt;/code&gt; format is &lt;code&gt;term&lt;/code&gt; ASC | DESC. Example: &lt;code&gt;?orderBy=name ASC&lt;/code&gt;."
                                label="orderBy"
                                name="orderBy"
                                required="false"
                                testWith=""
                                type="string"/>
                     <parameter description="A URL parameter that specifies query criteria used to filter results. The &lt;code&gt;q&lt;/code&gt; format is &lt;code&gt;term&lt;/code&gt;&lt;code&gt;operator&lt;/code&gt;&lt;code&gt;value&lt;/code&gt;. Use &#34;*&#34; for wildcard values. Example: &lt;code&gt;?q=&#34;name=*Test*&#34;&lt;/code&gt; will find all the entities where the &#34;name&#34; field contains the string &#34;Test&#34;."
                                label="q"
                                name="q"
                                required="false"
                                testWith=""
                                type="string"/>
                     <parameter description="Whether or not the total results are shown, and factored into the &lt;code&gt;hasMore&lt;/code&gt; property in the response. When set to &lt;code&gt;false&lt;/code&gt;, the &lt;code&gt;totalResults&lt;/code&gt; property will not be returned, and the &lt;code&gt;hasMore&lt;/code&gt; property will be determined based on returned events that match the criteria specified in the URL parameters. If not specified, the default is &lt;code&gt;true&lt;/code&gt;."
                                label="totalResults"
                                name="totalResults"
                                required="false"
                                testWith=""
                                type="boolean"/>
                  </input>
                  <binding>
                     <restSimpleBinding multiUsing="semicolonSeparated"
                                        url="https://{$hostName}/api/bulk/2.0/exports"
                                        verb="GET">
                        <httpHeaders>
                           <header name="Content-Type">application/json</header>
                           <header name="Accept">application/json</header>
                        </httpHeaders>
                     </restSimpleBinding>
                  </binding>
                  <output/>
               </action>
               <action category="Bulk/2.0/exports"
                       failOnError="true"
                       forSearch="false"
                       label="GetExportStorage"
                       maxRedirects="100"
                       name="GetExportStorage"
                       preemptiveAuth="true"
                       responseEncoding="">
                  <description>Discover the amount of database space your exports are using. This endpoint is used to discover how much space current exports are taking up in your database.</description>
                  <input/>
                  <binding>
                     <restSimpleBinding multiUsing="semicolonSeparated"
                                        url="https://{$hostName}/api/bulk/2.0/exports/data"
                                        verb="GET">
                        <httpHeaders>
                           <header name="Content-Type">application/json</header>
                           <header name="Accept">application/json</header>
                        </httpHeaders>
                     </restSimpleBinding>
                  </binding>
                  <output/>
               </action>
            </actions>
            <objects>
               <processObject xmlns="http://schemas.active-endpoints.com/appmodules/screenflow/2011/06/avosHostEnvironment.xsd"
                              isByCopy="true"
                              name="string">
                  <description/>
                  <detail>
                     <field name="string" type="string"/>
                  </detail>
               </processObject>
               <processObject xmlns="http://schemas.active-endpoints.com/appmodules/screenflow/2011/06/avosHostEnvironment.xsd"
                              isByCopy="true"
                              name="boolean">
                  <description/>
                  <detail>
                     <field name="boolean" type="boolean"/>
                  </detail>
               </processObject>
               <processObject xmlns="http://schemas.active-endpoints.com/appmodules/screenflow/2011/06/avosHostEnvironment.xsd"
                              isByCopy="true"
                              name="double">
                  <description/>
                  <detail>
                     <field name="double" type="double"/>
                  </detail>
               </processObject>
               <processObject xmlns="http://schemas.active-endpoints.com/appmodules/screenflow/2011/06/avosHostEnvironment.xsd"
                              isByCopy="true"
                              name="integer">
                  <description/>
                  <detail>
                     <field name="integer" type="int"/>
                  </detail>
               </processObject>
            </objects>
         </businessConnector>
      </types1:Entry>
      <types1:GUID>9NpMvA2fOCzk1zFos83Acu</types1:GUID>
      <types1:DisplayName>Oracle Eloqua Marketing Cloud Service Exports Bulk API v2</types1:DisplayName>
   </types1:Item>
   <types1:CurrentServerDateTime>2019-02-22T04:01:44.042Z</types1:CurrentServerDateTime>
</aetgt:getResponse>
