<aetgt:getResponse xmlns:aetgt="http://schemas.active-endpoints.com/appmodules/repository/2010/10/avrepository.xsd"
                   xmlns:types1="http://schemas.active-endpoints.com/appmodules/repository/2010/10/avrepository.xsd">
   <types1:Item>
      <types1:EntryId>eAsJlv58pIO3M4W-gt-68097-2019-02-28T08:49:32.065Z::svc.xml</types1:EntryId>
      <types1:Name>Google_Cloud_Scheduler_API_v1beta1</types1:Name>
      <types1:MimeType>application/xml+businesssconnector</types1:MimeType>
      <types1:Description>Creates and manages jobs run on a regular recurring schedule.</types1:Description>
      <types1:AppliesTo/>
      <types1:Tags/>
      <types1:VersionLabel>1.0</types1:VersionLabel>
      <types1:State>CURRENT</types1:State>
      <types1:ProcessGroup/>
      <types1:CreatedBy>stage2_pod1</types1:CreatedBy>
      <types1:CreationDate>2019-02-28T08:49:32Z</types1:CreationDate>
      <types1:ModifiedBy/>
      <types1:PublicationStatus>unpublished</types1:PublicationStatus>
      <types1:AutosaveExists>false</types1:AutosaveExists>
      <types1:Entry>
         <businessConnector xmlns="http://schemas.informatica.com/socrates/data-services/2014/05/business-connector-model.xsd"
                            agentOnly="false"
                            debug="false"
                            displayName="Google Cloud Scheduler API v1beta1"
                            label=""
                            name="Google_Cloud_Scheduler_API_v1beta1"
                            uuid="0f21b710-8e90-4bc5-a660-e0b3f43ecbb5">
            <description>Creates and manages jobs run on a regular recurring schedule.</description>
            <tags/>
            <connectionAttributes xmlns="http://schemas.informatica.com/appmodules/screenflow/2014/04/avosConnectors.xsd">
               <connectionAttribute description="Host Name"
                                    masked="false"
                                    name="hostName"
                                    required="true"
                                    testWith="cloudscheduler.googleapis.com"
                                    type="string"/>
            </connectionAttributes>
            <actions>
               <action category="jobs"
                       failOnError="true"
                       forSearch="false"
                       label="V1beta1ResumeByNamePost"
                       maxRedirects="100"
                       name="V1beta1ResumeByNamePost"
                       preemptiveAuth="true"
                       responseEncoding="">
                  <description>ResumeV1beta1ResumeByName. Resume a job. This method reenables a job after it has been Job.State.PAUSED. The state of a job is stored in Job.state; after calling this method it will be set to Job.State.ENABLED. A job must be in Job.State.PAUSED to be resumed.</description>
                  <input>
                     <parameter label="body"
                                name="body"
                                required="true"
                                testWith=""
                                type="reference">
                        <options>
                           <option name="referenceTo"/>
                        </options>
                     </parameter>
                     <parameter description="Selector specifying which fields to include in a partial response."
                                label="fields"
                                name="fields"
                                required="false"
                                testWith=""
                                type="string"/>
                     <parameter description="Legacy upload protocol for media (e.g. &#34;media&#34;, &#34;multipart&#34;)."
                                label="uploadType"
                                name="uploadType"
                                required="false"
                                testWith=""
                                type="string"/>
                     <parameter description="JSONP"
                                label="callback"
                                name="callback"
                                required="false"
                                testWith=""
                                type="string"/>
                     <parameter description="OAuth 2.0 token for the current user."
                                label="oauth_token"
                                name="oauth_token"
                                required="false"
                                testWith=""
                                type="string"/>
                     <parameter description="V1 error format. (Acceptable values are: &#34;1&#34;, &#34;2&#34;)"
                                label="$.xgafv"
                                name="$.xgafv"
                                required="false"
                                testWith=""
                                type="string"/>
                     <parameter description="Data format for response. (Acceptable values are: &#34;json&#34;, &#34;media&#34;, &#34;proto&#34;)"
                                label="alt"
                                name="alt"
                                required="false"
                                testWith=""
                                type="string"/>
                     <parameter description="OAuth access token."
                                label="access_token"
                                name="access_token"
                                required="false"
                                testWith=""
                                type="string"/>
                     <parameter description="API key. Your API key identifies your project and provides you with API access, quota, and reports. Required unless you provide an OAuth 2.0 token."
                                label="key"
                                name="key"
                                required="false"
                                testWith=""
                                type="string"/>
                     <parameter description="Upload protocol for media (e.g. &#34;raw&#34;, &#34;multipart&#34;)."
                                label="upload_protocol"
                                name="upload_protocol"
                                required="false"
                                testWith=""
                                type="string"/>
                     <parameter description="Available to use for quota purposes for server-side applications. Can be any arbitrary string assigned to a user, but should not exceed 40 characters."
                                label="quotaUser"
                                name="quotaUser"
                                required="false"
                                testWith=""
                                type="string"/>
                     <parameter description="Returns response with indentations and line breaks."
                                label="prettyPrint"
                                name="prettyPrint"
                                required="false"
                                testWith=""
                                type="boolean"/>
                  </input>
                  <binding>
                     <restSimpleBinding multiUsing="semicolonSeparated"
                                        url="https://{$hostName}/v1beta1/{$SC__namePathParam}:resume"
                                        verb="POST">
                        <httpHeaders>
                           <header name="Content-Type">application/json</header>
                           <header name="Accept">application/json</header>
                        </httpHeaders>
                        <body generateUsing="UnwrappedJSON" preserveJsonStringFormatting="false"/>
                     </restSimpleBinding>
                  </binding>
                  <output>
                     <field description=""
                            entireResponse="true"
                            name="Job"
                            type="reference">
                        <options>
                           <option name="referenceTo">Job</option>
                        </options>
                     </field>
                  </output>
               </action>
               <action category="jobs"
                       failOnError="true"
                       forSearch="false"
                       label="V1beta1JobsByParentPost"
                       maxRedirects="100"
                       name="V1beta1JobsByParentPost"
                       preemptiveAuth="true"
                       responseEncoding="">
                  <description>CreateV1beta1JobsByParent. Creates a job.</description>
                  <input>
                     <parameter label="body"
                                name="body"
                                required="true"
                                testWith=""
                                type="reference">
                        <options>
                           <option name="referenceTo">Job</option>
                        </options>
                     </parameter>
                     <parameter description="Selector specifying which fields to include in a partial response."
                                label="fields"
                                name="fields"
                                required="false"
                                testWith=""
                                type="string"/>
                     <parameter description="Legacy upload protocol for media (e.g. &#34;media&#34;, &#34;multipart&#34;)."
                                label="uploadType"
                                name="uploadType"
                                required="false"
                                testWith=""
                                type="string"/>
                     <parameter description="JSONP"
                                label="callback"
                                name="callback"
                                required="false"
                                testWith=""
                                type="string"/>
                     <parameter description="OAuth 2.0 token for the current user."
                                label="oauth_token"
                                name="oauth_token"
                                required="false"
                                testWith=""
                                type="string"/>
                     <parameter description="V1 error format. (Acceptable values are: &#34;1&#34;, &#34;2&#34;)"
                                label="$.xgafv"
                                name="$.xgafv"
                                required="false"
                                testWith=""
                                type="string"/>
                     <parameter description="Data format for response. (Acceptable values are: &#34;json&#34;, &#34;media&#34;, &#34;proto&#34;)"
                                label="alt"
                                name="alt"
                                required="false"
                                testWith=""
                                type="string"/>
                     <parameter description="OAuth access token."
                                label="access_token"
                                name="access_token"
                                required="false"
                                testWith=""
                                type="string"/>
                     <parameter description="API key. Your API key identifies your project and provides you with API access, quota, and reports. Required unless you provide an OAuth 2.0 token."
                                label="key"
                                name="key"
                                required="false"
                                testWith=""
                                type="string"/>
                     <parameter description="Upload protocol for media (e.g. &#34;raw&#34;, &#34;multipart&#34;)."
                                label="upload_protocol"
                                name="upload_protocol"
                                required="false"
                                testWith=""
                                type="string"/>
                     <parameter description="Available to use for quota purposes for server-side applications. Can be any arbitrary string assigned to a user, but should not exceed 40 characters."
                                label="quotaUser"
                                name="quotaUser"
                                required="false"
                                testWith=""
                                type="string"/>
                     <parameter description="Returns response with indentations and line breaks."
                                label="prettyPrint"
                                name="prettyPrint"
                                required="false"
                                testWith=""
                                type="boolean"/>
                  </input>
                  <binding>
                     <restSimpleBinding multiUsing="semicolonSeparated"
                                        url="https://{$hostName}/v1beta1/{$SC__parentPathParam}/jobs"
                                        verb="POST">
                        <httpHeaders>
                           <header name="Content-Type">application/json</header>
                           <header name="Accept">application/json</header>
                        </httpHeaders>
                        <body generateUsing="UnwrappedJSON" preserveJsonStringFormatting="false"/>
                     </restSimpleBinding>
                  </binding>
                  <output>
                     <field description=""
                            entireResponse="true"
                            name="Job"
                            type="reference">
                        <options>
                           <option name="referenceTo">Job</option>
                        </options>
                     </field>
                  </output>
               </action>
               <action category="jobs"
                       failOnError="true"
                       forSearch="false"
                       label="V1beta1JobsByParentGet"
                       maxRedirects="100"
                       name="V1beta1JobsByParentGet"
                       preemptiveAuth="true"
                       responseEncoding="">
                  <description>ListV1beta1JobsByParent. Lists jobs.</description>
                  <input>
                     <parameter description="Selector specifying which fields to include in a partial response."
                                label="fields"
                                name="fields"
                                required="false"
                                testWith=""
                                type="string"/>
                     <parameter description="Legacy upload protocol for media (e.g. &#34;media&#34;, &#34;multipart&#34;)."
                                label="uploadType"
                                name="uploadType"
                                required="false"
                                testWith=""
                                type="string"/>
                     <parameter description="JSONP"
                                label="callback"
                                name="callback"
                                required="false"
                                testWith=""
                                type="string"/>
                     <parameter description="OAuth 2.0 token for the current user."
                                label="oauth_token"
                                name="oauth_token"
                                required="false"
                                testWith=""
                                type="string"/>
                     <parameter description="V1 error format. (Acceptable values are: &#34;1&#34;, &#34;2&#34;)"
                                label="$.xgafv"
                                name="$.xgafv"
                                required="false"
                                testWith=""
                                type="string"/>
                     <parameter description="Data format for response. (Acceptable values are: &#34;json&#34;, &#34;media&#34;, &#34;proto&#34;)"
                                label="alt"
                                name="alt"
                                required="false"
                                testWith=""
                                type="string"/>
                     <parameter description="OAuth access token."
                                label="access_token"
                                name="access_token"
                                required="false"
                                testWith=""
                                type="string"/>
                     <parameter description="API key. Your API key identifies your project and provides you with API access, quota, and reports. Required unless you provide an OAuth 2.0 token."
                                label="key"
                                name="key"
                                required="false"
                                testWith=""
                                type="string"/>
                     <parameter description="Upload protocol for media (e.g. &#34;raw&#34;, &#34;multipart&#34;)."
                                label="upload_protocol"
                                name="upload_protocol"
                                required="false"
                                testWith=""
                                type="string"/>
                     <parameter description="Available to use for quota purposes for server-side applications. Can be any arbitrary string assigned to a user, but should not exceed 40 characters."
                                label="quotaUser"
                                name="quotaUser"
                                required="false"
                                testWith=""
                                type="string"/>
                     <parameter description="Returns response with indentations and line breaks."
                                label="prettyPrint"
                                name="prettyPrint"
                                required="false"
                                testWith=""
                                type="boolean"/>
                     <parameter description="A token identifying a page of results the server will return. To&#xA;request the first page results, page_token must be empty. To&#xA;request the next page of results, page_token must be the value of&#xA;next_page_token returned from&#xA;the previous call to ListJobs. It is an error to&#xA;switch the value of filter or&#xA;order_by while iterating through pages."
                                label="pageToken"
                                name="pageToken"
                                required="false"
                                testWith=""
                                type="string"/>
                     <parameter description="Requested page size.&#xA;&#xA;The maximum page size is 500. If unspecified, the page size will&#xA;be the maximum. Fewer jobs than requested might be returned,&#xA;even if more jobs exist; use next_page_token to determine if more&#xA;jobs exist."
                                label="pageSize"
                                name="pageSize"
                                required="false"
                                testWith=""
                                type="int"/>
                  </input>
                  <binding>
                     <restSimpleBinding multiUsing="semicolonSeparated"
                                        url="https://{$hostName}/v1beta1/{$SC__parentPathParam}/jobs"
                                        verb="GET">
                        <httpHeaders>
                           <header name="Content-Type">application/json</header>
                           <header name="Accept">application/json</header>
                        </httpHeaders>
                     </restSimpleBinding>
                  </binding>
                  <output>
                     <field description=""
                            entireResponse="true"
                            name="ListJobsResponse"
                            type="reference">
                        <options>
                           <option name="referenceTo">ListJobsResponse</option>
                        </options>
                     </field>
                  </output>
               </action>
               <action category="jobs"
                       failOnError="true"
                       forSearch="false"
                       label="V1beta1ByNamePatch"
                       maxRedirects="100"
                       name="V1beta1ByNamePatch"
                       preemptiveAuth="true"
                       responseEncoding="">
                  <description>PatchV1beta1ByName. Updates a job. If successful, the updated Job is returned. If the job does not exist, `NOT_FOUND` is returned. If UpdateJob does not successfully return, it is possible for the job to be in an Job.State.UPDATE_FAILED state. A job in this state may not be executed. If this happens, retry the UpdateJob request until a successful response is received.</description>
                  <input>
                     <parameter label="body"
                                name="body"
                                required="true"
                                testWith=""
                                type="reference">
                        <options>
                           <option name="referenceTo">Job</option>
                        </options>
                     </parameter>
                     <parameter description="Selector specifying which fields to include in a partial response."
                                label="fields"
                                name="fields"
                                required="false"
                                testWith=""
                                type="string"/>
                     <parameter description="Legacy upload protocol for media (e.g. &#34;media&#34;, &#34;multipart&#34;)."
                                label="uploadType"
                                name="uploadType"
                                required="false"
                                testWith=""
                                type="string"/>
                     <parameter description="JSONP"
                                label="callback"
                                name="callback"
                                required="false"
                                testWith=""
                                type="string"/>
                     <parameter description="OAuth 2.0 token for the current user."
                                label="oauth_token"
                                name="oauth_token"
                                required="false"
                                testWith=""
                                type="string"/>
                     <parameter description="V1 error format. (Acceptable values are: &#34;1&#34;, &#34;2&#34;)"
                                label="$.xgafv"
                                name="$.xgafv"
                                required="false"
                                testWith=""
                                type="string"/>
                     <parameter description="Data format for response. (Acceptable values are: &#34;json&#34;, &#34;media&#34;, &#34;proto&#34;)"
                                label="alt"
                                name="alt"
                                required="false"
                                testWith=""
                                type="string"/>
                     <parameter description="OAuth access token."
                                label="access_token"
                                name="access_token"
                                required="false"
                                testWith=""
                                type="string"/>
                     <parameter description="API key. Your API key identifies your project and provides you with API access, quota, and reports. Required unless you provide an OAuth 2.0 token."
                                label="key"
                                name="key"
                                required="false"
                                testWith=""
                                type="string"/>
                     <parameter description="Upload protocol for media (e.g. &#34;raw&#34;, &#34;multipart&#34;)."
                                label="upload_protocol"
                                name="upload_protocol"
                                required="false"
                                testWith=""
                                type="string"/>
                     <parameter description="Available to use for quota purposes for server-side applications. Can be any arbitrary string assigned to a user, but should not exceed 40 characters."
                                label="quotaUser"
                                name="quotaUser"
                                required="false"
                                testWith=""
                                type="string"/>
                     <parameter description="Returns response with indentations and line breaks."
                                label="prettyPrint"
                                name="prettyPrint"
                                required="false"
                                testWith=""
                                type="boolean"/>
                     <parameter description="A  mask used to specify which fields of the job are being updated."
                                label="updateMask"
                                name="updateMask"
                                required="false"
                                testWith=""
                                type="string"/>
                  </input>
                  <binding>
                     <restSimpleBinding multiUsing="semicolonSeparated"
                                        url="https://{$hostName}/v1beta1/{$SC__namePathParam}"
                                        verb="PATCH">
                        <httpHeaders>
                           <header name="Content-Type">application/json</header>
                           <header name="Accept">application/json</header>
                        </httpHeaders>
                        <body generateUsing="UnwrappedJSON" preserveJsonStringFormatting="false"/>
                     </restSimpleBinding>
                  </binding>
                  <output>
                     <field description=""
                            entireResponse="true"
                            name="Job"
                            type="reference">
                        <options>
                           <option name="referenceTo">Job</option>
                        </options>
                     </field>
                  </output>
               </action>
               <action category="jobs"
                       failOnError="true"
                       forSearch="false"
                       label="V1beta1ByNameGet"
                       maxRedirects="100"
                       name="V1beta1ByNameGet"
                       preemptiveAuth="true"
                       responseEncoding="">
                  <description>GetV1beta1ByName. Gets a job.</description>
                  <input>
                     <parameter description="Selector specifying which fields to include in a partial response."
                                label="fields"
                                name="fields"
                                required="false"
                                testWith=""
                                type="string"/>
                     <parameter description="Legacy upload protocol for media (e.g. &#34;media&#34;, &#34;multipart&#34;)."
                                label="uploadType"
                                name="uploadType"
                                required="false"
                                testWith=""
                                type="string"/>
                     <parameter description="JSONP"
                                label="callback"
                                name="callback"
                                required="false"
                                testWith=""
                                type="string"/>
                     <parameter description="OAuth 2.0 token for the current user."
                                label="oauth_token"
                                name="oauth_token"
                                required="false"
                                testWith=""
                                type="string"/>
                     <parameter description="V1 error format. (Acceptable values are: &#34;1&#34;, &#34;2&#34;)"
                                label="$.xgafv"
                                name="$.xgafv"
                                required="false"
                                testWith=""
                                type="string"/>
                     <parameter description="Data format for response. (Acceptable values are: &#34;json&#34;, &#34;media&#34;, &#34;proto&#34;)"
                                label="alt"
                                name="alt"
                                required="false"
                                testWith=""
                                type="string"/>
                     <parameter description="OAuth access token."
                                label="access_token"
                                name="access_token"
                                required="false"
                                testWith=""
                                type="string"/>
                     <parameter description="API key. Your API key identifies your project and provides you with API access, quota, and reports. Required unless you provide an OAuth 2.0 token."
                                label="key"
                                name="key"
                                required="false"
                                testWith=""
                                type="string"/>
                     <parameter description="Upload protocol for media (e.g. &#34;raw&#34;, &#34;multipart&#34;)."
                                label="upload_protocol"
                                name="upload_protocol"
                                required="false"
                                testWith=""
                                type="string"/>
                     <parameter description="Available to use for quota purposes for server-side applications. Can be any arbitrary string assigned to a user, but should not exceed 40 characters."
                                label="quotaUser"
                                name="quotaUser"
                                required="false"
                                testWith=""
                                type="string"/>
                     <parameter description="Returns response with indentations and line breaks."
                                label="prettyPrint"
                                name="prettyPrint"
                                required="false"
                                testWith=""
                                type="boolean"/>
                  </input>
                  <binding>
                     <restSimpleBinding multiUsing="semicolonSeparated"
                                        url="https://{$hostName}/v1beta1/{$SC__namePathParam}"
                                        verb="GET">
                        <httpHeaders>
                           <header name="Content-Type">application/json</header>
                           <header name="Accept">application/json</header>
                        </httpHeaders>
                     </restSimpleBinding>
                  </binding>
                  <output>
                     <field description=""
                            entireResponse="true"
                            name="Job"
                            type="reference">
                        <options>
                           <option name="referenceTo">Job</option>
                        </options>
                     </field>
                  </output>
               </action>
               <action category="jobs"
                       failOnError="true"
                       forSearch="false"
                       label="V1beta1ByNameDelete"
                       maxRedirects="100"
                       name="V1beta1ByNameDelete"
                       preemptiveAuth="true"
                       responseEncoding="">
                  <description>DeleteV1beta1ByName. Deletes a job.</description>
                  <input>
                     <parameter description="Selector specifying which fields to include in a partial response."
                                label="fields"
                                name="fields"
                                required="false"
                                testWith=""
                                type="string"/>
                     <parameter description="Legacy upload protocol for media (e.g. &#34;media&#34;, &#34;multipart&#34;)."
                                label="uploadType"
                                name="uploadType"
                                required="false"
                                testWith=""
                                type="string"/>
                     <parameter description="JSONP"
                                label="callback"
                                name="callback"
                                required="false"
                                testWith=""
                                type="string"/>
                     <parameter description="OAuth 2.0 token for the current user."
                                label="oauth_token"
                                name="oauth_token"
                                required="false"
                                testWith=""
                                type="string"/>
                     <parameter description="V1 error format. (Acceptable values are: &#34;1&#34;, &#34;2&#34;)"
                                label="$.xgafv"
                                name="$.xgafv"
                                required="false"
                                testWith=""
                                type="string"/>
                     <parameter description="Data format for response. (Acceptable values are: &#34;json&#34;, &#34;media&#34;, &#34;proto&#34;)"
                                label="alt"
                                name="alt"
                                required="false"
                                testWith=""
                                type="string"/>
                     <parameter description="OAuth access token."
                                label="access_token"
                                name="access_token"
                                required="false"
                                testWith=""
                                type="string"/>
                     <parameter description="API key. Your API key identifies your project and provides you with API access, quota, and reports. Required unless you provide an OAuth 2.0 token."
                                label="key"
                                name="key"
                                required="false"
                                testWith=""
                                type="string"/>
                     <parameter description="Upload protocol for media (e.g. &#34;raw&#34;, &#34;multipart&#34;)."
                                label="upload_protocol"
                                name="upload_protocol"
                                required="false"
                                testWith=""
                                type="string"/>
                     <parameter description="Available to use for quota purposes for server-side applications. Can be any arbitrary string assigned to a user, but should not exceed 40 characters."
                                label="quotaUser"
                                name="quotaUser"
                                required="false"
                                testWith=""
                                type="string"/>
                     <parameter description="Returns response with indentations and line breaks."
                                label="prettyPrint"
                                name="prettyPrint"
                                required="false"
                                testWith=""
                                type="boolean"/>
                  </input>
                  <binding>
                     <restSimpleBinding multiUsing="semicolonSeparated"
                                        url="https://{$hostName}/v1beta1/{$SC__namePathParam}"
                                        verb="DELETE">
                        <httpHeaders>
                           <header name="Content-Type">application/json</header>
                           <header name="Accept">application/json</header>
                        </httpHeaders>
                     </restSimpleBinding>
                  </binding>
                  <output/>
               </action>
               <action category="jobs"
                       failOnError="true"
                       forSearch="false"
                       label="V1beta1PauseByNamePost"
                       maxRedirects="100"
                       name="V1beta1PauseByNamePost"
                       preemptiveAuth="true"
                       responseEncoding="">
                  <description>PauseV1beta1PauseByName. Pauses a job. If a job is paused then the system will stop executing the job until it is re-enabled via ResumeJob. The state of the job is stored in state; if paused it will be set to Job.State.PAUSED. A job must be in Job.State.ENABLED to be paused.</description>
                  <input>
                     <parameter label="body"
                                name="body"
                                required="true"
                                testWith=""
                                type="reference">
                        <options>
                           <option name="referenceTo"/>
                        </options>
                     </parameter>
                     <parameter description="Selector specifying which fields to include in a partial response."
                                label="fields"
                                name="fields"
                                required="false"
                                testWith=""
                                type="string"/>
                     <parameter description="Legacy upload protocol for media (e.g. &#34;media&#34;, &#34;multipart&#34;)."
                                label="uploadType"
                                name="uploadType"
                                required="false"
                                testWith=""
                                type="string"/>
                     <parameter description="JSONP"
                                label="callback"
                                name="callback"
                                required="false"
                                testWith=""
                                type="string"/>
                     <parameter description="OAuth 2.0 token for the current user."
                                label="oauth_token"
                                name="oauth_token"
                                required="false"
                                testWith=""
                                type="string"/>
                     <parameter description="V1 error format. (Acceptable values are: &#34;1&#34;, &#34;2&#34;)"
                                label="$.xgafv"
                                name="$.xgafv"
                                required="false"
                                testWith=""
                                type="string"/>
                     <parameter description="Data format for response. (Acceptable values are: &#34;json&#34;, &#34;media&#34;, &#34;proto&#34;)"
                                label="alt"
                                name="alt"
                                required="false"
                                testWith=""
                                type="string"/>
                     <parameter description="OAuth access token."
                                label="access_token"
                                name="access_token"
                                required="false"
                                testWith=""
                                type="string"/>
                     <parameter description="API key. Your API key identifies your project and provides you with API access, quota, and reports. Required unless you provide an OAuth 2.0 token."
                                label="key"
                                name="key"
                                required="false"
                                testWith=""
                                type="string"/>
                     <parameter description="Upload protocol for media (e.g. &#34;raw&#34;, &#34;multipart&#34;)."
                                label="upload_protocol"
                                name="upload_protocol"
                                required="false"
                                testWith=""
                                type="string"/>
                     <parameter description="Available to use for quota purposes for server-side applications. Can be any arbitrary string assigned to a user, but should not exceed 40 characters."
                                label="quotaUser"
                                name="quotaUser"
                                required="false"
                                testWith=""
                                type="string"/>
                     <parameter description="Returns response with indentations and line breaks."
                                label="prettyPrint"
                                name="prettyPrint"
                                required="false"
                                testWith=""
                                type="boolean"/>
                  </input>
                  <binding>
                     <restSimpleBinding multiUsing="semicolonSeparated"
                                        url="https://{$hostName}/v1beta1/{$SC__namePathParam}:pause"
                                        verb="POST">
                        <httpHeaders>
                           <header name="Content-Type">application/json</header>
                           <header name="Accept">application/json</header>
                        </httpHeaders>
                        <body generateUsing="UnwrappedJSON" preserveJsonStringFormatting="false"/>
                     </restSimpleBinding>
                  </binding>
                  <output>
                     <field description=""
                            entireResponse="true"
                            name="Job"
                            type="reference">
                        <options>
                           <option name="referenceTo">Job</option>
                        </options>
                     </field>
                  </output>
               </action>
               <action category="jobs"
                       failOnError="true"
                       forSearch="false"
                       label="V1beta1RunByNamePost"
                       maxRedirects="100"
                       name="V1beta1RunByNamePost"
                       preemptiveAuth="true"
                       responseEncoding="">
                  <description>RunV1beta1RunByName. Forces a job to run now. When this method is called, Cloud Scheduler will dispatch the job, even if the job is already running.</description>
                  <input>
                     <parameter label="body"
                                name="body"
                                required="true"
                                testWith=""
                                type="reference">
                        <options>
                           <option name="referenceTo"/>
                        </options>
                     </parameter>
                     <parameter description="Selector specifying which fields to include in a partial response."
                                label="fields"
                                name="fields"
                                required="false"
                                testWith=""
                                type="string"/>
                     <parameter description="Legacy upload protocol for media (e.g. &#34;media&#34;, &#34;multipart&#34;)."
                                label="uploadType"
                                name="uploadType"
                                required="false"
                                testWith=""
                                type="string"/>
                     <parameter description="JSONP"
                                label="callback"
                                name="callback"
                                required="false"
                                testWith=""
                                type="string"/>
                     <parameter description="OAuth 2.0 token for the current user."
                                label="oauth_token"
                                name="oauth_token"
                                required="false"
                                testWith=""
                                type="string"/>
                     <parameter description="V1 error format. (Acceptable values are: &#34;1&#34;, &#34;2&#34;)"
                                label="$.xgafv"
                                name="$.xgafv"
                                required="false"
                                testWith=""
                                type="string"/>
                     <parameter description="Data format for response. (Acceptable values are: &#34;json&#34;, &#34;media&#34;, &#34;proto&#34;)"
                                label="alt"
                                name="alt"
                                required="false"
                                testWith=""
                                type="string"/>
                     <parameter description="OAuth access token."
                                label="access_token"
                                name="access_token"
                                required="false"
                                testWith=""
                                type="string"/>
                     <parameter description="API key. Your API key identifies your project and provides you with API access, quota, and reports. Required unless you provide an OAuth 2.0 token."
                                label="key"
                                name="key"
                                required="false"
                                testWith=""
                                type="string"/>
                     <parameter description="Upload protocol for media (e.g. &#34;raw&#34;, &#34;multipart&#34;)."
                                label="upload_protocol"
                                name="upload_protocol"
                                required="false"
                                testWith=""
                                type="string"/>
                     <parameter description="Available to use for quota purposes for server-side applications. Can be any arbitrary string assigned to a user, but should not exceed 40 characters."
                                label="quotaUser"
                                name="quotaUser"
                                required="false"
                                testWith=""
                                type="string"/>
                     <parameter description="Returns response with indentations and line breaks."
                                label="prettyPrint"
                                name="prettyPrint"
                                required="false"
                                testWith=""
                                type="boolean"/>
                  </input>
                  <binding>
                     <restSimpleBinding multiUsing="semicolonSeparated"
                                        url="https://{$hostName}/v1beta1/{$SC__namePathParam}:run"
                                        verb="POST">
                        <httpHeaders>
                           <header name="Content-Type">application/json</header>
                           <header name="Accept">application/json</header>
                        </httpHeaders>
                        <body generateUsing="UnwrappedJSON" preserveJsonStringFormatting="false"/>
                     </restSimpleBinding>
                  </binding>
                  <output>
                     <field description=""
                            entireResponse="true"
                            name="Job"
                            type="reference">
                        <options>
                           <option name="referenceTo">Job</option>
                        </options>
                     </field>
                  </output>
               </action>
               <action category="locations"
                       failOnError="true"
                       forSearch="false"
                       label="V1beta1LocationsByNameGet"
                       maxRedirects="100"
                       name="V1beta1LocationsByNameGet"
                       preemptiveAuth="true"
                       responseEncoding="">
                  <description>ListV1beta1LocationsByName. Lists information about the supported locations for this service.</description>
                  <input>
                     <parameter description="Selector specifying which fields to include in a partial response."
                                label="fields"
                                name="fields"
                                required="false"
                                testWith=""
                                type="string"/>
                     <parameter description="Legacy upload protocol for media (e.g. &#34;media&#34;, &#34;multipart&#34;)."
                                label="uploadType"
                                name="uploadType"
                                required="false"
                                testWith=""
                                type="string"/>
                     <parameter description="JSONP"
                                label="callback"
                                name="callback"
                                required="false"
                                testWith=""
                                type="string"/>
                     <parameter description="OAuth 2.0 token for the current user."
                                label="oauth_token"
                                name="oauth_token"
                                required="false"
                                testWith=""
                                type="string"/>
                     <parameter description="V1 error format. (Acceptable values are: &#34;1&#34;, &#34;2&#34;)"
                                label="$.xgafv"
                                name="$.xgafv"
                                required="false"
                                testWith=""
                                type="string"/>
                     <parameter description="Data format for response. (Acceptable values are: &#34;json&#34;, &#34;media&#34;, &#34;proto&#34;)"
                                label="alt"
                                name="alt"
                                required="false"
                                testWith=""
                                type="string"/>
                     <parameter description="OAuth access token."
                                label="access_token"
                                name="access_token"
                                required="false"
                                testWith=""
                                type="string"/>
                     <parameter description="API key. Your API key identifies your project and provides you with API access, quota, and reports. Required unless you provide an OAuth 2.0 token."
                                label="key"
                                name="key"
                                required="false"
                                testWith=""
                                type="string"/>
                     <parameter description="Upload protocol for media (e.g. &#34;raw&#34;, &#34;multipart&#34;)."
                                label="upload_protocol"
                                name="upload_protocol"
                                required="false"
                                testWith=""
                                type="string"/>
                     <parameter description="Available to use for quota purposes for server-side applications. Can be any arbitrary string assigned to a user, but should not exceed 40 characters."
                                label="quotaUser"
                                name="quotaUser"
                                required="false"
                                testWith=""
                                type="string"/>
                     <parameter description="Returns response with indentations and line breaks."
                                label="prettyPrint"
                                name="prettyPrint"
                                required="false"
                                testWith=""
                                type="boolean"/>
                     <parameter description="The standard list page token."
                                label="pageToken"
                                name="pageToken"
                                required="false"
                                testWith=""
                                type="string"/>
                     <parameter description="The standard list page size."
                                label="pageSize"
                                name="pageSize"
                                required="false"
                                testWith=""
                                type="int"/>
                     <parameter description="The standard list filter."
                                label="filter"
                                name="filter"
                                required="false"
                                testWith=""
                                type="string"/>
                  </input>
                  <binding>
                     <restSimpleBinding multiUsing="semicolonSeparated"
                                        url="https://{$hostName}/v1beta1/{$SC__namePathParam}/locations"
                                        verb="GET">
                        <httpHeaders>
                           <header name="Content-Type">application/json</header>
                           <header name="Accept">application/json</header>
                        </httpHeaders>
                     </restSimpleBinding>
                  </binding>
                  <output>
                     <field description=""
                            entireResponse="true"
                            name="ListLocationsResponse"
                            type="reference">
                        <options>
                           <option name="referenceTo">ListLocationsResponse</option>
                        </options>
                     </field>
                  </output>
               </action>
            </actions>
            <objects>
               <processObject xmlns="http://schemas.active-endpoints.com/appmodules/screenflow/2011/06/avosHostEnvironment.xsd"
                              isByCopy="true"
                              name="PubsubTarget">
                  <description>Pub/Sub target. The job will be delivered by publishing a message to
the given Pub/Sub topic.</description>
                  <detail>
                     <field name="data" type="string"/>
                     <field name="topicName" type="string"/>
                     <field name="attributes" type="object"/>
                  </detail>
               </processObject>
               <processObject xmlns="http://schemas.active-endpoints.com/appmodules/screenflow/2011/06/avosHostEnvironment.xsd"
                              isByCopy="true"
                              name="Status">
                  <description>Output only. The response from the target for the last attempted execution.</description>
                  <detail>
                     <field name="code" type="int"/>
                     <field name="details" type="object"/>
                     <field name="message" type="string"/>
                  </detail>
               </processObject>
               <processObject xmlns="http://schemas.active-endpoints.com/appmodules/screenflow/2011/06/avosHostEnvironment.xsd"
                              isByCopy="true"
                              name="ListLocationsResponse">
                  <description>The response message for Locations.ListLocations.</description>
                  <detail>
                     <field name="nextPageToken" type="string"/>
                     <field name="locations" type="objectlist">
                        <options>
                           <option name="referenceTo">Location</option>
                           <option name="relationshipName">Child</option>
                        </options>
                     </field>
                  </detail>
               </processObject>
               <processObject xmlns="http://schemas.active-endpoints.com/appmodules/screenflow/2011/06/avosHostEnvironment.xsd"
                              isByCopy="true"
                              name="AppEngineRouting">
                  <description>App Engine Routing.

For more information about services, versions, and instances see
[An Overview of App Engine](https://cloud.google.com/appengine/docs/python/an-overview-of-app-engine),
[Microservices Architecture on Google App Engine](https://cloud.google.com/appengine/docs/python/microservices-on-app-engine),
[App Engine Standard request routing](https://cloud.google.com/appengine/docs/standard/python/how-requests-are-routed), and
[App Engine Flex request routing](https://cloud.google.com/appengine/docs/flexible/python/how-requests-are-routed).</description>
                  <detail>
                     <field name="instance" type="string"/>
                     <field name="service" type="string"/>
                     <field name="host" type="string"/>
                     <field name="version" type="string"/>
                  </detail>
               </processObject>
               <processObject xmlns="http://schemas.active-endpoints.com/appmodules/screenflow/2011/06/avosHostEnvironment.xsd"
                              isByCopy="true"
                              name="AppEngineHttpTarget">
                  <description>App Engine HTTP target.</description>
                  <detail>
                     <field name="appEngineRouting" type="object"/>
                     <field name="headers" type="object"/>
                     <field name="httpMethod" type="reference">
                        <options>
                           <option name="referenceTo">HttpMethod1</option>
                           <option name="relationshipName">Child</option>
                        </options>
                     </field>
                     <field name="body" type="string"/>
                     <field name="relativeUri" type="string"/>
                  </detail>
               </processObject>
               <processObject xmlns="http://schemas.active-endpoints.com/appmodules/screenflow/2011/06/avosHostEnvironment.xsd"
                              isByCopy="true"
                              name="HttpMethod1">
                  <description>The HTTP method to use for the request. PATCH and OPTIONS are not
permitted.</description>
                  <detail/>
               </processObject>
               <processObject xmlns="http://schemas.active-endpoints.com/appmodules/screenflow/2011/06/avosHostEnvironment.xsd"
                              isByCopy="true"
                              name="ListJobsResponse">
                  <description>Response message for listing jobs using ListJobs.</description>
                  <detail>
                     <field name="nextPageToken" type="string"/>
                     <field name="jobs" type="objectlist">
                        <options>
                           <option name="referenceTo">Job</option>
                           <option name="relationshipName">Child</option>
                        </options>
                     </field>
                  </detail>
               </processObject>
               <processObject xmlns="http://schemas.active-endpoints.com/appmodules/screenflow/2011/06/avosHostEnvironment.xsd"
                              isByCopy="true"
                              name="PubsubMessage">
                  <description>A message that is published by publishers and consumed by subscribers. The
message must contain either a non-empty data field or at least one attribute.
Note that client libraries represent this object differently
depending on the language. See the corresponding
&lt;a href="https://cloud.google.com/pubsub/docs/reference/libraries"&gt;client
library documentation&lt;/a&gt; for more information. See
&lt;a href="https://cloud.google.com/pubsub/quotas"&gt;Quotas and limits&lt;/a&gt;
for more information about message limits.</description>
                  <detail>
                     <field name="publishTime" type="string"/>
                     <field name="data" type="string"/>
                     <field name="messageId" type="string"/>
                     <field name="attributes" type="object"/>
                  </detail>
               </processObject>
               <processObject xmlns="http://schemas.active-endpoints.com/appmodules/screenflow/2011/06/avosHostEnvironment.xsd"
                              isByCopy="true"
                              name="RetryConfig">
                  <description>Settings that determine the retry behavior.</description>
                  <detail>
                     <field name="retryCount" type="int"/>
                     <field name="minBackoffDuration" type="string"/>
                     <field name="maxRetryDuration" type="string"/>
                     <field name="maxBackoffDuration" type="string"/>
                     <field name="maxDoublings" type="int"/>
                  </detail>
               </processObject>
               <processObject xmlns="http://schemas.active-endpoints.com/appmodules/screenflow/2011/06/avosHostEnvironment.xsd"
                              isByCopy="true"
                              name="HttpTarget">
                  <description>HTTP target.</description>
                  <detail>
                     <field name="headers" type="object"/>
                     <field name="httpMethod" type="reference">
                        <options>
                           <option name="referenceTo">HttpMethod</option>
                           <option name="relationshipName">Child</option>
                        </options>
                     </field>
                     <field name="body" type="string"/>
                     <field name="uri" type="string"/>
                  </detail>
               </processObject>
               <processObject xmlns="http://schemas.active-endpoints.com/appmodules/screenflow/2011/06/avosHostEnvironment.xsd"
                              isByCopy="true"
                              name="State">
                  <description>Output only. State of the job.</description>
                  <detail/>
               </processObject>
               <processObject xmlns="http://schemas.active-endpoints.com/appmodules/screenflow/2011/06/avosHostEnvironment.xsd"
                              isByCopy="true"
                              name="Job">
                  <description>Configuration for a job.
The maximum allowed size for a job is 100KB.</description>
                  <detail>
                     <field name="scheduleTime" type="string"/>
                     <field name="httpTarget" type="reference">
                        <options>
                           <option name="referenceTo">HttpTarget</option>
                           <option name="relationshipName">Child</option>
                        </options>
                     </field>
                     <field name="retryConfig" type="reference">
                        <options>
                           <option name="referenceTo">RetryConfig</option>
                           <option name="relationshipName">Child</option>
                        </options>
                     </field>
                     <field name="timeZone" type="string"/>
                     <field name="description" type="string"/>
                     <field name="schedule" type="string"/>
                     <field name="lastAttemptTime" type="string"/>
                     <field name="userUpdateTime" type="string"/>
                     <field name="name" type="string"/>
                     <field name="appEngineHttpTarget" type="reference">
                        <options>
                           <option name="referenceTo">AppEngineHttpTarget</option>
                           <option name="relationshipName">Child</option>
                        </options>
                     </field>
                     <field name="state" type="reference">
                        <options>
                           <option name="referenceTo">State</option>
                           <option name="relationshipName">Child</option>
                        </options>
                     </field>
                     <field name="pubsubTarget" type="reference">
                        <options>
                           <option name="referenceTo">PubsubTarget</option>
                           <option name="relationshipName">Child</option>
                        </options>
                     </field>
                     <field name="status" type="reference">
                        <options>
                           <option name="referenceTo">Status</option>
                           <option name="relationshipName">Child</option>
                        </options>
                     </field>
                  </detail>
               </processObject>
               <processObject xmlns="http://schemas.active-endpoints.com/appmodules/screenflow/2011/06/avosHostEnvironment.xsd"
                              isByCopy="true"
                              name="HttpMethod">
                  <description>Which HTTP method to use for the request.</description>
                  <detail/>
               </processObject>
               <processObject xmlns="http://schemas.active-endpoints.com/appmodules/screenflow/2011/06/avosHostEnvironment.xsd"
                              isByCopy="true"
                              name="Location">
                  <description>A resource that represents Google Cloud Platform location.</description>
                  <detail>
                     <field name="metadata" type="object"/>
                     <field name="displayName" type="string"/>
                     <field name="locationId" type="string"/>
                     <field name="name" type="string"/>
                     <field name="labels" type="object"/>
                  </detail>
               </processObject>
               <processObject xmlns="http://schemas.active-endpoints.com/appmodules/screenflow/2011/06/avosHostEnvironment.xsd"
                              isByCopy="true"
                              name="string">
                  <description/>
                  <detail>
                     <field name="string" type="string"/>
                  </detail>
               </processObject>
               <processObject xmlns="http://schemas.active-endpoints.com/appmodules/screenflow/2011/06/avosHostEnvironment.xsd"
                              isByCopy="true"
                              name="boolean">
                  <description/>
                  <detail>
                     <field name="boolean" type="boolean"/>
                  </detail>
               </processObject>
               <processObject xmlns="http://schemas.active-endpoints.com/appmodules/screenflow/2011/06/avosHostEnvironment.xsd"
                              isByCopy="true"
                              name="double">
                  <description/>
                  <detail>
                     <field name="double" type="double"/>
                  </detail>
               </processObject>
               <processObject xmlns="http://schemas.active-endpoints.com/appmodules/screenflow/2011/06/avosHostEnvironment.xsd"
                              isByCopy="true"
                              name="integer">
                  <description/>
                  <detail>
                     <field name="integer" type="int"/>
                  </detail>
               </processObject>
            </objects>
         </businessConnector>
      </types1:Entry>
      <types1:GUID>62qmd3sMHnvioFqYGmQFEI</types1:GUID>
      <types1:DisplayName>Google Cloud Scheduler API v1beta1</types1:DisplayName>
   </types1:Item>
   <types1:CurrentServerDateTime>2019-02-28T08:49:48.037Z</types1:CurrentServerDateTime>
</aetgt:getResponse>
