<aetgt:getResponse xmlns:aetgt="http://schemas.active-endpoints.com/appmodules/repository/2010/10/avrepository.xsd"
                   xmlns:types1="http://schemas.active-endpoints.com/appmodules/repository/2010/10/avrepository.xsd">
   <types1:Item>
      <types1:EntryId>H0EKZhHwzZsMBw8-gt-3962746-2019-11-18T03:46:42.538Z::svc.xml</types1:EntryId>
      <types1:Name>SAP_S4HANA_Profit_Center_-_Read_-A2X-_API_v1</types1:Name>
      <types1:MimeType>application/xml+businesssconnector</types1:MimeType>
      <types1:Description>This service  enables you to read profit center master data in an  API call. It is based on the OData protocol and can  be consumed in Fiori apps and on other user  interfaces.</types1:Description>
      <types1:AppliesTo/>
      <types1:Tags/>
      <types1:VersionLabel>1.0</types1:VersionLabel>
      <types1:State>CURRENT</types1:State>
      <types1:ProcessGroup/>
      <types1:CreatedBy>sorabh@na1.dm-us.org</types1:CreatedBy>
      <types1:CreationDate>2019-11-18T03:46:43Z</types1:CreationDate>
      <types1:ModifiedBy/>
      <types1:PublicationStatus>published</types1:PublicationStatus>
      <types1:PublishedBy>sorabh@na1.dm-us.org</types1:PublishedBy>
      <types1:PublicationDate>2019-11-18T03:46:46Z</types1:PublicationDate>
      <types1:PublishedContributionId>project:/rt.connector/SAP_S4HANA_Profit_Center___Read__A2X__API_v1/SAP_S4HANA_Profit_Center___Read__A2X__API_v1_svcDef.xml</types1:PublishedContributionId>
      <types1:AutosaveExists>false</types1:AutosaveExists>
      <types1:Entry>
         <businessConnector xmlns="http://schemas.informatica.com/socrates/data-services/2014/05/business-connector-model.xsd"
                            agentOnly="false"
                            debug="false"
                            displayName="SAP S4HANA Profit Center - Read -A2X- API v1"
                            label=""
                            name="SAP_S4HANA_Profit_Center_-_Read_-A2X-_API_v1"
                            uuid="9e7d33d8-6a78-47e2-8f83-34e559a92826">
            <description>This service  enables you to read profit center master data in an  API call. It is based on the OData protocol and can  be consumed in Fiori apps and on other user  interfaces.</description>
            <tags/>
            <connectionAttributes xmlns="http://schemas.informatica.com/appmodules/screenflow/2014/04/avosConnectors.xsd">
               <connectionAttribute description="Host Name"
                                    masked="false"
                                    name="hostName"
                                    required="true"
                                    testWith="sandbox.api.sap.com"
                                    type="string"/>
               <connectionAttribute description="User Name"
                                    masked="false"
                                    name="username"
                                    required="true"
                                    testWith=""
                                    type="string"/>
               <connectionAttribute description="Password"
                                    masked="true"
                                    name="password"
                                    required="true"
                                    testWith=""
                                    type="string"/>
            </connectionAttributes>
            <actions>
               <action category="Batch Requests"
                       failOnError="true"
                       forSearch="false"
                       label="POST_batch"
                       maxRedirects="100"
                       name="POST_batch"
                       preemptiveAuth="true"
                       responseEncoding="">
                  <description>Send a group of requests. Group multiple requests into a single request payload, see [Batch Requests](https://help.sap.com/doc/5890d27be418427993fafa6722cdc03b/Cloud/en-US/OdataV2.pdf#page=152).</description>
                  <input>
                     <parameter description="Batch request"
                                label="requestBody"
                                name="requestBody"
                                required="false"
                                testWith=""
                                type="string"/>
                  </input>
                  <binding>
                     <restSimpleBinding multiUsing="semicolonSeparated"
                                        url="https://{$hostName}/s4hanacloud/sap/opu/odata/sap/API_PROFITCENTER_SRV/$batch"
                                        verb="POST">
                        <authentication>
                           <username>{$username}</username>
                           <password>{$password}</password>
                           <isExpressionInPassword>true</isExpressionInPassword>
                        </authentication>
                        <httpHeaders>
                           <header name="Content-Type">multipart/mixed;boundary=request-separator</header>
                           <header name="Accept">multipart/mixed</header>
                        </httpHeaders>
                        <body>{$requestBody}</body>
                     </restSimpleBinding>
                  </binding>
                  <output/>
               </action>
               <action category="A_ProfitCenter"
                       failOnError="true"
                       forSearch="false"
                       label="GET_A_ProfitCenter"
                       maxRedirects="100"
                       name="GET_A_ProfitCenter"
                       preemptiveAuth="true"
                       responseEncoding="">
                  <description>Get entities from A_ProfitCenter</description>
                  <input>
                     <parameter description="Show only the first n items, see [Paging - Top](https://help.sap.com/doc/5890d27be418427993fafa6722cdc03b/Cloud/en-US/OdataV2.pdf#page=66)"
                                label="$top"
                                name="$top"
                                required="false"
                                testWith=""
                                type="int"/>
                     <parameter description="Skip the first n items, see [Paging - Skip](https://help.sap.com/doc/5890d27be418427993fafa6722cdc03b/Cloud/en-US/OdataV2.pdf#page=65)"
                                label="$skip"
                                name="$skip"
                                required="false"
                                testWith=""
                                type="int"/>
                     <parameter description="Filter items by property values, see [Filtering](https://help.sap.com/doc/5890d27be418427993fafa6722cdc03b/Cloud/en-US/OdataV2.pdf#page=64)"
                                label="$filter"
                                name="$filter"
                                required="false"
                                testWith=""
                                type="string"/>
                     <parameter description="Include count of items, see [Inlinecount](https://help.sap.com/doc/5890d27be418427993fafa6722cdc03b/Cloud/en-US/OdataV2.pdf#page=67)"
                                label="$inlinecount"
                                name="$inlinecount"
                                required="false"
                                testWith=""
                                type="picklist">
                        <options>
                           <option name="values">[{"value":"allpages","label":"allpages"},{"value":"none","label":"none"}]</option>
                        </options>
                     </parameter>
                     <parameter description="Order items by property values, see [Sorting](https://help.sap.com/doc/5890d27be418427993fafa6722cdc03b/Cloud/en-US/OdataV2.pdf#page=65)"
                                label="$orderby"
                                name="$orderby"
                                required="false"
                                testWith=""
                                type="picklist">
                        <options>
                           <option name="values">[{"value":"ControllingArea","label":"ControllingArea"},{"value":"ControllingArea desc","label":"ControllingArea desc"},{"value":"ProfitCenter","label":"ProfitCenter"},{"value":"ProfitCenter desc","label":"ProfitCenter desc"},{"value":"ValidityEndDate","label":"ValidityEndDate"},{"value":"ValidityEndDate desc","label":"ValidityEndDate desc"},{"value":"ProfitCtrResponsiblePersonName","label":"ProfitCtrResponsiblePersonName"},{"value":"ProfitCtrResponsiblePersonName desc","label":"ProfitCtrResponsiblePersonName desc"},{"value":"CompanyCode","label":"CompanyCode"},{"value":"CompanyCode desc","label":"CompanyCode desc"},{"value":"ProfitCtrResponsibleUser","label":"ProfitCtrResponsibleUser"},{"value":"ProfitCtrResponsibleUser desc","label":"ProfitCtrResponsibleUser desc"},{"value":"ValidityStartDate","label":"ValidityStartDate"},{"value":"ValidityStartDate desc","label":"ValidityStartDate desc"},{"value":"Department","label":"Department"},{"value":"Department desc","label":"Department desc"},{"value":"ProfitCenterStandardHierarchy","label":"ProfitCenterStandardHierarchy"},{"value":"ProfitCenterStandardHierarchy desc","label":"ProfitCenterStandardHierarchy desc"},{"value":"Segment","label":"Segment"},{"value":"Segment desc","label":"Segment desc"},{"value":"ProfitCenterIsBlocked","label":"ProfitCenterIsBlocked"},{"value":"ProfitCenterIsBlocked desc","label":"ProfitCenterIsBlocked desc"},{"value":"FormulaPlanningTemplate","label":"FormulaPlanningTemplate"},{"value":"FormulaPlanningTemplate desc","label":"FormulaPlanningTemplate desc"},{"value":"FormOfAddress","label":"FormOfAddress"},{"value":"FormOfAddress desc","label":"FormOfAddress desc"},{"value":"AddressName","label":"AddressName"},{"value":"AddressName desc","label":"AddressName desc"},{"value":"AdditionalName","label":"AdditionalName"},{"value":"AdditionalName desc","label":"AdditionalName desc"},{"value":"ProfitCenterAddrName3","label":"ProfitCenterAddrName3"},{"value":"ProfitCenterAddrName3 desc","label":"ProfitCenterAddrName3 desc"},{"value":"ProfitCenterAddrName4","label":"ProfitCenterAddrName4"},{"value":"ProfitCenterAddrName4 desc","label":"ProfitCenterAddrName4 desc"},{"value":"StreetAddressName","label":"StreetAddressName"},{"value":"StreetAddressName desc","label":"StreetAddressName desc"},{"value":"POBox","label":"POBox"},{"value":"POBox desc","label":"POBox desc"},{"value":"CityName","label":"CityName"},{"value":"CityName desc","label":"CityName desc"},{"value":"PostalCode","label":"PostalCode"},{"value":"PostalCode desc","label":"PostalCode desc"},{"value":"District","label":"District"},{"value":"District desc","label":"District desc"},{"value":"Country","label":"Country"},{"value":"Country desc","label":"Country desc"},{"value":"Region","label":"Region"},{"value":"Region desc","label":"Region desc"},{"value":"TaxJurisdiction","label":"TaxJurisdiction"},{"value":"TaxJurisdiction desc","label":"TaxJurisdiction desc"},{"value":"Language","label":"Language"},{"value":"Language desc","label":"Language desc"},{"value":"PhoneNumber1","label":"PhoneNumber1"},{"value":"PhoneNumber1 desc","label":"PhoneNumber1 desc"},{"value":"PhoneNumber2","label":"PhoneNumber2"},{"value":"PhoneNumber2 desc","label":"PhoneNumber2 desc"},{"value":"TeleboxNumber","label":"TeleboxNumber"},{"value":"TeleboxNumber desc","label":"TeleboxNumber desc"},{"value":"TelexNumber","label":"TelexNumber"},{"value":"TelexNumber desc","label":"TelexNumber desc"},{"value":"FaxNumber","label":"FaxNumber"},{"value":"FaxNumber desc","label":"FaxNumber desc"},{"value":"DataCommunicationPhoneNumber","label":"DataCommunicationPhoneNumber"},{"value":"DataCommunicationPhoneNumber desc","label":"DataCommunicationPhoneNumber desc"},{"value":"ProfitCenterPrinterName","label":"ProfitCenterPrinterName"},{"value":"ProfitCenterPrinterName desc","label":"ProfitCenterPrinterName desc"},{"value":"ProfitCenterCreatedByUser","label":"ProfitCenterCreatedByUser"},{"value":"ProfitCenterCreatedByUser desc","label":"ProfitCenterCreatedByUser desc"},{"value":"ProfitCenterCreationDate","label":"ProfitCenterCreationDate"},{"value":"ProfitCenterCreationDate desc","label":"ProfitCenterCreationDate desc"}]</option>
                        </options>
                     </parameter>
                     <parameter description="Select properties to be returned, see [Select](https://help.sap.com/doc/5890d27be418427993fafa6722cdc03b/Cloud/en-US/OdataV2.pdf#page=68)"
                                label="$select"
                                name="$select"
                                required="false"
                                testWith=""
                                type="picklist">
                        <options>
                           <option name="values">[{"value":"ControllingArea","label":"ControllingArea"},{"value":"ProfitCenter","label":"ProfitCenter"},{"value":"ValidityEndDate","label":"ValidityEndDate"},{"value":"ProfitCtrResponsiblePersonName","label":"ProfitCtrResponsiblePersonName"},{"value":"CompanyCode","label":"CompanyCode"},{"value":"ProfitCtrResponsibleUser","label":"ProfitCtrResponsibleUser"},{"value":"ValidityStartDate","label":"ValidityStartDate"},{"value":"Department","label":"Department"},{"value":"ProfitCenterStandardHierarchy","label":"ProfitCenterStandardHierarchy"},{"value":"Segment","label":"Segment"},{"value":"ProfitCenterIsBlocked","label":"ProfitCenterIsBlocked"},{"value":"FormulaPlanningTemplate","label":"FormulaPlanningTemplate"},{"value":"FormOfAddress","label":"FormOfAddress"},{"value":"AddressName","label":"AddressName"},{"value":"AdditionalName","label":"AdditionalName"},{"value":"ProfitCenterAddrName3","label":"ProfitCenterAddrName3"},{"value":"ProfitCenterAddrName4","label":"ProfitCenterAddrName4"},{"value":"StreetAddressName","label":"StreetAddressName"},{"value":"POBox","label":"POBox"},{"value":"CityName","label":"CityName"},{"value":"PostalCode","label":"PostalCode"},{"value":"District","label":"District"},{"value":"Country","label":"Country"},{"value":"Region","label":"Region"},{"value":"TaxJurisdiction","label":"TaxJurisdiction"},{"value":"Language","label":"Language"},{"value":"PhoneNumber1","label":"PhoneNumber1"},{"value":"PhoneNumber2","label":"PhoneNumber2"},{"value":"TeleboxNumber","label":"TeleboxNumber"},{"value":"TelexNumber","label":"TelexNumber"},{"value":"FaxNumber","label":"FaxNumber"},{"value":"DataCommunicationPhoneNumber","label":"DataCommunicationPhoneNumber"},{"value":"ProfitCenterPrinterName","label":"ProfitCenterPrinterName"},{"value":"ProfitCenterCreatedByUser","label":"ProfitCenterCreatedByUser"},{"value":"ProfitCenterCreationDate","label":"ProfitCenterCreationDate"},{"value":"to_Text","label":"to_Text"}]</option>
                        </options>
                     </parameter>
                     <parameter description="Expand related entities, see [Expand](https://help.sap.com/doc/5890d27be418427993fafa6722cdc03b/Cloud/en-US/OdataV2.pdf#page=63)"
                                label="$expand"
                                name="$expand"
                                required="false"
                                testWith=""
                                type="picklist">
                        <options>
                           <option name="values">[{"value":"to_Text","label":"to_Text"}]</option>
                        </options>
                     </parameter>
                  </input>
                  <binding>
                     <restSimpleBinding multiUsing="semicolonSeparated"
                                        url="https://{$hostName}/s4hanacloud/sap/opu/odata/sap/API_PROFITCENTER_SRV/A_ProfitCenter"
                                        verb="GET">
                        <authentication>
                           <username>{$username}</username>
                           <password>{$password}</password>
                           <isExpressionInPassword>true</isExpressionInPassword>
                        </authentication>
                        <httpHeaders>
                           <header name="Content-Type">application/json</header>
                           <header name="Accept">application/json</header>
                        </httpHeaders>
                     </restSimpleBinding>
                  </binding>
                  <output>
                     <field description="Retrieved entities"
                            entireResponse="true"
                            name="entireResponse"
                            type="object"/>
                  </output>
               </action>
               <action category="A_ProfitCenterText"
                       failOnError="true"
                       forSearch="false"
                       label="GET_A_ProfitCenterText"
                       maxRedirects="100"
                       name="GET_A_ProfitCenterText"
                       preemptiveAuth="true"
                       responseEncoding="">
                  <description>Get entities from A_ProfitCenterText</description>
                  <input>
                     <parameter description="Show only the first n items, see [Paging - Top](https://help.sap.com/doc/5890d27be418427993fafa6722cdc03b/Cloud/en-US/OdataV2.pdf#page=66)"
                                label="$top"
                                name="$top"
                                required="false"
                                testWith=""
                                type="int"/>
                     <parameter description="Skip the first n items, see [Paging - Skip](https://help.sap.com/doc/5890d27be418427993fafa6722cdc03b/Cloud/en-US/OdataV2.pdf#page=65)"
                                label="$skip"
                                name="$skip"
                                required="false"
                                testWith=""
                                type="int"/>
                     <parameter description="Filter items by property values, see [Filtering](https://help.sap.com/doc/5890d27be418427993fafa6722cdc03b/Cloud/en-US/OdataV2.pdf#page=64)"
                                label="$filter"
                                name="$filter"
                                required="false"
                                testWith=""
                                type="string"/>
                     <parameter description="Include count of items, see [Inlinecount](https://help.sap.com/doc/5890d27be418427993fafa6722cdc03b/Cloud/en-US/OdataV2.pdf#page=67)"
                                label="$inlinecount"
                                name="$inlinecount"
                                required="false"
                                testWith=""
                                type="picklist">
                        <options>
                           <option name="values">[{"value":"allpages","label":"allpages"},{"value":"none","label":"none"}]</option>
                        </options>
                     </parameter>
                     <parameter description="Order items by property values, see [Sorting](https://help.sap.com/doc/5890d27be418427993fafa6722cdc03b/Cloud/en-US/OdataV2.pdf#page=65)"
                                label="$orderby"
                                name="$orderby"
                                required="false"
                                testWith=""
                                type="picklist">
                        <options>
                           <option name="values">[{"value":"Language","label":"Language"},{"value":"Language desc","label":"Language desc"},{"value":"ControllingArea","label":"ControllingArea"},{"value":"ControllingArea desc","label":"ControllingArea desc"},{"value":"ProfitCenter","label":"ProfitCenter"},{"value":"ProfitCenter desc","label":"ProfitCenter desc"},{"value":"ValidityEndDate","label":"ValidityEndDate"},{"value":"ValidityEndDate desc","label":"ValidityEndDate desc"},{"value":"ValidityStartDate","label":"ValidityStartDate"},{"value":"ValidityStartDate desc","label":"ValidityStartDate desc"},{"value":"ProfitCenterName","label":"ProfitCenterName"},{"value":"ProfitCenterName desc","label":"ProfitCenterName desc"},{"value":"ProfitCenterLongName","label":"ProfitCenterLongName"},{"value":"ProfitCenterLongName desc","label":"ProfitCenterLongName desc"}]</option>
                        </options>
                     </parameter>
                     <parameter description="Select properties to be returned, see [Select](https://help.sap.com/doc/5890d27be418427993fafa6722cdc03b/Cloud/en-US/OdataV2.pdf#page=68)"
                                label="$select"
                                name="$select"
                                required="false"
                                testWith=""
                                type="picklist">
                        <options>
                           <option name="values">[{"value":"Language","label":"Language"},{"value":"ControllingArea","label":"ControllingArea"},{"value":"ProfitCenter","label":"ProfitCenter"},{"value":"ValidityEndDate","label":"ValidityEndDate"},{"value":"ValidityStartDate","label":"ValidityStartDate"},{"value":"ProfitCenterName","label":"ProfitCenterName"},{"value":"ProfitCenterLongName","label":"ProfitCenterLongName"},{"value":"to_ProfitCenter","label":"to_ProfitCenter"}]</option>
                        </options>
                     </parameter>
                     <parameter description="Expand related entities, see [Expand](https://help.sap.com/doc/5890d27be418427993fafa6722cdc03b/Cloud/en-US/OdataV2.pdf#page=63)"
                                label="$expand"
                                name="$expand"
                                required="false"
                                testWith=""
                                type="picklist">
                        <options>
                           <option name="values">[{"value":"to_ProfitCenter","label":"to_ProfitCenter"}]</option>
                        </options>
                     </parameter>
                  </input>
                  <binding>
                     <restSimpleBinding multiUsing="semicolonSeparated"
                                        url="https://{$hostName}/s4hanacloud/sap/opu/odata/sap/API_PROFITCENTER_SRV/A_ProfitCenterText"
                                        verb="GET">
                        <authentication>
                           <username>{$username}</username>
                           <password>{$password}</password>
                           <isExpressionInPassword>true</isExpressionInPassword>
                        </authentication>
                        <httpHeaders>
                           <header name="Content-Type">application/json</header>
                           <header name="Accept">application/json</header>
                        </httpHeaders>
                     </restSimpleBinding>
                  </binding>
                  <output>
                     <field description="Retrieved entities"
                            entireResponse="true"
                            name="entireResponse"
                            type="object"/>
                  </output>
               </action>
               <action category="A_ProfitCenterText"
                       failOnError="true"
                       forSearch="false"
                       label="GET_A_ProfitCenterText_Language_Language_ControllingArea_ControllingArea_ProfitCenter_ProfitCenter_ValidityEndDate_ValidityEndDate_to_ProfitCenter"
                       maxRedirects="100"
                       name="GET_A_ProfitCenterText_Language_Language_ControllingArea_ControllingArea_ProfitCenter_ProfitCenter_ValidityEndDate_ValidityEndDate_to_ProfitCenter"
                       preemptiveAuth="true"
                       responseEncoding="">
                  <description>Get related to_ProfitCenter</description>
                  <input>
                     <parameter description="Select properties to be returned, see [Select](https://help.sap.com/doc/5890d27be418427993fafa6722cdc03b/Cloud/en-US/OdataV2.pdf#page=68)"
                                label="$select"
                                name="$select"
                                required="false"
                                testWith=""
                                type="picklist">
                        <options>
                           <option name="values">[{"value":"ControllingArea","label":"ControllingArea"},{"value":"ProfitCenter","label":"ProfitCenter"},{"value":"ValidityEndDate","label":"ValidityEndDate"},{"value":"ProfitCtrResponsiblePersonName","label":"ProfitCtrResponsiblePersonName"},{"value":"CompanyCode","label":"CompanyCode"},{"value":"ProfitCtrResponsibleUser","label":"ProfitCtrResponsibleUser"},{"value":"ValidityStartDate","label":"ValidityStartDate"},{"value":"Department","label":"Department"},{"value":"ProfitCenterStandardHierarchy","label":"ProfitCenterStandardHierarchy"},{"value":"Segment","label":"Segment"},{"value":"ProfitCenterIsBlocked","label":"ProfitCenterIsBlocked"},{"value":"FormulaPlanningTemplate","label":"FormulaPlanningTemplate"},{"value":"FormOfAddress","label":"FormOfAddress"},{"value":"AddressName","label":"AddressName"},{"value":"AdditionalName","label":"AdditionalName"},{"value":"ProfitCenterAddrName3","label":"ProfitCenterAddrName3"},{"value":"ProfitCenterAddrName4","label":"ProfitCenterAddrName4"},{"value":"StreetAddressName","label":"StreetAddressName"},{"value":"POBox","label":"POBox"},{"value":"CityName","label":"CityName"},{"value":"PostalCode","label":"PostalCode"},{"value":"District","label":"District"},{"value":"Country","label":"Country"},{"value":"Region","label":"Region"},{"value":"TaxJurisdiction","label":"TaxJurisdiction"},{"value":"Language","label":"Language"},{"value":"PhoneNumber1","label":"PhoneNumber1"},{"value":"PhoneNumber2","label":"PhoneNumber2"},{"value":"TeleboxNumber","label":"TeleboxNumber"},{"value":"TelexNumber","label":"TelexNumber"},{"value":"FaxNumber","label":"FaxNumber"},{"value":"DataCommunicationPhoneNumber","label":"DataCommunicationPhoneNumber"},{"value":"ProfitCenterPrinterName","label":"ProfitCenterPrinterName"},{"value":"ProfitCenterCreatedByUser","label":"ProfitCenterCreatedByUser"},{"value":"ProfitCenterCreationDate","label":"ProfitCenterCreationDate"},{"value":"to_Text","label":"to_Text"}]</option>
                        </options>
                     </parameter>
                     <parameter description="Expand related entities, see [Expand](https://help.sap.com/doc/5890d27be418427993fafa6722cdc03b/Cloud/en-US/OdataV2.pdf#page=63)"
                                label="$expand"
                                name="$expand"
                                required="false"
                                testWith=""
                                type="picklist">
                        <options>
                           <option name="values">[{"value":"to_Text","label":"to_Text"}]</option>
                        </options>
                     </parameter>
                     <parameter description="The language key indicates  &#xA;- the language in which texts are displayed,- the language in which you enter texts,- the language in which the system prints texts."
                                label="LanguagePathParam"
                                name="LanguagePathParam"
                                nogen="true"
                                required="true"
                                testWith=""
                                type="string"/>
                     <parameter description="Uniquely identifies a controlling area.  &#xA;The controlling area is the highest organizational unit in Controlling.Whether controlling area and company code are in a 1:1 relationship or a 1:n relationship, the number of posting periods in both controlling area and company code(s) must be identical. However, special periods may vary."
                                label="ControllingAreaPathParam"
                                name="ControllingAreaPathParam"
                                nogen="true"
                                required="true"
                                testWith=""
                                type="string"/>
                     <parameter description="Key which together with the controlling area uniquely identifies a profit center."
                                label="ProfitCenterPathParam"
                                name="ProfitCenterPathParam"
                                nogen="true"
                                required="true"
                                testWith=""
                                type="string"/>
                     <parameter description="Valid To Date  &#xA;Date indicating up to when an entry is valid."
                                label="ValidityEndDatePathParam"
                                name="ValidityEndDatePathParam"
                                nogen="true"
                                required="true"
                                testWith=""
                                type="string"/>
                  </input>
                  <binding>
                     <restSimpleBinding multiUsing="semicolonSeparated"
                                        url="https://{$hostName}/s4hanacloud/sap/opu/odata/sap/API_PROFITCENTER_SRV/A_ProfitCenterText(Language='{$LanguagePathParam}',ControllingArea='{$ControllingAreaPathParam}',ProfitCenter='{$ProfitCenterPathParam}',ValidityEndDate={$ValidityEndDatePathParam})/to_ProfitCenter"
                                        verb="GET">
                        <authentication>
                           <username>{$username}</username>
                           <password>{$password}</password>
                           <isExpressionInPassword>true</isExpressionInPassword>
                        </authentication>
                        <httpHeaders>
                           <header name="Content-Type">application/json</header>
                           <header name="Accept">application/json</header>
                        </httpHeaders>
                     </restSimpleBinding>
                  </binding>
                  <output>
                     <field description="Retrieved entity"
                            entireResponse="true"
                            name="entireResponse"
                            type="object"/>
                  </output>
               </action>
               <action category="A_ProfitCenterText"
                       failOnError="true"
                       forSearch="false"
                       label="GET_A_ProfitCenterText_Language_Language_ControllingArea_ControllingArea_ProfitCenter_ProfitCenter_ValidityEndDate_ValidityEndDate_"
                       maxRedirects="100"
                       name="GET_A_ProfitCenterText_Language_Language_ControllingArea_ControllingArea_ProfitCenter_ProfitCenter_ValidityEndDate_ValidityEndDate_"
                       preemptiveAuth="true"
                       responseEncoding="">
                  <description>Get entity from A_ProfitCenterText by key</description>
                  <input>
                     <parameter description="Select properties to be returned, see [Select](https://help.sap.com/doc/5890d27be418427993fafa6722cdc03b/Cloud/en-US/OdataV2.pdf#page=68)"
                                label="$select"
                                name="$select"
                                required="false"
                                testWith=""
                                type="picklist">
                        <options>
                           <option name="values">[{"value":"Language","label":"Language"},{"value":"ControllingArea","label":"ControllingArea"},{"value":"ProfitCenter","label":"ProfitCenter"},{"value":"ValidityEndDate","label":"ValidityEndDate"},{"value":"ValidityStartDate","label":"ValidityStartDate"},{"value":"ProfitCenterName","label":"ProfitCenterName"},{"value":"ProfitCenterLongName","label":"ProfitCenterLongName"},{"value":"to_ProfitCenter","label":"to_ProfitCenter"}]</option>
                        </options>
                     </parameter>
                     <parameter description="Expand related entities, see [Expand](https://help.sap.com/doc/5890d27be418427993fafa6722cdc03b/Cloud/en-US/OdataV2.pdf#page=63)"
                                label="$expand"
                                name="$expand"
                                required="false"
                                testWith=""
                                type="picklist">
                        <options>
                           <option name="values">[{"value":"to_ProfitCenter","label":"to_ProfitCenter"}]</option>
                        </options>
                     </parameter>
                     <parameter description="The language key indicates  &#xA;- the language in which texts are displayed,- the language in which you enter texts,- the language in which the system prints texts."
                                label="LanguagePathParam"
                                name="LanguagePathParam"
                                nogen="true"
                                required="true"
                                testWith=""
                                type="string"/>
                     <parameter description="Uniquely identifies a controlling area.  &#xA;The controlling area is the highest organizational unit in Controlling.Whether controlling area and company code are in a 1:1 relationship or a 1:n relationship, the number of posting periods in both controlling area and company code(s) must be identical. However, special periods may vary."
                                label="ControllingAreaPathParam"
                                name="ControllingAreaPathParam"
                                nogen="true"
                                required="true"
                                testWith=""
                                type="string"/>
                     <parameter description="Key which together with the controlling area uniquely identifies a profit center."
                                label="ProfitCenterPathParam"
                                name="ProfitCenterPathParam"
                                nogen="true"
                                required="true"
                                testWith=""
                                type="string"/>
                     <parameter description="Valid To Date  &#xA;Date indicating up to when an entry is valid."
                                label="ValidityEndDatePathParam"
                                name="ValidityEndDatePathParam"
                                nogen="true"
                                required="true"
                                testWith=""
                                type="string"/>
                  </input>
                  <binding>
                     <restSimpleBinding multiUsing="semicolonSeparated"
                                        url="https://{$hostName}/s4hanacloud/sap/opu/odata/sap/API_PROFITCENTER_SRV/A_ProfitCenterText(Language='{$LanguagePathParam}',ControllingArea='{$ControllingAreaPathParam}',ProfitCenter='{$ProfitCenterPathParam}',ValidityEndDate={$ValidityEndDatePathParam})"
                                        verb="GET">
                        <authentication>
                           <username>{$username}</username>
                           <password>{$password}</password>
                           <isExpressionInPassword>true</isExpressionInPassword>
                        </authentication>
                        <httpHeaders>
                           <header name="Content-Type">application/json</header>
                           <header name="Accept">application/json</header>
                        </httpHeaders>
                     </restSimpleBinding>
                  </binding>
                  <output>
                     <field description="Retrieved entity"
                            entireResponse="true"
                            name="entireResponse"
                            type="object"/>
                  </output>
               </action>
               <action category="A_ProfitCenter"
                       failOnError="true"
                       forSearch="false"
                       label="GET_A_ProfitCenter_ControllingArea_ControllingArea_ProfitCenter_ProfitCenter_ValidityEndDate_ValidityEndDate_"
                       maxRedirects="100"
                       name="GET_A_ProfitCenter_ControllingArea_ControllingArea_ProfitCenter_ProfitCenter_ValidityEndDate_ValidityEndDate_"
                       preemptiveAuth="true"
                       responseEncoding="">
                  <description>Get entity from A_ProfitCenter by key</description>
                  <input>
                     <parameter description="Select properties to be returned, see [Select](https://help.sap.com/doc/5890d27be418427993fafa6722cdc03b/Cloud/en-US/OdataV2.pdf#page=68)"
                                label="$select"
                                name="$select"
                                required="false"
                                testWith=""
                                type="picklist">
                        <options>
                           <option name="values">[{"value":"ControllingArea","label":"ControllingArea"},{"value":"ProfitCenter","label":"ProfitCenter"},{"value":"ValidityEndDate","label":"ValidityEndDate"},{"value":"ProfitCtrResponsiblePersonName","label":"ProfitCtrResponsiblePersonName"},{"value":"CompanyCode","label":"CompanyCode"},{"value":"ProfitCtrResponsibleUser","label":"ProfitCtrResponsibleUser"},{"value":"ValidityStartDate","label":"ValidityStartDate"},{"value":"Department","label":"Department"},{"value":"ProfitCenterStandardHierarchy","label":"ProfitCenterStandardHierarchy"},{"value":"Segment","label":"Segment"},{"value":"ProfitCenterIsBlocked","label":"ProfitCenterIsBlocked"},{"value":"FormulaPlanningTemplate","label":"FormulaPlanningTemplate"},{"value":"FormOfAddress","label":"FormOfAddress"},{"value":"AddressName","label":"AddressName"},{"value":"AdditionalName","label":"AdditionalName"},{"value":"ProfitCenterAddrName3","label":"ProfitCenterAddrName3"},{"value":"ProfitCenterAddrName4","label":"ProfitCenterAddrName4"},{"value":"StreetAddressName","label":"StreetAddressName"},{"value":"POBox","label":"POBox"},{"value":"CityName","label":"CityName"},{"value":"PostalCode","label":"PostalCode"},{"value":"District","label":"District"},{"value":"Country","label":"Country"},{"value":"Region","label":"Region"},{"value":"TaxJurisdiction","label":"TaxJurisdiction"},{"value":"Language","label":"Language"},{"value":"PhoneNumber1","label":"PhoneNumber1"},{"value":"PhoneNumber2","label":"PhoneNumber2"},{"value":"TeleboxNumber","label":"TeleboxNumber"},{"value":"TelexNumber","label":"TelexNumber"},{"value":"FaxNumber","label":"FaxNumber"},{"value":"DataCommunicationPhoneNumber","label":"DataCommunicationPhoneNumber"},{"value":"ProfitCenterPrinterName","label":"ProfitCenterPrinterName"},{"value":"ProfitCenterCreatedByUser","label":"ProfitCenterCreatedByUser"},{"value":"ProfitCenterCreationDate","label":"ProfitCenterCreationDate"},{"value":"to_Text","label":"to_Text"}]</option>
                        </options>
                     </parameter>
                     <parameter description="Expand related entities, see [Expand](https://help.sap.com/doc/5890d27be418427993fafa6722cdc03b/Cloud/en-US/OdataV2.pdf#page=63)"
                                label="$expand"
                                name="$expand"
                                required="false"
                                testWith=""
                                type="picklist">
                        <options>
                           <option name="values">[{"value":"to_Text","label":"to_Text"}]</option>
                        </options>
                     </parameter>
                     <parameter description="Uniquely identifies a controlling area.  &#xA;The controlling area is the highest organizational unit in Controlling.Whether controlling area and company code are in a 1:1 relationship or a 1:n relationship, the number of posting periods in both controlling area and company code(s) must be identical. However, special periods may vary."
                                label="ControllingAreaPathParam"
                                name="ControllingAreaPathParam"
                                nogen="true"
                                required="true"
                                testWith=""
                                type="string"/>
                     <parameter description="Key which together with the controlling area uniquely identifies a profit center."
                                label="ProfitCenterPathParam"
                                name="ProfitCenterPathParam"
                                nogen="true"
                                required="true"
                                testWith=""
                                type="string"/>
                     <parameter description="Valid To Date  &#xA;Date indicating up to when an entry is valid."
                                label="ValidityEndDatePathParam"
                                name="ValidityEndDatePathParam"
                                nogen="true"
                                required="true"
                                testWith=""
                                type="string"/>
                  </input>
                  <binding>
                     <restSimpleBinding multiUsing="semicolonSeparated"
                                        url="https://{$hostName}/s4hanacloud/sap/opu/odata/sap/API_PROFITCENTER_SRV/A_ProfitCenter(ControllingArea='{$ControllingAreaPathParam}',ProfitCenter='{$ProfitCenterPathParam}',ValidityEndDate={$ValidityEndDatePathParam})"
                                        verb="GET">
                        <authentication>
                           <username>{$username}</username>
                           <password>{$password}</password>
                           <isExpressionInPassword>true</isExpressionInPassword>
                        </authentication>
                        <httpHeaders>
                           <header name="Content-Type">application/json</header>
                           <header name="Accept">application/json</header>
                        </httpHeaders>
                     </restSimpleBinding>
                  </binding>
                  <output>
                     <field description="Retrieved entity"
                            entireResponse="true"
                            name="entireResponse"
                            type="object"/>
                  </output>
               </action>
               <action category="A_ProfitCenter"
                       failOnError="true"
                       forSearch="false"
                       label="GET_A_ProfitCenter_ControllingArea_ControllingArea_ProfitCenter_ProfitCenter_ValidityEndDate_ValidityEndDate_to_Text"
                       maxRedirects="100"
                       name="GET_A_ProfitCenter_ControllingArea_ControllingArea_ProfitCenter_ProfitCenter_ValidityEndDate_ValidityEndDate_to_Text"
                       preemptiveAuth="true"
                       responseEncoding="">
                  <description>Get entities from related to_Text</description>
                  <input>
                     <parameter description="Show only the first n items, see [Paging - Top](https://help.sap.com/doc/5890d27be418427993fafa6722cdc03b/Cloud/en-US/OdataV2.pdf#page=66)"
                                label="$top"
                                name="$top"
                                required="false"
                                testWith=""
                                type="int"/>
                     <parameter description="Skip the first n items, see [Paging - Skip](https://help.sap.com/doc/5890d27be418427993fafa6722cdc03b/Cloud/en-US/OdataV2.pdf#page=65)"
                                label="$skip"
                                name="$skip"
                                required="false"
                                testWith=""
                                type="int"/>
                     <parameter description="Filter items by property values, see [Filtering](https://help.sap.com/doc/5890d27be418427993fafa6722cdc03b/Cloud/en-US/OdataV2.pdf#page=64)"
                                label="$filter"
                                name="$filter"
                                required="false"
                                testWith=""
                                type="string"/>
                     <parameter description="Include count of items, see [Inlinecount](https://help.sap.com/doc/5890d27be418427993fafa6722cdc03b/Cloud/en-US/OdataV2.pdf#page=67)"
                                label="$inlinecount"
                                name="$inlinecount"
                                required="false"
                                testWith=""
                                type="picklist">
                        <options>
                           <option name="values">[{"value":"allpages","label":"allpages"},{"value":"none","label":"none"}]</option>
                        </options>
                     </parameter>
                     <parameter description="Order items by property values, see [Sorting](https://help.sap.com/doc/5890d27be418427993fafa6722cdc03b/Cloud/en-US/OdataV2.pdf#page=65)"
                                label="$orderby"
                                name="$orderby"
                                required="false"
                                testWith=""
                                type="picklist">
                        <options>
                           <option name="values">[{"value":"Language","label":"Language"},{"value":"Language desc","label":"Language desc"},{"value":"ControllingArea","label":"ControllingArea"},{"value":"ControllingArea desc","label":"ControllingArea desc"},{"value":"ProfitCenter","label":"ProfitCenter"},{"value":"ProfitCenter desc","label":"ProfitCenter desc"},{"value":"ValidityEndDate","label":"ValidityEndDate"},{"value":"ValidityEndDate desc","label":"ValidityEndDate desc"},{"value":"ValidityStartDate","label":"ValidityStartDate"},{"value":"ValidityStartDate desc","label":"ValidityStartDate desc"},{"value":"ProfitCenterName","label":"ProfitCenterName"},{"value":"ProfitCenterName desc","label":"ProfitCenterName desc"},{"value":"ProfitCenterLongName","label":"ProfitCenterLongName"},{"value":"ProfitCenterLongName desc","label":"ProfitCenterLongName desc"}]</option>
                        </options>
                     </parameter>
                     <parameter description="Select properties to be returned, see [Select](https://help.sap.com/doc/5890d27be418427993fafa6722cdc03b/Cloud/en-US/OdataV2.pdf#page=68)"
                                label="$select"
                                name="$select"
                                required="false"
                                testWith=""
                                type="picklist">
                        <options>
                           <option name="values">[{"value":"Language","label":"Language"},{"value":"ControllingArea","label":"ControllingArea"},{"value":"ProfitCenter","label":"ProfitCenter"},{"value":"ValidityEndDate","label":"ValidityEndDate"},{"value":"ValidityStartDate","label":"ValidityStartDate"},{"value":"ProfitCenterName","label":"ProfitCenterName"},{"value":"ProfitCenterLongName","label":"ProfitCenterLongName"},{"value":"to_ProfitCenter","label":"to_ProfitCenter"}]</option>
                        </options>
                     </parameter>
                     <parameter description="Expand related entities, see [Expand](https://help.sap.com/doc/5890d27be418427993fafa6722cdc03b/Cloud/en-US/OdataV2.pdf#page=63)"
                                label="$expand"
                                name="$expand"
                                required="false"
                                testWith=""
                                type="picklist">
                        <options>
                           <option name="values">[{"value":"to_ProfitCenter","label":"to_ProfitCenter"}]</option>
                        </options>
                     </parameter>
                     <parameter description="Uniquely identifies a controlling area.  &#xA;The controlling area is the highest organizational unit in Controlling.Whether controlling area and company code are in a 1:1 relationship or a 1:n relationship, the number of posting periods in both controlling area and company code(s) must be identical. However, special periods may vary."
                                label="ControllingAreaPathParam"
                                name="ControllingAreaPathParam"
                                nogen="true"
                                required="true"
                                testWith=""
                                type="string"/>
                     <parameter description="Key which together with the controlling area uniquely identifies a profit center."
                                label="ProfitCenterPathParam"
                                name="ProfitCenterPathParam"
                                nogen="true"
                                required="true"
                                testWith=""
                                type="string"/>
                     <parameter description="Valid To Date  &#xA;Date indicating up to when an entry is valid."
                                label="ValidityEndDatePathParam"
                                name="ValidityEndDatePathParam"
                                nogen="true"
                                required="true"
                                testWith=""
                                type="string"/>
                  </input>
                  <binding>
                     <restSimpleBinding multiUsing="semicolonSeparated"
                                        url="https://{$hostName}/s4hanacloud/sap/opu/odata/sap/API_PROFITCENTER_SRV/A_ProfitCenter(ControllingArea='{$ControllingAreaPathParam}',ProfitCenter='{$ProfitCenterPathParam}',ValidityEndDate={$ValidityEndDatePathParam})/to_Text"
                                        verb="GET">
                        <authentication>
                           <username>{$username}</username>
                           <password>{$password}</password>
                           <isExpressionInPassword>true</isExpressionInPassword>
                        </authentication>
                        <httpHeaders>
                           <header name="Content-Type">application/json</header>
                           <header name="Accept">application/json</header>
                        </httpHeaders>
                     </restSimpleBinding>
                  </binding>
                  <output>
                     <field description="Retrieved entities"
                            entireResponse="true"
                            name="entireResponse"
                            type="object"/>
                  </output>
               </action>
            </actions>
            <objects>
               <processObject xmlns="http://schemas.active-endpoints.com/appmodules/screenflow/2011/06/avosHostEnvironment.xsd"
                              isByCopy="true"
                              name="API_PROFITCENTER_SRV_A_ProfitCenterType">
                  <description/>
                  <detail>
                     <field name="POBox" type="string"/>
                     <field name="ProfitCtrResponsibleUser" type="string"/>
                     <field name="FormOfAddress" type="string"/>
                     <field name="AdditionalName" type="string"/>
                     <field name="DataCommunicationPhoneNumber" type="string"/>
                     <field name="PostalCode" type="string"/>
                     <field name="Segment" type="string"/>
                     <field name="to_Text" type="object"/>
                     <field name="Department" type="string"/>
                     <field name="ProfitCenterCreatedByUser" type="string"/>
                     <field name="Language" type="string"/>
                     <field name="FaxNumber" type="string"/>
                     <field name="ValidityEndDate" type="string"/>
                     <field name="StreetAddressName" type="string"/>
                     <field name="ProfitCenter" type="string"/>
                     <field name="PhoneNumber2" type="string"/>
                     <field name="PhoneNumber1" type="string"/>
                     <field name="ProfitCenterPrinterName" type="string"/>
                     <field name="TaxJurisdiction" type="string"/>
                     <field name="CityName" type="string"/>
                     <field name="TeleboxNumber" type="string"/>
                     <field name="ProfitCenterIsBlocked" type="string"/>
                     <field name="ProfitCenterAddrName4" type="string"/>
                     <field name="ProfitCenterCreationDate" type="string"/>
                     <field name="ProfitCtrResponsiblePersonName" type="string"/>
                     <field name="ProfitCenterStandardHierarchy" type="string"/>
                     <field name="ProfitCenterAddrName3" type="string"/>
                     <field name="AddressName" type="string"/>
                     <field name="TelexNumber" type="string"/>
                     <field name="Country" type="string"/>
                     <field name="Region" type="string"/>
                     <field name="District" type="string"/>
                     <field name="ControllingArea" type="string"/>
                     <field name="CompanyCode" type="string"/>
                     <field name="FormulaPlanningTemplate" type="string"/>
                     <field name="ValidityStartDate" type="string"/>
                  </detail>
               </processObject>
               <processObject xmlns="http://schemas.active-endpoints.com/appmodules/screenflow/2011/06/avosHostEnvironment.xsd"
                              isByCopy="true"
                              name="API_PROFITCENTER_SRV_A_ProfitCenterTextType_update">
                  <description/>
                  <detail>
                     <field name="ProfitCenterLongName" type="string"/>
                     <field name="ProfitCenterName" type="string"/>
                     <field name="ValidityStartDate" type="string"/>
                  </detail>
               </processObject>
               <processObject xmlns="http://schemas.active-endpoints.com/appmodules/screenflow/2011/06/avosHostEnvironment.xsd"
                              isByCopy="true"
                              name="API_PROFITCENTER_SRV_A_ProfitCenterType_update">
                  <description/>
                  <detail>
                     <field name="POBox" type="string"/>
                     <field name="ProfitCtrResponsibleUser" type="string"/>
                     <field name="FormOfAddress" type="string"/>
                     <field name="AdditionalName" type="string"/>
                     <field name="DataCommunicationPhoneNumber" type="string"/>
                     <field name="PostalCode" type="string"/>
                     <field name="Segment" type="string"/>
                     <field name="Department" type="string"/>
                     <field name="ProfitCenterCreatedByUser" type="string"/>
                     <field name="Language" type="string"/>
                     <field name="FaxNumber" type="string"/>
                     <field name="StreetAddressName" type="string"/>
                     <field name="PhoneNumber2" type="string"/>
                     <field name="PhoneNumber1" type="string"/>
                     <field name="ProfitCenterPrinterName" type="string"/>
                     <field name="TaxJurisdiction" type="string"/>
                     <field name="CityName" type="string"/>
                     <field name="TeleboxNumber" type="string"/>
                     <field name="ProfitCenterIsBlocked" type="string"/>
                     <field name="ProfitCenterAddrName4" type="string"/>
                     <field name="ProfitCenterCreationDate" type="string"/>
                     <field name="ProfitCtrResponsiblePersonName" type="string"/>
                     <field name="ProfitCenterStandardHierarchy" type="string"/>
                     <field name="ProfitCenterAddrName3" type="string"/>
                     <field name="AddressName" type="string"/>
                     <field name="TelexNumber" type="string"/>
                     <field name="Country" type="string"/>
                     <field name="Region" type="string"/>
                     <field name="District" type="string"/>
                     <field name="CompanyCode" type="string"/>
                     <field name="FormulaPlanningTemplate" type="string"/>
                     <field name="ValidityStartDate" type="string"/>
                  </detail>
               </processObject>
               <processObject xmlns="http://schemas.active-endpoints.com/appmodules/screenflow/2011/06/avosHostEnvironment.xsd"
                              isByCopy="true"
                              name="API_PROFITCENTER_SRV_A_ProfitCenterTextType">
                  <description/>
                  <detail>
                     <field name="ProfitCenter" type="string"/>
                     <field name="Language" type="string"/>
                     <field name="ValidityEndDate" type="string"/>
                     <field name="ProfitCenterLongName" type="string"/>
                     <field name="ProfitCenterName" type="string"/>
                     <field name="to_ProfitCenter" type="reference">
                        <options>
                           <option name="referenceTo">API_PROFITCENTER_SRV_A_ProfitCenterType</option>
                           <option name="relationshipName">Child</option>
                        </options>
                     </field>
                     <field name="ControllingArea" type="string"/>
                     <field name="ValidityStartDate" type="string"/>
                  </detail>
               </processObject>
               <processObject xmlns="http://schemas.active-endpoints.com/appmodules/screenflow/2011/06/avosHostEnvironment.xsd"
                              isByCopy="true"
                              name="API_PROFITCENTER_SRV_A_ProfitCenterTextType_create">
                  <description/>
                  <detail>
                     <field name="ProfitCenter" type="string"/>
                     <field name="Language" type="string"/>
                     <field name="ValidityEndDate" type="string"/>
                     <field name="ProfitCenterLongName" type="string"/>
                     <field name="ProfitCenterName" type="string"/>
                     <field name="to_ProfitCenter" type="reference">
                        <options>
                           <option name="referenceTo">API_PROFITCENTER_SRV_A_ProfitCenterType_create</option>
                           <option name="relationshipName">Child</option>
                        </options>
                     </field>
                     <field name="ControllingArea" type="string"/>
                     <field name="ValidityStartDate" type="string"/>
                  </detail>
               </processObject>
               <processObject xmlns="http://schemas.active-endpoints.com/appmodules/screenflow/2011/06/avosHostEnvironment.xsd"
                              isByCopy="true"
                              name="error">
                  <description/>
                  <detail>
                     <field name="error" type="object"/>
                  </detail>
               </processObject>
               <processObject xmlns="http://schemas.active-endpoints.com/appmodules/screenflow/2011/06/avosHostEnvironment.xsd"
                              isByCopy="true"
                              name="API_PROFITCENTER_SRV_A_ProfitCenterType_create">
                  <description/>
                  <detail>
                     <field name="POBox" type="string"/>
                     <field name="ProfitCtrResponsibleUser" type="string"/>
                     <field name="FormOfAddress" type="string"/>
                     <field name="AdditionalName" type="string"/>
                     <field name="DataCommunicationPhoneNumber" type="string"/>
                     <field name="PostalCode" type="string"/>
                     <field name="Segment" type="string"/>
                     <field name="to_Text" type="object"/>
                     <field name="Department" type="string"/>
                     <field name="ProfitCenterCreatedByUser" type="string"/>
                     <field name="Language" type="string"/>
                     <field name="FaxNumber" type="string"/>
                     <field name="ValidityEndDate" type="string"/>
                     <field name="StreetAddressName" type="string"/>
                     <field name="ProfitCenter" type="string"/>
                     <field name="PhoneNumber2" type="string"/>
                     <field name="PhoneNumber1" type="string"/>
                     <field name="ProfitCenterPrinterName" type="string"/>
                     <field name="TaxJurisdiction" type="string"/>
                     <field name="CityName" type="string"/>
                     <field name="TeleboxNumber" type="string"/>
                     <field name="ProfitCenterIsBlocked" type="string"/>
                     <field name="ProfitCenterAddrName4" type="string"/>
                     <field name="ProfitCenterCreationDate" type="string"/>
                     <field name="ProfitCtrResponsiblePersonName" type="string"/>
                     <field name="ProfitCenterStandardHierarchy" type="string"/>
                     <field name="ProfitCenterAddrName3" type="string"/>
                     <field name="AddressName" type="string"/>
                     <field name="TelexNumber" type="string"/>
                     <field name="Country" type="string"/>
                     <field name="Region" type="string"/>
                     <field name="District" type="string"/>
                     <field name="ControllingArea" type="string"/>
                     <field name="CompanyCode" type="string"/>
                     <field name="FormulaPlanningTemplate" type="string"/>
                     <field name="ValidityStartDate" type="string"/>
                  </detail>
               </processObject>
               <processObject xmlns="http://schemas.active-endpoints.com/appmodules/screenflow/2011/06/avosHostEnvironment.xsd"
                              isByCopy="true"
                              name="string">
                  <description/>
                  <detail>
                     <field name="string" type="string"/>
                  </detail>
               </processObject>
               <processObject xmlns="http://schemas.active-endpoints.com/appmodules/screenflow/2011/06/avosHostEnvironment.xsd"
                              isByCopy="true"
                              name="boolean">
                  <description/>
                  <detail>
                     <field name="boolean" type="boolean"/>
                  </detail>
               </processObject>
               <processObject xmlns="http://schemas.active-endpoints.com/appmodules/screenflow/2011/06/avosHostEnvironment.xsd"
                              isByCopy="true"
                              name="double">
                  <description/>
                  <detail>
                     <field name="double" type="double"/>
                  </detail>
               </processObject>
               <processObject xmlns="http://schemas.active-endpoints.com/appmodules/screenflow/2011/06/avosHostEnvironment.xsd"
                              isByCopy="true"
                              name="integer">
                  <description/>
                  <detail>
                     <field name="integer" type="int"/>
                  </detail>
               </processObject>
            </objects>
         </businessConnector>
      </types1:Entry>
      <types1:GUID>hsA3q6GtQY2jxEUTNyNX8A</types1:GUID>
      <types1:DisplayName>SAP S4HANA Profit Center - Read -A2X- API v1</types1:DisplayName>
   </types1:Item>
   <types1:CurrentServerDateTime>2019-11-18T04:23:08.736Z</types1:CurrentServerDateTime>
</aetgt:getResponse>
