<aetgt:getResponse xmlns:aetgt="http://schemas.active-endpoints.com/appmodules/repository/2010/10/avrepository.xsd"
                   xmlns:types1="http://schemas.active-endpoints.com/appmodules/repository/2010/10/avrepository.xsd">
   <types1:Item>
      <types1:EntryId>rqUlLnzYLnzYLnz-gt-1633730-2019-01-24T00:42:21.287Z::svc.xml</types1:EntryId>
      <types1:Name>Concur_Quick_Expenses_API_v3</types1:Name>
      <types1:MimeType>application/xml+businesssconnector</types1:MimeType>
      <types1:Description>The Quick Expense API provides methods to create basic expenses without requiring any client or user specific Expense configuration data. These expenses appear in the Available Expenses area in Concur, for users to add to expense reports.</types1:Description>
      <types1:AppliesTo/>
      <types1:Tags/>
      <types1:VersionLabel>1.0</types1:VersionLabel>
      <types1:State>CURRENT</types1:State>
      <types1:ProcessGroup/>
      <types1:CreatedBy>sorabh@na1.dm-us.org</types1:CreatedBy>
      <types1:CreationDate>2019-01-24T00:42:21Z</types1:CreationDate>
      <types1:ModifiedBy/>
      <types1:PublicationStatus>published</types1:PublicationStatus>
      <types1:PublishedBy>sorabh@na1.dm-us.org</types1:PublishedBy>
      <types1:PublicationDate>2019-01-24T00:42:37Z</types1:PublicationDate>
      <types1:PublishedContributionId>project:/rt.connector/Concur_Quick_Expenses_API_v3/Concur_Quick_Expenses_API_v3_svcDef.xml</types1:PublishedContributionId>
      <types1:AutosaveExists>false</types1:AutosaveExists>
      <types1:Entry>
         <businessConnector xmlns="http://schemas.informatica.com/socrates/data-services/2014/05/business-connector-model.xsd"
                            agentOnly="false"
                            debug="false"
                            displayName="Concur Quick Expenses API v3"
                            label=""
                            name="Concur_Quick_Expenses_API_v3"
                            uuid="ab1731ba-1ce1-45ff-aad6-4f2f51cafaa3">
            <description>The Quick Expense API provides methods to create basic expenses without requiring any client or user specific Expense configuration data. These expenses appear in the Available Expenses area in Concur, for users to add to expense reports.</description>
            <tags/>
            <connectionAttributes xmlns="http://schemas.informatica.com/appmodules/screenflow/2014/04/avosConnectors.xsd">
               <connectionAttribute description="Host Name"
                                    masked="false"
                                    name="hostName"
                                    required="true"
                                    testWith="www.concursolutions.com"
                                    type="string"/>
            </connectionAttributes>
            <actions>
               <action category="Resources"
                       failOnError="true"
                       forSearch="false"
                       label="POST_expense_quickexpenses"
                       maxRedirects="100"
                       name="POST_expense_quickexpenses"
                       preemptiveAuth="true"
                       responseEncoding="">
                  <description>Create a new quick expense. Creates a new quick expense.</description>
                  <input>
                     <parameter description="The quick expense object to be created."
                                label="content"
                                name="content"
                                required="true"
                                testWith=""
                                type="reference">
                        <options>
                           <option name="referenceTo">QuickExpensePost</option>
                        </options>
                     </parameter>
                     <parameter description="The login ID of the user. Optional. The user must have the Web Services Admin (Professional) or Can Administer (Standard) user role to use this parameter."
                                label="user"
                                name="user"
                                required="false"
                                testWith=""
                                type="string"/>
                  </input>
                  <binding>
                     <restSimpleBinding multiUsing="semicolonSeparated"
                                        url="https://{$hostName}/api/v3.0/expense/quickexpenses"
                                        verb="POST">
                        <httpHeaders>
                           <header name="Content-Type">application/json</header>
                           <header name="Accept">application/json</header>
                        </httpHeaders>
                        <body generateUsing="UnwrappedJSON" preserveJsonStringFormatting="false"/>
                     </restSimpleBinding>
                  </binding>
                  <output>
                     <field description="Success"
                            entireResponse="true"
                            name="CreateResponse"
                            type="reference">
                        <options>
                           <option name="referenceTo">CreateResponse</option>
                        </options>
                     </field>
                  </output>
               </action>
               <action category="Resources"
                       failOnError="true"
                       forSearch="false"
                       label="GET_expense_quickexpenses"
                       maxRedirects="100"
                       name="GET_expense_quickexpenses"
                       preemptiveAuth="true"
                       responseEncoding="">
                  <description>Get all quick expenses. Returns all quick expenses owned by the user.</description>
                  <input>
                     <parameter description="The start of the page offset."
                                label="offset"
                                name="offset"
                                required="false"
                                testWith=""
                                type="string"/>
                     <parameter description="The number of records to return (default 25)."
                                label="limit"
                                name="limit"
                                required="false"
                                testWith=""
                                type="int"/>
                     <parameter description="The login ID of the user. Optional. The user must have the Web Services Admin (Professional) or Can Administer (Standard) user role to use this parameter."
                                label="user"
                                name="user"
                                required="false"
                                testWith=""
                                type="string"/>
                  </input>
                  <binding>
                     <restSimpleBinding multiUsing="semicolonSeparated"
                                        url="https://{$hostName}/api/v3.0/expense/quickexpenses"
                                        verb="GET">
                        <httpHeaders>
                           <header name="Content-Type">application/json</header>
                           <header name="Accept">application/json</header>
                        </httpHeaders>
                     </restSimpleBinding>
                  </binding>
                  <output>
                     <field description="Success"
                            entireResponse="true"
                            name="QuickExpenseCollection"
                            type="reference">
                        <options>
                           <option name="referenceTo">QuickExpenseCollection</option>
                        </options>
                     </field>
                  </output>
               </action>
               <action category="Resources"
                       failOnError="true"
                       forSearch="false"
                       label="GET_expense_quickexpenses_id_"
                       maxRedirects="100"
                       name="GET_expense_quickexpenses_id_"
                       preemptiveAuth="true"
                       responseEncoding="">
                  <description>Get a single quick expense by ID. Returns a quick expenses by ID.</description>
                  <input>
                     <parameter description="The ID of the quick expense."
                                label="idPathParam"
                                name="idPathParam"
                                nogen="true"
                                required="true"
                                testWith=""
                                type="string"/>
                     <parameter description="The login ID of the user. Optional. The user must have the Web Services Admin (Professional) or Can Administer (Standard) user role to use this parameter."
                                label="user"
                                name="user"
                                required="false"
                                testWith=""
                                type="string"/>
                  </input>
                  <binding>
                     <restSimpleBinding multiUsing="semicolonSeparated"
                                        url="https://{$hostName}/api/v3.0/expense/quickexpenses/{$idPathParam}"
                                        verb="GET">
                        <httpHeaders>
                           <header name="Content-Type">application/json</header>
                           <header name="Accept">application/json</header>
                        </httpHeaders>
                     </restSimpleBinding>
                  </binding>
                  <output>
                     <field description="Success"
                            entireResponse="true"
                            name="QuickExpenseGet"
                            type="reference">
                        <options>
                           <option name="referenceTo">QuickExpenseGet</option>
                        </options>
                     </field>
                  </output>
               </action>
               <action category="Resources"
                       failOnError="true"
                       forSearch="false"
                       label="DELETE_expense_quickexpenses_id_"
                       maxRedirects="100"
                       name="DELETE_expense_quickexpenses_id_"
                       preemptiveAuth="true"
                       responseEncoding="">
                  <description>Delete a quick expense by ID. Deletes the specified quick expense.</description>
                  <input>
                     <parameter description="The ID of the quick expense to be deleted."
                                label="idPathParam"
                                name="idPathParam"
                                nogen="true"
                                required="true"
                                testWith=""
                                type="string"/>
                     <parameter description="The login ID of the user. Optional. The user must have the Web Services Admin (Professional) or Can Administer (Standard) user role to use this parameter."
                                label="user"
                                name="user"
                                required="false"
                                testWith=""
                                type="string"/>
                  </input>
                  <binding>
                     <restSimpleBinding multiUsing="semicolonSeparated"
                                        url="https://{$hostName}/api/v3.0/expense/quickexpenses/{$idPathParam}"
                                        verb="DELETE">
                        <httpHeaders>
                           <header name="Content-Type">application/json</header>
                           <header name="Accept">application/json</header>
                        </httpHeaders>
                     </restSimpleBinding>
                  </binding>
                  <output>
                     <field description="Success"
                            entireResponse="true"
                            name="Void"
                            type="reference">
                        <options>
                           <option name="referenceTo">Void</option>
                        </options>
                     </field>
                  </output>
               </action>
               <action category="Resources"
                       failOnError="true"
                       forSearch="false"
                       label="PUT_expense_quickexpenses_id_"
                       maxRedirects="100"
                       name="PUT_expense_quickexpenses_id_"
                       preemptiveAuth="true"
                       responseEncoding="">
                  <description>Update a quick expense by ID. Updates the QuickExpense specified in the URL. Only the fields provided in the supplied object will be updated, missing fields will not be altered.</description>
                  <input>
                     <parameter description="The ID of the quick expense."
                                label="idPathParam"
                                name="idPathParam"
                                nogen="true"
                                required="true"
                                testWith=""
                                type="string"/>
                     <parameter description="Partial or complete QuickExpense object to update"
                                label="content"
                                name="content"
                                required="true"
                                testWith=""
                                type="reference">
                        <options>
                           <option name="referenceTo">QuickExpensePut</option>
                        </options>
                     </parameter>
                     <parameter description="The login ID of the user. Optional. The user must have the Web Services Admin (Professional) or Can Administer (Standard) user role to use this parameter."
                                label="user"
                                name="user"
                                required="false"
                                testWith=""
                                type="string"/>
                  </input>
                  <binding>
                     <restSimpleBinding multiUsing="semicolonSeparated"
                                        url="https://{$hostName}/api/v3.0/expense/quickexpenses/{$idPathParam}"
                                        verb="PUT">
                        <httpHeaders>
                           <header name="Content-Type">application/json</header>
                           <header name="Accept">application/json</header>
                        </httpHeaders>
                        <body generateUsing="UnwrappedJSON" preserveJsonStringFormatting="false"/>
                     </restSimpleBinding>
                  </binding>
                  <output>
                     <field description="Success"
                            entireResponse="true"
                            name="Void"
                            type="reference">
                        <options>
                           <option name="referenceTo">Void</option>
                        </options>
                     </field>
                  </output>
               </action>
            </actions>
            <objects>
               <processObject xmlns="http://schemas.active-endpoints.com/appmodules/screenflow/2011/06/avosHostEnvironment.xsd"
                              isByCopy="true"
                              name="QuickExpensePost">
                  <description/>
                  <detail>
                     <field name="CurrencyCode" type="string"/>
                     <field name="TransactionAmount" type="double"/>
                     <field name="Comment" type="string"/>
                     <field name="SpendCategoryCode" type="string"/>
                     <field name="LocationSubdivision" type="string"/>
                     <field name="VendorDescription" type="string"/>
                     <field name="LocationCountry" type="string"/>
                     <field name="ExpenseTypeCode" type="string"/>
                     <field name="PaymentTypeCode" type="string"/>
                     <field name="LocationCity" type="string"/>
                     <field name="ReceiptImageID" type="string"/>
                     <field name="TransactionDate" type="datetime"/>
                  </detail>
               </processObject>
               <processObject xmlns="http://schemas.active-endpoints.com/appmodules/screenflow/2011/06/avosHostEnvironment.xsd"
                              isByCopy="true"
                              name="QuickExpenseCollection">
                  <description/>
                  <detail>
                     <field name="Items" type="reference">
                        <options>
                           <option name="referenceTo">QuickExpenseGet</option>
                           <option name="relationshipName">Child</option>
                        </options>
                     </field>
                     <field name="NextPage" type="string"/>
                  </detail>
               </processObject>
               <processObject xmlns="http://schemas.active-endpoints.com/appmodules/screenflow/2011/06/avosHostEnvironment.xsd"
                              isByCopy="true"
                              name="Decimal">
                  <description/>
                  <detail/>
               </processObject>
               <processObject xmlns="http://schemas.active-endpoints.com/appmodules/screenflow/2011/06/avosHostEnvironment.xsd"
                              isByCopy="true"
                              name="CreateResponse">
                  <description/>
                  <detail>
                     <field name="ID" type="string"/>
                     <field name="URI" type="string"/>
                  </detail>
               </processObject>
               <processObject xmlns="http://schemas.active-endpoints.com/appmodules/screenflow/2011/06/avosHostEnvironment.xsd"
                              isByCopy="true"
                              name="QuickExpensePut">
                  <description/>
                  <detail>
                     <field name="CurrencyCode" type="string"/>
                     <field name="TransactionAmount" type="double"/>
                     <field name="Comment" type="string"/>
                     <field name="SpendCategoryCode" type="string"/>
                     <field name="LocationSubdivision" type="string"/>
                     <field name="VendorDescription" type="string"/>
                     <field name="LocationCountry" type="string"/>
                     <field name="ExpenseTypeCode" type="string"/>
                     <field name="PaymentTypeCode" type="string"/>
                     <field name="LocationCity" type="string"/>
                     <field name="ReceiptImageID" type="string"/>
                     <field name="TransactionDate" type="datetime"/>
                  </detail>
               </processObject>
               <processObject xmlns="http://schemas.active-endpoints.com/appmodules/screenflow/2011/06/avosHostEnvironment.xsd"
                              isByCopy="true"
                              name="Nullable_1">
                  <description/>
                  <detail>
                     <field name="Value" type="reference">
                        <options>
                           <option name="referenceTo">Decimal</option>
                           <option name="relationshipName">Child</option>
                        </options>
                     </field>
                     <field name="HasValue" type="boolean"/>
                  </detail>
               </processObject>
               <processObject xmlns="http://schemas.active-endpoints.com/appmodules/screenflow/2011/06/avosHostEnvironment.xsd"
                              isByCopy="true"
                              name="QuickExpenseGet">
                  <description/>
                  <detail>
                     <field name="Comment" type="string"/>
                     <field name="OwnerName" type="string"/>
                     <field name="OwnerLoginID" type="string"/>
                     <field name="VendorDescription" type="string"/>
                     <field name="URI" type="string"/>
                     <field name="ReceiptImageID" type="string"/>
                     <field name="LocationName" type="string"/>
                     <field name="CurrencyCode" type="string"/>
                     <field name="ExpenseTypeName" type="string"/>
                     <field name="TransactionAmount" type="double"/>
                     <field name="ExpenseTypeCode" type="string"/>
                     <field name="PaymentTypeCode" type="string"/>
                     <field name="ID" type="string"/>
                     <field name="TransactionDate" type="datetime"/>
                  </detail>
               </processObject>
               <processObject xmlns="http://schemas.active-endpoints.com/appmodules/screenflow/2011/06/avosHostEnvironment.xsd"
                              isByCopy="true"
                              name="Void">
                  <description/>
                  <detail/>
               </processObject>
               <processObject xmlns="http://schemas.active-endpoints.com/appmodules/screenflow/2011/06/avosHostEnvironment.xsd"
                              isByCopy="true"
                              name="string">
                  <description/>
                  <detail>
                     <field name="string" type="string"/>
                  </detail>
               </processObject>
               <processObject xmlns="http://schemas.active-endpoints.com/appmodules/screenflow/2011/06/avosHostEnvironment.xsd"
                              isByCopy="true"
                              name="boolean">
                  <description/>
                  <detail>
                     <field name="boolean" type="boolean"/>
                  </detail>
               </processObject>
               <processObject xmlns="http://schemas.active-endpoints.com/appmodules/screenflow/2011/06/avosHostEnvironment.xsd"
                              isByCopy="true"
                              name="double">
                  <description/>
                  <detail>
                     <field name="double" type="double"/>
                  </detail>
               </processObject>
               <processObject xmlns="http://schemas.active-endpoints.com/appmodules/screenflow/2011/06/avosHostEnvironment.xsd"
                              isByCopy="true"
                              name="integer">
                  <description/>
                  <detail>
                     <field name="integer" type="int"/>
                  </detail>
               </processObject>
            </objects>
         </businessConnector>
      </types1:Entry>
      <types1:GUID>0eb3N5I7EeKbjVgi1tdlaH</types1:GUID>
      <types1:DisplayName>Concur Quick Expenses API v3</types1:DisplayName>
   </types1:Item>
   <types1:CurrentServerDateTime>2019-02-22T09:42:47.888Z</types1:CurrentServerDateTime>
</aetgt:getResponse>
