{
   "exportedObjects": [
      {
         "objectGuid": "almpU5d486xjg3tXw87BET",
         "objectName": "Shared assets",
         "objectType": "Project",
         "path": "/Explore",
         "metadata": {
            "additionalInfo": {
               "contentType": "Binary",
               "description": "This Project contains shared assets",
               "documentState": "COMPLETE"
            },
            "contextAttributes": [],
            "modelVersion": {
               "major": 0,
               "minor": 0
            },
            "objectRefs": [],
            "repoInfo": null
         }
      },
      {
         "objectGuid": "00m3cKr9AGOjGY55vZSASH",
         "objectName": "Service Connectors",
         "objectType": "Folder",
         "path": "/Explore/Shared assets",
         "metadata": {
            "additionalInfo": {
               "contentType": "Binary",
               "description": "",
               "documentState": "COMPLETE"
            },
            "contextAttributes": [],
            "modelVersion": {
               "major": 0,
               "minor": 0
            },
            "objectRefs": [],
            "repoInfo": null
         }
      },
      {
         "objectGuid": "7eFXRJMlZage2egOxJLGyo",
         "objectName": "Oracle Cloud Infrastructure Compute Backup Configurations API v18-1-2",
         "objectType": "AI_SERVICE_CONNECTOR",
         "path": "/Explore/Shared assets/Service Connectors",
         "metadata": {
            "additionalInfo": {
               "contentType": "application/json; charset=utf-8",
               "description": "You can schedule backups to be taken automatically at defined intervals. Scheduling a backup creates a snapshot of the specified storage volume and the snapshot is stored in the associated Oracle Cloud Infrastructure Object Storage Classic instance.\u003cp\u003eYou can add, delete, update, and retrieve details of backup configurations using the HTTP requests listed below.\u003cp\u003eThese endpoints are not available on Oracle Cloud Machine.\u003c/p\u003e",
               "documentState": "VALID"
            },
            "contextAttributes": null,
            "modelVersion": {
               "major": 1,
               "minor": 0
            },
            "objectRefs": [],
            "repoInfo": {
               "repoHandle": "ShsZvPP8KnBQ9WY-gt-4086628-2019-01-28T14:19:04.472Z::svc.xml"
            }
         }
      }
   ]
}