<aetgt:getResponse xmlns:aetgt="http://schemas.active-endpoints.com/appmodules/repository/2010/10/avrepository.xsd"
                   xmlns:types1="http://schemas.active-endpoints.com/appmodules/repository/2010/10/avrepository.xsd">
   <types1:Item>
      <types1:EntryId>i4YclFmVSciY3Ax-gt-4223490-2019-02-22T03:45:56.137Z::svc.xml</types1:EntryId>
      <types1:Name>Oracle_Eloqua_Marketing_Cloud_Service_Programs_API_v2</types1:Name>
      <types1:MimeType>application/xml+businesssconnector</types1:MimeType>
      <types1:Description>Program Canvas is an easy to use, drag-and-drop whiteboard that allows you to transform data within Oracle Eloqua in real-time. Using Program Canvas, you can build programs that automate repetitive manual tasks related to various marketing functions like CRM integration, data cleansing, and security label management. &lt;a href='https://docs.oracle.com/cloud/latest/marketingcs_gs/OMCAA/index.html#CSHID=ProgramCanvas'&gt;Learn more about Programs&lt;/a&gt;.</types1:Description>
      <types1:AppliesTo/>
      <types1:Tags/>
      <types1:VersionLabel>1.0</types1:VersionLabel>
      <types1:State>CURRENT</types1:State>
      <types1:ProcessGroup/>
      <types1:CreatedBy>sorabh@na1.dm-us.org</types1:CreatedBy>
      <types1:CreationDate>2019-02-22T03:45:56Z</types1:CreationDate>
      <types1:ModifiedBy/>
      <types1:PublicationStatus>published</types1:PublicationStatus>
      <types1:PublishedBy>sorabh@na1.dm-us.org</types1:PublishedBy>
      <types1:PublicationDate>2019-02-22T03:46:23Z</types1:PublicationDate>
      <types1:PublishedContributionId>project:/rt.connector/Oracle_Eloqua_Marketing_Cloud_Service_Programs_API_v2/Oracle_Eloqua_Marketing_Cloud_Service_Programs_API_v2_svcDef.xml</types1:PublishedContributionId>
      <types1:AutosaveExists>false</types1:AutosaveExists>
      <types1:Entry>
         <businessConnector xmlns="http://schemas.informatica.com/socrates/data-services/2014/05/business-connector-model.xsd"
                            agentOnly="false"
                            debug="false"
                            displayName="Oracle Eloqua Marketing Cloud Service Programs API v2"
                            label=""
                            name="Oracle_Eloqua_Marketing_Cloud_Service_Programs_API_v2"
                            uuid="9b043ece-60f7-4d17-97e2-0eec41be873b">
            <description>Program Canvas is an easy to use, drag-and-drop whiteboard that allows you to transform data within Oracle Eloqua in real-time. Using Program Canvas, you can build programs that automate repetitive manual tasks related to various marketing functions like CRM integration, data cleansing, and security label management. &lt;a href='https://docs.oracle.com/cloud/latest/marketingcs_gs/OMCAA/index.html#CSHID=ProgramCanvas'&gt;Learn more about Programs&lt;/a&gt;.</description>
            <tags/>
            <connectionAttributes xmlns="http://schemas.informatica.com/appmodules/screenflow/2014/04/avosConnectors.xsd">
               <connectionAttribute description="Host Name"
                                    masked="false"
                                    name="hostName"
                                    required="true"
                                    testWith="apicatalog.oraclecloud.com"
                                    type="string"/>
            </connectionAttributes>
            <actions>
               <action category=""
                       failOnError="true"
                       forSearch="false"
                       label="DeactivateIndividualPOSTRest20"
                       maxRedirects="100"
                       name="DeactivateIndividualPOSTRest20"
                       preemptiveAuth="true"
                       responseEncoding="">
                  <description>Deactivate a program. Deactivates the program specified by the &lt;code&gt;id&lt;/code&gt; parameter.</description>
                  <input>
                     <parameter description="Id of the program to deactivate."
                                label="idPathParam"
                                name="idPathParam"
                                nogen="true"
                                required="true"
                                testWith=""
                                type="int"/>
                  </input>
                  <binding>
                     <restSimpleBinding multiUsing="semicolonSeparated"
                                        url="https://{$hostName}/api/REST/2.0/assets/program/draft/{$idPathParam}"
                                        verb="POST">
                        <httpHeaders>
                           <header name="Content-Type">application/json</header>
                           <header name="Accept">application/json</header>
                        </httpHeaders>
                        <body generateUsing="UnwrappedJSON" preserveJsonStringFormatting="false"/>
                     </restSimpleBinding>
                  </binding>
                  <output/>
               </action>
               <action category=""
                       failOnError="true"
                       forSearch="false"
                       label="ActivateIndividualPOSTRest20"
                       maxRedirects="100"
                       name="ActivateIndividualPOSTRest20"
                       preemptiveAuth="true"
                       responseEncoding="">
                  <description>Activate a program. Activates the program specified by the &lt;code&gt;id&lt;/code&gt; parameter.</description>
                  <input>
                     <parameter description="The date and time for the program to activate on expressed in Unix time. Alternatively, you can activate the campaign immediately by specifying &lt;code&gt;now&lt;/code&gt;."
                                label="scheduledFor"
                                name="scheduledFor"
                                required="false"
                                testWith=""
                                type="string"/>
                     <parameter description="Id of the program."
                                label="idPathParam"
                                name="idPathParam"
                                nogen="true"
                                required="true"
                                testWith=""
                                type="int"/>
                     <parameter description="The username to activate the program"
                                label="runAsUserId"
                                name="runAsUserId"
                                required="false"
                                testWith=""
                                type="int"/>
                  </input>
                  <binding>
                     <restSimpleBinding multiUsing="semicolonSeparated"
                                        url="https://{$hostName}/api/REST/2.0/assets/program/active/{$idPathParam}"
                                        verb="POST">
                        <httpHeaders>
                           <header name="Content-Type">application/json</header>
                           <header name="Accept">application/json</header>
                        </httpHeaders>
                        <body generateUsing="UnwrappedJSON" preserveJsonStringFormatting="false"/>
                     </restSimpleBinding>
                  </binding>
                  <output/>
               </action>
               <action category=""
                       failOnError="true"
                       forSearch="false"
                       label="CreateIndividualPOSTRest20"
                       maxRedirects="100"
                       name="CreateIndividualPOSTRest20"
                       preemptiveAuth="true"
                       responseEncoding="">
                  <description>Create a program. Creates a program.</description>
                  <input>
                     <parameter description="The request body defines the details of the program to be created."
                                label="message"
                                name="message"
                                required="true"
                                testWith=""
                                type="reference">
                        <options>
                           <option name="referenceTo">ProgramRest20</option>
                        </options>
                     </parameter>
                  </input>
                  <binding>
                     <restSimpleBinding multiUsing="semicolonSeparated"
                                        url="https://{$hostName}/api/REST/2.0/assets/program"
                                        verb="POST">
                        <httpHeaders>
                           <header name="Content-Type">application/json</header>
                           <header name="Accept">application/json</header>
                        </httpHeaders>
                        <body generateUsing="UnwrappedJSON" preserveJsonStringFormatting="false"/>
                     </restSimpleBinding>
                  </binding>
                  <output/>
               </action>
               <action category=""
                       failOnError="true"
                       forSearch="false"
                       label="ReadIndividualGETRest20"
                       maxRedirects="100"
                       name="ReadIndividualGETRest20"
                       preemptiveAuth="true"
                       responseEncoding="">
                  <description>Retrieve a program. Retrieves the program specified by the &lt;code&gt;id&lt;/code&gt; parameter.</description>
                  <input>
                     <parameter description="Id of the program to retrieve."
                                label="idPathParam"
                                name="idPathParam"
                                nogen="true"
                                required="true"
                                testWith=""
                                type="int"/>
                     <parameter description="Level of detail returned by the request. Eloqua APIs can retrieve entities at three different levels of depth: &lt;code&gt;minimal&lt;/code&gt;, &lt;code&gt;partial&lt;/code&gt;, and &lt;code&gt;complete&lt;/code&gt;. Any other values passed are reset to &lt;code&gt;complete&lt;/code&gt; by default. For more information, see &lt;a href='https://docs.oracle.com/cloud/latest/marketingcs_gs/OMCAB/index.html#CSHID=RequestDepth'&gt;Request depth&lt;/a&gt;."
                                label="depth"
                                name="depth"
                                required="false"
                                testWith=""
                                type="string"/>
                  </input>
                  <binding>
                     <restSimpleBinding multiUsing="semicolonSeparated"
                                        url="https://{$hostName}/api/REST/2.0/assets/program/{$idPathParam}"
                                        verb="GET">
                        <httpHeaders>
                           <header name="Content-Type">application/json</header>
                           <header name="Accept">application/json</header>
                        </httpHeaders>
                     </restSimpleBinding>
                  </binding>
                  <output>
                     <field description="OK"
                            entireResponse="true"
                            name="ProgramRest20"
                            type="reference">
                        <options>
                           <option name="referenceTo">ProgramRest20</option>
                        </options>
                     </field>
                  </output>
               </action>
               <action category=""
                       failOnError="true"
                       forSearch="false"
                       label="DeleteIndividualDELETERest20"
                       maxRedirects="100"
                       name="DeleteIndividualDELETERest20"
                       preemptiveAuth="true"
                       responseEncoding="">
                  <description>Delete a program. Deletes the program specified by the &lt;code&gt;id&lt;/code&gt; parameter.</description>
                  <input>
                     <parameter description="Id of the program to delete."
                                label="idPathParam"
                                name="idPathParam"
                                nogen="true"
                                required="true"
                                testWith=""
                                type="int"/>
                  </input>
                  <binding>
                     <restSimpleBinding multiUsing="semicolonSeparated"
                                        url="https://{$hostName}/api/REST/2.0/assets/program/{$idPathParam}"
                                        verb="DELETE">
                        <httpHeaders>
                           <header name="Content-Type">application/json</header>
                           <header name="Accept">application/json</header>
                        </httpHeaders>
                     </restSimpleBinding>
                  </binding>
                  <output/>
               </action>
               <action category=""
                       failOnError="true"
                       forSearch="false"
                       label="UpdateIndividualPUTRest20"
                       maxRedirects="100"
                       name="UpdateIndividualPUTRest20"
                       preemptiveAuth="true"
                       responseEncoding="">
                  <description>Update a program. Updates the program specified by the &lt;code&gt;id&lt;/code&gt; parameter. All properties should be included in PUT requests, as some properties will be considered blank if not included.</description>
                  <input>
                     <parameter description="The request body defines the details of the program to be updated."
                                label="message"
                                name="message"
                                required="true"
                                testWith=""
                                type="reference">
                        <options>
                           <option name="referenceTo">ProgramRest20</option>
                        </options>
                     </parameter>
                     <parameter description="Id of the program to update."
                                label="idPathParam"
                                name="idPathParam"
                                nogen="true"
                                required="true"
                                testWith=""
                                type="int"/>
                  </input>
                  <binding>
                     <restSimpleBinding multiUsing="semicolonSeparated"
                                        url="https://{$hostName}/api/REST/2.0/assets/program/{$idPathParam}"
                                        verb="PUT">
                        <httpHeaders>
                           <header name="Content-Type">application/json</header>
                           <header name="Accept">application/json</header>
                        </httpHeaders>
                        <body generateUsing="UnwrappedJSON" preserveJsonStringFormatting="false"/>
                     </restSimpleBinding>
                  </binding>
                  <output>
                     <field description="OK"
                            entireResponse="true"
                            name="ProgramRest20"
                            type="reference">
                        <options>
                           <option name="referenceTo">ProgramRest20</option>
                        </options>
                     </field>
                  </output>
               </action>
               <action category=""
                       failOnError="true"
                       forSearch="false"
                       label="PauseIndividualPOSTRest20"
                       maxRedirects="100"
                       name="PauseIndividualPOSTRest20"
                       preemptiveAuth="true"
                       responseEncoding="">
                  <description>Pause a program. Pauses the program specified by the &lt;code&gt;id&lt;/code&gt; parameter.</description>
                  <input>
                     <parameter description="Id of the program to pause."
                                label="idPathParam"
                                name="idPathParam"
                                nogen="true"
                                required="true"
                                testWith=""
                                type="int"/>
                  </input>
                  <binding>
                     <restSimpleBinding multiUsing="semicolonSeparated"
                                        url="https://{$hostName}/api/REST/2.0/assets/program/pause/{$idPathParam}"
                                        verb="POST">
                        <httpHeaders>
                           <header name="Content-Type">application/json</header>
                           <header name="Accept">application/json</header>
                        </httpHeaders>
                        <body generateUsing="UnwrappedJSON" preserveJsonStringFormatting="false"/>
                     </restSimpleBinding>
                  </binding>
                  <output/>
               </action>
               <action category=""
                       failOnError="true"
                       forSearch="false"
                       label="SearchGETRest20"
                       maxRedirects="100"
                       name="SearchGETRest20"
                       preemptiveAuth="true"
                       responseEncoding="">
                  <description>Retrieve a list of programs. Retrieves a list of programs.</description>
                  <input>
                     <parameter description="Level of detail returned by the request. Eloqua APIs can retrieve entities at three different levels of depth: &lt;code&gt;minimal&lt;/code&gt;, &lt;code&gt;partial&lt;/code&gt;, and &lt;code&gt;complete&lt;/code&gt;. The default value is &lt;code&gt;minimal&lt;/code&gt;."
                                label="depth"
                                name="depth"
                                required="false"
                                testWith=""
                                type="string"/>
                     <parameter description="Maximum number of entities to return. Must be less than or equal to 1000 and greater than or equal to 1."
                                label="count"
                                name="count"
                                required="false"
                                testWith=""
                                type="int"/>
                     <parameter description="Specifies which page of entities to return (the count parameter defines the number of entities per page). If the page parameter is not supplied, 1 will be used by default."
                                label="page"
                                name="page"
                                required="false"
                                testWith=""
                                type="int"/>
                     <parameter description="Specifies the search criteria used to retrieve entities. See the &lt;a href='https://docs.oracle.com/cloud/latest/marketingcs_gs/OMCAB/index.html#CSHID=SearchParam'&gt;tutorial&lt;/a&gt; for information about using this parameter."
                                label="search"
                                name="search"
                                required="false"
                                testWith=""
                                type="string"/>
                     <parameter description="Specifies the field by which list results are ordered."
                                label="orderBy"
                                name="orderBy"
                                required="false"
                                testWith=""
                                type="string"/>
                     <parameter description="The date and time the program was last updated."
                                label="lastUpdatedAt"
                                name="lastUpdatedAt"
                                required="false"
                                testWith=""
                                type="int"/>
                  </input>
                  <binding>
                     <restSimpleBinding multiUsing="semicolonSeparated"
                                        url="https://{$hostName}/api/REST/2.0/assets/programs"
                                        verb="GET">
                        <httpHeaders>
                           <header name="Content-Type">application/json</header>
                           <header name="Accept">application/json</header>
                        </httpHeaders>
                     </restSimpleBinding>
                  </binding>
                  <output>
                     <field description="OK"
                            entireResponse="true"
                            name="QueryResultProgramRest20"
                            type="reference">
                        <options>
                           <option name="referenceTo">QueryResultProgramRest20</option>
                        </options>
                     </field>
                  </output>
               </action>
            </actions>
            <objects>
               <processObject xmlns="http://schemas.active-endpoints.com/appmodules/screenflow/2011/06/avosHostEnvironment.xsd"
                              isByCopy="true"
                              name="CampaignOutputTerminalRest20">
                  <description/>
                  <detail>
                     <field name="updatedBy" type="string"/>
                     <field name="accessedAt" type="string"/>
                     <field name="currentStatus" type="string"/>
                     <field name="sourceTemplateId" type="string"/>
                     <field name="description" type="string"/>
                     <field name="type" type="string"/>
                     <field name="connectedType" type="string"/>
                     <field name="connectedId" type="string"/>
                     <field name="folderId" type="string"/>
                     <field name="terminalType" type="string"/>
                     <field name="createdAt" type="string"/>
                     <field name="depth" type="string"/>
                     <field name="createdBy" type="string"/>
                     <field name="permissions" type="objectlist">
                        <options>
                           <option name="referenceTo">string</option>
                           <option name="relationshipName">Child</option>
                        </options>
                     </field>
                     <field name="scheduledFor" type="string"/>
                     <field name="name" type="string"/>
                     <field name="id" type="string"/>
                     <field name="updatedAt" type="string"/>
                  </detail>
               </processObject>
               <processObject xmlns="http://schemas.active-endpoints.com/appmodules/screenflow/2011/06/avosHostEnvironment.xsd"
                              isByCopy="true"
                              name="CampaignElementRest20">
                  <description/>
                  <detail>
                     <field name="updatedBy" type="string"/>
                     <field name="accessedAt" type="string"/>
                     <field name="currentStatus" type="string"/>
                     <field name="outputTerminals" type="objectlist">
                        <options>
                           <option name="referenceTo">CampaignOutputTerminalRest20</option>
                           <option name="relationshipName">Child</option>
                        </options>
                     </field>
                     <field name="memberCount" type="string"/>
                     <field name="sourceTemplateId" type="string"/>
                     <field name="description" type="string"/>
                     <field name="type" type="string"/>
                     <field name="folderId" type="string"/>
                     <field name="createdAt" type="string"/>
                     <field name="depth" type="string"/>
                     <field name="createdBy" type="string"/>
                     <field name="permissions" type="objectlist">
                        <options>
                           <option name="referenceTo">string</option>
                           <option name="relationshipName">Child</option>
                        </options>
                     </field>
                     <field name="scheduledFor" type="string"/>
                     <field name="name" type="string"/>
                     <field name="id" type="string"/>
                     <field name="position" type="reference">
                        <options>
                           <option name="referenceTo">PositionRest20</option>
                           <option name="relationshipName">Child</option>
                        </options>
                     </field>
                     <field name="memberErrorCount" type="string"/>
                     <field name="updatedAt" type="string"/>
                  </detail>
               </processObject>
               <processObject xmlns="http://schemas.active-endpoints.com/appmodules/screenflow/2011/06/avosHostEnvironment.xsd"
                              isByCopy="true"
                              name="QueryResultProgramRest20">
                  <description/>
                  <detail>
                     <field name="total" type="int"/>
                     <field name="elements" type="objectlist">
                        <options>
                           <option name="referenceTo">ProgramRest20</option>
                           <option name="relationshipName">Child</option>
                        </options>
                     </field>
                     <field name="pageSize" type="int"/>
                     <field name="page" type="int"/>
                     <field name="type" type="string"/>
                  </detail>
               </processObject>
               <processObject xmlns="http://schemas.active-endpoints.com/appmodules/screenflow/2011/06/avosHostEnvironment.xsd"
                              isByCopy="true"
                              name="PositionRest20">
                  <description/>
                  <detail>
                     <field name="x" type="string"/>
                     <field name="y" type="string"/>
                     <field name="type" type="string"/>
                  </detail>
               </processObject>
               <processObject xmlns="http://schemas.active-endpoints.com/appmodules/screenflow/2011/06/avosHostEnvironment.xsd"
                              isByCopy="true"
                              name="ProgramRest20">
                  <description/>
                  <detail>
                     <field name="defaultEntityType" type="string"/>
                     <field name="updatedBy" type="string"/>
                     <field name="accessedAt" type="string"/>
                     <field name="currentStatus" type="string"/>
                     <field name="isMemberAllowedDuplicates" type="string"/>
                     <field name="sourceTemplateId" type="string"/>
                     <field name="description" type="string"/>
                     <field name="type" type="string"/>
                     <field name="folderId" type="string"/>
                     <field name="createdAt" type="string"/>
                     <field name="depth" type="string"/>
                     <field name="isReadOnly" type="string"/>
                     <field name="defaultEntityId" type="string"/>
                     <field name="createdBy" type="string"/>
                     <field name="permissions" type="objectlist">
                        <options>
                           <option name="referenceTo">string</option>
                           <option name="relationshipName">Child</option>
                        </options>
                     </field>
                     <field name="scheduledFor" type="string"/>
                     <field name="elements" type="objectlist">
                        <options>
                           <option name="referenceTo">CampaignElementRest20</option>
                           <option name="relationshipName">Child</option>
                        </options>
                     </field>
                     <field name="name" type="string"/>
                     <field name="runAsUserId" type="string"/>
                     <field name="id" type="string"/>
                     <field name="updatedAt" type="string"/>
                  </detail>
               </processObject>
               <processObject xmlns="http://schemas.active-endpoints.com/appmodules/screenflow/2011/06/avosHostEnvironment.xsd"
                              isByCopy="true"
                              name="string">
                  <description/>
                  <detail>
                     <field name="string" type="string"/>
                  </detail>
               </processObject>
               <processObject xmlns="http://schemas.active-endpoints.com/appmodules/screenflow/2011/06/avosHostEnvironment.xsd"
                              isByCopy="true"
                              name="boolean">
                  <description/>
                  <detail>
                     <field name="boolean" type="boolean"/>
                  </detail>
               </processObject>
               <processObject xmlns="http://schemas.active-endpoints.com/appmodules/screenflow/2011/06/avosHostEnvironment.xsd"
                              isByCopy="true"
                              name="double">
                  <description/>
                  <detail>
                     <field name="double" type="double"/>
                  </detail>
               </processObject>
               <processObject xmlns="http://schemas.active-endpoints.com/appmodules/screenflow/2011/06/avosHostEnvironment.xsd"
                              isByCopy="true"
                              name="integer">
                  <description/>
                  <detail>
                     <field name="integer" type="int"/>
                  </detail>
               </processObject>
            </objects>
         </businessConnector>
      </types1:Entry>
      <types1:GUID>enOnRQ51lYIjJzwVPYuxmN</types1:GUID>
      <types1:DisplayName>Oracle Eloqua Marketing Cloud Service Programs API v2</types1:DisplayName>
   </types1:Item>
   <types1:CurrentServerDateTime>2019-02-22T04:01:44.153Z</types1:CurrentServerDateTime>
</aetgt:getResponse>
