<aetgt:getResponse xmlns:aetgt="http://schemas.active-endpoints.com/appmodules/repository/2010/10/avrepository.xsd"
                   xmlns:types1="http://schemas.active-endpoints.com/appmodules/repository/2010/10/avrepository.xsd">
   <types1:Item>
      <types1:EntryId>DK6i3zymbduaa-gt-16721328-2019-12-06T08:31:13.475Z::svc.xml</types1:EntryId>
      <types1:Name>APIMATIC_API_Transformer_REST_API_v1</types1:Name>
      <types1:MimeType>application/xml+businesssconnector</types1:MimeType>
      <types1:Description>Transform API Descriptions from/to various formats</types1:Description>
      <types1:AppliesTo/>
      <types1:Tags/>
      <types1:VersionLabel>1.0</types1:VersionLabel>
      <types1:State>CURRENT</types1:State>
      <types1:ProcessGroup/>
      <types1:CreatedBy>sorabh@na1.dm-us.org</types1:CreatedBy>
      <types1:CreationDate>2019-12-06T08:31:13Z</types1:CreationDate>
      <types1:ModifiedBy/>
      <types1:PublicationStatus>published</types1:PublicationStatus>
      <types1:PublishedBy>sorabh@na1.dm-us.org</types1:PublishedBy>
      <types1:PublicationDate>2019-12-06T08:31:27Z</types1:PublicationDate>
      <types1:PublishedContributionId>project:/rt.connector/APIMATIC_API_Transformer_REST_API_v1/APIMATIC_API_Transformer_REST_API_v1_svcDef.xml</types1:PublishedContributionId>
      <types1:AutosaveExists>false</types1:AutosaveExists>
      <types1:Entry>
         <businessConnector xmlns="http://schemas.informatica.com/socrates/data-services/2014/05/business-connector-model.xsd"
                            agentOnly="false"
                            debug="false"
                            displayName="APIMATIC API Transformer REST API v1"
                            label=""
                            name="APIMATIC_API_Transformer_REST_API_v1"
                            uuid="c3c54664-d166-463f-bb4d-92bf25fc07b2">
            <description>Transform API Descriptions from/to various formats</description>
            <tags/>
            <connectionAttributes xmlns="http://schemas.informatica.com/appmodules/screenflow/2014/04/avosConnectors.xsd">
               <connectionAttribute description="Host Name"
                                    masked="false"
                                    name="hostName"
                                    required="true"
                                    testWith="apimatic.io"
                                    type="string"/>
               <connectionAttribute description="API Key"
                                    masked="true"
                                    name="apikey"
                                    required="true"
                                    testWith=""
                                    type="string"/>
               <connectionAttribute description="User Name"
                                    masked="false"
                                    name="username"
                                    required="true"
                                    testWith=""
                                    type="string"/>
               <connectionAttribute description="Password"
                                    masked="true"
                                    name="password"
                                    required="true"
                                    testWith=""
                                    type="string"/>
            </connectionAttributes>
            <actions>
               <action category=""
                       failOnError="true"
                       forSearch="false"
                       label="ConvertAPI"
                       maxRedirects="100"
                       name="ConvertAPI"
                       preemptiveAuth="true"
                       responseEncoding="">
                  <description>Transform API Descriptions from/to various formats. Transform API Descriptions from/to various formats e.g., Swagger, API Blueprint, RAML, WADL, Google Discovery, I/O Docs. ### INPUTS * API Blueprint * Swagger 1.0 - 1.2 * Swagger 2.0 JSON * Swagger 2.0 YAML * WADL - W3C 2009 * Google Discovery * RAML 0.8 * I/O Docs - Mashery * HAR 1.2 * Postman Collection 1.0 - 2.0 * APIMATIC Format * Mashape ### OUTPUTS * API Blueprint * Swagger 1.2 * Swagger 2.0 JSON * Swagger 2.0 YAML * WADL - W3C 2009 * RAML 0.8 - 1.0 * APIMATIC Format</description>
                  <input>
                     <parameter label="format"
                                name="format"
                                required="true"
                                testWith=""
                                type="picklist">
                        <options>
                           <option name="values">[{"value":"swagger10","label":"swagger10"},{"value":"swagger20","label":"swagger20"},{"value":"swaggeryaml","label":"swaggeryaml"},{"value":"apiblueprint","label":"apiblueprint"},{"value":"wadl2009","label":"wadl2009"},{"value":"raml","label":"raml"},{"value":"apimatic","label":"apimatic"}]</option>
                        </options>
                     </parameter>
                     <parameter label="url"
                                name="url"
                                required="false"
                                testWith=""
                                type="string"/>
                  </input>
                  <binding>
                     <restSimpleBinding multiUsing="semicolonSeparated"
                                        url="https://{$hostName}/api/transform/transform"
                                        verb="POST">
                        <httpHeaders>
                           <header name="Content-Type">application/x-www-form-urlencoded</header>
                           <header name="Accept">application/json</header>
                        </httpHeaders>
                        <body generateUsing="Form"/>
                     </restSimpleBinding>
                  </binding>
                  <output>
                     <field description="The converted API specification"
                            entireResponse="true"
                            name="entireResponse"
                            type="object"/>
                  </output>
               </action>
            </actions>
            <objects>
               <processObject xmlns="http://schemas.active-endpoints.com/appmodules/screenflow/2011/06/avosHostEnvironment.xsd"
                              isByCopy="true"
                              name="string">
                  <description/>
                  <detail>
                     <field name="string" type="string"/>
                  </detail>
               </processObject>
               <processObject xmlns="http://schemas.active-endpoints.com/appmodules/screenflow/2011/06/avosHostEnvironment.xsd"
                              isByCopy="true"
                              name="boolean">
                  <description/>
                  <detail>
                     <field name="boolean" type="boolean"/>
                  </detail>
               </processObject>
               <processObject xmlns="http://schemas.active-endpoints.com/appmodules/screenflow/2011/06/avosHostEnvironment.xsd"
                              isByCopy="true"
                              name="double">
                  <description/>
                  <detail>
                     <field name="double" type="double"/>
                  </detail>
               </processObject>
               <processObject xmlns="http://schemas.active-endpoints.com/appmodules/screenflow/2011/06/avosHostEnvironment.xsd"
                              isByCopy="true"
                              name="integer">
                  <description/>
                  <detail>
                     <field name="integer" type="int"/>
                  </detail>
               </processObject>
            </objects>
         </businessConnector>
      </types1:Entry>
      <types1:GUID>16kKo48Vv2UlJtvZG3FtOT</types1:GUID>
      <types1:DisplayName>APIMATIC API Transformer REST API v1</types1:DisplayName>
   </types1:Item>
   <types1:CurrentServerDateTime>2019-12-06T08:31:52.645Z</types1:CurrentServerDateTime>
</aetgt:getResponse>
