{
  "name" : "Zendesk with Credentials",
  "sourceOrgId" : "7IJhF8s0e6bdUq4GnCuF8F",
  "sourceOrgName" : "Informatica",
  "exportedObjects" : [ {
    "objectGuid" : "9Btna1kTFl0j2X3CV2FOez",
    "objectName" : "Zendesk Verify then Retrieve Ticket",
    "objectType" : "PROCESS",
    "path" : "/Explore/Zendesk",
    "metadata" : {
      "modelVersion" : {
        "major" : 1,
        "minor" : 0
      },
      "repoInfo" : {
        "repoHandle" : "PrvyXYDdxKlFmVS-gt-353463-2018-10-10T18:05:46.665Z::pd.xml"
      },
      "objectRefs" : [ "aKF3OYFASqwjZbnKyUIaw0" ],
      "contextAttributes" : null,
      "additionalInfo" : {
        "description" : "",
        "contentType" : "application/json; charset=utf-8",
        "documentState" : "VALID"
      },
      "objectExistence" : "WITH_DEPENDENCIES"
    }
  }, {
    "objectGuid" : "9e89PTG3ZGJgr3GhVOJyik",
    "objectName" : "Zendesk Verify then Delete Ticket",
    "objectType" : "PROCESS",
    "path" : "/Explore/Zendesk",
    "metadata" : {
      "modelVersion" : {
        "major" : 1,
        "minor" : 0
      },
      "repoInfo" : {
        "repoHandle" : "mi3wOLIFvukNXHV-gt-238328-2018-10-10T18:04:22.03Z::pd.xml"
      },
      "objectRefs" : [ "aKF3OYFASqwjZbnKyUIaw0" ],
      "contextAttributes" : null,
      "additionalInfo" : {
        "description" : "",
        "contentType" : "application/json; charset=utf-8",
        "documentState" : "VALID"
      },
      "objectExistence" : "WITH_DEPENDENCIES"
    }
  }, {
    "objectGuid" : "fRGeRbf2eqZdQtqUjlM5yX",
    "objectName" : "Zendesk Create Ticket",
    "objectType" : "PROCESS",
    "path" : "/Explore/Zendesk",
    "metadata" : {
      "modelVersion" : {
        "major" : 1,
        "minor" : 0
      },
      "repoInfo" : {
        "repoHandle" : "6hGKcn8dzWztZK0-gt-238308-2018-10-10T18:04:21.933Z::pd.xml"
      },
      "objectRefs" : [ "aKF3OYFASqwjZbnKyUIaw0" ],
      "contextAttributes" : null,
      "additionalInfo" : {
        "description" : "Create a ticket, with Description, Priority, and Subject being passed in as parameters.",
        "contentType" : "application/json; charset=utf-8",
        "documentState" : "VALID"
      },
      "objectExistence" : "WITH_DEPENDENCIES"
    }
  }, {
    "objectGuid" : "3uxW53usnfHel0nAirJLYX",
    "objectName" : "Zendesk",
    "objectType" : "Project",
    "path" : "/Explore",
    "metadata" : {
      "modelVersion" : {
        "major" : 0,
        "minor" : 0
      },
      "repoInfo" : null,
      "objectRefs" : [ ],
      "contextAttributes" : [ ],
      "additionalInfo" : {
        "description" : "Zendesk Service Connector with processes demonstrating how to create a Zendesk ticket, how to retrieve an existing Zendesk ticket, and how to delete a Zendesk ticket.\n",
        "contentType" : "Binary",
        "documentState" : "COMPLETE"
      },
      "objectExistence" : "WITHOUT_DEPENDENCIES"
    }
  }, {
    "objectGuid" : "b7PxSfhc56Nj4OT18axFYA",
    "objectName" : "Zendesk Core API",
    "objectType" : "AI_SERVICE_CONNECTOR",
    "path" : "/Explore/Zendesk",
    "metadata" : {
      "modelVersion" : {
        "major" : 1,
        "minor" : 0
      },
      "repoInfo" : {
        "repoHandle" : "MgqdsQR6kbeJHQj-gt-2048290-2018-10-10T18:04:21.625Z::svc.xml"
      },
      "objectRefs" : [ ],
      "contextAttributes" : null,
      "additionalInfo" : {
        "description" : "This Service Connector provides connectivity to Zendesk System Core API",
        "contentType" : "application/json; charset=utf-8",
        "documentState" : "VALID"
      },
      "objectExistence" : "WITH_DEPENDENCIES"
    }
  }, {
    "objectGuid" : "aKF3OYFASqwjZbnKyUIaw0",
    "objectName" : "Zendesk-Core-API-actions",
    "objectType" : "AI_CONNECTION",
    "path" : "/Explore/Zendesk",
    "metadata" : {
      "modelVersion" : {
        "major" : 1,
        "minor" : 0
      },
      "repoInfo" : {
        "repoHandle" : "BnYmWR7hsAVR3aa-gt-2048279-2018-10-10T18:04:21.438Z::conn.xml"
      },
      "objectRefs" : [ ],
      "contextAttributes" : null,
      "additionalInfo" : {
        "description" : "",
        "contentType" : "application/json; charset=utf-8",
        "documentState" : "VALID"
      },
      "objectExistence" : "WITH_DEPENDENCIES"
    }
  } ]
}