{
  "name" : "Google Stackdriver Debugger API v2",
  "sourceOrgId" : "9OkOTbSLYwLhD5xZ1H1bqO",
  "sourceOrgName" : "stage2_pod1",
  "exportedObjects" : [ {
    "objectGuid" : "71RDeovDiFlbJ8DsPR9F86",
    "objectName" : "Google Stackdriver Debugger API v2",
    "objectType" : "AI_SERVICE_CONNECTOR",
    "path" : "/Explore/Shared assets/Service Connectors",
    "metadata" : {
      "modelVersion" : {
        "major" : 1,
        "minor" : 0
      },
      "repoInfo" : {
        "repoHandle" : "7Fdx1H5lRuImXyc-gt-39970-2019-02-24T06:14:07.946Z::svc.xml"
      },
      "objectRefs" : [ ],
      "contextAttributes" : null,
      "additionalInfo" : {
        "description" : "Examines the call stack and variables of a running application without stopping or slowing it down.",
        "contentType" : "application/json; charset=utf-8",
        "documentState" : "VALID"
      }
    }
  }, {
    "objectGuid" : "3PTT3yMuhqweagEWp416Qh",
    "objectName" : "Service Connectors",
    "objectType" : "Folder",
    "path" : "/Explore/Shared assets",
    "metadata" : {
      "modelVersion" : {
        "major" : 0,
        "minor" : 0
      },
      "repoInfo" : null,
      "objectRefs" : [ ],
      "contextAttributes" : [ ],
      "additionalInfo" : {
        "description" : "",
        "contentType" : "Binary",
        "documentState" : "COMPLETE"
      }
    }
  }, {
    "objectGuid" : "hKepakfC2q4hzm9jxu0g0h",
    "objectName" : "Shared assets",
    "objectType" : "Project",
    "path" : "/Explore",
    "metadata" : {
      "modelVersion" : {
        "major" : 0,
        "minor" : 0
      },
      "repoInfo" : null,
      "objectRefs" : [ ],
      "contextAttributes" : [ ],
      "additionalInfo" : {
        "description" : "",
        "contentType" : "Binary",
        "documentState" : "COMPLETE"
      }
    }
  } ]
}