<aetgt:getResponse xmlns:aetgt="http://schemas.active-endpoints.com/appmodules/repository/2010/10/avrepository.xsd"
                   xmlns:types1="http://schemas.active-endpoints.com/appmodules/repository/2010/10/avrepository.xsd">
   <types1:Item>
      <types1:EntryId>IGSM8NciZBpDUQb-gt-1633746-2019-01-24T00:42:21.561Z::svc.xml</types1:EntryId>
      <types1:Name>Concur_Purchase_Request_API_v4</types1:Name>
      <types1:MimeType>application/xml+businesssconnector</types1:MimeType>
      <types1:Description>The Purchase Request API allows clients and partners to create and automatically submit purchase requests in the preauthorization workflow using the POST resource. With the GET resource you can retrieve the purchase request number, resulting purchase order number, workflow status, and any exception triggered for the records created.</types1:Description>
      <types1:AppliesTo/>
      <types1:Tags/>
      <types1:VersionLabel>1.0</types1:VersionLabel>
      <types1:State>CURRENT</types1:State>
      <types1:ProcessGroup/>
      <types1:CreatedBy>sorabh@na1.dm-us.org</types1:CreatedBy>
      <types1:CreationDate>2019-01-24T00:42:22Z</types1:CreationDate>
      <types1:ModifiedBy/>
      <types1:PublicationStatus>published</types1:PublicationStatus>
      <types1:PublishedBy>sorabh@na1.dm-us.org</types1:PublishedBy>
      <types1:PublicationDate>2019-01-24T00:42:39Z</types1:PublicationDate>
      <types1:PublishedContributionId>project:/rt.connector/Concur_Purchase_Request_API_v4/Concur_Purchase_Request_API_v4_svcDef.xml</types1:PublishedContributionId>
      <types1:AutosaveExists>false</types1:AutosaveExists>
      <types1:Entry>
         <businessConnector xmlns="http://schemas.informatica.com/socrates/data-services/2014/05/business-connector-model.xsd"
                            agentOnly="false"
                            debug="false"
                            displayName="Concur Purchase Request API v4"
                            label=""
                            name="Concur_Purchase_Request_API_v4"
                            uuid="b0b73555-e772-4d97-a3cf-2589482b7445">
            <description>The Purchase Request API allows clients and partners to create and automatically submit purchase requests in the preauthorization workflow using the POST resource. With the GET resource you can retrieve the purchase request number, resulting purchase order number, workflow status, and any exception triggered for the records created.</description>
            <tags/>
            <connectionAttributes xmlns="http://schemas.informatica.com/appmodules/screenflow/2014/04/avosConnectors.xsd">
               <connectionAttribute description="Host Name"
                                    masked="false"
                                    name="hostName"
                                    required="true"
                                    testWith="www.concursolutions.com"
                                    type="string"/>
            </connectionAttributes>
            <actions>
               <action category="Resources"
                       failOnError="true"
                       forSearch="false"
                       label="POST_purchaserequest_v4_purchaserequests_"
                       maxRedirects="100"
                       name="POST_purchaserequest_v4_purchaserequests_"
                       preemptiveAuth="true"
                       responseEncoding="">
                  <description>Create a new purchase request. Create a Purchase Request based on provided header and line item details. If the request is valid it creates a purchase request and returns back a unique identifier to get the purchase request details.</description>
                  <input>
                     <parameter description="Content Type."
                                label="Content-Type"
                                name="Content-Type"
                                nogen="true"
                                required="true"
                                testWith=""
                                type="string"/>
                     <parameter description="Bearer Token that identifies the caller. This is the Company or User access token."
                                label="Authorization"
                                name="Authorization"
                                nogen="true"
                                required="true"
                                testWith=""
                                type="string"/>
                     <parameter description="Concur specific custom header used for technical support in the form of a RFC 4122 A Universally Unique IDentifier (UUID) URN Namespace."
                                label="concur-correlationid"
                                name="concur-correlationid"
                                nogen="true"
                                required="false"
                                testWith=""
                                type="string"/>
                     <parameter description="The details of the purchase request."
                                label="purchaseRequest"
                                name="purchaseRequest"
                                required="true"
                                testWith=""
                                type="reference">
                        <options>
                           <option name="referenceTo">purchaseRequest</option>
                        </options>
                     </parameter>
                  </input>
                  <binding>
                     <restSimpleBinding multiUsing="semicolonSeparated"
                                        url="https://{$hostName}/api/v4.0/purchaserequest/v4/purchaserequests/"
                                        verb="POST">
                        <httpHeaders>
                           <header name="Content-Type">application/json</header>
                           <header name="Accept">application/json</header>
                           <header name="Content-Type">{$Content-Type}</header>
                           <header name="Authorization">{$Authorization}</header>
                           <header name="concur-correlationid">{$concur-correlationid}</header>
                        </httpHeaders>
                        <body generateUsing="UnwrappedJSON" preserveJsonStringFormatting="false"/>
                     </restSimpleBinding>
                  </binding>
                  <output>
                     <field description="Success"
                            entireResponse="true"
                            name="purchaseRequestResponse"
                            type="reference">
                        <options>
                           <option name="referenceTo">purchaseRequestResponse</option>
                        </options>
                     </field>
                  </output>
               </action>
               <action category="Resources"
                       failOnError="true"
                       forSearch="false"
                       label="GET_purchaserequest_v4_purchaserequests_id_mode_COMPACT"
                       maxRedirects="100"
                       name="GET_purchaserequest_v4_purchaserequests_id_mode_COMPACT"
                       preemptiveAuth="true"
                       responseEncoding="">
                  <description>Gets details of an existing purchase request. Gets purchase request details. The supported mode is COMPACT, which returns basic info about the purchase request along with any exceptions.</description>
                  <input>
                     <parameter description="Content Type."
                                label="Content-Type"
                                name="Content-Type"
                                nogen="true"
                                required="true"
                                testWith=""
                                type="string"/>
                     <parameter description="Bearer Token that identifies the caller. This is the Company or User access token."
                                label="Authorization"
                                name="Authorization"
                                nogen="true"
                                required="true"
                                testWith=""
                                type="string"/>
                     <parameter description="Concur specific custom header used for technical support in the form of a RFC 4122 A Universally Unique IDentifier (UUID) URN Namespace."
                                label="concur-correlationid"
                                name="concur-correlationid"
                                nogen="true"
                                required="false"
                                testWith=""
                                type="string"/>
                     <parameter description="The identifier for the purchase request."
                                label="idPathParam"
                                name="idPathParam"
                                nogen="true"
                                required="true"
                                testWith=""
                                type="string"/>
                     <parameter description="Specifies mode for Get Purchase Request Details. Supported value: COMPACT."
                                label="mode"
                                name="mode"
                                required="true"
                                testWith=""
                                type="string"/>
                  </input>
                  <binding>
                     <restSimpleBinding multiUsing="semicolonSeparated"
                                        url="https://{$hostName}/api/v4.0/purchaserequest/v4/purchaserequests/{$idPathParam}?mode=COMPACT"
                                        verb="GET">
                        <httpHeaders>
                           <header name="Content-Type">application/json</header>
                           <header name="Accept">application/json</header>
                           <header name="Content-Type">{$Content-Type}</header>
                           <header name="Authorization">{$Authorization}</header>
                           <header name="concur-correlationid">{$concur-correlationid}</header>
                        </httpHeaders>
                     </restSimpleBinding>
                  </binding>
                  <output>
                     <field description="Success"
                            entireResponse="true"
                            name="getPurchaseRequestCompact"
                            type="reference">
                        <options>
                           <option name="referenceTo">getPurchaseRequestCompact</option>
                        </options>
                     </field>
                  </output>
               </action>
            </actions>
            <objects>
               <processObject xmlns="http://schemas.active-endpoints.com/appmodules/screenflow/2011/06/avosHostEnvironment.xsd"
                              isByCopy="true"
                              name="lineItem">
                  <description/>
                  <detail>
                     <field name="uoMCode" type="string"/>
                     <field name="description" type="string"/>
                     <field name="neededByDate" type="date"/>
                     <field name="custom20" type="string"/>
                     <field name="purchaseType" type="string"/>
                     <field name="vendorCode" type="string"/>
                     <field name="custom9" type="string"/>
                     <field name="shipping" type="string"/>
                     <field name="custom3" type="string"/>
                     <field name="custom4" type="string"/>
                     <field name="custom1" type="string"/>
                     <field name="custom2" type="string"/>
                     <field name="custom7" type="string"/>
                     <field name="custom8" type="string"/>
                     <field name="supplierPartId" type="string"/>
                     <field name="custom5" type="string"/>
                     <field name="custom6" type="string"/>
                     <field name="vendorAddressCode" type="string"/>
                     <field name="unitPrice" type="string"/>
                     <field name="notesToVendor" type="string"/>
                     <field name="expenseType" type="string"/>
                     <field name="quantity" type="string"/>
                     <field name="comments" type="string"/>
                     <field name="receiptType" type="string"/>
                     <field name="tax" type="string"/>
                     <field name="url" type="string"/>
                     <field name="custom11" type="string"/>
                     <field name="custom10" type="string"/>
                     <field name="custom13" type="string"/>
                     <field name="custom12" type="string"/>
                     <field name="custom15" type="string"/>
                     <field name="custom14" type="string"/>
                     <field name="custom17" type="string"/>
                     <field name="custom16" type="string"/>
                     <field name="custom19" type="string"/>
                     <field name="custom18" type="string"/>
                  </detail>
               </processObject>
               <processObject xmlns="http://schemas.active-endpoints.com/appmodules/screenflow/2011/06/avosHostEnvironment.xsd"
                              isByCopy="true"
                              name="purchaseRequestResponse">
                  <description/>
                  <detail>
                     <field name="id" type="string"/>
                     <field name="uri" type="string"/>
                  </detail>
               </processObject>
               <processObject xmlns="http://schemas.active-endpoints.com/appmodules/screenflow/2011/06/avosHostEnvironment.xsd"
                              isByCopy="true"
                              name="purchaseRequestException">
                  <description/>
                  <detail>
                     <field name="isCleared" type="string"/>
                     <field name="eventCode" type="string"/>
                     <field name="message" type="string"/>
                     <field name="exceptionCode" type="string"/>
                     <field name="prExceptionId" type="string"/>
                  </detail>
               </processObject>
               <processObject xmlns="http://schemas.active-endpoints.com/appmodules/screenflow/2011/06/avosHostEnvironment.xsd"
                              isByCopy="true"
                              name="purchaseOrder">
                  <description/>
                  <detail>
                     <field name="purchaseOrderNumber" type="string"/>
                  </detail>
               </processObject>
               <processObject xmlns="http://schemas.active-endpoints.com/appmodules/screenflow/2011/06/avosHostEnvironment.xsd"
                              isByCopy="true"
                              name="getPurchaseRequestCompact">
                  <description/>
                  <detail>
                     <field name="purchaseRequestNumber" type="string"/>
                     <field name="purchaseRequestQueueStatus" type="string"/>
                     <field name="purchaseRequestId" type="string"/>
                     <field name="purchaseOrders" type="reference">
                        <options>
                           <option name="referenceTo">purchaseOrder</option>
                           <option name="relationshipName">Child</option>
                        </options>
                     </field>
                     <field name="purchaseRequestWorkflowStatus" type="string"/>
                     <field name="purchaseRequestExceptions" type="reference">
                        <options>
                           <option name="referenceTo">purchaseRequestException</option>
                           <option name="relationshipName">Child</option>
                        </options>
                     </field>
                  </detail>
               </processObject>
               <processObject xmlns="http://schemas.active-endpoints.com/appmodules/screenflow/2011/06/avosHostEnvironment.xsd"
                              isByCopy="true"
                              name="error">
                  <description/>
                  <detail>
                     <field name="errorMessage" type="string"/>
                     <field name="errorCode" type="string"/>
                     <field name="dataPath" type="string"/>
                  </detail>
               </processObject>
               <processObject xmlns="http://schemas.active-endpoints.com/appmodules/screenflow/2011/06/avosHostEnvironment.xsd"
                              isByCopy="true"
                              name="purchaseRequest">
                  <description/>
                  <detail>
                     <field name="description" type="string"/>
                     <field name="shipToAddressCode" type="string"/>
                     <field name="custom20" type="string"/>
                     <field name="custom22" type="string"/>
                     <field name="lineItems" type="reference">
                        <options>
                           <option name="referenceTo">lineItem</option>
                           <option name="relationshipName">Child</option>
                        </options>
                     </field>
                     <field name="custom21" type="string"/>
                     <field name="custom9" type="string"/>
                     <field name="custom24" type="string"/>
                     <field name="custom23" type="string"/>
                     <field name="policyExternalId" type="string"/>
                     <field name="notesToSupplier" type="string"/>
                     <field name="custom3" type="string"/>
                     <field name="custom4" type="string"/>
                     <field name="userEmail" type="string"/>
                     <field name="custom1" type="string"/>
                     <field name="custom2" type="string"/>
                     <field name="custom7" type="string"/>
                     <field name="custom8" type="string"/>
                     <field name="custom5" type="string"/>
                     <field name="custom6" type="string"/>
                     <field name="comments" type="string"/>
                     <field name="userId" type="string"/>
                     <field name="userLoginId" type="string"/>
                     <field name="custom11" type="string"/>
                     <field name="custom10" type="string"/>
                     <field name="custom13" type="string"/>
                     <field name="custom12" type="string"/>
                     <field name="billToAddressCode" type="string"/>
                     <field name="custom15" type="string"/>
                     <field name="custom14" type="string"/>
                     <field name="custom17" type="string"/>
                     <field name="custom16" type="string"/>
                     <field name="custom19" type="string"/>
                     <field name="custom18" type="string"/>
                     <field name="currencyCode" type="string"/>
                  </detail>
               </processObject>
               <processObject xmlns="http://schemas.active-endpoints.com/appmodules/screenflow/2011/06/avosHostEnvironment.xsd"
                              isByCopy="true"
                              name="errors">
                  <description/>
                  <detail>
                     <field name="error" type="reference">
                        <options>
                           <option name="referenceTo">error</option>
                           <option name="relationshipName">Child</option>
                        </options>
                     </field>
                  </detail>
               </processObject>
               <processObject xmlns="http://schemas.active-endpoints.com/appmodules/screenflow/2011/06/avosHostEnvironment.xsd"
                              isByCopy="true"
                              name="string">
                  <description/>
                  <detail>
                     <field name="string" type="string"/>
                  </detail>
               </processObject>
               <processObject xmlns="http://schemas.active-endpoints.com/appmodules/screenflow/2011/06/avosHostEnvironment.xsd"
                              isByCopy="true"
                              name="boolean">
                  <description/>
                  <detail>
                     <field name="boolean" type="boolean"/>
                  </detail>
               </processObject>
               <processObject xmlns="http://schemas.active-endpoints.com/appmodules/screenflow/2011/06/avosHostEnvironment.xsd"
                              isByCopy="true"
                              name="double">
                  <description/>
                  <detail>
                     <field name="double" type="double"/>
                  </detail>
               </processObject>
               <processObject xmlns="http://schemas.active-endpoints.com/appmodules/screenflow/2011/06/avosHostEnvironment.xsd"
                              isByCopy="true"
                              name="integer">
                  <description/>
                  <detail>
                     <field name="integer" type="int"/>
                  </detail>
               </processObject>
            </objects>
         </businessConnector>
      </types1:Entry>
      <types1:GUID>e0Hcqeyw3wNlBasJkeypwj</types1:GUID>
      <types1:DisplayName>Concur Purchase Request API v4</types1:DisplayName>
   </types1:Item>
   <types1:CurrentServerDateTime>2019-02-22T09:42:48.007Z</types1:CurrentServerDateTime>
</aetgt:getResponse>
