<connection xmlns="http://schemas.informatica.com/socrates/data-services/2014/04/avosConnections.xsd" xmlns:aetgt="http://schemas.active-endpoints.com/appmodules/repository/2010/10/avrepository.xsd" xmlns:types1="http://schemas.active-endpoints.com/appmodules/repository/2010/10/avrepository.xsd" label="FTPMonitorConnection" name="FTPMonitorConnection"><description/><tags>FTP L&amp;L,.agent:00000J</tags><agent>00000J</agent><attributes><attribute encrypted="false" name="ftpProtocol" value="FTP"/><attribute encrypted="false" name="hostname" value="127.0.0.1"/><attribute encrypted="false" name="port" value=""/><attribute encrypted="false" name="knownHostsFile" value=""/><attribute encrypted="false" name="strictHostKeyChecking" value="false"/><attribute encrypted="false" name="username" value="user1"/><attribute encrypted="true" name="password" value=""/><attribute encrypted="false" name="privateKeyFile" value=""/><attribute encrypted="true" name="privateKeyPassphrase" value=""/><attribute encrypted="false" name="binary" value="Binary"/><attribute encrypted="false" name="compression" value="0"/><attribute encrypted="false" name="passiveMode" value="false"/><attribute encrypted="false" name="stepwise" value="true"/><attribute encrypted="false" name="fastExistsCheck" value="false"/><attribute encrypted="false" name="serverAliveInterval" value="0"/><attribute encrypted="false" name="serverAliveCountMax" value="1"/><attribute encrypted="false" name="connectTimeout" value="10"/><attribute encrypted="false" name="timeout" value="30"/><attribute encrypted="false" name="soTimeout" value="300"/><attribute encrypted="false" name="maximumReconnectAttempts" value="3"/><attribute encrypted="false" name="reconnectDelay" value="1"/><attribute encrypted="false" name="ciphers" value=""/><attribute encrypted="false" name="throwExceptionOnConnectFailed" value="true"/><attribute encrypted="false" name="idempotentReposituryFolder" value="D:\camel_test\ftpdemo\idempotent files"/><attribute encrypted="false" name="clearIdempotentRepositoryOnStart" value="true"/></attributes><consumers><consumer enabled="true" name="AccountsDelimitedParser" typeName="FTPDelimitedContentParser"><description>This event source can be used to monitor FTP folders for new delimited content files such as CSV and parse them.</description><attributes><attribute encrypted="false" name="disconnect" value="false"/><attribute encrypted="false" name="directoryName" value="users"/><attribute encrypted="false" name="recursive" value="false"/><attribute encrypted="false" name="include" value=".*\.csv"/><attribute encrypted="false" name="exclude" value=""/><attribute encrypted="false" name="noop" value="true"/><attribute encrypted="false" name="delete" value="false"/><attribute encrypted="false" name="preMove" value=""/><attribute encrypted="false" name="move" value=""/><attribute encrypted="false" name="moveFailed" value=""/><attribute encrypted="false" name="initialDelay" value="5"/><attribute encrypted="false" name="delay" value="5"/><attribute encrypted="false" name="maxMessagesPerPoll" value=""/><attribute encrypted="false" name="readLock" value="none"/><attribute encrypted="false" name="readLockTimeout" value=""/><attribute encrypted="false" name="readLockCheckInterval" value=""/><attribute encrypted="false" name="readLockMinLength" value=""/><attribute encrypted="false" name="readLockLoggingLevel" value="WARN"/><attribute encrypted="false" name="charset" value=""/><attribute encrypted="false" name="otherAttributes" value=""/><attribute encrypted="false" name="delimiter" value=","/><attribute encrypted="false" name="textQualifier" value="&#34;"/><attribute encrypted="false" name="ignoreFirstRecord" value="true"/><attribute encrypted="false" name="splitRows" value="false"/><attribute encrypted="false" name="useBuiltInProcessObject" value="false"/><attribute encrypted="false" name="customObjectFields" value="Id, First Name, Last Name, Country, City, Phone, Email, Nickname, Password"/></attributes></consumer></consumers><javaConnector xmlns="http://schemas.informatica.com/appmodules/screenflow/2014/04/avosConnectors.xsd" agentOnly="true" plugin="Camel" supportsConnectionTest="true" supportsDataPreview="false" supportsOData="false" type="FTP" uuid="49a3e8d4-71b5-4fbc-b5ad-0774a850e01d"><description>Provides connections to FTP, FTPS and SFTP operation brokers.</description></javaConnector></connection>