<connection xmlns="http://schemas.informatica.com/socrates/data-services/2014/04/avosConnections.xsd" xmlns:aetgt="http://schemas.active-endpoints.com/appmodules/repository/2010/10/avrepository.xsd" xmlns:types1="http://schemas.active-endpoints.com/appmodules/repository/2010/10/avrepository.xsd" label="LocalFileConnection" name="LocalFileConnection"><description/><tags>FTP L&amp;L,.agent:00000J</tags><agent>00000J</agent><attributes/><consumers><consumer enabled="true" name="AccountsXmlMonitor" typeName="FileMonitor"><description>This event source can be used to monitor folders for new files.</description><attributes><attribute encrypted="false" name="directoryName" value="D:\camel_test\ftpdemo\local folder"/><attribute encrypted="false" name="recursive" value="false"/><attribute encrypted="false" name="include" value=".*\.xml"/><attribute encrypted="false" name="exclude" value="temp_.*"/><attribute encrypted="false" name="noop" value="false"/><attribute encrypted="false" name="delete" value="false"/><attribute encrypted="false" name="preMove" value=""/><attribute encrypted="false" name="move" value=".done"/><attribute encrypted="false" name="moveFailed" value=".error"/><attribute encrypted="false" name="initialDelay" value="5"/><attribute encrypted="false" name="delay" value="5"/><attribute encrypted="false" name="maxMessagesPerPoll" value=""/><attribute encrypted="false" name="readLock" value="rename"/><attribute encrypted="false" name="readLockTimeout" value=""/><attribute encrypted="false" name="readLockCheckInterval" value=""/><attribute encrypted="false" name="readLockMinLength" value=""/><attribute encrypted="false" name="readLockLoggingLevel" value="WARN"/><attribute encrypted="false" name="otherAttributes" value=""/></attributes></consumer></consumers><producers><producer enabled="true" name="AccountsWriter" typeName="FileWriter"><description>This event target can be used to write some output to a file.</description><attributes><attribute encrypted="false" name="directoryName" value="D:\camel_test\ftpdemo\local folder"/><attribute encrypted="false" name="fileExist" value="Override"/><attribute encrypted="false" name="moveExisting" value=""/><attribute encrypted="false" name="eagerDeleteTargetFile" value="true"/><attribute encrypted="false" name="tempPrefix" value="temp_"/><attribute encrypted="false" name="tempFileName" value=""/><attribute encrypted="false" name="forceWrites" value="true"/><attribute encrypted="false" name="bufferSize" value=""/><attribute encrypted="false" name="charset" value=""/></attributes></producer></producers><javaConnector xmlns="http://schemas.informatica.com/appmodules/screenflow/2014/04/avosConnectors.xsd" agentOnly="true" plugin="Camel" supportsConnectionTest="true" supportsDataPreview="false" supportsOData="false" type="File" uuid="ac000300-d9fe-11e4-8830-0800200c9a66"><description>Provides connections to file monitoring brokers.</description></javaConnector></connection>