<process xmlns="http://schemas.active-endpoints.com/appmodules/screenflow/2010/10/avosScreenflow.xsd" xmlns:aetgt="http://schemas.active-endpoints.com/appmodules/repository/2010/10/avrepository.xsd" xmlns:list="urn:activevos:spi:list:functions" xmlns:types1="http://schemas.active-endpoints.com/appmodules/repository/2010/10/avrepository.xsd" name="SFTPFileTransferProcess"><appliesTo/><description/><tags>FTP L&amp;L,.agent:00000J</tags><generator>Informatica Process Designer 8</generator><input><parameter name="fileEvent" type="reference"><options><option name="required">false</option><option name="referenceTo">LocalFileConnection:FileInformation</option><option name="isCopy">true</option></options></parameter></input><notes/><deployment suspendOnFault="false" tracingLevel="verbose"><targetLocation>00000J</targetLocation><event eventSource="LocalFileConnection:AccountsXmlMonitor"/></deployment><flow id="a"><start id="b"><link id="ifrzweg4" targetId="ifrzweg3"/></start><service id="ifrzweg3"><title>SFTPFileCopy</title><serviceName>SFTPDemoConnection:SFTPFileCopy</serviceName><serviceInput><parameter name="localFilePath" source="field" updatable="true">input.fileEvent[1]/path</parameter><parameter name="remoteFileName" source="formula"><expression language="XQuery">concat( $input.fileEvent[1]/name, '_copy.xml' )</expression></parameter><parameter name="remoteRelativePath" source="constant">users_xml</parameter></serviceInput><link id="ifrzweg5" targetId="d"/></service><end id="d"/></flow></process>