<process xmlns="http://schemas.active-endpoints.com/appmodules/screenflow/2010/10/avosScreenflow.xsd" xmlns:aetgt="http://schemas.active-endpoints.com/appmodules/repository/2010/10/avrepository.xsd" xmlns:list="urn:activevos:spi:list:functions" xmlns:types1="http://schemas.active-endpoints.com/appmodules/repository/2010/10/avrepository.xsd" name="UserListProcessor"><appliesTo/><description/><tags>FTP L&amp;L,.agent:00000J</tags><generator>Informatica Process Designer 8</generator><input><parameter name="delimitedContent" type="reference"><options><option name="required">false</option><option name="referenceTo">FTPMonitorConnection:AccountsDelimitedParserContent</option><option name="isCopy">true</option></options></parameter></input><tempFields><field name="serializeAccountsReq" type="reference"><options><option name="referenceTo">LocalFileConnection:FileWriteTask</option><option name="required">false</option><option name="isCopy">true</option></options></field></tempFields><notes/><deployment suspendOnFault="false" tracingLevel="verbose"><targetLocation>00000J</targetLocation><event eventSource="FTPMonitorConnection:AccountsDelimitedParser"/></deployment><flow id="a"><start id="b"><link id="ifrywk3y" targetId="ifrywk3x"/></start><assignment id="ifrywk3x"><title>Assignment to Content Format, File name, etc.</title><operation source="constant" to="temp.serializeAccountsReq[1]/format">XML</operation><operation source="formula" to="temp.serializeAccountsReq[1]/fileName"><expression language="XQuery">concat( $input.delimitedContent[1]/fileInfo[1]/name, '.xml' )</expression></operation><operation source="field" to="temp.serializeAccountsReq[1]/objects">input.delimitedContent[1]/record</operation><link id="ifrywk3z" targetId="c"/></assignment><service id="c"><title>FileWriter</title><serviceName>LocalFileConnection:AccountsWriter</serviceName><serviceInput><parameter name="fileWriteTask" source="field" updatable="true">temp.serializeAccountsReq</parameter></serviceInput><link id="link2" targetId="d"/></service><end id="d"/></flow></process>