<aetgt:getResponse xmlns:aetgt="http://schemas.active-endpoints.com/appmodules/repository/2010/10/avrepository.xsd"
                   xmlns:types1="http://schemas.active-endpoints.com/appmodules/repository/2010/10/avrepository.xsd">
   <types1:Item>
      <types1:EntryId>sES7FdpOfTRgpDq-gt-5278925-2019-12-29T10:15:07.129Z::svc.xml</types1:EntryId>
      <types1:Name>Okta_Groups_REST_API_v1</types1:Name>
      <types1:MimeType>application/xml+businesssconnector</types1:MimeType>
      <types1:Description>The [Okta Groups API](/docs/reference/api/groups/) provides operations to manage your organization groups and their user members.</types1:Description>
      <types1:AppliesTo/>
      <types1:Tags/>
      <types1:VersionLabel>1.0</types1:VersionLabel>
      <types1:State>CURRENT</types1:State>
      <types1:ProcessGroup/>
      <types1:CreatedBy>sorabh@na1.dm-us.org</types1:CreatedBy>
      <types1:CreationDate>2019-12-29T10:15:07Z</types1:CreationDate>
      <types1:ModifiedBy/>
      <types1:PublicationStatus>published</types1:PublicationStatus>
      <types1:PublishedBy>sorabh@na1.dm-us.org</types1:PublishedBy>
      <types1:PublicationDate>2019-12-29T10:15:10Z</types1:PublicationDate>
      <types1:PublishedContributionId>project:/rt.connector/Okta_Groups_REST_API_v1/Okta_Groups_REST_API_v1_svcDef.xml</types1:PublishedContributionId>
      <types1:AutosaveExists>false</types1:AutosaveExists>
      <types1:Entry>
         <businessConnector xmlns="http://schemas.informatica.com/socrates/data-services/2014/05/business-connector-model.xsd"
                            agentOnly="false"
                            debug="false"
                            displayName="Okta Groups REST API v1"
                            label=""
                            name="Okta_Groups_REST_API_v1"
                            uuid="e60bb7f0-8949-49bd-88bd-a505b6463f74">
            <description>The [Okta Groups API](/docs/reference/api/groups/) provides operations to manage your organization groups and their user members.</description>
            <tags/>
            <connectionAttributes xmlns="http://schemas.informatica.com/appmodules/screenflow/2014/04/avosConnectors.xsd">
               <connectionAttribute description="Host Name"
                                    masked="false"
                                    name="hostName"
                                    required="true"
                                    testWith="example.com"
                                    type="string"/>
            </connectionAttributes>
            <actions>
               <action category="Group Operations"
                       failOnError="true"
                       forSearch="false"
                       label="AddGroup"
                       maxRedirects="100"
                       name="AddGroup"
                       preemptiveAuth="true"
                       responseEncoding="">
                  <description>Add Group. TODO: Add Description</description>
                  <input>
                     <parameter label="Authorization"
                                name="Authorization"
                                nogen="true"
                                required="true"
                                testWith=""
                                type="string"/>
                     <parameter label="Body"
                                name="Body"
                                required="true"
                                testWith=""
                                type="reference">
                        <options>
                           <option name="referenceTo">AddGroupRequest</option>
                        </options>
                     </parameter>
                  </input>
                  <binding>
                     <restSimpleBinding multiUsing="semicolonSeparated"
                                        url="http://{$hostName}/api/v1/groups"
                                        verb="POST">
                        <httpHeaders>
                           <header name="Content-Type">application/json</header>
                           <header name="Accept">application/json</header>
                           <header name="Authorization">{$Authorization}</header>
                        </httpHeaders>
                        <body generateUsing="UnwrappedJSON" preserveJsonStringFormatting="false"/>
                     </restSimpleBinding>
                  </binding>
                  <output/>
               </action>
               <action category="Group Operations"
                       failOnError="true"
                       forSearch="false"
                       label="ListGroups"
                       maxRedirects="100"
                       name="ListGroups"
                       preemptiveAuth="true"
                       responseEncoding="">
                  <description>List Groups. TODO: Add Description</description>
                  <input>
                     <parameter label="Authorization"
                                name="Authorization"
                                nogen="true"
                                required="true"
                                testWith=""
                                type="string"/>
                  </input>
                  <binding>
                     <restSimpleBinding multiUsing="semicolonSeparated"
                                        url="http://{$hostName}/api/v1/groups"
                                        verb="GET">
                        <httpHeaders>
                           <header name="Content-Type">application/json</header>
                           <header name="Accept">application/json</header>
                           <header name="Authorization">{$Authorization}</header>
                        </httpHeaders>
                     </restSimpleBinding>
                  </binding>
                  <output/>
               </action>
               <action category="Group Operations"
                       failOnError="true"
                       forSearch="false"
                       label="GetGroup"
                       maxRedirects="100"
                       name="GetGroup"
                       preemptiveAuth="true"
                       responseEncoding="">
                  <description>Get Group. TODO: Add Description</description>
                  <input>
                     <parameter label="Authorization"
                                name="Authorization"
                                nogen="true"
                                required="true"
                                testWith=""
                                type="string"/>
                     <parameter label="groupIdPathParam"
                                name="groupIdPathParam"
                                nogen="true"
                                required="true"
                                testWith=""
                                type="string"/>
                  </input>
                  <binding>
                     <restSimpleBinding multiUsing="semicolonSeparated"
                                        url="http://{$hostName}/api/v1/groups/{$groupIdPathParam}"
                                        verb="GET">
                        <httpHeaders>
                           <header name="Content-Type">application/json</header>
                           <header name="Accept">application/json</header>
                           <header name="Authorization">{$Authorization}</header>
                        </httpHeaders>
                     </restSimpleBinding>
                  </binding>
                  <output/>
               </action>
               <action category="Group Operations"
                       failOnError="true"
                       forSearch="false"
                       label="RemoveGroup"
                       maxRedirects="100"
                       name="RemoveGroup"
                       preemptiveAuth="true"
                       responseEncoding="">
                  <description>Remove Group. TODO: Add Description</description>
                  <input>
                     <parameter label="Authorization"
                                name="Authorization"
                                nogen="true"
                                required="true"
                                testWith=""
                                type="string"/>
                     <parameter label="groupIdPathParam"
                                name="groupIdPathParam"
                                nogen="true"
                                required="true"
                                testWith=""
                                type="string"/>
                  </input>
                  <binding>
                     <restSimpleBinding multiUsing="semicolonSeparated"
                                        url="http://{$hostName}/api/v1/groups/{$groupIdPathParam}"
                                        verb="DELETE">
                        <httpHeaders>
                           <header name="Content-Type">application/json</header>
                           <header name="Accept">application/json</header>
                           <header name="Authorization">{$Authorization}</header>
                        </httpHeaders>
                     </restSimpleBinding>
                  </binding>
                  <output/>
               </action>
               <action category="Group Operations"
                       failOnError="true"
                       forSearch="false"
                       label="UpdateGroup"
                       maxRedirects="100"
                       name="UpdateGroup"
                       preemptiveAuth="true"
                       responseEncoding="">
                  <description>Update Group. TODO: Add Description</description>
                  <input>
                     <parameter label="Authorization"
                                name="Authorization"
                                nogen="true"
                                required="true"
                                testWith=""
                                type="string"/>
                     <parameter label="Body"
                                name="Body"
                                required="true"
                                testWith=""
                                type="reference">
                        <options>
                           <option name="referenceTo">UpdateGroupRequest</option>
                        </options>
                     </parameter>
                     <parameter label="groupIdPathParam"
                                name="groupIdPathParam"
                                nogen="true"
                                required="true"
                                testWith=""
                                type="string"/>
                  </input>
                  <binding>
                     <restSimpleBinding multiUsing="semicolonSeparated"
                                        url="http://{$hostName}/api/v1/groups/{$groupIdPathParam}"
                                        verb="PUT">
                        <httpHeaders>
                           <header name="Content-Type">application/json</header>
                           <header name="Accept">application/json</header>
                           <header name="Authorization">{$Authorization}</header>
                        </httpHeaders>
                        <body generateUsing="UnwrappedJSON" preserveJsonStringFormatting="false"/>
                     </restSimpleBinding>
                  </binding>
                  <output/>
               </action>
               <action category="Group Rule Operations"
                       failOnError="true"
                       forSearch="false"
                       label="Getrule"
                       maxRedirects="100"
                       name="Getrule"
                       preemptiveAuth="true"
                       responseEncoding="">
                  <description>Get rule. TODO: Add Description</description>
                  <input>
                     <parameter label="expand"
                                name="expand"
                                required="true"
                                testWith=""
                                type="string"/>
                     <parameter label="Authorization"
                                name="Authorization"
                                nogen="true"
                                required="true"
                                testWith=""
                                type="string"/>
                     <parameter label="idPathParam"
                                name="idPathParam"
                                nogen="true"
                                required="true"
                                testWith=""
                                type="string"/>
                  </input>
                  <binding>
                     <restSimpleBinding multiUsing="semicolonSeparated"
                                        url="http://{$hostName}/api/v1/groups/rules/{$idPathParam}"
                                        verb="GET">
                        <httpHeaders>
                           <header name="Content-Type">application/json</header>
                           <header name="Accept">application/json</header>
                           <header name="Authorization">{$Authorization}</header>
                        </httpHeaders>
                     </restSimpleBinding>
                  </binding>
                  <output/>
               </action>
               <action category="Group Rule Operations"
                       failOnError="true"
                       forSearch="false"
                       label="Deleteruleandremoveusersfromthegroup"
                       maxRedirects="100"
                       name="Deleteruleandremoveusersfromthegroup"
                       preemptiveAuth="true"
                       responseEncoding="">
                  <description>Delete rule and remove users from the group. TODO: Add Description</description>
                  <input>
                     <parameter label="removeUsers"
                                name="removeUsers"
                                required="true"
                                testWith=""
                                type="boolean"/>
                     <parameter label="Authorization"
                                name="Authorization"
                                nogen="true"
                                required="true"
                                testWith=""
                                type="string"/>
                     <parameter label="idPathParam"
                                name="idPathParam"
                                nogen="true"
                                required="true"
                                testWith=""
                                type="string"/>
                  </input>
                  <binding>
                     <restSimpleBinding multiUsing="semicolonSeparated"
                                        url="http://{$hostName}/api/v1/groups/rules/{$idPathParam}"
                                        verb="DELETE">
                        <httpHeaders>
                           <header name="Content-Type">application/json</header>
                           <header name="Accept">application/json</header>
                           <header name="Authorization">{$Authorization}</header>
                        </httpHeaders>
                     </restSimpleBinding>
                  </binding>
                  <output/>
               </action>
               <action category="Group Rule Operations"
                       failOnError="true"
                       forSearch="false"
                       label="Updateruleusingbasiccondition"
                       maxRedirects="100"
                       name="Updateruleusingbasiccondition"
                       preemptiveAuth="true"
                       responseEncoding="">
                  <description>Update rule using basic condition. TODO: Add Description</description>
                  <input>
                     <parameter label="Authorization"
                                name="Authorization"
                                nogen="true"
                                required="true"
                                testWith=""
                                type="string"/>
                     <parameter label="Body"
                                name="Body"
                                required="true"
                                testWith=""
                                type="reference">
                        <options>
                           <option name="referenceTo">UpdateruleusingbasicconditionRequest</option>
                        </options>
                     </parameter>
                     <parameter label="idPathParam"
                                name="idPathParam"
                                nogen="true"
                                required="true"
                                testWith=""
                                type="string"/>
                  </input>
                  <binding>
                     <restSimpleBinding multiUsing="semicolonSeparated"
                                        url="http://{$hostName}/api/v1/groups/rules/{$idPathParam}"
                                        verb="PUT">
                        <httpHeaders>
                           <header name="Content-Type">application/json</header>
                           <header name="Accept">application/json</header>
                           <header name="Authorization">{$Authorization}</header>
                        </httpHeaders>
                        <body generateUsing="UnwrappedJSON" preserveJsonStringFormatting="false"/>
                     </restSimpleBinding>
                  </binding>
                  <output/>
               </action>
               <action category="Related Resources"
                       failOnError="true"
                       forSearch="false"
                       label="ListAssignedApplications"
                       maxRedirects="100"
                       name="ListAssignedApplications"
                       preemptiveAuth="true"
                       responseEncoding="">
                  <description>List Assigned Applications. TODO: Add Description</description>
                  <input>
                     <parameter label="Authorization"
                                name="Authorization"
                                nogen="true"
                                required="true"
                                testWith=""
                                type="string"/>
                     <parameter label="groupIdPathParam"
                                name="groupIdPathParam"
                                nogen="true"
                                required="true"
                                testWith=""
                                type="string"/>
                  </input>
                  <binding>
                     <restSimpleBinding multiUsing="semicolonSeparated"
                                        url="http://{$hostName}/api/v1/groups/{$groupIdPathParam}/apps"
                                        verb="GET">
                        <httpHeaders>
                           <header name="Content-Type">application/json</header>
                           <header name="Accept">application/json</header>
                           <header name="Authorization">{$Authorization}</header>
                        </httpHeaders>
                     </restSimpleBinding>
                  </binding>
                  <output/>
               </action>
               <action category="Group Rule Operations"
                       failOnError="true"
                       forSearch="false"
                       label="CreateruleusingOktaExpressionLanguage"
                       maxRedirects="100"
                       name="CreateruleusingOktaExpressionLanguage"
                       preemptiveAuth="true"
                       responseEncoding="">
                  <description>Create rule using Okta Expression Language. TODO: Add Description</description>
                  <input>
                     <parameter label="Authorization"
                                name="Authorization"
                                nogen="true"
                                required="true"
                                testWith=""
                                type="string"/>
                     <parameter label="Body"
                                name="Body"
                                required="true"
                                testWith=""
                                type="reference">
                        <options>
                           <option name="referenceTo">CreateruleusingOktaExpressionLanguageRequest</option>
                        </options>
                     </parameter>
                  </input>
                  <binding>
                     <restSimpleBinding multiUsing="semicolonSeparated"
                                        url="http://{$hostName}/api/v1/groups/rules"
                                        verb="POST">
                        <httpHeaders>
                           <header name="Content-Type">application/json</header>
                           <header name="Accept">application/json</header>
                           <header name="Authorization">{$Authorization}</header>
                        </httpHeaders>
                        <body generateUsing="UnwrappedJSON" preserveJsonStringFormatting="false"/>
                     </restSimpleBinding>
                  </binding>
                  <output/>
               </action>
               <action category="Group Rule Operations"
                       failOnError="true"
                       forSearch="false"
                       label="Listruleswithafter"
                       maxRedirects="100"
                       name="Listruleswithafter"
                       preemptiveAuth="true"
                       responseEncoding="">
                  <description>List rules with after. TODO: Add Description</description>
                  <input>
                     <parameter label="after"
                                name="after"
                                required="true"
                                testWith=""
                                type="string"/>
                     <parameter label="Authorization"
                                name="Authorization"
                                nogen="true"
                                required="true"
                                testWith=""
                                type="string"/>
                  </input>
                  <binding>
                     <restSimpleBinding multiUsing="semicolonSeparated"
                                        url="http://{$hostName}/api/v1/groups/rules"
                                        verb="GET">
                        <httpHeaders>
                           <header name="Content-Type">application/json</header>
                           <header name="Accept">application/json</header>
                           <header name="Authorization">{$Authorization}</header>
                        </httpHeaders>
                     </restSimpleBinding>
                  </binding>
                  <output/>
               </action>
               <action category="Group Member Operations"
                       failOnError="true"
                       forSearch="false"
                       label="RemoveUserfromGroup"
                       maxRedirects="100"
                       name="RemoveUserfromGroup"
                       preemptiveAuth="true"
                       responseEncoding="">
                  <description>Remove User from Group. TODO: Add Description</description>
                  <input>
                     <parameter label="Authorization"
                                name="Authorization"
                                nogen="true"
                                required="true"
                                testWith=""
                                type="string"/>
                     <parameter label="groupIdPathParam"
                                name="groupIdPathParam"
                                nogen="true"
                                required="true"
                                testWith=""
                                type="string"/>
                     <parameter label="userIdPathParam"
                                name="userIdPathParam"
                                nogen="true"
                                required="true"
                                testWith=""
                                type="string"/>
                  </input>
                  <binding>
                     <restSimpleBinding multiUsing="semicolonSeparated"
                                        url="http://{$hostName}/api/v1/groups/{$groupIdPathParam}/users/{$userIdPathParam}"
                                        verb="DELETE">
                        <httpHeaders>
                           <header name="Content-Type">application/json</header>
                           <header name="Accept">application/json</header>
                           <header name="Authorization">{$Authorization}</header>
                        </httpHeaders>
                     </restSimpleBinding>
                  </binding>
                  <output/>
               </action>
               <action category="Group Member Operations"
                       failOnError="true"
                       forSearch="false"
                       label="AddUsertoGroup"
                       maxRedirects="100"
                       name="AddUsertoGroup"
                       preemptiveAuth="true"
                       responseEncoding="">
                  <description>Add User to Group. TODO: Add Description</description>
                  <input>
                     <parameter label="Authorization"
                                name="Authorization"
                                nogen="true"
                                required="true"
                                testWith=""
                                type="string"/>
                     <parameter label="groupIdPathParam"
                                name="groupIdPathParam"
                                nogen="true"
                                required="true"
                                testWith=""
                                type="string"/>
                     <parameter label="userIdPathParam"
                                name="userIdPathParam"
                                nogen="true"
                                required="true"
                                testWith=""
                                type="string"/>
                  </input>
                  <binding>
                     <restSimpleBinding multiUsing="semicolonSeparated"
                                        url="http://{$hostName}/api/v1/groups/{$groupIdPathParam}/users/{$userIdPathParam}"
                                        verb="PUT">
                        <httpHeaders>
                           <header name="Content-Type">application/json</header>
                           <header name="Accept">application/json</header>
                           <header name="Authorization">{$Authorization}</header>
                        </httpHeaders>
                        <body generateUsing="UnwrappedJSON" preserveJsonStringFormatting="false"/>
                     </restSimpleBinding>
                  </binding>
                  <output/>
               </action>
               <action category="Group Rule Operations"
                       failOnError="true"
                       forSearch="false"
                       label="Deactivaterule"
                       maxRedirects="100"
                       name="Deactivaterule"
                       preemptiveAuth="true"
                       responseEncoding="">
                  <description>Deactivate rule. TODO: Add Description</description>
                  <input>
                     <parameter label="Authorization"
                                name="Authorization"
                                nogen="true"
                                required="true"
                                testWith=""
                                type="string"/>
                     <parameter label="idPathParam"
                                name="idPathParam"
                                nogen="true"
                                required="true"
                                testWith=""
                                type="string"/>
                  </input>
                  <binding>
                     <restSimpleBinding multiUsing="semicolonSeparated"
                                        url="http://{$hostName}/api/v1/groups/rules/{$idPathParam}/lifecycle/deactivate"
                                        verb="POST">
                        <httpHeaders>
                           <header name="Content-Type">application/json</header>
                           <header name="Accept">application/json</header>
                           <header name="Authorization">{$Authorization}</header>
                        </httpHeaders>
                        <body generateUsing="UnwrappedJSON" preserveJsonStringFormatting="false"/>
                     </restSimpleBinding>
                  </binding>
                  <output/>
               </action>
               <action category="Group Rule Operations"
                       failOnError="true"
                       forSearch="false"
                       label="Activaterule"
                       maxRedirects="100"
                       name="Activaterule"
                       preemptiveAuth="true"
                       responseEncoding="">
                  <description>Activate rule. TODO: Add Description</description>
                  <input>
                     <parameter label="idPathParam"
                                name="idPathParam"
                                nogen="true"
                                required="true"
                                testWith=""
                                type="string"/>
                  </input>
                  <binding>
                     <restSimpleBinding multiUsing="semicolonSeparated"
                                        url="http://{$hostName}/api/v1/groups/rules/{$idPathParam}/lifecycle/activate"
                                        verb="POST">
                        <httpHeaders>
                           <header name="Content-Type">application/json</header>
                           <header name="Accept">application/json</header>
                        </httpHeaders>
                        <body generateUsing="UnwrappedJSON" preserveJsonStringFormatting="false"/>
                     </restSimpleBinding>
                  </binding>
                  <output/>
               </action>
               <action category="Group Member Operations"
                       failOnError="true"
                       forSearch="false"
                       label="ListGroupMembersUsers"
                       maxRedirects="100"
                       name="ListGroupMembersUsers"
                       preemptiveAuth="true"
                       responseEncoding="">
                  <description>List Group Members (Users). TODO: Add Description</description>
                  <input>
                     <parameter label="Authorization"
                                name="Authorization"
                                nogen="true"
                                required="true"
                                testWith=""
                                type="string"/>
                     <parameter label="groupIdPathParam"
                                name="groupIdPathParam"
                                nogen="true"
                                required="true"
                                testWith=""
                                type="string"/>
                  </input>
                  <binding>
                     <restSimpleBinding multiUsing="semicolonSeparated"
                                        url="http://{$hostName}/api/v1/groups/{$groupIdPathParam}/users"
                                        verb="GET">
                        <httpHeaders>
                           <header name="Content-Type">application/json</header>
                           <header name="Accept">application/json</header>
                           <header name="Authorization">{$Authorization}</header>
                        </httpHeaders>
                     </restSimpleBinding>
                  </binding>
                  <output/>
               </action>
            </actions>
            <objects>
               <processObject xmlns="http://schemas.active-endpoints.com/appmodules/screenflow/2011/06/avosHostEnvironment.xsd"
                              isByCopy="true"
                              name="AssignUserToGroups">
                  <description/>
                  <detail>
                     <field name="groupIds" type="objectlist">
                        <options>
                           <option name="referenceTo">string</option>
                           <option name="relationshipName">Child</option>
                        </options>
                     </field>
                  </detail>
               </processObject>
               <processObject xmlns="http://schemas.active-endpoints.com/appmodules/screenflow/2011/06/avosHostEnvironment.xsd"
                              isByCopy="true"
                              name="Actions">
                  <description/>
                  <detail>
                     <field name="assignUserToGroups" type="reference">
                        <options>
                           <option name="referenceTo">AssignUserToGroups</option>
                           <option name="relationshipName">Child</option>
                        </options>
                     </field>
                  </detail>
               </processObject>
               <processObject xmlns="http://schemas.active-endpoints.com/appmodules/screenflow/2011/06/avosHostEnvironment.xsd"
                              isByCopy="true"
                              name="People">
                  <description/>
                  <detail>
                     <field name="users" type="reference">
                        <options>
                           <option name="referenceTo">Users</option>
                           <option name="relationshipName">Child</option>
                        </options>
                     </field>
                  </detail>
               </processObject>
               <processObject xmlns="http://schemas.active-endpoints.com/appmodules/screenflow/2011/06/avosHostEnvironment.xsd"
                              isByCopy="true"
                              name="UpdateruleusingOktaExpressionLanguageRequest">
                  <description/>
                  <detail>
                     <field name="name" type="string"/>
                     <field name="type" type="string"/>
                     <field name="conditions" type="reference">
                        <options>
                           <option name="referenceTo">Conditions2</option>
                           <option name="relationshipName">Child</option>
                        </options>
                     </field>
                     <field name="actions" type="reference">
                        <options>
                           <option name="referenceTo">Actions</option>
                           <option name="relationshipName">Child</option>
                        </options>
                     </field>
                  </detail>
               </processObject>
               <processObject xmlns="http://schemas.active-endpoints.com/appmodules/screenflow/2011/06/avosHostEnvironment.xsd"
                              isByCopy="true"
                              name="Users">
                  <description/>
                  <detail>
                     <field name="exclude" type="objectlist">
                        <options>
                           <option name="referenceTo">string</option>
                           <option name="relationshipName">Child</option>
                        </options>
                     </field>
                  </detail>
               </processObject>
               <processObject xmlns="http://schemas.active-endpoints.com/appmodules/screenflow/2011/06/avosHostEnvironment.xsd"
                              isByCopy="true"
                              name="Profile">
                  <description/>
                  <detail>
                     <field name="name" type="string"/>
                     <field name="description" type="string"/>
                  </detail>
               </processObject>
               <processObject xmlns="http://schemas.active-endpoints.com/appmodules/screenflow/2011/06/avosHostEnvironment.xsd"
                              isByCopy="true"
                              name="Conditions">
                  <description/>
                  <detail>
                     <field name="expression" type="reference">
                        <options>
                           <option name="referenceTo">Expression</option>
                           <option name="relationshipName">Child</option>
                        </options>
                     </field>
                  </detail>
               </processObject>
               <processObject xmlns="http://schemas.active-endpoints.com/appmodules/screenflow/2011/06/avosHostEnvironment.xsd"
                              isByCopy="true"
                              name="UpdateGroupRequest">
                  <description/>
                  <detail>
                     <field name="profile" type="reference">
                        <options>
                           <option name="referenceTo">Profile</option>
                           <option name="relationshipName">Child</option>
                        </options>
                     </field>
                  </detail>
               </processObject>
               <processObject xmlns="http://schemas.active-endpoints.com/appmodules/screenflow/2011/06/avosHostEnvironment.xsd"
                              isByCopy="true"
                              name="CreateruleusingOktaExpressionLanguageRequest">
                  <description/>
                  <detail>
                     <field name="name" type="string"/>
                     <field name="type" type="string"/>
                     <field name="conditions" type="reference">
                        <options>
                           <option name="referenceTo">Conditions</option>
                           <option name="relationshipName">Child</option>
                        </options>
                     </field>
                     <field name="actions" type="reference">
                        <options>
                           <option name="referenceTo">Actions</option>
                           <option name="relationshipName">Child</option>
                        </options>
                     </field>
                  </detail>
               </processObject>
               <processObject xmlns="http://schemas.active-endpoints.com/appmodules/screenflow/2011/06/avosHostEnvironment.xsd"
                              isByCopy="true"
                              name="CreateruleandexcludeusersRequest">
                  <description/>
                  <detail>
                     <field name="name" type="string"/>
                     <field name="type" type="string"/>
                     <field name="conditions" type="reference">
                        <options>
                           <option name="referenceTo">Conditions2</option>
                           <option name="relationshipName">Child</option>
                        </options>
                     </field>
                     <field name="actions" type="reference">
                        <options>
                           <option name="referenceTo">Actions</option>
                           <option name="relationshipName">Child</option>
                        </options>
                     </field>
                  </detail>
               </processObject>
               <processObject xmlns="http://schemas.active-endpoints.com/appmodules/screenflow/2011/06/avosHostEnvironment.xsd"
                              isByCopy="true"
                              name="UpdateruleusingbasicconditionRequest">
                  <description/>
                  <detail>
                     <field name="name" type="string"/>
                     <field name="type" type="string"/>
                     <field name="conditions" type="reference">
                        <options>
                           <option name="referenceTo">Conditions2</option>
                           <option name="relationshipName">Child</option>
                        </options>
                     </field>
                     <field name="actions" type="reference">
                        <options>
                           <option name="referenceTo">Actions</option>
                           <option name="relationshipName">Child</option>
                        </options>
                     </field>
                  </detail>
               </processObject>
               <processObject xmlns="http://schemas.active-endpoints.com/appmodules/screenflow/2011/06/avosHostEnvironment.xsd"
                              isByCopy="true"
                              name="Expression">
                  <description/>
                  <detail>
                     <field name="type" type="string"/>
                     <field name="value" type="string"/>
                  </detail>
               </processObject>
               <processObject xmlns="http://schemas.active-endpoints.com/appmodules/screenflow/2011/06/avosHostEnvironment.xsd"
                              isByCopy="true"
                              name="Conditions2">
                  <description/>
                  <detail>
                     <field name="expression" type="reference">
                        <options>
                           <option name="referenceTo">Expression</option>
                           <option name="relationshipName">Child</option>
                        </options>
                     </field>
                     <field name="people" type="reference">
                        <options>
                           <option name="referenceTo">People</option>
                           <option name="relationshipName">Child</option>
                        </options>
                     </field>
                  </detail>
               </processObject>
               <processObject xmlns="http://schemas.active-endpoints.com/appmodules/screenflow/2011/06/avosHostEnvironment.xsd"
                              isByCopy="true"
                              name="CreateruleusingbasicconditionRequest">
                  <description/>
                  <detail>
                     <field name="name" type="string"/>
                     <field name="type" type="string"/>
                     <field name="conditions" type="reference">
                        <options>
                           <option name="referenceTo">Conditions</option>
                           <option name="relationshipName">Child</option>
                        </options>
                     </field>
                     <field name="actions" type="reference">
                        <options>
                           <option name="referenceTo">Actions</option>
                           <option name="relationshipName">Child</option>
                        </options>
                     </field>
                  </detail>
               </processObject>
               <processObject xmlns="http://schemas.active-endpoints.com/appmodules/screenflow/2011/06/avosHostEnvironment.xsd"
                              isByCopy="true"
                              name="AddGroupRequest">
                  <description/>
                  <detail>
                     <field name="profile" type="reference">
                        <options>
                           <option name="referenceTo">Profile</option>
                           <option name="relationshipName">Child</option>
                        </options>
                     </field>
                  </detail>
               </processObject>
               <processObject xmlns="http://schemas.active-endpoints.com/appmodules/screenflow/2011/06/avosHostEnvironment.xsd"
                              isByCopy="true"
                              name="string">
                  <description/>
                  <detail>
                     <field name="string" type="string"/>
                  </detail>
               </processObject>
               <processObject xmlns="http://schemas.active-endpoints.com/appmodules/screenflow/2011/06/avosHostEnvironment.xsd"
                              isByCopy="true"
                              name="boolean">
                  <description/>
                  <detail>
                     <field name="boolean" type="boolean"/>
                  </detail>
               </processObject>
               <processObject xmlns="http://schemas.active-endpoints.com/appmodules/screenflow/2011/06/avosHostEnvironment.xsd"
                              isByCopy="true"
                              name="double">
                  <description/>
                  <detail>
                     <field name="double" type="double"/>
                  </detail>
               </processObject>
               <processObject xmlns="http://schemas.active-endpoints.com/appmodules/screenflow/2011/06/avosHostEnvironment.xsd"
                              isByCopy="true"
                              name="integer">
                  <description/>
                  <detail>
                     <field name="integer" type="int"/>
                  </detail>
               </processObject>
            </objects>
         </businessConnector>
      </types1:Entry>
      <types1:GUID>6M4mUAeLRmYfZQ4yznmxo5</types1:GUID>
      <types1:DisplayName>Okta Groups REST API v1</types1:DisplayName>
   </types1:Item>
   <types1:CurrentServerDateTime>2019-12-29T10:34:05.359Z</types1:CurrentServerDateTime>
</aetgt:getResponse>
