<aetgt:getResponse xmlns:aetgt="http://schemas.active-endpoints.com/appmodules/repository/2010/10/avrepository.xsd"
                   xmlns:types1="http://schemas.active-endpoints.com/appmodules/repository/2010/10/avrepository.xsd">
   <types1:Item>
      <types1:EntryId>uOKx6I1dq2ME9pa-gt-3085544-2019-02-18T03:58:55.326Z::svc.xml</types1:EntryId>
      <types1:Name>Oracle_Eloqua_Marketing_Cloud_Service_Opportunity_Bulk_API_v2</types1:Name>
      <types1:MimeType>application/xml+businesssconnector</types1:MimeType>
      <types1:Description>Bulk Api Opportunity Endpoints</types1:Description>
      <types1:AppliesTo/>
      <types1:Tags/>
      <types1:VersionLabel>1.0</types1:VersionLabel>
      <types1:State>CURRENT</types1:State>
      <types1:ProcessGroup/>
      <types1:CreatedBy>sorabh@na1.dm-us.org</types1:CreatedBy>
      <types1:CreationDate>2019-02-18T03:58:55Z</types1:CreationDate>
      <types1:ModifiedBy/>
      <types1:PublicationStatus>published</types1:PublicationStatus>
      <types1:PublishedBy>sorabh@na1.dm-us.org</types1:PublishedBy>
      <types1:PublicationDate>2019-02-18T03:59:03Z</types1:PublicationDate>
      <types1:PublishedContributionId>project:/rt.connector/Oracle_Eloqua_Marketing_Cloud_Service_Opportunity_Bulk_API_v2/Oracle_Eloqua_Marketing_Cloud_Service_Opportunity_Bulk_API_v2_svcDef.xml</types1:PublishedContributionId>
      <types1:AutosaveExists>false</types1:AutosaveExists>
      <types1:Entry>
         <businessConnector xmlns="http://schemas.informatica.com/socrates/data-services/2014/05/business-connector-model.xsd"
                            agentOnly="false"
                            debug="false"
                            displayName="Oracle Eloqua Marketing Cloud Service Opportunity Bulk API v2"
                            label=""
                            name="Oracle_Eloqua_Marketing_Cloud_Service_Opportunity_Bulk_API_v2"
                            uuid="6b5f5405-60e9-4297-93f8-3d3be6676999">
            <description>Bulk Api Opportunity Endpoints</description>
            <tags/>
            <connectionAttributes xmlns="http://schemas.informatica.com/appmodules/screenflow/2014/04/avosConnectors.xsd">
               <connectionAttribute description="Host Name"
                                    masked="false"
                                    name="hostName"
                                    required="true"
                                    testWith="apicatalog.oraclecloud.com"
                                    type="string"/>
            </connectionAttributes>
            <actions>
               <action category="Bulk/2.0/opportunities"
                       failOnError="true"
                       forSearch="false"
                       label="GetOpportunityContactLinkageImportIndividual"
                       maxRedirects="100"
                       name="GetOpportunityContactLinkageImportIndividual"
                       preemptiveAuth="true"
                       responseEncoding="">
                  <description>Retrieve an opportunity contact linkage import definition. Retrieves an opportunity contact linkage import definition. For more information about using these endpoints, see, &lt;a href='https://docs.oracle.com/cloud/latest/marketingcs_gs/OMCAB/index.html#CSHID=Opportunities'&gt;using the opportunities endpoints&lt;/a&gt;.</description>
                  <input>
                     <parameter description="The opportunity contact linkage import definition's resource identification number."
                                label="idPathParam"
                                name="idPathParam"
                                nogen="true"
                                required="true"
                                testWith=""
                                type="int"/>
                  </input>
                  <binding>
                     <restSimpleBinding multiUsing="semicolonSeparated"
                                        url="https://{$hostName}/api/bulk/2.0/opportunities/contacts/imports/{$idPathParam}"
                                        verb="GET">
                        <httpHeaders>
                           <header name="Content-Type">application/json</header>
                           <header name="Accept">application/json</header>
                        </httpHeaders>
                     </restSimpleBinding>
                  </binding>
                  <output/>
               </action>
               <action category="Bulk/2.0/opportunities"
                       failOnError="true"
                       forSearch="false"
                       label="DeleteOpportunityContactLinkageImportIndividual"
                       maxRedirects="100"
                       name="DeleteOpportunityContactLinkageImportIndividual"
                       preemptiveAuth="true"
                       responseEncoding="">
                  <description>Delete an opportunity contact linkage import definition. Deletes an opportunity contact linkage import definition. For more information about using these endpoints, see, &lt;a href='https://docs.oracle.com/cloud/latest/marketingcs_gs/OMCAB/index.html#CSHID=Opportunities'&gt;using the opportunities endpoints&lt;/a&gt;.</description>
                  <input>
                     <parameter description="The opportunity contact linkage import definition's resource identification number."
                                label="idPathParam"
                                name="idPathParam"
                                nogen="true"
                                required="true"
                                testWith=""
                                type="int"/>
                  </input>
                  <binding>
                     <restSimpleBinding multiUsing="semicolonSeparated"
                                        url="https://{$hostName}/api/bulk/2.0/opportunities/contacts/imports/{$idPathParam}"
                                        verb="DELETE">
                        <httpHeaders>
                           <header name="Content-Type">application/json</header>
                           <header name="Accept">application/json</header>
                        </httpHeaders>
                     </restSimpleBinding>
                  </binding>
                  <output/>
               </action>
               <action category="Bulk/2.0/opportunities"
                       failOnError="true"
                       forSearch="false"
                       label="PutOpportunityContactLinkageImportIndividual"
                       maxRedirects="100"
                       name="PutOpportunityContactLinkageImportIndividual"
                       preemptiveAuth="true"
                       responseEncoding="">
                  <description>Update an opportunity contact linkage import definition. Updates an opportunity contact linkage import definition. For more information about using these endpoints, see, &lt;a href='https://docs.oracle.com/cloud/latest/marketingcs_gs/OMCAB/index.html#CSHID=Opportunities'&gt;using the opportunities endpoints&lt;/a&gt;.</description>
                  <input>
                     <parameter description="The opportunity contact linkage import definition's resource identification number."
                                label="idPathParam"
                                name="idPathParam"
                                nogen="true"
                                required="true"
                                testWith=""
                                type="int"/>
                     <parameter description="The request body contains details of the opportunity contact linkage import definition."
                                label="OpportunityContactLinkageImportIndividual"
                                name="OpportunityContactLinkageImportIndividual"
                                required="true"
                                testWith=""
                                type="reference">
                        <options>
                           <option name="referenceTo"/>
                        </options>
                     </parameter>
                  </input>
                  <binding>
                     <restSimpleBinding multiUsing="semicolonSeparated"
                                        url="https://{$hostName}/api/bulk/2.0/opportunities/contacts/imports/{$idPathParam}"
                                        verb="PUT">
                        <httpHeaders>
                           <header name="Content-Type">application/json</header>
                           <header name="Accept">application/json</header>
                        </httpHeaders>
                        <body generateUsing="UnwrappedJSON" preserveJsonStringFormatting="false"/>
                     </restSimpleBinding>
                  </binding>
                  <output/>
               </action>
               <action category="Bulk/2.0/opportunities"
                       failOnError="true"
                       forSearch="false"
                       label="PostOpportunityImportIndividual"
                       maxRedirects="100"
                       name="PostOpportunityImportIndividual"
                       preemptiveAuth="true"
                       responseEncoding="">
                  <description>Create an opportunity import definition. Creates an opportunity import definition. For more information about using these endpoints, see, &lt;a href='https://docs.oracle.com/cloud/latest/marketingcs_gs/OMCAB/index.html#CSHID=Opportunities'&gt;using the opportunities endpoints&lt;/a&gt;.</description>
                  <input>
                     <parameter description="The request body contains details of the opportunity import definition."
                                label="OpportunityImportIndividual"
                                name="OpportunityImportIndividual"
                                required="true"
                                testWith=""
                                type="reference">
                        <options>
                           <option name="referenceTo"/>
                        </options>
                     </parameter>
                  </input>
                  <binding>
                     <restSimpleBinding multiUsing="semicolonSeparated"
                                        url="https://{$hostName}/api/bulk/2.0/opportunities/imports"
                                        verb="POST">
                        <httpHeaders>
                           <header name="Content-Type">application/json</header>
                           <header name="Accept">application/json</header>
                        </httpHeaders>
                        <body generateUsing="UnwrappedJSON" preserveJsonStringFormatting="false"/>
                     </restSimpleBinding>
                  </binding>
                  <output/>
               </action>
               <action category="Bulk/2.0/opportunities"
                       failOnError="true"
                       forSearch="false"
                       label="GetOpportunityImportSearch"
                       maxRedirects="100"
                       name="GetOpportunityImportSearch"
                       preemptiveAuth="true"
                       responseEncoding="">
                  <description>Retrieve a list of opportunity import definitions. Retrieves a list of opportunity import definitions. For more information about using these endpoints, see, &lt;a href='https://docs.oracle.com/cloud/latest/marketingcs_gs/OMCAB/index.html#CSHID=Opportunities'&gt;using the opportunities endpoints&lt;/a&gt;.</description>
                  <input>
                     <parameter description="A URL parameter that specifies the maximum number of records to return. This can be any positive integer between 1 and 1000 inclusive. If not specified, the default is 1000. Example: &lt;code&gt;?limit=5&lt;/code&gt;."
                                label="limit"
                                name="limit"
                                required="false"
                                testWith=""
                                type="int"/>
                     <parameter description="The links section in a resource return all the links by default. The client side might be only interested in a particular link. To satisfy that requirement, a &#34;links&#34; query parameter might be supported. The value of this query parameter is a list of relations separated by comma &#34;,&#34;. For example, ?links=canonical, next will only return the links with &#34;rel&#34; property be canonical or next."
                                label="links"
                                name="links"
                                required="false"
                                testWith=""
                                type="string"/>
                     <parameter description="Specifies an offset that allows you to retrieve the next batch of records. Any positive integer. For example, if your limit is 1000, specifying an offset of 1000 will return records 1000 through 2000. If not specified, the default is 0. Example: &lt;code&gt;?offset=1000&lt;/code&gt;."
                                label="offset"
                                name="offset"
                                required="false"
                                testWith=""
                                type="int"/>
                     <parameter description="Specifies the name of the property to order the results by. The &lt;code&gt;orderBy&lt;/code&gt; format is &lt;code&gt;term&lt;/code&gt; ASC | DESC. Example: &lt;code&gt;?orderBy=name ASC&lt;/code&gt;."
                                label="orderBy"
                                name="orderBy"
                                required="false"
                                testWith=""
                                type="string"/>
                     <parameter description="A URL parameter that specifies query criteria used to filter results. The &lt;code&gt;q&lt;/code&gt; format is &lt;code&gt;term&lt;/code&gt;&lt;code&gt;operator&lt;/code&gt;&lt;code&gt;value&lt;/code&gt;. Use &#34;*&#34; for wildcard values. Example: &lt;code&gt;?q=&#34;name=*Test*&#34;&lt;/code&gt; will find all the entities where the &#34;name&#34; field contains the string &#34;Test&#34;."
                                label="q"
                                name="q"
                                required="false"
                                testWith=""
                                type="string"/>
                     <parameter description="Whether or not the total results are shown, and factored into the &lt;code&gt;hasMore&lt;/code&gt; property in the response. When set to &lt;code&gt;false&lt;/code&gt;, the &lt;code&gt;totalResults&lt;/code&gt; property will not be returned, and the &lt;code&gt;hasMore&lt;/code&gt; property will be determined based on returned events that match the criteria specified in the URL parameters. If not specified, the default is &lt;code&gt;true&lt;/code&gt;."
                                label="totalResults"
                                name="totalResults"
                                required="false"
                                testWith=""
                                type="boolean"/>
                  </input>
                  <binding>
                     <restSimpleBinding multiUsing="semicolonSeparated"
                                        url="https://{$hostName}/api/bulk/2.0/opportunities/imports"
                                        verb="GET">
                        <httpHeaders>
                           <header name="Content-Type">application/json</header>
                           <header name="Accept">application/json</header>
                        </httpHeaders>
                     </restSimpleBinding>
                  </binding>
                  <output/>
               </action>
               <action category="Bulk/2.0/opportunities"
                       failOnError="true"
                       forSearch="false"
                       label="PostOpportunityImportData"
                       maxRedirects="100"
                       name="PostOpportunityImportData"
                       preemptiveAuth="true"
                       responseEncoding="">
                  <description>Upload data for an opportunity import definition. Uploads data for an opportunity import definition. For more information about using these endpoints, see, &lt;a href='https://docs.oracle.com/cloud/latest/marketingcs_gs/OMCAB/index.html#CSHID=Opportunities'&gt;using the opportunities endpoints&lt;/a&gt;.</description>
                  <input>
                     <parameter description="The opportunity import definition's resource identification number."
                                label="idPathParam"
                                name="idPathParam"
                                nogen="true"
                                required="true"
                                testWith=""
                                type="int"/>
                     <parameter description="The request body contains details of the opportunity data."
                                label="OpportunityImportData"
                                name="OpportunityImportData"
                                required="true"
                                testWith=""
                                type="objectlist">
                        <options>
                           <option name="referenceTo"/>
                        </options>
                     </parameter>
                  </input>
                  <binding>
                     <restSimpleBinding multiUsing="semicolonSeparated"
                                        url="https://{$hostName}/api/bulk/2.0/opportunities/imports/{$idPathParam}/data"
                                        verb="POST">
                        <httpHeaders>
                           <header name="Content-Type">application/json</header>
                           <header name="Accept">application/json</header>
                        </httpHeaders>
                        <body generateUsing="UnwrappedJSON" preserveJsonStringFormatting="false"/>
                     </restSimpleBinding>
                  </binding>
                  <output/>
               </action>
               <action category="Bulk/2.0/opportunities"
                       failOnError="true"
                       forSearch="false"
                       label="DeleteOpportunityImportData"
                       maxRedirects="100"
                       name="DeleteOpportunityImportData"
                       preemptiveAuth="true"
                       responseEncoding="">
                  <description>Delete the synced data for an opportunity import definition. Deletes the synced data for an opportunity import definition. For more information about using these endpoints, see, &lt;a href='https://docs.oracle.com/cloud/latest/marketingcs_gs/OMCAB/index.html#CSHID=Opportunities'&gt;using the opportunities endpoints&lt;/a&gt;.</description>
                  <input>
                     <parameter description="The opportunity import definition's resource identification number."
                                label="idPathParam"
                                name="idPathParam"
                                nogen="true"
                                required="true"
                                testWith=""
                                type="int"/>
                  </input>
                  <binding>
                     <restSimpleBinding multiUsing="semicolonSeparated"
                                        url="https://{$hostName}/api/bulk/2.0/opportunities/imports/{$idPathParam}/data"
                                        verb="DELETE">
                        <httpHeaders>
                           <header name="Content-Type">application/json</header>
                           <header name="Accept">application/json</header>
                        </httpHeaders>
                     </restSimpleBinding>
                  </binding>
                  <output/>
               </action>
               <action category="Bulk/2.0/opportunities"
                       failOnError="true"
                       forSearch="false"
                       label="GetOpportunityFieldSearch"
                       maxRedirects="100"
                       name="GetOpportunityFieldSearch"
                       preemptiveAuth="true"
                       responseEncoding="">
                  <description>Retrieve a list of opportunity fields. Retrieves a list of opportunity fields. For more information about using these endpoints, see, &lt;a href='https://docs.oracle.com/cloud/latest/marketingcs_gs/OMCAB/index.html#CSHID=Opportunities'&gt;using the opportunities endpoints&lt;/a&gt;.</description>
                  <input>
                     <parameter description="A URL parameter that specifies the maximum number of records to return. This can be any positive integer between 1 and 1000 inclusive. If not specified, the default is 1000. Example: &lt;code&gt;?limit=5&lt;/code&gt;."
                                label="limit"
                                name="limit"
                                required="false"
                                testWith=""
                                type="int"/>
                     <parameter description="The links section in a resource return all the links by default. The client side might be only interested in a particular link. To satisfy that requirement, a &#34;links&#34; query parameter might be supported. The value of this query parameter is a list of relations separated by comma &#34;,&#34;. For example, ?links=canonical, next will only return the links with &#34;rel&#34; property be canonical or next."
                                label="links"
                                name="links"
                                required="false"
                                testWith=""
                                type="string"/>
                     <parameter description="Specifies an offset that allows you to retrieve the next batch of records. Any positive integer. For example, if your limit is 1000, specifying an offset of 1000 will return records 1000 through 2000. If not specified, the default is 0. Example: &lt;code&gt;?offset=1000&lt;/code&gt;."
                                label="offset"
                                name="offset"
                                required="false"
                                testWith=""
                                type="int"/>
                     <parameter description="Specifies the name of the property to order the results by. The &lt;code&gt;orderBy&lt;/code&gt; format is &lt;code&gt;term&lt;/code&gt; ASC | DESC. Example: &lt;code&gt;?orderBy=name ASC&lt;/code&gt;."
                                label="orderBy"
                                name="orderBy"
                                required="false"
                                testWith=""
                                type="string"/>
                     <parameter description="A URL parameter that specifies query criteria used to filter results. The &lt;code&gt;q&lt;/code&gt; format is &lt;code&gt;term&lt;/code&gt;&lt;code&gt;operator&lt;/code&gt;&lt;code&gt;value&lt;/code&gt;. Use &#34;*&#34; for wildcard values. Example: &lt;code&gt;?q=&#34;name=*Test*&#34;&lt;/code&gt; will find all the entities where the &#34;name&#34; field contains the string &#34;Test&#34;."
                                label="q"
                                name="q"
                                required="false"
                                testWith=""
                                type="string"/>
                     <parameter description="Whether or not the total results are shown, and factored into the &lt;code&gt;hasMore&lt;/code&gt; property in the response. When set to &lt;code&gt;false&lt;/code&gt;, the &lt;code&gt;totalResults&lt;/code&gt; property will not be returned, and the &lt;code&gt;hasMore&lt;/code&gt; property will be determined based on returned events that match the criteria specified in the URL parameters. If not specified, the default is &lt;code&gt;true&lt;/code&gt;."
                                label="totalResults"
                                name="totalResults"
                                required="false"
                                testWith=""
                                type="boolean"/>
                  </input>
                  <binding>
                     <restSimpleBinding multiUsing="semicolonSeparated"
                                        url="https://{$hostName}/api/bulk/2.0/opportunities/fields"
                                        verb="GET">
                        <httpHeaders>
                           <header name="Content-Type">application/json</header>
                           <header name="Accept">application/json</header>
                        </httpHeaders>
                     </restSimpleBinding>
                  </binding>
                  <output/>
               </action>
               <action category="Bulk/2.0/opportunities"
                       failOnError="true"
                       forSearch="false"
                       label="PostOpportunityContactLinkageImportIndividual"
                       maxRedirects="100"
                       name="PostOpportunityContactLinkageImportIndividual"
                       preemptiveAuth="true"
                       responseEncoding="">
                  <description>Create an opportunity contact linkage import definition. Creates an opportunity contact linkage import definition. For more information about using these endpoints, see, &lt;a href='https://docs.oracle.com/cloud/latest/marketingcs_gs/OMCAB/index.html#CSHID=Opportunities'&gt;using the opportunities endpoints&lt;/a&gt;.</description>
                  <input>
                     <parameter description="The request body contains details of the opportunity contact linkage import definition."
                                label="OpportunityContactLinkageImportIndividual"
                                name="OpportunityContactLinkageImportIndividual"
                                required="true"
                                testWith=""
                                type="reference">
                        <options>
                           <option name="referenceTo"/>
                        </options>
                     </parameter>
                  </input>
                  <binding>
                     <restSimpleBinding multiUsing="semicolonSeparated"
                                        url="https://{$hostName}/api/bulk/2.0/opportunities/contacts/imports"
                                        verb="POST">
                        <httpHeaders>
                           <header name="Content-Type">application/json</header>
                           <header name="Accept">application/json</header>
                        </httpHeaders>
                        <body generateUsing="UnwrappedJSON" preserveJsonStringFormatting="false"/>
                     </restSimpleBinding>
                  </binding>
                  <output/>
               </action>
               <action category="Bulk/2.0/opportunities"
                       failOnError="true"
                       forSearch="false"
                       label="GetOpportunityContactLinkageImportSearch"
                       maxRedirects="100"
                       name="GetOpportunityContactLinkageImportSearch"
                       preemptiveAuth="true"
                       responseEncoding="">
                  <description>Retrieve a list of opportunity contact linkage import definitions. Retrieves a list of opportunity contact linkage import definitions. For more information about using these endpoints, see, &lt;a href='https://docs.oracle.com/cloud/latest/marketingcs_gs/OMCAB/index.html#CSHID=Opportunities'&gt;using the opportunities endpoints&lt;/a&gt;.</description>
                  <input>
                     <parameter description="A URL parameter that specifies the maximum number of records to return. This can be any positive integer between 1 and 1000 inclusive. If not specified, the default is 1000. Example: &lt;code&gt;?limit=5&lt;/code&gt;."
                                label="limit"
                                name="limit"
                                required="false"
                                testWith=""
                                type="int"/>
                     <parameter description="The links section in a resource return all the links by default. The client side might be only interested in a particular link. To satisfy that requirement, a &#34;links&#34; query parameter might be supported. The value of this query parameter is a list of relations separated by comma &#34;,&#34;. For example, ?links=canonical, next will only return the links with &#34;rel&#34; property be canonical or next."
                                label="links"
                                name="links"
                                required="false"
                                testWith=""
                                type="string"/>
                     <parameter description="Specifies an offset that allows you to retrieve the next batch of records. Any positive integer. For example, if your limit is 1000, specifying an offset of 1000 will return records 1000 through 2000. If not specified, the default is 0. Example: &lt;code&gt;?offset=1000&lt;/code&gt;."
                                label="offset"
                                name="offset"
                                required="false"
                                testWith=""
                                type="int"/>
                     <parameter description="Specifies the name of the property to order the results by. The &lt;code&gt;orderBy&lt;/code&gt; format is &lt;code&gt;term&lt;/code&gt; ASC | DESC. Example: &lt;code&gt;?orderBy=name ASC&lt;/code&gt;."
                                label="orderBy"
                                name="orderBy"
                                required="false"
                                testWith=""
                                type="string"/>
                     <parameter description="A URL parameter that specifies query criteria used to filter results. The &lt;code&gt;q&lt;/code&gt; format is &lt;code&gt;term&lt;/code&gt;&lt;code&gt;operator&lt;/code&gt;&lt;code&gt;value&lt;/code&gt;. Use &#34;*&#34; for wildcard values. Example: &lt;code&gt;?q=&#34;name=*Test*&#34;&lt;/code&gt; will find all the entities where the &#34;name&#34; field contains the string &#34;Test&#34;."
                                label="q"
                                name="q"
                                required="false"
                                testWith=""
                                type="string"/>
                     <parameter description="Whether or not the total results are shown, and factored into the &lt;code&gt;hasMore&lt;/code&gt; property in the response. When set to &lt;code&gt;false&lt;/code&gt;, the &lt;code&gt;totalResults&lt;/code&gt; property will not be returned, and the &lt;code&gt;hasMore&lt;/code&gt; property will be determined based on returned events that match the criteria specified in the URL parameters. If not specified, the default is &lt;code&gt;true&lt;/code&gt;."
                                label="totalResults"
                                name="totalResults"
                                required="false"
                                testWith=""
                                type="boolean"/>
                  </input>
                  <binding>
                     <restSimpleBinding multiUsing="semicolonSeparated"
                                        url="https://{$hostName}/api/bulk/2.0/opportunities/contacts/imports"
                                        verb="GET">
                        <httpHeaders>
                           <header name="Content-Type">application/json</header>
                           <header name="Accept">application/json</header>
                        </httpHeaders>
                     </restSimpleBinding>
                  </binding>
                  <output/>
               </action>
               <action category="Bulk/2.0/opportunities"
                       failOnError="true"
                       forSearch="false"
                       label="GetOpportunityFieldIndividual"
                       maxRedirects="100"
                       name="GetOpportunityFieldIndividual"
                       preemptiveAuth="true"
                       responseEncoding="">
                  <description>Retrieve an opportunity field definition. Retrieves an opportunity field definition. For more information about using these endpoints, see, &lt;a href='https://docs.oracle.com/cloud/latest/marketingcs_gs/OMCAB/index.html#CSHID=Opportunities'&gt;using the opportunities endpoints&lt;/a&gt;.</description>
                  <input>
                     <parameter description="The opportunity field definition's resource identification number."
                                label="idPathParam"
                                name="idPathParam"
                                nogen="true"
                                required="true"
                                testWith=""
                                type="int"/>
                  </input>
                  <binding>
                     <restSimpleBinding multiUsing="semicolonSeparated"
                                        url="https://{$hostName}/api/bulk/2.0/opportunities/fields/{$idPathParam}"
                                        verb="GET">
                        <httpHeaders>
                           <header name="Content-Type">application/json</header>
                           <header name="Accept">application/json</header>
                        </httpHeaders>
                     </restSimpleBinding>
                  </binding>
                  <output/>
               </action>
               <action category="Bulk/2.0/opportunities"
                       failOnError="true"
                       forSearch="false"
                       label="GetOpportunityImportIndividual"
                       maxRedirects="100"
                       name="GetOpportunityImportIndividual"
                       preemptiveAuth="true"
                       responseEncoding="">
                  <description>Retrieve an opportunity import definition. Retrieves a single opportunity import definition. For more information about using these endpoints, see, &lt;a href='https://docs.oracle.com/cloud/latest/marketingcs_gs/OMCAB/index.html#CSHID=Opportunities'&gt;using the opportunities endpoints&lt;/a&gt;.</description>
                  <input>
                     <parameter description="The opportunity import definition's resource identification number."
                                label="idPathParam"
                                name="idPathParam"
                                nogen="true"
                                required="true"
                                testWith=""
                                type="int"/>
                  </input>
                  <binding>
                     <restSimpleBinding multiUsing="semicolonSeparated"
                                        url="https://{$hostName}/api/bulk/2.0/opportunities/imports/{$idPathParam}"
                                        verb="GET">
                        <httpHeaders>
                           <header name="Content-Type">application/json</header>
                           <header name="Accept">application/json</header>
                        </httpHeaders>
                     </restSimpleBinding>
                  </binding>
                  <output/>
               </action>
               <action category="Bulk/2.0/opportunities"
                       failOnError="true"
                       forSearch="false"
                       label="DeleteOpportunityImportIndividual"
                       maxRedirects="100"
                       name="DeleteOpportunityImportIndividual"
                       preemptiveAuth="true"
                       responseEncoding="">
                  <description>Delete an opportunity import definition. Deletes an opportunity import definition. For more information about using these endpoints, see, &lt;a href='https://docs.oracle.com/cloud/latest/marketingcs_gs/OMCAB/index.html#CSHID=Opportunities'&gt;using the opportunities endpoints&lt;/a&gt;.</description>
                  <input>
                     <parameter description="The opportunity import definition's resource identification number."
                                label="idPathParam"
                                name="idPathParam"
                                nogen="true"
                                required="true"
                                testWith=""
                                type="int"/>
                  </input>
                  <binding>
                     <restSimpleBinding multiUsing="semicolonSeparated"
                                        url="https://{$hostName}/api/bulk/2.0/opportunities/imports/{$idPathParam}"
                                        verb="DELETE">
                        <httpHeaders>
                           <header name="Content-Type">application/json</header>
                           <header name="Accept">application/json</header>
                        </httpHeaders>
                     </restSimpleBinding>
                  </binding>
                  <output/>
               </action>
               <action category="Bulk/2.0/opportunities"
                       failOnError="true"
                       forSearch="false"
                       label="PutOpportunityImportIndividual"
                       maxRedirects="100"
                       name="PutOpportunityImportIndividual"
                       preemptiveAuth="true"
                       responseEncoding="">
                  <description>Update an opportunity import definition. Updates an opportunity import definition. For more information about using these endpoints, see, &lt;a href='https://docs.oracle.com/cloud/latest/marketingcs_gs/OMCAB/index.html#CSHID=Opportunities'&gt;using the opportunities endpoints&lt;/a&gt;.</description>
                  <input>
                     <parameter description="The opportunity import definition's resource identification number."
                                label="idPathParam"
                                name="idPathParam"
                                nogen="true"
                                required="true"
                                testWith=""
                                type="int"/>
                     <parameter description="The request body contains details of the opportunity import definition."
                                label="OpportunityImportIndividual"
                                name="OpportunityImportIndividual"
                                required="true"
                                testWith=""
                                type="reference">
                        <options>
                           <option name="referenceTo"/>
                        </options>
                     </parameter>
                  </input>
                  <binding>
                     <restSimpleBinding multiUsing="semicolonSeparated"
                                        url="https://{$hostName}/api/bulk/2.0/opportunities/imports/{$idPathParam}"
                                        verb="PUT">
                        <httpHeaders>
                           <header name="Content-Type">application/json</header>
                           <header name="Accept">application/json</header>
                        </httpHeaders>
                        <body generateUsing="UnwrappedJSON" preserveJsonStringFormatting="false"/>
                     </restSimpleBinding>
                  </binding>
                  <output/>
               </action>
               <action category="Bulk/2.0/opportunities"
                       failOnError="true"
                       forSearch="false"
                       label="PostOpportunityContactLinkageImportData"
                       maxRedirects="100"
                       name="PostOpportunityContactLinkageImportData"
                       preemptiveAuth="true"
                       responseEncoding="">
                  <description>Upload data for an opportunity contact linkage import definition. Uploads data for an opportunity contact linkage import definition. For more information about using these endpoints, see, &lt;a href='https://docs.oracle.com/cloud/latest/marketingcs_gs/OMCAB/index.html#CSHID=Opportunities'&gt;using the opportunities endpoints&lt;/a&gt;.</description>
                  <input>
                     <parameter description="The opportunity contact linkage import definition's resource identification number."
                                label="idPathParam"
                                name="idPathParam"
                                nogen="true"
                                required="true"
                                testWith=""
                                type="int"/>
                     <parameter description="The request body contains details of the opportunity contact linkage import data."
                                label="OpportunityContactLinkageImportData"
                                name="OpportunityContactLinkageImportData"
                                required="true"
                                testWith=""
                                type="objectlist">
                        <options>
                           <option name="referenceTo"/>
                        </options>
                     </parameter>
                  </input>
                  <binding>
                     <restSimpleBinding multiUsing="semicolonSeparated"
                                        url="https://{$hostName}/api/bulk/2.0/opportunities/contacts/imports/{$idPathParam}/data"
                                        verb="POST">
                        <httpHeaders>
                           <header name="Content-Type">application/json</header>
                           <header name="Accept">application/json</header>
                        </httpHeaders>
                        <body generateUsing="UnwrappedJSON" preserveJsonStringFormatting="false"/>
                     </restSimpleBinding>
                  </binding>
                  <output/>
               </action>
               <action category="Bulk/2.0/opportunities"
                       failOnError="true"
                       forSearch="false"
                       label="DeleteOpportunityContactLinkageImportData"
                       maxRedirects="100"
                       name="DeleteOpportunityContactLinkageImportData"
                       preemptiveAuth="true"
                       responseEncoding="">
                  <description>Delete the synced data for an opportunity contact linkage import definition. Deletes the synced data for an opportunity contact linkage import definition. For more information about using these endpoints, see, &lt;a href='https://docs.oracle.com/cloud/latest/marketingcs_gs/OMCAB/index.html#CSHID=Opportunities'&gt;using the opportunities endpoints&lt;/a&gt;.</description>
                  <input>
                     <parameter description="The opportunity contact linkage import definition's resource identification number."
                                label="idPathParam"
                                name="idPathParam"
                                nogen="true"
                                required="true"
                                testWith=""
                                type="int"/>
                  </input>
                  <binding>
                     <restSimpleBinding multiUsing="semicolonSeparated"
                                        url="https://{$hostName}/api/bulk/2.0/opportunities/contacts/imports/{$idPathParam}/data"
                                        verb="DELETE">
                        <httpHeaders>
                           <header name="Content-Type">application/json</header>
                           <header name="Accept">application/json</header>
                        </httpHeaders>
                     </restSimpleBinding>
                  </binding>
                  <output/>
               </action>
            </actions>
            <objects>
               <processObject xmlns="http://schemas.active-endpoints.com/appmodules/screenflow/2011/06/avosHostEnvironment.xsd"
                              isByCopy="true"
                              name="SyncStatusType">
                  <description>The status of the synchronization. This is a read-only property.</description>
                  <detail/>
               </processObject>
               <processObject xmlns="http://schemas.active-endpoints.com/appmodules/screenflow/2011/06/avosHostEnvironment.xsd"
                              isByCopy="true"
                              name="DataType">
                  <description>The type of data, used for field definitions.</description>
                  <detail/>
               </processObject>
               <processObject xmlns="http://schemas.active-endpoints.com/appmodules/screenflow/2011/06/avosHostEnvironment.xsd"
                              isByCopy="true"
                              name="RuleType">
                  <description>The rule used when doing updates on existing data. For more information about this parameter, see the &lt;a href='https://docs.oracle.com/cloud/latest/marketingcs_gs/OMCAB/index.html#CSHID=ImportExportParams'&gt;Oracle Eloqua Developer Help Center&lt;/a&gt;.</description>
                  <detail/>
               </processObject>
               <processObject xmlns="http://schemas.active-endpoints.com/appmodules/screenflow/2011/06/avosHostEnvironment.xsd"
                              isByCopy="true"
                              name="string">
                  <description/>
                  <detail>
                     <field name="string" type="string"/>
                  </detail>
               </processObject>
               <processObject xmlns="http://schemas.active-endpoints.com/appmodules/screenflow/2011/06/avosHostEnvironment.xsd"
                              isByCopy="true"
                              name="boolean">
                  <description/>
                  <detail>
                     <field name="boolean" type="boolean"/>
                  </detail>
               </processObject>
               <processObject xmlns="http://schemas.active-endpoints.com/appmodules/screenflow/2011/06/avosHostEnvironment.xsd"
                              isByCopy="true"
                              name="double">
                  <description/>
                  <detail>
                     <field name="double" type="double"/>
                  </detail>
               </processObject>
               <processObject xmlns="http://schemas.active-endpoints.com/appmodules/screenflow/2011/06/avosHostEnvironment.xsd"
                              isByCopy="true"
                              name="integer">
                  <description/>
                  <detail>
                     <field name="integer" type="int"/>
                  </detail>
               </processObject>
            </objects>
         </businessConnector>
      </types1:Entry>
      <types1:GUID>a2RNIJblDdRjqBZrJ4iZel</types1:GUID>
      <types1:DisplayName>Oracle Eloqua Marketing Cloud Service Opportunity Bulk API v2</types1:DisplayName>
   </types1:Item>
   <types1:CurrentServerDateTime>2019-02-22T04:01:44.067Z</types1:CurrentServerDateTime>
</aetgt:getResponse>
