<aetgt:getResponse xmlns:aetgt="http://schemas.active-endpoints.com/appmodules/repository/2010/10/avrepository.xsd"
                   xmlns:types1="http://schemas.active-endpoints.com/appmodules/repository/2010/10/avrepository.xsd">
   <types1:Item>
      <types1:EntryId>Zqzm5Y6tMFyglsO-gt-18488606-2019-12-29T10:23:07.083Z::svc.xml</types1:EntryId>
      <types1:Name>Okta_Inline_Hooks_REST_API_v1</types1:Name>
      <types1:MimeType>application/xml+businesssconnector</types1:MimeType>
      <types1:Description>APIs to use for Okta's Inline Hooks features</types1:Description>
      <types1:AppliesTo/>
      <types1:Tags/>
      <types1:VersionLabel>1.0</types1:VersionLabel>
      <types1:State>CURRENT</types1:State>
      <types1:ProcessGroup/>
      <types1:CreatedBy>sorabh@na1.dm-us.org</types1:CreatedBy>
      <types1:CreationDate>2019-12-29T10:23:07Z</types1:CreationDate>
      <types1:ModifiedBy/>
      <types1:PublicationStatus>published</types1:PublicationStatus>
      <types1:PublishedBy>sorabh@na1.dm-us.org</types1:PublishedBy>
      <types1:PublicationDate>2019-12-29T10:23:10Z</types1:PublicationDate>
      <types1:PublishedContributionId>project:/rt.connector/Okta_Inline_Hooks_REST_API_v1/Okta_Inline_Hooks_REST_API_v1_svcDef.xml</types1:PublishedContributionId>
      <types1:AutosaveExists>false</types1:AutosaveExists>
      <types1:Entry>
         <businessConnector xmlns="http://schemas.informatica.com/socrates/data-services/2014/05/business-connector-model.xsd"
                            agentOnly="false"
                            debug="false"
                            displayName="Okta Inline Hooks REST API v1"
                            label=""
                            name="Okta_Inline_Hooks_REST_API_v1"
                            uuid="3af628a4-019d-4766-9c1a-012326d580df">
            <description>APIs to use for Okta's Inline Hooks features</description>
            <tags/>
            <connectionAttributes xmlns="http://schemas.informatica.com/appmodules/screenflow/2014/04/avosConnectors.xsd">
               <connectionAttribute description="Host Name"
                                    masked="false"
                                    name="hostName"
                                    required="true"
                                    testWith="example.com"
                                    type="string"/>
            </connectionAttributes>
            <actions>
               <action category="Misc"
                       failOnError="true"
                       forSearch="false"
                       label="Getinlinehookbyid"
                       maxRedirects="100"
                       name="Getinlinehookbyid"
                       preemptiveAuth="true"
                       responseEncoding="">
                  <description>Get inline hook by id. TODO: Add Description</description>
                  <input>
                     <parameter label="Authorization"
                                name="Authorization"
                                nogen="true"
                                required="true"
                                testWith=""
                                type="string"/>
                     <parameter label="inlineHookIdPathParam"
                                name="inlineHookIdPathParam"
                                nogen="true"
                                required="true"
                                testWith=""
                                type="string"/>
                  </input>
                  <binding>
                     <restSimpleBinding multiUsing="semicolonSeparated"
                                        url="http://{$hostName}/api/v1/inlineHooks/{$inlineHookIdPathParam}"
                                        verb="GET">
                        <httpHeaders>
                           <header name="Content-Type">application/json</header>
                           <header name="Accept">application/json</header>
                           <header name="Authorization">{$Authorization}</header>
                        </httpHeaders>
                     </restSimpleBinding>
                  </binding>
                  <output/>
               </action>
               <action category="Misc"
                       failOnError="true"
                       forSearch="false"
                       label="Deleteaninlinehook"
                       maxRedirects="100"
                       name="Deleteaninlinehook"
                       preemptiveAuth="true"
                       responseEncoding="">
                  <description>Delete an inline hook. TODO: Add Description</description>
                  <input>
                     <parameter label="Authorization"
                                name="Authorization"
                                nogen="true"
                                required="true"
                                testWith=""
                                type="string"/>
                     <parameter label="inlineHookIdPathParam"
                                name="inlineHookIdPathParam"
                                nogen="true"
                                required="true"
                                testWith=""
                                type="string"/>
                  </input>
                  <binding>
                     <restSimpleBinding multiUsing="semicolonSeparated"
                                        url="http://{$hostName}/api/v1/inlineHooks/{$inlineHookIdPathParam}"
                                        verb="DELETE">
                        <httpHeaders>
                           <header name="Content-Type">application/json</header>
                           <header name="Accept">application/json</header>
                           <header name="Authorization">{$Authorization}</header>
                        </httpHeaders>
                     </restSimpleBinding>
                  </binding>
                  <output/>
               </action>
               <action category="Misc"
                       failOnError="true"
                       forSearch="false"
                       label="Updateexistinginlinehook"
                       maxRedirects="100"
                       name="Updateexistinginlinehook"
                       preemptiveAuth="true"
                       responseEncoding="">
                  <description>Update existing inline hook. TODO: Add Description</description>
                  <input>
                     <parameter label="Authorization"
                                name="Authorization"
                                nogen="true"
                                required="true"
                                testWith=""
                                type="string"/>
                     <parameter label="Body"
                                name="Body"
                                required="true"
                                testWith=""
                                type="reference">
                        <options>
                           <option name="referenceTo">UpdateexistinginlinehookRequest</option>
                        </options>
                     </parameter>
                     <parameter label="inlineHookIdPathParam"
                                name="inlineHookIdPathParam"
                                nogen="true"
                                required="true"
                                testWith=""
                                type="string"/>
                  </input>
                  <binding>
                     <restSimpleBinding multiUsing="semicolonSeparated"
                                        url="http://{$hostName}/api/v1/inlineHooks/{$inlineHookIdPathParam}"
                                        verb="PUT">
                        <httpHeaders>
                           <header name="Content-Type">application/json</header>
                           <header name="Accept">application/json</header>
                           <header name="Authorization">{$Authorization}</header>
                        </httpHeaders>
                        <body generateUsing="UnwrappedJSON" preserveJsonStringFormatting="false"/>
                     </restSimpleBinding>
                  </binding>
                  <output/>
               </action>
               <action category="Misc"
                       failOnError="true"
                       forSearch="false"
                       label="Createnewinlinehook"
                       maxRedirects="100"
                       name="Createnewinlinehook"
                       preemptiveAuth="true"
                       responseEncoding="">
                  <description>Create new inline hook. TODO: Add Description</description>
                  <input>
                     <parameter label="Authorization"
                                name="Authorization"
                                nogen="true"
                                required="true"
                                testWith=""
                                type="string"/>
                     <parameter label="Body"
                                name="Body"
                                required="true"
                                testWith=""
                                type="reference">
                        <options>
                           <option name="referenceTo">CreatenewinlinehookRequest</option>
                        </options>
                     </parameter>
                  </input>
                  <binding>
                     <restSimpleBinding multiUsing="semicolonSeparated"
                                        url="http://{$hostName}/api/v1/inlineHooks"
                                        verb="POST">
                        <httpHeaders>
                           <header name="Content-Type">application/json</header>
                           <header name="Accept">application/json</header>
                           <header name="Authorization">{$Authorization}</header>
                        </httpHeaders>
                        <body generateUsing="UnwrappedJSON" preserveJsonStringFormatting="false"/>
                     </restSimpleBinding>
                  </binding>
                  <output/>
               </action>
               <action category="Misc"
                       failOnError="true"
                       forSearch="false"
                       label="Listallinlinehooks"
                       maxRedirects="100"
                       name="Listallinlinehooks"
                       preemptiveAuth="true"
                       responseEncoding="">
                  <description>List all inline hooks. TODO: Add Description</description>
                  <input>
                     <parameter label="Authorization"
                                name="Authorization"
                                nogen="true"
                                required="true"
                                testWith=""
                                type="string"/>
                  </input>
                  <binding>
                     <restSimpleBinding multiUsing="semicolonSeparated"
                                        url="http://{$hostName}/api/v1/inlineHooks"
                                        verb="GET">
                        <httpHeaders>
                           <header name="Content-Type">application/json</header>
                           <header name="Accept">application/json</header>
                           <header name="Authorization">{$Authorization}</header>
                        </httpHeaders>
                     </restSimpleBinding>
                  </binding>
                  <output/>
               </action>
               <action category="Misc"
                       failOnError="true"
                       forSearch="false"
                       label="Testandexecuteaninlinehook"
                       maxRedirects="100"
                       name="Testandexecuteaninlinehook"
                       preemptiveAuth="true"
                       responseEncoding="">
                  <description>Test and execute an inline hook. TODO: Add Description</description>
                  <input>
                     <parameter label="Authorization"
                                name="Authorization"
                                nogen="true"
                                required="true"
                                testWith=""
                                type="string"/>
                     <parameter label="Body"
                                name="Body"
                                required="true"
                                testWith=""
                                type="reference">
                        <options>
                           <option name="referenceTo">TestandexecuteaninlinehookRequest</option>
                        </options>
                     </parameter>
                     <parameter label="inlineHookIdPathParam"
                                name="inlineHookIdPathParam"
                                nogen="true"
                                required="true"
                                testWith=""
                                type="string"/>
                  </input>
                  <binding>
                     <restSimpleBinding multiUsing="semicolonSeparated"
                                        url="http://{$hostName}/api/v1/inlineHooks/{$inlineHookIdPathParam}/execute"
                                        verb="POST">
                        <httpHeaders>
                           <header name="Content-Type">application/json</header>
                           <header name="Accept">application/json</header>
                           <header name="Authorization">{$Authorization}</header>
                        </httpHeaders>
                        <body generateUsing="UnwrappedJSON" preserveJsonStringFormatting="false"/>
                     </restSimpleBinding>
                  </binding>
                  <output/>
               </action>
               <action category="Misc"
                       failOnError="true"
                       forSearch="false"
                       label="Activateaninlinehook"
                       maxRedirects="100"
                       name="Activateaninlinehook"
                       preemptiveAuth="true"
                       responseEncoding="">
                  <description>Activate an inline hook. TODO: Add Description</description>
                  <input>
                     <parameter label="Authorization"
                                name="Authorization"
                                nogen="true"
                                required="true"
                                testWith=""
                                type="string"/>
                     <parameter label="inlineHookIdPathParam"
                                name="inlineHookIdPathParam"
                                nogen="true"
                                required="true"
                                testWith=""
                                type="string"/>
                  </input>
                  <binding>
                     <restSimpleBinding multiUsing="semicolonSeparated"
                                        url="http://{$hostName}/api/v1/inlineHooks/{$inlineHookIdPathParam}/lifecycle/activate"
                                        verb="POST">
                        <httpHeaders>
                           <header name="Content-Type">application/json</header>
                           <header name="Accept">application/json</header>
                           <header name="Authorization">{$Authorization}</header>
                        </httpHeaders>
                        <body generateUsing="UnwrappedJSON" preserveJsonStringFormatting="false"/>
                     </restSimpleBinding>
                  </binding>
                  <output/>
               </action>
               <action category="Misc"
                       failOnError="true"
                       forSearch="false"
                       label="Deactivateaninlinehook"
                       maxRedirects="100"
                       name="Deactivateaninlinehook"
                       preemptiveAuth="true"
                       responseEncoding="">
                  <description>Deactivate an inline hook. TODO: Add Description</description>
                  <input>
                     <parameter label="Authorization"
                                name="Authorization"
                                nogen="true"
                                required="true"
                                testWith=""
                                type="string"/>
                     <parameter label="inlineHookIdPathParam"
                                name="inlineHookIdPathParam"
                                nogen="true"
                                required="true"
                                testWith=""
                                type="string"/>
                  </input>
                  <binding>
                     <restSimpleBinding multiUsing="semicolonSeparated"
                                        url="http://{$hostName}/api/v1/inlineHooks/{$inlineHookIdPathParam}/lifecycle/deactivate"
                                        verb="POST">
                        <httpHeaders>
                           <header name="Content-Type">application/json</header>
                           <header name="Accept">application/json</header>
                           <header name="Authorization">{$Authorization}</header>
                        </httpHeaders>
                        <body generateUsing="UnwrappedJSON" preserveJsonStringFormatting="false"/>
                     </restSimpleBinding>
                  </binding>
                  <output/>
               </action>
            </actions>
            <objects>
               <processObject xmlns="http://schemas.active-endpoints.com/appmodules/screenflow/2011/06/avosHostEnvironment.xsd"
                              isByCopy="true"
                              name="Policy">
                  <description/>
                  <detail>
                     <field name="rule" type="reference">
                        <options>
                           <option name="referenceTo">Rule</option>
                           <option name="relationshipName">Child</option>
                        </options>
                     </field>
                     <field name="id" type="string"/>
                  </detail>
               </processObject>
               <processObject xmlns="http://schemas.active-endpoints.com/appmodules/screenflow/2011/06/avosHostEnvironment.xsd"
                              isByCopy="true"
                              name="User">
                  <description/>
                  <detail>
                     <field name="passwordChanged" type="string"/>
                     <field name="SC__links" type="reference">
                        <options>
                           <option name="referenceTo">Links</option>
                           <option name="relationshipName">Child</option>
                        </options>
                     </field>
                     <field name="profile" type="reference">
                        <options>
                           <option name="referenceTo">Profile</option>
                           <option name="relationshipName">Child</option>
                        </options>
                     </field>
                     <field name="id" type="string"/>
                  </detail>
               </processObject>
               <processObject xmlns="http://schemas.active-endpoints.com/appmodules/screenflow/2011/06/avosHostEnvironment.xsd"
                              isByCopy="true"
                              name="Email">
                  <description/>
                  <detail>
                     <field name="action" type="string"/>
                     <field name="id" type="string"/>
                  </detail>
               </processObject>
               <processObject xmlns="http://schemas.active-endpoints.com/appmodules/screenflow/2011/06/avosHostEnvironment.xsd"
                              isByCopy="true"
                              name="Issuer">
                  <description/>
                  <detail>
                     <field name="uri" type="string"/>
                  </detail>
               </processObject>
               <processObject xmlns="http://schemas.active-endpoints.com/appmodules/screenflow/2011/06/avosHostEnvironment.xsd"
                              isByCopy="true"
                              name="Config">
                  <description/>
                  <detail>
                     <field name="headers" type="objectlist">
                        <options>
                           <option name="referenceTo">Header</option>
                           <option name="relationshipName">Child</option>
                        </options>
                     </field>
                     <field name="method" type="string"/>
                     <field name="authScheme" type="reference">
                        <options>
                           <option name="referenceTo">AuthScheme</option>
                           <option name="relationshipName">Child</option>
                        </options>
                     </field>
                     <field name="uri" type="string"/>
                  </detail>
               </processObject>
               <processObject xmlns="http://schemas.active-endpoints.com/appmodules/screenflow/2011/06/avosHostEnvironment.xsd"
                              isByCopy="true"
                              name="Factors">
                  <description/>
                  <detail>
                     <field name="href" type="string"/>
                  </detail>
               </processObject>
               <processObject xmlns="http://schemas.active-endpoints.com/appmodules/screenflow/2011/06/avosHostEnvironment.xsd"
                              isByCopy="true"
                              name="Access">
                  <description/>
                  <detail>
                     <field name="claims" type="reference">
                        <options>
                           <option name="referenceTo">Claims1</option>
                           <option name="relationshipName">Child</option>
                        </options>
                     </field>
                     <field name="scopes" type="reference">
                        <options>
                           <option name="referenceTo">Scopes</option>
                           <option name="relationshipName">Child</option>
                        </options>
                     </field>
                     <field name="token" type="reference">
                        <options>
                           <option name="referenceTo">Token</option>
                           <option name="relationshipName">Child</option>
                        </options>
                     </field>
                  </detail>
               </processObject>
               <processObject xmlns="http://schemas.active-endpoints.com/appmodules/screenflow/2011/06/avosHostEnvironment.xsd"
                              isByCopy="true"
                              name="CreatenewinlinehookRequest">
                  <description/>
                  <detail>
                     <field name="channel" type="reference">
                        <options>
                           <option name="referenceTo">Channel</option>
                           <option name="relationshipName">Child</option>
                        </options>
                     </field>
                     <field name="name" type="string"/>
                     <field name="type" type="string"/>
                     <field name="version" type="string"/>
                  </detail>
               </processObject>
               <processObject xmlns="http://schemas.active-endpoints.com/appmodules/screenflow/2011/06/avosHostEnvironment.xsd"
                              isByCopy="true"
                              name="Token">
                  <description/>
                  <detail>
                     <field name="lifetime" type="reference">
                        <options>
                           <option name="referenceTo">Lifetime</option>
                           <option name="relationshipName">Child</option>
                        </options>
                     </field>
                  </detail>
               </processObject>
               <processObject xmlns="http://schemas.active-endpoints.com/appmodules/screenflow/2011/06/avosHostEnvironment.xsd"
                              isByCopy="true"
                              name="Request1">
                  <description/>
                  <detail>
                     <field name="scope" type="string"/>
                     <field name="response_type" type="string"/>
                     <field name="state" type="string"/>
                     <field name="redirect_uri" type="string"/>
                     <field name="client_id" type="string"/>
                     <field name="response_mode" type="string"/>
                  </detail>
               </processObject>
               <processObject xmlns="http://schemas.active-endpoints.com/appmodules/screenflow/2011/06/avosHostEnvironment.xsd"
                              isByCopy="true"
                              name="Url">
                  <description/>
                  <detail>
                     <field name="value" type="string"/>
                  </detail>
               </processObject>
               <processObject xmlns="http://schemas.active-endpoints.com/appmodules/screenflow/2011/06/avosHostEnvironment.xsd"
                              isByCopy="true"
                              name="Profile">
                  <description/>
                  <detail>
                     <field name="lastName" type="string"/>
                     <field name="firstName" type="string"/>
                     <field name="timeZone" type="string"/>
                     <field name="login" type="string"/>
                     <field name="locale" type="string"/>
                  </detail>
               </processObject>
               <processObject xmlns="http://schemas.active-endpoints.com/appmodules/screenflow/2011/06/avosHostEnvironment.xsd"
                              isByCopy="true"
                              name="AuthScheme">
                  <description/>
                  <detail>
                     <field name="type" type="string"/>
                     <field name="value" type="string"/>
                     <field name="key" type="string"/>
                  </detail>
               </processObject>
               <processObject xmlns="http://schemas.active-endpoints.com/appmodules/screenflow/2011/06/avosHostEnvironment.xsd"
                              isByCopy="true"
                              name="Idp">
                  <description/>
                  <detail>
                     <field name="id" type="string"/>
                     <field name="type" type="string"/>
                  </detail>
               </processObject>
               <processObject xmlns="http://schemas.active-endpoints.com/appmodules/screenflow/2011/06/avosHostEnvironment.xsd"
                              isByCopy="true"
                              name="Profile1">
                  <description/>
                  <detail>
                     <field name="action" type="string"/>
                     <field name="id" type="string"/>
                  </detail>
               </processObject>
               <processObject xmlns="http://schemas.active-endpoints.com/appmodules/screenflow/2011/06/avosHostEnvironment.xsd"
                              isByCopy="true"
                              name="Groups">
                  <description/>
                  <detail>
                     <field name="href" type="string"/>
                  </detail>
               </processObject>
               <processObject xmlns="http://schemas.active-endpoints.com/appmodules/screenflow/2011/06/avosHostEnvironment.xsd"
                              isByCopy="true"
                              name="TestandexecuteaninlinehookRequest">
                  <description/>
                  <detail>
                     <field name="eventId" type="string"/>
                     <field name="data" type="reference">
                        <options>
                           <option name="referenceTo">Data</option>
                           <option name="relationshipName">Child</option>
                        </options>
                     </field>
                     <field name="eventTypeVersion" type="string"/>
                     <field name="eventTime" type="string"/>
                     <field name="source" type="string"/>
                     <field name="eventType" type="string"/>
                     <field name="contentType" type="string"/>
                     <field name="cloudEventVersion" type="string"/>
                  </detail>
               </processObject>
               <processObject xmlns="http://schemas.active-endpoints.com/appmodules/screenflow/2011/06/avosHostEnvironment.xsd"
                              isByCopy="true"
                              name="Protocol">
                  <description/>
                  <detail>
                     <field name="request" type="reference">
                        <options>
                           <option name="referenceTo">Request1</option>
                           <option name="relationshipName">Child</option>
                        </options>
                     </field>
                     <field name="client" type="reference">
                        <options>
                           <option name="referenceTo">Client</option>
                           <option name="relationshipName">Child</option>
                        </options>
                     </field>
                     <field name="type" type="string"/>
                     <field name="issuer" type="reference">
                        <options>
                           <option name="referenceTo">Issuer</option>
                           <option name="relationshipName">Child</option>
                        </options>
                     </field>
                  </detail>
               </processObject>
               <processObject xmlns="http://schemas.active-endpoints.com/appmodules/screenflow/2011/06/avosHostEnvironment.xsd"
                              isByCopy="true"
                              name="Client">
                  <description/>
                  <detail>
                     <field name="name" type="string"/>
                     <field name="id" type="string"/>
                     <field name="type" type="string"/>
                  </detail>
               </processObject>
               <processObject xmlns="http://schemas.active-endpoints.com/appmodules/screenflow/2011/06/avosHostEnvironment.xsd"
                              isByCopy="true"
                              name="Identity">
                  <description/>
                  <detail>
                     <field name="claims" type="reference">
                        <options>
                           <option name="referenceTo">Claims</option>
                           <option name="relationshipName">Child</option>
                        </options>
                     </field>
                     <field name="token" type="reference">
                        <options>
                           <option name="referenceTo">Token</option>
                           <option name="relationshipName">Child</option>
                        </options>
                     </field>
                  </detail>
               </processObject>
               <processObject xmlns="http://schemas.active-endpoints.com/appmodules/screenflow/2011/06/avosHostEnvironment.xsd"
                              isByCopy="true"
                              name="Context">
                  <description/>
                  <detail>
                     <field name="request" type="reference">
                        <options>
                           <option name="referenceTo">Request</option>
                           <option name="relationshipName">Child</option>
                        </options>
                     </field>
                     <field name="protocol" type="reference">
                        <options>
                           <option name="referenceTo">Protocol</option>
                           <option name="relationshipName">Child</option>
                        </options>
                     </field>
                     <field name="session" type="reference">
                        <options>
                           <option name="referenceTo">Session</option>
                           <option name="relationshipName">Child</option>
                        </options>
                     </field>
                     <field name="user" type="reference">
                        <options>
                           <option name="referenceTo">User</option>
                           <option name="relationshipName">Child</option>
                        </options>
                     </field>
                     <field name="policy" type="reference">
                        <options>
                           <option name="referenceTo">Policy</option>
                           <option name="relationshipName">Child</option>
                        </options>
                     </field>
                  </detail>
               </processObject>
               <processObject xmlns="http://schemas.active-endpoints.com/appmodules/screenflow/2011/06/avosHostEnvironment.xsd"
                              isByCopy="true"
                              name="Claims">
                  <description/>
                  <detail>
                     <field name="sub" type="string"/>
                     <field name="aud" type="string"/>
                     <field name="ver" type="int"/>
                     <field name="idp" type="string"/>
                     <field name="amr" type="objectlist">
                        <options>
                           <option name="referenceTo">string</option>
                           <option name="relationshipName">Child</option>
                        </options>
                     </field>
                     <field name="auth_time" type="int"/>
                     <field name="iss" type="string"/>
                     <field name="name" type="string"/>
                     <field name="preferred_username" type="string"/>
                     <field name="nonce" type="string"/>
                     <field name="email" type="string"/>
                     <field name="jti" type="string"/>
                  </detail>
               </processObject>
               <processObject xmlns="http://schemas.active-endpoints.com/appmodules/screenflow/2011/06/avosHostEnvironment.xsd"
                              isByCopy="true"
                              name="UpdateexistinginlinehookRequest">
                  <description/>
                  <detail>
                     <field name="channel" type="reference">
                        <options>
                           <option name="referenceTo">Channel</option>
                           <option name="relationshipName">Child</option>
                        </options>
                     </field>
                     <field name="name" type="string"/>
                     <field name="type" type="string"/>
                     <field name="version" type="string"/>
                  </detail>
               </processObject>
               <processObject xmlns="http://schemas.active-endpoints.com/appmodules/screenflow/2011/06/avosHostEnvironment.xsd"
                              isByCopy="true"
                              name="Channel">
                  <description/>
                  <detail>
                     <field name="type" type="string"/>
                     <field name="version" type="string"/>
                     <field name="config" type="reference">
                        <options>
                           <option name="referenceTo">Config</option>
                           <option name="relationshipName">Child</option>
                        </options>
                     </field>
                  </detail>
               </processObject>
               <processObject xmlns="http://schemas.active-endpoints.com/appmodules/screenflow/2011/06/avosHostEnvironment.xsd"
                              isByCopy="true"
                              name="Request">
                  <description/>
                  <detail>
                     <field name="method" type="string"/>
                     <field name="ipAddress" type="string"/>
                     <field name="id" type="string"/>
                     <field name="url" type="reference">
                        <options>
                           <option name="referenceTo">Url</option>
                           <option name="relationshipName">Child</option>
                        </options>
                     </field>
                  </detail>
               </processObject>
               <processObject xmlns="http://schemas.active-endpoints.com/appmodules/screenflow/2011/06/avosHostEnvironment.xsd"
                              isByCopy="true"
                              name="Data">
                  <description/>
                  <detail>
                     <field name="access" type="reference">
                        <options>
                           <option name="referenceTo">Access</option>
                           <option name="relationshipName">Child</option>
                        </options>
                     </field>
                     <field name="identity" type="reference">
                        <options>
                           <option name="referenceTo">Identity</option>
                           <option name="relationshipName">Child</option>
                        </options>
                     </field>
                     <field name="context" type="reference">
                        <options>
                           <option name="referenceTo">Context</option>
                           <option name="relationshipName">Child</option>
                        </options>
                     </field>
                  </detail>
               </processObject>
               <processObject xmlns="http://schemas.active-endpoints.com/appmodules/screenflow/2011/06/avosHostEnvironment.xsd"
                              isByCopy="true"
                              name="Openid">
                  <description/>
                  <detail>
                     <field name="action" type="string"/>
                     <field name="id" type="string"/>
                  </detail>
               </processObject>
               <processObject xmlns="http://schemas.active-endpoints.com/appmodules/screenflow/2011/06/avosHostEnvironment.xsd"
                              isByCopy="true"
                              name="Claims1">
                  <description/>
                  <detail>
                     <field name="sub" type="string"/>
                     <field name="aud" type="string"/>
                     <field name="uid" type="string"/>
                     <field name="firstName" type="string"/>
                     <field name="ver" type="int"/>
                     <field name="iss" type="string"/>
                     <field name="preferred_username" type="string"/>
                     <field name="jti" type="string"/>
                     <field name="cid" type="string"/>
                  </detail>
               </processObject>
               <processObject xmlns="http://schemas.active-endpoints.com/appmodules/screenflow/2011/06/avosHostEnvironment.xsd"
                              isByCopy="true"
                              name="Lifetime">
                  <description/>
                  <detail>
                     <field name="expiration" type="int"/>
                  </detail>
               </processObject>
               <processObject xmlns="http://schemas.active-endpoints.com/appmodules/screenflow/2011/06/avosHostEnvironment.xsd"
                              isByCopy="true"
                              name="Header">
                  <description/>
                  <detail>
                     <field name="value" type="string"/>
                     <field name="key" type="string"/>
                  </detail>
               </processObject>
               <processObject xmlns="http://schemas.active-endpoints.com/appmodules/screenflow/2011/06/avosHostEnvironment.xsd"
                              isByCopy="true"
                              name="Scopes">
                  <description/>
                  <detail>
                     <field name="openid" type="reference">
                        <options>
                           <option name="referenceTo">Openid</option>
                           <option name="relationshipName">Child</option>
                        </options>
                     </field>
                     <field name="profile" type="reference">
                        <options>
                           <option name="referenceTo">Profile1</option>
                           <option name="relationshipName">Child</option>
                        </options>
                     </field>
                     <field name="email" type="reference">
                        <options>
                           <option name="referenceTo">Email</option>
                           <option name="relationshipName">Child</option>
                        </options>
                     </field>
                  </detail>
               </processObject>
               <processObject xmlns="http://schemas.active-endpoints.com/appmodules/screenflow/2011/06/avosHostEnvironment.xsd"
                              isByCopy="true"
                              name="Links">
                  <description/>
                  <detail>
                     <field name="groups" type="reference">
                        <options>
                           <option name="referenceTo">Groups</option>
                           <option name="relationshipName">Child</option>
                        </options>
                     </field>
                     <field name="factors" type="reference">
                        <options>
                           <option name="referenceTo">Factors</option>
                           <option name="relationshipName">Child</option>
                        </options>
                     </field>
                  </detail>
               </processObject>
               <processObject xmlns="http://schemas.active-endpoints.com/appmodules/screenflow/2011/06/avosHostEnvironment.xsd"
                              isByCopy="true"
                              name="Rule">
                  <description/>
                  <detail>
                     <field name="id" type="string"/>
                  </detail>
               </processObject>
               <processObject xmlns="http://schemas.active-endpoints.com/appmodules/screenflow/2011/06/avosHostEnvironment.xsd"
                              isByCopy="true"
                              name="Session">
                  <description/>
                  <detail>
                     <field name="createdAt" type="string"/>
                     <field name="mfaActive" type="boolean"/>
                     <field name="idp" type="reference">
                        <options>
                           <option name="referenceTo">Idp</option>
                           <option name="relationshipName">Child</option>
                        </options>
                     </field>
                     <field name="amr" type="objectlist">
                        <options>
                           <option name="referenceTo">string</option>
                           <option name="relationshipName">Child</option>
                        </options>
                     </field>
                     <field name="id" type="string"/>
                     <field name="login" type="string"/>
                     <field name="userId" type="string"/>
                     <field name="expiresAt" type="string"/>
                     <field name="lastPasswordVerification" type="string"/>
                     <field name="status" type="string"/>
                  </detail>
               </processObject>
               <processObject xmlns="http://schemas.active-endpoints.com/appmodules/screenflow/2011/06/avosHostEnvironment.xsd"
                              isByCopy="true"
                              name="string">
                  <description/>
                  <detail>
                     <field name="string" type="string"/>
                  </detail>
               </processObject>
               <processObject xmlns="http://schemas.active-endpoints.com/appmodules/screenflow/2011/06/avosHostEnvironment.xsd"
                              isByCopy="true"
                              name="boolean">
                  <description/>
                  <detail>
                     <field name="boolean" type="boolean"/>
                  </detail>
               </processObject>
               <processObject xmlns="http://schemas.active-endpoints.com/appmodules/screenflow/2011/06/avosHostEnvironment.xsd"
                              isByCopy="true"
                              name="double">
                  <description/>
                  <detail>
                     <field name="double" type="double"/>
                  </detail>
               </processObject>
               <processObject xmlns="http://schemas.active-endpoints.com/appmodules/screenflow/2011/06/avosHostEnvironment.xsd"
                              isByCopy="true"
                              name="integer">
                  <description/>
                  <detail>
                     <field name="integer" type="int"/>
                  </detail>
               </processObject>
            </objects>
         </businessConnector>
      </types1:Entry>
      <types1:GUID>arQAiFusA4rkkFc5kSYXAY</types1:GUID>
      <types1:DisplayName>Okta Inline Hooks REST API v1</types1:DisplayName>
   </types1:Item>
   <types1:CurrentServerDateTime>2019-12-29T10:33:51.761Z</types1:CurrentServerDateTime>
</aetgt:getResponse>
