<aetgt:getResponse xmlns:aetgt="http://schemas.active-endpoints.com/appmodules/repository/2010/10/avrepository.xsd"
                   xmlns:types1="http://schemas.active-endpoints.com/appmodules/repository/2010/10/avrepository.xsd">
   <types1:Item>
      <types1:EntryId>pGvSx0aa-gt-3244797-2019-01-24T00:42:20.255Z::svc.xml</types1:EntryId>
      <types1:Name>Concur_Users_API_v3</types1:Name>
      <types1:MimeType>application/xml+businesssconnector</types1:MimeType>
      <types1:Description>Provides details of all the client's Concur users that meet the search parameters.</types1:Description>
      <types1:AppliesTo/>
      <types1:Tags/>
      <types1:VersionLabel>1.0</types1:VersionLabel>
      <types1:State>CURRENT</types1:State>
      <types1:ProcessGroup/>
      <types1:CreatedBy>sorabh@na1.dm-us.org</types1:CreatedBy>
      <types1:CreationDate>2019-01-24T00:42:20Z</types1:CreationDate>
      <types1:ModifiedBy/>
      <types1:PublicationStatus>published</types1:PublicationStatus>
      <types1:PublishedBy>sorabh@na1.dm-us.org</types1:PublishedBy>
      <types1:PublicationDate>2019-01-24T00:42:26Z</types1:PublicationDate>
      <types1:PublishedContributionId>project:/rt.connector/Concur_Users_API_v3/Concur_Users_API_v3_svcDef.xml</types1:PublishedContributionId>
      <types1:AutosaveExists>false</types1:AutosaveExists>
      <types1:Entry>
         <businessConnector xmlns="http://schemas.informatica.com/socrates/data-services/2014/05/business-connector-model.xsd"
                            agentOnly="false"
                            debug="false"
                            displayName="Concur Users API v3"
                            label=""
                            name="Concur_Users_API_v3"
                            uuid="76171cca-17ed-4c9b-9e55-ba8371662c22">
            <description>Provides details of all the client's Concur users that meet the search parameters.</description>
            <tags/>
            <connectionAttributes xmlns="http://schemas.informatica.com/appmodules/screenflow/2014/04/avosConnectors.xsd">
               <connectionAttribute description="Host Name"
                                    masked="false"
                                    name="hostName"
                                    required="true"
                                    testWith="www.concursolutions.com"
                                    type="string"/>
            </connectionAttributes>
            <actions>
               <action category="Resources"
                       failOnError="true"
                       forSearch="false"
                       label="GET_common_users"
                       maxRedirects="100"
                       name="GET_common_users"
                       preemptiveAuth="true"
                       responseEncoding="">
                  <description>Get all users. Gets all users based on the search criteria.</description>
                  <input>
                     <parameter description="The starting point of the next set of results, after the limit specified in the limit field has been reached."
                                label="offset"
                                name="offset"
                                required="false"
                                testWith=""
                                type="string"/>
                     <parameter description="The number of records to return. Default value: 25. Maximum: 100."
                                label="limit"
                                name="limit"
                                required="false"
                                testWith=""
                                type="int"/>
                     <parameter description="The primary email of the user."
                                label="primaryEmail"
                                name="primaryEmail"
                                required="false"
                                testWith=""
                                type="string"/>
                     <parameter description="The employee ID of the user."
                                label="employeeID"
                                name="employeeID"
                                required="false"
                                testWith=""
                                type="string"/>
                     <parameter description="The login ID of the user."
                                label="user"
                                name="user"
                                required="false"
                                testWith=""
                                type="string"/>
                     <parameter description="The last name of the user."
                                label="lastName"
                                name="lastName"
                                required="false"
                                testWith=""
                                type="string"/>
                     <parameter description="Indicates whether to return active or inactive users. FORMAT: true or false"
                                label="active"
                                name="active"
                                required="false"
                                testWith=""
                                type="boolean"/>
                  </input>
                  <binding>
                     <restSimpleBinding multiUsing="semicolonSeparated"
                                        url="https://{$hostName}/api/v3.0/common/users"
                                        verb="GET">
                        <httpHeaders>
                           <header name="Content-Type">application/json</header>
                           <header name="Accept">application/json</header>
                        </httpHeaders>
                     </restSimpleBinding>
                  </binding>
                  <output>
                     <field description="Success"
                            entireResponse="true"
                            name="UserCollection"
                            type="reference">
                        <options>
                           <option name="referenceTo">UserCollection</option>
                        </options>
                     </field>
                  </output>
               </action>
            </actions>
            <objects>
               <processObject xmlns="http://schemas.active-endpoints.com/appmodules/screenflow/2011/06/avosHostEnvironment.xsd"
                              isByCopy="true"
                              name="User">
                  <description/>
                  <detail>
                     <field name="CellPhoneNumber" type="string"/>
                     <field name="Active" type="boolean"/>
                     <field name="LoginID" type="string"/>
                     <field name="FirstName" type="string"/>
                     <field name="OrganizationUnit" type="string"/>
                     <field name="PrimaryEmail" type="string"/>
                     <field name="ID" type="string"/>
                     <field name="LastName" type="string"/>
                     <field name="MiddleName" type="string"/>
                     <field name="EmployeeID" type="string"/>
                     <field name="URI" type="string"/>
                  </detail>
               </processObject>
               <processObject xmlns="http://schemas.active-endpoints.com/appmodules/screenflow/2011/06/avosHostEnvironment.xsd"
                              isByCopy="true"
                              name="UserCollection">
                  <description/>
                  <detail>
                     <field name="Items" type="reference">
                        <options>
                           <option name="referenceTo">User</option>
                           <option name="relationshipName">Child</option>
                        </options>
                     </field>
                     <field name="NextPage" type="string"/>
                  </detail>
               </processObject>
               <processObject xmlns="http://schemas.active-endpoints.com/appmodules/screenflow/2011/06/avosHostEnvironment.xsd"
                              isByCopy="true"
                              name="string">
                  <description/>
                  <detail>
                     <field name="string" type="string"/>
                  </detail>
               </processObject>
               <processObject xmlns="http://schemas.active-endpoints.com/appmodules/screenflow/2011/06/avosHostEnvironment.xsd"
                              isByCopy="true"
                              name="boolean">
                  <description/>
                  <detail>
                     <field name="boolean" type="boolean"/>
                  </detail>
               </processObject>
               <processObject xmlns="http://schemas.active-endpoints.com/appmodules/screenflow/2011/06/avosHostEnvironment.xsd"
                              isByCopy="true"
                              name="double">
                  <description/>
                  <detail>
                     <field name="double" type="double"/>
                  </detail>
               </processObject>
               <processObject xmlns="http://schemas.active-endpoints.com/appmodules/screenflow/2011/06/avosHostEnvironment.xsd"
                              isByCopy="true"
                              name="integer">
                  <description/>
                  <detail>
                     <field name="integer" type="int"/>
                  </detail>
               </processObject>
            </objects>
         </businessConnector>
      </types1:Entry>
      <types1:GUID>5OpKsqhBrBFcbOqRzYyaMV</types1:GUID>
      <types1:DisplayName>Concur Users API v3</types1:DisplayName>
   </types1:Item>
   <types1:CurrentServerDateTime>2019-02-22T09:42:47.796Z</types1:CurrentServerDateTime>
</aetgt:getResponse>
