<aetgt:getResponse xmlns:aetgt="http://schemas.active-endpoints.com/appmodules/repository/2010/10/avrepository.xsd"
                   xmlns:types1="http://schemas.active-endpoints.com/appmodules/repository/2010/10/avrepository.xsd">
   <types1:Item>
      <types1:EntryId>ghA5V1FyuRZXDyv-gt-1787763-2019-11-13T04:00:41.058Z::svc.xml</types1:EntryId>
      <types1:Name>SAP_S4HANA_Sales_Document_with_Credit_Block_-_Read-Check-Release-Reject_-A2X-_API_v1</types1:Name>
      <types1:MimeType>application/xml+businesssconnector</types1:MimeType>
      <types1:Description>The service contains entities for credit  blocked sales document and reject reason. The  information is sent in the request as a URL. Once  the sales document has been checked, released, or  rejected, a success message containing the  document number is sent in the response. Once  the credit blocked sales document has been  retrieved, the data is sent in the response. If there  are any issues when reading, checking, releasing, or  rejecting the credit blocked sales document, the  system displays error messages in the response.</types1:Description>
      <types1:AppliesTo/>
      <types1:Tags/>
      <types1:VersionLabel>1.0</types1:VersionLabel>
      <types1:State>CURRENT</types1:State>
      <types1:ProcessGroup/>
      <types1:CreatedBy>sorabh@na1.dm-us.org</types1:CreatedBy>
      <types1:CreationDate>2019-11-13T04:00:41Z</types1:CreationDate>
      <types1:ModifiedBy/>
      <types1:PublicationStatus>published</types1:PublicationStatus>
      <types1:PublishedBy>sorabh@na1.dm-us.org</types1:PublishedBy>
      <types1:PublicationDate>2019-11-13T04:00:48Z</types1:PublicationDate>
      <types1:PublishedContributionId>project:/rt.connector/SAP_S4HANA_Sales_Document_with_Credit_Block___Read_Check_Release_Reject__A2X__API_v1/SAP_S4HANA_Sales_Document_with_Credit_Block___Read_Check_Release_Reject__A2X__API_v1_svcDef.xml</types1:PublishedContributionId>
      <types1:AutosaveExists>false</types1:AutosaveExists>
      <types1:Entry>
         <businessConnector xmlns="http://schemas.informatica.com/socrates/data-services/2014/05/business-connector-model.xsd"
                            agentOnly="false"
                            debug="false"
                            displayName="SAP S4HANA Sales Document with Credit Block - Read-Check-Release-Reject -A2X- API v1"
                            label=""
                            name="SAP_S4HANA_Sales_Document_with_Credit_Block_-_Read-Check-Release-Reject_-A2X-_API_v1"
                            uuid="c9374607-1228-4eb3-b33b-75f7c19d1e2d">
            <description>The service contains entities for credit  blocked sales document and reject reason. The  information is sent in the request as a URL. Once  the sales document has been checked, released, or  rejected, a success message containing the  document number is sent in the response. Once  the credit blocked sales document has been  retrieved, the data is sent in the response. If there  are any issues when reading, checking, releasing, or  rejecting the credit blocked sales document, the  system displays error messages in the response.</description>
            <tags/>
            <connectionAttributes xmlns="http://schemas.informatica.com/appmodules/screenflow/2014/04/avosConnectors.xsd">
               <connectionAttribute description="Host Name"
                                    masked="false"
                                    name="hostName"
                                    required="true"
                                    testWith="sandbox.api.sap.com"
                                    type="string"/>
               <connectionAttribute description="User Name"
                                    masked="false"
                                    name="username"
                                    required="true"
                                    testWith=""
                                    type="string"/>
               <connectionAttribute description="Password"
                                    masked="true"
                                    name="password"
                                    required="true"
                                    testWith=""
                                    type="string"/>
            </connectionAttributes>
            <actions>
               <action category="Batch Requests"
                       failOnError="true"
                       forSearch="false"
                       label="POST_batch"
                       maxRedirects="100"
                       name="POST_batch"
                       preemptiveAuth="true"
                       responseEncoding="">
                  <description>Send a group of requests. Group multiple requests into a single request payload, see [Batch Requests](https://help.sap.com/doc/5890d27be418427993fafa6722cdc03b/Cloud/en-US/OdataV2.pdf#page=152).</description>
                  <input>
                     <parameter description="Batch request"
                                label="requestBody"
                                name="requestBody"
                                required="false"
                                testWith=""
                                type="string"/>
                  </input>
                  <binding>
                     <restSimpleBinding multiUsing="semicolonSeparated"
                                        url="https://{$hostName}/s4hanacloud/sap/opu/odata/sap/API_SLS_DOC_WITH_CREDIT_BLOCK/$batch"
                                        verb="POST">
                        <authentication>
                           <username>{$username}</username>
                           <password>{$password}</password>
                           <isExpressionInPassword>true</isExpressionInPassword>
                        </authentication>
                        <httpHeaders>
                           <header name="Content-Type">multipart/mixed;boundary=request-separator</header>
                           <header name="Accept">multipart/mixed</header>
                        </httpHeaders>
                        <body>{$requestBody}</body>
                     </restSimpleBinding>
                  </binding>
                  <output/>
               </action>
               <action category="A_CreditBlockedSalesDocument"
                       failOnError="true"
                       forSearch="false"
                       label="GET_A_CreditBlockedSalesDocument_SalesDocument_"
                       maxRedirects="100"
                       name="GET_A_CreditBlockedSalesDocument_SalesDocument_"
                       preemptiveAuth="true"
                       responseEncoding="">
                  <description>Get entity from A_CreditBlockedSalesDocument by key</description>
                  <input>
                     <parameter description="Select properties to be returned, see [Select](https://help.sap.com/doc/5890d27be418427993fafa6722cdc03b/Cloud/en-US/OdataV2.pdf#page=68)"
                                label="$select"
                                name="$select"
                                required="false"
                                testWith=""
                                type="picklist">
                        <options>
                           <option name="values">[{"value":"SalesDocument","label":"SalesDocument"},{"value":"SDDocumentCategory","label":"SDDocumentCategory"},{"value":"SalesDocumentType","label":"SalesDocumentType"},{"value":"SalesOrganization","label":"SalesOrganization"},{"value":"DistributionChannel","label":"DistributionChannel"},{"value":"OrganizationDivision","label":"OrganizationDivision"},{"value":"SalesOffice","label":"SalesOffice"},{"value":"SalesGroup","label":"SalesGroup"},{"value":"CreatedByUser","label":"CreatedByUser"},{"value":"CreationDate","label":"CreationDate"},{"value":"LastChangedByUser","label":"LastChangedByUser"},{"value":"LastChangeDate","label":"LastChangeDate"},{"value":"SoldToParty","label":"SoldToParty"},{"value":"TotalNetAmount","label":"TotalNetAmount"},{"value":"TransactionCurrency","label":"TransactionCurrency"},{"value":"CustomerCreditAccount","label":"CustomerCreditAccount"},{"value":"ControllingAreaCurrency","label":"ControllingAreaCurrency"},{"value":"ReleasedCreditAmount","label":"ReleasedCreditAmount"},{"value":"CreditBlockReleaseDate","label":"CreditBlockReleaseDate"},{"value":"NextShippingDate","label":"NextShippingDate"},{"value":"NextCreditCheckDate","label":"NextCreditCheckDate"},{"value":"FinDocCreditCheckStatus","label":"FinDocCreditCheckStatus"},{"value":"TotalCreditCheckStatus","label":"TotalCreditCheckStatus"},{"value":"OverallSDProcessStatus","label":"OverallSDProcessStatus"},{"value":"CentralCreditCheckStatus","label":"CentralCreditCheckStatus"},{"value":"CentralCreditChkTechErrSts","label":"CentralCreditChkTechErrSts"}]</option>
                        </options>
                     </parameter>
                     <parameter description="The number that uniquely identifies the sales document."
                                label="SalesDocumentPathParam"
                                name="SalesDocumentPathParam"
                                nogen="true"
                                required="true"
                                testWith=""
                                type="string"/>
                  </input>
                  <binding>
                     <restSimpleBinding multiUsing="semicolonSeparated"
                                        url="https://{$hostName}/s4hanacloud/sap/opu/odata/sap/API_SLS_DOC_WITH_CREDIT_BLOCK/A_CreditBlockedSalesDocument('{$SalesDocumentPathParam}')"
                                        verb="GET">
                        <authentication>
                           <username>{$username}</username>
                           <password>{$password}</password>
                           <isExpressionInPassword>true</isExpressionInPassword>
                        </authentication>
                        <httpHeaders>
                           <header name="Content-Type">application/json</header>
                           <header name="Accept">application/json</header>
                        </httpHeaders>
                     </restSimpleBinding>
                  </binding>
                  <output>
                     <field description="Retrieved entity"
                            entireResponse="true"
                            name="entireResponse"
                            type="object"/>
                  </output>
               </action>
               <action category="A_CreditBlockedSalesDocument"
                       failOnError="true"
                       forSearch="false"
                       label="GET_A_CreditBlockedSalesDocument"
                       maxRedirects="100"
                       name="GET_A_CreditBlockedSalesDocument"
                       preemptiveAuth="true"
                       responseEncoding="">
                  <description>Get entities from A_CreditBlockedSalesDocument</description>
                  <input>
                     <parameter description="Show only the first n items, see [Paging - Top](https://help.sap.com/doc/5890d27be418427993fafa6722cdc03b/Cloud/en-US/OdataV2.pdf#page=66)"
                                label="$top"
                                name="$top"
                                required="false"
                                testWith=""
                                type="int"/>
                     <parameter description="Skip the first n items, see [Paging - Skip](https://help.sap.com/doc/5890d27be418427993fafa6722cdc03b/Cloud/en-US/OdataV2.pdf#page=65)"
                                label="$skip"
                                name="$skip"
                                required="false"
                                testWith=""
                                type="int"/>
                     <parameter description="Filter items by property values, see [Filtering](https://help.sap.com/doc/5890d27be418427993fafa6722cdc03b/Cloud/en-US/OdataV2.pdf#page=64)"
                                label="$filter"
                                name="$filter"
                                required="false"
                                testWith=""
                                type="string"/>
                     <parameter description="Include count of items, see [Inlinecount](https://help.sap.com/doc/5890d27be418427993fafa6722cdc03b/Cloud/en-US/OdataV2.pdf#page=67)"
                                label="$inlinecount"
                                name="$inlinecount"
                                required="false"
                                testWith=""
                                type="picklist">
                        <options>
                           <option name="values">[{"value":"allpages","label":"allpages"},{"value":"none","label":"none"}]</option>
                        </options>
                     </parameter>
                     <parameter description="Order items by property values, see [Sorting](https://help.sap.com/doc/5890d27be418427993fafa6722cdc03b/Cloud/en-US/OdataV2.pdf#page=65)"
                                label="$orderby"
                                name="$orderby"
                                required="false"
                                testWith=""
                                type="picklist">
                        <options>
                           <option name="values">[{"value":"SalesDocument","label":"SalesDocument"},{"value":"SalesDocument desc","label":"SalesDocument desc"},{"value":"SDDocumentCategory","label":"SDDocumentCategory"},{"value":"SDDocumentCategory desc","label":"SDDocumentCategory desc"},{"value":"SalesDocumentType","label":"SalesDocumentType"},{"value":"SalesDocumentType desc","label":"SalesDocumentType desc"},{"value":"SalesOrganization","label":"SalesOrganization"},{"value":"SalesOrganization desc","label":"SalesOrganization desc"},{"value":"DistributionChannel","label":"DistributionChannel"},{"value":"DistributionChannel desc","label":"DistributionChannel desc"},{"value":"OrganizationDivision","label":"OrganizationDivision"},{"value":"OrganizationDivision desc","label":"OrganizationDivision desc"},{"value":"SalesOffice","label":"SalesOffice"},{"value":"SalesOffice desc","label":"SalesOffice desc"},{"value":"SalesGroup","label":"SalesGroup"},{"value":"SalesGroup desc","label":"SalesGroup desc"},{"value":"CreatedByUser","label":"CreatedByUser"},{"value":"CreatedByUser desc","label":"CreatedByUser desc"},{"value":"CreationDate","label":"CreationDate"},{"value":"CreationDate desc","label":"CreationDate desc"},{"value":"LastChangedByUser","label":"LastChangedByUser"},{"value":"LastChangedByUser desc","label":"LastChangedByUser desc"},{"value":"LastChangeDate","label":"LastChangeDate"},{"value":"LastChangeDate desc","label":"LastChangeDate desc"},{"value":"SoldToParty","label":"SoldToParty"},{"value":"SoldToParty desc","label":"SoldToParty desc"},{"value":"TotalNetAmount","label":"TotalNetAmount"},{"value":"TotalNetAmount desc","label":"TotalNetAmount desc"},{"value":"TransactionCurrency","label":"TransactionCurrency"},{"value":"TransactionCurrency desc","label":"TransactionCurrency desc"},{"value":"CustomerCreditAccount","label":"CustomerCreditAccount"},{"value":"CustomerCreditAccount desc","label":"CustomerCreditAccount desc"},{"value":"ControllingAreaCurrency","label":"ControllingAreaCurrency"},{"value":"ControllingAreaCurrency desc","label":"ControllingAreaCurrency desc"},{"value":"ReleasedCreditAmount","label":"ReleasedCreditAmount"},{"value":"ReleasedCreditAmount desc","label":"ReleasedCreditAmount desc"},{"value":"CreditBlockReleaseDate","label":"CreditBlockReleaseDate"},{"value":"CreditBlockReleaseDate desc","label":"CreditBlockReleaseDate desc"},{"value":"NextShippingDate","label":"NextShippingDate"},{"value":"NextShippingDate desc","label":"NextShippingDate desc"},{"value":"NextCreditCheckDate","label":"NextCreditCheckDate"},{"value":"NextCreditCheckDate desc","label":"NextCreditCheckDate desc"},{"value":"FinDocCreditCheckStatus","label":"FinDocCreditCheckStatus"},{"value":"FinDocCreditCheckStatus desc","label":"FinDocCreditCheckStatus desc"},{"value":"TotalCreditCheckStatus","label":"TotalCreditCheckStatus"},{"value":"TotalCreditCheckStatus desc","label":"TotalCreditCheckStatus desc"},{"value":"OverallSDProcessStatus","label":"OverallSDProcessStatus"},{"value":"OverallSDProcessStatus desc","label":"OverallSDProcessStatus desc"},{"value":"CentralCreditCheckStatus","label":"CentralCreditCheckStatus"},{"value":"CentralCreditCheckStatus desc","label":"CentralCreditCheckStatus desc"},{"value":"CentralCreditChkTechErrSts","label":"CentralCreditChkTechErrSts"},{"value":"CentralCreditChkTechErrSts desc","label":"CentralCreditChkTechErrSts desc"}]</option>
                        </options>
                     </parameter>
                     <parameter description="Select properties to be returned, see [Select](https://help.sap.com/doc/5890d27be418427993fafa6722cdc03b/Cloud/en-US/OdataV2.pdf#page=68)"
                                label="$select"
                                name="$select"
                                required="false"
                                testWith=""
                                type="picklist">
                        <options>
                           <option name="values">[{"value":"SalesDocument","label":"SalesDocument"},{"value":"SDDocumentCategory","label":"SDDocumentCategory"},{"value":"SalesDocumentType","label":"SalesDocumentType"},{"value":"SalesOrganization","label":"SalesOrganization"},{"value":"DistributionChannel","label":"DistributionChannel"},{"value":"OrganizationDivision","label":"OrganizationDivision"},{"value":"SalesOffice","label":"SalesOffice"},{"value":"SalesGroup","label":"SalesGroup"},{"value":"CreatedByUser","label":"CreatedByUser"},{"value":"CreationDate","label":"CreationDate"},{"value":"LastChangedByUser","label":"LastChangedByUser"},{"value":"LastChangeDate","label":"LastChangeDate"},{"value":"SoldToParty","label":"SoldToParty"},{"value":"TotalNetAmount","label":"TotalNetAmount"},{"value":"TransactionCurrency","label":"TransactionCurrency"},{"value":"CustomerCreditAccount","label":"CustomerCreditAccount"},{"value":"ControllingAreaCurrency","label":"ControllingAreaCurrency"},{"value":"ReleasedCreditAmount","label":"ReleasedCreditAmount"},{"value":"CreditBlockReleaseDate","label":"CreditBlockReleaseDate"},{"value":"NextShippingDate","label":"NextShippingDate"},{"value":"NextCreditCheckDate","label":"NextCreditCheckDate"},{"value":"FinDocCreditCheckStatus","label":"FinDocCreditCheckStatus"},{"value":"TotalCreditCheckStatus","label":"TotalCreditCheckStatus"},{"value":"OverallSDProcessStatus","label":"OverallSDProcessStatus"},{"value":"CentralCreditCheckStatus","label":"CentralCreditCheckStatus"},{"value":"CentralCreditChkTechErrSts","label":"CentralCreditChkTechErrSts"}]</option>
                        </options>
                     </parameter>
                  </input>
                  <binding>
                     <restSimpleBinding multiUsing="semicolonSeparated"
                                        url="https://{$hostName}/s4hanacloud/sap/opu/odata/sap/API_SLS_DOC_WITH_CREDIT_BLOCK/A_CreditBlockedSalesDocument"
                                        verb="GET">
                        <authentication>
                           <username>{$username}</username>
                           <password>{$password}</password>
                           <isExpressionInPassword>true</isExpressionInPassword>
                        </authentication>
                        <httpHeaders>
                           <header name="Content-Type">application/json</header>
                           <header name="Accept">application/json</header>
                        </httpHeaders>
                     </restSimpleBinding>
                  </binding>
                  <output>
                     <field description="Retrieved entities"
                            entireResponse="true"
                            name="entireResponse"
                            type="object"/>
                  </output>
               </action>
               <action category="Service Operations"
                       failOnError="true"
                       forSearch="false"
                       label="POST_ReleaseCreditBlock"
                       maxRedirects="100"
                       name="POST_ReleaseCreditBlock"
                       preemptiveAuth="true"
                       responseEncoding="">
                  <description>Release</description>
                  <input>
                     <parameter description="Value needs to be enclosed in single quotes"
                                label="SDDocumentCategory"
                                name="SDDocumentCategory"
                                required="true"
                                testWith=""
                                type="string"/>
                     <parameter description="Value needs to be enclosed in single quotes"
                                label="SalesDocument"
                                name="SalesDocument"
                                required="true"
                                testWith=""
                                type="string"/>
                  </input>
                  <binding>
                     <restSimpleBinding multiUsing="semicolonSeparated"
                                        url="https://{$hostName}/s4hanacloud/sap/opu/odata/sap/API_SLS_DOC_WITH_CREDIT_BLOCK/ReleaseCreditBlock"
                                        verb="POST">
                        <authentication>
                           <username>{$username}</username>
                           <password>{$password}</password>
                           <isExpressionInPassword>true</isExpressionInPassword>
                        </authentication>
                        <httpHeaders>
                           <header name="Content-Type">application/json</header>
                           <header name="Accept">application/json</header>
                        </httpHeaders>
                        <body generateUsing="UnwrappedJSON" preserveJsonStringFormatting="false"/>
                     </restSimpleBinding>
                  </binding>
                  <output>
                     <field description="Success"
                            entireResponse="true"
                            name="entireResponse"
                            type="object"/>
                  </output>
               </action>
               <action category="Service Operations"
                       failOnError="true"
                       forSearch="false"
                       label="POST_RejectCreditBlock"
                       maxRedirects="100"
                       name="POST_RejectCreditBlock"
                       preemptiveAuth="true"
                       responseEncoding="">
                  <description>Reject</description>
                  <input>
                     <parameter description="Value needs to be enclosed in single quotes"
                                label="SalesDocument"
                                name="SalesDocument"
                                required="true"
                                testWith=""
                                type="string"/>
                     <parameter description="Value needs to be enclosed in single quotes"
                                label="SalesDocumentRjcnReason"
                                name="SalesDocumentRjcnReason"
                                required="true"
                                testWith=""
                                type="string"/>
                     <parameter description="Value needs to be enclosed in single quotes"
                                label="SDDocumentCategory"
                                name="SDDocumentCategory"
                                required="true"
                                testWith=""
                                type="string"/>
                  </input>
                  <binding>
                     <restSimpleBinding multiUsing="semicolonSeparated"
                                        url="https://{$hostName}/s4hanacloud/sap/opu/odata/sap/API_SLS_DOC_WITH_CREDIT_BLOCK/RejectCreditBlock"
                                        verb="POST">
                        <authentication>
                           <username>{$username}</username>
                           <password>{$password}</password>
                           <isExpressionInPassword>true</isExpressionInPassword>
                        </authentication>
                        <httpHeaders>
                           <header name="Content-Type">application/json</header>
                           <header name="Accept">application/json</header>
                        </httpHeaders>
                        <body generateUsing="UnwrappedJSON" preserveJsonStringFormatting="false"/>
                     </restSimpleBinding>
                  </binding>
                  <output>
                     <field description="Success"
                            entireResponse="true"
                            name="entireResponse"
                            type="object"/>
                  </output>
               </action>
               <action category="A_SalesDocumentRjcnReason"
                       failOnError="true"
                       forSearch="false"
                       label="GET_A_SalesDocumentRjcnReason_SalesDocumentRjcnReason_"
                       maxRedirects="100"
                       name="GET_A_SalesDocumentRjcnReason_SalesDocumentRjcnReason_"
                       preemptiveAuth="true"
                       responseEncoding="">
                  <description>Get entity from A_SalesDocumentRjcnReason by key</description>
                  <input>
                     <parameter description="Select properties to be returned, see [Select](https://help.sap.com/doc/5890d27be418427993fafa6722cdc03b/Cloud/en-US/OdataV2.pdf#page=68)"
                                label="$select"
                                name="$select"
                                required="false"
                                testWith=""
                                type="picklist">
                        <options>
                           <option name="values">[{"value":"SalesDocumentRjcnReason","label":"SalesDocumentRjcnReason"},{"value":"SalesDocumentRjcnReason_Text","label":"SalesDocumentRjcnReason_Text"}]</option>
                        </options>
                     </parameter>
                     <parameter description="Reason for Rejection of Sales Documents  &#xA;The reason for rejecting a sales document (for example, a sales quotation or a sales order).  &#xA;The rejection can come from your organization (for example, you can reject a customer request for a credit memo because it is unreasonable) or from the customer (for example, the customer rejects a quotation because the price is too high). The following list shows the effects on different document types after you enter a reason for rejection:Inquiries and quotations: no further references by other documentsSales orders: no further delivery of itemsContracts: no further creation of release ordersCredit and debit memo requests: no further processing of credit or debit memosEnter one of the values predefined for your system.If you enter a reason for rejection, the system automatically cancels any MRP requirements previously generated for the items."
                                label="SalesDocumentRjcnReasonPathParam"
                                name="SalesDocumentRjcnReasonPathParam"
                                nogen="true"
                                required="true"
                                testWith=""
                                type="string"/>
                  </input>
                  <binding>
                     <restSimpleBinding multiUsing="semicolonSeparated"
                                        url="https://{$hostName}/s4hanacloud/sap/opu/odata/sap/API_SLS_DOC_WITH_CREDIT_BLOCK/A_SalesDocumentRjcnReason('{$SalesDocumentRjcnReasonPathParam}')"
                                        verb="GET">
                        <authentication>
                           <username>{$username}</username>
                           <password>{$password}</password>
                           <isExpressionInPassword>true</isExpressionInPassword>
                        </authentication>
                        <httpHeaders>
                           <header name="Content-Type">application/json</header>
                           <header name="Accept">application/json</header>
                        </httpHeaders>
                     </restSimpleBinding>
                  </binding>
                  <output>
                     <field description="Retrieved entity"
                            entireResponse="true"
                            name="entireResponse"
                            type="object"/>
                  </output>
               </action>
               <action category="A_SalesDocumentRjcnReason"
                       failOnError="true"
                       forSearch="false"
                       label="GET_A_SalesDocumentRjcnReason"
                       maxRedirects="100"
                       name="GET_A_SalesDocumentRjcnReason"
                       preemptiveAuth="true"
                       responseEncoding="">
                  <description>Get entities from A_SalesDocumentRjcnReason</description>
                  <input>
                     <parameter description="Show only the first n items, see [Paging - Top](https://help.sap.com/doc/5890d27be418427993fafa6722cdc03b/Cloud/en-US/OdataV2.pdf#page=66)"
                                label="$top"
                                name="$top"
                                required="false"
                                testWith=""
                                type="int"/>
                     <parameter description="Skip the first n items, see [Paging - Skip](https://help.sap.com/doc/5890d27be418427993fafa6722cdc03b/Cloud/en-US/OdataV2.pdf#page=65)"
                                label="$skip"
                                name="$skip"
                                required="false"
                                testWith=""
                                type="int"/>
                     <parameter description="Filter items by property values, see [Filtering](https://help.sap.com/doc/5890d27be418427993fafa6722cdc03b/Cloud/en-US/OdataV2.pdf#page=64)"
                                label="$filter"
                                name="$filter"
                                required="false"
                                testWith=""
                                type="string"/>
                     <parameter description="Include count of items, see [Inlinecount](https://help.sap.com/doc/5890d27be418427993fafa6722cdc03b/Cloud/en-US/OdataV2.pdf#page=67)"
                                label="$inlinecount"
                                name="$inlinecount"
                                required="false"
                                testWith=""
                                type="picklist">
                        <options>
                           <option name="values">[{"value":"allpages","label":"allpages"},{"value":"none","label":"none"}]</option>
                        </options>
                     </parameter>
                     <parameter description="Order items by property values, see [Sorting](https://help.sap.com/doc/5890d27be418427993fafa6722cdc03b/Cloud/en-US/OdataV2.pdf#page=65)"
                                label="$orderby"
                                name="$orderby"
                                required="false"
                                testWith=""
                                type="picklist">
                        <options>
                           <option name="values">[{"value":"SalesDocumentRjcnReason","label":"SalesDocumentRjcnReason"},{"value":"SalesDocumentRjcnReason desc","label":"SalesDocumentRjcnReason desc"},{"value":"SalesDocumentRjcnReason_Text","label":"SalesDocumentRjcnReason_Text"},{"value":"SalesDocumentRjcnReason_Text desc","label":"SalesDocumentRjcnReason_Text desc"}]</option>
                        </options>
                     </parameter>
                     <parameter description="Select properties to be returned, see [Select](https://help.sap.com/doc/5890d27be418427993fafa6722cdc03b/Cloud/en-US/OdataV2.pdf#page=68)"
                                label="$select"
                                name="$select"
                                required="false"
                                testWith=""
                                type="picklist">
                        <options>
                           <option name="values">[{"value":"SalesDocumentRjcnReason","label":"SalesDocumentRjcnReason"},{"value":"SalesDocumentRjcnReason_Text","label":"SalesDocumentRjcnReason_Text"}]</option>
                        </options>
                     </parameter>
                  </input>
                  <binding>
                     <restSimpleBinding multiUsing="semicolonSeparated"
                                        url="https://{$hostName}/s4hanacloud/sap/opu/odata/sap/API_SLS_DOC_WITH_CREDIT_BLOCK/A_SalesDocumentRjcnReason"
                                        verb="GET">
                        <authentication>
                           <username>{$username}</username>
                           <password>{$password}</password>
                           <isExpressionInPassword>true</isExpressionInPassword>
                        </authentication>
                        <httpHeaders>
                           <header name="Content-Type">application/json</header>
                           <header name="Accept">application/json</header>
                        </httpHeaders>
                     </restSimpleBinding>
                  </binding>
                  <output>
                     <field description="Retrieved entities"
                            entireResponse="true"
                            name="entireResponse"
                            type="object"/>
                  </output>
               </action>
               <action category="Service Operations"
                       failOnError="true"
                       forSearch="false"
                       label="POST_CheckCreditBlock"
                       maxRedirects="100"
                       name="POST_CheckCreditBlock"
                       preemptiveAuth="true"
                       responseEncoding="">
                  <description>Check</description>
                  <input>
                     <parameter description="Value needs to be enclosed in single quotes"
                                label="SalesDocument"
                                name="SalesDocument"
                                required="true"
                                testWith=""
                                type="string"/>
                     <parameter description="Value needs to be enclosed in single quotes"
                                label="SDDocumentCategory"
                                name="SDDocumentCategory"
                                required="true"
                                testWith=""
                                type="string"/>
                  </input>
                  <binding>
                     <restSimpleBinding multiUsing="semicolonSeparated"
                                        url="https://{$hostName}/s4hanacloud/sap/opu/odata/sap/API_SLS_DOC_WITH_CREDIT_BLOCK/CheckCreditBlock"
                                        verb="POST">
                        <authentication>
                           <username>{$username}</username>
                           <password>{$password}</password>
                           <isExpressionInPassword>true</isExpressionInPassword>
                        </authentication>
                        <httpHeaders>
                           <header name="Content-Type">application/json</header>
                           <header name="Accept">application/json</header>
                        </httpHeaders>
                        <body generateUsing="UnwrappedJSON" preserveJsonStringFormatting="false"/>
                     </restSimpleBinding>
                  </binding>
                  <output>
                     <field description="Success"
                            entireResponse="true"
                            name="entireResponse"
                            type="object"/>
                  </output>
               </action>
            </actions>
            <objects>
               <processObject xmlns="http://schemas.active-endpoints.com/appmodules/screenflow/2011/06/avosHostEnvironment.xsd"
                              isByCopy="true"
                              name="API_SLS_DOC_WITH_CREDIT_BLOCK_A_SalesDocumentRjcnReasonType">
                  <description/>
                  <detail>
                     <field name="SalesDocumentRjcnReason_Text" type="string"/>
                     <field name="SalesDocumentRjcnReason" type="string"/>
                  </detail>
               </processObject>
               <processObject xmlns="http://schemas.active-endpoints.com/appmodules/screenflow/2011/06/avosHostEnvironment.xsd"
                              isByCopy="true"
                              name="API_SLS_DOC_WITH_CREDIT_BLOCK_A_SalesDocumentRjcnReasonType_update">
                  <description/>
                  <detail/>
               </processObject>
               <processObject xmlns="http://schemas.active-endpoints.com/appmodules/screenflow/2011/06/avosHostEnvironment.xsd"
                              isByCopy="true"
                              name="API_SLS_DOC_WITH_CREDIT_BLOCK_A_CreditBlockedSalesDocumentType_update">
                  <description/>
                  <detail>
                     <field name="SalesDocumentType" type="string"/>
                     <field name="CreationDate" type="string"/>
                     <field name="CreatedByUser" type="string"/>
                     <field name="DistributionChannel" type="string"/>
                     <field name="OverallSDProcessStatus" type="string"/>
                     <field name="SoldToParty" type="string"/>
                     <field name="TotalNetAmount" type="string"/>
                     <field name="ControllingAreaCurrency" type="string"/>
                     <field name="TransactionCurrency" type="string"/>
                     <field name="ReleasedCreditAmount" type="string"/>
                     <field name="CentralCreditChkTechErrSts" type="string"/>
                     <field name="SalesGroup" type="string"/>
                     <field name="FinDocCreditCheckStatus" type="string"/>
                     <field name="CustomerCreditAccount" type="string"/>
                     <field name="OrganizationDivision" type="string"/>
                     <field name="SDDocumentCategory" type="string"/>
                     <field name="SalesOrganization" type="string"/>
                     <field name="CreditBlockReleaseDate" type="string"/>
                     <field name="LastChangedByUser" type="string"/>
                     <field name="SalesOffice" type="string"/>
                     <field name="NextCreditCheckDate" type="string"/>
                     <field name="TotalCreditCheckStatus" type="string"/>
                     <field name="NextShippingDate" type="string"/>
                     <field name="LastChangeDate" type="string"/>
                     <field name="CentralCreditCheckStatus" type="string"/>
                  </detail>
               </processObject>
               <processObject xmlns="http://schemas.active-endpoints.com/appmodules/screenflow/2011/06/avosHostEnvironment.xsd"
                              isByCopy="true"
                              name="API_SLS_DOC_WITH_CREDIT_BLOCK_ReturnMessage_update">
                  <description/>
                  <detail/>
               </processObject>
               <processObject xmlns="http://schemas.active-endpoints.com/appmodules/screenflow/2011/06/avosHostEnvironment.xsd"
                              isByCopy="true"
                              name="API_SLS_DOC_WITH_CREDIT_BLOCK_A_CreditBlockedSalesDocumentType">
                  <description/>
                  <detail>
                     <field name="SalesDocumentType" type="string"/>
                     <field name="CreationDate" type="string"/>
                     <field name="CreatedByUser" type="string"/>
                     <field name="DistributionChannel" type="string"/>
                     <field name="OverallSDProcessStatus" type="string"/>
                     <field name="SoldToParty" type="string"/>
                     <field name="TotalNetAmount" type="string"/>
                     <field name="ControllingAreaCurrency" type="string"/>
                     <field name="TransactionCurrency" type="string"/>
                     <field name="ReleasedCreditAmount" type="string"/>
                     <field name="SalesDocument" type="string"/>
                     <field name="CentralCreditChkTechErrSts" type="string"/>
                     <field name="SalesGroup" type="string"/>
                     <field name="FinDocCreditCheckStatus" type="string"/>
                     <field name="CustomerCreditAccount" type="string"/>
                     <field name="OrganizationDivision" type="string"/>
                     <field name="SDDocumentCategory" type="string"/>
                     <field name="SalesOrganization" type="string"/>
                     <field name="CreditBlockReleaseDate" type="string"/>
                     <field name="LastChangedByUser" type="string"/>
                     <field name="SalesOffice" type="string"/>
                     <field name="NextCreditCheckDate" type="string"/>
                     <field name="TotalCreditCheckStatus" type="string"/>
                     <field name="NextShippingDate" type="string"/>
                     <field name="LastChangeDate" type="string"/>
                     <field name="CentralCreditCheckStatus" type="string"/>
                  </detail>
               </processObject>
               <processObject xmlns="http://schemas.active-endpoints.com/appmodules/screenflow/2011/06/avosHostEnvironment.xsd"
                              isByCopy="true"
                              name="API_SLS_DOC_WITH_CREDIT_BLOCK_ReturnMessage">
                  <description/>
                  <detail>
                     <field name="Message" type="string"/>
                     <field name="MessageType" type="string"/>
                  </detail>
               </processObject>
               <processObject xmlns="http://schemas.active-endpoints.com/appmodules/screenflow/2011/06/avosHostEnvironment.xsd"
                              isByCopy="true"
                              name="API_SLS_DOC_WITH_CREDIT_BLOCK_ReturnMessage_create">
                  <description/>
                  <detail/>
               </processObject>
               <processObject xmlns="http://schemas.active-endpoints.com/appmodules/screenflow/2011/06/avosHostEnvironment.xsd"
                              isByCopy="true"
                              name="error">
                  <description/>
                  <detail>
                     <field name="error" type="object"/>
                  </detail>
               </processObject>
               <processObject xmlns="http://schemas.active-endpoints.com/appmodules/screenflow/2011/06/avosHostEnvironment.xsd"
                              isByCopy="true"
                              name="API_SLS_DOC_WITH_CREDIT_BLOCK_A_SalesDocumentRjcnReasonType_create">
                  <description/>
                  <detail>
                     <field name="SalesDocumentRjcnReason" type="string"/>
                  </detail>
               </processObject>
               <processObject xmlns="http://schemas.active-endpoints.com/appmodules/screenflow/2011/06/avosHostEnvironment.xsd"
                              isByCopy="true"
                              name="API_SLS_DOC_WITH_CREDIT_BLOCK_A_CreditBlockedSalesDocumentType_create">
                  <description/>
                  <detail>
                     <field name="SalesDocumentType" type="string"/>
                     <field name="CreationDate" type="string"/>
                     <field name="CreatedByUser" type="string"/>
                     <field name="DistributionChannel" type="string"/>
                     <field name="OverallSDProcessStatus" type="string"/>
                     <field name="SoldToParty" type="string"/>
                     <field name="TotalNetAmount" type="string"/>
                     <field name="ControllingAreaCurrency" type="string"/>
                     <field name="TransactionCurrency" type="string"/>
                     <field name="ReleasedCreditAmount" type="string"/>
                     <field name="SalesDocument" type="string"/>
                     <field name="CentralCreditChkTechErrSts" type="string"/>
                     <field name="SalesGroup" type="string"/>
                     <field name="FinDocCreditCheckStatus" type="string"/>
                     <field name="CustomerCreditAccount" type="string"/>
                     <field name="OrganizationDivision" type="string"/>
                     <field name="SDDocumentCategory" type="string"/>
                     <field name="SalesOrganization" type="string"/>
                     <field name="CreditBlockReleaseDate" type="string"/>
                     <field name="LastChangedByUser" type="string"/>
                     <field name="SalesOffice" type="string"/>
                     <field name="NextCreditCheckDate" type="string"/>
                     <field name="TotalCreditCheckStatus" type="string"/>
                     <field name="NextShippingDate" type="string"/>
                     <field name="LastChangeDate" type="string"/>
                     <field name="CentralCreditCheckStatus" type="string"/>
                  </detail>
               </processObject>
               <processObject xmlns="http://schemas.active-endpoints.com/appmodules/screenflow/2011/06/avosHostEnvironment.xsd"
                              isByCopy="true"
                              name="string">
                  <description/>
                  <detail>
                     <field name="string" type="string"/>
                  </detail>
               </processObject>
               <processObject xmlns="http://schemas.active-endpoints.com/appmodules/screenflow/2011/06/avosHostEnvironment.xsd"
                              isByCopy="true"
                              name="boolean">
                  <description/>
                  <detail>
                     <field name="boolean" type="boolean"/>
                  </detail>
               </processObject>
               <processObject xmlns="http://schemas.active-endpoints.com/appmodules/screenflow/2011/06/avosHostEnvironment.xsd"
                              isByCopy="true"
                              name="double">
                  <description/>
                  <detail>
                     <field name="double" type="double"/>
                  </detail>
               </processObject>
               <processObject xmlns="http://schemas.active-endpoints.com/appmodules/screenflow/2011/06/avosHostEnvironment.xsd"
                              isByCopy="true"
                              name="integer">
                  <description/>
                  <detail>
                     <field name="integer" type="int"/>
                  </detail>
               </processObject>
            </objects>
         </businessConnector>
      </types1:Entry>
      <types1:GUID>5KMm9KXIJSbhsVX6Op6wGR</types1:GUID>
      <types1:DisplayName>SAP S4HANA Sales Document with Credit Block - Read-Check-Release-Reject -A2X- API v1</types1:DisplayName>
   </types1:Item>
   <types1:CurrentServerDateTime>2019-11-13T04:52:09.45Z</types1:CurrentServerDateTime>
</aetgt:getResponse>
