{
  "name" : "SAP S4HANA Sales Quotation -A2X- API v1",
  "sourceOrgId" : "6w10pMc8bwmkGpCQs9xkSM",
  "sourceOrgName" : "IICS iPaaS",
  "exportedObjects" : [ {
    "objectGuid" : "78h7wLhQVG1hMQZopmb8mK",
    "objectName" : "SAP S4HANA Sales Quotation -A2X- API v1",
    "objectType" : "AI_SERVICE_CONNECTOR",
    "path" : "/Explore/Shared assets/Service Connectors",
    "metadata" : {
      "modelVersion" : {
        "major" : 1,
        "minor" : 0
      },
      "repoInfo" : {
        "repoHandle" : "8NpET1cnFKi9zhF-gt-834629-2019-11-13T00:33:30.957Z::svc.xml"
      },
      "objectRefs" : [ ],
      "contextAttributes" : null,
      "additionalInfo" : {
        "description" : "In every API call, you can make  use of the following operations:\n - You can retrieve  sales quotations. Apply any of the filters provided or  retrieve all existing data.\n - You can create sales  quotations. Note that you must use “deep insert”  requests (a header plus the following entities:  header partner, header pricing element, item, item  partner, and item pricing element). You cannot  create entities without including any related entities. \n - For existing sales quotations, you can create  new items. Note that you must use “deep insert”  requests (with the following entities: item partner  and item pricing element). You cannot create  entities without including any related entities.\n - For  existing sales quotations, you can update the  header, header partner, header pricing element,  item, item partner, and item pricing element.\n -  For existing sales quotations, you can delete the  header, header partner, header pricing element,  item, item partner, and item pricing element.\n -  You can accept or deny approval requests for sales  quotations that cannot be processed without the  consent of an approver.",
        "contentType" : "application/json; charset=utf-8",
        "documentState" : "VALID"
      }
    }
  }, {
    "objectGuid" : "00m3cKr9AGOjGY55vZSASH",
    "objectName" : "Service Connectors",
    "objectType" : "Folder",
    "path" : "/Explore/Shared assets",
    "metadata" : {
      "modelVersion" : {
        "major" : 0,
        "minor" : 0
      },
      "repoInfo" : null,
      "objectRefs" : [ ],
      "contextAttributes" : [ ],
      "additionalInfo" : {
        "description" : "",
        "contentType" : "Binary",
        "documentState" : "COMPLETE"
      }
    }
  }, {
    "objectGuid" : "almpU5d486xjg3tXw87BET",
    "objectName" : "Shared assets",
    "objectType" : "Project",
    "path" : "/Explore",
    "metadata" : {
      "modelVersion" : {
        "major" : 0,
        "minor" : 0
      },
      "repoInfo" : null,
      "objectRefs" : [ ],
      "contextAttributes" : [ ],
      "additionalInfo" : {
        "description" : "This Project contains shared assets",
        "contentType" : "Binary",
        "documentState" : "COMPLETE"
      }
    }
  } ]
}