{
   "exportedObjects": [
      {
         "objectGuid": "almpU5d486xjg3tXw87BET",
         "objectName": "Shared assets",
         "objectType": "Project",
         "path": "/Explore",
         "metadata": {
            "additionalInfo": {
               "contentType": "Binary",
               "description": "This Project contains shared assets",
               "documentState": "COMPLETE"
            },
            "contextAttributes": [],
            "modelVersion": {
               "major": 0,
               "minor": 0
            },
            "objectRefs": [],
            "repoInfo": null
         }
      },
      {
         "objectGuid": "00m3cKr9AGOjGY55vZSASH",
         "objectName": "Service Connectors",
         "objectType": "Folder",
         "path": "/Explore/Shared assets",
         "metadata": {
            "additionalInfo": {
               "contentType": "Binary",
               "description": "",
               "documentState": "COMPLETE"
            },
            "contextAttributes": [],
            "modelVersion": {
               "major": 0,
               "minor": 0
            },
            "objectRefs": [],
            "repoInfo": null
         }
      },
      {
         "objectGuid": "67WOJqMEvSojQ2rwIbe9Om",
         "objectName": "Oracle Cloud Infrastructure Compute ACLs API v18-1-2",
         "objectType": "AI_SERVICE_CONNECTOR",
         "path": "/Explore/Shared assets/Service Connectors",
         "metadata": {
            "additionalInfo": {
               "contentType": "application/json; charset=utf-8",
               "description": "Access Control List (ACL) is a collection of security rules. You can use ACLs to control the traffic between instances. To control traffic from and to Compute Classic instances, you can apply ACLs to:\u003cp\u003e* virtual NICs of Compute Classic instances in the same IP network\u003cp\u003e* virtual NICs of a transit node, such as the VPN gateway or Internet gateway node\u003cp\u003eThe default ACL allows traffic to all virtual NICs in an IP network.",
               "documentState": "VALID"
            },
            "contextAttributes": null,
            "modelVersion": {
               "major": 1,
               "minor": 0
            },
            "objectRefs": [],
            "repoInfo": {
               "repoHandle": "Cuopz4KhPVEQrXh-gt-735094-2019-01-28T14:19:06.346Z::svc.xml"
            }
         }
      }
   ]
}