<aetgt:getResponse xmlns:aetgt="http://schemas.active-endpoints.com/appmodules/repository/2010/10/avrepository.xsd"
                   xmlns:types1="http://schemas.active-endpoints.com/appmodules/repository/2010/10/avrepository.xsd">
   <types1:Item>
      <types1:EntryId>4QWu8zbgdwUiQLn-gt-1792339-2019-11-13T04:07:08.927Z::svc.xml</types1:EntryId>
      <types1:Name>SAP_S4HANA_Sales_District_-_Read_API_v1</types1:Name>
      <types1:MimeType>application/xml+businesssconnector</types1:MimeType>
      <types1:Description>The service contains sales  district and sales district text nodes.</types1:Description>
      <types1:AppliesTo/>
      <types1:Tags/>
      <types1:VersionLabel>1.0</types1:VersionLabel>
      <types1:State>CURRENT</types1:State>
      <types1:ProcessGroup/>
      <types1:CreatedBy>sorabh@na1.dm-us.org</types1:CreatedBy>
      <types1:CreationDate>2019-11-13T04:07:09Z</types1:CreationDate>
      <types1:ModifiedBy/>
      <types1:PublicationStatus>published</types1:PublicationStatus>
      <types1:PublishedBy>sorabh@na1.dm-us.org</types1:PublishedBy>
      <types1:PublicationDate>2019-11-13T04:07:13Z</types1:PublicationDate>
      <types1:PublishedContributionId>project:/rt.connector/SAP_S4HANA_Sales_District___Read_API_v1/SAP_S4HANA_Sales_District___Read_API_v1_svcDef.xml</types1:PublishedContributionId>
      <types1:AutosaveExists>false</types1:AutosaveExists>
      <types1:Entry>
         <businessConnector xmlns="http://schemas.informatica.com/socrates/data-services/2014/05/business-connector-model.xsd"
                            agentOnly="false"
                            debug="false"
                            displayName="SAP S4HANA Sales District - Read API v1"
                            label=""
                            name="SAP_S4HANA_Sales_District_-_Read_API_v1"
                            uuid="482413ee-8a6f-47f0-9db2-13829d18ff3f">
            <description>The service contains sales  district and sales district text nodes.</description>
            <tags/>
            <connectionAttributes xmlns="http://schemas.informatica.com/appmodules/screenflow/2014/04/avosConnectors.xsd">
               <connectionAttribute description="Host Name"
                                    masked="false"
                                    name="hostName"
                                    required="true"
                                    testWith="sandbox.api.sap.com"
                                    type="string"/>
               <connectionAttribute description="User Name"
                                    masked="false"
                                    name="username"
                                    required="true"
                                    testWith=""
                                    type="string"/>
               <connectionAttribute description="Password"
                                    masked="true"
                                    name="password"
                                    required="true"
                                    testWith=""
                                    type="string"/>
            </connectionAttributes>
            <actions>
               <action category="A_SalesDistrict"
                       failOnError="true"
                       forSearch="false"
                       label="GET_A_SalesDistrict"
                       maxRedirects="100"
                       name="GET_A_SalesDistrict"
                       preemptiveAuth="true"
                       responseEncoding="">
                  <description>Get entities from A_SalesDistrict</description>
                  <input>
                     <parameter description="Show only the first n items, see [Paging - Top](https://help.sap.com/doc/5890d27be418427993fafa6722cdc03b/Cloud/en-US/OdataV2.pdf#page=66)"
                                label="$top"
                                name="$top"
                                required="false"
                                testWith=""
                                type="int"/>
                     <parameter description="Skip the first n items, see [Paging - Skip](https://help.sap.com/doc/5890d27be418427993fafa6722cdc03b/Cloud/en-US/OdataV2.pdf#page=65)"
                                label="$skip"
                                name="$skip"
                                required="false"
                                testWith=""
                                type="int"/>
                     <parameter description="Filter items by property values, see [Filtering](https://help.sap.com/doc/5890d27be418427993fafa6722cdc03b/Cloud/en-US/OdataV2.pdf#page=64)"
                                label="$filter"
                                name="$filter"
                                required="false"
                                testWith=""
                                type="string"/>
                     <parameter description="Include count of items, see [Inlinecount](https://help.sap.com/doc/5890d27be418427993fafa6722cdc03b/Cloud/en-US/OdataV2.pdf#page=67)"
                                label="$inlinecount"
                                name="$inlinecount"
                                required="false"
                                testWith=""
                                type="picklist">
                        <options>
                           <option name="values">[{"value":"allpages","label":"allpages"},{"value":"none","label":"none"}]</option>
                        </options>
                     </parameter>
                     <parameter description="Order items by property values, see [Sorting](https://help.sap.com/doc/5890d27be418427993fafa6722cdc03b/Cloud/en-US/OdataV2.pdf#page=65)"
                                label="$orderby"
                                name="$orderby"
                                required="false"
                                testWith=""
                                type="picklist">
                        <options>
                           <option name="values">[{"value":"SalesDistrict","label":"SalesDistrict"},{"value":"SalesDistrict desc","label":"SalesDistrict desc"}]</option>
                        </options>
                     </parameter>
                     <parameter description="Select properties to be returned, see [Select](https://help.sap.com/doc/5890d27be418427993fafa6722cdc03b/Cloud/en-US/OdataV2.pdf#page=68)"
                                label="$select"
                                name="$select"
                                required="false"
                                testWith=""
                                type="picklist">
                        <options>
                           <option name="values">[{"value":"SalesDistrict","label":"SalesDistrict"},{"value":"to_Text","label":"to_Text"}]</option>
                        </options>
                     </parameter>
                     <parameter description="Expand related entities, see [Expand](https://help.sap.com/doc/5890d27be418427993fafa6722cdc03b/Cloud/en-US/OdataV2.pdf#page=63)"
                                label="$expand"
                                name="$expand"
                                required="false"
                                testWith=""
                                type="picklist">
                        <options>
                           <option name="values">[{"value":"to_Text","label":"to_Text"}]</option>
                        </options>
                     </parameter>
                  </input>
                  <binding>
                     <restSimpleBinding multiUsing="semicolonSeparated"
                                        url="https://{$hostName}/s4hanacloud/sap/opu/odata/sap/API_SALESDISTRICT_SRV/A_SalesDistrict"
                                        verb="GET">
                        <authentication>
                           <username>{$username}</username>
                           <password>{$password}</password>
                           <isExpressionInPassword>true</isExpressionInPassword>
                        </authentication>
                        <httpHeaders>
                           <header name="Content-Type">application/json</header>
                           <header name="Accept">application/json</header>
                        </httpHeaders>
                     </restSimpleBinding>
                  </binding>
                  <output>
                     <field description="Retrieved entities"
                            entireResponse="true"
                            name="entireResponse"
                            type="object"/>
                  </output>
               </action>
               <action category="A_SalesDistrict"
                       failOnError="true"
                       forSearch="false"
                       label="GET_A_SalesDistrict_SalesDistrict_to_Text"
                       maxRedirects="100"
                       name="GET_A_SalesDistrict_SalesDistrict_to_Text"
                       preemptiveAuth="true"
                       responseEncoding="">
                  <description>Get entities from related to_Text</description>
                  <input>
                     <parameter description="Show only the first n items, see [Paging - Top](https://help.sap.com/doc/5890d27be418427993fafa6722cdc03b/Cloud/en-US/OdataV2.pdf#page=66)"
                                label="$top"
                                name="$top"
                                required="false"
                                testWith=""
                                type="int"/>
                     <parameter description="Skip the first n items, see [Paging - Skip](https://help.sap.com/doc/5890d27be418427993fafa6722cdc03b/Cloud/en-US/OdataV2.pdf#page=65)"
                                label="$skip"
                                name="$skip"
                                required="false"
                                testWith=""
                                type="int"/>
                     <parameter description="Filter items by property values, see [Filtering](https://help.sap.com/doc/5890d27be418427993fafa6722cdc03b/Cloud/en-US/OdataV2.pdf#page=64)"
                                label="$filter"
                                name="$filter"
                                required="false"
                                testWith=""
                                type="string"/>
                     <parameter description="Include count of items, see [Inlinecount](https://help.sap.com/doc/5890d27be418427993fafa6722cdc03b/Cloud/en-US/OdataV2.pdf#page=67)"
                                label="$inlinecount"
                                name="$inlinecount"
                                required="false"
                                testWith=""
                                type="picklist">
                        <options>
                           <option name="values">[{"value":"allpages","label":"allpages"},{"value":"none","label":"none"}]</option>
                        </options>
                     </parameter>
                     <parameter description="Order items by property values, see [Sorting](https://help.sap.com/doc/5890d27be418427993fafa6722cdc03b/Cloud/en-US/OdataV2.pdf#page=65)"
                                label="$orderby"
                                name="$orderby"
                                required="false"
                                testWith=""
                                type="picklist">
                        <options>
                           <option name="values">[{"value":"SalesDistrict","label":"SalesDistrict"},{"value":"SalesDistrict desc","label":"SalesDistrict desc"},{"value":"Language","label":"Language"},{"value":"Language desc","label":"Language desc"},{"value":"SalesDistrictName","label":"SalesDistrictName"},{"value":"SalesDistrictName desc","label":"SalesDistrictName desc"}]</option>
                        </options>
                     </parameter>
                     <parameter description="Select properties to be returned, see [Select](https://help.sap.com/doc/5890d27be418427993fafa6722cdc03b/Cloud/en-US/OdataV2.pdf#page=68)"
                                label="$select"
                                name="$select"
                                required="false"
                                testWith=""
                                type="picklist">
                        <options>
                           <option name="values">[{"value":"SalesDistrict","label":"SalesDistrict"},{"value":"Language","label":"Language"},{"value":"SalesDistrictName","label":"SalesDistrictName"},{"value":"to_SalesDistrict","label":"to_SalesDistrict"}]</option>
                        </options>
                     </parameter>
                     <parameter description="Expand related entities, see [Expand](https://help.sap.com/doc/5890d27be418427993fafa6722cdc03b/Cloud/en-US/OdataV2.pdf#page=63)"
                                label="$expand"
                                name="$expand"
                                required="false"
                                testWith=""
                                type="picklist">
                        <options>
                           <option name="values">[{"value":"to_SalesDistrict","label":"to_SalesDistrict"}]</option>
                        </options>
                     </parameter>
                     <parameter description="A geographical sales district or region.  &#xA;Each customer can be assigned to a sales district. You can use sales districts to apply pricing conditions. When you want to generate sales statistics, you can use sales districts as a selection criteria.The system can propose a value from the customer master record of the sold-to party. You can change the value manually in the document at the header or item level."
                                label="SalesDistrictPathParam"
                                name="SalesDistrictPathParam"
                                nogen="true"
                                required="true"
                                testWith=""
                                type="string"/>
                  </input>
                  <binding>
                     <restSimpleBinding multiUsing="semicolonSeparated"
                                        url="https://{$hostName}/s4hanacloud/sap/opu/odata/sap/API_SALESDISTRICT_SRV/A_SalesDistrict('{$SalesDistrictPathParam}')/to_Text"
                                        verb="GET">
                        <authentication>
                           <username>{$username}</username>
                           <password>{$password}</password>
                           <isExpressionInPassword>true</isExpressionInPassword>
                        </authentication>
                        <httpHeaders>
                           <header name="Content-Type">application/json</header>
                           <header name="Accept">application/json</header>
                        </httpHeaders>
                     </restSimpleBinding>
                  </binding>
                  <output>
                     <field description="Retrieved entities"
                            entireResponse="true"
                            name="entireResponse"
                            type="object"/>
                  </output>
               </action>
               <action category="A_SalesDistrictText"
                       failOnError="true"
                       forSearch="false"
                       label="GET_A_SalesDistrictText_SalesDistrict_SalesDistrict_Language_Language_"
                       maxRedirects="100"
                       name="GET_A_SalesDistrictText_SalesDistrict_SalesDistrict_Language_Language_"
                       preemptiveAuth="true"
                       responseEncoding="">
                  <description>Get entity from A_SalesDistrictText by key</description>
                  <input>
                     <parameter description="Select properties to be returned, see [Select](https://help.sap.com/doc/5890d27be418427993fafa6722cdc03b/Cloud/en-US/OdataV2.pdf#page=68)"
                                label="$select"
                                name="$select"
                                required="false"
                                testWith=""
                                type="picklist">
                        <options>
                           <option name="values">[{"value":"SalesDistrict","label":"SalesDistrict"},{"value":"Language","label":"Language"},{"value":"SalesDistrictName","label":"SalesDistrictName"},{"value":"to_SalesDistrict","label":"to_SalesDistrict"}]</option>
                        </options>
                     </parameter>
                     <parameter description="Expand related entities, see [Expand](https://help.sap.com/doc/5890d27be418427993fafa6722cdc03b/Cloud/en-US/OdataV2.pdf#page=63)"
                                label="$expand"
                                name="$expand"
                                required="false"
                                testWith=""
                                type="picklist">
                        <options>
                           <option name="values">[{"value":"to_SalesDistrict","label":"to_SalesDistrict"}]</option>
                        </options>
                     </parameter>
                     <parameter description="A geographical sales district or region.  &#xA;Each customer can be assigned to a sales district. You can use sales districts to apply pricing conditions. When you want to generate sales statistics, you can use sales districts as a selection criteria.The system can propose a value from the customer master record of the sold-to party. You can change the value manually in the document at the header or item level."
                                label="SalesDistrictPathParam"
                                name="SalesDistrictPathParam"
                                nogen="true"
                                required="true"
                                testWith=""
                                type="string"/>
                     <parameter description="The language key indicates  &#xA;- the language in which texts are displayed,- the language in which you enter texts,- the language in which the system prints texts."
                                label="LanguagePathParam"
                                name="LanguagePathParam"
                                nogen="true"
                                required="true"
                                testWith=""
                                type="string"/>
                  </input>
                  <binding>
                     <restSimpleBinding multiUsing="semicolonSeparated"
                                        url="https://{$hostName}/s4hanacloud/sap/opu/odata/sap/API_SALESDISTRICT_SRV/A_SalesDistrictText(SalesDistrict='{$SalesDistrictPathParam}',Language='{$LanguagePathParam}')"
                                        verb="GET">
                        <authentication>
                           <username>{$username}</username>
                           <password>{$password}</password>
                           <isExpressionInPassword>true</isExpressionInPassword>
                        </authentication>
                        <httpHeaders>
                           <header name="Content-Type">application/json</header>
                           <header name="Accept">application/json</header>
                        </httpHeaders>
                     </restSimpleBinding>
                  </binding>
                  <output>
                     <field description="Retrieved entity"
                            entireResponse="true"
                            name="entireResponse"
                            type="object"/>
                  </output>
               </action>
               <action category="A_SalesDistrictText"
                       failOnError="true"
                       forSearch="false"
                       label="GET_A_SalesDistrictText_SalesDistrict_SalesDistrict_Language_Language_to_SalesDistrict"
                       maxRedirects="100"
                       name="GET_A_SalesDistrictText_SalesDistrict_SalesDistrict_Language_Language_to_SalesDistrict"
                       preemptiveAuth="true"
                       responseEncoding="">
                  <description>Get related to_SalesDistrict</description>
                  <input>
                     <parameter description="Select properties to be returned, see [Select](https://help.sap.com/doc/5890d27be418427993fafa6722cdc03b/Cloud/en-US/OdataV2.pdf#page=68)"
                                label="$select"
                                name="$select"
                                required="false"
                                testWith=""
                                type="picklist">
                        <options>
                           <option name="values">[{"value":"SalesDistrict","label":"SalesDistrict"},{"value":"to_Text","label":"to_Text"}]</option>
                        </options>
                     </parameter>
                     <parameter description="Expand related entities, see [Expand](https://help.sap.com/doc/5890d27be418427993fafa6722cdc03b/Cloud/en-US/OdataV2.pdf#page=63)"
                                label="$expand"
                                name="$expand"
                                required="false"
                                testWith=""
                                type="picklist">
                        <options>
                           <option name="values">[{"value":"to_Text","label":"to_Text"}]</option>
                        </options>
                     </parameter>
                     <parameter description="A geographical sales district or region.  &#xA;Each customer can be assigned to a sales district. You can use sales districts to apply pricing conditions. When you want to generate sales statistics, you can use sales districts as a selection criteria.The system can propose a value from the customer master record of the sold-to party. You can change the value manually in the document at the header or item level."
                                label="SalesDistrictPathParam"
                                name="SalesDistrictPathParam"
                                nogen="true"
                                required="true"
                                testWith=""
                                type="string"/>
                     <parameter description="The language key indicates  &#xA;- the language in which texts are displayed,- the language in which you enter texts,- the language in which the system prints texts."
                                label="LanguagePathParam"
                                name="LanguagePathParam"
                                nogen="true"
                                required="true"
                                testWith=""
                                type="string"/>
                  </input>
                  <binding>
                     <restSimpleBinding multiUsing="semicolonSeparated"
                                        url="https://{$hostName}/s4hanacloud/sap/opu/odata/sap/API_SALESDISTRICT_SRV/A_SalesDistrictText(SalesDistrict='{$SalesDistrictPathParam}',Language='{$LanguagePathParam}')/to_SalesDistrict"
                                        verb="GET">
                        <authentication>
                           <username>{$username}</username>
                           <password>{$password}</password>
                           <isExpressionInPassword>true</isExpressionInPassword>
                        </authentication>
                        <httpHeaders>
                           <header name="Content-Type">application/json</header>
                           <header name="Accept">application/json</header>
                        </httpHeaders>
                     </restSimpleBinding>
                  </binding>
                  <output>
                     <field description="Retrieved entity"
                            entireResponse="true"
                            name="entireResponse"
                            type="object"/>
                  </output>
               </action>
               <action category="A_SalesDistrictText"
                       failOnError="true"
                       forSearch="false"
                       label="GET_A_SalesDistrictText"
                       maxRedirects="100"
                       name="GET_A_SalesDistrictText"
                       preemptiveAuth="true"
                       responseEncoding="">
                  <description>Get entities from A_SalesDistrictText</description>
                  <input>
                     <parameter description="Show only the first n items, see [Paging - Top](https://help.sap.com/doc/5890d27be418427993fafa6722cdc03b/Cloud/en-US/OdataV2.pdf#page=66)"
                                label="$top"
                                name="$top"
                                required="false"
                                testWith=""
                                type="int"/>
                     <parameter description="Skip the first n items, see [Paging - Skip](https://help.sap.com/doc/5890d27be418427993fafa6722cdc03b/Cloud/en-US/OdataV2.pdf#page=65)"
                                label="$skip"
                                name="$skip"
                                required="false"
                                testWith=""
                                type="int"/>
                     <parameter description="Filter items by property values, see [Filtering](https://help.sap.com/doc/5890d27be418427993fafa6722cdc03b/Cloud/en-US/OdataV2.pdf#page=64)"
                                label="$filter"
                                name="$filter"
                                required="false"
                                testWith=""
                                type="string"/>
                     <parameter description="Include count of items, see [Inlinecount](https://help.sap.com/doc/5890d27be418427993fafa6722cdc03b/Cloud/en-US/OdataV2.pdf#page=67)"
                                label="$inlinecount"
                                name="$inlinecount"
                                required="false"
                                testWith=""
                                type="picklist">
                        <options>
                           <option name="values">[{"value":"allpages","label":"allpages"},{"value":"none","label":"none"}]</option>
                        </options>
                     </parameter>
                     <parameter description="Order items by property values, see [Sorting](https://help.sap.com/doc/5890d27be418427993fafa6722cdc03b/Cloud/en-US/OdataV2.pdf#page=65)"
                                label="$orderby"
                                name="$orderby"
                                required="false"
                                testWith=""
                                type="picklist">
                        <options>
                           <option name="values">[{"value":"SalesDistrict","label":"SalesDistrict"},{"value":"SalesDistrict desc","label":"SalesDistrict desc"},{"value":"Language","label":"Language"},{"value":"Language desc","label":"Language desc"},{"value":"SalesDistrictName","label":"SalesDistrictName"},{"value":"SalesDistrictName desc","label":"SalesDistrictName desc"}]</option>
                        </options>
                     </parameter>
                     <parameter description="Select properties to be returned, see [Select](https://help.sap.com/doc/5890d27be418427993fafa6722cdc03b/Cloud/en-US/OdataV2.pdf#page=68)"
                                label="$select"
                                name="$select"
                                required="false"
                                testWith=""
                                type="picklist">
                        <options>
                           <option name="values">[{"value":"SalesDistrict","label":"SalesDistrict"},{"value":"Language","label":"Language"},{"value":"SalesDistrictName","label":"SalesDistrictName"},{"value":"to_SalesDistrict","label":"to_SalesDistrict"}]</option>
                        </options>
                     </parameter>
                     <parameter description="Expand related entities, see [Expand](https://help.sap.com/doc/5890d27be418427993fafa6722cdc03b/Cloud/en-US/OdataV2.pdf#page=63)"
                                label="$expand"
                                name="$expand"
                                required="false"
                                testWith=""
                                type="picklist">
                        <options>
                           <option name="values">[{"value":"to_SalesDistrict","label":"to_SalesDistrict"}]</option>
                        </options>
                     </parameter>
                  </input>
                  <binding>
                     <restSimpleBinding multiUsing="semicolonSeparated"
                                        url="https://{$hostName}/s4hanacloud/sap/opu/odata/sap/API_SALESDISTRICT_SRV/A_SalesDistrictText"
                                        verb="GET">
                        <authentication>
                           <username>{$username}</username>
                           <password>{$password}</password>
                           <isExpressionInPassword>true</isExpressionInPassword>
                        </authentication>
                        <httpHeaders>
                           <header name="Content-Type">application/json</header>
                           <header name="Accept">application/json</header>
                        </httpHeaders>
                     </restSimpleBinding>
                  </binding>
                  <output>
                     <field description="Retrieved entities"
                            entireResponse="true"
                            name="entireResponse"
                            type="object"/>
                  </output>
               </action>
               <action category="A_SalesDistrict"
                       failOnError="true"
                       forSearch="false"
                       label="GET_A_SalesDistrict_SalesDistrict_"
                       maxRedirects="100"
                       name="GET_A_SalesDistrict_SalesDistrict_"
                       preemptiveAuth="true"
                       responseEncoding="">
                  <description>Get entity from A_SalesDistrict by key</description>
                  <input>
                     <parameter description="Select properties to be returned, see [Select](https://help.sap.com/doc/5890d27be418427993fafa6722cdc03b/Cloud/en-US/OdataV2.pdf#page=68)"
                                label="$select"
                                name="$select"
                                required="false"
                                testWith=""
                                type="picklist">
                        <options>
                           <option name="values">[{"value":"SalesDistrict","label":"SalesDistrict"},{"value":"to_Text","label":"to_Text"}]</option>
                        </options>
                     </parameter>
                     <parameter description="Expand related entities, see [Expand](https://help.sap.com/doc/5890d27be418427993fafa6722cdc03b/Cloud/en-US/OdataV2.pdf#page=63)"
                                label="$expand"
                                name="$expand"
                                required="false"
                                testWith=""
                                type="picklist">
                        <options>
                           <option name="values">[{"value":"to_Text","label":"to_Text"}]</option>
                        </options>
                     </parameter>
                     <parameter description="A geographical sales district or region.  &#xA;Each customer can be assigned to a sales district. You can use sales districts to apply pricing conditions. When you want to generate sales statistics, you can use sales districts as a selection criteria.The system can propose a value from the customer master record of the sold-to party. You can change the value manually in the document at the header or item level."
                                label="SalesDistrictPathParam"
                                name="SalesDistrictPathParam"
                                nogen="true"
                                required="true"
                                testWith=""
                                type="string"/>
                  </input>
                  <binding>
                     <restSimpleBinding multiUsing="semicolonSeparated"
                                        url="https://{$hostName}/s4hanacloud/sap/opu/odata/sap/API_SALESDISTRICT_SRV/A_SalesDistrict('{$SalesDistrictPathParam}')"
                                        verb="GET">
                        <authentication>
                           <username>{$username}</username>
                           <password>{$password}</password>
                           <isExpressionInPassword>true</isExpressionInPassword>
                        </authentication>
                        <httpHeaders>
                           <header name="Content-Type">application/json</header>
                           <header name="Accept">application/json</header>
                        </httpHeaders>
                     </restSimpleBinding>
                  </binding>
                  <output>
                     <field description="Retrieved entity"
                            entireResponse="true"
                            name="entireResponse"
                            type="object"/>
                  </output>
               </action>
            </actions>
            <objects>
               <processObject xmlns="http://schemas.active-endpoints.com/appmodules/screenflow/2011/06/avosHostEnvironment.xsd"
                              isByCopy="true"
                              name="API_SALESDISTRICT_SRV_A_SalesDistrictType_update">
                  <description/>
                  <detail/>
               </processObject>
               <processObject xmlns="http://schemas.active-endpoints.com/appmodules/screenflow/2011/06/avosHostEnvironment.xsd"
                              isByCopy="true"
                              name="API_SALESDISTRICT_SRV_A_SalesDistrictType_create">
                  <description/>
                  <detail>
                     <field name="SalesDistrict" type="string"/>
                     <field name="to_Text" type="object"/>
                  </detail>
               </processObject>
               <processObject xmlns="http://schemas.active-endpoints.com/appmodules/screenflow/2011/06/avosHostEnvironment.xsd"
                              isByCopy="true"
                              name="API_SALESDISTRICT_SRV_A_SalesDistrictTextType">
                  <description/>
                  <detail>
                     <field name="Language" type="string"/>
                     <field name="SalesDistrict" type="string"/>
                     <field name="SalesDistrictName" type="string"/>
                     <field name="to_SalesDistrict" type="reference">
                        <options>
                           <option name="referenceTo">API_SALESDISTRICT_SRV_A_SalesDistrictType</option>
                           <option name="relationshipName">Child</option>
                        </options>
                     </field>
                  </detail>
               </processObject>
               <processObject xmlns="http://schemas.active-endpoints.com/appmodules/screenflow/2011/06/avosHostEnvironment.xsd"
                              isByCopy="true"
                              name="API_SALESDISTRICT_SRV_A_SalesDistrictType">
                  <description/>
                  <detail>
                     <field name="SalesDistrict" type="string"/>
                     <field name="to_Text" type="object"/>
                  </detail>
               </processObject>
               <processObject xmlns="http://schemas.active-endpoints.com/appmodules/screenflow/2011/06/avosHostEnvironment.xsd"
                              isByCopy="true"
                              name="API_SALESDISTRICT_SRV_A_SalesDistrictTextType_update">
                  <description/>
                  <detail>
                     <field name="SalesDistrictName" type="string"/>
                  </detail>
               </processObject>
               <processObject xmlns="http://schemas.active-endpoints.com/appmodules/screenflow/2011/06/avosHostEnvironment.xsd"
                              isByCopy="true"
                              name="error">
                  <description/>
                  <detail>
                     <field name="error" type="object"/>
                  </detail>
               </processObject>
               <processObject xmlns="http://schemas.active-endpoints.com/appmodules/screenflow/2011/06/avosHostEnvironment.xsd"
                              isByCopy="true"
                              name="API_SALESDISTRICT_SRV_A_SalesDistrictTextType_create">
                  <description/>
                  <detail>
                     <field name="Language" type="string"/>
                     <field name="SalesDistrict" type="string"/>
                     <field name="SalesDistrictName" type="string"/>
                     <field name="to_SalesDistrict" type="reference">
                        <options>
                           <option name="referenceTo">API_SALESDISTRICT_SRV_A_SalesDistrictType_create</option>
                           <option name="relationshipName">Child</option>
                        </options>
                     </field>
                  </detail>
               </processObject>
               <processObject xmlns="http://schemas.active-endpoints.com/appmodules/screenflow/2011/06/avosHostEnvironment.xsd"
                              isByCopy="true"
                              name="string">
                  <description/>
                  <detail>
                     <field name="string" type="string"/>
                  </detail>
               </processObject>
               <processObject xmlns="http://schemas.active-endpoints.com/appmodules/screenflow/2011/06/avosHostEnvironment.xsd"
                              isByCopy="true"
                              name="boolean">
                  <description/>
                  <detail>
                     <field name="boolean" type="boolean"/>
                  </detail>
               </processObject>
               <processObject xmlns="http://schemas.active-endpoints.com/appmodules/screenflow/2011/06/avosHostEnvironment.xsd"
                              isByCopy="true"
                              name="double">
                  <description/>
                  <detail>
                     <field name="double" type="double"/>
                  </detail>
               </processObject>
               <processObject xmlns="http://schemas.active-endpoints.com/appmodules/screenflow/2011/06/avosHostEnvironment.xsd"
                              isByCopy="true"
                              name="integer">
                  <description/>
                  <detail>
                     <field name="integer" type="int"/>
                  </detail>
               </processObject>
            </objects>
         </businessConnector>
      </types1:Entry>
      <types1:GUID>c6SKPqCsFgUfcjBpzewZcM</types1:GUID>
      <types1:DisplayName>SAP S4HANA Sales District - Read API v1</types1:DisplayName>
   </types1:Item>
   <types1:CurrentServerDateTime>2019-11-13T04:52:00.014Z</types1:CurrentServerDateTime>
</aetgt:getResponse>
