<aetgt:getResponse xmlns:aetgt="http://schemas.active-endpoints.com/appmodules/repository/2010/10/avrepository.xsd"
                   xmlns:types1="http://schemas.active-endpoints.com/appmodules/repository/2010/10/avrepository.xsd">
   <types1:Item>
      <types1:EntryId>2FwYDeMVX3cjk91-gt-65301-2019-02-28T05:47:21.857Z::svc.xml</types1:EntryId>
      <types1:Name>ADP_Paycard_Consumer_Fees_v1</types1:Name>
      <types1:MimeType>application/xml+businesssconnector</types1:MimeType>
      <types1:Description>The API returns consumer fees that must be agreed to before using certain features of the Aline Paycard</types1:Description>
      <types1:AppliesTo/>
      <types1:Tags/>
      <types1:VersionLabel>1.0</types1:VersionLabel>
      <types1:State>CURRENT</types1:State>
      <types1:ProcessGroup/>
      <types1:CreatedBy>stage2_pod1</types1:CreatedBy>
      <types1:CreationDate>2019-02-28T05:47:22Z</types1:CreationDate>
      <types1:ModifiedBy/>
      <types1:PublicationStatus>unpublished</types1:PublicationStatus>
      <types1:AutosaveExists>false</types1:AutosaveExists>
      <types1:Entry>
         <businessConnector xmlns="http://schemas.informatica.com/socrates/data-services/2014/05/business-connector-model.xsd"
                            agentOnly="false"
                            debug="false"
                            displayName="ADP Paycard Consumer Fees v1"
                            label=""
                            name="ADP_Paycard_Consumer_Fees_v1"
                            uuid="7df8754f-e21b-4ae6-b729-e3b7a9f34fa8">
            <description>The API returns consumer fees that must be agreed to before using certain features of the Aline Paycard</description>
            <tags/>
            <connectionAttributes xmlns="http://schemas.informatica.com/appmodules/screenflow/2014/04/avosConnectors.xsd">
               <connectionAttribute description="Host Name"
                                    masked="false"
                                    name="hostName"
                                    required="true"
                                    testWith="test-api.adp.com"
                                    type="string"/>
            </connectionAttributes>
            <actions>
               <action category="Paycard Consumer Fees"
                       failOnError="true"
                       forSearch="false"
                       label="PayrollV1PaycardConsumerFeesMetaGet"
                       maxRedirects="100"
                       name="PayrollV1PaycardConsumerFeesMetaGet"
                       preemptiveAuth="true"
                       responseEncoding="">
                  <description>50603a8a-7aac-4820-86f1-968428cded88. Returns a meta</description>
                  <input>
                     <parameter description="The role the user is playing during the transaction.  Possible values: employee,manager,practitioner,administrator,supervisor.  The roleCode header will be passed in all calls. When coming from Myself capabilities rolecode=employee. When coming from Team capabilities roleCode=manager. When coming from Practitioner capabilities roleCode=practitioner."
                                label="roleCode"
                                name="roleCode"
                                nogen="true"
                                required="true"
                                testWith=""
                                type="string"/>
                  </input>
                  <binding>
                     <restSimpleBinding multiUsing="semicolonSeparated"
                                        url="https://{$hostName}/payroll/v1/paycard/consumer-fees/meta"
                                        verb="GET">
                        <httpHeaders>
                           <header name="Content-Type">application/json</header>
                           <header name="Accept">application/json</header>
                           <header name="roleCode">{$roleCode}</header>
                        </httpHeaders>
                     </restSimpleBinding>
                  </binding>
                  <output>
                     <field description="Returns a meta"
                            entireResponse="true"
                            name="consumerFeesMetaType"
                            type="reference">
                        <options>
                           <option name="referenceTo">consumerFeesMetaType</option>
                        </options>
                     </field>
                  </output>
               </action>
               <action category="Paycard Consumer Fees"
                       failOnError="true"
                       forSearch="false"
                       label="PayrollV1PaycardConsumerFeesGet"
                       maxRedirects="100"
                       name="PayrollV1PaycardConsumerFeesGet"
                       preemptiveAuth="true"
                       responseEncoding="">
                  <description>185e2483-4cb5-4886-9293-3c12bd793f71. The API displays consumer fees that must be agreed to before enrollment or making any changes</description>
                  <input>
                     <parameter description="The role the user is playing during the transaction.  Possible values: employee,manager,practitioner,administrator,supervisor.  The roleCode header will be passed in all calls. When coming from Myself capabilities rolecode=employee. When coming from Team capabilities roleCode=manager. When coming from Practitioner capabilities roleCode=practitioner."
                                label="roleCode"
                                name="roleCode"
                                nogen="true"
                                required="true"
                                testWith=""
                                type="string"/>
                  </input>
                  <binding>
                     <restSimpleBinding multiUsing="semicolonSeparated"
                                        url="https://{$hostName}/payroll/v1/paycard/consumer-fees"
                                        verb="GET">
                        <httpHeaders>
                           <header name="Content-Type">application/json</header>
                           <header name="Accept">application/json</header>
                           <header name="roleCode">{$roleCode}</header>
                        </httpHeaders>
                     </restSimpleBinding>
                  </binding>
                  <output/>
               </action>
            </actions>
            <objects>
               <processObject xmlns="http://schemas.active-endpoints.com/appmodules/screenflow/2011/06/avosHostEnvironment.xsd"
                              isByCopy="true"
                              name="Meta">
                  <description>Meta contains the metadata associated with a response.  A GET response may include metadata to support pagination</description>
                  <detail>
                     <field name="totalNumber" type="int"/>
                     <field name="startSequence" type="int"/>
                     <field name="links" type="objectlist">
                        <options>
                           <option name="referenceTo">Link</option>
                           <option name="relationshipName">Child</option>
                        </options>
                     </field>
                     <field name="completeIndicator" type="boolean"/>
                     <field name="resourceSetID" type="string"/>
                  </detail>
               </processObject>
               <processObject xmlns="http://schemas.active-endpoints.com/appmodules/screenflow/2011/06/avosHostEnvironment.xsd"
                              isByCopy="true"
                              name="ValueSetMeta">
                  <description/>
                  <detail>
                     <field name="idValuePath" type="string"/>
                     <field name="itemDescriptionPath" type="string"/>
                  </detail>
               </processObject>
               <processObject xmlns="http://schemas.active-endpoints.com/appmodules/screenflow/2011/06/avosHostEnvironment.xsd"
                              isByCopy="true"
                              name="numberType">
                  <description/>
                  <detail>
                     <field name="multipleOf" type="double"/>
                     <field name="masking" type="reference">
                        <options>
                           <option name="referenceTo">maskingRuleType</option>
                           <option name="relationshipName">Child</option>
                        </options>
                     </field>
                     <field name="hidden" type="boolean"/>
                     <field name="maxValue" type="double"/>
                     <field name="minLength" type="int"/>
                     <field name="dataType" type="reference">
                        <options>
                           <option name="referenceTo">metaDataType</option>
                           <option name="relationshipName">Child</option>
                        </options>
                     </field>
                     <field name="pattern" type="string"/>
                     <field name="readOnly" type="boolean"/>
                     <field name="optional" type="boolean"/>
                     <field name="helperMessage" type="reference">
                        <options>
                           <option name="referenceTo">helperMessageType</option>
                           <option name="relationshipName">Child</option>
                        </options>
                     </field>
                     <field name="dependencies" type="object"/>
                     <field name="sequence" type="int"/>
                     <field name="disallow" type="objectlist">
                        <options>
                           <option name="referenceTo">disallowItemType</option>
                           <option name="relationshipName">Child</option>
                        </options>
                     </field>
                     <field name="minValue" type="double"/>
                     <field name="default" type="double"/>
                     <field name="shortLabelName" type="string"/>
                     <field name="dependencyLinks" type="objectlist">
                        <options>
                           <option name="referenceTo">linkType_v02</option>
                           <option name="relationshipName">Child</option>
                        </options>
                     </field>
                     <field name="longLabelName" type="string"/>
                     <field name="equals" type="objectlist">
                        <options>
                           <option name="referenceTo">string</option>
                           <option name="relationshipName">Child</option>
                        </options>
                     </field>
                     <field name="lessThan" type="objectlist">
                        <options>
                           <option name="referenceTo">string</option>
                           <option name="relationshipName">Child</option>
                        </options>
                     </field>
                     <field name="maxLength" type="int"/>
                     <field name="greaterThan" type="objectlist">
                        <options>
                           <option name="referenceTo">string</option>
                           <option name="relationshipName">Child</option>
                        </options>
                     </field>
                  </detail>
               </processObject>
               <processObject xmlns="http://schemas.active-endpoints.com/appmodules/screenflow/2011/06/avosHostEnvironment.xsd"
                              isByCopy="true"
                              name="RequestID">
                  <description>The identifier of the request that generated this response.</description>
                  <detail>
                     <field name="schemeName" type="string"/>
                     <field name="idValue" type="string"/>
                     <field name="schemeAgencyName" type="string"/>
                  </detail>
               </processObject>
               <processObject xmlns="http://schemas.active-endpoints.com/appmodules/screenflow/2011/06/avosHostEnvironment.xsd"
                              isByCopy="true"
                              name="ProtocolStatusCode">
                  <description>Protocol-specific response status code.</description>
                  <detail>
                     <field name="shortName" type="string"/>
                     <field name="codeValue" type="string"/>
                     <field name="longName" type="string"/>
                  </detail>
               </processObject>
               <processObject xmlns="http://schemas.active-endpoints.com/appmodules/screenflow/2011/06/avosHostEnvironment.xsd"
                              isByCopy="true"
                              name="helperMessageType">
                  <description>Helper text provided to the user when they take an action to affirm to be correct, true, or genuine.</description>
                  <detail>
                     <field name="messageTxt" type="string"/>
                     <field name="links" type="objectlist">
                        <options>
                           <option name="referenceTo">linkType_v02</option>
                           <option name="relationshipName">Child</option>
                        </options>
                     </field>
                  </detail>
               </processObject>
               <processObject xmlns="http://schemas.active-endpoints.com/appmodules/screenflow/2011/06/avosHostEnvironment.xsd"
                              isByCopy="true"
                              name="ConsumerFees1">
                  <description/>
                  <detail>
                     <field name="itemID" type="string"/>
                     <field name="amountValue" type="double"/>
                     <field name="percentageBasisCode" type="reference">
                        <options>
                           <option name="referenceTo">PercentageBasisCode</option>
                           <option name="relationshipName">Child</option>
                        </options>
                     </field>
                     <field name="nameCode" type="reference">
                        <options>
                           <option name="referenceTo">NameCode</option>
                           <option name="relationshipName">Child</option>
                        </options>
                     </field>
                     <field name="percentage" type="double"/>
                     <field name="unitTimeCode" type="reference">
                        <options>
                           <option name="referenceTo">UnitTimeCode</option>
                           <option name="relationshipName">Child</option>
                        </options>
                     </field>
                     <field name="links" type="objectlist">
                        <options>
                           <option name="referenceTo">Link</option>
                           <option name="relationshipName">Child</option>
                        </options>
                     </field>
                     <field name="currencyCode" type="string"/>
                  </detail>
               </processObject>
               <processObject xmlns="http://schemas.active-endpoints.com/appmodules/screenflow/2011/06/avosHostEnvironment.xsd"
                              isByCopy="true"
                              name="RequestStatusCode">
                  <description>The process results status code for the request.</description>
                  <detail>
                     <field name="shortName" type="string"/>
                     <field name="codeValue" type="reference">
                        <options>
                           <option name="referenceTo">CodeValue</option>
                           <option name="relationshipName">Child</option>
                        </options>
                     </field>
                     <field name="longName" type="string"/>
                  </detail>
               </processObject>
               <processObject xmlns="http://schemas.active-endpoints.com/appmodules/screenflow/2011/06/avosHostEnvironment.xsd"
                              isByCopy="true"
                              name="MessageTypeCode">
                  <description>Process Message instances may be of type: success, warning, error, or info.</description>
                  <detail>
                     <field name="shortName" type="string"/>
                     <field name="codeValue" type="reference">
                        <options>
                           <option name="referenceTo">CodeValue3</option>
                           <option name="relationshipName">Child</option>
                        </options>
                     </field>
                     <field name="longName" type="string"/>
                  </detail>
               </processObject>
               <processObject xmlns="http://schemas.active-endpoints.com/appmodules/screenflow/2011/06/avosHostEnvironment.xsd"
                              isByCopy="true"
                              name="ResourceLink">
                  <description>The link of the request that generated this response.</description>
                  <detail>
                     <field name="schema" type="string"/>
                     <field name="targetSchema" type="string"/>
                     <field name="encType" type="reference">
                        <options>
                           <option name="referenceTo">EncType</option>
                           <option name="relationshipName">Child</option>
                        </options>
                     </field>
                     <field name="payLoadArguments" type="objectlist">
                        <options>
                           <option name="referenceTo">PayLoadArgument</option>
                           <option name="relationshipName">Child</option>
                        </options>
                     </field>
                     <field name="method" type="reference">
                        <options>
                           <option name="referenceTo">Method</option>
                           <option name="relationshipName">Child</option>
                        </options>
                     </field>
                     <field name="canonicalUri" type="string"/>
                     <field name="rel" type="reference">
                        <options>
                           <option name="referenceTo">Rel</option>
                           <option name="relationshipName">Child</option>
                        </options>
                     </field>
                     <field name="mediaType" type="reference">
                        <options>
                           <option name="referenceTo">MediaType</option>
                           <option name="relationshipName">Child</option>
                        </options>
                     </field>
                     <field name="href" type="string"/>
                     <field name="title" type="string"/>
                  </detail>
               </processObject>
               <processObject xmlns="http://schemas.active-endpoints.com/appmodules/screenflow/2011/06/avosHostEnvironment.xsd"
                              isByCopy="true"
                              name="MediaType">
                  <description>The media type that the linked resource will return (Response)</description>
                  <detail/>
               </processObject>
               <processObject xmlns="http://schemas.active-endpoints.com/appmodules/screenflow/2011/06/avosHostEnvironment.xsd"
                              isByCopy="true"
                              name="ProtocolCode">
                  <description>Code that identifies the protocol used for the request.</description>
                  <detail>
                     <field name="shortName" type="string"/>
                     <field name="codeValue" type="string"/>
                     <field name="longName" type="string"/>
                  </detail>
               </processObject>
               <processObject xmlns="http://schemas.active-endpoints.com/appmodules/screenflow/2011/06/avosHostEnvironment.xsd"
                              isByCopy="true"
                              name="ProcessMessage">
                  <description>Each object contains processing information for either the request (at the ConfirmMessage level) or a resource being managed in the request (at the ResourceMessage level).</description>
                  <detail>
                     <field name="userMessage" type="reference">
                        <options>
                           <option name="referenceTo">UserMessage</option>
                           <option name="relationshipName">Child</option>
                        </options>
                     </field>
                     <field name="messageTypeCode" type="reference">
                        <options>
                           <option name="referenceTo">MessageTypeCode</option>
                           <option name="relationshipName">Child</option>
                        </options>
                     </field>
                     <field name="developerMessage" type="reference">
                        <options>
                           <option name="referenceTo">DeveloperMessage</option>
                           <option name="relationshipName">Child</option>
                        </options>
                     </field>
                     <field name="processMessageID" type="reference">
                        <options>
                           <option name="referenceTo">ProcessMessageID</option>
                           <option name="relationshipName">Child</option>
                        </options>
                     </field>
                     <field name="links" type="objectlist">
                        <options>
                           <option name="referenceTo">Link</option>
                           <option name="relationshipName">Child</option>
                        </options>
                     </field>
                     <field name="expressionLanguageCode" type="reference">
                        <options>
                           <option name="referenceTo">ExpressionLanguageCode</option>
                           <option name="relationshipName">Child</option>
                        </options>
                     </field>
                     <field name="sourceLocationExpression" type="string"/>
                  </detail>
               </processObject>
               <processObject xmlns="http://schemas.active-endpoints.com/appmodules/screenflow/2011/06/avosHostEnvironment.xsd"
                              isByCopy="true"
                              name="consumerFeesMeta">
                  <description>consumerFees meta schema for - consumerFees_schema_v01_00_rev001.json</description>
                  <detail>
                     <field name="SC__consumerFees_unitTimeCode" type="reference">
                        <options>
                           <option name="referenceTo">stringCodeListType</option>
                           <option name="relationshipName">Child</option>
                        </options>
                     </field>
                     <field name="SC__consumerFees_unitTimeCode_shortName" type="reference">
                        <options>
                           <option name="referenceTo">stringType</option>
                           <option name="relationshipName">Child</option>
                        </options>
                     </field>
                     <field name="SC__consumerFees_percentageBasisCode" type="reference">
                        <options>
                           <option name="referenceTo">stringCodeListType</option>
                           <option name="relationshipName">Child</option>
                        </options>
                     </field>
                     <field name="SC__consumerFees_nameCode" type="reference">
                        <options>
                           <option name="referenceTo">stringCodeListType</option>
                           <option name="relationshipName">Child</option>
                        </options>
                     </field>
                     <field name="queryCriteria" type="objectlist">
                        <options>
                           <option name="referenceTo">consumerFeesQueryCriterion</option>
                           <option name="relationshipName">Child</option>
                        </options>
                     </field>
                     <field name="SC__consumerFees_percentageBasisCode_codeValue" type="reference">
                        <options>
                           <option name="referenceTo">stringType</option>
                           <option name="relationshipName">Child</option>
                        </options>
                     </field>
                     <field name="SC__consumerFees_links" type="reference">
                        <options>
                           <option name="referenceTo">arrayType</option>
                           <option name="relationshipName">Child</option>
                        </options>
                     </field>
                     <field name="SC__consumerFees_amountValue" type="reference">
                        <options>
                           <option name="referenceTo">ContextNumberAmountValueType</option>
                           <option name="relationshipName">Child</option>
                        </options>
                     </field>
                     <field name="SC__consumerFees_percentage" type="reference">
                        <options>
                           <option name="referenceTo">numberType</option>
                           <option name="relationshipName">Child</option>
                        </options>
                     </field>
                     <field name="SC__consumerFees_links_method" type="reference">
                        <options>
                           <option name="referenceTo">stringType</option>
                           <option name="relationshipName">Child</option>
                        </options>
                     </field>
                     <field name="SC__consumerFees_links_payLoadArguments_argumentPath"
                            type="reference">
                        <options>
                           <option name="referenceTo">stringType</option>
                           <option name="relationshipName">Child</option>
                        </options>
                     </field>
                     <field name="SC__consumerFees_links_canonicalUri" type="reference">
                        <options>
                           <option name="referenceTo">stringType</option>
                           <option name="relationshipName">Child</option>
                        </options>
                     </field>
                     <field name="SC__consumerFees" type="reference">
                        <options>
                           <option name="referenceTo">arrayType</option>
                           <option name="relationshipName">Child</option>
                        </options>
                     </field>
                     <field name="SC__consumerFees_currencyCode" type="reference">
                        <options>
                           <option name="referenceTo">stringCodeListType</option>
                           <option name="relationshipName">Child</option>
                        </options>
                     </field>
                     <field name="SC__consumerFees_links_encType" type="reference">
                        <options>
                           <option name="referenceTo">stringType</option>
                           <option name="relationshipName">Child</option>
                        </options>
                     </field>
                     <field name="SC__consumerFees_links_href" type="reference">
                        <options>
                           <option name="referenceTo">stringType</option>
                           <option name="relationshipName">Child</option>
                        </options>
                     </field>
                     <field name="SC__consumerFees_percentageBasisCode_longName" type="reference">
                        <options>
                           <option name="referenceTo">stringType</option>
                           <option name="relationshipName">Child</option>
                        </options>
                     </field>
                     <field name="SC__consumerFees_nameCode_longName" type="reference">
                        <options>
                           <option name="referenceTo">stringType</option>
                           <option name="relationshipName">Child</option>
                        </options>
                     </field>
                     <field name="SC__consumerFees_links_schema" type="reference">
                        <options>
                           <option name="referenceTo">stringType</option>
                           <option name="relationshipName">Child</option>
                        </options>
                     </field>
                     <field name="SC__consumerFees_nameCode_shortName" type="reference">
                        <options>
                           <option name="referenceTo">stringType</option>
                           <option name="relationshipName">Child</option>
                        </options>
                     </field>
                     <field name="SC__consumerFees_links_rel" type="reference">
                        <options>
                           <option name="referenceTo">stringType</option>
                           <option name="relationshipName">Child</option>
                        </options>
                     </field>
                     <field name="SC__consumerFees_links_payLoadArguments_argumentValue"
                            type="reference">
                        <options>
                           <option name="referenceTo">stringType</option>
                           <option name="relationshipName">Child</option>
                        </options>
                     </field>
                     <field name="SC__consumerFees_unitTimeCode_codeValue" type="reference">
                        <options>
                           <option name="referenceTo">stringType</option>
                           <option name="relationshipName">Child</option>
                        </options>
                     </field>
                     <field name="SC__consumerFees_percentageBasisCode_shortName" type="reference">
                        <options>
                           <option name="referenceTo">stringType</option>
                           <option name="relationshipName">Child</option>
                        </options>
                     </field>
                     <field name="SC__consumerFees_unitTimeCode_longName" type="reference">
                        <options>
                           <option name="referenceTo">stringType</option>
                           <option name="relationshipName">Child</option>
                        </options>
                     </field>
                     <field name="SC__consumerFees_links_targetSchema" type="reference">
                        <options>
                           <option name="referenceTo">stringType</option>
                           <option name="relationshipName">Child</option>
                        </options>
                     </field>
                     <field name="SC__consumerFees_nameCode_codeValue" type="reference">
                        <options>
                           <option name="referenceTo">stringType</option>
                           <option name="relationshipName">Child</option>
                        </options>
                     </field>
                     <field name="SC__consumerFees_links_title" type="reference">
                        <options>
                           <option name="referenceTo">stringType</option>
                           <option name="relationshipName">Child</option>
                        </options>
                     </field>
                     <field name="SC__consumerFees_links_mediaType" type="reference">
                        <options>
                           <option name="referenceTo">stringType</option>
                           <option name="relationshipName">Child</option>
                        </options>
                     </field>
                     <field name="SC__consumerFees_itemID" type="reference">
                        <options>
                           <option name="referenceTo">stringType</option>
                           <option name="relationshipName">Child</option>
                        </options>
                     </field>
                     <field name="SC__consumerFees_links_payLoadArguments" type="reference">
                        <options>
                           <option name="referenceTo">arrayType</option>
                           <option name="relationshipName">Child</option>
                        </options>
                     </field>
                  </detail>
               </processObject>
               <processObject xmlns="http://schemas.active-endpoints.com/appmodules/screenflow/2011/06/avosHostEnvironment.xsd"
                              isByCopy="true"
                              name="DeveloperMessage">
                  <description>Message returned to the user</description>
                  <detail>
                     <field name="messageTxt" type="string"/>
                     <field name="links" type="objectlist">
                        <options>
                           <option name="referenceTo">Link</option>
                           <option name="relationshipName">Child</option>
                        </options>
                     </field>
                     <field name="title" type="string"/>
                     <field name="codeValue" type="string"/>
                  </detail>
               </processObject>
               <processObject xmlns="http://schemas.active-endpoints.com/appmodules/screenflow/2011/06/avosHostEnvironment.xsd"
                              isByCopy="true"
                              name="arrayType">
                  <description/>
                  <detail>
                     <field name="minItems" type="int"/>
                     <field name="maxItems" type="int"/>
                     <field name="dependencyLinks" type="objectlist">
                        <options>
                           <option name="referenceTo">linkType_v02</option>
                           <option name="relationshipName">Child</option>
                        </options>
                     </field>
                     <field name="dataType" type="reference">
                        <options>
                           <option name="referenceTo">metaDataType</option>
                           <option name="relationshipName">Child</option>
                        </options>
                     </field>
                     <field name="uniqueItems" type="boolean"/>
                     <field name="uniqueProperties" type="objectlist">
                        <options>
                           <option name="referenceTo">string</option>
                           <option name="relationshipName">Child</option>
                        </options>
                     </field>
                     <field name="helperMessage" type="reference">
                        <options>
                           <option name="referenceTo">helperMessageType</option>
                           <option name="relationshipName">Child</option>
                        </options>
                     </field>
                     <field name="dependencies" type="object"/>
                     <field name="sameValueProperties" type="objectlist">
                        <options>
                           <option name="referenceTo">string</option>
                           <option name="relationshipName">Child</option>
                        </options>
                     </field>
                  </detail>
               </processObject>
               <processObject xmlns="http://schemas.active-endpoints.com/appmodules/screenflow/2011/06/avosHostEnvironment.xsd"
                              isByCopy="true"
                              name="LogicalOperator">
                  <description>A logical operation</description>
                  <detail>
                     <field name="mutuallyExclusiveIndicator" type="boolean"/>
                     <field name="logicalOperatorCode" type="string"/>
                     <field name="mutuallyExclusiveLogicalOperatorCodes" type="objectlist">
                        <options>
                           <option name="referenceTo">string</option>
                           <option name="relationshipName">Child</option>
                        </options>
                     </field>
                  </detail>
               </processObject>
               <processObject xmlns="http://schemas.active-endpoints.com/appmodules/screenflow/2011/06/avosHostEnvironment.xsd"
                              isByCopy="true"
                              name="valueSetType">
                  <description>A reference to the codelist extended with values</description>
                  <detail>
                     <field name="valueSetListItems" type="objectlist">
                        <options>
                           <option name="referenceTo">valueSetItemType</option>
                           <option name="relationshipName">Child</option>
                        </options>
                     </field>
                     <field name="meta" type="reference">
                        <options>
                           <option name="referenceTo">ValueSetMeta</option>
                           <option name="relationshipName">Child</option>
                        </options>
                     </field>
                     <field name="links" type="objectlist">
                        <options>
                           <option name="referenceTo">linkType_v02</option>
                           <option name="relationshipName">Child</option>
                        </options>
                     </field>
                  </detail>
               </processObject>
               <processObject xmlns="http://schemas.active-endpoints.com/appmodules/screenflow/2011/06/avosHostEnvironment.xsd"
                              isByCopy="true"
                              name="consumerFeesMetaType">
                  <description>A list of consumer fees - Meta</description>
                  <detail>
                     <field name="meta" type="reference">
                        <options>
                           <option name="referenceTo">consumerFeesMeta</option>
                           <option name="relationshipName">Child</option>
                        </options>
                     </field>
                  </detail>
               </processObject>
               <processObject xmlns="http://schemas.active-endpoints.com/appmodules/screenflow/2011/06/avosHostEnvironment.xsd"
                              isByCopy="true"
                              name="consumerFeesQueryCriterion">
                  <description>A single query parameter</description>
                  <detail>
                     <field name="obligationCode" type="string"/>
                     <field name="itemID" type="string"/>
                     <field name="queryValueCodeList" type="reference">
                        <options>
                           <option name="referenceTo">codeListType_v03</option>
                           <option name="relationshipName">Child</option>
                        </options>
                     </field>
                     <field name="defaultNumberValue" type="double"/>
                     <field name="queryOptionTypeCode" type="string"/>
                     <field name="resourcePaths" type="objectlist">
                        <options>
                           <option name="referenceTo">string</option>
                           <option name="relationshipName">Child</option>
                        </options>
                     </field>
                     <field name="pattern" type="string"/>
                     <field name="excludedResourcePaths" type="objectlist">
                        <options>
                           <option name="referenceTo">string</option>
                           <option name="relationshipName">Child</option>
                        </options>
                     </field>
                     <field name="resourcePathMax" type="int"/>
                     <field name="queryOptionCode" type="string"/>
                     <field name="defaultStringValue" type="string"/>
                     <field name="logicalOperators" type="objectlist">
                        <options>
                           <option name="referenceTo">LogicalOperator</option>
                           <option name="relationshipName">Child</option>
                        </options>
                     </field>
                  </detail>
               </processObject>
               <processObject xmlns="http://schemas.active-endpoints.com/appmodules/screenflow/2011/06/avosHostEnvironment.xsd"
                              isByCopy="true"
                              name="ResourceMessageResourceStatus">
                  <description>The processing results status code of the resource of the request.</description>
                  <detail>
                     <field name="shortName" type="string"/>
                     <field name="codeValue" type="reference">
                        <options>
                           <option name="referenceTo">CodeValue5</option>
                           <option name="relationshipName">Child</option>
                        </options>
                     </field>
                     <field name="longName" type="string"/>
                  </detail>
               </processObject>
               <processObject xmlns="http://schemas.active-endpoints.com/appmodules/screenflow/2011/06/avosHostEnvironment.xsd"
                              isByCopy="true"
                              name="CodeValue4">
                  <description>The code for the related entity.</description>
                  <detail/>
               </processObject>
               <processObject xmlns="http://schemas.active-endpoints.com/appmodules/screenflow/2011/06/avosHostEnvironment.xsd"
                              isByCopy="true"
                              name="valueSetItemType">
                  <description>The value set item type</description>
                  <detail>
                     <field name="idValue" type="string"/>
                     <field name="defaultIndicator" type="boolean"/>
                     <field name="itemDescription" type="string"/>
                  </detail>
               </processObject>
               <processObject xmlns="http://schemas.active-endpoints.com/appmodules/screenflow/2011/06/avosHostEnvironment.xsd"
                              isByCopy="true"
                              name="Method">
                  <description>The HTTP method code (HTTP Verb) traverse the link (GET, POST, PUT or DELETE)</description>
                  <detail/>
               </processObject>
               <processObject xmlns="http://schemas.active-endpoints.com/appmodules/screenflow/2011/06/avosHostEnvironment.xsd"
                              isByCopy="true"
                              name="ConfirmMessage">
                  <description>The ConfirmMessage contains the processing results for the corresponding request.  A request may have its processing reported as: succeeded, partially failed, or failed.</description>
                  <detail>
                     <field name="requestLink" type="reference">
                        <options>
                           <option name="referenceTo">RequestLink</option>
                           <option name="relationshipName">Child</option>
                        </options>
                     </field>
                     <field name="confirmMessageID" type="reference">
                        <options>
                           <option name="referenceTo">ConfirmMessageID</option>
                           <option name="relationshipName">Child</option>
                        </options>
                     </field>
                     <field name="requestETag" type="string"/>
                     <field name="requestMethodCode" type="reference">
                        <options>
                           <option name="referenceTo">RequestMethodCode</option>
                           <option name="relationshipName">Child</option>
                        </options>
                     </field>
                     <field name="sessionID" type="reference">
                        <options>
                           <option name="referenceTo">SessionID</option>
                           <option name="relationshipName">Child</option>
                        </options>
                     </field>
                     <field name="createDateTime" type="datetime"/>
                     <field name="resourceMessages" type="objectlist">
                        <options>
                           <option name="referenceTo">ResourceMessage</option>
                           <option name="relationshipName">Child</option>
                        </options>
                     </field>
                     <field name="processMessages" type="objectlist">
                        <options>
                           <option name="referenceTo">ProcessMessage</option>
                           <option name="relationshipName">Child</option>
                        </options>
                     </field>
                     <field name="protocolCode" type="reference">
                        <options>
                           <option name="referenceTo">ProtocolCode</option>
                           <option name="relationshipName">Child</option>
                        </options>
                     </field>
                     <field name="requestStatusCode" type="reference">
                        <options>
                           <option name="referenceTo">RequestStatusCode</option>
                           <option name="relationshipName">Child</option>
                        </options>
                     </field>
                     <field name="processingStatusCode" type="reference">
                        <options>
                           <option name="referenceTo">ProcessingStatusCode</option>
                           <option name="relationshipName">Child</option>
                        </options>
                     </field>
                     <field name="requestID" type="reference">
                        <options>
                           <option name="referenceTo">RequestID</option>
                           <option name="relationshipName">Child</option>
                        </options>
                     </field>
                     <field name="protocolStatusCode" type="reference">
                        <options>
                           <option name="referenceTo">ProtocolStatusCode</option>
                           <option name="relationshipName">Child</option>
                        </options>
                     </field>
                     <field name="requestReceiptDateTime" type="datetime"/>
                  </detail>
               </processObject>
               <processObject xmlns="http://schemas.active-endpoints.com/appmodules/screenflow/2011/06/avosHostEnvironment.xsd"
                              isByCopy="true"
                              name="CodeValue5">
                  <description>The code for the related entity.</description>
                  <detail/>
               </processObject>
               <processObject xmlns="http://schemas.active-endpoints.com/appmodules/screenflow/2011/06/avosHostEnvironment.xsd"
                              isByCopy="true"
                              name="ResourceMessage">
                  <description>Each object contains detailed information for a resource referenced in the original request.</description>
                  <detail>
                     <field name="processMessages" type="objectlist">
                        <options>
                           <option name="referenceTo">ProcessMessageWithResourceStatusCode</option>
                           <option name="relationshipName">Child</option>
                        </options>
                     </field>
                     <field name="resourceMessageID" type="reference">
                        <options>
                           <option name="referenceTo">ResourceMessageID</option>
                           <option name="relationshipName">Child</option>
                        </options>
                     </field>
                     <field name="resourceStatusCode" type="reference">
                        <options>
                           <option name="referenceTo">ResourceMessageResourceStatus</option>
                           <option name="relationshipName">Child</option>
                        </options>
                     </field>
                     <field name="resourceLink" type="reference">
                        <options>
                           <option name="referenceTo">ResourceLink</option>
                           <option name="relationshipName">Child</option>
                        </options>
                     </field>
                  </detail>
               </processObject>
               <processObject xmlns="http://schemas.active-endpoints.com/appmodules/screenflow/2011/06/avosHostEnvironment.xsd"
                              isByCopy="true"
                              name="PayrollV1PaycardConsumerFees400Error">
                  <description/>
                  <detail>
                     <field name="externalValue" type="string"/>
                  </detail>
               </processObject>
               <processObject xmlns="http://schemas.active-endpoints.com/appmodules/screenflow/2011/06/avosHostEnvironment.xsd"
                              isByCopy="true"
                              name="CodeValue2">
                  <description>The code for the related entity.</description>
                  <detail/>
               </processObject>
               <processObject xmlns="http://schemas.active-endpoints.com/appmodules/screenflow/2011/06/avosHostEnvironment.xsd"
                              isByCopy="true"
                              name="CodeValue3">
                  <description>The code for the related entity.</description>
                  <detail/>
               </processObject>
               <processObject xmlns="http://schemas.active-endpoints.com/appmodules/screenflow/2011/06/avosHostEnvironment.xsd"
                              isByCopy="true"
                              name="CodeValue1">
                  <description>The code for the related entity.</description>
                  <detail/>
               </processObject>
               <processObject xmlns="http://schemas.active-endpoints.com/appmodules/screenflow/2011/06/avosHostEnvironment.xsd"
                              isByCopy="true"
                              name="metaDataType">
                  <description/>
                  <detail/>
               </processObject>
               <processObject xmlns="http://schemas.active-endpoints.com/appmodules/screenflow/2011/06/avosHostEnvironment.xsd"
                              isByCopy="true"
                              name="SessionID">
                  <description>A session identifier if one is available.</description>
                  <detail>
                     <field name="schemeName" type="string"/>
                     <field name="idValue" type="string"/>
                     <field name="schemeAgencyName" type="string"/>
                  </detail>
               </processObject>
               <processObject xmlns="http://schemas.active-endpoints.com/appmodules/screenflow/2011/06/avosHostEnvironment.xsd"
                              isByCopy="true"
                              name="Link">
                  <description>A link description object is used to describe link relations.  In the context of a schema, it defines the link relations of the instances of the schema, and can be parameterized by the instance values.  The link description format can be used on its own in regular (non-schema documents), and use of this format can be declared by referencing the normative link description schema as the the schema for the data structure that uses the links</description>
                  <detail>
                     <field name="schema" type="string"/>
                     <field name="targetSchema" type="string"/>
                     <field name="encType" type="reference">
                        <options>
                           <option name="referenceTo">EncType</option>
                           <option name="relationshipName">Child</option>
                        </options>
                     </field>
                     <field name="payLoadArguments" type="objectlist">
                        <options>
                           <option name="referenceTo">PayLoadArgument</option>
                           <option name="relationshipName">Child</option>
                        </options>
                     </field>
                     <field name="method" type="reference">
                        <options>
                           <option name="referenceTo">Method</option>
                           <option name="relationshipName">Child</option>
                        </options>
                     </field>
                     <field name="canonicalUri" type="string"/>
                     <field name="rel" type="reference">
                        <options>
                           <option name="referenceTo">Rel</option>
                           <option name="relationshipName">Child</option>
                        </options>
                     </field>
                     <field name="mediaType" type="reference">
                        <options>
                           <option name="referenceTo">MediaType</option>
                           <option name="relationshipName">Child</option>
                        </options>
                     </field>
                     <field name="href" type="string"/>
                     <field name="title" type="string"/>
                  </detail>
               </processObject>
               <processObject xmlns="http://schemas.active-endpoints.com/appmodules/screenflow/2011/06/avosHostEnvironment.xsd"
                              isByCopy="true"
                              name="maskingRuleType">
                  <description/>
                  <detail>
                     <field name="authorizationResourceID" type="string"/>
                     <field name="links" type="objectlist">
                        <options>
                           <option name="referenceTo">linkType_v02</option>
                           <option name="relationshipName">Child</option>
                        </options>
                     </field>
                     <field name="authorizationRequiredIndicator" type="boolean"/>
                  </detail>
               </processObject>
               <processObject xmlns="http://schemas.active-endpoints.com/appmodules/screenflow/2011/06/avosHostEnvironment.xsd"
                              isByCopy="true"
                              name="NameCode">
                  <description>The type of fee</description>
                  <detail>
                     <field name="shortName" type="string"/>
                     <field name="codeValue" type="string"/>
                     <field name="longName" type="string"/>
                  </detail>
               </processObject>
               <processObject xmlns="http://schemas.active-endpoints.com/appmodules/screenflow/2011/06/avosHostEnvironment.xsd"
                              isByCopy="true"
                              name="RequestMethodCode">
                  <description>The method that was used on the request corresponding to this message instance.</description>
                  <detail>
                     <field name="shortName" type="string"/>
                     <field name="codeValue" type="reference">
                        <options>
                           <option name="referenceTo">CodeValue1</option>
                           <option name="relationshipName">Child</option>
                        </options>
                     </field>
                     <field name="longName" type="string"/>
                  </detail>
               </processObject>
               <processObject xmlns="http://schemas.active-endpoints.com/appmodules/screenflow/2011/06/avosHostEnvironment.xsd"
                              isByCopy="true"
                              name="ConsumerFees">
                  <description>A list of consumer fees</description>
                  <detail>
                     <field name="confirmMessage" type="reference">
                        <options>
                           <option name="referenceTo">ConfirmMessage</option>
                           <option name="relationshipName">Child</option>
                        </options>
                     </field>
                     <field name="meta" type="reference">
                        <options>
                           <option name="referenceTo">Meta</option>
                           <option name="relationshipName">Child</option>
                        </options>
                     </field>
                     <field name="consumerFees" type="objectlist">
                        <options>
                           <option name="referenceTo">ConsumerFees1</option>
                           <option name="relationshipName">Child</option>
                        </options>
                     </field>
                  </detail>
               </processObject>
               <processObject xmlns="http://schemas.active-endpoints.com/appmodules/screenflow/2011/06/avosHostEnvironment.xsd"
                              isByCopy="true"
                              name="codeListType_v03">
                  <description/>
                  <detail>
                     <field name="listItems" type="objectlist">
                        <options>
                           <option name="referenceTo">codeListItemType_v02</option>
                           <option name="relationshipName">Child</option>
                        </options>
                     </field>
                     <field name="exclusiveIndicator" type="boolean"/>
                     <field name="codeListTitle" type="string"/>
                     <field name="links" type="objectlist">
                        <options>
                           <option name="referenceTo">linkType_v02</option>
                           <option name="relationshipName">Child</option>
                        </options>
                     </field>
                  </detail>
               </processObject>
               <processObject xmlns="http://schemas.active-endpoints.com/appmodules/screenflow/2011/06/avosHostEnvironment.xsd"
                              isByCopy="true"
                              name="codeListItemType_v02">
                  <description/>
                  <detail>
                     <field name="itemID" type="string"/>
                     <field name="inactiveIndicator" type="boolean"/>
                     <field name="defaultIndicator" type="boolean"/>
                     <field name="valueDescription" type="string"/>
                     <field name="shortName" type="string"/>
                     <field name="foreignKey" type="string"/>
                     <field name="codeValue" type="string"/>
                     <field name="longName" type="string"/>
                  </detail>
               </processObject>
               <processObject xmlns="http://schemas.active-endpoints.com/appmodules/screenflow/2011/06/avosHostEnvironment.xsd"
                              isByCopy="true"
                              name="EncType">
                  <description>If present, this property indicates a query media type format that the server supports for querying or posting to the collection of instances at the target resource.  The query can be suffixed to the target URI to query the collection with property-based constraints on the resources that SHOULD be returned from the server or used to post data to the resource (depending on the method). (Request)</description>
                  <detail/>
               </processObject>
               <processObject xmlns="http://schemas.active-endpoints.com/appmodules/screenflow/2011/06/avosHostEnvironment.xsd"
                              isByCopy="true"
                              name="ConfirmMessageID">
                  <description>An identifier for the instance of the confirm message.</description>
                  <detail>
                     <field name="schemeName" type="string"/>
                     <field name="idValue" type="string"/>
                     <field name="schemeAgencyName" type="string"/>
                  </detail>
               </processObject>
               <processObject xmlns="http://schemas.active-endpoints.com/appmodules/screenflow/2011/06/avosHostEnvironment.xsd"
                              isByCopy="true"
                              name="UserMessage">
                  <description>Message returned to the user</description>
                  <detail>
                     <field name="messageTxt" type="string"/>
                     <field name="links" type="objectlist">
                        <options>
                           <option name="referenceTo">Link</option>
                           <option name="relationshipName">Child</option>
                        </options>
                     </field>
                     <field name="title" type="string"/>
                     <field name="codeValue" type="string"/>
                  </detail>
               </processObject>
               <processObject xmlns="http://schemas.active-endpoints.com/appmodules/screenflow/2011/06/avosHostEnvironment.xsd"
                              isByCopy="true"
                              name="ResourceStatusCode">
                  <description>DEPRECATED - Use messageTypeCode instead. The processing results status code of the resource of the request.</description>
                  <detail>
                     <field name="shortName" type="string"/>
                     <field name="codeValue" type="string"/>
                     <field name="longName" type="string"/>
                  </detail>
               </processObject>
               <processObject xmlns="http://schemas.active-endpoints.com/appmodules/screenflow/2011/06/avosHostEnvironment.xsd"
                              isByCopy="true"
                              name="stringCodeListType">
                  <description/>
                  <detail>
                     <field name="masking" type="reference">
                        <options>
                           <option name="referenceTo">maskingRuleType</option>
                           <option name="relationshipName">Child</option>
                        </options>
                     </field>
                     <field name="valueSet" type="reference">
                        <options>
                           <option name="referenceTo">valueSetType</option>
                           <option name="relationshipName">Child</option>
                        </options>
                     </field>
                     <field name="hidden" type="boolean"/>
                     <field name="minLength" type="int"/>
                     <field name="dataType" type="reference">
                        <options>
                           <option name="referenceTo">metaDataType</option>
                           <option name="relationshipName">Child</option>
                        </options>
                     </field>
                     <field name="pattern" type="string"/>
                     <field name="readOnly" type="boolean"/>
                     <field name="optional" type="boolean"/>
                     <field name="codeList" type="reference">
                        <options>
                           <option name="referenceTo">codeListType_v03</option>
                           <option name="relationshipName">Child</option>
                        </options>
                     </field>
                     <field name="helperMessage" type="reference">
                        <options>
                           <option name="referenceTo">helperMessageType</option>
                           <option name="relationshipName">Child</option>
                        </options>
                     </field>
                     <field name="dependencies" type="object"/>
                     <field name="sequence" type="int"/>
                     <field name="disallow" type="objectlist">
                        <options>
                           <option name="referenceTo">disallowItemType</option>
                           <option name="relationshipName">Child</option>
                        </options>
                     </field>
                     <field name="default" type="string"/>
                     <field name="shortLabelName" type="string"/>
                     <field name="dependencyLinks" type="objectlist">
                        <options>
                           <option name="referenceTo">linkType_v02</option>
                           <option name="relationshipName">Child</option>
                        </options>
                     </field>
                     <field name="longLabelName" type="string"/>
                     <field name="equals" type="objectlist">
                        <options>
                           <option name="referenceTo">string</option>
                           <option name="relationshipName">Child</option>
                        </options>
                     </field>
                     <field name="lessThan" type="objectlist">
                        <options>
                           <option name="referenceTo">string</option>
                           <option name="relationshipName">Child</option>
                        </options>
                     </field>
                     <field name="maxLength" type="int"/>
                     <field name="greaterThan" type="objectlist">
                        <options>
                           <option name="referenceTo">string</option>
                           <option name="relationshipName">Child</option>
                        </options>
                     </field>
                  </detail>
               </processObject>
               <processObject xmlns="http://schemas.active-endpoints.com/appmodules/screenflow/2011/06/avosHostEnvironment.xsd"
                              isByCopy="true"
                              name="disallowItemType">
                  <description/>
                  <detail>
                     <field name="itemID" type="string"/>
                  </detail>
               </processObject>
               <processObject xmlns="http://schemas.active-endpoints.com/appmodules/screenflow/2011/06/avosHostEnvironment.xsd"
                              isByCopy="true"
                              name="stringType">
                  <description/>
                  <detail>
                     <field name="masking" type="reference">
                        <options>
                           <option name="referenceTo">maskingRuleType</option>
                           <option name="relationshipName">Child</option>
                        </options>
                     </field>
                     <field name="valueSet" type="reference">
                        <options>
                           <option name="referenceTo">valueSetType</option>
                           <option name="relationshipName">Child</option>
                        </options>
                     </field>
                     <field name="hidden" type="boolean"/>
                     <field name="minLength" type="int"/>
                     <field name="dataType" type="reference">
                        <options>
                           <option name="referenceTo">metaDataType</option>
                           <option name="relationshipName">Child</option>
                        </options>
                     </field>
                     <field name="pattern" type="string"/>
                     <field name="readOnly" type="boolean"/>
                     <field name="optional" type="boolean"/>
                     <field name="helperMessage" type="reference">
                        <options>
                           <option name="referenceTo">helperMessageType</option>
                           <option name="relationshipName">Child</option>
                        </options>
                     </field>
                     <field name="dependencies" type="object"/>
                     <field name="sequence" type="int"/>
                     <field name="disallow" type="objectlist">
                        <options>
                           <option name="referenceTo">disallowItemType</option>
                           <option name="relationshipName">Child</option>
                        </options>
                     </field>
                     <field name="default" type="string"/>
                     <field name="shortLabelName" type="string"/>
                     <field name="dependencyLinks" type="objectlist">
                        <options>
                           <option name="referenceTo">linkType_v02</option>
                           <option name="relationshipName">Child</option>
                        </options>
                     </field>
                     <field name="longLabelName" type="string"/>
                     <field name="equals" type="objectlist">
                        <options>
                           <option name="referenceTo">string</option>
                           <option name="relationshipName">Child</option>
                        </options>
                     </field>
                     <field name="lessThan" type="objectlist">
                        <options>
                           <option name="referenceTo">string</option>
                           <option name="relationshipName">Child</option>
                        </options>
                     </field>
                     <field name="maxLength" type="int"/>
                     <field name="greaterThan" type="objectlist">
                        <options>
                           <option name="referenceTo">string</option>
                           <option name="relationshipName">Child</option>
                        </options>
                     </field>
                  </detail>
               </processObject>
               <processObject xmlns="http://schemas.active-endpoints.com/appmodules/screenflow/2011/06/avosHostEnvironment.xsd"
                              isByCopy="true"
                              name="PercentageBasisCode">
                  <description>A code representation of the basis amount on which the associated percentage should be based, e.g. gross earnings, net earnings, etc</description>
                  <detail>
                     <field name="shortName" type="string"/>
                     <field name="codeValue" type="string"/>
                     <field name="longName" type="string"/>
                  </detail>
               </processObject>
               <processObject xmlns="http://schemas.active-endpoints.com/appmodules/screenflow/2011/06/avosHostEnvironment.xsd"
                              isByCopy="true"
                              name="CodeValue">
                  <description>The code for the related entity.</description>
                  <detail/>
               </processObject>
               <processObject xmlns="http://schemas.active-endpoints.com/appmodules/screenflow/2011/06/avosHostEnvironment.xsd"
                              isByCopy="true"
                              name="DataType">
                  <description>Data type of the attribute</description>
                  <detail/>
               </processObject>
               <processObject xmlns="http://schemas.active-endpoints.com/appmodules/screenflow/2011/06/avosHostEnvironment.xsd"
                              isByCopy="true"
                              name="ProcessMessageID">
                  <description>An identifier for the instance of the process message.</description>
                  <detail>
                     <field name="schemeName" type="string"/>
                     <field name="idValue" type="string"/>
                     <field name="schemeAgencyName" type="string"/>
                  </detail>
               </processObject>
               <processObject xmlns="http://schemas.active-endpoints.com/appmodules/screenflow/2011/06/avosHostEnvironment.xsd"
                              isByCopy="true"
                              name="ProcessingStatusCode">
                  <description>Processing status of the related request message.</description>
                  <detail>
                     <field name="shortName" type="string"/>
                     <field name="codeValue" type="reference">
                        <options>
                           <option name="referenceTo">CodeValue2</option>
                           <option name="relationshipName">Child</option>
                        </options>
                     </field>
                     <field name="longName" type="string"/>
                  </detail>
               </processObject>
               <processObject xmlns="http://schemas.active-endpoints.com/appmodules/screenflow/2011/06/avosHostEnvironment.xsd"
                              isByCopy="true"
                              name="ProcessMessageWithResourceStatusCode">
                  <description>Each object contains processing information for either the request (at the ConfirmMessage level) or a resource being managed in the request (at the ResourceMessage level).</description>
                  <detail>
                     <field name="userMessage" type="reference">
                        <options>
                           <option name="referenceTo">UserMessage</option>
                           <option name="relationshipName">Child</option>
                        </options>
                     </field>
                     <field name="messageTypeCode" type="reference">
                        <options>
                           <option name="referenceTo">MessageTypeCode</option>
                           <option name="relationshipName">Child</option>
                        </options>
                     </field>
                     <field name="developerMessage" type="reference">
                        <options>
                           <option name="referenceTo">DeveloperMessage</option>
                           <option name="relationshipName">Child</option>
                        </options>
                     </field>
                     <field name="resourceStatusCode" type="reference">
                        <options>
                           <option name="referenceTo">ResourceStatusCode</option>
                           <option name="relationshipName">Child</option>
                        </options>
                     </field>
                     <field name="processMessageID" type="reference">
                        <options>
                           <option name="referenceTo">ProcessMessageID</option>
                           <option name="relationshipName">Child</option>
                        </options>
                     </field>
                     <field name="links" type="objectlist">
                        <options>
                           <option name="referenceTo">Link</option>
                           <option name="relationshipName">Child</option>
                        </options>
                     </field>
                     <field name="expressionLanguageCode" type="reference">
                        <options>
                           <option name="referenceTo">ExpressionLanguageCode</option>
                           <option name="relationshipName">Child</option>
                        </options>
                     </field>
                     <field name="sourceLocationExpression" type="string"/>
                  </detail>
               </processObject>
               <processObject xmlns="http://schemas.active-endpoints.com/appmodules/screenflow/2011/06/avosHostEnvironment.xsd"
                              isByCopy="true"
                              name="ResourceMessageID">
                  <description>An identifier for the instance of the resource message.</description>
                  <detail>
                     <field name="schemeName" type="string"/>
                     <field name="idValue" type="string"/>
                     <field name="schemeAgencyName" type="string"/>
                  </detail>
               </processObject>
               <processObject xmlns="http://schemas.active-endpoints.com/appmodules/screenflow/2011/06/avosHostEnvironment.xsd"
                              isByCopy="true"
                              name="ExpressionLanguageCode">
                  <description>Identifies the language used for expressions communicated in this message.</description>
                  <detail>
                     <field name="shortName" type="string"/>
                     <field name="codeValue" type="reference">
                        <options>
                           <option name="referenceTo">CodeValue4</option>
                           <option name="relationshipName">Child</option>
                        </options>
                     </field>
                     <field name="longName" type="string"/>
                  </detail>
               </processObject>
               <processObject xmlns="http://schemas.active-endpoints.com/appmodules/screenflow/2011/06/avosHostEnvironment.xsd"
                              isByCopy="true"
                              name="PayLoadArgument">
                  <description/>
                  <detail>
                     <field name="argumentValue" type="string"/>
                     <field name="argumentPath" type="string"/>
                  </detail>
               </processObject>
               <processObject xmlns="http://schemas.active-endpoints.com/appmodules/screenflow/2011/06/avosHostEnvironment.xsd"
                              isByCopy="true"
                              name="Rel">
                  <description>Indicates the nature of the relationship of the related resource to the resource that generated this representation</description>
                  <detail/>
               </processObject>
               <processObject xmlns="http://schemas.active-endpoints.com/appmodules/screenflow/2011/06/avosHostEnvironment.xsd"
                              isByCopy="true"
                              name="linkType_v02">
                  <description>A link description object is used to describe link relations.  In the context of a schema, it defines the link relations of the instances of the schema, and can be parameterized by the instance values.  The link description format can be used on its own in regular (non-schema documents), and use of this format can be declared by referencing the normative link description schema as the the schema for the data structure that uses the links</description>
                  <detail>
                     <field name="schema" type="string"/>
                     <field name="targetSchema" type="string"/>
                     <field name="encType" type="reference">
                        <options>
                           <option name="referenceTo">EncType</option>
                           <option name="relationshipName">Child</option>
                        </options>
                     </field>
                     <field name="payLoadArguments" type="objectlist">
                        <options>
                           <option name="referenceTo">PayLoadArgument</option>
                           <option name="relationshipName">Child</option>
                        </options>
                     </field>
                     <field name="method" type="reference">
                        <options>
                           <option name="referenceTo">Method</option>
                           <option name="relationshipName">Child</option>
                        </options>
                     </field>
                     <field name="canonicalUri" type="string"/>
                     <field name="rel" type="reference">
                        <options>
                           <option name="referenceTo">Rel</option>
                           <option name="relationshipName">Child</option>
                        </options>
                     </field>
                     <field name="mediaType" type="reference">
                        <options>
                           <option name="referenceTo">MediaType</option>
                           <option name="relationshipName">Child</option>
                        </options>
                     </field>
                     <field name="href" type="string"/>
                     <field name="title" type="string"/>
                  </detail>
               </processObject>
               <processObject xmlns="http://schemas.active-endpoints.com/appmodules/screenflow/2011/06/avosHostEnvironment.xsd"
                              isByCopy="true"
                              name="RequestLink">
                  <description>The link of the request that generated this response.</description>
                  <detail>
                     <field name="schema" type="string"/>
                     <field name="targetSchema" type="string"/>
                     <field name="encType" type="reference">
                        <options>
                           <option name="referenceTo">EncType</option>
                           <option name="relationshipName">Child</option>
                        </options>
                     </field>
                     <field name="payLoadArguments" type="objectlist">
                        <options>
                           <option name="referenceTo">PayLoadArgument</option>
                           <option name="relationshipName">Child</option>
                        </options>
                     </field>
                     <field name="method" type="reference">
                        <options>
                           <option name="referenceTo">Method</option>
                           <option name="relationshipName">Child</option>
                        </options>
                     </field>
                     <field name="canonicalUri" type="string"/>
                     <field name="rel" type="reference">
                        <options>
                           <option name="referenceTo">Rel</option>
                           <option name="relationshipName">Child</option>
                        </options>
                     </field>
                     <field name="mediaType" type="reference">
                        <options>
                           <option name="referenceTo">MediaType</option>
                           <option name="relationshipName">Child</option>
                        </options>
                     </field>
                     <field name="href" type="string"/>
                     <field name="title" type="string"/>
                  </detail>
               </processObject>
               <processObject xmlns="http://schemas.active-endpoints.com/appmodules/screenflow/2011/06/avosHostEnvironment.xsd"
                              isByCopy="true"
                              name="UnitTimeCode">
                  <description>The unit of time, the amount applies to</description>
                  <detail>
                     <field name="shortName" type="string"/>
                     <field name="codeValue" type="string"/>
                     <field name="longName" type="string"/>
                  </detail>
               </processObject>
               <processObject xmlns="http://schemas.active-endpoints.com/appmodules/screenflow/2011/06/avosHostEnvironment.xsd"
                              isByCopy="true"
                              name="ContextNumberAmountValueType">
                  <description>Context rules for a given object</description>
                  <detail>
                     <field name="multipleOf" type="double"/>
                     <field name="masking" type="reference">
                        <options>
                           <option name="referenceTo">maskingRuleType</option>
                           <option name="relationshipName">Child</option>
                        </options>
                     </field>
                     <field name="hidden" type="boolean"/>
                     <field name="maxValue" type="double"/>
                     <field name="minLength" type="int"/>
                     <field name="dataType" type="reference">
                        <options>
                           <option name="referenceTo">DataType</option>
                           <option name="relationshipName">Child</option>
                        </options>
                     </field>
                     <field name="pattern" type="string"/>
                     <field name="readOnly" type="boolean"/>
                     <field name="optional" type="boolean"/>
                     <field name="helperMessage" type="reference">
                        <options>
                           <option name="referenceTo">helperMessageType</option>
                           <option name="relationshipName">Child</option>
                        </options>
                     </field>
                     <field name="dependencies" type="object"/>
                     <field name="minAmountValue" type="double"/>
                     <field name="sequence" type="int"/>
                     <field name="disallow" type="objectlist">
                        <options>
                           <option name="referenceTo">disallowItemType</option>
                           <option name="relationshipName">Child</option>
                        </options>
                     </field>
                     <field name="minValue" type="double"/>
                     <field name="default" type="double"/>
                     <field name="shortLabelName" type="string"/>
                     <field name="dependencyLinks" type="objectlist">
                        <options>
                           <option name="referenceTo">linkType_v02</option>
                           <option name="relationshipName">Child</option>
                        </options>
                     </field>
                     <field name="longLabelName" type="string"/>
                     <field name="equals" type="objectlist">
                        <options>
                           <option name="referenceTo">string</option>
                           <option name="relationshipName">Child</option>
                        </options>
                     </field>
                     <field name="lessThan" type="objectlist">
                        <options>
                           <option name="referenceTo">string</option>
                           <option name="relationshipName">Child</option>
                        </options>
                     </field>
                     <field name="maxAmountValue" type="double"/>
                     <field name="maxLength" type="int"/>
                     <field name="greaterThan" type="objectlist">
                        <options>
                           <option name="referenceTo">string</option>
                           <option name="relationshipName">Child</option>
                        </options>
                     </field>
                  </detail>
               </processObject>
               <processObject xmlns="http://schemas.active-endpoints.com/appmodules/screenflow/2011/06/avosHostEnvironment.xsd"
                              isByCopy="true"
                              name="string">
                  <description/>
                  <detail>
                     <field name="string" type="string"/>
                  </detail>
               </processObject>
               <processObject xmlns="http://schemas.active-endpoints.com/appmodules/screenflow/2011/06/avosHostEnvironment.xsd"
                              isByCopy="true"
                              name="boolean">
                  <description/>
                  <detail>
                     <field name="boolean" type="boolean"/>
                  </detail>
               </processObject>
               <processObject xmlns="http://schemas.active-endpoints.com/appmodules/screenflow/2011/06/avosHostEnvironment.xsd"
                              isByCopy="true"
                              name="double">
                  <description/>
                  <detail>
                     <field name="double" type="double"/>
                  </detail>
               </processObject>
               <processObject xmlns="http://schemas.active-endpoints.com/appmodules/screenflow/2011/06/avosHostEnvironment.xsd"
                              isByCopy="true"
                              name="integer">
                  <description/>
                  <detail>
                     <field name="integer" type="int"/>
                  </detail>
               </processObject>
            </objects>
         </businessConnector>
      </types1:Entry>
      <types1:GUID>2BSzDe7ALNWeJVlRfkfeis</types1:GUID>
      <types1:DisplayName>ADP Paycard Consumer Fees v1</types1:DisplayName>
   </types1:Item>
   <types1:CurrentServerDateTime>2019-02-28T05:47:56.314Z</types1:CurrentServerDateTime>
</aetgt:getResponse>
