<aetgt:getResponse xmlns:aetgt="http://schemas.active-endpoints.com/appmodules/repository/2010/10/avrepository.xsd"
                   xmlns:types1="http://schemas.active-endpoints.com/appmodules/repository/2010/10/avrepository.xsd">
   <types1:Item>
      <types1:EntryId>P3PYhJmojDXJqEh-gt-6758236-2019-11-06T04:45:52.677Z::svc.xml</types1:EntryId>
      <types1:Name>SAP_S4HANA_Workforce_Person_SkillTag_-_Create-Read_and_Delete_API_v1</types1:Name>
      <types1:MimeType>application/xml+businesssconnector</types1:MimeType>
      <types1:Description>This service enables you to  create, read or delete the  skill tag information of a person in S/4HANA system.</types1:Description>
      <types1:AppliesTo/>
      <types1:Tags/>
      <types1:VersionLabel>1.0</types1:VersionLabel>
      <types1:State>CURRENT</types1:State>
      <types1:ProcessGroup/>
      <types1:CreatedBy>sorabh@na1.dm-us.org</types1:CreatedBy>
      <types1:CreationDate>2019-11-06T04:45:53Z</types1:CreationDate>
      <types1:ModifiedBy>sorabh@na1.dm-us.org</types1:ModifiedBy>
      <types1:ModificationDate>2019-11-12T08:35:12Z</types1:ModificationDate>
      <types1:PublicationStatus>published</types1:PublicationStatus>
      <types1:PublishedBy>sorabh@na1.dm-us.org</types1:PublishedBy>
      <types1:PublicationDate>2019-11-12T08:35:18Z</types1:PublicationDate>
      <types1:PublishedContributionId>project:/rt.connector/SAP_S4HANA_Workforce_Person_SkillTag___Create_Read_and_Delete_API_v1/SAP_S4HANA_Workforce_Person_SkillTag___Create_Read_and_Delete_API_v1_svcDef.xml</types1:PublishedContributionId>
      <types1:AutosaveExists>false</types1:AutosaveExists>
      <types1:Entry>
         <businessConnector xmlns="http://schemas.informatica.com/socrates/data-services/2014/05/business-connector-model.xsd"
                            agentOnly="false"
                            debug="false"
                            displayName="SAP S4HANA Workforce Person SkillTag - Create-Read and Delete API v1"
                            label=""
                            name="SAP_S4HANA_Workforce_Person_SkillTag_-_Create-Read_and_Delete_API_v1"
                            uuid="8958e744-7a1e-49a1-9499-336bfe42a4d0">
            <description>This service enables you to  create, read or delete the  skill tag information of a person in S/4HANA system.</description>
            <tags/>
            <connectionAttributes xmlns="http://schemas.informatica.com/appmodules/screenflow/2014/04/avosConnectors.xsd">
               <connectionAttribute description="Host Name"
                                    masked="false"
                                    name="hostName"
                                    required="true"
                                    testWith="sandbox.api.sap.com"
                                    type="string"/>
               <connectionAttribute description="User Name"
                                    masked="false"
                                    name="username"
                                    required="true"
                                    testWith=""
                                    type="string"/>
               <connectionAttribute description="Password"
                                    masked="true"
                                    name="password"
                                    required="true"
                                    testWith=""
                                    type="string"/>
            </connectionAttributes>
            <actions>
               <action category="SkillTagSet"
                       failOnError="true"
                       forSearch="false"
                       label="GET_SkillTagSet_PersonExternalId_"
                       maxRedirects="100"
                       name="GET_SkillTagSet_PersonExternalId_"
                       preemptiveAuth="true"
                       responseEncoding="">
                  <description>Get entity from SkillTagSet by key</description>
                  <input>
                     <parameter description="Model S: Employee Ext ID"
                                label="PersonExternalIdPathParam"
                                name="PersonExternalIdPathParam"
                                nogen="true"
                                required="true"
                                testWith=""
                                type="string"/>
                     <parameter description="Select properties to be returned, see [OData Select](http://docs.oasis-open.org/odata/odata/v4.01/odata-v4.01-part1-protocol.html#sec_SystemQueryOptionselect)"
                                label="$select"
                                name="$select"
                                required="false"
                                testWith=""
                                type="picklist">
                        <options>
                           <option name="values">[{"value":"PersonExternalId","label":"PersonExternalId"},{"value":"Tag","label":"Tag"}]</option>
                        </options>
                     </parameter>
                  </input>
                  <binding>
                     <restSimpleBinding multiUsing="semicolonSeparated"
                                        url="https://{$hostName}/s4hanacloud/sap/opu/odata/shcm/API_MANAGE_SKILLTAGS_SRV/SkillTagSet('{$PersonExternalIdPathParam}')"
                                        verb="GET">
                        <authentication>
                           <username>{$username}</username>
                           <password>{$password}</password>
                           <isExpressionInPassword>true</isExpressionInPassword>
                        </authentication>
                        <httpHeaders>
                           <header name="Content-Type">application/json</header>
                           <header name="Accept">application/json</header>
                        </httpHeaders>
                     </restSimpleBinding>
                  </binding>
                  <output>
                     <field description="Retrieved entity"
                            entireResponse="true"
                            name="entireResponse"
                            type="object"/>
                  </output>
               </action>
               <action category="SkillTagSet"
                       failOnError="true"
                       forSearch="false"
                       label="DELETE_SkillTagSet_PersonExternalId_"
                       maxRedirects="100"
                       name="DELETE_SkillTagSet_PersonExternalId_"
                       preemptiveAuth="true"
                       responseEncoding="">
                  <description>Delete entity from SkillTagSet</description>
                  <input>
                     <parameter description="Model S: Employee Ext ID"
                                label="PersonExternalIdPathParam"
                                name="PersonExternalIdPathParam"
                                nogen="true"
                                required="true"
                                testWith=""
                                type="string"/>
                     <parameter description="ETag"
                                label="If-Match"
                                name="If-Match"
                                nogen="true"
                                required="false"
                                testWith=""
                                type="string"/>
                  </input>
                  <binding>
                     <restSimpleBinding multiUsing="semicolonSeparated"
                                        url="https://{$hostName}/s4hanacloud/sap/opu/odata/shcm/API_MANAGE_SKILLTAGS_SRV/SkillTagSet('{$PersonExternalIdPathParam}')"
                                        verb="DELETE">
                        <authentication>
                           <username>{$username}</username>
                           <password>{$password}</password>
                           <isExpressionInPassword>true</isExpressionInPassword>
                        </authentication>
                        <httpHeaders>
                           <header name="Content-Type">application/json</header>
                           <header name="Accept">application/json</header>
                           <header name="If-Match">{$If-Match}</header>
                        </httpHeaders>
                     </restSimpleBinding>
                  </binding>
                  <output/>
               </action>
               <action category="SkillTagSet"
                       failOnError="true"
                       forSearch="false"
                       label="POST_SkillTagSet"
                       maxRedirects="100"
                       name="POST_SkillTagSet"
                       preemptiveAuth="true"
                       responseEncoding="">
                  <description>Add new entity to SkillTagSet</description>
                  <input>
                     <parameter description="New entity"
                                label="SkillTag"
                                name="SkillTag"
                                required="false"
                                testWith=""
                                type="reference">
                        <options>
                           <option name="referenceTo">SHCM_API_MANAGE_SKILLTAGS_SRV_SkillTag_create</option>
                        </options>
                     </parameter>
                  </input>
                  <binding>
                     <restSimpleBinding multiUsing="semicolonSeparated"
                                        url="https://{$hostName}/s4hanacloud/sap/opu/odata/shcm/API_MANAGE_SKILLTAGS_SRV/SkillTagSet"
                                        verb="POST">
                        <authentication>
                           <username>{$username}</username>
                           <password>{$password}</password>
                           <isExpressionInPassword>true</isExpressionInPassword>
                        </authentication>
                        <httpHeaders>
                           <header name="Content-Type">application/json</header>
                           <header name="Accept">application/json</header>
                        </httpHeaders>
                        <body generateUsing="UnwrappedJSON" preserveJsonStringFormatting="false"/>
                     </restSimpleBinding>
                  </binding>
                  <output/>
               </action>
               <action category="SkillTagSet"
                       failOnError="true"
                       forSearch="false"
                       label="GET_SkillTagSet"
                       maxRedirects="100"
                       name="GET_SkillTagSet"
                       preemptiveAuth="true"
                       responseEncoding="">
                  <description>Get entities from SkillTagSet</description>
                  <input>
                     <parameter description="Filter items by property values, see [OData Filtering](http://docs.oasis-open.org/odata/odata/v4.01/odata-v4.01-part1-protocol.html#sec_SystemQueryOptionfilter)"
                                label="$filter"
                                name="$filter"
                                required="false"
                                testWith=""
                                type="string"/>
                     <parameter description="Include count of items, see [OData Count](http://www.odata.org/documentation/odata-version-2-0/uri-conventions/#InlinecountSystemQueryOption)"
                                label="$inlinecount"
                                name="$inlinecount"
                                required="false"
                                testWith=""
                                type="picklist">
                        <options>
                           <option name="values">[{"value":"allpages","label":"allpages"},{"value":"none","label":"none"}]</option>
                        </options>
                     </parameter>
                     <parameter description="Select properties to be returned, see [OData Select](http://docs.oasis-open.org/odata/odata/v4.01/odata-v4.01-part1-protocol.html#sec_SystemQueryOptionselect)"
                                label="$select"
                                name="$select"
                                required="false"
                                testWith=""
                                type="picklist">
                        <options>
                           <option name="values">[{"value":"PersonExternalId","label":"PersonExternalId"},{"value":"Tag","label":"Tag"}]</option>
                        </options>
                     </parameter>
                  </input>
                  <binding>
                     <restSimpleBinding multiUsing="semicolonSeparated"
                                        url="https://{$hostName}/s4hanacloud/sap/opu/odata/shcm/API_MANAGE_SKILLTAGS_SRV/SkillTagSet"
                                        verb="GET">
                        <authentication>
                           <username>{$username}</username>
                           <password>{$password}</password>
                           <isExpressionInPassword>true</isExpressionInPassword>
                        </authentication>
                        <httpHeaders>
                           <header name="Content-Type">application/json</header>
                           <header name="Accept">application/json</header>
                        </httpHeaders>
                     </restSimpleBinding>
                  </binding>
                  <output>
                     <field description="Retrieved entities"
                            entireResponse="true"
                            name="entireResponse"
                            type="object"/>
                  </output>
               </action>
            </actions>
            <objects>
               <processObject xmlns="http://schemas.active-endpoints.com/appmodules/screenflow/2011/06/avosHostEnvironment.xsd"
                              isByCopy="true"
                              name="odata_error_main">
                  <description/>
                  <detail>
                     <field name="code" type="string"/>
                     <field name="innererror" type="object"/>
                     <field name="message" type="reference">
                        <options>
                           <option name="referenceTo">odata_error_message</option>
                           <option name="relationshipName">Child</option>
                        </options>
                     </field>
                  </detail>
               </processObject>
               <processObject xmlns="http://schemas.active-endpoints.com/appmodules/screenflow/2011/06/avosHostEnvironment.xsd"
                              isByCopy="true"
                              name="odata_error">
                  <description/>
                  <detail>
                     <field name="error" type="reference">
                        <options>
                           <option name="referenceTo">odata_error_main</option>
                           <option name="relationshipName">Child</option>
                        </options>
                     </field>
                  </detail>
               </processObject>
               <processObject xmlns="http://schemas.active-endpoints.com/appmodules/screenflow/2011/06/avosHostEnvironment.xsd"
                              isByCopy="true"
                              name="SHCM_API_MANAGE_SKILLTAGS_SRV_SkillTag_create">
                  <description/>
                  <detail>
                     <field name="PersonExternalId" type="string"/>
                     <field name="Tag" type="string"/>
                  </detail>
               </processObject>
               <processObject xmlns="http://schemas.active-endpoints.com/appmodules/screenflow/2011/06/avosHostEnvironment.xsd"
                              isByCopy="true"
                              name="SHCM_API_MANAGE_SKILLTAGS_SRV_SkillTag">
                  <description/>
                  <detail>
                     <field name="PersonExternalId" type="string"/>
                     <field name="Tag" type="string"/>
                  </detail>
               </processObject>
               <processObject xmlns="http://schemas.active-endpoints.com/appmodules/screenflow/2011/06/avosHostEnvironment.xsd"
                              isByCopy="true"
                              name="odata_error_message">
                  <description/>
                  <detail>
                     <field name="lang" type="string"/>
                     <field name="value" type="string"/>
                  </detail>
               </processObject>
               <processObject xmlns="http://schemas.active-endpoints.com/appmodules/screenflow/2011/06/avosHostEnvironment.xsd"
                              isByCopy="true"
                              name="SHCM_API_MANAGE_SKILLTAGS_SRV_SkillTag_update">
                  <description/>
                  <detail/>
               </processObject>
               <processObject xmlns="http://schemas.active-endpoints.com/appmodules/screenflow/2011/06/avosHostEnvironment.xsd"
                              isByCopy="true"
                              name="string">
                  <description/>
                  <detail>
                     <field name="string" type="string"/>
                  </detail>
               </processObject>
               <processObject xmlns="http://schemas.active-endpoints.com/appmodules/screenflow/2011/06/avosHostEnvironment.xsd"
                              isByCopy="true"
                              name="boolean">
                  <description/>
                  <detail>
                     <field name="boolean" type="boolean"/>
                  </detail>
               </processObject>
               <processObject xmlns="http://schemas.active-endpoints.com/appmodules/screenflow/2011/06/avosHostEnvironment.xsd"
                              isByCopy="true"
                              name="double">
                  <description/>
                  <detail>
                     <field name="double" type="double"/>
                  </detail>
               </processObject>
               <processObject xmlns="http://schemas.active-endpoints.com/appmodules/screenflow/2011/06/avosHostEnvironment.xsd"
                              isByCopy="true"
                              name="integer">
                  <description/>
                  <detail>
                     <field name="integer" type="int"/>
                  </detail>
               </processObject>
               <processObject xmlns="http://schemas.active-endpoints.com/appmodules/screenflow/2011/06/avosHostEnvironment.xsd"
                              isByCopy="true"
                              name="error">
                  <description>Error</description>
                  <detail/>
               </processObject>
            </objects>
         </businessConnector>
      </types1:Entry>
      <types1:GUID>gGTcLls7RQGhH4UlHZNyMj</types1:GUID>
      <types1:DisplayName>SAP S4HANA Workforce Person SkillTag - Create-Read and Delete API v1</types1:DisplayName>
   </types1:Item>
   <types1:CurrentServerDateTime>2019-11-13T04:56:53.418Z</types1:CurrentServerDateTime>
</aetgt:getResponse>
