<aetgt:getResponse xmlns:aetgt="http://schemas.active-endpoints.com/appmodules/repository/2010/10/avrepository.xsd"
                   xmlns:types1="http://schemas.active-endpoints.com/appmodules/repository/2010/10/avrepository.xsd">
   <types1:Item>
      <types1:EntryId>xsUf2hwq9bdsreK-gt-2924838-2019-11-14T14:01:36.378Z::svc.xml</types1:EntryId>
      <types1:Name>SAP_S4HANA_Read_G-L_Account_API_v1</types1:Name>
      <types1:MimeType>application/xml+businesssconnector</types1:MimeType>
      <types1:Description>This service enables you to read G/L  account master data in an API call. It is based on  the OData protocol, and can be consumed in Fiori  apps and on other user interfaces.</types1:Description>
      <types1:AppliesTo/>
      <types1:Tags/>
      <types1:VersionLabel>1.0</types1:VersionLabel>
      <types1:State>CURRENT</types1:State>
      <types1:ProcessGroup/>
      <types1:CreatedBy>sorabh@na1.dm-us.org</types1:CreatedBy>
      <types1:CreationDate>2019-11-14T14:01:36Z</types1:CreationDate>
      <types1:ModifiedBy>sorabh@na1.dm-us.org</types1:ModifiedBy>
      <types1:ModificationDate>2019-11-15T05:55:01Z</types1:ModificationDate>
      <types1:PublicationStatus>published</types1:PublicationStatus>
      <types1:PublishedBy>sorabh@na1.dm-us.org</types1:PublishedBy>
      <types1:PublicationDate>2019-11-15T05:55:05Z</types1:PublicationDate>
      <types1:PublishedContributionId>project:/rt.connector/SAP_S4HANA_Read_G_L_Account_API_v1/SAP_S4HANA_Read_G_L_Account_API_v1_svcDef.xml</types1:PublishedContributionId>
      <types1:AutosaveExists>false</types1:AutosaveExists>
      <types1:Entry>
         <businessConnector xmlns="http://schemas.informatica.com/socrates/data-services/2014/05/business-connector-model.xsd"
                            agentOnly="false"
                            debug="false"
                            displayName="SAP S4HANA Read G-L Account API v1"
                            label=""
                            name="SAP_S4HANA_Read_G-L_Account_API_v1"
                            uuid="d15d34fe-4c78-4920-8430-82b6ce7df895">
            <description>This service enables you to read G/L  account master data in an API call. It is based on  the OData protocol, and can be consumed in Fiori  apps and on other user interfaces.</description>
            <tags/>
            <connectionAttributes xmlns="http://schemas.informatica.com/appmodules/screenflow/2014/04/avosConnectors.xsd">
               <connectionAttribute description="Host Name"
                                    masked="false"
                                    name="hostName"
                                    required="true"
                                    testWith="sandbox.api.sap.com"
                                    type="string"/>
               <connectionAttribute description="User Name"
                                    masked="false"
                                    name="username"
                                    required="true"
                                    testWith=""
                                    type="string"/>
               <connectionAttribute description="Password"
                                    masked="true"
                                    name="password"
                                    required="true"
                                    testWith=""
                                    type="string"/>
            </connectionAttributes>
            <actions>
               <action category="A_GLAccountInChartOfAccounts"
                       failOnError="true"
                       forSearch="false"
                       label="GET_A_GLAccountInChartOfAccounts_ChartOfAccounts_ChartOfAccounts_GLAccount_GLAccount_"
                       maxRedirects="100"
                       name="GET_A_GLAccountInChartOfAccounts_ChartOfAccounts_ChartOfAccounts_GLAccount_GLAccount_"
                       preemptiveAuth="true"
                       responseEncoding="">
                  <description>Get entity from A_GLAccountInChartOfAccounts by key</description>
                  <input>
                     <parameter description="Key that uniquely identifies a chart of accounts."
                                label="ChartOfAccountsPathParam"
                                name="ChartOfAccountsPathParam"
                                nogen="true"
                                required="true"
                                testWith=""
                                type="string"/>
                     <parameter description="G/L Account Number  &#xA;The G/L account number identifies the G/L account in a chart of accounts."
                                label="GLAccountPathParam"
                                name="GLAccountPathParam"
                                nogen="true"
                                required="true"
                                testWith=""
                                type="string"/>
                     <parameter description="Select properties to be returned, see [OData Select](http://docs.oasis-open.org/odata/odata/v4.0/odata-v4.0-part1-protocol.html#_Toc445374620)"
                                label="$select"
                                name="$select"
                                required="false"
                                testWith=""
                                type="picklist">
                        <options>
                           <option name="values">[{"value":"ChartOfAccounts","label":"ChartOfAccounts"},{"value":"GLAccount","label":"GLAccount"},{"value":"IsBalanceSheetAccount","label":"IsBalanceSheetAccount"},{"value":"GLAccountGroup","label":"GLAccountGroup"},{"value":"CorporateGroupAccount","label":"CorporateGroupAccount"},{"value":"ProfitLossAccountType","label":"ProfitLossAccountType"},{"value":"SampleGLAccount","label":"SampleGLAccount"},{"value":"AccountIsMarkedForDeletion","label":"AccountIsMarkedForDeletion"},{"value":"AccountIsBlockedForCreation","label":"AccountIsBlockedForCreation"},{"value":"AccountIsBlockedForPosting","label":"AccountIsBlockedForPosting"},{"value":"AccountIsBlockedForPlanning","label":"AccountIsBlockedForPlanning"},{"value":"PartnerCompany","label":"PartnerCompany"},{"value":"FunctionalArea","label":"FunctionalArea"},{"value":"CreationDate","label":"CreationDate"},{"value":"CreatedByUser","label":"CreatedByUser"},{"value":"LastChangeDateTime","label":"LastChangeDateTime"},{"value":"GLAccountType","label":"GLAccountType"},{"value":"GLAccountExternal","label":"GLAccountExternal"},{"value":"IsProfitLossAccount","label":"IsProfitLossAccount"},{"value":"to_Text","label":"to_Text"}]</option>
                        </options>
                     </parameter>
                     <parameter description="Expand related entities, see [OData Expand](http://docs.oasis-open.org/odata/odata/v4.0/odata-v4.0-part1-protocol.html#_Toc445374621)"
                                label="$expand"
                                name="$expand"
                                required="false"
                                testWith=""
                                type="picklist">
                        <options>
                           <option name="values">[{"value":"to_Text","label":"to_Text"}]</option>
                        </options>
                     </parameter>
                  </input>
                  <binding>
                     <restSimpleBinding multiUsing="semicolonSeparated"
                                        url="https://{$hostName}/s4hanacloud/sap/opu/odata/sap/API_GLACCOUNTINCHARTOFACCOUNTS_SRV/A_GLAccountInChartOfAccounts(ChartOfAccounts='{$ChartOfAccountsPathParam}',GLAccount='{$GLAccountPathParam}')"
                                        verb="GET">
                        <authentication>
                           <username>{$username}</username>
                           <password>{$password}</password>
                           <isExpressionInPassword>true</isExpressionInPassword>
                        </authentication>
                        <httpHeaders>
                           <header name="Content-Type">application/json</header>
                           <header name="Accept">application/json</header>
                        </httpHeaders>
                     </restSimpleBinding>
                  </binding>
                  <output>
                     <field description="Retrieved entity"
                            entireResponse="true"
                            name="entireResponse"
                            type="object"/>
                  </output>
               </action>
               <action category="A_GLAccountText"
                       failOnError="true"
                       forSearch="false"
                       label="GET_A_GLAccountText"
                       maxRedirects="100"
                       name="GET_A_GLAccountText"
                       preemptiveAuth="true"
                       responseEncoding="">
                  <description>Get entities from A_GLAccountText</description>
                  <input>
                     <parameter description="Show only the first n items, see [OData Paging - Top](http://docs.oasis-open.org/odata/odata/v4.0/odata-v4.0-part1-protocol.html#_Toc445374630)"
                                label="$top"
                                name="$top"
                                required="false"
                                testWith=""
                                type="int"/>
                     <parameter description="Skip the first n items, see [OData Paging - Skip](http://docs.oasis-open.org/odata/odata/v4.0/odata-v4.0-part1-protocol.html#_Toc445374631)"
                                label="$skip"
                                name="$skip"
                                required="false"
                                testWith=""
                                type="int"/>
                     <parameter description="Filter items by property values, see [OData Filtering](http://docs.oasis-open.org/odata/odata/v4.0/odata-v4.0-part1-protocol.html#_Toc445374625)"
                                label="$filter"
                                name="$filter"
                                required="false"
                                testWith=""
                                type="string"/>
                     <parameter description="Include count of items, see [OData Count](http://www.odata.org/documentation/odata-version-2-0/uri-conventions/#InlinecountSystemQueryOption)"
                                label="$inlinecount"
                                name="$inlinecount"
                                required="false"
                                testWith=""
                                type="picklist">
                        <options>
                           <option name="values">[{"value":"allpages","label":"allpages"},{"value":"none","label":"none"}]</option>
                        </options>
                     </parameter>
                     <parameter description="Order items by property values, see [OData Sorting](http://docs.oasis-open.org/odata/odata/v4.0/odata-v4.0-part1-protocol.html#_Toc445374629)"
                                label="$orderby"
                                name="$orderby"
                                required="false"
                                testWith=""
                                type="picklist">
                        <options>
                           <option name="values">[{"value":"ChartOfAccounts","label":"ChartOfAccounts"},{"value":"ChartOfAccounts desc","label":"ChartOfAccounts desc"},{"value":"GLAccount","label":"GLAccount"},{"value":"GLAccount desc","label":"GLAccount desc"},{"value":"Language","label":"Language"},{"value":"Language desc","label":"Language desc"},{"value":"GLAccountName","label":"GLAccountName"},{"value":"GLAccountName desc","label":"GLAccountName desc"},{"value":"GLAccountLongName","label":"GLAccountLongName"},{"value":"GLAccountLongName desc","label":"GLAccountLongName desc"},{"value":"LastChangeDateTime","label":"LastChangeDateTime"},{"value":"LastChangeDateTime desc","label":"LastChangeDateTime desc"}]</option>
                        </options>
                     </parameter>
                     <parameter description="Select properties to be returned, see [OData Select](http://docs.oasis-open.org/odata/odata/v4.0/odata-v4.0-part1-protocol.html#_Toc445374620)"
                                label="$select"
                                name="$select"
                                required="false"
                                testWith=""
                                type="picklist">
                        <options>
                           <option name="values">[{"value":"ChartOfAccounts","label":"ChartOfAccounts"},{"value":"GLAccount","label":"GLAccount"},{"value":"Language","label":"Language"},{"value":"GLAccountName","label":"GLAccountName"},{"value":"GLAccountLongName","label":"GLAccountLongName"},{"value":"LastChangeDateTime","label":"LastChangeDateTime"},{"value":"to_GLAccountInChartOfAccounts","label":"to_GLAccountInChartOfAccounts"}]</option>
                        </options>
                     </parameter>
                     <parameter description="Expand related entities, see [OData Expand](http://docs.oasis-open.org/odata/odata/v4.0/odata-v4.0-part1-protocol.html#_Toc445374621)"
                                label="$expand"
                                name="$expand"
                                required="false"
                                testWith=""
                                type="picklist">
                        <options>
                           <option name="values">[{"value":"to_GLAccountInChartOfAccounts","label":"to_GLAccountInChartOfAccounts"}]</option>
                        </options>
                     </parameter>
                  </input>
                  <binding>
                     <restSimpleBinding multiUsing="semicolonSeparated"
                                        url="https://{$hostName}/s4hanacloud/sap/opu/odata/sap/API_GLACCOUNTINCHARTOFACCOUNTS_SRV/A_GLAccountText"
                                        verb="GET">
                        <authentication>
                           <username>{$username}</username>
                           <password>{$password}</password>
                           <isExpressionInPassword>true</isExpressionInPassword>
                        </authentication>
                        <httpHeaders>
                           <header name="Content-Type">application/json</header>
                           <header name="Accept">application/json</header>
                        </httpHeaders>
                     </restSimpleBinding>
                  </binding>
                  <output>
                     <field description="Retrieved entities"
                            entireResponse="true"
                            name="entireResponse"
                            type="object"/>
                  </output>
               </action>
               <action category="A_GLAccountInChartOfAccounts"
                       failOnError="true"
                       forSearch="false"
                       label="GET_A_GLAccountInChartOfAccounts"
                       maxRedirects="100"
                       name="GET_A_GLAccountInChartOfAccounts"
                       preemptiveAuth="true"
                       responseEncoding="">
                  <description>Get entities from A_GLAccountInChartOfAccounts</description>
                  <input>
                     <parameter description="Show only the first n items, see [OData Paging - Top](http://docs.oasis-open.org/odata/odata/v4.0/odata-v4.0-part1-protocol.html#_Toc445374630)"
                                label="$top"
                                name="$top"
                                required="false"
                                testWith=""
                                type="int"/>
                     <parameter description="Skip the first n items, see [OData Paging - Skip](http://docs.oasis-open.org/odata/odata/v4.0/odata-v4.0-part1-protocol.html#_Toc445374631)"
                                label="$skip"
                                name="$skip"
                                required="false"
                                testWith=""
                                type="int"/>
                     <parameter description="Filter items by property values, see [OData Filtering](http://docs.oasis-open.org/odata/odata/v4.0/odata-v4.0-part1-protocol.html#_Toc445374625)"
                                label="$filter"
                                name="$filter"
                                required="false"
                                testWith=""
                                type="string"/>
                     <parameter description="Include count of items, see [OData Count](http://www.odata.org/documentation/odata-version-2-0/uri-conventions/#InlinecountSystemQueryOption)"
                                label="$inlinecount"
                                name="$inlinecount"
                                required="false"
                                testWith=""
                                type="picklist">
                        <options>
                           <option name="values">[{"value":"allpages","label":"allpages"},{"value":"none","label":"none"}]</option>
                        </options>
                     </parameter>
                     <parameter description="Order items by property values, see [OData Sorting](http://docs.oasis-open.org/odata/odata/v4.0/odata-v4.0-part1-protocol.html#_Toc445374629)"
                                label="$orderby"
                                name="$orderby"
                                required="false"
                                testWith=""
                                type="picklist">
                        <options>
                           <option name="values">[{"value":"ChartOfAccounts","label":"ChartOfAccounts"},{"value":"ChartOfAccounts desc","label":"ChartOfAccounts desc"},{"value":"GLAccount","label":"GLAccount"},{"value":"GLAccount desc","label":"GLAccount desc"},{"value":"IsBalanceSheetAccount","label":"IsBalanceSheetAccount"},{"value":"IsBalanceSheetAccount desc","label":"IsBalanceSheetAccount desc"},{"value":"GLAccountGroup","label":"GLAccountGroup"},{"value":"GLAccountGroup desc","label":"GLAccountGroup desc"},{"value":"CorporateGroupAccount","label":"CorporateGroupAccount"},{"value":"CorporateGroupAccount desc","label":"CorporateGroupAccount desc"},{"value":"ProfitLossAccountType","label":"ProfitLossAccountType"},{"value":"ProfitLossAccountType desc","label":"ProfitLossAccountType desc"},{"value":"SampleGLAccount","label":"SampleGLAccount"},{"value":"SampleGLAccount desc","label":"SampleGLAccount desc"},{"value":"AccountIsMarkedForDeletion","label":"AccountIsMarkedForDeletion"},{"value":"AccountIsMarkedForDeletion desc","label":"AccountIsMarkedForDeletion desc"},{"value":"AccountIsBlockedForCreation","label":"AccountIsBlockedForCreation"},{"value":"AccountIsBlockedForCreation desc","label":"AccountIsBlockedForCreation desc"},{"value":"AccountIsBlockedForPosting","label":"AccountIsBlockedForPosting"},{"value":"AccountIsBlockedForPosting desc","label":"AccountIsBlockedForPosting desc"},{"value":"AccountIsBlockedForPlanning","label":"AccountIsBlockedForPlanning"},{"value":"AccountIsBlockedForPlanning desc","label":"AccountIsBlockedForPlanning desc"},{"value":"PartnerCompany","label":"PartnerCompany"},{"value":"PartnerCompany desc","label":"PartnerCompany desc"},{"value":"FunctionalArea","label":"FunctionalArea"},{"value":"FunctionalArea desc","label":"FunctionalArea desc"},{"value":"CreationDate","label":"CreationDate"},{"value":"CreationDate desc","label":"CreationDate desc"},{"value":"CreatedByUser","label":"CreatedByUser"},{"value":"CreatedByUser desc","label":"CreatedByUser desc"},{"value":"LastChangeDateTime","label":"LastChangeDateTime"},{"value":"LastChangeDateTime desc","label":"LastChangeDateTime desc"},{"value":"GLAccountType","label":"GLAccountType"},{"value":"GLAccountType desc","label":"GLAccountType desc"},{"value":"GLAccountExternal","label":"GLAccountExternal"},{"value":"GLAccountExternal desc","label":"GLAccountExternal desc"},{"value":"IsProfitLossAccount","label":"IsProfitLossAccount"},{"value":"IsProfitLossAccount desc","label":"IsProfitLossAccount desc"}]</option>
                        </options>
                     </parameter>
                     <parameter description="Select properties to be returned, see [OData Select](http://docs.oasis-open.org/odata/odata/v4.0/odata-v4.0-part1-protocol.html#_Toc445374620)"
                                label="$select"
                                name="$select"
                                required="false"
                                testWith=""
                                type="picklist">
                        <options>
                           <option name="values">[{"value":"ChartOfAccounts","label":"ChartOfAccounts"},{"value":"GLAccount","label":"GLAccount"},{"value":"IsBalanceSheetAccount","label":"IsBalanceSheetAccount"},{"value":"GLAccountGroup","label":"GLAccountGroup"},{"value":"CorporateGroupAccount","label":"CorporateGroupAccount"},{"value":"ProfitLossAccountType","label":"ProfitLossAccountType"},{"value":"SampleGLAccount","label":"SampleGLAccount"},{"value":"AccountIsMarkedForDeletion","label":"AccountIsMarkedForDeletion"},{"value":"AccountIsBlockedForCreation","label":"AccountIsBlockedForCreation"},{"value":"AccountIsBlockedForPosting","label":"AccountIsBlockedForPosting"},{"value":"AccountIsBlockedForPlanning","label":"AccountIsBlockedForPlanning"},{"value":"PartnerCompany","label":"PartnerCompany"},{"value":"FunctionalArea","label":"FunctionalArea"},{"value":"CreationDate","label":"CreationDate"},{"value":"CreatedByUser","label":"CreatedByUser"},{"value":"LastChangeDateTime","label":"LastChangeDateTime"},{"value":"GLAccountType","label":"GLAccountType"},{"value":"GLAccountExternal","label":"GLAccountExternal"},{"value":"IsProfitLossAccount","label":"IsProfitLossAccount"},{"value":"to_Text","label":"to_Text"}]</option>
                        </options>
                     </parameter>
                     <parameter description="Expand related entities, see [OData Expand](http://docs.oasis-open.org/odata/odata/v4.0/odata-v4.0-part1-protocol.html#_Toc445374621)"
                                label="$expand"
                                name="$expand"
                                required="false"
                                testWith=""
                                type="picklist">
                        <options>
                           <option name="values">[{"value":"to_Text","label":"to_Text"}]</option>
                        </options>
                     </parameter>
                  </input>
                  <binding>
                     <restSimpleBinding multiUsing="semicolonSeparated"
                                        url="https://{$hostName}/s4hanacloud/sap/opu/odata/sap/API_GLACCOUNTINCHARTOFACCOUNTS_SRV/A_GLAccountInChartOfAccounts"
                                        verb="GET">
                        <authentication>
                           <username>{$username}</username>
                           <password>{$password}</password>
                           <isExpressionInPassword>true</isExpressionInPassword>
                        </authentication>
                        <httpHeaders>
                           <header name="Content-Type">application/json</header>
                           <header name="Accept">application/json</header>
                        </httpHeaders>
                     </restSimpleBinding>
                  </binding>
                  <output>
                     <field description="Retrieved entities"
                            entireResponse="true"
                            name="entireResponse"
                            type="object"/>
                  </output>
               </action>
               <action category="A_GLAccountText"
                       failOnError="true"
                       forSearch="false"
                       label="GET_A_GLAccountText_ChartOfAccounts_ChartOfAccounts_GLAccount_GLAccount_Language_Language_"
                       maxRedirects="100"
                       name="GET_A_GLAccountText_ChartOfAccounts_ChartOfAccounts_GLAccount_GLAccount_Language_Language_"
                       preemptiveAuth="true"
                       responseEncoding="">
                  <description>Get entity from A_GLAccountText by key</description>
                  <input>
                     <parameter description="Key that uniquely identifies a chart of accounts."
                                label="ChartOfAccountsPathParam"
                                name="ChartOfAccountsPathParam"
                                nogen="true"
                                required="true"
                                testWith=""
                                type="string"/>
                     <parameter description="G/L Account Number  &#xA;The G/L account number identifies the G/L account in a chart of accounts."
                                label="GLAccountPathParam"
                                name="GLAccountPathParam"
                                nogen="true"
                                required="true"
                                testWith=""
                                type="string"/>
                     <parameter description="The language key indicates  &#xA;- the language in which texts are displayed,- the language in which you enter texts,- the language in which the system prints texts."
                                label="LanguagePathParam"
                                name="LanguagePathParam"
                                nogen="true"
                                required="true"
                                testWith=""
                                type="string"/>
                     <parameter description="Select properties to be returned, see [OData Select](http://docs.oasis-open.org/odata/odata/v4.0/odata-v4.0-part1-protocol.html#_Toc445374620)"
                                label="$select"
                                name="$select"
                                required="false"
                                testWith=""
                                type="picklist">
                        <options>
                           <option name="values">[{"value":"ChartOfAccounts","label":"ChartOfAccounts"},{"value":"GLAccount","label":"GLAccount"},{"value":"Language","label":"Language"},{"value":"GLAccountName","label":"GLAccountName"},{"value":"GLAccountLongName","label":"GLAccountLongName"},{"value":"LastChangeDateTime","label":"LastChangeDateTime"},{"value":"to_GLAccountInChartOfAccounts","label":"to_GLAccountInChartOfAccounts"}]</option>
                        </options>
                     </parameter>
                     <parameter description="Expand related entities, see [OData Expand](http://docs.oasis-open.org/odata/odata/v4.0/odata-v4.0-part1-protocol.html#_Toc445374621)"
                                label="$expand"
                                name="$expand"
                                required="false"
                                testWith=""
                                type="picklist">
                        <options>
                           <option name="values">[{"value":"to_GLAccountInChartOfAccounts","label":"to_GLAccountInChartOfAccounts"}]</option>
                        </options>
                     </parameter>
                  </input>
                  <binding>
                     <restSimpleBinding multiUsing="semicolonSeparated"
                                        url="https://{$hostName}/s4hanacloud/sap/opu/odata/sap/API_GLACCOUNTINCHARTOFACCOUNTS_SRV/A_GLAccountText(ChartOfAccounts='{$ChartOfAccountsPathParam}',GLAccount='{$GLAccountPathParam}',Language='{$LanguagePathParam}')"
                                        verb="GET">
                        <authentication>
                           <username>{$username}</username>
                           <password>{$password}</password>
                           <isExpressionInPassword>true</isExpressionInPassword>
                        </authentication>
                        <httpHeaders>
                           <header name="Content-Type">application/json</header>
                           <header name="Accept">application/json</header>
                        </httpHeaders>
                     </restSimpleBinding>
                  </binding>
                  <output>
                     <field description="Retrieved entity"
                            entireResponse="true"
                            name="entireResponse"
                            type="object"/>
                  </output>
               </action>
            </actions>
            <objects>
               <processObject xmlns="http://schemas.active-endpoints.com/appmodules/screenflow/2011/06/avosHostEnvironment.xsd"
                              isByCopy="true"
                              name="odata_error_main">
                  <description/>
                  <detail>
                     <field name="code" type="string"/>
                     <field name="innererror" type="object"/>
                     <field name="message" type="reference">
                        <options>
                           <option name="referenceTo">odata_error_message</option>
                           <option name="relationshipName">Child</option>
                        </options>
                     </field>
                  </detail>
               </processObject>
               <processObject xmlns="http://schemas.active-endpoints.com/appmodules/screenflow/2011/06/avosHostEnvironment.xsd"
                              isByCopy="true"
                              name="odata_error">
                  <description/>
                  <detail>
                     <field name="error" type="reference">
                        <options>
                           <option name="referenceTo">odata_error_main</option>
                           <option name="relationshipName">Child</option>
                        </options>
                     </field>
                  </detail>
               </processObject>
               <processObject xmlns="http://schemas.active-endpoints.com/appmodules/screenflow/2011/06/avosHostEnvironment.xsd"
                              isByCopy="true"
                              name="API_GLACCOUNTINCHARTOFACCOUNTS_SRV_A_GLAccountTextType">
                  <description>API General Ledger Account Text</description>
                  <detail>
                     <field name="ChartOfAccounts" type="string"/>
                     <field name="Language" type="string"/>
                     <field name="GLAccount" type="string"/>
                     <field name="GLAccountName" type="string"/>
                     <field name="LastChangeDateTime" type="string"/>
                     <field name="to_GLAccountInChartOfAccounts" type="reference">
                        <options>
                           <option name="referenceTo">API_GLACCOUNTINCHARTOFACCOUNTS_SRV_A_GLAccountInChartOfAccountsType</option>
                           <option name="relationshipName">Child</option>
                        </options>
                     </field>
                     <field name="GLAccountLongName" type="string"/>
                  </detail>
               </processObject>
               <processObject xmlns="http://schemas.active-endpoints.com/appmodules/screenflow/2011/06/avosHostEnvironment.xsd"
                              isByCopy="true"
                              name="API_GLACCOUNTINCHARTOFACCOUNTS_SRV_A_GLAccountInChartOfAccountsType">
                  <description>API G/L Account In Chart Of Accounts</description>
                  <detail>
                     <field name="IsBalanceSheetAccount" type="boolean"/>
                     <field name="CreationDate" type="string"/>
                     <field name="ProfitLossAccountType" type="string"/>
                     <field name="CreatedByUser" type="string"/>
                     <field name="GLAccount" type="string"/>
                     <field name="IsProfitLossAccount" type="boolean"/>
                     <field name="AccountIsBlockedForCreation" type="boolean"/>
                     <field name="to_Text" type="object"/>
                     <field name="PartnerCompany" type="string"/>
                     <field name="CorporateGroupAccount" type="string"/>
                     <field name="GLAccountExternal" type="string"/>
                     <field name="AccountIsBlockedForPosting" type="boolean"/>
                     <field name="ChartOfAccounts" type="string"/>
                     <field name="AccountIsBlockedForPlanning" type="boolean"/>
                     <field name="GLAccountGroup" type="string"/>
                     <field name="SampleGLAccount" type="string"/>
                     <field name="LastChangeDateTime" type="string"/>
                     <field name="AccountIsMarkedForDeletion" type="boolean"/>
                     <field name="GLAccountType" type="string"/>
                     <field name="FunctionalArea" type="string"/>
                  </detail>
               </processObject>
               <processObject xmlns="http://schemas.active-endpoints.com/appmodules/screenflow/2011/06/avosHostEnvironment.xsd"
                              isByCopy="true"
                              name="odata_error_message">
                  <description/>
                  <detail>
                     <field name="lang" type="string"/>
                     <field name="value" type="string"/>
                  </detail>
               </processObject>
               <processObject xmlns="http://schemas.active-endpoints.com/appmodules/screenflow/2011/06/avosHostEnvironment.xsd"
                              isByCopy="true"
                              name="string">
                  <description/>
                  <detail>
                     <field name="string" type="string"/>
                  </detail>
               </processObject>
               <processObject xmlns="http://schemas.active-endpoints.com/appmodules/screenflow/2011/06/avosHostEnvironment.xsd"
                              isByCopy="true"
                              name="boolean">
                  <description/>
                  <detail>
                     <field name="boolean" type="boolean"/>
                  </detail>
               </processObject>
               <processObject xmlns="http://schemas.active-endpoints.com/appmodules/screenflow/2011/06/avosHostEnvironment.xsd"
                              isByCopy="true"
                              name="double">
                  <description/>
                  <detail>
                     <field name="double" type="double"/>
                  </detail>
               </processObject>
               <processObject xmlns="http://schemas.active-endpoints.com/appmodules/screenflow/2011/06/avosHostEnvironment.xsd"
                              isByCopy="true"
                              name="integer">
                  <description/>
                  <detail>
                     <field name="integer" type="int"/>
                  </detail>
               </processObject>
               <processObject xmlns="http://schemas.active-endpoints.com/appmodules/screenflow/2011/06/avosHostEnvironment.xsd"
                              isByCopy="true"
                              name="error">
                  <description>Error</description>
                  <detail/>
               </processObject>
            </objects>
         </businessConnector>
      </types1:Entry>
      <types1:GUID>lCyCtBdTrw5c0qxTQeXDeR</types1:GUID>
      <types1:DisplayName>SAP S4HANA Read G-L Account API v1</types1:DisplayName>
   </types1:Item>
   <types1:CurrentServerDateTime>2019-11-15T05:55:20.782Z</types1:CurrentServerDateTime>
</aetgt:getResponse>
