<aetgt:getResponse xmlns:aetgt="http://schemas.active-endpoints.com/appmodules/repository/2010/10/avrepository.xsd"
                   xmlns:types1="http://schemas.active-endpoints.com/appmodules/repository/2010/10/avrepository.xsd">
   <types1:Item>
      <types1:EntryId>XwJH72yIYmWR7hs-gt-3053606-2019-01-23T13:30:36.802Z::svc.xml</types1:EntryId>
      <types1:Name>Concur_Digital_Tax_Invoices_API_v3</types1:Name>
      <types1:MimeType>application/xml+businesssconnector</types1:MimeType>
      <types1:Description>The regulations of some countries require that clients provide an electronic receipt in digital XML format for each reimbursable expense. In addition, the client must: Store the XML file in order to claim the expense for tax purposes, be able to produce the original XML file in case of audit, and validate the XML file with the government. To help meet this requirement, Concur offers the Digital Tax Invoice feature. For Mexico, the official digital XML file is called Comprobante Fiscal Digital, or CFDi. This API provides methods to view and update digital tax invoices.</types1:Description>
      <types1:AppliesTo/>
      <types1:Tags/>
      <types1:VersionLabel>1.0</types1:VersionLabel>
      <types1:State>CURRENT</types1:State>
      <types1:ProcessGroup/>
      <types1:CreatedBy>sorabh@na1.dm-us.org</types1:CreatedBy>
      <types1:CreationDate>2019-01-23T13:30:37Z</types1:CreationDate>
      <types1:ModifiedBy/>
      <types1:PublicationStatus>published</types1:PublicationStatus>
      <types1:PublishedBy>sorabh@na1.dm-us.org</types1:PublishedBy>
      <types1:PublicationDate>2019-01-23T13:31:05Z</types1:PublicationDate>
      <types1:PublishedContributionId>project:/rt.connector/Concur_Digital_Tax_Invoices_API_v3/Concur_Digital_Tax_Invoices_API_v3_svcDef.xml</types1:PublishedContributionId>
      <types1:AutosaveExists>false</types1:AutosaveExists>
      <types1:Entry>
         <businessConnector xmlns="http://schemas.informatica.com/socrates/data-services/2014/05/business-connector-model.xsd"
                            agentOnly="false"
                            debug="false"
                            displayName="Concur Digital Tax Invoices API v3"
                            label=""
                            name="Concur_Digital_Tax_Invoices_API_v3"
                            uuid="17eb8b1b-2920-4f3c-895b-4592b078df6a">
            <description>The regulations of some countries require that clients provide an electronic receipt in digital XML format for each reimbursable expense. In addition, the client must: Store the XML file in order to claim the expense for tax purposes, be able to produce the original XML file in case of audit, and validate the XML file with the government. To help meet this requirement, Concur offers the Digital Tax Invoice feature. For Mexico, the official digital XML file is called Comprobante Fiscal Digital, or CFDi. This API provides methods to view and update digital tax invoices.</description>
            <tags/>
            <connectionAttributes xmlns="http://schemas.informatica.com/appmodules/screenflow/2014/04/avosConnectors.xsd">
               <connectionAttribute description="Host Name"
                                    masked="false"
                                    name="hostName"
                                    required="true"
                                    testWith="www.concursolutions.com"
                                    type="string"/>
            </connectionAttributes>
            <actions>
               <action category="Resources"
                       failOnError="true"
                       forSearch="false"
                       label="GET_expense_digitaltaxinvoices_id_"
                       maxRedirects="100"
                       name="GET_expense_digitaltaxinvoices_id_"
                       preemptiveAuth="true"
                       responseEncoding="">
                  <description>Get a single digital tax invoice by ID. Gets a single digital tax invoice by ID.</description>
                  <input>
                     <parameter description="The ID of the digital tax invoice."
                                label="idPathParam"
                                name="idPathParam"
                                nogen="true"
                                required="true"
                                testWith=""
                                type="string"/>
                  </input>
                  <binding>
                     <restSimpleBinding multiUsing="semicolonSeparated"
                                        url="https://{$hostName}/api/v3.0/expense/digitaltaxinvoices/{$idPathParam}"
                                        verb="GET">
                        <httpHeaders>
                           <header name="Content-Type">application/json</header>
                           <header name="Accept">application/json</header>
                        </httpHeaders>
                     </restSimpleBinding>
                  </binding>
                  <output>
                     <field description="Success"
                            entireResponse="true"
                            name="DigitalTaxInvoiceGetSingle"
                            type="reference">
                        <options>
                           <option name="referenceTo">DigitalTaxInvoiceGetSingle</option>
                        </options>
                     </field>
                  </output>
               </action>
               <action category="Resources"
                       failOnError="true"
                       forSearch="false"
                       label="PUT_expense_digitaltaxinvoices_id_"
                       maxRedirects="100"
                       name="PUT_expense_digitaltaxinvoices_id_"
                       preemptiveAuth="true"
                       responseEncoding="">
                  <description>Update a digital tax invoice by ID. Updates the specified digital tax invoice.</description>
                  <input>
                     <parameter description="A status update for the digital tax invoice."
                                label="content"
                                name="content"
                                required="true"
                                testWith=""
                                type="reference">
                        <options>
                           <option name="referenceTo">DigitalTaxInvoicePut</option>
                        </options>
                     </parameter>
                     <parameter description="The ID of the digital tax invoice to update."
                                label="idPathParam"
                                name="idPathParam"
                                nogen="true"
                                required="true"
                                testWith=""
                                type="string"/>
                  </input>
                  <binding>
                     <restSimpleBinding multiUsing="semicolonSeparated"
                                        url="https://{$hostName}/api/v3.0/expense/digitaltaxinvoices/{$idPathParam}"
                                        verb="PUT">
                        <httpHeaders>
                           <header name="Content-Type">application/json</header>
                           <header name="Accept">application/json</header>
                        </httpHeaders>
                        <body generateUsing="UnwrappedJSON" preserveJsonStringFormatting="false"/>
                     </restSimpleBinding>
                  </binding>
                  <output>
                     <field description="Success"
                            entireResponse="true"
                            name="Void"
                            type="reference">
                        <options>
                           <option name="referenceTo">Void</option>
                        </options>
                     </field>
                  </output>
               </action>
               <action category="Resources"
                       failOnError="true"
                       forSearch="false"
                       label="GET_expense_digitaltaxinvoices"
                       maxRedirects="100"
                       name="GET_expense_digitaltaxinvoices"
                       preemptiveAuth="true"
                       responseEncoding="">
                  <description>Get all digital tax invoices. Gets all digital tax invoices that can be validated by the user based on the search criteria.</description>
                  <input>
                     <parameter description="The starting point of the next set of results, after the limit specified in the limit field has been reached."
                                label="offset"
                                name="offset"
                                required="false"
                                testWith=""
                                type="string"/>
                     <parameter description="The number of records to return. Default value: 25"
                                label="limit"
                                name="limit"
                                required="false"
                                testWith=""
                                type="int"/>
                     <parameter description="A modification date for the queue record; this parameter can be used to limit the results of the GET request to the queue items that have been added since the last time the validation company queried the queue. The user must have the Web Services Admin role to use this parameter."
                                label="modifiedafter"
                                name="modifiedafter"
                                required="false"
                                testWith=""
                                type="string"/>
                  </input>
                  <binding>
                     <restSimpleBinding multiUsing="semicolonSeparated"
                                        url="https://{$hostName}/api/v3.0/expense/digitaltaxinvoices"
                                        verb="GET">
                        <httpHeaders>
                           <header name="Content-Type">application/json</header>
                           <header name="Accept">application/json</header>
                        </httpHeaders>
                     </restSimpleBinding>
                  </binding>
                  <output>
                     <field description="Success"
                            entireResponse="true"
                            name="DigitalTaxInvoiceCollection"
                            type="reference">
                        <options>
                           <option name="referenceTo">DigitalTaxInvoiceCollection</option>
                        </options>
                     </field>
                  </output>
               </action>
            </actions>
            <objects>
               <processObject xmlns="http://schemas.active-endpoints.com/appmodules/screenflow/2011/06/avosHostEnvironment.xsd"
                              isByCopy="true"
                              name="DigitalTaxInvoicePut">
                  <description/>
                  <detail>
                     <field name="Status" type="string"/>
                     <field name="Comment" type="string"/>
                  </detail>
               </processObject>
               <processObject xmlns="http://schemas.active-endpoints.com/appmodules/screenflow/2011/06/avosHostEnvironment.xsd"
                              isByCopy="true"
                              name="DigitalTaxInvoiceCollection">
                  <description/>
                  <detail>
                     <field name="Items" type="reference">
                        <options>
                           <option name="referenceTo">DigitalTaxInvoiceGetAll</option>
                           <option name="relationshipName">Child</option>
                        </options>
                     </field>
                     <field name="NextPage" type="string"/>
                  </detail>
               </processObject>
               <processObject xmlns="http://schemas.active-endpoints.com/appmodules/screenflow/2011/06/avosHostEnvironment.xsd"
                              isByCopy="true"
                              name="DigitalTaxInvoiceGetAll">
                  <description/>
                  <detail>
                     <field name="ConcurReceiptID" type="string"/>
                     <field name="ID" type="string"/>
                     <field name="URI" type="string"/>
                  </detail>
               </processObject>
               <processObject xmlns="http://schemas.active-endpoints.com/appmodules/screenflow/2011/06/avosHostEnvironment.xsd"
                              isByCopy="true"
                              name="DigitalTaxInvoiceGetSingle">
                  <description/>
                  <detail>
                     <field name="AccountID" type="string"/>
                     <field name="ConcurReceiptID" type="string"/>
                     <field name="DocumentID" type="string"/>
                     <field name="ReceiptData" type="string"/>
                  </detail>
               </processObject>
               <processObject xmlns="http://schemas.active-endpoints.com/appmodules/screenflow/2011/06/avosHostEnvironment.xsd"
                              isByCopy="true"
                              name="Void">
                  <description/>
                  <detail/>
               </processObject>
               <processObject xmlns="http://schemas.active-endpoints.com/appmodules/screenflow/2011/06/avosHostEnvironment.xsd"
                              isByCopy="true"
                              name="string">
                  <description/>
                  <detail>
                     <field name="string" type="string"/>
                  </detail>
               </processObject>
               <processObject xmlns="http://schemas.active-endpoints.com/appmodules/screenflow/2011/06/avosHostEnvironment.xsd"
                              isByCopy="true"
                              name="boolean">
                  <description/>
                  <detail>
                     <field name="boolean" type="boolean"/>
                  </detail>
               </processObject>
               <processObject xmlns="http://schemas.active-endpoints.com/appmodules/screenflow/2011/06/avosHostEnvironment.xsd"
                              isByCopy="true"
                              name="double">
                  <description/>
                  <detail>
                     <field name="double" type="double"/>
                  </detail>
               </processObject>
               <processObject xmlns="http://schemas.active-endpoints.com/appmodules/screenflow/2011/06/avosHostEnvironment.xsd"
                              isByCopy="true"
                              name="integer">
                  <description/>
                  <detail>
                     <field name="integer" type="int"/>
                  </detail>
               </processObject>
            </objects>
         </businessConnector>
      </types1:Entry>
      <types1:GUID>amYrQFFQgBxhQ4Fl31uGsp</types1:GUID>
      <types1:DisplayName>Concur Digital Tax Invoices API v3</types1:DisplayName>
   </types1:Item>
   <types1:CurrentServerDateTime>2019-02-22T09:42:47.769Z</types1:CurrentServerDateTime>
</aetgt:getResponse>
