{
  "name" : "CMS BlueButton API v2-0",
  "sourceOrgId" : "6w10pMc8bwmkGpCQs9xkSM",
  "sourceOrgName" : "IICS iPaaS",
  "exportedObjects" : [ {
    "objectGuid" : "iK1DnQSrtgecoFgeQvKlov",
    "objectName" : "CMS BlueButton API v2-0",
    "objectType" : "AI_SERVICE_CONNECTOR",
    "path" : "/Explore/Shared assets/Service Connectors",
    "metadata" : {
      "modelVersion" : {
        "major" : 1,
        "minor" : 0
      },
      "repoInfo" : {
        "repoHandle" : "4NPwLdqcgm8lnCm-gt-3728597-2020-08-19T04:49:47.892Z::svc.xml"
      },
      "objectRefs" : [ ],
      "contextAttributes" : null,
      "additionalInfo" : {
        "description" : "**D R A F T -- D R A F T -- D R A F T -- D R A F T -- D R A F T -- D R A F\n    T**\n\nThe Centers for Medicare & Medicaid Services (CMS) Blue Button 2.0 API is a\n    developer-friendly, standards-based, data API that enables Medicare\n    beneficiaries to connect their Medicare claims data to the applications,\n    services, and research programs they trust.\n\nClaims information that extends as far back as 2015 can be accessed using the\n    HL7 Fast Healthcare interoperability Resource (FHIR) specification.\n\nFast Healthcare Interoperability Resources (FHIR, pronounced \"Fire\") defines\n    a set of \"resources\" that represent granular clinical concepts. The\n    resources can be managed in isolation, or aggregated into complex documents.\n    Technically, FHIR is designed for the web; the resources are based on simple\n    XML or JSON structures, with an http-based RESTful protocol where each\n    resource has predictable URL. Where possible, open internet standards are\n    used for data representation and OAuth2 is used",
        "contentType" : "application/json; charset=utf-8",
        "documentState" : "VALID"
      }
    }
  }, {
    "objectGuid" : "00m3cKr9AGOjGY55vZSASH",
    "objectName" : "Service Connectors",
    "objectType" : "Folder",
    "path" : "/Explore/Shared assets",
    "metadata" : {
      "modelVersion" : {
        "major" : 0,
        "minor" : 0
      },
      "repoInfo" : null,
      "objectRefs" : [ ],
      "contextAttributes" : [ ],
      "additionalInfo" : {
        "description" : "",
        "contentType" : "Binary",
        "documentState" : "COMPLETE"
      }
    }
  }, {
    "objectGuid" : "almpU5d486xjg3tXw87BET",
    "objectName" : "Shared assets",
    "objectType" : "Project",
    "path" : "/Explore",
    "metadata" : {
      "modelVersion" : {
        "major" : 0,
        "minor" : 0
      },
      "repoInfo" : null,
      "objectRefs" : [ ],
      "contextAttributes" : [ ],
      "additionalInfo" : {
        "description" : "This Project contains shared assets",
        "contentType" : "Binary",
        "documentState" : "COMPLETE"
      }
    }
  } ]
}