<aetgt:getResponse xmlns:aetgt="http://schemas.active-endpoints.com/appmodules/repository/2010/10/avrepository.xsd"
                   xmlns:types1="http://schemas.active-endpoints.com/appmodules/repository/2010/10/avrepository.xsd">
   <types1:Item>
      <types1:EntryId>x6I1dq2ME9paabd-gt-1319200-2019-11-12T09:47:12.386Z::svc.xml</types1:EntryId>
      <types1:Name>SAP_S4HANA_Statistical_Key_Figure_-A2X-_API_v1</types1:Name>
      <types1:MimeType>application/xml+businesssconnector</types1:MimeType>
      <types1:Description>This service enables you  to create, read, update, or delete (CRUD) master  data for statistical key figures. The service provides  the data in an API call based on the open data  protocol (OData). This service also supports you to  create deep entity operation and batch processing.</types1:Description>
      <types1:AppliesTo/>
      <types1:Tags/>
      <types1:VersionLabel>1.0</types1:VersionLabel>
      <types1:State>CURRENT</types1:State>
      <types1:ProcessGroup/>
      <types1:CreatedBy>sorabh@na1.dm-us.org</types1:CreatedBy>
      <types1:CreationDate>2019-11-12T09:47:12Z</types1:CreationDate>
      <types1:ModifiedBy/>
      <types1:PublicationStatus>published</types1:PublicationStatus>
      <types1:PublishedBy>sorabh@na1.dm-us.org</types1:PublishedBy>
      <types1:PublicationDate>2019-11-12T09:47:18Z</types1:PublicationDate>
      <types1:PublishedContributionId>project:/rt.connector/SAP_S4HANA_Statistical_Key_Figure__A2X__API_v1/SAP_S4HANA_Statistical_Key_Figure__A2X__API_v1_svcDef.xml</types1:PublishedContributionId>
      <types1:AutosaveExists>false</types1:AutosaveExists>
      <types1:Entry>
         <businessConnector xmlns="http://schemas.informatica.com/socrates/data-services/2014/05/business-connector-model.xsd"
                            agentOnly="false"
                            debug="false"
                            displayName="SAP S4HANA Statistical Key Figure -A2X- API v1"
                            label=""
                            name="SAP_S4HANA_Statistical_Key_Figure_-A2X-_API_v1"
                            uuid="9363cb5f-0615-424c-9317-4d2d223bd031">
            <description>This service enables you  to create, read, update, or delete (CRUD) master  data for statistical key figures. The service provides  the data in an API call based on the open data  protocol (OData). This service also supports you to  create deep entity operation and batch processing.</description>
            <tags/>
            <connectionAttributes xmlns="http://schemas.informatica.com/appmodules/screenflow/2014/04/avosConnectors.xsd">
               <connectionAttribute description="Host Name"
                                    masked="false"
                                    name="hostName"
                                    required="true"
                                    testWith="sandbox.api.sap.com"
                                    type="string"/>
               <connectionAttribute description="User Name"
                                    masked="false"
                                    name="username"
                                    required="true"
                                    testWith=""
                                    type="string"/>
               <connectionAttribute description="Password"
                                    masked="true"
                                    name="password"
                                    required="true"
                                    testWith=""
                                    type="string"/>
            </connectionAttributes>
            <actions>
               <action category="A_StatisticalKeyFigureText"
                       failOnError="true"
                       forSearch="false"
                       label="PATCH_A_StatisticalKeyFigureText_Language_Language_ControllingArea_ControllingArea_StatisticalKeyFigure_StatisticalKeyFigure_"
                       maxRedirects="100"
                       name="PATCH_A_StatisticalKeyFigureText_Language_Language_ControllingArea_ControllingArea_StatisticalKeyFigure_StatisticalKeyFigure_"
                       preemptiveAuth="true"
                       responseEncoding="">
                  <description>Update entity in A_StatisticalKeyFigureText</description>
                  <input>
                     <parameter description="New property values"
                                label="A_StatisticalKeyFigureTextType"
                                name="A_StatisticalKeyFigureTextType"
                                required="false"
                                testWith=""
                                type="object"/>
                     <parameter description="The language key indicates  &#xA;- the language in which texts are displayed,- the language in which you enter texts,- the language in which the system prints texts."
                                label="LanguagePathParam"
                                name="LanguagePathParam"
                                nogen="true"
                                required="true"
                                testWith=""
                                type="string"/>
                     <parameter description="Controlling Area"
                                label="ControllingAreaPathParam"
                                name="ControllingAreaPathParam"
                                nogen="true"
                                required="true"
                                testWith=""
                                type="string"/>
                     <parameter description="Statistical Key Figure"
                                label="StatisticalKeyFigurePathParam"
                                name="StatisticalKeyFigurePathParam"
                                nogen="true"
                                required="true"
                                testWith=""
                                type="string"/>
                  </input>
                  <binding>
                     <restSimpleBinding multiUsing="semicolonSeparated"
                                        url="https://{$hostName}/s4hanacloud/sap/opu/odata/sap/API_STATISTICALKEYFIGURE_SRV/A_StatisticalKeyFigureText(Language='{$LanguagePathParam}',ControllingArea='{$ControllingAreaPathParam}',StatisticalKeyFigure='{$StatisticalKeyFigurePathParam}')"
                                        verb="PATCH">
                        <authentication>
                           <username>{$username}</username>
                           <password>{$password}</password>
                           <isExpressionInPassword>true</isExpressionInPassword>
                        </authentication>
                        <httpHeaders>
                           <header name="Content-Type">application/json</header>
                           <header name="Accept">application/json</header>
                        </httpHeaders>
                        <body generateUsing="UnwrappedJSON" preserveJsonStringFormatting="false"/>
                     </restSimpleBinding>
                  </binding>
                  <output/>
               </action>
               <action category="A_StatisticalKeyFigureText"
                       failOnError="true"
                       forSearch="false"
                       label="GET_A_StatisticalKeyFigureText_Language_Language_ControllingArea_ControllingArea_StatisticalKeyFigure_StatisticalKeyFigure_"
                       maxRedirects="100"
                       name="GET_A_StatisticalKeyFigureText_Language_Language_ControllingArea_ControllingArea_StatisticalKeyFigure_StatisticalKeyFigure_"
                       preemptiveAuth="true"
                       responseEncoding="">
                  <description>Get entity from A_StatisticalKeyFigureText by key</description>
                  <input>
                     <parameter description="Select properties to be returned, see [Select](https://help.sap.com/doc/5890d27be418427993fafa6722cdc03b/Cloud/en-US/OdataV2.pdf#page=68)"
                                label="$select"
                                name="$select"
                                required="false"
                                testWith=""
                                type="picklist">
                        <options>
                           <option name="values">[{"value":"Language","label":"Language"},{"value":"ControllingArea","label":"ControllingArea"},{"value":"StatisticalKeyFigure","label":"StatisticalKeyFigure"},{"value":"StatisticalKeyFigureName","label":"StatisticalKeyFigureName"},{"value":"to_StatisticalKeyFigure","label":"to_StatisticalKeyFigure"}]</option>
                        </options>
                     </parameter>
                     <parameter description="Expand related entities, see [Expand](https://help.sap.com/doc/5890d27be418427993fafa6722cdc03b/Cloud/en-US/OdataV2.pdf#page=63)"
                                label="$expand"
                                name="$expand"
                                required="false"
                                testWith=""
                                type="picklist">
                        <options>
                           <option name="values">[{"value":"to_StatisticalKeyFigure","label":"to_StatisticalKeyFigure"}]</option>
                        </options>
                     </parameter>
                     <parameter description="The language key indicates  &#xA;- the language in which texts are displayed,- the language in which you enter texts,- the language in which the system prints texts."
                                label="LanguagePathParam"
                                name="LanguagePathParam"
                                nogen="true"
                                required="true"
                                testWith=""
                                type="string"/>
                     <parameter description="Controlling Area"
                                label="ControllingAreaPathParam"
                                name="ControllingAreaPathParam"
                                nogen="true"
                                required="true"
                                testWith=""
                                type="string"/>
                     <parameter description="Statistical Key Figure"
                                label="StatisticalKeyFigurePathParam"
                                name="StatisticalKeyFigurePathParam"
                                nogen="true"
                                required="true"
                                testWith=""
                                type="string"/>
                  </input>
                  <binding>
                     <restSimpleBinding multiUsing="semicolonSeparated"
                                        url="https://{$hostName}/s4hanacloud/sap/opu/odata/sap/API_STATISTICALKEYFIGURE_SRV/A_StatisticalKeyFigureText(Language='{$LanguagePathParam}',ControllingArea='{$ControllingAreaPathParam}',StatisticalKeyFigure='{$StatisticalKeyFigurePathParam}')"
                                        verb="GET">
                        <authentication>
                           <username>{$username}</username>
                           <password>{$password}</password>
                           <isExpressionInPassword>true</isExpressionInPassword>
                        </authentication>
                        <httpHeaders>
                           <header name="Content-Type">application/json</header>
                           <header name="Accept">application/json</header>
                        </httpHeaders>
                     </restSimpleBinding>
                  </binding>
                  <output>
                     <field description="Retrieved entity"
                            entireResponse="true"
                            name="entireResponse"
                            type="object"/>
                  </output>
               </action>
               <action category="A_StatisticalKeyFigureText"
                       failOnError="true"
                       forSearch="false"
                       label="DELETE_A_StatisticalKeyFigureText_Language_Language_ControllingArea_ControllingArea_StatisticalKeyFigure_StatisticalKeyFigure_"
                       maxRedirects="100"
                       name="DELETE_A_StatisticalKeyFigureText_Language_Language_ControllingArea_ControllingArea_StatisticalKeyFigure_StatisticalKeyFigure_"
                       preemptiveAuth="true"
                       responseEncoding="">
                  <description>Delete entity from A_StatisticalKeyFigureText</description>
                  <input>
                     <parameter description="The language key indicates  &#xA;- the language in which texts are displayed,- the language in which you enter texts,- the language in which the system prints texts."
                                label="LanguagePathParam"
                                name="LanguagePathParam"
                                nogen="true"
                                required="true"
                                testWith=""
                                type="string"/>
                     <parameter description="Controlling Area"
                                label="ControllingAreaPathParam"
                                name="ControllingAreaPathParam"
                                nogen="true"
                                required="true"
                                testWith=""
                                type="string"/>
                     <parameter description="Statistical Key Figure"
                                label="StatisticalKeyFigurePathParam"
                                name="StatisticalKeyFigurePathParam"
                                nogen="true"
                                required="true"
                                testWith=""
                                type="string"/>
                  </input>
                  <binding>
                     <restSimpleBinding multiUsing="semicolonSeparated"
                                        url="https://{$hostName}/s4hanacloud/sap/opu/odata/sap/API_STATISTICALKEYFIGURE_SRV/A_StatisticalKeyFigureText(Language='{$LanguagePathParam}',ControllingArea='{$ControllingAreaPathParam}',StatisticalKeyFigure='{$StatisticalKeyFigurePathParam}')"
                                        verb="DELETE">
                        <authentication>
                           <username>{$username}</username>
                           <password>{$password}</password>
                           <isExpressionInPassword>true</isExpressionInPassword>
                        </authentication>
                        <httpHeaders>
                           <header name="Content-Type">application/json</header>
                           <header name="Accept">application/json</header>
                        </httpHeaders>
                     </restSimpleBinding>
                  </binding>
                  <output/>
               </action>
               <action category="A_StatisticalKeyFigure"
                       failOnError="true"
                       forSearch="false"
                       label="POST_A_StatisticalKeyFigure"
                       maxRedirects="100"
                       name="POST_A_StatisticalKeyFigure"
                       preemptiveAuth="true"
                       responseEncoding="">
                  <description>Add new entity to A_StatisticalKeyFigure</description>
                  <input>
                     <parameter description="New entity"
                                label="A_StatisticalKeyFigureType"
                                name="A_StatisticalKeyFigureType"
                                required="false"
                                testWith=""
                                type="reference">
                        <options>
                           <option name="referenceTo">API_STATISTICALKEYFIGURE_SRV_A_StatisticalKeyFigureType_create</option>
                        </options>
                     </parameter>
                  </input>
                  <binding>
                     <restSimpleBinding multiUsing="semicolonSeparated"
                                        url="https://{$hostName}/s4hanacloud/sap/opu/odata/sap/API_STATISTICALKEYFIGURE_SRV/A_StatisticalKeyFigure"
                                        verb="POST">
                        <authentication>
                           <username>{$username}</username>
                           <password>{$password}</password>
                           <isExpressionInPassword>true</isExpressionInPassword>
                        </authentication>
                        <httpHeaders>
                           <header name="Content-Type">application/json</header>
                           <header name="Accept">application/json</header>
                        </httpHeaders>
                        <body generateUsing="UnwrappedJSON" preserveJsonStringFormatting="false"/>
                     </restSimpleBinding>
                  </binding>
                  <output/>
               </action>
               <action category="A_StatisticalKeyFigure"
                       failOnError="true"
                       forSearch="false"
                       label="GET_A_StatisticalKeyFigure"
                       maxRedirects="100"
                       name="GET_A_StatisticalKeyFigure"
                       preemptiveAuth="true"
                       responseEncoding="">
                  <description>Get entities from A_StatisticalKeyFigure</description>
                  <input>
                     <parameter description="Show only the first n items, see [Paging - Top](https://help.sap.com/doc/5890d27be418427993fafa6722cdc03b/Cloud/en-US/OdataV2.pdf#page=66)"
                                label="$top"
                                name="$top"
                                required="false"
                                testWith=""
                                type="int"/>
                     <parameter description="Skip the first n items, see [Paging - Skip](https://help.sap.com/doc/5890d27be418427993fafa6722cdc03b/Cloud/en-US/OdataV2.pdf#page=65)"
                                label="$skip"
                                name="$skip"
                                required="false"
                                testWith=""
                                type="int"/>
                     <parameter description="Filter items by property values, see [Filtering](https://help.sap.com/doc/5890d27be418427993fafa6722cdc03b/Cloud/en-US/OdataV2.pdf#page=64)"
                                label="$filter"
                                name="$filter"
                                required="false"
                                testWith=""
                                type="string"/>
                     <parameter description="Include count of items, see [Inlinecount](https://help.sap.com/doc/5890d27be418427993fafa6722cdc03b/Cloud/en-US/OdataV2.pdf#page=67)"
                                label="$inlinecount"
                                name="$inlinecount"
                                required="false"
                                testWith=""
                                type="picklist">
                        <options>
                           <option name="values">[{"value":"allpages","label":"allpages"},{"value":"none","label":"none"}]</option>
                        </options>
                     </parameter>
                     <parameter description="Order items by property values, see [Sorting](https://help.sap.com/doc/5890d27be418427993fafa6722cdc03b/Cloud/en-US/OdataV2.pdf#page=65)"
                                label="$orderby"
                                name="$orderby"
                                required="false"
                                testWith=""
                                type="picklist">
                        <options>
                           <option name="values">[{"value":"StatisticalKeyFigure","label":"StatisticalKeyFigure"},{"value":"StatisticalKeyFigure desc","label":"StatisticalKeyFigure desc"},{"value":"ControllingArea","label":"ControllingArea"},{"value":"ControllingArea desc","label":"ControllingArea desc"},{"value":"StstcKeyFigQuantityUnit","label":"StstcKeyFigQuantityUnit"},{"value":"StstcKeyFigQuantityUnit desc","label":"StstcKeyFigQuantityUnit desc"},{"value":"StstcKeyFigCategory","label":"StstcKeyFigCategory"},{"value":"StstcKeyFigCategory desc","label":"StstcKeyFigCategory desc"}]</option>
                        </options>
                     </parameter>
                     <parameter description="Select properties to be returned, see [Select](https://help.sap.com/doc/5890d27be418427993fafa6722cdc03b/Cloud/en-US/OdataV2.pdf#page=68)"
                                label="$select"
                                name="$select"
                                required="false"
                                testWith=""
                                type="picklist">
                        <options>
                           <option name="values">[{"value":"StatisticalKeyFigure","label":"StatisticalKeyFigure"},{"value":"ControllingArea","label":"ControllingArea"},{"value":"StstcKeyFigQuantityUnit","label":"StstcKeyFigQuantityUnit"},{"value":"StstcKeyFigCategory","label":"StstcKeyFigCategory"},{"value":"to_Text","label":"to_Text"}]</option>
                        </options>
                     </parameter>
                     <parameter description="Expand related entities, see [Expand](https://help.sap.com/doc/5890d27be418427993fafa6722cdc03b/Cloud/en-US/OdataV2.pdf#page=63)"
                                label="$expand"
                                name="$expand"
                                required="false"
                                testWith=""
                                type="picklist">
                        <options>
                           <option name="values">[{"value":"to_Text","label":"to_Text"}]</option>
                        </options>
                     </parameter>
                  </input>
                  <binding>
                     <restSimpleBinding multiUsing="semicolonSeparated"
                                        url="https://{$hostName}/s4hanacloud/sap/opu/odata/sap/API_STATISTICALKEYFIGURE_SRV/A_StatisticalKeyFigure"
                                        verb="GET">
                        <authentication>
                           <username>{$username}</username>
                           <password>{$password}</password>
                           <isExpressionInPassword>true</isExpressionInPassword>
                        </authentication>
                        <httpHeaders>
                           <header name="Content-Type">application/json</header>
                           <header name="Accept">application/json</header>
                        </httpHeaders>
                     </restSimpleBinding>
                  </binding>
                  <output>
                     <field description="Retrieved entities"
                            entireResponse="true"
                            name="entireResponse"
                            type="object"/>
                  </output>
               </action>
               <action category="Batch Requests"
                       failOnError="true"
                       forSearch="false"
                       label="POST_batch"
                       maxRedirects="100"
                       name="POST_batch"
                       preemptiveAuth="true"
                       responseEncoding="">
                  <description>Send a group of requests. Group multiple requests into a single request payload, see [Batch Requests](https://help.sap.com/doc/5890d27be418427993fafa6722cdc03b/Cloud/en-US/OdataV2.pdf#page=152).</description>
                  <input>
                     <parameter description="Batch request"
                                label="requestBody"
                                name="requestBody"
                                required="false"
                                testWith=""
                                type="string"/>
                  </input>
                  <binding>
                     <restSimpleBinding multiUsing="semicolonSeparated"
                                        url="https://{$hostName}/s4hanacloud/sap/opu/odata/sap/API_STATISTICALKEYFIGURE_SRV/$batch"
                                        verb="POST">
                        <authentication>
                           <username>{$username}</username>
                           <password>{$password}</password>
                           <isExpressionInPassword>true</isExpressionInPassword>
                        </authentication>
                        <httpHeaders>
                           <header name="Content-Type">multipart/mixed;boundary=request-separator</header>
                           <header name="Accept">multipart/mixed</header>
                        </httpHeaders>
                        <body>{$requestBody}</body>
                     </restSimpleBinding>
                  </binding>
                  <output/>
               </action>
               <action category="A_StatisticalKeyFigureText"
                       failOnError="true"
                       forSearch="false"
                       label="GET_A_StatisticalKeyFigureText_Language_Language_ControllingArea_ControllingArea_StatisticalKeyFigure_StatisticalKeyFigure_to_StatisticalKeyFigure"
                       maxRedirects="100"
                       name="GET_A_StatisticalKeyFigureText_Language_Language_ControllingArea_ControllingArea_StatisticalKeyFigure_StatisticalKeyFigure_to_StatisticalKeyFigure"
                       preemptiveAuth="true"
                       responseEncoding="">
                  <description>Get related to_StatisticalKeyFigure</description>
                  <input>
                     <parameter description="Select properties to be returned, see [Select](https://help.sap.com/doc/5890d27be418427993fafa6722cdc03b/Cloud/en-US/OdataV2.pdf#page=68)"
                                label="$select"
                                name="$select"
                                required="false"
                                testWith=""
                                type="picklist">
                        <options>
                           <option name="values">[{"value":"StatisticalKeyFigure","label":"StatisticalKeyFigure"},{"value":"ControllingArea","label":"ControllingArea"},{"value":"StstcKeyFigQuantityUnit","label":"StstcKeyFigQuantityUnit"},{"value":"StstcKeyFigCategory","label":"StstcKeyFigCategory"},{"value":"to_Text","label":"to_Text"}]</option>
                        </options>
                     </parameter>
                     <parameter description="Expand related entities, see [Expand](https://help.sap.com/doc/5890d27be418427993fafa6722cdc03b/Cloud/en-US/OdataV2.pdf#page=63)"
                                label="$expand"
                                name="$expand"
                                required="false"
                                testWith=""
                                type="picklist">
                        <options>
                           <option name="values">[{"value":"to_Text","label":"to_Text"}]</option>
                        </options>
                     </parameter>
                     <parameter description="The language key indicates  &#xA;- the language in which texts are displayed,- the language in which you enter texts,- the language in which the system prints texts."
                                label="LanguagePathParam"
                                name="LanguagePathParam"
                                nogen="true"
                                required="true"
                                testWith=""
                                type="string"/>
                     <parameter description="Controlling Area"
                                label="ControllingAreaPathParam"
                                name="ControllingAreaPathParam"
                                nogen="true"
                                required="true"
                                testWith=""
                                type="string"/>
                     <parameter description="Statistical Key Figure"
                                label="StatisticalKeyFigurePathParam"
                                name="StatisticalKeyFigurePathParam"
                                nogen="true"
                                required="true"
                                testWith=""
                                type="string"/>
                  </input>
                  <binding>
                     <restSimpleBinding multiUsing="semicolonSeparated"
                                        url="https://{$hostName}/s4hanacloud/sap/opu/odata/sap/API_STATISTICALKEYFIGURE_SRV/A_StatisticalKeyFigureText(Language='{$LanguagePathParam}',ControllingArea='{$ControllingAreaPathParam}',StatisticalKeyFigure='{$StatisticalKeyFigurePathParam}')/to_StatisticalKeyFigure"
                                        verb="GET">
                        <authentication>
                           <username>{$username}</username>
                           <password>{$password}</password>
                           <isExpressionInPassword>true</isExpressionInPassword>
                        </authentication>
                        <httpHeaders>
                           <header name="Content-Type">application/json</header>
                           <header name="Accept">application/json</header>
                        </httpHeaders>
                     </restSimpleBinding>
                  </binding>
                  <output>
                     <field description="Retrieved entity"
                            entireResponse="true"
                            name="entireResponse"
                            type="object"/>
                  </output>
               </action>
               <action category="A_StatisticalKeyFigure"
                       failOnError="true"
                       forSearch="false"
                       label="POST_A_StatisticalKeyFigure_StatisticalKeyFigure_StatisticalKeyFigure_ControllingArea_ControllingArea_to_Text"
                       maxRedirects="100"
                       name="POST_A_StatisticalKeyFigure_StatisticalKeyFigure_StatisticalKeyFigure_ControllingArea_ControllingArea_to_Text"
                       preemptiveAuth="true"
                       responseEncoding="">
                  <description>Add new entity to related to_Text</description>
                  <input>
                     <parameter description="New entity"
                                label="A_StatisticalKeyFigureTextType"
                                name="A_StatisticalKeyFigureTextType"
                                required="false"
                                testWith=""
                                type="reference">
                        <options>
                           <option name="referenceTo">API_STATISTICALKEYFIGURE_SRV_A_StatisticalKeyFigureTextType_create</option>
                        </options>
                     </parameter>
                     <parameter description="Statistical Key Figure"
                                label="StatisticalKeyFigurePathParam"
                                name="StatisticalKeyFigurePathParam"
                                nogen="true"
                                required="true"
                                testWith=""
                                type="string"/>
                     <parameter description="Controlling Area"
                                label="ControllingAreaPathParam"
                                name="ControllingAreaPathParam"
                                nogen="true"
                                required="true"
                                testWith=""
                                type="string"/>
                  </input>
                  <binding>
                     <restSimpleBinding multiUsing="semicolonSeparated"
                                        url="https://{$hostName}/s4hanacloud/sap/opu/odata/sap/API_STATISTICALKEYFIGURE_SRV/A_StatisticalKeyFigure(StatisticalKeyFigure='{$StatisticalKeyFigurePathParam}',ControllingArea='{$ControllingAreaPathParam}')/to_Text"
                                        verb="POST">
                        <authentication>
                           <username>{$username}</username>
                           <password>{$password}</password>
                           <isExpressionInPassword>true</isExpressionInPassword>
                        </authentication>
                        <httpHeaders>
                           <header name="Content-Type">application/json</header>
                           <header name="Accept">application/json</header>
                        </httpHeaders>
                        <body generateUsing="UnwrappedJSON" preserveJsonStringFormatting="false"/>
                     </restSimpleBinding>
                  </binding>
                  <output/>
               </action>
               <action category="A_StatisticalKeyFigure"
                       failOnError="true"
                       forSearch="false"
                       label="GET_A_StatisticalKeyFigure_StatisticalKeyFigure_StatisticalKeyFigure_ControllingArea_ControllingArea_to_Text"
                       maxRedirects="100"
                       name="GET_A_StatisticalKeyFigure_StatisticalKeyFigure_StatisticalKeyFigure_ControllingArea_ControllingArea_to_Text"
                       preemptiveAuth="true"
                       responseEncoding="">
                  <description>Get entities from related to_Text</description>
                  <input>
                     <parameter description="Show only the first n items, see [Paging - Top](https://help.sap.com/doc/5890d27be418427993fafa6722cdc03b/Cloud/en-US/OdataV2.pdf#page=66)"
                                label="$top"
                                name="$top"
                                required="false"
                                testWith=""
                                type="int"/>
                     <parameter description="Skip the first n items, see [Paging - Skip](https://help.sap.com/doc/5890d27be418427993fafa6722cdc03b/Cloud/en-US/OdataV2.pdf#page=65)"
                                label="$skip"
                                name="$skip"
                                required="false"
                                testWith=""
                                type="int"/>
                     <parameter description="Filter items by property values, see [Filtering](https://help.sap.com/doc/5890d27be418427993fafa6722cdc03b/Cloud/en-US/OdataV2.pdf#page=64)"
                                label="$filter"
                                name="$filter"
                                required="false"
                                testWith=""
                                type="string"/>
                     <parameter description="Include count of items, see [Inlinecount](https://help.sap.com/doc/5890d27be418427993fafa6722cdc03b/Cloud/en-US/OdataV2.pdf#page=67)"
                                label="$inlinecount"
                                name="$inlinecount"
                                required="false"
                                testWith=""
                                type="picklist">
                        <options>
                           <option name="values">[{"value":"allpages","label":"allpages"},{"value":"none","label":"none"}]</option>
                        </options>
                     </parameter>
                     <parameter description="Order items by property values, see [Sorting](https://help.sap.com/doc/5890d27be418427993fafa6722cdc03b/Cloud/en-US/OdataV2.pdf#page=65)"
                                label="$orderby"
                                name="$orderby"
                                required="false"
                                testWith=""
                                type="picklist">
                        <options>
                           <option name="values">[{"value":"Language","label":"Language"},{"value":"Language desc","label":"Language desc"},{"value":"ControllingArea","label":"ControllingArea"},{"value":"ControllingArea desc","label":"ControllingArea desc"},{"value":"StatisticalKeyFigure","label":"StatisticalKeyFigure"},{"value":"StatisticalKeyFigure desc","label":"StatisticalKeyFigure desc"},{"value":"StatisticalKeyFigureName","label":"StatisticalKeyFigureName"},{"value":"StatisticalKeyFigureName desc","label":"StatisticalKeyFigureName desc"}]</option>
                        </options>
                     </parameter>
                     <parameter description="Select properties to be returned, see [Select](https://help.sap.com/doc/5890d27be418427993fafa6722cdc03b/Cloud/en-US/OdataV2.pdf#page=68)"
                                label="$select"
                                name="$select"
                                required="false"
                                testWith=""
                                type="picklist">
                        <options>
                           <option name="values">[{"value":"Language","label":"Language"},{"value":"ControllingArea","label":"ControllingArea"},{"value":"StatisticalKeyFigure","label":"StatisticalKeyFigure"},{"value":"StatisticalKeyFigureName","label":"StatisticalKeyFigureName"},{"value":"to_StatisticalKeyFigure","label":"to_StatisticalKeyFigure"}]</option>
                        </options>
                     </parameter>
                     <parameter description="Expand related entities, see [Expand](https://help.sap.com/doc/5890d27be418427993fafa6722cdc03b/Cloud/en-US/OdataV2.pdf#page=63)"
                                label="$expand"
                                name="$expand"
                                required="false"
                                testWith=""
                                type="picklist">
                        <options>
                           <option name="values">[{"value":"to_StatisticalKeyFigure","label":"to_StatisticalKeyFigure"}]</option>
                        </options>
                     </parameter>
                     <parameter description="Statistical Key Figure"
                                label="StatisticalKeyFigurePathParam"
                                name="StatisticalKeyFigurePathParam"
                                nogen="true"
                                required="true"
                                testWith=""
                                type="string"/>
                     <parameter description="Controlling Area"
                                label="ControllingAreaPathParam"
                                name="ControllingAreaPathParam"
                                nogen="true"
                                required="true"
                                testWith=""
                                type="string"/>
                  </input>
                  <binding>
                     <restSimpleBinding multiUsing="semicolonSeparated"
                                        url="https://{$hostName}/s4hanacloud/sap/opu/odata/sap/API_STATISTICALKEYFIGURE_SRV/A_StatisticalKeyFigure(StatisticalKeyFigure='{$StatisticalKeyFigurePathParam}',ControllingArea='{$ControllingAreaPathParam}')/to_Text"
                                        verb="GET">
                        <authentication>
                           <username>{$username}</username>
                           <password>{$password}</password>
                           <isExpressionInPassword>true</isExpressionInPassword>
                        </authentication>
                        <httpHeaders>
                           <header name="Content-Type">application/json</header>
                           <header name="Accept">application/json</header>
                        </httpHeaders>
                     </restSimpleBinding>
                  </binding>
                  <output>
                     <field description="Retrieved entities"
                            entireResponse="true"
                            name="entireResponse"
                            type="object"/>
                  </output>
               </action>
               <action category="A_StatisticalKeyFigureText"
                       failOnError="true"
                       forSearch="false"
                       label="POST_A_StatisticalKeyFigureText"
                       maxRedirects="100"
                       name="POST_A_StatisticalKeyFigureText"
                       preemptiveAuth="true"
                       responseEncoding="">
                  <description>Add new entity to A_StatisticalKeyFigureText</description>
                  <input>
                     <parameter description="New entity"
                                label="A_StatisticalKeyFigureTextType"
                                name="A_StatisticalKeyFigureTextType"
                                required="false"
                                testWith=""
                                type="reference">
                        <options>
                           <option name="referenceTo">API_STATISTICALKEYFIGURE_SRV_A_StatisticalKeyFigureTextType_create</option>
                        </options>
                     </parameter>
                  </input>
                  <binding>
                     <restSimpleBinding multiUsing="semicolonSeparated"
                                        url="https://{$hostName}/s4hanacloud/sap/opu/odata/sap/API_STATISTICALKEYFIGURE_SRV/A_StatisticalKeyFigureText"
                                        verb="POST">
                        <authentication>
                           <username>{$username}</username>
                           <password>{$password}</password>
                           <isExpressionInPassword>true</isExpressionInPassword>
                        </authentication>
                        <httpHeaders>
                           <header name="Content-Type">application/json</header>
                           <header name="Accept">application/json</header>
                        </httpHeaders>
                        <body generateUsing="UnwrappedJSON" preserveJsonStringFormatting="false"/>
                     </restSimpleBinding>
                  </binding>
                  <output/>
               </action>
               <action category="A_StatisticalKeyFigureText"
                       failOnError="true"
                       forSearch="false"
                       label="GET_A_StatisticalKeyFigureText"
                       maxRedirects="100"
                       name="GET_A_StatisticalKeyFigureText"
                       preemptiveAuth="true"
                       responseEncoding="">
                  <description>Get entities from A_StatisticalKeyFigureText</description>
                  <input>
                     <parameter description="Show only the first n items, see [Paging - Top](https://help.sap.com/doc/5890d27be418427993fafa6722cdc03b/Cloud/en-US/OdataV2.pdf#page=66)"
                                label="$top"
                                name="$top"
                                required="false"
                                testWith=""
                                type="int"/>
                     <parameter description="Skip the first n items, see [Paging - Skip](https://help.sap.com/doc/5890d27be418427993fafa6722cdc03b/Cloud/en-US/OdataV2.pdf#page=65)"
                                label="$skip"
                                name="$skip"
                                required="false"
                                testWith=""
                                type="int"/>
                     <parameter description="Filter items by property values, see [Filtering](https://help.sap.com/doc/5890d27be418427993fafa6722cdc03b/Cloud/en-US/OdataV2.pdf#page=64)"
                                label="$filter"
                                name="$filter"
                                required="false"
                                testWith=""
                                type="string"/>
                     <parameter description="Include count of items, see [Inlinecount](https://help.sap.com/doc/5890d27be418427993fafa6722cdc03b/Cloud/en-US/OdataV2.pdf#page=67)"
                                label="$inlinecount"
                                name="$inlinecount"
                                required="false"
                                testWith=""
                                type="picklist">
                        <options>
                           <option name="values">[{"value":"allpages","label":"allpages"},{"value":"none","label":"none"}]</option>
                        </options>
                     </parameter>
                     <parameter description="Order items by property values, see [Sorting](https://help.sap.com/doc/5890d27be418427993fafa6722cdc03b/Cloud/en-US/OdataV2.pdf#page=65)"
                                label="$orderby"
                                name="$orderby"
                                required="false"
                                testWith=""
                                type="picklist">
                        <options>
                           <option name="values">[{"value":"Language","label":"Language"},{"value":"Language desc","label":"Language desc"},{"value":"ControllingArea","label":"ControllingArea"},{"value":"ControllingArea desc","label":"ControllingArea desc"},{"value":"StatisticalKeyFigure","label":"StatisticalKeyFigure"},{"value":"StatisticalKeyFigure desc","label":"StatisticalKeyFigure desc"},{"value":"StatisticalKeyFigureName","label":"StatisticalKeyFigureName"},{"value":"StatisticalKeyFigureName desc","label":"StatisticalKeyFigureName desc"}]</option>
                        </options>
                     </parameter>
                     <parameter description="Select properties to be returned, see [Select](https://help.sap.com/doc/5890d27be418427993fafa6722cdc03b/Cloud/en-US/OdataV2.pdf#page=68)"
                                label="$select"
                                name="$select"
                                required="false"
                                testWith=""
                                type="picklist">
                        <options>
                           <option name="values">[{"value":"Language","label":"Language"},{"value":"ControllingArea","label":"ControllingArea"},{"value":"StatisticalKeyFigure","label":"StatisticalKeyFigure"},{"value":"StatisticalKeyFigureName","label":"StatisticalKeyFigureName"},{"value":"to_StatisticalKeyFigure","label":"to_StatisticalKeyFigure"}]</option>
                        </options>
                     </parameter>
                     <parameter description="Expand related entities, see [Expand](https://help.sap.com/doc/5890d27be418427993fafa6722cdc03b/Cloud/en-US/OdataV2.pdf#page=63)"
                                label="$expand"
                                name="$expand"
                                required="false"
                                testWith=""
                                type="picklist">
                        <options>
                           <option name="values">[{"value":"to_StatisticalKeyFigure","label":"to_StatisticalKeyFigure"}]</option>
                        </options>
                     </parameter>
                  </input>
                  <binding>
                     <restSimpleBinding multiUsing="semicolonSeparated"
                                        url="https://{$hostName}/s4hanacloud/sap/opu/odata/sap/API_STATISTICALKEYFIGURE_SRV/A_StatisticalKeyFigureText"
                                        verb="GET">
                        <authentication>
                           <username>{$username}</username>
                           <password>{$password}</password>
                           <isExpressionInPassword>true</isExpressionInPassword>
                        </authentication>
                        <httpHeaders>
                           <header name="Content-Type">application/json</header>
                           <header name="Accept">application/json</header>
                        </httpHeaders>
                     </restSimpleBinding>
                  </binding>
                  <output>
                     <field description="Retrieved entities"
                            entireResponse="true"
                            name="entireResponse"
                            type="object"/>
                  </output>
               </action>
               <action category="A_StatisticalKeyFigure"
                       failOnError="true"
                       forSearch="false"
                       label="PATCH_A_StatisticalKeyFigure_StatisticalKeyFigure_StatisticalKeyFigure_ControllingArea_ControllingArea_"
                       maxRedirects="100"
                       name="PATCH_A_StatisticalKeyFigure_StatisticalKeyFigure_StatisticalKeyFigure_ControllingArea_ControllingArea_"
                       preemptiveAuth="true"
                       responseEncoding="">
                  <description>Update entity in A_StatisticalKeyFigure</description>
                  <input>
                     <parameter description="New property values"
                                label="A_StatisticalKeyFigureType"
                                name="A_StatisticalKeyFigureType"
                                required="false"
                                testWith=""
                                type="object"/>
                     <parameter description="Statistical Key Figure"
                                label="StatisticalKeyFigurePathParam"
                                name="StatisticalKeyFigurePathParam"
                                nogen="true"
                                required="true"
                                testWith=""
                                type="string"/>
                     <parameter description="Controlling Area"
                                label="ControllingAreaPathParam"
                                name="ControllingAreaPathParam"
                                nogen="true"
                                required="true"
                                testWith=""
                                type="string"/>
                  </input>
                  <binding>
                     <restSimpleBinding multiUsing="semicolonSeparated"
                                        url="https://{$hostName}/s4hanacloud/sap/opu/odata/sap/API_STATISTICALKEYFIGURE_SRV/A_StatisticalKeyFigure(StatisticalKeyFigure='{$StatisticalKeyFigurePathParam}',ControllingArea='{$ControllingAreaPathParam}')"
                                        verb="PATCH">
                        <authentication>
                           <username>{$username}</username>
                           <password>{$password}</password>
                           <isExpressionInPassword>true</isExpressionInPassword>
                        </authentication>
                        <httpHeaders>
                           <header name="Content-Type">application/json</header>
                           <header name="Accept">application/json</header>
                        </httpHeaders>
                        <body generateUsing="UnwrappedJSON" preserveJsonStringFormatting="false"/>
                     </restSimpleBinding>
                  </binding>
                  <output/>
               </action>
               <action category="A_StatisticalKeyFigure"
                       failOnError="true"
                       forSearch="false"
                       label="GET_A_StatisticalKeyFigure_StatisticalKeyFigure_StatisticalKeyFigure_ControllingArea_ControllingArea_"
                       maxRedirects="100"
                       name="GET_A_StatisticalKeyFigure_StatisticalKeyFigure_StatisticalKeyFigure_ControllingArea_ControllingArea_"
                       preemptiveAuth="true"
                       responseEncoding="">
                  <description>Get entity from A_StatisticalKeyFigure by key</description>
                  <input>
                     <parameter description="Select properties to be returned, see [Select](https://help.sap.com/doc/5890d27be418427993fafa6722cdc03b/Cloud/en-US/OdataV2.pdf#page=68)"
                                label="$select"
                                name="$select"
                                required="false"
                                testWith=""
                                type="picklist">
                        <options>
                           <option name="values">[{"value":"StatisticalKeyFigure","label":"StatisticalKeyFigure"},{"value":"ControllingArea","label":"ControllingArea"},{"value":"StstcKeyFigQuantityUnit","label":"StstcKeyFigQuantityUnit"},{"value":"StstcKeyFigCategory","label":"StstcKeyFigCategory"},{"value":"to_Text","label":"to_Text"}]</option>
                        </options>
                     </parameter>
                     <parameter description="Expand related entities, see [Expand](https://help.sap.com/doc/5890d27be418427993fafa6722cdc03b/Cloud/en-US/OdataV2.pdf#page=63)"
                                label="$expand"
                                name="$expand"
                                required="false"
                                testWith=""
                                type="picklist">
                        <options>
                           <option name="values">[{"value":"to_Text","label":"to_Text"}]</option>
                        </options>
                     </parameter>
                     <parameter description="Statistical Key Figure"
                                label="StatisticalKeyFigurePathParam"
                                name="StatisticalKeyFigurePathParam"
                                nogen="true"
                                required="true"
                                testWith=""
                                type="string"/>
                     <parameter description="Controlling Area"
                                label="ControllingAreaPathParam"
                                name="ControllingAreaPathParam"
                                nogen="true"
                                required="true"
                                testWith=""
                                type="string"/>
                  </input>
                  <binding>
                     <restSimpleBinding multiUsing="semicolonSeparated"
                                        url="https://{$hostName}/s4hanacloud/sap/opu/odata/sap/API_STATISTICALKEYFIGURE_SRV/A_StatisticalKeyFigure(StatisticalKeyFigure='{$StatisticalKeyFigurePathParam}',ControllingArea='{$ControllingAreaPathParam}')"
                                        verb="GET">
                        <authentication>
                           <username>{$username}</username>
                           <password>{$password}</password>
                           <isExpressionInPassword>true</isExpressionInPassword>
                        </authentication>
                        <httpHeaders>
                           <header name="Content-Type">application/json</header>
                           <header name="Accept">application/json</header>
                        </httpHeaders>
                     </restSimpleBinding>
                  </binding>
                  <output>
                     <field description="Retrieved entity"
                            entireResponse="true"
                            name="entireResponse"
                            type="object"/>
                  </output>
               </action>
               <action category="A_StatisticalKeyFigure"
                       failOnError="true"
                       forSearch="false"
                       label="DELETE_A_StatisticalKeyFigure_StatisticalKeyFigure_StatisticalKeyFigure_ControllingArea_ControllingArea_"
                       maxRedirects="100"
                       name="DELETE_A_StatisticalKeyFigure_StatisticalKeyFigure_StatisticalKeyFigure_ControllingArea_ControllingArea_"
                       preemptiveAuth="true"
                       responseEncoding="">
                  <description>Delete entity from A_StatisticalKeyFigure</description>
                  <input>
                     <parameter description="Statistical Key Figure"
                                label="StatisticalKeyFigurePathParam"
                                name="StatisticalKeyFigurePathParam"
                                nogen="true"
                                required="true"
                                testWith=""
                                type="string"/>
                     <parameter description="Controlling Area"
                                label="ControllingAreaPathParam"
                                name="ControllingAreaPathParam"
                                nogen="true"
                                required="true"
                                testWith=""
                                type="string"/>
                  </input>
                  <binding>
                     <restSimpleBinding multiUsing="semicolonSeparated"
                                        url="https://{$hostName}/s4hanacloud/sap/opu/odata/sap/API_STATISTICALKEYFIGURE_SRV/A_StatisticalKeyFigure(StatisticalKeyFigure='{$StatisticalKeyFigurePathParam}',ControllingArea='{$ControllingAreaPathParam}')"
                                        verb="DELETE">
                        <authentication>
                           <username>{$username}</username>
                           <password>{$password}</password>
                           <isExpressionInPassword>true</isExpressionInPassword>
                        </authentication>
                        <httpHeaders>
                           <header name="Content-Type">application/json</header>
                           <header name="Accept">application/json</header>
                        </httpHeaders>
                     </restSimpleBinding>
                  </binding>
                  <output/>
               </action>
            </actions>
            <objects>
               <processObject xmlns="http://schemas.active-endpoints.com/appmodules/screenflow/2011/06/avosHostEnvironment.xsd"
                              isByCopy="true"
                              name="API_STATISTICALKEYFIGURE_SRV_A_StatisticalKeyFigureType_update">
                  <description/>
                  <detail>
                     <field name="StstcKeyFigQuantityUnit" type="string"/>
                     <field name="StstcKeyFigCategory" type="string"/>
                  </detail>
               </processObject>
               <processObject xmlns="http://schemas.active-endpoints.com/appmodules/screenflow/2011/06/avosHostEnvironment.xsd"
                              isByCopy="true"
                              name="API_STATISTICALKEYFIGURE_SRV_A_StatisticalKeyFigureType_create">
                  <description/>
                  <detail>
                     <field name="StstcKeyFigQuantityUnit" type="string"/>
                     <field name="StatisticalKeyFigure" type="string"/>
                     <field name="StstcKeyFigCategory" type="string"/>
                     <field name="to_Text" type="object"/>
                     <field name="ControllingArea" type="string"/>
                  </detail>
               </processObject>
               <processObject xmlns="http://schemas.active-endpoints.com/appmodules/screenflow/2011/06/avosHostEnvironment.xsd"
                              isByCopy="true"
                              name="API_STATISTICALKEYFIGURE_SRV_A_StatisticalKeyFigureType">
                  <description/>
                  <detail>
                     <field name="StstcKeyFigQuantityUnit" type="string"/>
                     <field name="StatisticalKeyFigure" type="string"/>
                     <field name="StstcKeyFigCategory" type="string"/>
                     <field name="to_Text" type="object"/>
                     <field name="ControllingArea" type="string"/>
                  </detail>
               </processObject>
               <processObject xmlns="http://schemas.active-endpoints.com/appmodules/screenflow/2011/06/avosHostEnvironment.xsd"
                              isByCopy="true"
                              name="API_STATISTICALKEYFIGURE_SRV_A_StatisticalKeyFigureTextType">
                  <description/>
                  <detail>
                     <field name="to_StatisticalKeyFigure" type="reference">
                        <options>
                           <option name="referenceTo">API_STATISTICALKEYFIGURE_SRV_A_StatisticalKeyFigureType</option>
                           <option name="relationshipName">Child</option>
                        </options>
                     </field>
                     <field name="Language" type="string"/>
                     <field name="StatisticalKeyFigureName" type="string"/>
                     <field name="StatisticalKeyFigure" type="string"/>
                     <field name="ControllingArea" type="string"/>
                  </detail>
               </processObject>
               <processObject xmlns="http://schemas.active-endpoints.com/appmodules/screenflow/2011/06/avosHostEnvironment.xsd"
                              isByCopy="true"
                              name="API_STATISTICALKEYFIGURE_SRV_A_StatisticalKeyFigureTextType_update">
                  <description/>
                  <detail>
                     <field name="StatisticalKeyFigureName" type="string"/>
                  </detail>
               </processObject>
               <processObject xmlns="http://schemas.active-endpoints.com/appmodules/screenflow/2011/06/avosHostEnvironment.xsd"
                              isByCopy="true"
                              name="error">
                  <description/>
                  <detail>
                     <field name="error" type="object"/>
                  </detail>
               </processObject>
               <processObject xmlns="http://schemas.active-endpoints.com/appmodules/screenflow/2011/06/avosHostEnvironment.xsd"
                              isByCopy="true"
                              name="API_STATISTICALKEYFIGURE_SRV_A_StatisticalKeyFigureTextType_create">
                  <description/>
                  <detail>
                     <field name="to_StatisticalKeyFigure" type="reference">
                        <options>
                           <option name="referenceTo">API_STATISTICALKEYFIGURE_SRV_A_StatisticalKeyFigureType_create</option>
                           <option name="relationshipName">Child</option>
                        </options>
                     </field>
                     <field name="Language" type="string"/>
                     <field name="StatisticalKeyFigureName" type="string"/>
                     <field name="StatisticalKeyFigure" type="string"/>
                     <field name="ControllingArea" type="string"/>
                  </detail>
               </processObject>
               <processObject xmlns="http://schemas.active-endpoints.com/appmodules/screenflow/2011/06/avosHostEnvironment.xsd"
                              isByCopy="true"
                              name="string">
                  <description/>
                  <detail>
                     <field name="string" type="string"/>
                  </detail>
               </processObject>
               <processObject xmlns="http://schemas.active-endpoints.com/appmodules/screenflow/2011/06/avosHostEnvironment.xsd"
                              isByCopy="true"
                              name="boolean">
                  <description/>
                  <detail>
                     <field name="boolean" type="boolean"/>
                  </detail>
               </processObject>
               <processObject xmlns="http://schemas.active-endpoints.com/appmodules/screenflow/2011/06/avosHostEnvironment.xsd"
                              isByCopy="true"
                              name="double">
                  <description/>
                  <detail>
                     <field name="double" type="double"/>
                  </detail>
               </processObject>
               <processObject xmlns="http://schemas.active-endpoints.com/appmodules/screenflow/2011/06/avosHostEnvironment.xsd"
                              isByCopy="true"
                              name="integer">
                  <description/>
                  <detail>
                     <field name="integer" type="int"/>
                  </detail>
               </processObject>
            </objects>
         </businessConnector>
      </types1:Entry>
      <types1:GUID>2qUEAjAcz3hktWCNWk43sj</types1:GUID>
      <types1:DisplayName>SAP S4HANA Statistical Key Figure -A2X- API v1</types1:DisplayName>
   </types1:Item>
   <types1:CurrentServerDateTime>2019-11-13T04:55:50.235Z</types1:CurrentServerDateTime>
</aetgt:getResponse>
