{
  "name" : "Fedex-1536853204786 anon",
  "sourceOrgId" : "7IJhF8s0e6bdUq4GnCuF8F",
  "sourceOrgName" : "Informatica",
  "exportedObjects" : [ {
    "objectGuid" : "apqvu84cj8vikaPLDGmQsl",
    "objectName" : "FedEx Tracking API",
    "objectType" : "AI_SERVICE_CONNECTOR",
    "path" : "/Explore/Fedex",
    "metadata" : {
      "modelVersion" : {
        "major" : 1,
        "minor" : 0
      },
      "repoInfo" : {
        "repoHandle" : "eAls2z8Uuopz4Kh-gt-3058871-2018-09-13T15:36:58.065Z::svc.xml"
      },
      "objectRefs" : [ ],
      "contextAttributes" : null,
      "additionalInfo" : {
        "description" : "The Service Connector that enables Package Tracking. Credentials are provided in the Connection.",
        "contentType" : "application/json; charset=utf-8",
        "documentState" : "VALID"
      },
      "objectExistence" : "WITH_DEPENDENCIES"
    }
  }, {
    "objectGuid" : "gavpnHRMTAifYwHEbXLAIY",
    "objectName" : "Get Fedex Package Status",
    "objectType" : "PROCESS",
    "path" : "/Explore/Fedex",
    "metadata" : {
      "modelVersion" : {
        "major" : 1,
        "minor" : 0
      },
      "repoInfo" : {
        "repoHandle" : "D9Nlv58pIO3M4Ww-gt-1270557-2018-09-13T15:36:58.479Z::pd.xml"
      },
      "objectRefs" : [ "eRZEq1oD6QYhifWauY2cki" ],
      "contextAttributes" : null,
      "additionalInfo" : {
        "description" : "A simple process to demonstrate invoking the Fedex tracking API by invoking the process with a package tracking number and returning status information. \n \nNo authentication is required.\n\nThis does NOT test for invalid numbers being entered.",
        "contentType" : "application/json; charset=utf-8",
        "documentState" : "VALID"
      },
      "objectExistence" : "WITH_DEPENDENCIES"
    }
  }, {
    "objectGuid" : "eRZEq1oD6QYhifWauY2cki",
    "objectName" : "FedEx-Tracking-API-Actions",
    "objectType" : "AI_CONNECTION",
    "path" : "/Explore/Fedex",
    "metadata" : {
      "modelVersion" : {
        "major" : 1,
        "minor" : 0
      },
      "repoInfo" : {
        "repoHandle" : "rJGD4ARW8UBM7zs-gt-3058879-2018-09-13T15:36:58.275Z::conn.xml"
      },
      "objectRefs" : [ "apqvu84cj8vikaPLDGmQsl" ],
      "contextAttributes" : null,
      "additionalInfo" : {
        "description" : "The Connection built upon the Fedex Service Connector.",
        "contentType" : "application/json; charset=utf-8",
        "documentState" : "INVALID"
      },
      "objectExistence" : "WITH_DEPENDENCIES"
    }
  }, {
    "objectGuid" : "9tmAN3R3rSFhJUBM9hbmof",
    "objectName" : "Fedex",
    "objectType" : "Project",
    "path" : "/Explore",
    "metadata" : {
      "modelVersion" : {
        "major" : 0,
        "minor" : 0
      },
      "repoInfo" : null,
      "objectRefs" : [ ],
      "contextAttributes" : [ ],
      "additionalInfo" : {
        "description" : "The Fedex Service Connector, Connection, and sample Process for inclusion in the Service Connector Library.",
        "contentType" : "Binary",
        "documentState" : "COMPLETE"
      },
      "objectExistence" : "WITHOUT_DEPENDENCIES"
    }
  } ]
}