<aetgt:getResponse xmlns:aetgt="http://schemas.active-endpoints.com/appmodules/repository/2010/10/avrepository.xsd"
                   xmlns:types1="http://schemas.active-endpoints.com/appmodules/repository/2010/10/avrepository.xsd">
   <types1:Item>
      <types1:EntryId>Og0ZkL0jmu6lS01-gt-2021271-2019-08-06T10:55:19.656Z::svc.xml</types1:EntryId>
      <types1:Name>Google_AdWords_API_v201809</types1:Name>
      <types1:MimeType>application/xml+businesssconnector</types1:MimeType>
      <types1:Description/>
      <types1:AppliesTo/>
      <types1:Tags/>
      <types1:VersionLabel>1.0</types1:VersionLabel>
      <types1:State>CURRENT</types1:State>
      <types1:ProcessGroup/>
      <types1:CreatedBy>sorabh@na1.dm-us.org</types1:CreatedBy>
      <types1:CreationDate>2019-08-06T10:55:20Z</types1:CreationDate>
      <types1:ModifiedBy/>
      <types1:PublicationStatus>published</types1:PublicationStatus>
      <types1:PublishedBy>sorabh@na1.dm-us.org</types1:PublishedBy>
      <types1:PublicationDate>2019-08-06T10:55:39Z</types1:PublicationDate>
      <types1:PublishedContributionId>project:/rt.connector/Google_AdWords_API_v201809/Google_AdWords_API_v201809_svcDef.xml</types1:PublishedContributionId>
      <types1:AutosaveExists>false</types1:AutosaveExists>
      <types1:Entry>
         <businessConnector xmlns="http://schemas.informatica.com/socrates/data-services/2014/05/business-connector-model.xsd"
                            agentOnly="false"
                            debug="false"
                            displayName="Google AdWords API v201809"
                            label=""
                            name="Google_AdWords_API_v201809"
                            uuid="b7f5e125-c986-43ba-9f75-183e249798fa">
            <description/>
            <tags/>
            <connectionAttributes xmlns="http://schemas.informatica.com/appmodules/screenflow/2014/04/avosConnectors.xsd"/>
            <actions>
               <action category=""
                       failOnError="true"
                       forSearch="false"
                       isAbstract="true"
                       label="BaseAction"
                       maxRedirects="100"
                       name="BaseAction"
                       preemptiveAuth="true"
                       responseEncoding="">
                  <description/>
                  <input/>
                  <binding>
                     <restSimpleBinding multiUsing="semicolonSeparated"
                                        url="https://adwords.google.com/api/adwords/cm/v201809/CampaignService"
                                        verb="POST">
                        <httpHeaders>
                           <header name="Content-Type">text/xml; charset=utf-8</header>
                        </httpHeaders>
                        <body/>
                     </restSimpleBinding>
                  </binding>
                  <output/>
               </action>
               <action category=""
                       failOnError="true"
                       forSearch="false"
                       inherits="BaseAction"
                       label="get"
                       maxRedirects="100"
                       name="get"
                       preemptiveAuth="true"
                       responseEncoding="">
                  <description/>
                  <inheritanceMetadata>
                     <section type="output">
                        <section type="outputFields"/>
                     </section>
                     <section type="restSimpleBinding">
                        <section type="body">
                           <attribute inherit="overwrite" name="content" type="content"/>
                        </section>
                        <section type="httpHeaders">
                           <attribute inherit="inherit" name="Content-Type" type="header"/>
                        </section>
                        <section type="otherParams"/>
                     </section>
                  </inheritanceMetadata>
                  <input>
                     <parameter name="get" required="false" testWith="" type="reference">
                        <options>
                           <option name="referenceTo">Get_AnonymousType</option>
                        </options>
                     </parameter>
                     <parameter name="RequestHeader"
                                required="false"
                                testWith=""
                                type="reference">
                        <options>
                           <option name="referenceTo">SoapHeader</option>
                        </options>
                     </parameter>
                  </input>
                  <binding>
                     <restSimpleBinding url="https://adwords.google.com/api/adwords/cm/v201809/CampaignService"
                                        verb="POST">
                        <httpHeaders>
                           <header name="SOAPAction">""</header>
                        </httpHeaders>
                        <body>&lt;soap:Envelope xmlns:soap="http://schemas.xmlsoap.org/soap/envelope/"&gt;
   &lt;soap:Header&gt;
      &lt;ns:RequestHeader xmlns:ns="https://adwords.google.com/api/adwords/cm/v201809"&gt;
            &lt;ns:clientCustomerId&gt;{$RequestHeader/clientCustomerId/text()}&lt;/ns:clientCustomerId&gt;
            &lt;ns:developerToken&gt;{$RequestHeader/developerToken/text()}&lt;/ns:developerToken&gt;
            &lt;ns:userAgent&gt;{$RequestHeader/userAgent/text()}&lt;/ns:userAgent&gt;
            &lt;ns:validateOnly&gt;{$RequestHeader/validateOnly/text()}&lt;/ns:validateOnly&gt;
            &lt;ns:partialFailure&gt;{$RequestHeader/partialFailure/text()}&lt;/ns:partialFailure&gt;
        &lt;/ns:RequestHeader&gt;
   &lt;/soap:Header&gt;
   &lt;soap:Body&gt;
      &lt;ns:get xmlns:ns="https://adwords.google.com/api/adwords/cm/v201809"&gt;
            &lt;ns:serviceSelector&gt;
                {
                    for $fields in $get/serviceSelector/fields
                    return
                    &lt;ns:fields&gt;{$fields/text()}&lt;/ns:fields&gt;
                }
                
                {
                    for $predicates in $get/serviceSelector/predicates
                    return
                    &lt;ns:predicates&gt;
                        &lt;ns:field&gt;{$predicates/field/text()}&lt;/ns:field&gt;
                        &lt;ns:operator&gt;{$predicates/operator/text()}&lt;/ns:operator&gt;
                        {
                            for $values in $predicates/values
                            return
                            &lt;ns:values&gt;{$values/text()}&lt;/ns:values&gt;
                        }
                    &lt;/ns:predicates&gt;
                }
                &lt;ns:dateRange&gt;
                    &lt;ns:min&gt;{$get/serviceSelector/dateRange/min/text()}&lt;/ns:min&gt;
                    &lt;ns:max&gt;{$get/serviceSelector/dateRange/max/text()}&lt;/ns:max&gt;
                &lt;/ns:dateRange&gt;
                {
                    for $ordering in $get/serviceSelector/ordering
                    return
                    &lt;ns:ordering&gt;
                        &lt;ns:field&gt;{$ordering/field/text()}&lt;/ns:field&gt;
                        &lt;ns:sortOrder&gt;{$ordering/sortOrder/text()}&lt;/ns:sortOrder&gt;
                    &lt;/ns:ordering&gt;
                }
                &lt;ns:paging&gt;
                    &lt;ns:startIndex&gt;{$get/serviceSelector/paging/startIndex/text()}&lt;/ns:startIndex&gt;
                    &lt;ns:numberResults&gt;{$get/serviceSelector/paging/numberResults/text()}&lt;/ns:numberResults&gt;
                &lt;/ns:paging&gt;
            &lt;/ns:serviceSelector&gt;
        &lt;/ns:get&gt;
   &lt;/soap:Body&gt;
&lt;/soap:Envelope&gt;</body>
                     </restSimpleBinding>
                  </binding>
                  <output>
                     <field description="" name="getResponse" type="reference">
                        <options>
                           <option name="referenceTo">GetResponse_AnonymousType</option>
                        </options>
                        <xquery>{util:simplifyXml(//*[local-name()='getResponse'])}</xquery>
                     </field>
                  </output>
               </action>
               <action category=""
                       failOnError="true"
                       forSearch="false"
                       inherits="BaseAction"
                       label="mutate"
                       maxRedirects="100"
                       name="mutate"
                       preemptiveAuth="true"
                       responseEncoding="">
                  <description/>
                  <inheritanceMetadata>
                     <section type="output">
                        <section type="outputFields"/>
                     </section>
                     <section type="restSimpleBinding">
                        <section type="body">
                           <attribute inherit="overwrite" name="content" type="content"/>
                        </section>
                        <section type="httpHeaders">
                           <attribute inherit="inherit" name="Content-Type" type="header"/>
                        </section>
                        <section type="otherParams"/>
                     </section>
                  </inheritanceMetadata>
                  <input>
                     <parameter name="mutate" required="false" testWith="" type="reference">
                        <options>
                           <option name="referenceTo">Mutate_AnonymousType</option>
                        </options>
                     </parameter>
                     <parameter name="RequestHeader"
                                required="false"
                                testWith=""
                                type="reference">
                        <options>
                           <option name="referenceTo">SoapHeader</option>
                        </options>
                     </parameter>
                  </input>
                  <binding>
                     <restSimpleBinding url="https://adwords.google.com/api/adwords/cm/v201809/CampaignService"
                                        verb="POST">
                        <httpHeaders>
                           <header name="SOAPAction">""</header>
                        </httpHeaders>
                        <body>&lt;soap:Envelope xmlns:soap="http://schemas.xmlsoap.org/soap/envelope/"&gt;
   &lt;soap:Header&gt;
      &lt;ns:RequestHeader xmlns:ns="https://adwords.google.com/api/adwords/cm/v201809"&gt;
            &lt;ns:clientCustomerId&gt;{$RequestHeader/clientCustomerId/text()}&lt;/ns:clientCustomerId&gt;
            &lt;ns:developerToken&gt;{$RequestHeader/developerToken/text()}&lt;/ns:developerToken&gt;
            &lt;ns:userAgent&gt;{$RequestHeader/userAgent/text()}&lt;/ns:userAgent&gt;
            &lt;ns:validateOnly&gt;{$RequestHeader/validateOnly/text()}&lt;/ns:validateOnly&gt;
            &lt;ns:partialFailure&gt;{$RequestHeader/partialFailure/text()}&lt;/ns:partialFailure&gt;
        &lt;/ns:RequestHeader&gt;
   &lt;/soap:Header&gt;
   &lt;soap:Body&gt;
      &lt;ns:mutate xmlns:ns="https://adwords.google.com/api/adwords/cm/v201809"&gt;
            {
                for $operations in $mutate/operations
                return
                &lt;ns:operations&gt;
                    &lt;ns:operator&gt;{$operations/operator/text()}&lt;/ns:operator&gt;
                    &lt;ns:Operation.Type&gt;{$operations/Operation.Type/text()}&lt;/ns:Operation.Type&gt;
                    &lt;ns:operand&gt;
                        &lt;ns:id&gt;{$mutate/operations/operand/id/text()}&lt;/ns:id&gt;
                        &lt;ns:campaignGroupId&gt;{$mutate/operations/operand/campaignGroupId/text()}&lt;/ns:campaignGroupId&gt;
                        &lt;ns:name&gt;{$mutate/operations/operand/name/text()}&lt;/ns:name&gt;
                        &lt;ns:status&gt;{$mutate/operations/operand/status/text()}&lt;/ns:status&gt;
                        &lt;ns:servingStatus&gt;{$mutate/operations/operand/servingStatus/text()}&lt;/ns:servingStatus&gt;
                        &lt;ns:startDate&gt;{$mutate/operations/operand/startDate/text()}&lt;/ns:startDate&gt;
                        &lt;ns:endDate&gt;{$mutate/operations/operand/endDate/text()}&lt;/ns:endDate&gt;
                        &lt;ns:budget&gt;
                            &lt;ns:budgetId&gt;{$mutate/operations/operand/budget/budgetId/text()}&lt;/ns:budgetId&gt;
                            &lt;ns:name&gt;{$mutate/operations/operand/budget/name/text()}&lt;/ns:name&gt;
                            &lt;ns:amount&gt;
                                &lt;ns:ComparableValue.Type&gt;{$mutate/operations/operand/budget/amount/ComparableValue.Type/text()}&lt;/ns:ComparableValue.Type&gt;
                                &lt;ns:microAmount&gt;{$mutate/operations/operand/budget/amount/microAmount/text()}&lt;/ns:microAmount&gt;
                            &lt;/ns:amount&gt;
                            &lt;ns:deliveryMethod&gt;{$mutate/operations/operand/budget/deliveryMethod/text()}&lt;/ns:deliveryMethod&gt;
                            &lt;ns:referenceCount&gt;{$mutate/operations/operand/budget/referenceCount/text()}&lt;/ns:referenceCount&gt;
                            &lt;ns:isExplicitlyShared&gt;{$mutate/operations/operand/budget/isExplicitlyShared/text()}&lt;/ns:isExplicitlyShared&gt;
                            &lt;ns:status&gt;{$mutate/operations/operand/budget/status/text()}&lt;/ns:status&gt;
                        &lt;/ns:budget&gt;
                        &lt;ns:conversionOptimizerEligibility&gt;
                            &lt;ns:eligible&gt;{$mutate/operations/operand/conversionOptimizerEligibility/eligible/text()}&lt;/ns:eligible&gt;
                            {
                                for $rejectionReasons in $operations/operand/conversionOptimizerEligibility/rejectionReasons
                                return
                                &lt;ns:rejectionReasons&gt;{$rejectionReasons/text()}&lt;/ns:rejectionReasons&gt;
                            }
                        &lt;/ns:conversionOptimizerEligibility&gt;
                        &lt;ns:adServingOptimizationStatus&gt;{$mutate/operations/operand/adServingOptimizationStatus/text()}&lt;/ns:adServingOptimizationStatus&gt;
                        &lt;ns:frequencyCap&gt;
                            &lt;ns:impressions&gt;{$mutate/operations/operand/frequencyCap/impressions/text()}&lt;/ns:impressions&gt;
                            &lt;ns:timeUnit&gt;{$mutate/operations/operand/frequencyCap/timeUnit/text()}&lt;/ns:timeUnit&gt;
                            &lt;ns:level&gt;{$mutate/operations/operand/frequencyCap/level/text()}&lt;/ns:level&gt;
                        &lt;/ns:frequencyCap&gt;
                        &lt;ns:advertisingChannelType&gt;{$mutate/operations/operand/advertisingChannelType/text()}&lt;/ns:advertisingChannelType&gt;
                        &lt;ns:advertisingChannelSubType&gt;{$mutate/operations/operand/advertisingChannelSubType/text()}&lt;/ns:advertisingChannelSubType&gt;
                        &lt;ns:networkSetting&gt;
                            &lt;ns:targetGoogleSearch&gt;{$mutate/operations/operand/networkSetting/targetGoogleSearch/text()}&lt;/ns:targetGoogleSearch&gt;
                            &lt;ns:targetSearchNetwork&gt;{$mutate/operations/operand/networkSetting/targetSearchNetwork/text()}&lt;/ns:targetSearchNetwork&gt;
                            &lt;ns:targetContentNetwork&gt;{$mutate/operations/operand/networkSetting/targetContentNetwork/text()}&lt;/ns:targetContentNetwork&gt;
                            &lt;ns:targetPartnerSearchNetwork&gt;{$mutate/operations/operand/networkSetting/targetPartnerSearchNetwork/text()}&lt;/ns:targetPartnerSearchNetwork&gt;
                        &lt;/ns:networkSetting&gt;
                        {
                            for $labels in $operations/operand/labels
                            return
                            &lt;ns:labels&gt;
                                &lt;ns:id&gt;{$labels/id/text()}&lt;/ns:id&gt;
                                &lt;ns:name&gt;{$labels/name/text()}&lt;/ns:name&gt;
                                &lt;ns:status&gt;{$labels/status/text()}&lt;/ns:status&gt;
                                &lt;ns:attribute&gt;
                                    &lt;ns:LabelAttribute.Type&gt;{$mutate/operations/operand/labels/attribute/LabelAttribute.Type/text()}&lt;/ns:LabelAttribute.Type&gt;
                                &lt;/ns:attribute&gt;
                                &lt;ns:Label.Type&gt;{$labels/Label.Type/text()}&lt;/ns:Label.Type&gt;
                            &lt;/ns:labels&gt;
                        }
                        &lt;ns:biddingStrategyConfiguration&gt;
                            &lt;ns:biddingStrategyId&gt;{$mutate/operations/operand/biddingStrategyConfiguration/biddingStrategyId/text()}&lt;/ns:biddingStrategyId&gt;
                            &lt;ns:biddingStrategyName&gt;{$mutate/operations/operand/biddingStrategyConfiguration/biddingStrategyName/text()}&lt;/ns:biddingStrategyName&gt;
                            &lt;ns:biddingStrategyType&gt;{$mutate/operations/operand/biddingStrategyConfiguration/biddingStrategyType/text()}&lt;/ns:biddingStrategyType&gt;
                            &lt;ns:biddingStrategySource&gt;{$mutate/operations/operand/biddingStrategyConfiguration/biddingStrategySource/text()}&lt;/ns:biddingStrategySource&gt;
                            &lt;ns:targetRoasOverride&gt;{$mutate/operations/operand/biddingStrategyConfiguration/targetRoasOverride/text()}&lt;/ns:targetRoasOverride&gt;
                        &lt;/ns:biddingStrategyConfiguration&gt;
                        &lt;ns:campaignTrialType&gt;{$mutate/operations/operand/campaignTrialType/text()}&lt;/ns:campaignTrialType&gt;
                        &lt;ns:baseCampaignId&gt;{$mutate/operations/operand/baseCampaignId/text()}&lt;/ns:baseCampaignId&gt;
                        {
                            for $forwardCompatibilityMap in $operations/operand/forwardCompatibilityMap
                            return
                            &lt;ns:forwardCompatibilityMap&gt;
                                &lt;ns:key&gt;{$forwardCompatibilityMap/key/text()}&lt;/ns:key&gt;
                                &lt;ns:value&gt;{$forwardCompatibilityMap/value/text()}&lt;/ns:value&gt;
                            &lt;/ns:forwardCompatibilityMap&gt;
                        }
                        &lt;ns:trackingUrlTemplate&gt;{$mutate/operations/operand/trackingUrlTemplate/text()}&lt;/ns:trackingUrlTemplate&gt;
                        &lt;ns:finalUrlSuffix&gt;{$mutate/operations/operand/finalUrlSuffix/text()}&lt;/ns:finalUrlSuffix&gt;
                        &lt;ns:urlCustomParameters&gt;
                            {
                                for $parameters in $operations/operand/urlCustomParameters/parameters
                                return
                                &lt;ns:parameters&gt;
                                    &lt;ns:key&gt;{$parameters/key/text()}&lt;/ns:key&gt;
                                    &lt;ns:value&gt;{$parameters/value/text()}&lt;/ns:value&gt;
                                    &lt;ns:isRemove&gt;{$parameters/isRemove/text()}&lt;/ns:isRemove&gt;
                                &lt;/ns:parameters&gt;
                            }
                            &lt;ns:doReplace&gt;{$mutate/operations/operand/urlCustomParameters/doReplace/text()}&lt;/ns:doReplace&gt;
                        &lt;/ns:urlCustomParameters&gt;
                        &lt;ns:vanityPharma&gt;
                            &lt;ns:vanityPharmaDisplayUrlMode&gt;{$mutate/operations/operand/vanityPharma/vanityPharmaDisplayUrlMode/text()}&lt;/ns:vanityPharmaDisplayUrlMode&gt;
                            &lt;ns:vanityPharmaText&gt;{$mutate/operations/operand/vanityPharma/vanityPharmaText/text()}&lt;/ns:vanityPharmaText&gt;
                        &lt;/ns:vanityPharma&gt;
                        &lt;ns:universalAppCampaignInfo&gt;
                            &lt;ns:biddingStrategyGoalType&gt;{$mutate/operations/operand/universalAppCampaignInfo/biddingStrategyGoalType/text()}&lt;/ns:biddingStrategyGoalType&gt;
                            &lt;ns:appId&gt;{$mutate/operations/operand/universalAppCampaignInfo/appId/text()}&lt;/ns:appId&gt;
                            &lt;ns:appVendor&gt;{$mutate/operations/operand/universalAppCampaignInfo/appVendor/text()}&lt;/ns:appVendor&gt;
                        &lt;/ns:universalAppCampaignInfo&gt;
                        &lt;ns:selectiveOptimization&gt;
                            {
                                for $conversionTypeIds in $operations/operand/selectiveOptimization/conversionTypeIds
                                return
                                &lt;ns:conversionTypeIds&gt;{$conversionTypeIds/text()}&lt;/ns:conversionTypeIds&gt;
                            }
                            &lt;ns:conversionTypeIdsOps&gt;
                                &lt;ns:clear&gt;{$mutate/operations/operand/selectiveOptimization/conversionTypeIdsOps/clear/text()}&lt;/ns:clear&gt;
                                {
                                    for $operators in $operations/operand/selectiveOptimization/conversionTypeIdsOps/operators
                                    return
                                    &lt;ns:operators&gt;{$operators/text()}&lt;/ns:operators&gt;
                                }
                            &lt;/ns:conversionTypeIdsOps&gt;
                        &lt;/ns:selectiveOptimization&gt;
                    &lt;/ns:operand&gt;
                &lt;/ns:operations&gt;
            }
        &lt;/ns:mutate&gt;
   &lt;/soap:Body&gt;
&lt;/soap:Envelope&gt;</body>
                     </restSimpleBinding>
                  </binding>
                  <output>
                     <field description="" name="mutateResponse" type="reference">
                        <options>
                           <option name="referenceTo">MutateResponse_AnonymousType</option>
                        </options>
                        <xquery>{util:simplifyXml(//*[local-name()='mutateResponse'])}</xquery>
                     </field>
                  </output>
               </action>
               <action category=""
                       failOnError="true"
                       forSearch="false"
                       inherits="BaseAction"
                       label="mutateLabel"
                       maxRedirects="100"
                       name="mutateLabel"
                       preemptiveAuth="true"
                       responseEncoding="">
                  <description/>
                  <inheritanceMetadata>
                     <section type="output">
                        <section type="outputFields"/>
                     </section>
                     <section type="restSimpleBinding">
                        <section type="body">
                           <attribute inherit="overwrite" name="content" type="content"/>
                        </section>
                        <section type="httpHeaders">
                           <attribute inherit="inherit" name="Content-Type" type="header"/>
                        </section>
                        <section type="otherParams"/>
                     </section>
                  </inheritanceMetadata>
                  <input>
                     <parameter name="mutateLabel"
                                required="false"
                                testWith=""
                                type="reference">
                        <options>
                           <option name="referenceTo">MutateLabel_AnonymousType</option>
                        </options>
                     </parameter>
                     <parameter name="RequestHeader"
                                required="false"
                                testWith=""
                                type="reference">
                        <options>
                           <option name="referenceTo">SoapHeader</option>
                        </options>
                     </parameter>
                  </input>
                  <binding>
                     <restSimpleBinding url="https://adwords.google.com/api/adwords/cm/v201809/CampaignService"
                                        verb="POST">
                        <httpHeaders>
                           <header name="SOAPAction">""</header>
                        </httpHeaders>
                        <body>&lt;soap:Envelope xmlns:soap="http://schemas.xmlsoap.org/soap/envelope/"&gt;
   &lt;soap:Header&gt;
      &lt;ns:RequestHeader xmlns:ns="https://adwords.google.com/api/adwords/cm/v201809"&gt;
            &lt;ns:clientCustomerId&gt;{$RequestHeader/clientCustomerId/text()}&lt;/ns:clientCustomerId&gt;
            &lt;ns:developerToken&gt;{$RequestHeader/developerToken/text()}&lt;/ns:developerToken&gt;
            &lt;ns:userAgent&gt;{$RequestHeader/userAgent/text()}&lt;/ns:userAgent&gt;
            &lt;ns:validateOnly&gt;{$RequestHeader/validateOnly/text()}&lt;/ns:validateOnly&gt;
            &lt;ns:partialFailure&gt;{$RequestHeader/partialFailure/text()}&lt;/ns:partialFailure&gt;
        &lt;/ns:RequestHeader&gt;
   &lt;/soap:Header&gt;
   &lt;soap:Body&gt;
      &lt;ns:mutateLabel xmlns:ns="https://adwords.google.com/api/adwords/cm/v201809"&gt;
            {
                for $operations in $mutateLabel/operations
                return
                &lt;ns:operations&gt;
                    &lt;ns:operator&gt;{$operations/operator/text()}&lt;/ns:operator&gt;
                    &lt;ns:Operation.Type&gt;{$operations/Operation.Type/text()}&lt;/ns:Operation.Type&gt;
                    &lt;ns:operand&gt;
                        &lt;ns:campaignId&gt;{$mutateLabel/operations/operand/campaignId/text()}&lt;/ns:campaignId&gt;
                        &lt;ns:labelId&gt;{$mutateLabel/operations/operand/labelId/text()}&lt;/ns:labelId&gt;
                    &lt;/ns:operand&gt;
                &lt;/ns:operations&gt;
            }
        &lt;/ns:mutateLabel&gt;
   &lt;/soap:Body&gt;
&lt;/soap:Envelope&gt;</body>
                     </restSimpleBinding>
                  </binding>
                  <output>
                     <field description="" name="mutateLabelResponse" type="reference">
                        <options>
                           <option name="referenceTo">MutateLabelResponse_AnonymousType</option>
                        </options>
                        <xquery>{util:simplifyXml(//*[local-name()='mutateLabelResponse'])}</xquery>
                     </field>
                  </output>
               </action>
               <action category=""
                       failOnError="true"
                       forSearch="false"
                       inherits="BaseAction"
                       label="query"
                       maxRedirects="100"
                       name="query"
                       preemptiveAuth="true"
                       responseEncoding="">
                  <description/>
                  <inheritanceMetadata>
                     <section type="output">
                        <section type="outputFields"/>
                     </section>
                     <section type="restSimpleBinding">
                        <section type="body">
                           <attribute inherit="overwrite" name="content" type="content"/>
                        </section>
                        <section type="httpHeaders">
                           <attribute inherit="inherit" name="Content-Type" type="header"/>
                        </section>
                        <section type="otherParams"/>
                     </section>
                  </inheritanceMetadata>
                  <input>
                     <parameter name="query" required="false" testWith="" type="reference">
                        <options>
                           <option name="referenceTo">Query_AnonymousType</option>
                        </options>
                     </parameter>
                     <parameter name="RequestHeader"
                                required="false"
                                testWith=""
                                type="reference">
                        <options>
                           <option name="referenceTo">SoapHeader</option>
                        </options>
                     </parameter>
                  </input>
                  <binding>
                     <restSimpleBinding url="https://adwords.google.com/api/adwords/cm/v201809/CampaignService"
                                        verb="POST">
                        <httpHeaders>
                           <header name="SOAPAction">""</header>
                        </httpHeaders>
                        <body>&lt;soap:Envelope xmlns:soap="http://schemas.xmlsoap.org/soap/envelope/"&gt;
   &lt;soap:Header&gt;
      &lt;ns:RequestHeader xmlns:ns="https://adwords.google.com/api/adwords/cm/v201809"&gt;
            &lt;ns:clientCustomerId&gt;{$RequestHeader/clientCustomerId/text()}&lt;/ns:clientCustomerId&gt;
            &lt;ns:developerToken&gt;{$RequestHeader/developerToken/text()}&lt;/ns:developerToken&gt;
            &lt;ns:userAgent&gt;{$RequestHeader/userAgent/text()}&lt;/ns:userAgent&gt;
            &lt;ns:validateOnly&gt;{$RequestHeader/validateOnly/text()}&lt;/ns:validateOnly&gt;
            &lt;ns:partialFailure&gt;{$RequestHeader/partialFailure/text()}&lt;/ns:partialFailure&gt;
        &lt;/ns:RequestHeader&gt;
   &lt;/soap:Header&gt;
   &lt;soap:Body&gt;
      &lt;ns:query xmlns:ns="https://adwords.google.com/api/adwords/cm/v201809"&gt;
            &lt;ns:query&gt;{$query/query/text()}&lt;/ns:query&gt;
        &lt;/ns:query&gt;
   &lt;/soap:Body&gt;
&lt;/soap:Envelope&gt;</body>
                     </restSimpleBinding>
                  </binding>
                  <output>
                     <field description="" name="queryResponse" type="reference">
                        <options>
                           <option name="referenceTo">QueryResponse_AnonymousType</option>
                        </options>
                        <xquery>{util:simplifyXml(//*[local-name()='queryResponse'])}</xquery>
                     </field>
                  </output>
               </action>
            </actions>
            <objects>
               <processObject xmlns="http://schemas.active-endpoints.com/appmodules/screenflow/2011/06/avosHostEnvironment.xsd"
                              isByCopy="true"
                              name="BiddingStrategyConfiguration">
                  <description/>
                  <detail>
                     <field name="biddingStrategyId" type="double"/>
                     <field name="biddingStrategyName" type="string"/>
                     <field name="biddingStrategyType" type="string"/>
                     <field name="biddingStrategySource" type="string"/>
                     <field name="targetRoasOverride" type="double"/>
                  </detail>
               </processObject>
               <processObject xmlns="http://schemas.active-endpoints.com/appmodules/screenflow/2011/06/avosHostEnvironment.xsd"
                              isByCopy="true"
                              name="Budget">
                  <description/>
                  <detail>
                     <field name="budgetId" type="double"/>
                     <field name="name" type="string"/>
                     <field name="deliveryMethod" type="string"/>
                     <field name="referenceCount" type="double"/>
                     <field name="isExplicitlyShared" type="boolean"/>
                     <field name="status" type="string"/>
                     <field name="amount" type="reference">
                        <options>
                           <option name="referenceTo">Money</option>
                           <option name="relationshipName">Child</option>
                        </options>
                     </field>
                  </detail>
               </processObject>
               <processObject xmlns="http://schemas.active-endpoints.com/appmodules/screenflow/2011/06/avosHostEnvironment.xsd"
                              isByCopy="true"
                              name="Campaign">
                  <description/>
                  <detail>
                     <field name="id" type="double"/>
                     <field name="campaignGroupId" type="double"/>
                     <field name="name" type="string"/>
                     <field name="status" type="string"/>
                     <field name="servingStatus" type="string"/>
                     <field name="startDate" type="string"/>
                     <field name="endDate" type="string"/>
                     <field name="adServingOptimizationStatus" type="string"/>
                     <field name="advertisingChannelType" type="string"/>
                     <field name="advertisingChannelSubType" type="string"/>
                     <field name="campaignTrialType" type="string"/>
                     <field name="baseCampaignId" type="double"/>
                     <field name="trackingUrlTemplate" type="string"/>
                     <field name="finalUrlSuffix" type="string"/>
                     <field name="budget" type="reference">
                        <options>
                           <option name="referenceTo">Budget</option>
                           <option name="relationshipName">Child</option>
                        </options>
                     </field>
                     <field name="conversionOptimizerEligibility" type="reference">
                        <options>
                           <option name="referenceTo">ConversionOptimizerEligibility</option>
                           <option name="relationshipName">Child</option>
                        </options>
                     </field>
                     <field name="frequencyCap" type="reference">
                        <options>
                           <option name="referenceTo">FrequencyCap</option>
                           <option name="relationshipName">Child</option>
                        </options>
                     </field>
                     <field name="networkSetting" type="reference">
                        <options>
                           <option name="referenceTo">NetworkSetting</option>
                           <option name="relationshipName">Child</option>
                        </options>
                     </field>
                     <field name="labels" type="objectlist">
                        <options>
                           <option name="referenceTo">Label</option>
                           <option name="relationshipName">Child</option>
                        </options>
                     </field>
                     <field name="biddingStrategyConfiguration" type="reference">
                        <options>
                           <option name="referenceTo">BiddingStrategyConfiguration</option>
                           <option name="relationshipName">Child</option>
                        </options>
                     </field>
                     <field name="forwardCompatibilityMap" type="objectlist">
                        <options>
                           <option name="referenceTo">String_StringMapEntry</option>
                           <option name="relationshipName">Child</option>
                        </options>
                     </field>
                     <field name="urlCustomParameters" type="reference">
                        <options>
                           <option name="referenceTo">CustomParameters</option>
                           <option name="relationshipName">Child</option>
                        </options>
                     </field>
                     <field name="vanityPharma" type="reference">
                        <options>
                           <option name="referenceTo">VanityPharma</option>
                           <option name="relationshipName">Child</option>
                        </options>
                     </field>
                     <field name="universalAppCampaignInfo" type="reference">
                        <options>
                           <option name="referenceTo">UniversalAppCampaignInfo</option>
                           <option name="relationshipName">Child</option>
                        </options>
                     </field>
                     <field name="selectiveOptimization" type="reference">
                        <options>
                           <option name="referenceTo">SelectiveOptimization</option>
                           <option name="relationshipName">Child</option>
                        </options>
                     </field>
                  </detail>
               </processObject>
               <processObject xmlns="http://schemas.active-endpoints.com/appmodules/screenflow/2011/06/avosHostEnvironment.xsd"
                              isByCopy="true"
                              name="CampaignLabel">
                  <description/>
                  <detail>
                     <field name="campaignId" type="double"/>
                     <field name="labelId" type="double"/>
                  </detail>
               </processObject>
               <processObject xmlns="http://schemas.active-endpoints.com/appmodules/screenflow/2011/06/avosHostEnvironment.xsd"
                              isByCopy="true"
                              name="CampaignLabelOperation">
                  <description/>
                  <detail>
                     <field name="operator" type="string"/>
                     <field name="Operation_Type" type="string"/>
                     <field name="operand" type="reference">
                        <options>
                           <option name="referenceTo">CampaignLabel</option>
                           <option name="relationshipName">Child</option>
                        </options>
                     </field>
                  </detail>
               </processObject>
               <processObject xmlns="http://schemas.active-endpoints.com/appmodules/screenflow/2011/06/avosHostEnvironment.xsd"
                              isByCopy="true"
                              name="CampaignLabelReturnValue">
                  <description/>
                  <detail>
                     <field name="ListReturnValue_Type" type="string"/>
                     <field name="value" type="objectlist">
                        <options>
                           <option name="referenceTo">CampaignLabel</option>
                           <option name="relationshipName">Child</option>
                        </options>
                     </field>
                  </detail>
               </processObject>
               <processObject xmlns="http://schemas.active-endpoints.com/appmodules/screenflow/2011/06/avosHostEnvironment.xsd"
                              isByCopy="true"
                              name="CampaignOperation">
                  <description/>
                  <detail>
                     <field name="operator" type="string"/>
                     <field name="Operation_Type" type="string"/>
                     <field name="operand" type="reference">
                        <options>
                           <option name="referenceTo">Campaign</option>
                           <option name="relationshipName">Child</option>
                        </options>
                     </field>
                  </detail>
               </processObject>
               <processObject xmlns="http://schemas.active-endpoints.com/appmodules/screenflow/2011/06/avosHostEnvironment.xsd"
                              isByCopy="true"
                              name="CampaignPage">
                  <description/>
                  <detail>
                     <field name="totalNumEntries" type="double"/>
                     <field name="Page_Type" type="string"/>
                     <field name="entries" type="objectlist">
                        <options>
                           <option name="referenceTo">Campaign</option>
                           <option name="relationshipName">Child</option>
                        </options>
                     </field>
                  </detail>
               </processObject>
               <processObject xmlns="http://schemas.active-endpoints.com/appmodules/screenflow/2011/06/avosHostEnvironment.xsd"
                              isByCopy="true"
                              name="CampaignReturnValue">
                  <description/>
                  <detail>
                     <field name="ListReturnValue_Type" type="string"/>
                     <field name="value" type="objectlist">
                        <options>
                           <option name="referenceTo">Campaign</option>
                           <option name="relationshipName">Child</option>
                        </options>
                     </field>
                  </detail>
               </processObject>
               <processObject xmlns="http://schemas.active-endpoints.com/appmodules/screenflow/2011/06/avosHostEnvironment.xsd"
                              isByCopy="true"
                              name="ConversionOptimizerEligibility">
                  <description/>
                  <detail>
                     <field name="eligible" type="boolean"/>
                     <field name="rejectionReasons" type="string"/>
                  </detail>
               </processObject>
               <processObject xmlns="http://schemas.active-endpoints.com/appmodules/screenflow/2011/06/avosHostEnvironment.xsd"
                              isByCopy="true"
                              name="CustomParameter">
                  <description/>
                  <detail>
                     <field name="key" type="string"/>
                     <field name="value" type="string"/>
                     <field name="isRemove" type="boolean"/>
                  </detail>
               </processObject>
               <processObject xmlns="http://schemas.active-endpoints.com/appmodules/screenflow/2011/06/avosHostEnvironment.xsd"
                              isByCopy="true"
                              name="CustomParameters">
                  <description/>
                  <detail>
                     <field name="doReplace" type="boolean"/>
                     <field name="parameters" type="objectlist">
                        <options>
                           <option name="referenceTo">CustomParameter</option>
                           <option name="relationshipName">Child</option>
                        </options>
                     </field>
                  </detail>
               </processObject>
               <processObject xmlns="http://schemas.active-endpoints.com/appmodules/screenflow/2011/06/avosHostEnvironment.xsd"
                              isByCopy="true"
                              name="DateRange">
                  <description/>
                  <detail>
                     <field name="min" type="string"/>
                     <field name="max" type="string"/>
                  </detail>
               </processObject>
               <processObject xmlns="http://schemas.active-endpoints.com/appmodules/screenflow/2011/06/avosHostEnvironment.xsd"
                              isByCopy="true"
                              name="FrequencyCap">
                  <description/>
                  <detail>
                     <field name="impressions" type="double"/>
                     <field name="timeUnit" type="string"/>
                     <field name="level" type="string"/>
                  </detail>
               </processObject>
               <processObject xmlns="http://schemas.active-endpoints.com/appmodules/screenflow/2011/06/avosHostEnvironment.xsd"
                              isByCopy="true"
                              name="GetResponse_AnonymousType">
                  <description/>
                  <detail>
                     <field name="rval" type="reference">
                        <options>
                           <option name="referenceTo">CampaignPage</option>
                           <option name="relationshipName">Child</option>
                        </options>
                     </field>
                  </detail>
               </processObject>
               <processObject xmlns="http://schemas.active-endpoints.com/appmodules/screenflow/2011/06/avosHostEnvironment.xsd"
                              isByCopy="true"
                              name="Get_AnonymousType">
                  <description/>
                  <detail>
                     <field name="serviceSelector" type="reference">
                        <options>
                           <option name="referenceTo">Selector</option>
                           <option name="relationshipName">Child</option>
                        </options>
                     </field>
                  </detail>
               </processObject>
               <processObject xmlns="http://schemas.active-endpoints.com/appmodules/screenflow/2011/06/avosHostEnvironment.xsd"
                              isByCopy="true"
                              name="Label">
                  <description/>
                  <detail>
                     <field name="id" type="double"/>
                     <field name="name" type="string"/>
                     <field name="status" type="string"/>
                     <field name="Label_Type" type="string"/>
                     <field name="attribute" type="reference">
                        <options>
                           <option name="referenceTo">LabelAttribute</option>
                           <option name="relationshipName">Child</option>
                        </options>
                     </field>
                  </detail>
               </processObject>
               <processObject xmlns="http://schemas.active-endpoints.com/appmodules/screenflow/2011/06/avosHostEnvironment.xsd"
                              isByCopy="true"
                              name="LabelAttribute">
                  <description/>
                  <detail>
                     <field name="LabelAttribute_Type" type="string"/>
                  </detail>
               </processObject>
               <processObject xmlns="http://schemas.active-endpoints.com/appmodules/screenflow/2011/06/avosHostEnvironment.xsd"
                              isByCopy="true"
                              name="ListOperations">
                  <description/>
                  <detail>
                     <field name="clear" type="boolean"/>
                     <field name="operators" type="string"/>
                  </detail>
               </processObject>
               <processObject xmlns="http://schemas.active-endpoints.com/appmodules/screenflow/2011/06/avosHostEnvironment.xsd"
                              isByCopy="true"
                              name="Money">
                  <description/>
                  <detail>
                     <field name="ComparableValue_Type" type="string"/>
                     <field name="microAmount" type="double"/>
                  </detail>
               </processObject>
               <processObject xmlns="http://schemas.active-endpoints.com/appmodules/screenflow/2011/06/avosHostEnvironment.xsd"
                              isByCopy="true"
                              name="MutateLabelResponse_AnonymousType">
                  <description/>
                  <detail>
                     <field name="rval" type="reference">
                        <options>
                           <option name="referenceTo">CampaignLabelReturnValue</option>
                           <option name="relationshipName">Child</option>
                        </options>
                     </field>
                  </detail>
               </processObject>
               <processObject xmlns="http://schemas.active-endpoints.com/appmodules/screenflow/2011/06/avosHostEnvironment.xsd"
                              isByCopy="true"
                              name="MutateLabel_AnonymousType">
                  <description/>
                  <detail>
                     <field name="operations" type="objectlist">
                        <options>
                           <option name="referenceTo">CampaignLabelOperation</option>
                           <option name="relationshipName">Child</option>
                        </options>
                     </field>
                  </detail>
               </processObject>
               <processObject xmlns="http://schemas.active-endpoints.com/appmodules/screenflow/2011/06/avosHostEnvironment.xsd"
                              isByCopy="true"
                              name="MutateResponse_AnonymousType">
                  <description/>
                  <detail>
                     <field name="rval" type="reference">
                        <options>
                           <option name="referenceTo">CampaignReturnValue</option>
                           <option name="relationshipName">Child</option>
                        </options>
                     </field>
                  </detail>
               </processObject>
               <processObject xmlns="http://schemas.active-endpoints.com/appmodules/screenflow/2011/06/avosHostEnvironment.xsd"
                              isByCopy="true"
                              name="Mutate_AnonymousType">
                  <description/>
                  <detail>
                     <field name="operations" type="objectlist">
                        <options>
                           <option name="referenceTo">CampaignOperation</option>
                           <option name="relationshipName">Child</option>
                        </options>
                     </field>
                  </detail>
               </processObject>
               <processObject xmlns="http://schemas.active-endpoints.com/appmodules/screenflow/2011/06/avosHostEnvironment.xsd"
                              isByCopy="true"
                              name="NetworkSetting">
                  <description/>
                  <detail>
                     <field name="targetGoogleSearch" type="boolean"/>
                     <field name="targetSearchNetwork" type="boolean"/>
                     <field name="targetContentNetwork" type="boolean"/>
                     <field name="targetPartnerSearchNetwork" type="boolean"/>
                  </detail>
               </processObject>
               <processObject xmlns="http://schemas.active-endpoints.com/appmodules/screenflow/2011/06/avosHostEnvironment.xsd"
                              isByCopy="true"
                              name="OrderBy">
                  <description/>
                  <detail>
                     <field name="field" type="string"/>
                     <field name="sortOrder" type="string"/>
                  </detail>
               </processObject>
               <processObject xmlns="http://schemas.active-endpoints.com/appmodules/screenflow/2011/06/avosHostEnvironment.xsd"
                              isByCopy="true"
                              name="Paging">
                  <description/>
                  <detail>
                     <field name="startIndex" type="double"/>
                     <field name="numberResults" type="double"/>
                  </detail>
               </processObject>
               <processObject xmlns="http://schemas.active-endpoints.com/appmodules/screenflow/2011/06/avosHostEnvironment.xsd"
                              isByCopy="true"
                              name="Predicate">
                  <description/>
                  <detail>
                     <field name="field" type="string"/>
                     <field name="operator" type="string"/>
                     <field name="values" type="string"/>
                  </detail>
               </processObject>
               <processObject xmlns="http://schemas.active-endpoints.com/appmodules/screenflow/2011/06/avosHostEnvironment.xsd"
                              isByCopy="true"
                              name="QueryResponse_AnonymousType">
                  <description/>
                  <detail>
                     <field name="rval" type="reference">
                        <options>
                           <option name="referenceTo">CampaignPage</option>
                           <option name="relationshipName">Child</option>
                        </options>
                     </field>
                  </detail>
               </processObject>
               <processObject xmlns="http://schemas.active-endpoints.com/appmodules/screenflow/2011/06/avosHostEnvironment.xsd"
                              isByCopy="true"
                              name="Query_AnonymousType">
                  <description/>
                  <detail>
                     <field name="query" type="string"/>
                  </detail>
               </processObject>
               <processObject xmlns="http://schemas.active-endpoints.com/appmodules/screenflow/2011/06/avosHostEnvironment.xsd"
                              isByCopy="true"
                              name="SelectiveOptimization">
                  <description/>
                  <detail>
                     <field name="conversionTypeIds" type="double"/>
                     <field name="conversionTypeIdsOps" type="reference">
                        <options>
                           <option name="referenceTo">ListOperations</option>
                           <option name="relationshipName">Child</option>
                        </options>
                     </field>
                  </detail>
               </processObject>
               <processObject xmlns="http://schemas.active-endpoints.com/appmodules/screenflow/2011/06/avosHostEnvironment.xsd"
                              isByCopy="true"
                              name="Selector">
                  <description/>
                  <detail>
                     <field name="fields" type="string"/>
                     <field name="predicates" type="objectlist">
                        <options>
                           <option name="referenceTo">Predicate</option>
                           <option name="relationshipName">Child</option>
                        </options>
                     </field>
                     <field name="dateRange" type="reference">
                        <options>
                           <option name="referenceTo">DateRange</option>
                           <option name="relationshipName">Child</option>
                        </options>
                     </field>
                     <field name="ordering" type="objectlist">
                        <options>
                           <option name="referenceTo">OrderBy</option>
                           <option name="relationshipName">Child</option>
                        </options>
                     </field>
                     <field name="paging" type="reference">
                        <options>
                           <option name="referenceTo">Paging</option>
                           <option name="relationshipName">Child</option>
                        </options>
                     </field>
                  </detail>
               </processObject>
               <processObject xmlns="http://schemas.active-endpoints.com/appmodules/screenflow/2011/06/avosHostEnvironment.xsd"
                              isByCopy="true"
                              name="SoapHeader">
                  <description/>
                  <detail>
                     <field name="clientCustomerId" type="string"/>
                     <field name="developerToken" type="string"/>
                     <field name="userAgent" type="string"/>
                     <field name="validateOnly" type="boolean"/>
                     <field name="partialFailure" type="boolean"/>
                  </detail>
               </processObject>
               <processObject xmlns="http://schemas.active-endpoints.com/appmodules/screenflow/2011/06/avosHostEnvironment.xsd"
                              isByCopy="true"
                              name="String_StringMapEntry">
                  <description/>
                  <detail>
                     <field name="key" type="string"/>
                     <field name="value" type="string"/>
                  </detail>
               </processObject>
               <processObject xmlns="http://schemas.active-endpoints.com/appmodules/screenflow/2011/06/avosHostEnvironment.xsd"
                              isByCopy="true"
                              name="UniversalAppCampaignInfo">
                  <description/>
                  <detail>
                     <field name="biddingStrategyGoalType" type="string"/>
                     <field name="appId" type="string"/>
                     <field name="appVendor" type="string"/>
                  </detail>
               </processObject>
               <processObject xmlns="http://schemas.active-endpoints.com/appmodules/screenflow/2011/06/avosHostEnvironment.xsd"
                              isByCopy="true"
                              name="VanityPharma">
                  <description/>
                  <detail>
                     <field name="vanityPharmaDisplayUrlMode" type="string"/>
                     <field name="vanityPharmaText" type="string"/>
                  </detail>
               </processObject>
            </objects>
         </businessConnector>
      </types1:Entry>
      <types1:GUID>2MBgkqCj57DboQwGP08OEU</types1:GUID>
      <types1:DisplayName>Google AdWords API v201809</types1:DisplayName>
   </types1:Item>
   <types1:CurrentServerDateTime>2019-08-06T10:57:12.614Z</types1:CurrentServerDateTime>
</aetgt:getResponse>
