<aetgt:getResponse xmlns:aetgt="http://schemas.active-endpoints.com/appmodules/repository/2010/10/avrepository.xsd"
                   xmlns:types1="http://schemas.active-endpoints.com/appmodules/repository/2010/10/avrepository.xsd">
   <types1:Item>
      <types1:EntryId>upnMUvIw8jIw8jI-gt-4125730-2019-12-27T06:46:08.335Z::svc.xml</types1:EntryId>
      <types1:Name>Okta_Admin_Roles_REST_API_v1</types1:Name>
      <types1:MimeType>application/xml+businesssconnector</types1:MimeType>
      <types1:Description>Lists, assigns, and revokes administrative roles for a user</types1:Description>
      <types1:AppliesTo/>
      <types1:Tags/>
      <types1:VersionLabel>1.0</types1:VersionLabel>
      <types1:State>CURRENT</types1:State>
      <types1:ProcessGroup/>
      <types1:CreatedBy>sorabh@na1.dm-us.org</types1:CreatedBy>
      <types1:CreationDate>2019-12-27T06:46:08Z</types1:CreationDate>
      <types1:ModifiedBy/>
      <types1:PublicationStatus>published</types1:PublicationStatus>
      <types1:PublishedBy>sorabh@na1.dm-us.org</types1:PublishedBy>
      <types1:PublicationDate>2019-12-27T06:46:49Z</types1:PublicationDate>
      <types1:PublishedContributionId>project:/rt.connector/Okta_Admin_Roles_REST_API_v1/Okta_Admin_Roles_REST_API_v1_svcDef.xml</types1:PublishedContributionId>
      <types1:AutosaveExists>false</types1:AutosaveExists>
      <types1:Entry>
         <businessConnector xmlns="http://schemas.informatica.com/socrates/data-services/2014/05/business-connector-model.xsd"
                            agentOnly="false"
                            debug="false"
                            displayName="Okta Admin Roles REST API v1"
                            label=""
                            name="Okta_Admin_Roles_REST_API_v1"
                            uuid="f4900b45-0a5d-4a8f-8992-7e743f4ed398">
            <description>Lists, assigns, and revokes administrative roles for a user</description>
            <tags/>
            <connectionAttributes xmlns="http://schemas.informatica.com/appmodules/screenflow/2014/04/avosConnectors.xsd">
               <connectionAttribute description="Host Name"
                                    masked="false"
                                    name="hostName"
                                    required="true"
                                    testWith="example.com"
                                    type="string"/>
            </connectionAttributes>
            <actions>
               <action category="Misc"
                       failOnError="true"
                       forSearch="false"
                       label="AssignRoletoUser"
                       maxRedirects="100"
                       name="AssignRoletoUser"
                       preemptiveAuth="true"
                       responseEncoding="">
                  <description>Assign Role to User. TODO: Add Description</description>
                  <input>
                     <parameter label="Accept"
                                name="Accept"
                                nogen="true"
                                required="true"
                                testWith=""
                                type="string"/>
                     <parameter label="Content-Type"
                                name="Content-Type"
                                nogen="true"
                                required="true"
                                testWith=""
                                type="string"/>
                     <parameter label="Authorization"
                                name="Authorization"
                                nogen="true"
                                required="true"
                                testWith=""
                                type="string"/>
                     <parameter label="Body"
                                name="Body"
                                required="true"
                                testWith=""
                                type="reference">
                        <options>
                           <option name="referenceTo">AssignRoletoUserRequest</option>
                        </options>
                     </parameter>
                  </input>
                  <binding>
                     <restSimpleBinding multiUsing="semicolonSeparated"
                                        url="http://{$hostName}/api/v1/users/DefaultParameterValue/roles"
                                        verb="POST">
                        <httpHeaders>
                           <header name="Accept">{$Accept}</header>
                           <header name="Content-Type">{$Content-Type}</header>
                           <header name="Authorization">{$Authorization}</header>
                        </httpHeaders>
                        <body generateUsing="UnwrappedJSON" preserveJsonStringFormatting="false"/>
                     </restSimpleBinding>
                  </binding>
                  <output/>
               </action>
               <action category="Misc"
                       failOnError="true"
                       forSearch="false"
                       label="ListRolesAssignedtoUser"
                       maxRedirects="100"
                       name="ListRolesAssignedtoUser"
                       preemptiveAuth="true"
                       responseEncoding="">
                  <description>List Roles Assigned to User. TODO: Add Description</description>
                  <input>
                     <parameter label="Accept"
                                name="Accept"
                                nogen="true"
                                required="true"
                                testWith=""
                                type="string"/>
                     <parameter label="Content-Type"
                                name="Content-Type"
                                nogen="true"
                                required="true"
                                testWith=""
                                type="string"/>
                     <parameter label="Authorization"
                                name="Authorization"
                                nogen="true"
                                required="true"
                                testWith=""
                                type="string"/>
                  </input>
                  <binding>
                     <restSimpleBinding multiUsing="semicolonSeparated"
                                        url="http://{$hostName}/api/v1/users/DefaultParameterValue/roles"
                                        verb="GET">
                        <httpHeaders>
                           <header name="Accept">{$Accept}</header>
                           <header name="Content-Type">{$Content-Type}</header>
                           <header name="Authorization">{$Authorization}</header>
                        </httpHeaders>
                     </restSimpleBinding>
                  </binding>
                  <output/>
               </action>
               <action category="Misc"
                       failOnError="true"
                       forSearch="false"
                       label="RemoveAppTargetfromAppAdminRole"
                       maxRedirects="100"
                       name="RemoveAppTargetfromAppAdminRole"
                       preemptiveAuth="true"
                       responseEncoding="">
                  <description>Remove App Target from App Admin Role. TODO: Add Description</description>
                  <input>
                     <parameter label="Accept"
                                name="Accept"
                                nogen="true"
                                required="true"
                                testWith=""
                                type="string"/>
                     <parameter label="Content-Type"
                                name="Content-Type"
                                nogen="true"
                                required="true"
                                testWith=""
                                type="string"/>
                     <parameter label="Authorization"
                                name="Authorization"
                                nogen="true"
                                required="true"
                                testWith=""
                                type="string"/>
                     <parameter label="roleIdPathParam"
                                name="roleIdPathParam"
                                nogen="true"
                                required="true"
                                testWith=""
                                type="string"/>
                     <parameter label="appNamePathParam"
                                name="appNamePathParam"
                                nogen="true"
                                required="true"
                                testWith=""
                                type="string"/>
                  </input>
                  <binding>
                     <restSimpleBinding multiUsing="semicolonSeparated"
                                        url="http://{$hostName}/api/v1/users/DefaultParameterValue/roles/{$roleIdPathParam}/targets/catalog/apps/{$appNamePathParam}"
                                        verb="DELETE">
                        <httpHeaders>
                           <header name="Accept">{$Accept}</header>
                           <header name="Content-Type">{$Content-Type}</header>
                           <header name="Authorization">{$Authorization}</header>
                        </httpHeaders>
                     </restSimpleBinding>
                  </binding>
                  <output/>
               </action>
               <action category="Misc"
                       failOnError="true"
                       forSearch="false"
                       label="AddAppTargetforAppAdminRole"
                       maxRedirects="100"
                       name="AddAppTargetforAppAdminRole"
                       preemptiveAuth="true"
                       responseEncoding="">
                  <description>Add App Target for App Admin Role. TODO: Add Description</description>
                  <input>
                     <parameter label="Accept"
                                name="Accept"
                                nogen="true"
                                required="true"
                                testWith=""
                                type="string"/>
                     <parameter label="Content-Type"
                                name="Content-Type"
                                nogen="true"
                                required="true"
                                testWith=""
                                type="string"/>
                     <parameter label="Authorization"
                                name="Authorization"
                                nogen="true"
                                required="true"
                                testWith=""
                                type="string"/>
                     <parameter label="roleIdPathParam"
                                name="roleIdPathParam"
                                nogen="true"
                                required="true"
                                testWith=""
                                type="string"/>
                     <parameter label="appNamePathParam"
                                name="appNamePathParam"
                                nogen="true"
                                required="true"
                                testWith=""
                                type="string"/>
                  </input>
                  <binding>
                     <restSimpleBinding multiUsing="semicolonSeparated"
                                        url="http://{$hostName}/api/v1/users/DefaultParameterValue/roles/{$roleIdPathParam}/targets/catalog/apps/{$appNamePathParam}"
                                        verb="PUT">
                        <httpHeaders>
                           <header name="Accept">{$Accept}</header>
                           <header name="Content-Type">{$Content-Type}</header>
                           <header name="Authorization">{$Authorization}</header>
                        </httpHeaders>
                        <body generateUsing="UnwrappedJSON" preserveJsonStringFormatting="false"/>
                     </restSimpleBinding>
                  </binding>
                  <output/>
               </action>
               <action category="Misc"
                       failOnError="true"
                       forSearch="false"
                       label="ListGroupTargetsforGroupAdminRole"
                       maxRedirects="100"
                       name="ListGroupTargetsforGroupAdminRole"
                       preemptiveAuth="true"
                       responseEncoding="">
                  <description>List Group Targets for Group Admin Role. TODO: Add Description</description>
                  <input>
                     <parameter label="Accept"
                                name="Accept"
                                nogen="true"
                                required="true"
                                testWith=""
                                type="string"/>
                     <parameter label="Content-Type"
                                name="Content-Type"
                                nogen="true"
                                required="true"
                                testWith=""
                                type="string"/>
                     <parameter label="Authorization"
                                name="Authorization"
                                nogen="true"
                                required="true"
                                testWith=""
                                type="string"/>
                     <parameter label="roleIdPathParam"
                                name="roleIdPathParam"
                                nogen="true"
                                required="true"
                                testWith=""
                                type="string"/>
                  </input>
                  <binding>
                     <restSimpleBinding multiUsing="semicolonSeparated"
                                        url="http://{$hostName}/api/v1/users/DefaultParameterValue/roles/{$roleIdPathParam}/targets/groups"
                                        verb="GET">
                        <httpHeaders>
                           <header name="Accept">{$Accept}</header>
                           <header name="Content-Type">{$Content-Type}</header>
                           <header name="Authorization">{$Authorization}</header>
                        </httpHeaders>
                     </restSimpleBinding>
                  </binding>
                  <output/>
               </action>
               <action category="Misc"
                       failOnError="true"
                       forSearch="false"
                       label="UnassignRolefromUser"
                       maxRedirects="100"
                       name="UnassignRolefromUser"
                       preemptiveAuth="true"
                       responseEncoding="">
                  <description>Unassign Role from User. TODO: Add Description</description>
                  <input>
                     <parameter label="Accept"
                                name="Accept"
                                nogen="true"
                                required="true"
                                testWith=""
                                type="string"/>
                     <parameter label="Content-Type"
                                name="Content-Type"
                                nogen="true"
                                required="true"
                                testWith=""
                                type="string"/>
                     <parameter label="Authorization"
                                name="Authorization"
                                nogen="true"
                                required="true"
                                testWith=""
                                type="string"/>
                     <parameter label="roleIdPathParam"
                                name="roleIdPathParam"
                                nogen="true"
                                required="true"
                                testWith=""
                                type="string"/>
                  </input>
                  <binding>
                     <restSimpleBinding multiUsing="semicolonSeparated"
                                        url="http://{$hostName}/api/v1/users/DefaultParameterValue/roles/{$roleIdPathParam}"
                                        verb="DELETE">
                        <httpHeaders>
                           <header name="Accept">{$Accept}</header>
                           <header name="Content-Type">{$Content-Type}</header>
                           <header name="Authorization">{$Authorization}</header>
                        </httpHeaders>
                     </restSimpleBinding>
                  </binding>
                  <output/>
               </action>
               <action category="Misc"
                       failOnError="true"
                       forSearch="false"
                       label="ListAppTargetsforAppAdminRole"
                       maxRedirects="100"
                       name="ListAppTargetsforAppAdminRole"
                       preemptiveAuth="true"
                       responseEncoding="">
                  <description>List App Targets for App Admin Role. TODO: Add Description</description>
                  <input>
                     <parameter label="Accept"
                                name="Accept"
                                nogen="true"
                                required="true"
                                testWith=""
                                type="string"/>
                     <parameter label="Content-Type"
                                name="Content-Type"
                                nogen="true"
                                required="true"
                                testWith=""
                                type="string"/>
                     <parameter label="Authorization"
                                name="Authorization"
                                nogen="true"
                                required="true"
                                testWith=""
                                type="string"/>
                     <parameter label="roleIdPathParam"
                                name="roleIdPathParam"
                                nogen="true"
                                required="true"
                                testWith=""
                                type="string"/>
                  </input>
                  <binding>
                     <restSimpleBinding multiUsing="semicolonSeparated"
                                        url="http://{$hostName}/api/v1/users/DefaultParameterValue/roles/{$roleIdPathParam}/targets/catalog/apps"
                                        verb="GET">
                        <httpHeaders>
                           <header name="Accept">{$Accept}</header>
                           <header name="Content-Type">{$Content-Type}</header>
                           <header name="Authorization">{$Authorization}</header>
                        </httpHeaders>
                     </restSimpleBinding>
                  </binding>
                  <output/>
               </action>
               <action category="Misc"
                       failOnError="true"
                       forSearch="false"
                       label="RemoveGroupTargetfromGroupAdminRole"
                       maxRedirects="100"
                       name="RemoveGroupTargetfromGroupAdminRole"
                       preemptiveAuth="true"
                       responseEncoding="">
                  <description>Remove Group Target from Group Admin Role. TODO: Add Description</description>
                  <input>
                     <parameter label="Accept"
                                name="Accept"
                                nogen="true"
                                required="true"
                                testWith=""
                                type="string"/>
                     <parameter label="Content-Type"
                                name="Content-Type"
                                nogen="true"
                                required="true"
                                testWith=""
                                type="string"/>
                     <parameter label="Authorization"
                                name="Authorization"
                                nogen="true"
                                required="true"
                                testWith=""
                                type="string"/>
                     <parameter label="roleIdPathParam"
                                name="roleIdPathParam"
                                nogen="true"
                                required="true"
                                testWith=""
                                type="string"/>
                     <parameter label="groupIdPathParam"
                                name="groupIdPathParam"
                                nogen="true"
                                required="true"
                                testWith=""
                                type="string"/>
                  </input>
                  <binding>
                     <restSimpleBinding multiUsing="semicolonSeparated"
                                        url="http://{$hostName}/api/v1/users/DefaultParameterValue/roles/{$roleIdPathParam}/targets/groups/{$groupIdPathParam}"
                                        verb="DELETE">
                        <httpHeaders>
                           <header name="Accept">{$Accept}</header>
                           <header name="Content-Type">{$Content-Type}</header>
                           <header name="Authorization">{$Authorization}</header>
                        </httpHeaders>
                     </restSimpleBinding>
                  </binding>
                  <output/>
               </action>
               <action category="Misc"
                       failOnError="true"
                       forSearch="false"
                       label="AddGroupTargettoGroupAdminRole"
                       maxRedirects="100"
                       name="AddGroupTargettoGroupAdminRole"
                       preemptiveAuth="true"
                       responseEncoding="">
                  <description>Add Group Target to Group Admin Role. TODO: Add Description</description>
                  <input>
                     <parameter label="Accept"
                                name="Accept"
                                nogen="true"
                                required="true"
                                testWith=""
                                type="string"/>
                     <parameter label="Content-Type"
                                name="Content-Type"
                                nogen="true"
                                required="true"
                                testWith=""
                                type="string"/>
                     <parameter label="Authorization"
                                name="Authorization"
                                nogen="true"
                                required="true"
                                testWith=""
                                type="string"/>
                     <parameter label="roleIdPathParam"
                                name="roleIdPathParam"
                                nogen="true"
                                required="true"
                                testWith=""
                                type="string"/>
                     <parameter label="groupIdPathParam"
                                name="groupIdPathParam"
                                nogen="true"
                                required="true"
                                testWith=""
                                type="string"/>
                  </input>
                  <binding>
                     <restSimpleBinding multiUsing="semicolonSeparated"
                                        url="http://{$hostName}/api/v1/users/DefaultParameterValue/roles/{$roleIdPathParam}/targets/groups/{$groupIdPathParam}"
                                        verb="PUT">
                        <httpHeaders>
                           <header name="Accept">{$Accept}</header>
                           <header name="Content-Type">{$Content-Type}</header>
                           <header name="Authorization">{$Authorization}</header>
                        </httpHeaders>
                        <body generateUsing="UnwrappedJSON" preserveJsonStringFormatting="false"/>
                     </restSimpleBinding>
                  </binding>
                  <output/>
               </action>
            </actions>
            <objects>
               <processObject xmlns="http://schemas.active-endpoints.com/appmodules/screenflow/2011/06/avosHostEnvironment.xsd"
                              isByCopy="true"
                              name="AssignRoletoUserRequest">
                  <description/>
                  <detail>
                     <field name="type" type="string"/>
                  </detail>
               </processObject>
               <processObject xmlns="http://schemas.active-endpoints.com/appmodules/screenflow/2011/06/avosHostEnvironment.xsd"
                              isByCopy="true"
                              name="string">
                  <description/>
                  <detail>
                     <field name="string" type="string"/>
                  </detail>
               </processObject>
               <processObject xmlns="http://schemas.active-endpoints.com/appmodules/screenflow/2011/06/avosHostEnvironment.xsd"
                              isByCopy="true"
                              name="boolean">
                  <description/>
                  <detail>
                     <field name="boolean" type="boolean"/>
                  </detail>
               </processObject>
               <processObject xmlns="http://schemas.active-endpoints.com/appmodules/screenflow/2011/06/avosHostEnvironment.xsd"
                              isByCopy="true"
                              name="double">
                  <description/>
                  <detail>
                     <field name="double" type="double"/>
                  </detail>
               </processObject>
               <processObject xmlns="http://schemas.active-endpoints.com/appmodules/screenflow/2011/06/avosHostEnvironment.xsd"
                              isByCopy="true"
                              name="integer">
                  <description/>
                  <detail>
                     <field name="integer" type="int"/>
                  </detail>
               </processObject>
            </objects>
         </businessConnector>
      </types1:Entry>
      <types1:GUID>06IdBB7gHyHb7ZSsXi9uuP</types1:GUID>
      <types1:DisplayName>Okta Admin Roles REST API v1</types1:DisplayName>
   </types1:Item>
   <types1:CurrentServerDateTime>2019-12-27T06:47:18.897Z</types1:CurrentServerDateTime>
</aetgt:getResponse>
