{
   "exportedObjects": [
      {
         "objectGuid": "almpU5d486xjg3tXw87BET",
         "objectName": "Shared assets",
         "objectType": "Project",
         "path": "/Explore",
         "metadata": {
            "additionalInfo": {
               "contentType": "Binary",
               "description": "This Project contains shared assets",
               "documentState": "COMPLETE"
            },
            "contextAttributes": [],
            "modelVersion": {
               "major": 0,
               "minor": 0
            },
            "objectRefs": [],
            "repoInfo": null
         }
      },
      {
         "objectGuid": "00m3cKr9AGOjGY55vZSASH",
         "objectName": "Service Connectors",
         "objectType": "Folder",
         "path": "/Explore/Shared assets",
         "metadata": {
            "additionalInfo": {
               "contentType": "Binary",
               "description": "",
               "documentState": "COMPLETE"
            },
            "contextAttributes": [],
            "modelVersion": {
               "major": 0,
               "minor": 0
            },
            "objectRefs": [],
            "repoInfo": null
         }
      },
      {
         "objectGuid": "1jE7xK0YymZlhZBXOyfd4D",
         "objectName": "Oracle Eloqua Marketing Cloud Service Microsites API v1",
         "objectType": "AI_SERVICE_CONNECTOR",
         "path": "/Explore/Shared assets/Service Connectors",
         "metadata": {
            "additionalInfo": {
               "contentType": "application/json; charset=utf-8",
               "description": "A microsite is a miniature website, often dedicated to a specific campaign, product, or keyword. The purpose is to give a visitor (whether channeled through your website, social media assets, emails, SMS, or other channels) precise information that they can use to better understand your products and services or to make a buying decision. There are three types of microsites: basic, secure and authenticated. Each landing page you create in Eloqua must have an associated microsite.\n\n\u003ca href='https://docs.oracle.com/cloud/latest/marketingcs_gs/OMCAA/index.html#CSHID=Microsites'\u003eLearn more about microsites\u003c/a\u003e.",
               "documentState": "VALID"
            },
            "contextAttributes": null,
            "modelVersion": {
               "major": 1,
               "minor": 0
            },
            "objectRefs": [],
            "repoInfo": {
               "repoHandle": "SCT53nQciSrZMSP-gt-1051485-2019-02-19T05:44:20.717Z::svc.xml"
            }
         }
      }
   ]
}