<aetgt:getResponse xmlns:aetgt="http://schemas.active-endpoints.com/appmodules/repository/2010/10/avrepository.xsd"
                   xmlns:types1="http://schemas.active-endpoints.com/appmodules/repository/2010/10/avrepository.xsd">
   <types1:Item>
      <types1:EntryId>bds8NTYglxbdypK-gt-3240724-2019-01-24T00:42:22.023Z::svc.xml</types1:EntryId>
      <types1:Name>Concur_Suppliers_API_v3</types1:Name>
      <types1:MimeType>application/xml+businesssconnector</types1:MimeType>
      <types1:Description>TripLink supplier information.</types1:Description>
      <types1:AppliesTo/>
      <types1:Tags/>
      <types1:VersionLabel>1.0</types1:VersionLabel>
      <types1:State>CURRENT</types1:State>
      <types1:ProcessGroup/>
      <types1:CreatedBy>sorabh@na1.dm-us.org</types1:CreatedBy>
      <types1:CreationDate>2019-01-24T00:42:22Z</types1:CreationDate>
      <types1:ModifiedBy/>
      <types1:PublicationStatus>published</types1:PublicationStatus>
      <types1:PublishedBy>sorabh@na1.dm-us.org</types1:PublishedBy>
      <types1:PublicationDate>2019-01-24T00:42:43Z</types1:PublicationDate>
      <types1:PublishedContributionId>project:/rt.connector/Concur_Suppliers_API_v3/Concur_Suppliers_API_v3_svcDef.xml</types1:PublishedContributionId>
      <types1:AutosaveExists>false</types1:AutosaveExists>
      <types1:Entry>
         <businessConnector xmlns="http://schemas.informatica.com/socrates/data-services/2014/05/business-connector-model.xsd"
                            agentOnly="false"
                            debug="false"
                            displayName="Concur Suppliers API v3"
                            label=""
                            name="Concur_Suppliers_API_v3"
                            uuid="32a2bf15-878f-417a-b1ac-acdb0f30dd1c">
            <description>TripLink supplier information.</description>
            <tags/>
            <connectionAttributes xmlns="http://schemas.informatica.com/appmodules/screenflow/2014/04/avosConnectors.xsd">
               <connectionAttribute description="Host Name"
                                    masked="false"
                                    name="hostName"
                                    required="true"
                                    testWith="www.concursolutions.com"
                                    type="string"/>
            </connectionAttributes>
            <actions>
               <action category="Resources"
                       failOnError="true"
                       forSearch="false"
                       label="GET_common_suppliers_id_"
                       maxRedirects="100"
                       name="GET_common_suppliers_id_"
                       preemptiveAuth="true"
                       responseEncoding="">
                  <description>Get a single Supplier by ID. Returns a single Supplier ID</description>
                  <input>
                     <parameter description="Supplier Id"
                                label="idPathParam"
                                name="idPathParam"
                                nogen="true"
                                required="true"
                                testWith=""
                                type="string"/>
                  </input>
                  <binding>
                     <restSimpleBinding multiUsing="semicolonSeparated"
                                        url="https://{$hostName}/api/v3.0/common/suppliers/{$idPathParam}"
                                        verb="GET">
                        <httpHeaders>
                           <header name="Content-Type">application/json</header>
                           <header name="Accept">application/json</header>
                        </httpHeaders>
                     </restSimpleBinding>
                  </binding>
                  <output>
                     <field description="Success"
                            entireResponse="true"
                            name="SupplierSingle"
                            type="reference">
                        <options>
                           <option name="referenceTo">SupplierSingle</option>
                        </options>
                     </field>
                  </output>
               </action>
               <action category="Resources"
                       failOnError="true"
                       forSearch="false"
                       label="GET_common_suppliers"
                       maxRedirects="100"
                       name="GET_common_suppliers"
                       preemptiveAuth="true"
                       responseEncoding="">
                  <description>Gets All Suppliers by Search Criteria. Returns all Suppliers based on the search criteria.</description>
                  <input>
                     <parameter description="Name"
                                label="name"
                                name="name"
                                required="false"
                                testWith=""
                                type="string"/>
                     <parameter description="Address"
                                label="address"
                                name="address"
                                required="false"
                                testWith=""
                                type="string"/>
                     <parameter description="Address"
                                label="address2"
                                name="address2"
                                required="false"
                                testWith=""
                                type="string"/>
                     <parameter description="City"
                                label="city"
                                name="city"
                                required="false"
                                testWith=""
                                type="string"/>
                     <parameter description="State"
                                label="state"
                                name="state"
                                required="false"
                                testWith=""
                                type="string"/>
                     <parameter description="Zip"
                                label="zip"
                                name="zip"
                                required="false"
                                testWith=""
                                type="string"/>
                     <parameter description="Country Code"
                                label="country"
                                name="country"
                                required="false"
                                testWith=""
                                type="string"/>
                     <parameter description="Phone"
                                label="phone"
                                name="phone"
                                required="false"
                                testWith=""
                                type="string"/>
                     <parameter description="MCC Code (Ex: Delta Airline - 3058)"
                                label="mcCode"
                                name="mcCode"
                                required="false"
                                testWith=""
                                type="string"/>
                     <parameter description="Tax Id"
                                label="taxId"
                                name="taxId"
                                required="false"
                                testWith=""
                                type="string"/>
                     <parameter description="Merchant Type Code(Ex: Visa - VI, Amex - AX) "
                                label="merchantType"
                                name="merchantType"
                                required="false"
                                testWith=""
                                type="string"/>
                     <parameter description="Merchant Id"
                                label="merchantID"
                                name="merchantID"
                                required="false"
                                testWith=""
                                type="string"/>
                     <parameter description="IATA Code"
                                label="iataCode"
                                name="iataCode"
                                required="false"
                                testWith=""
                                type="string"/>
                     <parameter description="Relevance of the Search results"
                                label="relevance"
                                name="relevance"
                                required="false"
                                testWith=""
                                type="int"/>
                  </input>
                  <binding>
                     <restSimpleBinding multiUsing="semicolonSeparated"
                                        url="https://{$hostName}/api/v3.0/common/suppliers"
                                        verb="GET">
                        <httpHeaders>
                           <header name="Content-Type">application/json</header>
                           <header name="Accept">application/json</header>
                        </httpHeaders>
                     </restSimpleBinding>
                  </binding>
                  <output>
                     <field description="Success"
                            entireResponse="true"
                            name="SupplierCollection"
                            type="reference">
                        <options>
                           <option name="referenceTo">SupplierCollection</option>
                        </options>
                     </field>
                  </output>
               </action>
            </actions>
            <objects>
               <processObject xmlns="http://schemas.active-endpoints.com/appmodules/screenflow/2011/06/avosHostEnvironment.xsd"
                              isByCopy="true"
                              name="SupplierGet">
                  <description/>
                  <detail>
                     <field name="StreetAddress" type="string"/>
                     <field name="BusinessName" type="string"/>
                     <field name="State" type="string"/>
                     <field name="PostalCode" type="string"/>
                     <field name="City" type="string"/>
                     <field name="ID" type="string"/>
                     <field name="CountryCode" type="string"/>
                     <field name="URI" type="string"/>
                     <field name="StreetAddress2" type="string"/>
                  </detail>
               </processObject>
               <processObject xmlns="http://schemas.active-endpoints.com/appmodules/screenflow/2011/06/avosHostEnvironment.xsd"
                              isByCopy="true"
                              name="SupplierCollection">
                  <description/>
                  <detail>
                     <field name="Items" type="reference">
                        <options>
                           <option name="referenceTo">SupplierGet</option>
                           <option name="relationshipName">Child</option>
                        </options>
                     </field>
                     <field name="NextPage" type="string"/>
                  </detail>
               </processObject>
               <processObject xmlns="http://schemas.active-endpoints.com/appmodules/screenflow/2011/06/avosHostEnvironment.xsd"
                              isByCopy="true"
                              name="SupplierSingle">
                  <description/>
                  <detail>
                     <field name="SecondarySic" type="string"/>
                     <field name="AustinTetra" type="string"/>
                     <field name="Email" type="string"/>
                     <field name="GalileoId" type="string"/>
                     <field name="AmadeusId" type="string"/>
                     <field name="PostalCode" type="string"/>
                     <field name="CreditCardVendorId" type="string"/>
                     <field name="TaxId" type="string"/>
                     <field name="URI" type="string"/>
                     <field name="StreetAddress2" type="string"/>
                     <field name="PegasusId" type="string"/>
                     <field name="ChainCode" type="string"/>
                     <field name="Phone" type="string"/>
                     <field name="SecondaryNaics" type="string"/>
                     <field name="ID" type="string"/>
                     <field name="CountryCode" type="string"/>
                     <field name="PrimarySic" type="string"/>
                     <field name="BusinessName" type="string"/>
                     <field name="SabreId" type="string"/>
                     <field name="WebUrl" type="string"/>
                     <field name="City" type="string"/>
                     <field name="DunsNumber" type="string"/>
                     <field name="NorthstarId" type="string"/>
                     <field name="PrimaryNaics" type="string"/>
                     <field name="StreetAddress" type="string"/>
                     <field name="TollFree" type="string"/>
                     <field name="ChainName" type="string"/>
                     <field name="State" type="string"/>
                     <field name="MccCode" type="string"/>
                     <field name="WorldspanId" type="string"/>
                     <field name="Fax" type="string"/>
                     <field name="PropertyCode" type="string"/>
                  </detail>
               </processObject>
               <processObject xmlns="http://schemas.active-endpoints.com/appmodules/screenflow/2011/06/avosHostEnvironment.xsd"
                              isByCopy="true"
                              name="string">
                  <description/>
                  <detail>
                     <field name="string" type="string"/>
                  </detail>
               </processObject>
               <processObject xmlns="http://schemas.active-endpoints.com/appmodules/screenflow/2011/06/avosHostEnvironment.xsd"
                              isByCopy="true"
                              name="boolean">
                  <description/>
                  <detail>
                     <field name="boolean" type="boolean"/>
                  </detail>
               </processObject>
               <processObject xmlns="http://schemas.active-endpoints.com/appmodules/screenflow/2011/06/avosHostEnvironment.xsd"
                              isByCopy="true"
                              name="double">
                  <description/>
                  <detail>
                     <field name="double" type="double"/>
                  </detail>
               </processObject>
               <processObject xmlns="http://schemas.active-endpoints.com/appmodules/screenflow/2011/06/avosHostEnvironment.xsd"
                              isByCopy="true"
                              name="integer">
                  <description/>
                  <detail>
                     <field name="integer" type="int"/>
                  </detail>
               </processObject>
            </objects>
         </businessConnector>
      </types1:Entry>
      <types1:GUID>h5tR4cBVfW9kZUvdP9zoI1</types1:GUID>
      <types1:DisplayName>Concur Suppliers API v3</types1:DisplayName>
   </types1:Item>
   <types1:CurrentServerDateTime>2019-02-22T09:42:47.831Z</types1:CurrentServerDateTime>
</aetgt:getResponse>
