<aetgt:getResponse xmlns:aetgt="http://schemas.active-endpoints.com/appmodules/repository/2010/10/avrepository.xsd"
                   xmlns:types1="http://schemas.active-endpoints.com/appmodules/repository/2010/10/avrepository.xsd">
   <types1:Item>
      <types1:EntryId>MBu8zbgdwUiQLnz-gt-4040048-2019-01-28T10:11:54.628Z::svc.xml</types1:EntryId>
      <types1:Name>Expedia_Deposit_API_v1</types1:Name>
      <types1:MimeType>application/xml+businesssconnector</types1:MimeType>
      <types1:Description>The EPS Deposit API manages the deposit policy for a property, offering operations to create/update, read and delete it. &lt;br/&gt;&lt;br/&gt;To start experimenting, please use your existing EQC credentials and properties. We've also made the following test credentials available: EQCtest12933870 / ew67nk33 assigned to test property ID 12933870.</types1:Description>
      <types1:AppliesTo/>
      <types1:Tags/>
      <types1:VersionLabel>1.0</types1:VersionLabel>
      <types1:State>CURRENT</types1:State>
      <types1:ProcessGroup/>
      <types1:CreatedBy>sorabh@na1.dm-us.org</types1:CreatedBy>
      <types1:CreationDate>2019-01-28T10:11:55Z</types1:CreationDate>
      <types1:ModifiedBy>sorabh@na1.dm-us.org</types1:ModifiedBy>
      <types1:ModificationDate>2019-02-24T07:07:30Z</types1:ModificationDate>
      <types1:PublicationStatus>published</types1:PublicationStatus>
      <types1:PublishedBy>sorabh@na1.dm-us.org</types1:PublishedBy>
      <types1:PublicationDate>2019-02-24T07:07:41Z</types1:PublicationDate>
      <types1:PublishedContributionId>project:/rt.connector/Expedia_Deposit_API_v1/Expedia_Deposit_API_v1_svcDef.xml</types1:PublishedContributionId>
      <types1:AutosaveExists>false</types1:AutosaveExists>
      <types1:Entry>
         <businessConnector xmlns="http://schemas.informatica.com/socrates/data-services/2014/05/business-connector-model.xsd"
                            agentOnly="false"
                            debug="false"
                            displayName="Expedia Deposit API v1"
                            label=""
                            name="Expedia_Deposit_API_v1"
                            uuid="91ce5298-2626-413a-9df7-ebd69e4ebefb">
            <description>The EPS Deposit API manages the deposit policy for a property, offering operations to create/update, read and delete it. &lt;br/&gt;&lt;br/&gt;To start experimenting, please use your existing EQC credentials and properties. We've also made the following test credentials available: EQCtest12933870 / ew67nk33 assigned to test property ID 12933870.</description>
            <tags/>
            <connectionAttributes xmlns="http://schemas.informatica.com/appmodules/screenflow/2014/04/avosConnectors.xsd">
               <connectionAttribute description="Host Name"
                                    masked="false"
                                    name="hostName"
                                    required="true"
                                    testWith="services.expediapartnercentral.com"
                                    type="string"/>
               <connectionAttribute description="User Name"
                                    masked="false"
                                    name="username"
                                    required="true"
                                    testWith=""
                                    type="string"/>
               <connectionAttribute description="Password"
                                    masked="true"
                                    name="password"
                                    required="true"
                                    testWith=""
                                    type="string"/>
            </connectionAttributes>
            <actions>
               <action category="Deposit"
                       failOnError="true"
                       forSearch="false"
                       label="getDepositPolicy"
                       maxRedirects="100"
                       name="getDepositPolicy"
                       preemptiveAuth="true"
                       responseEncoding="">
                  <description>Obtain the deposit policy for a given property</description>
                  <input>
                     <parameter description="Expedia Property ID"
                                label="propertyIdPathParam"
                                name="propertyIdPathParam"
                                nogen="true"
                                required="true"
                                testWith=""
                                type="string"/>
                  </input>
                  <binding>
                     <restSimpleBinding multiUsing="semicolonSeparated"
                                        url="https://{$hostName}/properties/{$propertyIdPathParam}/depositPolicy"
                                        verb="GET">
                        <authentication>
                           <username>{$username}</username>
                           <password>{$password}</password>
                           <isExpressionInPassword>true</isExpressionInPassword>
                        </authentication>
                        <httpHeaders>
                           <header name="Accept">application/json</header>
                        </httpHeaders>
                     </restSimpleBinding>
                  </binding>
                  <output>
                     <field description="Success. The property has a deposit policy and it was returned."
                            entireResponse="true"
                            name="SuccessfulGetResponse"
                            type="reference">
                        <options>
                           <option name="referenceTo">SuccessfulGetResponse</option>
                        </options>
                     </field>
                  </output>
               </action>
               <action category="Deposit"
                       failOnError="true"
                       forSearch="false"
                       label="deleteDepositPolicy"
                       maxRedirects="100"
                       name="deleteDepositPolicy"
                       preemptiveAuth="true"
                       responseEncoding="">
                  <description>Delete the deposit policy for a given property</description>
                  <input>
                     <parameter description="Expedia Property ID"
                                label="propertyIdPathParam"
                                name="propertyIdPathParam"
                                nogen="true"
                                required="true"
                                testWith=""
                                type="string"/>
                  </input>
                  <binding>
                     <restSimpleBinding multiUsing="semicolonSeparated"
                                        url="https://{$hostName}/properties/{$propertyIdPathParam}/depositPolicy"
                                        verb="DELETE">
                        <authentication>
                           <username>{$username}</username>
                           <password>{$password}</password>
                           <isExpressionInPassword>true</isExpressionInPassword>
                        </authentication>
                        <httpHeaders>
                           <header name="Accept">application/json</header>
                        </httpHeaders>
                     </restSimpleBinding>
                  </binding>
                  <output/>
               </action>
               <action category="Deposit"
                       failOnError="true"
                       forSearch="false"
                       label="setDepositPolicy"
                       maxRedirects="100"
                       name="setDepositPolicy"
                       preemptiveAuth="true"
                       responseEncoding="">
                  <description>Create/update the deposit policy for a given property</description>
                  <input>
                     <parameter description="Expedia Property ID"
                                label="propertyIdPathParam"
                                name="propertyIdPathParam"
                                nogen="true"
                                required="true"
                                testWith=""
                                type="string"/>
                     <parameter description="JSON document describing the deposit policy to be created/updated"
                                label="depositPolicy"
                                name="depositPolicy"
                                required="true"
                                testWith=""
                                type="reference">
                        <options>
                           <option name="referenceTo">Deposit</option>
                        </options>
                     </parameter>
                  </input>
                  <binding>
                     <restSimpleBinding multiUsing="semicolonSeparated"
                                        url="https://{$hostName}/properties/{$propertyIdPathParam}/depositPolicy"
                                        verb="PUT">
                        <authentication>
                           <username>{$username}</username>
                           <password>{$password}</password>
                           <isExpressionInPassword>true</isExpressionInPassword>
                        </authentication>
                        <httpHeaders>
                           <header name="Content-Type">application/json</header>
                           <header name="Accept">application/json</header>
                        </httpHeaders>
                        <body generateUsing="UnwrappedJSON" preserveJsonStringFormatting="false"/>
                     </restSimpleBinding>
                  </binding>
                  <output/>
               </action>
            </actions>
            <objects>
               <processObject xmlns="http://schemas.active-endpoints.com/appmodules/screenflow/2011/06/avosHostEnvironment.xsd"
                              isByCopy="true"
                              name="Deposit">
                  <description/>
                  <detail>
                     <field name="defaultPolicy" type="reference">
                        <options>
                           <option name="referenceTo">DefaultPolicy</option>
                           <option name="relationshipName">Child</option>
                        </options>
                     </field>
                     <field name="SC__links" type="reference">
                        <options>
                           <option name="referenceTo">Links</option>
                           <option name="relationshipName">Child</option>
                        </options>
                     </field>
                     <field name="exceptionPolicies" type="objectlist">
                        <options>
                           <option name="referenceTo">ExceptionPolicy</option>
                           <option name="relationshipName">Child</option>
                        </options>
                     </field>
                  </detail>
               </processObject>
               <processObject xmlns="http://schemas.active-endpoints.com/appmodules/screenflow/2011/06/avosHostEnvironment.xsd"
                              isByCopy="true"
                              name="DefaultPolicy">
                  <description/>
                  <detail>
                     <field name="payments" type="objectlist">
                        <options>
                           <option name="referenceTo">PaymentPolicy</option>
                           <option name="relationshipName">Child</option>
                        </options>
                     </field>
                     <field name="description" type="string"/>
                  </detail>
               </processObject>
               <processObject xmlns="http://schemas.active-endpoints.com/appmodules/screenflow/2011/06/avosHostEnvironment.xsd"
                              isByCopy="true"
                              name="DateRange">
                  <description/>
                  <detail>
                     <field name="endDate" type="date"/>
                     <field name="daysOfWeek" type="picklist">
                        <options>
                           <option name="values">[{"value":"MON","label":"MON"},{"value":"TUE","label":"TUE"},{"value":"WED","label":"WED"},{"value":"THU","label":"THU"},{"value":"FRI","label":"FRI"},{"value":"SAT","label":"SAT"},{"value":"SUN","label":"SUN"}]</option>
                        </options>
                     </field>
                     <field name="startDate" type="date"/>
                  </detail>
               </processObject>
               <processObject xmlns="http://schemas.active-endpoints.com/appmodules/screenflow/2011/06/avosHostEnvironment.xsd"
                              isByCopy="true"
                              name="ExceptionPolicy">
                  <description/>
                  <detail>
                     <field name="payments" type="objectlist">
                        <options>
                           <option name="referenceTo">PaymentPolicy</option>
                           <option name="relationshipName">Child</option>
                        </options>
                     </field>
                     <field name="dateRanges" type="objectlist">
                        <options>
                           <option name="referenceTo">DateRange</option>
                           <option name="relationshipName">Child</option>
                        </options>
                     </field>
                     <field name="description" type="string"/>
                  </detail>
               </processObject>
               <processObject xmlns="http://schemas.active-endpoints.com/appmodules/screenflow/2011/06/avosHostEnvironment.xsd"
                              isByCopy="true"
                              name="SuccessfulGetResponse">
                  <description/>
                  <detail>
                     <field name="entity" type="reference">
                        <options>
                           <option name="referenceTo">Deposit</option>
                           <option name="relationshipName">Child</option>
                        </options>
                     </field>
                  </detail>
               </processObject>
               <processObject xmlns="http://schemas.active-endpoints.com/appmodules/screenflow/2011/06/avosHostEnvironment.xsd"
                              isByCopy="true"
                              name="Error">
                  <description>An object describing an error returned by the service.</description>
                  <detail>
                     <field name="code" type="int"/>
                     <field name="message" type="string"/>
                  </detail>
               </processObject>
               <processObject xmlns="http://schemas.active-endpoints.com/appmodules/screenflow/2011/06/avosHostEnvironment.xsd"
                              isByCopy="true"
                              name="Links">
                  <description>Object describing links to other resources to which this deposit policy is linked to.</description>
                  <detail>
                     <field name="self" type="reference">
                        <options>
                           <option name="referenceTo">Link</option>
                           <option name="relationshipName">Child</option>
                        </options>
                     </field>
                     <field name="ratePlans" type="objectlist">
                        <options>
                           <option name="referenceTo">Link</option>
                           <option name="relationshipName">Child</option>
                        </options>
                     </field>
                  </detail>
               </processObject>
               <processObject xmlns="http://schemas.active-endpoints.com/appmodules/screenflow/2011/06/avosHostEnvironment.xsd"
                              isByCopy="true"
                              name="PaymentTime">
                  <description>Order of payments in the array matters. Payments must be specified in chronological order: UPON_BOOKING followed by DAYS_PRIOR followed by UPON_ARRIVAL.</description>
                  <detail>
                     <field name="type" type="picklist">
                        <options>
                           <option name="values">[{"value":"DAYS_PRIOR","label":"DAYS_PRIOR"},{"value":"UPON_ARRIVAL","label":"UPON_ARRIVAL"},{"value":"UPON_BOOKING","label":"UPON_BOOKING"}]</option>
                        </options>
                     </field>
                     <field name="value" type="int"/>
                  </detail>
               </processObject>
               <processObject xmlns="http://schemas.active-endpoints.com/appmodules/screenflow/2011/06/avosHostEnvironment.xsd"
                              isByCopy="true"
                              name="PaymentPolicy">
                  <description/>
                  <detail>
                     <field name="type" type="picklist">
                        <options>
                           <option name="values">[{"value":"NIGHT","label":"NIGHT"},{"value":"AMOUNT","label":"AMOUNT"},{"value":"PERCENTAGE","label":"PERCENTAGE"},{"value":"REMAINDER","label":"REMAINDER"}]</option>
                        </options>
                     </field>
                     <field name="when" type="reference">
                        <options>
                           <option name="referenceTo">PaymentTime</option>
                           <option name="relationshipName">Child</option>
                        </options>
                     </field>
                     <field name="value" type="double"/>
                  </detail>
               </processObject>
               <processObject xmlns="http://schemas.active-endpoints.com/appmodules/screenflow/2011/06/avosHostEnvironment.xsd"
                              isByCopy="true"
                              name="Link">
                  <description>Object describing a single link to a resource to which this deposit policy is linked to.</description>
                  <detail>
                     <field name="href" type="string"/>
                  </detail>
               </processObject>
               <processObject xmlns="http://schemas.active-endpoints.com/appmodules/screenflow/2011/06/avosHostEnvironment.xsd"
                              isByCopy="true"
                              name="ErrorResponse">
                  <description/>
                  <detail>
                     <field name="errors" type="objectlist">
                        <options>
                           <option name="referenceTo">Error</option>
                           <option name="relationshipName">Child</option>
                        </options>
                     </field>
                  </detail>
               </processObject>
               <processObject xmlns="http://schemas.active-endpoints.com/appmodules/screenflow/2011/06/avosHostEnvironment.xsd"
                              isByCopy="true"
                              name="string">
                  <description/>
                  <detail>
                     <field name="string" type="string"/>
                  </detail>
               </processObject>
               <processObject xmlns="http://schemas.active-endpoints.com/appmodules/screenflow/2011/06/avosHostEnvironment.xsd"
                              isByCopy="true"
                              name="boolean">
                  <description/>
                  <detail>
                     <field name="boolean" type="boolean"/>
                  </detail>
               </processObject>
               <processObject xmlns="http://schemas.active-endpoints.com/appmodules/screenflow/2011/06/avosHostEnvironment.xsd"
                              isByCopy="true"
                              name="double">
                  <description/>
                  <detail>
                     <field name="double" type="double"/>
                  </detail>
               </processObject>
               <processObject xmlns="http://schemas.active-endpoints.com/appmodules/screenflow/2011/06/avosHostEnvironment.xsd"
                              isByCopy="true"
                              name="integer">
                  <description/>
                  <detail>
                     <field name="integer" type="int"/>
                  </detail>
               </processObject>
               <processObject xmlns="http://schemas.active-endpoints.com/appmodules/screenflow/2011/06/avosHostEnvironment.xsd"
                              isByCopy="true"
                              name="ServiceUnavailableError">
                  <description>Service Unavailable. A temporary system error occurred while processing the request. You can retry the request later.</description>
                  <detail/>
               </processObject>
               <processObject xmlns="http://schemas.active-endpoints.com/appmodules/screenflow/2011/06/avosHostEnvironment.xsd"
                              isByCopy="true"
                              name="ForbiddenError">
                  <description>Forbidden. The authenticated user is not authorized to perform this request.</description>
                  <detail/>
               </processObject>
               <processObject xmlns="http://schemas.active-endpoints.com/appmodules/screenflow/2011/06/avosHostEnvironment.xsd"
                              isByCopy="true"
                              name="BadRequestError">
                  <description>Bad Request. An error occurred because the request is invalid. The error code and description contained in the payload of the response will give more information as to what was wrong with the request.</description>
                  <detail/>
               </processObject>
               <processObject xmlns="http://schemas.active-endpoints.com/appmodules/screenflow/2011/06/avosHostEnvironment.xsd"
                              isByCopy="true"
                              name="UnauthorizedError">
                  <description>Unauthorized. Invalid credentials were used to perform the request.</description>
                  <detail/>
               </processObject>
               <processObject xmlns="http://schemas.active-endpoints.com/appmodules/screenflow/2011/06/avosHostEnvironment.xsd"
                              isByCopy="true"
                              name="InternalServerError">
                  <description>Internal Server Error. A system error occurred while processing the request. Retrying the request will likely yield to the same result.</description>
                  <detail/>
               </processObject>
            </objects>
         </businessConnector>
      </types1:Entry>
      <types1:GUID>hNXI5LWiGo0lcbkQYSLtwu</types1:GUID>
      <types1:DisplayName>Expedia Deposit API v1</types1:DisplayName>
   </types1:Item>
   <types1:CurrentServerDateTime>2019-02-24T07:15:23.732Z</types1:CurrentServerDateTime>
</aetgt:getResponse>
