<aetgt:getResponse xmlns:aetgt="http://schemas.active-endpoints.com/appmodules/repository/2010/10/avrepository.xsd"
                   xmlns:types1="http://schemas.active-endpoints.com/appmodules/repository/2010/10/avrepository.xsd">
   <types1:Item>
      <types1:EntryId>C0hCHbf2XZPnE29-gt-1680739-2019-02-12T01:15:22.458Z::svc.xml</types1:EntryId>
      <types1:Name>Oracle_Cloud_Infrastructure_Compute_SecIPLists_API_v18-1-2</types1:Name>
      <types1:MimeType>application/xml+businesssconnector</types1:MimeType>
      <types1:Description>A security IP list is a set of IP addresses or subnets external to the instances you create in Compute Classic. These lists can then be used as a source when you define security rules.&lt;p&gt;Note that, a security IP list named &lt;code&gt;/oracle/public/public-internet&lt;/code&gt; is predefined in Compute Classic. You can use this security IP list as the source in a security rule to permit traffic from any host on the Internet.&lt;p&gt;You can create, delete, update, and view security IP lists using the HTTP requests listed below.</types1:Description>
      <types1:AppliesTo/>
      <types1:Tags/>
      <types1:VersionLabel>1.0</types1:VersionLabel>
      <types1:State>CURRENT</types1:State>
      <types1:ProcessGroup/>
      <types1:CreatedBy>sorabh@na1.dm-us.org</types1:CreatedBy>
      <types1:CreationDate>2019-02-12T01:15:22Z</types1:CreationDate>
      <types1:ModifiedBy/>
      <types1:PublicationStatus>published</types1:PublicationStatus>
      <types1:PublishedBy>sorabh@na1.dm-us.org</types1:PublishedBy>
      <types1:PublicationDate>2019-02-12T01:15:37Z</types1:PublicationDate>
      <types1:PublishedContributionId>project:/rt.connector/Oracle_Cloud_Infrastructure_Compute_SecIPLists_API_v18_1_2/Oracle_Cloud_Infrastructure_Compute_SecIPLists_API_v18_1_2_svcDef.xml</types1:PublishedContributionId>
      <types1:AutosaveExists>false</types1:AutosaveExists>
      <types1:Entry>
         <businessConnector xmlns="http://schemas.informatica.com/socrates/data-services/2014/05/business-connector-model.xsd"
                            agentOnly="false"
                            debug="false"
                            displayName="Oracle Cloud Infrastructure Compute SecIPLists API v18-1-2"
                            label=""
                            name="Oracle_Cloud_Infrastructure_Compute_SecIPLists_API_v18-1-2"
                            uuid="45bb4f54-46ed-4fc9-9021-0514989842ff">
            <description>A security IP list is a set of IP addresses or subnets external to the instances you create in Compute Classic. These lists can then be used as a source when you define security rules.&lt;p&gt;Note that, a security IP list named &lt;code&gt;/oracle/public/public-internet&lt;/code&gt; is predefined in Compute Classic. You can use this security IP list as the source in a security rule to permit traffic from any host on the Internet.&lt;p&gt;You can create, delete, update, and view security IP lists using the HTTP requests listed below.</description>
            <tags/>
            <connectionAttributes xmlns="http://schemas.informatica.com/appmodules/screenflow/2014/04/avosConnectors.xsd">
               <connectionAttribute description="Host Name"
                                    masked="false"
                                    name="hostName"
                                    required="true"
                                    testWith="apicatalog.oraclecloud.com"
                                    type="string"/>
            </connectionAttributes>
            <actions>
               <action category="SecIPLists"
                       failOnError="true"
                       forSearch="false"
                       label="addSecIPList"
                       maxRedirects="100"
                       name="addSecIPList"
                       preemptiveAuth="true"
                       responseEncoding="">
                  <description>Create a Security IP List. Creates a security IP list. Note that, after creating a security IP list, you can add additional IP addresses to the list by using the POST /seciplist/ HTTP request again with just the additional IP addresses.&lt;p&gt;&lt;b&gt;Required Role: &lt;/b&gt;To complete this task, you must have the &lt;code&gt;Compute_Operations&lt;/code&gt; role. If this role isn't assigned to you or you're not sure, then ask your system administrator to ensure that the role is assigned to you in Oracle Cloud My Services. See &lt;a target="_blank" href="http://www.oracle.com/pls/topic/lookup?ctx=stcomputecs&amp;id=MMOCS-GUID-54C2E747-7D5B-451C-A39C-77936178EBB6"&gt;Modifying User Roles&lt;/a&gt; in &lt;em&gt;Managing and Monitoring Oracle Cloud&lt;/em&gt;.</description>
                  <input>
                     <parameter label="body"
                                name="body"
                                required="true"
                                testWith=""
                                type="reference">
                        <options>
                           <option name="referenceTo">SecIPList_post_request</option>
                        </options>
                     </parameter>
                     <parameter description="The Cookie: header must be included with every request to the service. It must be set to the value of the set-cookie header in the response received to the POST /authenticate/ call."
                                label="Cookie"
                                name="Cookie"
                                nogen="true"
                                required="false"
                                testWith=""
                                type="string"/>
                  </input>
                  <binding>
                     <restSimpleBinding multiUsing="semicolonSeparated"
                                        url="http://{$hostName}/seciplist/"
                                        verb="POST">
                        <httpHeaders>
                           <header name="Content-Type">application/oracle-compute-v3+json</header>
                           <header name="Accept">application/oracle-compute-v3+json</header>
                           <header name="Cookie">{$Cookie}</header>
                        </httpHeaders>
                        <body generateUsing="UnwrappedJSON" preserveJsonStringFormatting="false"/>
                     </restSimpleBinding>
                  </binding>
                  <output/>
               </action>
               <action category="SecIPLists"
                       failOnError="true"
                       forSearch="false"
                       label="discoverRootSecIPList"
                       maxRedirects="100"
                       name="discoverRootSecIPList"
                       preemptiveAuth="true"
                       responseEncoding="">
                  <description>Retrieve Names of Containers. Retrieves the names of containers that contain objects that you can access. You can use this information to construct the multipart name of an object.&lt;p&gt;&lt;b&gt;Required Role: &lt;/b&gt;To complete this task, you must have the &lt;code&gt;Compute_Monitor&lt;/code&gt; or &lt;code&gt;Compute_Operations&lt;/code&gt; role. If this role isn't assigned to you or you're not sure, then ask your system administrator to ensure that the role is assigned to you in Oracle Cloud My Services. See &lt;a target="_blank" href="http://www.oracle.com/pls/topic/lookup?ctx=stcomputecs&amp;id=MMOCS-GUID-54C2E747-7D5B-451C-A39C-77936178EBB6"&gt;Modifying User Roles&lt;/a&gt; in &lt;em&gt;Managing and Monitoring Oracle Cloud&lt;/em&gt;.</description>
                  <input>
                     <parameter description="The Cookie: header must be included with every request to the service. It must be set to the value of the set-cookie header in the response received to the POST /authenticate/ call."
                                label="Cookie"
                                name="Cookie"
                                nogen="true"
                                required="false"
                                testWith=""
                                type="string"/>
                  </input>
                  <binding>
                     <restSimpleBinding multiUsing="semicolonSeparated"
                                        url="http://{$hostName}/seciplist/"
                                        verb="GET">
                        <httpHeaders>
                           <header name="Content-Type">application/oracle-compute-v3+json</header>
                           <header name="Accept">application/oracle-compute-v3+directory+json</header>
                           <header name="Cookie">{$Cookie}</header>
                        </httpHeaders>
                     </restSimpleBinding>
                  </binding>
                  <output>
                     <field description="OK. See &lt;a class=&#34;xref&#34; href=&#34;Status%20Codes.html&#34;&gt;Status Codes&lt;/a&gt; for information about other possible HTTP status codes."
                            entireResponse="true"
                            name="SecIPList_discover_response"
                            type="reference">
                        <options>
                           <option name="referenceTo">SecIPList_discover_response</option>
                        </options>
                     </field>
                  </output>
               </action>
               <action category="SecIPLists"
                       failOnError="true"
                       forSearch="false"
                       label="discoverSecIPList"
                       maxRedirects="100"
                       name="discoverSecIPList"
                       preemptiveAuth="true"
                       responseEncoding="">
                  <description>Retrieve Names of all Security IP Lists and Subcontainers in a Container. Retrieves the names of objects and subcontainers that you can access in the specified container.&lt;p&gt;&lt;b&gt;Required Role: &lt;/b&gt;To complete this task, you must have the &lt;code&gt;Compute_Monitor&lt;/code&gt; or &lt;code&gt;Compute_Operations&lt;/code&gt; role. If this role isn't assigned to you or you're not sure, then ask your system administrator to ensure that the role is assigned to you in Oracle Cloud My Services. See &lt;a target="_blank" href="http://www.oracle.com/pls/topic/lookup?ctx=stcomputecs&amp;id=MMOCS-GUID-54C2E747-7D5B-451C-A39C-77936178EBB6"&gt;Modifying User Roles&lt;/a&gt; in &lt;em&gt;Managing and Monitoring Oracle Cloud&lt;/em&gt;.</description>
                  <input>
                     <parameter description="Specify &lt;code&gt;/Compute-&lt;i&gt;identityDomain&lt;/i&gt;/&lt;i&gt;user&lt;/i&gt;/&lt;/code&gt; to retrieve the names of objects that you can access. Specify &lt;code&gt;/Compute-&lt;i&gt;identityDomain&lt;/i&gt;/&lt;/code&gt; to retrieve the names of containers that contain objects that you can access. Specify &lt;code&gt;/oracle/public&lt;/code&gt; to retrieve the names of system-provided objects."
                                label="containerPathParam"
                                name="containerPathParam"
                                nogen="true"
                                required="true"
                                testWith=""
                                type="string"/>
                     <parameter description="The Cookie: header must be included with every request to the service. It must be set to the value of the set-cookie header in the response received to the POST /authenticate/ call."
                                label="Cookie"
                                name="Cookie"
                                nogen="true"
                                required="false"
                                testWith=""
                                type="string"/>
                  </input>
                  <binding>
                     <restSimpleBinding multiUsing="semicolonSeparated"
                                        url="http://{$hostName}/seciplist/{$containerPathParam}"
                                        verb="GET">
                        <httpHeaders>
                           <header name="Content-Type">application/oracle-compute-v3+json</header>
                           <header name="Accept">application/oracle-compute-v3+directory+json</header>
                           <header name="Cookie">{$Cookie}</header>
                        </httpHeaders>
                     </restSimpleBinding>
                  </binding>
                  <output>
                     <field description="OK. See &lt;a class=&#34;xref&#34; href=&#34;Status%20Codes.html&#34;&gt;Status Codes&lt;/a&gt; for information about other possible HTTP status codes."
                            entireResponse="true"
                            name="SecIPList_discover_response"
                            type="reference">
                        <options>
                           <option name="referenceTo">SecIPList_discover_response</option>
                        </options>
                     </field>
                  </output>
               </action>
               <action category="SecIPLists"
                       failOnError="true"
                       forSearch="false"
                       label="getSecIPList"
                       maxRedirects="100"
                       name="getSecIPList"
                       preemptiveAuth="true"
                       responseEncoding="">
                  <description>Retrieve Details of a Security IP List. Retrieves information about the specified security IP list. You can use this request to verify whether POST and PUT operations were completed successfully.&lt;p&gt;&lt;b&gt;Required Role: &lt;/b&gt;To complete this task, you must have the &lt;code&gt;Compute_Monitor&lt;/code&gt; or &lt;code&gt;Compute_Operations&lt;/code&gt; role. If this role isn't assigned to you or you're not sure, then ask your system administrator to ensure that the role is assigned to you in Oracle Cloud My Services. See &lt;a target="_blank" href="http://www.oracle.com/pls/topic/lookup?ctx=stcomputecs&amp;id=MMOCS-GUID-54C2E747-7D5B-451C-A39C-77936178EBB6"&gt;Modifying User Roles&lt;/a&gt; in &lt;em&gt;Managing and Monitoring Oracle Cloud&lt;/em&gt;.</description>
                  <input>
                     <parameter description="&lt;p&gt;The three-part name of the object (&lt;code&gt;/Compute-&lt;em&gt;identity_domain&lt;/em&gt;/&lt;em&gt;user&lt;/em&gt;/&lt;em&gt;object&lt;/em&gt;&lt;/code&gt; or &lt;code&gt;/oracle/public/&lt;em&gt;object&lt;/em&gt;&lt;/code&gt;.)"
                                label="namePathParam"
                                name="namePathParam"
                                nogen="true"
                                required="true"
                                testWith=""
                                type="string"/>
                     <parameter description="The Cookie: header must be included with every request to the service. It must be set to the value of the set-cookie header in the response received to the POST /authenticate/ call."
                                label="Cookie"
                                name="Cookie"
                                nogen="true"
                                required="false"
                                testWith=""
                                type="string"/>
                  </input>
                  <binding>
                     <restSimpleBinding multiUsing="semicolonSeparated"
                                        url="http://{$hostName}/seciplist/{$namePathParam}"
                                        verb="GET">
                        <httpHeaders>
                           <header name="Content-Type">application/oracle-compute-v3+json</header>
                           <header name="Accept">application/oracle-compute-v3+json</header>
                           <header name="Cookie">{$Cookie}</header>
                        </httpHeaders>
                     </restSimpleBinding>
                  </binding>
                  <output>
                     <field description="OK. See &lt;a class=&#34;xref&#34; href=&#34;Status%20Codes.html&#34;&gt;Status Codes&lt;/a&gt; for information about other possible HTTP status codes."
                            entireResponse="true"
                            name="SecIPList_response"
                            type="reference">
                        <options>
                           <option name="referenceTo">SecIPList_response</option>
                        </options>
                     </field>
                  </output>
               </action>
               <action category="SecIPLists"
                       failOnError="true"
                       forSearch="false"
                       label="deleteSecIPList"
                       maxRedirects="100"
                       name="deleteSecIPList"
                       preemptiveAuth="true"
                       responseEncoding="">
                  <description>Delete a Security IP List. Deletes the specified security IP list. No response is returned.&lt;p&gt;You can't delete system-provided security application that are available in the &lt;code&gt;/oracle/public&lt;/code&gt; container.&lt;p&gt;&lt;b&gt;Required Role: &lt;/b&gt;To complete this task, you must have the &lt;code&gt;Compute_Operations&lt;/code&gt; role. If this role isn't assigned to you or you're not sure, then ask your system administrator to ensure that the role is assigned to you in Oracle Cloud My Services. See &lt;a target="_blank" href="http://www.oracle.com/pls/topic/lookup?ctx=stcomputecs&amp;id=MMOCS-GUID-54C2E747-7D5B-451C-A39C-77936178EBB6"&gt;Modifying User Roles&lt;/a&gt; in &lt;em&gt;Managing and Monitoring Oracle Cloud&lt;/em&gt;.</description>
                  <input>
                     <parameter description="&lt;p&gt;The three-part name of the object (&lt;code&gt;/Compute-&lt;em&gt;identity_domain&lt;/em&gt;/&lt;em&gt;user&lt;/em&gt;/&lt;em&gt;object&lt;/em&gt;&lt;/code&gt;)."
                                label="namePathParam"
                                name="namePathParam"
                                nogen="true"
                                required="true"
                                testWith=""
                                type="string"/>
                     <parameter description="The Cookie: header must be included with every request to the service. It must be set to the value of the set-cookie header in the response received to the POST /authenticate/ call."
                                label="Cookie"
                                name="Cookie"
                                nogen="true"
                                required="false"
                                testWith=""
                                type="string"/>
                  </input>
                  <binding>
                     <restSimpleBinding multiUsing="semicolonSeparated"
                                        url="http://{$hostName}/seciplist/{$namePathParam}"
                                        verb="DELETE">
                        <httpHeaders>
                           <header name="Content-Type">application/oracle-compute-v3+json</header>
                           <header name="Accept">application/oracle-compute-v3+json</header>
                           <header name="Cookie">{$Cookie}</header>
                        </httpHeaders>
                     </restSimpleBinding>
                  </binding>
                  <output/>
               </action>
               <action category="SecIPLists"
                       failOnError="true"
                       forSearch="false"
                       label="updateSecIPList"
                       maxRedirects="100"
                       name="updateSecIPList"
                       preemptiveAuth="true"
                       responseEncoding="">
                  <description>Update a Security IP List. Updates IP addresses and description of the specified security IP list. Note that this command replaces the values in the &lt;code&gt;secipentries&lt;/code&gt; and &lt;code&gt;description&lt;/code&gt; fields with the new values that you specify. To add one or more IP addresses to the existing list, run the add seciplist command and specify just the additional IP addresses.&lt;p&gt;&lt;b&gt;Required Role: &lt;/b&gt;To complete this task, you must have the &lt;code&gt;Compute_Operations&lt;/code&gt; role. If this role isn't assigned to you or you're not sure, then ask your system administrator to ensure that the role is assigned to you in Oracle Cloud My Services. See &lt;a target="_blank" href="http://www.oracle.com/pls/topic/lookup?ctx=stcomputecs&amp;id=MMOCS-GUID-54C2E747-7D5B-451C-A39C-77936178EBB6"&gt;Modifying User Roles&lt;/a&gt; in &lt;em&gt;Managing and Monitoring Oracle Cloud&lt;/em&gt;.</description>
                  <input>
                     <parameter description="&lt;p&gt;The three-part name of the object (&lt;code&gt;/Compute-&lt;em&gt;identity_domain&lt;/em&gt;/&lt;em&gt;user&lt;/em&gt;/&lt;em&gt;object&lt;/em&gt;&lt;/code&gt;)."
                                label="namePathParam"
                                name="namePathParam"
                                nogen="true"
                                required="true"
                                testWith=""
                                type="string"/>
                     <parameter label="body"
                                name="body"
                                required="true"
                                testWith=""
                                type="reference">
                        <options>
                           <option name="referenceTo">SecIPList_put_request</option>
                        </options>
                     </parameter>
                     <parameter description="The Cookie: header must be included with every request to the service. It must be set to the value of the set-cookie header in the response received to the POST /authenticate/ call."
                                label="Cookie"
                                name="Cookie"
                                nogen="true"
                                required="false"
                                testWith=""
                                type="string"/>
                  </input>
                  <binding>
                     <restSimpleBinding multiUsing="semicolonSeparated"
                                        url="http://{$hostName}/seciplist/{$namePathParam}"
                                        verb="PUT">
                        <httpHeaders>
                           <header name="Content-Type">application/oracle-compute-v3+json</header>
                           <header name="Accept">application/oracle-compute-v3+json</header>
                           <header name="Cookie">{$Cookie}</header>
                        </httpHeaders>
                        <body generateUsing="UnwrappedJSON" preserveJsonStringFormatting="false"/>
                     </restSimpleBinding>
                  </binding>
                  <output>
                     <field description="OK. See &lt;a class=&#34;xref&#34; href=&#34;Status%20Codes.html&#34;&gt;Status Codes&lt;/a&gt; for information about other possible HTTP status codes."
                            entireResponse="true"
                            name="SecIPList_response"
                            type="reference">
                        <options>
                           <option name="referenceTo">SecIPList_response</option>
                        </options>
                     </field>
                  </output>
               </action>
               <action category="SecIPLists"
                       failOnError="true"
                       forSearch="false"
                       label="listSecIPList"
                       maxRedirects="100"
                       name="listSecIPList"
                       preemptiveAuth="true"
                       responseEncoding="">
                  <description>Retrieve Details of all Security IP Lists in a Container. Retrieves details of the security IP lists that are in the specified container and match the specified query criteria. If you don't specify any query criteria, then details of all the security IP lists in the container are displayed. To filter the search results, you can pass one or more of the following query parameters, by appending them to the URI in the following syntax:&lt;p&gt;&lt;code&gt;?parameter1=value1&amp;ampparameter2=value2&amp;ampparameterN=valueN&lt;/code&gt;&lt;p&gt;&lt;b&gt;Required Role: &lt;/b&gt;To complete this task, you must have the &lt;code&gt;Compute_Monitor&lt;/code&gt; or &lt;code&gt;Compute_Operations&lt;/code&gt; role. If this role isn't assigned to you or you're not sure, then ask your system administrator to ensure that the role is assigned to you in Oracle Cloud My Services. See &lt;a target="_blank" href="http://www.oracle.com/pls/topic/lookup?ctx=stcomputecs&amp;id=MMOCS-GUID-54C2E747-7D5B-451C-A39C-77936178EBB6"&gt;Modifying User Roles&lt;/a&gt; in &lt;em&gt;Managing and Monitoring Oracle Cloud&lt;/em&gt;.</description>
                  <input>
                     <parameter description="&lt;p&gt;&lt;code&gt;/Compute-&lt;em&gt;identity_domain&lt;/em&gt;/&lt;em&gt;user&lt;/em&gt;&lt;/code&gt; and &lt;code&gt;/Compute-&lt;em&gt;identity_domain&lt;/em&gt;/&lt;/code&gt;for user-defined security IP lists and &lt;code&gt;/oracle/public&lt;/code&gt; for the predefined public-internet security IP list.&lt;/p&gt;"
                                label="containerPathParam"
                                name="containerPathParam"
                                nogen="true"
                                required="true"
                                testWith=""
                                type="string"/>
                     <parameter description="&lt;p&gt;The three-part name of the object (&lt;code&gt;/Compute-&lt;em&gt;identity_domain&lt;/em&gt;/&lt;em&gt;user&lt;/em&gt;/&lt;em&gt;object&lt;/em&gt;&lt;/code&gt; or &lt;code&gt;/oracle/public/&lt;em&gt;object&lt;/em&gt;&lt;/code&gt;.)"
                                label="name"
                                name="name"
                                required="false"
                                testWith=""
                                type="string"/>
                     <parameter description="The Cookie: header must be included with every request to the service. It must be set to the value of the set-cookie header in the response received to the POST /authenticate/ call."
                                label="Cookie"
                                name="Cookie"
                                nogen="true"
                                required="false"
                                testWith=""
                                type="string"/>
                  </input>
                  <binding>
                     <restSimpleBinding multiUsing="semicolonSeparated"
                                        url="http://{$hostName}/seciplist/{$containerPathParam}/"
                                        verb="GET">
                        <httpHeaders>
                           <header name="Content-Type">application/oracle-compute-v3+json</header>
                           <header name="Accept">application/oracle-compute-v3+json</header>
                           <header name="Cookie">{$Cookie}</header>
                        </httpHeaders>
                     </restSimpleBinding>
                  </binding>
                  <output>
                     <field description="OK. See &lt;a class=&#34;xref&#34; href=&#34;Status%20Codes.html&#34;&gt;Status Codes&lt;/a&gt; for information about other possible HTTP status codes."
                            entireResponse="true"
                            name="SecIPList_list_response"
                            type="reference">
                        <options>
                           <option name="referenceTo">SecIPList_list_response</option>
                        </options>
                     </field>
                  </output>
               </action>
            </actions>
            <objects>
               <processObject xmlns="http://schemas.active-endpoints.com/appmodules/screenflow/2011/06/avosHostEnvironment.xsd"
                              isByCopy="true"
                              name="HourlyInterval">
                  <description/>
                  <detail/>
               </processObject>
               <processObject xmlns="http://schemas.active-endpoints.com/appmodules/screenflow/2011/06/avosHostEnvironment.xsd"
                              isByCopy="true"
                              name="SecIPList_put_request">
                  <description>The request body contains details of the security IP list that you want to update. </description>
                  <detail>
                     <field name="name" type="string"/>
                     <field name="description" type="string"/>
                     <field name="secipentries" type="objectlist">
                        <options>
                           <option name="referenceTo">string</option>
                           <option name="relationshipName">Child</option>
                        </options>
                     </field>
                  </detail>
               </processObject>
               <processObject xmlns="http://schemas.active-endpoints.com/appmodules/screenflow/2011/06/avosHostEnvironment.xsd"
                              isByCopy="true"
                              name="SecIPList_response">
                  <description/>
                  <detail>
                     <field name="name" type="string"/>
                     <field name="description" type="string"/>
                     <field name="uri" type="string"/>
                     <field name="secipentries" type="objectlist">
                        <options>
                           <option name="referenceTo">string</option>
                           <option name="relationshipName">Child</option>
                        </options>
                     </field>
                  </detail>
               </processObject>
               <processObject xmlns="http://schemas.active-endpoints.com/appmodules/screenflow/2011/06/avosHostEnvironment.xsd"
                              isByCopy="true"
                              name="SecIPList_discover_response">
                  <description/>
                  <detail>
                     <field name="result" type="objectlist">
                        <options>
                           <option name="referenceTo">string</option>
                           <option name="relationshipName">Child</option>
                        </options>
                     </field>
                  </detail>
               </processObject>
               <processObject xmlns="http://schemas.active-endpoints.com/appmodules/screenflow/2011/06/avosHostEnvironment.xsd"
                              isByCopy="true"
                              name="SecIPList_list_response">
                  <description/>
                  <detail>
                     <field name="result" type="objectlist">
                        <options>
                           <option name="referenceTo">SecIPList_response</option>
                           <option name="relationshipName">Child</option>
                        </options>
                     </field>
                  </detail>
               </processObject>
               <processObject xmlns="http://schemas.active-endpoints.com/appmodules/screenflow/2011/06/avosHostEnvironment.xsd"
                              isByCopy="true"
                              name="SecIPList_post_request">
                  <description>The request body contains details of the security IP list that you want to create. </description>
                  <detail>
                     <field name="name" type="string"/>
                     <field name="description" type="string"/>
                     <field name="secipentries" type="objectlist">
                        <options>
                           <option name="referenceTo">string</option>
                           <option name="relationshipName">Child</option>
                        </options>
                     </field>
                  </detail>
               </processObject>
               <processObject xmlns="http://schemas.active-endpoints.com/appmodules/screenflow/2011/06/avosHostEnvironment.xsd"
                              isByCopy="true"
                              name="DailyWeeklyInterval">
                  <description/>
                  <detail/>
               </processObject>
               <processObject xmlns="http://schemas.active-endpoints.com/appmodules/screenflow/2011/06/avosHostEnvironment.xsd"
                              isByCopy="true"
                              name="Interval">
                  <description>There are two kinds of Intervals. Each Interval has its own JSON format. Your Interval field should look like one of the following:&lt;p&gt;&lt;ul&gt;&lt;li&gt;&lt;code&gt;"interval":{"Hourly":{"hourlyInterval":2}}&lt;/code&gt;&lt;/li&gt;&lt;li&gt;&lt;code&gt;{"DailyWeekly":{"daysOfWeek":["MONDAY"],"timeOfDay":"03:15","userTimeZone":"America/Los_Angeles"}}&lt;/code&gt;&lt;/li&gt;&lt;/ul&gt;&lt;p&gt;Days of the week is any day of the week fully capitalized (MONDAY, TUESDAY, etc). The user time zone is any IANA user timezone.  For example user time zones see &lt;a href="https://en.wikipedia.org/wiki/IANA_time_zone_database"&gt;List of IANA time zones&lt;/a&gt;.</description>
                  <detail/>
               </processObject>
               <processObject xmlns="http://schemas.active-endpoints.com/appmodules/screenflow/2011/06/avosHostEnvironment.xsd"
                              isByCopy="true"
                              name="string">
                  <description/>
                  <detail>
                     <field name="string" type="string"/>
                  </detail>
               </processObject>
               <processObject xmlns="http://schemas.active-endpoints.com/appmodules/screenflow/2011/06/avosHostEnvironment.xsd"
                              isByCopy="true"
                              name="boolean">
                  <description/>
                  <detail>
                     <field name="boolean" type="boolean"/>
                  </detail>
               </processObject>
               <processObject xmlns="http://schemas.active-endpoints.com/appmodules/screenflow/2011/06/avosHostEnvironment.xsd"
                              isByCopy="true"
                              name="double">
                  <description/>
                  <detail>
                     <field name="double" type="double"/>
                  </detail>
               </processObject>
               <processObject xmlns="http://schemas.active-endpoints.com/appmodules/screenflow/2011/06/avosHostEnvironment.xsd"
                              isByCopy="true"
                              name="integer">
                  <description/>
                  <detail>
                     <field name="integer" type="int"/>
                  </detail>
               </processObject>
            </objects>
         </businessConnector>
      </types1:Entry>
      <types1:GUID>hm7VAcT8MCDd32IgueYBkY</types1:GUID>
      <types1:DisplayName>Oracle Cloud Infrastructure Compute SecIPLists API v18-1-2</types1:DisplayName>
   </types1:Item>
   <types1:CurrentServerDateTime>2019-02-25T09:24:11.839Z</types1:CurrentServerDateTime>
</aetgt:getResponse>
