<aetgt:getResponse xmlns:aetgt="http://schemas.active-endpoints.com/appmodules/repository/2010/10/avrepository.xsd"
                   xmlns:types1="http://schemas.active-endpoints.com/appmodules/repository/2010/10/avrepository.xsd">
   <types1:Item>
      <types1:EntryId>PFn2H0Fdw8jIw8j-gt-1682019-2019-02-12T01:15:23.667Z::svc.xml</types1:EntryId>
      <types1:Name>Oracle_Cloud_Infrastructure_Compute_Orchestrations_API_v18-1-2</types1:Name>
      <types1:MimeType>application/xml+businesssconnector</types1:MimeType>
      <types1:Description>An orchestration defines the attributes and interdependencies of a collection of compute, networking, and storage resources in Compute Classic. You can use orchestrations to automate the provisioning and lifecycle operations of an entire virtual compute topology.&lt;p&gt;After creating an orchestration (in a JSON-formatted file) and adding it to Compute Classic, you can trigger the creation and removal all the resources defined in the orchestration with a single step.&lt;p&gt;An orchestration contains one or more object plans (&lt;code&gt;oplans&lt;/code&gt;). The attributes that you can specify in an &lt;code&gt;oplan&lt;/code&gt; vary depending on the object type (&lt;code&gt;obj_type&lt;/code&gt;). For detailed information about the object types that you can create by using orchestrations and the attributes for each object type, see &lt;a target="_blank" href="http://www.oracle.com/pls/topic/lookup?ctx=stcomputecs&amp;id=STCSG-GUID-F0CC66F5-265B-4F21-9029-84AF86036D0A"&gt;Attributes in Orchestrations&lt;/a&gt; in &lt;em&gt;Using Oracle Cloud Infrastructure Compute Classic&lt;/e</types1:Description>
      <types1:AppliesTo/>
      <types1:Tags/>
      <types1:VersionLabel>1.0</types1:VersionLabel>
      <types1:State>CURRENT</types1:State>
      <types1:ProcessGroup/>
      <types1:CreatedBy>sorabh@na1.dm-us.org</types1:CreatedBy>
      <types1:CreationDate>2019-02-12T01:15:24Z</types1:CreationDate>
      <types1:ModifiedBy/>
      <types1:PublicationStatus>published</types1:PublicationStatus>
      <types1:PublishedBy>sorabh@na1.dm-us.org</types1:PublishedBy>
      <types1:PublicationDate>2019-02-12T01:15:50Z</types1:PublicationDate>
      <types1:PublishedContributionId>project:/rt.connector/Oracle_Cloud_Infrastructure_Compute_Orchestrations_API_v18_1_2/Oracle_Cloud_Infrastructure_Compute_Orchestrations_API_v18_1_2_svcDef.xml</types1:PublishedContributionId>
      <types1:AutosaveExists>false</types1:AutosaveExists>
      <types1:Entry>
         <businessConnector xmlns="http://schemas.informatica.com/socrates/data-services/2014/05/business-connector-model.xsd"
                            agentOnly="false"
                            debug="false"
                            displayName="Oracle Cloud Infrastructure Compute Orchestrations API v18-1-2"
                            label=""
                            name="Oracle_Cloud_Infrastructure_Compute_Orchestrations_API_v18-1-2"
                            uuid="63d1a295-09e8-4592-91e3-6a674ab97191">
            <description>An orchestration defines the attributes and interdependencies of a collection of compute, networking, and storage resources in Compute Classic. You can use orchestrations to automate the provisioning and lifecycle operations of an entire virtual compute topology.&lt;p&gt;After creating an orchestration (in a JSON-formatted file) and adding it to Compute Classic, you can trigger the creation and removal all the resources defined in the orchestration with a single step.&lt;p&gt;An orchestration contains one or more object plans (&lt;code&gt;oplans&lt;/code&gt;). The attributes that you can specify in an &lt;code&gt;oplan&lt;/code&gt; vary depending on the object type (&lt;code&gt;obj_type&lt;/code&gt;). For detailed information about the object types that you can create by using orchestrations and the attributes for each object type, see &lt;a target="_blank" href="http://www.oracle.com/pls/topic/lookup?ctx=stcomputecs&amp;id=STCSG-GUID-F0CC66F5-265B-4F21-9029-84AF86036D0A"&gt;Attributes in Orchestrations&lt;/a&gt; in &lt;em&gt;Using Oracle Cloud Infrastructure Compute Classic&lt;/em&gt;.&lt;p&gt;You can add, start, stop, get, update, and delete orchestrations using the following HTTP requests:</description>
            <tags/>
            <connectionAttributes xmlns="http://schemas.informatica.com/appmodules/screenflow/2014/04/avosConnectors.xsd">
               <connectionAttribute description="Host Name"
                                    masked="false"
                                    name="hostName"
                                    required="true"
                                    testWith="apicatalog.oraclecloud.com"
                                    type="string"/>
            </connectionAttributes>
            <actions>
               <action category="Orchestrations"
                       failOnError="true"
                       forSearch="false"
                       label="getOrchestration"
                       maxRedirects="100"
                       name="getOrchestration"
                       preemptiveAuth="true"
                       responseEncoding="">
                  <description>Retrieve Details of an Orchestration. &lt;b&gt;Required Role: &lt;/b&gt;To complete this task, you must have the &lt;code&gt;Compute_Monitor&lt;/code&gt; or &lt;code&gt;Compute_Operations&lt;/code&gt; role. If this role isn't assigned to you or you're not sure, then ask your system administrator to ensure that the role is assigned to you in Oracle Cloud My Services. See &lt;a target="_blank" href="http://www.oracle.com/pls/topic/lookup?ctx=stcomputecs&amp;id=MMOCS-GUID-54C2E747-7D5B-451C-A39C-77936178EBB6"&gt;Modifying User Roles&lt;/a&gt; in &lt;em&gt;Managing and Monitoring Oracle Cloud&lt;/em&gt;.</description>
                  <input>
                     <parameter description="&lt;p&gt;The three-part name of the object (&lt;code&gt;/Compute-&lt;em&gt;identity_domain&lt;/em&gt;/&lt;em&gt;user&lt;/em&gt;/&lt;em&gt;object&lt;/em&gt;&lt;/code&gt;)."
                                label="namePathParam"
                                name="namePathParam"
                                nogen="true"
                                required="true"
                                testWith=""
                                type="string"/>
                     <parameter description="The Cookie: header must be included with every request to the service. It must be set to the value of the set-cookie header in the response received to the POST /authenticate/ call."
                                label="Cookie"
                                name="Cookie"
                                nogen="true"
                                required="false"
                                testWith=""
                                type="string"/>
                  </input>
                  <binding>
                     <restSimpleBinding multiUsing="semicolonSeparated"
                                        url="http://{$hostName}/orchestration/{$namePathParam}"
                                        verb="GET">
                        <httpHeaders>
                           <header name="Content-Type">application/oracle-compute-v3+json</header>
                           <header name="Accept">application/oracle-compute-v3+json</header>
                           <header name="Cookie">{$Cookie}</header>
                        </httpHeaders>
                     </restSimpleBinding>
                  </binding>
                  <output>
                     <field description="OK. See &lt;a class=&#34;xref&#34; href=&#34;Status%20Codes.html&#34;&gt;Status Codes&lt;/a&gt; for information about other possible HTTP status codes."
                            entireResponse="true"
                            name="Orchestration_response"
                            type="reference">
                        <options>
                           <option name="referenceTo">Orchestration_response</option>
                        </options>
                     </field>
                  </output>
               </action>
               <action category="Orchestrations"
                       failOnError="true"
                       forSearch="false"
                       label="deleteOrchestration"
                       maxRedirects="100"
                       name="deleteOrchestration"
                       preemptiveAuth="true"
                       responseEncoding="">
                  <description>Delete an Orchestration. Deletes an orchestration from the system. The orchestration must be stopped to be deleted. All the objects created by the orchestration are deleted when you stop the orchestration. No response is returned for the delete action.&lt;p&gt;&lt;b&gt;Required Role: &lt;/b&gt;To complete this task, you must have the &lt;code&gt;Compute_Operations&lt;/code&gt; role. If this role isn't assigned to you or you're not sure, then ask your system administrator to ensure that the role is assigned to you in Oracle Cloud My Services. See &lt;a target="_blank" href="http://www.oracle.com/pls/topic/lookup?ctx=stcomputecs&amp;id=MMOCS-GUID-54C2E747-7D5B-451C-A39C-77936178EBB6"&gt;Modifying User Roles&lt;/a&gt; in &lt;em&gt;Managing and Monitoring Oracle Cloud&lt;/em&gt;.</description>
                  <input>
                     <parameter description="&lt;p&gt;The three-part name of the object (&lt;code&gt;/Compute-&lt;em&gt;identity_domain&lt;/em&gt;/&lt;em&gt;user&lt;/em&gt;/&lt;em&gt;object&lt;/em&gt;&lt;/code&gt;)."
                                label="namePathParam"
                                name="namePathParam"
                                nogen="true"
                                required="true"
                                testWith=""
                                type="string"/>
                     <parameter description="The Cookie: header must be included with every request to the service. It must be set to the value of the set-cookie header in the response received to the POST /authenticate/ call."
                                label="Cookie"
                                name="Cookie"
                                nogen="true"
                                required="false"
                                testWith=""
                                type="string"/>
                  </input>
                  <binding>
                     <restSimpleBinding multiUsing="semicolonSeparated"
                                        url="http://{$hostName}/orchestration/{$namePathParam}"
                                        verb="DELETE">
                        <httpHeaders>
                           <header name="Content-Type">application/oracle-compute-v3+json</header>
                           <header name="Accept">application/oracle-compute-v3+json</header>
                           <header name="Cookie">{$Cookie}</header>
                        </httpHeaders>
                     </restSimpleBinding>
                  </binding>
                  <output/>
               </action>
               <action category="Orchestrations"
                       failOnError="true"
                       forSearch="false"
                       label="updateOrchestration"
                       maxRedirects="100"
                       name="updateOrchestration"
                       preemptiveAuth="true"
                       responseEncoding="">
                  <description>Update an Orchestration. Updates an orchestration. You can update an orchestration by modifying the orchestration JSON file. Ensure that you specify the name of the orchestration that you want to update in the updated orchestration JSON file.&lt;p&gt;You can update orchestrations when they are in one of the following states: &lt;code&gt;stopped&lt;/code&gt; and &lt;code&gt;running&lt;/code&gt;.&lt;p&gt;Depending on the state of an orchestration, you can make the following updates:&lt;ul&gt;&lt;li&gt;When an orchestration is in the &lt;code&gt;stopped&lt;/code&gt; state, you can update all the oplan attributes, add oplans, or remove oplans.&lt;/li&gt;&lt;li&gt;When an orchestration is running, you can only modify the HA policy of the existing oplans. You cannot modify any other attributes of the existing oplans. You can add or remove oplans at runtime.&lt;/li&gt;&lt;/ul&gt;&lt;p&gt;When you update an orchestration, the name of the orchestration must be specified in the PUT body.&lt;p&gt;&lt;b&gt;Required Role: &lt;/b&gt;To complete this task, you must have the &lt;code&gt;Compute_Operations&lt;/code&gt; role. If this role isn't assigned to you or you're not sure, then ask your system administrator to ensure that the role is assigned to you in Oracle Cloud My Services. See &lt;a target="_blank" href="http://www.oracle.com/pls/topic/lookup?ctx=stcomputecs&amp;id=MMOCS-GUID-54C2E747-7D5B-451C-A39C-77936178EBB6"&gt;Modifying User Roles&lt;/a&gt; in &lt;em&gt;Managing and Monitoring Oracle Cloud&lt;/em&gt;.</description>
                  <input>
                     <parameter description="&lt;p&gt;The three-part name of the object (&lt;code&gt;/Compute-&lt;em&gt;identity_domain&lt;/em&gt;/&lt;em&gt;user&lt;/em&gt;/&lt;em&gt;object&lt;/em&gt;&lt;/code&gt;)."
                                label="namePathParam"
                                name="namePathParam"
                                nogen="true"
                                required="true"
                                testWith=""
                                type="string"/>
                     <parameter description="Use the query argument action=START/STOP to start/stop an orchestration immediately.&lt;ul&gt;&lt;li&gt;Specify the &lt;code&gt;action=START&lt;/code&gt; query argument to immediately start an orchestration that has already been added to the system.&lt;p&gt;Starting an orchestration creates all the objects defined in the orchestration. The status of the orchestration changes over time. You can view the details of the orchestration to see the status as the orchestration progresses.&lt;/p&gt;&lt;p&gt;&lt;b&gt;Note: &lt;/b&gt;If the orchestration is in a scheduled state, you must stop the orchestration to cancel the schedule before you can start the orchestration. See Stop an Orchestration. After stopping the orchestration, you can either start it immediately, or update the orchestration to specify a new start time.&lt;/li&gt;&lt;li&gt;Specify the &lt;code&gt;action=STOP&lt;/code&gt; query argument to immediately stop a running orchestration. Stopping an orchestration deletes all objects that were created by the orchestration. The status of the orchestration changes over time. You can get the details of the orchestration to view the status as the orchestration stops.&lt;p&gt;&lt;b&gt;Note: &lt;/b&gt;If you want to stop an orchestration at some future time, you should update the orchestration object and specify the &lt;code&gt;stop_time&lt;/code&gt; in the request body.&lt;/p&gt;&lt;/li&gt;&lt;/ul&gt;"
                                label="action"
                                name="action"
                                required="false"
                                testWith=""
                                type="string"/>
                     <parameter label="body"
                                name="body"
                                required="false"
                                testWith=""
                                type="reference">
                        <options>
                           <option name="referenceTo">Orchestration_put_request</option>
                        </options>
                     </parameter>
                     <parameter description="The Cookie: header must be included with every request to the service. It must be set to the value of the set-cookie header in the response received to the POST /authenticate/ call."
                                label="Cookie"
                                name="Cookie"
                                nogen="true"
                                required="false"
                                testWith=""
                                type="string"/>
                  </input>
                  <binding>
                     <restSimpleBinding multiUsing="semicolonSeparated"
                                        url="http://{$hostName}/orchestration/{$namePathParam}"
                                        verb="PUT">
                        <httpHeaders>
                           <header name="Content-Type">application/oracle-compute-v3+json</header>
                           <header name="Accept">application/oracle-compute-v3+json</header>
                           <header name="Cookie">{$Cookie}</header>
                        </httpHeaders>
                        <body generateUsing="UnwrappedJSON" preserveJsonStringFormatting="false"/>
                     </restSimpleBinding>
                  </binding>
                  <output>
                     <field description="OK. See &lt;a class=&#34;xref&#34; href=&#34;Status%20Codes.html&#34;&gt;Status Codes&lt;/a&gt; for information about other possible HTTP status codes."
                            entireResponse="true"
                            name="Orchestration_response"
                            type="reference">
                        <options>
                           <option name="referenceTo">Orchestration_response</option>
                        </options>
                     </field>
                  </output>
               </action>
               <action category="Orchestrations"
                       failOnError="true"
                       forSearch="false"
                       label="addOrchestration"
                       maxRedirects="100"
                       name="addOrchestration"
                       preemptiveAuth="true"
                       responseEncoding="">
                  <description>Add an Orchestration. Adds an orchestration to Compute Classic.&lt;p&gt;After adding an orchestration, you can start the orchestration by using the HTTP request /orchestration/{name}?action=START to create all the objects you have defined in the orchestration JSON file. See &lt;a class="xref" href="op-orchestration-{name}-put.html"&gt;Update an Orchestration&lt;/a&gt;.&lt;p&gt;&lt;b&gt;Required Role: &lt;/b&gt;To complete this task, you must have the &lt;code&gt;Compute_Operations&lt;/code&gt; role. If this role isn't assigned to you or you're not sure, then ask your system administrator to ensure that the role is assigned to you in Oracle Cloud My Services. See &lt;a target="_blank" href="http://www.oracle.com/pls/topic/lookup?ctx=stcomputecs&amp;id=MMOCS-GUID-54C2E747-7D5B-451C-A39C-77936178EBB6"&gt;Modifying User Roles&lt;/a&gt; in &lt;em&gt;Managing and Monitoring Oracle Cloud&lt;/em&gt;.</description>
                  <input>
                     <parameter label="body"
                                name="body"
                                required="true"
                                testWith=""
                                type="reference">
                        <options>
                           <option name="referenceTo">Orchestration_post_request</option>
                        </options>
                     </parameter>
                     <parameter description="The Cookie: header must be included with every request to the service. It must be set to the value of the set-cookie header in the response received to the POST /authenticate/ call."
                                label="Cookie"
                                name="Cookie"
                                nogen="true"
                                required="false"
                                testWith=""
                                type="string"/>
                  </input>
                  <binding>
                     <restSimpleBinding multiUsing="semicolonSeparated"
                                        url="http://{$hostName}/orchestration/"
                                        verb="POST">
                        <httpHeaders>
                           <header name="Content-Type">application/oracle-compute-v3+json</header>
                           <header name="Accept">application/oracle-compute-v3+json</header>
                           <header name="Cookie">{$Cookie}</header>
                        </httpHeaders>
                        <body generateUsing="UnwrappedJSON" preserveJsonStringFormatting="false"/>
                     </restSimpleBinding>
                  </binding>
                  <output/>
               </action>
               <action category="Orchestrations"
                       failOnError="true"
                       forSearch="false"
                       label="discoverRootOrchestration"
                       maxRedirects="100"
                       name="discoverRootOrchestration"
                       preemptiveAuth="true"
                       responseEncoding="">
                  <description>Retrieve Names of Containers. Retrieves the names of containers that contain objects that you can access. You can use this information to construct the multipart name of an object.&lt;p&gt;&lt;b&gt;Required Role: &lt;/b&gt;To complete this task, you must have the &lt;code&gt;Compute_Monitor&lt;/code&gt; or &lt;code&gt;Compute_Operations&lt;/code&gt; role. If this role isn't assigned to you or you're not sure, then ask your system administrator to ensure that the role is assigned to you in Oracle Cloud My Services. See &lt;a target="_blank" href="http://www.oracle.com/pls/topic/lookup?ctx=stcomputecs&amp;id=MMOCS-GUID-54C2E747-7D5B-451C-A39C-77936178EBB6"&gt;Modifying User Roles&lt;/a&gt; in &lt;em&gt;Managing and Monitoring Oracle Cloud&lt;/em&gt;.</description>
                  <input>
                     <parameter description="The Cookie: header must be included with every request to the service. It must be set to the value of the set-cookie header in the response received to the POST /authenticate/ call."
                                label="Cookie"
                                name="Cookie"
                                nogen="true"
                                required="false"
                                testWith=""
                                type="string"/>
                  </input>
                  <binding>
                     <restSimpleBinding multiUsing="semicolonSeparated"
                                        url="http://{$hostName}/orchestration/"
                                        verb="GET">
                        <httpHeaders>
                           <header name="Content-Type">application/oracle-compute-v3+json</header>
                           <header name="Accept">application/oracle-compute-v3+directory+json</header>
                           <header name="Cookie">{$Cookie}</header>
                        </httpHeaders>
                     </restSimpleBinding>
                  </binding>
                  <output>
                     <field description="OK. See &lt;a class=&#34;xref&#34; href=&#34;Status%20Codes.html&#34;&gt;Status Codes&lt;/a&gt; for information about other possible HTTP status codes."
                            entireResponse="true"
                            name="Orchestration_discover_response"
                            type="reference">
                        <options>
                           <option name="referenceTo">Orchestration_discover_response</option>
                        </options>
                     </field>
                  </output>
               </action>
               <action category="Orchestrations"
                       failOnError="true"
                       forSearch="false"
                       label="listOrchestration"
                       maxRedirects="100"
                       name="listOrchestration"
                       preemptiveAuth="true"
                       responseEncoding="">
                  <description>Retrieve Details of all Orchestrations in a Container. Retrieves details of the orchestrations that are available in the specified container and match the specified query criteria. If you don't specify any query criteria, then details of all the orchestrations in the container are displayed. To filter the search results, you can pass one or more of the following query parameters, by appending them to the URI in the following syntax:&lt;p&gt;&lt;code&gt;?parameter1=value1&amp;ampparameter2=value2&amp;ampparameterN=valueN&lt;/code&gt;&lt;p&gt;&lt;b&gt;Required Role: &lt;/b&gt;To complete this task, you must have the &lt;code&gt;Compute_Monitor&lt;/code&gt; or &lt;code&gt;Compute_Operations&lt;/code&gt; role. If this role isn't assigned to you or you're not sure, then ask your system administrator to ensure that the role is assigned to you in Oracle Cloud My Services. See &lt;a target="_blank" href="http://www.oracle.com/pls/topic/lookup?ctx=stcomputecs&amp;id=MMOCS-GUID-54C2E747-7D5B-451C-A39C-77936178EBB6"&gt;Modifying User Roles&lt;/a&gt; in &lt;em&gt;Managing and Monitoring Oracle Cloud&lt;/em&gt;.</description>
                  <input>
                     <parameter description="&lt;p&gt;&lt;code&gt;/Compute-&lt;em&gt;identity_domain&lt;/em&gt;/&lt;em&gt;user&lt;/em&gt;&lt;/code&gt; or &lt;p&gt;&lt;code&gt;/Compute-&lt;em&gt;identity_domain&lt;/em&gt;&lt;/code&gt;"
                                label="containerPathParam"
                                name="containerPathParam"
                                nogen="true"
                                required="true"
                                testWith=""
                                type="string"/>
                     <parameter description="&lt;p&gt;Specify one of the following values:&lt;p&gt;starting&lt;p&gt;scheduled&lt;p&gt;ready&lt;p&gt;updating&lt;p&gt;error&lt;p&gt;stopping&lt;p&gt;stopped"
                                label="status"
                                name="status"
                                required="false"
                                testWith=""
                                type="string"/>
                     <parameter description="The Cookie: header must be included with every request to the service. It must be set to the value of the set-cookie header in the response received to the POST /authenticate/ call."
                                label="Cookie"
                                name="Cookie"
                                nogen="true"
                                required="false"
                                testWith=""
                                type="string"/>
                  </input>
                  <binding>
                     <restSimpleBinding multiUsing="semicolonSeparated"
                                        url="http://{$hostName}/orchestration/{$containerPathParam}/"
                                        verb="GET">
                        <httpHeaders>
                           <header name="Content-Type">application/oracle-compute-v3+json</header>
                           <header name="Accept">application/oracle-compute-v3+json</header>
                           <header name="Cookie">{$Cookie}</header>
                        </httpHeaders>
                     </restSimpleBinding>
                  </binding>
                  <output>
                     <field description="OK. See &lt;a class=&#34;xref&#34; href=&#34;Status%20Codes.html&#34;&gt;Status Codes&lt;/a&gt; for information about other possible HTTP status codes."
                            entireResponse="true"
                            name="Orchestration_list_response"
                            type="reference">
                        <options>
                           <option name="referenceTo">Orchestration_list_response</option>
                        </options>
                     </field>
                  </output>
               </action>
               <action category="Orchestrations"
                       failOnError="true"
                       forSearch="false"
                       label="discoverOrchestration"
                       maxRedirects="100"
                       name="discoverOrchestration"
                       preemptiveAuth="true"
                       responseEncoding="">
                  <description>Retrieve Names of all Orchestrations and Subcontainers in a Container. Retrieves the names of objects and subcontainers that you can access in the specified container.&lt;p&gt;&lt;b&gt;Required Role: &lt;/b&gt;To complete this task, you must have the &lt;code&gt;Compute_Monitor&lt;/code&gt; or &lt;code&gt;Compute_Operations&lt;/code&gt; role. If this role isn't assigned to you or you're not sure, then ask your system administrator to ensure that the role is assigned to you in Oracle Cloud My Services. See &lt;a target="_blank" href="http://www.oracle.com/pls/topic/lookup?ctx=stcomputecs&amp;id=MMOCS-GUID-54C2E747-7D5B-451C-A39C-77936178EBB6"&gt;Modifying User Roles&lt;/a&gt; in &lt;em&gt;Managing and Monitoring Oracle Cloud&lt;/em&gt;.</description>
                  <input>
                     <parameter description="Specify &lt;code&gt;/Compute-&lt;i&gt;identityDomain&lt;/i&gt;/&lt;i&gt;user&lt;/i&gt;/&lt;/code&gt; to retrieve the names of objects that you can access. Specify &lt;code&gt;/Compute-&lt;i&gt;identityDomain&lt;/i&gt;/&lt;/code&gt; to retrieve the names of containers that contain objects that you can access."
                                label="containerPathParam"
                                name="containerPathParam"
                                nogen="true"
                                required="true"
                                testWith=""
                                type="string"/>
                     <parameter description="The Cookie: header must be included with every request to the service. It must be set to the value of the set-cookie header in the response received to the POST /authenticate/ call."
                                label="Cookie"
                                name="Cookie"
                                nogen="true"
                                required="false"
                                testWith=""
                                type="string"/>
                  </input>
                  <binding>
                     <restSimpleBinding multiUsing="semicolonSeparated"
                                        url="http://{$hostName}/orchestration/{$containerPathParam}"
                                        verb="GET">
                        <httpHeaders>
                           <header name="Content-Type">application/oracle-compute-v3+json</header>
                           <header name="Accept">application/oracle-compute-v3+directory+json</header>
                           <header name="Cookie">{$Cookie}</header>
                        </httpHeaders>
                     </restSimpleBinding>
                  </binding>
                  <output>
                     <field description="OK. See &lt;a class=&#34;xref&#34; href=&#34;Status%20Codes.html&#34;&gt;Status Codes&lt;/a&gt; for information about other possible HTTP status codes."
                            entireResponse="true"
                            name="Orchestration_discover_response"
                            type="reference">
                        <options>
                           <option name="referenceTo">Orchestration_discover_response</option>
                        </options>
                     </field>
                  </output>
               </action>
            </actions>
            <objects>
               <processObject xmlns="http://schemas.active-endpoints.com/appmodules/screenflow/2011/06/avosHostEnvironment.xsd"
                              isByCopy="true"
                              name="HourlyInterval">
                  <description/>
                  <detail/>
               </processObject>
               <processObject xmlns="http://schemas.active-endpoints.com/appmodules/screenflow/2011/06/avosHostEnvironment.xsd"
                              isByCopy="true"
                              name="OPlan_post_request">
                  <description>The request body contains details of the oplan that you want to create. </description>
                  <detail>
                     <field name="ha_policy" type="string"/>
                     <field name="objects" type="objectlist">
                        <options>
                           <option name="referenceTo">string</option>
                           <option name="relationshipName">Child</option>
                        </options>
                     </field>
                     <field name="obj_type" type="string"/>
                     <field name="label" type="string"/>
                  </detail>
               </processObject>
               <processObject xmlns="http://schemas.active-endpoints.com/appmodules/screenflow/2011/06/avosHostEnvironment.xsd"
                              isByCopy="true"
                              name="Orchestration_put_request">
                  <description>The request body contains details of the orchestration that you want to update. &lt;p&gt;For more information about parameters of the request body, see &lt;a target="_blank" href="http://www.oracle.com/pls/topic/lookup?ctx=stcomputecs&amp;id=STCSG-GUID-F0CC66F5-265B-4F21-9029-84AF86036D0A"&gt;Attributes in Orchestrations&lt;/a&gt; in &lt;em&gt;Using Oracle Cloud Infrastructure Compute Classic&lt;/em&gt;.</description>
                  <detail>
                     <field name="relationships" type="object"/>
                     <field name="schedule" type="object"/>
                     <field name="name" type="string"/>
                     <field name="description" type="string"/>
                     <field name="oplans" type="objectlist">
                        <options>
                           <option name="referenceTo">OPlan_post_request</option>
                           <option name="relationshipName">Child</option>
                        </options>
                     </field>
                  </detail>
               </processObject>
               <processObject xmlns="http://schemas.active-endpoints.com/appmodules/screenflow/2011/06/avosHostEnvironment.xsd"
                              isByCopy="true"
                              name="Orchestration_list_response">
                  <description/>
                  <detail>
                     <field name="result" type="objectlist">
                        <options>
                           <option name="referenceTo">Orchestration_response</option>
                           <option name="relationshipName">Child</option>
                        </options>
                     </field>
                  </detail>
               </processObject>
               <processObject xmlns="http://schemas.active-endpoints.com/appmodules/screenflow/2011/06/avosHostEnvironment.xsd"
                              isByCopy="true"
                              name="Orchestration_response">
                  <description/>
                  <detail>
                     <field name="relationships" type="object"/>
                     <field name="schedule" type="object"/>
                     <field name="name" type="string"/>
                     <field name="description" type="string"/>
                     <field name="status_timestamp" type="string"/>
                     <field name="uri" type="string"/>
                     <field name="oplans" type="objectlist">
                        <options>
                           <option name="referenceTo">OPlan_response</option>
                           <option name="relationshipName">Child</option>
                        </options>
                     </field>
                     <field name="user" type="string"/>
                     <field name="account" type="string"/>
                     <field name="info" type="object"/>
                     <field name="status" type="string"/>
                  </detail>
               </processObject>
               <processObject xmlns="http://schemas.active-endpoints.com/appmodules/screenflow/2011/06/avosHostEnvironment.xsd"
                              isByCopy="true"
                              name="DailyWeeklyInterval">
                  <description/>
                  <detail/>
               </processObject>
               <processObject xmlns="http://schemas.active-endpoints.com/appmodules/screenflow/2011/06/avosHostEnvironment.xsd"
                              isByCopy="true"
                              name="Interval">
                  <description>There are two kinds of Intervals. Each Interval has its own JSON format. Your Interval field should look like one of the following:&lt;p&gt;&lt;ul&gt;&lt;li&gt;&lt;code&gt;"interval":{"Hourly":{"hourlyInterval":2}}&lt;/code&gt;&lt;/li&gt;&lt;li&gt;&lt;code&gt;{"DailyWeekly":{"daysOfWeek":["MONDAY"],"timeOfDay":"03:15","userTimeZone":"America/Los_Angeles"}}&lt;/code&gt;&lt;/li&gt;&lt;/ul&gt;&lt;p&gt;Days of the week is any day of the week fully capitalized (MONDAY, TUESDAY, etc). The user time zone is any IANA user timezone.  For example user time zones see &lt;a href="https://en.wikipedia.org/wiki/IANA_time_zone_database"&gt;List of IANA time zones&lt;/a&gt;.</description>
                  <detail/>
               </processObject>
               <processObject xmlns="http://schemas.active-endpoints.com/appmodules/screenflow/2011/06/avosHostEnvironment.xsd"
                              isByCopy="true"
                              name="OPlan_response">
                  <description/>
                  <detail>
                     <field name="ha_policy" type="string"/>
                     <field name="objects" type="objectlist">
                        <options>
                           <option name="referenceTo">string</option>
                           <option name="relationshipName">Child</option>
                        </options>
                     </field>
                     <field name="obj_type" type="string"/>
                     <field name="label" type="string"/>
                     <field name="status_timestamp" type="string"/>
                     <field name="info" type="object"/>
                     <field name="status" type="string"/>
                  </detail>
               </processObject>
               <processObject xmlns="http://schemas.active-endpoints.com/appmodules/screenflow/2011/06/avosHostEnvironment.xsd"
                              isByCopy="true"
                              name="Orchestration_discover_response">
                  <description/>
                  <detail>
                     <field name="result" type="objectlist">
                        <options>
                           <option name="referenceTo">string</option>
                           <option name="relationshipName">Child</option>
                        </options>
                     </field>
                  </detail>
               </processObject>
               <processObject xmlns="http://schemas.active-endpoints.com/appmodules/screenflow/2011/06/avosHostEnvironment.xsd"
                              isByCopy="true"
                              name="Orchestration_post_request">
                  <description>The request body contains details of the orchestration that you want to create. &lt;p&gt;For more information about parameters of the request body, see &lt;a target="_blank" href="http://www.oracle.com/pls/topic/lookup?ctx=stcomputecs&amp;id=STCSG-GUID-F0CC66F5-265B-4F21-9029-84AF86036D0A"&gt;Attributes in Orchestrations&lt;/a&gt; in &lt;em&gt;Using Oracle Cloud Infrastructure Compute Classic&lt;/em&gt;.</description>
                  <detail>
                     <field name="relationships" type="object"/>
                     <field name="schedule" type="object"/>
                     <field name="name" type="string"/>
                     <field name="description" type="string"/>
                     <field name="oplans" type="objectlist">
                        <options>
                           <option name="referenceTo">OPlan_post_request</option>
                           <option name="relationshipName">Child</option>
                        </options>
                     </field>
                  </detail>
               </processObject>
               <processObject xmlns="http://schemas.active-endpoints.com/appmodules/screenflow/2011/06/avosHostEnvironment.xsd"
                              isByCopy="true"
                              name="string">
                  <description/>
                  <detail>
                     <field name="string" type="string"/>
                  </detail>
               </processObject>
               <processObject xmlns="http://schemas.active-endpoints.com/appmodules/screenflow/2011/06/avosHostEnvironment.xsd"
                              isByCopy="true"
                              name="boolean">
                  <description/>
                  <detail>
                     <field name="boolean" type="boolean"/>
                  </detail>
               </processObject>
               <processObject xmlns="http://schemas.active-endpoints.com/appmodules/screenflow/2011/06/avosHostEnvironment.xsd"
                              isByCopy="true"
                              name="double">
                  <description/>
                  <detail>
                     <field name="double" type="double"/>
                  </detail>
               </processObject>
               <processObject xmlns="http://schemas.active-endpoints.com/appmodules/screenflow/2011/06/avosHostEnvironment.xsd"
                              isByCopy="true"
                              name="integer">
                  <description/>
                  <detail>
                     <field name="integer" type="int"/>
                  </detail>
               </processObject>
            </objects>
         </businessConnector>
      </types1:Entry>
      <types1:GUID>apgvCcbpHIIjYZHmO3YvKT</types1:GUID>
      <types1:DisplayName>Oracle Cloud Infrastructure Compute Orchestrations API v18-1-2</types1:DisplayName>
   </types1:Item>
   <types1:CurrentServerDateTime>2019-02-25T09:24:12.091Z</types1:CurrentServerDateTime>
</aetgt:getResponse>
