<aetgt:getResponse xmlns:aetgt="http://schemas.active-endpoints.com/appmodules/repository/2010/10/avrepository.xsd"
                   xmlns:types1="http://schemas.active-endpoints.com/appmodules/repository/2010/10/avrepository.xsd">
   <types1:Item>
      <types1:EntryId>2IuAaabbfZk9EW4-gt-8210724-2019-11-08T08:21:13.869Z::svc.xml</types1:EntryId>
      <types1:Name>SAP_S4HANA_Warehouse_Resource_-A2X-_API_v1</types1:Name>
      <types1:MimeType>application/xml+businesssconnector</types1:MimeType>
      <types1:Description>You can use this service to integrate external  applications with warehouse resources in SAP S/4HANA  Cloud. In every API call, you can make use of the  following operations:
 - You can retrieve warehouse  resources. Apply any of the filters provided or retrieve  all existing data.
 - You can create and delete  warehouse resources.
 - You can update existing  warehouse resources (log on, log off).</types1:Description>
      <types1:AppliesTo/>
      <types1:Tags/>
      <types1:VersionLabel>1.0</types1:VersionLabel>
      <types1:State>CURRENT</types1:State>
      <types1:ProcessGroup/>
      <types1:CreatedBy>sorabh@na1.dm-us.org</types1:CreatedBy>
      <types1:CreationDate>2019-11-08T08:21:14Z</types1:CreationDate>
      <types1:ModifiedBy>sorabh@na1.dm-us.org</types1:ModifiedBy>
      <types1:ModificationDate>2019-11-12T08:53:14Z</types1:ModificationDate>
      <types1:PublicationStatus>published</types1:PublicationStatus>
      <types1:PublishedBy>sorabh@na1.dm-us.org</types1:PublishedBy>
      <types1:PublicationDate>2019-11-12T08:53:19Z</types1:PublicationDate>
      <types1:PublishedContributionId>project:/rt.connector/SAP_S4HANA_Warehouse_Resource__A2X__API_v1/SAP_S4HANA_Warehouse_Resource__A2X__API_v1_svcDef.xml</types1:PublishedContributionId>
      <types1:AutosaveExists>false</types1:AutosaveExists>
      <types1:Entry>
         <businessConnector xmlns="http://schemas.informatica.com/socrates/data-services/2014/05/business-connector-model.xsd"
                            agentOnly="false"
                            debug="false"
                            displayName="SAP S4HANA Warehouse Resource -A2X- API v1"
                            label=""
                            name="SAP_S4HANA_Warehouse_Resource_-A2X-_API_v1"
                            uuid="08443dcc-ba8c-424b-9f35-6cea0915297a">
            <description>You can use this service to integrate external  applications with warehouse resources in SAP S/4HANA  Cloud. In every API call, you can make use of the  following operations:
 - You can retrieve warehouse  resources. Apply any of the filters provided or retrieve  all existing data.
 - You can create and delete  warehouse resources.
 - You can update existing  warehouse resources (log on, log off).</description>
            <tags/>
            <connectionAttributes xmlns="http://schemas.informatica.com/appmodules/screenflow/2014/04/avosConnectors.xsd">
               <connectionAttribute description="Host Name"
                                    masked="false"
                                    name="hostName"
                                    required="true"
                                    testWith="sandbox.api.sap.com"
                                    type="string"/>
               <connectionAttribute description="User Name"
                                    masked="false"
                                    name="username"
                                    required="true"
                                    testWith=""
                                    type="string"/>
               <connectionAttribute description="Password"
                                    masked="true"
                                    name="password"
                                    required="true"
                                    testWith=""
                                    type="string"/>
            </connectionAttributes>
            <actions>
               <action category="Batch Requests"
                       failOnError="true"
                       forSearch="false"
                       label="POST_batch"
                       maxRedirects="100"
                       name="POST_batch"
                       preemptiveAuth="true"
                       responseEncoding="">
                  <description>Send a group of requests. Group multiple requests into a single request payload, see [Batch Requests](http://docs.oasis-open.org/odata/odata/v4.01/odata-v4.01-part1-protocol.html#sec_BatchRequests).</description>
                  <input>
                     <parameter description="Batch request"
                                label="requestBody"
                                name="requestBody"
                                required="false"
                                testWith=""
                                type="string"/>
                  </input>
                  <binding>
                     <restSimpleBinding multiUsing="semicolonSeparated"
                                        url="https://{$hostName}/s4hanacloud/sap/opu/odata/sap/API_WAREHOUSE_RESOURCE/$batch"
                                        verb="POST">
                        <authentication>
                           <username>{$username}</username>
                           <password>{$password}</password>
                           <isExpressionInPassword>true</isExpressionInPassword>
                        </authentication>
                        <httpHeaders>
                           <header name="Content-Type">multipart/mixed;boundary=request-separator</header>
                           <header name="Accept">multipart/mixed</header>
                        </httpHeaders>
                        <body>{$requestBody}</body>
                     </restSimpleBinding>
                  </binding>
                  <output/>
               </action>
               <action category="WarehouseResource"
                       failOnError="true"
                       forSearch="false"
                       label="POST_WarehouseResource"
                       maxRedirects="100"
                       name="POST_WarehouseResource"
                       preemptiveAuth="true"
                       responseEncoding="">
                  <description>Add new entity to WarehouseResource</description>
                  <input>
                     <parameter description="New entity"
                                label="WarehouseResourceType"
                                name="WarehouseResourceType"
                                required="false"
                                testWith=""
                                type="reference">
                        <options>
                           <option name="referenceTo">cds_api_warehouse_resource_WarehouseResourceType_create</option>
                        </options>
                     </parameter>
                  </input>
                  <binding>
                     <restSimpleBinding multiUsing="semicolonSeparated"
                                        url="https://{$hostName}/s4hanacloud/sap/opu/odata/sap/API_WAREHOUSE_RESOURCE/WarehouseResource"
                                        verb="POST">
                        <authentication>
                           <username>{$username}</username>
                           <password>{$password}</password>
                           <isExpressionInPassword>true</isExpressionInPassword>
                        </authentication>
                        <httpHeaders>
                           <header name="Content-Type">application/json</header>
                           <header name="Accept">application/json</header>
                        </httpHeaders>
                        <body generateUsing="UnwrappedJSON" preserveJsonStringFormatting="false"/>
                     </restSimpleBinding>
                  </binding>
                  <output/>
               </action>
               <action category="WarehouseResource"
                       failOnError="true"
                       forSearch="false"
                       label="GET_WarehouseResource"
                       maxRedirects="100"
                       name="GET_WarehouseResource"
                       preemptiveAuth="true"
                       responseEncoding="">
                  <description>Get entities from WarehouseResource</description>
                  <input>
                     <parameter description="Show only the first n items, see [Paging - Top](http://docs.oasis-open.org/odata/odata/v4.01/odata-v4.01-part1-protocol.html#sec_SystemQueryOptiontop)"
                                label="$top"
                                name="$top"
                                required="false"
                                testWith=""
                                type="int"/>
                     <parameter description="Skip the first n items, see [Paging - Skip](http://docs.oasis-open.org/odata/odata/v4.01/odata-v4.01-part1-protocol.html#sec_SystemQueryOptionskip)"
                                label="$skip"
                                name="$skip"
                                required="false"
                                testWith=""
                                type="int"/>
                     <parameter description="Filter items by property values, see [Filtering](http://docs.oasis-open.org/odata/odata/v4.01/odata-v4.01-part1-protocol.html#sec_SystemQueryOptionfilter)"
                                label="$filter"
                                name="$filter"
                                required="false"
                                testWith=""
                                type="string"/>
                     <parameter description="Include count of items, see [Count](http://www.odata.org/documentation/odata-version-2-0/uri-conventions/#InlinecountSystemQueryOption)"
                                label="$inlinecount"
                                name="$inlinecount"
                                required="false"
                                testWith=""
                                type="picklist">
                        <options>
                           <option name="values">[{"value":"allpages","label":"allpages"},{"value":"none","label":"none"}]</option>
                        </options>
                     </parameter>
                     <parameter description="Order items by property values, see [Sorting](http://docs.oasis-open.org/odata/odata/v4.01/odata-v4.01-part1-protocol.html#sec_SystemQueryOptionorderby)"
                                label="$orderby"
                                name="$orderby"
                                required="false"
                                testWith=""
                                type="picklist">
                        <options>
                           <option name="values">[{"value":"Warehouse","label":"Warehouse"},{"value":"Warehouse desc","label":"Warehouse desc"},{"value":"WarehouseResource","label":"WarehouseResource"},{"value":"WarehouseResource desc","label":"WarehouseResource desc"},{"value":"UserName","label":"UserName"},{"value":"UserName desc","label":"UserName desc"},{"value":"ResourceLogonDateTime","label":"ResourceLogonDateTime"},{"value":"ResourceLogonDateTime desc","label":"ResourceLogonDateTime desc"}]</option>
                        </options>
                     </parameter>
                     <parameter description="Select properties to be returned, see [Select](http://docs.oasis-open.org/odata/odata/v4.01/odata-v4.01-part1-protocol.html#sec_SystemQueryOptionselect)"
                                label="$select"
                                name="$select"
                                required="false"
                                testWith=""
                                type="picklist">
                        <options>
                           <option name="values">[{"value":"Warehouse","label":"Warehouse"},{"value":"WarehouseResource","label":"WarehouseResource"},{"value":"UserName","label":"UserName"},{"value":"ResourceLogonDateTime","label":"ResourceLogonDateTime"}]</option>
                        </options>
                     </parameter>
                  </input>
                  <binding>
                     <restSimpleBinding multiUsing="semicolonSeparated"
                                        url="https://{$hostName}/s4hanacloud/sap/opu/odata/sap/API_WAREHOUSE_RESOURCE/WarehouseResource"
                                        verb="GET">
                        <authentication>
                           <username>{$username}</username>
                           <password>{$password}</password>
                           <isExpressionInPassword>true</isExpressionInPassword>
                        </authentication>
                        <httpHeaders>
                           <header name="Content-Type">application/json</header>
                           <header name="Accept">application/json</header>
                        </httpHeaders>
                     </restSimpleBinding>
                  </binding>
                  <output>
                     <field description="Retrieved entities"
                            entireResponse="true"
                            name="entireResponse"
                            type="object"/>
                  </output>
               </action>
               <action category="WarehouseResource"
                       failOnError="true"
                       forSearch="false"
                       label="POST_LogonToWarehouseResource"
                       maxRedirects="100"
                       name="POST_LogonToWarehouseResource"
                       preemptiveAuth="true"
                       responseEncoding="">
                  <description>Invoke action LogonToWarehouseResource</description>
                  <input>
                     <parameter description="Warehouse Number  &#xA;(Value needs to be enclosed in single quotes)"
                                label="Warehouse"
                                name="Warehouse"
                                required="true"
                                testWith=""
                                type="string"/>
                     <parameter description="Resource  &#xA;(Value needs to be enclosed in single quotes)"
                                label="WarehouseResource"
                                name="WarehouseResource"
                                required="true"
                                testWith=""
                                type="string"/>
                  </input>
                  <binding>
                     <restSimpleBinding multiUsing="semicolonSeparated"
                                        url="https://{$hostName}/s4hanacloud/sap/opu/odata/sap/API_WAREHOUSE_RESOURCE/LogonToWarehouseResource"
                                        verb="POST">
                        <authentication>
                           <username>{$username}</username>
                           <password>{$password}</password>
                           <isExpressionInPassword>true</isExpressionInPassword>
                        </authentication>
                        <httpHeaders>
                           <header name="Content-Type">application/json</header>
                           <header name="Accept">application/json</header>
                        </httpHeaders>
                        <body generateUsing="UnwrappedJSON" preserveJsonStringFormatting="false"/>
                     </restSimpleBinding>
                  </binding>
                  <output>
                     <field description="Success"
                            entireResponse="true"
                            name="entireResponse"
                            type="object"/>
                  </output>
               </action>
               <action category="WarehouseResource"
                       failOnError="true"
                       forSearch="false"
                       label="POST_LogoffFromWarehouseResource"
                       maxRedirects="100"
                       name="POST_LogoffFromWarehouseResource"
                       preemptiveAuth="true"
                       responseEncoding="">
                  <description>Invoke action LogoffFromWarehouseResource</description>
                  <input>
                     <parameter description="Warehouse Number  &#xA;(Value needs to be enclosed in single quotes)"
                                label="Warehouse"
                                name="Warehouse"
                                required="true"
                                testWith=""
                                type="string"/>
                     <parameter description="Resource  &#xA;(Value needs to be enclosed in single quotes)"
                                label="WarehouseResource"
                                name="WarehouseResource"
                                required="true"
                                testWith=""
                                type="string"/>
                  </input>
                  <binding>
                     <restSimpleBinding multiUsing="semicolonSeparated"
                                        url="https://{$hostName}/s4hanacloud/sap/opu/odata/sap/API_WAREHOUSE_RESOURCE/LogoffFromWarehouseResource"
                                        verb="POST">
                        <authentication>
                           <username>{$username}</username>
                           <password>{$password}</password>
                           <isExpressionInPassword>true</isExpressionInPassword>
                        </authentication>
                        <httpHeaders>
                           <header name="Content-Type">application/json</header>
                           <header name="Accept">application/json</header>
                        </httpHeaders>
                        <body generateUsing="UnwrappedJSON" preserveJsonStringFormatting="false"/>
                     </restSimpleBinding>
                  </binding>
                  <output>
                     <field description="Success"
                            entireResponse="true"
                            name="entireResponse"
                            type="object"/>
                  </output>
               </action>
               <action category="WarehouseResource"
                       failOnError="true"
                       forSearch="false"
                       label="GET_WarehouseResource_Warehouse_Warehouse_WarehouseResource_WarehouseResource_"
                       maxRedirects="100"
                       name="GET_WarehouseResource_Warehouse_Warehouse_WarehouseResource_WarehouseResource_"
                       preemptiveAuth="true"
                       responseEncoding="">
                  <description>Get entity from WarehouseResource by key</description>
                  <input>
                     <parameter description="Warehouse Number/Warehouse Complex  &#xA;Alphanumeric key that identifies a complex, physical warehouse within the warehouse management system.  &#xA;All activities within a warehouse, for example, goods movements and physical inventory, are assigned to a specific warehouse number. The physical warehouse where these activities take place is identified by the warehouse number."
                                label="WarehousePathParam"
                                name="WarehousePathParam"
                                nogen="true"
                                required="true"
                                testWith=""
                                type="string"/>
                     <parameter description="Resource (Means of Transportation or User)"
                                label="WarehouseResourcePathParam"
                                name="WarehouseResourcePathParam"
                                nogen="true"
                                required="true"
                                testWith=""
                                type="string"/>
                     <parameter description="Select properties to be returned, see [Select](http://docs.oasis-open.org/odata/odata/v4.01/odata-v4.01-part1-protocol.html#sec_SystemQueryOptionselect)"
                                label="$select"
                                name="$select"
                                required="false"
                                testWith=""
                                type="picklist">
                        <options>
                           <option name="values">[{"value":"Warehouse","label":"Warehouse"},{"value":"WarehouseResource","label":"WarehouseResource"},{"value":"UserName","label":"UserName"},{"value":"ResourceLogonDateTime","label":"ResourceLogonDateTime"}]</option>
                        </options>
                     </parameter>
                  </input>
                  <binding>
                     <restSimpleBinding multiUsing="semicolonSeparated"
                                        url="https://{$hostName}/s4hanacloud/sap/opu/odata/sap/API_WAREHOUSE_RESOURCE/WarehouseResource(Warehouse='{$WarehousePathParam}',WarehouseResource='{$WarehouseResourcePathParam}')"
                                        verb="GET">
                        <authentication>
                           <username>{$username}</username>
                           <password>{$password}</password>
                           <isExpressionInPassword>true</isExpressionInPassword>
                        </authentication>
                        <httpHeaders>
                           <header name="Content-Type">application/json</header>
                           <header name="Accept">application/json</header>
                        </httpHeaders>
                     </restSimpleBinding>
                  </binding>
                  <output>
                     <field description="Retrieved entity"
                            entireResponse="true"
                            name="entireResponse"
                            type="object"/>
                  </output>
               </action>
               <action category="WarehouseResource"
                       failOnError="true"
                       forSearch="false"
                       label="DELETE_WarehouseResource_Warehouse_Warehouse_WarehouseResource_WarehouseResource_"
                       maxRedirects="100"
                       name="DELETE_WarehouseResource_Warehouse_Warehouse_WarehouseResource_WarehouseResource_"
                       preemptiveAuth="true"
                       responseEncoding="">
                  <description>Delete entity from WarehouseResource</description>
                  <input>
                     <parameter description="Warehouse Number/Warehouse Complex  &#xA;Alphanumeric key that identifies a complex, physical warehouse within the warehouse management system.  &#xA;All activities within a warehouse, for example, goods movements and physical inventory, are assigned to a specific warehouse number. The physical warehouse where these activities take place is identified by the warehouse number."
                                label="WarehousePathParam"
                                name="WarehousePathParam"
                                nogen="true"
                                required="true"
                                testWith=""
                                type="string"/>
                     <parameter description="Resource (Means of Transportation or User)"
                                label="WarehouseResourcePathParam"
                                name="WarehouseResourcePathParam"
                                nogen="true"
                                required="true"
                                testWith=""
                                type="string"/>
                  </input>
                  <binding>
                     <restSimpleBinding multiUsing="semicolonSeparated"
                                        url="https://{$hostName}/s4hanacloud/sap/opu/odata/sap/API_WAREHOUSE_RESOURCE/WarehouseResource(Warehouse='{$WarehousePathParam}',WarehouseResource='{$WarehouseResourcePathParam}')"
                                        verb="DELETE">
                        <authentication>
                           <username>{$username}</username>
                           <password>{$password}</password>
                           <isExpressionInPassword>true</isExpressionInPassword>
                        </authentication>
                        <httpHeaders>
                           <header name="Content-Type">application/json</header>
                           <header name="Accept">application/json</header>
                        </httpHeaders>
                     </restSimpleBinding>
                  </binding>
                  <output/>
               </action>
            </actions>
            <objects>
               <processObject xmlns="http://schemas.active-endpoints.com/appmodules/screenflow/2011/06/avosHostEnvironment.xsd"
                              isByCopy="true"
                              name="cds_api_warehouse_resource_WarehouseResourceType_update">
                  <description/>
                  <detail>
                     <field name="UserName" type="string"/>
                     <field name="ResourceLogonDateTime" type="string"/>
                  </detail>
               </processObject>
               <processObject xmlns="http://schemas.active-endpoints.com/appmodules/screenflow/2011/06/avosHostEnvironment.xsd"
                              isByCopy="true"
                              name="cds_api_warehouse_resource_WarehouseResourceType_create">
                  <description/>
                  <detail>
                     <field name="WarehouseResource" type="string"/>
                     <field name="Warehouse" type="string"/>
                     <field name="UserName" type="string"/>
                     <field name="ResourceLogonDateTime" type="string"/>
                  </detail>
               </processObject>
               <processObject xmlns="http://schemas.active-endpoints.com/appmodules/screenflow/2011/06/avosHostEnvironment.xsd"
                              isByCopy="true"
                              name="cds_api_warehouse_resource_WarehouseResourceType">
                  <description/>
                  <detail>
                     <field name="WarehouseResource" type="string"/>
                     <field name="Warehouse" type="string"/>
                     <field name="UserName" type="string"/>
                     <field name="ResourceLogonDateTime" type="string"/>
                  </detail>
               </processObject>
               <processObject xmlns="http://schemas.active-endpoints.com/appmodules/screenflow/2011/06/avosHostEnvironment.xsd"
                              isByCopy="true"
                              name="error">
                  <description/>
                  <detail>
                     <field name="error" type="object"/>
                  </detail>
               </processObject>
               <processObject xmlns="http://schemas.active-endpoints.com/appmodules/screenflow/2011/06/avosHostEnvironment.xsd"
                              isByCopy="true"
                              name="string">
                  <description/>
                  <detail>
                     <field name="string" type="string"/>
                  </detail>
               </processObject>
               <processObject xmlns="http://schemas.active-endpoints.com/appmodules/screenflow/2011/06/avosHostEnvironment.xsd"
                              isByCopy="true"
                              name="boolean">
                  <description/>
                  <detail>
                     <field name="boolean" type="boolean"/>
                  </detail>
               </processObject>
               <processObject xmlns="http://schemas.active-endpoints.com/appmodules/screenflow/2011/06/avosHostEnvironment.xsd"
                              isByCopy="true"
                              name="double">
                  <description/>
                  <detail>
                     <field name="double" type="double"/>
                  </detail>
               </processObject>
               <processObject xmlns="http://schemas.active-endpoints.com/appmodules/screenflow/2011/06/avosHostEnvironment.xsd"
                              isByCopy="true"
                              name="integer">
                  <description/>
                  <detail>
                     <field name="integer" type="int"/>
                  </detail>
               </processObject>
            </objects>
         </businessConnector>
      </types1:Entry>
      <types1:GUID>20Ta36kjDcmboeAVyTIngn</types1:GUID>
      <types1:DisplayName>SAP S4HANA Warehouse Resource -A2X- API v1</types1:DisplayName>
   </types1:Item>
   <types1:CurrentServerDateTime>2019-11-13T04:56:35.711Z</types1:CurrentServerDateTime>
</aetgt:getResponse>
