{
   "exportedObjects": [
      {
         "objectGuid": "almpU5d486xjg3tXw87BET",
         "objectName": "Shared assets",
         "objectType": "Project",
         "path": "/Explore",
         "metadata": {
            "additionalInfo": {
               "contentType": "Binary",
               "description": "This Project contains shared assets",
               "documentState": "COMPLETE"
            },
            "contextAttributes": [],
            "modelVersion": {
               "major": 0,
               "minor": 0
            },
            "objectRefs": [],
            "repoInfo": null
         }
      },
      {
         "objectGuid": "00m3cKr9AGOjGY55vZSASH",
         "objectName": "Service Connectors",
         "objectType": "Folder",
         "path": "/Explore/Shared assets",
         "metadata": {
            "additionalInfo": {
               "contentType": "Binary",
               "description": "",
               "documentState": "COMPLETE"
            },
            "contextAttributes": [],
            "modelVersion": {
               "major": 0,
               "minor": 0
            },
            "objectRefs": [],
            "repoInfo": null
         }
      },
      {
         "objectGuid": "4XBAvCNarEekGPoDPKiEGh",
         "objectName": "Oracle Cloud Infrastructure Compute Routes API v18-1-2",
         "objectType": "AI_SERVICE_CONNECTOR",
         "path": "/Explore/Shared assets/Service Connectors",
         "metadata": {
            "additionalInfo": {
               "contentType": "application/json; charset=utf-8",
               "description": "After creating IP networks and adding instances to the networks, you can specify connections between different networks by creating routes and IP network exchanges.\u003cp\u003eRoute specifies the IP address of the destination as well as a vNICset which provides the next hop for routing packets. Using routes to enable traffic between subnets allows you to specify multiple routes to each IP network. Using vNICsets in routes also provides egress load balancing and high availability.\u003cp\u003eFor more information, see \u003ca target=\"_blank\" href=\"http://www.oracle.com/pls/topic/lookup?ctx=stcomputecs\u0026id=STCSG-GUID-B62FE52B-CD56-43D9-AB42-354D5C8C5AA1\"\u003eManaging IP Networks\u003c/a\u003e in \u003cem\u003eUsing Oracle Cloud Infrastructure Compute Classic\u003c/em\u003e.",
               "documentState": "VALID"
            },
            "contextAttributes": null,
            "modelVersion": {
               "major": 1,
               "minor": 0
            },
            "objectRefs": [],
            "repoInfo": {
               "repoHandle": "x1H5lRuImXycotF-gt-1680731-2019-02-12T01:15:22.372Z::svc.xml"
            }
         }
      }
   ]
}