{
  "name" : "SAP S4HANA Service Quotation -A2X- API v1",
  "sourceOrgId" : "6w10pMc8bwmkGpCQs9xkSM",
  "sourceOrgName" : "IICS iPaaS",
  "exportedObjects" : [ {
    "objectGuid" : "00m3cKr9AGOjGY55vZSASH",
    "objectName" : "Service Connectors",
    "objectType" : "Folder",
    "path" : "/Explore/Shared assets",
    "metadata" : {
      "modelVersion" : {
        "major" : 0,
        "minor" : 0
      },
      "repoInfo" : null,
      "objectRefs" : [ ],
      "contextAttributes" : [ ],
      "additionalInfo" : {
        "description" : "",
        "contentType" : "Binary",
        "documentState" : "COMPLETE"
      }
    }
  }, {
    "objectGuid" : "7xiqHfAgqkigwMNNjMUF6Z",
    "objectName" : "SAP S4HANA Service Quotation -A2X- API v1",
    "objectType" : "AI_SERVICE_CONNECTOR",
    "path" : "/Explore/Shared assets/Service Connectors",
    "metadata" : {
      "modelVersion" : {
        "major" : 1,
        "minor" : 0
      },
      "repoInfo" : {
        "repoHandle" : "eFrLWEQT53nQciS-gt-1208071-2019-11-12T10:06:50.71Z::svc.xml"
      },
      "objectRefs" : [ ],
      "contextAttributes" : null,
      "additionalInfo" : {
        "description" : "You can use this service to integrate external  applications with service quotation processing in  Service in SAP S/4HANA Cloud. In each API call,  you can use the following operations:\n - Retrieve  service quotations.\n - Create service quotations.  Note: You must use “deep insert” requests (a  header plus the following entities: header person  responsible, header pricing element, header  reference object, header text, and item).\n -  Create new items for existing service quotations.\n -  Create an item reference object, item pricing  element, and an item text for existing service  quotations items.\n - Update the header, header  person responsible, header pricing element, header  text, item, item pricing element, and item text of  existing service quotations.\n - Delete the header  person responsible, header reference object,  header pricing element, header text, item, item  reference object, item pricing element, and item  text of existing service quotations.",
        "contentType" : "application/json; charset=utf-8",
        "documentState" : "VALID"
      }
    }
  }, {
    "objectGuid" : "almpU5d486xjg3tXw87BET",
    "objectName" : "Shared assets",
    "objectType" : "Project",
    "path" : "/Explore",
    "metadata" : {
      "modelVersion" : {
        "major" : 0,
        "minor" : 0
      },
      "repoInfo" : null,
      "objectRefs" : [ ],
      "contextAttributes" : [ ],
      "additionalInfo" : {
        "description" : "This Project contains shared assets",
        "contentType" : "Binary",
        "documentState" : "COMPLETE"
      }
    }
  } ]
}