{
  "name" : "MarketoConnectorPackage",
  "sourceOrgId" : "aDdeKzHZEoQdwATn5hMqI8",
  "sourceOrgName" : "CAI Service Connectors",
  "exportedObjects" : [ {
    "objectGuid" : "2P2N7ZGVRkFirGpIkfcis2",
    "objectName" : "Marketo-Authentication-API-actions",
    "objectType" : "AI_CONNECTION",
    "path" : "/Explore/Marketo",
    "metadata" : {
      "modelVersion" : {
        "major" : 1,
        "minor" : 0
      },
      "repoInfo" : {
        "repoHandle" : "CwkNmumf6S3wOLI-gt-220057-2018-08-02T04:21:34.462Z::conn.xml"
      },
      "objectRefs" : [ ],
      "contextAttributes" : null,
      "additionalInfo" : {
        "description" : "Actions for Marketo Authentication API",
        "contentType" : "application/json; charset=utf-8",
        "documentState" : "VALID"
      },
      "objectExistence" : "WITH_DEPENDENCIES"
    }
  }, {
    "objectGuid" : "2DYOo9RX64QgDWyQPAtYGJ",
    "objectName" : "Marketo Lead Retrieval by ID",
    "objectType" : "PROCESS",
    "path" : "/Explore/Marketo",
    "metadata" : {
      "modelVersion" : {
        "major" : 1,
        "minor" : 0
      },
      "repoInfo" : {
        "repoHandle" : "gi2J5bfOC2XZPnE-gt-275396-2018-07-30T19:06:18.106Z::pd.xml"
      },
      "objectRefs" : [ "2P2N7ZGVRkFirGpIkfcis2", "5g5xGJ3ZAMzjXtdW5D8P6K" ],
      "contextAttributes" : null,
      "additionalInfo" : {
        "description" : "This process fetch the lead details e.g. email for a specific lead ID. It will first login to Marketo System using Marketo Authetication API and invoke actions on Lead Database API.",
        "contentType" : "application/json; charset=utf-8",
        "documentState" : "VALID"
      },
      "objectExistence" : "WITH_DEPENDENCIES"
    }
  }, {
    "objectGuid" : "6rycCFvDOUVc6RbUxra64q",
    "objectName" : "Marketo",
    "objectType" : "Project",
    "path" : "/Explore",
    "metadata" : {
      "modelVersion" : {
        "major" : 0,
        "minor" : 0
      },
      "repoInfo" : null,
      "objectRefs" : [ ],
      "contextAttributes" : [ ],
      "additionalInfo" : {
        "description" : "This contains the service connector, connection, and sample process that demonstrates use of Marketo Services.",
        "contentType" : "Binary",
        "documentState" : "COMPLETE"
      },
      "objectExistence" : "WITHOUT_DEPENDENCIES"
    }
  }, {
    "objectGuid" : "7oFgne2UvtrbkaSzCiDM0J",
    "objectName" : "Marketo Asset API",
    "objectType" : "AI_SERVICE_CONNECTOR",
    "path" : "/Explore/Marketo",
    "metadata" : {
      "modelVersion" : {
        "major" : 1,
        "minor" : 0
      },
      "repoInfo" : {
        "repoHandle" : "lyTjFIMeINciZBp-gt-568131-2018-08-02T02:32:21.184Z::svc.xml"
      },
      "objectRefs" : [ ],
      "contextAttributes" : null,
      "additionalInfo" : {
        "description" : "Marketo REST API which relies upon token from Authentication API call.",
        "contentType" : "application/json; charset=utf-8",
        "documentState" : "VALID"
      },
      "objectExistence" : "WITH_DEPENDENCIES"
    }
  }, {
    "objectGuid" : "5g5xGJ3ZAMzjXtdW5D8P6K",
    "objectName" : "Marketo-Lead-Database-API-actions",
    "objectType" : "AI_CONNECTION",
    "path" : "/Explore/Marketo",
    "metadata" : {
      "modelVersion" : {
        "major" : 1,
        "minor" : 0
      },
      "repoInfo" : {
        "repoHandle" : "4W6jKsJlv58pIO3-gt-580946-2018-08-02T04:23:16.893Z::conn.xml"
      },
      "objectRefs" : [ "k7tZkzu5YiGjrsPgPvEjq2" ],
      "contextAttributes" : null,
      "additionalInfo" : {
        "description" : "Actions for Marketo Lead Database API",
        "contentType" : "application/json; charset=utf-8",
        "documentState" : "VALID"
      },
      "objectExistence" : "WITH_DEPENDENCIES"
    }
  }, {
    "objectGuid" : "9QZLozCgr04cAWnQbORdKo",
    "objectName" : "Marketo-Asset-API-actions",
    "objectType" : "AI_CONNECTION",
    "path" : "/Explore/Marketo",
    "metadata" : {
      "modelVersion" : {
        "major" : 1,
        "minor" : 0
      },
      "repoInfo" : {
        "repoHandle" : "JfTBbcgp5OjG4ab-gt-582912-2018-08-02T04:24:25.75Z::conn.xml"
      },
      "objectRefs" : [ "7oFgne2UvtrbkaSzCiDM0J" ],
      "contextAttributes" : null,
      "additionalInfo" : {
        "description" : "Actions for Marketo Asset API",
        "contentType" : "application/json; charset=utf-8",
        "documentState" : "VALID"
      },
      "objectExistence" : "WITH_DEPENDENCIES"
    }
  }, {
    "objectGuid" : "742otZbgk20lRHZarbOFcW",
    "objectName" : "Marketo Get Folder Metadata",
    "objectType" : "PROCESS",
    "path" : "/Explore/Marketo",
    "metadata" : {
      "modelVersion" : {
        "major" : 1,
        "minor" : 0
      },
      "repoInfo" : {
        "repoHandle" : "L4YNqRi92qBbbeJ-gt-38976-2018-08-03T18:49:10.607Z::pd.xml"
      },
      "objectRefs" : [ "2P2N7ZGVRkFirGpIkfcis2", "9QZLozCgr04cAWnQbORdKo" ],
      "contextAttributes" : null,
      "additionalInfo" : {
        "description" : "This process fetch all the folder details. It will first login to Marketo System using Marketo Authetication API and invoke actions using the Asset API.",
        "contentType" : "application/json; charset=utf-8",
        "documentState" : "VALID"
      },
      "objectExistence" : "WITH_DEPENDENCIES"
    }
  }, {
    "objectGuid" : "15U7kJzHBTQjR1h8HTxeac",
    "objectName" : "Marketo Authentication API",
    "objectType" : "AI_SERVICE_CONNECTOR",
    "path" : "/Explore/Marketo",
    "metadata" : {
      "modelVersion" : {
        "major" : 1,
        "minor" : 0
      },
      "repoInfo" : {
        "repoHandle" : "y2uI5CUP9WYVMPI-gt-585410-2018-08-02T02:29:23.98Z::svc.xml"
      },
      "objectRefs" : [ ],
      "contextAttributes" : null,
      "additionalInfo" : {
        "description" : "Marketo REST API that gets token for subsequent interactions.",
        "contentType" : "application/json; charset=utf-8",
        "documentState" : "VALID"
      },
      "objectExistence" : "WITH_DEPENDENCIES"
    }
  }, {
    "objectGuid" : "k7tZkzu5YiGjrsPgPvEjq2",
    "objectName" : "Marketo Lead Database API",
    "objectType" : "AI_SERVICE_CONNECTOR",
    "path" : "/Explore/Marketo",
    "metadata" : {
      "modelVersion" : {
        "major" : 1,
        "minor" : 0
      },
      "repoInfo" : {
        "repoHandle" : "hyVgglxbdypKwKB-gt-592488-2018-08-02T03:20:32.118Z::svc.xml"
      },
      "objectRefs" : [ ],
      "contextAttributes" : null,
      "additionalInfo" : {
        "description" : "Marketo REST API which relies upon token from Authentication API call.",
        "contentType" : "application/json; charset=utf-8",
        "documentState" : "VALID"
      },
      "objectExistence" : "WITH_DEPENDENCIES"
    }
  } ]
}