<aetgt:getResponse xmlns:aetgt="http://schemas.active-endpoints.com/appmodules/repository/2010/10/avrepository.xsd"
                   xmlns:types1="http://schemas.active-endpoints.com/appmodules/repository/2010/10/avrepository.xsd">
   <types1:Item>
      <types1:EntryId>x6I1dq2ME9paabd-gt-842053-2019-12-23T08:45:09.386Z::svc.xml</types1:EntryId>
      <types1:Name>SAP_Fieldglass_Business_Analytics_REST_API_v1</types1:Name>
      <types1:MimeType>application/xml+businesssconnector</types1:MimeType>
      <types1:Description>The Business Analytics API allows clients to retrieve report data a user has set up in the SAP Fieldglass application. This includes retrieving a list of all available reports and getting data for a specific report ID.</types1:Description>
      <types1:AppliesTo/>
      <types1:Tags/>
      <types1:VersionLabel>1.0</types1:VersionLabel>
      <types1:State>CURRENT</types1:State>
      <types1:ProcessGroup/>
      <types1:CreatedBy>sorabh@na1.dm-us.org</types1:CreatedBy>
      <types1:CreationDate>2019-12-23T08:45:09Z</types1:CreationDate>
      <types1:ModifiedBy/>
      <types1:PublicationStatus>published</types1:PublicationStatus>
      <types1:PublishedBy>sorabh@na1.dm-us.org</types1:PublishedBy>
      <types1:PublicationDate>2019-12-23T08:45:12Z</types1:PublicationDate>
      <types1:PublishedContributionId>project:/rt.connector/SAP_Fieldglass_Business_Analytics_REST_API_v1/SAP_Fieldglass_Business_Analytics_REST_API_v1_svcDef.xml</types1:PublishedContributionId>
      <types1:AutosaveExists>false</types1:AutosaveExists>
      <types1:Entry>
         <businessConnector xmlns="http://schemas.informatica.com/socrates/data-services/2014/05/business-connector-model.xsd"
                            agentOnly="false"
                            debug="false"
                            displayName="SAP Fieldglass Business Analytics REST API v1"
                            label=""
                            name="SAP_Fieldglass_Business_Analytics_REST_API_v1"
                            uuid="7e8e7da2-8699-4911-84e1-1a4b8493f39b">
            <description>The Business Analytics API allows clients to retrieve report data a user has set up in the SAP Fieldglass application. This includes retrieving a list of all available reports and getting data for a specific report ID.</description>
            <tags/>
            <connectionAttributes xmlns="http://schemas.informatica.com/appmodules/screenflow/2014/04/avosConnectors.xsd">
               <connectionAttribute description="Host Name"
                                    masked="false"
                                    name="hostName"
                                    required="true"
                                    testWith="sandbox.api.sap.com"
                                    type="string"/>
            </connectionAttributes>
            <actions>
               <action category="Reports"
                       failOnError="true"
                       forSearch="false"
                       label="getReports"
                       maxRedirects="100"
                       name="getReports"
                       preemptiveAuth="true"
                       responseEncoding="">
                  <description>Get a list of available reports. Returns a list of all available reports including the report ID and name.</description>
                  <input>
                     <parameter description="Only required for production access when using SAP Fieldglass."
                                label="Authorization"
                                name="Authorization"
                                nogen="true"
                                required="false"
                                testWith=""
                                type="string"/>
                     <parameter description="The company-specific key provided by SAP Fieldglass for API access. Required for production access."
                                label="X-ApplicationKey"
                                name="X-ApplicationKey"
                                nogen="true"
                                required="false"
                                testWith=""
                                type="string"/>
                  </input>
                  <binding>
                     <restSimpleBinding multiUsing="semicolonSeparated"
                                        url="https://{$hostName}/fieldglass/api/vc/report"
                                        verb="GET">
                        <httpHeaders>
                           <header name="Content-Type">application/x-www-form-urlencoded</header>
                           <header name="Accept">application/json</header>
                           <header name="Authorization">{$Authorization}</header>
                           <header name="X-ApplicationKey">{$X-ApplicationKey}</header>
                        </httpHeaders>
                     </restSimpleBinding>
                  </binding>
                  <output>
                     <field description="An array of reports"
                            name="reportList"
                            type="objectlist">
                        <options>
                           <option name="referenceTo">report</option>
                        </options>
                        <xquery>{
                             (: unwrap the object list from the root wrapper :)
                             for $child in ./*
                             return
                                element {'report'} { $child/* }
                             }</xquery>
                     </field>
                  </output>
               </action>
               <action category="Reports"
                       failOnError="true"
                       forSearch="false"
                       label="getReportById"
                       maxRedirects="100"
                       name="getReportById"
                       preemptiveAuth="true"
                       responseEncoding="">
                  <description>Get a specific report. Returns report data for the report ID specified by the user.</description>
                  <input>
                     <parameter description="The ID of the report. You can obtain it by getting the list of available reports."
                                label="report_idPathParam"
                                name="report_idPathParam"
                                nogen="true"
                                required="true"
                                testWith=""
                                type="string"/>
                     <parameter description="Only required for production access when using SAP Fieldglass."
                                label="Authorization"
                                name="Authorization"
                                nogen="true"
                                required="false"
                                testWith=""
                                type="string"/>
                     <parameter description="The company-specific key provided by SAP Fieldglass for API access. This is required for production access."
                                label="X-ApplicationKey"
                                name="X-ApplicationKey"
                                nogen="true"
                                required="false"
                                testWith=""
                                type="string"/>
                  </input>
                  <binding>
                     <restSimpleBinding multiUsing="semicolonSeparated"
                                        url="https://{$hostName}/fieldglass/api/vc/report/{$report_idPathParam}"
                                        verb="GET">
                        <httpHeaders>
                           <header name="Content-Type">application/json</header>
                           <header name="Accept">application/json</header>
                           <header name="Authorization">{$Authorization}</header>
                           <header name="X-ApplicationKey">{$X-ApplicationKey}</header>
                        </httpHeaders>
                     </restSimpleBinding>
                  </binding>
                  <output>
                     <field description="OK. The request was received successfully."
                            entireResponse="true"
                            name="report"
                            type="reference">
                        <options>
                           <option name="referenceTo">report</option>
                        </options>
                     </field>
                  </output>
               </action>
            </actions>
            <objects>
               <processObject xmlns="http://schemas.active-endpoints.com/appmodules/screenflow/2011/06/avosHostEnvironment.xsd"
                              isByCopy="true"
                              name="report">
                  <description/>
                  <detail>
                     <field name="measureAggregation" type="string"/>
                     <field name="dataType" type="string"/>
                     <field name="analyticType" type="string"/>
                     <field name="semanticType" type="string"/>
                     <field name="name" type="string"/>
                     <field name="scale" type="string"/>
                     <field name="measureUnits" type="string"/>
                     <field name="id" type="string"/>
                     <field name="maxLength" type="string"/>
                     <field name="measureUnitType" type="string"/>
                  </detail>
               </processObject>
               <processObject xmlns="http://schemas.active-endpoints.com/appmodules/screenflow/2011/06/avosHostEnvironment.xsd"
                              isByCopy="true"
                              name="Error">
                  <description/>
                  <detail>
                     <field name="code" type="int"/>
                     <field name="message" type="string"/>
                     <field name="fields" type="string"/>
                  </detail>
               </processObject>
               <processObject xmlns="http://schemas.active-endpoints.com/appmodules/screenflow/2011/06/avosHostEnvironment.xsd"
                              isByCopy="true"
                              name="string">
                  <description/>
                  <detail>
                     <field name="string" type="string"/>
                  </detail>
               </processObject>
               <processObject xmlns="http://schemas.active-endpoints.com/appmodules/screenflow/2011/06/avosHostEnvironment.xsd"
                              isByCopy="true"
                              name="boolean">
                  <description/>
                  <detail>
                     <field name="boolean" type="boolean"/>
                  </detail>
               </processObject>
               <processObject xmlns="http://schemas.active-endpoints.com/appmodules/screenflow/2011/06/avosHostEnvironment.xsd"
                              isByCopy="true"
                              name="double">
                  <description/>
                  <detail>
                     <field name="double" type="double"/>
                  </detail>
               </processObject>
               <processObject xmlns="http://schemas.active-endpoints.com/appmodules/screenflow/2011/06/avosHostEnvironment.xsd"
                              isByCopy="true"
                              name="integer">
                  <description/>
                  <detail>
                     <field name="integer" type="int"/>
                  </detail>
               </processObject>
            </objects>
         </businessConnector>
      </types1:Entry>
      <types1:GUID>40gSg5ZRgI1dN98jHttPyk</types1:GUID>
      <types1:DisplayName>SAP Fieldglass Business Analytics REST API v1</types1:DisplayName>
   </types1:Item>
   <types1:CurrentServerDateTime>2019-12-23T08:46:21.593Z</types1:CurrentServerDateTime>
</aetgt:getResponse>
