{
   "exportedObjects": [
      {
         "objectGuid": "hKepakfC2q4hzm9jxu0g0h",
         "objectName": "Shared assets",
         "objectType": "Project",
         "path": "/Explore",
         "metadata": {
            "additionalInfo": {
               "contentType": "Binary",
               "description": "",
               "documentState": "COMPLETE"
            },
            "contextAttributes": [],
            "modelVersion": {
               "major": 0,
               "minor": 0
            },
            "objectRefs": [],
            "repoInfo": null
         }
      },
      {
         "objectGuid": "3PTT3yMuhqweagEWp416Qh",
         "objectName": "Service Connectors",
         "objectType": "Folder",
         "path": "/Explore/Shared assets",
         "metadata": {
            "additionalInfo": {
               "contentType": "Binary",
               "description": "",
               "documentState": "COMPLETE"
            },
            "contextAttributes": [],
            "modelVersion": {
               "major": 0,
               "minor": 0
            },
            "objectRefs": [],
            "repoInfo": null
         }
      },
      {
         "objectGuid": "gkb3pObz4EOexqCXjJCOkK",
         "objectName": "ADP ATM Locator v1",
         "objectType": "AI_SERVICE_CONNECTOR",
         "path": "/Explore/Shared assets/Service Connectors",
         "metadata": {
            "additionalInfo": {
               "contentType": "application/json; charset=utf-8",
               "description": "The ATM Locator API returns a list of ATM locations within a specific radius.",
               "documentState": "VALID"
            },
            "contextAttributes": null,
            "modelVersion": {
               "major": 1,
               "minor": 0
            },
            "objectRefs": [],
            "repoInfo": {
               "repoHandle": "aaaa-gt-41847-2019-02-28T05:43:30.007Z::svc.xml"
            }
         }
      }
   ]
}