{
   "exportedObjects": [
      {
         "objectGuid": "almpU5d486xjg3tXw87BET",
         "objectName": "Shared assets",
         "objectType": "Project",
         "path": "/Explore",
         "metadata": {
            "additionalInfo": {
               "contentType": "Binary",
               "description": "This Project contains shared assets",
               "documentState": "COMPLETE"
            },
            "contextAttributes": [],
            "modelVersion": {
               "major": 0,
               "minor": 0
            },
            "objectRefs": [],
            "repoInfo": null
         }
      },
      {
         "objectGuid": "00m3cKr9AGOjGY55vZSASH",
         "objectName": "Service Connectors",
         "objectType": "Folder",
         "path": "/Explore/Shared assets",
         "metadata": {
            "additionalInfo": {
               "contentType": "Binary",
               "description": "",
               "documentState": "COMPLETE"
            },
            "contextAttributes": [],
            "modelVersion": {
               "major": 0,
               "minor": 0
            },
            "objectRefs": [],
            "repoInfo": null
         }
      },
      {
         "objectGuid": "2z8oMiGsG01hM4Peg02QkD",
         "objectName": "Oracle Cloud Infrastructure Compute SSHKeys API v18-1-2",
         "objectType": "AI_SERVICE_CONNECTOR",
         "path": "/Explore/Shared assets/Service Connectors",
         "metadata": {
            "additionalInfo": {
               "contentType": "application/json; charset=utf-8",
               "description": "To connect to an instance using SSH, you must associate it with one or more SSH public keys. You must first generate the required SSH key pairs, by using a tool such as \u003ccode\u003essh-keygen\u003c/code\u003e, and then upload the public keys to Compute Classic.\u003cp\u003eYou can add, delete, update, and view SSH public keys using the HTTP requests listed below. For instructions to generate SSH key pairs, see \u003ca target=\"_blank\" href=\"http://www.oracle.com/pls/topic/lookup?ctx=stcomputecs\u0026id=STCSG-GUID-EE29085A-79B1-4A3A-BF25-A2A9516EC5F3\"\u003eGenerating an SSH Key Pair\u003c/a\u003e in \u003cem\u003eUsing Oracle Cloud Infrastructure Compute Classic\u003c/em\u003e.",
               "documentState": "VALID"
            },
            "contextAttributes": null,
            "modelVersion": {
               "major": 1,
               "minor": 0
            },
            "objectRefs": [],
            "repoInfo": {
               "repoHandle": "pjz8Uuopz4KhPVE-gt-217706-2019-02-12T01:15:22.48Z::svc.xml"
            }
         }
      }
   ]
}