<aetgt:getResponse xmlns:aetgt="http://schemas.active-endpoints.com/appmodules/repository/2010/10/avrepository.xsd"
                   xmlns:types1="http://schemas.active-endpoints.com/appmodules/repository/2010/10/avrepository.xsd">
   <types1:Item>
      <types1:EntryId>kR55aaabdqpw0VP-gt-335642-2019-12-21T13:43:01.216Z::svc.xml</types1:EntryId>
      <types1:Name>SAP_SuccessFactors_Foundation-Platform_Todo_OData_API_v1</types1:Name>
      <types1:MimeType>application/xml+businesssconnector</types1:MimeType>
      <types1:Description>API to access list of tasks (Todos') assigned to a user. Todos can be classified into different categories and map to different functional areas in the HCM Suite.</types1:Description>
      <types1:AppliesTo/>
      <types1:Tags/>
      <types1:VersionLabel>1.0</types1:VersionLabel>
      <types1:State>CURRENT</types1:State>
      <types1:ProcessGroup/>
      <types1:CreatedBy>sorabh@na1.dm-us.org</types1:CreatedBy>
      <types1:CreationDate>2019-12-21T13:43:01Z</types1:CreationDate>
      <types1:ModifiedBy/>
      <types1:PublicationStatus>published</types1:PublicationStatus>
      <types1:PublishedBy>sorabh@na1.dm-us.org</types1:PublishedBy>
      <types1:PublicationDate>2019-12-21T13:43:05Z</types1:PublicationDate>
      <types1:PublishedContributionId>project:/rt.connector/SAP_SuccessFactors_Foundation_Platform_Todo_OData_API_v1/SAP_SuccessFactors_Foundation_Platform_Todo_OData_API_v1_svcDef.xml</types1:PublishedContributionId>
      <types1:AutosaveExists>false</types1:AutosaveExists>
      <types1:Entry>
         <businessConnector xmlns="http://schemas.informatica.com/socrates/data-services/2014/05/business-connector-model.xsd"
                            agentOnly="false"
                            debug="false"
                            displayName="SAP SuccessFactors Foundation-Platform Todo OData API v1"
                            label=""
                            name="SAP_SuccessFactors_Foundation-Platform_Todo_OData_API_v1"
                            uuid="acdbf2dd-b2a6-4307-b680-f956e832c5c3">
            <description>API to access list of tasks (Todos') assigned to a user. Todos can be classified into different categories and map to different functional areas in the HCM Suite.</description>
            <tags/>
            <connectionAttributes xmlns="http://schemas.informatica.com/appmodules/screenflow/2014/04/avosConnectors.xsd">
               <connectionAttribute description="Host Name"
                                    masked="false"
                                    name="hostName"
                                    required="true"
                                    testWith="sandbox.api.sap.com"
                                    type="string"/>
               <connectionAttribute description="User Name"
                                    masked="false"
                                    name="username"
                                    required="true"
                                    testWith=""
                                    type="string"/>
               <connectionAttribute description="Password"
                                    masked="true"
                                    name="password"
                                    required="true"
                                    testWith=""
                                    type="string"/>
            </connectionAttributes>
            <actions>
               <action category="TodoEntryV2"
                       failOnError="true"
                       forSearch="false"
                       label="POST_TodoEntryV2"
                       maxRedirects="100"
                       name="POST_TodoEntryV2"
                       preemptiveAuth="true"
                       responseEncoding="">
                  <description>Add new entity to TodoEntryV2</description>
                  <input>
                     <parameter description="New entity"
                                label="TodoEntryV2"
                                name="TodoEntryV2"
                                required="false"
                                testWith=""
                                type="reference">
                        <options>
                           <option name="referenceTo">SFOData_TodoEntryV2</option>
                        </options>
                     </parameter>
                  </input>
                  <binding>
                     <restSimpleBinding multiUsing="semicolonSeparated"
                                        url="https://{$hostName}/successfactors/odata/v2/TodoEntryV2"
                                        verb="POST">
                        <authentication>
                           <username>{$username}</username>
                           <password>{$password}</password>
                           <isExpressionInPassword>true</isExpressionInPassword>
                        </authentication>
                        <httpHeaders>
                           <header name="Content-Type">application/json</header>
                           <header name="Accept">application/json</header>
                        </httpHeaders>
                        <body generateUsing="UnwrappedJSON" preserveJsonStringFormatting="false"/>
                     </restSimpleBinding>
                  </binding>
                  <output/>
               </action>
               <action category="TodoEntryV2"
                       failOnError="true"
                       forSearch="false"
                       label="GET_TodoEntryV2"
                       maxRedirects="100"
                       name="GET_TodoEntryV2"
                       preemptiveAuth="true"
                       responseEncoding="">
                  <description>Get entities from TodoEntryV2</description>
                  <input>
                     <parameter description="Show only the first n items, see [OData Paging - Top](http://docs.oasis-open.org/odata/odata/v4.0/odata-v4.0-part1-protocol.html#_Toc445374630)"
                                label="$top"
                                name="$top"
                                required="false"
                                testWith=""
                                type="int"/>
                     <parameter description="Skip the first n items, see [OData Paging - Skip](http://docs.oasis-open.org/odata/odata/v4.0/odata-v4.0-part1-protocol.html#_Toc445374631)"
                                label="$skip"
                                name="$skip"
                                required="false"
                                testWith=""
                                type="int"/>
                     <parameter description="Search items by search phrases, see [OData Searching](http://docs.oasis-open.org/odata/odata/v4.0/odata-v4.0-part1-protocol.html#_Toc445374633)"
                                label="$search"
                                name="$search"
                                required="false"
                                testWith=""
                                type="string"/>
                     <parameter description="Filter items by property values, see [OData Filtering](http://docs.oasis-open.org/odata/odata/v4.0/odata-v4.0-part1-protocol.html#_Toc445374625)"
                                label="$filter"
                                name="$filter"
                                required="false"
                                testWith=""
                                type="string"/>
                     <parameter description="Include count of items, see [OData Count](http://docs.oasis-open.org/odata/odata/v4.0/odata-v4.0-part1-protocol.html#_Toc445374632)"
                                label="$count"
                                name="$count"
                                required="false"
                                testWith=""
                                type="boolean"/>
                     <parameter description="Order items by property values, see [OData Sorting](http://docs.oasis-open.org/odata/odata/v4.0/odata-v4.0-part1-protocol.html#_Toc445374629)"
                                label="$orderby"
                                name="$orderby"
                                required="false"
                                testWith=""
                                type="picklist">
                        <options>
                           <option name="values">[{"value":"categoryId","label":"categoryId"},{"value":"categoryId desc","label":"categoryId desc"},{"value":"categoryLabel","label":"categoryLabel"},{"value":"categoryLabel desc","label":"categoryLabel desc"},{"value":"completedDateTime","label":"completedDateTime"},{"value":"completedDateTime desc","label":"completedDateTime desc"},{"value":"createdDate","label":"createdDate"},{"value":"createdDate desc","label":"createdDate desc"},{"value":"dueDate","label":"dueDate"},{"value":"dueDate desc","label":"dueDate desc"},{"value":"formDataId","label":"formDataId"},{"value":"formDataId desc","label":"formDataId desc"},{"value":"lastModifiedDateTime","label":"lastModifiedDateTime"},{"value":"lastModifiedDateTime desc","label":"lastModifiedDateTime desc"},{"value":"linkUrl","label":"linkUrl"},{"value":"linkUrl desc","label":"linkUrl desc"},{"value":"status","label":"status"},{"value":"status desc","label":"status desc"},{"value":"subjectId","label":"subjectId"},{"value":"subjectId desc","label":"subjectId desc"},{"value":"todoEntryId","label":"todoEntryId"},{"value":"todoEntryId desc","label":"todoEntryId desc"},{"value":"todoEntryName","label":"todoEntryName"},{"value":"todoEntryName desc","label":"todoEntryName desc"}]</option>
                        </options>
                     </parameter>
                     <parameter description="Select properties to be returned, see [OData Select](http://docs.oasis-open.org/odata/odata/v4.0/odata-v4.0-part1-protocol.html#_Toc445374620)"
                                label="$select"
                                name="$select"
                                required="false"
                                testWith=""
                                type="picklist">
                        <options>
                           <option name="values">[{"value":"categoryId","label":"categoryId"},{"value":"categoryLabel","label":"categoryLabel"},{"value":"completedDateTime","label":"completedDateTime"},{"value":"createdDate","label":"createdDate"},{"value":"dueDate","label":"dueDate"},{"value":"formDataId","label":"formDataId"},{"value":"lastModifiedDateTime","label":"lastModifiedDateTime"},{"value":"linkUrl","label":"linkUrl"},{"value":"status","label":"status"},{"value":"subjectId","label":"subjectId"},{"value":"todoEntryId","label":"todoEntryId"},{"value":"todoEntryName","label":"todoEntryName"}]</option>
                        </options>
                     </parameter>
                  </input>
                  <binding>
                     <restSimpleBinding multiUsing="semicolonSeparated"
                                        url="https://{$hostName}/successfactors/odata/v2/TodoEntryV2"
                                        verb="GET">
                        <authentication>
                           <username>{$username}</username>
                           <password>{$password}</password>
                           <isExpressionInPassword>true</isExpressionInPassword>
                        </authentication>
                        <httpHeaders>
                           <header name="Content-Type">application/json</header>
                           <header name="Accept">application/json</header>
                        </httpHeaders>
                     </restSimpleBinding>
                  </binding>
                  <output>
                     <field description="Retrieved entities"
                            entireResponse="true"
                            name="entireResponse"
                            type="object"/>
                  </output>
               </action>
               <action category="Todo"
                       failOnError="true"
                       forSearch="false"
                       label="GET_Todo"
                       maxRedirects="100"
                       name="GET_Todo"
                       preemptiveAuth="true"
                       responseEncoding="">
                  <description>Get entities from Todo</description>
                  <input>
                     <parameter description="Show only the first n items, see [OData Paging - Top](http://docs.oasis-open.org/odata/odata/v4.0/odata-v4.0-part1-protocol.html#_Toc445374630)"
                                label="$top"
                                name="$top"
                                required="false"
                                testWith=""
                                type="int"/>
                     <parameter description="Skip the first n items, see [OData Paging - Skip](http://docs.oasis-open.org/odata/odata/v4.0/odata-v4.0-part1-protocol.html#_Toc445374631)"
                                label="$skip"
                                name="$skip"
                                required="false"
                                testWith=""
                                type="int"/>
                     <parameter description="Search items by search phrases, see [OData Searching](http://docs.oasis-open.org/odata/odata/v4.0/odata-v4.0-part1-protocol.html#_Toc445374633)"
                                label="$search"
                                name="$search"
                                required="false"
                                testWith=""
                                type="string"/>
                     <parameter description="Filter items by property values, see [OData Filtering](http://docs.oasis-open.org/odata/odata/v4.0/odata-v4.0-part1-protocol.html#_Toc445374625)"
                                label="$filter"
                                name="$filter"
                                required="false"
                                testWith=""
                                type="string"/>
                     <parameter description="Include count of items, see [OData Count](http://docs.oasis-open.org/odata/odata/v4.0/odata-v4.0-part1-protocol.html#_Toc445374632)"
                                label="$count"
                                name="$count"
                                required="false"
                                testWith=""
                                type="boolean"/>
                     <parameter description="Order items by property values, see [OData Sorting](http://docs.oasis-open.org/odata/odata/v4.0/odata-v4.0-part1-protocol.html#_Toc445374629)"
                                label="$orderby"
                                name="$orderby"
                                required="false"
                                testWith=""
                                type="picklist">
                        <options>
                           <option name="values">[{"value":"categoryId","label":"categoryId"},{"value":"categoryId desc","label":"categoryId desc"},{"value":"categoryLabel","label":"categoryLabel"},{"value":"categoryLabel desc","label":"categoryLabel desc"},{"value":"displayOrder","label":"displayOrder"},{"value":"displayOrder desc","label":"displayOrder desc"},{"value":"status","label":"status"},{"value":"status desc","label":"status desc"}]</option>
                        </options>
                     </parameter>
                     <parameter description="Select properties to be returned, see [OData Select](http://docs.oasis-open.org/odata/odata/v4.0/odata-v4.0-part1-protocol.html#_Toc445374620)"
                                label="$select"
                                name="$select"
                                required="false"
                                testWith=""
                                type="picklist">
                        <options>
                           <option name="values">[{"value":"categoryId","label":"categoryId"},{"value":"categoryLabel","label":"categoryLabel"},{"value":"displayOrder","label":"displayOrder"},{"value":"status","label":"status"}]</option>
                        </options>
                     </parameter>
                  </input>
                  <binding>
                     <restSimpleBinding multiUsing="semicolonSeparated"
                                        url="https://{$hostName}/successfactors/odata/v2/Todo"
                                        verb="GET">
                        <authentication>
                           <username>{$username}</username>
                           <password>{$password}</password>
                           <isExpressionInPassword>true</isExpressionInPassword>
                        </authentication>
                        <httpHeaders>
                           <header name="Content-Type">application/json</header>
                           <header name="Accept">application/json</header>
                        </httpHeaders>
                     </restSimpleBinding>
                  </binding>
                  <output>
                     <field description="Retrieved entities"
                            entireResponse="true"
                            name="entireResponse"
                            type="object"/>
                  </output>
               </action>
               <action category="TodoEntryV2"
                       failOnError="true"
                       forSearch="false"
                       label="GET_TodoEntryV2_todoEntryId_"
                       maxRedirects="100"
                       name="GET_TodoEntryV2_todoEntryId_"
                       preemptiveAuth="true"
                       responseEncoding="">
                  <description>Get entity from TodoEntryV2 by key</description>
                  <input>
                     <parameter description="key: todoEntryId"
                                label="todoEntryIdPathParam"
                                name="todoEntryIdPathParam"
                                nogen="true"
                                required="true"
                                testWith=""
                                type="string"/>
                     <parameter description="Select properties to be returned, see [OData Select](http://docs.oasis-open.org/odata/odata/v4.0/odata-v4.0-part1-protocol.html#_Toc445374620)"
                                label="$select"
                                name="$select"
                                required="false"
                                testWith=""
                                type="picklist">
                        <options>
                           <option name="values">[{"value":"categoryId","label":"categoryId"},{"value":"categoryLabel","label":"categoryLabel"},{"value":"completedDateTime","label":"completedDateTime"},{"value":"createdDate","label":"createdDate"},{"value":"dueDate","label":"dueDate"},{"value":"formDataId","label":"formDataId"},{"value":"lastModifiedDateTime","label":"lastModifiedDateTime"},{"value":"linkUrl","label":"linkUrl"},{"value":"status","label":"status"},{"value":"subjectId","label":"subjectId"},{"value":"todoEntryId","label":"todoEntryId"},{"value":"todoEntryName","label":"todoEntryName"}]</option>
                        </options>
                     </parameter>
                  </input>
                  <binding>
                     <restSimpleBinding multiUsing="semicolonSeparated"
                                        url="https://{$hostName}/successfactors/odata/v2/TodoEntryV2('{$todoEntryIdPathParam}')"
                                        verb="GET">
                        <authentication>
                           <username>{$username}</username>
                           <password>{$password}</password>
                           <isExpressionInPassword>true</isExpressionInPassword>
                        </authentication>
                        <httpHeaders>
                           <header name="Content-Type">application/json</header>
                           <header name="Accept">application/json</header>
                        </httpHeaders>
                     </restSimpleBinding>
                  </binding>
                  <output>
                     <field description="Retrieved entity"
                            entireResponse="true"
                            name="entireResponse"
                            type="object"/>
                  </output>
               </action>
               <action category="TodoEntryV2"
                       failOnError="true"
                       forSearch="false"
                       label="DELETE_TodoEntryV2_todoEntryId_"
                       maxRedirects="100"
                       name="DELETE_TodoEntryV2_todoEntryId_"
                       preemptiveAuth="true"
                       responseEncoding="">
                  <description>Delete entity from TodoEntryV2</description>
                  <input>
                     <parameter description="key: todoEntryId"
                                label="todoEntryIdPathParam"
                                name="todoEntryIdPathParam"
                                nogen="true"
                                required="true"
                                testWith=""
                                type="string"/>
                     <parameter description="ETag"
                                label="If-Match"
                                name="If-Match"
                                nogen="true"
                                required="false"
                                testWith=""
                                type="string"/>
                  </input>
                  <binding>
                     <restSimpleBinding multiUsing="semicolonSeparated"
                                        url="https://{$hostName}/successfactors/odata/v2/TodoEntryV2('{$todoEntryIdPathParam}')"
                                        verb="DELETE">
                        <authentication>
                           <username>{$username}</username>
                           <password>{$password}</password>
                           <isExpressionInPassword>true</isExpressionInPassword>
                        </authentication>
                        <httpHeaders>
                           <header name="Content-Type">application/json</header>
                           <header name="Accept">application/json</header>
                           <header name="If-Match">{$If-Match}</header>
                        </httpHeaders>
                     </restSimpleBinding>
                  </binding>
                  <output/>
               </action>
               <action category="TodoEntryV2"
                       failOnError="true"
                       forSearch="false"
                       label="PUT_TodoEntryV2_todoEntryId_"
                       maxRedirects="100"
                       name="PUT_TodoEntryV2_todoEntryId_"
                       preemptiveAuth="true"
                       responseEncoding="">
                  <description>Update entity in TodoEntryV2</description>
                  <input>
                     <parameter description="key: todoEntryId"
                                label="todoEntryIdPathParam"
                                name="todoEntryIdPathParam"
                                nogen="true"
                                required="true"
                                testWith=""
                                type="string"/>
                     <parameter description="New property values"
                                label="TodoEntryV2"
                                name="TodoEntryV2"
                                required="false"
                                testWith=""
                                type="object"/>
                  </input>
                  <binding>
                     <restSimpleBinding multiUsing="semicolonSeparated"
                                        url="https://{$hostName}/successfactors/odata/v2/TodoEntryV2('{$todoEntryIdPathParam}')"
                                        verb="PUT">
                        <authentication>
                           <username>{$username}</username>
                           <password>{$password}</password>
                           <isExpressionInPassword>true</isExpressionInPassword>
                        </authentication>
                        <httpHeaders>
                           <header name="Content-Type">application/json</header>
                           <header name="Accept">application/json</header>
                        </httpHeaders>
                        <body generateUsing="UnwrappedJSON" preserveJsonStringFormatting="false"/>
                     </restSimpleBinding>
                  </binding>
                  <output/>
               </action>
               <action category="Todo"
                       failOnError="true"
                       forSearch="false"
                       label="GET_Todo_categoryId_"
                       maxRedirects="100"
                       name="GET_Todo_categoryId_"
                       preemptiveAuth="true"
                       responseEncoding="">
                  <description>Get entity from Todo by key</description>
                  <input>
                     <parameter description="key: categoryId"
                                label="categoryIdPathParam"
                                name="categoryIdPathParam"
                                nogen="true"
                                required="true"
                                testWith=""
                                type="string"/>
                     <parameter description="Select properties to be returned, see [OData Select](http://docs.oasis-open.org/odata/odata/v4.0/odata-v4.0-part1-protocol.html#_Toc445374620)"
                                label="$select"
                                name="$select"
                                required="false"
                                testWith=""
                                type="picklist">
                        <options>
                           <option name="values">[{"value":"categoryId","label":"categoryId"},{"value":"categoryLabel","label":"categoryLabel"},{"value":"displayOrder","label":"displayOrder"},{"value":"status","label":"status"}]</option>
                        </options>
                     </parameter>
                  </input>
                  <binding>
                     <restSimpleBinding multiUsing="semicolonSeparated"
                                        url="https://{$hostName}/successfactors/odata/v2/Todo('{$categoryIdPathParam}')"
                                        verb="GET">
                        <authentication>
                           <username>{$username}</username>
                           <password>{$password}</password>
                           <isExpressionInPassword>true</isExpressionInPassword>
                        </authentication>
                        <httpHeaders>
                           <header name="Content-Type">application/json</header>
                           <header name="Accept">application/json</header>
                        </httpHeaders>
                     </restSimpleBinding>
                  </binding>
                  <output>
                     <field description="Retrieved entity"
                            entireResponse="true"
                            name="entireResponse"
                            type="object"/>
                  </output>
               </action>
            </actions>
            <objects>
               <processObject xmlns="http://schemas.active-endpoints.com/appmodules/screenflow/2011/06/avosHostEnvironment.xsd"
                              isByCopy="true"
                              name="odata_error_main">
                  <description/>
                  <detail>
                     <field name="code" type="string"/>
                     <field name="innererror" type="object"/>
                     <field name="details" type="objectlist">
                        <options>
                           <option name="referenceTo">odata_error_detail</option>
                           <option name="relationshipName">Child</option>
                        </options>
                     </field>
                     <field name="message" type="string"/>
                     <field name="target" type="string"/>
                  </detail>
               </processObject>
               <processObject xmlns="http://schemas.active-endpoints.com/appmodules/screenflow/2011/06/avosHostEnvironment.xsd"
                              isByCopy="true"
                              name="odata_error_detail">
                  <description/>
                  <detail>
                     <field name="code" type="string"/>
                     <field name="message" type="string"/>
                     <field name="target" type="string"/>
                  </detail>
               </processObject>
               <processObject xmlns="http://schemas.active-endpoints.com/appmodules/screenflow/2011/06/avosHostEnvironment.xsd"
                              isByCopy="true"
                              name="odata_error">
                  <description/>
                  <detail>
                     <field name="error" type="reference">
                        <options>
                           <option name="referenceTo">odata_error_main</option>
                           <option name="relationshipName">Child</option>
                        </options>
                     </field>
                  </detail>
               </processObject>
               <processObject xmlns="http://schemas.active-endpoints.com/appmodules/screenflow/2011/06/avosHostEnvironment.xsd"
                              isByCopy="true"
                              name="SFOData_TodoEntryV2">
                  <description/>
                  <detail>
                     <field name="lastModifiedDateTime" type="string"/>
                     <field name="createdDate" type="string"/>
                     <field name="todoEntryId" type="string"/>
                     <field name="dueDate" type="string"/>
                     <field name="todoEntryName" type="string"/>
                     <field name="categoryLabel" type="string"/>
                     <field name="linkUrl" type="string"/>
                     <field name="formDataId" type="int"/>
                     <field name="completedDateTime" type="string"/>
                     <field name="subjectId" type="string"/>
                     <field name="categoryId" type="string"/>
                     <field name="status" type="int"/>
                  </detail>
               </processObject>
               <processObject xmlns="http://schemas.active-endpoints.com/appmodules/screenflow/2011/06/avosHostEnvironment.xsd"
                              isByCopy="true"
                              name="SFOData_Todo">
                  <description/>
                  <detail>
                     <field name="categoryLabel" type="string"/>
                     <field name="displayOrder" type="int"/>
                     <field name="categoryId" type="string"/>
                     <field name="status" type="int"/>
                  </detail>
               </processObject>
               <processObject xmlns="http://schemas.active-endpoints.com/appmodules/screenflow/2011/06/avosHostEnvironment.xsd"
                              isByCopy="true"
                              name="string">
                  <description/>
                  <detail>
                     <field name="string" type="string"/>
                  </detail>
               </processObject>
               <processObject xmlns="http://schemas.active-endpoints.com/appmodules/screenflow/2011/06/avosHostEnvironment.xsd"
                              isByCopy="true"
                              name="boolean">
                  <description/>
                  <detail>
                     <field name="boolean" type="boolean"/>
                  </detail>
               </processObject>
               <processObject xmlns="http://schemas.active-endpoints.com/appmodules/screenflow/2011/06/avosHostEnvironment.xsd"
                              isByCopy="true"
                              name="double">
                  <description/>
                  <detail>
                     <field name="double" type="double"/>
                  </detail>
               </processObject>
               <processObject xmlns="http://schemas.active-endpoints.com/appmodules/screenflow/2011/06/avosHostEnvironment.xsd"
                              isByCopy="true"
                              name="integer">
                  <description/>
                  <detail>
                     <field name="integer" type="int"/>
                  </detail>
               </processObject>
               <processObject xmlns="http://schemas.active-endpoints.com/appmodules/screenflow/2011/06/avosHostEnvironment.xsd"
                              isByCopy="true"
                              name="error">
                  <description>Error</description>
                  <detail/>
               </processObject>
            </objects>
         </businessConnector>
      </types1:Entry>
      <types1:GUID>iCjP9jR1WorbRGsIPlhPuL</types1:GUID>
      <types1:DisplayName>SAP SuccessFactors Foundation-Platform Todo OData API v1</types1:DisplayName>
   </types1:Item>
   <types1:CurrentServerDateTime>2019-12-21T13:46:18.681Z</types1:CurrentServerDateTime>
</aetgt:getResponse>
