<aetgt:getResponse xmlns:aetgt="http://schemas.active-endpoints.com/appmodules/repository/2010/10/avrepository.xsd"
                   xmlns:types1="http://schemas.active-endpoints.com/appmodules/repository/2010/10/avrepository.xsd">
   <types1:Item>
      <types1:EntryId>Q9FkPaaaaaaaaa-gt-3240748-2019-01-24T00:42:23.685Z::svc.xml</types1:EntryId>
      <types1:Name>Concur_Payment_Request_Digest_API_v3</types1:Name>
      <types1:MimeType>application/xml+businesssconnector</types1:MimeType>
      <types1:Description>A payment request digest is a collection of payment requests to invoice vendors. This API provides methods to view all payment requests corresponding to search parameters, or view a payment request digest by ID.</types1:Description>
      <types1:AppliesTo/>
      <types1:Tags/>
      <types1:VersionLabel>1.0</types1:VersionLabel>
      <types1:State>CURRENT</types1:State>
      <types1:ProcessGroup/>
      <types1:CreatedBy>sorabh@na1.dm-us.org</types1:CreatedBy>
      <types1:CreationDate>2019-01-24T00:42:24Z</types1:CreationDate>
      <types1:ModifiedBy/>
      <types1:PublicationStatus>published</types1:PublicationStatus>
      <types1:PublishedBy>sorabh@na1.dm-us.org</types1:PublishedBy>
      <types1:PublicationDate>2019-01-24T00:42:51Z</types1:PublicationDate>
      <types1:PublishedContributionId>project:/rt.connector/Concur_Payment_Request_Digest_API_v3/Concur_Payment_Request_Digest_API_v3_svcDef.xml</types1:PublishedContributionId>
      <types1:AutosaveExists>false</types1:AutosaveExists>
      <types1:Entry>
         <businessConnector xmlns="http://schemas.informatica.com/socrates/data-services/2014/05/business-connector-model.xsd"
                            agentOnly="false"
                            debug="false"
                            displayName="Concur Payment Request Digest API v3"
                            label=""
                            name="Concur_Payment_Request_Digest_API_v3"
                            uuid="b932c166-a215-45a4-8a25-630ca37d1bf7">
            <description>A payment request digest is a collection of payment requests to invoice vendors. This API provides methods to view all payment requests corresponding to search parameters, or view a payment request digest by ID.</description>
            <tags/>
            <connectionAttributes xmlns="http://schemas.informatica.com/appmodules/screenflow/2014/04/avosConnectors.xsd">
               <connectionAttribute description="Host Name"
                                    masked="false"
                                    name="hostName"
                                    required="true"
                                    testWith="www.concursolutions.com"
                                    type="string"/>
            </connectionAttributes>
            <actions>
               <action category="Resources"
                       failOnError="true"
                       forSearch="false"
                       label="GET_invoice_paymentrequestdigests"
                       maxRedirects="100"
                       name="GET_invoice_paymentrequestdigests"
                       preemptiveAuth="true"
                       responseEncoding="">
                  <description>Get all payment requests digests based on the search criteria. Returns all payment requests digests based on the search criteria.</description>
                  <input>
                     <parameter description="The start of the page offset."
                                label="offset"
                                name="offset"
                                required="false"
                                testWith=""
                                type="string"/>
                     <parameter description="The number of records to return (default 1000)."
                                label="limit"
                                name="limit"
                                required="false"
                                testWith=""
                                type="int"/>
                     <parameter description="A code representing a Payment Request Approval Status. Use GET /invoice/localizeddata to get the available approval status codes."
                                label="approvalStatus"
                                name="approvalStatus"
                                required="false"
                                testWith=""
                                type="string"/>
                     <parameter description="A code representing a Payment Request Payment Status. Use GET /invoice/localizeddata to get the available payment status codes"
                                label="paymentStatus"
                                name="paymentStatus"
                                required="false"
                                testWith=""
                                type="string"/>
                     <parameter description="Vendor invoice number tied to invoice."
                                label="vendorInvoiceNumber"
                                name="vendorInvoiceNumber"
                                required="false"
                                testWith=""
                                type="string"/>
                     <parameter description="The payment request create date is before this date.Format: YYYY-MM-DD."
                                label="createDateBefore"
                                name="createDateBefore"
                                required="false"
                                testWith=""
                                type="datetime"/>
                     <parameter description="The payment request create date is after this date.Format: YYYY-MM-DD."
                                label="createDateAfter"
                                name="createDateAfter"
                                required="false"
                                testWith=""
                                type="datetime"/>
                     <parameter description="The payment request user defined date is before this date.Format: YYYY-MM-DD."
                                label="userDefinedDateBefore"
                                name="userDefinedDateBefore"
                                required="false"
                                testWith=""
                                type="datetime"/>
                     <parameter description="The payment request user defined date is after this date.Format: YYYY-MM-DD."
                                label="userDefinedDateAfter"
                                name="userDefinedDateAfter"
                                required="false"
                                testWith=""
                                type="datetime"/>
                     <parameter description="The payment request submit date is before this date.Format: YYYY-MM-DD."
                                label="submitDateBefore"
                                name="submitDateBefore"
                                required="false"
                                testWith=""
                                type="datetime"/>
                     <parameter description="The payment request submit date is after this date.Format: YYYY-MM-DD."
                                label="submitDateAfter"
                                name="submitDateAfter"
                                required="false"
                                testWith=""
                                type="datetime"/>
                     <parameter description="The payment request paid date is before this date.Format: YYYY-MM-DD."
                                label="paidDateBefore"
                                name="paidDateBefore"
                                required="false"
                                testWith=""
                                type="datetime"/>
                     <parameter description="The payment request paid date is after this date.Format: YYYY-MM-DD."
                                label="paidDateAfter"
                                name="paidDateAfter"
                                required="false"
                                testWith=""
                                type="datetime"/>
                  </input>
                  <binding>
                     <restSimpleBinding multiUsing="semicolonSeparated"
                                        url="https://{$hostName}/api/v3.0/invoice/paymentrequestdigests"
                                        verb="GET">
                        <httpHeaders>
                           <header name="Content-Type">application/json</header>
                           <header name="Accept">application/json</header>
                        </httpHeaders>
                     </restSimpleBinding>
                  </binding>
                  <output>
                     <field description="Success"
                            entireResponse="true"
                            name="PaymentRequestDigestCollection"
                            type="reference">
                        <options>
                           <option name="referenceTo">PaymentRequestDigestCollection</option>
                        </options>
                     </field>
                  </output>
               </action>
               <action category="Resources"
                       failOnError="true"
                       forSearch="false"
                       label="GET_invoice_paymentrequestdigests_id_"
                       maxRedirects="100"
                       name="GET_invoice_paymentrequestdigests_id_"
                       preemptiveAuth="true"
                       responseEncoding="">
                  <description>Get the payment request digest based on ID. Returns the payment request digest based on ID.</description>
                  <input>
                     <parameter description="The payment request ID"
                                label="idPathParam"
                                name="idPathParam"
                                nogen="true"
                                required="true"
                                testWith=""
                                type="string"/>
                  </input>
                  <binding>
                     <restSimpleBinding multiUsing="semicolonSeparated"
                                        url="https://{$hostName}/api/v3.0/invoice/paymentrequestdigests/{$idPathParam}"
                                        verb="GET">
                        <httpHeaders>
                           <header name="Content-Type">application/json</header>
                           <header name="Accept">application/json</header>
                        </httpHeaders>
                     </restSimpleBinding>
                  </binding>
                  <output>
                     <field description="Success"
                            entireResponse="true"
                            name="PaymentRequestDigest"
                            type="reference">
                        <options>
                           <option name="referenceTo">PaymentRequestDigest</option>
                        </options>
                     </field>
                  </output>
               </action>
            </actions>
            <objects>
               <processObject xmlns="http://schemas.active-endpoints.com/appmodules/screenflow/2011/06/avosHostEnvironment.xsd"
                              isByCopy="true"
                              name="PaymentRequestDigestCollection">
                  <description/>
                  <detail>
                     <field name="TotalCount" type="int"/>
                     <field name="PaymentRequestDigest" type="reference">
                        <options>
                           <option name="referenceTo">PaymentRequestDigest</option>
                           <option name="relationshipName">Child</option>
                        </options>
                     </field>
                     <field name="Items" type="reference">
                        <options>
                           <option name="referenceTo">PaymentRequestDigest</option>
                           <option name="relationshipName">Child</option>
                        </options>
                     </field>
                     <field name="NextPage" type="string"/>
                  </detail>
               </processObject>
               <processObject xmlns="http://schemas.active-endpoints.com/appmodules/screenflow/2011/06/avosHostEnvironment.xsd"
                              isByCopy="true"
                              name="PaymentRequestDigest">
                  <description/>
                  <detail>
                     <field name="IsDeleted" type="string"/>
                     <field name="OwnerName" type="string"/>
                     <field name="VendorName" type="string"/>
                     <field name="PaymentRequestId" type="string"/>
                     <field name="PurchaseOrderNumber" type="string"/>
                     <field name="OwnerLoginID" type="string"/>
                     <field name="UserDefinedDate" type="string"/>
                     <field name="ApprovalStatusCode" type="string"/>
                     <field name="CreateDate" type="string"/>
                     <field name="PaymentRequestUri" type="string"/>
                     <field name="URI" type="string"/>
                     <field name="CurrencyCode" type="string"/>
                     <field name="PaidDate" type="string"/>
                     <field name="Total" type="string"/>
                     <field name="ID" type="string"/>
                     <field name="InvoiceNumber" type="string"/>
                     <field name="PaymentStatusCode" type="string"/>
                  </detail>
               </processObject>
               <processObject xmlns="http://schemas.active-endpoints.com/appmodules/screenflow/2011/06/avosHostEnvironment.xsd"
                              isByCopy="true"
                              name="string">
                  <description/>
                  <detail>
                     <field name="string" type="string"/>
                  </detail>
               </processObject>
               <processObject xmlns="http://schemas.active-endpoints.com/appmodules/screenflow/2011/06/avosHostEnvironment.xsd"
                              isByCopy="true"
                              name="boolean">
                  <description/>
                  <detail>
                     <field name="boolean" type="boolean"/>
                  </detail>
               </processObject>
               <processObject xmlns="http://schemas.active-endpoints.com/appmodules/screenflow/2011/06/avosHostEnvironment.xsd"
                              isByCopy="true"
                              name="double">
                  <description/>
                  <detail>
                     <field name="double" type="double"/>
                  </detail>
               </processObject>
               <processObject xmlns="http://schemas.active-endpoints.com/appmodules/screenflow/2011/06/avosHostEnvironment.xsd"
                              isByCopy="true"
                              name="integer">
                  <description/>
                  <detail>
                     <field name="integer" type="int"/>
                  </detail>
               </processObject>
            </objects>
         </businessConnector>
      </types1:Entry>
      <types1:GUID>5XLBUVkzxzGjIhsarwo84J</types1:GUID>
      <types1:DisplayName>Concur Payment Request Digest API v3</types1:DisplayName>
   </types1:Item>
   <types1:CurrentServerDateTime>2019-02-22T09:42:47.739Z</types1:CurrentServerDateTime>
</aetgt:getResponse>
