<aetgt:getResponse xmlns:aetgt="http://schemas.active-endpoints.com/appmodules/repository/2010/10/avrepository.xsd"
                   xmlns:types1="http://schemas.active-endpoints.com/appmodules/repository/2010/10/avrepository.xsd">
   <types1:Item>
      <types1:EntryId>7LHxkYAOTMneBjr-gt-41607-2019-02-28T05:37:18.941Z::svc.xml</types1:EntryId>
      <types1:Name>ADP_Time_Off_Balances_v3</types1:Name>
      <types1:MimeType>application/xml+businesssconnector</types1:MimeType>
      <types1:Description>This API is used by an employee to view time off balances or by a manager to view the balances for a team.</types1:Description>
      <types1:AppliesTo/>
      <types1:Tags/>
      <types1:VersionLabel>1.0</types1:VersionLabel>
      <types1:State>CURRENT</types1:State>
      <types1:ProcessGroup/>
      <types1:CreatedBy>stage2_pod1</types1:CreatedBy>
      <types1:CreationDate>2019-02-28T05:37:19Z</types1:CreationDate>
      <types1:ModifiedBy/>
      <types1:PublicationStatus>unpublished</types1:PublicationStatus>
      <types1:AutosaveExists>false</types1:AutosaveExists>
      <types1:Entry>
         <businessConnector xmlns="http://schemas.informatica.com/socrates/data-services/2014/05/business-connector-model.xsd"
                            agentOnly="false"
                            debug="false"
                            displayName="ADP Time Off Balances v3"
                            label=""
                            name="ADP_Time_Off_Balances_v3"
                            uuid="f49d2fec-3b3d-498c-a799-379041ab62b4">
            <description>This API is used by an employee to view time off balances or by a manager to view the balances for a team.</description>
            <tags/>
            <connectionAttributes xmlns="http://schemas.informatica.com/appmodules/screenflow/2014/04/avosConnectors.xsd">
               <connectionAttribute description="Host Name"
                                    masked="false"
                                    name="hostName"
                                    required="true"
                                    testWith="test-api.adp.com"
                                    type="string"/>
            </connectionAttributes>
            <actions>
               <action category="Worker Time Off Balances"
                       failOnError="true"
                       forSearch="false"
                       label="TimeV3WorkersTimeOffBalancesMetaByAoidGet"
                       maxRedirects="100"
                       name="TimeV3WorkersTimeOffBalancesMetaByAoidGet"
                       preemptiveAuth="true"
                       responseEncoding="">
                  <description>21f25bcf-25bf-449a-8fe5-99eb448e3d0d. Returns API metadata</description>
                  <input>
                     <parameter description="&lt;li&gt;Returns the timeCards that fall into the symbolic time periods. &lt;/li&gt;"
                                label="aoidPathParam"
                                name="aoidPathParam"
                                nogen="true"
                                required="true"
                                testWith=""
                                type="string"/>
                     <parameter description="The role the user is playing during the transaction.  Possible values: employee,manager,practitioner,administrator,supervisor.  The roleCode header will be passed in all calls. When coming from Myself capabilities rolecode=employee. When coming from Team capabilities roleCode=manager. When coming from Practitioner capabilities roleCode=practitioner."
                                label="roleCode"
                                name="roleCode"
                                nogen="true"
                                required="true"
                                testWith=""
                                type="string"/>
                  </input>
                  <binding>
                     <restSimpleBinding multiUsing="semicolonSeparated"
                                        url="https://{$hostName}/time/v3/workers/{$aoidPathParam}/time-off-balances/meta"
                                        verb="GET">
                        <httpHeaders>
                           <header name="Content-Type">application/json</header>
                           <header name="Accept">application/json</header>
                           <header name="roleCode">{$roleCode}</header>
                        </httpHeaders>
                     </restSimpleBinding>
                  </binding>
                  <output>
                     <field description="Returns API metadata"
                            entireResponse="true"
                            name="timeOffBalancesMetaType"
                            type="reference">
                        <options>
                           <option name="referenceTo">timeOffBalancesMetaType</option>
                        </options>
                     </field>
                  </output>
               </action>
               <action category="Worker Time Off Balances"
                       failOnError="true"
                       forSearch="false"
                       label="TimeV3WorkersTeamTimeOffBalancesMetaByAoidGet"
                       maxRedirects="100"
                       name="TimeV3WorkersTeamTimeOffBalancesMetaByAoidGet"
                       preemptiveAuth="true"
                       responseEncoding="">
                  <description>4a569b55-7d4b-4c3e-a3a7-5abb48200e07. Returns API metadata</description>
                  <input>
                     <parameter description="&lt;li style=&#34;padding-bottom: 15.0px;&#34;&gt;Returns the timeCards that have a timePeriod with the startDate equal to {startDate} and an endDate equal to the {endDate}&lt;/li&gt;"
                                label="aoidPathParam"
                                name="aoidPathParam"
                                nogen="true"
                                required="true"
                                testWith=""
                                type="string"/>
                     <parameter description="The role the user is playing during the transaction.  Possible values: employee,manager,practitioner,administrator,supervisor.  The roleCode header will be passed in all calls. When coming from Myself capabilities rolecode=employee. When coming from Team capabilities roleCode=manager. When coming from Practitioner capabilities roleCode=practitioner."
                                label="roleCode"
                                name="roleCode"
                                nogen="true"
                                required="true"
                                testWith=""
                                type="string"/>
                  </input>
                  <binding>
                     <restSimpleBinding multiUsing="semicolonSeparated"
                                        url="https://{$hostName}/time/v3/workers/{$aoidPathParam}/team-time-off-balances/meta"
                                        verb="GET">
                        <httpHeaders>
                           <header name="Content-Type">application/json</header>
                           <header name="Accept">application/json</header>
                           <header name="roleCode">{$roleCode}</header>
                        </httpHeaders>
                     </restSimpleBinding>
                  </binding>
                  <output>
                     <field description="Returns API metadata"
                            entireResponse="true"
                            name="timeOffBalancesMetaType"
                            type="reference">
                        <options>
                           <option name="referenceTo">timeOffBalancesMetaType</option>
                        </options>
                     </field>
                  </output>
               </action>
            </actions>
            <objects>
               <processObject xmlns="http://schemas.active-endpoints.com/appmodules/screenflow/2011/06/avosHostEnvironment.xsd"
                              isByCopy="true"
                              name="ValueSetMeta">
                  <description/>
                  <detail>
                     <field name="idValuePath" type="string"/>
                     <field name="itemDescriptionPath" type="string"/>
                  </detail>
               </processObject>
               <processObject xmlns="http://schemas.active-endpoints.com/appmodules/screenflow/2011/06/avosHostEnvironment.xsd"
                              isByCopy="true"
                              name="numberType">
                  <description/>
                  <detail>
                     <field name="multipleOf" type="double"/>
                     <field name="masking" type="reference">
                        <options>
                           <option name="referenceTo">maskingRuleType</option>
                           <option name="relationshipName">Child</option>
                        </options>
                     </field>
                     <field name="hidden" type="boolean"/>
                     <field name="maxValue" type="double"/>
                     <field name="minLength" type="int"/>
                     <field name="dataType" type="reference">
                        <options>
                           <option name="referenceTo">metaDataType</option>
                           <option name="relationshipName">Child</option>
                        </options>
                     </field>
                     <field name="pattern" type="string"/>
                     <field name="readOnly" type="boolean"/>
                     <field name="optional" type="boolean"/>
                     <field name="helperMessage" type="reference">
                        <options>
                           <option name="referenceTo">helperMessageType</option>
                           <option name="relationshipName">Child</option>
                        </options>
                     </field>
                     <field name="dependencies" type="object"/>
                     <field name="sequence" type="int"/>
                     <field name="disallow" type="objectlist">
                        <options>
                           <option name="referenceTo">disallowItemType</option>
                           <option name="relationshipName">Child</option>
                        </options>
                     </field>
                     <field name="minValue" type="double"/>
                     <field name="default" type="double"/>
                     <field name="shortLabelName" type="string"/>
                     <field name="dependencyLinks" type="objectlist">
                        <options>
                           <option name="referenceTo">linkType_v02</option>
                           <option name="relationshipName">Child</option>
                        </options>
                     </field>
                     <field name="longLabelName" type="string"/>
                     <field name="equals" type="objectlist">
                        <options>
                           <option name="referenceTo">string</option>
                           <option name="relationshipName">Child</option>
                        </options>
                     </field>
                     <field name="lessThan" type="objectlist">
                        <options>
                           <option name="referenceTo">string</option>
                           <option name="relationshipName">Child</option>
                        </options>
                     </field>
                     <field name="maxLength" type="int"/>
                     <field name="greaterThan" type="objectlist">
                        <options>
                           <option name="referenceTo">string</option>
                           <option name="relationshipName">Child</option>
                        </options>
                     </field>
                  </detail>
               </processObject>
               <processObject xmlns="http://schemas.active-endpoints.com/appmodules/screenflow/2011/06/avosHostEnvironment.xsd"
                              isByCopy="true"
                              name="codeListType_v03">
                  <description/>
                  <detail>
                     <field name="listItems" type="objectlist">
                        <options>
                           <option name="referenceTo">codeListItemType_v02</option>
                           <option name="relationshipName">Child</option>
                        </options>
                     </field>
                     <field name="exclusiveIndicator" type="boolean"/>
                     <field name="codeListTitle" type="string"/>
                     <field name="links" type="objectlist">
                        <options>
                           <option name="referenceTo">linkType_v02</option>
                           <option name="relationshipName">Child</option>
                        </options>
                     </field>
                  </detail>
               </processObject>
               <processObject xmlns="http://schemas.active-endpoints.com/appmodules/screenflow/2011/06/avosHostEnvironment.xsd"
                              isByCopy="true"
                              name="helperMessageType">
                  <description>Helper text provided to the user when they take an action to affirm to be correct, true, or genuine.</description>
                  <detail>
                     <field name="messageTxt" type="string"/>
                     <field name="links" type="objectlist">
                        <options>
                           <option name="referenceTo">linkType_v02</option>
                           <option name="relationshipName">Child</option>
                        </options>
                     </field>
                  </detail>
               </processObject>
               <processObject xmlns="http://schemas.active-endpoints.com/appmodules/screenflow/2011/06/avosHostEnvironment.xsd"
                              isByCopy="true"
                              name="codeListItemType_v02">
                  <description/>
                  <detail>
                     <field name="itemID" type="string"/>
                     <field name="inactiveIndicator" type="boolean"/>
                     <field name="defaultIndicator" type="boolean"/>
                     <field name="valueDescription" type="string"/>
                     <field name="shortName" type="string"/>
                     <field name="foreignKey" type="string"/>
                     <field name="codeValue" type="string"/>
                     <field name="longName" type="string"/>
                  </detail>
               </processObject>
               <processObject xmlns="http://schemas.active-endpoints.com/appmodules/screenflow/2011/06/avosHostEnvironment.xsd"
                              isByCopy="true"
                              name="EncType">
                  <description>If present, this property indicates a query media type format that the server supports for querying or posting to the collection of instances at the target resource.  The query can be suffixed to the target URI to query the collection with property-based constraints on the resources that SHOULD be returned from the server or used to post data to the resource (depending on the method). (Request)</description>
                  <detail/>
               </processObject>
               <processObject xmlns="http://schemas.active-endpoints.com/appmodules/screenflow/2011/06/avosHostEnvironment.xsd"
                              isByCopy="true"
                              name="objectType">
                  <description/>
                  <detail>
                     <field name="sequence" type="int"/>
                     <field name="disallow" type="objectlist">
                        <options>
                           <option name="referenceTo">disallowItemType</option>
                           <option name="relationshipName">Child</option>
                        </options>
                     </field>
                     <field name="hidden" type="boolean"/>
                     <field name="dependencyLinks" type="objectlist">
                        <options>
                           <option name="referenceTo">linkType_v02</option>
                           <option name="relationshipName">Child</option>
                        </options>
                     </field>
                     <field name="dataType" type="reference">
                        <options>
                           <option name="referenceTo">metaDataType</option>
                           <option name="relationshipName">Child</option>
                        </options>
                     </field>
                     <field name="readOnly" type="boolean"/>
                     <field name="optional" type="boolean"/>
                     <field name="helperMessage" type="reference">
                        <options>
                           <option name="referenceTo">helperMessageType</option>
                           <option name="relationshipName">Child</option>
                        </options>
                     </field>
                     <field name="dependencies" type="object"/>
                  </detail>
               </processObject>
               <processObject xmlns="http://schemas.active-endpoints.com/appmodules/screenflow/2011/06/avosHostEnvironment.xsd"
                              isByCopy="true"
                              name="timeOffBalancesMeta">
                  <description>timeOffBalances meta schema for - timeOffBalances_schema_v03_00_rev001.json</description>
                  <detail>
                     <field name="SC__timeOffBalances_workerName_familyName2" type="reference">
                        <options>
                           <option name="referenceTo">stringType</option>
                           <option name="relationshipName">Child</option>
                        </options>
                     </field>
                     <field name="SC__timeOffBalances_workAssignmentTitle" type="reference">
                        <options>
                           <option name="referenceTo">stringType</option>
                           <option name="relationshipName">Child</option>
                        </options>
                     </field>
                     <field name="SC__timeOffBalances_workerName_familyName1" type="reference">
                        <options>
                           <option name="referenceTo">stringType</option>
                           <option name="relationshipName">Child</option>
                        </options>
                     </field>
                     <field name="SC__timeOffBalances_timeOffPolicyBalances_policyBalances_balanceTypeCode_longName"
                            type="reference">
                        <options>
                           <option name="referenceTo">stringType</option>
                           <option name="relationshipName">Child</option>
                        </options>
                     </field>
                     <field name="SC__timeOffBalances_timeOffPolicyBalances_policyBalances_accrualBalances_expiringTotalTime_timeValue"
                            type="reference">
                        <options>
                           <option name="referenceTo">stringType</option>
                           <option name="relationshipName">Child</option>
                        </options>
                     </field>
                     <field name="SC__timeOffBalances_timeOffPolicyBalances_policyBalances_totalQuantity_unitTimeCode_shortName"
                            type="reference">
                        <options>
                           <option name="referenceTo">stringType</option>
                           <option name="relationshipName">Child</option>
                        </options>
                     </field>
                     <field name="SC__timeOffBalances_timeOffPolicyBalances_policyBalances_accrualBalances_accrualTypeCode_longName"
                            type="reference">
                        <options>
                           <option name="referenceTo">stringType</option>
                           <option name="relationshipName">Child</option>
                        </options>
                     </field>
                     <field name="SC__timeOffBalances_associateOID" type="reference">
                        <options>
                           <option name="referenceTo">stringType</option>
                           <option name="relationshipName">Child</option>
                        </options>
                     </field>
                     <field name="SC__timeOffBalances_timeOffPolicyBalances_policyBalances_accrualBalances_totalQuantity_unitTimeCode_longName"
                            type="reference">
                        <options>
                           <option name="referenceTo">stringType</option>
                           <option name="relationshipName">Child</option>
                        </options>
                     </field>
                     <field name="SC__timeOffBalances_timeOffPolicyBalances_policyBalances_accrualBalances_totalQuantity_unitTimeCode_shortName"
                            type="reference">
                        <options>
                           <option name="referenceTo">stringType</option>
                           <option name="relationshipName">Child</option>
                        </options>
                     </field>
                     <field name="SC__timeOffBalances_timeOffPolicyBalances" type="reference">
                        <options>
                           <option name="referenceTo">arrayType</option>
                           <option name="relationshipName">Child</option>
                        </options>
                     </field>
                     <field name="SC__timeOffBalances_timeOffPolicyBalances_policyBalances_totalTime_nameCode_codeValue"
                            type="reference">
                        <options>
                           <option name="referenceTo">stringType</option>
                           <option name="relationshipName">Child</option>
                        </options>
                     </field>
                     <field name="SC__timeOffBalances_workerName" type="reference">
                        <options>
                           <option name="referenceTo">objectType</option>
                           <option name="relationshipName">Child</option>
                        </options>
                     </field>
                     <field name="SC__timeOffBalances_timeOffPolicyBalances_policyBalances_accrualBalances_totalTime_nameCode_longName"
                            type="reference">
                        <options>
                           <option name="referenceTo">stringType</option>
                           <option name="relationshipName">Child</option>
                        </options>
                     </field>
                     <field name="SC__timeOffBalances_timeOffPolicyBalances_policyBalances_totalQuantity"
                            type="reference">
                        <options>
                           <option name="referenceTo">objectType</option>
                           <option name="relationshipName">Child</option>
                        </options>
                     </field>
                     <field name="SC__timeOffBalances_timeOffPolicyBalances_policyBalances_accrualBalances_totalTime_nameCode_codeValue"
                            type="reference">
                        <options>
                           <option name="referenceTo">stringType</option>
                           <option name="relationshipName">Child</option>
                        </options>
                     </field>
                     <field name="SC__timeOffBalances_timeOffPolicyBalances_policyBalances_accrualBalances_expiringTotalTime_nameCode"
                            type="reference">
                        <options>
                           <option name="referenceTo">stringCodeListType</option>
                           <option name="relationshipName">Child</option>
                        </options>
                     </field>
                     <field name="SC__timeOffBalances_timeOffPolicyBalances_policyBalances_accrualBalances_accrualTypeCode"
                            type="reference">
                        <options>
                           <option name="referenceTo">stringCodeListType</option>
                           <option name="relationshipName">Child</option>
                        </options>
                     </field>
                     <field name="SC__timeOffBalances_timeOffPolicyBalances_policyBalances_accrualBalances_expiringTotalQuantity_unitTimeCode_codeValue"
                            type="reference">
                        <options>
                           <option name="referenceTo">stringType</option>
                           <option name="relationshipName">Child</option>
                        </options>
                     </field>
                     <field name="SC__timeOffBalances_timeOffPolicyBalances_policyBalances_accrualBalances_totalTime_nameCode_shortName"
                            type="reference">
                        <options>
                           <option name="referenceTo">stringType</option>
                           <option name="relationshipName">Child</option>
                        </options>
                     </field>
                     <field name="SC__timeOffBalances_timeOffPolicyBalances_policyBalances_accrualBalances_expiringTotalQuantity_unitTimeCode_longName"
                            type="reference">
                        <options>
                           <option name="referenceTo">stringType</option>
                           <option name="relationshipName">Child</option>
                        </options>
                     </field>
                     <field name="SC__timeOffBalances_timeOffPolicyBalances_policyBalances_accrualBalances_totalQuantity"
                            type="reference">
                        <options>
                           <option name="referenceTo">objectType</option>
                           <option name="relationshipName">Child</option>
                        </options>
                     </field>
                     <field name="SC__timeOffBalances_timeOffPolicyBalances_timeOffPolicyCode_longName"
                            type="reference">
                        <options>
                           <option name="referenceTo">stringType</option>
                           <option name="relationshipName">Child</option>
                        </options>
                     </field>
                     <field name="SC__timeOffBalances_timeOffPolicyBalances_policyBalances_accrualBalances_accrualTypeCode_shortName"
                            type="reference">
                        <options>
                           <option name="referenceTo">stringType</option>
                           <option name="relationshipName">Child</option>
                        </options>
                     </field>
                     <field name="SC__timeOffBalances_timeOffPolicyBalances_policyBalances_accrualBalances_expiringTotalQuantity_unitTimeCode_shortName"
                            type="reference">
                        <options>
                           <option name="referenceTo">stringType</option>
                           <option name="relationshipName">Child</option>
                        </options>
                     </field>
                     <field name="SC__timeOffBalances_timeOffPolicyBalances_policyBalances_accrualBalances_expiringTotalTime_nameCode_codeValue"
                            type="reference">
                        <options>
                           <option name="referenceTo">stringType</option>
                           <option name="relationshipName">Child</option>
                        </options>
                     </field>
                     <field name="SC__timeOffBalances_timeOffPolicyBalances_policyBalances_balanceTypeCode_codeValue"
                            type="reference">
                        <options>
                           <option name="referenceTo">stringType</option>
                           <option name="relationshipName">Child</option>
                        </options>
                     </field>
                     <field name="SC__timeOffBalances_timeOffPolicyBalances_policyBalances_totalQuantity_unitTimeCode_longName"
                            type="reference">
                        <options>
                           <option name="referenceTo">stringType</option>
                           <option name="relationshipName">Child</option>
                        </options>
                     </field>
                     <field name="SC__timeOffBalances_timeOffPolicyBalances_policyBalances_totalQuantity_unitTimeCode"
                            type="reference">
                        <options>
                           <option name="referenceTo">stringCodeListType</option>
                           <option name="relationshipName">Child</option>
                        </options>
                     </field>
                     <field name="SC__timeOffBalances_timeOffPolicyBalances_policyBalances_accrualBalances_expiringTotalTime"
                            type="reference">
                        <options>
                           <option name="referenceTo">objectType</option>
                           <option name="relationshipName">Child</option>
                        </options>
                     </field>
                     <field name="SC__timeOffBalances_timeOffPolicyBalances_policyBalances_accrualBalances_expiringTotalTime_nameCode_shortName"
                            type="reference">
                        <options>
                           <option name="referenceTo">stringType</option>
                           <option name="relationshipName">Child</option>
                        </options>
                     </field>
                     <field name="SC__timeOffBalances_timeOffPolicyBalances_policyBalances_totalTime_nameCode_longName"
                            type="reference">
                        <options>
                           <option name="referenceTo">stringType</option>
                           <option name="relationshipName">Child</option>
                        </options>
                     </field>
                     <field name="SC__timeOffBalances_timeOffPolicyBalances_policyBalances_accrualBalances_totalTime_nameCode"
                            type="reference">
                        <options>
                           <option name="referenceTo">stringCodeListType</option>
                           <option name="relationshipName">Child</option>
                        </options>
                     </field>
                     <field name="SC__timeOffBalances_timeOffPolicyBalances_policyBalances_accrualBalances_expiringTotalQuantity"
                            type="reference">
                        <options>
                           <option name="referenceTo">objectType</option>
                           <option name="relationshipName">Child</option>
                        </options>
                     </field>
                     <field name="SC__timeOffBalances_timeOffPolicyBalances_policyBalances_totalQuantity_unitTimeCode_codeValue"
                            type="reference">
                        <options>
                           <option name="referenceTo">stringType</option>
                           <option name="relationshipName">Child</option>
                        </options>
                     </field>
                     <field name="queryCriteria" type="objectlist">
                        <options>
                           <option name="referenceTo">timeOffBalancesQueryCriterion</option>
                           <option name="relationshipName">Child</option>
                        </options>
                     </field>
                     <field name="SC__timeOffBalances_timeOffPolicyBalances_policyBalances_totalTime_nameCode_shortName"
                            type="reference">
                        <options>
                           <option name="referenceTo">stringType</option>
                           <option name="relationshipName">Child</option>
                        </options>
                     </field>
                     <field name="SC__timeOffBalances_timeOffPolicyBalances_policyBalances_accrualBalances_totalQuantity_unitTimeCode_codeValue"
                            type="reference">
                        <options>
                           <option name="referenceTo">stringType</option>
                           <option name="relationshipName">Child</option>
                        </options>
                     </field>
                     <field name="SC__timeOffBalances_timeOffPolicyBalances_policyBalances_accrualBalances_totalTime"
                            type="reference">
                        <options>
                           <option name="referenceTo">objectType</option>
                           <option name="relationshipName">Child</option>
                        </options>
                     </field>
                     <field name="SC__timeOffBalances_timeOffPolicyBalances_policyBalances_accrualBalances_totalTime_timeValue"
                            type="reference">
                        <options>
                           <option name="referenceTo">stringType</option>
                           <option name="relationshipName">Child</option>
                        </options>
                     </field>
                     <field name="SC__timeOffBalances_timeOffPolicyBalances_policyBalances"
                            type="reference">
                        <options>
                           <option name="referenceTo">arrayType</option>
                           <option name="relationshipName">Child</option>
                        </options>
                     </field>
                     <field name="SC__timeOffBalances_timeOffPolicyBalances_policyBalances_balanceTypeCode_shortName"
                            type="reference">
                        <options>
                           <option name="referenceTo">stringType</option>
                           <option name="relationshipName">Child</option>
                        </options>
                     </field>
                     <field name="SC__timeOffBalances_timeOffPolicyBalances_policyBalances_accrualBalances_accrualTypeCode_codeValue"
                            type="reference">
                        <options>
                           <option name="referenceTo">stringType</option>
                           <option name="relationshipName">Child</option>
                        </options>
                     </field>
                     <field name="SC__timeOffBalances" type="reference">
                        <options>
                           <option name="referenceTo">arrayType</option>
                           <option name="relationshipName">Child</option>
                        </options>
                     </field>
                     <field name="SC__timeOffBalances_workAssignmentID" type="reference">
                        <options>
                           <option name="referenceTo">stringType</option>
                           <option name="relationshipName">Child</option>
                        </options>
                     </field>
                     <field name="SC__timeOffBalances_timeOffPolicyBalances_policyBalances_accrualBalances_expiringTotalQuantity_unitTimeCode"
                            type="reference">
                        <options>
                           <option name="referenceTo">stringCodeListType</option>
                           <option name="relationshipName">Child</option>
                        </options>
                     </field>
                     <field name="SC__timeOffBalances_timeOffPolicyBalances_policyBalances_balanceTypeCode"
                            type="reference">
                        <options>
                           <option name="referenceTo">stringCodeListType</option>
                           <option name="relationshipName">Child</option>
                        </options>
                     </field>
                     <field name="SC__timeOffBalances_timeOffPolicyBalances_timeOffPolicyCode"
                            type="reference">
                        <options>
                           <option name="referenceTo">stringCodeListType</option>
                           <option name="relationshipName">Child</option>
                        </options>
                     </field>
                     <field name="SC__timeOffBalances_timeOffPolicyBalances_policyBalances_accrualBalances_totalQuantity_unitTimeCode"
                            type="reference">
                        <options>
                           <option name="referenceTo">stringCodeListType</option>
                           <option name="relationshipName">Child</option>
                        </options>
                     </field>
                     <field name="SC__timeOffBalances_timeOffPolicyBalances_policyBalances_accrualBalances_expiringTotalQuantity_quantityValue"
                            type="reference">
                        <options>
                           <option name="referenceTo">numberType</option>
                           <option name="relationshipName">Child</option>
                        </options>
                     </field>
                     <field name="SC__timeOffBalances_timeOffPolicyBalances_policyBalances_totalTime"
                            type="reference">
                        <options>
                           <option name="referenceTo">objectType</option>
                           <option name="relationshipName">Child</option>
                        </options>
                     </field>
                     <field name="SC__timeOffBalances_timeOffPolicyBalances_policyBalances_accrualBalances_expireDateTime"
                            type="reference">
                        <options>
                           <option name="referenceTo">stringType</option>
                           <option name="relationshipName">Child</option>
                        </options>
                     </field>
                     <field name="SC__timeOffBalances_workerName_formattedName" type="reference">
                        <options>
                           <option name="referenceTo">stringType</option>
                           <option name="relationshipName">Child</option>
                        </options>
                     </field>
                     <field name="SC__timeOffBalances_timeOffPolicyBalances_policyBalances_totalTime_timeValue"
                            type="reference">
                        <options>
                           <option name="referenceTo">stringType</option>
                           <option name="relationshipName">Child</option>
                        </options>
                     </field>
                     <field name="SC__timeOffBalances_timeOffPolicyBalances_policyBalances_accrualBalances_totalQuantity_quantityValue"
                            type="reference">
                        <options>
                           <option name="referenceTo">numberType</option>
                           <option name="relationshipName">Child</option>
                        </options>
                     </field>
                     <field name="SC__timeOffBalances_timeOffPolicyBalances_policyBalances_totalTime_nameCode"
                            type="reference">
                        <options>
                           <option name="referenceTo">stringCodeListType</option>
                           <option name="relationshipName">Child</option>
                        </options>
                     </field>
                     <field name="SC__timeOffBalances_timeOffPolicyBalances_policyBalances_accrualBalances_expiringTotalTime_nameCode_longName"
                            type="reference">
                        <options>
                           <option name="referenceTo">stringType</option>
                           <option name="relationshipName">Child</option>
                        </options>
                     </field>
                     <field name="SC__timeOffBalances_timeOffPolicyBalances_policyBalances_accrualBalances"
                            type="reference">
                        <options>
                           <option name="referenceTo">arrayType</option>
                           <option name="relationshipName">Child</option>
                        </options>
                     </field>
                     <field name="SC__timeOffBalances_workerName_middleName" type="reference">
                        <options>
                           <option name="referenceTo">stringType</option>
                           <option name="relationshipName">Child</option>
                        </options>
                     </field>
                     <field name="SC__timeOffBalances_timeOffPolicyBalances_timeOffPolicyCode_shortName"
                            type="reference">
                        <options>
                           <option name="referenceTo">stringType</option>
                           <option name="relationshipName">Child</option>
                        </options>
                     </field>
                     <field name="SC__timeOffBalances_timeOffPolicyBalances_policyBalances_totalQuantity_quantityValue"
                            type="reference">
                        <options>
                           <option name="referenceTo">numberType</option>
                           <option name="relationshipName">Child</option>
                        </options>
                     </field>
                     <field name="SC__timeOffBalances_workerName_givenName" type="reference">
                        <options>
                           <option name="referenceTo">stringType</option>
                           <option name="relationshipName">Child</option>
                        </options>
                     </field>
                     <field name="SC__timeOffBalances_itemID" type="reference">
                        <options>
                           <option name="referenceTo">stringType</option>
                           <option name="relationshipName">Child</option>
                        </options>
                     </field>
                     <field name="SC__timeOffBalances_balanceAsOfDate" type="reference">
                        <options>
                           <option name="referenceTo">stringType</option>
                           <option name="relationshipName">Child</option>
                        </options>
                     </field>
                     <field name="SC__timeOffBalances_timeOffPolicyBalances_timeOffPolicyCode_codeValue"
                            type="reference">
                        <options>
                           <option name="referenceTo">stringType</option>
                           <option name="relationshipName">Child</option>
                        </options>
                     </field>
                  </detail>
               </processObject>
               <processObject xmlns="http://schemas.active-endpoints.com/appmodules/screenflow/2011/06/avosHostEnvironment.xsd"
                              isByCopy="true"
                              name="stringCodeListType">
                  <description/>
                  <detail>
                     <field name="masking" type="reference">
                        <options>
                           <option name="referenceTo">maskingRuleType</option>
                           <option name="relationshipName">Child</option>
                        </options>
                     </field>
                     <field name="valueSet" type="reference">
                        <options>
                           <option name="referenceTo">valueSetType</option>
                           <option name="relationshipName">Child</option>
                        </options>
                     </field>
                     <field name="hidden" type="boolean"/>
                     <field name="minLength" type="int"/>
                     <field name="dataType" type="reference">
                        <options>
                           <option name="referenceTo">metaDataType</option>
                           <option name="relationshipName">Child</option>
                        </options>
                     </field>
                     <field name="pattern" type="string"/>
                     <field name="readOnly" type="boolean"/>
                     <field name="optional" type="boolean"/>
                     <field name="codeList" type="reference">
                        <options>
                           <option name="referenceTo">codeListType_v03</option>
                           <option name="relationshipName">Child</option>
                        </options>
                     </field>
                     <field name="helperMessage" type="reference">
                        <options>
                           <option name="referenceTo">helperMessageType</option>
                           <option name="relationshipName">Child</option>
                        </options>
                     </field>
                     <field name="dependencies" type="object"/>
                     <field name="sequence" type="int"/>
                     <field name="disallow" type="objectlist">
                        <options>
                           <option name="referenceTo">disallowItemType</option>
                           <option name="relationshipName">Child</option>
                        </options>
                     </field>
                     <field name="default" type="string"/>
                     <field name="shortLabelName" type="string"/>
                     <field name="dependencyLinks" type="objectlist">
                        <options>
                           <option name="referenceTo">linkType_v02</option>
                           <option name="relationshipName">Child</option>
                        </options>
                     </field>
                     <field name="longLabelName" type="string"/>
                     <field name="equals" type="objectlist">
                        <options>
                           <option name="referenceTo">string</option>
                           <option name="relationshipName">Child</option>
                        </options>
                     </field>
                     <field name="lessThan" type="objectlist">
                        <options>
                           <option name="referenceTo">string</option>
                           <option name="relationshipName">Child</option>
                        </options>
                     </field>
                     <field name="maxLength" type="int"/>
                     <field name="greaterThan" type="objectlist">
                        <options>
                           <option name="referenceTo">string</option>
                           <option name="relationshipName">Child</option>
                        </options>
                     </field>
                  </detail>
               </processObject>
               <processObject xmlns="http://schemas.active-endpoints.com/appmodules/screenflow/2011/06/avosHostEnvironment.xsd"
                              isByCopy="true"
                              name="stringType">
                  <description/>
                  <detail>
                     <field name="masking" type="reference">
                        <options>
                           <option name="referenceTo">maskingRuleType</option>
                           <option name="relationshipName">Child</option>
                        </options>
                     </field>
                     <field name="valueSet" type="reference">
                        <options>
                           <option name="referenceTo">valueSetType</option>
                           <option name="relationshipName">Child</option>
                        </options>
                     </field>
                     <field name="hidden" type="boolean"/>
                     <field name="minLength" type="int"/>
                     <field name="dataType" type="reference">
                        <options>
                           <option name="referenceTo">metaDataType</option>
                           <option name="relationshipName">Child</option>
                        </options>
                     </field>
                     <field name="pattern" type="string"/>
                     <field name="readOnly" type="boolean"/>
                     <field name="optional" type="boolean"/>
                     <field name="helperMessage" type="reference">
                        <options>
                           <option name="referenceTo">helperMessageType</option>
                           <option name="relationshipName">Child</option>
                        </options>
                     </field>
                     <field name="dependencies" type="object"/>
                     <field name="sequence" type="int"/>
                     <field name="disallow" type="objectlist">
                        <options>
                           <option name="referenceTo">disallowItemType</option>
                           <option name="relationshipName">Child</option>
                        </options>
                     </field>
                     <field name="default" type="string"/>
                     <field name="shortLabelName" type="string"/>
                     <field name="dependencyLinks" type="objectlist">
                        <options>
                           <option name="referenceTo">linkType_v02</option>
                           <option name="relationshipName">Child</option>
                        </options>
                     </field>
                     <field name="longLabelName" type="string"/>
                     <field name="equals" type="objectlist">
                        <options>
                           <option name="referenceTo">string</option>
                           <option name="relationshipName">Child</option>
                        </options>
                     </field>
                     <field name="lessThan" type="objectlist">
                        <options>
                           <option name="referenceTo">string</option>
                           <option name="relationshipName">Child</option>
                        </options>
                     </field>
                     <field name="maxLength" type="int"/>
                     <field name="greaterThan" type="objectlist">
                        <options>
                           <option name="referenceTo">string</option>
                           <option name="relationshipName">Child</option>
                        </options>
                     </field>
                  </detail>
               </processObject>
               <processObject xmlns="http://schemas.active-endpoints.com/appmodules/screenflow/2011/06/avosHostEnvironment.xsd"
                              isByCopy="true"
                              name="disallowItemType">
                  <description/>
                  <detail>
                     <field name="itemID" type="string"/>
                  </detail>
               </processObject>
               <processObject xmlns="http://schemas.active-endpoints.com/appmodules/screenflow/2011/06/avosHostEnvironment.xsd"
                              isByCopy="true"
                              name="MediaType">
                  <description>The media type that the linked resource will return (Response)</description>
                  <detail/>
               </processObject>
               <processObject xmlns="http://schemas.active-endpoints.com/appmodules/screenflow/2011/06/avosHostEnvironment.xsd"
                              isByCopy="true"
                              name="TimeV3WorkersTimeOffBalancesMeta400Error">
                  <description/>
                  <detail>
                     <field name="externalValue" type="string"/>
                  </detail>
               </processObject>
               <processObject xmlns="http://schemas.active-endpoints.com/appmodules/screenflow/2011/06/avosHostEnvironment.xsd"
                              isByCopy="true"
                              name="arrayType">
                  <description/>
                  <detail>
                     <field name="minItems" type="int"/>
                     <field name="maxItems" type="int"/>
                     <field name="dependencyLinks" type="objectlist">
                        <options>
                           <option name="referenceTo">linkType_v02</option>
                           <option name="relationshipName">Child</option>
                        </options>
                     </field>
                     <field name="dataType" type="reference">
                        <options>
                           <option name="referenceTo">metaDataType</option>
                           <option name="relationshipName">Child</option>
                        </options>
                     </field>
                     <field name="uniqueItems" type="boolean"/>
                     <field name="uniqueProperties" type="objectlist">
                        <options>
                           <option name="referenceTo">string</option>
                           <option name="relationshipName">Child</option>
                        </options>
                     </field>
                     <field name="helperMessage" type="reference">
                        <options>
                           <option name="referenceTo">helperMessageType</option>
                           <option name="relationshipName">Child</option>
                        </options>
                     </field>
                     <field name="dependencies" type="object"/>
                     <field name="sameValueProperties" type="objectlist">
                        <options>
                           <option name="referenceTo">string</option>
                           <option name="relationshipName">Child</option>
                        </options>
                     </field>
                  </detail>
               </processObject>
               <processObject xmlns="http://schemas.active-endpoints.com/appmodules/screenflow/2011/06/avosHostEnvironment.xsd"
                              isByCopy="true"
                              name="LogicalOperator">
                  <description>A logical operation</description>
                  <detail>
                     <field name="mutuallyExclusiveIndicator" type="boolean"/>
                     <field name="logicalOperatorCode" type="string"/>
                     <field name="mutuallyExclusiveLogicalOperatorCodes" type="objectlist">
                        <options>
                           <option name="referenceTo">string</option>
                           <option name="relationshipName">Child</option>
                        </options>
                     </field>
                  </detail>
               </processObject>
               <processObject xmlns="http://schemas.active-endpoints.com/appmodules/screenflow/2011/06/avosHostEnvironment.xsd"
                              isByCopy="true"
                              name="valueSetType">
                  <description>A reference to the codelist extended with values</description>
                  <detail>
                     <field name="valueSetListItems" type="objectlist">
                        <options>
                           <option name="referenceTo">valueSetItemType</option>
                           <option name="relationshipName">Child</option>
                        </options>
                     </field>
                     <field name="meta" type="reference">
                        <options>
                           <option name="referenceTo">ValueSetMeta</option>
                           <option name="relationshipName">Child</option>
                        </options>
                     </field>
                     <field name="links" type="objectlist">
                        <options>
                           <option name="referenceTo">linkType_v02</option>
                           <option name="relationshipName">Child</option>
                        </options>
                     </field>
                  </detail>
               </processObject>
               <processObject xmlns="http://schemas.active-endpoints.com/appmodules/screenflow/2011/06/avosHostEnvironment.xsd"
                              isByCopy="true"
                              name="valueSetItemType">
                  <description>The value set item type</description>
                  <detail>
                     <field name="idValue" type="string"/>
                     <field name="defaultIndicator" type="boolean"/>
                     <field name="itemDescription" type="string"/>
                  </detail>
               </processObject>
               <processObject xmlns="http://schemas.active-endpoints.com/appmodules/screenflow/2011/06/avosHostEnvironment.xsd"
                              isByCopy="true"
                              name="Method">
                  <description>The HTTP method code (HTTP Verb) traverse the link (GET, POST, PUT or DELETE)</description>
                  <detail/>
               </processObject>
               <processObject xmlns="http://schemas.active-endpoints.com/appmodules/screenflow/2011/06/avosHostEnvironment.xsd"
                              isByCopy="true"
                              name="PayLoadArgument">
                  <description/>
                  <detail>
                     <field name="argumentValue" type="string"/>
                     <field name="argumentPath" type="string"/>
                  </detail>
               </processObject>
               <processObject xmlns="http://schemas.active-endpoints.com/appmodules/screenflow/2011/06/avosHostEnvironment.xsd"
                              isByCopy="true"
                              name="timeOffBalancesQueryCriterion">
                  <description>A single query parameter</description>
                  <detail>
                     <field name="obligationCode" type="string"/>
                     <field name="itemID" type="string"/>
                     <field name="queryValueCodeList" type="reference">
                        <options>
                           <option name="referenceTo">codeListType_v03</option>
                           <option name="relationshipName">Child</option>
                        </options>
                     </field>
                     <field name="defaultNumberValue" type="double"/>
                     <field name="queryOptionTypeCode" type="string"/>
                     <field name="resourcePaths" type="objectlist">
                        <options>
                           <option name="referenceTo">string</option>
                           <option name="relationshipName">Child</option>
                        </options>
                     </field>
                     <field name="pattern" type="string"/>
                     <field name="excludedResourcePaths" type="objectlist">
                        <options>
                           <option name="referenceTo">string</option>
                           <option name="relationshipName">Child</option>
                        </options>
                     </field>
                     <field name="resourcePathMax" type="int"/>
                     <field name="queryOptionCode" type="string"/>
                     <field name="defaultStringValue" type="string"/>
                     <field name="logicalOperators" type="objectlist">
                        <options>
                           <option name="referenceTo">LogicalOperator</option>
                           <option name="relationshipName">Child</option>
                        </options>
                     </field>
                  </detail>
               </processObject>
               <processObject xmlns="http://schemas.active-endpoints.com/appmodules/screenflow/2011/06/avosHostEnvironment.xsd"
                              isByCopy="true"
                              name="Rel">
                  <description>Indicates the nature of the relationship of the related resource to the resource that generated this representation</description>
                  <detail/>
               </processObject>
               <processObject xmlns="http://schemas.active-endpoints.com/appmodules/screenflow/2011/06/avosHostEnvironment.xsd"
                              isByCopy="true"
                              name="metaDataType">
                  <description/>
                  <detail/>
               </processObject>
               <processObject xmlns="http://schemas.active-endpoints.com/appmodules/screenflow/2011/06/avosHostEnvironment.xsd"
                              isByCopy="true"
                              name="linkType_v02">
                  <description>A link description object is used to describe link relations.  In the context of a schema, it defines the link relations of the instances of the schema, and can be parameterized by the instance values.  The link description format can be used on its own in regular (non-schema documents), and use of this format can be declared by referencing the normative link description schema as the the schema for the data structure that uses the links</description>
                  <detail>
                     <field name="schema" type="string"/>
                     <field name="targetSchema" type="string"/>
                     <field name="encType" type="reference">
                        <options>
                           <option name="referenceTo">EncType</option>
                           <option name="relationshipName">Child</option>
                        </options>
                     </field>
                     <field name="payLoadArguments" type="objectlist">
                        <options>
                           <option name="referenceTo">PayLoadArgument</option>
                           <option name="relationshipName">Child</option>
                        </options>
                     </field>
                     <field name="method" type="reference">
                        <options>
                           <option name="referenceTo">Method</option>
                           <option name="relationshipName">Child</option>
                        </options>
                     </field>
                     <field name="canonicalUri" type="string"/>
                     <field name="rel" type="reference">
                        <options>
                           <option name="referenceTo">Rel</option>
                           <option name="relationshipName">Child</option>
                        </options>
                     </field>
                     <field name="mediaType" type="reference">
                        <options>
                           <option name="referenceTo">MediaType</option>
                           <option name="relationshipName">Child</option>
                        </options>
                     </field>
                     <field name="href" type="string"/>
                     <field name="title" type="string"/>
                  </detail>
               </processObject>
               <processObject xmlns="http://schemas.active-endpoints.com/appmodules/screenflow/2011/06/avosHostEnvironment.xsd"
                              isByCopy="true"
                              name="timeOffBalancesMetaType">
                  <description>Collection of the time off balances for a single or multiple workers - Meta</description>
                  <detail>
                     <field name="meta" type="reference">
                        <options>
                           <option name="referenceTo">timeOffBalancesMeta</option>
                           <option name="relationshipName">Child</option>
                        </options>
                     </field>
                  </detail>
               </processObject>
               <processObject xmlns="http://schemas.active-endpoints.com/appmodules/screenflow/2011/06/avosHostEnvironment.xsd"
                              isByCopy="true"
                              name="maskingRuleType">
                  <description/>
                  <detail>
                     <field name="authorizationResourceID" type="string"/>
                     <field name="links" type="objectlist">
                        <options>
                           <option name="referenceTo">linkType_v02</option>
                           <option name="relationshipName">Child</option>
                        </options>
                     </field>
                     <field name="authorizationRequiredIndicator" type="boolean"/>
                  </detail>
               </processObject>
               <processObject xmlns="http://schemas.active-endpoints.com/appmodules/screenflow/2011/06/avosHostEnvironment.xsd"
                              isByCopy="true"
                              name="string">
                  <description/>
                  <detail>
                     <field name="string" type="string"/>
                  </detail>
               </processObject>
               <processObject xmlns="http://schemas.active-endpoints.com/appmodules/screenflow/2011/06/avosHostEnvironment.xsd"
                              isByCopy="true"
                              name="boolean">
                  <description/>
                  <detail>
                     <field name="boolean" type="boolean"/>
                  </detail>
               </processObject>
               <processObject xmlns="http://schemas.active-endpoints.com/appmodules/screenflow/2011/06/avosHostEnvironment.xsd"
                              isByCopy="true"
                              name="double">
                  <description/>
                  <detail>
                     <field name="double" type="double"/>
                  </detail>
               </processObject>
               <processObject xmlns="http://schemas.active-endpoints.com/appmodules/screenflow/2011/06/avosHostEnvironment.xsd"
                              isByCopy="true"
                              name="integer">
                  <description/>
                  <detail>
                     <field name="integer" type="int"/>
                  </detail>
               </processObject>
            </objects>
         </businessConnector>
      </types1:Entry>
      <types1:GUID>8PX16WG4siRlAmNUJ9lfqx</types1:GUID>
      <types1:DisplayName>ADP Time Off Balances v3</types1:DisplayName>
   </types1:Item>
   <types1:CurrentServerDateTime>2019-02-28T05:47:56.53Z</types1:CurrentServerDateTime>
</aetgt:getResponse>
