{
  "name" : "SAP S4HANA Procurement-Related Task API v1",
  "sourceOrgId" : "6w10pMc8bwmkGpCQs9xkSM",
  "sourceOrgName" : "IICS iPaaS",
  "exportedObjects" : [ {
    "objectGuid" : "isHzSmBD3aCftrTmVxjwUM",
    "objectName" : "SAP S4HANA Procurement-Related Task API v1",
    "objectType" : "AI_SERVICE_CONNECTOR",
    "path" : "/Explore/Shared assets/Service Connectors",
    "metadata" : {
      "modelVersion" : {
        "major" : 1,
        "minor" : 0
      },
      "repoInfo" : {
        "repoHandle" : "9hCHbf2XZPnE29E-gt-4402937-2019-11-19T00:31:44.975Z::svc.xml"
      },
      "objectRefs" : [ ],
      "contextAttributes" : null,
      "additionalInfo" : {
        "description" : "This service  enables you to create, update and delete  procurement-related tasks from or within  the SAP S/4HANA system through an API  call.",
        "contentType" : "application/json; charset=utf-8",
        "documentState" : "VALID"
      }
    }
  }, {
    "objectGuid" : "00m3cKr9AGOjGY55vZSASH",
    "objectName" : "Service Connectors",
    "objectType" : "Folder",
    "path" : "/Explore/Shared assets",
    "metadata" : {
      "modelVersion" : {
        "major" : 0,
        "minor" : 0
      },
      "repoInfo" : null,
      "objectRefs" : [ ],
      "contextAttributes" : [ ],
      "additionalInfo" : {
        "description" : "",
        "contentType" : "Binary",
        "documentState" : "COMPLETE"
      }
    }
  }, {
    "objectGuid" : "almpU5d486xjg3tXw87BET",
    "objectName" : "Shared assets",
    "objectType" : "Project",
    "path" : "/Explore",
    "metadata" : {
      "modelVersion" : {
        "major" : 0,
        "minor" : 0
      },
      "repoInfo" : null,
      "objectRefs" : [ ],
      "contextAttributes" : [ ],
      "additionalInfo" : {
        "description" : "This Project contains shared assets",
        "contentType" : "Binary",
        "documentState" : "COMPLETE"
      }
    }
  } ]
}