<aetgt:getResponse xmlns:aetgt="http://schemas.active-endpoints.com/appmodules/repository/2010/10/avrepository.xsd"
                   xmlns:types1="http://schemas.active-endpoints.com/appmodules/repository/2010/10/avrepository.xsd">
   <types1:Item>
      <types1:EntryId>vTxqPVEQrXhNUdy-gt-572980-2019-12-22T10:56:23.342Z::svc.xml</types1:EntryId>
      <types1:Name>SAP_Ariba_Supplier_Data_with_Pagination_REST_API_v2</types1:Name>
      <types1:MimeType>application/xml+businesssconnector</types1:MimeType>
      <types1:Description>Using this API, you can create a client application to extract Supplier data from your SAP Ariba Supplier Lifecycle and Performance or SAP Ariba Supplier Information and Performance Management (new architecture) solution to report on suppliers, including registration, qualification, and preferred statuses and details about their questionnaires and certificates, using pagination to limit the amount of data you extract at one time.</types1:Description>
      <types1:AppliesTo/>
      <types1:Tags/>
      <types1:VersionLabel>1.0</types1:VersionLabel>
      <types1:State>CURRENT</types1:State>
      <types1:ProcessGroup/>
      <types1:CreatedBy>sorabh@na1.dm-us.org</types1:CreatedBy>
      <types1:CreationDate>2019-12-22T10:56:23Z</types1:CreationDate>
      <types1:ModifiedBy/>
      <types1:PublicationStatus>published</types1:PublicationStatus>
      <types1:PublishedBy>sorabh@na1.dm-us.org</types1:PublishedBy>
      <types1:PublicationDate>2019-12-22T10:56:51Z</types1:PublicationDate>
      <types1:PublishedContributionId>project:/rt.connector/SAP_Ariba_Supplier_Data_with_Pagination_REST_API_v2/SAP_Ariba_Supplier_Data_with_Pagination_REST_API_v2_svcDef.xml</types1:PublishedContributionId>
      <types1:AutosaveExists>false</types1:AutosaveExists>
      <types1:Entry>
         <businessConnector xmlns="http://schemas.informatica.com/socrates/data-services/2014/05/business-connector-model.xsd"
                            agentOnly="false"
                            debug="false"
                            displayName="SAP Ariba Supplier Data with Pagination REST API v2"
                            label=""
                            name="SAP_Ariba_Supplier_Data_with_Pagination_REST_API_v2"
                            uuid="d6f3b120-ef01-45ae-aa30-40518a0e1b4f">
            <description>Using this API, you can create a client application to extract Supplier data from your SAP Ariba Supplier Lifecycle and Performance or SAP Ariba Supplier Information and Performance Management (new architecture) solution to report on suppliers, including registration, qualification, and preferred statuses and details about their questionnaires and certificates, using pagination to limit the amount of data you extract at one time.</description>
            <tags/>
            <connectionAttributes xmlns="http://schemas.informatica.com/appmodules/screenflow/2014/04/avosConnectors.xsd">
               <connectionAttribute description="Host Name"
                                    masked="false"
                                    name="hostName"
                                    required="true"
                                    testWith="sandbox.api.sap.com"
                                    type="string"/>
            </connectionAttributes>
            <actions>
               <action category="Fetch Question &amp; Answers"
                       failOnError="true"
                       forSearch="false"
                       label="getQuestionAnswersForWorkSpace"
                       maxRedirects="100"
                       name="getQuestionAnswersForWorkSpace"
                       preemptiveAuth="true"
                       responseEncoding="">
                  <description>This Api will fetch the Question &amp; Answers for a given vendor specified by SMVendorID and workspace Id. This API will fetch QuestionAnswers for a given SMVendor Id and Workspace Id.It returns paged results based on the limit configured in system. Api accepts custom header X-Pagination-Token which needs to be passed in the request header to get the next page response. X-Pagination-Token is not required for the first request.</description>
                  <input>
                     <parameter description="SMVendorID of the vendor"
                                label="vendorIdPathParam"
                                name="vendorIdPathParam"
                                nogen="true"
                                required="true"
                                testWith=""
                                type="string"/>
                     <parameter description="Workspace Id of the workspace"
                                label="widPathParam"
                                name="widPathParam"
                                nogen="true"
                                required="true"
                                testWith=""
                                type="string"/>
                     <parameter description="Continuation token for pagination"
                                label="X-Pagination-Token"
                                name="X-Pagination-Token"
                                nogen="true"
                                required="false"
                                testWith=""
                                type="string"/>
                     <parameter description="This request parameter takes the previous Api call time timestamp in milliseconds format"
                                label="previousApiCallTime"
                                name="previousApiCallTime"
                                required="false"
                                testWith=""
                                type="string"/>
                  </input>
                  <binding>
                     <restSimpleBinding multiUsing="semicolonSeparated"
                                        url="https://{$hostName}/ariba/api/supplierdatapagination/v2/sandbox/smv1/vendors/{$vendorIdPathParam}/workspaces/{$widPathParam}/documents/qna"
                                        verb="GET">
                        <httpHeaders>
                           <header name="Accept">application/json</header>
                           <header name="X-Pagination-Token">{$X-Pagination-Token}</header>
                        </httpHeaders>
                     </restSimpleBinding>
                  </binding>
                  <output>
                     <field description="OK"
                            entireResponse="true"
                            name="QuestionAndAnswersResponse"
                            type="reference">
                        <options>
                           <option name="referenceTo">QuestionAndAnswersResponse</option>
                        </options>
                     </field>
                  </output>
               </action>
               <action category="Vendor Details"
                       failOnError="true"
                       forSearch="false"
                       label="Fetch_Vendors"
                       maxRedirects="100"
                       name="Fetch_Vendors"
                       preemptiveAuth="true"
                       responseEncoding="">
                  <description>This Api will fetch all the Vendor details. This Api will fetch all the vendor details in incriments of 500 vendors per page in either JSON or CSV specified in request body. Optionally you can pass on additional filter parameters to get only a subset of vendors. Pagination token for next set of records is passed at the end of each page</description>
                  <input>
                     <parameter description="Continuation token for pagination"
                                label="X-Pagination-Token"
                                name="X-Pagination-Token"
                                nogen="true"
                                required="false"
                                testWith=""
                                type="string"/>
                     <parameter description="request"
                                label="request"
                                name="request"
                                required="true"
                                testWith=""
                                type="reference">
                        <options>
                           <option name="referenceTo">ReportRequest</option>
                        </options>
                     </parameter>
                     <parameter description="This request parameter takes the previous Api call time timestamp in milliseconds format"
                                label="previousApiCallTime"
                                name="previousApiCallTime"
                                required="false"
                                testWith=""
                                type="string"/>
                  </input>
                  <binding>
                     <restSimpleBinding multiUsing="semicolonSeparated"
                                        url="https://{$hostName}/ariba/api/supplierdatapagination/v2/sandbox/smv1/vendors/"
                                        verb="POST">
                        <httpHeaders>
                           <header name="Accept">application/json</header>
                           <header name="X-Pagination-Token">{$X-Pagination-Token}</header>
                        </httpHeaders>
                        <body generateUsing="UnwrappedJSON" preserveJsonStringFormatting="false"/>
                     </restSimpleBinding>
                  </binding>
                  <output>
                     <field description="OK"
                            entireResponse="true"
                            name="ReportRequestResponse"
                            type="reference">
                        <options>
                           <option name="referenceTo">ReportRequestResponse</option>
                        </options>
                     </field>
                  </output>
               </action>
               <action category="Fetch Certificates"
                       failOnError="true"
                       forSearch="false"
                       label="getCertificates"
                       maxRedirects="100"
                       name="getCertificates"
                       preemptiveAuth="true"
                       responseEncoding="">
                  <description>This Api will fetch the certificate details for a given SMVendorID. This API will fetch Certificate details for the given SMVendorID. It returns paged results based on the limit configured in the system. Api accepts custom header X-Pagination-Token which needs to be passed in the request header to get the next page response. X-Pagination-Token is not required for the first request.</description>
                  <input>
                     <parameter description="SMVendorID of the vendor"
                                label="vendorIdPathParam"
                                name="vendorIdPathParam"
                                nogen="true"
                                required="true"
                                testWith=""
                                type="string"/>
                     <parameter description="Continuation token for pagination"
                                label="X-Pagination-Token"
                                name="X-Pagination-Token"
                                nogen="true"
                                required="false"
                                testWith=""
                                type="string"/>
                     <parameter description="This request parameter takes the previous Api call time timestamp in milliseconds format"
                                label="previousApiCallTime"
                                name="previousApiCallTime"
                                required="false"
                                testWith=""
                                type="string"/>
                  </input>
                  <binding>
                     <restSimpleBinding multiUsing="semicolonSeparated"
                                        url="https://{$hostName}/ariba/api/supplierdatapagination/v2/sandbox/smv1/vendors/{$vendorIdPathParam}/certificates"
                                        verb="GET">
                        <httpHeaders>
                           <header name="Accept">application/json</header>
                           <header name="X-Pagination-Token">{$X-Pagination-Token}</header>
                        </httpHeaders>
                     </restSimpleBinding>
                  </binding>
                  <output>
                     <field description="OK"
                            entireResponse="true"
                            name="CertificatesResponse"
                            type="reference">
                        <options>
                           <option name="referenceTo">CertificatesResponse</option>
                        </options>
                     </field>
                  </output>
               </action>
               <action category="Fetch Documents"
                       failOnError="true"
                       forSearch="false"
                       label="getDocumentDetails"
                       maxRedirects="100"
                       name="getDocumentDetails"
                       preemptiveAuth="true"
                       responseEncoding="">
                  <description>This Api will fetch the Document details for a given SMVendorID and documentId across all workspaces. This API will fetch paginated details of documents for the given SMVendorID and Document Id. Api User has to pass the X-Pagination-Token in the request header to get the response. X-Pagination-Token header will not be present for the first request.</description>
                  <input>
                     <parameter description="SMVendorID of the vendor"
                                label="vendorIdPathParam"
                                name="vendorIdPathParam"
                                nogen="true"
                                required="true"
                                testWith=""
                                type="string"/>
                     <parameter description="Document Id of the document"
                                label="documentIdPathParam"
                                name="documentIdPathParam"
                                nogen="true"
                                required="true"
                                testWith=""
                                type="string"/>
                     <parameter description="Continuation token for pagination"
                                label="X-Pagination-Token"
                                name="X-Pagination-Token"
                                nogen="true"
                                required="false"
                                testWith=""
                                type="string"/>
                     <parameter description="This request parameter takes the previous Api call time timestamp in milliseconds format"
                                label="previousApiCallTime"
                                name="previousApiCallTime"
                                required="false"
                                testWith=""
                                type="string"/>
                  </input>
                  <binding>
                     <restSimpleBinding multiUsing="semicolonSeparated"
                                        url="https://{$hostName}/ariba/api/supplierdatapagination/v2/sandbox/smv1/vendors/{$vendorIdPathParam}/workspaces/documents/{$documentIdPathParam}"
                                        verb="GET">
                        <httpHeaders>
                           <header name="Accept">application/json</header>
                           <header name="X-Pagination-Token">{$X-Pagination-Token}</header>
                        </httpHeaders>
                     </restSimpleBinding>
                  </binding>
                  <output>
                     <field description="OK"
                            entireResponse="true"
                            name="DocumentsForVendorAndDocumentResponse"
                            type="reference">
                        <options>
                           <option name="referenceTo">DocumentsForVendorAndDocumentResponse</option>
                        </options>
                     </field>
                  </output>
               </action>
               <action category="Fetch Question &amp; Answers"
                       failOnError="true"
                       forSearch="false"
                       label="getAllQuestionAnswersForDocument"
                       maxRedirects="100"
                       name="getAllQuestionAnswersForDocument"
                       preemptiveAuth="true"
                       responseEncoding="">
                  <description>This Api will fetch the Question &amp; Answers for a given vendor specified by SMVendorID and for a given document id. This API will fetch Question &amp; Answers for a given SMVendorID and Document Id. It returns paginated results based on the limit configured in the system. Api accepts custom header X-Pagination-Token which needs to be passed in the request header to get the next page response. X-Pagination-Token is not required for the first request.</description>
                  <input>
                     <parameter description="SMVendorID of vendor"
                                label="vendorIdPathParam"
                                name="vendorIdPathParam"
                                nogen="true"
                                required="true"
                                testWith=""
                                type="string"/>
                     <parameter description="Document id  of the document"
                                label="documentIdPathParam"
                                name="documentIdPathParam"
                                nogen="true"
                                required="true"
                                testWith=""
                                type="string"/>
                     <parameter description="Continuation token to fetch next page results"
                                label="X-Pagination-Token"
                                name="X-Pagination-Token"
                                nogen="true"
                                required="false"
                                testWith=""
                                type="string"/>
                     <parameter description="This request parameter takes the previous Api call time timestamp in milliseconds format"
                                label="previousApiCallTime"
                                name="previousApiCallTime"
                                required="false"
                                testWith=""
                                type="string"/>
                  </input>
                  <binding>
                     <restSimpleBinding multiUsing="semicolonSeparated"
                                        url="https://{$hostName}/ariba/api/supplierdatapagination/v2/sandbox/smv1/vendors/{$vendorIdPathParam}/workspaces/documents/{$documentIdPathParam}/qna"
                                        verb="GET">
                        <httpHeaders>
                           <header name="Accept">application/json</header>
                           <header name="X-Pagination-Token">{$X-Pagination-Token}</header>
                        </httpHeaders>
                     </restSimpleBinding>
                  </binding>
                  <output>
                     <field description="OK"
                            entireResponse="true"
                            name="QuestionAndAnswersResponse"
                            type="reference">
                        <options>
                           <option name="referenceTo">QuestionAndAnswersResponse</option>
                        </options>
                     </field>
                  </output>
               </action>
               <action category="Fetch Question &amp; Answers"
                       failOnError="true"
                       forSearch="false"
                       label="getAllQuestionAnswers"
                       maxRedirects="100"
                       name="getAllQuestionAnswers"
                       preemptiveAuth="true"
                       responseEncoding="">
                  <description>This Api will fetch the Question &amp; Answers for a given vendor specified by SMVendorID. This Api will fetch paginated Question and Answers for a given SMVendorID based on the limit configured in the system. Api User has to pass the X-Pagination-Token in the request header to get the response. X-Pagination-Token header is not required for the first request.</description>
                  <input>
                     <parameter description="SMVendorID of the vendor"
                                label="vendorIdPathParam"
                                name="vendorIdPathParam"
                                nogen="true"
                                required="true"
                                testWith=""
                                type="string"/>
                     <parameter description="Continuation token to fetch next page results"
                                label="X-Pagination-Token"
                                name="X-Pagination-Token"
                                nogen="true"
                                required="false"
                                testWith=""
                                type="string"/>
                     <parameter description="This request parameter takes the previous Api call time timestamp in milliseconds format"
                                label="previousApiCallTime"
                                name="previousApiCallTime"
                                required="false"
                                testWith=""
                                type="string"/>
                  </input>
                  <binding>
                     <restSimpleBinding multiUsing="semicolonSeparated"
                                        url="https://{$hostName}/ariba/api/supplierdatapagination/v2/sandbox/smv1/vendors/{$vendorIdPathParam}/workspaces/documents/qna"
                                        verb="GET">
                        <httpHeaders>
                           <header name="Accept">application/json</header>
                           <header name="X-Pagination-Token">{$X-Pagination-Token}</header>
                        </httpHeaders>
                     </restSimpleBinding>
                  </binding>
                  <output>
                     <field description="OK"
                            entireResponse="true"
                            name="QuestionAndAnswersResponse"
                            type="reference">
                        <options>
                           <option name="referenceTo">QuestionAndAnswersResponse</option>
                        </options>
                     </field>
                  </output>
               </action>
               <action category="Answers"
                       failOnError="true"
                       forSearch="false"
                       label="updateAnswersUsingPOST"
                       maxRedirects="100"
                       name="updateAnswersUsingPOST"
                       preemptiveAuth="true"
                       responseEncoding="">
                  <description>API to update answers to the given set of questions in a questionnaire document represented by SMVendorID, Document ID and externalSystemCorrelationId</description>
                  <input>
                     <parameter description="request"
                                label="request"
                                name="request"
                                required="true"
                                testWith=""
                                type="reference">
                        <options>
                           <option name="referenceTo">SubmitSurveyRequest</option>
                        </options>
                     </parameter>
                     <parameter description="SMVendorID"
                                label="vendorIdPathParam"
                                name="vendorIdPathParam"
                                nogen="true"
                                required="true"
                                testWith=""
                                type="string"/>
                     <parameter description="Document ID"
                                label="documentIdPathParam"
                                name="documentIdPathParam"
                                nogen="true"
                                required="true"
                                testWith=""
                                type="string"/>
                  </input>
                  <binding>
                     <restSimpleBinding multiUsing="semicolonSeparated"
                                        url="https://{$hostName}/ariba/api/supplierdatapagination/v2/sandbox/smv1/vendors/{$vendorIdPathParam}/workspaces/documents/{$documentIdPathParam}/answers"
                                        verb="POST">
                        <httpHeaders>
                           <header name="Content-Type">application/json</header>
                           <header name="Accept">*/*</header>
                        </httpHeaders>
                        <body generateUsing="UnwrappedJSON" preserveJsonStringFormatting="false"/>
                     </restSimpleBinding>
                  </binding>
                  <output/>
               </action>
               <action category="Fetch Question &amp; Answers"
                       failOnError="true"
                       forSearch="false"
                       label="getQuestionAnswerForWorkSpace"
                       maxRedirects="100"
                       name="getQuestionAnswerForWorkSpace"
                       preemptiveAuth="true"
                       responseEncoding="">
                  <description>Return question &amp; answers for a given SMVendorID, Document id and Workspace Id. This API will fetch Question &amp; Answers for the given SMVendorID, Workspace Id and DocumentId.It returns paged results based on the limit configured in the system. Api accepts custom header X-Pagination-Token which needs to be passed in the request header to get the next page response. X-Pagination-Token is not required for the first request.</description>
                  <input>
                     <parameter description="SMVendorID of the vendor"
                                label="vendorIdPathParam"
                                name="vendorIdPathParam"
                                nogen="true"
                                required="true"
                                testWith=""
                                type="string"/>
                     <parameter description="Workspace Id of the Workspace"
                                label="widPathParam"
                                name="widPathParam"
                                nogen="true"
                                required="true"
                                testWith=""
                                type="string"/>
                     <parameter description="Document Id of the document"
                                label="documentIdPathParam"
                                name="documentIdPathParam"
                                nogen="true"
                                required="true"
                                testWith=""
                                type="string"/>
                     <parameter description="Continuation token for pagination"
                                label="X-Pagination-Token"
                                name="X-Pagination-Token"
                                nogen="true"
                                required="false"
                                testWith=""
                                type="string"/>
                     <parameter description="This request parameter takes the previous Api call time timestamp in milliseconds format"
                                label="previousApiCallTime"
                                name="previousApiCallTime"
                                required="false"
                                testWith=""
                                type="string"/>
                  </input>
                  <binding>
                     <restSimpleBinding multiUsing="semicolonSeparated"
                                        url="https://{$hostName}/ariba/api/supplierdatapagination/v2/sandbox/smv1/vendors/{$vendorIdPathParam}/workspaces/{$widPathParam}/documents/{$documentIdPathParam}/qna"
                                        verb="GET">
                        <httpHeaders>
                           <header name="Accept">application/json</header>
                           <header name="X-Pagination-Token">{$X-Pagination-Token}</header>
                        </httpHeaders>
                     </restSimpleBinding>
                  </binding>
                  <output>
                     <field description="OK"
                            entireResponse="true"
                            name="QuestionAndAnswersResponse"
                            type="reference">
                        <options>
                           <option name="referenceTo">QuestionAndAnswersResponse</option>
                        </options>
                     </field>
                  </output>
               </action>
               <action category="Fetch Workspaces"
                       failOnError="true"
                       forSearch="false"
                       label="getWorkspaces"
                       maxRedirects="100"
                       name="getWorkspaces"
                       preemptiveAuth="true"
                       responseEncoding="">
                  <description>Fetch Workspaces by SMVendorID. This API will fetch paginated details of workspaces for the given SMVendorID based on the limit configured in the system. Api User has to pass the X-Pagination-Token in the request header to get the response. X-Pagination-Token header will not be present for the first request.</description>
                  <input>
                     <parameter description="SMVendorID of the vendor"
                                label="vendorIdPathParam"
                                name="vendorIdPathParam"
                                nogen="true"
                                required="true"
                                testWith=""
                                type="string"/>
                     <parameter description="Continuation token for pagination"
                                label="X-Pagination-Token"
                                name="X-Pagination-Token"
                                nogen="true"
                                required="false"
                                testWith=""
                                type="string"/>
                     <parameter description="This request parameter takes the previous Api call time timestamp in milliseconds format"
                                label="previousApiCallTime"
                                name="previousApiCallTime"
                                required="false"
                                testWith=""
                                type="string"/>
                  </input>
                  <binding>
                     <restSimpleBinding multiUsing="semicolonSeparated"
                                        url="https://{$hostName}/ariba/api/supplierdatapagination/v2/sandbox/smv1/vendors/{$vendorIdPathParam}/workspaces"
                                        verb="GET">
                        <httpHeaders>
                           <header name="Accept">application/json</header>
                           <header name="X-Pagination-Token">{$X-Pagination-Token}</header>
                        </httpHeaders>
                     </restSimpleBinding>
                  </binding>
                  <output>
                     <field description="successful operation"
                            entireResponse="true"
                            name="WorkspacesResponse"
                            type="reference">
                        <options>
                           <option name="referenceTo">WorkspacesResponse</option>
                        </options>
                     </field>
                  </output>
               </action>
               <action category="Fetch Workspace Details"
                       failOnError="true"
                       forSearch="false"
                       label="getWorkspaceDetails"
                       maxRedirects="100"
                       name="getWorkspaceDetails"
                       preemptiveAuth="true"
                       responseEncoding="">
                  <description>Find Workspace by SMVendorID and workspace id. This API will fetch paginated details of workspace for the given SMVendorID and Workspace Id based on the limit configured in the system. Api User has to pass the X-Pagination-Token in the request header to get the response. X-Pagination-Token header will not be present for the first request.</description>
                  <input>
                     <parameter description="SMVendorID of the vendor"
                                label="vendorIdPathParam"
                                name="vendorIdPathParam"
                                nogen="true"
                                required="true"
                                testWith=""
                                type="string"/>
                     <parameter description="Workspace Id of the workspace"
                                label="widPathParam"
                                name="widPathParam"
                                nogen="true"
                                required="true"
                                testWith=""
                                type="string"/>
                     <parameter description="Continuation token for pagination"
                                label="X-Pagination-Token"
                                name="X-Pagination-Token"
                                nogen="true"
                                required="false"
                                testWith=""
                                type="string"/>
                     <parameter description="This request parameter takes the previous Api call time timestamp in milliseconds format"
                                label="previousApiCallTime"
                                name="previousApiCallTime"
                                required="false"
                                testWith=""
                                type="string"/>
                  </input>
                  <binding>
                     <restSimpleBinding multiUsing="semicolonSeparated"
                                        url="https://{$hostName}/ariba/api/supplierdatapagination/v2/sandbox/smv1/vendors/{$vendorIdPathParam}/workspaces/{$widPathParam}"
                                        verb="GET">
                        <httpHeaders>
                           <header name="Accept">application/json</header>
                           <header name="X-Pagination-Token">{$X-Pagination-Token}</header>
                        </httpHeaders>
                     </restSimpleBinding>
                  </binding>
                  <output>
                     <field description="successful operation"
                            entireResponse="true"
                            name="WorkspaceDetailsResponse"
                            type="reference">
                        <options>
                           <option name="referenceTo">WorkspaceDetailsResponse</option>
                        </options>
                     </field>
                  </output>
               </action>
               <action category="Fetch Documents"
                       failOnError="true"
                       forSearch="false"
                       label="getDocumentsForWorkspace"
                       maxRedirects="100"
                       name="getDocumentsForWorkspace"
                       preemptiveAuth="true"
                       responseEncoding="">
                  <description>Find Questionnaires by SMVendorID and workspace id. This API will fetch paginated details of documents for the given SMVendorID and Workspace Id based on the limit configured in the system. Api User has to pass the X-Pagination-Token in the request header to get the response. X-Pagination-Token header will not be present for the first request.</description>
                  <input>
                     <parameter description="SMVendorID of the vendor"
                                label="vendorIdPathParam"
                                name="vendorIdPathParam"
                                nogen="true"
                                required="true"
                                testWith=""
                                type="string"/>
                     <parameter description="Workspace Id of the workspace"
                                label="widPathParam"
                                name="widPathParam"
                                nogen="true"
                                required="true"
                                testWith=""
                                type="string"/>
                     <parameter description="Continuation token for pagination"
                                label="X-Pagination-Token"
                                name="X-Pagination-Token"
                                nogen="true"
                                required="false"
                                testWith=""
                                type="string"/>
                     <parameter description="This request parameter takes the previous Api call time timestamp in milliseconds format"
                                label="previousApiCallTime"
                                name="previousApiCallTime"
                                required="false"
                                testWith=""
                                type="string"/>
                  </input>
                  <binding>
                     <restSimpleBinding multiUsing="semicolonSeparated"
                                        url="https://{$hostName}/ariba/api/supplierdatapagination/v2/sandbox/smv1/vendors/{$vendorIdPathParam}/workspaces/{$widPathParam}/documents"
                                        verb="GET">
                        <httpHeaders>
                           <header name="Accept">application/json</header>
                           <header name="X-Pagination-Token">{$X-Pagination-Token}</header>
                        </httpHeaders>
                     </restSimpleBinding>
                  </binding>
                  <output>
                     <field description="OK"
                            entireResponse="true"
                            name="DocumentsForVendorResponse"
                            type="reference">
                        <options>
                           <option name="referenceTo">DocumentsForVendorResponse</option>
                        </options>
                     </field>
                  </output>
               </action>
               <action category="Fetch Documents"
                       failOnError="true"
                       forSearch="false"
                       label="getDocuments"
                       maxRedirects="100"
                       name="getDocuments"
                       preemptiveAuth="true"
                       responseEncoding="">
                  <description>Fetch Documents by SMVendorID. This API will fetch paginated details of documents for the given SMVendorID based on the limit configured in the system. Api User has to pass the X-Pagination-Token in the request header to get the response. X-Pagination-Token header will not be present for the first request.</description>
                  <input>
                     <parameter description="SMVendorID of the vendor"
                                label="vendorIdPathParam"
                                name="vendorIdPathParam"
                                nogen="true"
                                required="true"
                                testWith=""
                                type="string"/>
                     <parameter description="Continuation token for pagination"
                                label="X-Pagination-Token"
                                name="X-Pagination-Token"
                                nogen="true"
                                required="false"
                                testWith=""
                                type="string"/>
                     <parameter description="This request parameter takes the previous Api call time timestamp in milliseconds format"
                                label="previousApiCallTime"
                                name="previousApiCallTime"
                                required="false"
                                testWith=""
                                type="string"/>
                  </input>
                  <binding>
                     <restSimpleBinding multiUsing="semicolonSeparated"
                                        url="https://{$hostName}/ariba/api/supplierdatapagination/v2/sandbox/smv1/vendors/{$vendorIdPathParam}/workspaces/documents"
                                        verb="GET">
                        <httpHeaders>
                           <header name="Accept">application/json</header>
                           <header name="X-Pagination-Token">{$X-Pagination-Token}</header>
                        </httpHeaders>
                     </restSimpleBinding>
                  </binding>
                  <output>
                     <field description="OK"
                            entireResponse="true"
                            name="DocumentsForVendorResponse"
                            type="reference">
                        <options>
                           <option name="referenceTo">DocumentsForVendorResponse</option>
                        </options>
                     </field>
                  </output>
               </action>
            </actions>
            <objects>
               <processObject xmlns="http://schemas.active-endpoints.com/appmodules/screenflow/2011/06/avosHostEnvironment.xsd"
                              isByCopy="true"
                              name="SubmitSurveyRequest">
                  <description/>
                  <detail>
                     <field name="answers" type="objectlist">
                        <options>
                           <option name="referenceTo">ItemAnswer</option>
                           <option name="relationshipName">Child</option>
                        </options>
                     </field>
                  </detail>
               </processObject>
               <processObject xmlns="http://schemas.active-endpoints.com/appmodules/screenflow/2011/06/avosHostEnvironment.xsd"
                              isByCopy="true"
                              name="ReportRequestResponse">
                  <description/>
                  <detail/>
               </processObject>
               <processObject xmlns="http://schemas.active-endpoints.com/appmodules/screenflow/2011/06/avosHostEnvironment.xsd"
                              isByCopy="true"
                              name="QuestionAndAnswersResponse">
                  <description/>
                  <detail>
                     <field name="questionAnswerResourceList" type="object"/>
                     <field name="vendorInfo" type="object"/>
                     <field name="page" type="object"/>
                  </detail>
               </processObject>
               <processObject xmlns="http://schemas.active-endpoints.com/appmodules/screenflow/2011/06/avosHostEnvironment.xsd"
                              isByCopy="true"
                              name="ReportRequest">
                  <description/>
                  <detail>
                     <field name="pageLimit" type="int"/>
                     <field name="registrationStatusList" type="picklist">
                        <options>
                           <option name="values">[{"value":"Unknown","label":"Unknown"},{"value":"RegistrationDenied","label":"RegistrationDenied"},{"value":"PhasedOut","label":"PhasedOut"},{"value":"InCreation","label":"InCreation"},{"value":"InExternalApprovalForCreation","label":"InExternalApprovalForCreation"},{"value":"NotInvited","label":"NotInvited"},{"value":"Invited","label":"Invited"},{"value":"InRegistration","label":"InRegistration"},{"value":"PendingApproval","label":"PendingApproval"},{"value":"PendingResubmit","label":"PendingResubmit"},{"value":"Registered","label":"Registered"}]</option>
                        </options>
                     </field>
                     <field name="regionList" type="objectlist">
                        <options>
                           <option name="referenceTo">string</option>
                           <option name="relationshipName">Child</option>
                        </options>
                     </field>
                     <field name="preferredLevelList" type="objectlist">
                        <options>
                           <option name="referenceTo">int</option>
                           <option name="relationshipName">Child</option>
                        </options>
                     </field>
                     <field name="qualificationStatusList" type="picklist">
                        <options>
                           <option name="values">[{"value":"Unknown","label":"Unknown"},{"value":"QualificationRejected","label":"QualificationRejected"},{"value":"Disqualified","label":"Disqualified"},{"value":"InDisqualification","label":"InDisqualification"},{"value":"PendingDisqualificationApproval","label":"PendingDisqualificationApproval"},{"value":"QualificationExpired","label":"QualificationExpired"},{"value":"NotQualified","label":"NotQualified"},{"value":"QualificationStarted","label":"QualificationStarted"},{"value":"InQualification","label":"InQualification"},{"value":"PendingQualificationApproval","label":"PendingQualificationApproval"},{"value":"PendingQualificationResubmit","label":"PendingQualificationResubmit"},{"value":"QualificationRestricted","label":"QualificationRestricted"},{"value":"QualifiedForSome","label":"QualifiedForSome"},{"value":"QualifiedWithException","label":"QualifiedWithException"},{"value":"Qualified","label":"Qualified"},{"value":"None","label":"None"}]</option>
                        </options>
                     </field>
                     <field name="categoryList" type="objectlist">
                        <options>
                           <option name="referenceTo">string</option>
                           <option name="relationshipName">Child</option>
                        </options>
                     </field>
                     <field name="withGenericCustomFields" type="boolean"/>
                     <field name="businessUnitList" type="objectlist">
                        <options>
                           <option name="referenceTo">string</option>
                           <option name="relationshipName">Child</option>
                        </options>
                     </field>
                     <field name="withQuestionnaire" type="boolean"/>
                     <field name="outputFormat" type="picklist">
                        <options>
                           <option name="values">[{"value":"CSV","label":"CSV"},{"value":"JSON","label":"JSON"}]</option>
                        </options>
                     </field>
                     <field name="smVendorIds" type="objectlist">
                        <options>
                           <option name="referenceTo">string</option>
                           <option name="relationshipName">Child</option>
                        </options>
                     </field>
                  </detail>
               </processObject>
               <processObject xmlns="http://schemas.active-endpoints.com/appmodules/screenflow/2011/06/avosHostEnvironment.xsd"
                              isByCopy="true"
                              name="VendorNotFound">
                  <description/>
                  <detail>
                     <field name="debugMessage" type="string"/>
                     <field name="message" type="string"/>
                     <field name="status" type="string"/>
                     <field name="timestamp" type="int"/>
                     <field name="statusCode" type="int"/>
                  </detail>
               </processObject>
               <processObject xmlns="http://schemas.active-endpoints.com/appmodules/screenflow/2011/06/avosHostEnvironment.xsd"
                              isByCopy="true"
                              name="SMProjectHeaderUpdateRequest">
                  <description/>
                  <detail>
                     <field name="materialIds" type="objectlist">
                        <options>
                           <option name="referenceTo">string</option>
                           <option name="relationshipName">Child</option>
                        </options>
                     </field>
                     <field name="regionIds" type="objectlist">
                        <options>
                           <option name="referenceTo">string</option>
                           <option name="relationshipName">Child</option>
                        </options>
                     </field>
                  </detail>
               </processObject>
               <processObject xmlns="http://schemas.active-endpoints.com/appmodules/screenflow/2011/06/avosHostEnvironment.xsd"
                              isByCopy="true"
                              name="DocumentsForVendorAndDocumentResponse">
                  <description/>
                  <detail>
                     <field name="questionnaireApi" type="object"/>
                     <field name="links" type="object"/>
                     <field name="vendorInfo" type="object"/>
                  </detail>
               </processObject>
               <processObject xmlns="http://schemas.active-endpoints.com/appmodules/screenflow/2011/06/avosHostEnvironment.xsd"
                              isByCopy="true"
                              name="CommentData">
                  <description/>
                  <detail>
                     <field name="attachment" type="reference">
                        <options>
                           <option name="referenceTo">AttachmentData</option>
                           <option name="relationshipName">Child</option>
                        </options>
                     </field>
                     <field name="isEdit" type="boolean"/>
                     <field name="comment" type="string"/>
                  </detail>
               </processObject>
               <processObject xmlns="http://schemas.active-endpoints.com/appmodules/screenflow/2011/06/avosHostEnvironment.xsd"
                              isByCopy="true"
                              name="ApiResponse">
                  <description/>
                  <detail>
                     <field name="links" type="object"/>
                     <field name="content" type="object"/>
                  </detail>
               </processObject>
               <processObject xmlns="http://schemas.active-endpoints.com/appmodules/screenflow/2011/06/avosHostEnvironment.xsd"
                              isByCopy="true"
                              name="WorkspaceNotFound">
                  <description/>
                  <detail>
                     <field name="debugMessage" type="string"/>
                     <field name="message" type="string"/>
                     <field name="status" type="string"/>
                     <field name="timestamp" type="int"/>
                     <field name="statusCode" type="int"/>
                  </detail>
               </processObject>
               <processObject xmlns="http://schemas.active-endpoints.com/appmodules/screenflow/2011/06/avosHostEnvironment.xsd"
                              isByCopy="true"
                              name="ItemAnswer">
                  <description/>
                  <detail>
                     <field name="extendedAddressAnswer" type="object"/>
                     <field name="externalSystemCorrelationId" type="string"/>
                     <field name="comments" type="objectlist">
                        <options>
                           <option name="referenceTo">CommentData</option>
                           <option name="relationshipName">Child</option>
                        </options>
                     </field>
                     <field name="addressAnswer" type="reference">
                        <options>
                           <option name="referenceTo">AddressData</option>
                           <option name="relationshipName">Child</option>
                        </options>
                     </field>
                     <field name="itemTag" type="string"/>
                     <field name="alternative" type="string"/>
                     <field name="multiValueAnswer" type="objectlist">
                        <options>
                           <option name="referenceTo">string</option>
                           <option name="relationshipName">Child</option>
                        </options>
                     </field>
                     <field name="certificateAnswer" type="reference">
                        <options>
                           <option name="referenceTo">CertificateData</option>
                           <option name="relationshipName">Child</option>
                        </options>
                     </field>
                     <field name="moreValue" type="string"/>
                     <field name="answer" type="string"/>
                     <field name="taxDataAnswer" type="reference">
                        <options>
                           <option name="referenceTo">TaxData</option>
                           <option name="relationshipName">Child</option>
                        </options>
                     </field>
                     <field name="attachmentAnswer" type="reference">
                        <options>
                           <option name="referenceTo">AttachmentData</option>
                           <option name="relationshipName">Child</option>
                        </options>
                     </field>
                     <field name="bankAccountAnswer" type="reference">
                        <options>
                           <option name="referenceTo">BankAccountData</option>
                           <option name="relationshipName">Child</option>
                        </options>
                     </field>
                  </detail>
               </processObject>
               <processObject xmlns="http://schemas.active-endpoints.com/appmodules/screenflow/2011/06/avosHostEnvironment.xsd"
                              isByCopy="true"
                              name="BankAccountData">
                  <description/>
                  <detail>
                     <field name="bankAccountExternalID" type="string"/>
                     <field name="country" type="string"/>
                     <field name="blank" type="boolean"/>
                     <field name="collectionAuthorisationIndicator" type="boolean"/>
                     <field name="accountName" type="string"/>
                     <field name="bankBranch" type="string"/>
                     <field name="city" type="string"/>
                     <field name="postalCode" type="string"/>
                     <field name="accountNumber" type="string"/>
                     <field name="type" type="string"/>
                     <field name="bankAccountStandardID" type="string"/>
                     <field name="bankAccountType" type="string"/>
                     <field name="name" type="string"/>
                     <field name="id" type="string"/>
                     <field name="state" type="string"/>
                     <field name="key" type="string"/>
                     <field name="line1" type="string"/>
                  </detail>
               </processObject>
               <processObject xmlns="http://schemas.active-endpoints.com/appmodules/screenflow/2011/06/avosHostEnvironment.xsd"
                              isByCopy="true"
                              name="DocumentsForVendorResponse">
                  <description/>
                  <detail>
                     <field name="links" type="object"/>
                     <field name="vendorInfo" type="object"/>
                     <field name="page" type="object"/>
                     <field name="questionnaireResourceList" type="object"/>
                  </detail>
               </processObject>
               <processObject xmlns="http://schemas.active-endpoints.com/appmodules/screenflow/2011/06/avosHostEnvironment.xsd"
                              isByCopy="true"
                              name="AddressData">
                  <description/>
                  <detail>
                     <field name="city" type="string"/>
                     <field name="countryCode" type="string"/>
                     <field name="street" type="string"/>
                     <field name="postalCode" type="string"/>
                     <field name="state" type="string"/>
                     <field name="line3" type="string"/>
                     <field name="line2" type="string"/>
                  </detail>
               </processObject>
               <processObject xmlns="http://schemas.active-endpoints.com/appmodules/screenflow/2011/06/avosHostEnvironment.xsd"
                              isByCopy="true"
                              name="InvalidHeader">
                  <description/>
                  <detail>
                     <field name="debugMessage" type="string"/>
                     <field name="message" type="string"/>
                     <field name="status" type="string"/>
                     <field name="timestamp" type="int"/>
                     <field name="statusCode" type="int"/>
                  </detail>
               </processObject>
               <processObject xmlns="http://schemas.active-endpoints.com/appmodules/screenflow/2011/06/avosHostEnvironment.xsd"
                              isByCopy="true"
                              name="ExtendedAddressRepData">
                  <description/>
                  <detail>
                     <field name="poBoxDeviatingCountryCode" type="string"/>
                     <field name="blank" type="boolean"/>
                     <field name="additionalStreetPrefixName" type="string"/>
                     <field name="regionalStructureElementGroupCode" type="string"/>
                     <field name="streetSuffixName" type="string"/>
                     <field name="additionalStreetSuffixName" type="string"/>
                     <field name="regionalStructureDistrictCode" type="string"/>
                     <field name="poBoxAddressMailNonDeliveryReasonCode" type="string"/>
                     <field name="buildingID" type="string"/>
                     <field name="poBoxLobbyName" type="string"/>
                     <field name="taxJurisdictionCode" type="string"/>
                     <field name="additionalRegionalStructureCityCode" type="string"/>
                     <field name="regionCode" type="string"/>
                     <field name="streetName" type="string"/>
                     <field name="regionalStructureAddressConsistencyStatusCode" type="string"/>
                     <field name="cityName" type="string"/>
                     <field name="timeZoneCode" type="string"/>
                     <field name="countryCode" type="string"/>
                     <field name="streetAddressMailNonDeliveryReasonCode" type="string"/>
                     <field name="poBoxPostalCode" type="string"/>
                     <field name="poBoxDeviatingCityName" type="string"/>
                     <field name="regionalStructureStreetCode" type="string"/>
                     <field name="companyPostalCode" type="string"/>
                     <field name="poBoxID" type="string"/>
                     <field name="additionalHouseID" type="string"/>
                     <field name="houseID" type="string"/>
                     <field name="districtName" type="string"/>
                     <field name="transportationZoneID" type="string"/>
                     <field name="streetPostalCode" type="string"/>
                     <field name="streetPrefixName" type="string"/>
                     <field name="additionalCityName" type="string"/>
                     <field name="roomID" type="string"/>
                     <field name="floorID" type="string"/>
                     <field name="careOfName" type="string"/>
                     <field name="poBoxIDVisibleIndicator" type="boolean"/>
                     <field name="regionalStructureCityCode" type="string"/>
                     <field name="poBoxDeliveryServiceTypeCode" type="string"/>
                     <field name="poBoxDeviatingRegionCode" type="string"/>
                     <field name="poBoxDeliveryServiceID" type="string"/>
                     <field name="poBoxDeviatingRegionalStructureCityCode" type="string"/>
                  </detail>
               </processObject>
               <processObject xmlns="http://schemas.active-endpoints.com/appmodules/screenflow/2011/06/avosHostEnvironment.xsd"
                              isByCopy="true"
                              name="CertificateData">
                  <description/>
                  <detail>
                     <field name="yearOfPublication" type="string"/>
                     <field name="attachment" type="reference">
                        <options>
                           <option name="referenceTo">AttachmentData</option>
                           <option name="relationshipName">Child</option>
                        </options>
                     </field>
                     <field name="certificateNumber" type="string"/>
                     <field name="description" type="string"/>
                     <field name="certificateLocation" type="string"/>
                     <field name="certified" type="boolean"/>
                     <field name="id" type="string"/>
                     <field name="issuer" type="string"/>
                     <field name="effectiveDate" type="string"/>
                     <field name="certificateType" type="string"/>
                     <field name="expirationDate" type="string"/>
                  </detail>
               </processObject>
               <processObject xmlns="http://schemas.active-endpoints.com/appmodules/screenflow/2011/06/avosHostEnvironment.xsd"
                              isByCopy="true"
                              name="WorkspaceDetailsResponse">
                  <description/>
                  <detail>
                     <field name="requester" type="string"/>
                     <field name="questionnaires" type="object"/>
                     <field name="matrixInfo" type="object"/>
                     <field name="statusId" type="string"/>
                     <field name="smVendorId" type="string"/>
                     <field name="links" type="object"/>
                     <field name="vendorInfo" type="object"/>
                     <field name="title" type="string"/>
                     <field name="status" type="string"/>
                  </detail>
               </processObject>
               <processObject xmlns="http://schemas.active-endpoints.com/appmodules/screenflow/2011/06/avosHostEnvironment.xsd"
                              isByCopy="true"
                              name="TaxData">
                  <description/>
                  <detail>
                     <field name="countryCode" type="string"/>
                     <field name="answers" type="objectlist">
                        <options>
                           <option name="referenceTo">ItemAnswer</option>
                           <option name="relationshipName">Child</option>
                        </options>
                     </field>
                  </detail>
               </processObject>
               <processObject xmlns="http://schemas.active-endpoints.com/appmodules/screenflow/2011/06/avosHostEnvironment.xsd"
                              isByCopy="true"
                              name="QuestionnaireNotFound">
                  <description/>
                  <detail>
                     <field name="debugMessage" type="string"/>
                     <field name="message" type="string"/>
                     <field name="status" type="string"/>
                     <field name="timestamp" type="int"/>
                     <field name="statusCode" type="int"/>
                  </detail>
               </processObject>
               <processObject xmlns="http://schemas.active-endpoints.com/appmodules/screenflow/2011/06/avosHostEnvironment.xsd"
                              isByCopy="true"
                              name="AttachmentData">
                  <description/>
                  <detail>
                     <field name="fileName" type="string"/>
                     <field name="fileSize" type="int"/>
                     <field name="downloadUrl" type="string"/>
                     <field name="comment" type="string"/>
                     <field name="mimeType" type="string"/>
                     <field name="fileContents" type="string"/>
                  </detail>
               </processObject>
               <processObject xmlns="http://schemas.active-endpoints.com/appmodules/screenflow/2011/06/avosHostEnvironment.xsd"
                              isByCopy="true"
                              name="WorkspacesResponse">
                  <description/>
                  <detail>
                     <field name="links" type="object"/>
                     <field name="vendorInfo" type="object"/>
                     <field name="workspaces" type="object"/>
                     <field name="pageMetaData" type="object"/>
                  </detail>
               </processObject>
               <processObject xmlns="http://schemas.active-endpoints.com/appmodules/screenflow/2011/06/avosHostEnvironment.xsd"
                              isByCopy="true"
                              name="CertificatesResponse">
                  <description/>
                  <detail>
                     <field name="links" type="object"/>
                     <field name="vendorInfo" type="object"/>
                     <field name="page" type="object"/>
                     <field name="certificateResourceList" type="object"/>
                  </detail>
               </processObject>
               <processObject xmlns="http://schemas.active-endpoints.com/appmodules/screenflow/2011/06/avosHostEnvironment.xsd"
                              isByCopy="true"
                              name="string">
                  <description/>
                  <detail>
                     <field name="string" type="string"/>
                  </detail>
               </processObject>
               <processObject xmlns="http://schemas.active-endpoints.com/appmodules/screenflow/2011/06/avosHostEnvironment.xsd"
                              isByCopy="true"
                              name="boolean">
                  <description/>
                  <detail>
                     <field name="boolean" type="boolean"/>
                  </detail>
               </processObject>
               <processObject xmlns="http://schemas.active-endpoints.com/appmodules/screenflow/2011/06/avosHostEnvironment.xsd"
                              isByCopy="true"
                              name="double">
                  <description/>
                  <detail>
                     <field name="double" type="double"/>
                  </detail>
               </processObject>
               <processObject xmlns="http://schemas.active-endpoints.com/appmodules/screenflow/2011/06/avosHostEnvironment.xsd"
                              isByCopy="true"
                              name="integer">
                  <description/>
                  <detail>
                     <field name="integer" type="int"/>
                  </detail>
               </processObject>
            </objects>
         </businessConnector>
      </types1:Entry>
      <types1:GUID>8skgivNAEHrdS152Yfzvog</types1:GUID>
      <types1:DisplayName>SAP Ariba Supplier Data with Pagination REST API v2</types1:DisplayName>
   </types1:Item>
   <types1:CurrentServerDateTime>2019-12-22T10:58:48.863Z</types1:CurrentServerDateTime>
</aetgt:getResponse>
