<aetgt:getResponse xmlns:aetgt="http://schemas.active-endpoints.com/appmodules/repository/2010/10/avrepository.xsd"
                   xmlns:types1="http://schemas.active-endpoints.com/appmodules/repository/2010/10/avrepository.xsd">
   <types1:Item>
      <types1:EntryId>ZUigdpIO3M4WwOC-gt-2067537-2019-02-12T01:15:20.823Z::svc.xml</types1:EntryId>
      <types1:Name>Oracle_Cloud_Infrastructure_Compute_SecApplications_API_v18-1-2</types1:Name>
      <types1:MimeType>application/xml+businesssconnector</types1:MimeType>
      <types1:Description>A security application is an IP protocol-to-port mapping that you can use in security rules. In the web UI, security applications are called protocols. Compute Classic provides several predefined security applications. You can also define your own security applications.&lt;p&gt;You can create, delete, and view security applications using the HTTP requests listed below.</types1:Description>
      <types1:AppliesTo/>
      <types1:Tags/>
      <types1:VersionLabel>1.0</types1:VersionLabel>
      <types1:State>CURRENT</types1:State>
      <types1:ProcessGroup/>
      <types1:CreatedBy>sorabh@na1.dm-us.org</types1:CreatedBy>
      <types1:CreationDate>2019-02-12T01:15:21Z</types1:CreationDate>
      <types1:ModifiedBy/>
      <types1:PublicationStatus>published</types1:PublicationStatus>
      <types1:PublishedBy>sorabh@na1.dm-us.org</types1:PublishedBy>
      <types1:PublicationDate>2019-02-12T01:15:34Z</types1:PublicationDate>
      <types1:PublishedContributionId>project:/rt.connector/Oracle_Cloud_Infrastructure_Compute_SecApplications_API_v18_1_2/Oracle_Cloud_Infrastructure_Compute_SecApplications_API_v18_1_2_svcDef.xml</types1:PublishedContributionId>
      <types1:AutosaveExists>false</types1:AutosaveExists>
      <types1:Entry>
         <businessConnector xmlns="http://schemas.informatica.com/socrates/data-services/2014/05/business-connector-model.xsd"
                            agentOnly="false"
                            debug="false"
                            displayName="Oracle Cloud Infrastructure Compute SecApplications API v18-1-2"
                            label=""
                            name="Oracle_Cloud_Infrastructure_Compute_SecApplications_API_v18-1-2"
                            uuid="e67d6e38-cd3f-4222-ac08-93bb27ee0e23">
            <description>A security application is an IP protocol-to-port mapping that you can use in security rules. In the web UI, security applications are called protocols. Compute Classic provides several predefined security applications. You can also define your own security applications.&lt;p&gt;You can create, delete, and view security applications using the HTTP requests listed below.</description>
            <tags/>
            <connectionAttributes xmlns="http://schemas.informatica.com/appmodules/screenflow/2014/04/avosConnectors.xsd">
               <connectionAttribute description="Host Name"
                                    masked="false"
                                    name="hostName"
                                    required="true"
                                    testWith="apicatalog.oraclecloud.com"
                                    type="string"/>
            </connectionAttributes>
            <actions>
               <action category="SecApplications"
                       failOnError="true"
                       forSearch="false"
                       label="addSecApplication"
                       maxRedirects="100"
                       name="addSecApplication"
                       preemptiveAuth="true"
                       responseEncoding="">
                  <description>Create a Security Application. Creates a security application. After creating security applications, you can use them in security rules by using the HTTP request, POST /secrule/ &lt;a class="xref" href="op-secrule--post.html"&gt;(Create a Security Rule)&lt;/a&gt;.&lt;p&gt;&lt;b&gt;Required Role: &lt;/b&gt;To complete this task, you must have the &lt;code&gt;Compute_Operations&lt;/code&gt; role. If this role isn't assigned to you or you're not sure, then ask your system administrator to ensure that the role is assigned to you in Oracle Cloud My Services. See &lt;a target="_blank" href="http://www.oracle.com/pls/topic/lookup?ctx=stcomputecs&amp;id=MMOCS-GUID-54C2E747-7D5B-451C-A39C-77936178EBB6"&gt;Modifying User Roles&lt;/a&gt; in &lt;em&gt;Managing and Monitoring Oracle Cloud&lt;/em&gt;.</description>
                  <input>
                     <parameter label="body"
                                name="body"
                                required="true"
                                testWith=""
                                type="reference">
                        <options>
                           <option name="referenceTo">SecApplication_post_request</option>
                        </options>
                     </parameter>
                     <parameter description="The Cookie: header must be included with every request to the service. It must be set to the value of the set-cookie header in the response received to the POST /authenticate/ call."
                                label="Cookie"
                                name="Cookie"
                                nogen="true"
                                required="false"
                                testWith=""
                                type="string"/>
                  </input>
                  <binding>
                     <restSimpleBinding multiUsing="semicolonSeparated"
                                        url="http://{$hostName}/secapplication/"
                                        verb="POST">
                        <httpHeaders>
                           <header name="Content-Type">application/oracle-compute-v3+json</header>
                           <header name="Accept">application/oracle-compute-v3+json</header>
                           <header name="Cookie">{$Cookie}</header>
                        </httpHeaders>
                        <body generateUsing="UnwrappedJSON" preserveJsonStringFormatting="false"/>
                     </restSimpleBinding>
                  </binding>
                  <output/>
               </action>
               <action category="SecApplications"
                       failOnError="true"
                       forSearch="false"
                       label="discoverRootSecApplication"
                       maxRedirects="100"
                       name="discoverRootSecApplication"
                       preemptiveAuth="true"
                       responseEncoding="">
                  <description>Retrieve Names of Containers. Retrieves the names of containers that contain objects that you can access. You can use this information to construct the multipart name of an object.&lt;p&gt;&lt;b&gt;Required Role: &lt;/b&gt;To complete this task, you must have the &lt;code&gt;Compute_Monitor&lt;/code&gt; or &lt;code&gt;Compute_Operations&lt;/code&gt; role. If this role isn't assigned to you or you're not sure, then ask your system administrator to ensure that the role is assigned to you in Oracle Cloud My Services. See &lt;a target="_blank" href="http://www.oracle.com/pls/topic/lookup?ctx=stcomputecs&amp;id=MMOCS-GUID-54C2E747-7D5B-451C-A39C-77936178EBB6"&gt;Modifying User Roles&lt;/a&gt; in &lt;em&gt;Managing and Monitoring Oracle Cloud&lt;/em&gt;.</description>
                  <input>
                     <parameter description="The Cookie: header must be included with every request to the service. It must be set to the value of the set-cookie header in the response received to the POST /authenticate/ call."
                                label="Cookie"
                                name="Cookie"
                                nogen="true"
                                required="false"
                                testWith=""
                                type="string"/>
                  </input>
                  <binding>
                     <restSimpleBinding multiUsing="semicolonSeparated"
                                        url="http://{$hostName}/secapplication/"
                                        verb="GET">
                        <httpHeaders>
                           <header name="Content-Type">application/oracle-compute-v3+json</header>
                           <header name="Accept">application/oracle-compute-v3+directory+json</header>
                           <header name="Cookie">{$Cookie}</header>
                        </httpHeaders>
                     </restSimpleBinding>
                  </binding>
                  <output>
                     <field description="OK. See &lt;a class=&#34;xref&#34; href=&#34;Status%20Codes.html&#34;&gt;Status Codes&lt;/a&gt; for information about other possible HTTP status codes."
                            entireResponse="true"
                            name="SecApplication_discover_response"
                            type="reference">
                        <options>
                           <option name="referenceTo">SecApplication_discover_response</option>
                        </options>
                     </field>
                  </output>
               </action>
               <action category="SecApplications"
                       failOnError="true"
                       forSearch="false"
                       label="listSecApplication"
                       maxRedirects="100"
                       name="listSecApplication"
                       preemptiveAuth="true"
                       responseEncoding="">
                  <description>Retrieve Details of all Security Applications in a Container. Retrieves details of the security applications that are in the specified container and match the specified query criteria. If you don't specify any query criteria, then details of all the security applications in the container are displayed. You can use this HTTP request to validate the results of POST and PUT operations.&lt;p&gt;To filter the search results, you can pass one or more of the following query parameters, by appending them to the URI in the following syntax:&lt;p&gt;&lt;code&gt;?parameter1=value1&amp;ampparameter2=value2&amp;ampparameterN=valueN&lt;/code&gt;&lt;p&gt;&lt;b&gt;Required Role: &lt;/b&gt;To complete this task, you must have the &lt;code&gt;Compute_Monitor&lt;/code&gt; or &lt;code&gt;Compute_Operations&lt;/code&gt; role. If this role isn't assigned to you or you're not sure, then ask your system administrator to ensure that the role is assigned to you in Oracle Cloud My Services. See &lt;a target="_blank" href="http://www.oracle.com/pls/topic/lookup?ctx=stcomputecs&amp;id=MMOCS-GUID-54C2E747-7D5B-451C-A39C-77936178EBB6"&gt;Modifying User Roles&lt;/a&gt; in &lt;em&gt;Managing and Monitoring Oracle Cloud&lt;/em&gt;.</description>
                  <input>
                     <parameter description="&lt;code&gt;/Compute-identity_domain/user&lt;/code&gt; or &lt;code&gt;/Compute-identity_domain&lt;/code&gt; for user-created security applications and &lt;code&gt;/oracle/public&lt;/code&gt; for system-provided security applications."
                                label="containerPathParam"
                                name="containerPathParam"
                                nogen="true"
                                required="true"
                                testWith=""
                                type="string"/>
                     <parameter description="The protocol to use.&lt;p&gt;The value that you specify can be either a text representation of a protocol or any unsigned 8-bit assigned protocol number in the range 0-254. See &lt;a target=&#34;_blank&#34; href=&#34;http://www.iana.org/assignments/protocol-numbers/protocol-numbers.xhtml&#34;&gt;Assigned Internet Protocol Numbers&lt;/a&gt;.&lt;p&gt;For example, you can specify either tcp or the number 6.&lt;p&gt;The following text representations are allowed: &lt;code&gt;tcp&lt;/code&gt;, &lt;code&gt;udp&lt;/code&gt;, &lt;code&gt;icmp&lt;/code&gt;, &lt;code&gt;igmp&lt;/code&gt;, &lt;code&gt;ipip&lt;/code&gt;, &lt;code&gt;rdp&lt;/code&gt;, &lt;code&gt;esp&lt;/code&gt;, &lt;code&gt;ah&lt;/code&gt;, &lt;code&gt;gre&lt;/code&gt;, &lt;code&gt;icmpv6&lt;/code&gt;, &lt;code&gt;ospf&lt;/code&gt;, &lt;code&gt;pim&lt;/code&gt;, &lt;code&gt;sctp&lt;/code&gt;, &lt;code&gt;mplsip&lt;/code&gt;, &lt;code&gt;all&lt;/code&gt;.&lt;p&gt;To specify all protocols, set this to &lt;code&gt;all&lt;/code&gt;."
                                label="protocol"
                                name="protocol"
                                required="false"
                                testWith=""
                                type="string"/>
                     <parameter description="&lt;p&gt;A description of the security application."
                                label="description"
                                name="description"
                                required="false"
                                testWith=""
                                type="string"/>
                     <parameter description="The ICMP type.&lt;p&gt;This parameter is relevant only if you specify &lt;code&gt;icmp&lt;/code&gt; as the protocol. You can specify one of the following values:&lt;ul&gt;&lt;li&gt;&lt;code&gt;echo&lt;/code&gt;&lt;/li&gt;&lt;li&gt;&lt;code&gt;reply&lt;/code&gt;&lt;/li&gt;&lt;li&gt;&lt;code&gt;ttl&lt;/code&gt;&lt;/li&gt;&lt;li&gt;&lt;code&gt;traceroute&lt;/code&gt;&lt;/li&gt;&lt;li&gt;&lt;code&gt;unreachable&lt;/code&gt;&lt;/li&gt;&lt;/ul&gt;&lt;p&gt;If you specify &lt;code&gt;icmp&lt;/code&gt; as the protocol and don't specify &lt;code&gt;icmptype&lt;/code&gt; or &lt;code&gt;icmpcode&lt;/code&gt;, then all ICMP packets are matched."
                                label="icmptype"
                                name="icmptype"
                                required="false"
                                testWith=""
                                type="string"/>
                     <parameter description="&lt;p&gt;The TCP or UDP destination port number.&lt;p&gt;You can also specify a port range, such as 5900-5999 for TCP.&lt;p&gt;If you specify &lt;code&gt;tcp&lt;/code&gt; or &lt;code&gt;udp&lt;/code&gt; as the protocol, then the &lt;code&gt;dport&lt;/code&gt; parameter is required; otherwise, it is optional.&lt;p&gt;This parameter isn't relevant to the &lt;code&gt;icmp&lt;/code&gt; protocol.&lt;p&gt;&lt;b&gt;Note:&lt;/b&gt; This request fails if the range-end is lower than the range-start. For example, if you specify the port range as 5000-4000."
                                label="dport"
                                name="dport"
                                required="false"
                                testWith=""
                                type="string"/>
                     <parameter description="The ICMP code.&lt;p&gt;This parameter is relevant only if you specify &lt;code&gt;icmp&lt;/code&gt; as the protocol. You can specify one of the following values:&lt;ul&gt;&lt;li&gt;&lt;code&gt;network&lt;/code&gt;&lt;/li&gt;&lt;li&gt;&lt;code&gt;host&lt;/code&gt;&lt;/li&gt;&lt;li&gt;&lt;code&gt;protocol&lt;/code&gt;&lt;/li&gt;&lt;li&gt;&lt;code&gt;port&lt;/code&gt;&lt;/li&gt;&lt;li&gt;&lt;code&gt;df&lt;/code&gt;&lt;/li&gt;&lt;li&gt;&lt;code&gt;admin&lt;/code&gt;&lt;/li&gt;&lt;/ul&gt;&lt;p&gt;If you specify &lt;code&gt;icmp&lt;/code&gt; as the protocol and don't specify &lt;code&gt;icmptype&lt;/code&gt; or &lt;code&gt;icmpcode&lt;/code&gt;, then all ICMP packets are matched."
                                label="icmpcode"
                                name="icmpcode"
                                required="false"
                                testWith=""
                                type="string"/>
                     <parameter description="The three-part name of the object (&lt;code&gt;/Compute-&lt;em&gt;identity_domain&lt;/em&gt;/&lt;em&gt;user&lt;/em&gt;/&lt;em&gt;object&lt;/em&gt;&lt;/code&gt;)."
                                label="name"
                                name="name"
                                required="false"
                                testWith=""
                                type="string"/>
                     <parameter description="The Cookie: header must be included with every request to the service. It must be set to the value of the set-cookie header in the response received to the POST /authenticate/ call."
                                label="Cookie"
                                name="Cookie"
                                nogen="true"
                                required="false"
                                testWith=""
                                type="string"/>
                  </input>
                  <binding>
                     <restSimpleBinding multiUsing="semicolonSeparated"
                                        url="http://{$hostName}/secapplication/{$containerPathParam}/"
                                        verb="GET">
                        <httpHeaders>
                           <header name="Content-Type">application/oracle-compute-v3+json</header>
                           <header name="Accept">application/oracle-compute-v3+json</header>
                           <header name="Cookie">{$Cookie}</header>
                        </httpHeaders>
                     </restSimpleBinding>
                  </binding>
                  <output>
                     <field description="OK. See &lt;a class=&#34;xref&#34; href=&#34;Status%20Codes.html&#34;&gt;Status Codes&lt;/a&gt; for information about other possible HTTP status codes."
                            entireResponse="true"
                            name="SecApplication_list_response"
                            type="reference">
                        <options>
                           <option name="referenceTo">SecApplication_list_response</option>
                        </options>
                     </field>
                  </output>
               </action>
               <action category="SecApplications"
                       failOnError="true"
                       forSearch="false"
                       label="getSecApplication"
                       maxRedirects="100"
                       name="getSecApplication"
                       preemptiveAuth="true"
                       responseEncoding="">
                  <description>Retrieve Details of a Security Application. &lt;b&gt;Required Role: &lt;/b&gt;To complete this task, you must have the &lt;code&gt;Compute_Monitor&lt;/code&gt; or &lt;code&gt;Compute_Operations&lt;/code&gt; role. If this role isn't assigned to you or you're not sure, then ask your system administrator to ensure that the role is assigned to you in Oracle Cloud My Services. See &lt;a target="_blank" href="http://www.oracle.com/pls/topic/lookup?ctx=stcomputecs&amp;id=MMOCS-GUID-54C2E747-7D5B-451C-A39C-77936178EBB6"&gt;Modifying User Roles&lt;/a&gt; in &lt;em&gt;Managing and Monitoring Oracle Cloud&lt;/em&gt;.</description>
                  <input>
                     <parameter description="The three-part name of the object (&lt;code&gt;/Compute-&lt;em&gt;identity_domain&lt;/em&gt;/&lt;em&gt;user&lt;/em&gt;/&lt;em&gt;object&lt;/em&gt;&lt;/code&gt;)."
                                label="namePathParam"
                                name="namePathParam"
                                nogen="true"
                                required="true"
                                testWith=""
                                type="string"/>
                     <parameter description="The Cookie: header must be included with every request to the service. It must be set to the value of the set-cookie header in the response received to the POST /authenticate/ call."
                                label="Cookie"
                                name="Cookie"
                                nogen="true"
                                required="false"
                                testWith=""
                                type="string"/>
                  </input>
                  <binding>
                     <restSimpleBinding multiUsing="semicolonSeparated"
                                        url="http://{$hostName}/secapplication/{$namePathParam}"
                                        verb="GET">
                        <httpHeaders>
                           <header name="Content-Type">application/oracle-compute-v3+json</header>
                           <header name="Accept">application/oracle-compute-v3+json</header>
                           <header name="Cookie">{$Cookie}</header>
                        </httpHeaders>
                     </restSimpleBinding>
                  </binding>
                  <output>
                     <field description="OK. See &lt;a class=&#34;xref&#34; href=&#34;Status%20Codes.html&#34;&gt;Status Codes&lt;/a&gt; for information about other possible HTTP status codes."
                            entireResponse="true"
                            name="SecApplication_response"
                            type="reference">
                        <options>
                           <option name="referenceTo">SecApplication_response</option>
                        </options>
                     </field>
                  </output>
               </action>
               <action category="SecApplications"
                       failOnError="true"
                       forSearch="false"
                       label="deleteSecApplication"
                       maxRedirects="100"
                       name="deleteSecApplication"
                       preemptiveAuth="true"
                       responseEncoding="">
                  <description>Delete a Security Application. Deletes a security application. No response is returned.&lt;p&gt;You can't delete system-provided security application that are available in the &lt;code&gt;/oracle/public&lt;/code&gt; container.&lt;p&gt;&lt;b&gt;Required Role: &lt;/b&gt;To complete this task, you must have the &lt;code&gt;Compute_Operations&lt;/code&gt; role. If this role isn't assigned to you or you're not sure, then ask your system administrator to ensure that the role is assigned to you in Oracle Cloud My Services. See &lt;a target="_blank" href="http://www.oracle.com/pls/topic/lookup?ctx=stcomputecs&amp;id=MMOCS-GUID-54C2E747-7D5B-451C-A39C-77936178EBB6"&gt;Modifying User Roles&lt;/a&gt; in &lt;em&gt;Managing and Monitoring Oracle Cloud&lt;/em&gt;.</description>
                  <input>
                     <parameter description="The three-part name of the object (&lt;code&gt;/Compute-&lt;em&gt;identity_domain&lt;/em&gt;/&lt;em&gt;user&lt;/em&gt;/&lt;em&gt;object&lt;/em&gt;&lt;/code&gt;)."
                                label="namePathParam"
                                name="namePathParam"
                                nogen="true"
                                required="true"
                                testWith=""
                                type="string"/>
                     <parameter description="The Cookie: header must be included with every request to the service. It must be set to the value of the set-cookie header in the response received to the POST /authenticate/ call."
                                label="Cookie"
                                name="Cookie"
                                nogen="true"
                                required="false"
                                testWith=""
                                type="string"/>
                  </input>
                  <binding>
                     <restSimpleBinding multiUsing="semicolonSeparated"
                                        url="http://{$hostName}/secapplication/{$namePathParam}"
                                        verb="DELETE">
                        <httpHeaders>
                           <header name="Content-Type">application/oracle-compute-v3+json</header>
                           <header name="Accept">application/oracle-compute-v3+json</header>
                           <header name="Cookie">{$Cookie}</header>
                        </httpHeaders>
                     </restSimpleBinding>
                  </binding>
                  <output/>
               </action>
               <action category="SecApplications"
                       failOnError="true"
                       forSearch="false"
                       label="discoverSecApplication"
                       maxRedirects="100"
                       name="discoverSecApplication"
                       preemptiveAuth="true"
                       responseEncoding="">
                  <description>Retrieve Names of all Security Applications and Subcontainers in a Container. Retrieves the names of objects and subcontainers that you can access in the specified container.&lt;p&gt;&lt;b&gt;Required Role: &lt;/b&gt;To complete this task, you must have the &lt;code&gt;Compute_Monitor&lt;/code&gt; or &lt;code&gt;Compute_Operations&lt;/code&gt; role. If this role isn't assigned to you or you're not sure, then ask your system administrator to ensure that the role is assigned to you in Oracle Cloud My Services. See &lt;a target="_blank" href="http://www.oracle.com/pls/topic/lookup?ctx=stcomputecs&amp;id=MMOCS-GUID-54C2E747-7D5B-451C-A39C-77936178EBB6"&gt;Modifying User Roles&lt;/a&gt; in &lt;em&gt;Managing and Monitoring Oracle Cloud&lt;/em&gt;.</description>
                  <input>
                     <parameter description="Specify &lt;code&gt;/Compute-&lt;i&gt;identityDomain&lt;/i&gt;/&lt;i&gt;user&lt;/i&gt;/&lt;/code&gt; to retrieve the names of objects that you can access. Specify &lt;code&gt;/Compute-&lt;i&gt;identityDomain&lt;/i&gt;/&lt;/code&gt; to retrieve the names of containers that contain objects that you can access. Specify &lt;code&gt;/oracle/public&lt;/code&gt; to retrieve the names of system-provided objects."
                                label="containerPathParam"
                                name="containerPathParam"
                                nogen="true"
                                required="true"
                                testWith=""
                                type="string"/>
                     <parameter description="The Cookie: header must be included with every request to the service. It must be set to the value of the set-cookie header in the response received to the POST /authenticate/ call."
                                label="Cookie"
                                name="Cookie"
                                nogen="true"
                                required="false"
                                testWith=""
                                type="string"/>
                  </input>
                  <binding>
                     <restSimpleBinding multiUsing="semicolonSeparated"
                                        url="http://{$hostName}/secapplication/{$containerPathParam}"
                                        verb="GET">
                        <httpHeaders>
                           <header name="Content-Type">application/oracle-compute-v3+json</header>
                           <header name="Accept">application/oracle-compute-v3+directory+json</header>
                           <header name="Cookie">{$Cookie}</header>
                        </httpHeaders>
                     </restSimpleBinding>
                  </binding>
                  <output>
                     <field description="OK. See &lt;a class=&#34;xref&#34; href=&#34;Status%20Codes.html&#34;&gt;Status Codes&lt;/a&gt; for information about other possible HTTP status codes."
                            entireResponse="true"
                            name="SecApplication_discover_response"
                            type="reference">
                        <options>
                           <option name="referenceTo">SecApplication_discover_response</option>
                        </options>
                     </field>
                  </output>
               </action>
            </actions>
            <objects>
               <processObject xmlns="http://schemas.active-endpoints.com/appmodules/screenflow/2011/06/avosHostEnvironment.xsd"
                              isByCopy="true"
                              name="HourlyInterval">
                  <description/>
                  <detail/>
               </processObject>
               <processObject xmlns="http://schemas.active-endpoints.com/appmodules/screenflow/2011/06/avosHostEnvironment.xsd"
                              isByCopy="true"
                              name="SecApplication_response">
                  <description/>
                  <detail>
                     <field name="dport" type="string"/>
                     <field name="icmptype" type="string"/>
                     <field name="protocol" type="string"/>
                     <field name="icmpcode" type="string"/>
                     <field name="name" type="string"/>
                     <field name="description" type="string"/>
                     <field name="uri" type="string"/>
                  </detail>
               </processObject>
               <processObject xmlns="http://schemas.active-endpoints.com/appmodules/screenflow/2011/06/avosHostEnvironment.xsd"
                              isByCopy="true"
                              name="SecApplication_post_request">
                  <description>The request body contains details of the security application that you want to create. </description>
                  <detail>
                     <field name="dport" type="string"/>
                     <field name="icmptype" type="string"/>
                     <field name="protocol" type="string"/>
                     <field name="icmpcode" type="string"/>
                     <field name="name" type="string"/>
                     <field name="description" type="string"/>
                  </detail>
               </processObject>
               <processObject xmlns="http://schemas.active-endpoints.com/appmodules/screenflow/2011/06/avosHostEnvironment.xsd"
                              isByCopy="true"
                              name="SecApplication_discover_response">
                  <description/>
                  <detail>
                     <field name="result" type="objectlist">
                        <options>
                           <option name="referenceTo">string</option>
                           <option name="relationshipName">Child</option>
                        </options>
                     </field>
                  </detail>
               </processObject>
               <processObject xmlns="http://schemas.active-endpoints.com/appmodules/screenflow/2011/06/avosHostEnvironment.xsd"
                              isByCopy="true"
                              name="SecApplication_list_response">
                  <description/>
                  <detail>
                     <field name="result" type="objectlist">
                        <options>
                           <option name="referenceTo">SecApplication_response</option>
                           <option name="relationshipName">Child</option>
                        </options>
                     </field>
                  </detail>
               </processObject>
               <processObject xmlns="http://schemas.active-endpoints.com/appmodules/screenflow/2011/06/avosHostEnvironment.xsd"
                              isByCopy="true"
                              name="DailyWeeklyInterval">
                  <description/>
                  <detail/>
               </processObject>
               <processObject xmlns="http://schemas.active-endpoints.com/appmodules/screenflow/2011/06/avosHostEnvironment.xsd"
                              isByCopy="true"
                              name="Interval">
                  <description>There are two kinds of Intervals. Each Interval has its own JSON format. Your Interval field should look like one of the following:&lt;p&gt;&lt;ul&gt;&lt;li&gt;&lt;code&gt;"interval":{"Hourly":{"hourlyInterval":2}}&lt;/code&gt;&lt;/li&gt;&lt;li&gt;&lt;code&gt;{"DailyWeekly":{"daysOfWeek":["MONDAY"],"timeOfDay":"03:15","userTimeZone":"America/Los_Angeles"}}&lt;/code&gt;&lt;/li&gt;&lt;/ul&gt;&lt;p&gt;Days of the week is any day of the week fully capitalized (MONDAY, TUESDAY, etc). The user time zone is any IANA user timezone.  For example user time zones see &lt;a href="https://en.wikipedia.org/wiki/IANA_time_zone_database"&gt;List of IANA time zones&lt;/a&gt;.</description>
                  <detail/>
               </processObject>
               <processObject xmlns="http://schemas.active-endpoints.com/appmodules/screenflow/2011/06/avosHostEnvironment.xsd"
                              isByCopy="true"
                              name="string">
                  <description/>
                  <detail>
                     <field name="string" type="string"/>
                  </detail>
               </processObject>
               <processObject xmlns="http://schemas.active-endpoints.com/appmodules/screenflow/2011/06/avosHostEnvironment.xsd"
                              isByCopy="true"
                              name="boolean">
                  <description/>
                  <detail>
                     <field name="boolean" type="boolean"/>
                  </detail>
               </processObject>
               <processObject xmlns="http://schemas.active-endpoints.com/appmodules/screenflow/2011/06/avosHostEnvironment.xsd"
                              isByCopy="true"
                              name="double">
                  <description/>
                  <detail>
                     <field name="double" type="double"/>
                  </detail>
               </processObject>
               <processObject xmlns="http://schemas.active-endpoints.com/appmodules/screenflow/2011/06/avosHostEnvironment.xsd"
                              isByCopy="true"
                              name="integer">
                  <description/>
                  <detail>
                     <field name="integer" type="int"/>
                  </detail>
               </processObject>
            </objects>
         </businessConnector>
      </types1:Entry>
      <types1:GUID>0CjJlxYPlkLc9ozVghdiAQ</types1:GUID>
      <types1:DisplayName>Oracle Cloud Infrastructure Compute SecApplications API v18-1-2</types1:DisplayName>
   </types1:Item>
   <types1:CurrentServerDateTime>2019-02-25T09:24:12.155Z</types1:CurrentServerDateTime>
</aetgt:getResponse>
