<aetgt:getResponse xmlns:aetgt="http://schemas.active-endpoints.com/appmodules/repository/2010/10/avrepository.xsd"
                   xmlns:types1="http://schemas.active-endpoints.com/appmodules/repository/2010/10/avrepository.xsd">
   <types1:Item>
      <types1:EntryId>qclNE6Eaaaaaaaa-gt-4465290-2019-02-19T05:44:22.265Z::svc.xml</types1:EntryId>
      <types1:Name>Oracle_Eloqua_Marketing_Cloud_Service_Custom_object_data_API_v1</types1:Name>
      <types1:MimeType>application/xml+businesssconnector</types1:MimeType>
      <types1:Description>Custom object data are the records of custom object instances.&#xD;
&#xD;
&lt;a href='https://docs.oracle.com/cloud/latest/marketingcs_gs/OMCAA/index.html#CSHID=CustomObjects'&gt;Learn more about custom objects&lt;/a&gt;.</types1:Description>
      <types1:AppliesTo/>
      <types1:Tags/>
      <types1:VersionLabel>1.0</types1:VersionLabel>
      <types1:State>CURRENT</types1:State>
      <types1:ProcessGroup/>
      <types1:CreatedBy>sorabh@na1.dm-us.org</types1:CreatedBy>
      <types1:CreationDate>2019-02-19T05:44:22Z</types1:CreationDate>
      <types1:ModifiedBy/>
      <types1:PublicationStatus>published</types1:PublicationStatus>
      <types1:PublishedBy>sorabh@na1.dm-us.org</types1:PublishedBy>
      <types1:PublicationDate>2019-02-19T05:44:37Z</types1:PublicationDate>
      <types1:PublishedContributionId>project:/rt.connector/Oracle_Eloqua_Marketing_Cloud_Service_Custom_object_data_API_v1/Oracle_Eloqua_Marketing_Cloud_Service_Custom_object_data_API_v1_svcDef.xml</types1:PublishedContributionId>
      <types1:AutosaveExists>false</types1:AutosaveExists>
      <types1:Entry>
         <businessConnector xmlns="http://schemas.informatica.com/socrates/data-services/2014/05/business-connector-model.xsd"
                            agentOnly="false"
                            debug="false"
                            displayName="Oracle Eloqua Marketing Cloud Service Custom object data API v1"
                            label=""
                            name="Oracle_Eloqua_Marketing_Cloud_Service_Custom_object_data_API_v1"
                            uuid="00e7f812-1529-420c-892f-e93b70cd615c">
            <description>Custom object data are the records of custom object instances.&#xD;
&#xD;
&lt;a href='https://docs.oracle.com/cloud/latest/marketingcs_gs/OMCAA/index.html#CSHID=CustomObjects'&gt;Learn more about custom objects&lt;/a&gt;.</description>
            <tags/>
            <connectionAttributes xmlns="http://schemas.informatica.com/appmodules/screenflow/2014/04/avosConnectors.xsd">
               <connectionAttribute description="Host Name"
                                    masked="false"
                                    name="hostName"
                                    required="true"
                                    testWith="apicatalog.oraclecloud.com"
                                    type="string"/>
            </connectionAttributes>
            <actions>
               <action category=""
                       failOnError="true"
                       forSearch="false"
                       label="CreateIndividualPOSTRest10"
                       maxRedirects="100"
                       name="CreateIndividualPOSTRest10"
                       preemptiveAuth="true"
                       responseEncoding="">
                  <description>Create custom object data. Creates custom object data that matches the criteria specified by the request body.</description>
                  <input>
                     <parameter description="The request body defines the details of the custom object data to be created."
                                label="message"
                                name="message"
                                required="true"
                                testWith=""
                                type="reference">
                        <options>
                           <option name="referenceTo">CustomObjectDataRest10</option>
                        </options>
                     </parameter>
                     <parameter description="Id of the custom object."
                                label="idPathParam"
                                name="idPathParam"
                                nogen="true"
                                required="true"
                                testWith=""
                                type="int"/>
                  </input>
                  <binding>
                     <restSimpleBinding multiUsing="semicolonSeparated"
                                        url="https://{$hostName}/api/REST/1.0/data/customObject/{$idPathParam}"
                                        verb="POST">
                        <httpHeaders>
                           <header name="Content-Type">application/json</header>
                           <header name="Accept">application/json</header>
                        </httpHeaders>
                        <body generateUsing="UnwrappedJSON" preserveJsonStringFormatting="false"/>
                     </restSimpleBinding>
                  </binding>
                  <output/>
               </action>
               <action category=""
                       failOnError="true"
                       forSearch="false"
                       label="SearchGETRest10"
                       maxRedirects="100"
                       name="SearchGETRest10"
                       preemptiveAuth="true"
                       responseEncoding="">
                  <description>Retrieve a list of custom object data. Retrieves the data for the custom object specified by the &lt;code&gt;id&lt;/code&gt; parameter.</description>
                  <input>
                     <parameter description="Id of the custom object."
                                label="idPathParam"
                                name="idPathParam"
                                nogen="true"
                                required="true"
                                testWith=""
                                type="int"/>
                     <parameter description="Maximum number of entities to return. Must be less than or equal to 1000 and greater than or equal to 1."
                                label="count"
                                name="count"
                                required="false"
                                testWith=""
                                type="int"/>
                     <parameter description="Specifies which page of entities to return (the count parameter defines the number of entities per page). If the page parameter is not supplied, 1 will be used by default."
                                label="page"
                                name="page"
                                required="false"
                                testWith=""
                                type="int"/>
                     <parameter description="Specifies the search criteria used to retrieve entities. See the &lt;a href='https://docs.oracle.com/cloud/latest/marketingcs_gs/OMCAB/index.html#CSHID=SearchParam'&gt;tutorial&lt;/a&gt; for information about using this parameter."
                                label="search"
                                name="search"
                                required="false"
                                testWith=""
                                type="string"/>
                     <parameter description="Specifies the field by which list results are ordered."
                                label="orderBy"
                                name="orderBy"
                                required="false"
                                testWith=""
                                type="string"/>
                     <parameter description="Unix timestamp for the date and time the custom object was last updated. This is a read-only property."
                                label="lastUpdatedAt"
                                name="lastUpdatedAt"
                                required="false"
                                testWith=""
                                type="int"/>
                  </input>
                  <binding>
                     <restSimpleBinding multiUsing="semicolonSeparated"
                                        url="https://{$hostName}/api/REST/1.0/data/customObject/{$idPathParam}"
                                        verb="GET">
                        <httpHeaders>
                           <header name="Content-Type">application/json</header>
                           <header name="Accept">application/json</header>
                        </httpHeaders>
                     </restSimpleBinding>
                  </binding>
                  <output>
                     <field description="OK."
                            entireResponse="true"
                            name="QueryResultCustomObjectDataRest10"
                            type="reference">
                        <options>
                           <option name="referenceTo">QueryResultCustomObjectDataRest10</option>
                        </options>
                     </field>
                  </output>
               </action>
            </actions>
            <objects>
               <processObject xmlns="http://schemas.active-endpoints.com/appmodules/screenflow/2011/06/avosHostEnvironment.xsd"
                              isByCopy="true"
                              name="CustomObjectDataRest10">
                  <description/>
                  <detail>
                     <field name="currentStatus" type="string"/>
                     <field name="contactId" type="string"/>
                     <field name="fieldValues" type="objectlist">
                        <options>
                           <option name="referenceTo">FieldValueRest10</option>
                           <option name="relationshipName">Child</option>
                        </options>
                     </field>
                     <field name="id" type="string"/>
                     <field name="type" type="string"/>
                  </detail>
               </processObject>
               <processObject xmlns="http://schemas.active-endpoints.com/appmodules/screenflow/2011/06/avosHostEnvironment.xsd"
                              isByCopy="true"
                              name="QueryResultCustomObjectDataRest10">
                  <description/>
                  <detail>
                     <field name="total" type="int"/>
                     <field name="elements" type="objectlist">
                        <options>
                           <option name="referenceTo">CustomObjectDataRest10</option>
                           <option name="relationshipName">Child</option>
                        </options>
                     </field>
                     <field name="pageSize" type="int"/>
                     <field name="page" type="int"/>
                     <field name="type" type="string"/>
                  </detail>
               </processObject>
               <processObject xmlns="http://schemas.active-endpoints.com/appmodules/screenflow/2011/06/avosHostEnvironment.xsd"
                              isByCopy="true"
                              name="FieldValueRest10">
                  <description/>
                  <detail>
                     <field name="id" type="string"/>
                     <field name="type" type="string"/>
                     <field name="value" type="string"/>
                  </detail>
               </processObject>
               <processObject xmlns="http://schemas.active-endpoints.com/appmodules/screenflow/2011/06/avosHostEnvironment.xsd"
                              isByCopy="true"
                              name="string">
                  <description/>
                  <detail>
                     <field name="string" type="string"/>
                  </detail>
               </processObject>
               <processObject xmlns="http://schemas.active-endpoints.com/appmodules/screenflow/2011/06/avosHostEnvironment.xsd"
                              isByCopy="true"
                              name="boolean">
                  <description/>
                  <detail>
                     <field name="boolean" type="boolean"/>
                  </detail>
               </processObject>
               <processObject xmlns="http://schemas.active-endpoints.com/appmodules/screenflow/2011/06/avosHostEnvironment.xsd"
                              isByCopy="true"
                              name="double">
                  <description/>
                  <detail>
                     <field name="double" type="double"/>
                  </detail>
               </processObject>
               <processObject xmlns="http://schemas.active-endpoints.com/appmodules/screenflow/2011/06/avosHostEnvironment.xsd"
                              isByCopy="true"
                              name="integer">
                  <description/>
                  <detail>
                     <field name="integer" type="int"/>
                  </detail>
               </processObject>
            </objects>
         </businessConnector>
      </types1:Entry>
      <types1:GUID>4M5IefIFQXcjOjol9kaWeJ</types1:GUID>
      <types1:DisplayName>Oracle Eloqua Marketing Cloud Service Custom object data API v1</types1:DisplayName>
   </types1:Item>
   <types1:CurrentServerDateTime>2019-02-22T04:01:43.84Z</types1:CurrentServerDateTime>
</aetgt:getResponse>
