<aetgt:getResponse xmlns:aetgt="http://schemas.active-endpoints.com/appmodules/repository/2010/10/avrepository.xsd"
                   xmlns:types1="http://schemas.active-endpoints.com/appmodules/repository/2010/10/avrepository.xsd">
   <types1:Item>
      <types1:EntryId>Wf3A1vyoY2G7QnG-gt-2915125-2019-12-22T05:22:07.75Z::svc.xml</types1:EntryId>
      <types1:Name>SAP_Ariba_Catalog_Content_REST_API_v1</types1:Name>
      <types1:MimeType>application/xml+businesssconnector</types1:MimeType>
      <types1:Description>This API set enables your application to fetch catalog data from the SAP Ariba solution. The following APIs enable you to fetch specific catalog related information:
* catalog subscriptions that have been activated after a specified date and time
* attribute-based faceted catalog data
* all or a filtered subset of items in a catalog</types1:Description>
      <types1:AppliesTo/>
      <types1:Tags/>
      <types1:VersionLabel>1.0</types1:VersionLabel>
      <types1:State>CURRENT</types1:State>
      <types1:ProcessGroup/>
      <types1:CreatedBy>sorabh@na1.dm-us.org</types1:CreatedBy>
      <types1:CreationDate>2019-12-22T05:22:08Z</types1:CreationDate>
      <types1:ModifiedBy/>
      <types1:PublicationStatus>published</types1:PublicationStatus>
      <types1:PublishedBy>sorabh@na1.dm-us.org</types1:PublishedBy>
      <types1:PublicationDate>2019-12-22T05:22:10Z</types1:PublicationDate>
      <types1:PublishedContributionId>project:/rt.connector/SAP_Ariba_Catalog_Content_REST_API_v1/SAP_Ariba_Catalog_Content_REST_API_v1_svcDef.xml</types1:PublishedContributionId>
      <types1:AutosaveExists>false</types1:AutosaveExists>
      <types1:Entry>
         <businessConnector xmlns="http://schemas.informatica.com/socrates/data-services/2014/05/business-connector-model.xsd"
                            agentOnly="false"
                            debug="false"
                            displayName="SAP Ariba Catalog Content REST API v1"
                            label=""
                            name="SAP_Ariba_Catalog_Content_REST_API_v1"
                            uuid="ac572ba4-b546-4e19-b078-41ee68da8fc3">
            <description>This API set enables your application to fetch catalog data from the SAP Ariba solution. The following APIs enable you to fetch specific catalog related information:
* catalog subscriptions that have been activated after a specified date and time
* attribute-based faceted catalog data
* all or a filtered subset of items in a catalog</description>
            <tags/>
            <connectionAttributes xmlns="http://schemas.informatica.com/appmodules/screenflow/2014/04/avosConnectors.xsd">
               <connectionAttribute description="Host Name"
                                    masked="false"
                                    name="hostName"
                                    required="true"
                                    testWith="sandbox.api.sap.com"
                                    type="string"/>
            </connectionAttributes>
            <actions>
               <action category="content-query-service-controller"
                       failOnError="true"
                       forSearch="false"
                       label="getFacetUsingGET_1"
                       maxRedirects="100"
                       name="getFacetUsingGET_1"
                       preemptiveAuth="true"
                       responseEncoding="">
                  <description>Get list of Facet data</description>
                  <input>
                     <parameter description="Realm Id"
                                label="realm"
                                name="realm"
                                nogen="true"
                                required="true"
                                testWith=""
                                type="string"/>
                     <parameter description="Facet field, e.g. ClassificationCode"
                                label="select"
                                name="select"
                                required="true"
                                testWith=""
                                type="string"/>
                     <parameter description="RSQL Filter"
                                label="rsqlfilter"
                                name="rsqlfilter"
                                required="true"
                                testWith=""
                                type="string"/>
                  </input>
                  <binding>
                     <restSimpleBinding multiUsing="semicolonSeparated"
                                        url="https://{$hostName}/ariba/api/catalogcontent/v1/sandbox/facets"
                                        verb="GET">
                        <httpHeaders>
                           <header name="Content-Type">application/json</header>
                           <header name="Accept">application/json</header>
                           <header name="realm">{$realm}</header>
                        </httpHeaders>
                     </restSimpleBinding>
                  </binding>
                  <output>
                     <field description="List of facet values"
                            entireResponse="true"
                            name="FacetResponse"
                            type="reference">
                        <options>
                           <option name="referenceTo">FacetResponse</option>
                        </options>
                     </field>
                  </output>
               </action>
               <action category="content-query-service-controller"
                       failOnError="true"
                       forSearch="false"
                       label="getCatalogsUsingGET_1"
                       maxRedirects="100"
                       name="getCatalogsUsingGET_1"
                       preemptiveAuth="true"
                       responseEncoding="">
                  <description>Get list of active catalog data</description>
                  <input>
                     <parameter description="Realm"
                                label="realm"
                                name="realm"
                                nogen="true"
                                required="true"
                                testWith=""
                                type="string"/>
                     <parameter description="Activated from Date, ISO Format 2017-03-24T05:26:41"
                                label="date"
                                name="date"
                                required="true"
                                testWith=""
                                type="string"/>
                     <parameter description="Supplier Domain"
                                label="supplierdomain"
                                name="supplierdomain"
                                required="false"
                                testWith=""
                                type="string"/>
                  </input>
                  <binding>
                     <restSimpleBinding multiUsing="semicolonSeparated"
                                        url="https://{$hostName}/ariba/api/catalogcontent/v1/sandbox/catalogs"
                                        verb="GET">
                        <httpHeaders>
                           <header name="Content-Type">application/json</header>
                           <header name="Accept">application/json</header>
                           <header name="realm">{$realm}</header>
                        </httpHeaders>
                     </restSimpleBinding>
                  </binding>
                  <output>
                     <field description="List of CatalogName and SupplierId values"
                            entireResponse="true"
                            name="CatalogResponse"
                            type="reference">
                        <options>
                           <option name="referenceTo">CatalogResponse</option>
                        </options>
                     </field>
                  </output>
               </action>
               <action category="content-query-service-controller"
                       failOnError="true"
                       forSearch="false"
                       label="getCatalogItemsUsingGET"
                       maxRedirects="100"
                       name="getCatalogItemsUsingGET"
                       preemptiveAuth="true"
                       responseEncoding="">
                  <description>Get list of filtered catalog items</description>
                  <input>
                     <parameter description="Realm Id"
                                label="realm"
                                name="realm"
                                nogen="true"
                                required="true"
                                testWith=""
                                type="string"/>
                     <parameter description="CatalogName"
                                label="CatalogNamePathParam"
                                name="CatalogNamePathParam"
                                nogen="true"
                                required="true"
                                testWith=""
                                type="string"/>
                     <parameter description="SupplierId Domain Value Pair"
                                label="SupplierIdPathParam"
                                name="SupplierIdPathParam"
                                nogen="true"
                                required="true"
                                testWith=""
                                type="string"/>
                     <parameter description="Output fields, e.g.: LeadTime,ManufacturerPartId"
                                label="select"
                                name="select"
                                required="true"
                                testWith=""
                                type="string"/>
                     <parameter description="RSQL Filter"
                                label="rsqlfilter"
                                name="rsqlfilter"
                                required="false"
                                testWith=""
                                type="string"/>
                     <parameter description="Offset"
                                label="offset"
                                name="offset"
                                required="true"
                                testWith=""
                                type="int"/>
                     <parameter description="Limit"
                                label="limit"
                                name="limit"
                                required="false"
                                testWith=""
                                type="int"/>
                  </input>
                  <binding>
                     <restSimpleBinding multiUsing="semicolonSeparated"
                                        url="https://{$hostName}/ariba/api/catalogcontent/v1/sandbox/catalogname/{$CatalogNamePathParam}/supplierid/{$SupplierIdPathParam}/items"
                                        verb="GET">
                        <httpHeaders>
                           <header name="Content-Type">application/json</header>
                           <header name="Accept">application/json</header>
                           <header name="realm">{$realm}</header>
                        </httpHeaders>
                     </restSimpleBinding>
                  </binding>
                  <output>
                     <field description="Catalog Items"
                            entireResponse="true"
                            name="ItemResponse"
                            type="reference">
                        <options>
                           <option name="referenceTo">ItemResponse</option>
                        </options>
                     </field>
                  </output>
               </action>
            </actions>
            <objects>
               <processObject xmlns="http://schemas.active-endpoints.com/appmodules/screenflow/2011/06/avosHostEnvironment.xsd"
                              isByCopy="true"
                              name="ItemResponse">
                  <description/>
                  <detail>
                     <field name="offset" type="int"/>
                     <field name="lastPage" type="boolean"/>
                     <field name="firstPage" type="boolean"/>
                     <field name="contents" type="objectlist">
                        <options>
                           <option name="referenceTo">MapStringToObject</option>
                           <option name="relationshipName">Child</option>
                        </options>
                     </field>
                     <field name="limit" type="int"/>
                     <field name="totalPages" type="int"/>
                     <field name="totalElements" type="int"/>
                  </detail>
               </processObject>
               <processObject xmlns="http://schemas.active-endpoints.com/appmodules/screenflow/2011/06/avosHostEnvironment.xsd"
                              isByCopy="true"
                              name="CatalogResponse">
                  <description/>
                  <detail>
                     <field name="offset" type="int"/>
                     <field name="lastPage" type="boolean"/>
                     <field name="firstPage" type="boolean"/>
                     <field name="contents" type="objectlist">
                        <options>
                           <option name="referenceTo">ActivatedCatalogSummary</option>
                           <option name="relationshipName">Child</option>
                        </options>
                     </field>
                     <field name="limit" type="int"/>
                     <field name="totalPages" type="int"/>
                     <field name="totalElements" type="int"/>
                  </detail>
               </processObject>
               <processObject xmlns="http://schemas.active-endpoints.com/appmodules/screenflow/2011/06/avosHostEnvironment.xsd"
                              isByCopy="true"
                              name="MapStringToObject">
                  <description/>
                  <detail/>
               </processObject>
               <processObject xmlns="http://schemas.active-endpoints.com/appmodules/screenflow/2011/06/avosHostEnvironment.xsd"
                              isByCopy="true"
                              name="FacetResponse">
                  <description/>
                  <detail>
                     <field name="offset" type="int"/>
                     <field name="lastPage" type="boolean"/>
                     <field name="firstPage" type="boolean"/>
                     <field name="contents" type="objectlist">
                        <options>
                           <option name="referenceTo">MapStringToObject</option>
                           <option name="relationshipName">Child</option>
                        </options>
                     </field>
                     <field name="limit" type="int"/>
                     <field name="totalPages" type="int"/>
                     <field name="totalElements" type="int"/>
                  </detail>
               </processObject>
               <processObject xmlns="http://schemas.active-endpoints.com/appmodules/screenflow/2011/06/avosHostEnvironment.xsd"
                              isByCopy="true"
                              name="MapStringToString">
                  <description/>
                  <detail/>
               </processObject>
               <processObject xmlns="http://schemas.active-endpoints.com/appmodules/screenflow/2011/06/avosHostEnvironment.xsd"
                              isByCopy="true"
                              name="ContentErrorResponse">
                  <description>Error response</description>
                  <detail>
                     <field name="msg" type="string"/>
                     <field name="code" type="string"/>
                     <field name="service" type="string"/>
                     <field name="extra_messages" type="objectlist">
                        <options>
                           <option name="referenceTo">MapStringToString</option>
                           <option name="relationshipName">Child</option>
                        </options>
                     </field>
                     <field name="error" type="string"/>
                     <field name="status" type="int"/>
                     <field name="timestamp" type="int"/>
                  </detail>
               </processObject>
               <processObject xmlns="http://schemas.active-endpoints.com/appmodules/screenflow/2011/06/avosHostEnvironment.xsd"
                              isByCopy="true"
                              name="ActivatedCatalogSummary">
                  <description/>
                  <detail>
                     <field name="SupplierId" type="string"/>
                     <field name="CatalogName" type="string"/>
                     <field name="ActivatedDate" type="string"/>
                  </detail>
               </processObject>
               <processObject xmlns="http://schemas.active-endpoints.com/appmodules/screenflow/2011/06/avosHostEnvironment.xsd"
                              isByCopy="true"
                              name="string">
                  <description/>
                  <detail>
                     <field name="string" type="string"/>
                  </detail>
               </processObject>
               <processObject xmlns="http://schemas.active-endpoints.com/appmodules/screenflow/2011/06/avosHostEnvironment.xsd"
                              isByCopy="true"
                              name="boolean">
                  <description/>
                  <detail>
                     <field name="boolean" type="boolean"/>
                  </detail>
               </processObject>
               <processObject xmlns="http://schemas.active-endpoints.com/appmodules/screenflow/2011/06/avosHostEnvironment.xsd"
                              isByCopy="true"
                              name="double">
                  <description/>
                  <detail>
                     <field name="double" type="double"/>
                  </detail>
               </processObject>
               <processObject xmlns="http://schemas.active-endpoints.com/appmodules/screenflow/2011/06/avosHostEnvironment.xsd"
                              isByCopy="true"
                              name="integer">
                  <description/>
                  <detail>
                     <field name="integer" type="int"/>
                  </detail>
               </processObject>
            </objects>
         </businessConnector>
      </types1:Entry>
      <types1:GUID>aY2xrRluS9mjUUAXvbyeeQ</types1:GUID>
      <types1:DisplayName>SAP Ariba Catalog Content REST API v1</types1:DisplayName>
   </types1:Item>
   <types1:CurrentServerDateTime>2019-12-22T05:25:10.094Z</types1:CurrentServerDateTime>
</aetgt:getResponse>
