{
  "name" : "QuickBooks Accounting REST API v3",
  "sourceOrgId" : "6w10pMc8bwmkGpCQs9xkSM",
  "sourceOrgName" : "IICS iPaaS",
  "exportedObjects" : [ {
    "objectGuid" : "00m3cKr9AGOjGY55vZSASH",
    "objectName" : "Service Connectors",
    "objectType" : "Folder",
    "path" : "/Explore/Shared assets",
    "metadata" : {
      "modelVersion" : {
        "major" : 0,
        "minor" : 0
      },
      "repoInfo" : null,
      "objectRefs" : [ ],
      "contextAttributes" : [ ],
      "additionalInfo" : {
        "description" : "",
        "contentType" : "Binary",
        "documentState" : "COMPLETE"
      }
    }
  }, {
    "objectGuid" : "0cnD2VZWJPkjQvve5T6IuD",
    "objectName" : "QuickBooks Accounting REST API v3",
    "objectType" : "AI_SERVICE_CONNECTOR",
    "path" : "/Explore/Shared assets/Service Connectors",
    "metadata" : {
      "modelVersion" : {
        "major" : 1,
        "minor" : 0
      },
      "repoInfo" : {
        "repoHandle" : "YDdxKlFmVSciY3A-gt-3490631-2021-02-17T06:48:43.821Z::svc.xml"
      },
      "objectRefs" : [ ],
      "contextAttributes" : null,
      "additionalInfo" : {
        "description" : "This collection contains 5 Orchestrated samples of common QBO use cases.\n\nCreate Receipt - This orchestration contains the following flow of calls.  1. Create a customer 2.  Create an item  3. Create a reciept for the transaction between the customer and the item.\n\nCreate Payment - This orchestration contains the following flow of calls.  1. Create a customer 2.  Create an item  3. Create an invoice for a transaction between the customer and the item.  4. Create payment for the amount owed on invoice\n\nCreate an Expense - This orchestration contains the following flow of calls.  1. Create a bank account 2. Create an expense account 3. Create a purchase expense linked to the bank account\n\nCreate an Invoice - This orchestration contains the following flow of calls.  1. Create a customer 2.  Create an item  3. Create an invoice for a transaction between the customer and the item.\n\nPay Bills - This orchestration contains the following flow of calls.  1. Create an account 2.  Create a vendor  3. Create an bill for",
        "contentType" : "application/json; charset=utf-8",
        "documentState" : "VALID"
      }
    }
  }, {
    "objectGuid" : "almpU5d486xjg3tXw87BET",
    "objectName" : "Shared assets",
    "objectType" : "Project",
    "path" : "/Explore",
    "metadata" : {
      "modelVersion" : {
        "major" : 0,
        "minor" : 0
      },
      "repoInfo" : null,
      "objectRefs" : [ ],
      "contextAttributes" : [ ],
      "additionalInfo" : {
        "description" : "This Project contains shared assets",
        "contentType" : "Binary",
        "documentState" : "COMPLETE"
      }
    }
  } ]
}