{
   "exportedObjects": [
      {
         "objectGuid": "almpU5d486xjg3tXw87BET",
         "objectName": "Shared assets",
         "objectType": "Project",
         "path": "/Explore",
         "metadata": {
            "additionalInfo": {
               "contentType": "Binary",
               "description": "This Project contains shared assets",
               "documentState": "COMPLETE"
            },
            "contextAttributes": [],
            "modelVersion": {
               "major": 0,
               "minor": 0
            },
            "objectRefs": [],
            "repoInfo": null
         }
      },
      {
         "objectGuid": "00m3cKr9AGOjGY55vZSASH",
         "objectName": "Service Connectors",
         "objectType": "Folder",
         "path": "/Explore/Shared assets",
         "metadata": {
            "additionalInfo": {
               "contentType": "Binary",
               "description": "",
               "documentState": "COMPLETE"
            },
            "contextAttributes": [],
            "modelVersion": {
               "major": 0,
               "minor": 0
            },
            "objectRefs": [],
            "repoInfo": null
         }
      },
      {
         "objectGuid": "2F937PEvMl6dQwjGuh0ngd",
         "objectName": "Oracle Eloqua Marketing Cloud Service Emails API v2",
         "objectType": "AI_SERVICE_CONNECTOR",
         "path": "/Explore/Shared assets/Service Connectors",
         "metadata": {
            "additionalInfo": {
               "contentType": "application/json; charset=utf-8",
               "description": "Despite vast innovations and improvements to other channels of communication with prospects, emails are still central to many marketing campaigns. You can reach a large number of existing and potential customers efficiently and cheaply through email messages. Eloqua includes robust email marketing capabilities that you can weave into your marketing campaigns. \r\n\r\n\u003ca href='https://docs.oracle.com/cloud/latest/marketingcs_gs/OMCAA/index.html#CSHID=Emails'\u003eLearn more about emails\u003c/a\u003e. Creating and updating emails with the type \u003ccode\u003eResponsiveHtmlContent\u003c/code\u003e is not supported. If you use these endpoints with this email type, we cannot guarantee your email will be responsive.",
               "documentState": "VALID"
            },
            "contextAttributes": null,
            "modelVersion": {
               "major": 1,
               "minor": 0
            },
            "objectRefs": [],
            "repoInfo": {
               "repoHandle": "MwwzAHufWC64Ky2-gt-5667015-2019-02-22T03:45:54.619Z::svc.xml"
            }
         }
      }
   ]
}