{
  "name" : "GoToMeeting API v1",
  "sourceOrgId" : "9OkOTbSLYwLhD5xZ1H1bqO",
  "sourceOrgName" : "stage2_pod1",
  "exportedObjects" : [ {
    "objectGuid" : "3RJKbeL98iEkMfc5qPAgmo",
    "objectName" : "GoToMeeting API v1",
    "objectType" : "AI_SERVICE_CONNECTOR",
    "path" : "/Explore/Shared assets/Service Connectors",
    "metadata" : {
      "modelVersion" : {
        "major" : 1,
        "minor" : 0
      },
      "repoInfo" : {
        "repoHandle" : "NhAti4WDjz8Uuop-gt-35480-2019-03-06T10:47:46.633Z::svc.xml"
      },
      "objectRefs" : [ ],
      "contextAttributes" : null,
      "additionalInfo" : {
        "description" : "# Setup Instructions\r\n[GoToMeeting API Documentation](https://goto-developer.logmeininc.com/gotomeeting-api-overview)\r\n\r\n### Environment Template\r\n1. **Choose the \"GoToMeeting\" template** on the **environment dropdown menu** (top right corner of the window)\r\n2. **Click on the EYE icon (quick look)** right next to the environment dropdown box, then **click on EDIT** right next to the environment's name\r\n3. **Fill the environment variables *client_id* and *client_secret*** from your account. You can retrieve these by creating a new App on the [Developer Center](https://goto-developer.logmeininc.com/user/me/apps).\r\n\r\n### OAuth 2.0\r\n1. Make sure the GoToMeeting environment is selected on the dropdown box on top right of the main screen.\r\n2. Right-click the collection on the left bar\r\n3. Click on **Edit**\r\n4. Click on **Authorization Tab**\r\n5. Click on **Get New Access Token**\r\n6. Fill the form with the variables below. They will be pulled automatically from the Environment template you just loaded:\r\n  - Callback URL: *{{callback_url}}*\r\n  - Auth URL: *{{auth_url}}*\r\n  - Access Token URL: *{{access_token_url}}*\r\n  - Client ID: *{{client_id}}*\r\n  - Client Secret: *{{client_secret}}*\r\n  - Client Authentication: *Send as Basic Auth header*\r\n7. Click on **Request Token**. You should see a GoToMeeting login screen now.\r\n8. **Login** with your GoToMeeting credentials.\r\n9. **Allow** the permission request to access data from your account.\r\n10. If you had success you should see your newly generated access token. Scroll to the bottom.\r\n11. Copy your **organizerKey**. You'll need to save it later as environment variable.\r\n12. Click on **Use Token**.\r\n13. Now just make sure you paste the **organizerKey** on the *{{organizerKey}}* variable in your environment.\r\n\r\n*Disclaimer: GoToMeeting access tokens expire in just 1h, so you might need to repeat steps 1-12 of the OAuth 2.0 process every hour you are working with the API.*",
        "contentType" : "application/json; charset=utf-8",
        "documentState" : "VALID"
      }
    }
  }, {
    "objectGuid" : "3PTT3yMuhqweagEWp416Qh",
    "objectName" : "Service Connectors",
    "objectType" : "Folder",
    "path" : "/Explore/Shared assets",
    "metadata" : {
      "modelVersion" : {
        "major" : 0,
        "minor" : 0
      },
      "repoInfo" : null,
      "objectRefs" : [ ],
      "contextAttributes" : [ ],
      "additionalInfo" : {
        "description" : "",
        "contentType" : "Binary",
        "documentState" : "COMPLETE"
      }
    }
  }, {
    "objectGuid" : "hKepakfC2q4hzm9jxu0g0h",
    "objectName" : "Shared assets",
    "objectType" : "Project",
    "path" : "/Explore",
    "metadata" : {
      "modelVersion" : {
        "major" : 0,
        "minor" : 0
      },
      "repoInfo" : null,
      "objectRefs" : [ ],
      "contextAttributes" : [ ],
      "additionalInfo" : {
        "description" : "",
        "contentType" : "Binary",
        "documentState" : "COMPLETE"
      }
    }
  } ]
}