<aetgt:getResponse xmlns:aetgt="http://schemas.active-endpoints.com/appmodules/repository/2010/10/avrepository.xsd"
                   xmlns:types1="http://schemas.active-endpoints.com/appmodules/repository/2010/10/avrepository.xsd">
   <types1:Item>
      <types1:EntryId>TnRpB7O2htghGZ5-gt-2865147-2019-11-15T00:50:59.729Z::svc.xml</types1:EntryId>
      <types1:Name>SAP_S4HANA_Read_Company_Code_API_v1</types1:Name>
      <types1:MimeType>application/xml+businesssconnector</types1:MimeType>
      <types1:Description>This service enables you to read company         code master data in an API call. It is         based on the OData protocol, and can be         consumed in Fiori apps and on other user         interfaces.</types1:Description>
      <types1:AppliesTo/>
      <types1:Tags/>
      <types1:VersionLabel>1.0</types1:VersionLabel>
      <types1:State>CURRENT</types1:State>
      <types1:ProcessGroup/>
      <types1:CreatedBy>sorabh@na1.dm-us.org</types1:CreatedBy>
      <types1:CreationDate>2019-11-15T00:51:00Z</types1:CreationDate>
      <types1:ModifiedBy/>
      <types1:PublicationStatus>published</types1:PublicationStatus>
      <types1:PublishedBy>sorabh@na1.dm-us.org</types1:PublishedBy>
      <types1:PublicationDate>2019-11-15T00:51:02Z</types1:PublicationDate>
      <types1:PublishedContributionId>project:/rt.connector/SAP_S4HANA_Read_Company_Code_API_v1/SAP_S4HANA_Read_Company_Code_API_v1_svcDef.xml</types1:PublishedContributionId>
      <types1:AutosaveExists>false</types1:AutosaveExists>
      <types1:Entry>
         <businessConnector xmlns="http://schemas.informatica.com/socrates/data-services/2014/05/business-connector-model.xsd"
                            agentOnly="false"
                            debug="false"
                            displayName="SAP S4HANA Read Company Code API v1"
                            label=""
                            name="SAP_S4HANA_Read_Company_Code_API_v1"
                            uuid="93e80768-a03b-4f3a-861d-7e119001f4e0">
            <description>This service enables you to read company         code master data in an API call. It is         based on the OData protocol, and can be         consumed in Fiori apps and on other user         interfaces.</description>
            <tags/>
            <connectionAttributes xmlns="http://schemas.informatica.com/appmodules/screenflow/2014/04/avosConnectors.xsd">
               <connectionAttribute description="Host Name"
                                    masked="false"
                                    name="hostName"
                                    required="true"
                                    testWith="sandbox.api.sap.com"
                                    type="string"/>
               <connectionAttribute description="User Name"
                                    masked="false"
                                    name="username"
                                    required="true"
                                    testWith=""
                                    type="string"/>
               <connectionAttribute description="Password"
                                    masked="true"
                                    name="password"
                                    required="true"
                                    testWith=""
                                    type="string"/>
            </connectionAttributes>
            <actions>
               <action category="A_CompanyCode"
                       failOnError="true"
                       forSearch="false"
                       label="GET_A_CompanyCode"
                       maxRedirects="100"
                       name="GET_A_CompanyCode"
                       preemptiveAuth="true"
                       responseEncoding="">
                  <description>Get entities from A_CompanyCode</description>
                  <input>
                     <parameter description="Show only the first n items, see [OData Paging - Top](http://docs.oasis-open.org/odata/odata/v4.0/odata-v4.0-part1-protocol.html#_Toc445374630)"
                                label="$top"
                                name="$top"
                                required="false"
                                testWith=""
                                type="int"/>
                     <parameter description="Skip the first n items, see [OData Paging - Skip](http://docs.oasis-open.org/odata/odata/v4.0/odata-v4.0-part1-protocol.html#_Toc445374631)"
                                label="$skip"
                                name="$skip"
                                required="false"
                                testWith=""
                                type="int"/>
                     <parameter description="Filter items by property values, see [OData Filtering](http://docs.oasis-open.org/odata/odata/v4.0/odata-v4.0-part1-protocol.html#_Toc445374625)"
                                label="$filter"
                                name="$filter"
                                required="false"
                                testWith=""
                                type="string"/>
                     <parameter description="Include count of items, see [OData Count](http://www.odata.org/documentation/odata-version-2-0/uri-conventions/#InlinecountSystemQueryOption)"
                                label="$inlinecount"
                                name="$inlinecount"
                                required="false"
                                testWith=""
                                type="picklist">
                        <options>
                           <option name="values">[{"value":"allpages","label":"allpages"},{"value":"none","label":"none"}]</option>
                        </options>
                     </parameter>
                     <parameter description="Order items by property values, see [OData Sorting](http://docs.oasis-open.org/odata/odata/v4.0/odata-v4.0-part1-protocol.html#_Toc445374629)"
                                label="$orderby"
                                name="$orderby"
                                required="false"
                                testWith=""
                                type="picklist">
                        <options>
                           <option name="values">[{"value":"CompanyCode","label":"CompanyCode"},{"value":"CompanyCode desc","label":"CompanyCode desc"},{"value":"CompanyCodeName","label":"CompanyCodeName"},{"value":"CompanyCodeName desc","label":"CompanyCodeName desc"},{"value":"CityName","label":"CityName"},{"value":"CityName desc","label":"CityName desc"},{"value":"Country","label":"Country"},{"value":"Country desc","label":"Country desc"},{"value":"Currency","label":"Currency"},{"value":"Currency desc","label":"Currency desc"},{"value":"Language","label":"Language"},{"value":"Language desc","label":"Language desc"},{"value":"ChartOfAccounts","label":"ChartOfAccounts"},{"value":"ChartOfAccounts desc","label":"ChartOfAccounts desc"},{"value":"FiscalYearVariant","label":"FiscalYearVariant"},{"value":"FiscalYearVariant desc","label":"FiscalYearVariant desc"},{"value":"Company","label":"Company"},{"value":"Company desc","label":"Company desc"},{"value":"CreditControlArea","label":"CreditControlArea"},{"value":"CreditControlArea desc","label":"CreditControlArea desc"},{"value":"CountryChartOfAccounts","label":"CountryChartOfAccounts"},{"value":"CountryChartOfAccounts desc","label":"CountryChartOfAccounts desc"},{"value":"FinancialManagementArea","label":"FinancialManagementArea"},{"value":"FinancialManagementArea desc","label":"FinancialManagementArea desc"},{"value":"AddressID","label":"AddressID"},{"value":"AddressID desc","label":"AddressID desc"},{"value":"TaxableEntity","label":"TaxableEntity"},{"value":"TaxableEntity desc","label":"TaxableEntity desc"},{"value":"VATRegistration","label":"VATRegistration"},{"value":"VATRegistration desc","label":"VATRegistration desc"},{"value":"ExtendedWhldgTaxIsActive","label":"ExtendedWhldgTaxIsActive"},{"value":"ExtendedWhldgTaxIsActive desc","label":"ExtendedWhldgTaxIsActive desc"},{"value":"ControllingArea","label":"ControllingArea"},{"value":"ControllingArea desc","label":"ControllingArea desc"},{"value":"FieldStatusVariant","label":"FieldStatusVariant"},{"value":"FieldStatusVariant desc","label":"FieldStatusVariant desc"},{"value":"NonTaxableTransactionTaxCode","label":"NonTaxableTransactionTaxCode"},{"value":"NonTaxableTransactionTaxCode desc","label":"NonTaxableTransactionTaxCode desc"},{"value":"DocDateIsUsedForTaxDetn","label":"DocDateIsUsedForTaxDetn"},{"value":"DocDateIsUsedForTaxDetn desc","label":"DocDateIsUsedForTaxDetn desc"},{"value":"TaxRptgDateIsActive","label":"TaxRptgDateIsActive"},{"value":"TaxRptgDateIsActive desc","label":"TaxRptgDateIsActive desc"}]</option>
                        </options>
                     </parameter>
                     <parameter description="Select properties to be returned, see [OData Select](http://docs.oasis-open.org/odata/odata/v4.0/odata-v4.0-part1-protocol.html#_Toc445374620)"
                                label="$select"
                                name="$select"
                                required="false"
                                testWith=""
                                type="picklist">
                        <options>
                           <option name="values">[{"value":"CompanyCode","label":"CompanyCode"},{"value":"CompanyCodeName","label":"CompanyCodeName"},{"value":"CityName","label":"CityName"},{"value":"Country","label":"Country"},{"value":"Currency","label":"Currency"},{"value":"Language","label":"Language"},{"value":"ChartOfAccounts","label":"ChartOfAccounts"},{"value":"FiscalYearVariant","label":"FiscalYearVariant"},{"value":"Company","label":"Company"},{"value":"CreditControlArea","label":"CreditControlArea"},{"value":"CountryChartOfAccounts","label":"CountryChartOfAccounts"},{"value":"FinancialManagementArea","label":"FinancialManagementArea"},{"value":"AddressID","label":"AddressID"},{"value":"TaxableEntity","label":"TaxableEntity"},{"value":"VATRegistration","label":"VATRegistration"},{"value":"ExtendedWhldgTaxIsActive","label":"ExtendedWhldgTaxIsActive"},{"value":"ControllingArea","label":"ControllingArea"},{"value":"FieldStatusVariant","label":"FieldStatusVariant"},{"value":"NonTaxableTransactionTaxCode","label":"NonTaxableTransactionTaxCode"},{"value":"DocDateIsUsedForTaxDetn","label":"DocDateIsUsedForTaxDetn"},{"value":"TaxRptgDateIsActive","label":"TaxRptgDateIsActive"}]</option>
                        </options>
                     </parameter>
                  </input>
                  <binding>
                     <restSimpleBinding multiUsing="semicolonSeparated"
                                        url="https://{$hostName}/s4hanacloud/sap/opu/odata/sap/API_COMPANYCODE_SRV/A_CompanyCode"
                                        verb="GET">
                        <authentication>
                           <username>{$username}</username>
                           <password>{$password}</password>
                           <isExpressionInPassword>true</isExpressionInPassword>
                        </authentication>
                        <httpHeaders>
                           <header name="Content-Type">application/json</header>
                           <header name="Accept">application/json</header>
                        </httpHeaders>
                     </restSimpleBinding>
                  </binding>
                  <output>
                     <field description="Retrieved entities"
                            entireResponse="true"
                            name="entireResponse"
                            type="object"/>
                  </output>
               </action>
               <action category="A_CompanyCode"
                       failOnError="true"
                       forSearch="false"
                       label="GET_A_CompanyCode_CompanyCode_"
                       maxRedirects="100"
                       name="GET_A_CompanyCode_CompanyCode_"
                       preemptiveAuth="true"
                       responseEncoding="">
                  <description>Get entity from A_CompanyCode by key</description>
                  <input>
                     <parameter description="The company code is an organizational unit within financial accounting."
                                label="CompanyCodePathParam"
                                name="CompanyCodePathParam"
                                nogen="true"
                                required="true"
                                testWith=""
                                type="string"/>
                     <parameter description="Select properties to be returned, see [OData Select](http://docs.oasis-open.org/odata/odata/v4.0/odata-v4.0-part1-protocol.html#_Toc445374620)"
                                label="$select"
                                name="$select"
                                required="false"
                                testWith=""
                                type="picklist">
                        <options>
                           <option name="values">[{"value":"CompanyCode","label":"CompanyCode"},{"value":"CompanyCodeName","label":"CompanyCodeName"},{"value":"CityName","label":"CityName"},{"value":"Country","label":"Country"},{"value":"Currency","label":"Currency"},{"value":"Language","label":"Language"},{"value":"ChartOfAccounts","label":"ChartOfAccounts"},{"value":"FiscalYearVariant","label":"FiscalYearVariant"},{"value":"Company","label":"Company"},{"value":"CreditControlArea","label":"CreditControlArea"},{"value":"CountryChartOfAccounts","label":"CountryChartOfAccounts"},{"value":"FinancialManagementArea","label":"FinancialManagementArea"},{"value":"AddressID","label":"AddressID"},{"value":"TaxableEntity","label":"TaxableEntity"},{"value":"VATRegistration","label":"VATRegistration"},{"value":"ExtendedWhldgTaxIsActive","label":"ExtendedWhldgTaxIsActive"},{"value":"ControllingArea","label":"ControllingArea"},{"value":"FieldStatusVariant","label":"FieldStatusVariant"},{"value":"NonTaxableTransactionTaxCode","label":"NonTaxableTransactionTaxCode"},{"value":"DocDateIsUsedForTaxDetn","label":"DocDateIsUsedForTaxDetn"},{"value":"TaxRptgDateIsActive","label":"TaxRptgDateIsActive"}]</option>
                        </options>
                     </parameter>
                  </input>
                  <binding>
                     <restSimpleBinding multiUsing="semicolonSeparated"
                                        url="https://{$hostName}/s4hanacloud/sap/opu/odata/sap/API_COMPANYCODE_SRV/A_CompanyCode('{$CompanyCodePathParam}')"
                                        verb="GET">
                        <authentication>
                           <username>{$username}</username>
                           <password>{$password}</password>
                           <isExpressionInPassword>true</isExpressionInPassword>
                        </authentication>
                        <httpHeaders>
                           <header name="Content-Type">application/json</header>
                           <header name="Accept">application/json</header>
                        </httpHeaders>
                     </restSimpleBinding>
                  </binding>
                  <output>
                     <field description="Retrieved entity"
                            entireResponse="true"
                            name="entireResponse"
                            type="object"/>
                  </output>
               </action>
            </actions>
            <objects>
               <processObject xmlns="http://schemas.active-endpoints.com/appmodules/screenflow/2011/06/avosHostEnvironment.xsd"
                              isByCopy="true"
                              name="odata_error_main">
                  <description/>
                  <detail>
                     <field name="code" type="string"/>
                     <field name="innererror" type="object"/>
                     <field name="message" type="reference">
                        <options>
                           <option name="referenceTo">odata_error_message</option>
                           <option name="relationshipName">Child</option>
                        </options>
                     </field>
                  </detail>
               </processObject>
               <processObject xmlns="http://schemas.active-endpoints.com/appmodules/screenflow/2011/06/avosHostEnvironment.xsd"
                              isByCopy="true"
                              name="odata_error">
                  <description/>
                  <detail>
                     <field name="error" type="reference">
                        <options>
                           <option name="referenceTo">odata_error_main</option>
                           <option name="relationshipName">Child</option>
                        </options>
                     </field>
                  </detail>
               </processObject>
               <processObject xmlns="http://schemas.active-endpoints.com/appmodules/screenflow/2011/06/avosHostEnvironment.xsd"
                              isByCopy="true"
                              name="odata_error_message">
                  <description/>
                  <detail>
                     <field name="lang" type="string"/>
                     <field name="value" type="string"/>
                  </detail>
               </processObject>
               <processObject xmlns="http://schemas.active-endpoints.com/appmodules/screenflow/2011/06/avosHostEnvironment.xsd"
                              isByCopy="true"
                              name="API_COMPANYCODE_SRV_A_CompanyCodeType">
                  <description>API Company Code</description>
                  <detail>
                     <field name="ExtendedWhldgTaxIsActive" type="boolean"/>
                     <field name="Company" type="string"/>
                     <field name="FieldStatusVariant" type="string"/>
                     <field name="TaxRptgDateIsActive" type="boolean"/>
                     <field name="DocDateIsUsedForTaxDetn" type="boolean"/>
                     <field name="CityName" type="string"/>
                     <field name="CreditControlArea" type="string"/>
                     <field name="FinancialManagementArea" type="string"/>
                     <field name="VATRegistration" type="string"/>
                     <field name="FiscalYearVariant" type="string"/>
                     <field name="Language" type="string"/>
                     <field name="ChartOfAccounts" type="string"/>
                     <field name="CompanyCodeName" type="string"/>
                     <field name="Currency" type="string"/>
                     <field name="TaxableEntity" type="string"/>
                     <field name="NonTaxableTransactionTaxCode" type="string"/>
                     <field name="Country" type="string"/>
                     <field name="CountryChartOfAccounts" type="string"/>
                     <field name="AddressID" type="string"/>
                     <field name="CompanyCode" type="string"/>
                     <field name="ControllingArea" type="string"/>
                  </detail>
               </processObject>
               <processObject xmlns="http://schemas.active-endpoints.com/appmodules/screenflow/2011/06/avosHostEnvironment.xsd"
                              isByCopy="true"
                              name="string">
                  <description/>
                  <detail>
                     <field name="string" type="string"/>
                  </detail>
               </processObject>
               <processObject xmlns="http://schemas.active-endpoints.com/appmodules/screenflow/2011/06/avosHostEnvironment.xsd"
                              isByCopy="true"
                              name="boolean">
                  <description/>
                  <detail>
                     <field name="boolean" type="boolean"/>
                  </detail>
               </processObject>
               <processObject xmlns="http://schemas.active-endpoints.com/appmodules/screenflow/2011/06/avosHostEnvironment.xsd"
                              isByCopy="true"
                              name="double">
                  <description/>
                  <detail>
                     <field name="double" type="double"/>
                  </detail>
               </processObject>
               <processObject xmlns="http://schemas.active-endpoints.com/appmodules/screenflow/2011/06/avosHostEnvironment.xsd"
                              isByCopy="true"
                              name="integer">
                  <description/>
                  <detail>
                     <field name="integer" type="int"/>
                  </detail>
               </processObject>
               <processObject xmlns="http://schemas.active-endpoints.com/appmodules/screenflow/2011/06/avosHostEnvironment.xsd"
                              isByCopy="true"
                              name="error">
                  <description>Error</description>
                  <detail/>
               </processObject>
            </objects>
         </businessConnector>
      </types1:Entry>
      <types1:GUID>5T7lw9w9CzYl0xt2ehHKAz</types1:GUID>
      <types1:DisplayName>SAP S4HANA Read Company Code API v1</types1:DisplayName>
   </types1:Item>
   <types1:CurrentServerDateTime>2019-11-15T05:54:07.003Z</types1:CurrentServerDateTime>
</aetgt:getResponse>
