<aetgt:getResponse xmlns:aetgt="http://schemas.active-endpoints.com/appmodules/repository/2010/10/avrepository.xsd"
                   xmlns:types1="http://schemas.active-endpoints.com/appmodules/repository/2010/10/avrepository.xsd">
   <types1:Item>
      <types1:EntryId>xsUf2hwq9bdsreK-gt-1416277-2019-01-23T09:14:26.378Z::svc.xml</types1:EntryId>
      <types1:Name>Concur_Allocations_API_v3</types1:Name>
      <types1:MimeType>application/xml+businesssconnector</types1:MimeType>
      <types1:Description>Allocations divide the responsibility for an expense. Allocation entries consist of a percentage of the original expense, and the configured custom fields. Allocation entries are children of the expense entry. This API provides methods to view all allocations for a user or report, or view an allocation by ID.</types1:Description>
      <types1:AppliesTo/>
      <types1:Tags/>
      <types1:VersionLabel>1.0</types1:VersionLabel>
      <types1:State>CURRENT</types1:State>
      <types1:ProcessGroup/>
      <types1:CreatedBy>sorabh@na1.dm-us.org</types1:CreatedBy>
      <types1:CreationDate>2019-01-23T09:14:26Z</types1:CreationDate>
      <types1:ModifiedBy/>
      <types1:PublicationStatus>published</types1:PublicationStatus>
      <types1:PublishedBy>sorabh@na1.dm-us.org</types1:PublishedBy>
      <types1:PublicationDate>2019-01-23T09:14:28Z</types1:PublicationDate>
      <types1:PublishedContributionId>project:/rt.connector/Concur_Allocations_API_v3/Concur_Allocations_API_v3_svcDef.xml</types1:PublishedContributionId>
      <types1:AutosaveExists>false</types1:AutosaveExists>
      <types1:Entry>
         <businessConnector xmlns="http://schemas.informatica.com/socrates/data-services/2014/05/business-connector-model.xsd"
                            agentOnly="false"
                            debug="false"
                            displayName="Concur Allocations API v3"
                            label=""
                            name="Concur_Allocations_API_v3"
                            uuid="ec76ec8d-648d-4f7a-95f6-3187917f6cad">
            <description>Allocations divide the responsibility for an expense. Allocation entries consist of a percentage of the original expense, and the configured custom fields. Allocation entries are children of the expense entry. This API provides methods to view all allocations for a user or report, or view an allocation by ID.</description>
            <tags/>
            <connectionAttributes xmlns="http://schemas.informatica.com/appmodules/screenflow/2014/04/avosConnectors.xsd">
               <connectionAttribute description="Host Name"
                                    masked="false"
                                    name="hostName"
                                    required="true"
                                    testWith="www.concursolutions.com"
                                    type="string"/>
            </connectionAttributes>
            <actions>
               <action category="Resources"
                       failOnError="true"
                       forSearch="false"
                       label="GET_expense_allocations"
                       maxRedirects="100"
                       name="GET_expense_allocations"
                       preemptiveAuth="true"
                       responseEncoding="">
                  <description>Get all allocations per entry or report. Gets all allocations per entry or report.</description>
                  <input>
                     <parameter description="The number of records to return. The default is 25 and the maximum is 100."
                                label="limit"
                                name="limit"
                                required="false"
                                testWith=""
                                type="int"/>
                     <parameter description="The starting point of the next set of results, after the limit specified in the limit field has been reached."
                                label="offset"
                                name="offset"
                                required="false"
                                testWith=""
                                type="string"/>
                     <parameter description="The unique identifier for the report as it appears in the Concur Expense UI. Format: A variable-length string. Maximum length: 32 characters."
                                label="reportID"
                                name="reportID"
                                required="false"
                                testWith=""
                                type="string"/>
                     <parameter description="The unique identifier for the expense entry."
                                label="entryID"
                                name="entryID"
                                required="false"
                                testWith=""
                                type="string"/>
                     <parameter description="The unique identifier for the expense itemization."
                                label="itemizationID"
                                name="itemizationID"
                                required="false"
                                testWith=""
                                type="string"/>
                     <parameter description="The login ID of the user who owns the allocation. The user must have the Web Services Admin role to use this parameter."
                                label="user"
                                name="user"
                                required="false"
                                testWith=""
                                type="string"/>
                  </input>
                  <binding>
                     <restSimpleBinding multiUsing="semicolonSeparated"
                                        url="https://{$hostName}/api/v3.0/expense/allocations"
                                        verb="GET">
                        <httpHeaders>
                           <header name="Content-Type">application/json</header>
                           <header name="Accept">application/json</header>
                        </httpHeaders>
                     </restSimpleBinding>
                  </binding>
                  <output>
                     <field description="Success"
                            entireResponse="true"
                            name="AllocationCollection"
                            type="reference">
                        <options>
                           <option name="referenceTo">AllocationCollection</option>
                        </options>
                     </field>
                  </output>
               </action>
               <action category="Resources"
                       failOnError="true"
                       forSearch="false"
                       label="GET_expense_allocations_id_"
                       maxRedirects="100"
                       name="GET_expense_allocations_id_"
                       preemptiveAuth="true"
                       responseEncoding="">
                  <description>Get a single allocation by ID. Gets a single allocation by ID.</description>
                  <input>
                     <parameter description="The unique identifier for the allocation."
                                label="idPathParam"
                                name="idPathParam"
                                nogen="true"
                                required="true"
                                testWith=""
                                type="string"/>
                     <parameter description="The login ID of the user who owns the allocation. The user must have the Web Services Admin role to use this parameter."
                                label="user"
                                name="user"
                                required="false"
                                testWith=""
                                type="string"/>
                  </input>
                  <binding>
                     <restSimpleBinding multiUsing="semicolonSeparated"
                                        url="https://{$hostName}/api/v3.0/expense/allocations/{$idPathParam}"
                                        verb="GET">
                        <httpHeaders>
                           <header name="Content-Type">application/json</header>
                           <header name="Accept">application/json</header>
                        </httpHeaders>
                     </restSimpleBinding>
                  </binding>
                  <output>
                     <field description="Success"
                            entireResponse="true"
                            name="AllocationGet"
                            type="reference">
                        <options>
                           <option name="referenceTo">AllocationGet</option>
                        </options>
                     </field>
                  </output>
               </action>
            </actions>
            <objects>
               <processObject xmlns="http://schemas.active-endpoints.com/appmodules/screenflow/2011/06/avosHostEnvironment.xsd"
                              isByCopy="true"
                              name="AllocationGet">
                  <description/>
                  <detail>
                     <field name="Custom19" type="reference">
                        <options>
                           <option name="referenceTo">CustomFieldExtension</option>
                           <option name="relationshipName">Child</option>
                        </options>
                     </field>
                     <field name="Custom18" type="reference">
                        <options>
                           <option name="referenceTo">CustomFieldExtension</option>
                           <option name="relationshipName">Child</option>
                        </options>
                     </field>
                     <field name="Custom13" type="reference">
                        <options>
                           <option name="referenceTo">CustomFieldExtension</option>
                           <option name="relationshipName">Child</option>
                        </options>
                     </field>
                     <field name="Custom12" type="reference">
                        <options>
                           <option name="referenceTo">CustomFieldExtension</option>
                           <option name="relationshipName">Child</option>
                        </options>
                     </field>
                     <field name="Custom11" type="reference">
                        <options>
                           <option name="referenceTo">CustomFieldExtension</option>
                           <option name="relationshipName">Child</option>
                        </options>
                     </field>
                     <field name="Custom10" type="reference">
                        <options>
                           <option name="referenceTo">CustomFieldExtension</option>
                           <option name="relationshipName">Child</option>
                        </options>
                     </field>
                     <field name="Custom17" type="reference">
                        <options>
                           <option name="referenceTo">CustomFieldExtension</option>
                           <option name="relationshipName">Child</option>
                        </options>
                     </field>
                     <field name="Custom16" type="reference">
                        <options>
                           <option name="referenceTo">CustomFieldExtension</option>
                           <option name="relationshipName">Child</option>
                        </options>
                     </field>
                     <field name="URI" type="string"/>
                     <field name="Custom15" type="reference">
                        <options>
                           <option name="referenceTo">CustomFieldExtension</option>
                           <option name="relationshipName">Child</option>
                        </options>
                     </field>
                     <field name="Custom14" type="reference">
                        <options>
                           <option name="referenceTo">CustomFieldExtension</option>
                           <option name="relationshipName">Child</option>
                        </options>
                     </field>
                     <field name="AccountCode2" type="string"/>
                     <field name="IsPercentEdited" type="boolean"/>
                     <field name="AccountCode1" type="string"/>
                     <field name="ID" type="string"/>
                     <field name="IsHidden" type="boolean"/>
                     <field name="Percentage" type="string"/>
                     <field name="Custom4" type="reference">
                        <options>
                           <option name="referenceTo">CustomFieldExtension</option>
                           <option name="relationshipName">Child</option>
                        </options>
                     </field>
                     <field name="Custom3" type="reference">
                        <options>
                           <option name="referenceTo">CustomFieldExtension</option>
                           <option name="relationshipName">Child</option>
                        </options>
                     </field>
                     <field name="Custom2" type="reference">
                        <options>
                           <option name="referenceTo">CustomFieldExtension</option>
                           <option name="relationshipName">Child</option>
                        </options>
                     </field>
                     <field name="Custom1" type="reference">
                        <options>
                           <option name="referenceTo">CustomFieldExtension</option>
                           <option name="relationshipName">Child</option>
                        </options>
                     </field>
                     <field name="Custom20" type="reference">
                        <options>
                           <option name="referenceTo">CustomFieldExtension</option>
                           <option name="relationshipName">Child</option>
                        </options>
                     </field>
                     <field name="Custom8" type="reference">
                        <options>
                           <option name="referenceTo">CustomFieldExtension</option>
                           <option name="relationshipName">Child</option>
                        </options>
                     </field>
                     <field name="Custom7" type="reference">
                        <options>
                           <option name="referenceTo">CustomFieldExtension</option>
                           <option name="relationshipName">Child</option>
                        </options>
                     </field>
                     <field name="Custom6" type="reference">
                        <options>
                           <option name="referenceTo">CustomFieldExtension</option>
                           <option name="relationshipName">Child</option>
                        </options>
                     </field>
                     <field name="EntryID" type="string"/>
                     <field name="Custom5" type="reference">
                        <options>
                           <option name="referenceTo">CustomFieldExtension</option>
                           <option name="relationshipName">Child</option>
                        </options>
                     </field>
                     <field name="Custom9" type="reference">
                        <options>
                           <option name="referenceTo">CustomFieldExtension</option>
                           <option name="relationshipName">Child</option>
                        </options>
                     </field>
                  </detail>
               </processObject>
               <processObject xmlns="http://schemas.active-endpoints.com/appmodules/screenflow/2011/06/avosHostEnvironment.xsd"
                              isByCopy="true"
                              name="AllocationCollection">
                  <description/>
                  <detail>
                     <field name="Items" type="reference">
                        <options>
                           <option name="referenceTo">AllocationGet</option>
                           <option name="relationshipName">Child</option>
                        </options>
                     </field>
                     <field name="NextPage" type="string"/>
                  </detail>
               </processObject>
               <processObject xmlns="http://schemas.active-endpoints.com/appmodules/screenflow/2011/06/avosHostEnvironment.xsd"
                              isByCopy="true"
                              name="CustomFieldExtension">
                  <description/>
                  <detail>
                     <field name="ListItemID" type="string"/>
                     <field name="Type" type="string"/>
                     <field name="Label" type="string"/>
                     <field name="Value" type="string"/>
                     <field name="Sequence" type="int"/>
                     <field name="Code" type="string"/>
                  </detail>
               </processObject>
               <processObject xmlns="http://schemas.active-endpoints.com/appmodules/screenflow/2011/06/avosHostEnvironment.xsd"
                              isByCopy="true"
                              name="string">
                  <description/>
                  <detail>
                     <field name="string" type="string"/>
                  </detail>
               </processObject>
               <processObject xmlns="http://schemas.active-endpoints.com/appmodules/screenflow/2011/06/avosHostEnvironment.xsd"
                              isByCopy="true"
                              name="boolean">
                  <description/>
                  <detail>
                     <field name="boolean" type="boolean"/>
                  </detail>
               </processObject>
               <processObject xmlns="http://schemas.active-endpoints.com/appmodules/screenflow/2011/06/avosHostEnvironment.xsd"
                              isByCopy="true"
                              name="double">
                  <description/>
                  <detail>
                     <field name="double" type="double"/>
                  </detail>
               </processObject>
               <processObject xmlns="http://schemas.active-endpoints.com/appmodules/screenflow/2011/06/avosHostEnvironment.xsd"
                              isByCopy="true"
                              name="integer">
                  <description/>
                  <detail>
                     <field name="integer" type="int"/>
                  </detail>
               </processObject>
            </objects>
         </businessConnector>
      </types1:Entry>
      <types1:GUID>6HE9wUlWY4ne3DTTTX7Xq8</types1:GUID>
      <types1:DisplayName>Concur Allocations API v3</types1:DisplayName>
   </types1:Item>
   <types1:CurrentServerDateTime>2019-02-22T09:42:48.138Z</types1:CurrentServerDateTime>
</aetgt:getResponse>
