{
   "exportedObjects": [
      {
         "objectGuid": "almpU5d486xjg3tXw87BET",
         "objectName": "Shared assets",
         "objectType": "Project",
         "path": "/Explore",
         "metadata": {
            "additionalInfo": {
               "contentType": "Binary",
               "description": "This Project contains shared assets",
               "documentState": "COMPLETE"
            },
            "contextAttributes": [],
            "modelVersion": {
               "major": 0,
               "minor": 0
            },
            "objectRefs": [],
            "repoInfo": null
         }
      },
      {
         "objectGuid": "00m3cKr9AGOjGY55vZSASH",
         "objectName": "Service Connectors",
         "objectType": "Folder",
         "path": "/Explore/Shared assets",
         "metadata": {
            "additionalInfo": {
               "contentType": "Binary",
               "description": "",
               "documentState": "COMPLETE"
            },
            "contextAttributes": [],
            "modelVersion": {
               "major": 0,
               "minor": 0
            },
            "objectRefs": [],
            "repoInfo": null
         }
      },
      {
         "objectGuid": "9cq4exGSVxllwPUBGKKRAU",
         "objectName": "Oracle Cloud Infrastructure Compute StorageSnapshots API v18-1-2",
         "objectType": "AI_SERVICE_CONNECTOR",
         "path": "/Explore/Shared assets/Service Connectors",
         "metadata": {
            "additionalInfo": {
               "contentType": "application/json; charset=utf-8",
               "description": "Creating a snapshot of a storage volume enables you to capture all the data stored on the storage volume. You can retain snapshots as a backup, or use them to create new, identical storage volumes.\u003cp\u003eIf you take multiple snapshots of a storage volume, each snapshot captures all the data stored on the storage volume. You can create either colocated or remote storage volume snapshots.\u003cp\u003e\u003cul\u003e\u003cli\u003e\u003cb\u003eColocated snapshots:\u003c/b\u003e Snapshots are stored in the same physical location as the original storage volume and each snapshot uses the same amount of storage as the original volume. Colocated snapshots and volumes from colocated snapshots can be created very quickly. Colocated snapshots are useful for quickly restoring storage volumes within a site. However, you can't restore volumes across sites using colocated snapshots.\u003c/li\u003e\u003cli\u003e\u003cb\u003eRemote snapshots:\u003c/b\u003e Snapshots aren't stored in the same location as the original storage volume. Instead, they are reduced and stored in the associated Oracle Cloud Infrastructure Object Storage Classic instance. Remote snapshots are useful if your domain spans multiple sites. With remote snapshots, you can create a snapshot in one site, then switch to another site and create a copy of the storage volume on that site. However, creating a remote snapshot and restoring a storage volume from a remote snapshot can take quite a long time depending on the size of the storage volume, as data is written to and from the Oracle Cloud Infrastructure Object Storage Classic instance.\u003c/li\u003e\u003c/ul\u003e",
               "documentState": "VALID"
            },
            "contextAttributes": null,
            "modelVersion": {
               "major": 1,
               "minor": 0
            },
            "objectRefs": [],
            "repoInfo": {
               "repoHandle": "Jyaaaaa-gt-1682011-2019-02-12T01:15:23.569Z::svc.xml"
            }
         }
      }
   ]
}