<aetgt:getResponse xmlns:aetgt="http://schemas.active-endpoints.com/appmodules/repository/2010/10/avrepository.xsd"
                   xmlns:types1="http://schemas.active-endpoints.com/appmodules/repository/2010/10/avrepository.xsd">
   <types1:Item>
      <types1:EntryId>giUhuCMLkZlkZ2s-gt-5666983-2019-02-22T03:45:54.106Z::svc.xml</types1:EntryId>
      <types1:Name>Oracle_Eloqua_Marketing_Cloud_Service_Form_data_API_v2</types1:Name>
      <types1:MimeType>application/xml+businesssconnector</types1:MimeType>
      <types1:Description>Learning about your prospects and contacts can be accomplished in a few different ways, the primary method, however, is by placing a form on a landing page that is reached by a click-through link in a marketing email. In this fashion, your contacts can provide varying degrees of personal information that you can then use in customizing future communications. &lt;a href='https://docs.oracle.com/cloud/latest/marketingcs_gs/OMCAA/index.html#CSHID=Forms'&gt;Learn more about Forms&lt;/a&gt;.&#xD;
&#xD;
Creating and updating landing pages with the type &lt;code&gt;ResponsiveHtmlContent&lt;/code&gt; is not supported. If you use these endpoints with this landing page type, we cannot guarantee your landing page will be responsive.</types1:Description>
      <types1:AppliesTo/>
      <types1:Tags/>
      <types1:VersionLabel>1.0</types1:VersionLabel>
      <types1:State>CURRENT</types1:State>
      <types1:ProcessGroup/>
      <types1:CreatedBy>sorabh@na1.dm-us.org</types1:CreatedBy>
      <types1:CreationDate>2019-02-22T03:45:54Z</types1:CreationDate>
      <types1:ModifiedBy/>
      <types1:PublicationStatus>published</types1:PublicationStatus>
      <types1:PublishedBy>sorabh@na1.dm-us.org</types1:PublishedBy>
      <types1:PublicationDate>2019-02-22T03:46:00Z</types1:PublicationDate>
      <types1:PublishedContributionId>project:/rt.connector/Oracle_Eloqua_Marketing_Cloud_Service_Form_data_API_v2/Oracle_Eloqua_Marketing_Cloud_Service_Form_data_API_v2_svcDef.xml</types1:PublishedContributionId>
      <types1:AutosaveExists>false</types1:AutosaveExists>
      <types1:Entry>
         <businessConnector xmlns="http://schemas.informatica.com/socrates/data-services/2014/05/business-connector-model.xsd"
                            agentOnly="false"
                            debug="false"
                            displayName="Oracle Eloqua Marketing Cloud Service Form data API v2"
                            label=""
                            name="Oracle_Eloqua_Marketing_Cloud_Service_Form_data_API_v2"
                            uuid="4b029dbf-1712-4812-874e-e5dca9cbb39e">
            <description>Learning about your prospects and contacts can be accomplished in a few different ways, the primary method, however, is by placing a form on a landing page that is reached by a click-through link in a marketing email. In this fashion, your contacts can provide varying degrees of personal information that you can then use in customizing future communications. &lt;a href='https://docs.oracle.com/cloud/latest/marketingcs_gs/OMCAA/index.html#CSHID=Forms'&gt;Learn more about Forms&lt;/a&gt;.&#xD;
&#xD;
Creating and updating landing pages with the type &lt;code&gt;ResponsiveHtmlContent&lt;/code&gt; is not supported. If you use these endpoints with this landing page type, we cannot guarantee your landing page will be responsive.</description>
            <tags/>
            <connectionAttributes xmlns="http://schemas.informatica.com/appmodules/screenflow/2014/04/avosConnectors.xsd">
               <connectionAttribute description="Host Name"
                                    masked="false"
                                    name="hostName"
                                    required="true"
                                    testWith="apicatalog.oraclecloud.com"
                                    type="string"/>
            </connectionAttributes>
            <actions>
               <action category=""
                       failOnError="true"
                       forSearch="false"
                       label="DeleteIndividualDELETERest20"
                       maxRedirects="100"
                       name="DeleteIndividualDELETERest20"
                       preemptiveAuth="true"
                       responseEncoding="">
                  <description>Delete the data of a form. Delete the form data of the form specified by the &lt;code&gt;id&lt;/code&gt; parameter and row specified by the &lt;code&gt;rowId&lt;/code&gt; parameter.</description>
                  <input>
                     <parameter description="Id of the form."
                                label="idPathParam"
                                name="idPathParam"
                                nogen="true"
                                required="true"
                                testWith=""
                                type="int"/>
                     <parameter description="Id of the form data."
                                label="rowIdPathParam"
                                name="rowIdPathParam"
                                nogen="true"
                                required="true"
                                testWith=""
                                type="int"/>
                  </input>
                  <binding>
                     <restSimpleBinding multiUsing="semicolonSeparated"
                                        url="https://{$hostName}/api/REST/2.0/data/form/{$idPathParam}/datarow/{$rowIdPathParam}"
                                        verb="DELETE">
                        <httpHeaders>
                           <header name="Content-Type">application/json</header>
                           <header name="Accept">application/json</header>
                        </httpHeaders>
                     </restSimpleBinding>
                  </binding>
                  <output/>
               </action>
               <action category=""
                       failOnError="true"
                       forSearch="false"
                       label="CreateIndividualPOSTRest20"
                       maxRedirects="100"
                       name="CreateIndividualPOSTRest20"
                       preemptiveAuth="true"
                       responseEncoding="">
                  <description>Create form data for a single form. Creates form data for the form that matches the criteria specified by the request body.</description>
                  <input>
                     <parameter description="The request body defines the details of the form data to be created."
                                label="message"
                                name="message"
                                required="true"
                                testWith=""
                                type="reference">
                        <options>
                           <option name="referenceTo">FormDataRest20</option>
                        </options>
                     </parameter>
                     <parameter description="Id of the form."
                                label="idPathParam"
                                name="idPathParam"
                                nogen="true"
                                required="true"
                                testWith=""
                                type="int"/>
                  </input>
                  <binding>
                     <restSimpleBinding multiUsing="semicolonSeparated"
                                        url="https://{$hostName}/api/REST/2.0/data/form/{$idPathParam}"
                                        verb="POST">
                        <httpHeaders>
                           <header name="Content-Type">application/json</header>
                           <header name="Accept">application/json</header>
                        </httpHeaders>
                        <body generateUsing="UnwrappedJSON" preserveJsonStringFormatting="false"/>
                     </restSimpleBinding>
                  </binding>
                  <output/>
               </action>
               <action category=""
                       failOnError="true"
                       forSearch="false"
                       label="SearchGETRest20"
                       maxRedirects="100"
                       name="SearchGETRest20"
                       preemptiveAuth="true"
                       responseEncoding="">
                  <description>Retrieve form data for a single form. Retrieves the form data for the form specified by the &lt;code&gt;id&lt;/code&gt; parameter.</description>
                  <input>
                     <parameter description="Id of the form."
                                label="idPathParam"
                                name="idPathParam"
                                nogen="true"
                                required="true"
                                testWith=""
                                type="int"/>
                     <parameter description="Maximum number of entities to return. Must be less than or equal to 1000 and greater than or equal to 1."
                                label="count"
                                name="count"
                                required="false"
                                testWith=""
                                type="int"/>
                     <parameter description="Specifies which page of entities to return (the count parameter defines the number of entities per page). If the page parameter is not supplied, 1 will be used by default."
                                label="page"
                                name="page"
                                required="false"
                                testWith=""
                                type="int"/>
                     <parameter description="The earliest date time for which the request will retrieve data, expressed in Unix time."
                                label="startAt"
                                name="startAt"
                                required="false"
                                testWith=""
                                type="int"/>
                     <parameter description="The latest date time for which the request will retrieve data, expressed in Unix time."
                                label="endAt"
                                name="endAt"
                                required="false"
                                testWith=""
                                type="int"/>
                  </input>
                  <binding>
                     <restSimpleBinding multiUsing="semicolonSeparated"
                                        url="https://{$hostName}/api/REST/2.0/data/form/{$idPathParam}"
                                        verb="GET">
                        <httpHeaders>
                           <header name="Content-Type">application/json</header>
                           <header name="Accept">application/json</header>
                        </httpHeaders>
                     </restSimpleBinding>
                  </binding>
                  <output>
                     <field description="OK."
                            entireResponse="true"
                            name="QueryResultFormSubmissionRest20"
                            type="reference">
                        <options>
                           <option name="referenceTo">QueryResultFormSubmissionRest20</option>
                        </options>
                     </field>
                  </output>
               </action>
            </actions>
            <objects>
               <processObject xmlns="http://schemas.active-endpoints.com/appmodules/screenflow/2011/06/avosHostEnvironment.xsd"
                              isByCopy="true"
                              name="FormDataRest20">
                  <description/>
                  <detail>
                     <field name="currentStatus" type="string"/>
                     <field name="submittedByContactId" type="string"/>
                     <field name="fieldValues" type="objectlist">
                        <options>
                           <option name="referenceTo">FieldValueRest20</option>
                           <option name="relationshipName">Child</option>
                        </options>
                     </field>
                     <field name="id" type="string"/>
                     <field name="processingStepErrors" type="objectlist">
                        <options>
                           <option name="referenceTo">ProcessingStepErrorRest20</option>
                           <option name="relationshipName">Child</option>
                        </options>
                     </field>
                     <field name="type" type="string"/>
                     <field name="submittedAt" type="string"/>
                  </detail>
               </processObject>
               <processObject xmlns="http://schemas.active-endpoints.com/appmodules/screenflow/2011/06/avosHostEnvironment.xsd"
                              isByCopy="true"
                              name="FieldValueRest20">
                  <description/>
                  <detail>
                     <field name="name" type="string"/>
                     <field name="id" type="string"/>
                     <field name="type" type="string"/>
                     <field name="value" type="string"/>
                  </detail>
               </processObject>
               <processObject xmlns="http://schemas.active-endpoints.com/appmodules/screenflow/2011/06/avosHostEnvironment.xsd"
                              isByCopy="true"
                              name="QueryResultFormSubmissionRest20">
                  <description/>
                  <detail>
                     <field name="total" type="int"/>
                     <field name="elements" type="objectlist">
                        <options>
                           <option name="referenceTo">FormDataRest20</option>
                           <option name="relationshipName">Child</option>
                        </options>
                     </field>
                     <field name="pageSize" type="int"/>
                     <field name="page" type="int"/>
                     <field name="type" type="string"/>
                  </detail>
               </processObject>
               <processObject xmlns="http://schemas.active-endpoints.com/appmodules/screenflow/2011/06/avosHostEnvironment.xsd"
                              isByCopy="true"
                              name="ProcessingStepErrorRest20">
                  <description/>
                  <detail>
                     <field name="errorDescription" type="string"/>
                     <field name="errorMessage" type="string"/>
                     <field name="processingStepDisplayName" type="string"/>
                     <field name="errorCode" type="int"/>
                     <field name="type" type="string"/>
                     <field name="processingStepId" type="string"/>
                     <field name="processingStepTypeId" type="string"/>
                  </detail>
               </processObject>
               <processObject xmlns="http://schemas.active-endpoints.com/appmodules/screenflow/2011/06/avosHostEnvironment.xsd"
                              isByCopy="true"
                              name="string">
                  <description/>
                  <detail>
                     <field name="string" type="string"/>
                  </detail>
               </processObject>
               <processObject xmlns="http://schemas.active-endpoints.com/appmodules/screenflow/2011/06/avosHostEnvironment.xsd"
                              isByCopy="true"
                              name="boolean">
                  <description/>
                  <detail>
                     <field name="boolean" type="boolean"/>
                  </detail>
               </processObject>
               <processObject xmlns="http://schemas.active-endpoints.com/appmodules/screenflow/2011/06/avosHostEnvironment.xsd"
                              isByCopy="true"
                              name="double">
                  <description/>
                  <detail>
                     <field name="double" type="double"/>
                  </detail>
               </processObject>
               <processObject xmlns="http://schemas.active-endpoints.com/appmodules/screenflow/2011/06/avosHostEnvironment.xsd"
                              isByCopy="true"
                              name="integer">
                  <description/>
                  <detail>
                     <field name="integer" type="int"/>
                  </detail>
               </processObject>
            </objects>
         </businessConnector>
      </types1:Entry>
      <types1:GUID>17Mm2MyQHKtgyeK0ZHPOad</types1:GUID>
      <types1:DisplayName>Oracle Eloqua Marketing Cloud Service Form data API v2</types1:DisplayName>
   </types1:Item>
   <types1:CurrentServerDateTime>2019-02-22T04:01:44.088Z</types1:CurrentServerDateTime>
</aetgt:getResponse>
