<aetgt:getResponse xmlns:aetgt="http://schemas.active-endpoints.com/appmodules/repository/2010/10/avrepository.xsd"
                   xmlns:types1="http://schemas.active-endpoints.com/appmodules/repository/2010/10/avrepository.xsd">
   <types1:Item>
      <types1:EntryId>lDFIKUzeA8rJ4pb-gt-3221712-2019-01-24T00:42:20.186Z::svc.xml</types1:EntryId>
      <types1:Name>Concur_Opportunities_API_v3</types1:Name>
      <types1:MimeType>application/xml+businesssconnector</types1:MimeType>
      <types1:Description/>
      <types1:AppliesTo/>
      <types1:Tags/>
      <types1:VersionLabel>1.0</types1:VersionLabel>
      <types1:State>CURRENT</types1:State>
      <types1:ProcessGroup/>
      <types1:CreatedBy>sorabh@na1.dm-us.org</types1:CreatedBy>
      <types1:CreationDate>2019-01-24T00:42:20Z</types1:CreationDate>
      <types1:ModifiedBy/>
      <types1:PublicationStatus>published</types1:PublicationStatus>
      <types1:PublishedBy>sorabh@na1.dm-us.org</types1:PublishedBy>
      <types1:PublicationDate>2019-01-24T00:42:30Z</types1:PublicationDate>
      <types1:PublishedContributionId>project:/rt.connector/Concur_Opportunities_API_v3/Concur_Opportunities_API_v3_svcDef.xml</types1:PublishedContributionId>
      <types1:AutosaveExists>false</types1:AutosaveExists>
      <types1:Entry>
         <businessConnector xmlns="http://schemas.informatica.com/socrates/data-services/2014/05/business-connector-model.xsd"
                            agentOnly="false"
                            debug="false"
                            displayName="Concur Opportunities API v3"
                            label=""
                            name="Concur_Opportunities_API_v3"
                            uuid="6e741c0b-0aa5-4c65-8359-27bfb914f9af">
            <description/>
            <tags/>
            <connectionAttributes xmlns="http://schemas.informatica.com/appmodules/screenflow/2014/04/avosConnectors.xsd">
               <connectionAttribute description="Host Name"
                                    masked="false"
                                    name="hostName"
                                    required="true"
                                    testWith="www.concursolutions.com"
                                    type="string"/>
            </connectionAttributes>
            <actions>
               <action category="Resources"
                       failOnError="true"
                       forSearch="false"
                       label="GET_insights_opportunities"
                       maxRedirects="100"
                       name="GET_insights_opportunities"
                       preemptiveAuth="true"
                       responseEncoding="">
                  <description>Gets a collection of opportunities for a specified trip or for all trips that fall within a date range. Gets a collection of opportunities for a specified trip or for all trips that fall within a date range. Specify values for fromUtc and toUtc to get opportunities for a range of trips. Specify only tripId to get opportunities for a single trip. Specify OpportunityType to filter results by the specified opportunity types.</description>
                  <input>
                     <parameter description="The trip id"
                                label="tripId"
                                name="tripId"
                                required="false"
                                testWith=""
                                type="string"/>
                     <parameter description="Comma seperated list of opportunities (Hotel, Car, Air, Rail, Taxi and Service) to get. Do not specify any values to get all opportunities"
                                label="opportunityType"
                                name="opportunityType"
                                required="false"
                                testWith=""
                                type="string"/>
                     <parameter description="The From date in UTC for the date range"
                                label="fromUtc"
                                name="fromUtc"
                                required="false"
                                testWith=""
                                type="datetime"/>
                     <parameter description="The To date in UTC for the date range"
                                label="toUtc"
                                name="toUtc"
                                required="false"
                                testWith=""
                                type="datetime"/>
                  </input>
                  <binding>
                     <restSimpleBinding multiUsing="semicolonSeparated"
                                        url="https://{$hostName}/api/v3.0/insights/opportunities"
                                        verb="GET">
                        <httpHeaders>
                           <header name="Content-Type">application/json</header>
                           <header name="Accept">application/json</header>
                        </httpHeaders>
                     </restSimpleBinding>
                  </binding>
                  <output>
                     <field description="Success"
                            entireResponse="true"
                            name="Opportunities"
                            type="reference">
                        <options>
                           <option name="referenceTo">Opportunities</option>
                        </options>
                     </field>
                  </output>
               </action>
            </actions>
            <objects>
               <processObject xmlns="http://schemas.active-endpoints.com/appmodules/screenflow/2011/06/avosHostEnvironment.xsd"
                              isByCopy="true"
                              name="Opportunity">
                  <description/>
                  <detail>
                     <field name="Type" type="string"/>
                     <field name="EndCityCode" type="string"/>
                     <field name="IsActive" type="boolean"/>
                     <field name="EndDateLocal" type="datetime"/>
                     <field name="StartCityCode" type="string"/>
                     <field name="ID" type="string"/>
                     <field name="StartPostalCode" type="string"/>
                     <field name="URI" type="string"/>
                     <field name="TripId" type="string"/>
                     <field name="EndPostalCode" type="string"/>
                     <field name="StartDateLocal" type="datetime"/>
                  </detail>
               </processObject>
               <processObject xmlns="http://schemas.active-endpoints.com/appmodules/screenflow/2011/06/avosHostEnvironment.xsd"
                              isByCopy="true"
                              name="Opportunities">
                  <description/>
                  <detail>
                     <field name="Items" type="reference">
                        <options>
                           <option name="referenceTo">Opportunity</option>
                           <option name="relationshipName">Child</option>
                        </options>
                     </field>
                     <field name="NextPage" type="string"/>
                  </detail>
               </processObject>
               <processObject xmlns="http://schemas.active-endpoints.com/appmodules/screenflow/2011/06/avosHostEnvironment.xsd"
                              isByCopy="true"
                              name="string">
                  <description/>
                  <detail>
                     <field name="string" type="string"/>
                  </detail>
               </processObject>
               <processObject xmlns="http://schemas.active-endpoints.com/appmodules/screenflow/2011/06/avosHostEnvironment.xsd"
                              isByCopy="true"
                              name="boolean">
                  <description/>
                  <detail>
                     <field name="boolean" type="boolean"/>
                  </detail>
               </processObject>
               <processObject xmlns="http://schemas.active-endpoints.com/appmodules/screenflow/2011/06/avosHostEnvironment.xsd"
                              isByCopy="true"
                              name="double">
                  <description/>
                  <detail>
                     <field name="double" type="double"/>
                  </detail>
               </processObject>
               <processObject xmlns="http://schemas.active-endpoints.com/appmodules/screenflow/2011/06/avosHostEnvironment.xsd"
                              isByCopy="true"
                              name="integer">
                  <description/>
                  <detail>
                     <field name="integer" type="int"/>
                  </detail>
               </processObject>
            </objects>
         </businessConnector>
      </types1:Entry>
      <types1:GUID>2eeuUdqxONzlLv98haU7Ud</types1:GUID>
      <types1:DisplayName>Concur Opportunities API v3</types1:DisplayName>
   </types1:Item>
   <types1:CurrentServerDateTime>2019-02-22T09:42:48.076Z</types1:CurrentServerDateTime>
</aetgt:getResponse>
