{
  "name" : "Google Genomics API v2alpha1",
  "sourceOrgId" : "9OkOTbSLYwLhD5xZ1H1bqO",
  "sourceOrgName" : "stage2_pod1",
  "exportedObjects" : [ {
    "objectGuid" : "3PTT3yMuhqweagEWp416Qh",
    "objectName" : "Service Connectors",
    "objectType" : "Folder",
    "path" : "/Explore/Shared assets",
    "metadata" : {
      "modelVersion" : {
        "major" : 0,
        "minor" : 0
      },
      "repoInfo" : null,
      "objectRefs" : [ ],
      "contextAttributes" : [ ],
      "additionalInfo" : {
        "description" : "",
        "contentType" : "Binary",
        "documentState" : "COMPLETE"
      }
    }
  }, {
    "objectGuid" : "9K6UJXyS3qqdAO9rBSKIC9",
    "objectName" : "Google Genomics API v2alpha1",
    "objectType" : "AI_SERVICE_CONNECTOR",
    "path" : "/Explore/Shared assets/Service Connectors",
    "metadata" : {
      "modelVersion" : {
        "major" : 1,
        "minor" : 0
      },
      "repoInfo" : {
        "repoHandle" : "B2pJ7XhFtybduaa-gt-52675-2019-02-26T07:04:14.456Z::svc.xml"
      },
      "objectRefs" : [ ],
      "contextAttributes" : null,
      "additionalInfo" : {
        "description" : "Uploads, processes, queries, and searches Genomics data in the cloud.",
        "contentType" : "application/json; charset=utf-8",
        "documentState" : "VALID"
      }
    }
  }, {
    "objectGuid" : "hKepakfC2q4hzm9jxu0g0h",
    "objectName" : "Shared assets",
    "objectType" : "Project",
    "path" : "/Explore",
    "metadata" : {
      "modelVersion" : {
        "major" : 0,
        "minor" : 0
      },
      "repoInfo" : null,
      "objectRefs" : [ ],
      "contextAttributes" : [ ],
      "additionalInfo" : {
        "description" : "",
        "contentType" : "Binary",
        "documentState" : "COMPLETE"
      }
    }
  } ]
}