<aetgt:getResponse xmlns:aetgt="http://schemas.active-endpoints.com/appmodules/repository/2010/10/avrepository.xsd"
                   xmlns:types1="http://schemas.active-endpoints.com/appmodules/repository/2010/10/avrepository.xsd">
   <types1:Item>
      <types1:EntryId>huR55aaabdqpw0V-gt-4529003-2019-12-29T10:28:27.115Z::svc.xml</types1:EntryId>
      <types1:Name>Okta_Schemas_REST_API_v1</types1:Name>
      <types1:MimeType>application/xml+businesssconnector</types1:MimeType>
      <types1:Description>TODO: Add Description</types1:Description>
      <types1:AppliesTo/>
      <types1:Tags/>
      <types1:VersionLabel>1.0</types1:VersionLabel>
      <types1:State>CURRENT</types1:State>
      <types1:ProcessGroup/>
      <types1:CreatedBy>sorabh@na1.dm-us.org</types1:CreatedBy>
      <types1:CreationDate>2019-12-29T10:28:27Z</types1:CreationDate>
      <types1:ModifiedBy/>
      <types1:PublicationStatus>published</types1:PublicationStatus>
      <types1:PublishedBy>sorabh@na1.dm-us.org</types1:PublishedBy>
      <types1:PublicationDate>2019-12-29T10:28:30Z</types1:PublicationDate>
      <types1:PublishedContributionId>project:/rt.connector/Okta_Schemas_REST_API_v1/Okta_Schemas_REST_API_v1_svcDef.xml</types1:PublishedContributionId>
      <types1:AutosaveExists>false</types1:AutosaveExists>
      <types1:Entry>
         <businessConnector xmlns="http://schemas.informatica.com/socrates/data-services/2014/05/business-connector-model.xsd"
                            agentOnly="false"
                            debug="false"
                            displayName="Okta Schemas REST API v1"
                            label=""
                            name="Okta_Schemas_REST_API_v1"
                            uuid="8129859d-2f0d-402a-b353-91587873fc41">
            <description>TODO: Add Description</description>
            <tags/>
            <connectionAttributes xmlns="http://schemas.informatica.com/appmodules/screenflow/2014/04/avosConnectors.xsd">
               <connectionAttribute description="Host Name"
                                    masked="false"
                                    name="hostName"
                                    required="true"
                                    testWith="example.com"
                                    type="string"/>
            </connectionAttributes>
            <actions>
               <action category="User"
                       failOnError="true"
                       forSearch="false"
                       label="AddPropertytoUserProfileSchema"
                       maxRedirects="100"
                       name="AddPropertytoUserProfileSchema"
                       preemptiveAuth="true"
                       responseEncoding="">
                  <description>Add Property to User Profile Schema. TODO: Add Description</description>
                  <input>
                     <parameter label="Authorization"
                                name="Authorization"
                                nogen="true"
                                required="true"
                                testWith=""
                                type="string"/>
                     <parameter label="Body"
                                name="Body"
                                required="true"
                                testWith=""
                                type="reference">
                        <options>
                           <option name="referenceTo">AddPropertytoUserProfileSchemaRequest</option>
                        </options>
                     </parameter>
                  </input>
                  <binding>
                     <restSimpleBinding multiUsing="semicolonSeparated"
                                        url="http://{$hostName}/api/v1/meta/schemas/user/default"
                                        verb="POST">
                        <httpHeaders>
                           <header name="Content-Type">application/json</header>
                           <header name="Accept">application/json</header>
                           <header name="Authorization">{$Authorization}</header>
                        </httpHeaders>
                        <body generateUsing="UnwrappedJSON" preserveJsonStringFormatting="false"/>
                     </restSimpleBinding>
                  </binding>
                  <output/>
               </action>
               <action category="User"
                       failOnError="true"
                       forSearch="false"
                       label="GetUserSchema"
                       maxRedirects="100"
                       name="GetUserSchema"
                       preemptiveAuth="true"
                       responseEncoding="">
                  <description>Get User Schema. TODO: Add Description</description>
                  <input>
                     <parameter label="Authorization"
                                name="Authorization"
                                nogen="true"
                                required="true"
                                testWith=""
                                type="string"/>
                  </input>
                  <binding>
                     <restSimpleBinding multiUsing="semicolonSeparated"
                                        url="http://{$hostName}/api/v1/meta/schemas/user/default"
                                        verb="GET">
                        <httpHeaders>
                           <header name="Content-Type">application/json</header>
                           <header name="Accept">application/json</header>
                           <header name="Authorization">{$Authorization}</header>
                        </httpHeaders>
                     </restSimpleBinding>
                  </binding>
                  <output/>
               </action>
            </actions>
            <objects>
               <processObject xmlns="http://schemas.active-endpoints.com/appmodules/screenflow/2011/06/avosHostEnvironment.xsd"
                              isByCopy="true"
                              name="RemovePropertyfromUserProfileSchemaRequest">
                  <description/>
                  <detail>
                     <field name="definitions" type="reference">
                        <options>
                           <option name="referenceTo">Definitions2</option>
                           <option name="relationshipName">Child</option>
                        </options>
                     </field>
                  </detail>
               </processObject>
               <processObject xmlns="http://schemas.active-endpoints.com/appmodules/screenflow/2011/06/avosHostEnvironment.xsd"
                              isByCopy="true"
                              name="AddPropertytoUserProfileSchemaRequest">
                  <description/>
                  <detail>
                     <field name="definitions" type="reference">
                        <options>
                           <option name="referenceTo">Definitions</option>
                           <option name="relationshipName">Child</option>
                        </options>
                     </field>
                  </detail>
               </processObject>
               <processObject xmlns="http://schemas.active-endpoints.com/appmodules/screenflow/2011/06/avosHostEnvironment.xsd"
                              isByCopy="true"
                              name="Custom2">
                  <description/>
                  <detail>
                     <field name="id" type="string"/>
                     <field name="type" type="string"/>
                     <field name="properties" type="reference">
                        <options>
                           <option name="referenceTo">Properties2</option>
                           <option name="relationshipName">Child</option>
                        </options>
                     </field>
                  </detail>
               </processObject>
               <processObject xmlns="http://schemas.active-endpoints.com/appmodules/screenflow/2011/06/avosHostEnvironment.xsd"
                              isByCopy="true"
                              name="Properties2">
                  <description/>
                  <detail>
                     <field name="twitterUserName" type="string"/>
                  </detail>
               </processObject>
               <processObject xmlns="http://schemas.active-endpoints.com/appmodules/screenflow/2011/06/avosHostEnvironment.xsd"
                              isByCopy="true"
                              name="TwitterUserName">
                  <description/>
                  <detail>
                     <field name="permissions" type="objectlist">
                        <options>
                           <option name="referenceTo">Permission</option>
                           <option name="relationshipName">Child</option>
                        </options>
                     </field>
                     <field name="minLength" type="int"/>
                     <field name="description" type="string"/>
                     <field name="title" type="string"/>
                     <field name="type" type="string"/>
                     <field name="required" type="boolean"/>
                     <field name="maxLength" type="int"/>
                  </detail>
               </processObject>
               <processObject xmlns="http://schemas.active-endpoints.com/appmodules/screenflow/2011/06/avosHostEnvironment.xsd"
                              isByCopy="true"
                              name="UpdateUserProfileSchemaPropertyRequest">
                  <description/>
                  <detail>
                     <field name="definitions" type="reference">
                        <options>
                           <option name="referenceTo">Definitions</option>
                           <option name="relationshipName">Child</option>
                        </options>
                     </field>
                  </detail>
               </processObject>
               <processObject xmlns="http://schemas.active-endpoints.com/appmodules/screenflow/2011/06/avosHostEnvironment.xsd"
                              isByCopy="true"
                              name="Definitions">
                  <description/>
                  <detail>
                     <field name="custom" type="reference">
                        <options>
                           <option name="referenceTo">Custom</option>
                           <option name="relationshipName">Child</option>
                        </options>
                     </field>
                  </detail>
               </processObject>
               <processObject xmlns="http://schemas.active-endpoints.com/appmodules/screenflow/2011/06/avosHostEnvironment.xsd"
                              isByCopy="true"
                              name="Permission">
                  <description/>
                  <detail>
                     <field name="principal" type="string"/>
                     <field name="action" type="string"/>
                  </detail>
               </processObject>
               <processObject xmlns="http://schemas.active-endpoints.com/appmodules/screenflow/2011/06/avosHostEnvironment.xsd"
                              isByCopy="true"
                              name="Custom">
                  <description/>
                  <detail>
                     <field name="id" type="string"/>
                     <field name="type" type="string"/>
                     <field name="required" type="objectlist">
                        <options>
                           <option name="referenceTo">string</option>
                           <option name="relationshipName">Child</option>
                        </options>
                     </field>
                     <field name="properties" type="reference">
                        <options>
                           <option name="referenceTo">Properties</option>
                           <option name="relationshipName">Child</option>
                        </options>
                     </field>
                  </detail>
               </processObject>
               <processObject xmlns="http://schemas.active-endpoints.com/appmodules/screenflow/2011/06/avosHostEnvironment.xsd"
                              isByCopy="true"
                              name="Properties">
                  <description/>
                  <detail>
                     <field name="twitterUserName" type="reference">
                        <options>
                           <option name="referenceTo">TwitterUserName</option>
                           <option name="relationshipName">Child</option>
                        </options>
                     </field>
                  </detail>
               </processObject>
               <processObject xmlns="http://schemas.active-endpoints.com/appmodules/screenflow/2011/06/avosHostEnvironment.xsd"
                              isByCopy="true"
                              name="Definitions2">
                  <description/>
                  <detail>
                     <field name="custom" type="reference">
                        <options>
                           <option name="referenceTo">Custom2</option>
                           <option name="relationshipName">Child</option>
                        </options>
                     </field>
                  </detail>
               </processObject>
               <processObject xmlns="http://schemas.active-endpoints.com/appmodules/screenflow/2011/06/avosHostEnvironment.xsd"
                              isByCopy="true"
                              name="string">
                  <description/>
                  <detail>
                     <field name="string" type="string"/>
                  </detail>
               </processObject>
               <processObject xmlns="http://schemas.active-endpoints.com/appmodules/screenflow/2011/06/avosHostEnvironment.xsd"
                              isByCopy="true"
                              name="boolean">
                  <description/>
                  <detail>
                     <field name="boolean" type="boolean"/>
                  </detail>
               </processObject>
               <processObject xmlns="http://schemas.active-endpoints.com/appmodules/screenflow/2011/06/avosHostEnvironment.xsd"
                              isByCopy="true"
                              name="double">
                  <description/>
                  <detail>
                     <field name="double" type="double"/>
                  </detail>
               </processObject>
               <processObject xmlns="http://schemas.active-endpoints.com/appmodules/screenflow/2011/06/avosHostEnvironment.xsd"
                              isByCopy="true"
                              name="integer">
                  <description/>
                  <detail>
                     <field name="integer" type="int"/>
                  </detail>
               </processObject>
            </objects>
         </businessConnector>
      </types1:Entry>
      <types1:GUID>7ISDFGqDuqbkuOvIYCwo8g</types1:GUID>
      <types1:DisplayName>Okta Schemas REST API v1</types1:DisplayName>
   </types1:Item>
   <types1:CurrentServerDateTime>2019-12-29T10:33:29.471Z</types1:CurrentServerDateTime>
</aetgt:getResponse>
