<aetgt:getResponse xmlns:aetgt="http://schemas.active-endpoints.com/appmodules/repository/2010/10/avrepository.xsd"
                   xmlns:types1="http://schemas.active-endpoints.com/appmodules/repository/2010/10/avrepository.xsd">
   <types1:Item>
      <types1:EntryId>7Fdx1H5lRuImXyc-gt-39970-2019-02-24T06:14:07.946Z::svc.xml</types1:EntryId>
      <types1:Name>Google_Stackdriver_Debugger_API_v2</types1:Name>
      <types1:MimeType>application/xml+businesssconnector</types1:MimeType>
      <types1:Description>Examines the call stack and variables of a running application without stopping or slowing it down.</types1:Description>
      <types1:AppliesTo/>
      <types1:Tags/>
      <types1:VersionLabel>1.0</types1:VersionLabel>
      <types1:State>CURRENT</types1:State>
      <types1:ProcessGroup/>
      <types1:CreatedBy>stage2_pod1</types1:CreatedBy>
      <types1:CreationDate>2019-02-24T06:14:08Z</types1:CreationDate>
      <types1:ModifiedBy/>
      <types1:PublicationStatus>unpublished</types1:PublicationStatus>
      <types1:AutosaveExists>false</types1:AutosaveExists>
      <types1:Entry>
         <businessConnector xmlns="http://schemas.informatica.com/socrates/data-services/2014/05/business-connector-model.xsd"
                            agentOnly="false"
                            debug="false"
                            displayName="Google Stackdriver Debugger API v2"
                            label=""
                            name="Google_Stackdriver_Debugger_API_v2"
                            uuid="cd7f27c9-969a-48b6-98d9-9c4988ba6182">
            <description>Examines the call stack and variables of a running application without stopping or slowing it down.</description>
            <tags/>
            <connectionAttributes xmlns="http://schemas.informatica.com/appmodules/screenflow/2014/04/avosConnectors.xsd">
               <connectionAttribute description="Host Name"
                                    masked="false"
                                    name="hostName"
                                    required="true"
                                    testWith="clouddebugger.googleapis.com"
                                    type="string"/>
            </connectionAttributes>
            <actions>
               <action category="breakpoints"
                       failOnError="true"
                       forSearch="false"
                       label="V2DebuggerDebuggeesBreakpointsSetByDebuggeeIdPost"
                       maxRedirects="100"
                       name="V2DebuggerDebuggeesBreakpointsSetByDebuggeeIdPost"
                       preemptiveAuth="true"
                       responseEncoding="">
                  <description>SetV2DebuggerDebuggeesBreakpointsSet. Sets the breakpoint to the debuggee.</description>
                  <input>
                     <parameter description="ID of the debuggee where the breakpoint is to be set."
                                label="debuggeeIdPathParam"
                                name="debuggeeIdPathParam"
                                nogen="true"
                                required="true"
                                testWith=""
                                type="string"/>
                     <parameter label="body"
                                name="body"
                                required="true"
                                testWith=""
                                type="reference">
                        <options>
                           <option name="referenceTo">Breakpoint</option>
                        </options>
                     </parameter>
                     <parameter description="Legacy upload protocol for media (e.g. &#34;media&#34;, &#34;multipart&#34;)."
                                label="uploadType"
                                name="uploadType"
                                required="false"
                                testWith=""
                                type="string"/>
                     <parameter description="Selector specifying which fields to include in a partial response."
                                label="fields"
                                name="fields"
                                required="false"
                                testWith=""
                                type="string"/>
                     <parameter description="V1 error format. (Acceptable values are: &#34;1&#34;, &#34;2&#34;)"
                                label="$.xgafv"
                                name="$.xgafv"
                                required="false"
                                testWith=""
                                type="string"/>
                     <parameter description="OAuth 2.0 token for the current user."
                                label="oauth_token"
                                name="oauth_token"
                                required="false"
                                testWith=""
                                type="string"/>
                     <parameter description="JSONP"
                                label="callback"
                                name="callback"
                                required="false"
                                testWith=""
                                type="string"/>
                     <parameter description="Data format for response. (Acceptable values are: &#34;json&#34;, &#34;media&#34;, &#34;proto&#34;)"
                                label="alt"
                                name="alt"
                                required="false"
                                testWith=""
                                type="string"/>
                     <parameter description="API key. Your API key identifies your project and provides you with API access, quota, and reports. Required unless you provide an OAuth 2.0 token."
                                label="key"
                                name="key"
                                required="false"
                                testWith=""
                                type="string"/>
                     <parameter description="OAuth access token."
                                label="access_token"
                                name="access_token"
                                required="false"
                                testWith=""
                                type="string"/>
                     <parameter description="Upload protocol for media (e.g. &#34;raw&#34;, &#34;multipart&#34;)."
                                label="upload_protocol"
                                name="upload_protocol"
                                required="false"
                                testWith=""
                                type="string"/>
                     <parameter description="Returns response with indentations and line breaks."
                                label="prettyPrint"
                                name="prettyPrint"
                                required="false"
                                testWith=""
                                type="boolean"/>
                     <parameter description="Available to use for quota purposes for server-side applications. Can be any arbitrary string assigned to a user, but should not exceed 40 characters."
                                label="quotaUser"
                                name="quotaUser"
                                required="false"
                                testWith=""
                                type="string"/>
                     <parameter description="The client version making the call.&#xA;Schema: `domain/type/version` (e.g., `google.com/intellij/v1`)."
                                label="clientVersion"
                                name="clientVersion"
                                required="false"
                                testWith=""
                                type="string"/>
                  </input>
                  <binding>
                     <restSimpleBinding multiUsing="semicolonSeparated"
                                        url="https://{$hostName}/v2/debugger/debuggees/{$debuggeeIdPathParam}/breakpoints/set"
                                        verb="POST">
                        <httpHeaders>
                           <header name="Content-Type">application/json</header>
                           <header name="Accept">application/json</header>
                        </httpHeaders>
                        <body generateUsing="UnwrappedJSON" preserveJsonStringFormatting="false"/>
                     </restSimpleBinding>
                  </binding>
                  <output>
                     <field description=""
                            entireResponse="true"
                            name="SetBreakpointResponse"
                            type="reference">
                        <options>
                           <option name="referenceTo">SetBreakpointResponse</option>
                        </options>
                     </field>
                  </output>
               </action>
               <action category="breakpoints"
                       failOnError="true"
                       forSearch="false"
                       label="V2ControllerDebuggeesBreakpointsByDebuggeeIdGet"
                       maxRedirects="100"
                       name="V2ControllerDebuggeesBreakpointsByDebuggeeIdGet"
                       preemptiveAuth="true"
                       responseEncoding="">
                  <description>ListV2ControllerDebuggeesBreakpoints. Returns the list of all active breakpoints for the debuggee. The breakpoint specification (`location`, `condition`, and `expressions` fields) is semantically immutable, although the field values may change. For example, an agent may update the location line number to reflect the actual line where the breakpoint was set, but this doesn't change the breakpoint semantics. This means that an agent does not need to check if a breakpoint has changed when it encounters the same breakpoint on a successive call. Moreover, an agent should remember the breakpoints that are completed until the controller removes them from the active list to avoid setting those breakpoints again.</description>
                  <input>
                     <parameter description="Identifies the debuggee."
                                label="debuggeeIdPathParam"
                                name="debuggeeIdPathParam"
                                nogen="true"
                                required="true"
                                testWith=""
                                type="string"/>
                     <parameter description="Legacy upload protocol for media (e.g. &#34;media&#34;, &#34;multipart&#34;)."
                                label="uploadType"
                                name="uploadType"
                                required="false"
                                testWith=""
                                type="string"/>
                     <parameter description="Selector specifying which fields to include in a partial response."
                                label="fields"
                                name="fields"
                                required="false"
                                testWith=""
                                type="string"/>
                     <parameter description="V1 error format. (Acceptable values are: &#34;1&#34;, &#34;2&#34;)"
                                label="$.xgafv"
                                name="$.xgafv"
                                required="false"
                                testWith=""
                                type="string"/>
                     <parameter description="OAuth 2.0 token for the current user."
                                label="oauth_token"
                                name="oauth_token"
                                required="false"
                                testWith=""
                                type="string"/>
                     <parameter description="JSONP"
                                label="callback"
                                name="callback"
                                required="false"
                                testWith=""
                                type="string"/>
                     <parameter description="Data format for response. (Acceptable values are: &#34;json&#34;, &#34;media&#34;, &#34;proto&#34;)"
                                label="alt"
                                name="alt"
                                required="false"
                                testWith=""
                                type="string"/>
                     <parameter description="API key. Your API key identifies your project and provides you with API access, quota, and reports. Required unless you provide an OAuth 2.0 token."
                                label="key"
                                name="key"
                                required="false"
                                testWith=""
                                type="string"/>
                     <parameter description="OAuth access token."
                                label="access_token"
                                name="access_token"
                                required="false"
                                testWith=""
                                type="string"/>
                     <parameter description="Upload protocol for media (e.g. &#34;raw&#34;, &#34;multipart&#34;)."
                                label="upload_protocol"
                                name="upload_protocol"
                                required="false"
                                testWith=""
                                type="string"/>
                     <parameter description="Returns response with indentations and line breaks."
                                label="prettyPrint"
                                name="prettyPrint"
                                required="false"
                                testWith=""
                                type="boolean"/>
                     <parameter description="Available to use for quota purposes for server-side applications. Can be any arbitrary string assigned to a user, but should not exceed 40 characters."
                                label="quotaUser"
                                name="quotaUser"
                                required="false"
                                testWith=""
                                type="string"/>
                     <parameter description="If set to `true` (recommended), returns `google.rpc.Code.OK` status and&#xA;sets the `wait_expired` response field to `true` when the server-selected&#xA;timeout has expired.&#xA;&#xA;If set to `false` (deprecated), returns `google.rpc.Code.ABORTED` status&#xA;when the server-selected timeout has expired."
                                label="successOnTimeout"
                                name="successOnTimeout"
                                required="false"
                                testWith=""
                                type="boolean"/>
                     <parameter description="A token that, if specified, blocks the method call until the list&#xA;of active breakpoints has changed, or a server-selected timeout has&#xA;expired. The value should be set from the `next_wait_token` field in&#xA;the last response. The initial value should be set to `&#34;init&#34;`."
                                label="waitToken"
                                name="waitToken"
                                required="false"
                                testWith=""
                                type="string"/>
                  </input>
                  <binding>
                     <restSimpleBinding multiUsing="semicolonSeparated"
                                        url="https://{$hostName}/v2/controller/debuggees/{$debuggeeIdPathParam}/breakpoints"
                                        verb="GET">
                        <httpHeaders>
                           <header name="Content-Type">application/json</header>
                           <header name="Accept">application/json</header>
                        </httpHeaders>
                     </restSimpleBinding>
                  </binding>
                  <output>
                     <field description=""
                            entireResponse="true"
                            name="ListActiveBreakpointsResponse"
                            type="reference">
                        <options>
                           <option name="referenceTo">ListActiveBreakpointsResponse</option>
                        </options>
                     </field>
                  </output>
               </action>
               <action category="debuggees"
                       failOnError="true"
                       forSearch="false"
                       label="V2ControllerDebuggeesRegisterPost"
                       maxRedirects="100"
                       name="V2ControllerDebuggeesRegisterPost"
                       preemptiveAuth="true"
                       responseEncoding="">
                  <description>RegisterV2ControllerDebuggeesRegister. Registers the debuggee with the controller service. All agents attached to the same application must call this method with exactly the same request content to get back the same stable `debuggee_id`. Agents should call this method again whenever `google.rpc.Code.NOT_FOUND` is returned from any controller method. This protocol allows the controller service to disable debuggees, recover from data loss, or change the `debuggee_id` format. Agents must handle `debuggee_id` value changing upon re-registration.</description>
                  <input>
                     <parameter label="body"
                                name="body"
                                required="true"
                                testWith=""
                                type="reference">
                        <options>
                           <option name="referenceTo">RegisterDebuggeeRequest</option>
                        </options>
                     </parameter>
                     <parameter description="Legacy upload protocol for media (e.g. &#34;media&#34;, &#34;multipart&#34;)."
                                label="uploadType"
                                name="uploadType"
                                required="false"
                                testWith=""
                                type="string"/>
                     <parameter description="Selector specifying which fields to include in a partial response."
                                label="fields"
                                name="fields"
                                required="false"
                                testWith=""
                                type="string"/>
                     <parameter description="V1 error format. (Acceptable values are: &#34;1&#34;, &#34;2&#34;)"
                                label="$.xgafv"
                                name="$.xgafv"
                                required="false"
                                testWith=""
                                type="string"/>
                     <parameter description="OAuth 2.0 token for the current user."
                                label="oauth_token"
                                name="oauth_token"
                                required="false"
                                testWith=""
                                type="string"/>
                     <parameter description="JSONP"
                                label="callback"
                                name="callback"
                                required="false"
                                testWith=""
                                type="string"/>
                     <parameter description="Data format for response. (Acceptable values are: &#34;json&#34;, &#34;media&#34;, &#34;proto&#34;)"
                                label="alt"
                                name="alt"
                                required="false"
                                testWith=""
                                type="string"/>
                     <parameter description="API key. Your API key identifies your project and provides you with API access, quota, and reports. Required unless you provide an OAuth 2.0 token."
                                label="key"
                                name="key"
                                required="false"
                                testWith=""
                                type="string"/>
                     <parameter description="OAuth access token."
                                label="access_token"
                                name="access_token"
                                required="false"
                                testWith=""
                                type="string"/>
                     <parameter description="Upload protocol for media (e.g. &#34;raw&#34;, &#34;multipart&#34;)."
                                label="upload_protocol"
                                name="upload_protocol"
                                required="false"
                                testWith=""
                                type="string"/>
                     <parameter description="Returns response with indentations and line breaks."
                                label="prettyPrint"
                                name="prettyPrint"
                                required="false"
                                testWith=""
                                type="boolean"/>
                     <parameter description="Available to use for quota purposes for server-side applications. Can be any arbitrary string assigned to a user, but should not exceed 40 characters."
                                label="quotaUser"
                                name="quotaUser"
                                required="false"
                                testWith=""
                                type="string"/>
                  </input>
                  <binding>
                     <restSimpleBinding multiUsing="semicolonSeparated"
                                        url="https://{$hostName}/v2/controller/debuggees/register"
                                        verb="POST">
                        <httpHeaders>
                           <header name="Content-Type">application/json</header>
                           <header name="Accept">application/json</header>
                        </httpHeaders>
                        <body generateUsing="UnwrappedJSON" preserveJsonStringFormatting="false"/>
                     </restSimpleBinding>
                  </binding>
                  <output>
                     <field description=""
                            entireResponse="true"
                            name="RegisterDebuggeeResponse"
                            type="reference">
                        <options>
                           <option name="referenceTo">RegisterDebuggeeResponse</option>
                        </options>
                     </field>
                  </output>
               </action>
               <action category="debuggees"
                       failOnError="true"
                       forSearch="false"
                       label="V2DebuggerDebuggeesGet"
                       maxRedirects="100"
                       name="V2DebuggerDebuggeesGet"
                       preemptiveAuth="true"
                       responseEncoding="">
                  <description>ListV2DebuggerDebuggees. Lists all the debuggees that the user has access to.</description>
                  <input>
                     <parameter description="Legacy upload protocol for media (e.g. &#34;media&#34;, &#34;multipart&#34;)."
                                label="uploadType"
                                name="uploadType"
                                required="false"
                                testWith=""
                                type="string"/>
                     <parameter description="Selector specifying which fields to include in a partial response."
                                label="fields"
                                name="fields"
                                required="false"
                                testWith=""
                                type="string"/>
                     <parameter description="V1 error format. (Acceptable values are: &#34;1&#34;, &#34;2&#34;)"
                                label="$.xgafv"
                                name="$.xgafv"
                                required="false"
                                testWith=""
                                type="string"/>
                     <parameter description="OAuth 2.0 token for the current user."
                                label="oauth_token"
                                name="oauth_token"
                                required="false"
                                testWith=""
                                type="string"/>
                     <parameter description="JSONP"
                                label="callback"
                                name="callback"
                                required="false"
                                testWith=""
                                type="string"/>
                     <parameter description="Data format for response. (Acceptable values are: &#34;json&#34;, &#34;media&#34;, &#34;proto&#34;)"
                                label="alt"
                                name="alt"
                                required="false"
                                testWith=""
                                type="string"/>
                     <parameter description="API key. Your API key identifies your project and provides you with API access, quota, and reports. Required unless you provide an OAuth 2.0 token."
                                label="key"
                                name="key"
                                required="false"
                                testWith=""
                                type="string"/>
                     <parameter description="OAuth access token."
                                label="access_token"
                                name="access_token"
                                required="false"
                                testWith=""
                                type="string"/>
                     <parameter description="Upload protocol for media (e.g. &#34;raw&#34;, &#34;multipart&#34;)."
                                label="upload_protocol"
                                name="upload_protocol"
                                required="false"
                                testWith=""
                                type="string"/>
                     <parameter description="Returns response with indentations and line breaks."
                                label="prettyPrint"
                                name="prettyPrint"
                                required="false"
                                testWith=""
                                type="boolean"/>
                     <parameter description="Available to use for quota purposes for server-side applications. Can be any arbitrary string assigned to a user, but should not exceed 40 characters."
                                label="quotaUser"
                                name="quotaUser"
                                required="false"
                                testWith=""
                                type="string"/>
                     <parameter description="The client version making the call.&#xA;Schema: `domain/type/version` (e.g., `google.com/intellij/v1`)."
                                label="clientVersion"
                                name="clientVersion"
                                required="false"
                                testWith=""
                                type="string"/>
                     <parameter description="When set to `true`, the result includes all debuggees. Otherwise, the&#xA;result includes only debuggees that are active."
                                label="includeInactive"
                                name="includeInactive"
                                required="false"
                                testWith=""
                                type="boolean"/>
                     <parameter description="Project number of a Google Cloud project whose debuggees to list."
                                label="project"
                                name="project"
                                required="false"
                                testWith=""
                                type="string"/>
                  </input>
                  <binding>
                     <restSimpleBinding multiUsing="semicolonSeparated"
                                        url="https://{$hostName}/v2/debugger/debuggees"
                                        verb="GET">
                        <httpHeaders>
                           <header name="Content-Type">application/json</header>
                           <header name="Accept">application/json</header>
                        </httpHeaders>
                     </restSimpleBinding>
                  </binding>
                  <output>
                     <field description=""
                            entireResponse="true"
                            name="ListDebuggeesResponse"
                            type="reference">
                        <options>
                           <option name="referenceTo">ListDebuggeesResponse</option>
                        </options>
                     </field>
                  </output>
               </action>
               <action category="breakpoints"
                       failOnError="true"
                       forSearch="false"
                       label="V2ControllerDebuggeesBreakpointsByDebuggeeIdAndIdPut"
                       maxRedirects="100"
                       name="V2ControllerDebuggeesBreakpointsByDebuggeeIdAndIdPut"
                       preemptiveAuth="true"
                       responseEncoding="">
                  <description>UpdateV2ControllerDebuggeesBreakpoints. Updates the breakpoint state or mutable fields. The entire Breakpoint message must be sent back to the controller service. Updates to active breakpoint fields are only allowed if the new value does not change the breakpoint specification. Updates to the `location`, `condition` and `expressions` fields should not alter the breakpoint semantics. These may only make changes such as canonicalizing a value or snapping the location to the correct line of code.</description>
                  <input>
                     <parameter description="Identifies the debuggee being debugged."
                                label="debuggeeIdPathParam"
                                name="debuggeeIdPathParam"
                                nogen="true"
                                required="true"
                                testWith=""
                                type="string"/>
                     <parameter description="Breakpoint identifier, unique in the scope of the debuggee."
                                label="idPathParam"
                                name="idPathParam"
                                nogen="true"
                                required="true"
                                testWith=""
                                type="string"/>
                     <parameter label="body"
                                name="body"
                                required="true"
                                testWith=""
                                type="reference">
                        <options>
                           <option name="referenceTo">UpdateActiveBreakpointRequest</option>
                        </options>
                     </parameter>
                     <parameter description="Legacy upload protocol for media (e.g. &#34;media&#34;, &#34;multipart&#34;)."
                                label="uploadType"
                                name="uploadType"
                                required="false"
                                testWith=""
                                type="string"/>
                     <parameter description="Selector specifying which fields to include in a partial response."
                                label="fields"
                                name="fields"
                                required="false"
                                testWith=""
                                type="string"/>
                     <parameter description="V1 error format. (Acceptable values are: &#34;1&#34;, &#34;2&#34;)"
                                label="$.xgafv"
                                name="$.xgafv"
                                required="false"
                                testWith=""
                                type="string"/>
                     <parameter description="OAuth 2.0 token for the current user."
                                label="oauth_token"
                                name="oauth_token"
                                required="false"
                                testWith=""
                                type="string"/>
                     <parameter description="JSONP"
                                label="callback"
                                name="callback"
                                required="false"
                                testWith=""
                                type="string"/>
                     <parameter description="Data format for response. (Acceptable values are: &#34;json&#34;, &#34;media&#34;, &#34;proto&#34;)"
                                label="alt"
                                name="alt"
                                required="false"
                                testWith=""
                                type="string"/>
                     <parameter description="API key. Your API key identifies your project and provides you with API access, quota, and reports. Required unless you provide an OAuth 2.0 token."
                                label="key"
                                name="key"
                                required="false"
                                testWith=""
                                type="string"/>
                     <parameter description="OAuth access token."
                                label="access_token"
                                name="access_token"
                                required="false"
                                testWith=""
                                type="string"/>
                     <parameter description="Upload protocol for media (e.g. &#34;raw&#34;, &#34;multipart&#34;)."
                                label="upload_protocol"
                                name="upload_protocol"
                                required="false"
                                testWith=""
                                type="string"/>
                     <parameter description="Returns response with indentations and line breaks."
                                label="prettyPrint"
                                name="prettyPrint"
                                required="false"
                                testWith=""
                                type="boolean"/>
                     <parameter description="Available to use for quota purposes for server-side applications. Can be any arbitrary string assigned to a user, but should not exceed 40 characters."
                                label="quotaUser"
                                name="quotaUser"
                                required="false"
                                testWith=""
                                type="string"/>
                  </input>
                  <binding>
                     <restSimpleBinding multiUsing="semicolonSeparated"
                                        url="https://{$hostName}/v2/controller/debuggees/{$debuggeeIdPathParam}/breakpoints/{$idPathParam}"
                                        verb="PUT">
                        <httpHeaders>
                           <header name="Content-Type">application/json</header>
                           <header name="Accept">application/json</header>
                        </httpHeaders>
                        <body generateUsing="UnwrappedJSON" preserveJsonStringFormatting="false"/>
                     </restSimpleBinding>
                  </binding>
                  <output/>
               </action>
               <action category="breakpoints"
                       failOnError="true"
                       forSearch="false"
                       label="V2DebuggerDebuggeesBreakpointsByDebuggeeIdGet"
                       maxRedirects="100"
                       name="V2DebuggerDebuggeesBreakpointsByDebuggeeIdGet"
                       preemptiveAuth="true"
                       responseEncoding="">
                  <description>ListV2DebuggerDebuggeesBreakpoints. Lists all breakpoints for the debuggee.</description>
                  <input>
                     <parameter description="ID of the debuggee whose breakpoints to list."
                                label="debuggeeIdPathParam"
                                name="debuggeeIdPathParam"
                                nogen="true"
                                required="true"
                                testWith=""
                                type="string"/>
                     <parameter description="Legacy upload protocol for media (e.g. &#34;media&#34;, &#34;multipart&#34;)."
                                label="uploadType"
                                name="uploadType"
                                required="false"
                                testWith=""
                                type="string"/>
                     <parameter description="Selector specifying which fields to include in a partial response."
                                label="fields"
                                name="fields"
                                required="false"
                                testWith=""
                                type="string"/>
                     <parameter description="V1 error format. (Acceptable values are: &#34;1&#34;, &#34;2&#34;)"
                                label="$.xgafv"
                                name="$.xgafv"
                                required="false"
                                testWith=""
                                type="string"/>
                     <parameter description="OAuth 2.0 token for the current user."
                                label="oauth_token"
                                name="oauth_token"
                                required="false"
                                testWith=""
                                type="string"/>
                     <parameter description="JSONP"
                                label="callback"
                                name="callback"
                                required="false"
                                testWith=""
                                type="string"/>
                     <parameter description="Data format for response. (Acceptable values are: &#34;json&#34;, &#34;media&#34;, &#34;proto&#34;)"
                                label="alt"
                                name="alt"
                                required="false"
                                testWith=""
                                type="string"/>
                     <parameter description="API key. Your API key identifies your project and provides you with API access, quota, and reports. Required unless you provide an OAuth 2.0 token."
                                label="key"
                                name="key"
                                required="false"
                                testWith=""
                                type="string"/>
                     <parameter description="OAuth access token."
                                label="access_token"
                                name="access_token"
                                required="false"
                                testWith=""
                                type="string"/>
                     <parameter description="Upload protocol for media (e.g. &#34;raw&#34;, &#34;multipart&#34;)."
                                label="upload_protocol"
                                name="upload_protocol"
                                required="false"
                                testWith=""
                                type="string"/>
                     <parameter description="Returns response with indentations and line breaks."
                                label="prettyPrint"
                                name="prettyPrint"
                                required="false"
                                testWith=""
                                type="boolean"/>
                     <parameter description="Available to use for quota purposes for server-side applications. Can be any arbitrary string assigned to a user, but should not exceed 40 characters."
                                label="quotaUser"
                                name="quotaUser"
                                required="false"
                                testWith=""
                                type="string"/>
                     <parameter description="This field is deprecated. The following fields are always stripped out of&#xA;the result: `stack_frames`, `evaluated_expressions` and `variable_table`."
                                label="stripResults"
                                name="stripResults"
                                required="false"
                                testWith=""
                                type="boolean"/>
                     <parameter description="A wait token that, if specified, blocks the call until the breakpoints&#xA;list has changed, or a server selected timeout has expired.  The value&#xA;should be set from the last response. The error code&#xA;`google.rpc.Code.ABORTED` (RPC) is returned on wait timeout, which&#xA;should be called again with the same `wait_token`."
                                label="waitToken"
                                name="waitToken"
                                required="false"
                                testWith=""
                                type="string"/>
                     <parameter description="Only breakpoints with the specified action will pass the filter. (Acceptable values are: &#34;CAPTURE&#34;, &#34;LOG&#34;)"
                                label="action.value"
                                name="action.value"
                                required="false"
                                testWith=""
                                type="string"/>
                     <parameter description="The client version making the call.&#xA;Schema: `domain/type/version` (e.g., `google.com/intellij/v1`)."
                                label="clientVersion"
                                name="clientVersion"
                                required="false"
                                testWith=""
                                type="string"/>
                     <parameter description="When set to `true`, the response includes the list of breakpoints set by&#xA;any user. Otherwise, it includes only breakpoints set by the caller."
                                label="includeAllUsers"
                                name="includeAllUsers"
                                required="false"
                                testWith=""
                                type="boolean"/>
                     <parameter description="When set to `true`, the response includes active and inactive&#xA;breakpoints. Otherwise, it includes only active breakpoints."
                                label="includeInactive"
                                name="includeInactive"
                                required="false"
                                testWith=""
                                type="boolean"/>
                  </input>
                  <binding>
                     <restSimpleBinding multiUsing="semicolonSeparated"
                                        url="https://{$hostName}/v2/debugger/debuggees/{$debuggeeIdPathParam}/breakpoints"
                                        verb="GET">
                        <httpHeaders>
                           <header name="Content-Type">application/json</header>
                           <header name="Accept">application/json</header>
                        </httpHeaders>
                     </restSimpleBinding>
                  </binding>
                  <output>
                     <field description=""
                            entireResponse="true"
                            name="ListBreakpointsResponse"
                            type="reference">
                        <options>
                           <option name="referenceTo">ListBreakpointsResponse</option>
                        </options>
                     </field>
                  </output>
               </action>
               <action category="breakpoints"
                       failOnError="true"
                       forSearch="false"
                       label="V2DebuggerDebuggeesBreakpointsByDebuggeeIdAndBreakpointIdGet"
                       maxRedirects="100"
                       name="V2DebuggerDebuggeesBreakpointsByDebuggeeIdAndBreakpointIdGet"
                       preemptiveAuth="true"
                       responseEncoding="">
                  <description>GetV2DebuggerDebuggeesBreakpoints. Gets breakpoint information.</description>
                  <input>
                     <parameter description="ID of the breakpoint to get."
                                label="breakpointIdPathParam"
                                name="breakpointIdPathParam"
                                nogen="true"
                                required="true"
                                testWith=""
                                type="string"/>
                     <parameter description="ID of the debuggee whose breakpoint to get."
                                label="debuggeeIdPathParam"
                                name="debuggeeIdPathParam"
                                nogen="true"
                                required="true"
                                testWith=""
                                type="string"/>
                     <parameter description="Legacy upload protocol for media (e.g. &#34;media&#34;, &#34;multipart&#34;)."
                                label="uploadType"
                                name="uploadType"
                                required="false"
                                testWith=""
                                type="string"/>
                     <parameter description="Selector specifying which fields to include in a partial response."
                                label="fields"
                                name="fields"
                                required="false"
                                testWith=""
                                type="string"/>
                     <parameter description="V1 error format. (Acceptable values are: &#34;1&#34;, &#34;2&#34;)"
                                label="$.xgafv"
                                name="$.xgafv"
                                required="false"
                                testWith=""
                                type="string"/>
                     <parameter description="OAuth 2.0 token for the current user."
                                label="oauth_token"
                                name="oauth_token"
                                required="false"
                                testWith=""
                                type="string"/>
                     <parameter description="JSONP"
                                label="callback"
                                name="callback"
                                required="false"
                                testWith=""
                                type="string"/>
                     <parameter description="Data format for response. (Acceptable values are: &#34;json&#34;, &#34;media&#34;, &#34;proto&#34;)"
                                label="alt"
                                name="alt"
                                required="false"
                                testWith=""
                                type="string"/>
                     <parameter description="API key. Your API key identifies your project and provides you with API access, quota, and reports. Required unless you provide an OAuth 2.0 token."
                                label="key"
                                name="key"
                                required="false"
                                testWith=""
                                type="string"/>
                     <parameter description="OAuth access token."
                                label="access_token"
                                name="access_token"
                                required="false"
                                testWith=""
                                type="string"/>
                     <parameter description="Upload protocol for media (e.g. &#34;raw&#34;, &#34;multipart&#34;)."
                                label="upload_protocol"
                                name="upload_protocol"
                                required="false"
                                testWith=""
                                type="string"/>
                     <parameter description="Returns response with indentations and line breaks."
                                label="prettyPrint"
                                name="prettyPrint"
                                required="false"
                                testWith=""
                                type="boolean"/>
                     <parameter description="Available to use for quota purposes for server-side applications. Can be any arbitrary string assigned to a user, but should not exceed 40 characters."
                                label="quotaUser"
                                name="quotaUser"
                                required="false"
                                testWith=""
                                type="string"/>
                     <parameter description="The client version making the call.&#xA;Schema: `domain/type/version` (e.g., `google.com/intellij/v1`)."
                                label="clientVersion"
                                name="clientVersion"
                                required="false"
                                testWith=""
                                type="string"/>
                  </input>
                  <binding>
                     <restSimpleBinding multiUsing="semicolonSeparated"
                                        url="https://{$hostName}/v2/debugger/debuggees/{$debuggeeIdPathParam}/breakpoints/{$breakpointIdPathParam}"
                                        verb="GET">
                        <httpHeaders>
                           <header name="Content-Type">application/json</header>
                           <header name="Accept">application/json</header>
                        </httpHeaders>
                     </restSimpleBinding>
                  </binding>
                  <output>
                     <field description=""
                            entireResponse="true"
                            name="GetBreakpointResponse"
                            type="reference">
                        <options>
                           <option name="referenceTo">GetBreakpointResponse</option>
                        </options>
                     </field>
                  </output>
               </action>
               <action category="breakpoints"
                       failOnError="true"
                       forSearch="false"
                       label="V2DebuggerDebuggeesBreakpointsByDebuggeeIdAndBreakpointIdDelete"
                       maxRedirects="100"
                       name="V2DebuggerDebuggeesBreakpointsByDebuggeeIdAndBreakpointIdDelete"
                       preemptiveAuth="true"
                       responseEncoding="">
                  <description>DeleteV2DebuggerDebuggeesBreakpoints. Deletes the breakpoint from the debuggee.</description>
                  <input>
                     <parameter description="ID of the breakpoint to delete."
                                label="breakpointIdPathParam"
                                name="breakpointIdPathParam"
                                nogen="true"
                                required="true"
                                testWith=""
                                type="string"/>
                     <parameter description="ID of the debuggee whose breakpoint to delete."
                                label="debuggeeIdPathParam"
                                name="debuggeeIdPathParam"
                                nogen="true"
                                required="true"
                                testWith=""
                                type="string"/>
                     <parameter description="Legacy upload protocol for media (e.g. &#34;media&#34;, &#34;multipart&#34;)."
                                label="uploadType"
                                name="uploadType"
                                required="false"
                                testWith=""
                                type="string"/>
                     <parameter description="Selector specifying which fields to include in a partial response."
                                label="fields"
                                name="fields"
                                required="false"
                                testWith=""
                                type="string"/>
                     <parameter description="V1 error format. (Acceptable values are: &#34;1&#34;, &#34;2&#34;)"
                                label="$.xgafv"
                                name="$.xgafv"
                                required="false"
                                testWith=""
                                type="string"/>
                     <parameter description="OAuth 2.0 token for the current user."
                                label="oauth_token"
                                name="oauth_token"
                                required="false"
                                testWith=""
                                type="string"/>
                     <parameter description="JSONP"
                                label="callback"
                                name="callback"
                                required="false"
                                testWith=""
                                type="string"/>
                     <parameter description="Data format for response. (Acceptable values are: &#34;json&#34;, &#34;media&#34;, &#34;proto&#34;)"
                                label="alt"
                                name="alt"
                                required="false"
                                testWith=""
                                type="string"/>
                     <parameter description="API key. Your API key identifies your project and provides you with API access, quota, and reports. Required unless you provide an OAuth 2.0 token."
                                label="key"
                                name="key"
                                required="false"
                                testWith=""
                                type="string"/>
                     <parameter description="OAuth access token."
                                label="access_token"
                                name="access_token"
                                required="false"
                                testWith=""
                                type="string"/>
                     <parameter description="Upload protocol for media (e.g. &#34;raw&#34;, &#34;multipart&#34;)."
                                label="upload_protocol"
                                name="upload_protocol"
                                required="false"
                                testWith=""
                                type="string"/>
                     <parameter description="Returns response with indentations and line breaks."
                                label="prettyPrint"
                                name="prettyPrint"
                                required="false"
                                testWith=""
                                type="boolean"/>
                     <parameter description="Available to use for quota purposes for server-side applications. Can be any arbitrary string assigned to a user, but should not exceed 40 characters."
                                label="quotaUser"
                                name="quotaUser"
                                required="false"
                                testWith=""
                                type="string"/>
                     <parameter description="The client version making the call.&#xA;Schema: `domain/type/version` (e.g., `google.com/intellij/v1`)."
                                label="clientVersion"
                                name="clientVersion"
                                required="false"
                                testWith=""
                                type="string"/>
                  </input>
                  <binding>
                     <restSimpleBinding multiUsing="semicolonSeparated"
                                        url="https://{$hostName}/v2/debugger/debuggees/{$debuggeeIdPathParam}/breakpoints/{$breakpointIdPathParam}"
                                        verb="DELETE">
                        <httpHeaders>
                           <header name="Content-Type">application/json</header>
                           <header name="Accept">application/json</header>
                        </httpHeaders>
                     </restSimpleBinding>
                  </binding>
                  <output/>
               </action>
            </actions>
            <objects>
               <processObject xmlns="http://schemas.active-endpoints.com/appmodules/screenflow/2011/06/avosHostEnvironment.xsd"
                              isByCopy="true"
                              name="RegisterDebuggeeResponse">
                  <description>Response for registering a debuggee.</description>
                  <detail>
                     <field name="debuggee" type="reference">
                        <options>
                           <option name="referenceTo">Debuggee</option>
                           <option name="relationshipName">Child</option>
                        </options>
                     </field>
                  </detail>
               </processObject>
               <processObject xmlns="http://schemas.active-endpoints.com/appmodules/screenflow/2011/06/avosHostEnvironment.xsd"
                              isByCopy="true"
                              name="SourceLocation">
                  <description>Source location of the call site.</description>
                  <detail>
                     <field name="path" type="string"/>
                     <field name="line" type="int"/>
                     <field name="column" type="int"/>
                  </detail>
               </processObject>
               <processObject xmlns="http://schemas.active-endpoints.com/appmodules/screenflow/2011/06/avosHostEnvironment.xsd"
                              isByCopy="true"
                              name="Action">
                  <description>Action that the agent should perform when the code at the
breakpoint location is hit.</description>
                  <detail/>
               </processObject>
               <processObject xmlns="http://schemas.active-endpoints.com/appmodules/screenflow/2011/06/avosHostEnvironment.xsd"
                              isByCopy="true"
                              name="Variable">
                  <description>Represents a variable or an argument possibly of a compound object type.
Note how the following variables are represented:

1) A simple variable:

    int x = 5

    { name: "x", value: "5", type: "int" }  // Captured variable

2) A compound object:

    struct T {
        int m1;
        int m2;
    };
    T x = { 3, 7 };

    {  // Captured variable
        name: "x",
        type: "T",
        members { name: "m1", value: "3", type: "int" },
        members { name: "m2", value: "7", type: "int" }
    }

3) A pointer where the pointee was captured:

    T x = { 3, 7 };
    T* p = &amp;x;

    {   // Captured variable
        name: "p",
        type: "T*",
        value: "0x00500500",
        members { name: "m1", value: "3", type: "int" },
        members { name: "m2", value: "7", type: "int" }
    }

4) A pointer where the pointee was not captured:

    T* p = new T;

    {   // Captured variable
        name: "p",
        type: "T*",
        value: "0x00400400"
        status { is_error: true, description { format: "unavailable" } }
    }

The status should describe the reason for the missing value,
such as `&lt;optimized out&gt;`, `&lt;inaccessible&gt;`, `&lt;pointers limit reached&gt;`.

Note that a null pointer should not have members.

5) An unnamed value:

    int* p = new int(7);

    {   // Captured variable
        name: "p",
        value: "0x00500500",
        type: "int*",
        members { value: "7", type: "int" } }

6) An unnamed pointer where the pointee was not captured:

    int* p = new int(7);
    int** pp = &amp;p;

    {  // Captured variable
        name: "pp",
        value: "0x00500500",
        type: "int**",
        members {
            value: "0x00400400",
            type: "int*"
            status {
                is_error: true,
                description: { format: "unavailable" } }
            }
        }
    }

To optimize computation, memory and network traffic, variables that
repeat in the output multiple times can be stored once in a shared
variable table and be referenced using the `var_table_index` field.  The
variables stored in the shared table are nameless and are essentially
a partition of the complete variable. To reconstruct the complete
variable, merge the referencing variable with the referenced variable.

When using the shared variable table, the following variables:

    T x = { 3, 7 };
    T* p = &amp;x;
    T&amp; r = x;

    { name: "x", var_table_index: 3, type: "T" }  // Captured variables
    { name: "p", value "0x00500500", type="T*", var_table_index: 3 }
    { name: "r", type="T&amp;", var_table_index: 3 }

    {  // Shared variable table entry #3:
        members { name: "m1", value: "3", type: "int" },
        members { name: "m2", value: "7", type: "int" }
    }

Note that the pointer address is stored with the referencing variable
and not with the referenced variable. This allows the referenced variable
to be shared between pointers and references.

The type field is optional. The debugger agent may or may not support it.</description>
                  <detail>
                     <field name="varTableIndex" type="int"/>
                     <field name="members" type="objectlist">
                        <options>
                           <option name="referenceTo">Variable</option>
                           <option name="relationshipName">Child</option>
                        </options>
                     </field>
                     <field name="name" type="string"/>
                     <field name="type" type="string"/>
                     <field name="value" type="string"/>
                     <field name="status" type="reference">
                        <options>
                           <option name="referenceTo">StatusMessage</option>
                           <option name="relationshipName">Child</option>
                        </options>
                     </field>
                  </detail>
               </processObject>
               <processObject xmlns="http://schemas.active-endpoints.com/appmodules/screenflow/2011/06/avosHostEnvironment.xsd"
                              isByCopy="true"
                              name="ExtendedSourceContext">
                  <description>An ExtendedSourceContext is a SourceContext combined with additional
details describing the context.</description>
                  <detail>
                     <field name="context" type="reference">
                        <options>
                           <option name="referenceTo">SourceContext</option>
                           <option name="relationshipName">Child</option>
                        </options>
                     </field>
                     <field name="labels" type="object"/>
                  </detail>
               </processObject>
               <processObject xmlns="http://schemas.active-endpoints.com/appmodules/screenflow/2011/06/avosHostEnvironment.xsd"
                              isByCopy="true"
                              name="ListDebuggeesResponse">
                  <description>Response for listing debuggees.</description>
                  <detail>
                     <field name="debuggees" type="objectlist">
                        <options>
                           <option name="referenceTo">Debuggee</option>
                           <option name="relationshipName">Child</option>
                        </options>
                     </field>
                  </detail>
               </processObject>
               <processObject xmlns="http://schemas.active-endpoints.com/appmodules/screenflow/2011/06/avosHostEnvironment.xsd"
                              isByCopy="true"
                              name="CloudRepoSourceContext">
                  <description>A SourceContext referring to a revision in a cloud repo.</description>
                  <detail>
                     <field name="revisionId" type="string"/>
                     <field name="aliasContext" type="object"/>
                     <field name="aliasName" type="string"/>
                     <field name="repoId" type="object"/>
                  </detail>
               </processObject>
               <processObject xmlns="http://schemas.active-endpoints.com/appmodules/screenflow/2011/06/avosHostEnvironment.xsd"
                              isByCopy="true"
                              name="GerritSourceContext">
                  <description>A SourceContext referring to a Gerrit project.</description>
                  <detail>
                     <field name="revisionId" type="string"/>
                     <field name="aliasContext" type="object"/>
                     <field name="aliasName" type="string"/>
                     <field name="hostUri" type="string"/>
                     <field name="gerritProject" type="string"/>
                  </detail>
               </processObject>
               <processObject xmlns="http://schemas.active-endpoints.com/appmodules/screenflow/2011/06/avosHostEnvironment.xsd"
                              isByCopy="true"
                              name="SourceContext">
                  <description>A SourceContext is a reference to a tree of files. A SourceContext together
with a path point to a unique revision of a single file or directory.</description>
                  <detail>
                     <field name="cloudWorkspace" type="reference">
                        <options>
                           <option name="referenceTo">CloudWorkspaceSourceContext</option>
                           <option name="relationshipName">Child</option>
                        </options>
                     </field>
                     <field name="git" type="reference">
                        <options>
                           <option name="referenceTo">GitSourceContext</option>
                           <option name="relationshipName">Child</option>
                        </options>
                     </field>
                     <field name="gerrit" type="reference">
                        <options>
                           <option name="referenceTo">GerritSourceContext</option>
                           <option name="relationshipName">Child</option>
                        </options>
                     </field>
                     <field name="cloudRepo" type="reference">
                        <options>
                           <option name="referenceTo">CloudRepoSourceContext</option>
                           <option name="relationshipName">Child</option>
                        </options>
                     </field>
                  </detail>
               </processObject>
               <processObject xmlns="http://schemas.active-endpoints.com/appmodules/screenflow/2011/06/avosHostEnvironment.xsd"
                              isByCopy="true"
                              name="LogLevel">
                  <description>Indicates the severity of the log. Only relevant when action is `LOG`.</description>
                  <detail/>
               </processObject>
               <processObject xmlns="http://schemas.active-endpoints.com/appmodules/screenflow/2011/06/avosHostEnvironment.xsd"
                              isByCopy="true"
                              name="GetBreakpointResponse">
                  <description>Response for getting breakpoint information.</description>
                  <detail>
                     <field name="breakpoint" type="reference">
                        <options>
                           <option name="referenceTo">Breakpoint</option>
                           <option name="relationshipName">Child</option>
                        </options>
                     </field>
                  </detail>
               </processObject>
               <processObject xmlns="http://schemas.active-endpoints.com/appmodules/screenflow/2011/06/avosHostEnvironment.xsd"
                              isByCopy="true"
                              name="Kind">
                  <description>The alias kind.</description>
                  <detail/>
               </processObject>
               <processObject xmlns="http://schemas.active-endpoints.com/appmodules/screenflow/2011/06/avosHostEnvironment.xsd"
                              isByCopy="true"
                              name="CloudWorkspaceSourceContext">
                  <description>A SourceContext referring to a snapshot in a cloud workspace.</description>
                  <detail>
                     <field name="snapshotId" type="string"/>
                     <field name="workspaceId" type="object"/>
                  </detail>
               </processObject>
               <processObject xmlns="http://schemas.active-endpoints.com/appmodules/screenflow/2011/06/avosHostEnvironment.xsd"
                              isByCopy="true"
                              name="CloudWorkspaceId">
                  <description>A CloudWorkspaceId is a unique identifier for a cloud workspace.
A cloud workspace is a place associated with a repo where modified files
can be stored before they are committed.</description>
                  <detail>
                     <field name="repoId" type="reference">
                        <options>
                           <option name="referenceTo">RepoId</option>
                           <option name="relationshipName">Child</option>
                        </options>
                     </field>
                     <field name="name" type="string"/>
                  </detail>
               </processObject>
               <processObject xmlns="http://schemas.active-endpoints.com/appmodules/screenflow/2011/06/avosHostEnvironment.xsd"
                              isByCopy="true"
                              name="FormatMessage">
                  <description>Status message text.</description>
                  <detail>
                     <field name="format" type="string"/>
                     <field name="parameters" type="objectlist">
                        <options>
                           <option name="referenceTo">string</option>
                           <option name="relationshipName">Child</option>
                        </options>
                     </field>
                  </detail>
               </processObject>
               <processObject xmlns="http://schemas.active-endpoints.com/appmodules/screenflow/2011/06/avosHostEnvironment.xsd"
                              isByCopy="true"
                              name="Breakpoint">
                  <description>Updated breakpoint information.
The field `id` must be set.
The agent must echo all Breakpoint specification fields in the update.</description>
                  <detail>
                     <field name="stackFrames" type="object"/>
                     <field name="variableTable" type="object"/>
                     <field name="evaluatedExpressions" type="object"/>
                     <field name="expressions" type="objectlist">
                        <options>
                           <option name="referenceTo">string</option>
                           <option name="relationshipName">Child</option>
                        </options>
                     </field>
                     <field name="finalTime" type="string"/>
                     <field name="labels" type="object"/>
                     <field name="condition" type="string"/>
                     <field name="logLevel" type="reference">
                        <options>
                           <option name="referenceTo">LogLevel</option>
                           <option name="relationshipName">Child</option>
                        </options>
                     </field>
                     <field name="createTime" type="string"/>
                     <field name="isFinalState" type="boolean"/>
                     <field name="action" type="reference">
                        <options>
                           <option name="referenceTo">Action</option>
                           <option name="relationshipName">Child</option>
                        </options>
                     </field>
                     <field name="logMessageFormat" type="string"/>
                     <field name="userEmail" type="string"/>
                     <field name="location" type="object"/>
                     <field name="id" type="string"/>
                     <field name="status" type="object"/>
                  </detail>
               </processObject>
               <processObject xmlns="http://schemas.active-endpoints.com/appmodules/screenflow/2011/06/avosHostEnvironment.xsd"
                              isByCopy="true"
                              name="UpdateActiveBreakpointRequest">
                  <description>Request to update an active breakpoint.</description>
                  <detail>
                     <field name="breakpoint" type="reference">
                        <options>
                           <option name="referenceTo">Breakpoint</option>
                           <option name="relationshipName">Child</option>
                        </options>
                     </field>
                  </detail>
               </processObject>
               <processObject xmlns="http://schemas.active-endpoints.com/appmodules/screenflow/2011/06/avosHostEnvironment.xsd"
                              isByCopy="true"
                              name="AliasContext">
                  <description>An alias to a repo revision.</description>
                  <detail>
                     <field name="kind" type="reference">
                        <options>
                           <option name="referenceTo">Kind</option>
                           <option name="relationshipName">Child</option>
                        </options>
                     </field>
                     <field name="name" type="string"/>
                  </detail>
               </processObject>
               <processObject xmlns="http://schemas.active-endpoints.com/appmodules/screenflow/2011/06/avosHostEnvironment.xsd"
                              isByCopy="true"
                              name="SetBreakpointResponse">
                  <description>Response for setting a breakpoint.</description>
                  <detail>
                     <field name="breakpoint" type="reference">
                        <options>
                           <option name="referenceTo">Breakpoint</option>
                           <option name="relationshipName">Child</option>
                        </options>
                     </field>
                  </detail>
               </processObject>
               <processObject xmlns="http://schemas.active-endpoints.com/appmodules/screenflow/2011/06/avosHostEnvironment.xsd"
                              isByCopy="true"
                              name="RefersTo">
                  <description>Reference to which the message applies.</description>
                  <detail/>
               </processObject>
               <processObject xmlns="http://schemas.active-endpoints.com/appmodules/screenflow/2011/06/avosHostEnvironment.xsd"
                              isByCopy="true"
                              name="RegisterDebuggeeRequest">
                  <description>Request to register a debuggee.</description>
                  <detail>
                     <field name="debuggee" type="reference">
                        <options>
                           <option name="referenceTo">Debuggee</option>
                           <option name="relationshipName">Child</option>
                        </options>
                     </field>
                  </detail>
               </processObject>
               <processObject xmlns="http://schemas.active-endpoints.com/appmodules/screenflow/2011/06/avosHostEnvironment.xsd"
                              isByCopy="true"
                              name="GitSourceContext">
                  <description>A SourceContext referring to any third party Git repo (e.g. GitHub).</description>
                  <detail>
                     <field name="revisionId" type="string"/>
                     <field name="url" type="string"/>
                  </detail>
               </processObject>
               <processObject xmlns="http://schemas.active-endpoints.com/appmodules/screenflow/2011/06/avosHostEnvironment.xsd"
                              isByCopy="true"
                              name="ListActiveBreakpointsResponse">
                  <description>Response for listing active breakpoints.</description>
                  <detail>
                     <field name="nextWaitToken" type="string"/>
                     <field name="breakpoints" type="objectlist">
                        <options>
                           <option name="referenceTo">Breakpoint</option>
                           <option name="relationshipName">Child</option>
                        </options>
                     </field>
                     <field name="waitExpired" type="boolean"/>
                  </detail>
               </processObject>
               <processObject xmlns="http://schemas.active-endpoints.com/appmodules/screenflow/2011/06/avosHostEnvironment.xsd"
                              isByCopy="true"
                              name="StatusMessage">
                  <description>Represents a contextual status message.
The message can indicate an error or informational status, and refer to
specific parts of the containing object.
For example, the `Breakpoint.status` field can indicate an error referring
to the `BREAKPOINT_SOURCE_LOCATION` with the message `Location not found`.</description>
                  <detail>
                     <field name="refersTo" type="reference">
                        <options>
                           <option name="referenceTo">RefersTo</option>
                           <option name="relationshipName">Child</option>
                        </options>
                     </field>
                     <field name="isError" type="boolean"/>
                     <field name="description" type="reference">
                        <options>
                           <option name="referenceTo">FormatMessage</option>
                           <option name="relationshipName">Child</option>
                        </options>
                     </field>
                  </detail>
               </processObject>
               <processObject xmlns="http://schemas.active-endpoints.com/appmodules/screenflow/2011/06/avosHostEnvironment.xsd"
                              isByCopy="true"
                              name="ListBreakpointsResponse">
                  <description>Response for listing breakpoints.</description>
                  <detail>
                     <field name="nextWaitToken" type="string"/>
                     <field name="breakpoints" type="objectlist">
                        <options>
                           <option name="referenceTo">Breakpoint</option>
                           <option name="relationshipName">Child</option>
                        </options>
                     </field>
                  </detail>
               </processObject>
               <processObject xmlns="http://schemas.active-endpoints.com/appmodules/screenflow/2011/06/avosHostEnvironment.xsd"
                              isByCopy="true"
                              name="Debuggee">
                  <description>Debuggee resource.
The field `id` is guaranteed to be set (in addition to the echoed fields).
If the field `is_disabled` is set to `true`, the agent should disable
itself by removing all breakpoints and detaching from the application.
It should however continue to poll `RegisterDebuggee` until reenabled.</description>
                  <detail>
                     <field name="extSourceContexts" type="object"/>
                     <field name="isInactive" type="boolean"/>
                     <field name="sourceContexts" type="object"/>
                     <field name="uniquifier" type="string"/>
                     <field name="project" type="string"/>
                     <field name="description" type="string"/>
                     <field name="agentVersion" type="string"/>
                     <field name="isDisabled" type="boolean"/>
                     <field name="id" type="string"/>
                     <field name="labels" type="object"/>
                     <field name="status" type="object"/>
                  </detail>
               </processObject>
               <processObject xmlns="http://schemas.active-endpoints.com/appmodules/screenflow/2011/06/avosHostEnvironment.xsd"
                              isByCopy="true"
                              name="StackFrame">
                  <description>Represents a stack frame context.</description>
                  <detail>
                     <field name="function" type="string"/>
                     <field name="arguments" type="objectlist">
                        <options>
                           <option name="referenceTo">Variable</option>
                           <option name="relationshipName">Child</option>
                        </options>
                     </field>
                     <field name="location" type="reference">
                        <options>
                           <option name="referenceTo">SourceLocation</option>
                           <option name="relationshipName">Child</option>
                        </options>
                     </field>
                     <field name="locals" type="objectlist">
                        <options>
                           <option name="referenceTo">Variable</option>
                           <option name="relationshipName">Child</option>
                        </options>
                     </field>
                  </detail>
               </processObject>
               <processObject xmlns="http://schemas.active-endpoints.com/appmodules/screenflow/2011/06/avosHostEnvironment.xsd"
                              isByCopy="true"
                              name="RepoId">
                  <description>A unique identifier for a cloud repo.</description>
                  <detail>
                     <field name="uid" type="string"/>
                     <field name="projectRepoId" type="reference">
                        <options>
                           <option name="referenceTo">ProjectRepoId</option>
                           <option name="relationshipName">Child</option>
                        </options>
                     </field>
                  </detail>
               </processObject>
               <processObject xmlns="http://schemas.active-endpoints.com/appmodules/screenflow/2011/06/avosHostEnvironment.xsd"
                              isByCopy="true"
                              name="ProjectRepoId">
                  <description>A combination of a project ID and a repo name.</description>
                  <detail>
                     <field name="repoName" type="string"/>
                     <field name="projectId" type="string"/>
                  </detail>
               </processObject>
               <processObject xmlns="http://schemas.active-endpoints.com/appmodules/screenflow/2011/06/avosHostEnvironment.xsd"
                              isByCopy="true"
                              name="string">
                  <description/>
                  <detail>
                     <field name="string" type="string"/>
                  </detail>
               </processObject>
               <processObject xmlns="http://schemas.active-endpoints.com/appmodules/screenflow/2011/06/avosHostEnvironment.xsd"
                              isByCopy="true"
                              name="boolean">
                  <description/>
                  <detail>
                     <field name="boolean" type="boolean"/>
                  </detail>
               </processObject>
               <processObject xmlns="http://schemas.active-endpoints.com/appmodules/screenflow/2011/06/avosHostEnvironment.xsd"
                              isByCopy="true"
                              name="double">
                  <description/>
                  <detail>
                     <field name="double" type="double"/>
                  </detail>
               </processObject>
               <processObject xmlns="http://schemas.active-endpoints.com/appmodules/screenflow/2011/06/avosHostEnvironment.xsd"
                              isByCopy="true"
                              name="integer">
                  <description/>
                  <detail>
                     <field name="integer" type="int"/>
                  </detail>
               </processObject>
            </objects>
         </businessConnector>
      </types1:Entry>
      <types1:GUID>71RDeovDiFlbJ8DsPR9F86</types1:GUID>
      <types1:DisplayName>Google Stackdriver Debugger API v2</types1:DisplayName>
   </types1:Item>
   <types1:CurrentServerDateTime>2019-02-24T06:14:24.747Z</types1:CurrentServerDateTime>
</aetgt:getResponse>
