{
   "exportedObjects": [
      {
         "objectGuid": "almpU5d486xjg3tXw87BET",
         "objectName": "Shared assets",
         "objectType": "Project",
         "path": "/Explore",
         "metadata": {
            "additionalInfo": {
               "contentType": "Binary",
               "description": "This Project contains shared assets",
               "documentState": "COMPLETE"
            },
            "contextAttributes": [],
            "modelVersion": {
               "major": 0,
               "minor": 0
            },
            "objectRefs": [],
            "repoInfo": null
         }
      },
      {
         "objectGuid": "00m3cKr9AGOjGY55vZSASH",
         "objectName": "Service Connectors",
         "objectType": "Folder",
         "path": "/Explore/Shared assets",
         "metadata": {
            "additionalInfo": {
               "contentType": "Binary",
               "description": "",
               "documentState": "COMPLETE"
            },
            "contextAttributes": [],
            "modelVersion": {
               "major": 0,
               "minor": 0
            },
            "objectRefs": [],
            "repoInfo": null
         }
      },
      {
         "objectGuid": "5Lf9XF6syYSgHndJ1aVheD",
         "objectName": "Oracle Cloud Infrastructure Compute SecurityRules API v18-1-2",
         "objectType": "AI_SERVICE_CONNECTOR",
         "path": "/Explore/Shared assets/Service Connectors",
         "metadata": {
            "additionalInfo": {
               "contentType": "application/json; charset=utf-8",
               "description": "A security rule permits traffic from a specified source or to a specified destination. You must specify the direction of a security rule - either ingress or egress. In addition, you can specify the source or destination of permitted traffic, and the security protocol and port used to send or receive packets. Each of the parameters that you specify in a security rule provides a criterion that the type of traffic permitted by that rule must match. Only packets that match all of the specified criteria are permitted. If you don't specify match criteria in the security rule, all traffic in the specified direction is permitted. The primary function of security rules is to help identify the type of traffic to be allowed in the IP network.",
               "documentState": "VALID"
            },
            "contextAttributes": null,
            "modelVersion": {
               "major": 1,
               "minor": 0
            },
            "objectRefs": [],
            "repoInfo": {
               "repoHandle": "IRi92qBbbeJOSM8-gt-1707327-2019-02-12T01:15:20.563Z::svc.xml"
            }
         }
      }
   ]
}