{"EntryId":{"$t":"nbdoEFsWTzIf6ri-gt-2040380-2018-10-10T17:10:57.224Z::pd.xml"},"Name":{"$t":"Zendesk_Verify_then_Delete_Ticket"},"MimeType":{"$t":"application\/xml+process"},"Description":{},"AppliesTo":{},"Tags":{"$t":".anonymous"},"VersionLabel":{"$t":"1.0"},"State":{"$t":"CURRENT"},"ProcessGroup":{},"CreatedBy":{"$t":"gstasko@UW-POC.edu"},"CreationDate":{"$t":"2018-10-10T17:10:57Z"},"ModifiedBy":{"$t":"gstasko@UW-POC.edu"},"ModificationDate":{"$t":"2018-10-10T17:27:38Z"},"PublicationStatus":{"$t":"out-of-date"},"PublishedBy":{"$t":"gstasko@UW-POC.edu"},"PublicationDate":{"$t":"2018-10-10T17:27:53Z"},"PublishedContributionId":{"$t":"project:\/spi.Zendesk_Verify_then_Delete_Ticket\/Zendesk_Verify_then_Delete_Ticket.pd.xml"},"AutosaveExists":{"$t":"false"},"Entry":{"process":{"displayName":"Zendesk Verify then Delete Ticket","name":"Zendesk_Verify_then_Delete_Ticket","xmlns":"http:\/\/schemas.active-endpoints.com\/appmodules\/screenflow\/2010\/10\/avosScreenflow.xsd","xmlns$aetgt":"http:\/\/schemas.active-endpoints.com\/appmodules\/repository\/2010\/10\/avrepository.xsd","xmlns$list":"urn:activevos:spi:list:functions","appliesTo":{},"description":{},"tags":{"$t":".anonymous"},"generator":{"$t":"Informatica Process Designer 9"},"input":{"parameter":{"description":"","name":"input Ticket ID","type":"string","options":{"option":{"name":"required","$t":"false"}}}},"output":{"field":{"description":"","name":"Deletion Status","type":"string","options":{"option":{"name":"required","$t":"false"}}}},"notes":{},"deployment":{"suspendOnFault":"false","tracingLevel":"verbose","rest":{"allowAnonymousAccess":{}}},"flow":{"id":"a","start":{"id":"b","link":{"id":"jn3enqko","targetId":"jn3enqkn"}},"service":{"id":"jn3enqkn","title":{"$t":"Search Ticket"},"serviceName":{"$t":"Zendesk-Core-API-actions:Search Ticket"},"serviceGUID":{"$t":"2UX8hRYs1ntiaX5HE3zTmV"},"serviceInput":{"parameter":{"name":"TicketID","source":"field","updatable":"true","$t":"input.input Ticket ID"}},"link":{"id":"jn3enqkw","targetId":"jn3enqkv"}},"container":{"id":"jn3enqkv","type":"exclusive","title":{"$t":"Valid Ticket ID?"},"flow":[{"id":"jn3enqkz","service":{"id":"jn3enqmf","title":{"$t":"Delete Ticket"},"serviceName":{"$t":"Zendesk-Core-API-actions:Delete Ticket"},"serviceGUID":{"$t":"2UX8hRYs1ntiaX5HE3zTmV"},"serviceInput":{"parameter":{"name":"ticketId","source":"field","updatable":"true","$t":"input.input Ticket ID"}},"link":{"id":"jn3enqmg","targetId":"jn3enqlw"}},"assignment":{"id":"jn3enqlw","title":{"$t":"Deletion Successful"},"operation":{"source":"constant","to":"output.Deletion Status","$t":"Ticket successfully deleted"}},"link":{"id":"jn3enql0","targetId":"jn3enqkv","type":"containerLink"}},{"id":"jn3enql2","assignment":{"id":"jn3enqlg","title":{"$t":"No such ticket with that ID"},"operation":{"source":"constant","to":"output.Deletion Status","$t":"Sorry, no such ticket exists."}},"link":{"id":"jn3enql3","targetId":"jn3enqkv","type":"containerLink"}}],"link":[{"id":"jn3enqky","targetId":"jn3enqkz","type":"containerLink","condition":{"source":"formula","function":{"name":"string-equals","arg":[{"name":"left","$t":"{$output.SearchTicketCount}"},{"name":"right","$t":"1"}]}}},{"id":"jn3enql1","targetId":"jn3enql2","type":"containerLink"},{"id":"jn3enqkx","targetId":"c"}]},"end":{"id":"c"}}}},"GUID":{"$t":"6DbYRX0XXOUiUj6jafcO2r"},"DisplayName":{"$t":"Zendesk Verify then Delete Ticket"}}