{"EntryId":{"$t":"xn2H0Fdw8jIw8jI-gt-1885909-2018-10-09T19:01:03.77Z::conn.xml"},"Name":{"$t":"Zendesk-Core-API-actions"},"ParentFlowIds":{"$t":"nbdoEFsWTzIf6ri-gt-2040380-2018-10-10T17:10:57.224Z::pd.xml,VQT53nQciSrZMSP-gt-1869471-2018-10-09T19:12:29.766Z::pd.xml,UigdpIO3M4WwOC2-gt-317434-2018-10-09T19:35:18.749Z::pd.xml,t28ueJEaaaaaaaa-gt-1903873-2018-10-09T19:01:04.314Z::pd.xml"},"MimeType":{"$t":"application\/xml+connection"},"Description":{},"AppliesTo":{},"Tags":{},"VersionLabel":{"$t":"1.0"},"State":{"$t":"CURRENT"},"ProcessGroup":{},"CreatedBy":{"$t":"gstasko@UW-POC.edu"},"CreationDate":{"$t":"2018-10-09T19:01:04Z"},"ModifiedBy":{"$t":"gstasko@UW-POC.edu"},"ModificationDate":{"$t":"2018-10-10T17:42:40Z"},"PublicationStatus":{"$t":"out-of-date"},"PublishedBy":{"$t":"gstasko@UW-POC.edu"},"PublicationDate":{"$t":"2018-10-10T15:34:00Z"},"PublishedContributionId":{"$t":"project:\/rt.connection\/Zendesk-Core-API-actions\/Zendesk-Core-API-actions.conn.xml"},"AutosaveExists":{"$t":"false"},"Entry":{"connection":{"displayName":"Zendesk-Core-API-actions","label":"Zendesk-Core-API-actions","name":"Zendesk-Core-API-actions","xmlns":"http:\/\/schemas.informatica.com\/socrates\/data-services\/2014\/04\/avosConnections.xsd","xmlns$aetgt":"http:\/\/schemas.active-endpoints.com\/appmodules\/repository\/2010\/10\/avrepository.xsd","description":{},"tags":{},"agent":{},"attributes":{"attribute":[{"encrypted":"true","name":"username","value":""},{"encrypted":"true","name":"password","value":""},{"encrypted":"true","name":"subdomain","value":""}]},"businessConnector":{"agentOnly":"false","connectorPath":"project:\/rt.connector\/Zendesk_Core_API\/Zendesk_Core_API_svcDef.xml","name":"Zendesk_Core_API","supportsConnectionTest":"false","uuid":"d7b48e9c-b0a9-4346-bc85-9ca6da5d6543","xmlns":"http:\/\/schemas.informatica.com\/appmodules\/screenflow\/2014\/04\/avosConnectors.xsd","description":{"$t":"This Service Connector provides connectivity to Zendesk System Core API"}}}},"GUID":{"$t":"2UX8hRYs1ntiaX5HE3zTmV"},"DisplayName":{"$t":"Zendesk-Core-API-actions"}}