{"EntryId":{"$t":"UigdpIO3M4WwOC2-gt-317434-2018-10-09T19:35:18.749Z::pd.xml"},"Name":{"$t":"Zendesk_Retrieve_Ticket"},"MimeType":{"$t":"application\/xml+process"},"Description":{},"AppliesTo":{},"Tags":{"$t":".anonymous"},"VersionLabel":{"$t":"1.0"},"State":{"$t":"CURRENT"},"ProcessGroup":{},"CreatedBy":{"$t":"gstasko@UW-POC.edu"},"CreationDate":{"$t":"2018-10-09T19:35:19Z"},"ModifiedBy":{"$t":"gstasko@UW-POC.edu"},"ModificationDate":{"$t":"2018-10-10T15:25:37Z"},"PublicationStatus":{"$t":"out-of-date"},"PublishedBy":{"$t":"gstasko@UW-POC.edu"},"PublicationDate":{"$t":"2018-10-10T15:25:41Z"},"PublishedContributionId":{"$t":"project:\/spi.Zendesk_Retrieve_Ticket\/Zendesk_Retrieve_Ticket.pd.xml"},"AutosaveExists":{"$t":"false"},"Entry":{"process":{"displayName":"Zendesk Retrieve Ticket","name":"Zendesk_Retrieve_Ticket","xmlns":"http:\/\/schemas.active-endpoints.com\/appmodules\/screenflow\/2010\/10\/avosScreenflow.xsd","xmlns$aetgt":"http:\/\/schemas.active-endpoints.com\/appmodules\/repository\/2010\/10\/avrepository.xsd","xmlns$list":"urn:activevos:spi:list:functions","appliesTo":{},"description":{},"tags":{"$t":".anonymous"},"generator":{"$t":"Informatica Process Designer 9"},"input":{"parameter":{"description":"","name":"input_Ticket_ID","required":"true","type":"string","options":{"option":{"name":"required","$t":"false"}}}},"output":{"field":[{"description":"","name":"output_subject","type":"string","options":{"option":{"name":"required","$t":"false"}}},{"description":"","name":"output_priority","type":"string","options":{"option":{"name":"required","$t":"false"}}},{"description":"","name":"output_ID","type":"int","options":{"option":{"name":"required","$t":"false"}}},{"description":"","name":"Echoed_Input_ID","type":"string","options":{"option":{"name":"required","$t":"false"}}}]},"notes":{},"deployment":{"suspendOnFault":"false","tracingLevel":"verbose","rest":{"allowAnonymousAccess":{}}},"flow":{"id":"a","start":{"id":"b","link":{"id":"jn24ghea","targetId":"jn24ghe9"}},"service":{"id":"jn24ghe9","title":{"$t":"Lookup Ticket"},"serviceName":{"$t":"Zendesk-Core-API-actions:Show Ticket"},"serviceGUID":{"$t":"2UX8hRYs1ntiaX5HE3zTmV"},"serviceInput":{"parameter":{"name":"ticketID","source":"field","updatable":"true","$t":"input.input_Ticket_ID"}},"link":{"id":"jn24ghek","targetId":"jn24ghej"}},"assignment":{"id":"jn24ghej","title":{"$t":"Display Subject, Priority, and ID"},"operation":[{"source":"field","to":"output.output_priority","$t":"output.ticket_priority"},{"source":"field","to":"output.output_subject","$t":"output.ticket_subject"},{"source":"field","to":"output.output_ID","$t":"output.ticket_id"},{"source":"field","to":"output.Echoed_Input_ID","$t":"input.input_Ticket_ID"}],"link":{"id":"jn24ghel","targetId":"c"}},"end":{"id":"c"}}}},"GUID":{"$t":"cTO0TpMi1MffsSrZ92fMMF"},"DisplayName":{"$t":"Zendesk Retrieve Ticket"}}