{"EntryId":{"$t":"t28ueJEaaaaaaaa-gt-1903873-2018-10-09T19:01:04.314Z::pd.xml"},"Name":{"$t":"Zendesk_Create_Ticket"},"MimeType":{"$t":"application\/xml+process"},"Description":{"$t":"Create a ticket, with Description, Priority, and Subject being passed in as parameters."},"AppliesTo":{},"Tags":{"$t":".anonymous"},"VersionLabel":{"$t":"1.0"},"State":{"$t":"CURRENT"},"ProcessGroup":{},"CreatedBy":{"$t":"gstasko@UW-POC.edu"},"CreationDate":{"$t":"2018-10-09T19:01:04Z"},"ModifiedBy":{"$t":"gstasko@UW-POC.edu"},"ModificationDate":{"$t":"2018-10-09T19:59:30Z"},"PublicationStatus":{"$t":"out-of-date"},"PublishedBy":{"$t":"gstasko@UW-POC.edu"},"PublicationDate":{"$t":"2018-10-09T19:59:37Z"},"PublishedContributionId":{"$t":"project:\/spi.Zendesk_Create_Ticket\/Zendesk_Create_Ticket.pd.xml"},"AutosaveExists":{"$t":"false"},"Entry":{"process":{"displayName":"Zendesk Create Ticket","name":"Zendesk_Create_Ticket","xmlns":"http:\/\/schemas.active-endpoints.com\/appmodules\/screenflow\/2010\/10\/avosScreenflow.xsd","xmlns$aetgt":"http:\/\/schemas.active-endpoints.com\/appmodules\/repository\/2010\/10\/avrepository.xsd","xmlns$list":"urn:activevos:spi:list:functions","appliesTo":{},"description":{"$t":"Create a ticket, with Description, Priority, and Subject being passed in as parameters."},"tags":{"$t":".anonymous"},"generator":{"$t":"Informatica Process Designer 9"},"input":{"parameter":[{"description":"","name":"Ticket Subject","required":"true","type":"string","options":{"option":{"name":"required","$t":"false"}}},{"description":"","name":"Ticket Description","required":"true","type":"string","options":{"option":{"name":"required","$t":"false"}}},{"description":"","name":"Ticket Priority","required":"true","type":"string","options":{"option":{"name":"required","$t":"false"}}}]},"output":{"field":[{"description":"","name":"output_Ticket ID","type":"string","options":{"option":[{"name":"required","$t":"false"},{"name":"initialvalue","$t":"Not Applicable"}]}},{"description":"","name":"Ticket Information","type":"reference","options":{"option":[{"name":"referenceTo","$t":"Zendesk-Core-API-actions:ticket"},{"name":"required","$t":"false"},{"name":"isCopy","$t":"true"},{"name":"guid","$t":"2UX8hRYs1ntiaX5HE3zTmV"}]}}]},"tempFields":{"field":{"description":"","name":"ticket input","type":"reference","options":{"option":[{"name":"referenceTo","$t":"Zendesk-Core-API-actions:ticket"},{"name":"required","$t":"false"},{"name":"isCopy","$t":"true"},{"name":"guid","$t":"2UX8hRYs1ntiaX5HE3zTmV"}]}}},"notes":{},"deployment":{"suspendOnFault":"false","tracingLevel":"verbose","rest":{"allowAnonymousAccess":{}}},"flow":{"id":"a","start":{"id":"b","link":{"id":"jmu5t2xn","targetId":"jmu5t2xm"}},"service":{"id":"jmu5t2xm","title":{"$t":"Create Ticket"},"serviceName":{"$t":"Zendesk-Core-API-actions:Create Ticket"},"serviceGUID":{"$t":"2UX8hRYs1ntiaX5HE3zTmV"},"serviceInput":{"parameter":{"name":"ticket","source":"formula","expression":{"language":"XQuery","$t":"<ticket>\n   <subject>{$input.TicketSubject}<\/subject> \n   <description>{$input.TicketDescription}<\/description>\n   <priority>{$input.TicketPriority}<\/priority>\n<\/ticket>\n"}}},"link":{"id":"jn23u5tf","targetId":"jn23u5ta"}},"assignment":{"id":"jn23u5ta","title":{"$t":"Display ID of ticket"},"operation":{"source":"field","to":"output.output_Ticket ID","$t":"output.Created Ticket ID"},"link":{"id":"jn23u5tc","targetId":"c"}},"end":{"id":"c"}}}},"GUID":{"$t":"fVDbKzkegSog9KicqXSYGy"},"DisplayName":{"$t":"Zendesk Create Ticket"}}