<aetgt:getResponse xmlns:aetgt="http://schemas.active-endpoints.com/appmodules/repository/2010/10/avrepository.xsd"
                   xmlns:types1="http://schemas.active-endpoints.com/appmodules/repository/2010/10/avrepository.xsd">
   <types1:Item>
      <types1:EntryId>JHQjATO9pH8sVYx-gt-11136001-2020-01-07T13:17:35.579Z::svc.xml</types1:EntryId>
      <types1:Name>Salesforce_Apex_SOAP_API_v47</types1:Name>
      <types1:MimeType>application/xml+businesssconnector</types1:MimeType>
      <types1:Description/>
      <types1:AppliesTo/>
      <types1:Tags/>
      <types1:VersionLabel>1.0</types1:VersionLabel>
      <types1:State>CURRENT</types1:State>
      <types1:ProcessGroup/>
      <types1:CreatedBy>sorabh@na1.dm-us.org</types1:CreatedBy>
      <types1:CreationDate>2020-01-07T13:17:36Z</types1:CreationDate>
      <types1:ModifiedBy/>
      <types1:PublicationStatus>published</types1:PublicationStatus>
      <types1:PublishedBy>sorabh@na1.dm-us.org</types1:PublishedBy>
      <types1:PublicationDate>2020-01-07T13:17:44Z</types1:PublicationDate>
      <types1:PublishedContributionId>project:/rt.connector/Salesforce_Apex_SOAP_API_v47/Salesforce_Apex_SOAP_API_v47_svcDef.xml</types1:PublishedContributionId>
      <types1:AutosaveExists>false</types1:AutosaveExists>
      <types1:Entry>
         <businessConnector xmlns="http://schemas.informatica.com/socrates/data-services/2014/05/business-connector-model.xsd"
                            agentOnly="false"
                            debug="false"
                            displayName="Salesforce Apex SOAP API v47"
                            label=""
                            name="Salesforce_Apex_SOAP_API_v47"
                            uuid="2b4e1bd3-4c45-47fa-a5cc-283bd6addd28">
            <description/>
            <tags/>
            <connectionAttributes xmlns="http://schemas.informatica.com/appmodules/screenflow/2014/04/avosConnectors.xsd"/>
            <actions>
               <action category=""
                       failOnError="true"
                       forSearch="false"
                       isAbstract="true"
                       label="BaseAction"
                       maxRedirects="100"
                       name="BaseAction"
                       preemptiveAuth="true"
                       responseEncoding="">
                  <description/>
                  <input/>
                  <binding>
                     <restSimpleBinding multiUsing="semicolonSeparated"
                                        url="https://login.salesforce.com/services/Soap/s/47.0"
                                        verb="POST">
                        <httpHeaders>
                           <header name="Content-Type">text/xml; charset=utf-8</header>
                        </httpHeaders>
                        <body/>
                     </restSimpleBinding>
                  </binding>
                  <output/>
               </action>
               <action category=""
                       failOnError="true"
                       forSearch="false"
                       inherits="BaseAction"
                       label="compileAndTest"
                       maxRedirects="100"
                       name="compileAndTest"
                       preemptiveAuth="true"
                       responseEncoding="">
                  <description/>
                  <inheritanceMetadata>
                     <section type="output">
                        <section type="outputFields"/>
                     </section>
                     <section type="restSimpleBinding">
                        <section type="body">
                           <attribute inherit="overwrite" name="content" type="content"/>
                        </section>
                        <section type="httpHeaders">
                           <attribute inherit="inherit" name="Content-Type" type="header"/>
                        </section>
                        <section type="otherParams"/>
                     </section>
                  </inheritanceMetadata>
                  <input>
                     <parameter name="compileAndTest"
                                required="false"
                                testWith=""
                                type="reference">
                        <options>
                           <option name="referenceTo">CompileAndTest_AnonymousType</option>
                        </options>
                     </parameter>
                     <parameter name="SessionHeader"
                                required="false"
                                testWith=""
                                type="reference">
                        <options>
                           <option name="referenceTo">SessionHeader_AnonymousType</option>
                        </options>
                     </parameter>
                     <parameter name="DebuggingHeader"
                                required="false"
                                testWith=""
                                type="reference">
                        <options>
                           <option name="referenceTo">DebuggingHeader_AnonymousType</option>
                        </options>
                     </parameter>
                     <parameter name="PackageVersionHeader"
                                required="false"
                                testWith=""
                                type="reference">
                        <options>
                           <option name="referenceTo">PackageVersionHeader_AnonymousType</option>
                        </options>
                     </parameter>
                     <parameter name="CallOptions"
                                required="false"
                                testWith=""
                                type="reference">
                        <options>
                           <option name="referenceTo">CallOptions_AnonymousType</option>
                        </options>
                     </parameter>
                  </input>
                  <binding>
                     <restSimpleBinding url="https://login.salesforce.com/services/Soap/s/47.0" verb="POST">
                        <httpHeaders>
                           <header name="SOAPAction">""</header>
                        </httpHeaders>
                        <body>&lt;soap:Envelope xmlns:soap="http://schemas.xmlsoap.org/soap/envelope/"&gt;
   &lt;soap:Header&gt;
      &lt;ns:SessionHeader xmlns:ns="http://soap.sforce.com/2006/08/apex"&gt;
            &lt;ns:sessionId&gt;{$SessionHeader/sessionId/text()}&lt;/ns:sessionId&gt;
        &lt;/ns:SessionHeader&gt;
      &lt;ns:DebuggingHeader xmlns:ns="http://soap.sforce.com/2006/08/apex"&gt;
            {
                for $categories in $DebuggingHeader/categories
                return
                &lt;ns:categories&gt;
                    &lt;ns:category&gt;{$categories/category/text()}&lt;/ns:category&gt;
                    &lt;ns:level&gt;{$categories/level/text()}&lt;/ns:level&gt;
                &lt;/ns:categories&gt;
            }
            &lt;ns:debugLevel&gt;{$DebuggingHeader/debugLevel/text()}&lt;/ns:debugLevel&gt;
        &lt;/ns:DebuggingHeader&gt;
      &lt;ns:PackageVersionHeader xmlns:ns="http://soap.sforce.com/2006/08/apex"&gt;
            {
                for $packageVersions in $PackageVersionHeader/packageVersions
                return
                &lt;ns:packageVersions&gt;
                    &lt;ns:majorNumber&gt;{$packageVersions/majorNumber/text()}&lt;/ns:majorNumber&gt;
                    &lt;ns:minorNumber&gt;{$packageVersions/minorNumber/text()}&lt;/ns:minorNumber&gt;
                    &lt;ns:namespace&gt;{$packageVersions/namespace/text()}&lt;/ns:namespace&gt;
                &lt;/ns:packageVersions&gt;
            }
        &lt;/ns:PackageVersionHeader&gt;
      &lt;ns:CallOptions xmlns:ns="http://soap.sforce.com/2006/08/apex"&gt;
            &lt;ns:client&gt;{$CallOptions/client/text()}&lt;/ns:client&gt;
        &lt;/ns:CallOptions&gt;
   &lt;/soap:Header&gt;
   &lt;soap:Body&gt;
      &lt;ns:compileAndTest xmlns:ns="http://soap.sforce.com/2006/08/apex"&gt;
            &lt;ns:CompileAndTestRequest&gt;
                &lt;ns:checkOnly&gt;{$compileAndTest/CompileAndTestRequest/checkOnly/text()}&lt;/ns:checkOnly&gt;
                {
                    for $classes in $compileAndTest/CompileAndTestRequest/classes
                    return
                    &lt;ns:classes&gt;{$classes/text()}&lt;/ns:classes&gt;
                }
                
                {
                    for $deleteClasses in $compileAndTest/CompileAndTestRequest/deleteClasses
                    return
                    &lt;ns:deleteClasses&gt;{$deleteClasses/text()}&lt;/ns:deleteClasses&gt;
                }
                
                {
                    for $deleteTriggers in $compileAndTest/CompileAndTestRequest/deleteTriggers
                    return
                    &lt;ns:deleteTriggers&gt;{$deleteTriggers/text()}&lt;/ns:deleteTriggers&gt;
                }
                &lt;ns:runTestsRequest&gt;
                    &lt;ns:allTests&gt;{$compileAndTest/CompileAndTestRequest/runTestsRequest/allTests/text()}&lt;/ns:allTests&gt;
                    {
                        for $classes in $compileAndTest/CompileAndTestRequest/runTestsRequest/classes
                        return
                        &lt;ns:classes&gt;{$classes/text()}&lt;/ns:classes&gt;
                    }
                    &lt;ns:maxFailedTests&gt;{$compileAndTest/CompileAndTestRequest/runTestsRequest/maxFailedTests/text()}&lt;/ns:maxFailedTests&gt;
                    &lt;ns:namespace&gt;{$compileAndTest/CompileAndTestRequest/runTestsRequest/namespace/text()}&lt;/ns:namespace&gt;
                    {
                        for $packages in $compileAndTest/CompileAndTestRequest/runTestsRequest/packages
                        return
                        &lt;ns:packages&gt;{$packages/text()}&lt;/ns:packages&gt;
                    }
                    &lt;ns:skipCodeCoverage&gt;{$compileAndTest/CompileAndTestRequest/runTestsRequest/skipCodeCoverage/text()}&lt;/ns:skipCodeCoverage&gt;
                    {
                        for $tests in $compileAndTest/CompileAndTestRequest/runTestsRequest/tests
                        return
                        &lt;ns:tests&gt;
                            &lt;ns:classId&gt;{$tests/classId/text()}&lt;/ns:classId&gt;
                            &lt;ns:className&gt;{$tests/className/text()}&lt;/ns:className&gt;
                            {
                                for $testMethods in $tests/testMethods
                                return
                                &lt;ns:testMethods&gt;{$testMethods/text()}&lt;/ns:testMethods&gt;
                            }
                        &lt;/ns:tests&gt;
                    }
                &lt;/ns:runTestsRequest&gt;
                {
                    for $triggers in $compileAndTest/CompileAndTestRequest/triggers
                    return
                    &lt;ns:triggers&gt;{$triggers/text()}&lt;/ns:triggers&gt;
                }
            &lt;/ns:CompileAndTestRequest&gt;
        &lt;/ns:compileAndTest&gt;
   &lt;/soap:Body&gt;
&lt;/soap:Envelope&gt;</body>
                     </restSimpleBinding>
                  </binding>
                  <output>
                     <field description="" name="compileAndTestResponse" type="reference">
                        <options>
                           <option name="referenceTo">CompileAndTestResponse_AnonymousType</option>
                        </options>
                        <xquery>{util:simplifyXml(//*[local-name()='compileAndTestResponse'])}</xquery>
                     </field>
                  </output>
               </action>
               <action category=""
                       failOnError="true"
                       forSearch="false"
                       inherits="BaseAction"
                       label="compileClasses"
                       maxRedirects="100"
                       name="compileClasses"
                       preemptiveAuth="true"
                       responseEncoding="">
                  <description/>
                  <inheritanceMetadata>
                     <section type="output">
                        <section type="outputFields"/>
                     </section>
                     <section type="restSimpleBinding">
                        <section type="body">
                           <attribute inherit="overwrite" name="content" type="content"/>
                        </section>
                        <section type="httpHeaders">
                           <attribute inherit="inherit" name="Content-Type" type="header"/>
                        </section>
                        <section type="otherParams"/>
                     </section>
                  </inheritanceMetadata>
                  <input>
                     <parameter name="compileClasses"
                                required="false"
                                testWith=""
                                type="reference">
                        <options>
                           <option name="referenceTo">CompileClasses_AnonymousType</option>
                        </options>
                     </parameter>
                     <parameter name="SessionHeader"
                                required="false"
                                testWith=""
                                type="reference">
                        <options>
                           <option name="referenceTo">SessionHeader_AnonymousType</option>
                        </options>
                     </parameter>
                     <parameter name="PackageVersionHeader"
                                required="false"
                                testWith=""
                                type="reference">
                        <options>
                           <option name="referenceTo">PackageVersionHeader_AnonymousType</option>
                        </options>
                     </parameter>
                     <parameter name="CallOptions"
                                required="false"
                                testWith=""
                                type="reference">
                        <options>
                           <option name="referenceTo">CallOptions_AnonymousType</option>
                        </options>
                     </parameter>
                  </input>
                  <binding>
                     <restSimpleBinding url="https://login.salesforce.com/services/Soap/s/47.0" verb="POST">
                        <httpHeaders>
                           <header name="SOAPAction">""</header>
                        </httpHeaders>
                        <body>&lt;soap:Envelope xmlns:soap="http://schemas.xmlsoap.org/soap/envelope/"&gt;
   &lt;soap:Header&gt;
      &lt;ns:SessionHeader xmlns:ns="http://soap.sforce.com/2006/08/apex"&gt;
            &lt;ns:sessionId&gt;{$SessionHeader/sessionId/text()}&lt;/ns:sessionId&gt;
        &lt;/ns:SessionHeader&gt;
      &lt;ns:PackageVersionHeader xmlns:ns="http://soap.sforce.com/2006/08/apex"&gt;
            {
                for $packageVersions in $PackageVersionHeader/packageVersions
                return
                &lt;ns:packageVersions&gt;
                    &lt;ns:majorNumber&gt;{$packageVersions/majorNumber/text()}&lt;/ns:majorNumber&gt;
                    &lt;ns:minorNumber&gt;{$packageVersions/minorNumber/text()}&lt;/ns:minorNumber&gt;
                    &lt;ns:namespace&gt;{$packageVersions/namespace/text()}&lt;/ns:namespace&gt;
                &lt;/ns:packageVersions&gt;
            }
        &lt;/ns:PackageVersionHeader&gt;
      &lt;ns:CallOptions xmlns:ns="http://soap.sforce.com/2006/08/apex"&gt;
            &lt;ns:client&gt;{$CallOptions/client/text()}&lt;/ns:client&gt;
        &lt;/ns:CallOptions&gt;
   &lt;/soap:Header&gt;
   &lt;soap:Body&gt;
      &lt;ns:compileClasses xmlns:ns="http://soap.sforce.com/2006/08/apex"&gt;
            {
                for $scripts in $compileClasses/scripts
                return
                &lt;ns:scripts&gt;{$scripts/text()}&lt;/ns:scripts&gt;
            }
        &lt;/ns:compileClasses&gt;
   &lt;/soap:Body&gt;
&lt;/soap:Envelope&gt;</body>
                     </restSimpleBinding>
                  </binding>
                  <output>
                     <field description="" name="compileClassesResponse" type="reference">
                        <options>
                           <option name="referenceTo">CompileClassesResponse_AnonymousType</option>
                        </options>
                        <xquery>{util:simplifyXml(//*[local-name()='compileClassesResponse'])}</xquery>
                     </field>
                  </output>
               </action>
               <action category=""
                       failOnError="true"
                       forSearch="false"
                       inherits="BaseAction"
                       label="compileTriggers"
                       maxRedirects="100"
                       name="compileTriggers"
                       preemptiveAuth="true"
                       responseEncoding="">
                  <description/>
                  <inheritanceMetadata>
                     <section type="output">
                        <section type="outputFields"/>
                     </section>
                     <section type="restSimpleBinding">
                        <section type="body">
                           <attribute inherit="overwrite" name="content" type="content"/>
                        </section>
                        <section type="httpHeaders">
                           <attribute inherit="inherit" name="Content-Type" type="header"/>
                        </section>
                        <section type="otherParams"/>
                     </section>
                  </inheritanceMetadata>
                  <input>
                     <parameter name="compileTriggers"
                                required="false"
                                testWith=""
                                type="reference">
                        <options>
                           <option name="referenceTo">CompileTriggers_AnonymousType</option>
                        </options>
                     </parameter>
                     <parameter name="SessionHeader"
                                required="false"
                                testWith=""
                                type="reference">
                        <options>
                           <option name="referenceTo">SessionHeader_AnonymousType</option>
                        </options>
                     </parameter>
                     <parameter name="PackageVersionHeader"
                                required="false"
                                testWith=""
                                type="reference">
                        <options>
                           <option name="referenceTo">PackageVersionHeader_AnonymousType</option>
                        </options>
                     </parameter>
                     <parameter name="CallOptions"
                                required="false"
                                testWith=""
                                type="reference">
                        <options>
                           <option name="referenceTo">CallOptions_AnonymousType</option>
                        </options>
                     </parameter>
                  </input>
                  <binding>
                     <restSimpleBinding url="https://login.salesforce.com/services/Soap/s/47.0" verb="POST">
                        <httpHeaders>
                           <header name="SOAPAction">""</header>
                        </httpHeaders>
                        <body>&lt;soap:Envelope xmlns:soap="http://schemas.xmlsoap.org/soap/envelope/"&gt;
   &lt;soap:Header&gt;
      &lt;ns:SessionHeader xmlns:ns="http://soap.sforce.com/2006/08/apex"&gt;
            &lt;ns:sessionId&gt;{$SessionHeader/sessionId/text()}&lt;/ns:sessionId&gt;
        &lt;/ns:SessionHeader&gt;
      &lt;ns:PackageVersionHeader xmlns:ns="http://soap.sforce.com/2006/08/apex"&gt;
            {
                for $packageVersions in $PackageVersionHeader/packageVersions
                return
                &lt;ns:packageVersions&gt;
                    &lt;ns:majorNumber&gt;{$packageVersions/majorNumber/text()}&lt;/ns:majorNumber&gt;
                    &lt;ns:minorNumber&gt;{$packageVersions/minorNumber/text()}&lt;/ns:minorNumber&gt;
                    &lt;ns:namespace&gt;{$packageVersions/namespace/text()}&lt;/ns:namespace&gt;
                &lt;/ns:packageVersions&gt;
            }
        &lt;/ns:PackageVersionHeader&gt;
      &lt;ns:CallOptions xmlns:ns="http://soap.sforce.com/2006/08/apex"&gt;
            &lt;ns:client&gt;{$CallOptions/client/text()}&lt;/ns:client&gt;
        &lt;/ns:CallOptions&gt;
   &lt;/soap:Header&gt;
   &lt;soap:Body&gt;
      &lt;ns:compileTriggers xmlns:ns="http://soap.sforce.com/2006/08/apex"&gt;
            {
                for $scripts in $compileTriggers/scripts
                return
                &lt;ns:scripts&gt;{$scripts/text()}&lt;/ns:scripts&gt;
            }
        &lt;/ns:compileTriggers&gt;
   &lt;/soap:Body&gt;
&lt;/soap:Envelope&gt;</body>
                     </restSimpleBinding>
                  </binding>
                  <output>
                     <field description="" name="compileTriggersResponse" type="reference">
                        <options>
                           <option name="referenceTo">CompileTriggersResponse_AnonymousType</option>
                        </options>
                        <xquery>{util:simplifyXml(//*[local-name()='compileTriggersResponse'])}</xquery>
                     </field>
                  </output>
               </action>
               <action category=""
                       failOnError="true"
                       forSearch="false"
                       inherits="BaseAction"
                       label="executeAnonymous"
                       maxRedirects="100"
                       name="executeAnonymous"
                       preemptiveAuth="true"
                       responseEncoding="">
                  <description/>
                  <inheritanceMetadata>
                     <section type="output">
                        <section type="outputFields"/>
                     </section>
                     <section type="restSimpleBinding">
                        <section type="body">
                           <attribute inherit="overwrite" name="content" type="content"/>
                        </section>
                        <section type="httpHeaders">
                           <attribute inherit="inherit" name="Content-Type" type="header"/>
                        </section>
                        <section type="otherParams"/>
                     </section>
                  </inheritanceMetadata>
                  <input>
                     <parameter name="executeAnonymous"
                                required="false"
                                testWith=""
                                type="reference">
                        <options>
                           <option name="referenceTo">ExecuteAnonymous_AnonymousType</option>
                        </options>
                     </parameter>
                     <parameter name="SessionHeader"
                                required="false"
                                testWith=""
                                type="reference">
                        <options>
                           <option name="referenceTo">SessionHeader_AnonymousType</option>
                        </options>
                     </parameter>
                     <parameter name="DebuggingHeader"
                                required="false"
                                testWith=""
                                type="reference">
                        <options>
                           <option name="referenceTo">DebuggingHeader_AnonymousType</option>
                        </options>
                     </parameter>
                     <parameter name="PackageVersionHeader"
                                required="false"
                                testWith=""
                                type="reference">
                        <options>
                           <option name="referenceTo">PackageVersionHeader_AnonymousType</option>
                        </options>
                     </parameter>
                     <parameter name="CallOptions"
                                required="false"
                                testWith=""
                                type="reference">
                        <options>
                           <option name="referenceTo">CallOptions_AnonymousType</option>
                        </options>
                     </parameter>
                     <parameter name="AllowFieldTruncationHeader"
                                required="false"
                                testWith=""
                                type="reference">
                        <options>
                           <option name="referenceTo">AllowFieldTruncationHeader_AnonymousType</option>
                        </options>
                     </parameter>
                     <parameter name="DisableFeedTrackingHeader"
                                required="false"
                                testWith=""
                                type="reference">
                        <options>
                           <option name="referenceTo">DisableFeedTrackingHeader_AnonymousType</option>
                        </options>
                     </parameter>
                  </input>
                  <binding>
                     <restSimpleBinding url="https://login.salesforce.com/services/Soap/s/47.0" verb="POST">
                        <httpHeaders>
                           <header name="SOAPAction">""</header>
                        </httpHeaders>
                        <body>&lt;soap:Envelope xmlns:soap="http://schemas.xmlsoap.org/soap/envelope/"&gt;
   &lt;soap:Header&gt;
      &lt;ns:SessionHeader xmlns:ns="http://soap.sforce.com/2006/08/apex"&gt;
            &lt;ns:sessionId&gt;{$SessionHeader/sessionId/text()}&lt;/ns:sessionId&gt;
        &lt;/ns:SessionHeader&gt;
      &lt;ns:DebuggingHeader xmlns:ns="http://soap.sforce.com/2006/08/apex"&gt;
            {
                for $categories in $DebuggingHeader/categories
                return
                &lt;ns:categories&gt;
                    &lt;ns:category&gt;{$categories/category/text()}&lt;/ns:category&gt;
                    &lt;ns:level&gt;{$categories/level/text()}&lt;/ns:level&gt;
                &lt;/ns:categories&gt;
            }
            &lt;ns:debugLevel&gt;{$DebuggingHeader/debugLevel/text()}&lt;/ns:debugLevel&gt;
        &lt;/ns:DebuggingHeader&gt;
      &lt;ns:PackageVersionHeader xmlns:ns="http://soap.sforce.com/2006/08/apex"&gt;
            {
                for $packageVersions in $PackageVersionHeader/packageVersions
                return
                &lt;ns:packageVersions&gt;
                    &lt;ns:majorNumber&gt;{$packageVersions/majorNumber/text()}&lt;/ns:majorNumber&gt;
                    &lt;ns:minorNumber&gt;{$packageVersions/minorNumber/text()}&lt;/ns:minorNumber&gt;
                    &lt;ns:namespace&gt;{$packageVersions/namespace/text()}&lt;/ns:namespace&gt;
                &lt;/ns:packageVersions&gt;
            }
        &lt;/ns:PackageVersionHeader&gt;
      &lt;ns:CallOptions xmlns:ns="http://soap.sforce.com/2006/08/apex"&gt;
            &lt;ns:client&gt;{$CallOptions/client/text()}&lt;/ns:client&gt;
        &lt;/ns:CallOptions&gt;
      &lt;ns:AllowFieldTruncationHeader xmlns:ns="http://soap.sforce.com/2006/08/apex"&gt;
            &lt;ns:allowFieldTruncation&gt;{$AllowFieldTruncationHeader/allowFieldTruncation/text()}&lt;/ns:allowFieldTruncation&gt;
        &lt;/ns:AllowFieldTruncationHeader&gt;
      &lt;ns:DisableFeedTrackingHeader xmlns:ns="http://soap.sforce.com/2006/08/apex"&gt;
            &lt;ns:disableFeedTracking&gt;{$DisableFeedTrackingHeader/disableFeedTracking/text()}&lt;/ns:disableFeedTracking&gt;
        &lt;/ns:DisableFeedTrackingHeader&gt;
   &lt;/soap:Header&gt;
   &lt;soap:Body&gt;
      &lt;ns:executeAnonymous xmlns:ns="http://soap.sforce.com/2006/08/apex"&gt;
            &lt;ns:String&gt;{$executeAnonymous/String/text()}&lt;/ns:String&gt;
        &lt;/ns:executeAnonymous&gt;
   &lt;/soap:Body&gt;
&lt;/soap:Envelope&gt;</body>
                     </restSimpleBinding>
                  </binding>
                  <output>
                     <field description="" name="executeAnonymousResponse" type="reference">
                        <options>
                           <option name="referenceTo">ExecuteAnonymousResponse_AnonymousType</option>
                        </options>
                        <xquery>{util:simplifyXml(//*[local-name()='executeAnonymousResponse'])}</xquery>
                     </field>
                  </output>
               </action>
               <action category=""
                       failOnError="true"
                       forSearch="false"
                       inherits="BaseAction"
                       label="runTests"
                       maxRedirects="100"
                       name="runTests"
                       preemptiveAuth="true"
                       responseEncoding="">
                  <description/>
                  <inheritanceMetadata>
                     <section type="output">
                        <section type="outputFields"/>
                     </section>
                     <section type="restSimpleBinding">
                        <section type="body">
                           <attribute inherit="overwrite" name="content" type="content"/>
                        </section>
                        <section type="httpHeaders">
                           <attribute inherit="inherit" name="Content-Type" type="header"/>
                        </section>
                        <section type="otherParams"/>
                     </section>
                  </inheritanceMetadata>
                  <input>
                     <parameter name="runTests" required="false" testWith="" type="reference">
                        <options>
                           <option name="referenceTo">RunTests_AnonymousType</option>
                        </options>
                     </parameter>
                     <parameter name="SessionHeader"
                                required="false"
                                testWith=""
                                type="reference">
                        <options>
                           <option name="referenceTo">SessionHeader_AnonymousType</option>
                        </options>
                     </parameter>
                     <parameter name="DebuggingHeader"
                                required="false"
                                testWith=""
                                type="reference">
                        <options>
                           <option name="referenceTo">DebuggingHeader_AnonymousType</option>
                        </options>
                     </parameter>
                     <parameter name="CallOptions"
                                required="false"
                                testWith=""
                                type="reference">
                        <options>
                           <option name="referenceTo">CallOptions_AnonymousType</option>
                        </options>
                     </parameter>
                  </input>
                  <binding>
                     <restSimpleBinding url="https://login.salesforce.com/services/Soap/s/47.0" verb="POST">
                        <httpHeaders>
                           <header name="SOAPAction">""</header>
                        </httpHeaders>
                        <body>&lt;soap:Envelope xmlns:soap="http://schemas.xmlsoap.org/soap/envelope/"&gt;
   &lt;soap:Header&gt;
      &lt;ns:SessionHeader xmlns:ns="http://soap.sforce.com/2006/08/apex"&gt;
            &lt;ns:sessionId&gt;{$SessionHeader/sessionId/text()}&lt;/ns:sessionId&gt;
        &lt;/ns:SessionHeader&gt;
      &lt;ns:DebuggingHeader xmlns:ns="http://soap.sforce.com/2006/08/apex"&gt;
            {
                for $categories in $DebuggingHeader/categories
                return
                &lt;ns:categories&gt;
                    &lt;ns:category&gt;{$categories/category/text()}&lt;/ns:category&gt;
                    &lt;ns:level&gt;{$categories/level/text()}&lt;/ns:level&gt;
                &lt;/ns:categories&gt;
            }
            &lt;ns:debugLevel&gt;{$DebuggingHeader/debugLevel/text()}&lt;/ns:debugLevel&gt;
        &lt;/ns:DebuggingHeader&gt;
      &lt;ns:CallOptions xmlns:ns="http://soap.sforce.com/2006/08/apex"&gt;
            &lt;ns:client&gt;{$CallOptions/client/text()}&lt;/ns:client&gt;
        &lt;/ns:CallOptions&gt;
   &lt;/soap:Header&gt;
   &lt;soap:Body&gt;
      &lt;ns:runTests xmlns:ns="http://soap.sforce.com/2006/08/apex"&gt;
            &lt;ns:RunTestsRequest&gt;
                &lt;ns:allTests&gt;{$runTests/RunTestsRequest/allTests/text()}&lt;/ns:allTests&gt;
                {
                    for $classes in $runTests/RunTestsRequest/classes
                    return
                    &lt;ns:classes&gt;{$classes/text()}&lt;/ns:classes&gt;
                }
                &lt;ns:maxFailedTests&gt;{$runTests/RunTestsRequest/maxFailedTests/text()}&lt;/ns:maxFailedTests&gt;
                &lt;ns:namespace&gt;{$runTests/RunTestsRequest/namespace/text()}&lt;/ns:namespace&gt;
                {
                    for $packages in $runTests/RunTestsRequest/packages
                    return
                    &lt;ns:packages&gt;{$packages/text()}&lt;/ns:packages&gt;
                }
                &lt;ns:skipCodeCoverage&gt;{$runTests/RunTestsRequest/skipCodeCoverage/text()}&lt;/ns:skipCodeCoverage&gt;
                {
                    for $tests in $runTests/RunTestsRequest/tests
                    return
                    &lt;ns:tests&gt;
                        &lt;ns:classId&gt;{$tests/classId/text()}&lt;/ns:classId&gt;
                        &lt;ns:className&gt;{$tests/className/text()}&lt;/ns:className&gt;
                        {
                            for $testMethods in $tests/testMethods
                            return
                            &lt;ns:testMethods&gt;{$testMethods/text()}&lt;/ns:testMethods&gt;
                        }
                    &lt;/ns:tests&gt;
                }
            &lt;/ns:RunTestsRequest&gt;
        &lt;/ns:runTests&gt;
   &lt;/soap:Body&gt;
&lt;/soap:Envelope&gt;</body>
                     </restSimpleBinding>
                  </binding>
                  <output>
                     <field description="" name="runTestsResponse" type="reference">
                        <options>
                           <option name="referenceTo">RunTestsResponse_AnonymousType</option>
                        </options>
                        <xquery>{util:simplifyXml(//*[local-name()='runTestsResponse'])}</xquery>
                     </field>
                  </output>
               </action>
               <action category=""
                       failOnError="true"
                       forSearch="false"
                       inherits="BaseAction"
                       label="wsdlToApex"
                       maxRedirects="100"
                       name="wsdlToApex"
                       preemptiveAuth="true"
                       responseEncoding="">
                  <description/>
                  <inheritanceMetadata>
                     <section type="output">
                        <section type="outputFields"/>
                     </section>
                     <section type="restSimpleBinding">
                        <section type="body">
                           <attribute inherit="overwrite" name="content" type="content"/>
                        </section>
                        <section type="httpHeaders">
                           <attribute inherit="inherit" name="Content-Type" type="header"/>
                        </section>
                        <section type="otherParams"/>
                     </section>
                  </inheritanceMetadata>
                  <input>
                     <parameter name="wsdlToApex" required="false" testWith="" type="reference">
                        <options>
                           <option name="referenceTo">WsdlToApex_AnonymousType</option>
                        </options>
                     </parameter>
                     <parameter name="SessionHeader"
                                required="false"
                                testWith=""
                                type="reference">
                        <options>
                           <option name="referenceTo">SessionHeader_AnonymousType</option>
                        </options>
                     </parameter>
                     <parameter name="CallOptions"
                                required="false"
                                testWith=""
                                type="reference">
                        <options>
                           <option name="referenceTo">CallOptions_AnonymousType</option>
                        </options>
                     </parameter>
                  </input>
                  <binding>
                     <restSimpleBinding url="https://login.salesforce.com/services/Soap/s/47.0" verb="POST">
                        <httpHeaders>
                           <header name="SOAPAction">""</header>
                        </httpHeaders>
                        <body>&lt;soap:Envelope xmlns:soap="http://schemas.xmlsoap.org/soap/envelope/"&gt;
   &lt;soap:Header&gt;
      &lt;ns:SessionHeader xmlns:ns="http://soap.sforce.com/2006/08/apex"&gt;
            &lt;ns:sessionId&gt;{$SessionHeader/sessionId/text()}&lt;/ns:sessionId&gt;
        &lt;/ns:SessionHeader&gt;
      &lt;ns:CallOptions xmlns:ns="http://soap.sforce.com/2006/08/apex"&gt;
            &lt;ns:client&gt;{$CallOptions/client/text()}&lt;/ns:client&gt;
        &lt;/ns:CallOptions&gt;
   &lt;/soap:Header&gt;
   &lt;soap:Body&gt;
      &lt;ns:wsdlToApex xmlns:ns="http://soap.sforce.com/2006/08/apex"&gt;
            &lt;ns:info&gt;
                {
                    for $mapping in $wsdlToApex/info/mapping
                    return
                    &lt;ns:mapping&gt;
                        &lt;ns:namespace&gt;{$mapping/namespace/text()}&lt;/ns:namespace&gt;
                        &lt;ns:packageName&gt;{$mapping/packageName/text()}&lt;/ns:packageName&gt;
                    &lt;/ns:mapping&gt;
                }
                &lt;ns:wsdl&gt;{$wsdlToApex/info/wsdl/text()}&lt;/ns:wsdl&gt;
            &lt;/ns:info&gt;
        &lt;/ns:wsdlToApex&gt;
   &lt;/soap:Body&gt;
&lt;/soap:Envelope&gt;</body>
                     </restSimpleBinding>
                  </binding>
                  <output>
                     <field description="" name="wsdlToApexResponse" type="reference">
                        <options>
                           <option name="referenceTo">WsdlToApexResponse_AnonymousType</option>
                        </options>
                        <xquery>{util:simplifyXml(//*[local-name()='wsdlToApexResponse'])}</xquery>
                     </field>
                  </output>
               </action>
            </actions>
            <objects>
               <processObject xmlns="http://schemas.active-endpoints.com/appmodules/screenflow/2011/06/avosHostEnvironment.xsd"
                              isByCopy="true"
                              name="AllowFieldTruncationHeader_AnonymousType">
                  <description/>
                  <detail>
                     <field name="allowFieldTruncation" type="boolean"/>
                  </detail>
               </processObject>
               <processObject xmlns="http://schemas.active-endpoints.com/appmodules/screenflow/2011/06/avosHostEnvironment.xsd"
                              isByCopy="true"
                              name="CallOptions_AnonymousType">
                  <description/>
                  <detail>
                     <field name="client" type="string"/>
                  </detail>
               </processObject>
               <processObject xmlns="http://schemas.active-endpoints.com/appmodules/screenflow/2011/06/avosHostEnvironment.xsd"
                              isByCopy="true"
                              name="CodeCoverageResult">
                  <description/>
                  <detail>
                     <field name="id" type="string"/>
                     <field name="name" type="string"/>
                     <field name="namespace" type="string"/>
                     <field name="numLocations" type="double"/>
                     <field name="numLocationsNotCovered" type="double"/>
                     <field name="type" type="string"/>
                     <field name="locationsNotCovered" type="objectlist">
                        <options>
                           <option name="referenceTo">CodeLocation</option>
                           <option name="relationshipName">Child</option>
                        </options>
                     </field>
                  </detail>
               </processObject>
               <processObject xmlns="http://schemas.active-endpoints.com/appmodules/screenflow/2011/06/avosHostEnvironment.xsd"
                              isByCopy="true"
                              name="CodeCoverageWarning">
                  <description/>
                  <detail>
                     <field name="id" type="string"/>
                     <field name="message" type="string"/>
                     <field name="name" type="string"/>
                     <field name="namespace" type="string"/>
                  </detail>
               </processObject>
               <processObject xmlns="http://schemas.active-endpoints.com/appmodules/screenflow/2011/06/avosHostEnvironment.xsd"
                              isByCopy="true"
                              name="CodeLocation">
                  <description/>
                  <detail>
                     <field name="column" type="double"/>
                     <field name="line" type="double"/>
                     <field name="numExecutions" type="double"/>
                     <field name="time" type="double"/>
                  </detail>
               </processObject>
               <processObject xmlns="http://schemas.active-endpoints.com/appmodules/screenflow/2011/06/avosHostEnvironment.xsd"
                              isByCopy="true"
                              name="CompileAndTestRequest">
                  <description/>
                  <detail>
                     <field name="checkOnly" type="boolean"/>
                     <field name="classes" type="string"/>
                     <field name="deleteClasses" type="string"/>
                     <field name="deleteTriggers" type="string"/>
                     <field name="triggers" type="string"/>
                     <field name="runTestsRequest" type="reference">
                        <options>
                           <option name="referenceTo">RunTestsRequest</option>
                           <option name="relationshipName">Child</option>
                        </options>
                     </field>
                  </detail>
               </processObject>
               <processObject xmlns="http://schemas.active-endpoints.com/appmodules/screenflow/2011/06/avosHostEnvironment.xsd"
                              isByCopy="true"
                              name="CompileAndTestResponse_AnonymousType">
                  <description/>
                  <detail>
                     <field name="result" type="reference">
                        <options>
                           <option name="referenceTo">CompileAndTestResult</option>
                           <option name="relationshipName">Child</option>
                        </options>
                     </field>
                  </detail>
               </processObject>
               <processObject xmlns="http://schemas.active-endpoints.com/appmodules/screenflow/2011/06/avosHostEnvironment.xsd"
                              isByCopy="true"
                              name="CompileAndTestResult">
                  <description/>
                  <detail>
                     <field name="success" type="boolean"/>
                     <field name="classes" type="objectlist">
                        <options>
                           <option name="referenceTo">CompileClassResult</option>
                           <option name="relationshipName">Child</option>
                        </options>
                     </field>
                     <field name="deleteClasses" type="objectlist">
                        <options>
                           <option name="referenceTo">DeleteApexResult</option>
                           <option name="relationshipName">Child</option>
                        </options>
                     </field>
                     <field name="deleteTriggers" type="objectlist">
                        <options>
                           <option name="referenceTo">DeleteApexResult</option>
                           <option name="relationshipName">Child</option>
                        </options>
                     </field>
                     <field name="runTestsResult" type="reference">
                        <options>
                           <option name="referenceTo">RunTestsResult</option>
                           <option name="relationshipName">Child</option>
                        </options>
                     </field>
                     <field name="triggers" type="objectlist">
                        <options>
                           <option name="referenceTo">CompileTriggerResult</option>
                           <option name="relationshipName">Child</option>
                        </options>
                     </field>
                  </detail>
               </processObject>
               <processObject xmlns="http://schemas.active-endpoints.com/appmodules/screenflow/2011/06/avosHostEnvironment.xsd"
                              isByCopy="true"
                              name="CompileAndTest_AnonymousType">
                  <description/>
                  <detail>
                     <field name="CompileAndTestRequest" type="reference">
                        <options>
                           <option name="referenceTo">CompileAndTestRequest</option>
                           <option name="relationshipName">Child</option>
                        </options>
                     </field>
                  </detail>
               </processObject>
               <processObject xmlns="http://schemas.active-endpoints.com/appmodules/screenflow/2011/06/avosHostEnvironment.xsd"
                              isByCopy="true"
                              name="CompileClassResult">
                  <description/>
                  <detail>
                     <field name="bodyCrc" type="double"/>
                     <field name="column" type="double"/>
                     <field name="id" type="string"/>
                     <field name="line" type="double"/>
                     <field name="name" type="string"/>
                     <field name="problem" type="string"/>
                     <field name="success" type="boolean"/>
                     <field name="problems" type="objectlist">
                        <options>
                           <option name="referenceTo">CompileIssue</option>
                           <option name="relationshipName">Child</option>
                        </options>
                     </field>
                     <field name="warnings" type="objectlist">
                        <options>
                           <option name="referenceTo">CompileIssue</option>
                           <option name="relationshipName">Child</option>
                        </options>
                     </field>
                  </detail>
               </processObject>
               <processObject xmlns="http://schemas.active-endpoints.com/appmodules/screenflow/2011/06/avosHostEnvironment.xsd"
                              isByCopy="true"
                              name="CompileClassesResponse_AnonymousType">
                  <description/>
                  <detail>
                     <field name="result" type="objectlist">
                        <options>
                           <option name="referenceTo">CompileClassResult</option>
                           <option name="relationshipName">Child</option>
                        </options>
                     </field>
                  </detail>
               </processObject>
               <processObject xmlns="http://schemas.active-endpoints.com/appmodules/screenflow/2011/06/avosHostEnvironment.xsd"
                              isByCopy="true"
                              name="CompileClasses_AnonymousType">
                  <description/>
                  <detail>
                     <field name="scripts" type="string"/>
                  </detail>
               </processObject>
               <processObject xmlns="http://schemas.active-endpoints.com/appmodules/screenflow/2011/06/avosHostEnvironment.xsd"
                              isByCopy="true"
                              name="CompileIssue">
                  <description/>
                  <detail>
                     <field name="column" type="double"/>
                     <field name="line" type="double"/>
                     <field name="message" type="string"/>
                  </detail>
               </processObject>
               <processObject xmlns="http://schemas.active-endpoints.com/appmodules/screenflow/2011/06/avosHostEnvironment.xsd"
                              isByCopy="true"
                              name="CompileTriggerResult">
                  <description/>
                  <detail>
                     <field name="bodyCrc" type="double"/>
                     <field name="column" type="double"/>
                     <field name="id" type="string"/>
                     <field name="line" type="double"/>
                     <field name="name" type="string"/>
                     <field name="problem" type="string"/>
                     <field name="success" type="boolean"/>
                     <field name="problems" type="objectlist">
                        <options>
                           <option name="referenceTo">CompileIssue</option>
                           <option name="relationshipName">Child</option>
                        </options>
                     </field>
                     <field name="warnings" type="objectlist">
                        <options>
                           <option name="referenceTo">CompileIssue</option>
                           <option name="relationshipName">Child</option>
                        </options>
                     </field>
                  </detail>
               </processObject>
               <processObject xmlns="http://schemas.active-endpoints.com/appmodules/screenflow/2011/06/avosHostEnvironment.xsd"
                              isByCopy="true"
                              name="CompileTriggersResponse_AnonymousType">
                  <description/>
                  <detail>
                     <field name="result" type="objectlist">
                        <options>
                           <option name="referenceTo">CompileTriggerResult</option>
                           <option name="relationshipName">Child</option>
                        </options>
                     </field>
                  </detail>
               </processObject>
               <processObject xmlns="http://schemas.active-endpoints.com/appmodules/screenflow/2011/06/avosHostEnvironment.xsd"
                              isByCopy="true"
                              name="CompileTriggers_AnonymousType">
                  <description/>
                  <detail>
                     <field name="scripts" type="string"/>
                  </detail>
               </processObject>
               <processObject xmlns="http://schemas.active-endpoints.com/appmodules/screenflow/2011/06/avosHostEnvironment.xsd"
                              isByCopy="true"
                              name="DebuggingHeader_AnonymousType">
                  <description/>
                  <detail>
                     <field name="debugLevel" type="string"/>
                     <field name="categories" type="objectlist">
                        <options>
                           <option name="referenceTo">LogInfo</option>
                           <option name="relationshipName">Child</option>
                        </options>
                     </field>
                  </detail>
               </processObject>
               <processObject xmlns="http://schemas.active-endpoints.com/appmodules/screenflow/2011/06/avosHostEnvironment.xsd"
                              isByCopy="true"
                              name="DeleteApexResult">
                  <description/>
                  <detail>
                     <field name="id" type="string"/>
                     <field name="problem" type="string"/>
                     <field name="success" type="boolean"/>
                  </detail>
               </processObject>
               <processObject xmlns="http://schemas.active-endpoints.com/appmodules/screenflow/2011/06/avosHostEnvironment.xsd"
                              isByCopy="true"
                              name="DisableFeedTrackingHeader_AnonymousType">
                  <description/>
                  <detail>
                     <field name="disableFeedTracking" type="boolean"/>
                  </detail>
               </processObject>
               <processObject xmlns="http://schemas.active-endpoints.com/appmodules/screenflow/2011/06/avosHostEnvironment.xsd"
                              isByCopy="true"
                              name="ExecuteAnonymousResponse_AnonymousType">
                  <description/>
                  <detail>
                     <field name="result" type="reference">
                        <options>
                           <option name="referenceTo">ExecuteAnonymousResult</option>
                           <option name="relationshipName">Child</option>
                        </options>
                     </field>
                  </detail>
               </processObject>
               <processObject xmlns="http://schemas.active-endpoints.com/appmodules/screenflow/2011/06/avosHostEnvironment.xsd"
                              isByCopy="true"
                              name="ExecuteAnonymousResult">
                  <description/>
                  <detail>
                     <field name="column" type="double"/>
                     <field name="compileProblem" type="string"/>
                     <field name="compiled" type="boolean"/>
                     <field name="exceptionMessage" type="string"/>
                     <field name="exceptionStackTrace" type="string"/>
                     <field name="line" type="double"/>
                     <field name="success" type="boolean"/>
                  </detail>
               </processObject>
               <processObject xmlns="http://schemas.active-endpoints.com/appmodules/screenflow/2011/06/avosHostEnvironment.xsd"
                              isByCopy="true"
                              name="ExecuteAnonymous_AnonymousType">
                  <description/>
                  <detail>
                     <field name="String" type="string"/>
                  </detail>
               </processObject>
               <processObject xmlns="http://schemas.active-endpoints.com/appmodules/screenflow/2011/06/avosHostEnvironment.xsd"
                              isByCopy="true"
                              name="FlowCoverageResult">
                  <description/>
                  <detail>
                     <field name="elementsNotCovered" type="string"/>
                     <field name="flowId" type="string"/>
                     <field name="flowName" type="string"/>
                     <field name="flowNamespace" type="string"/>
                     <field name="numElements" type="double"/>
                     <field name="numElementsNotCovered" type="double"/>
                     <field name="processType" type="string"/>
                  </detail>
               </processObject>
               <processObject xmlns="http://schemas.active-endpoints.com/appmodules/screenflow/2011/06/avosHostEnvironment.xsd"
                              isByCopy="true"
                              name="FlowCoverageWarning">
                  <description/>
                  <detail>
                     <field name="flowId" type="string"/>
                     <field name="flowName" type="string"/>
                     <field name="flowNamespace" type="string"/>
                     <field name="message" type="string"/>
                  </detail>
               </processObject>
               <processObject xmlns="http://schemas.active-endpoints.com/appmodules/screenflow/2011/06/avosHostEnvironment.xsd"
                              isByCopy="true"
                              name="LogInfo">
                  <description/>
                  <detail>
                     <field name="category" type="string"/>
                     <field name="level" type="string"/>
                  </detail>
               </processObject>
               <processObject xmlns="http://schemas.active-endpoints.com/appmodules/screenflow/2011/06/avosHostEnvironment.xsd"
                              isByCopy="true"
                              name="NamespacePackagePair">
                  <description/>
                  <detail>
                     <field name="namespace" type="string"/>
                     <field name="packageName" type="string"/>
                  </detail>
               </processObject>
               <processObject xmlns="http://schemas.active-endpoints.com/appmodules/screenflow/2011/06/avosHostEnvironment.xsd"
                              isByCopy="true"
                              name="PackageVersion">
                  <description/>
                  <detail>
                     <field name="majorNumber" type="double"/>
                     <field name="minorNumber" type="double"/>
                     <field name="namespace" type="string"/>
                  </detail>
               </processObject>
               <processObject xmlns="http://schemas.active-endpoints.com/appmodules/screenflow/2011/06/avosHostEnvironment.xsd"
                              isByCopy="true"
                              name="PackageVersionHeader_AnonymousType">
                  <description/>
                  <detail>
                     <field name="packageVersions" type="objectlist">
                        <options>
                           <option name="referenceTo">PackageVersion</option>
                           <option name="relationshipName">Child</option>
                        </options>
                     </field>
                  </detail>
               </processObject>
               <processObject xmlns="http://schemas.active-endpoints.com/appmodules/screenflow/2011/06/avosHostEnvironment.xsd"
                              isByCopy="true"
                              name="RunTestFailure">
                  <description/>
                  <detail>
                     <field name="id" type="string"/>
                     <field name="message" type="string"/>
                     <field name="methodName" type="string"/>
                     <field name="name" type="string"/>
                     <field name="namespace" type="string"/>
                     <field name="seeAllData" type="boolean"/>
                     <field name="stackTrace" type="string"/>
                     <field name="time" type="double"/>
                     <field name="type" type="string"/>
                  </detail>
               </processObject>
               <processObject xmlns="http://schemas.active-endpoints.com/appmodules/screenflow/2011/06/avosHostEnvironment.xsd"
                              isByCopy="true"
                              name="RunTestSuccess">
                  <description/>
                  <detail>
                     <field name="id" type="string"/>
                     <field name="methodName" type="string"/>
                     <field name="name" type="string"/>
                     <field name="namespace" type="string"/>
                     <field name="seeAllData" type="boolean"/>
                     <field name="time" type="double"/>
                  </detail>
               </processObject>
               <processObject xmlns="http://schemas.active-endpoints.com/appmodules/screenflow/2011/06/avosHostEnvironment.xsd"
                              isByCopy="true"
                              name="RunTestsRequest">
                  <description/>
                  <detail>
                     <field name="allTests" type="boolean"/>
                     <field name="classes" type="string"/>
                     <field name="maxFailedTests" type="double"/>
                     <field name="namespace" type="string"/>
                     <field name="packages" type="string"/>
                     <field name="skipCodeCoverage" type="boolean"/>
                     <field name="tests" type="objectlist">
                        <options>
                           <option name="referenceTo">TestsNode</option>
                           <option name="relationshipName">Child</option>
                        </options>
                     </field>
                  </detail>
               </processObject>
               <processObject xmlns="http://schemas.active-endpoints.com/appmodules/screenflow/2011/06/avosHostEnvironment.xsd"
                              isByCopy="true"
                              name="RunTestsResponse_AnonymousType">
                  <description/>
                  <detail>
                     <field name="result" type="reference">
                        <options>
                           <option name="referenceTo">RunTestsResult</option>
                           <option name="relationshipName">Child</option>
                        </options>
                     </field>
                  </detail>
               </processObject>
               <processObject xmlns="http://schemas.active-endpoints.com/appmodules/screenflow/2011/06/avosHostEnvironment.xsd"
                              isByCopy="true"
                              name="RunTestsResult">
                  <description/>
                  <detail>
                     <field name="apexLogId" type="string"/>
                     <field name="numFailures" type="double"/>
                     <field name="numTestsRun" type="double"/>
                     <field name="totalTime" type="double"/>
                     <field name="codeCoverage" type="objectlist">
                        <options>
                           <option name="referenceTo">CodeCoverageResult</option>
                           <option name="relationshipName">Child</option>
                        </options>
                     </field>
                     <field name="codeCoverageWarnings" type="objectlist">
                        <options>
                           <option name="referenceTo">CodeCoverageWarning</option>
                           <option name="relationshipName">Child</option>
                        </options>
                     </field>
                     <field name="failures" type="objectlist">
                        <options>
                           <option name="referenceTo">RunTestFailure</option>
                           <option name="relationshipName">Child</option>
                        </options>
                     </field>
                     <field name="flowCoverage" type="objectlist">
                        <options>
                           <option name="referenceTo">FlowCoverageResult</option>
                           <option name="relationshipName">Child</option>
                        </options>
                     </field>
                     <field name="flowCoverageWarnings" type="objectlist">
                        <options>
                           <option name="referenceTo">FlowCoverageWarning</option>
                           <option name="relationshipName">Child</option>
                        </options>
                     </field>
                     <field name="successes" type="objectlist">
                        <options>
                           <option name="referenceTo">RunTestSuccess</option>
                           <option name="relationshipName">Child</option>
                        </options>
                     </field>
                  </detail>
               </processObject>
               <processObject xmlns="http://schemas.active-endpoints.com/appmodules/screenflow/2011/06/avosHostEnvironment.xsd"
                              isByCopy="true"
                              name="RunTests_AnonymousType">
                  <description/>
                  <detail>
                     <field name="RunTestsRequest" type="reference">
                        <options>
                           <option name="referenceTo">RunTestsRequest</option>
                           <option name="relationshipName">Child</option>
                        </options>
                     </field>
                  </detail>
               </processObject>
               <processObject xmlns="http://schemas.active-endpoints.com/appmodules/screenflow/2011/06/avosHostEnvironment.xsd"
                              isByCopy="true"
                              name="SessionHeader_AnonymousType">
                  <description/>
                  <detail>
                     <field name="sessionId" type="string"/>
                  </detail>
               </processObject>
               <processObject xmlns="http://schemas.active-endpoints.com/appmodules/screenflow/2011/06/avosHostEnvironment.xsd"
                              isByCopy="true"
                              name="TestsNode">
                  <description/>
                  <detail>
                     <field name="classId" type="string"/>
                     <field name="className" type="string"/>
                     <field name="testMethods" type="string"/>
                  </detail>
               </processObject>
               <processObject xmlns="http://schemas.active-endpoints.com/appmodules/screenflow/2011/06/avosHostEnvironment.xsd"
                              isByCopy="true"
                              name="WsdlToApexInfo">
                  <description/>
                  <detail>
                     <field name="wsdl" type="string"/>
                     <field name="mapping" type="objectlist">
                        <options>
                           <option name="referenceTo">NamespacePackagePair</option>
                           <option name="relationshipName">Child</option>
                        </options>
                     </field>
                  </detail>
               </processObject>
               <processObject xmlns="http://schemas.active-endpoints.com/appmodules/screenflow/2011/06/avosHostEnvironment.xsd"
                              isByCopy="true"
                              name="WsdlToApexResponse_AnonymousType">
                  <description/>
                  <detail>
                     <field name="result" type="reference">
                        <options>
                           <option name="referenceTo">WsdlToApexResult</option>
                           <option name="relationshipName">Child</option>
                        </options>
                     </field>
                  </detail>
               </processObject>
               <processObject xmlns="http://schemas.active-endpoints.com/appmodules/screenflow/2011/06/avosHostEnvironment.xsd"
                              isByCopy="true"
                              name="WsdlToApexResult">
                  <description/>
                  <detail>
                     <field name="apexScripts" type="string"/>
                     <field name="errors" type="string"/>
                     <field name="success" type="boolean"/>
                  </detail>
               </processObject>
               <processObject xmlns="http://schemas.active-endpoints.com/appmodules/screenflow/2011/06/avosHostEnvironment.xsd"
                              isByCopy="true"
                              name="WsdlToApex_AnonymousType">
                  <description/>
                  <detail>
                     <field name="info" type="reference">
                        <options>
                           <option name="referenceTo">WsdlToApexInfo</option>
                           <option name="relationshipName">Child</option>
                        </options>
                     </field>
                  </detail>
               </processObject>
            </objects>
         </businessConnector>
      </types1:Entry>
      <types1:GUID>5L6OxuDE1Z9hNTEdZSHN8T</types1:GUID>
      <types1:DisplayName>Salesforce Apex SOAP API v47</types1:DisplayName>
   </types1:Item>
   <types1:CurrentServerDateTime>2020-01-07T13:17:57.652Z</types1:CurrentServerDateTime>
</aetgt:getResponse>
