<aetgt:getResponse xmlns:aetgt="http://schemas.active-endpoints.com/appmodules/repository/2010/10/avrepository.xsd"
                   xmlns:types1="http://schemas.active-endpoints.com/appmodules/repository/2010/10/avrepository.xsd">
   <types1:Item>
      <types1:EntryId>YDdxKlFmVSciY3A-gt-3490631-2021-02-17T06:48:43.821Z::svc.xml</types1:EntryId>
      <types1:Name>QuickBooks_Accounting_REST_API_v3</types1:Name>
      <types1:MimeType>application/xml+businesssconnector</types1:MimeType>
      <types1:Description>This collection contains 5 Orchestrated samples of common QBO use cases.

Create Receipt - This orchestration contains the following flow of calls.  1. Create a customer 2.  Create an item  3. Create a reciept for the transaction between the customer and the item.

Create Payment - This orchestration contains the following flow of calls.  1. Create a customer 2.  Create an item  3. Create an invoice for a transaction between the customer and the item.  4. Create payment for the amount owed on invoice

Create an Expense - This orchestration contains the following flow of calls.  1. Create a bank account 2. Create an expense account 3. Create a purchase expense linked to the bank account

Create an Invoice - This orchestration contains the following flow of calls.  1. Create a customer 2.  Create an item  3. Create an invoice for a transaction between the customer and the item.

Pay Bills - This orchestration contains the following flow of calls.  1. Create an account 2.  Create a vendor  3. Create an bill for</types1:Description>
      <types1:AppliesTo/>
      <types1:Tags/>
      <types1:VersionLabel>1.0</types1:VersionLabel>
      <types1:State>CURRENT</types1:State>
      <types1:ProcessGroup/>
      <types1:CreatedBy>sorabh@na1.dm-us.org</types1:CreatedBy>
      <types1:CreationDate>2021-02-17T06:48:44Z</types1:CreationDate>
      <types1:ModifiedBy>sorabh@na1.dm-us.org</types1:ModifiedBy>
      <types1:ModificationDate>2021-02-17T07:07:15Z</types1:ModificationDate>
      <types1:PublicationStatus>published</types1:PublicationStatus>
      <types1:PublishedBy>sorabh@na1.dm-us.org</types1:PublishedBy>
      <types1:PublicationDate>2021-02-17T07:07:21Z</types1:PublicationDate>
      <types1:PublishedContributionId>project:/rt.connector/QuickBooks_Accounting_REST_API_v3/QuickBooks_Accounting_REST_API_v3_svcDef.xml</types1:PublishedContributionId>
      <types1:AutosaveExists>false</types1:AutosaveExists>
      <types1:Entry>
         <businessConnector xmlns="http://schemas.informatica.com/socrates/data-services/2014/05/business-connector-model.xsd"
                            agentOnly="false"
                            debug="false"
                            displayName="QuickBooks Accounting REST API v3"
                            label=""
                            name="QuickBooks_Accounting_REST_API_v3"
                            uuid="9bfacbc9-b638-460c-a5bd-932d74350341">
            <description>This collection contains 5 Orchestrated samples of common QBO use cases.

Create Receipt - This orchestration contains the following flow of calls.  1. Create a customer 2.  Create an item  3. Create a reciept for the transaction between the customer and the item.

Create Payment - This orchestration contains the following flow of calls.  1. Create a customer 2.  Create an item  3. Create an invoice for a transaction between the customer and the item.  4. Create payment for the amount owed on invoice

Create an Expense - This orchestration contains the following flow of calls.  1. Create a bank account 2. Create an expense account 3. Create a purchase expense linked to the bank account

Create an Invoice - This orchestration contains the following flow of calls.  1. Create a customer 2.  Create an item  3. Create an invoice for a transaction between the customer and the item.

Pay Bills - This orchestration contains the following flow of calls.  1. Create an account 2.  Create a vendor  3. Create an bill for</description>
            <tags/>
            <connectionAttributes xmlns="http://schemas.informatica.com/appmodules/screenflow/2014/04/avosConnectors.xsd">
               <connectionAttribute description="Host Name"
                                    masked="false"
                                    name="hostName"
                                    required="true"
                                    testWith="example.com"
                                    type="string"/>
            </connectionAttributes>
            <actions>
               <action category="Create a Time-Activity for an Employee"
                       failOnError="true"
                       forSearch="false"
                       label="TimeActivityCreate"
                       maxRedirects="100"
                       name="TimeActivityCreate"
                       preemptiveAuth="true"
                       responseEncoding="">
                  <description>TimeActivity-Create</description>
                  <input>
                     <parameter label="minorversion"
                                name="minorversion"
                                required="true"
                                testWith=""
                                type="string"/>
                     <parameter label="User-Agent"
                                name="User-Agent"
                                nogen="true"
                                required="true"
                                testWith=""
                                type="string"/>
                     <parameter label="Content-Type"
                                name="Content-Type"
                                nogen="true"
                                required="true"
                                testWith=""
                                type="string"/>
                     <parameter label="Accept"
                                name="Accept"
                                nogen="true"
                                required="true"
                                testWith=""
                                type="string"/>
                     <parameter label="Body"
                                name="Body"
                                required="true"
                                testWith=""
                                type="reference">
                        <options>
                           <option name="referenceTo">TimeActivity_Create_Request</option>
                        </options>
                     </parameter>
                  </input>
                  <binding>
                     <restSimpleBinding multiUsing="semicolonSeparated"
                                        url="http://{$hostName}/v3/company/DefaultParameterValue/timeactivity"
                                        verb="POST">
                        <httpHeaders>
                           <header name="Content-Type">application/json</header>
                           <header name="Accept">application/json</header>
                           <header name="User-Agent">{$User-Agent}</header>
                        </httpHeaders>
                        <body generateUsing="UnwrappedJSON" preserveJsonStringFormatting="false"/>
                     </restSimpleBinding>
                  </binding>
                  <output/>
               </action>
               <action category="Create a BillPayment against a Vendor's Bill"
                       failOnError="true"
                       forSearch="false"
                       label="BillCreate"
                       maxRedirects="100"
                       name="BillCreate"
                       preemptiveAuth="true"
                       responseEncoding="">
                  <description>Bill-Create. Create a bill Content-Type:application/json Method - POST</description>
                  <input>
                     <parameter label="minorversion"
                                name="minorversion"
                                required="true"
                                testWith=""
                                type="string"/>
                     <parameter label="User-Agent"
                                name="User-Agent"
                                nogen="true"
                                required="true"
                                testWith=""
                                type="string"/>
                     <parameter label="Accept"
                                name="Accept"
                                nogen="true"
                                required="true"
                                testWith=""
                                type="string"/>
                     <parameter label="Content-Type"
                                name="Content-Type"
                                nogen="true"
                                required="true"
                                testWith=""
                                type="string"/>
                     <parameter label="Body"
                                name="Body"
                                required="true"
                                testWith=""
                                type="reference">
                        <options>
                           <option name="referenceTo">Bill_Create_Request</option>
                        </options>
                     </parameter>
                  </input>
                  <binding>
                     <restSimpleBinding multiUsing="semicolonSeparated"
                                        url="http://{$hostName}/v3/company/DefaultParameterValue/bill"
                                        verb="POST">
                        <httpHeaders>
                           <header name="Content-Type">application/json</header>
                           <header name="Accept">application/json</header>
                           <header name="User-Agent">{$User-Agent}</header>
                        </httpHeaders>
                        <body generateUsing="UnwrappedJSON" preserveJsonStringFormatting="false"/>
                     </restSimpleBinding>
                  </binding>
                  <output/>
               </action>
               <action category="Create a BillPayment against a Vendor's Bill"
                       failOnError="true"
                       forSearch="false"
                       label="BillPaymentCreate"
                       maxRedirects="100"
                       name="BillPaymentCreate"
                       preemptiveAuth="true"
                       responseEncoding="">
                  <description>BillPayment-Create. Create a BillPayment against a pre-created bill Content-Type:application/json Method - POST</description>
                  <input>
                     <parameter label="minorversion"
                                name="minorversion"
                                required="true"
                                testWith=""
                                type="string"/>
                     <parameter label="User-Agent"
                                name="User-Agent"
                                nogen="true"
                                required="true"
                                testWith=""
                                type="string"/>
                     <parameter label="Content-Type"
                                name="Content-Type"
                                nogen="true"
                                required="true"
                                testWith=""
                                type="string"/>
                     <parameter label="Accept"
                                name="Accept"
                                nogen="true"
                                required="true"
                                testWith=""
                                type="string"/>
                     <parameter label="Body"
                                name="Body"
                                required="true"
                                testWith=""
                                type="reference">
                        <options>
                           <option name="referenceTo">BillPayment_Create_Request</option>
                        </options>
                     </parameter>
                  </input>
                  <binding>
                     <restSimpleBinding multiUsing="semicolonSeparated"
                                        url="http://{$hostName}/v3/company/DefaultParameterValue/billpayment"
                                        verb="POST">
                        <httpHeaders>
                           <header name="Content-Type">application/json</header>
                           <header name="Accept">application/json</header>
                           <header name="User-Agent">{$User-Agent}</header>
                        </httpHeaders>
                        <body generateUsing="UnwrappedJSON" preserveJsonStringFormatting="false"/>
                     </restSimpleBinding>
                  </binding>
                  <output/>
               </action>
               <action category="Create a ReceivePayment against a Customer's Invoice"
                       failOnError="true"
                       forSearch="false"
                       label="InvoiceCreate"
                       maxRedirects="100"
                       name="InvoiceCreate"
                       preemptiveAuth="true"
                       responseEncoding="">
                  <description>Invoice-Create. POST: Create an Invoice</description>
                  <input>
                     <parameter label="minorversion"
                                name="minorversion"
                                required="true"
                                testWith=""
                                type="string"/>
                     <parameter label="User-Agent"
                                name="User-Agent"
                                nogen="true"
                                required="true"
                                testWith=""
                                type="string"/>
                     <parameter label="Accept"
                                name="Accept"
                                nogen="true"
                                required="true"
                                testWith=""
                                type="string"/>
                     <parameter label="Content-Type"
                                name="Content-Type"
                                nogen="true"
                                required="true"
                                testWith=""
                                type="string"/>
                     <parameter label="Body"
                                name="Body"
                                required="true"
                                testWith=""
                                type="reference">
                        <options>
                           <option name="referenceTo">Invoice_Create_Request</option>
                        </options>
                     </parameter>
                  </input>
                  <binding>
                     <restSimpleBinding multiUsing="semicolonSeparated"
                                        url="http://{$hostName}/v3/company/DefaultParameterValue/invoice"
                                        verb="POST">
                        <httpHeaders>
                           <header name="Content-Type">application/json</header>
                           <header name="Accept">application/json</header>
                           <header name="User-Agent">{$User-Agent}</header>
                        </httpHeaders>
                        <body generateUsing="UnwrappedJSON" preserveJsonStringFormatting="false"/>
                     </restSimpleBinding>
                  </binding>
                  <output/>
               </action>
               <action category="Create a SalesReceipt for a Customer"
                       failOnError="true"
                       forSearch="false"
                       label="RecieptCreate"
                       maxRedirects="100"
                       name="RecieptCreate"
                       preemptiveAuth="true"
                       responseEncoding="">
                  <description>Reciept-Create</description>
                  <input>
                     <parameter label="minorversion"
                                name="minorversion"
                                required="true"
                                testWith=""
                                type="string"/>
                     <parameter label="User-Agent"
                                name="User-Agent"
                                nogen="true"
                                required="true"
                                testWith=""
                                type="string"/>
                     <parameter label="Content-Type"
                                name="Content-Type"
                                nogen="true"
                                required="true"
                                testWith=""
                                type="string"/>
                     <parameter label="Accept"
                                name="Accept"
                                nogen="true"
                                required="true"
                                testWith=""
                                type="string"/>
                     <parameter label="Body"
                                name="Body"
                                required="true"
                                testWith=""
                                type="reference">
                        <options>
                           <option name="referenceTo">Reciept_Create_Request</option>
                        </options>
                     </parameter>
                  </input>
                  <binding>
                     <restSimpleBinding multiUsing="semicolonSeparated"
                                        url="http://{$hostName}/v3/company/DefaultParameterValue/salesreceipt"
                                        verb="POST">
                        <httpHeaders>
                           <header name="Content-Type">application/json</header>
                           <header name="Accept">application/json</header>
                           <header name="User-Agent">{$User-Agent}</header>
                        </httpHeaders>
                        <body generateUsing="UnwrappedJSON" preserveJsonStringFormatting="false"/>
                     </restSimpleBinding>
                  </binding>
                  <output/>
               </action>
               <action category="Create a ReceivePayment against a Customer's Invoice"
                       failOnError="true"
                       forSearch="false"
                       label="PaymentCreate"
                       maxRedirects="100"
                       name="PaymentCreate"
                       preemptiveAuth="true"
                       responseEncoding="">
                  <description>Payment-Create. Create an payment object Method : POST</description>
                  <input>
                     <parameter label="minorversion"
                                name="minorversion"
                                required="true"
                                testWith=""
                                type="string"/>
                     <parameter label="User-Agent"
                                name="User-Agent"
                                nogen="true"
                                required="true"
                                testWith=""
                                type="string"/>
                     <parameter label="Accept"
                                name="Accept"
                                nogen="true"
                                required="true"
                                testWith=""
                                type="string"/>
                     <parameter label="Content-Type"
                                name="Content-Type"
                                nogen="true"
                                required="true"
                                testWith=""
                                type="string"/>
                     <parameter label="Body"
                                name="Body"
                                required="true"
                                testWith=""
                                type="reference">
                        <options>
                           <option name="referenceTo">Payment_Create_Request</option>
                        </options>
                     </parameter>
                  </input>
                  <binding>
                     <restSimpleBinding multiUsing="semicolonSeparated"
                                        url="http://{$hostName}/v3/company/DefaultParameterValue/payment"
                                        verb="POST">
                        <httpHeaders>
                           <header name="Content-Type">application/json</header>
                           <header name="Accept">application/json</header>
                           <header name="User-Agent">{$User-Agent}</header>
                        </httpHeaders>
                        <body generateUsing="UnwrappedJSON" preserveJsonStringFormatting="false"/>
                     </restSimpleBinding>
                  </binding>
                  <output/>
               </action>
               <action category="Create a BillPayment against a Vendor's Bill"
                       failOnError="true"
                       forSearch="false"
                       label="CCAccountCreate"
                       maxRedirects="100"
                       name="CCAccountCreate"
                       preemptiveAuth="true"
                       responseEncoding="">
                  <description>CC Account-Create. Create a new Check Account</description>
                  <input>
                     <parameter label="minorversion"
                                name="minorversion"
                                required="true"
                                testWith=""
                                type="string"/>
                     <parameter label="User-Agent"
                                name="User-Agent"
                                nogen="true"
                                required="true"
                                testWith=""
                                type="string"/>
                     <parameter label="Accept"
                                name="Accept"
                                nogen="true"
                                required="true"
                                testWith=""
                                type="string"/>
                     <parameter label="Content-Type"
                                name="Content-Type"
                                nogen="true"
                                required="true"
                                testWith=""
                                type="string"/>
                     <parameter label="Body"
                                name="Body"
                                required="true"
                                testWith=""
                                type="reference">
                        <options>
                           <option name="referenceTo">CCAccount_CreateRequest</option>
                        </options>
                     </parameter>
                  </input>
                  <binding>
                     <restSimpleBinding multiUsing="semicolonSeparated"
                                        url="http://{$hostName}/v3/company/DefaultParameterValue/account"
                                        verb="POST">
                        <httpHeaders>
                           <header name="Content-Type">application/json</header>
                           <header name="Accept">application/json</header>
                           <header name="User-Agent">{$User-Agent}</header>
                        </httpHeaders>
                        <body generateUsing="UnwrappedJSON" preserveJsonStringFormatting="false"/>
                     </restSimpleBinding>
                  </binding>
                  <output/>
               </action>
               <action category="Create a BillPayment against a Vendor's Bill"
                       failOnError="true"
                       forSearch="false"
                       label="VendorCreate"
                       maxRedirects="100"
                       name="VendorCreate"
                       preemptiveAuth="true"
                       responseEncoding="">
                  <description>Vendor-Create. Create a vendor object Method : POST</description>
                  <input>
                     <parameter label="minorversion"
                                name="minorversion"
                                required="true"
                                testWith=""
                                type="string"/>
                     <parameter label="User-Agent"
                                name="User-Agent"
                                nogen="true"
                                required="true"
                                testWith=""
                                type="string"/>
                     <parameter label="Accept"
                                name="Accept"
                                nogen="true"
                                required="true"
                                testWith=""
                                type="string"/>
                     <parameter label="Content-Type"
                                name="Content-Type"
                                nogen="true"
                                required="true"
                                testWith=""
                                type="string"/>
                     <parameter label="Body"
                                name="Body"
                                required="true"
                                testWith=""
                                type="reference">
                        <options>
                           <option name="referenceTo">Vendor_Create_Request</option>
                        </options>
                     </parameter>
                  </input>
                  <binding>
                     <restSimpleBinding multiUsing="semicolonSeparated"
                                        url="http://{$hostName}/v3/company/DefaultParameterValue/vendor"
                                        verb="POST">
                        <httpHeaders>
                           <header name="Content-Type">application/json</header>
                           <header name="Accept">application/json</header>
                           <header name="User-Agent">{$User-Agent}</header>
                        </httpHeaders>
                        <body generateUsing="UnwrappedJSON" preserveJsonStringFormatting="false"/>
                     </restSimpleBinding>
                  </binding>
                  <output/>
               </action>
               <action category="Create a ReceivePayment against a Customer's Invoice"
                       failOnError="true"
                       forSearch="false"
                       label="ItemCreate"
                       maxRedirects="100"
                       name="ItemCreate"
                       preemptiveAuth="true"
                       responseEncoding="">
                  <description>Item-Create. POST: Create an Item</description>
                  <input>
                     <parameter label="minorversion"
                                name="minorversion"
                                required="true"
                                testWith=""
                                type="string"/>
                     <parameter label="User-Agent"
                                name="User-Agent"
                                nogen="true"
                                required="true"
                                testWith=""
                                type="string"/>
                     <parameter label="Accept"
                                name="Accept"
                                nogen="true"
                                required="true"
                                testWith=""
                                type="string"/>
                     <parameter label="Content-Type"
                                name="Content-Type"
                                nogen="true"
                                required="true"
                                testWith=""
                                type="string"/>
                     <parameter label="Body"
                                name="Body"
                                required="true"
                                testWith=""
                                type="reference">
                        <options>
                           <option name="referenceTo">Item_Create_Request</option>
                        </options>
                     </parameter>
                  </input>
                  <binding>
                     <restSimpleBinding multiUsing="semicolonSeparated"
                                        url="http://{$hostName}/v3/company/DefaultParameterValue/item"
                                        verb="POST">
                        <httpHeaders>
                           <header name="Content-Type">application/json</header>
                           <header name="Accept">application/json</header>
                           <header name="User-Agent">{$User-Agent}</header>
                        </httpHeaders>
                        <body generateUsing="UnwrappedJSON" preserveJsonStringFormatting="false"/>
                     </restSimpleBinding>
                  </binding>
                  <output/>
               </action>
               <action category="Create an Expense for a Vendor"
                       failOnError="true"
                       forSearch="false"
                       label="PurchaseCreate"
                       maxRedirects="100"
                       name="PurchaseCreate"
                       preemptiveAuth="true"
                       responseEncoding="">
                  <description>Purchase-Create. Create a puchase object Method : POST</description>
                  <input>
                     <parameter label="minorversion"
                                name="minorversion"
                                required="true"
                                testWith=""
                                type="string"/>
                     <parameter label="User-Agent"
                                name="User-Agent"
                                nogen="true"
                                required="true"
                                testWith=""
                                type="string"/>
                     <parameter label="Accept"
                                name="Accept"
                                nogen="true"
                                required="true"
                                testWith=""
                                type="string"/>
                     <parameter label="Content-Type"
                                name="Content-Type"
                                nogen="true"
                                required="true"
                                testWith=""
                                type="string"/>
                     <parameter label="Body"
                                name="Body"
                                required="true"
                                testWith=""
                                type="reference">
                        <options>
                           <option name="referenceTo">Purchase_Create_Request</option>
                        </options>
                     </parameter>
                  </input>
                  <binding>
                     <restSimpleBinding multiUsing="semicolonSeparated"
                                        url="http://{$hostName}/v3/company/DefaultParameterValue/purchase"
                                        verb="POST">
                        <httpHeaders>
                           <header name="Content-Type">application/json</header>
                           <header name="Accept">application/json</header>
                           <header name="User-Agent">{$User-Agent}</header>
                        </httpHeaders>
                        <body generateUsing="UnwrappedJSON" preserveJsonStringFormatting="false"/>
                     </restSimpleBinding>
                  </binding>
                  <output/>
               </action>
               <action category="Create a ReceivePayment against a Customer's Invoice"
                       failOnError="true"
                       forSearch="false"
                       label="CustomerCreate"
                       maxRedirects="100"
                       name="CustomerCreate"
                       preemptiveAuth="true"
                       responseEncoding="">
                  <description>Customer-Create. Create a customer Method : POST</description>
                  <input>
                     <parameter label="minorversion"
                                name="minorversion"
                                required="true"
                                testWith=""
                                type="string"/>
                     <parameter label="User-Agent"
                                name="User-Agent"
                                nogen="true"
                                required="true"
                                testWith=""
                                type="string"/>
                     <parameter label="Accept"
                                name="Accept"
                                nogen="true"
                                required="true"
                                testWith=""
                                type="string"/>
                     <parameter label="Content-Type"
                                name="Content-Type"
                                nogen="true"
                                required="true"
                                testWith=""
                                type="string"/>
                     <parameter label="Body"
                                name="Body"
                                required="true"
                                testWith=""
                                type="reference">
                        <options>
                           <option name="referenceTo">Customer_Create_Request</option>
                        </options>
                     </parameter>
                  </input>
                  <binding>
                     <restSimpleBinding multiUsing="semicolonSeparated"
                                        url="http://{$hostName}/v3/company/DefaultParameterValue/customer"
                                        verb="POST">
                        <httpHeaders>
                           <header name="Content-Type">application/json</header>
                           <header name="Accept">application/json</header>
                           <header name="User-Agent">{$User-Agent}</header>
                        </httpHeaders>
                        <body generateUsing="UnwrappedJSON" preserveJsonStringFormatting="false"/>
                     </restSimpleBinding>
                  </binding>
                  <output/>
               </action>
               <action category="Create a Time-Activity for an Employee"
                       failOnError="true"
                       forSearch="false"
                       label="EmployeeCreate"
                       maxRedirects="100"
                       name="EmployeeCreate"
                       preemptiveAuth="true"
                       responseEncoding="">
                  <description>Employee-Create</description>
                  <input>
                     <parameter label="minorversion"
                                name="minorversion"
                                required="true"
                                testWith=""
                                type="string"/>
                     <parameter label="User-Agent"
                                name="User-Agent"
                                nogen="true"
                                required="true"
                                testWith=""
                                type="string"/>
                     <parameter label="Content-Type"
                                name="Content-Type"
                                nogen="true"
                                required="true"
                                testWith=""
                                type="string"/>
                     <parameter label="Accept"
                                name="Accept"
                                nogen="true"
                                required="true"
                                testWith=""
                                type="string"/>
                     <parameter label="Body"
                                name="Body"
                                required="true"
                                testWith=""
                                type="reference">
                        <options>
                           <option name="referenceTo">Employee_Create_Request</option>
                        </options>
                     </parameter>
                  </input>
                  <binding>
                     <restSimpleBinding multiUsing="semicolonSeparated"
                                        url="http://{$hostName}/v3/company/DefaultParameterValue/employee"
                                        verb="POST">
                        <httpHeaders>
                           <header name="Content-Type">application/json</header>
                           <header name="Accept">application/json</header>
                           <header name="User-Agent">{$User-Agent}</header>
                        </httpHeaders>
                        <body generateUsing="UnwrappedJSON" preserveJsonStringFormatting="false"/>
                     </restSimpleBinding>
                  </binding>
                  <output/>
               </action>
            </actions>
            <objects>
               <processObject xmlns="http://schemas.active-endpoints.com/appmodules/screenflow/2011/06/avosHostEnvironment.xsd"
                              isByCopy="true"
                              name="Payment_Create_Request">
                  <description/>
                  <detail>
                     <field name="Line" type="objectlist">
                        <options>
                           <option name="referenceTo">Line1</option>
                           <option name="relationshipName">Child</option>
                        </options>
                     </field>
                     <field name="TotalAmt" type="double"/>
                     <field name="CustomerRef" type="reference">
                        <options>
                           <option name="referenceTo">CustomerRef1</option>
                           <option name="relationshipName">Child</option>
                        </options>
                     </field>
                  </detail>
               </processObject>
               <processObject xmlns="http://schemas.active-endpoints.com/appmodules/screenflow/2011/06/avosHostEnvironment.xsd"
                              isByCopy="true"
                              name="Line4">
                  <description/>
                  <detail>
                     <field name="LineNum" type="int"/>
                     <field name="Description" type="string"/>
                     <field name="SubTotalLineDetail" type="object"/>
                     <field name="DetailType" type="string"/>
                     <field name="Amount" type="int"/>
                     <field name="SalesItemLineDetail" type="reference">
                        <options>
                           <option name="referenceTo">SalesItemLineDetail1</option>
                           <option name="relationshipName">Child</option>
                        </options>
                     </field>
                     <field name="Id" type="string"/>
                  </detail>
               </processObject>
               <processObject xmlns="http://schemas.active-endpoints.com/appmodules/screenflow/2011/06/avosHostEnvironment.xsd"
                              isByCopy="true"
                              name="EmployeeRef">
                  <description/>
                  <detail>
                     <field name="name" type="string"/>
                     <field name="value" type="string"/>
                  </detail>
               </processObject>
               <processObject xmlns="http://schemas.active-endpoints.com/appmodules/screenflow/2011/06/avosHostEnvironment.xsd"
                              isByCopy="true"
                              name="Invoice_Create_Request">
                  <description/>
                  <detail>
                     <field name="Line" type="objectlist">
                        <options>
                           <option name="referenceTo">Line2</option>
                           <option name="relationshipName">Child</option>
                        </options>
                     </field>
                     <field name="CustomerRef" type="reference">
                        <options>
                           <option name="referenceTo">CustomerRef</option>
                           <option name="relationshipName">Child</option>
                        </options>
                     </field>
                  </detail>
               </processObject>
               <processObject xmlns="http://schemas.active-endpoints.com/appmodules/screenflow/2011/06/avosHostEnvironment.xsd"
                              isByCopy="true"
                              name="Line5">
                  <description/>
                  <detail>
                     <field name="LineNum" type="int"/>
                     <field name="Description" type="string"/>
                     <field name="SubTotalLineDetail" type="object"/>
                     <field name="DetailType" type="string"/>
                     <field name="Amount" type="string"/>
                     <field name="SalesItemLineDetail" type="reference">
                        <options>
                           <option name="referenceTo">SalesItemLineDetail2</option>
                           <option name="relationshipName">Child</option>
                        </options>
                     </field>
                     <field name="Id" type="string"/>
                  </detail>
               </processObject>
               <processObject xmlns="http://schemas.active-endpoints.com/appmodules/screenflow/2011/06/avosHostEnvironment.xsd"
                              isByCopy="true"
                              name="Line6">
                  <description/>
                  <detail>
                     <field name="AccountBasedExpenseLineDetail" type="reference">
                        <options>
                           <option name="referenceTo">AccountBasedExpenseLineDetail1</option>
                           <option name="relationshipName">Child</option>
                        </options>
                     </field>
                     <field name="DetailType" type="string"/>
                     <field name="Amount" type="double"/>
                  </detail>
               </processObject>
               <processObject xmlns="http://schemas.active-endpoints.com/appmodules/screenflow/2011/06/avosHostEnvironment.xsd"
                              isByCopy="true"
                              name="TimeActivity_Create_Request">
                  <description/>
                  <detail>
                     <field name="EmployeeRef" type="reference">
                        <options>
                           <option name="referenceTo">EmployeeRef</option>
                           <option name="relationshipName">Child</option>
                        </options>
                     </field>
                     <field name="NameOf" type="string"/>
                     <field name="Hours" type="int"/>
                     <field name="BillableStatus" type="string"/>
                     <field name="CustomerRef" type="reference">
                        <options>
                           <option name="referenceTo">CustomerRef</option>
                           <option name="relationshipName">Child</option>
                        </options>
                     </field>
                     <field name="HourlyRate" type="string"/>
                  </detail>
               </processObject>
               <processObject xmlns="http://schemas.active-endpoints.com/appmodules/screenflow/2011/06/avosHostEnvironment.xsd"
                              isByCopy="true"
                              name="AccountBasedExpenseLineDetail1">
                  <description/>
                  <detail>
                     <field name="AccountRef" type="reference">
                        <options>
                           <option name="referenceTo">AccountRef1</option>
                           <option name="relationshipName">Child</option>
                        </options>
                     </field>
                  </detail>
               </processObject>
               <processObject xmlns="http://schemas.active-endpoints.com/appmodules/screenflow/2011/06/avosHostEnvironment.xsd"
                              isByCopy="true"
                              name="SalesItemLineDetail">
                  <description/>
                  <detail>
                     <field name="Qty" type="int"/>
                     <field name="ItemRef" type="reference">
                        <options>
                           <option name="referenceTo">ItemRef</option>
                           <option name="relationshipName">Child</option>
                        </options>
                     </field>
                  </detail>
               </processObject>
               <processObject xmlns="http://schemas.active-endpoints.com/appmodules/screenflow/2011/06/avosHostEnvironment.xsd"
                              isByCopy="true"
                              name="Invoice_Create_Request1">
                  <description/>
                  <detail>
                     <field name="Line" type="objectlist">
                        <options>
                           <option name="referenceTo">Line5</option>
                           <option name="relationshipName">Child</option>
                        </options>
                     </field>
                     <field name="CustomerRef" type="reference">
                        <options>
                           <option name="referenceTo">CustomerRef</option>
                           <option name="relationshipName">Child</option>
                        </options>
                     </field>
                     <field name="LinkedTxn" type="objectlist">
                        <options>
                           <option name="referenceTo">LinkedTxn</option>
                           <option name="relationshipName">Child</option>
                        </options>
                     </field>
                  </detail>
               </processObject>
               <processObject xmlns="http://schemas.active-endpoints.com/appmodules/screenflow/2011/06/avosHostEnvironment.xsd"
                              isByCopy="true"
                              name="IncomeAccountRef">
                  <description/>
                  <detail>
                     <field name="name" type="string"/>
                     <field name="value" type="string"/>
                  </detail>
               </processObject>
               <processObject xmlns="http://schemas.active-endpoints.com/appmodules/screenflow/2011/06/avosHostEnvironment.xsd"
                              isByCopy="true"
                              name="AccountBasedExpenseLineDetail">
                  <description/>
                  <detail>
                     <field name="AccountRef" type="reference">
                        <options>
                           <option name="referenceTo">AccountRef</option>
                           <option name="relationshipName">Child</option>
                        </options>
                     </field>
                  </detail>
               </processObject>
               <processObject xmlns="http://schemas.active-endpoints.com/appmodules/screenflow/2011/06/avosHostEnvironment.xsd"
                              isByCopy="true"
                              name="Account_CreateBankRequest">
                  <description/>
                  <detail>
                     <field name="AccountType" type="string"/>
                     <field name="Name" type="string"/>
                  </detail>
               </processObject>
               <processObject xmlns="http://schemas.active-endpoints.com/appmodules/screenflow/2011/06/avosHostEnvironment.xsd"
                              isByCopy="true"
                              name="Account_Create_Request">
                  <description/>
                  <detail>
                     <field name="AccountType" type="string"/>
                     <field name="Name" type="string"/>
                  </detail>
               </processObject>
               <processObject xmlns="http://schemas.active-endpoints.com/appmodules/screenflow/2011/06/avosHostEnvironment.xsd"
                              isByCopy="true"
                              name="SalesItemLineDetail1">
                  <description/>
                  <detail>
                     <field name="UnitPrice" type="int"/>
                     <field name="TaxCodeRef" type="reference">
                        <options>
                           <option name="referenceTo">TaxCodeRef</option>
                           <option name="relationshipName">Child</option>
                        </options>
                     </field>
                     <field name="Qty" type="int"/>
                     <field name="ItemRef" type="reference">
                        <options>
                           <option name="referenceTo">ItemRef</option>
                           <option name="relationshipName">Child</option>
                        </options>
                     </field>
                  </detail>
               </processObject>
               <processObject xmlns="http://schemas.active-endpoints.com/appmodules/screenflow/2011/06/avosHostEnvironment.xsd"
                              isByCopy="true"
                              name="SalesItemLineDetail2">
                  <description/>
                  <detail>
                     <field name="UnitPrice" type="string"/>
                     <field name="Qty" type="string"/>
                     <field name="ItemRef" type="reference">
                        <options>
                           <option name="referenceTo">ItemRef</option>
                           <option name="relationshipName">Child</option>
                        </options>
                     </field>
                  </detail>
               </processObject>
               <processObject xmlns="http://schemas.active-endpoints.com/appmodules/screenflow/2011/06/avosHostEnvironment.xsd"
                              isByCopy="true"
                              name="Account_CreateExpenseRequest">
                  <description/>
                  <detail>
                     <field name="AccountType" type="string"/>
                     <field name="Name" type="string"/>
                  </detail>
               </processObject>
               <processObject xmlns="http://schemas.active-endpoints.com/appmodules/screenflow/2011/06/avosHostEnvironment.xsd"
                              isByCopy="true"
                              name="BillPayment_Create_Request">
                  <description/>
                  <detail>
                     <field name="Line" type="objectlist">
                        <options>
                           <option name="referenceTo">Line1</option>
                           <option name="relationshipName">Child</option>
                        </options>
                     </field>
                     <field name="CreditCardPayment" type="reference">
                        <options>
                           <option name="referenceTo">CreditCardPayment</option>
                           <option name="relationshipName">Child</option>
                        </options>
                     </field>
                     <field name="TotalAmt" type="double"/>
                     <field name="PayType" type="string"/>
                     <field name="VendorRef" type="reference">
                        <options>
                           <option name="referenceTo">VendorRef1</option>
                           <option name="relationshipName">Child</option>
                        </options>
                     </field>
                     <field name="PrivateNote" type="string"/>
                  </detail>
               </processObject>
               <processObject xmlns="http://schemas.active-endpoints.com/appmodules/screenflow/2011/06/avosHostEnvironment.xsd"
                              isByCopy="true"
                              name="Customer_Create_Request">
                  <description/>
                  <detail>
                     <field name="DisplayName" type="string"/>
                  </detail>
               </processObject>
               <processObject xmlns="http://schemas.active-endpoints.com/appmodules/screenflow/2011/06/avosHostEnvironment.xsd"
                              isByCopy="true"
                              name="LinkedTxn">
                  <description/>
                  <detail>
                     <field name="TxnId" type="string"/>
                     <field name="TxnType" type="string"/>
                  </detail>
               </processObject>
               <processObject xmlns="http://schemas.active-endpoints.com/appmodules/screenflow/2011/06/avosHostEnvironment.xsd"
                              isByCopy="true"
                              name="Employee_Create_Request">
                  <description/>
                  <detail>
                     <field name="FamilyName" type="string"/>
                     <field name="GivenName" type="string"/>
                  </detail>
               </processObject>
               <processObject xmlns="http://schemas.active-endpoints.com/appmodules/screenflow/2011/06/avosHostEnvironment.xsd"
                              isByCopy="true"
                              name="Vendor_Create_Request">
                  <description/>
                  <detail>
                     <field name="DisplayName" type="string"/>
                  </detail>
               </processObject>
               <processObject xmlns="http://schemas.active-endpoints.com/appmodules/screenflow/2011/06/avosHostEnvironment.xsd"
                              isByCopy="true"
                              name="AccountRef1">
                  <description/>
                  <detail>
                     <field name="name" type="string"/>
                     <field name="value" type="string"/>
                  </detail>
               </processObject>
               <processObject xmlns="http://schemas.active-endpoints.com/appmodules/screenflow/2011/06/avosHostEnvironment.xsd"
                              isByCopy="true"
                              name="CustomerRef1">
                  <description/>
                  <detail>
                     <field name="name" type="string"/>
                     <field name="value" type="string"/>
                  </detail>
               </processObject>
               <processObject xmlns="http://schemas.active-endpoints.com/appmodules/screenflow/2011/06/avosHostEnvironment.xsd"
                              isByCopy="true"
                              name="Purchase_Create_Request">
                  <description/>
                  <detail>
                     <field name="Line" type="objectlist">
                        <options>
                           <option name="referenceTo">Line6</option>
                           <option name="relationshipName">Child</option>
                        </options>
                     </field>
                     <field name="AccountRef" type="reference">
                        <options>
                           <option name="referenceTo">AccountRef1</option>
                           <option name="relationshipName">Child</option>
                        </options>
                     </field>
                     <field name="PaymentType" type="string"/>
                  </detail>
               </processObject>
               <processObject xmlns="http://schemas.active-endpoints.com/appmodules/screenflow/2011/06/avosHostEnvironment.xsd"
                              isByCopy="true"
                              name="AccountRef">
                  <description/>
                  <detail>
                     <field name="value" type="string"/>
                  </detail>
               </processObject>
               <processObject xmlns="http://schemas.active-endpoints.com/appmodules/screenflow/2011/06/avosHostEnvironment.xsd"
                              isByCopy="true"
                              name="Bill_Create_Request">
                  <description/>
                  <detail>
                     <field name="Line" type="objectlist">
                        <options>
                           <option name="referenceTo">Line</option>
                           <option name="relationshipName">Child</option>
                        </options>
                     </field>
                     <field name="VendorRef" type="reference">
                        <options>
                           <option name="referenceTo">VendorRef</option>
                           <option name="relationshipName">Child</option>
                        </options>
                     </field>
                  </detail>
               </processObject>
               <processObject xmlns="http://schemas.active-endpoints.com/appmodules/screenflow/2011/06/avosHostEnvironment.xsd"
                              isByCopy="true"
                              name="CCAccount_CreateRequest">
                  <description/>
                  <detail>
                     <field name="Active" type="boolean"/>
                     <field name="sparse" type="boolean"/>
                     <field name="Classification" type="string"/>
                     <field name="CurrentBalanceWithSubAccounts" type="double"/>
                     <field name="domain" type="string"/>
                     <field name="FullyQualifiedName" type="string"/>
                     <field name="CurrentBalance" type="double"/>
                     <field name="SubAccount" type="boolean"/>
                     <field name="AccountType" type="string"/>
                     <field name="Name" type="string"/>
                     <field name="AccountSubType" type="string"/>
                  </detail>
               </processObject>
               <processObject xmlns="http://schemas.active-endpoints.com/appmodules/screenflow/2011/06/avosHostEnvironment.xsd"
                              isByCopy="true"
                              name="Reciept_Create_Request">
                  <description/>
                  <detail>
                     <field name="Line" type="objectlist">
                        <options>
                           <option name="referenceTo">Line4</option>
                           <option name="relationshipName">Child</option>
                        </options>
                     </field>
                     <field name="CustomerRef" type="reference">
                        <options>
                           <option name="referenceTo">CustomerRef1</option>
                           <option name="relationshipName">Child</option>
                        </options>
                     </field>
                  </detail>
               </processObject>
               <processObject xmlns="http://schemas.active-endpoints.com/appmodules/screenflow/2011/06/avosHostEnvironment.xsd"
                              isByCopy="true"
                              name="CCAccountRef">
                  <description/>
                  <detail>
                     <field name="name" type="string"/>
                     <field name="value" type="string"/>
                  </detail>
               </processObject>
               <processObject xmlns="http://schemas.active-endpoints.com/appmodules/screenflow/2011/06/avosHostEnvironment.xsd"
                              isByCopy="true"
                              name="Line">
                  <description/>
                  <detail>
                     <field name="AccountBasedExpenseLineDetail" type="reference">
                        <options>
                           <option name="referenceTo">AccountBasedExpenseLineDetail</option>
                           <option name="relationshipName">Child</option>
                        </options>
                     </field>
                     <field name="DetailType" type="string"/>
                     <field name="Amount" type="double"/>
                     <field name="Id" type="string"/>
                  </detail>
               </processObject>
               <processObject xmlns="http://schemas.active-endpoints.com/appmodules/screenflow/2011/06/avosHostEnvironment.xsd"
                              isByCopy="true"
                              name="Item_Create_Request">
                  <description/>
                  <detail>
                     <field name="Type" type="string"/>
                     <field name="IncomeAccountRef" type="reference">
                        <options>
                           <option name="referenceTo">IncomeAccountRef</option>
                           <option name="relationshipName">Child</option>
                        </options>
                     </field>
                     <field name="Name" type="string"/>
                  </detail>
               </processObject>
               <processObject xmlns="http://schemas.active-endpoints.com/appmodules/screenflow/2011/06/avosHostEnvironment.xsd"
                              isByCopy="true"
                              name="CreditCardPayment">
                  <description/>
                  <detail>
                     <field name="CCAccountRef" type="reference">
                        <options>
                           <option name="referenceTo">CCAccountRef</option>
                           <option name="relationshipName">Child</option>
                        </options>
                     </field>
                  </detail>
               </processObject>
               <processObject xmlns="http://schemas.active-endpoints.com/appmodules/screenflow/2011/06/avosHostEnvironment.xsd"
                              isByCopy="true"
                              name="TaxCodeRef">
                  <description/>
                  <detail>
                     <field name="value" type="string"/>
                  </detail>
               </processObject>
               <processObject xmlns="http://schemas.active-endpoints.com/appmodules/screenflow/2011/06/avosHostEnvironment.xsd"
                              isByCopy="true"
                              name="VendorRef1">
                  <description/>
                  <detail>
                     <field name="name" type="string"/>
                     <field name="value" type="string"/>
                  </detail>
               </processObject>
               <processObject xmlns="http://schemas.active-endpoints.com/appmodules/screenflow/2011/06/avosHostEnvironment.xsd"
                              isByCopy="true"
                              name="ItemRef">
                  <description/>
                  <detail>
                     <field name="name" type="string"/>
                     <field name="value" type="string"/>
                  </detail>
               </processObject>
               <processObject xmlns="http://schemas.active-endpoints.com/appmodules/screenflow/2011/06/avosHostEnvironment.xsd"
                              isByCopy="true"
                              name="VendorRef">
                  <description/>
                  <detail>
                     <field name="value" type="string"/>
                  </detail>
               </processObject>
               <processObject xmlns="http://schemas.active-endpoints.com/appmodules/screenflow/2011/06/avosHostEnvironment.xsd"
                              isByCopy="true"
                              name="CustomerRef">
                  <description/>
                  <detail>
                     <field name="value" type="string"/>
                  </detail>
               </processObject>
               <processObject xmlns="http://schemas.active-endpoints.com/appmodules/screenflow/2011/06/avosHostEnvironment.xsd"
                              isByCopy="true"
                              name="Line1">
                  <description/>
                  <detail>
                     <field name="Amount" type="double"/>
                     <field name="LinkedTxn" type="objectlist">
                        <options>
                           <option name="referenceTo">LinkedTxn</option>
                           <option name="relationshipName">Child</option>
                        </options>
                     </field>
                  </detail>
               </processObject>
               <processObject xmlns="http://schemas.active-endpoints.com/appmodules/screenflow/2011/06/avosHostEnvironment.xsd"
                              isByCopy="true"
                              name="Line2">
                  <description/>
                  <detail>
                     <field name="DetailType" type="string"/>
                     <field name="Amount" type="double"/>
                     <field name="SalesItemLineDetail" type="reference">
                        <options>
                           <option name="referenceTo">SalesItemLineDetail</option>
                           <option name="relationshipName">Child</option>
                        </options>
                     </field>
                  </detail>
               </processObject>
               <processObject xmlns="http://schemas.active-endpoints.com/appmodules/screenflow/2011/06/avosHostEnvironment.xsd"
                              isByCopy="true"
                              name="string">
                  <description/>
                  <detail>
                     <field name="string" type="string"/>
                  </detail>
               </processObject>
               <processObject xmlns="http://schemas.active-endpoints.com/appmodules/screenflow/2011/06/avosHostEnvironment.xsd"
                              isByCopy="true"
                              name="boolean">
                  <description/>
                  <detail>
                     <field name="boolean" type="boolean"/>
                  </detail>
               </processObject>
               <processObject xmlns="http://schemas.active-endpoints.com/appmodules/screenflow/2011/06/avosHostEnvironment.xsd"
                              isByCopy="true"
                              name="double">
                  <description/>
                  <detail>
                     <field name="double" type="double"/>
                  </detail>
               </processObject>
               <processObject xmlns="http://schemas.active-endpoints.com/appmodules/screenflow/2011/06/avosHostEnvironment.xsd"
                              isByCopy="true"
                              name="integer">
                  <description/>
                  <detail>
                     <field name="integer" type="int"/>
                  </detail>
               </processObject>
            </objects>
         </businessConnector>
      </types1:Entry>
      <types1:GUID>0cnD2VZWJPkjQvve5T6IuD</types1:GUID>
      <types1:DisplayName>QuickBooks Accounting REST API v3</types1:DisplayName>
   </types1:Item>
   <types1:CurrentServerDateTime>2021-02-17T07:08:04.297Z</types1:CurrentServerDateTime>
</aetgt:getResponse>
