{"annotations":[],"baseURI":null,"id":"Folders(4LGzVxxNyAwfSMjwLJhX86)","title":null,"associationLinks":[],"navigationLinks":[],"type":"OData.frs.Folder","editLink":null,"mediaEditLinks":[],"operations":[],"properties":[{"annotations":[],"valueType":"PRIMITIVE","value":"4LGzVxxNyAwfSMjwLJhX86","type":null,"name":"id","null":false,"collection":false,"geospatial":false,"complex":false,"primitive":true,"enum":false},{"annotations":[],"valueType":"PRIMITIVE","value":"Vertex","type":null,"name":"name","null":false,"collection":false,"geospatial":false,"complex":false,"primitive":true,"enum":false},{"annotations":[],"valueType":"PRIMITIVE","value":"","type":null,"name":"description","null":false,"collection":false,"geospatial":false,"complex":false,"primitive":true,"enum":false},{"annotations":[],"valueType":"PRIMITIVE","value":"6BsgPyebHOagPCa49Lof6l","type":null,"name":"owner","null":false,"collection":false,"geospatial":false,"complex":false,"primitive":true,"enum":false},{"annotations":[],"valueType":"PRIMITIVE","value":"6BsgPyebHOagPCa49Lof6l","type":null,"name":"createdBy","null":false,"collection":false,"geospatial":false,"complex":false,"primitive":true,"enum":false},{"annotations":[],"valueType":"PRIMITIVE","value":"6BsgPyebHOagPCa49Lof6l","type":null,"name":"lastUpdatedBy","null":false,"collection":false,"geospatial":false,"complex":false,"primitive":true,"enum":false},{"annotations":[],"valueType":"PRIMITIVE","value":"6BsgPyebHOagPCa49Lof6l","type":null,"name":"lastAccessedBy","null":false,"collection":false,"geospatial":false,"complex":false,"primitive":true,"enum":false},{"annotations":[],"valueType":"PRIMITIVE","value":"2021-03-24T17:23:47.000Z","type":null,"name":"createdTime","null":false,"collection":false,"geospatial":false,"complex":false,"primitive":true,"enum":false},{"annotations":[],"valueType":"PRIMITIVE","value":"2021-03-24T17:23:47.000Z","type":null,"name":"lastUpdatedTime","null":false,"collection":false,"geospatial":false,"complex":false,"primitive":true,"enum":false},{"annotations":[],"valueType":"PRIMITIVE","value":"2021-03-24T17:23:47.000Z","type":null,"name":"lastAccessedTime","null":false,"collection":false,"geospatial":false,"complex":false,"primitive":true,"enum":false},{"annotations":[],"valueType":"PRIMITIVE","value":"2038-01-18T00:00:00.000Z","type":null,"name":"expiresBy","null":false,"collection":false,"geospatial":false,"complex":false,"primitive":true,"enum":false},{"annotations":[],"valueType":"PRIMITIVE","value":"Folder","type":null,"name":"documentType","null":false,"collection":false,"geospatial":false,"complex":false,"primitive":true,"enum":false},{"annotations":[],"valueType":"PRIMITIVE","value":"Binary","type":null,"name":"contentType","null":false,"collection":false,"geospatial":false,"complex":false,"primitive":true,"enum":false},{"annotations":[],"valueType":"PRIMITIVE","value":"COMPLETE","type":null,"name":"documentState","null":false,"collection":false,"geospatial":false,"complex":false,"primitive":true,"enum":false},{"annotations":[],"valueType":"PRIMITIVE","value":"org","type":null,"name":"aclRule","null":false,"collection":false,"geospatial":false,"complex":false,"primitive":true,"enum":false},{"annotations":[],"valueType":"PRIMITIVE","value":0,"type":null,"name":"subcontainerCount","null":false,"collection":false,"geospatial":false,"complex":false,"primitive":true,"enum":false},{"annotations":[],"valueType":"COMPLEX","value":null,"type":null,"name":"customAttributes","null":true,"collection":false,"geospatial":false,"complex":true,"primitive":false,"enum":false},{"annotations":[],"valueType":"COMPLEX","value":null,"type":null,"name":"repoInfo","null":true,"collection":false,"geospatial":false,"complex":true,"primitive":false,"enum":false},{"annotations":[],"valueType":"COLLECTION_COMPLEX","value":[{"annotations":[],"baseURI":null,"id":null,"title":null,"associationLinks":[],"navigationLinks":[],"value":[{"annotations":[],"valueType":"PRIMITIVE","value":"7cCn5thwWFLhiZoSosphKL","type":null,"name":"parentId","null":false,"collection":false,"geospatial":false,"complex":false,"primitive":true,"enum":false},{"annotations":[],"valueType":"PRIMITIVE","value":"REG","type":null,"name":"parentName","null":false,"collection":false,"geospatial":false,"complex":false,"primitive":true,"enum":false},{"annotations":[],"valueType":"PRIMITIVE","value":"Space","type":null,"name":"parentType","null":false,"collection":false,"geospatial":false,"complex":false,"primitive":true,"enum":false}],"navigationBindings":[]},{"annotations":[],"baseURI":null,"id":null,"title":null,"associationLinks":[],"navigationLinks":[],"value":[{"annotations":[],"valueType":"PRIMITIVE","value":"7g3SuFQE5Zigy5u5kZ6ysX","type":null,"name":"parentId","null":false,"collection":false,"geospatial":false,"complex":false,"primitive":true,"enum":false},{"annotations":[],"valueType":"PRIMITIVE","value":"Customer Targeted Demonstration and POC Assets","type":null,"name":"parentName","null":false,"collection":false,"geospatial":false,"complex":false,"primitive":true,"enum":false},{"annotations":[],"valueType":"PRIMITIVE","value":"Project","type":null,"name":"parentType","null":false,"collection":false,"geospatial":false,"complex":false,"primitive":true,"enum":false}],"navigationBindings":[]}],"type":null,"name":"parentInfo","null":false,"collection":true,"geospatial":false,"complex":true,"primitive":false,"enum":false}],"mediaContentSource":null,"mediaContentType":null,"mediaETag":null,"etag":null,"mediaEntity":false,"selfLink":null,"navigationBindings":[]}