<aetgt:getResponse xmlns:aetgt="http://schemas.active-endpoints.com/appmodules/repository/2010/10/avrepository.xsd"
                   xmlns:types1="http://schemas.active-endpoints.com/appmodules/repository/2010/10/avrepository.xsd">
   <types1:Item>
      <types1:EntryId>uXNaaa-gt-3916425-2019-11-18T00:05:23.286Z::svc.xml</types1:EntryId>
      <types1:Name>SAP_S4HANA_Purchasing_Source_List_API_v1</types1:Name>
      <types1:MimeType>application/xml+businesssconnector</types1:MimeType>
      <types1:Description>This  synchronous inbound service enables you to  create, update, and delete purchasing source  lists. It is based on the OData protocol. The  information is sent in the request as a payload.  All information is used when creating a  purchasing source list, and they are checked  for authorizations. Once the purchasing source  list has been created, the purchasing source  list number is sent in the response. If there  are any issues when the purchasing source list  is created, the system displays error messages  in the response.</types1:Description>
      <types1:AppliesTo/>
      <types1:Tags/>
      <types1:VersionLabel>1.0</types1:VersionLabel>
      <types1:State>CURRENT</types1:State>
      <types1:ProcessGroup/>
      <types1:CreatedBy>sorabh@na1.dm-us.org</types1:CreatedBy>
      <types1:CreationDate>2019-11-18T00:05:23Z</types1:CreationDate>
      <types1:ModifiedBy/>
      <types1:PublicationStatus>published</types1:PublicationStatus>
      <types1:PublishedBy>sorabh@na1.dm-us.org</types1:PublishedBy>
      <types1:PublicationDate>2019-11-18T00:05:27Z</types1:PublicationDate>
      <types1:PublishedContributionId>project:/rt.connector/SAP_S4HANA_Purchasing_Source_List_API_v1/SAP_S4HANA_Purchasing_Source_List_API_v1_svcDef.xml</types1:PublishedContributionId>
      <types1:AutosaveExists>false</types1:AutosaveExists>
      <types1:Entry>
         <businessConnector xmlns="http://schemas.informatica.com/socrates/data-services/2014/05/business-connector-model.xsd"
                            agentOnly="false"
                            debug="false"
                            displayName="SAP S4HANA Purchasing Source List API v1"
                            label=""
                            name="SAP_S4HANA_Purchasing_Source_List_API_v1"
                            uuid="ba985e8b-34ec-466e-9803-9e1b42ba5b2d">
            <description>This  synchronous inbound service enables you to  create, update, and delete purchasing source  lists. It is based on the OData protocol. The  information is sent in the request as a payload.  All information is used when creating a  purchasing source list, and they are checked  for authorizations. Once the purchasing source  list has been created, the purchasing source  list number is sent in the response. If there  are any issues when the purchasing source list  is created, the system displays error messages  in the response.</description>
            <tags/>
            <connectionAttributes xmlns="http://schemas.informatica.com/appmodules/screenflow/2014/04/avosConnectors.xsd">
               <connectionAttribute description="Host Name"
                                    masked="false"
                                    name="hostName"
                                    required="true"
                                    testWith="sandbox.api.sap.com"
                                    type="string"/>
               <connectionAttribute description="User Name"
                                    masked="false"
                                    name="username"
                                    required="true"
                                    testWith=""
                                    type="string"/>
               <connectionAttribute description="Password"
                                    masked="true"
                                    name="password"
                                    required="true"
                                    testWith=""
                                    type="string"/>
            </connectionAttributes>
            <actions>
               <action category="A_PurchasingSource"
                       failOnError="true"
                       forSearch="false"
                       label="POST_A_PurchasingSource"
                       maxRedirects="100"
                       name="POST_A_PurchasingSource"
                       preemptiveAuth="true"
                       responseEncoding="">
                  <description>Add new entity to A_PurchasingSource</description>
                  <input>
                     <parameter description="New entity"
                                label="A_PurchasingSourceType"
                                name="A_PurchasingSourceType"
                                required="false"
                                testWith=""
                                type="reference">
                        <options>
                           <option name="referenceTo">API_PURCHASING_SOURCE_SRV_A_PurchasingSourceType_create</option>
                        </options>
                     </parameter>
                  </input>
                  <binding>
                     <restSimpleBinding multiUsing="semicolonSeparated"
                                        url="https://{$hostName}/s4hanacloud/sap/opu/odata/sap/API_PURCHASING_SOURCE_SRV/A_PurchasingSource"
                                        verb="POST">
                        <authentication>
                           <username>{$username}</username>
                           <password>{$password}</password>
                           <isExpressionInPassword>true</isExpressionInPassword>
                        </authentication>
                        <httpHeaders>
                           <header name="Content-Type">application/json</header>
                           <header name="Accept">application/json</header>
                        </httpHeaders>
                        <body generateUsing="UnwrappedJSON" preserveJsonStringFormatting="false"/>
                     </restSimpleBinding>
                  </binding>
                  <output/>
               </action>
               <action category="A_PurchasingSource"
                       failOnError="true"
                       forSearch="false"
                       label="GET_A_PurchasingSource"
                       maxRedirects="100"
                       name="GET_A_PurchasingSource"
                       preemptiveAuth="true"
                       responseEncoding="">
                  <description>Get entities from A_PurchasingSource</description>
                  <input>
                     <parameter description="Show only the first n items, see [Paging - Top](https://help.sap.com/doc/5890d27be418427993fafa6722cdc03b/Cloud/en-US/OdataV2.pdf#page=66)"
                                label="$top"
                                name="$top"
                                required="false"
                                testWith=""
                                type="int"/>
                     <parameter description="Skip the first n items, see [Paging - Skip](https://help.sap.com/doc/5890d27be418427993fafa6722cdc03b/Cloud/en-US/OdataV2.pdf#page=65)"
                                label="$skip"
                                name="$skip"
                                required="false"
                                testWith=""
                                type="int"/>
                     <parameter description="Filter items by property values, see [Filtering](https://help.sap.com/doc/5890d27be418427993fafa6722cdc03b/Cloud/en-US/OdataV2.pdf#page=64)"
                                label="$filter"
                                name="$filter"
                                required="false"
                                testWith=""
                                type="string"/>
                     <parameter description="Include count of items, see [Inlinecount](https://help.sap.com/doc/5890d27be418427993fafa6722cdc03b/Cloud/en-US/OdataV2.pdf#page=67)"
                                label="$inlinecount"
                                name="$inlinecount"
                                required="false"
                                testWith=""
                                type="picklist">
                        <options>
                           <option name="values">[{"value":"allpages","label":"allpages"},{"value":"none","label":"none"}]</option>
                        </options>
                     </parameter>
                     <parameter description="Order items by property values, see [Sorting](https://help.sap.com/doc/5890d27be418427993fafa6722cdc03b/Cloud/en-US/OdataV2.pdf#page=65)"
                                label="$orderby"
                                name="$orderby"
                                required="false"
                                testWith=""
                                type="picklist">
                        <options>
                           <option name="values">[{"value":"Material","label":"Material"},{"value":"Material desc","label":"Material desc"},{"value":"Plant","label":"Plant"},{"value":"Plant desc","label":"Plant desc"},{"value":"SourceListRecord","label":"SourceListRecord"},{"value":"SourceListRecord desc","label":"SourceListRecord desc"},{"value":"CreationDate","label":"CreationDate"},{"value":"CreationDate desc","label":"CreationDate desc"},{"value":"CreatedByUserName","label":"CreatedByUserName"},{"value":"CreatedByUserName desc","label":"CreatedByUserName desc"},{"value":"ValidityStartDate","label":"ValidityStartDate"},{"value":"ValidityStartDate desc","label":"ValidityStartDate desc"},{"value":"ValidityEndDate","label":"ValidityEndDate"},{"value":"ValidityEndDate desc","label":"ValidityEndDate desc"},{"value":"Supplier","label":"Supplier"},{"value":"Supplier desc","label":"Supplier desc"},{"value":"SupplierIsFixed","label":"SupplierIsFixed"},{"value":"SupplierIsFixed desc","label":"SupplierIsFixed desc"},{"value":"PurchaseOutlineAgreement","label":"PurchaseOutlineAgreement"},{"value":"PurchaseOutlineAgreement desc","label":"PurchaseOutlineAgreement desc"},{"value":"PurchaseOutlineAgreementItem","label":"PurchaseOutlineAgreementItem"},{"value":"PurchaseOutlineAgreementItem desc","label":"PurchaseOutlineAgreementItem desc"},{"value":"SupplyingPlant","label":"SupplyingPlant"},{"value":"SupplyingPlant desc","label":"SupplyingPlant desc"},{"value":"SourceOfSupplyIsBlocked","label":"SourceOfSupplyIsBlocked"},{"value":"SourceOfSupplyIsBlocked desc","label":"SourceOfSupplyIsBlocked desc"},{"value":"PurchasingOrganization","label":"PurchasingOrganization"},{"value":"PurchasingOrganization desc","label":"PurchasingOrganization desc"},{"value":"MRPSourcingControl","label":"MRPSourcingControl"},{"value":"MRPSourcingControl desc","label":"MRPSourcingControl desc"},{"value":"OrderQuantityUnit","label":"OrderQuantityUnit"},{"value":"OrderQuantityUnit desc","label":"OrderQuantityUnit desc"},{"value":"LastChangeDateTime","label":"LastChangeDateTime"},{"value":"LastChangeDateTime desc","label":"LastChangeDateTime desc"},{"value":"IssgPlantIsFixed","label":"IssgPlantIsFixed"},{"value":"IssgPlantIsFixed desc","label":"IssgPlantIsFixed desc"},{"value":"PurOutlineAgreementIsFixed","label":"PurOutlineAgreementIsFixed"},{"value":"PurOutlineAgreementIsFixed desc","label":"PurOutlineAgreementIsFixed desc"},{"value":"SourceOfSupplyIsFixed","label":"SourceOfSupplyIsFixed"},{"value":"SourceOfSupplyIsFixed desc","label":"SourceOfSupplyIsFixed desc"}]</option>
                        </options>
                     </parameter>
                     <parameter description="Select properties to be returned, see [Select](https://help.sap.com/doc/5890d27be418427993fafa6722cdc03b/Cloud/en-US/OdataV2.pdf#page=68)"
                                label="$select"
                                name="$select"
                                required="false"
                                testWith=""
                                type="picklist">
                        <options>
                           <option name="values">[{"value":"Material","label":"Material"},{"value":"Plant","label":"Plant"},{"value":"SourceListRecord","label":"SourceListRecord"},{"value":"CreationDate","label":"CreationDate"},{"value":"CreatedByUserName","label":"CreatedByUserName"},{"value":"ValidityStartDate","label":"ValidityStartDate"},{"value":"ValidityEndDate","label":"ValidityEndDate"},{"value":"Supplier","label":"Supplier"},{"value":"SupplierIsFixed","label":"SupplierIsFixed"},{"value":"PurchaseOutlineAgreement","label":"PurchaseOutlineAgreement"},{"value":"PurchaseOutlineAgreementItem","label":"PurchaseOutlineAgreementItem"},{"value":"SupplyingPlant","label":"SupplyingPlant"},{"value":"SourceOfSupplyIsBlocked","label":"SourceOfSupplyIsBlocked"},{"value":"PurchasingOrganization","label":"PurchasingOrganization"},{"value":"MRPSourcingControl","label":"MRPSourcingControl"},{"value":"OrderQuantityUnit","label":"OrderQuantityUnit"},{"value":"LastChangeDateTime","label":"LastChangeDateTime"},{"value":"IssgPlantIsFixed","label":"IssgPlantIsFixed"},{"value":"PurOutlineAgreementIsFixed","label":"PurOutlineAgreementIsFixed"},{"value":"SourceOfSupplyIsFixed","label":"SourceOfSupplyIsFixed"}]</option>
                        </options>
                     </parameter>
                  </input>
                  <binding>
                     <restSimpleBinding multiUsing="semicolonSeparated"
                                        url="https://{$hostName}/s4hanacloud/sap/opu/odata/sap/API_PURCHASING_SOURCE_SRV/A_PurchasingSource"
                                        verb="GET">
                        <authentication>
                           <username>{$username}</username>
                           <password>{$password}</password>
                           <isExpressionInPassword>true</isExpressionInPassword>
                        </authentication>
                        <httpHeaders>
                           <header name="Content-Type">application/json</header>
                           <header name="Accept">application/json</header>
                        </httpHeaders>
                     </restSimpleBinding>
                  </binding>
                  <output>
                     <field description="Retrieved entities"
                            entireResponse="true"
                            name="entireResponse"
                            type="object"/>
                  </output>
               </action>
               <action category="A_PurchasingSource"
                       failOnError="true"
                       forSearch="false"
                       label="PATCH_A_PurchasingSource_Material_Material_Plant_Plant_SourceListRecord_SourceListRecord_"
                       maxRedirects="100"
                       name="PATCH_A_PurchasingSource_Material_Material_Plant_Plant_SourceListRecord_SourceListRecord_"
                       preemptiveAuth="true"
                       responseEncoding="">
                  <description>Update entity in A_PurchasingSource</description>
                  <input>
                     <parameter description="New property values"
                                label="A_PurchasingSourceType"
                                name="A_PurchasingSourceType"
                                required="false"
                                testWith=""
                                type="object"/>
                     <parameter description="Material Number  &#xA;Alphanumeric key uniquely identifying the material."
                                label="MaterialPathParam"
                                name="MaterialPathParam"
                                nogen="true"
                                required="true"
                                testWith=""
                                type="string"/>
                     <parameter description="Specifies the key for a production facility or branch office within the company (that is, the company code).  &#xA;You use the plant key to determine, for instance, which plant is to receive ordered goods."
                                label="PlantPathParam"
                                name="PlantPathParam"
                                nogen="true"
                                required="true"
                                testWith=""
                                type="string"/>
                     <parameter description="Number of Source List Record  &#xA;Alphanumeric key uniquely identifying the document.  &#xA;This counter is assigned internally by the system at material master plant segment level."
                                label="SourceListRecordPathParam"
                                name="SourceListRecordPathParam"
                                nogen="true"
                                required="true"
                                testWith=""
                                type="string"/>
                  </input>
                  <binding>
                     <restSimpleBinding multiUsing="semicolonSeparated"
                                        url="https://{$hostName}/s4hanacloud/sap/opu/odata/sap/API_PURCHASING_SOURCE_SRV/A_PurchasingSource(Material='{$MaterialPathParam}',Plant='{$PlantPathParam}',SourceListRecord='{$SourceListRecordPathParam}')"
                                        verb="PATCH">
                        <authentication>
                           <username>{$username}</username>
                           <password>{$password}</password>
                           <isExpressionInPassword>true</isExpressionInPassword>
                        </authentication>
                        <httpHeaders>
                           <header name="Content-Type">application/json</header>
                           <header name="Accept">application/json</header>
                        </httpHeaders>
                        <body generateUsing="UnwrappedJSON" preserveJsonStringFormatting="false"/>
                     </restSimpleBinding>
                  </binding>
                  <output/>
               </action>
               <action category="A_PurchasingSource"
                       failOnError="true"
                       forSearch="false"
                       label="GET_A_PurchasingSource_Material_Material_Plant_Plant_SourceListRecord_SourceListRecord_"
                       maxRedirects="100"
                       name="GET_A_PurchasingSource_Material_Material_Plant_Plant_SourceListRecord_SourceListRecord_"
                       preemptiveAuth="true"
                       responseEncoding="">
                  <description>Get entity from A_PurchasingSource by key</description>
                  <input>
                     <parameter description="Select properties to be returned, see [Select](https://help.sap.com/doc/5890d27be418427993fafa6722cdc03b/Cloud/en-US/OdataV2.pdf#page=68)"
                                label="$select"
                                name="$select"
                                required="false"
                                testWith=""
                                type="picklist">
                        <options>
                           <option name="values">[{"value":"Material","label":"Material"},{"value":"Plant","label":"Plant"},{"value":"SourceListRecord","label":"SourceListRecord"},{"value":"CreationDate","label":"CreationDate"},{"value":"CreatedByUserName","label":"CreatedByUserName"},{"value":"ValidityStartDate","label":"ValidityStartDate"},{"value":"ValidityEndDate","label":"ValidityEndDate"},{"value":"Supplier","label":"Supplier"},{"value":"SupplierIsFixed","label":"SupplierIsFixed"},{"value":"PurchaseOutlineAgreement","label":"PurchaseOutlineAgreement"},{"value":"PurchaseOutlineAgreementItem","label":"PurchaseOutlineAgreementItem"},{"value":"SupplyingPlant","label":"SupplyingPlant"},{"value":"SourceOfSupplyIsBlocked","label":"SourceOfSupplyIsBlocked"},{"value":"PurchasingOrganization","label":"PurchasingOrganization"},{"value":"MRPSourcingControl","label":"MRPSourcingControl"},{"value":"OrderQuantityUnit","label":"OrderQuantityUnit"},{"value":"LastChangeDateTime","label":"LastChangeDateTime"},{"value":"IssgPlantIsFixed","label":"IssgPlantIsFixed"},{"value":"PurOutlineAgreementIsFixed","label":"PurOutlineAgreementIsFixed"},{"value":"SourceOfSupplyIsFixed","label":"SourceOfSupplyIsFixed"}]</option>
                        </options>
                     </parameter>
                     <parameter description="Material Number  &#xA;Alphanumeric key uniquely identifying the material."
                                label="MaterialPathParam"
                                name="MaterialPathParam"
                                nogen="true"
                                required="true"
                                testWith=""
                                type="string"/>
                     <parameter description="Specifies the key for a production facility or branch office within the company (that is, the company code).  &#xA;You use the plant key to determine, for instance, which plant is to receive ordered goods."
                                label="PlantPathParam"
                                name="PlantPathParam"
                                nogen="true"
                                required="true"
                                testWith=""
                                type="string"/>
                     <parameter description="Number of Source List Record  &#xA;Alphanumeric key uniquely identifying the document.  &#xA;This counter is assigned internally by the system at material master plant segment level."
                                label="SourceListRecordPathParam"
                                name="SourceListRecordPathParam"
                                nogen="true"
                                required="true"
                                testWith=""
                                type="string"/>
                  </input>
                  <binding>
                     <restSimpleBinding multiUsing="semicolonSeparated"
                                        url="https://{$hostName}/s4hanacloud/sap/opu/odata/sap/API_PURCHASING_SOURCE_SRV/A_PurchasingSource(Material='{$MaterialPathParam}',Plant='{$PlantPathParam}',SourceListRecord='{$SourceListRecordPathParam}')"
                                        verb="GET">
                        <authentication>
                           <username>{$username}</username>
                           <password>{$password}</password>
                           <isExpressionInPassword>true</isExpressionInPassword>
                        </authentication>
                        <httpHeaders>
                           <header name="Content-Type">application/json</header>
                           <header name="Accept">application/json</header>
                        </httpHeaders>
                     </restSimpleBinding>
                  </binding>
                  <output>
                     <field description="Retrieved entity"
                            entireResponse="true"
                            name="entireResponse"
                            type="object"/>
                  </output>
               </action>
               <action category="A_PurchasingSource"
                       failOnError="true"
                       forSearch="false"
                       label="DELETE_A_PurchasingSource_Material_Material_Plant_Plant_SourceListRecord_SourceListRecord_"
                       maxRedirects="100"
                       name="DELETE_A_PurchasingSource_Material_Material_Plant_Plant_SourceListRecord_SourceListRecord_"
                       preemptiveAuth="true"
                       responseEncoding="">
                  <description>Delete entity from A_PurchasingSource</description>
                  <input>
                     <parameter description="Material Number  &#xA;Alphanumeric key uniquely identifying the material."
                                label="MaterialPathParam"
                                name="MaterialPathParam"
                                nogen="true"
                                required="true"
                                testWith=""
                                type="string"/>
                     <parameter description="Specifies the key for a production facility or branch office within the company (that is, the company code).  &#xA;You use the plant key to determine, for instance, which plant is to receive ordered goods."
                                label="PlantPathParam"
                                name="PlantPathParam"
                                nogen="true"
                                required="true"
                                testWith=""
                                type="string"/>
                     <parameter description="Number of Source List Record  &#xA;Alphanumeric key uniquely identifying the document.  &#xA;This counter is assigned internally by the system at material master plant segment level."
                                label="SourceListRecordPathParam"
                                name="SourceListRecordPathParam"
                                nogen="true"
                                required="true"
                                testWith=""
                                type="string"/>
                  </input>
                  <binding>
                     <restSimpleBinding multiUsing="semicolonSeparated"
                                        url="https://{$hostName}/s4hanacloud/sap/opu/odata/sap/API_PURCHASING_SOURCE_SRV/A_PurchasingSource(Material='{$MaterialPathParam}',Plant='{$PlantPathParam}',SourceListRecord='{$SourceListRecordPathParam}')"
                                        verb="DELETE">
                        <authentication>
                           <username>{$username}</username>
                           <password>{$password}</password>
                           <isExpressionInPassword>true</isExpressionInPassword>
                        </authentication>
                        <httpHeaders>
                           <header name="Content-Type">application/json</header>
                           <header name="Accept">application/json</header>
                        </httpHeaders>
                     </restSimpleBinding>
                  </binding>
                  <output/>
               </action>
            </actions>
            <objects>
               <processObject xmlns="http://schemas.active-endpoints.com/appmodules/screenflow/2011/06/avosHostEnvironment.xsd"
                              isByCopy="true"
                              name="API_PURCHASING_SOURCE_SRV_A_PurchasingSourceType_create">
                  <description/>
                  <detail>
                     <field name="PurchaseOutlineAgreementItem" type="string"/>
                     <field name="SourceOfSupplyIsBlocked" type="boolean"/>
                     <field name="Plant" type="string"/>
                     <field name="SupplyingPlant" type="string"/>
                     <field name="PurchasingOrganization" type="string"/>
                     <field name="MRPSourcingControl" type="string"/>
                     <field name="PurchaseOutlineAgreement" type="string"/>
                     <field name="Material" type="string"/>
                     <field name="ValidityEndDate" type="string"/>
                     <field name="Supplier" type="string"/>
                     <field name="OrderQuantityUnit" type="string"/>
                     <field name="ValidityStartDate" type="string"/>
                  </detail>
               </processObject>
               <processObject xmlns="http://schemas.active-endpoints.com/appmodules/screenflow/2011/06/avosHostEnvironment.xsd"
                              isByCopy="true"
                              name="API_PURCHASING_SOURCE_SRV_A_PurchasingSourceType_update">
                  <description/>
                  <detail>
                     <field name="PurchaseOutlineAgreementItem" type="string"/>
                     <field name="SourceOfSupplyIsBlocked" type="boolean"/>
                     <field name="SupplyingPlant" type="string"/>
                     <field name="PurchasingOrganization" type="string"/>
                     <field name="MRPSourcingControl" type="string"/>
                     <field name="PurchaseOutlineAgreement" type="string"/>
                     <field name="ValidityEndDate" type="string"/>
                     <field name="Supplier" type="string"/>
                     <field name="OrderQuantityUnit" type="string"/>
                     <field name="ValidityStartDate" type="string"/>
                  </detail>
               </processObject>
               <processObject xmlns="http://schemas.active-endpoints.com/appmodules/screenflow/2011/06/avosHostEnvironment.xsd"
                              isByCopy="true"
                              name="API_PURCHASING_SOURCE_SRV_A_PurchasingSourceType">
                  <description/>
                  <detail>
                     <field name="PurchaseOutlineAgreementItem" type="string"/>
                     <field name="CreationDate" type="string"/>
                     <field name="SourceOfSupplyIsBlocked" type="boolean"/>
                     <field name="SupplierIsFixed" type="boolean"/>
                     <field name="IssgPlantIsFixed" type="boolean"/>
                     <field name="PurOutlineAgreementIsFixed" type="boolean"/>
                     <field name="Material" type="string"/>
                     <field name="SourceOfSupplyIsFixed" type="boolean"/>
                     <field name="Plant" type="string"/>
                     <field name="SupplyingPlant" type="string"/>
                     <field name="PurchasingOrganization" type="string"/>
                     <field name="MRPSourcingControl" type="string"/>
                     <field name="PurchaseOutlineAgreement" type="string"/>
                     <field name="CreatedByUserName" type="string"/>
                     <field name="ValidityEndDate" type="string"/>
                     <field name="Supplier" type="string"/>
                     <field name="LastChangeDateTime" type="string"/>
                     <field name="OrderQuantityUnit" type="string"/>
                     <field name="SourceListRecord" type="string"/>
                     <field name="ValidityStartDate" type="string"/>
                  </detail>
               </processObject>
               <processObject xmlns="http://schemas.active-endpoints.com/appmodules/screenflow/2011/06/avosHostEnvironment.xsd"
                              isByCopy="true"
                              name="error">
                  <description/>
                  <detail>
                     <field name="error" type="object"/>
                  </detail>
               </processObject>
               <processObject xmlns="http://schemas.active-endpoints.com/appmodules/screenflow/2011/06/avosHostEnvironment.xsd"
                              isByCopy="true"
                              name="string">
                  <description/>
                  <detail>
                     <field name="string" type="string"/>
                  </detail>
               </processObject>
               <processObject xmlns="http://schemas.active-endpoints.com/appmodules/screenflow/2011/06/avosHostEnvironment.xsd"
                              isByCopy="true"
                              name="boolean">
                  <description/>
                  <detail>
                     <field name="boolean" type="boolean"/>
                  </detail>
               </processObject>
               <processObject xmlns="http://schemas.active-endpoints.com/appmodules/screenflow/2011/06/avosHostEnvironment.xsd"
                              isByCopy="true"
                              name="double">
                  <description/>
                  <detail>
                     <field name="double" type="double"/>
                  </detail>
               </processObject>
               <processObject xmlns="http://schemas.active-endpoints.com/appmodules/screenflow/2011/06/avosHostEnvironment.xsd"
                              isByCopy="true"
                              name="integer">
                  <description/>
                  <detail>
                     <field name="integer" type="int"/>
                  </detail>
               </processObject>
            </objects>
         </businessConnector>
      </types1:Entry>
      <types1:GUID>e8a13VQqz6cfws1ZNSY7wi</types1:GUID>
      <types1:DisplayName>SAP S4HANA Purchasing Source List API v1</types1:DisplayName>
   </types1:Item>
   <types1:CurrentServerDateTime>2019-11-18T04:22:11.788Z</types1:CurrentServerDateTime>
</aetgt:getResponse>
