<aetgt:getResponse xmlns:aetgt="http://schemas.active-endpoints.com/appmodules/repository/2010/10/avrepository.xsd"
                   xmlns:types1="http://schemas.active-endpoints.com/appmodules/repository/2010/10/avrepository.xsd">
   <types1:Item>
      <types1:EntryId>dp2vRES7FdpOfTR-gt-38768-2019-02-27T04:28:49.049Z::svc.xml</types1:EntryId>
      <types1:Name>ADP_Event_Notification_Messages_v1</types1:Name>
      <types1:MimeType>application/xml+businesssconnector</types1:MimeType>
      <types1:Description>The Event Notification APIs can be used to obtain a list of all event notification messages that the requestor is authorized to view, or to delete an event notification message after it has been received and processed by the consumer.</types1:Description>
      <types1:AppliesTo/>
      <types1:Tags/>
      <types1:VersionLabel>1.0</types1:VersionLabel>
      <types1:State>CURRENT</types1:State>
      <types1:ProcessGroup/>
      <types1:CreatedBy>stage2_pod1</types1:CreatedBy>
      <types1:CreationDate>2019-02-27T04:28:49Z</types1:CreationDate>
      <types1:ModifiedBy/>
      <types1:PublicationStatus>unpublished</types1:PublicationStatus>
      <types1:AutosaveExists>false</types1:AutosaveExists>
      <types1:Entry>
         <businessConnector xmlns="http://schemas.informatica.com/socrates/data-services/2014/05/business-connector-model.xsd"
                            agentOnly="false"
                            debug="false"
                            displayName="ADP Event Notification Messages v1"
                            label=""
                            name="ADP_Event_Notification_Messages_v1"
                            uuid="7ed89e40-751d-4b49-ac62-a72055a549f4">
            <description>The Event Notification APIs can be used to obtain a list of all event notification messages that the requestor is authorized to view, or to delete an event notification message after it has been received and processed by the consumer.</description>
            <tags/>
            <connectionAttributes xmlns="http://schemas.informatica.com/appmodules/screenflow/2014/04/avosConnectors.xsd">
               <connectionAttribute description="Host Name"
                                    masked="false"
                                    name="hostName"
                                    required="true"
                                    testWith="test-api.adp.com"
                                    type="string"/>
            </connectionAttributes>
            <actions>
               <action category="Event Notification Messages"
                       failOnError="true"
                       forSearch="false"
                       label="CoreV1EventNotificationMessagesByAdpMsgMsgidDelete"
                       maxRedirects="100"
                       name="CoreV1EventNotificationMessagesByAdpMsgMsgidDelete"
                       preemptiveAuth="true"
                       responseEncoding="">
                  <description>85c0d3d2-22bd-4125-86e8-3b39f64610b5. Delete the event notification message once the consumer has processed it successfully. The DELETE Acknowledges successful receipt and processing of the request.</description>
                  <input>
                     <parameter description="adp-msg-msgid' is passed in the header with the response from the GET request."
                                label="adp_msg_msgidPathParam"
                                name="adp_msg_msgidPathParam"
                                nogen="true"
                                required="true"
                                testWith=""
                                type="string"/>
                     <parameter description="The role the user is playing during the transaction.  Possible values: employee,manager,practitioner,administrator,supervisor.  The roleCode header will be passed in all calls. When coming from Myself capabilities rolecode=employee. When coming from Team capabilities roleCode=manager. When coming from Practitioner capabilities roleCode=practitioner."
                                label="roleCode"
                                name="roleCode"
                                nogen="true"
                                required="true"
                                testWith=""
                                type="string"/>
                     <parameter description="“Accept-Language” “: ” ( language | “*” ) [“;” “q” “=”qvalue]. Specifies the language(s) that are acceptable for the response. The optional qvalue represents a quality level for acceptable languages."
                                label="Accept-Language"
                                name="Accept-Language"
                                nogen="true"
                                required="false"
                                testWith=""
                                type="string"/>
                     <parameter description="Used to indicate that particular server behaviors are preferred by the client.Required in Asynchronous call."
                                label="Prefer"
                                name="Prefer"
                                nogen="true"
                                required="false"
                                testWith=""
                                type="string"/>
                  </input>
                  <binding>
                     <restSimpleBinding multiUsing="semicolonSeparated"
                                        url="https://{$hostName}/core/v1/event-notification-messages/{$adp_msg_msgidPathParam}"
                                        verb="DELETE">
                        <httpHeaders>
                           <header name="Content-Type">application/json</header>
                           <header name="Accept">application/json</header>
                           <header name="roleCode">{$roleCode}</header>
                           <header name="Accept-Language">{$Accept-Language}</header>
                           <header name="Prefer">{$Prefer}</header>
                        </httpHeaders>
                     </restSimpleBinding>
                  </binding>
                  <output>
                     <field description="Delete the event notification message once the consumer has processed it successfully. The DELETE Acknowledges successful receipt and processing of the request."
                            entireResponse="true"
                            name="Events"
                            type="reference">
                        <options>
                           <option name="referenceTo">Events</option>
                        </options>
                     </field>
                  </output>
               </action>
               <action category="Event Notification Messages"
                       failOnError="true"
                       forSearch="false"
                       label="CoreV1EventNotificationMessagesGet"
                       maxRedirects="100"
                       name="CoreV1EventNotificationMessagesGet"
                       preemptiveAuth="true"
                       responseEncoding="">
                  <description>5e354618-3273-4866-a4a0-44e9cc4dd571. Request the list of all event notification messages that the request is authorized to view</description>
                  <input>
                     <parameter description="The role the user is playing during the transaction.  Possible values: employee,manager,practitioner,administrator,supervisor.  The roleCode header will be passed in all calls. When coming from Myself capabilities rolecode=employee. When coming from Team capabilities roleCode=manager. When coming from Practitioner capabilities roleCode=practitioner."
                                label="roleCode"
                                name="roleCode"
                                nogen="true"
                                required="true"
                                testWith=""
                                type="string"/>
                     <parameter description="“Accept-Language” “: ” ( language | “*” ) [“;” “q” “=”qvalue]. Specifies the language(s) that are acceptable for the response. The optional qvalue represents a quality level for acceptable languages."
                                label="Accept-Language"
                                name="Accept-Language"
                                nogen="true"
                                required="false"
                                testWith=""
                                type="string"/>
                     <parameter description="Used to indicate that particular server behaviors are preferred by the client.Required in Asynchronous call."
                                label="Prefer"
                                name="Prefer"
                                nogen="true"
                                required="false"
                                testWith=""
                                type="string"/>
                  </input>
                  <binding>
                     <restSimpleBinding multiUsing="semicolonSeparated"
                                        url="https://{$hostName}/core/v1/event-notification-messages"
                                        verb="GET">
                        <httpHeaders>
                           <header name="Content-Type">application/json</header>
                           <header name="Accept">application/json</header>
                           <header name="roleCode">{$roleCode}</header>
                           <header name="Accept-Language">{$Accept-Language}</header>
                           <header name="Prefer">{$Prefer}</header>
                        </httpHeaders>
                     </restSimpleBinding>
                  </binding>
                  <output/>
               </action>
            </actions>
            <objects>
               <processObject xmlns="http://schemas.active-endpoints.com/appmodules/screenflow/2011/06/avosHostEnvironment.xsd"
                              isByCopy="true"
                              name="EventNameCode1">
                  <description>This is the canonical name of the event, e.g. dependent.add, worker.hire.</description>
                  <detail>
                     <field name="shortName" type="string"/>
                     <field name="codeValue" type="string"/>
                     <field name="longName" type="string"/>
                  </detail>
               </processObject>
               <processObject xmlns="http://schemas.active-endpoints.com/appmodules/screenflow/2011/06/avosHostEnvironment.xsd"
                              isByCopy="true"
                              name="EventStatusCode">
                  <description>This identifies the status of the event. An event that has initiated by the system of record, such as a benefits annual enrollment event, will have an event status code of created. An event that is saved in a work in progress state (as determined by the permissible state codes), will have an event status code of inProgress. An event that has been recorded, will have an event status code of complete. This is set by the system of record and valued based on a standard codeslist.</description>
                  <detail>
                     <field name="shortName" type="string"/>
                     <field name="codeValue" type="string"/>
                     <field name="longName" type="string"/>
                  </detail>
               </processObject>
               <processObject xmlns="http://schemas.active-endpoints.com/appmodules/screenflow/2011/06/avosHostEnvironment.xsd"
                              isByCopy="true"
                              name="CoreV1EventNotificationMessages400Error">
                  <description/>
                  <detail>
                     <field name="externalValue" type="string"/>
                  </detail>
               </processObject>
               <processObject xmlns="http://schemas.active-endpoints.com/appmodules/screenflow/2011/06/avosHostEnvironment.xsd"
                              isByCopy="true"
                              name="PriorityCode">
                  <description>This allows the system of record to prioritize events and is valued based on a standard codelist.</description>
                  <detail>
                     <field name="shortName" type="string"/>
                     <field name="codeValue" type="string"/>
                     <field name="longName" type="string"/>
                  </detail>
               </processObject>
               <processObject xmlns="http://schemas.active-endpoints.com/appmodules/screenflow/2011/06/avosHostEnvironment.xsd"
                              isByCopy="true"
                              name="EventReasonCode">
                  <description>This allows for further refinement of the associated event. For example, for a worker.maritalStatus.change event, the reason code could be used to describe whether it is a Marriage vs. Divorce vs. Separation. This is optional and valued as defined by the system of record.</description>
                  <detail>
                     <field name="shortName" type="string"/>
                     <field name="codeValue" type="string"/>
                     <field name="longName" type="string"/>
                  </detail>
               </processObject>
               <processObject xmlns="http://schemas.active-endpoints.com/appmodules/screenflow/2011/06/avosHostEnvironment.xsd"
                              isByCopy="true"
                              name="GeoCoordinate">
                  <description>The coordinates of the location of the actor</description>
                  <detail>
                     <field name="latitude" type="double"/>
                     <field name="longitude" type="double"/>
                  </detail>
               </processObject>
               <processObject xmlns="http://schemas.active-endpoints.com/appmodules/screenflow/2011/06/avosHostEnvironment.xsd"
                              isByCopy="true"
                              name="EncType">
                  <description>If present, this property indicates a query media type format that the server supports for querying or posting to the collection of instances at the target resource.  The query can be suffixed to the target URI to query the collection with property-based constraints on the resources that SHOULD be returned from the server or used to post data to the resource (depending on the method). (Request)</description>
                  <detail/>
               </processObject>
               <processObject xmlns="http://schemas.active-endpoints.com/appmodules/screenflow/2011/06/avosHostEnvironment.xsd"
                              isByCopy="true"
                              name="Method">
                  <description>The HTTP method code (HTTP Verb) traverse the link (GET, POST, PUT or DELETE)</description>
                  <detail/>
               </processObject>
               <processObject xmlns="http://schemas.active-endpoints.com/appmodules/screenflow/2011/06/avosHostEnvironment.xsd"
                              isByCopy="true"
                              name="ServiceCategoryCode">
                  <description>The service domain, e.g. HR, Payroll, Benefits, etc. This field is always present and valued based on a standard codelist.</description>
                  <detail>
                     <field name="shortName" type="string"/>
                     <field name="codeValue" type="string"/>
                     <field name="longName" type="string"/>
                  </detail>
               </processObject>
               <processObject xmlns="http://schemas.active-endpoints.com/appmodules/screenflow/2011/06/avosHostEnvironment.xsd"
                              isByCopy="true"
                              name="Events1">
                  <description>An event instance</description>
                  <detail>
                     <field name="eventID" type="string"/>
                     <field name="expirationDateTime" type="datetime"/>
                     <field name="originator" type="reference">
                        <options>
                           <option name="referenceTo">Originator</option>
                           <option name="relationshipName">Child</option>
                        </options>
                     </field>
                     <field name="actor" type="reference">
                        <options>
                           <option name="referenceTo">Actor</option>
                           <option name="relationshipName">Child</option>
                        </options>
                     </field>
                     <field name="eventTitle" type="string"/>
                     <field name="eventNameCode" type="reference">
                        <options>
                           <option name="referenceTo">EventNameCode</option>
                           <option name="relationshipName">Child</option>
                        </options>
                     </field>
                     <field name="dueDateTime" type="datetime"/>
                     <field name="effectiveDateTime" type="datetime"/>
                     <field name="serviceCategoryCode" type="reference">
                        <options>
                           <option name="referenceTo">ServiceCategoryCode</option>
                           <option name="relationshipName">Child</option>
                        </options>
                     </field>
                     <field name="priorityCode" type="reference">
                        <options>
                           <option name="referenceTo">PriorityCode</option>
                           <option name="relationshipName">Child</option>
                        </options>
                     </field>
                     <field name="links" type="objectlist">
                        <options>
                           <option name="referenceTo">Link</option>
                           <option name="relationshipName">Child</option>
                        </options>
                     </field>
                     <field name="eventReasonCode" type="reference">
                        <options>
                           <option name="referenceTo">EventReasonCode</option>
                           <option name="relationshipName">Child</option>
                        </options>
                     </field>
                     <field name="recordDateTime" type="datetime"/>
                     <field name="eventStatusCode" type="reference">
                        <options>
                           <option name="referenceTo">EventStatusCode</option>
                           <option name="relationshipName">Child</option>
                        </options>
                     </field>
                     <field name="creationDateTime" type="datetime"/>
                  </detail>
               </processObject>
               <processObject xmlns="http://schemas.active-endpoints.com/appmodules/screenflow/2011/06/avosHostEnvironment.xsd"
                              isByCopy="true"
                              name="EventNameCode">
                  <description>This is the canonical name of the event, e.g. dependent.add, worker.hire. This field is always present and valued based on a standard codelist.</description>
                  <detail>
                     <field name="shortName" type="string"/>
                     <field name="codeValue" type="string"/>
                     <field name="longName" type="string"/>
                  </detail>
               </processObject>
               <processObject xmlns="http://schemas.active-endpoints.com/appmodules/screenflow/2011/06/avosHostEnvironment.xsd"
                              isByCopy="true"
                              name="Events">
                  <description>List of events including the header and the link(s) to the actual event instance(s)</description>
                  <detail>
                     <field name="events" type="objectlist">
                        <options>
                           <option name="referenceTo">Events1</option>
                           <option name="relationshipName">Child</option>
                        </options>
                     </field>
                  </detail>
               </processObject>
               <processObject xmlns="http://schemas.active-endpoints.com/appmodules/screenflow/2011/06/avosHostEnvironment.xsd"
                              isByCopy="true"
                              name="Originator">
                  <description>An originator is a user, machine or event that triggered the event.</description>
                  <detail>
                     <field name="eventID" type="string"/>
                     <field name="eventNameCode" type="reference">
                        <options>
                           <option name="referenceTo">EventNameCode1</option>
                           <option name="relationshipName">Child</option>
                        </options>
                     </field>
                     <field name="formattedName" type="string"/>
                     <field name="applicationID" type="reference">
                        <options>
                           <option name="referenceTo">ApplicationID</option>
                           <option name="relationshipName">Child</option>
                        </options>
                     </field>
                     <field name="associateOID" type="string"/>
                     <field name="deviceID" type="string"/>
                  </detail>
               </processObject>
               <processObject xmlns="http://schemas.active-endpoints.com/appmodules/screenflow/2011/06/avosHostEnvironment.xsd"
                              isByCopy="true"
                              name="SchemeCode">
                  <description>The scheme code</description>
                  <detail>
                     <field name="shortName" type="string"/>
                     <field name="codeValue" type="string"/>
                     <field name="longName" type="string"/>
                  </detail>
               </processObject>
               <processObject xmlns="http://schemas.active-endpoints.com/appmodules/screenflow/2011/06/avosHostEnvironment.xsd"
                              isByCopy="true"
                              name="Actor">
                  <description>The actor is the party that completed the recording of the event.</description>
                  <detail>
                     <field name="formattedName" type="string"/>
                     <field name="applicationID" type="reference">
                        <options>
                           <option name="referenceTo">ApplicationID</option>
                           <option name="relationshipName">Child</option>
                        </options>
                     </field>
                     <field name="associateOID" type="string"/>
                     <field name="deviceID" type="string"/>
                     <field name="geoCoordinate" type="reference">
                        <options>
                           <option name="referenceTo">GeoCoordinate</option>
                           <option name="relationshipName">Child</option>
                        </options>
                     </field>
                     <field name="deviceUserAgentID" type="string"/>
                  </detail>
               </processObject>
               <processObject xmlns="http://schemas.active-endpoints.com/appmodules/screenflow/2011/06/avosHostEnvironment.xsd"
                              isByCopy="true"
                              name="Rel">
                  <description>Indicates the nature of the relationship of the related resource to the resource that generated this representation</description>
                  <detail/>
               </processObject>
               <processObject xmlns="http://schemas.active-endpoints.com/appmodules/screenflow/2011/06/avosHostEnvironment.xsd"
                              isByCopy="true"
                              name="MediaType">
                  <description>The media type that the linked resource will return (Response)</description>
                  <detail/>
               </processObject>
               <processObject xmlns="http://schemas.active-endpoints.com/appmodules/screenflow/2011/06/avosHostEnvironment.xsd"
                              isByCopy="true"
                              name="ApplicationID">
                  <description>The unique identifier of the application which originated the event.</description>
                  <detail>
                     <field name="schemeCode" type="reference">
                        <options>
                           <option name="referenceTo">SchemeCode</option>
                           <option name="relationshipName">Child</option>
                        </options>
                     </field>
                     <field name="idValue" type="string"/>
                  </detail>
               </processObject>
               <processObject xmlns="http://schemas.active-endpoints.com/appmodules/screenflow/2011/06/avosHostEnvironment.xsd"
                              isByCopy="true"
                              name="Link">
                  <description>A link description object is used to describe link relations.  In the context of a schema, it defines the link relations of the instances of the schema, and can be parameterized by the instance values.  The link description format can be used on its own in regular (non-schema documents), and use of this format can be declared by referencing the normative link description schema as the the schema for the data structure that uses the links</description>
                  <detail>
                     <field name="schema" type="string"/>
                     <field name="targetSchema" type="string"/>
                     <field name="encType" type="reference">
                        <options>
                           <option name="referenceTo">EncType</option>
                           <option name="relationshipName">Child</option>
                        </options>
                     </field>
                     <field name="method" type="reference">
                        <options>
                           <option name="referenceTo">Method</option>
                           <option name="relationshipName">Child</option>
                        </options>
                     </field>
                     <field name="rel" type="reference">
                        <options>
                           <option name="referenceTo">Rel</option>
                           <option name="relationshipName">Child</option>
                        </options>
                     </field>
                     <field name="mediaType" type="reference">
                        <options>
                           <option name="referenceTo">MediaType</option>
                           <option name="relationshipName">Child</option>
                        </options>
                     </field>
                     <field name="href" type="string"/>
                     <field name="title" type="string"/>
                  </detail>
               </processObject>
               <processObject xmlns="http://schemas.active-endpoints.com/appmodules/screenflow/2011/06/avosHostEnvironment.xsd"
                              isByCopy="true"
                              name="string">
                  <description/>
                  <detail>
                     <field name="string" type="string"/>
                  </detail>
               </processObject>
               <processObject xmlns="http://schemas.active-endpoints.com/appmodules/screenflow/2011/06/avosHostEnvironment.xsd"
                              isByCopy="true"
                              name="boolean">
                  <description/>
                  <detail>
                     <field name="boolean" type="boolean"/>
                  </detail>
               </processObject>
               <processObject xmlns="http://schemas.active-endpoints.com/appmodules/screenflow/2011/06/avosHostEnvironment.xsd"
                              isByCopy="true"
                              name="double">
                  <description/>
                  <detail>
                     <field name="double" type="double"/>
                  </detail>
               </processObject>
               <processObject xmlns="http://schemas.active-endpoints.com/appmodules/screenflow/2011/06/avosHostEnvironment.xsd"
                              isByCopy="true"
                              name="integer">
                  <description/>
                  <detail>
                     <field name="integer" type="int"/>
                  </detail>
               </processObject>
            </objects>
         </businessConnector>
      </types1:Entry>
      <types1:GUID>9fyFLjBNlz0l0q09M8zqoX</types1:GUID>
      <types1:DisplayName>ADP Event Notification Messages v1</types1:DisplayName>
   </types1:Item>
   <types1:CurrentServerDateTime>2019-02-27T04:29:34.418Z</types1:CurrentServerDateTime>
</aetgt:getResponse>
