<aetgt:getResponse xmlns:aetgt="http://schemas.active-endpoints.com/appmodules/repository/2010/10/avrepository.xsd"
                   xmlns:types1="http://schemas.active-endpoints.com/appmodules/repository/2010/10/avrepository.xsd">
   <types1:Item>
      <types1:EntryId>dvrTdtqSLlBWlD2-gt-3009757-2019-12-22T05:22:39.059Z::svc.xml</types1:EntryId>
      <types1:Name>SAP_Ariba_Content_Lookup_REST_API_v1</types1:Name>
      <types1:MimeType>application/xml+businesssconnector</types1:MimeType>
      <types1:Description>This API set enables your application to update lookup and get status for lookup from the SAP Ariba solution. The following APIs enable you to manage lookup using:
* lookup update, for existing lookup
* getting lookup status</types1:Description>
      <types1:AppliesTo/>
      <types1:Tags/>
      <types1:VersionLabel>1.0</types1:VersionLabel>
      <types1:State>CURRENT</types1:State>
      <types1:ProcessGroup/>
      <types1:CreatedBy>sorabh@na1.dm-us.org</types1:CreatedBy>
      <types1:CreationDate>2019-12-22T05:22:39Z</types1:CreationDate>
      <types1:ModifiedBy/>
      <types1:PublicationStatus>published</types1:PublicationStatus>
      <types1:PublishedBy>sorabh@na1.dm-us.org</types1:PublishedBy>
      <types1:PublicationDate>2019-12-22T05:22:41Z</types1:PublicationDate>
      <types1:PublishedContributionId>project:/rt.connector/SAP_Ariba_Content_Lookup_REST_API_v1/SAP_Ariba_Content_Lookup_REST_API_v1_svcDef.xml</types1:PublishedContributionId>
      <types1:AutosaveExists>false</types1:AutosaveExists>
      <types1:Entry>
         <businessConnector xmlns="http://schemas.informatica.com/socrates/data-services/2014/05/business-connector-model.xsd"
                            agentOnly="false"
                            debug="false"
                            displayName="SAP Ariba Content Lookup REST API v1"
                            label=""
                            name="SAP_Ariba_Content_Lookup_REST_API_v1"
                            uuid="ee3efb31-5318-4486-8162-048edd6c1a8a">
            <description>This API set enables your application to update lookup and get status for lookup from the SAP Ariba solution. The following APIs enable you to manage lookup using:
* lookup update, for existing lookup
* getting lookup status</description>
            <tags/>
            <connectionAttributes xmlns="http://schemas.informatica.com/appmodules/screenflow/2014/04/avosConnectors.xsd">
               <connectionAttribute description="Host Name"
                                    masked="false"
                                    name="hostName"
                                    required="true"
                                    testWith="sandbox.api.sap.com"
                                    type="string"/>
            </connectionAttributes>
            <actions>
               <action category="lookup-ext-interface-controller"
                       failOnError="true"
                       forSearch="false"
                       label="updateLookupUsingPOST"
                       maxRedirects="100"
                       name="updateLookupUsingPOST"
                       preemptiveAuth="true"
                       responseEncoding="">
                  <description>Update lookup by uploading lookup file</description>
                  <input>
                     <parameter description="Realm"
                                label="realm"
                                name="realm"
                                nogen="true"
                                required="true"
                                testWith=""
                                type="string"/>
                     <parameter description="Lookup Name"
                                label="lookupname"
                                name="lookupname"
                                required="true"
                                testWith=""
                                type="string"/>
                     <parameter description="Lookup File"
                                label="file"
                                name="file"
                                required="true"
                                testWith=""
                                type="attachment"/>
                  </input>
                  <binding>
                     <restSimpleBinding multiUsing="semicolonSeparated"
                                        url="https://{$hostName}/ariba/api/contentlookup/v1/sandbox/lookup"
                                        verb="POST">
                        <httpHeaders>
                           <header name="Content-Type">multipart/form-data</header>
                           <header name="Accept">application/json</header>
                           <header name="realm">{$realm}</header>
                        </httpHeaders>
                        <body generateUsing="Form"/>
                     </restSimpleBinding>
                  </binding>
                  <output>
                     <field description="Lookup Updated"
                            entireResponse="true"
                            name="LookupUpdateResponse"
                            type="reference">
                        <options>
                           <option name="referenceTo">LookupUpdateResponse</option>
                        </options>
                     </field>
                  </output>
               </action>
               <action category="lookup-ext-interface-controller"
                       failOnError="true"
                       forSearch="false"
                       label="lookupStatusUsingGET"
                       maxRedirects="100"
                       name="lookupStatusUsingGET"
                       preemptiveAuth="true"
                       responseEncoding="">
                  <description>Lookup status for a lookup</description>
                  <input>
                     <parameter description="Realm"
                                label="realm"
                                name="realm"
                                nogen="true"
                                required="true"
                                testWith=""
                                type="string"/>
                     <parameter description="Lookup Name"
                                label="lookupname"
                                name="lookupname"
                                required="true"
                                testWith=""
                                type="string"/>
                     <parameter description="Lookup id"
                                label="id"
                                name="id"
                                required="false"
                                testWith=""
                                type="string"/>
                  </input>
                  <binding>
                     <restSimpleBinding multiUsing="semicolonSeparated"
                                        url="https://{$hostName}/ariba/api/contentlookup/v1/sandbox/lookup"
                                        verb="GET">
                        <httpHeaders>
                           <header name="Content-Type">application/json</header>
                           <header name="Accept">application/json</header>
                           <header name="realm">{$realm}</header>
                        </httpHeaders>
                     </restSimpleBinding>
                  </binding>
                  <output>
                     <field description="Lookup Status"
                            name="LookupStatusResponseList"
                            type="objectlist">
                        <options>
                           <option name="referenceTo">LookupStatusResponse</option>
                        </options>
                        <xquery>{
                             (: unwrap the object list from the root wrapper :)
                             for $child in ./*
                             return
                                element {'LookupStatusResponse'} { $child/* }
                             }</xquery>
                     </field>
                  </output>
               </action>
            </actions>
            <objects>
               <processObject xmlns="http://schemas.active-endpoints.com/appmodules/screenflow/2011/06/avosHostEnvironment.xsd"
                              isByCopy="true"
                              name="LookupStatusResponse">
                  <description/>
                  <detail>
                     <field name="id" type="string"/>
                     <field name="lookupname" type="string"/>
                     <field name="lastmodifiedtime" type="string"/>
                     <field name="status" type="string"/>
                  </detail>
               </processObject>
               <processObject xmlns="http://schemas.active-endpoints.com/appmodules/screenflow/2011/06/avosHostEnvironment.xsd"
                              isByCopy="true"
                              name="APIErrorResponse">
                  <description/>
                  <detail>
                     <field name="msg" type="string"/>
                     <field name="code" type="string"/>
                     <field name="service" type="string"/>
                     <field name="extra_messages" type="objectlist">
                        <options>
                           <option name="referenceTo">MapOfStringOfString</option>
                           <option name="relationshipName">Child</option>
                        </options>
                     </field>
                     <field name="error" type="string"/>
                     <field name="status" type="int"/>
                     <field name="timestamp" type="int"/>
                  </detail>
               </processObject>
               <processObject xmlns="http://schemas.active-endpoints.com/appmodules/screenflow/2011/06/avosHostEnvironment.xsd"
                              isByCopy="true"
                              name="LookupUpdateResponse">
                  <description/>
                  <detail>
                     <field name="id" type="string"/>
                     <field name="lookupname" type="string"/>
                     <field name="message" type="string"/>
                  </detail>
               </processObject>
               <processObject xmlns="http://schemas.active-endpoints.com/appmodules/screenflow/2011/06/avosHostEnvironment.xsd"
                              isByCopy="true"
                              name="MapOfStringOfString">
                  <description/>
                  <detail/>
               </processObject>
               <processObject xmlns="http://schemas.active-endpoints.com/appmodules/screenflow/2011/06/avosHostEnvironment.xsd"
                              isByCopy="true"
                              name="string">
                  <description/>
                  <detail>
                     <field name="string" type="string"/>
                  </detail>
               </processObject>
               <processObject xmlns="http://schemas.active-endpoints.com/appmodules/screenflow/2011/06/avosHostEnvironment.xsd"
                              isByCopy="true"
                              name="boolean">
                  <description/>
                  <detail>
                     <field name="boolean" type="boolean"/>
                  </detail>
               </processObject>
               <processObject xmlns="http://schemas.active-endpoints.com/appmodules/screenflow/2011/06/avosHostEnvironment.xsd"
                              isByCopy="true"
                              name="double">
                  <description/>
                  <detail>
                     <field name="double" type="double"/>
                  </detail>
               </processObject>
               <processObject xmlns="http://schemas.active-endpoints.com/appmodules/screenflow/2011/06/avosHostEnvironment.xsd"
                              isByCopy="true"
                              name="integer">
                  <description/>
                  <detail>
                     <field name="integer" type="int"/>
                  </detail>
               </processObject>
            </objects>
         </businessConnector>
      </types1:Entry>
      <types1:GUID>8I4v3hNwN00dVPR1gEkKci</types1:GUID>
      <types1:DisplayName>SAP Ariba Content Lookup REST API v1</types1:DisplayName>
   </types1:Item>
   <types1:CurrentServerDateTime>2019-12-22T05:25:16.884Z</types1:CurrentServerDateTime>
</aetgt:getResponse>
