{
  "name" : "SAP S4HANA Sales Order Without Charge -A2X- API v1",
  "sourceOrgId" : "6w10pMc8bwmkGpCQs9xkSM",
  "sourceOrgName" : "IICS iPaaS",
  "exportedObjects" : [ {
    "objectGuid" : "00m3cKr9AGOjGY55vZSASH",
    "objectName" : "Service Connectors",
    "objectType" : "Folder",
    "path" : "/Explore/Shared assets",
    "metadata" : {
      "modelVersion" : {
        "major" : 0,
        "minor" : 0
      },
      "repoInfo" : null,
      "objectRefs" : [ ],
      "contextAttributes" : [ ],
      "additionalInfo" : {
        "description" : "",
        "contentType" : "Binary",
        "documentState" : "COMPLETE"
      }
    }
  }, {
    "objectGuid" : "6Ej7Z0zjnKlhMcNZlbNCa6",
    "objectName" : "SAP S4HANA Sales Order Without Charge -A2X- API v1",
    "objectType" : "AI_SERVICE_CONNECTOR",
    "path" : "/Explore/Shared assets/Service Connectors",
    "metadata" : {
      "modelVersion" : {
        "major" : 1,
        "minor" : 0
      },
      "repoInfo" : {
        "repoHandle" : "RuuB3uopz4KhPVE-gt-1732078-2019-11-13T01:48:58.702Z::svc.xml"
      },
      "objectRefs" : [ ],
      "contextAttributes" : null,
      "additionalInfo" : {
        "description" : "In every API call,  you can make use of the following operations:\n -  You can retrieve sales orders without charge. Apply  any of the filters provided or retrieve all existing  data.\n - You can create sales orders without  charge. Note that you must use “deep insert”  requests (a header plus the following entities:  header partner, item and item partner). You cannot  create entities without including any related entities. \n - For existing sales orders without charge, you  can create new items. Note that you must use  “deep insert” requests (with the entity: item  partner). You cannot create entities without  including any related entities.\n - For existing sales  orders without charge, you can update the header,  header partner, item and item partner.\n - For  existing sales orders without charge, you can delete  the header, header partner, item and item partner.",
        "contentType" : "application/json; charset=utf-8",
        "documentState" : "VALID"
      }
    }
  }, {
    "objectGuid" : "almpU5d486xjg3tXw87BET",
    "objectName" : "Shared assets",
    "objectType" : "Project",
    "path" : "/Explore",
    "metadata" : {
      "modelVersion" : {
        "major" : 0,
        "minor" : 0
      },
      "repoInfo" : null,
      "objectRefs" : [ ],
      "contextAttributes" : [ ],
      "additionalInfo" : {
        "description" : "This Project contains shared assets",
        "contentType" : "Binary",
        "documentState" : "COMPLETE"
      }
    }
  } ]
}