<aetgt:getResponse xmlns:aetgt="http://schemas.active-endpoints.com/appmodules/repository/2010/10/avrepository.xsd"
                   xmlns:types1="http://schemas.active-endpoints.com/appmodules/repository/2010/10/avrepository.xsd">
   <types1:Item>
      <types1:EntryId>yWuNciZBpDUQbgd-gt-4061479-2019-01-28T10:02:03.97Z::svc.xml</types1:EntryId>
      <types1:Name>Expedia_Image_API_v1</types1:Name>
      <types1:MimeType>application/xml+businesssconnector</types1:MimeType>
      <types1:Description>The EPS Image API manages images for properties and rooms, allowing for different operations to list, create, update or remove image metadata. &lt;/br&gt;&lt;br/&gt;To start experimenting, please use your existing EQC credentials and properties. We've also made the following test credentials available: EQCtest12933870 / ew67nk33 assigned to test property ID 12933870.</types1:Description>
      <types1:AppliesTo/>
      <types1:Tags/>
      <types1:VersionLabel>1.0</types1:VersionLabel>
      <types1:State>CURRENT</types1:State>
      <types1:ProcessGroup/>
      <types1:CreatedBy>sorabh@na1.dm-us.org</types1:CreatedBy>
      <types1:CreationDate>2019-01-28T10:02:04Z</types1:CreationDate>
      <types1:ModifiedBy>sorabh@na1.dm-us.org</types1:ModifiedBy>
      <types1:ModificationDate>2019-02-24T07:19:55Z</types1:ModificationDate>
      <types1:PublicationStatus>published</types1:PublicationStatus>
      <types1:PublishedBy>sorabh@na1.dm-us.org</types1:PublishedBy>
      <types1:PublicationDate>2019-02-24T07:20:01Z</types1:PublicationDate>
      <types1:PublishedContributionId>project:/rt.connector/Expedia_Image_API_v1/Expedia_Image_API_v1_svcDef.xml</types1:PublishedContributionId>
      <types1:AutosaveExists>false</types1:AutosaveExists>
      <types1:Entry>
         <businessConnector xmlns="http://schemas.informatica.com/socrates/data-services/2014/05/business-connector-model.xsd"
                            agentOnly="false"
                            debug="false"
                            displayName="Expedia Image API v1"
                            label=""
                            name="Expedia_Image_API_v1"
                            uuid="22fc3c99-95eb-4e9e-b03d-9d2ddae13980">
            <description>The EPS Image API manages images for properties and rooms, allowing for different operations to list, create, update or remove image metadata. &lt;/br&gt;&lt;br/&gt;To start experimenting, please use your existing EQC credentials and properties. We've also made the following test credentials available: EQCtest12933870 / ew67nk33 assigned to test property ID 12933870.</description>
            <tags/>
            <connectionAttributes xmlns="http://schemas.informatica.com/appmodules/screenflow/2014/04/avosConnectors.xsd">
               <connectionAttribute description="Host Name"
                                    masked="false"
                                    name="hostName"
                                    required="true"
                                    testWith="services.expediapartnercentral.com"
                                    type="string"/>
               <connectionAttribute description="User Name"
                                    masked="false"
                                    name="username"
                                    required="true"
                                    testWith=""
                                    type="string"/>
               <connectionAttribute description="Password"
                                    masked="true"
                                    name="password"
                                    required="true"
                                    testWith=""
                                    type="string"/>
            </connectionAttributes>
            <actions>
               <action category="Image"
                       failOnError="true"
                       forSearch="false"
                       label="updateImageByResourceId"
                       maxRedirects="100"
                       name="updateImageByResourceId"
                       preemptiveAuth="true"
                       responseEncoding="">
                  <description>Patch an existing image</description>
                  <input>
                     <parameter description="Expedia Property ID"
                                label="propertyIdPathParam"
                                name="propertyIdPathParam"
                                nogen="true"
                                required="true"
                                testWith=""
                                type="int"/>
                     <parameter description="Image Resource ID"
                                label="resourceIdPathParam"
                                name="resourceIdPathParam"
                                nogen="true"
                                required="true"
                                testWith=""
                                type="string"/>
                     <parameter description="JSON message of partially updated image"
                                label="image"
                                name="image"
                                required="true"
                                testWith=""
                                type="reference">
                        <options>
                           <option name="referenceTo"/>
                        </options>
                     </parameter>
                  </input>
                  <binding>
                     <restSimpleBinding multiUsing="semicolonSeparated"
                                        url="https://{$hostName}/properties/{$propertyIdPathParam}/images/{$resourceIdPathParam}"
                                        verb="PATCH">
                        <authentication>
                           <username>{$username}</username>
                           <password>{$password}</password>
                           <isExpressionInPassword>true</isExpressionInPassword>
                        </authentication>
                        <httpHeaders>
                           <header name="Content-Type">application/json</header>
                           <header name="Accept">application/json</header>
                        </httpHeaders>
                        <body generateUsing="UnwrappedJSON" preserveJsonStringFormatting="false"/>
                     </restSimpleBinding>
                  </binding>
                  <output>
                     <field description="OK"
                            entireResponse="true"
                            name="ResponseWrapperDTOÂ_ImageÂ_"
                            type="reference">
                        <options>
                           <option name="referenceTo">ResponseWrapperDTOÂ_ImageÂ_</option>
                        </options>
                     </field>
                  </output>
               </action>
               <action category="Image"
                       failOnError="true"
                       forSearch="false"
                       label="getImageByResourceId"
                       maxRedirects="100"
                       name="getImageByResourceId"
                       preemptiveAuth="true"
                       responseEncoding="">
                  <description>Read a single image</description>
                  <input>
                     <parameter description="Expedia Property ID"
                                label="propertyIdPathParam"
                                name="propertyIdPathParam"
                                nogen="true"
                                required="true"
                                testWith=""
                                type="string"/>
                     <parameter description="Image Resource ID"
                                label="resourceIdPathParam"
                                name="resourceIdPathParam"
                                nogen="true"
                                required="true"
                                testWith=""
                                type="string"/>
                  </input>
                  <binding>
                     <restSimpleBinding multiUsing="semicolonSeparated"
                                        url="https://{$hostName}/properties/{$propertyIdPathParam}/images/{$resourceIdPathParam}"
                                        verb="GET">
                        <authentication>
                           <username>{$username}</username>
                           <password>{$password}</password>
                           <isExpressionInPassword>true</isExpressionInPassword>
                        </authentication>
                        <httpHeaders>
                           <header name="Content-Type">application/json</header>
                           <header name="Accept">application/json</header>
                        </httpHeaders>
                     </restSimpleBinding>
                  </binding>
                  <output>
                     <field description="OK"
                            entireResponse="true"
                            name="ResponseWrapperDTOÂ_ImageÂ_"
                            type="reference">
                        <options>
                           <option name="referenceTo">ResponseWrapperDTOÂ_ImageÂ_</option>
                        </options>
                     </field>
                  </output>
               </action>
               <action category="Image"
                       failOnError="true"
                       forSearch="false"
                       label="deleteImageByResourceId"
                       maxRedirects="100"
                       name="deleteImageByResourceId"
                       preemptiveAuth="true"
                       responseEncoding="">
                  <description>Delete an existing image</description>
                  <input>
                     <parameter description="Expedia Property ID"
                                label="propertyIdPathParam"
                                name="propertyIdPathParam"
                                nogen="true"
                                required="true"
                                testWith=""
                                type="string"/>
                     <parameter description="Image Resource ID"
                                label="resourceIdPathParam"
                                name="resourceIdPathParam"
                                nogen="true"
                                required="true"
                                testWith=""
                                type="string"/>
                  </input>
                  <binding>
                     <restSimpleBinding multiUsing="semicolonSeparated"
                                        url="https://{$hostName}/properties/{$propertyIdPathParam}/images/{$resourceIdPathParam}"
                                        verb="DELETE">
                        <authentication>
                           <username>{$username}</username>
                           <password>{$password}</password>
                           <isExpressionInPassword>true</isExpressionInPassword>
                        </authentication>
                        <httpHeaders>
                           <header name="Content-Type">application/json</header>
                           <header name="Accept">*/*</header>
                        </httpHeaders>
                     </restSimpleBinding>
                  </binding>
                  <output/>
               </action>
               <action category="Image"
                       failOnError="true"
                       forSearch="false"
                       label="createImage"
                       maxRedirects="100"
                       name="createImage"
                       preemptiveAuth="true"
                       responseEncoding="">
                  <description>Adds an image to the property</description>
                  <input>
                     <parameter description="Expedia Property ID"
                                label="propertyIdPathParam"
                                name="propertyIdPathParam"
                                nogen="true"
                                required="true"
                                testWith=""
                                type="string"/>
                     <parameter description="JSON message describing the new image"
                                label="image"
                                name="image"
                                required="true"
                                testWith=""
                                type="reference">
                        <options>
                           <option name="referenceTo">Image</option>
                        </options>
                     </parameter>
                  </input>
                  <binding>
                     <restSimpleBinding multiUsing="semicolonSeparated"
                                        url="https://{$hostName}/properties/{$propertyIdPathParam}/images"
                                        verb="POST">
                        <authentication>
                           <username>{$username}</username>
                           <password>{$password}</password>
                           <isExpressionInPassword>true</isExpressionInPassword>
                        </authentication>
                        <httpHeaders>
                           <header name="Content-Type">application/json</header>
                           <header name="Accept">application/json</header>
                        </httpHeaders>
                        <body generateUsing="UnwrappedJSON" preserveJsonStringFormatting="false"/>
                     </restSimpleBinding>
                  </binding>
                  <output>
                     <field description="OK"
                            entireResponse="true"
                            name="ResponseWrapperDTOÂ_ImageÂ_"
                            type="reference">
                        <options>
                           <option name="referenceTo">ResponseWrapperDTOÂ_ImageÂ_</option>
                        </options>
                     </field>
                  </output>
               </action>
               <action category="Image"
                       failOnError="true"
                       forSearch="false"
                       label="getImages"
                       maxRedirects="100"
                       name="getImages"
                       preemptiveAuth="true"
                       responseEncoding="">
                  <description>Obtain a list of images for a given property</description>
                  <input>
                     <parameter description="Expedia Property ID"
                                label="propertyIdPathParam"
                                name="propertyIdPathParam"
                                nogen="true"
                                required="true"
                                testWith=""
                                type="string"/>
                     <parameter description="Status filter. String. Only supported value is &#34;all&#34;."
                                label="status"
                                name="status"
                                required="false"
                                testWith=""
                                type="picklist">
                        <options>
                           <option name="values">[{"value":"all","label":"all"}]</option>
                        </options>
                     </parameter>
                  </input>
                  <binding>
                     <restSimpleBinding multiUsing="semicolonSeparated"
                                        url="https://{$hostName}/properties/{$propertyIdPathParam}/images"
                                        verb="GET">
                        <authentication>
                           <username>{$username}</username>
                           <password>{$password}</password>
                           <isExpressionInPassword>true</isExpressionInPassword>
                        </authentication>
                        <httpHeaders>
                           <header name="Content-Type">application/json</header>
                           <header name="Accept">application/json</header>
                        </httpHeaders>
                     </restSimpleBinding>
                  </binding>
                  <output>
                     <field description="OK"
                            entireResponse="true"
                            name="ResponseWrapperDTOÂ_ListÂ_ImageÂ_Â_"
                            type="reference">
                        <options>
                           <option name="referenceTo">ResponseWrapperDTOÂ_ListÂ_ImageÂ_Â_</option>
                        </options>
                     </field>
                  </output>
               </action>
            </actions>
            <objects>
               <processObject xmlns="http://schemas.active-endpoints.com/appmodules/screenflow/2011/06/avosHostEnvironment.xsd"
                              isByCopy="true"
                              name="Comment">
                  <description/>
                  <detail>
                     <field name="text" type="string"/>
                     <field name="timestamp" type="string"/>
                  </detail>
               </processObject>
               <processObject xmlns="http://schemas.active-endpoints.com/appmodules/screenflow/2011/06/avosHostEnvironment.xsd"
                              isByCopy="true"
                              name="RoomType">
                  <description/>
                  <detail>
                     <field name="resourceId" type="int"/>
                     <field name="roomTypeFeatured" type="boolean"/>
                  </detail>
               </processObject>
               <processObject xmlns="http://schemas.active-endpoints.com/appmodules/screenflow/2011/06/avosHostEnvironment.xsd"
                              isByCopy="true"
                              name="ResponseWrapperDTOÂ_ImageÂ_">
                  <description/>
                  <detail>
                     <field name="entity" type="reference">
                        <options>
                           <option name="referenceTo">Image</option>
                           <option name="relationshipName">Child</option>
                        </options>
                     </field>
                     <field name="errors" type="objectlist">
                        <options>
                           <option name="referenceTo">ErrorDTO</option>
                           <option name="relationshipName">Child</option>
                        </options>
                     </field>
                  </detail>
               </processObject>
               <processObject xmlns="http://schemas.active-endpoints.com/appmodules/screenflow/2011/06/avosHostEnvironment.xsd"
                              isByCopy="true"
                              name="ErrorDTO">
                  <description/>
                  <detail>
                     <field name="code" type="int"/>
                     <field name="message" type="string"/>
                  </detail>
               </processObject>
               <processObject xmlns="http://schemas.active-endpoints.com/appmodules/screenflow/2011/06/avosHostEnvironment.xsd"
                              isByCopy="true"
                              name="Image">
                  <description/>
                  <detail>
                     <field name="originalImageUrl" type="string"/>
                     <field name="lastUpdateDateTime" type="string"/>
                     <field name="resourceId" type="string"/>
                     <field name="comments" type="objectlist">
                        <options>
                           <option name="referenceTo">Comment</option>
                           <option name="relationshipName">Child</option>
                        </options>
                     </field>
                     <field name="publishedImageUrl" type="string"/>
                     <field name="roomTypes" type="objectlist">
                        <options>
                           <option name="referenceTo">RoomType</option>
                           <option name="relationshipName">Child</option>
                        </options>
                     </field>
                     <field name="categoryCode" type="string"/>
                     <field name="propertyFeatured" type="boolean"/>
                     <field name="state" type="picklist">
                        <options>
                           <option name="values">[{"value":"NotFound","label":"NotFound"},{"value":"Received","label":"Received"},{"value":"DerivativesCreated","label":"DerivativesCreated"},{"value":"Rejected","label":"Rejected"},{"value":"Duplicate","label":"Duplicate"},{"value":"Published","label":"Published"}]</option>
                        </options>
                     </field>
                     <field name="status" type="picklist">
                        <options>
                           <option name="values">[{"value":"Active","label":"Active"},{"value":"Inactive","label":"Inactive"}]</option>
                        </options>
                     </field>
                  </detail>
               </processObject>
               <processObject xmlns="http://schemas.active-endpoints.com/appmodules/screenflow/2011/06/avosHostEnvironment.xsd"
                              isByCopy="true"
                              name="ResponseWrapperDTOÂ_ListÂ_ImageÂ_Â_">
                  <description/>
                  <detail>
                     <field name="entity" type="objectlist">
                        <options>
                           <option name="referenceTo">Image</option>
                           <option name="relationshipName">Child</option>
                        </options>
                     </field>
                     <field name="errors" type="objectlist">
                        <options>
                           <option name="referenceTo">ErrorDTO</option>
                           <option name="relationshipName">Child</option>
                        </options>
                     </field>
                  </detail>
               </processObject>
               <processObject xmlns="http://schemas.active-endpoints.com/appmodules/screenflow/2011/06/avosHostEnvironment.xsd"
                              isByCopy="true"
                              name="string">
                  <description/>
                  <detail>
                     <field name="string" type="string"/>
                  </detail>
               </processObject>
               <processObject xmlns="http://schemas.active-endpoints.com/appmodules/screenflow/2011/06/avosHostEnvironment.xsd"
                              isByCopy="true"
                              name="boolean">
                  <description/>
                  <detail>
                     <field name="boolean" type="boolean"/>
                  </detail>
               </processObject>
               <processObject xmlns="http://schemas.active-endpoints.com/appmodules/screenflow/2011/06/avosHostEnvironment.xsd"
                              isByCopy="true"
                              name="double">
                  <description/>
                  <detail>
                     <field name="double" type="double"/>
                  </detail>
               </processObject>
               <processObject xmlns="http://schemas.active-endpoints.com/appmodules/screenflow/2011/06/avosHostEnvironment.xsd"
                              isByCopy="true"
                              name="integer">
                  <description/>
                  <detail>
                     <field name="integer" type="int"/>
                  </detail>
               </processObject>
            </objects>
         </businessConnector>
      </types1:Entry>
      <types1:GUID>fq6r7qZw7Oci5x29DB0K0Y</types1:GUID>
      <types1:DisplayName>Expedia Image API v1</types1:DisplayName>
   </types1:Item>
   <types1:CurrentServerDateTime>2019-02-24T07:21:54.215Z</types1:CurrentServerDateTime>
</aetgt:getResponse>
