<aetgt:getResponse xmlns:aetgt="http://schemas.active-endpoints.com/appmodules/repository/2010/10/avrepository.xsd"
                   xmlns:types1="http://schemas.active-endpoints.com/appmodules/repository/2010/10/avrepository.xsd">
   <types1:Item>
      <types1:EntryId>Q9zbgdwUiQLnzYL-gt-2067521-2019-02-12T01:15:20.678Z::svc.xml</types1:EntryId>
      <types1:Name>Oracle_Cloud_Infrastructure_Compute_VPNEndpointV2s_API_v18-1-2</types1:Name>
      <types1:MimeType>application/xml+businesssconnector</types1:MimeType>
      <types1:Description>Use this API to set up a VPN connection between your data center and IP networks in your Compute Classic site. This provides a secure communication channel between your data center and instances that are added to your IP networks. To set up a VPN connection, see &lt;a target="_blank" href="http://www.oracle.com/pls/topic/lookup?ctx=stcomputecs&amp;id=STCSG-GUID-5AFBB3FC-C0F6-4AC7-9312-718B594EB0D2"&gt;Workflow for Setting Up a VPN Connection&lt;/a&gt; in &lt;i&gt;Using Oracle Cloud Infrastructure Compute Classic&lt;/i&gt;. &lt;p&gt;These endpoints are not available on Oracle Cloud Machine.&lt;/p&gt;</types1:Description>
      <types1:AppliesTo/>
      <types1:Tags/>
      <types1:VersionLabel>1.0</types1:VersionLabel>
      <types1:State>CURRENT</types1:State>
      <types1:ProcessGroup/>
      <types1:CreatedBy>sorabh@na1.dm-us.org</types1:CreatedBy>
      <types1:CreationDate>2019-02-12T01:15:21Z</types1:CreationDate>
      <types1:ModifiedBy/>
      <types1:PublicationStatus>published</types1:PublicationStatus>
      <types1:PublishedBy>sorabh@na1.dm-us.org</types1:PublishedBy>
      <types1:PublicationDate>2019-02-12T01:15:32Z</types1:PublicationDate>
      <types1:PublishedContributionId>project:/rt.connector/Oracle_Cloud_Infrastructure_Compute_VPNEndpointV2s_API_v18_1_2/Oracle_Cloud_Infrastructure_Compute_VPNEndpointV2s_API_v18_1_2_svcDef.xml</types1:PublishedContributionId>
      <types1:AutosaveExists>false</types1:AutosaveExists>
      <types1:Entry>
         <businessConnector xmlns="http://schemas.informatica.com/socrates/data-services/2014/05/business-connector-model.xsd"
                            agentOnly="false"
                            debug="false"
                            displayName="Oracle Cloud Infrastructure Compute VPNEndpointV2s API v18-1-2"
                            label=""
                            name="Oracle_Cloud_Infrastructure_Compute_VPNEndpointV2s_API_v18-1-2"
                            uuid="dad36b73-a71f-4959-b968-68610d80e96a">
            <description>Use this API to set up a VPN connection between your data center and IP networks in your Compute Classic site. This provides a secure communication channel between your data center and instances that are added to your IP networks. To set up a VPN connection, see &lt;a target="_blank" href="http://www.oracle.com/pls/topic/lookup?ctx=stcomputecs&amp;id=STCSG-GUID-5AFBB3FC-C0F6-4AC7-9312-718B594EB0D2"&gt;Workflow for Setting Up a VPN Connection&lt;/a&gt; in &lt;i&gt;Using Oracle Cloud Infrastructure Compute Classic&lt;/i&gt;. &lt;p&gt;These endpoints are not available on Oracle Cloud Machine.&lt;/p&gt;</description>
            <tags/>
            <connectionAttributes xmlns="http://schemas.informatica.com/appmodules/screenflow/2014/04/avosConnectors.xsd">
               <connectionAttribute description="Host Name"
                                    masked="false"
                                    name="hostName"
                                    required="true"
                                    testWith="apicatalog.oraclecloud.com"
                                    type="string"/>
            </connectionAttributes>
            <actions>
               <action category="VPNEndpointV2s"
                       failOnError="true"
                       forSearch="false"
                       label="addVPNEndpointV2"
                       maxRedirects="100"
                       name="addVPNEndpointV2"
                       preemptiveAuth="true"
                       responseEncoding="">
                  <description>Create a VPN Endpoint V2. This endpoint is not available on Oracle Cloud Machine.&lt;p&gt;Creates an IPSec VPN connection from Oracle Cloud to your data centers using VPN as a Service (VPNaaS).&lt;p&gt;&lt;b&gt;Note:&lt;/b&gt; You can use VPNaaS to set up a tunnel to instances that are on IP networks. However, VPNaaS doesn't support VPN connections to instances that don't have any interface on IP networks. To establish a VPN tunnel to instances that are on the shared network, follow the steps for creating a single-homed Corente Services Gateway instance in &lt;a target="_blank" href="http://www.oracle.com/pls/topic/lookup?ctx=stcomputecs&amp;id=STCSG-GUID-07FAD4A9-DDE4-4391-BB9C-EA4784552EDA"&gt;Setting Up VPN&lt;/a&gt; in &lt;i&gt;Using Oracle Cloud Infrastructure Compute Classic&lt;/i&gt;.&lt;p&gt;&lt;b&gt;Prerequisites&lt;/b&gt;&lt;p&gt;Ensure that you complete the following tasks and noted the required information before creating a VPN connection.&lt;p&gt;* Create an IP network or use an existing IP network. See &lt;a target="_blank" href="http://www.oracle.com/pls/topic/lookup?ctx=stcomputecs&amp;id=STCSG-GUID-9A826000-2728-4837-905A-7835FA775F9B"&gt;Creating an IP Network&lt;/a&gt; in &lt;i&gt;Using Oracle Cloud Infrastructure Compute Classic&lt;/i&gt;. Make a note of the name of this IP network.&lt;p&gt;* Configure a supported third-party VPN device at your data center and make a note of the public IP address of this gateway. The third-party VPN device must be ready for the VPN connection to be established. For information about certified third-party VPN device configurations, see &lt;a target="_blank" href="http://www.oracle.com/pls/topic/lookup?ctx=stcomputecs&amp;id=STCSG-GUID-D5186CEE-08A9-4673-BD80-91CC7646988A"&gt;About Setting Up VPN&lt;/a&gt; in &lt;i&gt;Using Oracle Cloud Infrastructure Compute Classic&lt;/i&gt;.&lt;p&gt;* Ensure that you have the pre-shared key (PSK) that you want to use for this VPN connection.&lt;p&gt;* Create a vNICset. When you create instances, specify this vNICset for each vNIC that is added to an IP network that will be reachable over the VPN connection. See &lt;a target="_blank" href="http://www.oracle.com/pls/topic/lookup?ctx=cloud&amp;id=STCSG-GUID-565766C2-21AF-4EF2-B7C4-728B7604543A"&gt;Creating a vNICset&lt;/a&gt; in &lt;i&gt;Using Oracle Cloud Infrastructure Compute Classic&lt;/i&gt;.&lt;p&gt;While your VPN connection is being configured, its status is &lt;code&gt;PENDING&lt;/code&gt;. It can take around 20 to 30 minutes for your VPN gateway to be created. When the cloud VPN gateway is created, the &lt;code&gt;localGatewayAddress&lt;/code&gt; parameter provides its public IP address. To monitor the status of your VPN connection and retrieve the public IP address of the cloud VPN gateway, send the &lt;a class="xref" href="op-vpnendpoint-v2-{name}-get.html"&gt;GET /vpnendpoint/v2/{name}&lt;/a&gt; request. You'll have to update the third-party VPN device in your data center with the public IP address of your cloud VPN gateway. If the third-party device in your data center is configured and ready, the VPN connection is established. The value of the &lt;code&gt;tunnelStatus&lt;/code&gt; parameter changes to &lt;code&gt;UP&lt;/code&gt; when the connection is established.&lt;p&gt;&lt;b&gt;Required Role: &lt;/b&gt;To complete this task, you must have the &lt;code&gt;Compute_Operations&lt;/code&gt; role. If this role isn't assigned to you or you're not sure, then ask your system administrator to ensure that the role is assigned to you in Oracle Cloud My Services. See &lt;a target="_blank" href="http://www.oracle.com/pls/topic/lookup?ctx=stcomputecs&amp;id=MMOCS-GUID-54C2E747-7D5B-451C-A39C-77936178EBB6"&gt;Modifying User Roles&lt;/a&gt; in &lt;em&gt;Managing and Monitoring Oracle Cloud&lt;/em&gt;.</description>
                  <input>
                     <parameter label="body"
                                name="body"
                                required="true"
                                testWith=""
                                type="reference">
                        <options>
                           <option name="referenceTo">VPNConnection_post_request</option>
                        </options>
                     </parameter>
                     <parameter description="The Cookie: header must be included with every request to the service. It must be set to the value of the set-cookie header in the response received to the POST /authenticate/ call."
                                label="Cookie"
                                name="Cookie"
                                nogen="true"
                                required="false"
                                testWith=""
                                type="string"/>
                  </input>
                  <binding>
                     <restSimpleBinding multiUsing="semicolonSeparated"
                                        url="http://{$hostName}/vpnendpoint/v2/"
                                        verb="POST">
                        <httpHeaders>
                           <header name="Content-Type">application/oracle-compute-v3+json</header>
                           <header name="Accept">application/oracle-compute-v3+json</header>
                           <header name="Cookie">{$Cookie}</header>
                        </httpHeaders>
                        <body generateUsing="UnwrappedJSON" preserveJsonStringFormatting="false"/>
                     </restSimpleBinding>
                  </binding>
                  <output/>
               </action>
               <action category="VPNEndpointV2s"
                       failOnError="true"
                       forSearch="false"
                       label="listVPNEndpointV2"
                       maxRedirects="100"
                       name="listVPNEndpointV2"
                       preemptiveAuth="true"
                       responseEncoding="">
                  <description>Retrieve Details of all VPN Endpoint V2s in a Container. This endpoint is not available on Oracle Cloud Machine.&lt;p&gt;Retrieves details of the VPN connections in the specified container and match the specified query criteria. If you don't specify any query criteria, then details of all the VPN connections in the container are displayed. To filter the search results, you can pass one or more of the following query parameters, by appending them to the URI in the following syntax:&lt;p&gt;&lt;code&gt;?parameter1=value1&amp;ampparameter2=value2&amp;ampparameterN=valueN&lt;/code&gt;&lt;p&gt;&lt;b&gt;Required Role: &lt;/b&gt;To complete this task, you must have the &lt;code&gt;Compute_Operations&lt;/code&gt; role. If this role isn't assigned to you or you're not sure, then ask your system administrator to ensure that the role is assigned to you in Oracle Cloud My Services. See &lt;a target="_blank" href="http://www.oracle.com/pls/topic/lookup?ctx=stcomputecs&amp;id=MMOCS-GUID-54C2E747-7D5B-451C-A39C-77936178EBB6"&gt;Modifying User Roles&lt;/a&gt; in &lt;em&gt;Managing and Monitoring Oracle Cloud&lt;/em&gt;.</description>
                  <input>
                     <parameter description="&lt;code&gt;/Compute-&lt;em&gt;identity_domain&lt;/em&gt;/&lt;em&gt;user&lt;/em&gt;&lt;/code&gt; or &lt;p&gt;&lt;code&gt;/Compute-&lt;em&gt;identity_domain&lt;/em&gt;&lt;/code&gt;"
                                label="containerPathParam"
                                name="containerPathParam"
                                nogen="true"
                                required="true"
                                testWith=""
                                type="string"/>
                     <parameter description="Specify the three-part name (&lt;code&gt;/Compute-&lt;em&gt;identity_domain&lt;/em&gt;/&lt;em&gt;user&lt;/em&gt;/&lt;em&gt;object&lt;/em&gt;&lt;/code&gt;) of the VPN connection."
                                label="name"
                                name="name"
                                required="false"
                                testWith=""
                                type="string"/>
                     <parameter description="The public IP address of the VPN gateway in your data center through which you want to connect to the Oracle Cloud VPN gateway."
                                label="customer_vpn_gateway"
                                name="customer_vpn_gateway"
                                required="false"
                                testWith=""
                                type="string"/>
                     <parameter description="The Cookie: header must be included with every request to the service. It must be set to the value of the set-cookie header in the response received to the POST /authenticate/ call."
                                label="Cookie"
                                name="Cookie"
                                nogen="true"
                                required="false"
                                testWith=""
                                type="string"/>
                  </input>
                  <binding>
                     <restSimpleBinding multiUsing="semicolonSeparated"
                                        url="http://{$hostName}/vpnendpoint/v2/{$containerPathParam}/"
                                        verb="GET">
                        <httpHeaders>
                           <header name="Content-Type">application/oracle-compute-v3+json</header>
                           <header name="Accept">application/oracle-compute-v3+json</header>
                           <header name="Cookie">{$Cookie}</header>
                        </httpHeaders>
                     </restSimpleBinding>
                  </binding>
                  <output>
                     <field description="OK. See &lt;a class=&#34;xref&#34; href=&#34;Status%20Codes.html&#34;&gt;Status Codes&lt;/a&gt; for information about other possible HTTP status codes."
                            entireResponse="true"
                            name="VPNConnection_list_response"
                            type="reference">
                        <options>
                           <option name="referenceTo">VPNConnection_list_response</option>
                        </options>
                     </field>
                  </output>
               </action>
               <action category="VPNEndpointV2s"
                       failOnError="true"
                       forSearch="false"
                       label="getVPNEndpointV2"
                       maxRedirects="100"
                       name="getVPNEndpointV2"
                       preemptiveAuth="true"
                       responseEncoding="">
                  <description>Retrieve Details of a VPN Endpoint V2. This endpoint is not available on Oracle Cloud Machine.&lt;p&gt;Retrieve Details of the specified VPN connection. You can retrieve details of a VPN connection to track the status of the tunnel. The tunnel can be in one of the following states:&lt;p&gt;* PENDING: indicates that your VPN connection is being set up.&lt;p&gt;* UP: indicates that your VPN connection is established.&lt;p&gt;* DOWN: indicates that your VPN connection is down.&lt;p&gt;* ERROR: indicates that your VPN connection is in the error state.&lt;p&gt;&lt;b&gt;Required Role: &lt;/b&gt;To complete this task, you must have the &lt;code&gt;Compute_Operations&lt;/code&gt; role. If this role isn't assigned to you or you're not sure, then ask your system administrator to ensure that the role is assigned to you in Oracle Cloud My Services. See &lt;a target="_blank" href="http://www.oracle.com/pls/topic/lookup?ctx=stcomputecs&amp;id=MMOCS-GUID-54C2E747-7D5B-451C-A39C-77936178EBB6"&gt;Modifying User Roles&lt;/a&gt; in &lt;em&gt;Managing and Monitoring Oracle Cloud&lt;/em&gt;.</description>
                  <input>
                     <parameter description="The three-part name of the object (&lt;code&gt;/Compute-&lt;em&gt;identity_domain&lt;/em&gt;/&lt;em&gt;user&lt;/em&gt;/&lt;em&gt;object&lt;/em&gt;&lt;/code&gt;)."
                                label="namePathParam"
                                name="namePathParam"
                                nogen="true"
                                required="true"
                                testWith=""
                                type="string"/>
                     <parameter description="The Cookie: header must be included with every request to the service. It must be set to the value of the set-cookie header in the response received to the POST /authenticate/ call."
                                label="Cookie"
                                name="Cookie"
                                nogen="true"
                                required="false"
                                testWith=""
                                type="string"/>
                  </input>
                  <binding>
                     <restSimpleBinding multiUsing="semicolonSeparated"
                                        url="http://{$hostName}/vpnendpoint/v2/{$namePathParam}"
                                        verb="GET">
                        <httpHeaders>
                           <header name="Content-Type">application/oracle-compute-v3+json</header>
                           <header name="Accept">application/oracle-compute-v3+json</header>
                           <header name="Cookie">{$Cookie}</header>
                        </httpHeaders>
                     </restSimpleBinding>
                  </binding>
                  <output>
                     <field description="OK. See &lt;a class=&#34;xref&#34; href=&#34;Status%20Codes.html&#34;&gt;Status Codes&lt;/a&gt; for information about other possible HTTP status codes."
                            entireResponse="true"
                            name="VPNConnection_response"
                            type="reference">
                        <options>
                           <option name="referenceTo">VPNConnection_response</option>
                        </options>
                     </field>
                  </output>
               </action>
               <action category="VPNEndpointV2s"
                       failOnError="true"
                       forSearch="false"
                       label="deleteVPNEndpointV2"
                       maxRedirects="100"
                       name="deleteVPNEndpointV2"
                       preemptiveAuth="true"
                       responseEncoding="">
                  <description>Delete a VPN Endpoint V2. This endpoint is not available on Oracle Cloud Machine.&lt;p&gt;You may want to add new vNIC sets or update other parameters of an existing VPN connection. Not all parameters of a VPN connection can be updated using the PUT /vpnendpoint/v2/{name} request. In such cases, you can delete the VPN connection, and then recreate the it with the updated parameters by using the POST /vpnendpoint/v2/ request.&lt;p&gt;&lt;b&gt;Required Role: &lt;/b&gt;To complete this task, you must have the &lt;code&gt;Compute_Operations&lt;/code&gt; role. If this role isn't assigned to you or you're not sure, then ask your system administrator to ensure that the role is assigned to you in Oracle Cloud My Services. See &lt;a target="_blank" href="http://www.oracle.com/pls/topic/lookup?ctx=stcomputecs&amp;id=MMOCS-GUID-54C2E747-7D5B-451C-A39C-77936178EBB6"&gt;Modifying User Roles&lt;/a&gt; in &lt;em&gt;Managing and Monitoring Oracle Cloud&lt;/em&gt;.</description>
                  <input>
                     <parameter description="The three-part name of the object (&lt;code&gt;/Compute-&lt;em&gt;identity_domain&lt;/em&gt;/&lt;em&gt;user&lt;/em&gt;/&lt;em&gt;object&lt;/em&gt;&lt;/code&gt;)."
                                label="namePathParam"
                                name="namePathParam"
                                nogen="true"
                                required="true"
                                testWith=""
                                type="string"/>
                     <parameter description="The Cookie: header must be included with every request to the service. It must be set to the value of the set-cookie header in the response received to the POST /authenticate/ call."
                                label="Cookie"
                                name="Cookie"
                                nogen="true"
                                required="false"
                                testWith=""
                                type="string"/>
                  </input>
                  <binding>
                     <restSimpleBinding multiUsing="semicolonSeparated"
                                        url="http://{$hostName}/vpnendpoint/v2/{$namePathParam}"
                                        verb="DELETE">
                        <httpHeaders>
                           <header name="Content-Type">application/oracle-compute-v3+json</header>
                           <header name="Accept">application/oracle-compute-v3+json</header>
                           <header name="Cookie">{$Cookie}</header>
                        </httpHeaders>
                     </restSimpleBinding>
                  </binding>
                  <output/>
               </action>
               <action category="VPNEndpointV2s"
                       failOnError="true"
                       forSearch="false"
                       label="updateVPNEndpointV2"
                       maxRedirects="100"
                       name="updateVPNEndpointV2"
                       preemptiveAuth="true"
                       responseEncoding="">
                  <description>Update a VPN Endpoint V2. This endpoint is not available on Oracle Cloud Machine.&lt;p&gt;Updates the values for &lt;code&gt;psk&lt;/code&gt; and &lt;code&gt;reachable_routes&lt;/code&gt; for the specified VPN connection. If you want to update values for any other parameter, you'll have to delete the VPN connection and then re-create with the new parameters using the POST /vpnendpoint/v2/ request. Although you can only update the values for &lt;code&gt;psk&lt;/code&gt; and &lt;code&gt;reachable_routes&lt;/code&gt; using this request, you must specify the current values for all the existing parameters in the request body.&lt;p&gt;&lt;b&gt;Required Role: &lt;/b&gt;To complete this task, you must have the &lt;code&gt;Compute_Operations&lt;/code&gt; role. If this role isn't assigned to you or you're not sure, then ask your system administrator to ensure that the role is assigned to you in Oracle Cloud My Services. See &lt;a target="_blank" href="http://www.oracle.com/pls/topic/lookup?ctx=stcomputecs&amp;id=MMOCS-GUID-54C2E747-7D5B-451C-A39C-77936178EBB6"&gt;Modifying User Roles&lt;/a&gt; in &lt;em&gt;Managing and Monitoring Oracle Cloud&lt;/em&gt;.</description>
                  <input>
                     <parameter description="The three-part name of the object (&lt;code&gt;/Compute-&lt;em&gt;identity_domain&lt;/em&gt;/&lt;em&gt;user&lt;/em&gt;/&lt;em&gt;object&lt;/em&gt;&lt;/code&gt;)."
                                label="namePathParam"
                                name="namePathParam"
                                nogen="true"
                                required="true"
                                testWith=""
                                type="string"/>
                     <parameter label="body"
                                name="body"
                                required="true"
                                testWith=""
                                type="reference">
                        <options>
                           <option name="referenceTo">VPNConnection_put_request</option>
                        </options>
                     </parameter>
                     <parameter description="The Cookie: header must be included with every request to the service. It must be set to the value of the set-cookie header in the response received to the POST /authenticate/ call."
                                label="Cookie"
                                name="Cookie"
                                nogen="true"
                                required="false"
                                testWith=""
                                type="string"/>
                  </input>
                  <binding>
                     <restSimpleBinding multiUsing="semicolonSeparated"
                                        url="http://{$hostName}/vpnendpoint/v2/{$namePathParam}"
                                        verb="PUT">
                        <httpHeaders>
                           <header name="Content-Type">application/oracle-compute-v3+json</header>
                           <header name="Accept">application/oracle-compute-v3+json</header>
                           <header name="Cookie">{$Cookie}</header>
                        </httpHeaders>
                        <body generateUsing="UnwrappedJSON" preserveJsonStringFormatting="false"/>
                     </restSimpleBinding>
                  </binding>
                  <output>
                     <field description="OK. See &lt;a class=&#34;xref&#34; href=&#34;Status%20Codes.html&#34;&gt;Status Codes&lt;/a&gt; for information about other possible HTTP status codes."
                            entireResponse="true"
                            name="VPNConnection_response"
                            type="reference">
                        <options>
                           <option name="referenceTo">VPNConnection_response</option>
                        </options>
                     </field>
                  </output>
               </action>
            </actions>
            <objects>
               <processObject xmlns="http://schemas.active-endpoints.com/appmodules/screenflow/2011/06/avosHostEnvironment.xsd"
                              isByCopy="true"
                              name="HourlyInterval">
                  <description/>
                  <detail/>
               </processObject>
               <processObject xmlns="http://schemas.active-endpoints.com/appmodules/screenflow/2011/06/avosHostEnvironment.xsd"
                              isByCopy="true"
                              name="VPNConnection_put_request">
                  <description>The request body contains details of the VPN endpoint v2 that you want to update. </description>
                  <detail>
                     <field name="phase1Settings" type="object"/>
                     <field name="pfsFlag" type="boolean"/>
                     <field name="reachable_routes" type="objectlist">
                        <options>
                           <option name="referenceTo">string</option>
                           <option name="relationshipName">Child</option>
                        </options>
                     </field>
                     <field name="ipNetwork" type="string"/>
                     <field name="name" type="string"/>
                     <field name="description" type="string"/>
                     <field name="psk" type="string"/>
                     <field name="phase2Settings" type="object"/>
                     <field name="customer_vpn_gateway" type="string"/>
                     <field name="vnicSets" type="objectlist">
                        <options>
                           <option name="referenceTo">string</option>
                           <option name="relationshipName">Child</option>
                        </options>
                     </field>
                     <field name="ikeIdentifier" type="string"/>
                     <field name="tags" type="objectlist">
                        <options>
                           <option name="referenceTo">string</option>
                           <option name="relationshipName">Child</option>
                        </options>
                     </field>
                  </detail>
               </processObject>
               <processObject xmlns="http://schemas.active-endpoints.com/appmodules/screenflow/2011/06/avosHostEnvironment.xsd"
                              isByCopy="true"
                              name="VPNConnection_post_request">
                  <description>The request body contains details of the VPN endpoint v2 that you want to create. </description>
                  <detail>
                     <field name="phase1Settings" type="object"/>
                     <field name="pfsFlag" type="boolean"/>
                     <field name="reachable_routes" type="objectlist">
                        <options>
                           <option name="referenceTo">string</option>
                           <option name="relationshipName">Child</option>
                        </options>
                     </field>
                     <field name="ipNetwork" type="string"/>
                     <field name="name" type="string"/>
                     <field name="description" type="string"/>
                     <field name="psk" type="string"/>
                     <field name="phase2Settings" type="object"/>
                     <field name="customer_vpn_gateway" type="string"/>
                     <field name="vnicSets" type="objectlist">
                        <options>
                           <option name="referenceTo">string</option>
                           <option name="relationshipName">Child</option>
                        </options>
                     </field>
                     <field name="ikeIdentifier" type="string"/>
                     <field name="tags" type="objectlist">
                        <options>
                           <option name="referenceTo">string</option>
                           <option name="relationshipName">Child</option>
                        </options>
                     </field>
                  </detail>
               </processObject>
               <processObject xmlns="http://schemas.active-endpoints.com/appmodules/screenflow/2011/06/avosHostEnvironment.xsd"
                              isByCopy="true"
                              name="VPNConnection_list_response">
                  <description/>
                  <detail>
                     <field name="result" type="objectlist">
                        <options>
                           <option name="referenceTo">VPNConnection_response</option>
                           <option name="relationshipName">Child</option>
                        </options>
                     </field>
                  </detail>
               </processObject>
               <processObject xmlns="http://schemas.active-endpoints.com/appmodules/screenflow/2011/06/avosHostEnvironment.xsd"
                              isByCopy="true"
                              name="VPNConnection_response">
                  <description/>
                  <detail>
                     <field name="localGatewayAddress" type="string"/>
                     <field name="phase1Settings" type="object"/>
                     <field name="ipNetwork" type="string"/>
                     <field name="description" type="string"/>
                     <field name="psk" type="string"/>
                     <field name="uri" type="string"/>
                     <field name="tags" type="objectlist">
                        <options>
                           <option name="referenceTo">string</option>
                           <option name="relationshipName">Child</option>
                        </options>
                     </field>
                     <field name="pfsFlag" type="boolean"/>
                     <field name="reachable_routes" type="objectlist">
                        <options>
                           <option name="referenceTo">string</option>
                           <option name="relationshipName">Child</option>
                        </options>
                     </field>
                     <field name="name" type="string"/>
                     <field name="phase2Settings" type="object"/>
                     <field name="customer_vpn_gateway" type="string"/>
                     <field name="vnicSets" type="objectlist">
                        <options>
                           <option name="referenceTo">string</option>
                           <option name="relationshipName">Child</option>
                        </options>
                     </field>
                     <field name="ikeIdentifier" type="string"/>
                     <field name="tunnelStatus" type="string"/>
                  </detail>
               </processObject>
               <processObject xmlns="http://schemas.active-endpoints.com/appmodules/screenflow/2011/06/avosHostEnvironment.xsd"
                              isByCopy="true"
                              name="DailyWeeklyInterval">
                  <description/>
                  <detail/>
               </processObject>
               <processObject xmlns="http://schemas.active-endpoints.com/appmodules/screenflow/2011/06/avosHostEnvironment.xsd"
                              isByCopy="true"
                              name="Interval">
                  <description>There are two kinds of Intervals. Each Interval has its own JSON format. Your Interval field should look like one of the following:&lt;p&gt;&lt;ul&gt;&lt;li&gt;&lt;code&gt;"interval":{"Hourly":{"hourlyInterval":2}}&lt;/code&gt;&lt;/li&gt;&lt;li&gt;&lt;code&gt;{"DailyWeekly":{"daysOfWeek":["MONDAY"],"timeOfDay":"03:15","userTimeZone":"America/Los_Angeles"}}&lt;/code&gt;&lt;/li&gt;&lt;/ul&gt;&lt;p&gt;Days of the week is any day of the week fully capitalized (MONDAY, TUESDAY, etc). The user time zone is any IANA user timezone.  For example user time zones see &lt;a href="https://en.wikipedia.org/wiki/IANA_time_zone_database"&gt;List of IANA time zones&lt;/a&gt;.</description>
                  <detail/>
               </processObject>
               <processObject xmlns="http://schemas.active-endpoints.com/appmodules/screenflow/2011/06/avosHostEnvironment.xsd"
                              isByCopy="true"
                              name="string">
                  <description/>
                  <detail>
                     <field name="string" type="string"/>
                  </detail>
               </processObject>
               <processObject xmlns="http://schemas.active-endpoints.com/appmodules/screenflow/2011/06/avosHostEnvironment.xsd"
                              isByCopy="true"
                              name="boolean">
                  <description/>
                  <detail>
                     <field name="boolean" type="boolean"/>
                  </detail>
               </processObject>
               <processObject xmlns="http://schemas.active-endpoints.com/appmodules/screenflow/2011/06/avosHostEnvironment.xsd"
                              isByCopy="true"
                              name="double">
                  <description/>
                  <detail>
                     <field name="double" type="double"/>
                  </detail>
               </processObject>
               <processObject xmlns="http://schemas.active-endpoints.com/appmodules/screenflow/2011/06/avosHostEnvironment.xsd"
                              isByCopy="true"
                              name="integer">
                  <description/>
                  <detail>
                     <field name="integer" type="int"/>
                  </detail>
               </processObject>
            </objects>
         </businessConnector>
      </types1:Entry>
      <types1:GUID>70GQ5AjFZCqkZzrIm3HuEh</types1:GUID>
      <types1:DisplayName>Oracle Cloud Infrastructure Compute VPNEndpointV2s API v18-1-2</types1:DisplayName>
   </types1:Item>
   <types1:CurrentServerDateTime>2019-02-25T09:24:12.116Z</types1:CurrentServerDateTime>
</aetgt:getResponse>
