<aetgt:getResponse xmlns:aetgt="http://schemas.active-endpoints.com/appmodules/repository/2010/10/avrepository.xsd"
                   xmlns:types1="http://schemas.active-endpoints.com/appmodules/repository/2010/10/avrepository.xsd">
   <types1:Item>
      <types1:EntryId>jk91pqrzYLnzYLn-gt-1633738-2019-01-24T00:42:21.47Z::svc.xml</types1:EntryId>
      <types1:Name>Concur_Payment_Request_API_v3</types1:Name>
      <types1:MimeType>application/xml+businesssconnector</types1:MimeType>
      <types1:Description>A payment request is a request for payment (partial or full) of an invoice. This API provides methods to create or update a payment request, or view a payment request by ID.</types1:Description>
      <types1:AppliesTo/>
      <types1:Tags/>
      <types1:VersionLabel>1.0</types1:VersionLabel>
      <types1:State>CURRENT</types1:State>
      <types1:ProcessGroup/>
      <types1:CreatedBy>sorabh@na1.dm-us.org</types1:CreatedBy>
      <types1:CreationDate>2019-01-24T00:42:21Z</types1:CreationDate>
      <types1:ModifiedBy/>
      <types1:PublicationStatus>published</types1:PublicationStatus>
      <types1:PublishedBy>sorabh@na1.dm-us.org</types1:PublishedBy>
      <types1:PublicationDate>2019-01-24T00:42:38Z</types1:PublicationDate>
      <types1:PublishedContributionId>project:/rt.connector/Concur_Payment_Request_API_v3/Concur_Payment_Request_API_v3_svcDef.xml</types1:PublishedContributionId>
      <types1:AutosaveExists>false</types1:AutosaveExists>
      <types1:Entry>
         <businessConnector xmlns="http://schemas.informatica.com/socrates/data-services/2014/05/business-connector-model.xsd"
                            agentOnly="false"
                            debug="false"
                            displayName="Concur Payment Request API v3"
                            label=""
                            name="Concur_Payment_Request_API_v3"
                            uuid="3606dc2c-02b2-40cc-94af-17206cb559cc">
            <description>A payment request is a request for payment (partial or full) of an invoice. This API provides methods to create or update a payment request, or view a payment request by ID.</description>
            <tags/>
            <connectionAttributes xmlns="http://schemas.informatica.com/appmodules/screenflow/2014/04/avosConnectors.xsd">
               <connectionAttribute description="Host Name"
                                    masked="false"
                                    name="hostName"
                                    required="true"
                                    testWith="www.concursolutions.com"
                                    type="string"/>
            </connectionAttributes>
            <actions>
               <action category="Resources"
                       failOnError="true"
                       forSearch="false"
                       label="POST_invoice_paymentrequest"
                       maxRedirects="100"
                       name="POST_invoice_paymentrequest"
                       preemptiveAuth="true"
                       responseEncoding="">
                  <description>Create a new Payment Request. Creates a new Payment Request with all relevant details including line items and associated allocations.</description>
                  <input>
                     <parameter description="An XML or JSON representation of a Payment Request."
                                label="paymentRequest"
                                name="paymentRequest"
                                required="true"
                                testWith=""
                                type="reference">
                        <options>
                           <option name="referenceTo">PaymentRequestPost</option>
                        </options>
                     </parameter>
                  </input>
                  <binding>
                     <restSimpleBinding multiUsing="semicolonSeparated"
                                        url="https://{$hostName}/api/v3.0/invoice/paymentrequest"
                                        verb="POST">
                        <httpHeaders>
                           <header name="Content-Type">application/json</header>
                           <header name="Accept">application/json</header>
                        </httpHeaders>
                        <body generateUsing="UnwrappedJSON" preserveJsonStringFormatting="false"/>
                     </restSimpleBinding>
                  </binding>
                  <output>
                     <field description="Success"
                            entireResponse="true"
                            name="CreateResponse"
                            type="reference">
                        <options>
                           <option name="referenceTo">CreateResponse</option>
                        </options>
                     </field>
                  </output>
               </action>
               <action category="Resources"
                       failOnError="true"
                       forSearch="false"
                       label="PUT_invoice_paymentrequest"
                       maxRedirects="100"
                       name="PUT_invoice_paymentrequest"
                       preemptiveAuth="true"
                       responseEncoding="">
                  <description>Update a Payment Request. Updates a Payment Request with all relevant details including line items and associated allocations.</description>
                  <input>
                     <parameter description="An XML or JSON representation of a Payment Request."
                                label="paymentRequest"
                                name="paymentRequest"
                                required="true"
                                testWith=""
                                type="reference">
                        <options>
                           <option name="referenceTo">PaymentRequestPut</option>
                        </options>
                     </parameter>
                  </input>
                  <binding>
                     <restSimpleBinding multiUsing="semicolonSeparated"
                                        url="https://{$hostName}/api/v3.0/invoice/paymentrequest"
                                        verb="PUT">
                        <httpHeaders>
                           <header name="Content-Type">application/json</header>
                           <header name="Accept">application/json</header>
                        </httpHeaders>
                        <body generateUsing="UnwrappedJSON" preserveJsonStringFormatting="false"/>
                     </restSimpleBinding>
                  </binding>
                  <output>
                     <field description="Success"
                            entireResponse="true"
                            name="CreateResponse"
                            type="reference">
                        <options>
                           <option name="referenceTo">CreateResponse</option>
                        </options>
                     </field>
                  </output>
               </action>
               <action category="Resources"
                       failOnError="true"
                       forSearch="false"
                       label="GET_invoice_paymentrequest_id_"
                       maxRedirects="100"
                       name="GET_invoice_paymentrequest_id_"
                       preemptiveAuth="true"
                       responseEncoding="">
                  <description>Gets all relevant information of a Payment Request. This API Gets all relevant information (Payment Request Header, Payment Request Line Item and Payment Request Allocation) of a Payment Request.</description>
                  <input>
                     <parameter description="Payment Request ID."
                                label="idPathParam"
                                name="idPathParam"
                                nogen="true"
                                required="true"
                                testWith=""
                                type="string"/>
                  </input>
                  <binding>
                     <restSimpleBinding multiUsing="semicolonSeparated"
                                        url="https://{$hostName}/api/v3.0/invoice/paymentrequest/{$idPathParam}"
                                        verb="GET">
                        <httpHeaders>
                           <header name="Content-Type">application/json</header>
                           <header name="Accept">application/json</header>
                        </httpHeaders>
                     </restSimpleBinding>
                  </binding>
                  <output>
                     <field description="Success"
                            entireResponse="true"
                            name="PaymentRequest"
                            type="reference">
                        <options>
                           <option name="referenceTo">PaymentRequest</option>
                        </options>
                     </field>
                  </output>
               </action>
            </actions>
            <objects>
               <processObject xmlns="http://schemas.active-endpoints.com/appmodules/screenflow/2011/06/avosHostEnvironment.xsd"
                              isByCopy="true"
                              name="PaymentRequestAllocationPostPut">
                  <description/>
                  <detail>
                     <field name="Custom09" type="string"/>
                     <field name="Custom08" type="string"/>
                     <field name="Custom19" type="string"/>
                     <field name="Custom07" type="string"/>
                     <field name="Custom18" type="string"/>
                     <field name="Percentage" type="string"/>
                     <field name="Custom02" type="string"/>
                     <field name="Custom13" type="string"/>
                     <field name="Custom01" type="string"/>
                     <field name="Custom12" type="string"/>
                     <field name="Custom11" type="string"/>
                     <field name="Custom10" type="string"/>
                     <field name="Custom06" type="string"/>
                     <field name="Custom17" type="string"/>
                     <field name="Custom05" type="string"/>
                     <field name="Custom16" type="string"/>
                     <field name="Custom04" type="string"/>
                     <field name="Custom15" type="string"/>
                     <field name="Custom03" type="string"/>
                     <field name="Custom14" type="string"/>
                     <field name="Custom20" type="string"/>
                  </detail>
               </processObject>
               <processObject xmlns="http://schemas.active-endpoints.com/appmodules/screenflow/2011/06/avosHostEnvironment.xsd"
                              isByCopy="true"
                              name="CreateResponse">
                  <description/>
                  <detail>
                     <field name="ID" type="string"/>
                     <field name="URI" type="string"/>
                  </detail>
               </processObject>
               <processObject xmlns="http://schemas.active-endpoints.com/appmodules/screenflow/2011/06/avosHostEnvironment.xsd"
                              isByCopy="true"
                              name="PaymentRequestPut">
                  <description/>
                  <detail>
                     <field name="Custom19" type="string"/>
                     <field name="IsInvoiceConfirmed" type="string"/>
                     <field name="Custom18" type="string"/>
                     <field name="RequestID" type="string"/>
                     <field name="ShippingAmount" type="string"/>
                     <field name="PaymentTermsDays" type="string"/>
                     <field name="Custom13" type="string"/>
                     <field name="DoCopyDownFromPO" type="string"/>
                     <field name="Custom12" type="string"/>
                     <field name="Custom11" type="string"/>
                     <field name="Custom10" type="string"/>
                     <field name="Custom17" type="string"/>
                     <field name="PaymentAmount" type="string"/>
                     <field name="Custom16" type="string"/>
                     <field name="Custom15" type="string"/>
                     <field name="Custom14" type="string"/>
                     <field name="Name" type="string"/>
                     <field name="CurrencyCode" type="string"/>
                     <field name="TaxAmount" type="string"/>
                     <field name="EmployeeLoginId" type="string"/>
                     <field name="InvoiceNumber" type="string"/>
                     <field name="PaymentAdjustmentNotes" type="string"/>
                     <field name="InvoiceReceivedDate" type="string"/>
                     <field name="VatAmountThree" type="string"/>
                     <field name="CompanyShipToAddressCode" type="string"/>
                     <field name="Custom09" type="string"/>
                     <field name="Custom08" type="string"/>
                     <field name="LineItems" type="reference">
                        <options>
                           <option name="referenceTo">PaymentRequestLineItemPut</option>
                           <option name="relationshipName">Child</option>
                        </options>
                     </field>
                     <field name="Custom07" type="string"/>
                     <field name="Custom02" type="string"/>
                     <field name="Custom01" type="string"/>
                     <field name="Custom06" type="string"/>
                     <field name="Custom05" type="string"/>
                     <field name="Custom04" type="string"/>
                     <field name="Custom03" type="string"/>
                     <field name="CompanyBillToAddressCode" type="string"/>
                     <field name="DeliverySlipNumber" type="string"/>
                     <field name="OB10BuyerId" type="string"/>
                     <field name="DiscountTerms" type="string"/>
                     <field name="BuyerCostCenter" type="string"/>
                     <field name="OrgUnit01" type="string"/>
                     <field name="PurchaseOrderId" type="string"/>
                     <field name="OrgUnit03" type="string"/>
                     <field name="OrgUnit02" type="string"/>
                     <field name="OrgUnit05" type="string"/>
                     <field name="OrgUnit04" type="string"/>
                     <field name="OrgUnit06" type="string"/>
                     <field name="VatRateThree" type="string"/>
                     <field name="Description" type="string"/>
                     <field name="VendorTaxId" type="string"/>
                     <field name="InvoiceAmount" type="string"/>
                     <field name="PaymentDueDate" type="string"/>
                     <field name="VatAmountTwo" type="string"/>
                     <field name="VatAmountFour" type="string"/>
                     <field name="VendorShipFromAddressCode" type="string"/>
                     <field name="VendorRemitToIdentifier" type="reference">
                        <options>
                           <option name="referenceTo">VendorIdentifier</option>
                           <option name="relationshipName">Child</option>
                        </options>
                     </field>
                     <field name="DoCopyDown" type="string"/>
                     <field name="InvoiceDate" type="string"/>
                     <field name="CountryCode" type="string"/>
                     <field name="EmployeeId" type="string"/>
                     <field name="NotesToVendor" type="string"/>
                     <field name="ReceiptConfirmationType" type="string"/>
                     <field name="VatRateOne" type="string"/>
                     <field name="EmployeeEmailAddress" type="string"/>
                     <field name="VatRateFour" type="string"/>
                     <field name="Custom24" type="string"/>
                     <field name="Custom23" type="string"/>
                     <field name="Custom22" type="string"/>
                     <field name="Custom21" type="string"/>
                     <field name="CheckNumber" type="string"/>
                     <field name="ProvincialTaxId" type="string"/>
                     <field name="Custom20" type="string"/>
                     <field name="DiscountPercentage" type="string"/>
                     <field name="IsEmergencyCheckRun" type="string"/>
                     <field name="OB10TransactionId" type="string"/>
                     <field name="AmountWithoutVat" type="string"/>
                     <field name="VatRateTwo" type="string"/>
                     <field name="VatAmountOne" type="string"/>
                  </detail>
               </processObject>
               <processObject xmlns="http://schemas.active-endpoints.com/appmodules/screenflow/2011/06/avosHostEnvironment.xsd"
                              isByCopy="true"
                              name="LineItem">
                  <description/>
                  <detail>
                     <field name="VatAmount" type="string"/>
                     <field name="Custom19" type="string"/>
                     <field name="Custom18" type="string"/>
                     <field name="Custom13" type="string"/>
                     <field name="Custom12" type="string"/>
                     <field name="Custom11" type="string"/>
                     <field name="Tax" type="string"/>
                     <field name="Custom10" type="string"/>
                     <field name="Custom17" type="string"/>
                     <field name="Custom16" type="string"/>
                     <field name="Custom15" type="string"/>
                     <field name="Custom14" type="string"/>
                     <field name="LineItemIsTestUser" type="string"/>
                     <field name="VatAmountThree" type="string"/>
                     <field name="UnitOfMeasure" type="string"/>
                     <field name="ShipFromPostalCode" type="string"/>
                     <field name="Custom4" type="string"/>
                     <field name="Custom3" type="string"/>
                     <field name="Custom2" type="string"/>
                     <field name="DeliverySlipNumber" type="string"/>
                     <field name="Custom1" type="string"/>
                     <field name="Custom8" type="string"/>
                     <field name="Custom7" type="string"/>
                     <field name="Custom6" type="string"/>
                     <field name="Custom5" type="string"/>
                     <field name="Custom9" type="string"/>
                     <field name="MatchedPurchaseOrderLineItemId" type="string"/>
                     <field name="Allocations" type="reference">
                        <options>
                           <option name="referenceTo">AllocationsCollection</option>
                           <option name="relationshipName">Child</option>
                        </options>
                     </field>
                     <field name="VatRateThree" type="string"/>
                     <field name="Description" type="string"/>
                     <field name="VatAmountTwo" type="string"/>
                     <field name="TaxCode2" type="string"/>
                     <field name="TaxCode3" type="string"/>
                     <field name="TaxCode" type="string"/>
                     <field name="TaxCode4" type="string"/>
                     <field name="VatAmountFour" type="string"/>
                     <field name="ExpenseTypeCode" type="string"/>
                     <field name="LineItemId" type="string"/>
                     <field name="AllocationStatus" type="string"/>
                     <field name="PurchaseOrderNumber" type="string"/>
                     <field name="ApprovedLineItemAmount" type="string"/>
                     <field name="VatRateFour" type="string"/>
                     <field name="Quantity" type="string"/>
                     <field name="VatRate" type="string"/>
                     <field name="ShipToPostalCode" type="string"/>
                     <field name="SupplierPartId" type="string"/>
                     <field name="UnitPrice" type="string"/>
                     <field name="Custom20" type="string"/>
                     <field name="TotalPrice" type="string"/>
                     <field name="AmountWithoutVat" type="string"/>
                     <field name="RequestLineItemNumber" type="string"/>
                     <field name="VatRateTwo" type="string"/>
                     <field name="IsMatched" type="string"/>
                     <field name="RequestedLineItemAmount" type="string"/>
                  </detail>
               </processObject>
               <processObject xmlns="http://schemas.active-endpoints.com/appmodules/screenflow/2011/06/avosHostEnvironment.xsd"
                              isByCopy="true"
                              name="PaymentRequestLineItemPost">
                  <description/>
                  <detail>
                     <field name="VatAmount" type="string"/>
                     <field name="Allocations" type="reference">
                        <options>
                           <option name="referenceTo">PaymentRequestAllocationPostPut</option>
                           <option name="relationshipName">Child</option>
                        </options>
                     </field>
                     <field name="Custom19" type="string"/>
                     <field name="ItemCode" type="string"/>
                     <field name="VatRateThree" type="string"/>
                     <field name="Custom18" type="string"/>
                     <field name="Description" type="string"/>
                     <field name="Custom13" type="string"/>
                     <field name="Custom12" type="string"/>
                     <field name="Custom11" type="string"/>
                     <field name="Tax" type="string"/>
                     <field name="Custom10" type="string"/>
                     <field name="Custom17" type="string"/>
                     <field name="Custom16" type="string"/>
                     <field name="Custom15" type="string"/>
                     <field name="Custom14" type="string"/>
                     <field name="VatAmountTwo" type="string"/>
                     <field name="TaxCode2" type="string"/>
                     <field name="TaxCode3" type="string"/>
                     <field name="TaxCode" type="string"/>
                     <field name="TaxCode4" type="string"/>
                     <field name="VatAmountFour" type="string"/>
                     <field name="ExpenseTypeCode" type="string"/>
                     <field name="VatAmountThree" type="string"/>
                     <field name="Custom09" type="string"/>
                     <field name="Custom08" type="string"/>
                     <field name="Custom07" type="string"/>
                     <field name="PurchaseOrderNumber" type="string"/>
                     <field name="UnitOfMeasure" type="string"/>
                     <field name="VatRateFour" type="string"/>
                     <field name="Custom02" type="string"/>
                     <field name="Custom01" type="string"/>
                     <field name="Quantity" type="string"/>
                     <field name="ShipFromPostalCode" type="string"/>
                     <field name="Custom06" type="string"/>
                     <field name="Custom05" type="string"/>
                     <field name="Custom04" type="string"/>
                     <field name="VatRate" type="string"/>
                     <field name="Custom03" type="string"/>
                     <field name="ShipToPostalCode" type="string"/>
                     <field name="SupplierPartId" type="string"/>
                     <field name="UnitPrice" type="string"/>
                     <field name="Custom20" type="string"/>
                     <field name="TotalPrice" type="string"/>
                     <field name="AmountWithoutVat" type="string"/>
                     <field name="VatRateTwo" type="string"/>
                  </detail>
               </processObject>
               <processObject xmlns="http://schemas.active-endpoints.com/appmodules/screenflow/2011/06/avosHostEnvironment.xsd"
                              isByCopy="true"
                              name="AllocationsCollection">
                  <description/>
                  <detail>
                     <field name="Allocation" type="reference">
                        <options>
                           <option name="referenceTo">Allocation</option>
                           <option name="relationshipName">Child</option>
                        </options>
                     </field>
                  </detail>
               </processObject>
               <processObject xmlns="http://schemas.active-endpoints.com/appmodules/screenflow/2011/06/avosHostEnvironment.xsd"
                              isByCopy="true"
                              name="CompanyAddress">
                  <description/>
                  <detail>
                     <field name="State" type="string"/>
                     <field name="Address2" type="string"/>
                     <field name="Address3" type="string"/>
                     <field name="PostalCode" type="string"/>
                     <field name="Address1" type="string"/>
                     <field name="City" type="string"/>
                     <field name="CountryCode" type="string"/>
                     <field name="Name" type="string"/>
                  </detail>
               </processObject>
               <processObject xmlns="http://schemas.active-endpoints.com/appmodules/screenflow/2011/06/avosHostEnvironment.xsd"
                              isByCopy="true"
                              name="Allocation">
                  <description/>
                  <detail>
                     <field name="Custom19" type="string"/>
                     <field name="Custom18" type="string"/>
                     <field name="Percentage" type="string"/>
                     <field name="Custom13" type="string"/>
                     <field name="IsTestUser" type="string"/>
                     <field name="Custom12" type="string"/>
                     <field name="Custom11" type="string"/>
                     <field name="Custom10" type="string"/>
                     <field name="Custom17" type="string"/>
                     <field name="Custom16" type="string"/>
                     <field name="Custom15" type="string"/>
                     <field name="Custom14" type="string"/>
                     <field name="Custom4" type="string"/>
                     <field name="Custom3" type="string"/>
                     <field name="Custom2" type="string"/>
                     <field name="Custom1" type="string"/>
                     <field name="Custom20" type="string"/>
                     <field name="Custom8" type="string"/>
                     <field name="Custom7" type="string"/>
                     <field name="Custom6" type="string"/>
                     <field name="Custom5" type="string"/>
                     <field name="AllocationAccountCode" type="string"/>
                     <field name="Custom9" type="string"/>
                  </detail>
               </processObject>
               <processObject xmlns="http://schemas.active-endpoints.com/appmodules/screenflow/2011/06/avosHostEnvironment.xsd"
                              isByCopy="true"
                              name="LineItemsCollection">
                  <description/>
                  <detail>
                     <field name="LineItem" type="reference">
                        <options>
                           <option name="referenceTo">LineItem</option>
                           <option name="relationshipName">Child</option>
                        </options>
                     </field>
                  </detail>
               </processObject>
               <processObject xmlns="http://schemas.active-endpoints.com/appmodules/screenflow/2011/06/avosHostEnvironment.xsd"
                              isByCopy="true"
                              name="PaymentRequestLineItemPut">
                  <description/>
                  <detail>
                     <field name="VatAmount" type="string"/>
                     <field name="Action" type="string"/>
                     <field name="Allocations" type="reference">
                        <options>
                           <option name="referenceTo">PaymentRequestAllocationPostPut</option>
                           <option name="relationshipName">Child</option>
                        </options>
                     </field>
                     <field name="Custom19" type="string"/>
                     <field name="ItemCode" type="string"/>
                     <field name="VatRateThree" type="string"/>
                     <field name="Custom18" type="string"/>
                     <field name="Description" type="string"/>
                     <field name="Custom13" type="string"/>
                     <field name="Custom12" type="string"/>
                     <field name="Custom11" type="string"/>
                     <field name="Tax" type="string"/>
                     <field name="Custom10" type="string"/>
                     <field name="Custom17" type="string"/>
                     <field name="Custom16" type="string"/>
                     <field name="Custom15" type="string"/>
                     <field name="Custom14" type="string"/>
                     <field name="VatAmountTwo" type="string"/>
                     <field name="TaxCode2" type="string"/>
                     <field name="TaxCode3" type="string"/>
                     <field name="TaxCode" type="string"/>
                     <field name="TaxCode4" type="string"/>
                     <field name="VatAmountFour" type="string"/>
                     <field name="ExpenseTypeCode" type="string"/>
                     <field name="VatAmountThree" type="string"/>
                     <field name="Custom09" type="string"/>
                     <field name="Custom08" type="string"/>
                     <field name="Custom07" type="string"/>
                     <field name="PurchaseOrderNumber" type="string"/>
                     <field name="UnitOfMeasure" type="string"/>
                     <field name="VatRateFour" type="string"/>
                     <field name="Custom02" type="string"/>
                     <field name="Custom01" type="string"/>
                     <field name="Quantity" type="string"/>
                     <field name="ShipFromPostalCode" type="string"/>
                     <field name="Custom06" type="string"/>
                     <field name="Custom05" type="string"/>
                     <field name="Custom04" type="string"/>
                     <field name="VatRate" type="string"/>
                     <field name="Custom03" type="string"/>
                     <field name="ShipToPostalCode" type="string"/>
                     <field name="SupplierPartId" type="string"/>
                     <field name="UnitPrice" type="string"/>
                     <field name="Custom20" type="string"/>
                     <field name="AmountWithoutVat" type="string"/>
                     <field name="VatRateTwo" type="string"/>
                     <field name="LineItemID" type="string"/>
                  </detail>
               </processObject>
               <processObject xmlns="http://schemas.active-endpoints.com/appmodules/screenflow/2011/06/avosHostEnvironment.xsd"
                              isByCopy="true"
                              name="VendorIdentifier">
                  <description/>
                  <detail>
                     <field name="PostalCode" type="string"/>
                     <field name="VendorCode" type="string"/>
                     <field name="Address1" type="string"/>
                     <field name="AddressCode" type="string"/>
                     <field name="Name" type="string"/>
                  </detail>
               </processObject>
               <processObject xmlns="http://schemas.active-endpoints.com/appmodules/screenflow/2011/06/avosHostEnvironment.xsd"
                              isByCopy="true"
                              name="PaymentRequest">
                  <description/>
                  <detail>
                     <field name="ShippingAmount" type="string"/>
                     <field name="PaymentTermsDays" type="string"/>
                     <field name="ApprovalStatus" type="string"/>
                     <field name="CurrencyCode" type="string"/>
                     <field name="TaxAmount" type="string"/>
                     <field name="ExternalPolicyId" type="string"/>
                     <field name="ID" type="string"/>
                     <field name="InvoiceNumber" type="string"/>
                     <field name="PaymentAdjustmentNotes" type="string"/>
                     <field name="VatAmountThree" type="string"/>
                     <field name="CalculatedAmount" type="string"/>
                     <field name="LineItems" type="reference">
                        <options>
                           <option name="referenceTo">LineItemsCollection</option>
                           <option name="relationshipName">Child</option>
                        </options>
                     </field>
                     <field name="LineItemTotalAmount" type="string"/>
                     <field name="FirstSubmitDate" type="string"/>
                     <field name="IsPaymentRequestDeleted" type="string"/>
                     <field name="CreatedByUsername" type="string"/>
                     <field name="DataSource" type="string"/>
                     <field name="PaidAmount" type="string"/>
                     <field name="DeliverySlipNumber" type="string"/>
                     <field name="LedgerCode" type="string"/>
                     <field name="OB10BuyerId" type="string"/>
                     <field name="BuyerCostCenter" type="string"/>
                     <field name="OrgUnit01" type="string"/>
                     <field name="OrgUnit03" type="string"/>
                     <field name="OrgUnit02" type="string"/>
                     <field name="OrgUnit05" type="string"/>
                     <field name="OrgUnit04" type="string"/>
                     <field name="OrgUnit06" type="string"/>
                     <field name="TotalApprovedAmount" type="string"/>
                     <field name="Description" type="string"/>
                     <field name="IsAssigned" type="string"/>
                     <field name="CompanyShipToAddress" type="reference">
                        <options>
                           <option name="referenceTo">CompanyAddress</option>
                           <option name="relationshipName">Child</option>
                        </options>
                     </field>
                     <field name="VendorRemitAddress" type="reference">
                        <options>
                           <option name="referenceTo">VendorAddress</option>
                           <option name="relationshipName">Child</option>
                        </options>
                     </field>
                     <field name="URI" type="string"/>
                     <field name="IsPaymentRequestDuplicate" type="string"/>
                     <field name="VatAmountTwo" type="string"/>
                     <field name="VatAmountFour" type="string"/>
                     <field name="CompanyBillToAddress" type="reference">
                        <options>
                           <option name="referenceTo">CompanyAddress</option>
                           <option name="relationshipName">Child</option>
                        </options>
                     </field>
                     <field name="FirstApprovalDate" type="string"/>
                     <field name="InvoiceDate" type="string"/>
                     <field name="PurchaseOrderNumber" type="string"/>
                     <field name="ReceiptConfirmationType" type="string"/>
                     <field name="VatRateOne" type="string"/>
                     <field name="Custom24" type="string"/>
                     <field name="Custom23" type="string"/>
                     <field name="Custom22" type="string"/>
                     <field name="Custom21" type="string"/>
                     <field name="ProvincialTaxId" type="string"/>
                     <field name="Custom20" type="string"/>
                     <field name="DiscountPercentage" type="string"/>
                     <field name="OB10TransactionId" type="string"/>
                     <field name="PaymentRequestCreatedByTestUser" type="string"/>
                     <field name="SubmittedByDelegate" type="string"/>
                     <field name="VatRateTwo" type="string"/>
                     <field name="LineItemVatAmount" type="string"/>
                     <field name="VatAmountOne" type="string"/>
                     <field name="Custom19" type="string"/>
                     <field name="IsInvoiceConfirmed" type="string"/>
                     <field name="Custom18" type="string"/>
                     <field name="Custom13" type="string"/>
                     <field name="Custom12" type="string"/>
                     <field name="Custom11" type="string"/>
                     <field name="Custom10" type="string"/>
                     <field name="Custom17" type="string"/>
                     <field name="Custom16" type="string"/>
                     <field name="Custom15" type="string"/>
                     <field name="Custom14" type="string"/>
                     <field name="Name" type="string"/>
                     <field name="IsTestTransaction" type="string"/>
                     <field name="UserCreationDate" type="string"/>
                     <field name="PaymentStatus" type="string"/>
                     <field name="InvoiceReceivedDate" type="string"/>
                     <field name="ExtractDate" type="string"/>
                     <field name="Custom4" type="string"/>
                     <field name="Custom3" type="string"/>
                     <field name="Custom2" type="string"/>
                     <field name="Custom1" type="string"/>
                     <field name="Custom8" type="string"/>
                     <field name="DiscountTerms" type="string"/>
                     <field name="Custom7" type="string"/>
                     <field name="Custom6" type="string"/>
                     <field name="Custom5" type="string"/>
                     <field name="PaymentMethod" type="string"/>
                     <field name="Custom9" type="string"/>
                     <field name="EmployeeName" type="string"/>
                     <field name="VatRateThree" type="string"/>
                     <field name="AssignedByUsername" type="string"/>
                     <field name="VendorTaxId" type="string"/>
                     <field name="InvoiceAmount" type="string"/>
                     <field name="PaymentDueDate" type="string"/>
                     <field name="LastSubmitDate" type="string"/>
                     <field name="VendorShipFromAddress" type="reference">
                        <options>
                           <option name="referenceTo">VendorAddress</option>
                           <option name="relationshipName">Child</option>
                        </options>
                     </field>
                     <field name="PaidDate" type="string"/>
                     <field name="TaxCode2" type="string"/>
                     <field name="TaxCode3" type="string"/>
                     <field name="AssignedDate" type="string"/>
                     <field name="TaxCode" type="string"/>
                     <field name="TaxCode4" type="string"/>
                     <field name="CountryCode" type="string"/>
                     <field name="NotesToVendor" type="string"/>
                     <field name="ApprovedByDelegate" type="string"/>
                     <field name="VatRateFour" type="string"/>
                     <field name="WorkflowCompleteDate" type="string"/>
                     <field name="CheckNumber" type="string"/>
                     <field name="AmountWithoutVat" type="string"/>
                     <field name="DeletedDate" type="string"/>
                     <field name="PaymentRequestDeletedBy" type="string"/>
                  </detail>
               </processObject>
               <processObject xmlns="http://schemas.active-endpoints.com/appmodules/screenflow/2011/06/avosHostEnvironment.xsd"
                              isByCopy="true"
                              name="PaymentRequestPost">
                  <description/>
                  <detail>
                     <field name="Custom19" type="string"/>
                     <field name="IsInvoiceConfirmed" type="string"/>
                     <field name="Custom18" type="string"/>
                     <field name="ShippingAmount" type="string"/>
                     <field name="PaymentTermsDays" type="string"/>
                     <field name="Custom13" type="string"/>
                     <field name="Custom12" type="string"/>
                     <field name="Custom11" type="string"/>
                     <field name="Custom10" type="string"/>
                     <field name="Custom17" type="string"/>
                     <field name="PaymentAmount" type="string"/>
                     <field name="Custom16" type="string"/>
                     <field name="Custom15" type="string"/>
                     <field name="Custom14" type="string"/>
                     <field name="Name" type="string"/>
                     <field name="CurrencyCode" type="string"/>
                     <field name="TaxAmount" type="string"/>
                     <field name="ExternalPolicyId" type="string"/>
                     <field name="EmployeeLoginId" type="string"/>
                     <field name="InvoiceNumber" type="string"/>
                     <field name="PaymentAdjustmentNotes" type="string"/>
                     <field name="InvoiceReceivedDate" type="string"/>
                     <field name="VatAmountThree" type="string"/>
                     <field name="CompanyShipToAddressCode" type="string"/>
                     <field name="Custom09" type="string"/>
                     <field name="Custom08" type="string"/>
                     <field name="LineItems" type="reference">
                        <options>
                           <option name="referenceTo">PaymentRequestLineItemPost</option>
                           <option name="relationshipName">Child</option>
                        </options>
                     </field>
                     <field name="Custom07" type="string"/>
                     <field name="Custom02" type="string"/>
                     <field name="Custom01" type="string"/>
                     <field name="Custom06" type="string"/>
                     <field name="Custom05" type="string"/>
                     <field name="Custom04" type="string"/>
                     <field name="Custom03" type="string"/>
                     <field name="DataSource" type="string"/>
                     <field name="CompanyBillToAddressCode" type="string"/>
                     <field name="DeliverySlipNumber" type="string"/>
                     <field name="LedgerCode" type="string"/>
                     <field name="OB10BuyerId" type="string"/>
                     <field name="DiscountTerms" type="string"/>
                     <field name="BuyerCostCenter" type="string"/>
                     <field name="OrgUnit01" type="string"/>
                     <field name="PurchaseOrderId" type="string"/>
                     <field name="OrgUnit03" type="string"/>
                     <field name="OrgUnit02" type="string"/>
                     <field name="OrgUnit05" type="string"/>
                     <field name="OrgUnit04" type="string"/>
                     <field name="OrgUnit06" type="string"/>
                     <field name="VatRateThree" type="string"/>
                     <field name="Description" type="string"/>
                     <field name="VendorTaxId" type="string"/>
                     <field name="InvoiceAmount" type="string"/>
                     <field name="PaymentDueDate" type="string"/>
                     <field name="VatAmountTwo" type="string"/>
                     <field name="VatAmountFour" type="string"/>
                     <field name="VendorShipFromAddressCode" type="string"/>
                     <field name="VendorRemitToIdentifier" type="reference">
                        <options>
                           <option name="referenceTo">VendorIdentifier</option>
                           <option name="relationshipName">Child</option>
                        </options>
                     </field>
                     <field name="InvoiceDate" type="string"/>
                     <field name="CountryCode" type="string"/>
                     <field name="EmployeeId" type="string"/>
                     <field name="NotesToVendor" type="string"/>
                     <field name="ReceiptConfirmationType" type="string"/>
                     <field name="VatRateOne" type="string"/>
                     <field name="EmployeeEmailAddress" type="string"/>
                     <field name="VatRateFour" type="string"/>
                     <field name="Custom24" type="string"/>
                     <field name="Custom23" type="string"/>
                     <field name="Custom22" type="string"/>
                     <field name="Custom21" type="string"/>
                     <field name="CheckNumber" type="string"/>
                     <field name="ProvincialTaxId" type="string"/>
                     <field name="Custom20" type="string"/>
                     <field name="DiscountPercentage" type="string"/>
                     <field name="IsEmergencyCheckRun" type="string"/>
                     <field name="OB10TransactionId" type="string"/>
                     <field name="AmountWithoutVat" type="string"/>
                     <field name="VatRateTwo" type="string"/>
                     <field name="VatAmountOne" type="string"/>
                  </detail>
               </processObject>
               <processObject xmlns="http://schemas.active-endpoints.com/appmodules/screenflow/2011/06/avosHostEnvironment.xsd"
                              isByCopy="true"
                              name="VendorAddress">
                  <description/>
                  <detail>
                     <field name="DiscountTerms" type="string"/>
                     <field name="State" type="string"/>
                     <field name="Address2" type="string"/>
                     <field name="Address3" type="string"/>
                     <field name="PostalCode" type="string"/>
                     <field name="Address1" type="string"/>
                     <field name="City" type="string"/>
                     <field name="CountryCode" type="string"/>
                     <field name="Name" type="string"/>
                  </detail>
               </processObject>
               <processObject xmlns="http://schemas.active-endpoints.com/appmodules/screenflow/2011/06/avosHostEnvironment.xsd"
                              isByCopy="true"
                              name="string">
                  <description/>
                  <detail>
                     <field name="string" type="string"/>
                  </detail>
               </processObject>
               <processObject xmlns="http://schemas.active-endpoints.com/appmodules/screenflow/2011/06/avosHostEnvironment.xsd"
                              isByCopy="true"
                              name="boolean">
                  <description/>
                  <detail>
                     <field name="boolean" type="boolean"/>
                  </detail>
               </processObject>
               <processObject xmlns="http://schemas.active-endpoints.com/appmodules/screenflow/2011/06/avosHostEnvironment.xsd"
                              isByCopy="true"
                              name="double">
                  <description/>
                  <detail>
                     <field name="double" type="double"/>
                  </detail>
               </processObject>
               <processObject xmlns="http://schemas.active-endpoints.com/appmodules/screenflow/2011/06/avosHostEnvironment.xsd"
                              isByCopy="true"
                              name="integer">
                  <description/>
                  <detail>
                     <field name="integer" type="int"/>
                  </detail>
               </processObject>
            </objects>
         </businessConnector>
      </types1:Entry>
      <types1:GUID>3ucM5AuodxFi7FA9wsJOCR</types1:GUID>
      <types1:DisplayName>Concur Payment Request API v3</types1:DisplayName>
   </types1:Item>
   <types1:CurrentServerDateTime>2019-02-22T09:42:47.85Z</types1:CurrentServerDateTime>
</aetgt:getResponse>
