<aetgt:getResponse xmlns:aetgt="http://schemas.active-endpoints.com/appmodules/repository/2010/10/avrepository.xsd"
                   xmlns:types1="http://schemas.active-endpoints.com/appmodules/repository/2010/10/avrepository.xsd">
   <types1:Item>
      <types1:EntryId>FvfQtvTxhFdw8jI-gt-65252-2019-02-28T05:39:16.513Z::svc.xml</types1:EntryId>
      <types1:Name>ADP_Associate_Contacts_v1</types1:Name>
      <types1:MimeType>application/xml+businesssconnector</types1:MimeType>
      <types1:Description>An associate is a person in the context of an organization. The Associate Contacts APIs return the name and contact information for an associate or a collection of associates within an organization.</types1:Description>
      <types1:AppliesTo/>
      <types1:Tags/>
      <types1:VersionLabel>1.0</types1:VersionLabel>
      <types1:State>CURRENT</types1:State>
      <types1:ProcessGroup/>
      <types1:CreatedBy>stage2_pod1</types1:CreatedBy>
      <types1:CreationDate>2019-02-28T05:39:17Z</types1:CreationDate>
      <types1:ModifiedBy/>
      <types1:PublicationStatus>unpublished</types1:PublicationStatus>
      <types1:AutosaveExists>false</types1:AutosaveExists>
      <types1:Entry>
         <businessConnector xmlns="http://schemas.informatica.com/socrates/data-services/2014/05/business-connector-model.xsd"
                            agentOnly="false"
                            debug="false"
                            displayName="ADP Associate Contacts v1"
                            label=""
                            name="ADP_Associate_Contacts_v1"
                            uuid="d4bb8152-c60f-4958-b81c-dc17ca117963">
            <description>An associate is a person in the context of an organization. The Associate Contacts APIs return the name and contact information for an associate or a collection of associates within an organization.</description>
            <tags/>
            <connectionAttributes xmlns="http://schemas.informatica.com/appmodules/screenflow/2014/04/avosConnectors.xsd">
               <connectionAttribute description="Host Name"
                                    masked="false"
                                    name="hostName"
                                    required="true"
                                    testWith="test-api.adp.com"
                                    type="string"/>
            </connectionAttributes>
            <actions>
               <action category="Associate Contacts"
                       failOnError="true"
                       forSearch="false"
                       label="HrV1AssociateContactsByAoidGet"
                       maxRedirects="100"
                       name="HrV1AssociateContactsByAoidGet"
                       preemptiveAuth="true"
                       responseEncoding="">
                  <description>33eeaa1a-9e16-42b7-affa-11486729fe2d. Return an associate contact</description>
                  <input>
                     <parameter description="Associate OID"
                                label="aoidPathParam"
                                name="aoidPathParam"
                                nogen="true"
                                required="true"
                                testWith=""
                                type="string"/>
                     <parameter description="The role the user is playing during the transaction.  Possible values: employee,manager,practitioner,administrator,supervisor.  The roleCode header will be passed in all calls. When coming from Myself capabilities rolecode=employee. When coming from Team capabilities roleCode=manager. When coming from Practitioner capabilities roleCode=practitioner."
                                label="roleCode"
                                name="roleCode"
                                nogen="true"
                                required="true"
                                testWith=""
                                type="string"/>
                     <parameter description="“Accept-Language” “: ” ( language | “*” ) [“;” “q” “=”qvalue]. Specifies the language(s) that are acceptable for the response. The optional qvalue represents a quality level for acceptable languages."
                                label="Accept-Language"
                                name="Accept-Language"
                                nogen="true"
                                required="false"
                                testWith=""
                                type="string"/>
                  </input>
                  <binding>
                     <restSimpleBinding multiUsing="semicolonSeparated"
                                        url="https://{$hostName}/hr/v1/associate-contacts/{$aoidPathParam}"
                                        verb="GET">
                        <httpHeaders>
                           <header name="Content-Type">application/json</header>
                           <header name="Accept">application/json</header>
                           <header name="roleCode">{$roleCode}</header>
                           <header name="Accept-Language">{$Accept-Language}</header>
                        </httpHeaders>
                     </restSimpleBinding>
                  </binding>
                  <output>
                     <field description="Return an associate contact"
                            entireResponse="true"
                            name="AssociateContacts"
                            type="reference">
                        <options>
                           <option name="referenceTo">AssociateContacts</option>
                        </options>
                     </field>
                  </output>
               </action>
               <action category="Associate Contacts"
                       failOnError="true"
                       forSearch="false"
                       label="HrV1AssociateContactsGet"
                       maxRedirects="100"
                       name="HrV1AssociateContactsGet"
                       preemptiveAuth="true"
                       responseEncoding="">
                  <description>30e59a8a-ed09-4986-8b15-e9a32c223b6b. Request the list of all available associate contacts that the requester is authorized to view</description>
                  <input>
                     <parameter description="The role the user is playing during the transaction.  Possible values: employee,manager,practitioner,administrator,supervisor.  The roleCode header will be passed in all calls. When coming from Myself capabilities rolecode=employee. When coming from Team capabilities roleCode=manager. When coming from Practitioner capabilities roleCode=practitioner."
                                label="roleCode"
                                name="roleCode"
                                nogen="true"
                                required="true"
                                testWith=""
                                type="string"/>
                     <parameter description="Used to filter the data.  Following odata standard.&#xA;&#xA;Get /hr/v1/associate-contacts?$Filter=(startswith(givenName,’{string}’) and (startswith(familyName1,’{string}’)) or emailUri eq ‘{string}’&#xA;E.g.&#xA;Get /hr/v1/associate-contacts?Filter=(startswith(givenName,’joh’) and (startswith(familyName1,’{smi}’)) or emailUri eq ‘{jdoe@abc.com’&#xA;Example returns all properties of the associate contact where preferredName or legalName givenName starts with ‘joh’ and preferredName or legalName familyName1 starts with ‘smi’ or personal or business emailUri = ‘jdoe@abc.com’&#xA;*Note url must be encoded.&#xA;Rules:&#xA;- $Filter is required.&#xA;- Must $Filter by either emailUri or (startswith(givenName,’{string}’) and (startswith(familyName1,’{string}’))&#xA;- If filtering by name then both givenName and familyName1 are required.&#xA;- If filtering by name then givenName and familyName1 require a minimum of 3 characters each.&#xA;- May $Filter by both with an or operator in between.&#xA;- May include $Select parameter"
                                label="$filter"
                                name="$filter"
                                required="true"
                                testWith=""
                                type="string"/>
                     <parameter description="Limits the result set to the top n results&#xA;&#xA;Get /hr/v1/associate-contacts?$Select= associateOID, legalName/givenName, legalName/middleName, legalName/familyName1, businessCommunication/emails/emailUri, communication/emails/emailUri&amp;Filter=(startswith(givenName,’joh’) and (startswith(familyName1,’smi’)) or emailUri eq ‘jdoe@abc.com’&amp;$top=5&#xA;Example returns all properties of the associate contact where preferredName or legalName givenName starts with ‘joh’ and preferredName or legalName familyName1 starts with ‘smi’ or personal or business emailUri = ‘jdoe@abc.com’&#xA;*Note url must be encoded."
                                label="$top"
                                name="$top"
                                required="true"
                                testWith=""
                                type="string"/>
                     <parameter description="Used to request that only certain properties are returned in the response.  Note: properties which are unique in the payload do not need to be qualified by the entire path.  Properties which are not unique in the payload must be qualified with a relative path to insure distinction. Following odata standard.&#xA;&#xA;Get /hr/v1/associate-contacts?$Select= associateOID, legalName/givenName, legalName/middleName, legalName/familyName1 &#xA;Example of requesting return of the associateOID, legal givenName, legal middleName, and legal family name1&#xA;*Note url must be encoded."
                                label="$select"
                                name="$select"
                                required="false"
                                testWith=""
                                type="string"/>
                     <parameter description="“Accept-Language” “: ” ( language | “*” ) [“;” “q” “=”qvalue]. Specifies the language(s) that are acceptable for the response. The optional qvalue represents a quality level for acceptable languages."
                                label="Accept-Language"
                                name="Accept-Language"
                                nogen="true"
                                required="false"
                                testWith=""
                                type="string"/>
                  </input>
                  <binding>
                     <restSimpleBinding multiUsing="semicolonSeparated"
                                        url="https://{$hostName}/hr/v1/associate-contacts"
                                        verb="GET">
                        <httpHeaders>
                           <header name="Content-Type">application/json</header>
                           <header name="Accept">application/json</header>
                           <header name="roleCode">{$roleCode}</header>
                           <header name="Accept-Language">{$Accept-Language}</header>
                        </httpHeaders>
                     </restSimpleBinding>
                  </binding>
                  <output/>
               </action>
            </actions>
            <objects>
               <processObject xmlns="http://schemas.active-endpoints.com/appmodules/screenflow/2011/06/avosHostEnvironment.xsd"
                              isByCopy="true"
                              name="AssociateContacts1">
                  <description>An associate is a person with a relationship to an organization. An associate contact returns the contact information for an associate</description>
                  <detail>
                     <field name="legalName" type="reference">
                        <options>
                           <option name="referenceTo">LegalName</option>
                           <option name="relationshipName">Child</option>
                        </options>
                     </field>
                     <field name="itemID" type="string"/>
                     <field name="links" type="objectlist">
                        <options>
                           <option name="referenceTo">Link</option>
                           <option name="relationshipName">Child</option>
                        </options>
                     </field>
                     <field name="preferredName" type="reference">
                        <options>
                           <option name="referenceTo">PreferredName</option>
                           <option name="relationshipName">Child</option>
                        </options>
                     </field>
                     <field name="associateOID" type="string"/>
                     <field name="communication" type="reference">
                        <options>
                           <option name="referenceTo">Communication</option>
                           <option name="relationshipName">Child</option>
                        </options>
                     </field>
                     <field name="businessCommunication" type="reference">
                        <options>
                           <option name="referenceTo">BusinessCommunication</option>
                           <option name="relationshipName">Child</option>
                        </options>
                     </field>
                     <field name="photos" type="objectlist">
                        <options>
                           <option name="referenceTo">Photo</option>
                           <option name="relationshipName">Child</option>
                        </options>
                     </field>
                  </detail>
               </processObject>
               <processObject xmlns="http://schemas.active-endpoints.com/appmodules/screenflow/2011/06/avosHostEnvironment.xsd"
                              isByCopy="true"
                              name="Landline">
                  <description/>
                  <detail>
                     <field name="itemID" type="string"/>
                     <field name="extension" type="string"/>
                     <field name="formattedNumber" type="string"/>
                     <field name="access" type="string"/>
                     <field name="nameCode" type="reference">
                        <options>
                           <option name="referenceTo">NameCode</option>
                           <option name="relationshipName">Child</option>
                        </options>
                     </field>
                     <field name="areaDialing" type="string"/>
                     <field name="countryDialing" type="string"/>
                     <field name="dialNumber" type="string"/>
                  </detail>
               </processObject>
               <processObject xmlns="http://schemas.active-endpoints.com/appmodules/screenflow/2011/06/avosHostEnvironment.xsd"
                              isByCopy="true"
                              name="GenerationAffixCode">
                  <description>The generational affix of the person name, e.g. Jr, Sr</description>
                  <detail>
                     <field name="shortName" type="string"/>
                     <field name="codeValue" type="string"/>
                     <field name="longName" type="string"/>
                  </detail>
               </processObject>
               <processObject xmlns="http://schemas.active-endpoints.com/appmodules/screenflow/2011/06/avosHostEnvironment.xsd"
                              isByCopy="true"
                              name="Email">
                  <description/>
                  <detail>
                     <field name="itemID" type="string"/>
                     <field name="nameCode" type="reference">
                        <options>
                           <option name="referenceTo">NameCode</option>
                           <option name="relationshipName">Child</option>
                        </options>
                     </field>
                     <field name="emailUri" type="string"/>
                  </detail>
               </processObject>
               <processObject xmlns="http://schemas.active-endpoints.com/appmodules/screenflow/2011/06/avosHostEnvironment.xsd"
                              isByCopy="true"
                              name="AffixCode">
                  <description>The title affix of the person name</description>
                  <detail>
                     <field name="shortName" type="string"/>
                     <field name="codeValue" type="string"/>
                     <field name="longName" type="string"/>
                  </detail>
               </processObject>
               <processObject xmlns="http://schemas.active-endpoints.com/appmodules/screenflow/2011/06/avosHostEnvironment.xsd"
                              isByCopy="true"
                              name="Photo">
                  <description/>
                  <detail>
                     <field name="itemID" type="string"/>
                     <field name="nameCode" type="reference">
                        <options>
                           <option name="referenceTo">NameCode</option>
                           <option name="relationshipName">Child</option>
                        </options>
                     </field>
                     <field name="links" type="objectlist">
                        <options>
                           <option name="referenceTo">Link</option>
                           <option name="relationshipName">Child</option>
                        </options>
                     </field>
                  </detail>
               </processObject>
               <processObject xmlns="http://schemas.active-endpoints.com/appmodules/screenflow/2011/06/avosHostEnvironment.xsd"
                              isByCopy="true"
                              name="EncType">
                  <description>If present, this property indicates a query media type format that the server supports for querying or posting to the collection of instances at the target resource.  The query can be suffixed to the target URI to query the collection with property-based constraints on the resources that SHOULD be returned from the server or used to post data to the resource (depending on the method). (Request)</description>
                  <detail/>
               </processObject>
               <processObject xmlns="http://schemas.active-endpoints.com/appmodules/screenflow/2011/06/avosHostEnvironment.xsd"
                              isByCopy="true"
                              name="SalutationCode">
                  <description>The saluation code</description>
                  <detail>
                     <field name="shortName" type="string"/>
                     <field name="codeValue" type="string"/>
                     <field name="longName" type="string"/>
                  </detail>
               </processObject>
               <processObject xmlns="http://schemas.active-endpoints.com/appmodules/screenflow/2011/06/avosHostEnvironment.xsd"
                              isByCopy="true"
                              name="AssociateContacts">
                  <description>A list of associate contacts.</description>
                  <detail>
                     <field name="associateContacts" type="objectlist">
                        <options>
                           <option name="referenceTo">AssociateContacts1</option>
                           <option name="relationshipName">Child</option>
                        </options>
                     </field>
                  </detail>
               </processObject>
               <processObject xmlns="http://schemas.active-endpoints.com/appmodules/screenflow/2011/06/avosHostEnvironment.xsd"
                              isByCopy="true"
                              name="QualificationAffixCode">
                  <description>The qualification affix of the person name</description>
                  <detail>
                     <field name="shortName" type="string"/>
                     <field name="codeValue" type="string"/>
                     <field name="longName" type="string"/>
                  </detail>
               </processObject>
               <processObject xmlns="http://schemas.active-endpoints.com/appmodules/screenflow/2011/06/avosHostEnvironment.xsd"
                              isByCopy="true"
                              name="MediaType">
                  <description>The media type that the linked resource will return (Response)</description>
                  <detail/>
               </processObject>
               <processObject xmlns="http://schemas.active-endpoints.com/appmodules/screenflow/2011/06/avosHostEnvironment.xsd"
                              isByCopy="true"
                              name="PreferredName">
                  <description>The preferred name of the person in the associated context. A preferred name is often a variation on the current name that that the person has indicated as preferred. It is the full name by which the person wishes to be known within the context of the organization.</description>
                  <detail>
                     <field name="qualificationAffixCode" type="reference">
                        <options>
                           <option name="referenceTo">QualificationAffixCode</option>
                           <option name="relationshipName">Child</option>
                        </options>
                     </field>
                     <field name="familyName1" type="string"/>
                     <field name="familyName2" type="string"/>
                     <field name="nickName" type="string"/>
                     <field name="titleAffixCodes" type="objectlist">
                        <options>
                           <option name="referenceTo">TitleAffixCode</option>
                           <option name="relationshipName">Child</option>
                        </options>
                     </field>
                     <field name="initials" type="string"/>
                     <field name="givenName" type="string"/>
                     <field name="formattedName" type="string"/>
                     <field name="familyName1Prefix" type="string"/>
                     <field name="preferredSalutations" type="objectlist">
                        <options>
                           <option name="referenceTo">PreferredSalutation</option>
                           <option name="relationshipName">Child</option>
                        </options>
                     </field>
                     <field name="scriptCode" type="reference">
                        <options>
                           <option name="referenceTo">ScriptCode</option>
                           <option name="relationshipName">Child</option>
                        </options>
                     </field>
                     <field name="nameCode" type="reference">
                        <options>
                           <option name="referenceTo">NameCode</option>
                           <option name="relationshipName">Child</option>
                        </options>
                     </field>
                     <field name="generationAffixCode" type="reference">
                        <options>
                           <option name="referenceTo">GenerationAffixCode</option>
                           <option name="relationshipName">Child</option>
                        </options>
                     </field>
                     <field name="familyName2Prefix" type="string"/>
                     <field name="middleName" type="string"/>
                  </detail>
               </processObject>
               <processObject xmlns="http://schemas.active-endpoints.com/appmodules/screenflow/2011/06/avosHostEnvironment.xsd"
                              isByCopy="true"
                              name="Communication">
                  <description>A container of communication mechanisms</description>
                  <detail>
                     <field name="faxes" type="objectlist">
                        <options>
                           <option name="referenceTo">Faxis</option>
                           <option name="relationshipName">Child</option>
                        </options>
                     </field>
                     <field name="emails" type="objectlist">
                        <options>
                           <option name="referenceTo">Email</option>
                           <option name="relationshipName">Child</option>
                        </options>
                     </field>
                     <field name="landlines" type="objectlist">
                        <options>
                           <option name="referenceTo">Landline</option>
                           <option name="relationshipName">Child</option>
                        </options>
                     </field>
                     <field name="instantMessages" type="objectlist">
                        <options>
                           <option name="referenceTo">InstantMessage</option>
                           <option name="relationshipName">Child</option>
                        </options>
                     </field>
                     <field name="mobiles" type="objectlist">
                        <options>
                           <option name="referenceTo">Mobile</option>
                           <option name="relationshipName">Child</option>
                        </options>
                     </field>
                     <field name="pagers" type="objectlist">
                        <options>
                           <option name="referenceTo">Pager</option>
                           <option name="relationshipName">Child</option>
                        </options>
                     </field>
                     <field name="internetAddresses" type="objectlist">
                        <options>
                           <option name="referenceTo">InternetAddressWithItemID</option>
                           <option name="relationshipName">Child</option>
                        </options>
                     </field>
                     <field name="socialNetworks" type="objectlist">
                        <options>
                           <option name="referenceTo">SocialNetwork</option>
                           <option name="relationshipName">Child</option>
                        </options>
                     </field>
                  </detail>
               </processObject>
               <processObject xmlns="http://schemas.active-endpoints.com/appmodules/screenflow/2011/06/avosHostEnvironment.xsd"
                              isByCopy="true"
                              name="LegalName">
                  <description>The current legal name of the person in the associated context. For example, if the context is set to Germany, this equates to the legal name of the person in Germany.</description>
                  <detail>
                     <field name="qualificationAffixCode" type="reference">
                        <options>
                           <option name="referenceTo">QualificationAffixCode</option>
                           <option name="relationshipName">Child</option>
                        </options>
                     </field>
                     <field name="familyName1" type="string"/>
                     <field name="familyName2" type="string"/>
                     <field name="nickName" type="string"/>
                     <field name="titleAffixCodes" type="objectlist">
                        <options>
                           <option name="referenceTo">TitleAffixCode</option>
                           <option name="relationshipName">Child</option>
                        </options>
                     </field>
                     <field name="initials" type="string"/>
                     <field name="givenName" type="string"/>
                     <field name="formattedName" type="string"/>
                     <field name="familyName1Prefix" type="string"/>
                     <field name="preferredSalutations" type="objectlist">
                        <options>
                           <option name="referenceTo">PreferredSalutation</option>
                           <option name="relationshipName">Child</option>
                        </options>
                     </field>
                     <field name="scriptCode" type="reference">
                        <options>
                           <option name="referenceTo">ScriptCode</option>
                           <option name="relationshipName">Child</option>
                        </options>
                     </field>
                     <field name="nameCode" type="reference">
                        <options>
                           <option name="referenceTo">NameCode</option>
                           <option name="relationshipName">Child</option>
                        </options>
                     </field>
                     <field name="generationAffixCode" type="reference">
                        <options>
                           <option name="referenceTo">GenerationAffixCode</option>
                           <option name="relationshipName">Child</option>
                        </options>
                     </field>
                     <field name="familyName2Prefix" type="string"/>
                     <field name="middleName" type="string"/>
                  </detail>
               </processObject>
               <processObject xmlns="http://schemas.active-endpoints.com/appmodules/screenflow/2011/06/avosHostEnvironment.xsd"
                              isByCopy="true"
                              name="ScriptCode">
                  <description>The type of script the name is in. Associated codelist is ISO15924-A. Use the alpha-4 representation versus the single digit numeric representation. Format is lowercase with inital letter capitalized. For example, Cyrillic is Cyrl</description>
                  <detail>
                     <field name="shortName" type="string"/>
                     <field name="codeValue" type="string"/>
                     <field name="longName" type="string"/>
                  </detail>
               </processObject>
               <processObject xmlns="http://schemas.active-endpoints.com/appmodules/screenflow/2011/06/avosHostEnvironment.xsd"
                              isByCopy="true"
                              name="TypeCode">
                  <description>The type of salutation, e.g. Professional, Social</description>
                  <detail>
                     <field name="shortName" type="string"/>
                     <field name="codeValue" type="string"/>
                     <field name="longName" type="string"/>
                  </detail>
               </processObject>
               <processObject xmlns="http://schemas.active-endpoints.com/appmodules/screenflow/2011/06/avosHostEnvironment.xsd"
                              isByCopy="true"
                              name="HrV1AssociateContacts400Error">
                  <description/>
                  <detail>
                     <field name="externalValue" type="string"/>
                  </detail>
               </processObject>
               <processObject xmlns="http://schemas.active-endpoints.com/appmodules/screenflow/2011/06/avosHostEnvironment.xsd"
                              isByCopy="true"
                              name="InstantMessage">
                  <description/>
                  <detail>
                     <field name="itemID" type="string"/>
                     <field name="nameCode" type="reference">
                        <options>
                           <option name="referenceTo">NameCode</option>
                           <option name="relationshipName">Child</option>
                        </options>
                     </field>
                     <field name="uri" type="string"/>
                  </detail>
               </processObject>
               <processObject xmlns="http://schemas.active-endpoints.com/appmodules/screenflow/2011/06/avosHostEnvironment.xsd"
                              isByCopy="true"
                              name="Method">
                  <description>The HTTP method code (HTTP Verb) traverse the link (GET, POST, PUT or DELETE)</description>
                  <detail/>
               </processObject>
               <processObject xmlns="http://schemas.active-endpoints.com/appmodules/screenflow/2011/06/avosHostEnvironment.xsd"
                              isByCopy="true"
                              name="Mobile">
                  <description/>
                  <detail>
                     <field name="itemID" type="string"/>
                     <field name="extension" type="string"/>
                     <field name="formattedNumber" type="string"/>
                     <field name="access" type="string"/>
                     <field name="nameCode" type="reference">
                        <options>
                           <option name="referenceTo">NameCode</option>
                           <option name="relationshipName">Child</option>
                        </options>
                     </field>
                     <field name="areaDialing" type="string"/>
                     <field name="countryDialing" type="string"/>
                     <field name="dialNumber" type="string"/>
                  </detail>
               </processObject>
               <processObject xmlns="http://schemas.active-endpoints.com/appmodules/screenflow/2011/06/avosHostEnvironment.xsd"
                              isByCopy="true"
                              name="Faxis">
                  <description/>
                  <detail>
                     <field name="itemID" type="string"/>
                     <field name="extension" type="string"/>
                     <field name="formattedNumber" type="string"/>
                     <field name="access" type="string"/>
                     <field name="nameCode" type="reference">
                        <options>
                           <option name="referenceTo">NameCode</option>
                           <option name="relationshipName">Child</option>
                        </options>
                     </field>
                     <field name="areaDialing" type="string"/>
                     <field name="countryDialing" type="string"/>
                     <field name="dialNumber" type="string"/>
                  </detail>
               </processObject>
               <processObject xmlns="http://schemas.active-endpoints.com/appmodules/screenflow/2011/06/avosHostEnvironment.xsd"
                              isByCopy="true"
                              name="InternetAddressWithItemID">
                  <description/>
                  <detail>
                     <field name="itemID" type="string"/>
                     <field name="nameCode" type="reference">
                        <options>
                           <option name="referenceTo">NameCode</option>
                           <option name="relationshipName">Child</option>
                        </options>
                     </field>
                     <field name="uri" type="string"/>
                  </detail>
               </processObject>
               <processObject xmlns="http://schemas.active-endpoints.com/appmodules/screenflow/2011/06/avosHostEnvironment.xsd"
                              isByCopy="true"
                              name="TitleAffixCode">
                  <description>Person titles</description>
                  <detail>
                     <field name="sequenceNumber" type="int"/>
                     <field name="affixCode" type="reference">
                        <options>
                           <option name="referenceTo">AffixCode</option>
                           <option name="relationshipName">Child</option>
                        </options>
                     </field>
                  </detail>
               </processObject>
               <processObject xmlns="http://schemas.active-endpoints.com/appmodules/screenflow/2011/06/avosHostEnvironment.xsd"
                              isByCopy="true"
                              name="Pager">
                  <description/>
                  <detail>
                     <field name="itemID" type="string"/>
                     <field name="extension" type="string"/>
                     <field name="formattedNumber" type="string"/>
                     <field name="access" type="string"/>
                     <field name="nameCode" type="reference">
                        <options>
                           <option name="referenceTo">NameCode</option>
                           <option name="relationshipName">Child</option>
                        </options>
                     </field>
                     <field name="areaDialing" type="string"/>
                     <field name="countryDialing" type="string"/>
                     <field name="dialNumber" type="string"/>
                  </detail>
               </processObject>
               <processObject xmlns="http://schemas.active-endpoints.com/appmodules/screenflow/2011/06/avosHostEnvironment.xsd"
                              isByCopy="true"
                              name="SocialNetwork">
                  <description/>
                  <detail>
                     <field name="itemID" type="string"/>
                     <field name="nameCode" type="reference">
                        <options>
                           <option name="referenceTo">NameCode</option>
                           <option name="relationshipName">Child</option>
                        </options>
                     </field>
                     <field name="uri" type="string"/>
                  </detail>
               </processObject>
               <processObject xmlns="http://schemas.active-endpoints.com/appmodules/screenflow/2011/06/avosHostEnvironment.xsd"
                              isByCopy="true"
                              name="Rel">
                  <description>Indicates the nature of the relationship of the related resource to the resource that generated this representation</description>
                  <detail/>
               </processObject>
               <processObject xmlns="http://schemas.active-endpoints.com/appmodules/screenflow/2011/06/avosHostEnvironment.xsd"
                              isByCopy="true"
                              name="BusinessCommunication">
                  <description>A container of communication mechanisms.</description>
                  <detail>
                     <field name="faxes" type="objectlist">
                        <options>
                           <option name="referenceTo">Faxis</option>
                           <option name="relationshipName">Child</option>
                        </options>
                     </field>
                     <field name="emails" type="objectlist">
                        <options>
                           <option name="referenceTo">Email</option>
                           <option name="relationshipName">Child</option>
                        </options>
                     </field>
                     <field name="landlines" type="objectlist">
                        <options>
                           <option name="referenceTo">Landline</option>
                           <option name="relationshipName">Child</option>
                        </options>
                     </field>
                     <field name="instantMessages" type="objectlist">
                        <options>
                           <option name="referenceTo">InstantMessage</option>
                           <option name="relationshipName">Child</option>
                        </options>
                     </field>
                     <field name="mobiles" type="objectlist">
                        <options>
                           <option name="referenceTo">Mobile</option>
                           <option name="relationshipName">Child</option>
                        </options>
                     </field>
                     <field name="pagers" type="objectlist">
                        <options>
                           <option name="referenceTo">Pager</option>
                           <option name="relationshipName">Child</option>
                        </options>
                     </field>
                     <field name="internetAddresses" type="objectlist">
                        <options>
                           <option name="referenceTo">InternetAddressWithItemID</option>
                           <option name="relationshipName">Child</option>
                        </options>
                     </field>
                     <field name="socialNetworks" type="objectlist">
                        <options>
                           <option name="referenceTo">SocialNetwork</option>
                           <option name="relationshipName">Child</option>
                        </options>
                     </field>
                  </detail>
               </processObject>
               <processObject xmlns="http://schemas.active-endpoints.com/appmodules/screenflow/2011/06/avosHostEnvironment.xsd"
                              isByCopy="true"
                              name="PreferredSalutation">
                  <description>A preferred salutation, e.g. Mr., Dr., etc.</description>
                  <detail>
                     <field name="sequenceNumber" type="int"/>
                     <field name="salutationCode" type="reference">
                        <options>
                           <option name="referenceTo">SalutationCode</option>
                           <option name="relationshipName">Child</option>
                        </options>
                     </field>
                     <field name="typeCode" type="reference">
                        <options>
                           <option name="referenceTo">TypeCode</option>
                           <option name="relationshipName">Child</option>
                        </options>
                     </field>
                  </detail>
               </processObject>
               <processObject xmlns="http://schemas.active-endpoints.com/appmodules/screenflow/2011/06/avosHostEnvironment.xsd"
                              isByCopy="true"
                              name="Link">
                  <description>A link description object is used to describe link relations.  In the context of a schema, it defines the link relations of the instances of the schema, and can be parameterized by the instance values.  The link description format can be used on its own in regular (non-schema documents), and use of this format can be declared by referencing the normative link description schema as the the schema for the data structure that uses the links</description>
                  <detail>
                     <field name="schema" type="string"/>
                     <field name="targetSchema" type="string"/>
                     <field name="encType" type="reference">
                        <options>
                           <option name="referenceTo">EncType</option>
                           <option name="relationshipName">Child</option>
                        </options>
                     </field>
                     <field name="method" type="reference">
                        <options>
                           <option name="referenceTo">Method</option>
                           <option name="relationshipName">Child</option>
                        </options>
                     </field>
                     <field name="rel" type="reference">
                        <options>
                           <option name="referenceTo">Rel</option>
                           <option name="relationshipName">Child</option>
                        </options>
                     </field>
                     <field name="mediaType" type="reference">
                        <options>
                           <option name="referenceTo">MediaType</option>
                           <option name="relationshipName">Child</option>
                        </options>
                     </field>
                     <field name="href" type="string"/>
                     <field name="title" type="string"/>
                  </detail>
               </processObject>
               <processObject xmlns="http://schemas.active-endpoints.com/appmodules/screenflow/2011/06/avosHostEnvironment.xsd"
                              isByCopy="true"
                              name="NameCode">
                  <description>A coded name or descriptive label of the associated entity. If this is a coded value, codeValue and shortName should be used. If this is just a string value, only shortName is necessary</description>
                  <detail>
                     <field name="shortName" type="string"/>
                     <field name="codeValue" type="string"/>
                     <field name="longName" type="string"/>
                  </detail>
               </processObject>
               <processObject xmlns="http://schemas.active-endpoints.com/appmodules/screenflow/2011/06/avosHostEnvironment.xsd"
                              isByCopy="true"
                              name="string">
                  <description/>
                  <detail>
                     <field name="string" type="string"/>
                  </detail>
               </processObject>
               <processObject xmlns="http://schemas.active-endpoints.com/appmodules/screenflow/2011/06/avosHostEnvironment.xsd"
                              isByCopy="true"
                              name="boolean">
                  <description/>
                  <detail>
                     <field name="boolean" type="boolean"/>
                  </detail>
               </processObject>
               <processObject xmlns="http://schemas.active-endpoints.com/appmodules/screenflow/2011/06/avosHostEnvironment.xsd"
                              isByCopy="true"
                              name="double">
                  <description/>
                  <detail>
                     <field name="double" type="double"/>
                  </detail>
               </processObject>
               <processObject xmlns="http://schemas.active-endpoints.com/appmodules/screenflow/2011/06/avosHostEnvironment.xsd"
                              isByCopy="true"
                              name="integer">
                  <description/>
                  <detail>
                     <field name="integer" type="int"/>
                  </detail>
               </processObject>
            </objects>
         </businessConnector>
      </types1:Entry>
      <types1:GUID>7rgQpBou6c0dO9PMDT8EIP</types1:GUID>
      <types1:DisplayName>ADP Associate Contacts v1</types1:DisplayName>
   </types1:Item>
   <types1:CurrentServerDateTime>2019-02-28T05:47:56.589Z</types1:CurrentServerDateTime>
</aetgt:getResponse>
