{"EntryId":{"$t":"BnYmWR7hsAVR3aa-gt-2048279-2018-10-10T18:04:21.438Z::conn.xml"},"Name":{"$t":"Zendesk-Core-API-actions"},"ParentFlowIds":{"$t":"PrvyXYDdxKlFmVS-gt-353463-2018-10-10T18:05:46.665Z::pd.xml,mi3wOLIFvukNXHV-gt-238328-2018-10-10T18:04:22.03Z::pd.xml,6hGKcn8dzWztZK0-gt-238308-2018-10-10T18:04:21.933Z::pd.xml"},"MimeType":{"$t":"application\/xml+connection"},"Description":{},"AppliesTo":{},"Tags":{},"VersionLabel":{"$t":"1.0"},"State":{"$t":"CURRENT"},"ProcessGroup":{},"CreatedBy":{"$t":"gstasko@UW-POC.edu"},"CreationDate":{"$t":"2018-10-10T18:04:21Z"},"ModifiedBy":{"$t":"gstasko@UW-POC.edu"},"ModificationDate":{"$t":"2018-10-10T18:09:06Z"},"PublicationStatus":{"$t":"published"},"PublishedBy":{"$t":"gstasko@UW-POC.edu"},"PublicationDate":{"$t":"2018-10-10T18:09:13Z"},"PublishedContributionId":{"$t":"project:\/rt.connection\/Zendesk-Core-API-actions\/Zendesk-Core-API-actions.conn.xml"},"AutosaveExists":{"$t":"false"},"Entry":{"connection":{"displayName":"Zendesk-Core-API-actions","label":"Zendesk-Core-API-actions","name":"Zendesk-Core-API-actions","xmlns":"http:\/\/schemas.informatica.com\/socrates\/data-services\/2014\/04\/avosConnections.xsd","xmlns$aetgt":"http:\/\/schemas.active-endpoints.com\/appmodules\/repository\/2010\/10\/avrepository.xsd","description":{},"tags":{},"agent":{},"attributes":{"attribute":[{"encrypted":"true","name":"username","value":""},{"encrypted":"true","name":"password","value":""},{"encrypted":"true","name":"subdomain","value":""}]},"businessConnector":{"agentOnly":"false","connectorPath":"project:\/rt.connector\/Zendesk_Core_API\/Zendesk_Core_API_svcDef.xml","name":"Zendesk_Core_API","supportsConnectionTest":"false","uuid":"d7b48e9c-b0a9-4346-bc85-9ca6da5d6543","xmlns":"http:\/\/schemas.informatica.com\/appmodules\/screenflow\/2014\/04\/avosConnectors.xsd","description":{"$t":"This Service Connector provides connectivity to Zendesk System Core API"}}}},"GUID":{"$t":"aKF3OYFASqwjZbnKyUIaw0"},"DisplayName":{"$t":"Zendesk-Core-API-actions"}}