{"EntryId":{"$t":"PrvyXYDdxKlFmVS-gt-353463-2018-10-10T18:05:46.665Z::pd.xml"},"Name":{"$t":"Zendesk_Verify_then_Retrieve_Ticket"},"MimeType":{"$t":"application\/xml+process"},"Description":{},"AppliesTo":{},"Tags":{"$t":".anonymous"},"VersionLabel":{"$t":"1.0"},"State":{"$t":"CURRENT"},"ProcessGroup":{},"CreatedBy":{"$t":"gstasko@UW-POC.edu"},"CreationDate":{"$t":"2018-10-10T18:05:47Z"},"ModifiedBy":{"$t":"gstasko@UW-POC.edu"},"ModificationDate":{"$t":"2018-10-10T18:13:06Z"},"PublicationStatus":{"$t":"published"},"PublishedBy":{"$t":"gstasko@UW-POC.edu"},"PublicationDate":{"$t":"2018-10-10T18:15:09Z"},"PublishedContributionId":{"$t":"project:\/spi.Zendesk_Verify_then_Retrieve_Ticket\/Zendesk_Verify_then_Retrieve_Ticket.pd.xml"},"AutosaveExists":{"$t":"false"},"Entry":{"process":{"displayName":"Zendesk Verify then Retrieve Ticket","name":"Zendesk_Verify_then_Retrieve_Ticket","xmlns":"http:\/\/schemas.active-endpoints.com\/appmodules\/screenflow\/2010\/10\/avosScreenflow.xsd","xmlns$aetgt":"http:\/\/schemas.active-endpoints.com\/appmodules\/repository\/2010\/10\/avrepository.xsd","xmlns$list":"urn:activevos:spi:list:functions","appliesTo":{},"description":{},"tags":{"$t":".anonymous"},"generator":{"$t":"Informatica Process Designer 9"},"input":{"parameter":{"description":"","name":"input Ticket ID","type":"string","options":{"option":{"name":"required","$t":"false"}}}},"output":{"field":[{"description":"","name":"Status","type":"string","options":{"option":{"name":"required","$t":"false"}}},{"description":"","name":"Output Subject","type":"string","options":{"option":{"name":"required","$t":"false"}}},{"description":"","name":"Output Priority","type":"string","options":{"option":{"name":"required","$t":"false"}}},{"description":"","name":"Output ID","type":"string","options":{"option":{"name":"required","$t":"false"}}}]},"notes":{},"deployment":{"suspendOnFault":"false","tracingLevel":"verbose","rest":{"allowAnonymousAccess":{}}},"flow":{"id":"a","start":{"id":"b","link":{"id":"jn3enqko","targetId":"jn3enqkn"}},"service":{"id":"jn3enqkn","title":{"$t":"Search Ticket"},"serviceName":{"$t":"Zendesk-Core-API-actions:Search Ticket"},"serviceGUID":{"$t":"aKF3OYFASqwjZbnKyUIaw0"},"serviceInput":{"parameter":{"name":"TicketID","source":"field","updatable":"true","$t":"input.input Ticket ID"}},"link":{"id":"jn3enqkw","targetId":"jn3enqkv"}},"container":{"id":"jn3enqkv","type":"exclusive","title":{"$t":"Valid Ticket ID?"},"flow":[{"id":"jn3enqkz","service":{"id":"jn3enqmf","title":{"$t":"Show Ticket"},"serviceName":{"$t":"Zendesk-Core-API-actions:Show Ticket"},"serviceGUID":{"$t":"aKF3OYFASqwjZbnKyUIaw0"},"serviceInput":{"parameter":{"name":"ticketID","source":"field","updatable":"true","$t":"input.input Ticket ID"}},"link":{"id":"jn3enqmg","targetId":"jn3enqlw"}},"assignment":{"id":"jn3enqlw","title":{"$t":"Ticket Information"},"operation":[{"source":"constant","to":"output.Status","$t":"Ticket successfully retrieved"},{"source":"field","to":"output.Output ID","$t":"output.ticket_id"},{"source":"field","to":"output.Output Priority","$t":"output.ticket_priority"},{"source":"field","to":"output.Output Subject","$t":"output.ticket_subject"}]},"link":{"id":"jn3enql0","targetId":"jn3enqkv","type":"containerLink"}},{"id":"jn3enql2","assignment":{"id":"jn3enqlg","title":{"$t":"No such ticket with that ID"},"operation":{"source":"constant","to":"output.Status","$t":"Sorry, no such ticket exists."}},"link":{"id":"jn3enql3","targetId":"jn3enqkv","type":"containerLink"}}],"link":[{"id":"jn3enqky","targetId":"jn3enqkz","type":"containerLink","condition":{"source":"formula","function":{"name":"string-equals","arg":[{"name":"left","$t":"{$output.SearchTicketCount}"},{"name":"right","$t":"1"}]}}},{"id":"jn3enql1","targetId":"jn3enql2","type":"containerLink"},{"id":"jn3enqkx","targetId":"c"}]},"end":{"id":"c"}}}},"GUID":{"$t":"9Btna1kTFl0j2X3CV2FOez"},"DisplayName":{"$t":"Zendesk Verify then Retrieve Ticket"}}