{"EntryId":{"$t":"MgqdsQR6kbeJHQj-gt-2048290-2018-10-10T18:04:21.625Z::svc.xml"},"Name":{"$t":"Zendesk_Core_API"},"ParentFlowIds":{"$t":"BnYmWR7hsAVR3aa-gt-2048279-2018-10-10T18:04:21.438Z::conn.xml"},"MimeType":{"$t":"application\/xml+businesssconnector"},"Description":{"$t":"This Service Connector provides connectivity to Zendesk System Core API"},"AppliesTo":{},"Tags":{},"VersionLabel":{"$t":"1.0"},"State":{"$t":"CURRENT"},"ProcessGroup":{},"CreatedBy":{"$t":"gstasko@UW-POC.edu"},"CreationDate":{"$t":"2018-10-10T18:04:22Z"},"ModifiedBy":{},"PublicationStatus":{"$t":"published"},"PublishedBy":{"$t":"gstasko@UW-POC.edu"},"PublicationDate":{"$t":"2018-10-10T18:08:36Z"},"PublishedContributionId":{"$t":"project:\/rt.connector\/Zendesk_Core_API\/Zendesk_Core_API_svcDef.xml"},"AutosaveExists":{"$t":"false"},"Entry":{"businessConnector":{"agentOnly":"false","debug":"false","displayName":"Zendesk Core API","label":"","name":"Zendesk_Core_API","uuid":"d7b48e9c-b0a9-4346-bc85-9ca6da5d6543","xmlns":"http:\/\/schemas.informatica.com\/socrates\/data-services\/2014\/05\/business-connector-model.xsd","xmlns$aetgt":"http:\/\/schemas.active-endpoints.com\/appmodules\/repository\/2010\/10\/avrepository.xsd","description":{"$t":"This Service Connector provides connectivity to Zendesk System Core API"},"tags":{},"connectionAttributes":{"xmlns":"http:\/\/schemas.informatica.com\/appmodules\/screenflow\/2014\/04\/avosConnectors.xsd","connectionAttribute":[{"description":"","masked":"true","name":"username","required":"true","testWith":"","type":"string"},{"description":"","masked":"true","name":"password","required":"true","testWith":"","type":"string"},{"description":"","masked":"true","name":"subdomain","required":"true","testWith":"","type":"string"}]},"actions":{"action":[{"category":"Tickets","failOnError":"true","forSearch":"false","label":"Show Ticket","maxRedirects":"100","name":"Show Ticket","preemptiveAuth":"true","responseEncoding":"","description":{},"input":{"parameter":{"name":"ticketID","nogen":"true","required":"true","testWith":"240599","type":"string"}},"binding":{"restSimpleBinding":{"multiUsing":"semicolonSeparated","url":"https:\/\/{$subdomain}.zendesk.com\/api\/v2\/tickets\/{$ticketID}.json","verb":"GET","authentication":{"username":{"$t":"{$username}"},"password":{"$t":"{$password}"},"isExpressionInPassword":{"$t":"true"}}}},"output":{"field":[{"description":"","name":"ticket_subject","type":"string","xquery":{"$t":"{\/\/root\/ticket\/subject\/text()}"}},{"description":"","name":"ticket_priority","type":"string","xquery":{"$t":"{\/\/root\/ticket\/priority\/text()}"}},{"description":"","name":"ticket_id","type":"int","xquery":{"$t":"{\/\/root\/ticket\/id\/text()}"}}]}},{"category":"Tickets","failOnError":"true","forSearch":"false","label":"List Tickets","maxRedirects":"100","name":"List Tickets","preemptiveAuth":"true","responseEncoding":"","description":{},"input":{},"binding":{"restSimpleBinding":{"multiUsing":"semicolonSeparated","url":"https:\/\/{$subdomain}.zendesk.com\/api\/v2\/tickets.json","verb":"GET","authentication":{"username":{"$t":"{$username}"},"password":{"$t":"{$password}"},"isExpressionInPassword":{"$t":"true"}}}},"output":{"field":{"description":"","entireResponse":"true","name":"List Of Tickets","type":"reference","options":{"option":{"name":"referenceTo","$t":"root_tickets"}}}}},{"category":"Ticket Fields","failOnError":"true","forSearch":"false","label":"List Ticket Fields","maxRedirects":"100","name":"List Ticket Fields","preemptiveAuth":"true","responseEncoding":"","description":{},"input":{},"binding":{"restSimpleBinding":{"multiUsing":"semicolonSeparated","url":"https:\/\/{$subdomain}.zendesk.com\/api\/v2\/ticket_fields.json","verb":"GET","authentication":{"username":{"$t":"{$username}"},"password":{"$t":"{$password}"},"isExpressionInPassword":{"$t":"true"}}}},"output":{"field":{"description":"","entireResponse":"true","name":"TicketFields","type":"objectlist","options":{"option":{"name":"referenceTo","$t":"ticketFields"}}}}},{"category":"Groups","failOnError":"true","forSearch":"false","label":"List Groups","maxRedirects":"100","name":"List Groups","preemptiveAuth":"true","responseEncoding":"","description":{},"input":{},"binding":{"restSimpleBinding":{"multiUsing":"semicolonSeparated","url":"https:\/\/{$subdomain}.zendesk.com\/api\/v2\/groups.json","verb":"GET","authentication":{"username":{"$t":"{$username}"},"password":{"$t":"{$password}"},"isExpressionInPassword":{"$t":"true"}}}},"output":{"field":{"description":"","entireResponse":"true","name":"List of Groups","type":"reference","options":{"option":{"name":"referenceTo","$t":"root_groups"}}}}},{"category":"Tickets","failOnError":"true","forSearch":"false","label":"Update Ticket","maxRedirects":"100","name":"Update Ticket","preemptiveAuth":"true","responseEncoding":"","description":{},"input":{"parameter":[{"label":"ticket","name":"ticket","required":"true","testWith":"<ticket>\n<id>2<id>\n<body>test<\/body>\n<\/ticket>","type":"reference","options":{"option":{"name":"referenceTo","$t":"ticket"}}},{"label":"ticket_id","name":"ticket_id","required":"true","testWith":"2","type":"string"}]},"binding":{"restSimpleBinding":{"multiUsing":"semicolonSeparated","url":"https:\/\/{$subdomain}.zendesk.com\/api\/v2\/tickets\/{$ticket_id}.json","verb":"PUT","authentication":{"username":{"$t":"{$username}"},"password":{"$t":"{$password}"},"isExpressionInPassword":{"$t":"true"}},"body":{"generateUsing":"JSON","preserveJsonStringFormatting":"false"}}},"output":{"field":{"description":"","entireResponse":"true","name":"ticket","type":"reference","options":{"option":{"name":"referenceTo","$t":"ticket"}}}}},{"category":"Users","failOnError":"true","forSearch":"false","label":"List All Users","maxRedirects":"100","name":"List All Users","preemptiveAuth":"true","responseEncoding":"","description":{},"input":{},"binding":{"restSimpleBinding":{"multiUsing":"semicolonSeparated","url":"https:\/\/{$subdomain}.zendesk.com\/api\/v2\/tickets\/{$ticket_id}.json","verb":"GET","authentication":{"username":{"$t":"{$username}"},"password":{"$t":"{$password}"},"isExpressionInPassword":{"$t":"true"}}}},"output":{}},{"category":"Search","failOnError":"true","forSearch":"false","label":"Search Ticket","maxRedirects":"100","name":"Search Ticket","preemptiveAuth":"true","responseEncoding":"","description":{},"input":{"parameter":{"name":"TicketID","nogen":"true","required":"true","testWith":"240608","type":"string"}},"binding":{"restSimpleBinding":{"multiUsing":"semicolonSeparated","url":"https:\/\/{$subdomain}.zendesk.com\/api\/v2\/search.json?query={$TicketID}","verb":"GET","authentication":{"username":{"$t":"{$username}"},"password":{"$t":"{$password}"},"isExpressionInPassword":{"$t":"true"}}}},"output":{"field":{"description":"","name":"Search Ticket Count","type":"string","xquery":{"$t":"{\/\/root\/count\/text()}"}}}},{"category":"Users","failOnError":"true","forSearch":"false","label":"List Users in a Group","maxRedirects":"100","name":"List Users in a Group","preemptiveAuth":"true","responseEncoding":"","description":{},"input":{"parameter":{"label":"Group ID","name":"groupID","required":"false","testWith":"21403823","type":"string"}},"binding":{"restSimpleBinding":{"multiUsing":"semicolonSeparated","url":"https:\/\/informatica.zendesk.com\/api\/v2\/groups\/{$groupID}\/users.json","verb":"GET","authentication":{"username":{"$t":"{$username}"},"password":{"$t":"{$password}"},"isExpressionInPassword":{"$t":"true"}}}},"output":{"field":{"description":"","name":"Users","type":"objectlist","options":{"option":{"name":"referenceTo","$t":"users"}},"xquery":{"$t":"{\/root\/users}"}}}},{"category":"Search","failOnError":"true","forSearch":"false","label":"Search User","maxRedirects":"100","name":"Search User","preemptiveAuth":"true","responseEncoding":"","description":{},"input":{"parameter":{"description":"Usage: <attributeName>:<value>,type:user\nExample: email:jcalise@informatica.com,type:user","name":"query","required":"false","testWith":"email:jcalise@informatica.com,type:user","type":"string"}},"binding":{"restSimpleBinding":{"multiUsing":"semicolonSeparated","url":"https:\/\/{$subdomain}.zendesk.com\/api\/v2\/search.json","verb":"GET","authentication":{"username":{"$t":"{$username}"},"password":{"$t":"{$password}"},"isExpressionInPassword":{"$t":"true"}},"httpHeaders":{"header":{"name":"Content-Type","$t":"application\/xml"}}}},"output":{"field":[{"description":"","name":"user","type":"reference","options":{"option":{"name":"referenceTo","$t":"results"}},"xquery":{"$t":"{\/\/root\/results}"}},{"description":"","name":"userList","type":"objectlist","options":{"option":{"name":"referenceTo","$t":"results"}},"xquery":{"$t":"{\/\/root\/results}"}}]}},{"category":"Tickets","failOnError":"true","forSearch":"false","label":"Delete Ticket","maxRedirects":"100","name":"Delete Ticket","preemptiveAuth":"true","responseEncoding":"","description":{},"input":{"parameter":{"label":"ticket id","name":"ticketId","required":"false","testWith":"240669","type":"string"}},"binding":{"restSimpleBinding":{"multiUsing":"semicolonSeparated","url":"https:\/\/{$subdomain}.zendesk.com\/api\/v2\/tickets\/{$ticketId}.json","verb":"DELETE","authentication":{"username":{"$t":"{$username}"},"password":{"$t":"{$password}"},"isExpressionInPassword":{"$t":"true"}}}},"output":{}},{"category":"Attachments","failOnError":"true","forSearch":"false","label":"Upload File","maxRedirects":"100","name":"Upload File","preemptiveAuth":"true","responseEncoding":"","description":{"$t":"https:\/\/developer.zendesk.com\/rest_api\/docs\/core\/attachments#uploading-files"},"input":{"parameter":[{"label":"filename","name":"filename","required":"false","testWith":"PDFDoc.pdf","type":"string"},{"label":"file","name":"file","required":"false","testWith":"","type":"attachment"}]},"binding":{"restSimpleBinding":{"multiUsing":"semicolonSeparated","url":"https:\/\/informatica.zendesk.com\/api\/v2\/uploads.json?filename={$filename}","verb":"POST","authentication":{"username":{"$t":"{$username}"},"password":{"$t":"{$password}"},"isExpressionInPassword":{"$t":"true"}},"httpHeaders":{"header":{"name":"Content-Type","$t":"application\/binary"}},"body":{}}},"output":{"field":[{"description":"","name":"mapped_content_url","property":"mapped_content_url","type":"string"},{"description":"","name":"token","property":"token","type":"string"},{"description":"","name":"id","property":"id","type":"string"},{"attachment":"true","description":"","name":"file","type":"string"},{"description":"","name":"size","property":"size","type":"string"}]}},{"category":"Tickets","failOnError":"true","forSearch":"false","label":"Create Ticket","maxRedirects":"100","name":"Create Ticket","preemptiveAuth":"true","responseEncoding":"","description":{},"input":{"parameter":{"label":"Ticket Details","name":"ticket","required":"false","testWith":"{\n    \"subject\":  \"My printer is on fire!\",\n    \"description\": \"This is a test\",\n    \"priority\": \"urgent\"\n  }","type":"reference","options":{"option":{"name":"referenceTo","$t":"ticket"}}}},"binding":{"restSimpleBinding":{"multiUsing":"semicolonSeparated","url":"https:\/\/{$subdomain}.zendesk.com\/api\/v2\/tickets.json","verb":"POST","authentication":{"username":{"$t":"{$username}"},"password":{"$t":"{$password}"},"isExpressionInPassword":{"$t":"true"}},"body":{"generateUsing":"JSON","preserveJsonStringFormatting":"true"}}},"output":{"field":{"description":"","name":"Created Ticket ID","type":"string","xquery":{"$t":"{\/\/root\/ticket\/id\/text()}"}}}}]},"objects":{"processObject":[{"isByCopy":"true","name":"ticket_old","xmlns":"http:\/\/schemas.active-endpoints.com\/appmodules\/screenflow\/2011\/06\/avosHostEnvironment.xsd","description":{"$t":"An automatically generated process object"},"detail":{"field":[{"name":"due_at","type":"string"},{"name":"via","type":"reference","options":{"option":[{"name":"referenceTo","$t":"via"},{"name":"relationshipName","$t":"Child"}]}},{"name":"subject","type":"string"},{"name":"has_incidents","type":"string"},{"name":"forum_topic_id","type":"string"},{"name":"type","type":"string"},{"name":"recipient","type":"string"},{"name":"id","type":"int"},{"name":"assignee_id","type":"int"},{"name":"submitter_id","type":"int"},{"name":"description","type":"string"},{"name":"sharing_agreement_ids","type":"string"},{"name":"priority","type":"string"},{"name":"created_at","type":"string"},{"name":"fields","type":"objectlist","options":{"option":[{"name":"referenceTo","$t":"fields"},{"name":"relationshipName","$t":"Child"}]}},{"name":"custom_fields","type":"objectlist","options":{"option":[{"name":"referenceTo","$t":"custom_fields"},{"name":"relationshipName","$t":"Child"}]}},{"name":"tags","type":"string"},{"name":"external_id","type":"string"},{"name":"problem_id","type":"string"},{"name":"status","type":"string"},{"name":"group_id","type":"int"},{"name":"satisfaction_rating","type":"string"},{"name":"url","type":"string"},{"name":"raw_subject","type":"string"},{"name":"collaborator_ids","type":"string"},{"name":"updated_at","type":"string"},{"name":"organization_id","type":"int"},{"name":"requester_id","type":"int"}]}},{"isByCopy":"true","name":"source","xmlns":"http:\/\/schemas.active-endpoints.com\/appmodules\/screenflow\/2011\/06\/avosHostEnvironment.xsd","description":{"$t":"An automatically generated process object"},"detail":{"field":[{"name":"to","type":"string"},{"name":"rel","type":"string"},{"name":"from","type":"string"}]}},{"isByCopy":"true","name":"fields","xmlns":"http:\/\/schemas.active-endpoints.com\/appmodules\/screenflow\/2011\/06\/avosHostEnvironment.xsd","description":{"$t":"An automatically generated process object"},"detail":{"field":[{"name":"id","type":"int"},{"name":"value","type":"string"}]}},{"isByCopy":"true","name":"customFields","xmlns":"http:\/\/schemas.active-endpoints.com\/appmodules\/screenflow\/2011\/06\/avosHostEnvironment.xsd","description":{"$t":"An automatically generated process object"},"detail":{"field":[{"name":"id","type":"int"},{"name":"value","type":"string"}]}},{"isByCopy":"true","name":"ticketFields","xmlns":"http:\/\/schemas.active-endpoints.com\/appmodules\/screenflow\/2011\/06\/avosHostEnvironment.xsd","description":{"$t":"An automatically generated process object"},"detail":{"field":[{"name":"position","type":"int"},{"name":"editableInPortal","type":"string"},{"name":"tag","type":"string"},{"name":"removable","type":"string"},{"name":"collapsedForAgents","type":"string"},{"name":"requiredInPortal","type":"string"},{"name":"type","type":"string"},{"name":"rawDescription","type":"string"},{"name":"url","type":"string"},{"name":"id","type":"int"},{"name":"rawTitleInPortal","type":"string"},{"name":"title","type":"string"},{"name":"updatedAt","type":"string"},{"name":"visibleInPortal","type":"string"},{"name":"description","type":"string"},{"name":"regexpForValidation","type":"string"},{"name":"titleInPortal","type":"string"},{"name":"active","type":"string"},{"name":"createdAt","type":"string"},{"name":"required","type":"string"},{"name":"rawTitle","type":"string"},{"name":"customFieldOptions","type":"objectlist","options":{"option":[{"name":"referenceTo","$t":"custom_field_options"},{"name":"relationshipName","$t":"Child"}]}},{"name":"systemFieldOptions","type":"objectlist","options":{"option":[{"name":"referenceTo","$t":"system_field_options"},{"name":"relationshipName","$t":"Child"}]}}]}},{"isByCopy":"true","name":"customFieldOptions","xmlns":"http:\/\/schemas.active-endpoints.com\/appmodules\/screenflow\/2011\/06\/avosHostEnvironment.xsd","description":{"$t":"An automatically generated process object"},"detail":{"field":[{"name":"id","type":"int"},{"name":"name","type":"string"},{"name":"rawName","type":"string"},{"name":"value","type":"string"}]}},{"isByCopy":"true","name":"systemFieldOptions","xmlns":"http:\/\/schemas.active-endpoints.com\/appmodules\/screenflow\/2011\/06\/avosHostEnvironment.xsd","description":{"$t":"An automatically generated process object"},"detail":{"field":[{"name":"name","type":"string"},{"name":"value","type":"string"}]}},{"isByCopy":"true","name":"root_tickets","xmlns":"http:\/\/schemas.active-endpoints.com\/appmodules\/screenflow\/2011\/06\/avosHostEnvironment.xsd","description":{"$t":"An automatically generated process object"},"detail":{"field":[{"name":"count","type":"int"},{"name":"previouspage","type":"string"},{"name":"nextpage","type":"string"},{"name":"tickets","type":"objectlist","options":{"option":[{"name":"referenceTo","$t":"tickets"},{"name":"relationshipName","$t":"Child"}]}}]}},{"isByCopy":"true","name":"users","xmlns":"http:\/\/schemas.active-endpoints.com\/appmodules\/screenflow\/2011\/06\/avosHostEnvironment.xsd","description":{"$t":"An automatically generated process object"},"detail":{"field":[{"name":"phone","type":"string"},{"name":"locale","type":"string"},{"name":"lastLoginAt","type":"string"},{"name":"id","type":"int"},{"name":"restrictedAgent","type":"string"},{"name":"ticketRestriction","type":"string"},{"name":"details","type":"string"},{"name":"verified","type":"string"},{"name":"userFields","type":"string"},{"name":"name","type":"string"},{"name":"role","type":"string"},{"name":"createdAt","type":"string"},{"name":"chatOnly","type":"string"},{"name":"signature","type":"string"},{"name":"tags","type":"string"},{"name":"shared","type":"string"},{"name":"externalId","type":"string"},{"name":"alias","type":"string"},{"name":"onlyPrivateComments","type":"string"},{"name":"localeId","type":"int"},{"name":"photo","type":"reference","options":{"option":[{"name":"referenceTo","$t":"photo"},{"name":"relationshipName","$t":"Child"}]}},{"name":"suspended","type":"string"},{"name":"url","type":"string"},{"name":"timeZone","type":"string"},{"name":"updatedAt","type":"string"},{"name":"customRoleId","type":"string"},{"name":"email","type":"string"},{"name":"organizationId","type":"int"},{"name":"moderator","type":"string"},{"name":"sharedAgent","type":"string"},{"name":"active","type":"string"},{"name":"notes","type":"string"}]}},{"isByCopy":"true","name":"photo","xmlns":"http:\/\/schemas.active-endpoints.com\/appmodules\/screenflow\/2011\/06\/avosHostEnvironment.xsd","description":{"$t":"An automatically generated process object"},"detail":{"field":[{"name":"id","type":"int"},{"name":"mappedContentUrl","type":"string"},{"name":"thumbnails","type":"reference","options":{"option":[{"name":"referenceTo","$t":"thumbnails"},{"name":"relationshipName","$t":"Child"}]}},{"name":"fileName","type":"string"},{"name":"contentType","type":"string"},{"name":"url","type":"string"},{"name":"contentUrl","type":"string"},{"name":"size","type":"int"}]}},{"isByCopy":"true","name":"thumbnails","xmlns":"http:\/\/schemas.active-endpoints.com\/appmodules\/screenflow\/2011\/06\/avosHostEnvironment.xsd","description":{"$t":"An automatically generated process object"},"detail":{"field":[{"name":"id","type":"int"},{"name":"mappedContentUrl","type":"string"},{"name":"fileName","type":"string"},{"name":"contentType","type":"string"},{"name":"url","type":"string"},{"name":"contentUrl","type":"string"},{"name":"size","type":"int"}]}},{"isByCopy":"true","name":"results","xmlns":"http:\/\/schemas.active-endpoints.com\/appmodules\/screenflow\/2011\/06\/avosHostEnvironment.xsd","description":{"$t":"An automatically generated process object"},"detail":{"field":[{"name":"resultType","type":"string"},{"name":"dueAt","type":"string"},{"name":"via","type":"reference","options":{"option":[{"name":"referenceTo","$t":"via"},{"name":"relationshipName","$t":"Child"}]}},{"name":"subject","type":"string"},{"name":"hasIncidents","type":"string"},{"name":"forumTopicId","type":"string"},{"name":"type","type":"string"},{"name":"recipient","type":"string"},{"name":"id","type":"int"},{"name":"assigneeId","type":"int"},{"name":"submitterId","type":"int"},{"name":"sharingAgreementIds","type":"string"},{"name":"description","type":"string"},{"name":"priority","type":"string"},{"name":"createdAt","type":"string"},{"name":"fields","type":"objectlist","options":{"option":[{"name":"referenceTo","$t":"fields"},{"name":"relationshipName","$t":"Child"}]}},{"name":"customFields","type":"objectlist","options":{"option":[{"name":"referenceTo","$t":"fields"},{"name":"relationshipName","$t":"Child"}]}},{"name":"tags","type":"string"},{"name":"externalId","type":"string"},{"name":"problemId","type":"string"},{"name":"status","type":"string"},{"name":"brandId","type":"int"},{"name":"groupId","type":"int"},{"name":"satisfactionRating","type":"string"},{"name":"rawSubject","type":"string"},{"name":"url","type":"string"},{"name":"collaboratorIds","type":"int"},{"name":"updatedAt","type":"string"},{"name":"organizationId","type":"int"},{"name":"requesterId","type":"int"}]}},{"isByCopy":"true","name":"document","xmlns":"http:\/\/schemas.active-endpoints.com\/appmodules\/screenflow\/2011\/06\/avosHostEnvironment.xsd","description":{},"detail":{"field":[{"name":"filename","type":"string"},{"name":"file","type":"string"}]}},{"isByCopy":"true","name":"root_upload","xmlns":"http:\/\/schemas.active-endpoints.com\/appmodules\/screenflow\/2011\/06\/avosHostEnvironment.xsd","description":{"$t":"An automatically generated process object"},"detail":{"field":{"name":"upload","type":"reference","options":{"option":[{"name":"referenceTo","$t":"upload"},{"name":"relationshipName","$t":"Child"}]}}}},{"isByCopy":"true","name":"upload","xmlns":"http:\/\/schemas.active-endpoints.com\/appmodules\/screenflow\/2011\/06\/avosHostEnvironment.xsd","description":{"$t":"An automatically generated process object"},"detail":{"field":[{"name":"expires_at","type":"string"},{"name":"token","type":"string"},{"name":"attachments","type":"reference","options":{"option":[{"name":"referenceTo","$t":"attachments"},{"name":"relationshipName","$t":"Child"}]}},{"name":"attachment","type":"reference","options":{"option":[{"name":"referenceTo","$t":"attachment"},{"name":"relationshipName","$t":"Child"}]}}]}},{"isByCopy":"true","name":"attachments","xmlns":"http:\/\/schemas.active-endpoints.com\/appmodules\/screenflow\/2011\/06\/avosHostEnvironment.xsd","description":{"$t":"An automatically generated process object"},"detail":{"field":[{"name":"id","type":"double"},{"name":"height","type":"string"},{"name":"mapped_content_url","type":"string"},{"name":"inline","type":"string"},{"name":"width","type":"string"},{"name":"thumbnails","type":"string"},{"name":"file_name","type":"string"},{"name":"content_type","type":"string"},{"name":"url","type":"string"},{"name":"content_url","type":"string"},{"name":"size","type":"int"}]}},{"isByCopy":"true","name":"attachment","xmlns":"http:\/\/schemas.active-endpoints.com\/appmodules\/screenflow\/2011\/06\/avosHostEnvironment.xsd","description":{"$t":"An automatically generated process object"},"detail":{"field":[{"name":"id","type":"double"},{"name":"height","type":"string"},{"name":"mapped_content_url","type":"string"},{"name":"inline","type":"string"},{"name":"width","type":"string"},{"name":"thumbnails","type":"string"},{"name":"file_name","type":"string"},{"name":"content_type","type":"string"},{"name":"url","type":"string"},{"name":"content_url","type":"string"},{"name":"size","type":"int"}]}},{"isByCopy":"true","name":"comment","xmlns":"http:\/\/schemas.active-endpoints.com\/appmodules\/screenflow\/2011\/06\/avosHostEnvironment.xsd","description":{},"detail":{"field":[{"name":"body","type":"string"},{"name":"upload","type":"string"}]}},{"isByCopy":"true","name":"deleted_ticket_forms","xmlns":"http:\/\/schemas.active-endpoints.com\/appmodules\/screenflow\/2011\/06\/avosHostEnvironment.xsd","description":{"$t":"An automatically generated process object"},"detail":{"field":[{"name":"raw_name","type":"string"},{"name":"in_all_brands","type":"string"},{"name":"ticket_field_ids","type":"int"},{"name":"active","type":"string"},{"name":"created_at","type":"string"},{"name":"raw_display_name","type":"string"},{"name":"display_name","type":"string"},{"name":"url","type":"string"},{"name":"default","type":"string"},{"name":"updated_at","type":"string"},{"name":"end_user_visible","type":"string"},{"name":"name","type":"string"},{"name":"id","type":"int"},{"name":"position","type":"int"},{"name":"restricted_brand_ids","type":"string"}]}},{"isByCopy":"true","name":"tickets","xmlns":"http:\/\/schemas.active-endpoints.com\/appmodules\/screenflow\/2011\/06\/avosHostEnvironment.xsd","description":{"$t":"An automatically generated process object"},"detail":{"field":[{"name":"subject","type":"string"},{"name":"email_cc_ids","type":"string"},{"name":"created_at","type":"string"},{"name":"description","type":"string"},{"name":"external_id","type":"string"},{"name":"type","type":"string"},{"name":"via","type":"reference","options":{"option":[{"name":"referenceTo","$t":"via"},{"name":"relationshipName","$t":"Child"}]}},{"name":"allow_attachments","type":"string"},{"name":"updated_at","type":"string"},{"name":"problem_id","type":"string"},{"name":"follower_ids","type":"int"},{"name":"due_at","type":"string"},{"name":"id","type":"int"},{"name":"assignee_id","type":"int"},{"name":"raw_subject","type":"string"},{"name":"forum_topic_id","type":"string"},{"name":"deleted_ticket_form_id","type":"int"},{"name":"custom_fields","type":"objectlist","options":{"option":[{"name":"referenceTo","$t":"custom_fields"},{"name":"relationshipName","$t":"Child"}]}},{"name":"allow_channelback","type":"string"},{"name":"satisfaction_rating","type":"reference","options":{"option":[{"name":"referenceTo","$t":"satisfaction_rating"},{"name":"relationshipName","$t":"Child"}]}},{"name":"submitter_id","type":"int"},{"name":"priority","type":"string"},{"name":"collaborator_ids","type":"int"},{"name":"satisfaction_probability","type":"string"},{"name":"url","type":"string"},{"name":"tags","type":"string"},{"name":"brand_id","type":"int"},{"name":"ticket_form_id","type":"int"},{"name":"sharing_agreement_ids","type":"string"},{"name":"group_id","type":"int"},{"name":"organization_id","type":"int"},{"name":"followup_ids","type":"string"},{"name":"recipient","type":"string"},{"name":"is_public","type":"boolean"},{"name":"has_incidents","type":"string"},{"name":"fields","type":"objectlist","options":{"option":[{"name":"referenceTo","$t":"fields"},{"name":"relationshipName","$t":"Child"}]}},{"name":"status","type":"string"},{"name":"requester_id","type":"int"}]}},{"isByCopy":"true","name":"custom_fields","xmlns":"http:\/\/schemas.active-endpoints.com\/appmodules\/screenflow\/2011\/06\/avosHostEnvironment.xsd","description":{"$t":"An automatically generated process object"},"detail":{"field":[{"name":"id","type":"int"},{"name":"value","type":"string"}]}},{"isByCopy":"true","name":"satisfaction_rating","xmlns":"http:\/\/schemas.active-endpoints.com\/appmodules\/screenflow\/2011\/06\/avosHostEnvironment.xsd","description":{"$t":"An automatically generated process object"},"detail":{"field":{"name":"score","type":"string"}}},{"isByCopy":"true","name":"from","xmlns":"http:\/\/schemas.active-endpoints.com\/appmodules\/screenflow\/2011\/06\/avosHostEnvironment.xsd","description":{"$t":"An automatically generated process object"},"detail":{"field":[{"name":"address","type":"string"},{"name":"name","type":"string"}]}},{"isByCopy":"true","name":"to","xmlns":"http:\/\/schemas.active-endpoints.com\/appmodules\/screenflow\/2011\/06\/avosHostEnvironment.xsd","description":{"$t":"An automatically generated process object"},"detail":{"field":[{"name":"address","type":"string"},{"name":"name","type":"string"}]}},{"isByCopy":"true","name":"root_groups","xmlns":"http:\/\/schemas.active-endpoints.com\/appmodules\/screenflow\/2011\/06\/avosHostEnvironment.xsd","description":{"$t":"An automatically generated process object"},"detail":{"field":[{"name":"next_page","type":"string"},{"name":"count","type":"int"},{"name":"groups","type":"objectlist","options":{"option":[{"name":"referenceTo","$t":"groups"},{"name":"relationshipName","$t":"Child"}]}},{"name":"previous_page","type":"string"}]}},{"isByCopy":"true","name":"groups","xmlns":"http:\/\/schemas.active-endpoints.com\/appmodules\/screenflow\/2011\/06\/avosHostEnvironment.xsd","description":{"$t":"An automatically generated process object"},"detail":{"field":[{"name":"deleted","type":"string"},{"name":"updated_at","type":"string"},{"name":"name","type":"string"},{"name":"created_at","type":"string"},{"name":"id","type":"double"},{"name":"url","type":"string"}]}},{"isByCopy":"true","name":"root","xmlns":"http:\/\/schemas.active-endpoints.com\/appmodules\/screenflow\/2011\/06\/avosHostEnvironment.xsd","description":{"$t":"An automatically generated process object"},"detail":{"field":{"name":"ticket","type":"reference","options":{"option":[{"name":"referenceTo","$t":"ticket"},{"name":"relationshipName","$t":"Child"}]}}}},{"isByCopy":"true","name":"ticket","xmlns":"http:\/\/schemas.active-endpoints.com\/appmodules\/screenflow\/2011\/06\/avosHostEnvironment.xsd","description":{"$t":"An automatically generated process object"},"detail":{"field":[{"name":"subject","type":"string"},{"name":"email_cc_ids","type":"string"},{"name":"created_at","type":"string"},{"name":"description","type":"string"},{"name":"external_id","type":"string"},{"name":"type","type":"string"},{"name":"via","type":"reference","options":{"option":[{"name":"referenceTo","$t":"via"},{"name":"relationshipName","$t":"Child"}]}},{"name":"allow_attachments","type":"string"},{"name":"updated_at","type":"string"},{"name":"problem_id","type":"string"},{"name":"follower_ids","type":"string"},{"name":"due_at","type":"string"},{"name":"id","type":"int"},{"name":"assignee_id","type":"string"},{"name":"raw_subject","type":"string"},{"name":"forum_topic_id","type":"string"},{"name":"custom_fields","type":"objectlist","options":{"option":[{"name":"referenceTo","$t":"custom_fields"},{"name":"relationshipName","$t":"Child"}]}},{"name":"allow_channelback","type":"string"},{"name":"satisfaction_rating","type":"reference","options":{"option":[{"name":"referenceTo","$t":"satisfaction_rating"},{"name":"relationshipName","$t":"Child"}]}},{"name":"submitter_id","type":"int"},{"name":"priority","type":"string"},{"name":"collaborator_ids","type":"string"},{"name":"satisfaction_probability","type":"string"},{"name":"url","type":"string"},{"name":"tags","type":"string"},{"name":"brand_id","type":"int"},{"name":"ticket_form_id","type":"string"},{"name":"sharing_agreement_ids","type":"string"},{"name":"group_id","type":"int"},{"name":"organization_id","type":"string"},{"name":"followup_ids","type":"string"},{"name":"recipient","type":"string"},{"name":"is_public","type":"boolean"},{"name":"has_incidents","type":"string"},{"name":"fields","type":"objectlist","options":{"option":[{"name":"referenceTo","$t":"fields"},{"name":"relationshipName","$t":"Child"}]}},{"name":"status","type":"string"},{"name":"requester_id","type":"int"}]}},{"isByCopy":"true","name":"via","xmlns":"http:\/\/schemas.active-endpoints.com\/appmodules\/screenflow\/2011\/06\/avosHostEnvironment.xsd","description":{"$t":"An automatically generated process object"},"detail":{"field":[{"name":"channel","type":"string"},{"name":"source","type":"reference","options":{"option":[{"name":"referenceTo","$t":"source"},{"name":"relationshipName","$t":"Child"}]}}]}}]}}},"GUID":{"$t":"b7PxSfhc56Nj4OT18axFYA"},"DisplayName":{"$t":"Zendesk Core API"}}