<aetgt:getResponse xmlns:aetgt="http://schemas.active-endpoints.com/appmodules/repository/2010/10/avrepository.xsd"
                   xmlns:types1="http://schemas.active-endpoints.com/appmodules/repository/2010/10/avrepository.xsd">
   <types1:Item>
      <types1:EntryId>dypKwKBqRi92qBb-gt-5171792-2019-11-20T05:51:37.062Z::svc.xml</types1:EntryId>
      <types1:Name>Oracle_Application_Container_Cloud_Service_Applications_using_Caches_REST_API_v2017-05-04</types1:Name>
      <types1:MimeType>application/xml+businesssconnector</types1:MimeType>
      <types1:Description>Describes the REST API for Oracle Application Container Cloud Service applications that use caches.</types1:Description>
      <types1:AppliesTo/>
      <types1:Tags/>
      <types1:VersionLabel>1.0</types1:VersionLabel>
      <types1:State>CURRENT</types1:State>
      <types1:ProcessGroup/>
      <types1:CreatedBy>sorabh@na1.dm-us.org</types1:CreatedBy>
      <types1:CreationDate>2019-11-20T05:51:37Z</types1:CreationDate>
      <types1:ModifiedBy/>
      <types1:PublicationStatus>published</types1:PublicationStatus>
      <types1:PublishedBy>sorabh@na1.dm-us.org</types1:PublishedBy>
      <types1:PublicationDate>2019-11-20T05:51:41Z</types1:PublicationDate>
      <types1:PublishedContributionId>project:/rt.connector/Oracle_Application_Container_Cloud_Service_Applications_using_Caches_REST_API_v2017_05_04/Oracle_Application_Container_Cloud_Service_Applications_using_Caches_REST_API_v2017_05_04_svcDef.xml</types1:PublishedContributionId>
      <types1:AutosaveExists>false</types1:AutosaveExists>
      <types1:Entry>
         <businessConnector xmlns="http://schemas.informatica.com/socrates/data-services/2014/05/business-connector-model.xsd"
                            agentOnly="false"
                            debug="false"
                            displayName="Oracle Application Container Cloud Service Applications using Caches REST API v2017-05-04"
                            label=""
                            name="Oracle_Application_Container_Cloud_Service_Applications_using_Caches_REST_API_v2017-05-04"
                            uuid="3d591f04-0420-40ff-991b-fe4b96f0160a">
            <description>Describes the REST API for Oracle Application Container Cloud Service applications that use caches.</description>
            <tags/>
            <connectionAttributes xmlns="http://schemas.informatica.com/appmodules/screenflow/2014/04/avosConnectors.xsd">
               <connectionAttribute description="Host Name"
                                    masked="false"
                                    name="hostName"
                                    required="true"
                                    testWith="docs.oracle.com"
                                    type="string"/>
            </connectionAttributes>
            <actions>
               <action category="Use Caches"
                       failOnError="true"
                       forSearch="false"
                       label="POST_cacheName_key_"
                       maxRedirects="100"
                       name="POST_cacheName_key_"
                       preemptiveAuth="true"
                       responseEncoding="">
                  <description>Store, Replace, or Remove Value. Issues one of the following: putIfAbsent, replace, removeValue, or replaceValue.</description>
                  <input>
                     <parameter description="Name of cache"
                                label="cacheNamePathParam"
                                name="cacheNamePathParam"
                                nogen="true"
                                required="true"
                                testWith=""
                                type="string"/>
                     <parameter description="Key for the key/value pair to be put, replaced, or removed"
                                label="keyPathParam"
                                name="keyPathParam"
                                nogen="true"
                                required="true"
                                testWith=""
                                type="string"/>
                     <parameter description="Method to invoke - &#34;putIfAbsent&#34;, &#34;replace&#34;, &#34;removeValue&#34;, or &#34;replaceValue&#34;"
                                label="X-Method"
                                name="X-Method"
                                nogen="true"
                                required="true"
                                testWith=""
                                type="string"/>
                     <parameter description="Time to live of entry in milliseconds"
                                label="ttl"
                                name="ttl"
                                required="false"
                                testWith=""
                                type="int"/>
                     <parameter description="Specifies whether the old value should be returned. Not applicable for replaceValue."
                                label="returnOld"
                                name="returnOld"
                                required="false"
                                testWith=""
                                type="boolean"/>
                     <parameter description="Value to be associated with the key. If the method is replaceValue, then the value is of type MultiValue. A MultiValue is a byte array that encodes an arbitrary number of serialized objects. The first 4 bytes are an encoded unsigned int32 (hi byte first) that gives the number of elements in the MultiValue. Each element consists of an encoded unsigned int32, followed by the serialized byte stream of the data item itself."
                                label="value"
                                name="value"
                                required="true"
                                testWith=""
                                type="string"/>
                  </input>
                  <binding>
                     <restSimpleBinding multiUsing="semicolonSeparated"
                                        url="https://{$hostName}/ccs/{$cacheNamePathParam}/{$keyPathParam}"
                                        verb="POST">
                        <httpHeaders>
                           <header name="Content-Type">application/octet-stream</header>
                           <header name="X-Method">{$X-Method}</header>
                        </httpHeaders>
                        <body generateUsing="UnwrappedJSON" preserveJsonStringFormatting="false"/>
                     </restSimpleBinding>
                  </binding>
                  <output>
                     <field description="Successful response"
                            entireResponse="true"
                            name="entireResponse"
                            type="string"/>
                  </output>
               </action>
               <action category="Use Caches"
                       failOnError="true"
                       forSearch="false"
                       label="GET_cacheName_key_"
                       maxRedirects="100"
                       name="GET_cacheName_key_"
                       preemptiveAuth="true"
                       responseEncoding="">
                  <description>Retrieve Value. Retrieves the value associated with the specified key.</description>
                  <input>
                     <parameter description="Name of cache"
                                label="cacheNamePathParam"
                                name="cacheNamePathParam"
                                nogen="true"
                                required="true"
                                testWith=""
                                type="string"/>
                     <parameter description="Key for the value to be fetched"
                                label="keyPathParam"
                                name="keyPathParam"
                                nogen="true"
                                required="true"
                                testWith=""
                                type="string"/>
                  </input>
                  <binding>
                     <restSimpleBinding multiUsing="semicolonSeparated"
                                        url="https://{$hostName}/ccs/{$cacheNamePathParam}/{$keyPathParam}"
                                        verb="GET"/>
                  </binding>
                  <output>
                     <field description="Successful response"
                            entireResponse="true"
                            name="entireResponse"
                            type="string"/>
                  </output>
               </action>
               <action category="Use Caches"
                       failOnError="true"
                       forSearch="false"
                       label="DELETE_cacheName_key_"
                       maxRedirects="100"
                       name="DELETE_cacheName_key_"
                       preemptiveAuth="true"
                       responseEncoding="">
                  <description>Delete Key/Value Pair. Deletes a key/value pair from a cache.</description>
                  <input>
                     <parameter description="Name of cache"
                                label="cacheNamePathParam"
                                name="cacheNamePathParam"
                                nogen="true"
                                required="true"
                                testWith=""
                                type="string"/>
                     <parameter description="Key for the key/value pair to be deleted"
                                label="keyPathParam"
                                name="keyPathParam"
                                nogen="true"
                                required="true"
                                testWith=""
                                type="string"/>
                     <parameter description="Specifies whether the old value should be returned"
                                label="returnOld"
                                name="returnOld"
                                required="false"
                                testWith=""
                                type="boolean"/>
                  </input>
                  <binding>
                     <restSimpleBinding multiUsing="semicolonSeparated"
                                        url="https://{$hostName}/ccs/{$cacheNamePathParam}/{$keyPathParam}"
                                        verb="DELETE"/>
                  </binding>
                  <output>
                     <field description="Successful response"
                            entireResponse="true"
                            name="entireResponse"
                            type="string"/>
                  </output>
               </action>
               <action category="Use Caches"
                       failOnError="true"
                       forSearch="false"
                       label="PUT_cacheName_key_"
                       maxRedirects="100"
                       name="PUT_cacheName_key_"
                       preemptiveAuth="true"
                       responseEncoding="">
                  <description>Store Value. Stores the value and associates it with the specified key.</description>
                  <input>
                     <parameter description="Name of cache"
                                label="cacheNamePathParam"
                                name="cacheNamePathParam"
                                nogen="true"
                                required="true"
                                testWith=""
                                type="string"/>
                     <parameter description="Key for the key/value pair to be stored"
                                label="keyPathParam"
                                name="keyPathParam"
                                nogen="true"
                                required="true"
                                testWith=""
                                type="string"/>
                     <parameter description="Time to live of entry in milliseconds"
                                label="ttl"
                                name="ttl"
                                required="false"
                                testWith=""
                                type="int"/>
                     <parameter description="Specifies whether the old value should be returned"
                                label="returnOld"
                                name="returnOld"
                                required="false"
                                testWith=""
                                type="boolean"/>
                     <parameter description="New value to be associated with the key"
                                label="value"
                                name="value"
                                required="true"
                                testWith=""
                                type="string"/>
                  </input>
                  <binding>
                     <restSimpleBinding multiUsing="semicolonSeparated"
                                        url="https://{$hostName}/ccs/{$cacheNamePathParam}/{$keyPathParam}"
                                        verb="PUT">
                        <body generateUsing="UnwrappedJSON" preserveJsonStringFormatting="false"/>
                     </restSimpleBinding>
                  </binding>
                  <output>
                     <field description="Successful response"
                            entireResponse="true"
                            name="entireResponse"
                            type="string"/>
                  </output>
               </action>
               <action category="Use Caches"
                       failOnError="true"
                       forSearch="false"
                       label="GET_cacheName_"
                       maxRedirects="100"
                       name="GET_cacheName_"
                       preemptiveAuth="true"
                       responseEncoding="">
                  <description>Return Cache Metrics. Returns the server-side metrics for the specified cache.</description>
                  <input>
                     <parameter description="Name of cache"
                                label="cacheNamePathParam"
                                name="cacheNamePathParam"
                                nogen="true"
                                required="true"
                                testWith=""
                                type="string"/>
                  </input>
                  <binding>
                     <restSimpleBinding multiUsing="semicolonSeparated"
                                        url="https://{$hostName}/ccs/{$cacheNamePathParam}"
                                        verb="GET">
                        <httpHeaders>
                           <header name="Accept">application/json</header>
                        </httpHeaders>
                     </restSimpleBinding>
                  </binding>
                  <output>
                     <field description="Successful response"
                            entireResponse="true"
                            name="entireResponse"
                            type="object"/>
                  </output>
               </action>
               <action category="Use Caches"
                       failOnError="true"
                       forSearch="false"
                       label="DELETE_cacheName_"
                       maxRedirects="100"
                       name="DELETE_cacheName_"
                       preemptiveAuth="true"
                       responseEncoding="">
                  <description>Clear Cache. Clears the specified cache.</description>
                  <input>
                     <parameter description="Name of cache"
                                label="cacheNamePathParam"
                                name="cacheNamePathParam"
                                nogen="true"
                                required="true"
                                testWith=""
                                type="string"/>
                  </input>
                  <binding>
                     <restSimpleBinding multiUsing="semicolonSeparated"
                                        url="https://{$hostName}/ccs/{$cacheNamePathParam}"
                                        verb="DELETE"/>
                  </binding>
                  <output/>
               </action>
            </actions>
            <objects>
               <processObject xmlns="http://schemas.active-endpoints.com/appmodules/screenflow/2011/06/avosHostEnvironment.xsd"
                              isByCopy="true"
                              name="string">
                  <description/>
                  <detail>
                     <field name="string" type="string"/>
                  </detail>
               </processObject>
               <processObject xmlns="http://schemas.active-endpoints.com/appmodules/screenflow/2011/06/avosHostEnvironment.xsd"
                              isByCopy="true"
                              name="boolean">
                  <description/>
                  <detail>
                     <field name="boolean" type="boolean"/>
                  </detail>
               </processObject>
               <processObject xmlns="http://schemas.active-endpoints.com/appmodules/screenflow/2011/06/avosHostEnvironment.xsd"
                              isByCopy="true"
                              name="double">
                  <description/>
                  <detail>
                     <field name="double" type="double"/>
                  </detail>
               </processObject>
               <processObject xmlns="http://schemas.active-endpoints.com/appmodules/screenflow/2011/06/avosHostEnvironment.xsd"
                              isByCopy="true"
                              name="integer">
                  <description/>
                  <detail>
                     <field name="integer" type="int"/>
                  </detail>
               </processObject>
            </objects>
         </businessConnector>
      </types1:Entry>
      <types1:GUID>8bh6XqTWlAVb8tntjjA2Sq</types1:GUID>
      <types1:DisplayName>Oracle Application Container Cloud Service Applications using Caches REST API v2017-05-04</types1:DisplayName>
   </types1:Item>
   <types1:CurrentServerDateTime>2019-11-20T05:52:00.905Z</types1:CurrentServerDateTime>
</aetgt:getResponse>
