<aetgt:getResponse xmlns:aetgt="http://schemas.active-endpoints.com/appmodules/repository/2010/10/avrepository.xsd"
                   xmlns:types1="http://schemas.active-endpoints.com/appmodules/repository/2010/10/avrepository.xsd">
   <types1:Item>
      <types1:EntryId>47M1reAFLK2D86C-gt-526208-2019-12-22T05:17:53.894Z::svc.xml</types1:EntryId>
      <types1:Name>SAP_Ariba_Analytical_Reporting_-_Job_Results_REST_API_v2</types1:Name>
      <types1:MimeType>application/xml+businesssconnector</types1:MimeType>
      <types1:Description>The Analytical reporting APIs enable you  to create a client application that extracts reportable data from reporting facts and dimensions such as you would select in the user interface when creating an analytical report. For example, you could use these APIs to extract and report on the analytical data that you need to import to a customer's warehouse or create dashboards for trend assessment.

The Job results API for analytics allows you to request output from asynchronous jobs posted using the Job submission API for analytics. Requested output is batched into ZIP files containing 5000 records per file, and these can be downloaded one at a time. The maximum number of records returned is 50,000, or 10 files containing 5000 records per file. Files created in response to an asynchronous API query expire after 48 hours. As a best practice, we recommend the asynchronous usage when you update analytical data to your data warehouse.</types1:Description>
      <types1:AppliesTo/>
      <types1:Tags/>
      <types1:VersionLabel>1.0</types1:VersionLabel>
      <types1:State>CURRENT</types1:State>
      <types1:ProcessGroup/>
      <types1:CreatedBy>sorabh@na1.dm-us.org</types1:CreatedBy>
      <types1:CreationDate>2019-12-22T05:17:54Z</types1:CreationDate>
      <types1:ModifiedBy/>
      <types1:PublicationStatus>published</types1:PublicationStatus>
      <types1:PublishedBy>sorabh@na1.dm-us.org</types1:PublishedBy>
      <types1:PublicationDate>2019-12-22T05:17:57Z</types1:PublicationDate>
      <types1:PublishedContributionId>project:/rt.connector/SAP_Ariba_Analytical_Reporting___Job_Results_REST_API_v2/SAP_Ariba_Analytical_Reporting___Job_Results_REST_API_v2_svcDef.xml</types1:PublishedContributionId>
      <types1:AutosaveExists>false</types1:AutosaveExists>
      <types1:Entry>
         <businessConnector xmlns="http://schemas.informatica.com/socrates/data-services/2014/05/business-connector-model.xsd"
                            agentOnly="false"
                            debug="false"
                            displayName="SAP Ariba Analytical Reporting - Job Results REST API v2"
                            label=""
                            name="SAP_Ariba_Analytical_Reporting_-_Job_Results_REST_API_v2"
                            uuid="d92c9773-9101-4547-80e3-e7efa80332c7">
            <description>The Analytical reporting APIs enable you  to create a client application that extracts reportable data from reporting facts and dimensions such as you would select in the user interface when creating an analytical report. For example, you could use these APIs to extract and report on the analytical data that you need to import to a customer's warehouse or create dashboards for trend assessment.

The Job results API for analytics allows you to request output from asynchronous jobs posted using the Job submission API for analytics. Requested output is batched into ZIP files containing 5000 records per file, and these can be downloaded one at a time. The maximum number of records returned is 50,000, or 10 files containing 5000 records per file. Files created in response to an asynchronous API query expire after 48 hours. As a best practice, we recommend the asynchronous usage when you update analytical data to your data warehouse.</description>
            <tags/>
            <connectionAttributes xmlns="http://schemas.informatica.com/appmodules/screenflow/2014/04/avosConnectors.xsd">
               <connectionAttribute description="Host Name"
                                    masked="false"
                                    name="hostName"
                                    required="true"
                                    testWith="sandbox.api.sap.com"
                                    type="string"/>
            </connectionAttributes>
            <actions>
               <action category="Job Status"
                       failOnError="true"
                       forSearch="false"
                       label="Get Job Status"
                       maxRedirects="100"
                       name="Get Job Status"
                       preemptiveAuth="true"
                       responseEncoding="">
                  <description>Returns the status of the specified asynchronous analytical reporting job. Query the status of a submitted asynchronous analytical reporting job</description>
                  <input>
                     <parameter description="Customer realm Name"
                                label="realm"
                                name="realm"
                                required="true"
                                testWith=""
                                type="string"/>
                     <parameter description="The Job Id provided in the response of the post job API"
                                label="jobIdPathParam"
                                name="jobIdPathParam"
                                nogen="true"
                                required="true"
                                testWith=""
                                type="string"/>
                  </input>
                  <binding>
                     <restSimpleBinding multiUsing="semicolonSeparated"
                                        url="https://{$hostName}/ariba/api/analytics-reporting-jobresult/v1/sandbox/jobs/{$jobIdPathParam}"
                                        verb="GET">
                        <httpHeaders>
                           <header name="Content-Type">application/json</header>
                           <header name="Accept">application/json</header>
                        </httpHeaders>
                     </restSimpleBinding>
                  </binding>
                  <output>
                     <field description="Successful Response"
                            entireResponse="true"
                            name="GetJobStatusresponse"
                            type="reference">
                        <options>
                           <option name="referenceTo">GetJobStatusresponse</option>
                        </options>
                     </field>
                  </output>
               </action>
               <action category="File Download"
                       failOnError="true"
                       forSearch="false"
                       label="FileDownload"
                       maxRedirects="100"
                       name="FileDownload"
                       preemptiveAuth="true"
                       responseEncoding="">
                  <description>Requests file one at a time for completed job by specifying {fileId}. This API is going to download the resulted data file. File is in zip format</description>
                  <input>
                     <parameter description="Customer realm name"
                                label="realm"
                                name="realm"
                                required="true"
                                testWith=""
                                type="string"/>
                     <parameter description="The Job Id of the completed job"
                                label="jobIdPathParam"
                                name="jobIdPathParam"
                                nogen="true"
                                required="true"
                                testWith=""
                                type="string"/>
                     <parameter description="The file Id for the generated file after job is completed. File is a .zip file"
                                label="fileIdPathParam"
                                name="fileIdPathParam"
                                nogen="true"
                                required="true"
                                testWith=""
                                type="string"/>
                  </input>
                  <binding>
                     <restSimpleBinding multiUsing="semicolonSeparated"
                                        url="https://{$hostName}/ariba/api/analytics-reporting-jobresult/v1/sandbox/jobs/{$jobIdPathParam}/files/{$fileIdPathParam}"
                                        verb="GET">
                        <httpHeaders>
                           <header name="Content-Type">application/json</header>
                           <header name="Accept">zip</header>
                        </httpHeaders>
                     </restSimpleBinding>
                  </binding>
                  <output>
                     <field description="A zip file containing records.txt"
                            entireResponse="true"
                            name="entireResponse"
                            type="attachment"/>
                  </output>
               </action>
            </actions>
            <objects>
               <processObject xmlns="http://schemas.active-endpoints.com/appmodules/screenflow/2011/06/avosHostEnvironment.xsd"
                              isByCopy="true"
                              name="GetJobStatusresponse">
                  <description/>
                  <detail>
                     <field name="jobId" type="string"/>
                     <field name="createdDate" type="string"/>
                     <field name="documentType" type="string"/>
                     <field name="viewTemplateName" type="string"/>
                     <field name="selectAttributesSnap" type="objectlist">
                        <options>
                           <option name="referenceTo">string</option>
                           <option name="relationshipName">Child</option>
                        </options>
                     </field>
                     <field name="files" type="objectlist">
                        <options>
                           <option name="referenceTo">string</option>
                           <option name="relationshipName">Child</option>
                        </options>
                     </field>
                     <field name="filters" type="reference">
                        <options>
                           <option name="referenceTo">Filters</option>
                           <option name="relationshipName">Child</option>
                        </options>
                     </field>
                     <field name="filterExpressionsSnap" type="objectlist">
                        <options>
                           <option name="referenceTo">FilterExpression</option>
                           <option name="relationshipName">Child</option>
                        </options>
                     </field>
                     <field name="status" type="string"/>
                  </detail>
               </processObject>
               <processObject xmlns="http://schemas.active-endpoints.com/appmodules/screenflow/2011/06/avosHostEnvironment.xsd"
                              isByCopy="true"
                              name="Filters">
                  <description/>
                  <detail>
                     <field name="updatedDateFrom" type="string"/>
                     <field name="updatedDateTo" type="string"/>
                  </detail>
               </processObject>
               <processObject xmlns="http://schemas.active-endpoints.com/appmodules/screenflow/2011/06/avosHostEnvironment.xsd"
                              isByCopy="true"
                              name="ErrorJob">
                  <description/>
                  <detail>
                     <field name="code" type="string"/>
                     <field name="message" type="string"/>
                  </detail>
               </processObject>
               <processObject xmlns="http://schemas.active-endpoints.com/appmodules/screenflow/2011/06/avosHostEnvironment.xsd"
                              isByCopy="true"
                              name="Error">
                  <description/>
                  <detail>
                     <field name="code" type="string"/>
                     <field name="message" type="string"/>
                  </detail>
               </processObject>
               <processObject xmlns="http://schemas.active-endpoints.com/appmodules/screenflow/2011/06/avosHostEnvironment.xsd"
                              isByCopy="true"
                              name="ErrorView">
                  <description/>
                  <detail>
                     <field name="code" type="string"/>
                     <field name="message" type="string"/>
                  </detail>
               </processObject>
               <processObject xmlns="http://schemas.active-endpoints.com/appmodules/screenflow/2011/06/avosHostEnvironment.xsd"
                              isByCopy="true"
                              name="FilterExpression">
                  <description/>
                  <detail>
                     <field name="op" type="string"/>
                     <field name="field" type="string"/>
                     <field name="defaultValue" type="string"/>
                     <field name="name" type="string"/>
                  </detail>
               </processObject>
               <processObject xmlns="http://schemas.active-endpoints.com/appmodules/screenflow/2011/06/avosHostEnvironment.xsd"
                              isByCopy="true"
                              name="string">
                  <description/>
                  <detail>
                     <field name="string" type="string"/>
                  </detail>
               </processObject>
               <processObject xmlns="http://schemas.active-endpoints.com/appmodules/screenflow/2011/06/avosHostEnvironment.xsd"
                              isByCopy="true"
                              name="boolean">
                  <description/>
                  <detail>
                     <field name="boolean" type="boolean"/>
                  </detail>
               </processObject>
               <processObject xmlns="http://schemas.active-endpoints.com/appmodules/screenflow/2011/06/avosHostEnvironment.xsd"
                              isByCopy="true"
                              name="double">
                  <description/>
                  <detail>
                     <field name="double" type="double"/>
                  </detail>
               </processObject>
               <processObject xmlns="http://schemas.active-endpoints.com/appmodules/screenflow/2011/06/avosHostEnvironment.xsd"
                              isByCopy="true"
                              name="integer">
                  <description/>
                  <detail>
                     <field name="integer" type="int"/>
                  </detail>
               </processObject>
               <processObject xmlns="http://schemas.active-endpoints.com/appmodules/screenflow/2011/06/avosHostEnvironment.xsd"
                              isByCopy="true"
                              name="Forbidden">
                  <description>forbidden</description>
                  <detail/>
               </processObject>
               <processObject xmlns="http://schemas.active-endpoints.com/appmodules/screenflow/2011/06/avosHostEnvironment.xsd"
                              isByCopy="true"
                              name="Unauthorized">
                  <description>Unauthorized request</description>
                  <detail/>
               </processObject>
               <processObject xmlns="http://schemas.active-endpoints.com/appmodules/screenflow/2011/06/avosHostEnvironment.xsd"
                              isByCopy="true"
                              name="InvalidSelectAttributes">
                  <description>The select attributes are either not whitelisted/duplicated/customized</description>
                  <detail/>
               </processObject>
               <processObject xmlns="http://schemas.active-endpoints.com/appmodules/screenflow/2011/06/avosHostEnvironment.xsd"
                              isByCopy="true"
                              name="InvalidJobId">
                  <description>Job not found</description>
                  <detail/>
               </processObject>
            </objects>
         </businessConnector>
      </types1:Entry>
      <types1:GUID>4wiOWpkN0GrfSHQT9uMYO6</types1:GUID>
      <types1:DisplayName>SAP Ariba Analytical Reporting - Job Results REST API v2</types1:DisplayName>
   </types1:Item>
   <types1:CurrentServerDateTime>2019-12-22T05:24:33.649Z</types1:CurrentServerDateTime>
</aetgt:getResponse>
