<aetgt:getResponse xmlns:aetgt="http://schemas.active-endpoints.com/appmodules/repository/2010/10/avrepository.xsd"
                   xmlns:types1="http://schemas.active-endpoints.com/appmodules/repository/2010/10/avrepository.xsd">
   <types1:Item>
      <types1:EntryId>Y9OdsreK8ZAZf5k-gt-6113414-2019-12-23T08:34:51.812Z::svc.xml</types1:EntryId>
      <types1:Name>SAP_Fieldglass_Approval_REST_API_v1</types1:Name>
      <types1:MimeType>application/xml+businesssconnector</types1:MimeType>
      <types1:Description>The SAP Fieldglass Approval API allows clients to approve or reject SAP Fieldglass work items. Clients retrieve the work items pending an approval action from the authenticated user and return the workflow action to be performed (either approve or reject). The list and details provided by the SAP Fieldglass API give clients the ability to present work items for approval to their users with the level of detail needed to make an informed approval decision and the mechanism to return the approval or rejection decision.'</types1:Description>
      <types1:AppliesTo/>
      <types1:Tags/>
      <types1:VersionLabel>1.0</types1:VersionLabel>
      <types1:State>CURRENT</types1:State>
      <types1:ProcessGroup/>
      <types1:CreatedBy>sorabh@na1.dm-us.org</types1:CreatedBy>
      <types1:CreationDate>2019-12-23T08:34:52Z</types1:CreationDate>
      <types1:ModifiedBy/>
      <types1:PublicationStatus>published</types1:PublicationStatus>
      <types1:PublishedBy>sorabh@na1.dm-us.org</types1:PublishedBy>
      <types1:PublicationDate>2019-12-23T08:34:55Z</types1:PublicationDate>
      <types1:PublishedContributionId>project:/rt.connector/SAP_Fieldglass_Approval_REST_API_v1/SAP_Fieldglass_Approval_REST_API_v1_svcDef.xml</types1:PublishedContributionId>
      <types1:AutosaveExists>false</types1:AutosaveExists>
      <types1:Entry>
         <businessConnector xmlns="http://schemas.informatica.com/socrates/data-services/2014/05/business-connector-model.xsd"
                            agentOnly="false"
                            debug="false"
                            displayName="SAP Fieldglass Approval REST API v1"
                            label=""
                            name="SAP_Fieldglass_Approval_REST_API_v1"
                            uuid="f0dd6f4f-124d-42be-8fc3-47dd220871c5">
            <description>The SAP Fieldglass Approval API allows clients to approve or reject SAP Fieldglass work items. Clients retrieve the work items pending an approval action from the authenticated user and return the workflow action to be performed (either approve or reject). The list and details provided by the SAP Fieldglass API give clients the ability to present work items for approval to their users with the level of detail needed to make an informed approval decision and the mechanism to return the approval or rejection decision.'</description>
            <tags/>
            <connectionAttributes xmlns="http://schemas.informatica.com/appmodules/screenflow/2014/04/avosConnectors.xsd">
               <connectionAttribute description="Host Name"
                                    masked="false"
                                    name="hostName"
                                    required="true"
                                    testWith="sandbox.api.sap.com"
                                    type="string"/>
            </connectionAttributes>
            <actions>
               <action category="Approval"
                       failOnError="true"
                       forSearch="false"
                       label="GET_approvals_reject_reasons_module_moduleId_"
                       maxRedirects="100"
                       name="GET_approvals_reject_reasons_module_moduleId_"
                       preemptiveAuth="true"
                       responseEncoding="">
                  <description>Get rejection reasons. Returns all configured work item rejection reasons by module.</description>
                  <input>
                     <parameter description="Only required for production access when using SAP Fieldglass."
                                label="Authorization"
                                name="Authorization"
                                nogen="true"
                                required="false"
                                testWith=""
                                type="string"/>
                     <parameter description="The company-specific key provided by SAP Fieldglass for API access. Required for production access."
                                label="X-ApplicationKey"
                                name="X-ApplicationKey"
                                nogen="true"
                                required="false"
                                testWith=""
                                type="string"/>
                     <parameter description="The ID for the module (for example, 40 for Job Posting or 270 for Work Order). A full list can be found in the supporting documentation."
                                label="moduleIdPathParam"
                                name="moduleIdPathParam"
                                nogen="true"
                                required="true"
                                testWith=""
                                type="string"/>
                  </input>
                  <binding>
                     <restSimpleBinding multiUsing="semicolonSeparated"
                                        url="https://{$hostName}/fieldglass/api/v1/approvals/reject_reasons/module_{$moduleIdPathParam}"
                                        verb="GET">
                        <httpHeaders>
                           <header name="Content-Type">application/x-www-form-urlencoded</header>
                           <header name="Accept">application/json</header>
                        </httpHeaders>
                     </restSimpleBinding>
                  </binding>
                  <output>
                     <field description="Successful operation."
                            entireResponse="true"
                            name="approvals"
                            type="reference">
                        <options>
                           <option name="referenceTo">approvals</option>
                        </options>
                     </field>
                  </output>
               </action>
               <action category="Approval"
                       failOnError="true"
                       forSearch="false"
                       label="GET_approvals"
                       maxRedirects="100"
                       name="GET_approvals"
                       preemptiveAuth="true"
                       responseEncoding="">
                  <description>Get a list of items that require approval. Returns a list of work items requiring approval action.</description>
                  <input>
                     <parameter description="Only required for production access when using SAP Fieldglass."
                                label="Authorization"
                                name="Authorization"
                                nogen="true"
                                required="false"
                                testWith=""
                                type="string"/>
                     <parameter description="The company-specific key provided by SAP Fieldglass for API access. Required for production access."
                                label="X-ApplicationKey"
                                name="X-ApplicationKey"
                                nogen="true"
                                required="false"
                                testWith=""
                                type="string"/>
                  </input>
                  <binding>
                     <restSimpleBinding multiUsing="semicolonSeparated"
                                        url="https://{$hostName}/fieldglass/api/v1/approvals"
                                        verb="GET">
                        <httpHeaders>
                           <header name="Content-Type">application/x-www-form-urlencoded</header>
                           <header name="Accept">application/json</header>
                        </httpHeaders>
                     </restSimpleBinding>
                  </binding>
                  <output>
                     <field description="Successful operation."
                            entireResponse="true"
                            name="approvals"
                            type="reference">
                        <options>
                           <option name="referenceTo">approvals</option>
                        </options>
                     </field>
                  </output>
               </action>
               <action category="Approval"
                       failOnError="true"
                       forSearch="false"
                       label="GET_approvals_module_moduleId_"
                       maxRedirects="100"
                       name="GET_approvals_module_moduleId_"
                       preemptiveAuth="true"
                       responseEncoding="">
                  <description>Get items that require approval for a module. Returns a list of work items requiring approval action, filtered down to a specific module.</description>
                  <input>
                     <parameter description="Only required for production access when using SAP Fieldglass."
                                label="Authorization"
                                name="Authorization"
                                nogen="true"
                                required="false"
                                testWith=""
                                type="string"/>
                     <parameter description="The company-specific key provided by SAP Fieldglass for API access. Required for production access."
                                label="X-ApplicationKey"
                                name="X-ApplicationKey"
                                nogen="true"
                                required="false"
                                testWith=""
                                type="string"/>
                     <parameter description="The ID for the module (for example, 40 for Job Posting or 270 for Work Order). A full list can be found in the supporting documentation."
                                label="moduleIdPathParam"
                                name="moduleIdPathParam"
                                nogen="true"
                                required="true"
                                testWith=""
                                type="string"/>
                  </input>
                  <binding>
                     <restSimpleBinding multiUsing="semicolonSeparated"
                                        url="https://{$hostName}/fieldglass/api/v1/approvals/module_{$moduleIdPathParam}"
                                        verb="GET">
                        <httpHeaders>
                           <header name="Content-Type">application/x-www-form-urlencoded</header>
                           <header name="Accept">application/json</header>
                        </httpHeaders>
                     </restSimpleBinding>
                  </binding>
                  <output>
                     <field description="Successful operation."
                            entireResponse="true"
                            name="approvals"
                            type="reference">
                        <options>
                           <option name="referenceTo">approvals</option>
                        </options>
                     </field>
                  </output>
               </action>
               <action category="Approval"
                       failOnError="true"
                       forSearch="false"
                       label="POST_approvals_module_moduleId_workItemId_action_action_"
                       maxRedirects="100"
                       name="POST_approvals_module_moduleId_workItemId_action_action_"
                       preemptiveAuth="true"
                       responseEncoding="">
                  <description>Approve or reject an item. Take action on the work item by either approving or rejecting it.</description>
                  <input>
                     <parameter description="Only required for production access when using SAP Fieldglass."
                                label="Authorization"
                                name="Authorization"
                                nogen="true"
                                required="false"
                                testWith=""
                                type="string"/>
                     <parameter description="The company-specific key provided by SAP Fieldglass for API access. Required for production access."
                                label="X-ApplicationKey"
                                name="X-ApplicationKey"
                                nogen="true"
                                required="false"
                                testWith=""
                                type="string"/>
                     <parameter description="The ID for the module (for example, 40 for Job Posting or 270 for Work Order). A full list can be found in the supporting documentation."
                                label="moduleIdPathParam"
                                name="moduleIdPathParam"
                                nogen="true"
                                required="true"
                                testWith=""
                                type="string"/>
                     <parameter description="The ID of the work item. You can get this from the response received when getting the list of items that require approval."
                                label="workItemIdPathParam"
                                name="workItemIdPathParam"
                                nogen="true"
                                required="true"
                                testWith=""
                                type="string"/>
                     <parameter description="The action to take on the work item. This can be either ''approve'' or ''reject''. If it is reject, the reasonId is required."
                                label="actionPathParam"
                                name="actionPathParam"
                                nogen="true"
                                required="true"
                                testWith=""
                                type="string"/>
                     <parameter description="Any comments about the action."
                                label="comments"
                                name="comments"
                                required="false"
                                testWith=""
                                type="string"/>
                     <parameter description="The reasonId for the rejection. This is required when the action is 'reject'. You can get a list of rejection reasons available for the module from the response when getting rejection reasons."
                                label="reasonId"
                                name="reasonId"
                                required="false"
                                testWith=""
                                type="string"/>
                  </input>
                  <binding>
                     <restSimpleBinding multiUsing="semicolonSeparated"
                                        url="https://{$hostName}/fieldglass/api/v1/approvals/module_{$moduleIdPathParam}/{$workItemIdPathParam}/action/{$actionPathParam}"
                                        verb="POST">
                        <httpHeaders>
                           <header name="Content-Type">application/x-www-form-urlencoded</header>
                           <header name="Accept">application/json</header>
                        </httpHeaders>
                        <body generateUsing="Form"/>
                     </restSimpleBinding>
                  </binding>
                  <output>
                     <field description="Successful operation."
                            entireResponse="true"
                            name="approvals"
                            type="reference">
                        <options>
                           <option name="referenceTo">approvals</option>
                        </options>
                     </field>
                  </output>
               </action>
               <action category="Approval"
                       failOnError="true"
                       forSearch="false"
                       label="GET_approvals_module_moduleId_workItemId_"
                       maxRedirects="100"
                       name="GET_approvals_module_moduleId_workItemId_"
                       preemptiveAuth="true"
                       responseEncoding="">
                  <description>Get details for work item. Returns details for a specific work item.</description>
                  <input>
                     <parameter description="Only required for production access when using SAP Fieldglass."
                                label="Authorization"
                                name="Authorization"
                                nogen="true"
                                required="false"
                                testWith=""
                                type="string"/>
                     <parameter description="The company-specific key provided by SAP Fieldglass for API access. Required for production access."
                                label="X-ApplicationKey"
                                name="X-ApplicationKey"
                                nogen="true"
                                required="false"
                                testWith=""
                                type="string"/>
                     <parameter description="The ID for the module (for example, 40 for Job Posting or 270 for Work Order). A full list can be found in the supporting documentation."
                                label="moduleIdPathParam"
                                name="moduleIdPathParam"
                                nogen="true"
                                required="true"
                                testWith=""
                                type="string"/>
                     <parameter description="The ID of the work item."
                                label="workItemIdPathParam"
                                name="workItemIdPathParam"
                                nogen="true"
                                required="true"
                                testWith=""
                                type="string"/>
                  </input>
                  <binding>
                     <restSimpleBinding multiUsing="semicolonSeparated"
                                        url="https://{$hostName}/fieldglass/api/v1/approvals/module_{$moduleIdPathParam}/{$workItemIdPathParam}"
                                        verb="GET">
                        <httpHeaders>
                           <header name="Content-Type">application/x-www-form-urlencoded</header>
                           <header name="Accept">application/json</header>
                        </httpHeaders>
                     </restSimpleBinding>
                  </binding>
                  <output>
                     <field description="Successful operation."
                            entireResponse="true"
                            name="approvals"
                            type="reference">
                        <options>
                           <option name="referenceTo">approvals</option>
                        </options>
                     </field>
                  </output>
               </action>
            </actions>
            <objects>
               <processObject xmlns="http://schemas.active-endpoints.com/appmodules/screenflow/2011/06/avosHostEnvironment.xsd"
                              isByCopy="true"
                              name="Status">
                  <description/>
                  <detail>
                     <field name="ReturnCode" type="int"/>
                     <field name="Message" type="string"/>
                     <field name="TransactionID" type="string"/>
                  </detail>
               </processObject>
               <processObject xmlns="http://schemas.active-endpoints.com/appmodules/screenflow/2011/06/avosHostEnvironment.xsd"
                              isByCopy="true"
                              name="approvals">
                  <description/>
                  <detail>
                     <field name="PAYLOAD" type="object"/>
                     <field name="HEADER" type="object"/>
                  </detail>
               </processObject>
               <processObject xmlns="http://schemas.active-endpoints.com/appmodules/screenflow/2011/06/avosHostEnvironment.xsd"
                              isByCopy="true"
                              name="Error">
                  <description/>
                  <detail/>
               </processObject>
               <processObject xmlns="http://schemas.active-endpoints.com/appmodules/screenflow/2011/06/avosHostEnvironment.xsd"
                              isByCopy="true"
                              name="string">
                  <description/>
                  <detail>
                     <field name="string" type="string"/>
                  </detail>
               </processObject>
               <processObject xmlns="http://schemas.active-endpoints.com/appmodules/screenflow/2011/06/avosHostEnvironment.xsd"
                              isByCopy="true"
                              name="boolean">
                  <description/>
                  <detail>
                     <field name="boolean" type="boolean"/>
                  </detail>
               </processObject>
               <processObject xmlns="http://schemas.active-endpoints.com/appmodules/screenflow/2011/06/avosHostEnvironment.xsd"
                              isByCopy="true"
                              name="double">
                  <description/>
                  <detail>
                     <field name="double" type="double"/>
                  </detail>
               </processObject>
               <processObject xmlns="http://schemas.active-endpoints.com/appmodules/screenflow/2011/06/avosHostEnvironment.xsd"
                              isByCopy="true"
                              name="integer">
                  <description/>
                  <detail>
                     <field name="integer" type="int"/>
                  </detail>
               </processObject>
            </objects>
         </businessConnector>
      </types1:Entry>
      <types1:GUID>avMKUqDQFHfe9dqC5UJCMW</types1:GUID>
      <types1:DisplayName>SAP Fieldglass Approval REST API v1</types1:DisplayName>
   </types1:Item>
   <types1:CurrentServerDateTime>2019-12-23T08:47:02.872Z</types1:CurrentServerDateTime>
</aetgt:getResponse>
