<aetgt:getResponse xmlns:aetgt="http://schemas.active-endpoints.com/appmodules/repository/2010/10/avrepository.xsd"
                   xmlns:types1="http://schemas.active-endpoints.com/appmodules/repository/2010/10/avrepository.xsd">
   <types1:Item>
      <types1:EntryId>mi3wOLIFvukNXHV-gt-1633722-2019-01-24T00:42:21.203Z::svc.xml</types1:EntryId>
      <types1:Name>Concur_Vendors_API_v3</types1:Name>
      <types1:MimeType>application/xml+businesssconnector</types1:MimeType>
      <types1:Description>An invoice is a bill of sale for goods or services provided by a vendor. This API provides methods to create, update, or delete invoice vendors.</types1:Description>
      <types1:AppliesTo/>
      <types1:Tags/>
      <types1:VersionLabel>1.0</types1:VersionLabel>
      <types1:State>CURRENT</types1:State>
      <types1:ProcessGroup/>
      <types1:CreatedBy>sorabh@na1.dm-us.org</types1:CreatedBy>
      <types1:CreationDate>2019-01-24T00:42:21Z</types1:CreationDate>
      <types1:ModifiedBy/>
      <types1:PublicationStatus>published</types1:PublicationStatus>
      <types1:PublishedBy>sorabh@na1.dm-us.org</types1:PublishedBy>
      <types1:PublicationDate>2019-01-24T00:42:36Z</types1:PublicationDate>
      <types1:PublishedContributionId>project:/rt.connector/Concur_Vendors_API_v3/Concur_Vendors_API_v3_svcDef.xml</types1:PublishedContributionId>
      <types1:AutosaveExists>false</types1:AutosaveExists>
      <types1:Entry>
         <businessConnector xmlns="http://schemas.informatica.com/socrates/data-services/2014/05/business-connector-model.xsd"
                            agentOnly="false"
                            debug="false"
                            displayName="Concur Vendors API v3"
                            label=""
                            name="Concur_Vendors_API_v3"
                            uuid="f2568e79-3502-4492-807d-903ee884b84d">
            <description>An invoice is a bill of sale for goods or services provided by a vendor. This API provides methods to create, update, or delete invoice vendors.</description>
            <tags/>
            <connectionAttributes xmlns="http://schemas.informatica.com/appmodules/screenflow/2014/04/avosConnectors.xsd">
               <connectionAttribute description="Host Name"
                                    masked="false"
                                    name="hostName"
                                    required="true"
                                    testWith="www.concursolutions.com"
                                    type="string"/>
            </connectionAttributes>
            <actions>
               <action category="Resources"
                       failOnError="true"
                       forSearch="false"
                       label="POST_invoice_vendors"
                       maxRedirects="100"
                       name="POST_invoice_vendors"
                       preemptiveAuth="true"
                       responseEncoding="">
                  <description>Create vendor/s and returns the status of creation. Create vendor/s and returns the status of creation.</description>
                  <input>
                     <parameter description="The vendor details."
                                label="vendors"
                                name="vendors"
                                required="true"
                                testWith=""
                                type="reference">
                        <options>
                           <option name="referenceTo">VendorCollection</option>
                        </options>
                     </parameter>
                  </input>
                  <binding>
                     <restSimpleBinding multiUsing="semicolonSeparated"
                                        url="https://{$hostName}/api/v3.0/invoice/vendors"
                                        verb="POST">
                        <httpHeaders>
                           <header name="Content-Type">application/json</header>
                           <header name="Accept">application/json</header>
                        </httpHeaders>
                        <body generateUsing="UnwrappedJSON" preserveJsonStringFormatting="false"/>
                     </restSimpleBinding>
                  </binding>
                  <output>
                     <field description="Success"
                            entireResponse="true"
                            name="VendorCollection"
                            type="reference">
                        <options>
                           <option name="referenceTo">VendorCollection</option>
                        </options>
                     </field>
                  </output>
               </action>
               <action category="Resources"
                       failOnError="true"
                       forSearch="false"
                       label="GET_invoice_vendors"
                       maxRedirects="100"
                       name="GET_invoice_vendors"
                       preemptiveAuth="true"
                       responseEncoding="">
                  <description>Retrieves an existing vendor. Gets an existing vendor. Note: If authenticating with a Company JWT the API will return all vendors associated with a specific entity.</description>
                  <input>
                     <parameter description="The maximum number of items to be returned in a  response. The default is 25 and cannot exceed 1000."
                                label="limit"
                                name="limit"
                                required="false"
                                testWith=""
                                type="int"/>
                     <parameter description="Specifies the starting point for the next query when iterating through the collection response.  Use with paged collections of resources."
                                label="offset"
                                name="offset"
                                required="false"
                                testWith=""
                                type="string"/>
                     <parameter description="ascending or descending, The default value will be ascending."
                                label="sortDirection"
                                name="sortDirection"
                                required="false"
                                testWith=""
                                type="string"/>
                     <parameter description="Field you need to the results to be sorted by. Vendor Name will be made default if no value is sent. Only fields that are added to the vendor form can be used here. Fields have to be specified by name as specified in Doc."
                                label="sortBy"
                                name="sortBy"
                                required="false"
                                testWith=""
                                type="string"/>
                     <parameter description="Valid Options - exact, begins, contains and ends - Applies for the entire given search parameters. The default value if not sent is exact."
                                label="searchType"
                                name="searchType"
                                required="false"
                                testWith=""
                                type="string"/>
                     <parameter description="Vendor Code to be searched"
                                label="vendorCode"
                                name="vendorCode"
                                required="false"
                                testWith=""
                                type="string"/>
                     <parameter description="Vendor Name to be searched"
                                label="vendorName"
                                name="vendorName"
                                required="false"
                                testWith=""
                                type="string"/>
                     <parameter description="Tax ID to be searched"
                                label="taxID"
                                name="taxID"
                                required="false"
                                testWith=""
                                type="string"/>
                     <parameter description="Buyer Account Number to be searched"
                                label="buyerAccountNumber"
                                name="buyerAccountNumber"
                                required="false"
                                testWith=""
                                type="string"/>
                     <parameter description="Address Code to be searched"
                                label="addressCode"
                                name="addressCode"
                                required="false"
                                testWith=""
                                type="string"/>
                     <parameter description="Payment Method Type to be searched. Valid values are ACH, CARD, CHECK, CLIENT, PAYPVD, VCHER, WIRE"
                                label="paymentMethodType"
                                name="paymentMethodType"
                                required="false"
                                testWith=""
                                type="string"/>
                     <parameter description="Address 1 to be searched"
                                label="address1"
                                name="address1"
                                required="false"
                                testWith=""
                                type="string"/>
                     <parameter description="Address 2 to be searched"
                                label="address2"
                                name="address2"
                                required="false"
                                testWith=""
                                type="string"/>
                     <parameter description="Address 3 to be searched"
                                label="address3"
                                name="address3"
                                required="false"
                                testWith=""
                                type="string"/>
                     <parameter description="City to be searched"
                                label="city"
                                name="city"
                                required="false"
                                testWith=""
                                type="string"/>
                     <parameter description="State to be searched"
                                label="state"
                                name="state"
                                required="false"
                                testWith=""
                                type="string"/>
                     <parameter description="Postal Code to be searched"
                                label="postalCode"
                                name="postalCode"
                                required="false"
                                testWith=""
                                type="string"/>
                     <parameter description="Find Approved/Un Approved Vendors , True/False"
                                label="approved"
                                name="approved"
                                required="false"
                                testWith=""
                                type="string"/>
                     <parameter description="Country to be searched"
                                label="country"
                                name="country"
                                required="false"
                                testWith=""
                                type="string"/>
                     <parameter description="Custom 1 to be searched"
                                label="custom1"
                                name="custom1"
                                required="false"
                                testWith=""
                                type="string"/>
                     <parameter description="Custom 2 to be searched"
                                label="custom2"
                                name="custom2"
                                required="false"
                                testWith=""
                                type="string"/>
                     <parameter description="Custom 3 to be searched"
                                label="custom3"
                                name="custom3"
                                required="false"
                                testWith=""
                                type="string"/>
                     <parameter description="Custom 4 to be searched"
                                label="custom4"
                                name="custom4"
                                required="false"
                                testWith=""
                                type="string"/>
                     <parameter description="Custom 5 to be searched"
                                label="custom5"
                                name="custom5"
                                required="false"
                                testWith=""
                                type="string"/>
                     <parameter description="Custom 6 to be searched"
                                label="custom6"
                                name="custom6"
                                required="false"
                                testWith=""
                                type="string"/>
                     <parameter description="Custom 7 to be searched"
                                label="custom7"
                                name="custom7"
                                required="false"
                                testWith=""
                                type="string"/>
                     <parameter description="Custom 8 to be searched"
                                label="custom8"
                                name="custom8"
                                required="false"
                                testWith=""
                                type="string"/>
                     <parameter description="Custom 9 to be searched"
                                label="custom9"
                                name="custom9"
                                required="false"
                                testWith=""
                                type="string"/>
                     <parameter description="Custom 10 to be searched"
                                label="custom10"
                                name="custom10"
                                required="false"
                                testWith=""
                                type="string"/>
                     <parameter description="Custom 11 to be searched"
                                label="custom11"
                                name="custom11"
                                required="false"
                                testWith=""
                                type="string"/>
                     <parameter description="Custom 12 to be searched"
                                label="custom12"
                                name="custom12"
                                required="false"
                                testWith=""
                                type="string"/>
                     <parameter description="Custom 13 to be searched"
                                label="custom13"
                                name="custom13"
                                required="false"
                                testWith=""
                                type="string"/>
                     <parameter description="Custom 14 to be searched"
                                label="custom14"
                                name="custom14"
                                required="false"
                                testWith=""
                                type="string"/>
                     <parameter description="Custom 15 to be searched"
                                label="custom15"
                                name="custom15"
                                required="false"
                                testWith=""
                                type="string"/>
                     <parameter description="Custom 16 to be searched"
                                label="custom16"
                                name="custom16"
                                required="false"
                                testWith=""
                                type="string"/>
                     <parameter description="Custom 17 to be searched"
                                label="custom17"
                                name="custom17"
                                required="false"
                                testWith=""
                                type="string"/>
                     <parameter description="Custom 18 to be searched"
                                label="custom18"
                                name="custom18"
                                required="false"
                                testWith=""
                                type="string"/>
                     <parameter description="Custom 19 to be searched"
                                label="custom19"
                                name="custom19"
                                required="false"
                                testWith=""
                                type="string"/>
                     <parameter description="Custom 20 to be searched"
                                label="custom20"
                                name="custom20"
                                required="false"
                                testWith=""
                                type="string"/>
                  </input>
                  <binding>
                     <restSimpleBinding multiUsing="semicolonSeparated"
                                        url="https://{$hostName}/api/v3.0/invoice/vendors"
                                        verb="GET">
                        <httpHeaders>
                           <header name="Content-Type">application/json</header>
                           <header name="Accept">application/json</header>
                        </httpHeaders>
                     </restSimpleBinding>
                  </binding>
                  <output>
                     <field description="Success"
                            entireResponse="true"
                            name="VendorCollection"
                            type="reference">
                        <options>
                           <option name="referenceTo">VendorCollection</option>
                        </options>
                     </field>
                  </output>
               </action>
               <action category="Resources"
                       failOnError="true"
                       forSearch="false"
                       label="DELETE_invoice_vendors"
                       maxRedirects="100"
                       name="DELETE_invoice_vendors"
                       preemptiveAuth="true"
                       responseEncoding="">
                  <description>Delete a vendor by Vendor Code and Address Code. Delete a vendor by Vendor Code and Address Code.</description>
                  <input>
                     <parameter description="Vendor Code to be deleted"
                                label="vendorCode"
                                name="vendorCode"
                                required="true"
                                testWith=""
                                type="string"/>
                     <parameter description="Address Code to be deleted"
                                label="addressCode"
                                name="addressCode"
                                required="true"
                                testWith=""
                                type="string"/>
                  </input>
                  <binding>
                     <restSimpleBinding multiUsing="semicolonSeparated"
                                        url="https://{$hostName}/api/v3.0/invoice/vendors"
                                        verb="DELETE">
                        <httpHeaders>
                           <header name="Content-Type">application/json</header>
                           <header name="Accept">application/json</header>
                        </httpHeaders>
                     </restSimpleBinding>
                  </binding>
                  <output>
                     <field description="Success"
                            entireResponse="true"
                            name="VendorCollection"
                            type="reference">
                        <options>
                           <option name="referenceTo">VendorCollection</option>
                        </options>
                     </field>
                  </output>
               </action>
               <action category="Resources"
                       failOnError="true"
                       forSearch="false"
                       label="PUT_invoice_vendors"
                       maxRedirects="100"
                       name="PUT_invoice_vendors"
                       preemptiveAuth="true"
                       responseEncoding="">
                  <description>Updates existing vendor/s and returns the status of creation. Updates existing vendor/s and returns the status of creation.</description>
                  <input>
                     <parameter description="The vendor details."
                                label="vendors"
                                name="vendors"
                                required="true"
                                testWith=""
                                type="reference">
                        <options>
                           <option name="referenceTo">VendorCollection</option>
                        </options>
                     </parameter>
                  </input>
                  <binding>
                     <restSimpleBinding multiUsing="semicolonSeparated"
                                        url="https://{$hostName}/api/v3.0/invoice/vendors"
                                        verb="PUT">
                        <httpHeaders>
                           <header name="Content-Type">application/json</header>
                           <header name="Accept">application/json</header>
                        </httpHeaders>
                        <body generateUsing="UnwrappedJSON" preserveJsonStringFormatting="false"/>
                     </restSimpleBinding>
                  </binding>
                  <output>
                     <field description="Success"
                            entireResponse="true"
                            name="VendorCollection"
                            type="reference">
                        <options>
                           <option name="referenceTo">VendorCollection</option>
                        </options>
                     </field>
                  </output>
               </action>
            </actions>
            <objects>
               <processObject xmlns="http://schemas.active-endpoints.com/appmodules/screenflow/2011/06/avosHostEnvironment.xsd"
                              isByCopy="true"
                              name="Status">
                  <description/>
                  <detail>
                     <field name="Type" type="string"/>
                     <field name="Message" type="string"/>
                     <field name="Code" type="int"/>
                     <field name="RecordNumber" type="int"/>
                  </detail>
               </processObject>
               <processObject xmlns="http://schemas.active-endpoints.com/appmodules/screenflow/2011/06/avosHostEnvironment.xsd"
                              isByCopy="true"
                              name="VendorCollection">
                  <description/>
                  <detail>
                     <field name="RequestRunSummary" type="string"/>
                     <field name="TotalCount" type="int"/>
                     <field name="Items" type=""/>
                     <field name="Vendor" type="reference">
                        <options>
                           <option name="referenceTo">Vendor</option>
                           <option name="relationshipName">Child</option>
                        </options>
                     </field>
                     <field name="NextPage" type="string"/>
                  </detail>
               </processObject>
               <processObject xmlns="http://schemas.active-endpoints.com/appmodules/screenflow/2011/06/avosHostEnvironment.xsd"
                              isByCopy="true"
                              name="VendorBank">
                  <description/>
                  <detail>
                     <field name="BankName" type="string"/>
                     <field name="NameOnAccount" type="string"/>
                     <field name="IsActive" type="string"/>
                     <field name="StatusList" type="reference">
                        <options>
                           <option name="referenceTo">Status</option>
                           <option name="relationshipName">Child</option>
                        </options>
                     </field>
                     <field name="BankCode" type="string"/>
                     <field name="TransType" type="string"/>
                     <field name="AddressCode" type="string"/>
                     <field name="AccountType" type="string"/>
                     <field name="URI" type="string"/>
                     <field name="BranchLocation" type="string"/>
                     <field name="AccountNumber" type="string"/>
                     <field name="RoutingNumber" type="string"/>
                     <field name="CurrencyAlphaCode" type="string"/>
                     <field name="VendorCode" type="string"/>
                     <field name="ID" type="string"/>
                     <field name="CountryCode" type="string"/>
                     <field name="BranchCode" type="string"/>
                  </detail>
               </processObject>
               <processObject xmlns="http://schemas.active-endpoints.com/appmodules/screenflow/2011/06/avosHostEnvironment.xsd"
                              isByCopy="true"
                              name="Vendor">
                  <description/>
                  <detail>
                     <field name="ShippingMethod" type="string"/>
                     <field name="Custom19" type="string"/>
                     <field name="Custom18" type="string"/>
                     <field name="DiscountTermsDays" type="string"/>
                     <field name="Custom13" type="string"/>
                     <field name="Custom12" type="string"/>
                     <field name="Custom11" type="string"/>
                     <field name="Custom10" type="string"/>
                     <field name="Custom17" type="string"/>
                     <field name="Custom16" type="string"/>
                     <field name="Custom15" type="string"/>
                     <field name="Custom14" type="string"/>
                     <field name="CurrencyCode" type="string"/>
                     <field name="ID" type="string"/>
                     <field name="DefaultEmployeeID" type="string"/>
                     <field name="PaymentMethodType" type="string"/>
                     <field name="VendorName" type="string"/>
                     <field name="IsVisibleForContentExtraction" type="string"/>
                     <field name="PurchaseOrderContactFirstName" type="string"/>
                     <field name="Approved" type="string"/>
                     <field name="AddressCode" type="string"/>
                     <field name="City" type="string"/>
                     <field name="TaxID" type="string"/>
                     <field name="ContactLastName" type="string"/>
                     <field name="Custom4" type="string"/>
                     <field name="Custom3" type="string"/>
                     <field name="TaxType" type="string"/>
                     <field name="Custom2" type="string"/>
                     <field name="Custom1" type="string"/>
                     <field name="Custom8" type="string"/>
                     <field name="VendorBankList" type="reference">
                        <options>
                           <option name="referenceTo">VendorBank</option>
                           <option name="relationshipName">Child</option>
                        </options>
                     </field>
                     <field name="VendorFormName" type="string"/>
                     <field name="Custom7" type="string"/>
                     <field name="Custom6" type="string"/>
                     <field name="State" type="string"/>
                     <field name="Custom5" type="string"/>
                     <field name="PurchaseOrderContactEmail" type="string"/>
                     <field name="ShippingTerms" type="string"/>
                     <field name="Country" type="string"/>
                     <field name="Custom9" type="string"/>
                     <field name="ContactPhoneNumber" type="string"/>
                     <field name="StatusList" type="reference">
                        <options>
                           <option name="referenceTo">Status</option>
                           <option name="relationshipName">Child</option>
                        </options>
                     </field>
                     <field name="PostalCode" type="string"/>
                     <field name="PaymentTerms" type="string"/>
                     <field name="PurchaseOrderContactPhoneNumber" type="string"/>
                     <field name="ProvincialTaxID" type="string"/>
                     <field name="URI" type="string"/>
                     <field name="PurchaseOrderContactLastName" type="string"/>
                     <field name="DefaultExpenseTypeName" type="string"/>
                     <field name="VendorCode" type="string"/>
                     <field name="ContactFirstName" type="string"/>
                     <field name="CountryCode" type="string"/>
                     <field name="AddressImportSyncID" type="string"/>
                     <field name="VoucherNotes" type="string"/>
                     <field name="Address2" type="string"/>
                     <field name="Address3" type="string"/>
                     <field name="Address1" type="string"/>
                     <field name="AccountNumber" type="string"/>
                     <field name="Custom20" type="string"/>
                     <field name="DiscountPercentage" type="string"/>
                     <field name="ContactEmail" type="string"/>
                     <field name="IsLineItemVatIncld" type="string"/>
                     <field name="VendorGroupList" type="objectlist">
                        <options>
                           <option name="referenceTo">string</option>
                           <option name="relationshipName">Child</option>
                        </options>
                     </field>
                  </detail>
               </processObject>
               <processObject xmlns="http://schemas.active-endpoints.com/appmodules/screenflow/2011/06/avosHostEnvironment.xsd"
                              isByCopy="true"
                              name="string">
                  <description/>
                  <detail>
                     <field name="string" type="string"/>
                  </detail>
               </processObject>
               <processObject xmlns="http://schemas.active-endpoints.com/appmodules/screenflow/2011/06/avosHostEnvironment.xsd"
                              isByCopy="true"
                              name="boolean">
                  <description/>
                  <detail>
                     <field name="boolean" type="boolean"/>
                  </detail>
               </processObject>
               <processObject xmlns="http://schemas.active-endpoints.com/appmodules/screenflow/2011/06/avosHostEnvironment.xsd"
                              isByCopy="true"
                              name="double">
                  <description/>
                  <detail>
                     <field name="double" type="double"/>
                  </detail>
               </processObject>
               <processObject xmlns="http://schemas.active-endpoints.com/appmodules/screenflow/2011/06/avosHostEnvironment.xsd"
                              isByCopy="true"
                              name="integer">
                  <description/>
                  <detail>
                     <field name="integer" type="int"/>
                  </detail>
               </processObject>
            </objects>
         </businessConnector>
      </types1:Entry>
      <types1:GUID>81sISnfIfoJh2DcsIvOawh</types1:GUID>
      <types1:DisplayName>Concur Vendors API v3</types1:DisplayName>
   </types1:Item>
   <types1:CurrentServerDateTime>2019-02-22T09:42:47.754Z</types1:CurrentServerDateTime>
</aetgt:getResponse>
