<aetgt:getResponse xmlns:aetgt="http://schemas.active-endpoints.com/appmodules/repository/2010/10/avrepository.xsd"
                   xmlns:types1="http://schemas.active-endpoints.com/appmodules/repository/2010/10/avrepository.xsd">
   <types1:Item>
      <types1:EntryId>Dn5Smbduaa-gt-3221736-2019-01-24T00:42:20.471Z::svc.xml</types1:EntryId>
      <types1:Name>Concur_Reports_API_v3</types1:Name>
      <types1:ParentFlowIds>QylDn8dzWztZK0C-gt-556924-2019-01-24T04:12:14.681Z::conn.xml</types1:ParentFlowIds>
      <types1:MimeType>application/xml+businesssconnector</types1:MimeType>
      <types1:Description/>
      <types1:AppliesTo/>
      <types1:Tags/>
      <types1:VersionLabel>1.0</types1:VersionLabel>
      <types1:State>CURRENT</types1:State>
      <types1:ProcessGroup/>
      <types1:CreatedBy>sorabh@na1.dm-us.org</types1:CreatedBy>
      <types1:CreationDate>2019-01-24T00:42:20Z</types1:CreationDate>
      <types1:ModifiedBy>sorabh@na1.dm-us.org</types1:ModifiedBy>
      <types1:ModificationDate>2019-01-24T04:22:47Z</types1:ModificationDate>
      <types1:PublicationStatus>published</types1:PublicationStatus>
      <types1:PublishedBy>sorabh@na1.dm-us.org</types1:PublishedBy>
      <types1:PublicationDate>2019-01-24T04:23:26Z</types1:PublicationDate>
      <types1:PublishedContributionId>project:/rt.connector/Concur_Reports_API_v3/Concur_Reports_API_v3_svcDef.xml</types1:PublishedContributionId>
      <types1:AutosaveExists>false</types1:AutosaveExists>
      <types1:Entry>
         <businessConnector xmlns="http://schemas.informatica.com/socrates/data-services/2014/05/business-connector-model.xsd"
                            agentOnly="false"
                            debug="false"
                            displayName="Concur Reports API v3"
                            label=""
                            name="Concur_Reports_API_v3"
                            uuid="118e8fdb-6e56-409c-bd5a-cfa037ee354e">
            <description/>
            <tags/>
            <connectionAttributes xmlns="http://schemas.informatica.com/appmodules/screenflow/2014/04/avosConnectors.xsd">
               <connectionAttribute description="Host Name"
                                    masked="false"
                                    name="hostName"
                                    required="true"
                                    testWith="www.concursolutions.com"
                                    type="string"/>
            </connectionAttributes>
            <actions>
               <action category="Resources"
                       failOnError="true"
                       forSearch="false"
                       label="GET_expense_reports_id_"
                       maxRedirects="100"
                       name="GET_expense_reports_id_"
                       preemptiveAuth="true"
                       responseEncoding="">
                  <description>Gets a single report by ID. Returns a report by ID.</description>
                  <input>
                     <parameter description="report ID"
                                label="idPathParam"
                                name="idPathParam"
                                nogen="true"
                                required="true"
                                testWith=""
                                type="string"/>
                     <parameter description="Optional. The login ID of the report owner(s) to use when searching for reports. If the value is set to LoginID, reports for the report owner with this login ID value are returned. If the value is set to ALL, reports for all report owners are returned. If this parameter is not specified, reports for the OAuth Consumer are returned. The access token owner (OAuth Consumer) must have the Web Services Admin role to use this parameter."
                                label="user"
                                name="user"
                                required="false"
                                testWith=""
                                type="string"/>
                  </input>
                  <binding>
                     <restSimpleBinding multiUsing="semicolonSeparated"
                                        url="https://{$hostName}/api/v3.0/expense/reports/{$idPathParam}"
                                        verb="GET">
                        <httpHeaders>
                           <header name="Content-Type">application/json</header>
                           <header name="Accept">application/json</header>
                        </httpHeaders>
                     </restSimpleBinding>
                  </binding>
                  <output>
                     <field description="Success"
                            entireResponse="true"
                            name="ReportGet"
                            type="reference">
                        <options>
                           <option name="referenceTo">ReportGet</option>
                        </options>
                     </field>
                  </output>
               </action>
               <action category="Resources"
                       failOnError="true"
                       forSearch="false"
                       label="PUT_expense_reports_id_"
                       maxRedirects="100"
                       name="PUT_expense_reports_id_"
                       preemptiveAuth="true"
                       responseEncoding="">
                  <description>Update report. Updates report specified in the URL. Only the fields provided in the supplied object will be updated, missing fields will not be altered.</description>
                  <input>
                     <parameter description="The unique identifier for the report."
                                label="idPathParam"
                                name="idPathParam"
                                nogen="true"
                                required="true"
                                testWith=""
                                type="string"/>
                     <parameter description="The report object to update"
                                label="content"
                                name="content"
                                required="true"
                                testWith=""
                                type="reference">
                        <options>
                           <option name="referenceTo">ReportPut</option>
                        </options>
                     </parameter>
                     <parameter description="Optional. The login ID for the Report Owner."
                                label="user"
                                name="user"
                                required="false"
                                testWith=""
                                type="string"/>
                  </input>
                  <binding>
                     <restSimpleBinding multiUsing="semicolonSeparated"
                                        url="https://{$hostName}/api/v3.0/expense/reports/{$idPathParam}"
                                        verb="PUT">
                        <httpHeaders>
                           <header name="Content-Type">application/json</header>
                           <header name="Accept">application/json</header>
                        </httpHeaders>
                        <body generateUsing="UnwrappedJSON" preserveJsonStringFormatting="false"/>
                     </restSimpleBinding>
                  </binding>
                  <output>
                     <field description="Success"
                            entireResponse="true"
                            name="Void"
                            type="reference">
                        <options>
                           <option name="referenceTo">Void</option>
                        </options>
                     </field>
                  </output>
               </action>
               <action category="Resources"
                       failOnError="true"
                       forSearch="false"
                       label="POST_expense_reports"
                       maxRedirects="100"
                       name="POST_expense_reports"
                       preemptiveAuth="true"
                       responseEncoding="">
                  <description>Create a new report. Create a new report</description>
                  <input>
                     <parameter description="report object to create"
                                label="content"
                                name="content"
                                required="true"
                                testWith=""
                                type="reference">
                        <options>
                           <option name="referenceTo">ReportPost</option>
                        </options>
                     </parameter>
                     <parameter description="Optional. The login ID for the Report Owner."
                                label="user"
                                name="user"
                                required="false"
                                testWith=""
                                type="string"/>
                  </input>
                  <binding>
                     <restSimpleBinding multiUsing="semicolonSeparated"
                                        url="https://{$hostName}/api/v3.0/expense/reports"
                                        verb="POST">
                        <httpHeaders>
                           <header name="Content-Type">application/json</header>
                           <header name="Accept">application/json</header>
                        </httpHeaders>
                        <body generateUsing="UnwrappedJSON" preserveJsonStringFormatting="false"/>
                     </restSimpleBinding>
                  </binding>
                  <output>
                     <field description="Success"
                            entireResponse="true"
                            name="CreateResponse"
                            type="reference">
                        <options>
                           <option name="referenceTo">CreateResponse</option>
                        </options>
                     </field>
                  </output>
               </action>
               <action category="Resources"
                       failOnError="true"
                       forSearch="false"
                       label="GET_expense_reports"
                       maxRedirects="100"
                       name="GET_expense_reports"
                       preemptiveAuth="true"
                       responseEncoding="">
                  <description>Gets all reports. Returns all reports owned by the user based on the search criteria.</description>
                  <input>
                     <parameter description="Starting page offset"
                                label="offset"
                                name="offset"
                                required="false"
                                testWith=""
                                type="string"/>
                     <parameter description="Number of records to return (default 25)"
                                label="limit"
                                name="limit"
                                required="false"
                                testWith=""
                                type="int"/>
                     <parameter description="Optional. The login ID of the report owner(s) to use when searching for reports. If the value is set to LoginID, reports for the report owner with this login ID value are returned. If the value is set to ALL, reports for all report owners are returned. If this parameter is not specified, reports for the OAuth Consumer are returned. The access token owner (OAuth Consumer) must have the Web Services Admin role to use this parameter."
                                label="user"
                                name="user"
                                required="false"
                                testWith=""
                                type="string"/>
                     <parameter description="The status code for the Approval Status. The values can include Concur Expense standard codes or custom codes. The Concur Expense standard code values are: A_AAFH - Report submission triggered an anomaly and fraud check; A_ACCO - Report is pending reviews; A_APPR - Report has been approved; A_EXTV - Report is pending external validation; A_FILE - Report has been submitted; A_NOTF - Report has not been submitted; A_PBDG - Report approval is pending Budget approval; A_PECO - Report approval is pending Cost object approval; A_PEND - Report is pending manager approval; A_PVAL - Report is pending prepayment validation; A_RESU - Report needs to be resubmitted; A_RHLD - Report submission is pending receipt images; A_TEXP - Report expired in approval queue. For custom codes, contact Concur Developer Support."
                                label="approvalStatusCode"
                                name="approvalStatusCode"
                                required="false"
                                testWith=""
                                type="string"/>
                     <parameter description="The payment status code for the report. The values can include Concur Expense standard codes or custom codes. The Concur Expense standard code values are: P_HOLD - Report payment is on hold; P_NOTP - Report has not been paid; P_PAID - Report has been paid; P_PAYC - Payment is confirmed. Some or all of the report expenses have been paid; P_PROC - Report is in process to be paid. For custom codes, contact Concur Developer Support."
                                label="paymentStatusCode"
                                name="paymentStatusCode"
                                required="false"
                                testWith=""
                                type="string"/>
                     <parameter description="The 3-letter ISO 4217 currency code for the report currency. Example: USD."
                                label="currencyCode"
                                name="currencyCode"
                                required="false"
                                testWith=""
                                type="string"/>
                     <parameter description="The unique identifier for the payment type that is the payment type for at least one expense entry in the report. Use PaymentTypeID from Response of GET Expense Group Configurations V3 to obtain valid payment types."
                                label="paymentType"
                                name="paymentType"
                                required="false"
                                testWith=""
                                type="string"/>
                     <parameter description="The method the report owner will be reimbursed. VALUES: ADPPAYR - ADP Payroll; APCHECK - AP (Company Check); CNQRPAY - Expense Pay; PMTSERV - Other Payment Service. NOTE: PAY_PAL is NOT supported."
                                label="reimbursementMethod"
                                name="reimbursementMethod"
                                required="false"
                                testWith=""
                                type="string"/>
                     <parameter description="The login ID for the report approver that is the current approver assigned to the report."
                                label="approverLoginID"
                                name="approverLoginID"
                                required="false"
                                testWith=""
                                type="string"/>
                     <parameter description="The expense type code that is the expense type for at least one expense entry in the report. Use ExpenseTypeCode from Response of GET Expense Group Configurations V3."
                                label="expenseTypeCode"
                                name="expenseTypeCode"
                                required="false"
                                testWith=""
                                type="string"/>
                     <parameter description="The report contains expense entries that have attendees of the specified type."
                                label="attendeeTypeCode"
                                name="attendeeTypeCode"
                                required="false"
                                testWith=""
                                type="string"/>
                     <parameter description="The report country. Maximum 2 characters. Format: The ISO 3166-1 alpha-2 country code. Example: United States is US."
                                label="countryCode"
                                name="countryCode"
                                required="false"
                                testWith=""
                                type="string"/>
                     <parameter description="The unique identifier for a payment batch where there is at least one report payee within the report. Use the BatchID from Response of GET Payment Batch List."
                                label="batchID"
                                name="batchID"
                                required="false"
                                testWith=""
                                type="string"/>
                     <parameter description="The Vendor Description that is the vendor for at least one expense entry in the report."
                                label="vendorName"
                                name="vendorName"
                                required="false"
                                testWith=""
                                type="string"/>
                     <parameter description="Determines if the report has at least one expense entry with VAT details. FORMAT: true or false."
                                label="hasVAT"
                                name="hasVAT"
                                required="false"
                                testWith=""
                                type="boolean"/>
                     <parameter description="Determines if the report has at least one expense entry with an entry image or if there is a report image for this report. FORMAT: true or false."
                                label="hasImages"
                                name="hasImages"
                                required="false"
                                testWith=""
                                type="boolean"/>
                     <parameter description="Determines if the report has at least one expense entry with an attendee. FORMAT: true or false."
                                label="hasAttendees"
                                name="hasAttendees"
                                required="false"
                                testWith=""
                                type="boolean"/>
                     <parameter description="The IsBillable flag for at least one expense entry in the report. FORMAT: true or false."
                                label="hasBillableExpenses"
                                name="hasBillableExpenses"
                                required="false"
                                testWith=""
                                type="boolean"/>
                     <parameter description="The report owner is a test user using the report for testing purposes in a non-production envirnment. FORMAT: true or false."
                                label="isTestUser"
                                name="isTestUser"
                                required="false"
                                testWith=""
                                type="boolean"/>
                     <parameter description="The unique identifier for the expense group configuration associated to the report's expense group. Use the ID from the Response of the Expense Group Configurations V3."
                                label="expenseGroupConfigID"
                                name="expenseGroupConfigID"
                                required="false"
                                testWith=""
                                type="string"/>
                     <parameter description="The list item code for an allocation field for at least allocation in the report."
                                label="costObject"
                                name="costObject"
                                required="false"
                                testWith=""
                                type="string"/>
                     <parameter description="The entry transaction date for at least one expense entry in the report is before this date.Format: YYYY-MM-DD"
                                label="entryTransactionDateBefore"
                                name="entryTransactionDateBefore"
                                required="false"
                                testWith=""
                                type="datetime"/>
                     <parameter description="The entry transaction date for at least one expense entry in the report is after this date.Format: YYYY-MM-DD"
                                label="entryTransactionDateAfter"
                                name="entryTransactionDateAfter"
                                required="false"
                                testWith=""
                                type="datetime"/>
                     <parameter description="The report create date is before this date.Format: YYYY-MM-DD"
                                label="createDateBefore"
                                name="createDateBefore"
                                required="false"
                                testWith=""
                                type="datetime"/>
                     <parameter description="The report create date is after this date.Format: YYYY-MM-DD"
                                label="createDateAfter"
                                name="createDateAfter"
                                required="false"
                                testWith=""
                                type="datetime"/>
                     <parameter description="The report user defined date is before this date.Format: YYYY-MM-DD"
                                label="userDefinedDateBefore"
                                name="userDefinedDateBefore"
                                required="false"
                                testWith=""
                                type="datetime"/>
                     <parameter description="The report user defined date is after this date.Format: YYYY-MM-DD"
                                label="userDefinedDateAfter"
                                name="userDefinedDateAfter"
                                required="false"
                                testWith=""
                                type="datetime"/>
                     <parameter description="The report submit date is before this date.Format: YYYY-MM-DD"
                                label="submitDateBefore"
                                name="submitDateBefore"
                                required="false"
                                testWith=""
                                type="datetime"/>
                     <parameter description="The report submit date is after this date.Format: YYYY-MM-DD"
                                label="submitDateAfter"
                                name="submitDateAfter"
                                required="false"
                                testWith=""
                                type="datetime"/>
                     <parameter description="The report processing payment date is before this date.Format: YYYY-MM-DD"
                                label="processingPaymentDateBefore"
                                name="processingPaymentDateBefore"
                                required="false"
                                testWith=""
                                type="datetime"/>
                     <parameter description="The report processing payment date is after this date. Format: YYYY-MM-DD"
                                label="processingPaymentDateAfter"
                                name="processingPaymentDateAfter"
                                required="false"
                                testWith=""
                                type="datetime"/>
                     <parameter description="The report paid date is before this date.Format: YYYY-MM-DD"
                                label="paidDateBefore"
                                name="paidDateBefore"
                                required="false"
                                testWith=""
                                type="datetime"/>
                     <parameter description="The report paid date is after this date.Format: YYYY-MM-DD"
                                label="paidDateAfter"
                                name="paidDateAfter"
                                required="false"
                                testWith=""
                                type="datetime"/>
                     <parameter description="The report modified date is before this date.Format: YYYY-MM-DD"
                                label="modifiedDateBefore"
                                name="modifiedDateBefore"
                                required="false"
                                testWith=""
                                type="datetime"/>
                     <parameter description="The report modified date is after this date.Format: YYYY-MM-DD"
                                label="modifiedDateAfter"
                                name="modifiedDateAfter"
                                required="false"
                                testWith=""
                                type="datetime"/>
                     <parameter label="Token" name="Token" required="true" type="string"/>
                  </input>
                  <binding>
                     <restSimpleBinding multiUsing="semicolonSeparated"
                                        url="https://{$hostName}/api/v3.0/expense/reports"
                                        verb="GET">
                        <httpHeaders>
                           <header name="Content-Type">application/json</header>
                           <header name="Accept">application/json</header>
                           <header name="Authorization">OAuth {$Token}</header>
                        </httpHeaders>
                     </restSimpleBinding>
                  </binding>
                  <output>
                     <field description="Success"
                            entireResponse="true"
                            name="ReportCollection"
                            type="reference">
                        <options>
                           <option name="referenceTo">ReportCollection</option>
                        </options>
                     </field>
                  </output>
               </action>
            </actions>
            <objects>
               <processObject xmlns="http://schemas.active-endpoints.com/appmodules/screenflow/2011/06/avosHostEnvironment.xsd"
                              isByCopy="true"
                              name="ReportGet">
                  <description/>
                  <detail>
                     <field name="LastModifiedDate" type="datetime"/>
                     <field name="Custom19" type="reference">
                        <options>
                           <option name="referenceTo">CustomField</option>
                           <option name="relationshipName">Child</option>
                        </options>
                     </field>
                     <field name="Custom18" type="reference">
                        <options>
                           <option name="referenceTo">CustomField</option>
                           <option name="relationshipName">Child</option>
                        </options>
                     </field>
                     <field name="SubmitDate" type="datetime"/>
                     <field name="Custom13" type="reference">
                        <options>
                           <option name="referenceTo">CustomField</option>
                           <option name="relationshipName">Child</option>
                        </options>
                     </field>
                     <field name="ApproverLoginID" type="string"/>
                     <field name="Custom12" type="reference">
                        <options>
                           <option name="referenceTo">CustomField</option>
                           <option name="relationshipName">Child</option>
                        </options>
                     </field>
                     <field name="Custom11" type="reference">
                        <options>
                           <option name="referenceTo">CustomField</option>
                           <option name="relationshipName">Child</option>
                        </options>
                     </field>
                     <field name="ReceiptsReceived" type="boolean"/>
                     <field name="Custom10" type="reference">
                        <options>
                           <option name="referenceTo">CustomField</option>
                           <option name="relationshipName">Child</option>
                        </options>
                     </field>
                     <field name="ApprovalStatusCode" type="string"/>
                     <field name="Custom17" type="reference">
                        <options>
                           <option name="referenceTo">CustomField</option>
                           <option name="relationshipName">Child</option>
                        </options>
                     </field>
                     <field name="CreateDate" type="datetime"/>
                     <field name="Custom16" type="reference">
                        <options>
                           <option name="referenceTo">CustomField</option>
                           <option name="relationshipName">Child</option>
                        </options>
                     </field>
                     <field name="Custom15" type="reference">
                        <options>
                           <option name="referenceTo">CustomField</option>
                           <option name="relationshipName">Child</option>
                        </options>
                     </field>
                     <field name="Custom14" type="reference">
                        <options>
                           <option name="referenceTo">CustomField</option>
                           <option name="relationshipName">Child</option>
                        </options>
                     </field>
                     <field name="Name" type="string"/>
                     <field name="CurrencyCode" type="string"/>
                     <field name="TotalClaimedAmount" type="double"/>
                     <field name="LastComment" type="string"/>
                     <field name="ID" type="string"/>
                     <field name="LedgerName" type="string"/>
                     <field name="PaymentStatusName" type="string"/>
                     <field name="PolicyID" type="string"/>
                     <field name="WorkflowActionUrl" type="string"/>
                     <field name="OwnerLoginID" type="string"/>
                     <field name="AmountDueCompanyCard" type="double"/>
                     <field name="HasException" type="boolean"/>
                     <field name="CountrySubdivision" type="string"/>
                     <field name="Custom4" type="reference">
                        <options>
                           <option name="referenceTo">CustomField</option>
                           <option name="relationshipName">Child</option>
                        </options>
                     </field>
                     <field name="EverSentBack" type="boolean"/>
                     <field name="Custom3" type="reference">
                        <options>
                           <option name="referenceTo">CustomField</option>
                           <option name="relationshipName">Child</option>
                        </options>
                     </field>
                     <field name="Custom2" type="reference">
                        <options>
                           <option name="referenceTo">CustomField</option>
                           <option name="relationshipName">Child</option>
                        </options>
                     </field>
                     <field name="ApprovalStatusName" type="string"/>
                     <field name="Custom1" type="reference">
                        <options>
                           <option name="referenceTo">CustomField</option>
                           <option name="relationshipName">Child</option>
                        </options>
                     </field>
                     <field name="Custom8" type="reference">
                        <options>
                           <option name="referenceTo">CustomField</option>
                           <option name="relationshipName">Child</option>
                        </options>
                     </field>
                     <field name="Custom7" type="reference">
                        <options>
                           <option name="referenceTo">CustomField</option>
                           <option name="relationshipName">Child</option>
                        </options>
                     </field>
                     <field name="ProcessingPaymentDate" type="datetime"/>
                     <field name="Custom6" type="reference">
                        <options>
                           <option name="referenceTo">CustomField</option>
                           <option name="relationshipName">Child</option>
                        </options>
                     </field>
                     <field name="Custom5" type="reference">
                        <options>
                           <option name="referenceTo">CustomField</option>
                           <option name="relationshipName">Child</option>
                        </options>
                     </field>
                     <field name="Country" type="string"/>
                     <field name="Custom9" type="reference">
                        <options>
                           <option name="referenceTo">CustomField</option>
                           <option name="relationshipName">Child</option>
                        </options>
                     </field>
                     <field name="PaymentStatusCode" type="string"/>
                     <field name="TotalApprovedAmount" type="double"/>
                     <field name="OwnerName" type="string"/>
                     <field name="URI" type="string"/>
                     <field name="PaidDate" type="datetime"/>
                     <field name="ApproverName" type="string"/>
                     <field name="UserDefinedDate" type="datetime"/>
                     <field name="OrgUnit6" type="reference">
                        <options>
                           <option name="referenceTo">CustomField</option>
                           <option name="relationshipName">Child</option>
                        </options>
                     </field>
                     <field name="OrgUnit5" type="reference">
                        <options>
                           <option name="referenceTo">CustomField</option>
                           <option name="relationshipName">Child</option>
                        </options>
                     </field>
                     <field name="OrgUnit4" type="reference">
                        <options>
                           <option name="referenceTo">CustomField</option>
                           <option name="relationshipName">Child</option>
                        </options>
                     </field>
                     <field name="OrgUnit3" type="reference">
                        <options>
                           <option name="referenceTo">CustomField</option>
                           <option name="relationshipName">Child</option>
                        </options>
                     </field>
                     <field name="OrgUnit2" type="reference">
                        <options>
                           <option name="referenceTo">CustomField</option>
                           <option name="relationshipName">Child</option>
                        </options>
                     </field>
                     <field name="OrgUnit1" type="reference">
                        <options>
                           <option name="referenceTo">CustomField</option>
                           <option name="relationshipName">Child</option>
                        </options>
                     </field>
                     <field name="PersonalAmount" type="double"/>
                     <field name="Custom20" type="reference">
                        <options>
                           <option name="referenceTo">CustomField</option>
                           <option name="relationshipName">Child</option>
                        </options>
                     </field>
                     <field name="Total" type="double"/>
                     <field name="AmountDueEmployee" type="double"/>
                  </detail>
               </processObject>
               <processObject xmlns="http://schemas.active-endpoints.com/appmodules/screenflow/2011/06/avosHostEnvironment.xsd"
                              isByCopy="true"
                              name="Decimal">
                  <description/>
                  <detail/>
               </processObject>
               <processObject xmlns="http://schemas.active-endpoints.com/appmodules/screenflow/2011/06/avosHostEnvironment.xsd"
                              isByCopy="true"
                              name="ReportCollection">
                  <description/>
                  <detail>
                     <field name="Items" type="reference">
                        <options>
                           <option name="referenceTo">ReportGet</option>
                           <option name="relationshipName">Child</option>
                        </options>
                     </field>
                     <field name="NextPage" type="string"/>
                  </detail>
               </processObject>
               <processObject xmlns="http://schemas.active-endpoints.com/appmodules/screenflow/2011/06/avosHostEnvironment.xsd"
                              isByCopy="true"
                              name="CreateResponse">
                  <description/>
                  <detail>
                     <field name="ID" type="string"/>
                     <field name="URI" type="string"/>
                  </detail>
               </processObject>
               <processObject xmlns="http://schemas.active-endpoints.com/appmodules/screenflow/2011/06/avosHostEnvironment.xsd"
                              isByCopy="true"
                              name="Nullable_1">
                  <description/>
                  <detail>
                     <field name="Value" type="reference">
                        <options>
                           <option name="referenceTo">Decimal</option>
                           <option name="relationshipName">Child</option>
                        </options>
                     </field>
                     <field name="HasValue" type="boolean"/>
                  </detail>
               </processObject>
               <processObject xmlns="http://schemas.active-endpoints.com/appmodules/screenflow/2011/06/avosHostEnvironment.xsd"
                              isByCopy="true"
                              name="CustomField">
                  <description/>
                  <detail>
                     <field name="ListItemID" type="string"/>
                     <field name="Type" type="string"/>
                     <field name="Value" type="string"/>
                     <field name="Code" type="string"/>
                  </detail>
               </processObject>
               <processObject xmlns="http://schemas.active-endpoints.com/appmodules/screenflow/2011/06/avosHostEnvironment.xsd"
                              isByCopy="true"
                              name="ReportPut">
                  <description/>
                  <detail>
                     <field name="Custom19" type="string"/>
                     <field name="Custom18" type="string"/>
                     <field name="Custom13" type="string"/>
                     <field name="Custom12" type="string"/>
                     <field name="Custom11" type="string"/>
                     <field name="Custom10" type="string"/>
                     <field name="Custom17" type="string"/>
                     <field name="Custom16" type="string"/>
                     <field name="Custom15" type="string"/>
                     <field name="Custom14" type="string"/>
                     <field name="Name" type="string"/>
                     <field name="PolicyID" type="string"/>
                     <field name="Comment" type="string"/>
                     <field name="UserDefinedDate" type="datetime"/>
                     <field name="OrgUnit6" type="string"/>
                     <field name="OrgUnit5" type="string"/>
                     <field name="Purpose" type="string"/>
                     <field name="OrgUnit4" type="string"/>
                     <field name="OrgUnit3" type="string"/>
                     <field name="OrgUnit2" type="string"/>
                     <field name="OrgUnit1" type="string"/>
                     <field name="Custom4" type="string"/>
                     <field name="Custom3" type="string"/>
                     <field name="Custom2" type="string"/>
                     <field name="Custom1" type="string"/>
                     <field name="Custom20" type="string"/>
                     <field name="Custom8" type="string"/>
                     <field name="Custom7" type="string"/>
                     <field name="Custom6" type="string"/>
                     <field name="Custom5" type="string"/>
                     <field name="Custom9" type="string"/>
                  </detail>
               </processObject>
               <processObject xmlns="http://schemas.active-endpoints.com/appmodules/screenflow/2011/06/avosHostEnvironment.xsd"
                              isByCopy="true"
                              name="ReportPost">
                  <description/>
                  <detail>
                     <field name="Custom19" type="string"/>
                     <field name="Custom18" type="string"/>
                     <field name="Custom13" type="string"/>
                     <field name="Custom12" type="string"/>
                     <field name="Custom11" type="string"/>
                     <field name="Custom10" type="string"/>
                     <field name="Custom17" type="string"/>
                     <field name="Custom16" type="string"/>
                     <field name="Custom15" type="string"/>
                     <field name="Custom14" type="string"/>
                     <field name="Name" type="string"/>
                     <field name="PolicyID" type="string"/>
                     <field name="Comment" type="string"/>
                     <field name="UserDefinedDate" type="datetime"/>
                     <field name="OrgUnit6" type="string"/>
                     <field name="OrgUnit5" type="string"/>
                     <field name="Purpose" type="string"/>
                     <field name="OrgUnit4" type="string"/>
                     <field name="OrgUnit3" type="string"/>
                     <field name="OrgUnit2" type="string"/>
                     <field name="OrgUnit1" type="string"/>
                     <field name="Custom4" type="string"/>
                     <field name="Custom3" type="string"/>
                     <field name="Custom2" type="string"/>
                     <field name="Custom1" type="string"/>
                     <field name="Custom20" type="string"/>
                     <field name="Custom8" type="string"/>
                     <field name="Custom7" type="string"/>
                     <field name="Custom6" type="string"/>
                     <field name="Custom5" type="string"/>
                     <field name="Custom9" type="string"/>
                  </detail>
               </processObject>
               <processObject xmlns="http://schemas.active-endpoints.com/appmodules/screenflow/2011/06/avosHostEnvironment.xsd"
                              isByCopy="true"
                              name="Void">
                  <description/>
                  <detail/>
               </processObject>
               <processObject xmlns="http://schemas.active-endpoints.com/appmodules/screenflow/2011/06/avosHostEnvironment.xsd"
                              isByCopy="true"
                              name="string">
                  <description/>
                  <detail>
                     <field name="string" type="string"/>
                  </detail>
               </processObject>
               <processObject xmlns="http://schemas.active-endpoints.com/appmodules/screenflow/2011/06/avosHostEnvironment.xsd"
                              isByCopy="true"
                              name="boolean">
                  <description/>
                  <detail>
                     <field name="boolean" type="boolean"/>
                  </detail>
               </processObject>
               <processObject xmlns="http://schemas.active-endpoints.com/appmodules/screenflow/2011/06/avosHostEnvironment.xsd"
                              isByCopy="true"
                              name="double">
                  <description/>
                  <detail>
                     <field name="double" type="double"/>
                  </detail>
               </processObject>
               <processObject xmlns="http://schemas.active-endpoints.com/appmodules/screenflow/2011/06/avosHostEnvironment.xsd"
                              isByCopy="true"
                              name="integer">
                  <description/>
                  <detail>
                     <field name="integer" type="int"/>
                  </detail>
               </processObject>
            </objects>
         </businessConnector>
      </types1:Entry>
      <types1:GUID>dlbB73MTI2PcGaJKAjjs4Y</types1:GUID>
      <types1:DisplayName>Concur Reports API v3</types1:DisplayName>
   </types1:Item>
   <types1:CurrentServerDateTime>2019-02-22T09:42:48.062Z</types1:CurrentServerDateTime>
</aetgt:getResponse>
