{
   "exportedObjects": [
      {
         "objectGuid": "almpU5d486xjg3tXw87BET",
         "objectName": "Shared assets",
         "objectType": "Project",
         "path": "/Explore",
         "metadata": {
            "additionalInfo": {
               "contentType": "Binary",
               "description": "This Project contains shared assets",
               "documentState": "COMPLETE"
            },
            "contextAttributes": [],
            "modelVersion": {
               "major": 0,
               "minor": 0
            },
            "objectRefs": [],
            "repoInfo": null
         }
      },
      {
         "objectGuid": "00m3cKr9AGOjGY55vZSASH",
         "objectName": "Service Connectors",
         "objectType": "Folder",
         "path": "/Explore/Shared assets",
         "metadata": {
            "additionalInfo": {
               "contentType": "Binary",
               "description": "",
               "documentState": "COMPLETE"
            },
            "contextAttributes": [],
            "modelVersion": {
               "major": 0,
               "minor": 0
            },
            "objectRefs": [],
            "repoInfo": null
         }
      },
      {
         "objectGuid": "4d7gn1IE3jYlAo6Co0CEgg",
         "objectName": "Oracle Cloud Infrastructure Compute Shapes API v18-1-2",
         "objectType": "AI_SERVICE_CONNECTOR",
         "path": "/Explore/Shared assets/Service Connectors",
         "metadata": {
            "additionalInfo": {
               "contentType": "application/json; charset=utf-8",
               "description": "A shape is a resource profile that specifies the number of OCPUs and the amount of memory to be allocated to an instance in Compute Classic. The shape determines the type of disk drive that your instance uses. If you select a general purpose or high-memory shape, a hard-disk drive is used. If you select a high-I/O shape, an NVM Express solid-state drive is used. High-I/O shapes also determine the size of the root disk.\u003cp\u003e\u003cb\u003eNote:\u003c/b\u003e High-I/O shapes aren't available in all sites.\u003cp\u003eFor more information about shapes, see \u003ca target=\"_blank\" href=\"http://www.oracle.com/pls/topic/lookup?ctx=stcomputecs\u0026amp;id=STCSG-GUID-1DD0FA71-AC7B-461C-B8C1-14892725AA69\"\u003eAbout Machine Images and Shapes\u003c/a\u003e in \u003ci\u003eUsing Oracle Cloud Infrastructure Compute Classic\u003c/i\u003e.",
               "documentState": "VALID"
            },
            "contextAttributes": null,
            "modelVersion": {
               "major": 1,
               "minor": 0
            },
            "objectRefs": [],
            "repoInfo": {
               "repoHandle": "ypmXbeMVX3cjk91-gt-1681992-2019-02-12T01:15:23.403Z::svc.xml"
            }
         }
      }
   ]
}