{"annotations":[],"baseURI":null,"id":"Projects(7g3SuFQE5Zigy5u5kZ6ysX)","title":null,"associationLinks":[],"navigationLinks":[],"type":"OData.frs.Project","editLink":null,"mediaEditLinks":[],"operations":[],"properties":[{"annotations":[],"valueType":"PRIMITIVE","value":"7g3SuFQE5Zigy5u5kZ6ysX","type":null,"name":"id","null":false,"geospatial":false,"collection":false,"complex":false,"primitive":true,"enum":false},{"annotations":[],"valueType":"PRIMITIVE","value":"Customer Targeted Demonstration and POC Assets","type":null,"name":"name","null":false,"geospatial":false,"collection":false,"complex":false,"primitive":true,"enum":false},{"annotations":[],"valueType":"PRIMITIVE","value":"This project is to be used for creating Customer specific assets for targeted/custom demonstration and/or proof of concept activities.","type":null,"name":"description","null":false,"geospatial":false,"collection":false,"complex":false,"primitive":true,"enum":false},{"annotations":[],"valueType":"PRIMITIVE","value":"01EBm0NzuaDdfMMQfzROYk","type":null,"name":"owner","null":false,"geospatial":false,"collection":false,"complex":false,"primitive":true,"enum":false},{"annotations":[],"valueType":"PRIMITIVE","value":"01EBm0NzuaDdfMMQfzROYk","type":null,"name":"createdBy","null":false,"geospatial":false,"collection":false,"complex":false,"primitive":true,"enum":false},{"annotations":[],"valueType":"PRIMITIVE","value":"57JLqTBEak5kyBPOHNxc6m","type":null,"name":"lastUpdatedBy","null":false,"geospatial":false,"collection":false,"complex":false,"primitive":true,"enum":false},{"annotations":[],"valueType":"PRIMITIVE","value":"57JLqTBEak5kyBPOHNxc6m","type":null,"name":"lastAccessedBy","null":false,"geospatial":false,"collection":false,"complex":false,"primitive":true,"enum":false},{"annotations":[],"valueType":"PRIMITIVE","value":"2018-04-10T18:49:12.000Z","type":null,"name":"createdTime","null":false,"geospatial":false,"collection":false,"complex":false,"primitive":true,"enum":false},{"annotations":[],"valueType":"PRIMITIVE","value":"2019-03-19T07:30:27.000Z","type":null,"name":"lastUpdatedTime","null":false,"geospatial":false,"collection":false,"complex":false,"primitive":true,"enum":false},{"annotations":[],"valueType":"PRIMITIVE","value":"2021-03-25T17:32:55.000Z","type":null,"name":"lastAccessedTime","null":false,"geospatial":false,"collection":false,"complex":false,"primitive":true,"enum":false},{"annotations":[],"valueType":"PRIMITIVE","value":"2038-01-18T00:00:00.000Z","type":null,"name":"expiresBy","null":false,"geospatial":false,"collection":false,"complex":false,"primitive":true,"enum":false},{"annotations":[],"valueType":"PRIMITIVE","value":"Project","type":null,"name":"documentType","null":false,"geospatial":false,"collection":false,"complex":false,"primitive":true,"enum":false},{"annotations":[],"valueType":"PRIMITIVE","value":"Binary","type":null,"name":"contentType","null":false,"geospatial":false,"collection":false,"complex":false,"primitive":true,"enum":false},{"annotations":[],"valueType":"PRIMITIVE","value":"COMPLETE","type":null,"name":"documentState","null":false,"geospatial":false,"collection":false,"complex":false,"primitive":true,"enum":false},{"annotations":[],"valueType":"PRIMITIVE","value":"org","type":null,"name":"aclRule","null":false,"geospatial":false,"collection":false,"complex":false,"primitive":true,"enum":false},{"annotations":[],"valueType":"PRIMITIVE","value":107,"type":null,"name":"subcontainerCount","null":false,"geospatial":false,"collection":false,"complex":false,"primitive":true,"enum":false},{"annotations":[],"valueType":"COMPLEX","value":null,"type":null,"name":"customAttributes","null":true,"geospatial":false,"collection":false,"complex":true,"primitive":false,"enum":false},{"annotations":[],"valueType":"COMPLEX","value":null,"type":null,"name":"repoInfo","null":true,"geospatial":false,"collection":false,"complex":true,"primitive":false,"enum":false},{"annotations":[],"valueType":"COLLECTION_COMPLEX","value":[{"annotations":[],"baseURI":null,"id":null,"title":null,"associationLinks":[],"navigationLinks":[],"value":[{"annotations":[],"valueType":"PRIMITIVE","value":"7cCn5thwWFLhiZoSosphKL","type":null,"name":"parentId","null":false,"geospatial":false,"collection":false,"complex":false,"primitive":true,"enum":false},{"annotations":[],"valueType":"PRIMITIVE","value":"REG","type":null,"name":"parentName","null":false,"geospatial":false,"collection":false,"complex":false,"primitive":true,"enum":false},{"annotations":[],"valueType":"PRIMITIVE","value":"Space","type":null,"name":"parentType","null":false,"geospatial":false,"collection":false,"complex":false,"primitive":true,"enum":false}],"navigationBindings":[]}],"type":null,"name":"parentInfo","null":false,"geospatial":false,"collection":true,"complex":true,"primitive":false,"enum":false}],"mediaContentSource":null,"mediaContentType":null,"mediaETag":null,"etag":null,"mediaEntity":false,"selfLink":null,"navigationBindings":[]}