<aetgt:getResponse xmlns:aetgt="http://schemas.active-endpoints.com/appmodules/repository/2010/10/avrepository.xsd"
                   xmlns:types1="http://schemas.active-endpoints.com/appmodules/repository/2010/10/avrepository.xsd">
   <types1:Item>
      <types1:EntryId>ShsZvPP8KnBQ9WY-gt-4086628-2019-01-28T14:19:04.472Z::svc.xml</types1:EntryId>
      <types1:Name>Oracle_Cloud_Infrastructure_Compute_Backup_Configurations_API_v18-1-2</types1:Name>
      <types1:MimeType>application/xml+businesssconnector</types1:MimeType>
      <types1:Description>You can schedule backups to be taken automatically at defined intervals. Scheduling a backup creates a snapshot of the specified storage volume and the snapshot is stored in the associated Oracle Cloud Infrastructure Object Storage Classic instance.&lt;p&gt;You can add, delete, update, and retrieve details of backup configurations using the HTTP requests listed below.&lt;p&gt;These endpoints are not available on Oracle Cloud Machine.&lt;/p&gt;</types1:Description>
      <types1:AppliesTo/>
      <types1:Tags/>
      <types1:VersionLabel>1.0</types1:VersionLabel>
      <types1:State>CURRENT</types1:State>
      <types1:ProcessGroup/>
      <types1:CreatedBy>sorabh@na1.dm-us.org</types1:CreatedBy>
      <types1:CreationDate>2019-01-28T14:19:04Z</types1:CreationDate>
      <types1:ModifiedBy>sorabh@na1.dm-us.org</types1:ModifiedBy>
      <types1:ModificationDate>2019-02-25T09:16:37Z</types1:ModificationDate>
      <types1:PublicationStatus>published</types1:PublicationStatus>
      <types1:PublishedBy>sorabh@na1.dm-us.org</types1:PublishedBy>
      <types1:PublicationDate>2019-02-25T09:16:44Z</types1:PublicationDate>
      <types1:PublishedContributionId>project:/rt.connector/Oracle_Cloud_Infrastructure_Compute_Backup_Configurations_API_v18_1_2/Oracle_Cloud_Infrastructure_Compute_Backup_Configurations_API_v18_1_2_svcDef.xml</types1:PublishedContributionId>
      <types1:AutosaveExists>false</types1:AutosaveExists>
      <types1:Entry>
         <businessConnector xmlns="http://schemas.informatica.com/socrates/data-services/2014/05/business-connector-model.xsd"
                            agentOnly="false"
                            debug="false"
                            displayName="Oracle Cloud Infrastructure Compute Backup Configurations API v18-1-2"
                            label=""
                            name="Oracle_Cloud_Infrastructure_Compute_Backup_Configurations_API_v18-1-2"
                            uuid="2fcabff5-1fbe-4253-b1ca-9950765ab171">
            <description>You can schedule backups to be taken automatically at defined intervals. Scheduling a backup creates a snapshot of the specified storage volume and the snapshot is stored in the associated Oracle Cloud Infrastructure Object Storage Classic instance.&lt;p&gt;You can add, delete, update, and retrieve details of backup configurations using the HTTP requests listed below.&lt;p&gt;These endpoints are not available on Oracle Cloud Machine.&lt;/p&gt;</description>
            <tags/>
            <connectionAttributes xmlns="http://schemas.informatica.com/appmodules/screenflow/2014/04/avosConnectors.xsd">
               <connectionAttribute description="Host Name"
                                    masked="false"
                                    name="hostName"
                                    required="true"
                                    testWith="apicatalog.oraclecloud.com"
                                    type="string"/>
            </connectionAttributes>
            <actions>
               <action category="Backup Configurations"
                       failOnError="true"
                       forSearch="false"
                       label="getBackupConfiguration"
                       maxRedirects="100"
                       name="getBackupConfiguration"
                       preemptiveAuth="true"
                       responseEncoding="">
                  <description>Retrieve Details of a Backup Configuration. This endpoint is not available on Oracle Cloud Machine.&lt;p&gt;Retrieves details of the specified backup configuration. You can use this request to verify whether the POST and PUT HTTP requests were completed successfully.&lt;p&gt;&lt;b&gt;Required Role: &lt;/b&gt;To complete this task, you must have the &lt;code&gt;Compute_Monitor&lt;/code&gt; or &lt;code&gt;Compute_Operations&lt;/code&gt;role. If this role isn't assigned to you or you're not sure, then ask your system administrator to ensure that the role is assigned to you in Oracle Cloud My Services. See &lt;a target="_blank" href="http://www.oracle.com/pls/topic/lookup?ctx=stcomputecs&amp;id=MMOCS-GUID-54C2E747-7D5B-451C-A39C-77936178EBB6"&gt;Modifying User Roles&lt;/a&gt; in &lt;em&gt;Managing and Monitoring Oracle Cloud&lt;/em&gt;.</description>
                  <input>
                     <parameter description="Multi-part name of BackupConfiguration to get"
                                label="namePathParam"
                                name="namePathParam"
                                nogen="true"
                                required="true"
                                testWith=""
                                type="string"/>
                  </input>
                  <binding>
                     <restSimpleBinding multiUsing="semicolonSeparated"
                                        url="http://{$hostName}/backupservice/v1/configuration/{$namePathParam}"
                                        verb="GET">
                        <httpHeaders>
                           <header name="Content-Type">application/json</header>
                           <header name="Accept">application/json</header>
                        </httpHeaders>
                     </restSimpleBinding>
                  </binding>
                  <output>
                     <field description="Successful operation."
                            entireResponse="true"
                            name="BackupConfiguration"
                            type="reference">
                        <options>
                           <option name="referenceTo">BackupConfiguration</option>
                        </options>
                     </field>
                  </output>
               </action>
               <action category="Backup Configurations"
                       failOnError="true"
                       forSearch="false"
                       label="deleteBackupConfiguration"
                       maxRedirects="100"
                       name="deleteBackupConfiguration"
                       preemptiveAuth="true"
                       responseEncoding="">
                  <description>Delete a Backup Configuration. This endpoint is not available on Oracle Cloud Machine.&lt;p&gt;Delete a backup configuration. In order to delete the configuration all backups and restores related to the configuration must already be deleted. If disabling a backup configuration is desired, consider setting &lt;code&gt;enabled&lt;/code&gt; to false.&lt;p&gt;&lt;b&gt;Prerequisite:&lt;/b&gt; Ensure that you have selected a replication policy for your Oracle Cloud Infrastructure Object Storage Classic instance. See &lt;a target="_blank" href="http://www.oracle.com/pls/topic/lookup?ctx=stcomputecs&amp;id=CSSTO-GUID-5D53C11F-3D9E-43E4-8D1D-DDBB95DEC715"&gt;Selecting a Replication Policy for Your Service Instance&lt;/a&gt; in &lt;em&gt;Using Oracle Cloud Infrastructure Object Storage Classic&lt;/em&gt;.&lt;/p&gt;&lt;p&gt;&lt;b&gt;Required Role: &lt;/b&gt;To complete this task, you must have the &lt;code&gt;Compute_Operations&lt;/code&gt; role. If this role isn't assigned to you or you're not sure, then ask your system administrator to ensure that the role is assigned to you in Oracle Cloud My Services. See &lt;a target="_blank" href="http://www.oracle.com/pls/topic/lookup?ctx=stcomputecs&amp;id=MMOCS-GUID-54C2E747-7D5B-451C-A39C-77936178EBB6"&gt;Modifying User Roles&lt;/a&gt; in &lt;em&gt;Managing and Monitoring Oracle Cloud&lt;/em&gt;.</description>
                  <input>
                     <parameter description="Multi-part name of BackupConfiguration to delete"
                                label="namePathParam"
                                name="namePathParam"
                                nogen="true"
                                required="true"
                                testWith=""
                                type="string"/>
                  </input>
                  <binding>
                     <restSimpleBinding multiUsing="semicolonSeparated"
                                        url="http://{$hostName}/backupservice/v1/configuration/{$namePathParam}"
                                        verb="DELETE">
                        <httpHeaders>
                           <header name="Content-Type">application/json</header>
                           <header name="Accept">application/json</header>
                        </httpHeaders>
                     </restSimpleBinding>
                  </binding>
                  <output/>
               </action>
               <action category="Backup Configurations"
                       failOnError="true"
                       forSearch="false"
                       label="updateBackupConfiguration"
                       maxRedirects="100"
                       name="updateBackupConfiguration"
                       preemptiveAuth="true"
                       responseEncoding="">
                  <description>Update a Backup Configuration. This endpoint is not available on Oracle Cloud Machine.&lt;p&gt;Modify an existing backup configuration. All fields, including unmodifiable fields, must be provided for this operation. The following fields are unmodifiable: volumeUri, runAsUser, name.&lt;p&gt;&lt;b&gt;Prerequisite:&lt;/b&gt; Ensure that you have selected a replication policy for your Oracle Cloud Infrastructure Object Storage Classic instance. See &lt;a target="_blank" href="http://www.oracle.com/pls/topic/lookup?ctx=stcomputecs&amp;id=CSSTO-GUID-5D53C11F-3D9E-43E4-8D1D-DDBB95DEC715"&gt;Selecting a Replication Policy for Your Service Instance&lt;/a&gt; in &lt;em&gt;Using Oracle Cloud Infrastructure Object Storage Classic&lt;/em&gt;.&lt;/p&gt;&lt;p&gt;&lt;b&gt;Required Role: &lt;/b&gt;To complete this task, you must have the &lt;code&gt;Compute_Operations&lt;/code&gt; role. If this role isn't assigned to you or you're not sure, then ask your system administrator to ensure that the role is assigned to you in Oracle Cloud My Services. See &lt;a target="_blank" href="http://www.oracle.com/pls/topic/lookup?ctx=stcomputecs&amp;id=MMOCS-GUID-54C2E747-7D5B-451C-A39C-77936178EBB6"&gt;Modifying User Roles&lt;/a&gt; in &lt;em&gt;Managing and Monitoring Oracle Cloud&lt;/em&gt;.</description>
                  <input>
                     <parameter description="BackupConfiguration to update"
                                label="body"
                                name="body"
                                required="true"
                                testWith=""
                                type="reference">
                        <options>
                           <option name="referenceTo">UpdateBackupConfigurationInput</option>
                        </options>
                     </parameter>
                     <parameter description="Multi-part name of BackupConfiguration to update"
                                label="namePathParam"
                                name="namePathParam"
                                nogen="true"
                                required="true"
                                testWith=""
                                type="string"/>
                  </input>
                  <binding>
                     <restSimpleBinding multiUsing="semicolonSeparated"
                                        url="http://{$hostName}/backupservice/v1/configuration/{$namePathParam}"
                                        verb="PUT">
                        <httpHeaders>
                           <header name="Content-Type">application/json</header>
                           <header name="Accept">application/json</header>
                        </httpHeaders>
                        <body generateUsing="UnwrappedJSON" preserveJsonStringFormatting="false"/>
                     </restSimpleBinding>
                  </binding>
                  <output/>
               </action>
               <action category="Backup Configurations"
                       failOnError="true"
                       forSearch="false"
                       label="createBackupConfiguration"
                       maxRedirects="100"
                       name="createBackupConfiguration"
                       preemptiveAuth="true"
                       responseEncoding="">
                  <description>Create a Backup Configuration. This endpoint is not available on Oracle Cloud Machine.&lt;p&gt;Create a new backup configuration. Requires authorization to create backup configurations as well as appropriate authorization to create snapshots from the target volume.&lt;p&gt;&lt;b&gt;Prerequisite:&lt;/b&gt; Ensure that you have selected a replication policy for your Oracle Cloud Infrastructure Object Storage Classic instance. See &lt;a target="_blank" href="http://www.oracle.com/pls/topic/lookup?ctx=stcomputecs&amp;id=CSSTO-GUID-5D53C11F-3D9E-43E4-8D1D-DDBB95DEC715"&gt;Selecting a Replication Policy for Your Service Instance&lt;/a&gt; in &lt;em&gt;Using Oracle Cloud Infrastructure Object Storage Classic&lt;/em&gt;.&lt;/p&gt;&lt;p&gt;&lt;b&gt;Required Role: &lt;/b&gt;To complete this task, you must have the &lt;code&gt;Compute_Operations&lt;/code&gt; role. If this role isn't assigned to you or you're not sure, then ask your system administrator to ensure that the role is assigned to you in Oracle Cloud My Services. See &lt;a target="_blank" href="http://www.oracle.com/pls/topic/lookup?ctx=stcomputecs&amp;id=MMOCS-GUID-54C2E747-7D5B-451C-A39C-77936178EBB6"&gt;Modifying User Roles&lt;/a&gt; in &lt;em&gt;Managing and Monitoring Oracle Cloud&lt;/em&gt;.</description>
                  <input>
                     <parameter description="BackupConfiguration to create"
                                label="body"
                                name="body"
                                required="true"
                                testWith=""
                                type="reference">
                        <options>
                           <option name="referenceTo">CreateBackupConfigurationInput</option>
                        </options>
                     </parameter>
                  </input>
                  <binding>
                     <restSimpleBinding multiUsing="semicolonSeparated"
                                        url="http://{$hostName}/backupservice/v1/configuration"
                                        verb="POST">
                        <httpHeaders>
                           <header name="Content-Type">application/json</header>
                           <header name="Accept">application/json</header>
                        </httpHeaders>
                        <body generateUsing="UnwrappedJSON" preserveJsonStringFormatting="false"/>
                     </restSimpleBinding>
                  </binding>
                  <output/>
               </action>
               <action category="Backup Configurations"
                       failOnError="true"
                       forSearch="false"
                       label="listBackupConfigurations"
                       maxRedirects="100"
                       name="listBackupConfigurations"
                       preemptiveAuth="true"
                       responseEncoding="">
                  <description>Retrieve Details of All Backup Configurations. This endpoint is not available on Oracle Cloud Machine.&lt;p&gt;Retrieve details for all backup configuration objects the current user has permission to access.&lt;p&gt;&lt;b&gt;Required Role: &lt;/b&gt;To complete this task, you must have the &lt;code&gt;Compute_Monitor&lt;/code&gt; or &lt;code&gt;Compute_Operations&lt;/code&gt;role. If this role isn't assigned to you or you're not sure, then ask your system administrator to ensure that the role is assigned to you in Oracle Cloud My Services. See &lt;a target="_blank" href="http://www.oracle.com/pls/topic/lookup?ctx=stcomputecs&amp;id=MMOCS-GUID-54C2E747-7D5B-451C-A39C-77936178EBB6"&gt;Modifying User Roles&lt;/a&gt; in &lt;em&gt;Managing and Monitoring Oracle Cloud&lt;/em&gt;.</description>
                  <input/>
                  <binding>
                     <restSimpleBinding multiUsing="semicolonSeparated"
                                        url="http://{$hostName}/backupservice/v1/configuration"
                                        verb="GET">
                        <httpHeaders>
                           <header name="Content-Type">application/json</header>
                           <header name="Accept">application/json</header>
                        </httpHeaders>
                     </restSimpleBinding>
                  </binding>
                  <output>
                     <field description="Successful operation."
                            name="BackupConfigurationList"
                            type="objectlist">
                        <options>
                           <option name="referenceTo">BackupConfiguration</option>
                        </options>
                        <xquery>{
                             (: unwrap the object list from the root wrapper :)
                             for $child in ./*
                             return
                                element {'BackupConfiguration'} { $child/* }
                             }</xquery>
                     </field>
                  </output>
               </action>
            </actions>
            <objects>
               <processObject xmlns="http://schemas.active-endpoints.com/appmodules/screenflow/2011/06/avosHostEnvironment.xsd"
                              isByCopy="true"
                              name="HourlyInterval">
                  <description/>
                  <detail/>
               </processObject>
               <processObject xmlns="http://schemas.active-endpoints.com/appmodules/screenflow/2011/06/avosHostEnvironment.xsd"
                              isByCopy="true"
                              name="BackupConfiguration">
                  <description/>
                  <detail>
                     <field name="runAsUser" type="string"/>
                     <field name="tagId" type="string"/>
                     <field name="backupRetentionCount" type="int"/>
                     <field name="volumeUri" type="string"/>
                     <field name="name" type="string"/>
                     <field name="description" type="string"/>
                     <field name="nextScheduledRun" type="datetime"/>
                     <field name="interval" type="reference">
                        <options>
                           <option name="referenceTo">Interval</option>
                           <option name="relationshipName">Child</option>
                        </options>
                     </field>
                     <field name="uri" type="string"/>
                     <field name="enabled" type="boolean"/>
                  </detail>
               </processObject>
               <processObject xmlns="http://schemas.active-endpoints.com/appmodules/screenflow/2011/06/avosHostEnvironment.xsd"
                              isByCopy="true"
                              name="CreateBackupConfigurationInput">
                  <description/>
                  <detail>
                     <field name="backupRetentionCount" type="int"/>
                     <field name="volumeUri" type="string"/>
                     <field name="name" type="string"/>
                     <field name="description" type="string"/>
                     <field name="interval" type="reference">
                        <options>
                           <option name="referenceTo">Interval</option>
                           <option name="relationshipName">Child</option>
                        </options>
                     </field>
                     <field name="enabled" type="boolean"/>
                  </detail>
               </processObject>
               <processObject xmlns="http://schemas.active-endpoints.com/appmodules/screenflow/2011/06/avosHostEnvironment.xsd"
                              isByCopy="true"
                              name="UpdateBackupConfigurationInput">
                  <description/>
                  <detail>
                     <field name="runAsUser" type="string"/>
                     <field name="volumeUri" type="string"/>
                     <field name="backupRetentionCount" type="int"/>
                     <field name="name" type="string"/>
                     <field name="description" type="string"/>
                     <field name="interval" type="reference">
                        <options>
                           <option name="referenceTo">Interval</option>
                           <option name="relationshipName">Child</option>
                        </options>
                     </field>
                     <field name="enabled" type="boolean"/>
                  </detail>
               </processObject>
               <processObject xmlns="http://schemas.active-endpoints.com/appmodules/screenflow/2011/06/avosHostEnvironment.xsd"
                              isByCopy="true"
                              name="DailyWeeklyInterval">
                  <description/>
                  <detail/>
               </processObject>
               <processObject xmlns="http://schemas.active-endpoints.com/appmodules/screenflow/2011/06/avosHostEnvironment.xsd"
                              isByCopy="true"
                              name="Interval">
                  <description>There are two kinds of Intervals. Each Interval has its own JSON format. Your Interval field should look like one of the following:&lt;p&gt;&lt;ul&gt;&lt;li&gt;&lt;code&gt;"interval":{"Hourly":{"hourlyInterval":2}}&lt;/code&gt;&lt;/li&gt;&lt;li&gt;&lt;code&gt;{"DailyWeekly":{"daysOfWeek":["MONDAY"],"timeOfDay":"03:15","userTimeZone":"America/Los_Angeles"}}&lt;/code&gt;&lt;/li&gt;&lt;/ul&gt;&lt;p&gt;Days of the week is any day of the week fully capitalized (MONDAY, TUESDAY, etc). The user time zone is any IANA user timezone.  For example user time zones see &lt;a href="https://en.wikipedia.org/wiki/IANA_time_zone_database"&gt;List of IANA time zones&lt;/a&gt;.</description>
                  <detail/>
               </processObject>
               <processObject xmlns="http://schemas.active-endpoints.com/appmodules/screenflow/2011/06/avosHostEnvironment.xsd"
                              isByCopy="true"
                              name="string">
                  <description/>
                  <detail>
                     <field name="string" type="string"/>
                  </detail>
               </processObject>
               <processObject xmlns="http://schemas.active-endpoints.com/appmodules/screenflow/2011/06/avosHostEnvironment.xsd"
                              isByCopy="true"
                              name="boolean">
                  <description/>
                  <detail>
                     <field name="boolean" type="boolean"/>
                  </detail>
               </processObject>
               <processObject xmlns="http://schemas.active-endpoints.com/appmodules/screenflow/2011/06/avosHostEnvironment.xsd"
                              isByCopy="true"
                              name="double">
                  <description/>
                  <detail>
                     <field name="double" type="double"/>
                  </detail>
               </processObject>
               <processObject xmlns="http://schemas.active-endpoints.com/appmodules/screenflow/2011/06/avosHostEnvironment.xsd"
                              isByCopy="true"
                              name="integer">
                  <description/>
                  <detail>
                     <field name="integer" type="int"/>
                  </detail>
               </processObject>
            </objects>
         </businessConnector>
      </types1:Entry>
      <types1:GUID>7eFXRJMlZage2egOxJLGyo</types1:GUID>
      <types1:DisplayName>Oracle Cloud Infrastructure Compute Backup Configurations API v18-1-2</types1:DisplayName>
   </types1:Item>
   <types1:CurrentServerDateTime>2019-02-25T09:24:12.064Z</types1:CurrentServerDateTime>
</aetgt:getResponse>
