<aetgt:getResponse xmlns:aetgt="http://schemas.active-endpoints.com/appmodules/repository/2010/10/avrepository.xsd"
                   xmlns:types1="http://schemas.active-endpoints.com/appmodules/repository/2010/10/avrepository.xsd">
   <types1:Item>
      <types1:EntryId>xWZvWMOxBchzt1Y-gt-52285-2019-02-26T06:37:06.371Z::svc.xml</types1:EntryId>
      <types1:Name>Google_Hangouts_Chat_API_v1</types1:Name>
      <types1:MimeType>application/xml+businesssconnector</types1:MimeType>
      <types1:Description>Enables bots to fetch information and perform actions in Hangouts Chat.</types1:Description>
      <types1:AppliesTo/>
      <types1:Tags/>
      <types1:VersionLabel>1.0</types1:VersionLabel>
      <types1:State>CURRENT</types1:State>
      <types1:ProcessGroup/>
      <types1:CreatedBy>stage2_pod1</types1:CreatedBy>
      <types1:CreationDate>2019-02-26T06:37:06Z</types1:CreationDate>
      <types1:ModifiedBy/>
      <types1:PublicationStatus>unpublished</types1:PublicationStatus>
      <types1:AutosaveExists>false</types1:AutosaveExists>
      <types1:Entry>
         <businessConnector xmlns="http://schemas.informatica.com/socrates/data-services/2014/05/business-connector-model.xsd"
                            agentOnly="false"
                            debug="false"
                            displayName="Google Hangouts Chat API v1"
                            label=""
                            name="Google_Hangouts_Chat_API_v1"
                            uuid="20940854-ee01-4328-92e2-faa60a62b303">
            <description>Enables bots to fetch information and perform actions in Hangouts Chat.</description>
            <tags/>
            <connectionAttributes xmlns="http://schemas.informatica.com/appmodules/screenflow/2014/04/avosConnectors.xsd">
               <connectionAttribute description="Host Name"
                                    masked="false"
                                    name="hostName"
                                    required="true"
                                    testWith="chat.googleapis.com"
                                    type="string"/>
            </connectionAttributes>
            <actions>
               <action category="spaces"
                       failOnError="true"
                       forSearch="false"
                       label="V1SpacesGet"
                       maxRedirects="100"
                       name="V1SpacesGet"
                       preemptiveAuth="true"
                       responseEncoding="">
                  <description>ListV1Spaces. Lists spaces the caller is a member of.</description>
                  <input>
                     <parameter description="OAuth access token."
                                label="access_token"
                                name="access_token"
                                required="false"
                                testWith=""
                                type="string"/>
                     <parameter description="API key. Your API key identifies your project and provides you with API access, quota, and reports. Required unless you provide an OAuth 2.0 token."
                                label="key"
                                name="key"
                                required="false"
                                testWith=""
                                type="string"/>
                     <parameter description="Upload protocol for media (e.g. &#34;raw&#34;, &#34;multipart&#34;)."
                                label="upload_protocol"
                                name="upload_protocol"
                                required="false"
                                testWith=""
                                type="string"/>
                     <parameter description="Available to use for quota purposes for server-side applications. Can be any arbitrary string assigned to a user, but should not exceed 40 characters."
                                label="quotaUser"
                                name="quotaUser"
                                required="false"
                                testWith=""
                                type="string"/>
                     <parameter description="Returns response with indentations and line breaks."
                                label="prettyPrint"
                                name="prettyPrint"
                                required="false"
                                testWith=""
                                type="boolean"/>
                     <parameter description="Selector specifying which fields to include in a partial response."
                                label="fields"
                                name="fields"
                                required="false"
                                testWith=""
                                type="string"/>
                     <parameter description="Legacy upload protocol for media (e.g. &#34;media&#34;, &#34;multipart&#34;)."
                                label="uploadType"
                                name="uploadType"
                                required="false"
                                testWith=""
                                type="string"/>
                     <parameter description="JSONP"
                                label="callback"
                                name="callback"
                                required="false"
                                testWith=""
                                type="string"/>
                     <parameter description="OAuth 2.0 token for the current user."
                                label="oauth_token"
                                name="oauth_token"
                                required="false"
                                testWith=""
                                type="string"/>
                     <parameter description="V1 error format. (Acceptable values are: &#34;1&#34;, &#34;2&#34;)"
                                label="$.xgafv"
                                name="$.xgafv"
                                required="false"
                                testWith=""
                                type="string"/>
                     <parameter description="Data format for response. (Acceptable values are: &#34;json&#34;, &#34;media&#34;, &#34;proto&#34;)"
                                label="alt"
                                name="alt"
                                required="false"
                                testWith=""
                                type="string"/>
                     <parameter description="A token identifying a page of results the server should return."
                                label="pageToken"
                                name="pageToken"
                                required="false"
                                testWith=""
                                type="string"/>
                     <parameter description="Requested page size. The value is capped at 1000.&#xA;Server may return fewer results than requested.&#xA;If unspecified, server will default to 100."
                                label="pageSize"
                                name="pageSize"
                                required="false"
                                testWith=""
                                type="int"/>
                  </input>
                  <binding>
                     <restSimpleBinding multiUsing="semicolonSeparated"
                                        url="https://{$hostName}/v1/spaces"
                                        verb="GET">
                        <httpHeaders>
                           <header name="Content-Type">application/json</header>
                           <header name="Accept">application/json</header>
                        </httpHeaders>
                     </restSimpleBinding>
                  </binding>
                  <output>
                     <field description=""
                            entireResponse="true"
                            name="ListSpacesResponse"
                            type="reference">
                        <options>
                           <option name="referenceTo">ListSpacesResponse</option>
                        </options>
                     </field>
                  </output>
               </action>
               <action category="members"
                       failOnError="true"
                       forSearch="false"
                       label="V1MembersByParentGet"
                       maxRedirects="100"
                       name="V1MembersByParentGet"
                       preemptiveAuth="true"
                       responseEncoding="">
                  <description>ListV1MembersByParent. Lists human memberships in a space.</description>
                  <input>
                     <parameter description="OAuth access token."
                                label="access_token"
                                name="access_token"
                                required="false"
                                testWith=""
                                type="string"/>
                     <parameter description="API key. Your API key identifies your project and provides you with API access, quota, and reports. Required unless you provide an OAuth 2.0 token."
                                label="key"
                                name="key"
                                required="false"
                                testWith=""
                                type="string"/>
                     <parameter description="Upload protocol for media (e.g. &#34;raw&#34;, &#34;multipart&#34;)."
                                label="upload_protocol"
                                name="upload_protocol"
                                required="false"
                                testWith=""
                                type="string"/>
                     <parameter description="Available to use for quota purposes for server-side applications. Can be any arbitrary string assigned to a user, but should not exceed 40 characters."
                                label="quotaUser"
                                name="quotaUser"
                                required="false"
                                testWith=""
                                type="string"/>
                     <parameter description="Returns response with indentations and line breaks."
                                label="prettyPrint"
                                name="prettyPrint"
                                required="false"
                                testWith=""
                                type="boolean"/>
                     <parameter description="Selector specifying which fields to include in a partial response."
                                label="fields"
                                name="fields"
                                required="false"
                                testWith=""
                                type="string"/>
                     <parameter description="Legacy upload protocol for media (e.g. &#34;media&#34;, &#34;multipart&#34;)."
                                label="uploadType"
                                name="uploadType"
                                required="false"
                                testWith=""
                                type="string"/>
                     <parameter description="JSONP"
                                label="callback"
                                name="callback"
                                required="false"
                                testWith=""
                                type="string"/>
                     <parameter description="OAuth 2.0 token for the current user."
                                label="oauth_token"
                                name="oauth_token"
                                required="false"
                                testWith=""
                                type="string"/>
                     <parameter description="V1 error format. (Acceptable values are: &#34;1&#34;, &#34;2&#34;)"
                                label="$.xgafv"
                                name="$.xgafv"
                                required="false"
                                testWith=""
                                type="string"/>
                     <parameter description="Data format for response. (Acceptable values are: &#34;json&#34;, &#34;media&#34;, &#34;proto&#34;)"
                                label="alt"
                                name="alt"
                                required="false"
                                testWith=""
                                type="string"/>
                     <parameter description="A token identifying a page of results the server should return."
                                label="pageToken"
                                name="pageToken"
                                required="false"
                                testWith=""
                                type="string"/>
                     <parameter description="Requested page size. The value is capped at 1000.&#xA;Server may return fewer results than requested.&#xA;If unspecified, server will default to 100."
                                label="pageSize"
                                name="pageSize"
                                required="false"
                                testWith=""
                                type="int"/>
                  </input>
                  <binding>
                     <restSimpleBinding multiUsing="semicolonSeparated"
                                        url="https://{$hostName}/v1/{$SC__parentPathParam}/members"
                                        verb="GET">
                        <httpHeaders>
                           <header name="Content-Type">application/json</header>
                           <header name="Accept">application/json</header>
                        </httpHeaders>
                     </restSimpleBinding>
                  </binding>
                  <output>
                     <field description=""
                            entireResponse="true"
                            name="ListMembershipsResponse"
                            type="reference">
                        <options>
                           <option name="referenceTo">ListMembershipsResponse</option>
                        </options>
                     </field>
                  </output>
               </action>
               <action category="messages"
                       failOnError="true"
                       forSearch="false"
                       label="V1MessagesByParentPost"
                       maxRedirects="100"
                       name="V1MessagesByParentPost"
                       preemptiveAuth="true"
                       responseEncoding="">
                  <description>CreateV1MessagesByParent. Creates a message.</description>
                  <input>
                     <parameter label="body"
                                name="body"
                                required="true"
                                testWith=""
                                type="reference">
                        <options>
                           <option name="referenceTo">Message</option>
                        </options>
                     </parameter>
                     <parameter description="OAuth access token."
                                label="access_token"
                                name="access_token"
                                required="false"
                                testWith=""
                                type="string"/>
                     <parameter description="API key. Your API key identifies your project and provides you with API access, quota, and reports. Required unless you provide an OAuth 2.0 token."
                                label="key"
                                name="key"
                                required="false"
                                testWith=""
                                type="string"/>
                     <parameter description="Upload protocol for media (e.g. &#34;raw&#34;, &#34;multipart&#34;)."
                                label="upload_protocol"
                                name="upload_protocol"
                                required="false"
                                testWith=""
                                type="string"/>
                     <parameter description="Available to use for quota purposes for server-side applications. Can be any arbitrary string assigned to a user, but should not exceed 40 characters."
                                label="quotaUser"
                                name="quotaUser"
                                required="false"
                                testWith=""
                                type="string"/>
                     <parameter description="Returns response with indentations and line breaks."
                                label="prettyPrint"
                                name="prettyPrint"
                                required="false"
                                testWith=""
                                type="boolean"/>
                     <parameter description="Selector specifying which fields to include in a partial response."
                                label="fields"
                                name="fields"
                                required="false"
                                testWith=""
                                type="string"/>
                     <parameter description="Legacy upload protocol for media (e.g. &#34;media&#34;, &#34;multipart&#34;)."
                                label="uploadType"
                                name="uploadType"
                                required="false"
                                testWith=""
                                type="string"/>
                     <parameter description="JSONP"
                                label="callback"
                                name="callback"
                                required="false"
                                testWith=""
                                type="string"/>
                     <parameter description="OAuth 2.0 token for the current user."
                                label="oauth_token"
                                name="oauth_token"
                                required="false"
                                testWith=""
                                type="string"/>
                     <parameter description="V1 error format. (Acceptable values are: &#34;1&#34;, &#34;2&#34;)"
                                label="$.xgafv"
                                name="$.xgafv"
                                required="false"
                                testWith=""
                                type="string"/>
                     <parameter description="Data format for response. (Acceptable values are: &#34;json&#34;, &#34;media&#34;, &#34;proto&#34;)"
                                label="alt"
                                name="alt"
                                required="false"
                                testWith=""
                                type="string"/>
                     <parameter description="Opaque thread identifier string that can be specified to group messages&#xA;into a single thread. If this is the first message with a given thread&#xA;identifier, a new thread is created. Subsequent messages with the same&#xA;thread identifier will be posted into the same thread. This relieves bots&#xA;and webhooks from having to store the Hangouts Chat thread ID of a thread (created earlier by them) to post&#xA;further updates to it.&#xA;&#xA;Has no effect if thread field,&#xA;corresponding to an existing thread, is set in message."
                                label="threadKey"
                                name="threadKey"
                                required="false"
                                testWith=""
                                type="string"/>
                  </input>
                  <binding>
                     <restSimpleBinding multiUsing="semicolonSeparated"
                                        url="https://{$hostName}/v1/{$SC__parentPathParam}/messages"
                                        verb="POST">
                        <httpHeaders>
                           <header name="Content-Type">application/json</header>
                           <header name="Accept">application/json</header>
                        </httpHeaders>
                        <body generateUsing="UnwrappedJSON" preserveJsonStringFormatting="false"/>
                     </restSimpleBinding>
                  </binding>
                  <output>
                     <field description=""
                            entireResponse="true"
                            name="Message"
                            type="reference">
                        <options>
                           <option name="referenceTo">Message</option>
                        </options>
                     </field>
                  </output>
               </action>
               <action category="members"
                       failOnError="true"
                       forSearch="false"
                       label="V1ByNameGet"
                       maxRedirects="100"
                       name="V1ByNameGet"
                       preemptiveAuth="true"
                       responseEncoding="">
                  <description>GetV1ByName. Returns a membership.</description>
                  <input>
                     <parameter description="OAuth access token."
                                label="access_token"
                                name="access_token"
                                required="false"
                                testWith=""
                                type="string"/>
                     <parameter description="API key. Your API key identifies your project and provides you with API access, quota, and reports. Required unless you provide an OAuth 2.0 token."
                                label="key"
                                name="key"
                                required="false"
                                testWith=""
                                type="string"/>
                     <parameter description="Upload protocol for media (e.g. &#34;raw&#34;, &#34;multipart&#34;)."
                                label="upload_protocol"
                                name="upload_protocol"
                                required="false"
                                testWith=""
                                type="string"/>
                     <parameter description="Available to use for quota purposes for server-side applications. Can be any arbitrary string assigned to a user, but should not exceed 40 characters."
                                label="quotaUser"
                                name="quotaUser"
                                required="false"
                                testWith=""
                                type="string"/>
                     <parameter description="Returns response with indentations and line breaks."
                                label="prettyPrint"
                                name="prettyPrint"
                                required="false"
                                testWith=""
                                type="boolean"/>
                     <parameter description="Selector specifying which fields to include in a partial response."
                                label="fields"
                                name="fields"
                                required="false"
                                testWith=""
                                type="string"/>
                     <parameter description="Legacy upload protocol for media (e.g. &#34;media&#34;, &#34;multipart&#34;)."
                                label="uploadType"
                                name="uploadType"
                                required="false"
                                testWith=""
                                type="string"/>
                     <parameter description="JSONP"
                                label="callback"
                                name="callback"
                                required="false"
                                testWith=""
                                type="string"/>
                     <parameter description="OAuth 2.0 token for the current user."
                                label="oauth_token"
                                name="oauth_token"
                                required="false"
                                testWith=""
                                type="string"/>
                     <parameter description="V1 error format. (Acceptable values are: &#34;1&#34;, &#34;2&#34;)"
                                label="$.xgafv"
                                name="$.xgafv"
                                required="false"
                                testWith=""
                                type="string"/>
                     <parameter description="Data format for response. (Acceptable values are: &#34;json&#34;, &#34;media&#34;, &#34;proto&#34;)"
                                label="alt"
                                name="alt"
                                required="false"
                                testWith=""
                                type="string"/>
                  </input>
                  <binding>
                     <restSimpleBinding multiUsing="semicolonSeparated"
                                        url="https://{$hostName}/v1/{$SC__namePathParam}"
                                        verb="GET">
                        <httpHeaders>
                           <header name="Content-Type">application/json</header>
                           <header name="Accept">application/json</header>
                        </httpHeaders>
                     </restSimpleBinding>
                  </binding>
                  <output>
                     <field description=""
                            entireResponse="true"
                            name="Membership"
                            type="reference">
                        <options>
                           <option name="referenceTo">Membership</option>
                        </options>
                     </field>
                  </output>
               </action>
               <action category="messages"
                       failOnError="true"
                       forSearch="false"
                       label="V1ByNameDelete"
                       maxRedirects="100"
                       name="V1ByNameDelete"
                       preemptiveAuth="true"
                       responseEncoding="">
                  <description>DeleteV1ByName. Deletes a message.</description>
                  <input>
                     <parameter description="OAuth access token."
                                label="access_token"
                                name="access_token"
                                required="false"
                                testWith=""
                                type="string"/>
                     <parameter description="API key. Your API key identifies your project and provides you with API access, quota, and reports. Required unless you provide an OAuth 2.0 token."
                                label="key"
                                name="key"
                                required="false"
                                testWith=""
                                type="string"/>
                     <parameter description="Upload protocol for media (e.g. &#34;raw&#34;, &#34;multipart&#34;)."
                                label="upload_protocol"
                                name="upload_protocol"
                                required="false"
                                testWith=""
                                type="string"/>
                     <parameter description="Available to use for quota purposes for server-side applications. Can be any arbitrary string assigned to a user, but should not exceed 40 characters."
                                label="quotaUser"
                                name="quotaUser"
                                required="false"
                                testWith=""
                                type="string"/>
                     <parameter description="Returns response with indentations and line breaks."
                                label="prettyPrint"
                                name="prettyPrint"
                                required="false"
                                testWith=""
                                type="boolean"/>
                     <parameter description="Selector specifying which fields to include in a partial response."
                                label="fields"
                                name="fields"
                                required="false"
                                testWith=""
                                type="string"/>
                     <parameter description="Legacy upload protocol for media (e.g. &#34;media&#34;, &#34;multipart&#34;)."
                                label="uploadType"
                                name="uploadType"
                                required="false"
                                testWith=""
                                type="string"/>
                     <parameter description="JSONP"
                                label="callback"
                                name="callback"
                                required="false"
                                testWith=""
                                type="string"/>
                     <parameter description="OAuth 2.0 token for the current user."
                                label="oauth_token"
                                name="oauth_token"
                                required="false"
                                testWith=""
                                type="string"/>
                     <parameter description="V1 error format. (Acceptable values are: &#34;1&#34;, &#34;2&#34;)"
                                label="$.xgafv"
                                name="$.xgafv"
                                required="false"
                                testWith=""
                                type="string"/>
                     <parameter description="Data format for response. (Acceptable values are: &#34;json&#34;, &#34;media&#34;, &#34;proto&#34;)"
                                label="alt"
                                name="alt"
                                required="false"
                                testWith=""
                                type="string"/>
                  </input>
                  <binding>
                     <restSimpleBinding multiUsing="semicolonSeparated"
                                        url="https://{$hostName}/v1/{$SC__namePathParam}"
                                        verb="DELETE">
                        <httpHeaders>
                           <header name="Content-Type">application/json</header>
                           <header name="Accept">application/json</header>
                        </httpHeaders>
                     </restSimpleBinding>
                  </binding>
                  <output/>
               </action>
               <action category="messages"
                       failOnError="true"
                       forSearch="false"
                       label="V1ByNamePut"
                       maxRedirects="100"
                       name="V1ByNamePut"
                       preemptiveAuth="true"
                       responseEncoding="">
                  <description>UpdateV1ByName. Updates a message.</description>
                  <input>
                     <parameter label="body"
                                name="body"
                                required="true"
                                testWith=""
                                type="reference">
                        <options>
                           <option name="referenceTo">Message</option>
                        </options>
                     </parameter>
                     <parameter description="OAuth access token."
                                label="access_token"
                                name="access_token"
                                required="false"
                                testWith=""
                                type="string"/>
                     <parameter description="API key. Your API key identifies your project and provides you with API access, quota, and reports. Required unless you provide an OAuth 2.0 token."
                                label="key"
                                name="key"
                                required="false"
                                testWith=""
                                type="string"/>
                     <parameter description="Upload protocol for media (e.g. &#34;raw&#34;, &#34;multipart&#34;)."
                                label="upload_protocol"
                                name="upload_protocol"
                                required="false"
                                testWith=""
                                type="string"/>
                     <parameter description="Available to use for quota purposes for server-side applications. Can be any arbitrary string assigned to a user, but should not exceed 40 characters."
                                label="quotaUser"
                                name="quotaUser"
                                required="false"
                                testWith=""
                                type="string"/>
                     <parameter description="Returns response with indentations and line breaks."
                                label="prettyPrint"
                                name="prettyPrint"
                                required="false"
                                testWith=""
                                type="boolean"/>
                     <parameter description="Selector specifying which fields to include in a partial response."
                                label="fields"
                                name="fields"
                                required="false"
                                testWith=""
                                type="string"/>
                     <parameter description="Legacy upload protocol for media (e.g. &#34;media&#34;, &#34;multipart&#34;)."
                                label="uploadType"
                                name="uploadType"
                                required="false"
                                testWith=""
                                type="string"/>
                     <parameter description="JSONP"
                                label="callback"
                                name="callback"
                                required="false"
                                testWith=""
                                type="string"/>
                     <parameter description="OAuth 2.0 token for the current user."
                                label="oauth_token"
                                name="oauth_token"
                                required="false"
                                testWith=""
                                type="string"/>
                     <parameter description="V1 error format. (Acceptable values are: &#34;1&#34;, &#34;2&#34;)"
                                label="$.xgafv"
                                name="$.xgafv"
                                required="false"
                                testWith=""
                                type="string"/>
                     <parameter description="Data format for response. (Acceptable values are: &#34;json&#34;, &#34;media&#34;, &#34;proto&#34;)"
                                label="alt"
                                name="alt"
                                required="false"
                                testWith=""
                                type="string"/>
                     <parameter description="Required. The field paths to be updated.&#xA;&#xA;Currently supported field paths: &#34;text&#34;, &#34;cards&#34;."
                                label="updateMask"
                                name="updateMask"
                                required="false"
                                testWith=""
                                type="string"/>
                  </input>
                  <binding>
                     <restSimpleBinding multiUsing="semicolonSeparated"
                                        url="https://{$hostName}/v1/{$SC__namePathParam}"
                                        verb="PUT">
                        <httpHeaders>
                           <header name="Content-Type">application/json</header>
                           <header name="Accept">application/json</header>
                        </httpHeaders>
                        <body generateUsing="UnwrappedJSON" preserveJsonStringFormatting="false"/>
                     </restSimpleBinding>
                  </binding>
                  <output>
                     <field description=""
                            entireResponse="true"
                            name="Message"
                            type="reference">
                        <options>
                           <option name="referenceTo">Message</option>
                        </options>
                     </field>
                  </output>
               </action>
            </actions>
            <objects>
               <processObject xmlns="http://schemas.active-endpoints.com/appmodules/screenflow/2011/06/avosHostEnvironment.xsd"
                              isByCopy="true"
                              name="Type2">
                  <description>The type of this annotation.</description>
                  <detail/>
               </processObject>
               <processObject xmlns="http://schemas.active-endpoints.com/appmodules/screenflow/2011/06/avosHostEnvironment.xsd"
                              isByCopy="true"
                              name="Type3">
                  <description>The type of bot response.</description>
                  <detail/>
               </processObject>
               <processObject xmlns="http://schemas.active-endpoints.com/appmodules/screenflow/2011/06/avosHostEnvironment.xsd"
                              isByCopy="true"
                              name="Type4">
                  <description>Output only. The type of a space.</description>
                  <detail/>
               </processObject>
               <processObject xmlns="http://schemas.active-endpoints.com/appmodules/screenflow/2011/06/avosHostEnvironment.xsd"
                              isByCopy="true"
                              name="User">
                  <description>The user mentioned.</description>
                  <detail>
                     <field name="displayName" type="string"/>
                     <field name="name" type="string"/>
                     <field name="type" type="reference">
                        <options>
                           <option name="referenceTo">Type</option>
                           <option name="relationshipName">Child</option>
                        </options>
                     </field>
                  </detail>
               </processObject>
               <processObject xmlns="http://schemas.active-endpoints.com/appmodules/screenflow/2011/06/avosHostEnvironment.xsd"
                              isByCopy="true"
                              name="KeyValue">
                  <description>Display a key value item in this widget.</description>
                  <detail>
                     <field name="button" type="object"/>
                     <field name="onClick" type="object"/>
                     <field name="contentMultiline" type="boolean"/>
                     <field name="bottomLabel" type="string"/>
                     <field name="icon" type="reference">
                        <options>
                           <option name="referenceTo">Icon</option>
                           <option name="relationshipName">Child</option>
                        </options>
                     </field>
                     <field name="topLabel" type="string"/>
                     <field name="iconUrl" type="string"/>
                     <field name="content" type="string"/>
                  </detail>
               </processObject>
               <processObject xmlns="http://schemas.active-endpoints.com/appmodules/screenflow/2011/06/avosHostEnvironment.xsd"
                              isByCopy="true"
                              name="Type5">
                  <description>The type of the event.</description>
                  <detail/>
               </processObject>
               <processObject xmlns="http://schemas.active-endpoints.com/appmodules/screenflow/2011/06/avosHostEnvironment.xsd"
                              isByCopy="true"
                              name="Message">
                  <description>A message in Hangouts Chat.</description>
                  <detail>
                     <field name="cards" type="objectlist">
                        <options>
                           <option name="referenceTo">Card</option>
                           <option name="relationshipName">Child</option>
                        </options>
                     </field>
                     <field name="argumentText" type="string"/>
                     <field name="actionResponse" type="reference">
                        <options>
                           <option name="referenceTo">ActionResponse</option>
                           <option name="relationshipName">Child</option>
                        </options>
                     </field>
                     <field name="createTime" type="string"/>
                     <field name="sender" type="reference">
                        <options>
                           <option name="referenceTo">User</option>
                           <option name="relationshipName">Child</option>
                        </options>
                     </field>
                     <field name="name" type="string"/>
                     <field name="annotations" type="objectlist">
                        <options>
                           <option name="referenceTo">Annotation</option>
                           <option name="relationshipName">Child</option>
                        </options>
                     </field>
                     <field name="fallbackText" type="string"/>
                     <field name="thread" type="reference">
                        <options>
                           <option name="referenceTo">Thread</option>
                           <option name="relationshipName">Child</option>
                        </options>
                     </field>
                     <field name="text" type="string"/>
                     <field name="previewText" type="string"/>
                     <field name="space" type="reference">
                        <options>
                           <option name="referenceTo">Space</option>
                           <option name="relationshipName">Child</option>
                        </options>
                     </field>
                  </detail>
               </processObject>
               <processObject xmlns="http://schemas.active-endpoints.com/appmodules/screenflow/2011/06/avosHostEnvironment.xsd"
                              isByCopy="true"
                              name="OpenLink">
                  <description>A link that opens a new window.</description>
                  <detail>
                     <field name="url" type="string"/>
                  </detail>
               </processObject>
               <processObject xmlns="http://schemas.active-endpoints.com/appmodules/screenflow/2011/06/avosHostEnvironment.xsd"
                              isByCopy="true"
                              name="DeprecatedEvent">
                  <description>Hangouts Chat events.</description>
                  <detail>
                     <field name="configCompleteRedirectUrl" type="string"/>
                     <field name="threadKey" type="string"/>
                     <field name="eventTime" type="string"/>
                     <field name="action" type="reference">
                        <options>
                           <option name="referenceTo">FormAction</option>
                           <option name="relationshipName">Child</option>
                        </options>
                     </field>
                     <field name="message" type="reference">
                        <options>
                           <option name="referenceTo">Message</option>
                           <option name="relationshipName">Child</option>
                        </options>
                     </field>
                     <field name="type" type="reference">
                        <options>
                           <option name="referenceTo">Type5</option>
                           <option name="relationshipName">Child</option>
                        </options>
                     </field>
                     <field name="user" type="reference">
                        <options>
                           <option name="referenceTo">User</option>
                           <option name="relationshipName">Child</option>
                        </options>
                     </field>
                     <field name="space" type="reference">
                        <options>
                           <option name="referenceTo">Space</option>
                           <option name="relationshipName">Child</option>
                        </options>
                     </field>
                     <field name="token" type="string"/>
                  </detail>
               </processObject>
               <processObject xmlns="http://schemas.active-endpoints.com/appmodules/screenflow/2011/06/avosHostEnvironment.xsd"
                              isByCopy="true"
                              name="Icon1">
                  <description>The icon specified by an enum that indices to an icon provided by Chat
API.</description>
                  <detail/>
               </processObject>
               <processObject xmlns="http://schemas.active-endpoints.com/appmodules/screenflow/2011/06/avosHostEnvironment.xsd"
                              isByCopy="true"
                              name="Image">
                  <description>An image that is specified by a URL and can have an onclick action.</description>
                  <detail>
                     <field name="onClick" type="reference">
                        <options>
                           <option name="referenceTo">OnClick</option>
                           <option name="relationshipName">Child</option>
                        </options>
                     </field>
                     <field name="imageUrl" type="string"/>
                     <field name="aspectRatio" type="double"/>
                  </detail>
               </processObject>
               <processObject xmlns="http://schemas.active-endpoints.com/appmodules/screenflow/2011/06/avosHostEnvironment.xsd"
                              isByCopy="true"
                              name="Type1">
                  <description>The type of user mention.</description>
                  <detail/>
               </processObject>
               <processObject xmlns="http://schemas.active-endpoints.com/appmodules/screenflow/2011/06/avosHostEnvironment.xsd"
                              isByCopy="true"
                              name="TextParagraph">
                  <description>Display a text paragraph in this widget.</description>
                  <detail>
                     <field name="text" type="string"/>
                  </detail>
               </processObject>
               <processObject xmlns="http://schemas.active-endpoints.com/appmodules/screenflow/2011/06/avosHostEnvironment.xsd"
                              isByCopy="true"
                              name="ListMembershipsResponse">
                  <description/>
                  <detail>
                     <field name="nextPageToken" type="string"/>
                     <field name="memberships" type="objectlist">
                        <options>
                           <option name="referenceTo">Membership</option>
                           <option name="relationshipName">Child</option>
                        </options>
                     </field>
                  </detail>
               </processObject>
               <processObject xmlns="http://schemas.active-endpoints.com/appmodules/screenflow/2011/06/avosHostEnvironment.xsd"
                              isByCopy="true"
                              name="ImageButton">
                  <description>An image button with an onclick action.</description>
                  <detail>
                     <field name="onClick" type="reference">
                        <options>
                           <option name="referenceTo">OnClick</option>
                           <option name="relationshipName">Child</option>
                        </options>
                     </field>
                     <field name="icon" type="reference">
                        <options>
                           <option name="referenceTo">Icon1</option>
                           <option name="relationshipName">Child</option>
                        </options>
                     </field>
                     <field name="name" type="string"/>
                     <field name="iconUrl" type="string"/>
                  </detail>
               </processObject>
               <processObject xmlns="http://schemas.active-endpoints.com/appmodules/screenflow/2011/06/avosHostEnvironment.xsd"
                              isByCopy="true"
                              name="Button">
                  <description>A button. Can be a text button or an image button.</description>
                  <detail>
                     <field name="textButton" type="object"/>
                     <field name="imageButton" type="object"/>
                  </detail>
               </processObject>
               <processObject xmlns="http://schemas.active-endpoints.com/appmodules/screenflow/2011/06/avosHostEnvironment.xsd"
                              isByCopy="true"
                              name="FormAction">
                  <description>A form action describes the behavior when the form is submitted.
For example, an Apps Script can be invoked to handle the form.</description>
                  <detail>
                     <field name="actionMethodName" type="string"/>
                     <field name="parameters" type="objectlist">
                        <options>
                           <option name="referenceTo">ActionParameter</option>
                           <option name="relationshipName">Child</option>
                        </options>
                     </field>
                  </detail>
               </processObject>
               <processObject xmlns="http://schemas.active-endpoints.com/appmodules/screenflow/2011/06/avosHostEnvironment.xsd"
                              isByCopy="true"
                              name="Membership">
                  <description>Represents a membership relation in Hangouts Chat.</description>
                  <detail>
                     <field name="createTime" type="string"/>
                     <field name="name" type="string"/>
                     <field name="member" type="reference">
                        <options>
                           <option name="referenceTo">User</option>
                           <option name="relationshipName">Child</option>
                        </options>
                     </field>
                     <field name="state" type="reference">
                        <options>
                           <option name="referenceTo">State</option>
                           <option name="relationshipName">Child</option>
                        </options>
                     </field>
                  </detail>
               </processObject>
               <processObject xmlns="http://schemas.active-endpoints.com/appmodules/screenflow/2011/06/avosHostEnvironment.xsd"
                              isByCopy="true"
                              name="ImageStyle">
                  <description>The image's type (e.g. square border or circular border).</description>
                  <detail/>
               </processObject>
               <processObject xmlns="http://schemas.active-endpoints.com/appmodules/screenflow/2011/06/avosHostEnvironment.xsd"
                              isByCopy="true"
                              name="ListSpacesResponse">
                  <description/>
                  <detail>
                     <field name="nextPageToken" type="string"/>
                     <field name="spaces" type="objectlist">
                        <options>
                           <option name="referenceTo">Space</option>
                           <option name="relationshipName">Child</option>
                        </options>
                     </field>
                  </detail>
               </processObject>
               <processObject xmlns="http://schemas.active-endpoints.com/appmodules/screenflow/2011/06/avosHostEnvironment.xsd"
                              isByCopy="true"
                              name="Space">
                  <description>A room or DM in Hangouts Chat.</description>
                  <detail>
                     <field name="displayName" type="string"/>
                     <field name="name" type="string"/>
                     <field name="type" type="reference">
                        <options>
                           <option name="referenceTo">Type4</option>
                           <option name="relationshipName">Child</option>
                        </options>
                     </field>
                  </detail>
               </processObject>
               <processObject xmlns="http://schemas.active-endpoints.com/appmodules/screenflow/2011/06/avosHostEnvironment.xsd"
                              isByCopy="true"
                              name="TextButton">
                  <description>A button with text and onclick action.</description>
                  <detail>
                     <field name="onClick" type="reference">
                        <options>
                           <option name="referenceTo">OnClick</option>
                           <option name="relationshipName">Child</option>
                        </options>
                     </field>
                     <field name="text" type="string"/>
                  </detail>
               </processObject>
               <processObject xmlns="http://schemas.active-endpoints.com/appmodules/screenflow/2011/06/avosHostEnvironment.xsd"
                              isByCopy="true"
                              name="CardHeader">
                  <description>The header of the card. A header usually contains a title and an image.</description>
                  <detail>
                     <field name="subtitle" type="string"/>
                     <field name="imageUrl" type="string"/>
                     <field name="title" type="string"/>
                     <field name="imageStyle" type="reference">
                        <options>
                           <option name="referenceTo">ImageStyle</option>
                           <option name="relationshipName">Child</option>
                        </options>
                     </field>
                  </detail>
               </processObject>
               <processObject xmlns="http://schemas.active-endpoints.com/appmodules/screenflow/2011/06/avosHostEnvironment.xsd"
                              isByCopy="true"
                              name="WidgetMarkup">
                  <description>A widget is a UI element that presents texts, images, etc.</description>
                  <detail>
                     <field name="image" type="reference">
                        <options>
                           <option name="referenceTo">Image</option>
                           <option name="relationshipName">Child</option>
                        </options>
                     </field>
                     <field name="buttons" type="objectlist">
                        <options>
                           <option name="referenceTo">Button</option>
                           <option name="relationshipName">Child</option>
                        </options>
                     </field>
                     <field name="textParagraph" type="reference">
                        <options>
                           <option name="referenceTo">TextParagraph</option>
                           <option name="relationshipName">Child</option>
                        </options>
                     </field>
                     <field name="keyValue" type="reference">
                        <options>
                           <option name="referenceTo">KeyValue</option>
                           <option name="relationshipName">Child</option>
                        </options>
                     </field>
                  </detail>
               </processObject>
               <processObject xmlns="http://schemas.active-endpoints.com/appmodules/screenflow/2011/06/avosHostEnvironment.xsd"
                              isByCopy="true"
                              name="ActionParameter">
                  <description>List of string parameters to supply when the action method is invoked.
For example, consider three snooze buttons: snooze now, snooze 1 day,
snooze next week. You might use action method = snooze(), passing the
snooze type and snooze time in the list of string parameters.</description>
                  <detail>
                     <field name="value" type="string"/>
                     <field name="key" type="string"/>
                  </detail>
               </processObject>
               <processObject xmlns="http://schemas.active-endpoints.com/appmodules/screenflow/2011/06/avosHostEnvironment.xsd"
                              isByCopy="true"
                              name="OnClick">
                  <description>The onclick action for this action item.</description>
                  <detail>
                     <field name="action" type="object"/>
                     <field name="openLink" type="object"/>
                  </detail>
               </processObject>
               <processObject xmlns="http://schemas.active-endpoints.com/appmodules/screenflow/2011/06/avosHostEnvironment.xsd"
                              isByCopy="true"
                              name="Section">
                  <description>A section contains a collection of widgets that are rendered
(vertically) in the order that they are specified. Across all platforms,
cards have a narrow fixed width, so
there is currently no need for layout properties (e.g. float).</description>
                  <detail>
                     <field name="header" type="string"/>
                     <field name="widgets" type="object"/>
                  </detail>
               </processObject>
               <processObject xmlns="http://schemas.active-endpoints.com/appmodules/screenflow/2011/06/avosHostEnvironment.xsd"
                              isByCopy="true"
                              name="Annotation">
                  <description>Annotations associated with the plain-text body of the message.

Example plain-text message body:
```
Hello @FooBot how are you!"
```

The corresponding annotations metadata:
```
"annotations":[{
  "type":"USER_MENTION",
  "startIndex":6,
  "length":7,
  "userMention": {
    "user": {
      "name":"users/107946847022116401880",
      "displayName":"FooBot",
      "avatarUrl":"https://goo.gl/aeDtrS",
      "type":"BOT"
    },
    "type":"MENTION"
   }
}]
```</description>
                  <detail>
                     <field name="startIndex" type="int"/>
                     <field name="length" type="int"/>
                     <field name="userMention" type="reference">
                        <options>
                           <option name="referenceTo">UserMentionMetadata</option>
                           <option name="relationshipName">Child</option>
                        </options>
                     </field>
                     <field name="type" type="reference">
                        <options>
                           <option name="referenceTo">Type2</option>
                           <option name="relationshipName">Child</option>
                        </options>
                     </field>
                  </detail>
               </processObject>
               <processObject xmlns="http://schemas.active-endpoints.com/appmodules/screenflow/2011/06/avosHostEnvironment.xsd"
                              isByCopy="true"
                              name="ActionResponse">
                  <description>Parameters that a bot can use to configure how it's response is posted.</description>
                  <detail>
                     <field name="type" type="reference">
                        <options>
                           <option name="referenceTo">Type3</option>
                           <option name="relationshipName">Child</option>
                        </options>
                     </field>
                     <field name="url" type="string"/>
                  </detail>
               </processObject>
               <processObject xmlns="http://schemas.active-endpoints.com/appmodules/screenflow/2011/06/avosHostEnvironment.xsd"
                              isByCopy="true"
                              name="Card">
                  <description>A card is a UI element that can contain UI widgets such as texts, images.</description>
                  <detail>
                     <field name="cardActions" type="objectlist">
                        <options>
                           <option name="referenceTo">CardAction</option>
                           <option name="relationshipName">Child</option>
                        </options>
                     </field>
                     <field name="name" type="string"/>
                     <field name="header" type="reference">
                        <options>
                           <option name="referenceTo">CardHeader</option>
                           <option name="relationshipName">Child</option>
                        </options>
                     </field>
                     <field name="sections" type="objectlist">
                        <options>
                           <option name="referenceTo">Section</option>
                           <option name="relationshipName">Child</option>
                        </options>
                     </field>
                  </detail>
               </processObject>
               <processObject xmlns="http://schemas.active-endpoints.com/appmodules/screenflow/2011/06/avosHostEnvironment.xsd"
                              isByCopy="true"
                              name="Thread">
                  <description>The thread the message belongs to.</description>
                  <detail>
                     <field name="name" type="string"/>
                  </detail>
               </processObject>
               <processObject xmlns="http://schemas.active-endpoints.com/appmodules/screenflow/2011/06/avosHostEnvironment.xsd"
                              isByCopy="true"
                              name="Type">
                  <description>User type.</description>
                  <detail/>
               </processObject>
               <processObject xmlns="http://schemas.active-endpoints.com/appmodules/screenflow/2011/06/avosHostEnvironment.xsd"
                              isByCopy="true"
                              name="CardAction">
                  <description>A card action is
the action associated with the card. For an invoice card, a
typical action would be: delete invoice, email invoice or open the
invoice in browser.</description>
                  <detail>
                     <field name="onClick" type="reference">
                        <options>
                           <option name="referenceTo">OnClick</option>
                           <option name="relationshipName">Child</option>
                        </options>
                     </field>
                     <field name="actionLabel" type="string"/>
                  </detail>
               </processObject>
               <processObject xmlns="http://schemas.active-endpoints.com/appmodules/screenflow/2011/06/avosHostEnvironment.xsd"
                              isByCopy="true"
                              name="State">
                  <description>State of the membership.</description>
                  <detail/>
               </processObject>
               <processObject xmlns="http://schemas.active-endpoints.com/appmodules/screenflow/2011/06/avosHostEnvironment.xsd"
                              isByCopy="true"
                              name="UserMentionMetadata">
                  <description>Annotation metadata for user mentions (@).</description>
                  <detail>
                     <field name="type" type="reference">
                        <options>
                           <option name="referenceTo">Type1</option>
                           <option name="relationshipName">Child</option>
                        </options>
                     </field>
                     <field name="user" type="reference">
                        <options>
                           <option name="referenceTo">User</option>
                           <option name="relationshipName">Child</option>
                        </options>
                     </field>
                  </detail>
               </processObject>
               <processObject xmlns="http://schemas.active-endpoints.com/appmodules/screenflow/2011/06/avosHostEnvironment.xsd"
                              isByCopy="true"
                              name="Icon">
                  <description>An enum value that will be replaced by the Chat API with the
corresponding icon image.</description>
                  <detail/>
               </processObject>
               <processObject xmlns="http://schemas.active-endpoints.com/appmodules/screenflow/2011/06/avosHostEnvironment.xsd"
                              isByCopy="true"
                              name="string">
                  <description/>
                  <detail>
                     <field name="string" type="string"/>
                  </detail>
               </processObject>
               <processObject xmlns="http://schemas.active-endpoints.com/appmodules/screenflow/2011/06/avosHostEnvironment.xsd"
                              isByCopy="true"
                              name="boolean">
                  <description/>
                  <detail>
                     <field name="boolean" type="boolean"/>
                  </detail>
               </processObject>
               <processObject xmlns="http://schemas.active-endpoints.com/appmodules/screenflow/2011/06/avosHostEnvironment.xsd"
                              isByCopy="true"
                              name="double">
                  <description/>
                  <detail>
                     <field name="double" type="double"/>
                  </detail>
               </processObject>
               <processObject xmlns="http://schemas.active-endpoints.com/appmodules/screenflow/2011/06/avosHostEnvironment.xsd"
                              isByCopy="true"
                              name="integer">
                  <description/>
                  <detail>
                     <field name="integer" type="int"/>
                  </detail>
               </processObject>
            </objects>
         </businessConnector>
      </types1:Entry>
      <types1:GUID>5JvMA7VVWvfhyQFBJiuNsY</types1:GUID>
      <types1:DisplayName>Google Hangouts Chat API v1</types1:DisplayName>
   </types1:Item>
   <types1:CurrentServerDateTime>2019-02-26T06:37:30.313Z</types1:CurrentServerDateTime>
</aetgt:getResponse>
