<aetgt:getResponse xmlns:aetgt="http://schemas.active-endpoints.com/appmodules/repository/2010/10/avrepository.xsd"
                   xmlns:types1="http://schemas.active-endpoints.com/appmodules/repository/2010/10/avrepository.xsd">
   <types1:Item>
      <types1:EntryId>UAE29Em2kVNKSmv-gt-3009763-2019-12-22T05:23:06.751Z::svc.xml</types1:EntryId>
      <types1:Name>SAP_Ariba_Custom_Forms_REST_API_v1</types1:Name>
      <types1:MimeType>application/xml+businesssconnector</types1:MimeType>
      <types1:Description>This API set enables your application to get information about form designs created in the forms builder; and data from submitted form documents.

A typical use case for this API set is to get form document data for the purpose of reporting or sending to an external ERP system.

Note: When needed, SAP Ariba Custom Forms APIs might add additional attributes to resources that are exposed via REST APIs. The client should be prepared for such additional attributes and their de-serialization should not be impacted due to additional attributes.</types1:Description>
      <types1:AppliesTo/>
      <types1:Tags/>
      <types1:VersionLabel>1.0</types1:VersionLabel>
      <types1:State>CURRENT</types1:State>
      <types1:ProcessGroup/>
      <types1:CreatedBy>sorabh@na1.dm-us.org</types1:CreatedBy>
      <types1:CreationDate>2019-12-22T05:23:07Z</types1:CreationDate>
      <types1:ModifiedBy/>
      <types1:PublicationStatus>published</types1:PublicationStatus>
      <types1:PublishedBy>sorabh@na1.dm-us.org</types1:PublishedBy>
      <types1:PublicationDate>2019-12-22T05:23:10Z</types1:PublicationDate>
      <types1:PublishedContributionId>project:/rt.connector/SAP_Ariba_Custom_Forms_REST_API_v1/SAP_Ariba_Custom_Forms_REST_API_v1_svcDef.xml</types1:PublishedContributionId>
      <types1:AutosaveExists>false</types1:AutosaveExists>
      <types1:Entry>
         <businessConnector xmlns="http://schemas.informatica.com/socrates/data-services/2014/05/business-connector-model.xsd"
                            agentOnly="false"
                            debug="false"
                            displayName="SAP Ariba Custom Forms REST API v1"
                            label=""
                            name="SAP_Ariba_Custom_Forms_REST_API_v1"
                            uuid="11b990e5-170c-420f-98c3-5205f0f61823">
            <description>This API set enables your application to get information about form designs created in the forms builder; and data from submitted form documents.

A typical use case for this API set is to get form document data for the purpose of reporting or sending to an external ERP system.

Note: When needed, SAP Ariba Custom Forms APIs might add additional attributes to resources that are exposed via REST APIs. The client should be prepared for such additional attributes and their de-serialization should not be impacted due to additional attributes.</description>
            <tags/>
            <connectionAttributes xmlns="http://schemas.informatica.com/appmodules/screenflow/2014/04/avosConnectors.xsd">
               <connectionAttribute description="Host Name"
                                    masked="false"
                                    name="hostName"
                                    required="true"
                                    testWith="sandbox.api.sap.com"
                                    type="string"/>
            </connectionAttributes>
            <actions>
               <action category="form-documents-api"
                       failOnError="true"
                       forSearch="false"
                       label="getAllDocumentsByFormIdPublicUsingGET_1"
                       maxRedirects="100"
                       name="getAllDocumentsByFormIdPublicUsingGET_1"
                       preemptiveAuth="true"
                       responseEncoding="">
                  <description>Returns data from all form documents associated with the specified form design ID. Use the filter parameter to filter the documents by document approval status, form design version, and document submission date.</description>
                  <input>
                     <parameter description="Form design ID"
                                label="form_idPathParam"
                                name="form_idPathParam"
                                nogen="true"
                                required="true"
                                testWith=""
                                type="string"/>
                     <parameter description="Filters the records using one or more of the following terms: status (Approved, Denied, Submitted), createDate, formVersion. For status, use the operator =in=. For createDate, use &gt;= for the ‘from’ date and = for the ‘to’ date. For formVersion, use ==. Separate multiple terms with ‘and’."
                                label="rsqlfilter"
                                name="rsqlfilter"
                                required="false"
                                testWith=""
                                type="string"/>
                     <parameter description="The number of records to return. The maximum value is 999."
                                label="limit"
                                name="limit"
                                required="false"
                                testWith=""
                                type="string"/>
                     <parameter description="The page from which to start returning records from the entire set of results."
                                label="offset"
                                name="offset"
                                required="false"
                                testWith=""
                                type="string"/>
                  </input>
                  <binding>
                     <restSimpleBinding multiUsing="semicolonSeparated"
                                        url="https://{$hostName}/ariba/api/customforms/v1/sandbox/forms/{$form_idPathParam}/documents"
                                        verb="GET">
                        <httpHeaders>
                           <header name="Content-Type">application/json</header>
                           <header name="Accept">application/json</header>
                        </httpHeaders>
                     </restSimpleBinding>
                  </binding>
                  <output>
                     <field description="Successful retrieval of form document records"
                            entireResponse="true"
                            name="FormDocument"
                            type="reference">
                        <options>
                           <option name="referenceTo">FormDocument</option>
                        </options>
                     </field>
                  </output>
               </action>
               <action category="forms-service-api"
                       failOnError="true"
                       forSearch="false"
                       label="getAllMetadataPublicUsingGET_1"
                       maxRedirects="100"
                       name="getAllMetadataPublicUsingGET_1"
                       preemptiveAuth="true"
                       responseEncoding="">
                  <description>Returns information about form designs that have been published, including obsolete and deleted versions. Use the filter parameter to filter the form designs by status, form design name, and name of the user who published the form.</description>
                  <input>
                     <parameter description="Filters the records using one or more of the following terms: status (published, deleted, obsolete), name, publishedBy. For status, use the operator =in=. For name and publishedBy, use ==. Separate multiple terms with ‘and’."
                                label="rsqlfilter"
                                name="rsqlfilter"
                                required="false"
                                testWith=""
                                type="string"/>
                     <parameter description="The number of records to return. The maximum value is 999."
                                label="limit"
                                name="limit"
                                required="false"
                                testWith=""
                                type="string"/>
                     <parameter description="The page from which to start returning records from the entire set of results."
                                label="offset"
                                name="offset"
                                required="false"
                                testWith=""
                                type="string"/>
                  </input>
                  <binding>
                     <restSimpleBinding multiUsing="semicolonSeparated"
                                        url="https://{$hostName}/ariba/api/customforms/v1/sandbox/forms"
                                        verb="GET">
                        <httpHeaders>
                           <header name="Content-Type">application/json</header>
                           <header name="Accept">application/json</header>
                        </httpHeaders>
                     </restSimpleBinding>
                  </binding>
                  <output>
                     <field description="Successful retrieval of form design records"
                            entireResponse="true"
                            name="Form"
                            type="reference">
                        <options>
                           <option name="referenceTo">Form</option>
                        </options>
                     </field>
                  </output>
               </action>
            </actions>
            <objects>
               <processObject xmlns="http://schemas.active-endpoints.com/appmodules/screenflow/2011/06/avosHostEnvironment.xsd"
                              isByCopy="true"
                              name="ExceptionResponse">
                  <description>The response of the exception</description>
                  <detail>
                     <field name="msg" type="string"/>
                     <field name="code" type="string"/>
                     <field name="service" type="string"/>
                     <field name="error" type="string"/>
                     <field name="status" type="int"/>
                     <field name="timestamp" type="int"/>
                  </detail>
               </processObject>
               <processObject xmlns="http://schemas.active-endpoints.com/appmodules/screenflow/2011/06/avosHostEnvironment.xsd"
                              isByCopy="true"
                              name="FormDocument">
                  <description>Document resource representation of Form</description>
                  <detail>
                     <field name="formId" type="string"/>
                     <field name="uniqueName" type="string"/>
                     <field name="data" type="objectlist">
                        <options>
                           <option name="referenceTo">WidgetData</option>
                           <option name="relationshipName">Child</option>
                        </options>
                     </field>
                     <field name="name" type="string"/>
                     <field name="formVersion" type="int"/>
                     <field name="id" type="int"/>
                     <field name="userId" type="string"/>
                     <field name="createDate" type="string"/>
                     <field name="status" type="string"/>
                  </detail>
               </processObject>
               <processObject xmlns="http://schemas.active-endpoints.com/appmodules/screenflow/2011/06/avosHostEnvironment.xsd"
                              isByCopy="true"
                              name="WidgetData">
                  <description>Metadata resource representation</description>
                  <detail>
                     <field name="id" type="string"/>
                     <field name="value" type="object"/>
                  </detail>
               </processObject>
               <processObject xmlns="http://schemas.active-endpoints.com/appmodules/screenflow/2011/06/avosHostEnvironment.xsd"
                              isByCopy="true"
                              name="Form">
                  <description>Metadata resource representation</description>
                  <detail>
                     <field name="publishedBy" type="string"/>
                     <field name="publishedAt" type="string"/>
                     <field name="name" type="string"/>
                     <field name="id" type="string"/>
                     <field name="widgetsMetadata" type="objectlist">
                        <options>
                           <option name="referenceTo">WidgetMetadata</option>
                           <option name="relationshipName">Child</option>
                        </options>
                     </field>
                     <field name="version" type="int"/>
                     <field name="status" type="string"/>
                  </detail>
               </processObject>
               <processObject xmlns="http://schemas.active-endpoints.com/appmodules/screenflow/2011/06/avosHostEnvironment.xsd"
                              isByCopy="true"
                              name="WidgetMetadata">
                  <description>Metadata resource representation</description>
                  <detail>
                     <field name="label" type="string"/>
                     <field name="id" type="string"/>
                     <field name="type" type="string"/>
                  </detail>
               </processObject>
               <processObject xmlns="http://schemas.active-endpoints.com/appmodules/screenflow/2011/06/avosHostEnvironment.xsd"
                              isByCopy="true"
                              name="PageResource_FormDocument_">
                  <description/>
                  <detail>
                     <field name="lastPage" type="boolean"/>
                     <field name="offset" type="int"/>
                     <field name="firstPage" type="boolean"/>
                     <field name="totalOffsets" type="int"/>
                     <field name="limit" type="int"/>
                     <field name="links" type="objectlist">
                        <options>
                           <option name="referenceTo">Link</option>
                           <option name="relationshipName">Child</option>
                        </options>
                     </field>
                     <field name="content" type="objectlist">
                        <options>
                           <option name="referenceTo">FormDocument</option>
                           <option name="relationshipName">Child</option>
                        </options>
                     </field>
                     <field name="totalElements" type="int"/>
                  </detail>
               </processObject>
               <processObject xmlns="http://schemas.active-endpoints.com/appmodules/screenflow/2011/06/avosHostEnvironment.xsd"
                              isByCopy="true"
                              name="Link">
                  <description/>
                  <detail>
                     <field name="templated" type="boolean"/>
                     <field name="rel" type="string"/>
                     <field name="href" type="string"/>
                  </detail>
               </processObject>
               <processObject xmlns="http://schemas.active-endpoints.com/appmodules/screenflow/2011/06/avosHostEnvironment.xsd"
                              isByCopy="true"
                              name="PageResource_Form_">
                  <description/>
                  <detail>
                     <field name="lastPage" type="boolean"/>
                     <field name="offset" type="int"/>
                     <field name="firstPage" type="boolean"/>
                     <field name="totalOffsets" type="int"/>
                     <field name="limit" type="int"/>
                     <field name="links" type="objectlist">
                        <options>
                           <option name="referenceTo">Link</option>
                           <option name="relationshipName">Child</option>
                        </options>
                     </field>
                     <field name="content" type="objectlist">
                        <options>
                           <option name="referenceTo">Form</option>
                           <option name="relationshipName">Child</option>
                        </options>
                     </field>
                     <field name="totalElements" type="int"/>
                  </detail>
               </processObject>
               <processObject xmlns="http://schemas.active-endpoints.com/appmodules/screenflow/2011/06/avosHostEnvironment.xsd"
                              isByCopy="true"
                              name="string">
                  <description/>
                  <detail>
                     <field name="string" type="string"/>
                  </detail>
               </processObject>
               <processObject xmlns="http://schemas.active-endpoints.com/appmodules/screenflow/2011/06/avosHostEnvironment.xsd"
                              isByCopy="true"
                              name="boolean">
                  <description/>
                  <detail>
                     <field name="boolean" type="boolean"/>
                  </detail>
               </processObject>
               <processObject xmlns="http://schemas.active-endpoints.com/appmodules/screenflow/2011/06/avosHostEnvironment.xsd"
                              isByCopy="true"
                              name="double">
                  <description/>
                  <detail>
                     <field name="double" type="double"/>
                  </detail>
               </processObject>
               <processObject xmlns="http://schemas.active-endpoints.com/appmodules/screenflow/2011/06/avosHostEnvironment.xsd"
                              isByCopy="true"
                              name="integer">
                  <description/>
                  <detail>
                     <field name="integer" type="int"/>
                  </detail>
               </processObject>
            </objects>
         </businessConnector>
      </types1:Entry>
      <types1:GUID>8Aml9csvlochgPrAH9YnOS</types1:GUID>
      <types1:DisplayName>SAP Ariba Custom Forms REST API v1</types1:DisplayName>
   </types1:Item>
   <types1:CurrentServerDateTime>2019-12-22T05:25:26.294Z</types1:CurrentServerDateTime>
</aetgt:getResponse>
