<aetgt:getResponse xmlns:aetgt="http://schemas.active-endpoints.com/appmodules/repository/2010/10/avrepository.xsd"
                   xmlns:types1="http://schemas.active-endpoints.com/appmodules/repository/2010/10/avrepository.xsd">
   <types1:Item>
      <types1:EntryId>H88eDyf6riX2FNB-gt-2564277-2019-12-20T16:03:05.47Z::svc.xml</types1:EntryId>
      <types1:Name>SAP_SuccessFactors_Succession_and_Development_Succession_Management_OData_API_v1</types1:Name>
      <types1:MimeType>application/xml+businesssconnector</types1:MimeType>
      <types1:Description>API for Succession management provides access to talent pool, successor and nomination information</types1:Description>
      <types1:AppliesTo/>
      <types1:Tags/>
      <types1:VersionLabel>1.0</types1:VersionLabel>
      <types1:State>CURRENT</types1:State>
      <types1:ProcessGroup/>
      <types1:CreatedBy>sorabh@na1.dm-us.org</types1:CreatedBy>
      <types1:CreationDate>2019-12-20T16:03:05Z</types1:CreationDate>
      <types1:ModifiedBy/>
      <types1:PublicationStatus>published</types1:PublicationStatus>
      <types1:PublishedBy>sorabh@na1.dm-us.org</types1:PublishedBy>
      <types1:PublicationDate>2019-12-20T16:03:09Z</types1:PublicationDate>
      <types1:PublishedContributionId>project:/rt.connector/SAP_SuccessFactors_Succession_and_Development_Succession_Management_OData_API_v1/SAP_SuccessFactors_Succession_and_Development_Succession_Management_OData_API_v1_svcDef.xml</types1:PublishedContributionId>
      <types1:AutosaveExists>false</types1:AutosaveExists>
      <types1:Entry>
         <businessConnector xmlns="http://schemas.informatica.com/socrates/data-services/2014/05/business-connector-model.xsd"
                            agentOnly="false"
                            debug="false"
                            displayName="SAP SuccessFactors Succession and Development Succession Management OData API v1"
                            label=""
                            name="SAP_SuccessFactors_Succession_and_Development_Succession_Management_OData_API_v1"
                            uuid="9c3d91bd-4066-4bc8-b552-d66b748532d5">
            <description>API for Succession management provides access to talent pool, successor and nomination information</description>
            <tags/>
            <connectionAttributes xmlns="http://schemas.informatica.com/appmodules/screenflow/2014/04/avosConnectors.xsd">
               <connectionAttribute description="Host Name"
                                    masked="false"
                                    name="hostName"
                                    required="true"
                                    testWith="sandbox.api.sap.com"
                                    type="string"/>
               <connectionAttribute description="User Name"
                                    masked="false"
                                    name="username"
                                    required="true"
                                    testWith=""
                                    type="string"/>
               <connectionAttribute description="Password"
                                    masked="true"
                                    name="password"
                                    required="true"
                                    testWith=""
                                    type="string"/>
            </connectionAttributes>
            <actions>
               <action category="TalentPool"
                       failOnError="true"
                       forSearch="false"
                       label="POST_TalentPool"
                       maxRedirects="100"
                       name="POST_TalentPool"
                       preemptiveAuth="true"
                       responseEncoding="">
                  <description>Add new entity to TalentPool</description>
                  <input>
                     <parameter description="New entity"
                                label="TalentPool"
                                name="TalentPool"
                                required="false"
                                testWith=""
                                type="reference">
                        <options>
                           <option name="referenceTo">SFOData_TalentPool</option>
                        </options>
                     </parameter>
                  </input>
                  <binding>
                     <restSimpleBinding multiUsing="semicolonSeparated"
                                        url="https://{$hostName}/successfactors/odata/v2/TalentPool"
                                        verb="POST">
                        <authentication>
                           <username>{$username}</username>
                           <password>{$password}</password>
                           <isExpressionInPassword>true</isExpressionInPassword>
                        </authentication>
                        <httpHeaders>
                           <header name="Content-Type">application/json</header>
                           <header name="Accept">application/json</header>
                        </httpHeaders>
                        <body generateUsing="UnwrappedJSON" preserveJsonStringFormatting="false"/>
                     </restSimpleBinding>
                  </binding>
                  <output/>
               </action>
               <action category="TalentPool"
                       failOnError="true"
                       forSearch="false"
                       label="GET_TalentPool"
                       maxRedirects="100"
                       name="GET_TalentPool"
                       preemptiveAuth="true"
                       responseEncoding="">
                  <description>Get entities from TalentPool</description>
                  <input>
                     <parameter description="Show only the first n items, see [OData Paging - Top](http://docs.oasis-open.org/odata/odata/v4.0/odata-v4.0-part1-protocol.html#_Toc445374630)"
                                label="$top"
                                name="$top"
                                required="false"
                                testWith=""
                                type="int"/>
                     <parameter description="Skip the first n items, see [OData Paging - Skip](http://docs.oasis-open.org/odata/odata/v4.0/odata-v4.0-part1-protocol.html#_Toc445374631)"
                                label="$skip"
                                name="$skip"
                                required="false"
                                testWith=""
                                type="int"/>
                     <parameter description="Search items by search phrases, see [OData Searching](http://docs.oasis-open.org/odata/odata/v4.0/odata-v4.0-part1-protocol.html#_Toc445374633)"
                                label="$search"
                                name="$search"
                                required="false"
                                testWith=""
                                type="string"/>
                     <parameter description="Filter items by property values, see [OData Filtering](http://docs.oasis-open.org/odata/odata/v4.0/odata-v4.0-part1-protocol.html#_Toc445374625)"
                                label="$filter"
                                name="$filter"
                                required="false"
                                testWith=""
                                type="string"/>
                     <parameter description="Include count of items, see [OData Count](http://docs.oasis-open.org/odata/odata/v4.0/odata-v4.0-part1-protocol.html#_Toc445374632)"
                                label="$count"
                                name="$count"
                                required="false"
                                testWith=""
                                type="boolean"/>
                     <parameter description="Order items by property values, see [OData Sorting](http://docs.oasis-open.org/odata/odata/v4.0/odata-v4.0-part1-protocol.html#_Toc445374629)"
                                label="$orderby"
                                name="$orderby"
                                required="false"
                                testWith=""
                                type="picklist">
                        <options>
                           <option name="values">[{"value":"code","label":"code"},{"value":"code desc","label":"code desc"},{"value":"createdBy","label":"createdBy"},{"value":"createdBy desc","label":"createdBy desc"},{"value":"createdDateTime","label":"createdDateTime"},{"value":"createdDateTime desc","label":"createdDateTime desc"},{"value":"description_de_DE","label":"description_de_DE"},{"value":"description_de_DE desc","label":"description_de_DE desc"},{"value":"description_defaultValue","label":"description_defaultValue"},{"value":"description_defaultValue desc","label":"description_defaultValue desc"},{"value":"description_en_GB","label":"description_en_GB"},{"value":"description_en_GB desc","label":"description_en_GB desc"},{"value":"description_en_US","label":"description_en_US"},{"value":"description_en_US desc","label":"description_en_US desc"},{"value":"description_es_ES","label":"description_es_ES"},{"value":"description_es_ES desc","label":"description_es_ES desc"},{"value":"description_fr_FR","label":"description_fr_FR"},{"value":"description_fr_FR desc","label":"description_fr_FR desc"},{"value":"description_ja_JP","label":"description_ja_JP"},{"value":"description_ja_JP desc","label":"description_ja_JP desc"},{"value":"description_ko_KR","label":"description_ko_KR"},{"value":"description_ko_KR desc","label":"description_ko_KR desc"},{"value":"description_localized","label":"description_localized"},{"value":"description_localized desc","label":"description_localized desc"},{"value":"description_nl_NL","label":"description_nl_NL"},{"value":"description_nl_NL desc","label":"description_nl_NL desc"},{"value":"description_pt_BR","label":"description_pt_BR"},{"value":"description_pt_BR desc","label":"description_pt_BR desc"},{"value":"description_pt_PT","label":"description_pt_PT"},{"value":"description_pt_PT desc","label":"description_pt_PT desc"},{"value":"description_ru_RU","label":"description_ru_RU"},{"value":"description_ru_RU desc","label":"description_ru_RU desc"},{"value":"description_zh_CN","label":"description_zh_CN"},{"value":"description_zh_CN desc","label":"description_zh_CN desc"},{"value":"description_zh_TW","label":"description_zh_TW"},{"value":"description_zh_TW desc","label":"description_zh_TW desc"},{"value":"effectiveEndDate","label":"effectiveEndDate"},{"value":"effectiveEndDate desc","label":"effectiveEndDate desc"},{"value":"effectiveStartDate","label":"effectiveStartDate"},{"value":"effectiveStartDate desc","label":"effectiveStartDate desc"},{"value":"effectiveStatus","label":"effectiveStatus"},{"value":"effectiveStatus desc","label":"effectiveStatus desc"},{"value":"enableReadiness","label":"enableReadiness"},{"value":"enableReadiness desc","label":"enableReadiness desc"},{"value":"lastModifiedBy","label":"lastModifiedBy"},{"value":"lastModifiedBy desc","label":"lastModifiedBy desc"},{"value":"lastModifiedDateTime","label":"lastModifiedDateTime"},{"value":"lastModifiedDateTime desc","label":"lastModifiedDateTime desc"},{"value":"mdfSystemCreatedBy","label":"mdfSystemCreatedBy"},{"value":"mdfSystemCreatedBy desc","label":"mdfSystemCreatedBy desc"},{"value":"mdfSystemCreatedDate","label":"mdfSystemCreatedDate"},{"value":"mdfSystemCreatedDate desc","label":"mdfSystemCreatedDate desc"},{"value":"mdfSystemEntityId","label":"mdfSystemEntityId"},{"value":"mdfSystemEntityId desc","label":"mdfSystemEntityId desc"},{"value":"mdfSystemLastModifiedBy","label":"mdfSystemLastModifiedBy"},{"value":"mdfSystemLastModifiedBy desc","label":"mdfSystemLastModifiedBy desc"},{"value":"mdfSystemLastModifiedDate","label":"mdfSystemLastModifiedDate"},{"value":"mdfSystemLastModifiedDate desc","label":"mdfSystemLastModifiedDate desc"},{"value":"mdfSystemLastModifiedDateWithTZ","label":"mdfSystemLastModifiedDateWithTZ"},{"value":"mdfSystemLastModifiedDateWithTZ desc","label":"mdfSystemLastModifiedDateWithTZ desc"},{"value":"mdfSystemObjectType","label":"mdfSystemObjectType"},{"value":"mdfSystemObjectType desc","label":"mdfSystemObjectType desc"},{"value":"mdfSystemRecordId","label":"mdfSystemRecordId"},{"value":"mdfSystemRecordId desc","label":"mdfSystemRecordId desc"},{"value":"mdfSystemRecordStatus","label":"mdfSystemRecordStatus"},{"value":"mdfSystemRecordStatus desc","label":"mdfSystemRecordStatus desc"},{"value":"mdfSystemVersionId","label":"mdfSystemVersionId"},{"value":"mdfSystemVersionId desc","label":"mdfSystemVersionId desc"},{"value":"name_de_DE","label":"name_de_DE"},{"value":"name_de_DE desc","label":"name_de_DE desc"},{"value":"name_defaultValue","label":"name_defaultValue"},{"value":"name_defaultValue desc","label":"name_defaultValue desc"},{"value":"name_en_GB","label":"name_en_GB"},{"value":"name_en_GB desc","label":"name_en_GB desc"},{"value":"name_en_US","label":"name_en_US"},{"value":"name_en_US desc","label":"name_en_US desc"},{"value":"name_es_ES","label":"name_es_ES"},{"value":"name_es_ES desc","label":"name_es_ES desc"},{"value":"name_fr_FR","label":"name_fr_FR"},{"value":"name_fr_FR desc","label":"name_fr_FR desc"},{"value":"name_ja_JP","label":"name_ja_JP"},{"value":"name_ja_JP desc","label":"name_ja_JP desc"},{"value":"name_ko_KR","label":"name_ko_KR"},{"value":"name_ko_KR desc","label":"name_ko_KR desc"},{"value":"name_localized","label":"name_localized"},{"value":"name_localized desc","label":"name_localized desc"},{"value":"name_nl_NL","label":"name_nl_NL"},{"value":"name_nl_NL desc","label":"name_nl_NL desc"},{"value":"name_pt_BR","label":"name_pt_BR"},{"value":"name_pt_BR desc","label":"name_pt_BR desc"},{"value":"name_pt_PT","label":"name_pt_PT"},{"value":"name_pt_PT desc","label":"name_pt_PT desc"},{"value":"name_ru_RU","label":"name_ru_RU"},{"value":"name_ru_RU desc","label":"name_ru_RU desc"},{"value":"name_zh_CN","label":"name_zh_CN"},{"value":"name_zh_CN desc","label":"name_zh_CN desc"},{"value":"name_zh_TW","label":"name_zh_TW"},{"value":"name_zh_TW desc","label":"name_zh_TW desc"},{"value":"owner","label":"owner"},{"value":"owner desc","label":"owner desc"},{"value":"transactionSequence","label":"transactionSequence"},{"value":"transactionSequence desc","label":"transactionSequence desc"},{"value":"type","label":"type"},{"value":"type desc","label":"type desc"}]</option>
                        </options>
                     </parameter>
                     <parameter description="Select properties to be returned, see [OData Select](http://docs.oasis-open.org/odata/odata/v4.0/odata-v4.0-part1-protocol.html#_Toc445374620)"
                                label="$select"
                                name="$select"
                                required="false"
                                testWith=""
                                type="picklist">
                        <options>
                           <option name="values">[{"value":"code","label":"code"},{"value":"createdBy","label":"createdBy"},{"value":"createdDateTime","label":"createdDateTime"},{"value":"description_de_DE","label":"description_de_DE"},{"value":"description_defaultValue","label":"description_defaultValue"},{"value":"description_en_GB","label":"description_en_GB"},{"value":"description_en_US","label":"description_en_US"},{"value":"description_es_ES","label":"description_es_ES"},{"value":"description_fr_FR","label":"description_fr_FR"},{"value":"description_ja_JP","label":"description_ja_JP"},{"value":"description_ko_KR","label":"description_ko_KR"},{"value":"description_localized","label":"description_localized"},{"value":"description_nl_NL","label":"description_nl_NL"},{"value":"description_pt_BR","label":"description_pt_BR"},{"value":"description_pt_PT","label":"description_pt_PT"},{"value":"description_ru_RU","label":"description_ru_RU"},{"value":"description_zh_CN","label":"description_zh_CN"},{"value":"description_zh_TW","label":"description_zh_TW"},{"value":"effectiveEndDate","label":"effectiveEndDate"},{"value":"effectiveStartDate","label":"effectiveStartDate"},{"value":"effectiveStatus","label":"effectiveStatus"},{"value":"enableReadiness","label":"enableReadiness"},{"value":"lastModifiedBy","label":"lastModifiedBy"},{"value":"lastModifiedDateTime","label":"lastModifiedDateTime"},{"value":"mdfSystemCreatedBy","label":"mdfSystemCreatedBy"},{"value":"mdfSystemCreatedDate","label":"mdfSystemCreatedDate"},{"value":"mdfSystemEntityId","label":"mdfSystemEntityId"},{"value":"mdfSystemLastModifiedBy","label":"mdfSystemLastModifiedBy"},{"value":"mdfSystemLastModifiedDate","label":"mdfSystemLastModifiedDate"},{"value":"mdfSystemLastModifiedDateWithTZ","label":"mdfSystemLastModifiedDateWithTZ"},{"value":"mdfSystemObjectType","label":"mdfSystemObjectType"},{"value":"mdfSystemRecordId","label":"mdfSystemRecordId"},{"value":"mdfSystemRecordStatus","label":"mdfSystemRecordStatus"},{"value":"mdfSystemVersionId","label":"mdfSystemVersionId"},{"value":"name_de_DE","label":"name_de_DE"},{"value":"name_defaultValue","label":"name_defaultValue"},{"value":"name_en_GB","label":"name_en_GB"},{"value":"name_en_US","label":"name_en_US"},{"value":"name_es_ES","label":"name_es_ES"},{"value":"name_fr_FR","label":"name_fr_FR"},{"value":"name_ja_JP","label":"name_ja_JP"},{"value":"name_ko_KR","label":"name_ko_KR"},{"value":"name_localized","label":"name_localized"},{"value":"name_nl_NL","label":"name_nl_NL"},{"value":"name_pt_BR","label":"name_pt_BR"},{"value":"name_pt_PT","label":"name_pt_PT"},{"value":"name_ru_RU","label":"name_ru_RU"},{"value":"name_zh_CN","label":"name_zh_CN"},{"value":"name_zh_TW","label":"name_zh_TW"},{"value":"owner","label":"owner"},{"value":"transactionSequence","label":"transactionSequence"},{"value":"type","label":"type"}]</option>
                        </options>
                     </parameter>
                     <parameter description="Expand related entities, see [OData Expand](http://docs.oasis-open.org/odata/odata/v4.0/odata-v4.0-part1-protocol.html#_Toc445374621)"
                                label="$expand"
                                name="$expand"
                                required="false"
                                testWith=""
                                type="picklist">
                        <options>
                           <option name="values">[{"value":"*","label":"*"},{"value":"successorNav","label":"successorNav"}]</option>
                        </options>
                     </parameter>
                  </input>
                  <binding>
                     <restSimpleBinding multiUsing="semicolonSeparated"
                                        url="https://{$hostName}/successfactors/odata/v2/TalentPool"
                                        verb="GET">
                        <authentication>
                           <username>{$username}</username>
                           <password>{$password}</password>
                           <isExpressionInPassword>true</isExpressionInPassword>
                        </authentication>
                        <httpHeaders>
                           <header name="Content-Type">application/json</header>
                           <header name="Accept">application/json</header>
                        </httpHeaders>
                     </restSimpleBinding>
                  </binding>
                  <output>
                     <field description="Retrieved entities"
                            entireResponse="true"
                            name="entireResponse"
                            type="object"/>
                  </output>
               </action>
               <action category="NominationTarget"
                       failOnError="true"
                       forSearch="false"
                       label="GET_NominationTarget_nominationId_"
                       maxRedirects="100"
                       name="GET_NominationTarget_nominationId_"
                       preemptiveAuth="true"
                       responseEncoding="">
                  <description>Get entity from NominationTarget by key</description>
                  <input>
                     <parameter description="key: nominationId"
                                label="nominationIdPathParam"
                                name="nominationIdPathParam"
                                nogen="true"
                                required="true"
                                testWith=""
                                type="int"/>
                     <parameter description="Select properties to be returned, see [OData Select](http://docs.oasis-open.org/odata/odata/v4.0/odata-v4.0-part1-protocol.html#_Toc445374620)"
                                label="$select"
                                name="$select"
                                required="false"
                                testWith=""
                                type="picklist">
                        <options>
                           <option name="values">[{"value":"nominationId","label":"nominationId"},{"value":"nominationType","label":"nominationType"}]</option>
                        </options>
                     </parameter>
                     <parameter description="Expand related entities, see [OData Expand](http://docs.oasis-open.org/odata/odata/v4.0/odata-v4.0-part1-protocol.html#_Toc445374621)"
                                label="$expand"
                                name="$expand"
                                required="false"
                                testWith=""
                                type="picklist">
                        <options>
                           <option name="values">[{"value":"*","label":"*"},{"value":"successorNav","label":"successorNav"},{"value":"talentPoolNav","label":"talentPoolNav"}]</option>
                        </options>
                     </parameter>
                  </input>
                  <binding>
                     <restSimpleBinding multiUsing="semicolonSeparated"
                                        url="https://{$hostName}/successfactors/odata/v2/NominationTarget({$nominationIdPathParam})"
                                        verb="GET">
                        <authentication>
                           <username>{$username}</username>
                           <password>{$password}</password>
                           <isExpressionInPassword>true</isExpressionInPassword>
                        </authentication>
                        <httpHeaders>
                           <header name="Content-Type">application/json</header>
                           <header name="Accept">application/json</header>
                        </httpHeaders>
                     </restSimpleBinding>
                  </binding>
                  <output>
                     <field description="Retrieved entity"
                            entireResponse="true"
                            name="entireResponse"
                            type="object"/>
                  </output>
               </action>
               <action category="Successor"
                       failOnError="true"
                       forSearch="false"
                       label="GET_Successor"
                       maxRedirects="100"
                       name="GET_Successor"
                       preemptiveAuth="true"
                       responseEncoding="">
                  <description>Get entities from Successor</description>
                  <input>
                     <parameter description="Show only the first n items, see [OData Paging - Top](http://docs.oasis-open.org/odata/odata/v4.0/odata-v4.0-part1-protocol.html#_Toc445374630)"
                                label="$top"
                                name="$top"
                                required="false"
                                testWith=""
                                type="int"/>
                     <parameter description="Skip the first n items, see [OData Paging - Skip](http://docs.oasis-open.org/odata/odata/v4.0/odata-v4.0-part1-protocol.html#_Toc445374631)"
                                label="$skip"
                                name="$skip"
                                required="false"
                                testWith=""
                                type="int"/>
                     <parameter description="Search items by search phrases, see [OData Searching](http://docs.oasis-open.org/odata/odata/v4.0/odata-v4.0-part1-protocol.html#_Toc445374633)"
                                label="$search"
                                name="$search"
                                required="false"
                                testWith=""
                                type="string"/>
                     <parameter description="Filter items by property values, see [OData Filtering](http://docs.oasis-open.org/odata/odata/v4.0/odata-v4.0-part1-protocol.html#_Toc445374625)"
                                label="$filter"
                                name="$filter"
                                required="false"
                                testWith=""
                                type="string"/>
                     <parameter description="Include count of items, see [OData Count](http://docs.oasis-open.org/odata/odata/v4.0/odata-v4.0-part1-protocol.html#_Toc445374632)"
                                label="$count"
                                name="$count"
                                required="false"
                                testWith=""
                                type="boolean"/>
                     <parameter description="Order items by property values, see [OData Sorting](http://docs.oasis-open.org/odata/odata/v4.0/odata-v4.0-part1-protocol.html#_Toc445374629)"
                                label="$orderby"
                                name="$orderby"
                                required="false"
                                testWith=""
                                type="picklist">
                        <options>
                           <option name="values">[{"value":"id","label":"id"},{"value":"id desc","label":"id desc"},{"value":"lastModifiedBy","label":"lastModifiedBy"},{"value":"lastModifiedBy desc","label":"lastModifiedBy desc"},{"value":"lastModifiedDateTime","label":"lastModifiedDateTime"},{"value":"lastModifiedDateTime desc","label":"lastModifiedDateTime desc"},{"value":"nomineeUserId","label":"nomineeUserId"},{"value":"nomineeUserId desc","label":"nomineeUserId desc"},{"value":"note","label":"note"},{"value":"note desc","label":"note desc"},{"value":"rank","label":"rank"},{"value":"rank desc","label":"rank desc"},{"value":"readiness","label":"readiness"},{"value":"readiness desc","label":"readiness desc"},{"value":"readinessLabel","label":"readinessLabel"},{"value":"readinessLabel desc","label":"readinessLabel desc"},{"value":"status","label":"status"},{"value":"status desc","label":"status desc"},{"value":"statusLabel","label":"statusLabel"},{"value":"statusLabel desc","label":"statusLabel desc"}]</option>
                        </options>
                     </parameter>
                     <parameter description="Select properties to be returned, see [OData Select](http://docs.oasis-open.org/odata/odata/v4.0/odata-v4.0-part1-protocol.html#_Toc445374620)"
                                label="$select"
                                name="$select"
                                required="false"
                                testWith=""
                                type="picklist">
                        <options>
                           <option name="values">[{"value":"id","label":"id"},{"value":"lastModifiedBy","label":"lastModifiedBy"},{"value":"lastModifiedDateTime","label":"lastModifiedDateTime"},{"value":"nomineeUserId","label":"nomineeUserId"},{"value":"note","label":"note"},{"value":"rank","label":"rank"},{"value":"readiness","label":"readiness"},{"value":"readinessLabel","label":"readinessLabel"},{"value":"status","label":"status"},{"value":"statusLabel","label":"statusLabel"}]</option>
                        </options>
                     </parameter>
                     <parameter description="Expand related entities, see [OData Expand](http://docs.oasis-open.org/odata/odata/v4.0/odata-v4.0-part1-protocol.html#_Toc445374621)"
                                label="$expand"
                                name="$expand"
                                required="false"
                                testWith=""
                                type="picklist">
                        <options>
                           <option name="values">[{"value":"*","label":"*"},{"value":"nomineeHistoryNav","label":"nomineeHistoryNav"}]</option>
                        </options>
                     </parameter>
                  </input>
                  <binding>
                     <restSimpleBinding multiUsing="semicolonSeparated"
                                        url="https://{$hostName}/successfactors/odata/v2/Successor"
                                        verb="GET">
                        <authentication>
                           <username>{$username}</username>
                           <password>{$password}</password>
                           <isExpressionInPassword>true</isExpressionInPassword>
                        </authentication>
                        <httpHeaders>
                           <header name="Content-Type">application/json</header>
                           <header name="Accept">application/json</header>
                        </httpHeaders>
                     </restSimpleBinding>
                  </binding>
                  <output>
                     <field description="Retrieved entities"
                            entireResponse="true"
                            name="entireResponse"
                            type="object"/>
                  </output>
               </action>
               <action category="TalentGraphicOption"
                       failOnError="true"
                       forSearch="false"
                       label="GET_TalentGraphicOption_dataIndex_dataIndex_optionKey_optionKey_"
                       maxRedirects="100"
                       name="GET_TalentGraphicOption_dataIndex_dataIndex_optionKey_optionKey_"
                       preemptiveAuth="true"
                       responseEncoding="">
                  <description>Get entity from TalentGraphicOption by key</description>
                  <input>
                     <parameter description="key: dataIndex"
                                label="dataIndexPathParam"
                                name="dataIndexPathParam"
                                nogen="true"
                                required="true"
                                testWith=""
                                type="string"/>
                     <parameter description="key: optionKey"
                                label="optionKeyPathParam"
                                name="optionKeyPathParam"
                                nogen="true"
                                required="true"
                                testWith=""
                                type="string"/>
                     <parameter description="Select properties to be returned, see [OData Select](http://docs.oasis-open.org/odata/odata/v4.0/odata-v4.0-part1-protocol.html#_Toc445374620)"
                                label="$select"
                                name="$select"
                                required="false"
                                testWith=""
                                type="picklist">
                        <options>
                           <option name="values">[{"value":"dataImage","label":"dataImage"},{"value":"dataIndex","label":"dataIndex"},{"value":"dataLabel","label":"dataLabel"},{"value":"dataShortLabel","label":"dataShortLabel"},{"value":"dataValue","label":"dataValue"},{"value":"gradientBackgroundColor","label":"gradientBackgroundColor"},{"value":"optionIndex","label":"optionIndex"},{"value":"optionKey","label":"optionKey"},{"value":"optionLabel","label":"optionLabel"},{"value":"optionName","label":"optionName"},{"value":"optionScaleId","label":"optionScaleId"},{"value":"optionTarget","label":"optionTarget"},{"value":"optionType","label":"optionType"}]</option>
                        </options>
                     </parameter>
                  </input>
                  <binding>
                     <restSimpleBinding multiUsing="semicolonSeparated"
                                        url="https://{$hostName}/successfactors/odata/v2/TalentGraphicOption(dataIndex='{$dataIndexPathParam}',optionKey='{$optionKeyPathParam}')"
                                        verb="GET">
                        <authentication>
                           <username>{$username}</username>
                           <password>{$password}</password>
                           <isExpressionInPassword>true</isExpressionInPassword>
                        </authentication>
                        <httpHeaders>
                           <header name="Content-Type">application/json</header>
                           <header name="Accept">application/json</header>
                        </httpHeaders>
                     </restSimpleBinding>
                  </binding>
                  <output>
                     <field description="Retrieved entity"
                            entireResponse="true"
                            name="entireResponse"
                            type="object"/>
                  </output>
               </action>
               <action category="TalentPool"
                       failOnError="true"
                       forSearch="false"
                       label="GET_TalentPool_code_code_effectiveStartDate_effectiveStartDate_"
                       maxRedirects="100"
                       name="GET_TalentPool_code_code_effectiveStartDate_effectiveStartDate_"
                       preemptiveAuth="true"
                       responseEncoding="">
                  <description>Get entity from TalentPool by key</description>
                  <input>
                     <parameter description="key: code"
                                label="codePathParam"
                                name="codePathParam"
                                nogen="true"
                                required="true"
                                testWith=""
                                type="string"/>
                     <parameter description="key: effectiveStartDate"
                                label="effectiveStartDatePathParam"
                                name="effectiveStartDatePathParam"
                                nogen="true"
                                required="true"
                                testWith=""
                                type="string"/>
                     <parameter description="Select properties to be returned, see [OData Select](http://docs.oasis-open.org/odata/odata/v4.0/odata-v4.0-part1-protocol.html#_Toc445374620)"
                                label="$select"
                                name="$select"
                                required="false"
                                testWith=""
                                type="picklist">
                        <options>
                           <option name="values">[{"value":"code","label":"code"},{"value":"createdBy","label":"createdBy"},{"value":"createdDateTime","label":"createdDateTime"},{"value":"description_de_DE","label":"description_de_DE"},{"value":"description_defaultValue","label":"description_defaultValue"},{"value":"description_en_GB","label":"description_en_GB"},{"value":"description_en_US","label":"description_en_US"},{"value":"description_es_ES","label":"description_es_ES"},{"value":"description_fr_FR","label":"description_fr_FR"},{"value":"description_ja_JP","label":"description_ja_JP"},{"value":"description_ko_KR","label":"description_ko_KR"},{"value":"description_localized","label":"description_localized"},{"value":"description_nl_NL","label":"description_nl_NL"},{"value":"description_pt_BR","label":"description_pt_BR"},{"value":"description_pt_PT","label":"description_pt_PT"},{"value":"description_ru_RU","label":"description_ru_RU"},{"value":"description_zh_CN","label":"description_zh_CN"},{"value":"description_zh_TW","label":"description_zh_TW"},{"value":"effectiveEndDate","label":"effectiveEndDate"},{"value":"effectiveStartDate","label":"effectiveStartDate"},{"value":"effectiveStatus","label":"effectiveStatus"},{"value":"enableReadiness","label":"enableReadiness"},{"value":"lastModifiedBy","label":"lastModifiedBy"},{"value":"lastModifiedDateTime","label":"lastModifiedDateTime"},{"value":"mdfSystemCreatedBy","label":"mdfSystemCreatedBy"},{"value":"mdfSystemCreatedDate","label":"mdfSystemCreatedDate"},{"value":"mdfSystemEntityId","label":"mdfSystemEntityId"},{"value":"mdfSystemLastModifiedBy","label":"mdfSystemLastModifiedBy"},{"value":"mdfSystemLastModifiedDate","label":"mdfSystemLastModifiedDate"},{"value":"mdfSystemLastModifiedDateWithTZ","label":"mdfSystemLastModifiedDateWithTZ"},{"value":"mdfSystemObjectType","label":"mdfSystemObjectType"},{"value":"mdfSystemRecordId","label":"mdfSystemRecordId"},{"value":"mdfSystemRecordStatus","label":"mdfSystemRecordStatus"},{"value":"mdfSystemVersionId","label":"mdfSystemVersionId"},{"value":"name_de_DE","label":"name_de_DE"},{"value":"name_defaultValue","label":"name_defaultValue"},{"value":"name_en_GB","label":"name_en_GB"},{"value":"name_en_US","label":"name_en_US"},{"value":"name_es_ES","label":"name_es_ES"},{"value":"name_fr_FR","label":"name_fr_FR"},{"value":"name_ja_JP","label":"name_ja_JP"},{"value":"name_ko_KR","label":"name_ko_KR"},{"value":"name_localized","label":"name_localized"},{"value":"name_nl_NL","label":"name_nl_NL"},{"value":"name_pt_BR","label":"name_pt_BR"},{"value":"name_pt_PT","label":"name_pt_PT"},{"value":"name_ru_RU","label":"name_ru_RU"},{"value":"name_zh_CN","label":"name_zh_CN"},{"value":"name_zh_TW","label":"name_zh_TW"},{"value":"owner","label":"owner"},{"value":"transactionSequence","label":"transactionSequence"},{"value":"type","label":"type"}]</option>
                        </options>
                     </parameter>
                     <parameter description="Expand related entities, see [OData Expand](http://docs.oasis-open.org/odata/odata/v4.0/odata-v4.0-part1-protocol.html#_Toc445374621)"
                                label="$expand"
                                name="$expand"
                                required="false"
                                testWith=""
                                type="picklist">
                        <options>
                           <option name="values">[{"value":"*","label":"*"},{"value":"successorNav","label":"successorNav"}]</option>
                        </options>
                     </parameter>
                  </input>
                  <binding>
                     <restSimpleBinding multiUsing="semicolonSeparated"
                                        url="https://{$hostName}/successfactors/odata/v2/TalentPool(code='{$codePathParam}',effectiveStartDate={$effectiveStartDatePathParam})"
                                        verb="GET">
                        <authentication>
                           <username>{$username}</username>
                           <password>{$password}</password>
                           <isExpressionInPassword>true</isExpressionInPassword>
                        </authentication>
                        <httpHeaders>
                           <header name="Content-Type">application/json</header>
                           <header name="Accept">application/json</header>
                        </httpHeaders>
                     </restSimpleBinding>
                  </binding>
                  <output>
                     <field description="Retrieved entity"
                            entireResponse="true"
                            name="entireResponse"
                            type="object"/>
                  </output>
               </action>
               <action category="TalentPool"
                       failOnError="true"
                       forSearch="false"
                       label="DELETE_TalentPool_code_code_effectiveStartDate_effectiveStartDate_"
                       maxRedirects="100"
                       name="DELETE_TalentPool_code_code_effectiveStartDate_effectiveStartDate_"
                       preemptiveAuth="true"
                       responseEncoding="">
                  <description>Delete entity from TalentPool</description>
                  <input>
                     <parameter description="key: code"
                                label="codePathParam"
                                name="codePathParam"
                                nogen="true"
                                required="true"
                                testWith=""
                                type="string"/>
                     <parameter description="key: effectiveStartDate"
                                label="effectiveStartDatePathParam"
                                name="effectiveStartDatePathParam"
                                nogen="true"
                                required="true"
                                testWith=""
                                type="string"/>
                     <parameter description="ETag"
                                label="If-Match"
                                name="If-Match"
                                nogen="true"
                                required="false"
                                testWith=""
                                type="string"/>
                  </input>
                  <binding>
                     <restSimpleBinding multiUsing="semicolonSeparated"
                                        url="https://{$hostName}/successfactors/odata/v2/TalentPool(code='{$codePathParam}',effectiveStartDate={$effectiveStartDatePathParam})"
                                        verb="DELETE">
                        <authentication>
                           <username>{$username}</username>
                           <password>{$password}</password>
                           <isExpressionInPassword>true</isExpressionInPassword>
                        </authentication>
                        <httpHeaders>
                           <header name="Content-Type">application/json</header>
                           <header name="Accept">application/json</header>
                           <header name="If-Match">{$If-Match}</header>
                        </httpHeaders>
                     </restSimpleBinding>
                  </binding>
                  <output/>
               </action>
               <action category="TalentPool"
                       failOnError="true"
                       forSearch="false"
                       label="PUT_TalentPool_code_code_effectiveStartDate_effectiveStartDate_"
                       maxRedirects="100"
                       name="PUT_TalentPool_code_code_effectiveStartDate_effectiveStartDate_"
                       preemptiveAuth="true"
                       responseEncoding="">
                  <description>Update entity in TalentPool</description>
                  <input>
                     <parameter description="key: code"
                                label="codePathParam"
                                name="codePathParam"
                                nogen="true"
                                required="true"
                                testWith=""
                                type="string"/>
                     <parameter description="key: effectiveStartDate"
                                label="effectiveStartDatePathParam"
                                name="effectiveStartDatePathParam"
                                nogen="true"
                                required="true"
                                testWith=""
                                type="string"/>
                     <parameter description="New property values"
                                label="TalentPool"
                                name="TalentPool"
                                required="false"
                                testWith=""
                                type="object"/>
                  </input>
                  <binding>
                     <restSimpleBinding multiUsing="semicolonSeparated"
                                        url="https://{$hostName}/successfactors/odata/v2/TalentPool(code='{$codePathParam}',effectiveStartDate={$effectiveStartDatePathParam})"
                                        verb="PUT">
                        <authentication>
                           <username>{$username}</username>
                           <password>{$password}</password>
                           <isExpressionInPassword>true</isExpressionInPassword>
                        </authentication>
                        <httpHeaders>
                           <header name="Content-Type">application/json</header>
                           <header name="Accept">application/json</header>
                        </httpHeaders>
                        <body generateUsing="UnwrappedJSON" preserveJsonStringFormatting="false"/>
                     </restSimpleBinding>
                  </binding>
                  <output/>
               </action>
               <action category="NomineeHistory"
                       failOnError="true"
                       forSearch="false"
                       label="GET_NomineeHistory"
                       maxRedirects="100"
                       name="GET_NomineeHistory"
                       preemptiveAuth="true"
                       responseEncoding="">
                  <description>Get entities from NomineeHistory</description>
                  <input>
                     <parameter description="Show only the first n items, see [OData Paging - Top](http://docs.oasis-open.org/odata/odata/v4.0/odata-v4.0-part1-protocol.html#_Toc445374630)"
                                label="$top"
                                name="$top"
                                required="false"
                                testWith=""
                                type="int"/>
                     <parameter description="Skip the first n items, see [OData Paging - Skip](http://docs.oasis-open.org/odata/odata/v4.0/odata-v4.0-part1-protocol.html#_Toc445374631)"
                                label="$skip"
                                name="$skip"
                                required="false"
                                testWith=""
                                type="int"/>
                     <parameter description="Search items by search phrases, see [OData Searching](http://docs.oasis-open.org/odata/odata/v4.0/odata-v4.0-part1-protocol.html#_Toc445374633)"
                                label="$search"
                                name="$search"
                                required="false"
                                testWith=""
                                type="string"/>
                     <parameter description="Filter items by property values, see [OData Filtering](http://docs.oasis-open.org/odata/odata/v4.0/odata-v4.0-part1-protocol.html#_Toc445374625)"
                                label="$filter"
                                name="$filter"
                                required="false"
                                testWith=""
                                type="string"/>
                     <parameter description="Include count of items, see [OData Count](http://docs.oasis-open.org/odata/odata/v4.0/odata-v4.0-part1-protocol.html#_Toc445374632)"
                                label="$count"
                                name="$count"
                                required="false"
                                testWith=""
                                type="boolean"/>
                     <parameter description="Order items by property values, see [OData Sorting](http://docs.oasis-open.org/odata/odata/v4.0/odata-v4.0-part1-protocol.html#_Toc445374629)"
                                label="$orderby"
                                name="$orderby"
                                required="false"
                                testWith=""
                                type="picklist">
                        <options>
                           <option name="values">[{"value":"changeType","label":"changeType"},{"value":"changeType desc","label":"changeType desc"},{"value":"changeTypeLabel","label":"changeTypeLabel"},{"value":"changeTypeLabel desc","label":"changeTypeLabel desc"},{"value":"id","label":"id"},{"value":"id desc","label":"id desc"},{"value":"modifiedBy","label":"modifiedBy"},{"value":"modifiedBy desc","label":"modifiedBy desc"},{"value":"modifiedDateTime","label":"modifiedDateTime"},{"value":"modifiedDateTime desc","label":"modifiedDateTime desc"},{"value":"nomineeId","label":"nomineeId"},{"value":"nomineeId desc","label":"nomineeId desc"},{"value":"note","label":"note"},{"value":"note desc","label":"note desc"},{"value":"rank","label":"rank"},{"value":"rank desc","label":"rank desc"},{"value":"readiness","label":"readiness"},{"value":"readiness desc","label":"readiness desc"},{"value":"readinessLabel","label":"readinessLabel"},{"value":"readinessLabel desc","label":"readinessLabel desc"},{"value":"status","label":"status"},{"value":"status desc","label":"status desc"},{"value":"statusLabel","label":"statusLabel"},{"value":"statusLabel desc","label":"statusLabel desc"}]</option>
                        </options>
                     </parameter>
                     <parameter description="Select properties to be returned, see [OData Select](http://docs.oasis-open.org/odata/odata/v4.0/odata-v4.0-part1-protocol.html#_Toc445374620)"
                                label="$select"
                                name="$select"
                                required="false"
                                testWith=""
                                type="picklist">
                        <options>
                           <option name="values">[{"value":"changeType","label":"changeType"},{"value":"changeTypeLabel","label":"changeTypeLabel"},{"value":"id","label":"id"},{"value":"modifiedBy","label":"modifiedBy"},{"value":"modifiedDateTime","label":"modifiedDateTime"},{"value":"nomineeId","label":"nomineeId"},{"value":"note","label":"note"},{"value":"rank","label":"rank"},{"value":"readiness","label":"readiness"},{"value":"readinessLabel","label":"readinessLabel"},{"value":"status","label":"status"},{"value":"statusLabel","label":"statusLabel"}]</option>
                        </options>
                     </parameter>
                  </input>
                  <binding>
                     <restSimpleBinding multiUsing="semicolonSeparated"
                                        url="https://{$hostName}/successfactors/odata/v2/NomineeHistory"
                                        verb="GET">
                        <authentication>
                           <username>{$username}</username>
                           <password>{$password}</password>
                           <isExpressionInPassword>true</isExpressionInPassword>
                        </authentication>
                        <httpHeaders>
                           <header name="Content-Type">application/json</header>
                           <header name="Accept">application/json</header>
                        </httpHeaders>
                     </restSimpleBinding>
                  </binding>
                  <output>
                     <field description="Retrieved entities"
                            entireResponse="true"
                            name="entireResponse"
                            type="object"/>
                  </output>
               </action>
               <action category="LegacyPositionEntity"
                       failOnError="true"
                       forSearch="false"
                       label="GET_LegacyPositionEntity_positionId_"
                       maxRedirects="100"
                       name="GET_LegacyPositionEntity_positionId_"
                       preemptiveAuth="true"
                       responseEncoding="">
                  <description>Get entity from LegacyPositionEntity by key</description>
                  <input>
                     <parameter description="key: positionId"
                                label="positionIdPathParam"
                                name="positionIdPathParam"
                                nogen="true"
                                required="true"
                                testWith=""
                                type="int"/>
                     <parameter description="Select properties to be returned, see [OData Select](http://docs.oasis-open.org/odata/odata/v4.0/odata-v4.0-part1-protocol.html#_Toc445374620)"
                                label="$select"
                                name="$select"
                                required="false"
                                testWith=""
                                type="picklist">
                        <options>
                           <option name="values">[{"value":"createDate","label":"createDate"},{"value":"incumbent","label":"incumbent"},{"value":"positionCode","label":"positionCode"},{"value":"positionId","label":"positionId"},{"value":"title","label":"title"}]</option>
                        </options>
                     </parameter>
                     <parameter description="Expand related entities, see [OData Expand](http://docs.oasis-open.org/odata/odata/v4.0/odata-v4.0-part1-protocol.html#_Toc445374621)"
                                label="$expand"
                                name="$expand"
                                required="false"
                                testWith=""
                                type="picklist">
                        <options>
                           <option name="values">[{"value":"*","label":"*"},{"value":"parentNav","label":"parentNav"},{"value":"successorNav","label":"successorNav"}]</option>
                        </options>
                     </parameter>
                  </input>
                  <binding>
                     <restSimpleBinding multiUsing="semicolonSeparated"
                                        url="https://{$hostName}/successfactors/odata/v2/LegacyPositionEntity({$positionIdPathParam})"
                                        verb="GET">
                        <authentication>
                           <username>{$username}</username>
                           <password>{$password}</password>
                           <isExpressionInPassword>true</isExpressionInPassword>
                        </authentication>
                        <httpHeaders>
                           <header name="Content-Type">application/json</header>
                           <header name="Accept">application/json</header>
                        </httpHeaders>
                     </restSimpleBinding>
                  </binding>
                  <output>
                     <field description="Retrieved entity"
                            entireResponse="true"
                            name="entireResponse"
                            type="object"/>
                  </output>
               </action>
               <action category="TalentGraphicOption"
                       failOnError="true"
                       forSearch="false"
                       label="GET_TalentGraphicOption"
                       maxRedirects="100"
                       name="GET_TalentGraphicOption"
                       preemptiveAuth="true"
                       responseEncoding="">
                  <description>Get entities from TalentGraphicOption</description>
                  <input>
                     <parameter description="Show only the first n items, see [OData Paging - Top](http://docs.oasis-open.org/odata/odata/v4.0/odata-v4.0-part1-protocol.html#_Toc445374630)"
                                label="$top"
                                name="$top"
                                required="false"
                                testWith=""
                                type="int"/>
                     <parameter description="Skip the first n items, see [OData Paging - Skip](http://docs.oasis-open.org/odata/odata/v4.0/odata-v4.0-part1-protocol.html#_Toc445374631)"
                                label="$skip"
                                name="$skip"
                                required="false"
                                testWith=""
                                type="int"/>
                     <parameter description="Search items by search phrases, see [OData Searching](http://docs.oasis-open.org/odata/odata/v4.0/odata-v4.0-part1-protocol.html#_Toc445374633)"
                                label="$search"
                                name="$search"
                                required="false"
                                testWith=""
                                type="string"/>
                     <parameter description="Filter items by property values, see [OData Filtering](http://docs.oasis-open.org/odata/odata/v4.0/odata-v4.0-part1-protocol.html#_Toc445374625)"
                                label="$filter"
                                name="$filter"
                                required="false"
                                testWith=""
                                type="string"/>
                     <parameter description="Include count of items, see [OData Count](http://docs.oasis-open.org/odata/odata/v4.0/odata-v4.0-part1-protocol.html#_Toc445374632)"
                                label="$count"
                                name="$count"
                                required="false"
                                testWith=""
                                type="boolean"/>
                     <parameter description="Order items by property values, see [OData Sorting](http://docs.oasis-open.org/odata/odata/v4.0/odata-v4.0-part1-protocol.html#_Toc445374629)"
                                label="$orderby"
                                name="$orderby"
                                required="false"
                                testWith=""
                                type="picklist">
                        <options>
                           <option name="values">[{"value":"dataImage","label":"dataImage"},{"value":"dataImage desc","label":"dataImage desc"},{"value":"dataIndex","label":"dataIndex"},{"value":"dataIndex desc","label":"dataIndex desc"},{"value":"dataLabel","label":"dataLabel"},{"value":"dataLabel desc","label":"dataLabel desc"},{"value":"dataShortLabel","label":"dataShortLabel"},{"value":"dataShortLabel desc","label":"dataShortLabel desc"},{"value":"dataValue","label":"dataValue"},{"value":"dataValue desc","label":"dataValue desc"},{"value":"gradientBackgroundColor","label":"gradientBackgroundColor"},{"value":"gradientBackgroundColor desc","label":"gradientBackgroundColor desc"},{"value":"optionIndex","label":"optionIndex"},{"value":"optionIndex desc","label":"optionIndex desc"},{"value":"optionKey","label":"optionKey"},{"value":"optionKey desc","label":"optionKey desc"},{"value":"optionLabel","label":"optionLabel"},{"value":"optionLabel desc","label":"optionLabel desc"},{"value":"optionName","label":"optionName"},{"value":"optionName desc","label":"optionName desc"},{"value":"optionScaleId","label":"optionScaleId"},{"value":"optionScaleId desc","label":"optionScaleId desc"},{"value":"optionTarget","label":"optionTarget"},{"value":"optionTarget desc","label":"optionTarget desc"},{"value":"optionType","label":"optionType"},{"value":"optionType desc","label":"optionType desc"}]</option>
                        </options>
                     </parameter>
                     <parameter description="Select properties to be returned, see [OData Select](http://docs.oasis-open.org/odata/odata/v4.0/odata-v4.0-part1-protocol.html#_Toc445374620)"
                                label="$select"
                                name="$select"
                                required="false"
                                testWith=""
                                type="picklist">
                        <options>
                           <option name="values">[{"value":"dataImage","label":"dataImage"},{"value":"dataIndex","label":"dataIndex"},{"value":"dataLabel","label":"dataLabel"},{"value":"dataShortLabel","label":"dataShortLabel"},{"value":"dataValue","label":"dataValue"},{"value":"gradientBackgroundColor","label":"gradientBackgroundColor"},{"value":"optionIndex","label":"optionIndex"},{"value":"optionKey","label":"optionKey"},{"value":"optionLabel","label":"optionLabel"},{"value":"optionName","label":"optionName"},{"value":"optionScaleId","label":"optionScaleId"},{"value":"optionTarget","label":"optionTarget"},{"value":"optionType","label":"optionType"}]</option>
                        </options>
                     </parameter>
                  </input>
                  <binding>
                     <restSimpleBinding multiUsing="semicolonSeparated"
                                        url="https://{$hostName}/successfactors/odata/v2/TalentGraphicOption"
                                        verb="GET">
                        <authentication>
                           <username>{$username}</username>
                           <password>{$password}</password>
                           <isExpressionInPassword>true</isExpressionInPassword>
                        </authentication>
                        <httpHeaders>
                           <header name="Content-Type">application/json</header>
                           <header name="Accept">application/json</header>
                        </httpHeaders>
                     </restSimpleBinding>
                  </binding>
                  <output>
                     <field description="Retrieved entities"
                            entireResponse="true"
                            name="entireResponse"
                            type="object"/>
                  </output>
               </action>
               <action category="NominationTarget"
                       failOnError="true"
                       forSearch="false"
                       label="GET_NominationTarget"
                       maxRedirects="100"
                       name="GET_NominationTarget"
                       preemptiveAuth="true"
                       responseEncoding="">
                  <description>Get entities from NominationTarget</description>
                  <input>
                     <parameter description="Show only the first n items, see [OData Paging - Top](http://docs.oasis-open.org/odata/odata/v4.0/odata-v4.0-part1-protocol.html#_Toc445374630)"
                                label="$top"
                                name="$top"
                                required="false"
                                testWith=""
                                type="int"/>
                     <parameter description="Skip the first n items, see [OData Paging - Skip](http://docs.oasis-open.org/odata/odata/v4.0/odata-v4.0-part1-protocol.html#_Toc445374631)"
                                label="$skip"
                                name="$skip"
                                required="false"
                                testWith=""
                                type="int"/>
                     <parameter description="Search items by search phrases, see [OData Searching](http://docs.oasis-open.org/odata/odata/v4.0/odata-v4.0-part1-protocol.html#_Toc445374633)"
                                label="$search"
                                name="$search"
                                required="false"
                                testWith=""
                                type="string"/>
                     <parameter description="Filter items by property values, see [OData Filtering](http://docs.oasis-open.org/odata/odata/v4.0/odata-v4.0-part1-protocol.html#_Toc445374625)"
                                label="$filter"
                                name="$filter"
                                required="false"
                                testWith=""
                                type="string"/>
                     <parameter description="Include count of items, see [OData Count](http://docs.oasis-open.org/odata/odata/v4.0/odata-v4.0-part1-protocol.html#_Toc445374632)"
                                label="$count"
                                name="$count"
                                required="false"
                                testWith=""
                                type="boolean"/>
                     <parameter description="Order items by property values, see [OData Sorting](http://docs.oasis-open.org/odata/odata/v4.0/odata-v4.0-part1-protocol.html#_Toc445374629)"
                                label="$orderby"
                                name="$orderby"
                                required="false"
                                testWith=""
                                type="picklist">
                        <options>
                           <option name="values">[{"value":"nominationId","label":"nominationId"},{"value":"nominationId desc","label":"nominationId desc"},{"value":"nominationType","label":"nominationType"},{"value":"nominationType desc","label":"nominationType desc"}]</option>
                        </options>
                     </parameter>
                     <parameter description="Select properties to be returned, see [OData Select](http://docs.oasis-open.org/odata/odata/v4.0/odata-v4.0-part1-protocol.html#_Toc445374620)"
                                label="$select"
                                name="$select"
                                required="false"
                                testWith=""
                                type="picklist">
                        <options>
                           <option name="values">[{"value":"nominationId","label":"nominationId"},{"value":"nominationType","label":"nominationType"}]</option>
                        </options>
                     </parameter>
                     <parameter description="Expand related entities, see [OData Expand](http://docs.oasis-open.org/odata/odata/v4.0/odata-v4.0-part1-protocol.html#_Toc445374621)"
                                label="$expand"
                                name="$expand"
                                required="false"
                                testWith=""
                                type="picklist">
                        <options>
                           <option name="values">[{"value":"*","label":"*"},{"value":"successorNav","label":"successorNav"},{"value":"talentPoolNav","label":"talentPoolNav"}]</option>
                        </options>
                     </parameter>
                  </input>
                  <binding>
                     <restSimpleBinding multiUsing="semicolonSeparated"
                                        url="https://{$hostName}/successfactors/odata/v2/NominationTarget"
                                        verb="GET">
                        <authentication>
                           <username>{$username}</username>
                           <password>{$password}</password>
                           <isExpressionInPassword>true</isExpressionInPassword>
                        </authentication>
                        <httpHeaders>
                           <header name="Content-Type">application/json</header>
                           <header name="Accept">application/json</header>
                        </httpHeaders>
                     </restSimpleBinding>
                  </binding>
                  <output>
                     <field description="Retrieved entities"
                            entireResponse="true"
                            name="entireResponse"
                            type="object"/>
                  </output>
               </action>
               <action category="NomineeHistory"
                       failOnError="true"
                       forSearch="false"
                       label="GET_NomineeHistory_id_"
                       maxRedirects="100"
                       name="GET_NomineeHistory_id_"
                       preemptiveAuth="true"
                       responseEncoding="">
                  <description>Get entity from NomineeHistory by key</description>
                  <input>
                     <parameter description="key: id"
                                label="idPathParam"
                                name="idPathParam"
                                nogen="true"
                                required="true"
                                testWith=""
                                type="int"/>
                     <parameter description="Select properties to be returned, see [OData Select](http://docs.oasis-open.org/odata/odata/v4.0/odata-v4.0-part1-protocol.html#_Toc445374620)"
                                label="$select"
                                name="$select"
                                required="false"
                                testWith=""
                                type="picklist">
                        <options>
                           <option name="values">[{"value":"changeType","label":"changeType"},{"value":"changeTypeLabel","label":"changeTypeLabel"},{"value":"id","label":"id"},{"value":"modifiedBy","label":"modifiedBy"},{"value":"modifiedDateTime","label":"modifiedDateTime"},{"value":"nomineeId","label":"nomineeId"},{"value":"note","label":"note"},{"value":"rank","label":"rank"},{"value":"readiness","label":"readiness"},{"value":"readinessLabel","label":"readinessLabel"},{"value":"status","label":"status"},{"value":"statusLabel","label":"statusLabel"}]</option>
                        </options>
                     </parameter>
                  </input>
                  <binding>
                     <restSimpleBinding multiUsing="semicolonSeparated"
                                        url="https://{$hostName}/successfactors/odata/v2/NomineeHistory({$idPathParam})"
                                        verb="GET">
                        <authentication>
                           <username>{$username}</username>
                           <password>{$password}</password>
                           <isExpressionInPassword>true</isExpressionInPassword>
                        </authentication>
                        <httpHeaders>
                           <header name="Content-Type">application/json</header>
                           <header name="Accept">application/json</header>
                        </httpHeaders>
                     </restSimpleBinding>
                  </binding>
                  <output>
                     <field description="Retrieved entity"
                            entireResponse="true"
                            name="entireResponse"
                            type="object"/>
                  </output>
               </action>
               <action category="Successor"
                       failOnError="true"
                       forSearch="false"
                       label="GET_Successor_id_"
                       maxRedirects="100"
                       name="GET_Successor_id_"
                       preemptiveAuth="true"
                       responseEncoding="">
                  <description>Get entity from Successor by key</description>
                  <input>
                     <parameter description="key: id"
                                label="idPathParam"
                                name="idPathParam"
                                nogen="true"
                                required="true"
                                testWith=""
                                type="int"/>
                     <parameter description="Select properties to be returned, see [OData Select](http://docs.oasis-open.org/odata/odata/v4.0/odata-v4.0-part1-protocol.html#_Toc445374620)"
                                label="$select"
                                name="$select"
                                required="false"
                                testWith=""
                                type="picklist">
                        <options>
                           <option name="values">[{"value":"id","label":"id"},{"value":"lastModifiedBy","label":"lastModifiedBy"},{"value":"lastModifiedDateTime","label":"lastModifiedDateTime"},{"value":"nomineeUserId","label":"nomineeUserId"},{"value":"note","label":"note"},{"value":"rank","label":"rank"},{"value":"readiness","label":"readiness"},{"value":"readinessLabel","label":"readinessLabel"},{"value":"status","label":"status"},{"value":"statusLabel","label":"statusLabel"}]</option>
                        </options>
                     </parameter>
                     <parameter description="Expand related entities, see [OData Expand](http://docs.oasis-open.org/odata/odata/v4.0/odata-v4.0-part1-protocol.html#_Toc445374621)"
                                label="$expand"
                                name="$expand"
                                required="false"
                                testWith=""
                                type="picklist">
                        <options>
                           <option name="values">[{"value":"*","label":"*"},{"value":"nomineeHistoryNav","label":"nomineeHistoryNav"}]</option>
                        </options>
                     </parameter>
                  </input>
                  <binding>
                     <restSimpleBinding multiUsing="semicolonSeparated"
                                        url="https://{$hostName}/successfactors/odata/v2/Successor({$idPathParam})"
                                        verb="GET">
                        <authentication>
                           <username>{$username}</username>
                           <password>{$password}</password>
                           <isExpressionInPassword>true</isExpressionInPassword>
                        </authentication>
                        <httpHeaders>
                           <header name="Content-Type">application/json</header>
                           <header name="Accept">application/json</header>
                        </httpHeaders>
                     </restSimpleBinding>
                  </binding>
                  <output>
                     <field description="Retrieved entity"
                            entireResponse="true"
                            name="entireResponse"
                            type="object"/>
                  </output>
               </action>
               <action category="LegacyPositionEntity"
                       failOnError="true"
                       forSearch="false"
                       label="GET_LegacyPositionEntity"
                       maxRedirects="100"
                       name="GET_LegacyPositionEntity"
                       preemptiveAuth="true"
                       responseEncoding="">
                  <description>Get entities from LegacyPositionEntity</description>
                  <input>
                     <parameter description="Show only the first n items, see [OData Paging - Top](http://docs.oasis-open.org/odata/odata/v4.0/odata-v4.0-part1-protocol.html#_Toc445374630)"
                                label="$top"
                                name="$top"
                                required="false"
                                testWith=""
                                type="int"/>
                     <parameter description="Skip the first n items, see [OData Paging - Skip](http://docs.oasis-open.org/odata/odata/v4.0/odata-v4.0-part1-protocol.html#_Toc445374631)"
                                label="$skip"
                                name="$skip"
                                required="false"
                                testWith=""
                                type="int"/>
                     <parameter description="Search items by search phrases, see [OData Searching](http://docs.oasis-open.org/odata/odata/v4.0/odata-v4.0-part1-protocol.html#_Toc445374633)"
                                label="$search"
                                name="$search"
                                required="false"
                                testWith=""
                                type="string"/>
                     <parameter description="Filter items by property values, see [OData Filtering](http://docs.oasis-open.org/odata/odata/v4.0/odata-v4.0-part1-protocol.html#_Toc445374625)"
                                label="$filter"
                                name="$filter"
                                required="false"
                                testWith=""
                                type="string"/>
                     <parameter description="Include count of items, see [OData Count](http://docs.oasis-open.org/odata/odata/v4.0/odata-v4.0-part1-protocol.html#_Toc445374632)"
                                label="$count"
                                name="$count"
                                required="false"
                                testWith=""
                                type="boolean"/>
                     <parameter description="Order items by property values, see [OData Sorting](http://docs.oasis-open.org/odata/odata/v4.0/odata-v4.0-part1-protocol.html#_Toc445374629)"
                                label="$orderby"
                                name="$orderby"
                                required="false"
                                testWith=""
                                type="picklist">
                        <options>
                           <option name="values">[{"value":"createDate","label":"createDate"},{"value":"createDate desc","label":"createDate desc"},{"value":"incumbent","label":"incumbent"},{"value":"incumbent desc","label":"incumbent desc"},{"value":"positionCode","label":"positionCode"},{"value":"positionCode desc","label":"positionCode desc"},{"value":"positionId","label":"positionId"},{"value":"positionId desc","label":"positionId desc"},{"value":"title","label":"title"},{"value":"title desc","label":"title desc"}]</option>
                        </options>
                     </parameter>
                     <parameter description="Select properties to be returned, see [OData Select](http://docs.oasis-open.org/odata/odata/v4.0/odata-v4.0-part1-protocol.html#_Toc445374620)"
                                label="$select"
                                name="$select"
                                required="false"
                                testWith=""
                                type="picklist">
                        <options>
                           <option name="values">[{"value":"createDate","label":"createDate"},{"value":"incumbent","label":"incumbent"},{"value":"positionCode","label":"positionCode"},{"value":"positionId","label":"positionId"},{"value":"title","label":"title"}]</option>
                        </options>
                     </parameter>
                     <parameter description="Expand related entities, see [OData Expand](http://docs.oasis-open.org/odata/odata/v4.0/odata-v4.0-part1-protocol.html#_Toc445374621)"
                                label="$expand"
                                name="$expand"
                                required="false"
                                testWith=""
                                type="picklist">
                        <options>
                           <option name="values">[{"value":"*","label":"*"},{"value":"parentNav","label":"parentNav"},{"value":"successorNav","label":"successorNav"}]</option>
                        </options>
                     </parameter>
                  </input>
                  <binding>
                     <restSimpleBinding multiUsing="semicolonSeparated"
                                        url="https://{$hostName}/successfactors/odata/v2/LegacyPositionEntity"
                                        verb="GET">
                        <authentication>
                           <username>{$username}</username>
                           <password>{$password}</password>
                           <isExpressionInPassword>true</isExpressionInPassword>
                        </authentication>
                        <httpHeaders>
                           <header name="Content-Type">application/json</header>
                           <header name="Accept">application/json</header>
                        </httpHeaders>
                     </restSimpleBinding>
                  </binding>
                  <output>
                     <field description="Retrieved entities"
                            entireResponse="true"
                            name="entireResponse"
                            type="object"/>
                  </output>
               </action>
            </actions>
            <objects>
               <processObject xmlns="http://schemas.active-endpoints.com/appmodules/screenflow/2011/06/avosHostEnvironment.xsd"
                              isByCopy="true"
                              name="odata_error_main">
                  <description/>
                  <detail>
                     <field name="code" type="string"/>
                     <field name="innererror" type="object"/>
                     <field name="details" type="objectlist">
                        <options>
                           <option name="referenceTo">odata_error_detail</option>
                           <option name="relationshipName">Child</option>
                        </options>
                     </field>
                     <field name="message" type="string"/>
                     <field name="target" type="string"/>
                  </detail>
               </processObject>
               <processObject xmlns="http://schemas.active-endpoints.com/appmodules/screenflow/2011/06/avosHostEnvironment.xsd"
                              isByCopy="true"
                              name="odata_error_detail">
                  <description/>
                  <detail>
                     <field name="code" type="string"/>
                     <field name="message" type="string"/>
                     <field name="target" type="string"/>
                  </detail>
               </processObject>
               <processObject xmlns="http://schemas.active-endpoints.com/appmodules/screenflow/2011/06/avosHostEnvironment.xsd"
                              isByCopy="true"
                              name="odata_error">
                  <description/>
                  <detail>
                     <field name="error" type="reference">
                        <options>
                           <option name="referenceTo">odata_error_main</option>
                           <option name="relationshipName">Child</option>
                        </options>
                     </field>
                  </detail>
               </processObject>
               <processObject xmlns="http://schemas.active-endpoints.com/appmodules/screenflow/2011/06/avosHostEnvironment.xsd"
                              isByCopy="true"
                              name="SFOData_TalentPool">
                  <description/>
                  <detail>
                     <field name="description_ko_KR" type="string"/>
                     <field name="lastModifiedDateTime" type="string"/>
                     <field name="name_localized" type="string"/>
                     <field name="name_ko_KR" type="string"/>
                     <field name="createdDateTime" type="string"/>
                     <field name="mdfSystemVersionId" type="string"/>
                     <field name="type" type="string"/>
                     <field name="description_pt_BR" type="string"/>
                     <field name="description_es_ES" type="string"/>
                     <field name="mdfSystemEntityId" type="string"/>
                     <field name="effectiveStartDate" type="string"/>
                     <field name="name_pt_BR" type="string"/>
                     <field name="description_nl_NL" type="string"/>
                     <field name="successorNav" type="object"/>
                     <field name="name_nl_NL" type="string"/>
                     <field name="mdfSystemRecordStatus" type="string"/>
                     <field name="description_defaultValue" type="string"/>
                     <field name="effectiveStatus" type="string"/>
                     <field name="enableReadiness" type="boolean"/>
                     <field name="name_de_DE" type="string"/>
                     <field name="name_zh_TW" type="string"/>
                     <field name="mdfSystemCreatedDate" type="string"/>
                     <field name="name_es_ES" type="string"/>
                     <field name="description_en_US" type="string"/>
                     <field name="description_ru_RU" type="string"/>
                     <field name="effectiveEndDate" type="string"/>
                     <field name="name_ru_RU" type="string"/>
                     <field name="description_ja_JP" type="string"/>
                     <field name="mdfSystemLastModifiedDateWithTZ" type="string"/>
                     <field name="code" type="string"/>
                     <field name="description_fr_FR" type="string"/>
                     <field name="mdfSystemCreatedBy" type="string"/>
                     <field name="name_pt_PT" type="string"/>
                     <field name="description_de_DE" type="string"/>
                     <field name="name_fr_FR" type="string"/>
                     <field name="mdfSystemLastModifiedBy" type="string"/>
                     <field name="name_ja_JP" type="string"/>
                     <field name="name_en_US" type="string"/>
                     <field name="description_zh_TW" type="string"/>
                     <field name="name_zh_CN" type="string"/>
                     <field name="owner" type="string"/>
                     <field name="mdfSystemObjectType" type="string"/>
                     <field name="name_defaultValue" type="string"/>
                     <field name="description_en_GB" type="string"/>
                     <field name="mdfSystemLastModifiedDate" type="string"/>
                     <field name="lastModifiedBy" type="string"/>
                     <field name="name_en_GB" type="string"/>
                     <field name="transactionSequence" type="string"/>
                     <field name="description_zh_CN" type="string"/>
                     <field name="createdBy" type="string"/>
                     <field name="mdfSystemRecordId" type="string"/>
                     <field name="description_localized" type="string"/>
                     <field name="description_pt_PT" type="string"/>
                  </detail>
               </processObject>
               <processObject xmlns="http://schemas.active-endpoints.com/appmodules/screenflow/2011/06/avosHostEnvironment.xsd"
                              isByCopy="true"
                              name="SFOData_Successor">
                  <description/>
                  <detail>
                     <field name="nomineeUserId" type="string"/>
                     <field name="note" type="string"/>
                     <field name="lastModifiedDateTime" type="string"/>
                     <field name="readinessLabel" type="string"/>
                     <field name="readiness" type="string"/>
                     <field name="lastModifiedBy" type="string"/>
                     <field name="rank" type="int"/>
                     <field name="nomineeHistoryNav" type="object"/>
                     <field name="id" type="string"/>
                     <field name="statusLabel" type="string"/>
                     <field name="status" type="int"/>
                  </detail>
               </processObject>
               <processObject xmlns="http://schemas.active-endpoints.com/appmodules/screenflow/2011/06/avosHostEnvironment.xsd"
                              isByCopy="true"
                              name="SFOData_TalentGraphicOption">
                  <description/>
                  <detail>
                     <field name="dataShortLabel" type="string"/>
                     <field name="optionScaleId" type="string"/>
                     <field name="optionTarget" type="string"/>
                     <field name="dataLabel" type="string"/>
                     <field name="dataValue" type="string"/>
                     <field name="dataImage" type="string"/>
                     <field name="optionType" type="string"/>
                     <field name="optionLabel" type="string"/>
                     <field name="optionIndex" type="int"/>
                     <field name="optionKey" type="string"/>
                     <field name="dataIndex" type="string"/>
                     <field name="gradientBackgroundColor" type="string"/>
                     <field name="optionName" type="string"/>
                  </detail>
               </processObject>
               <processObject xmlns="http://schemas.active-endpoints.com/appmodules/screenflow/2011/06/avosHostEnvironment.xsd"
                              isByCopy="true"
                              name="SFOData_NominationTarget">
                  <description/>
                  <detail>
                     <field name="talentPoolNav" type="reference">
                        <options>
                           <option name="referenceTo">SFOData_TalentPool</option>
                           <option name="relationshipName">Child</option>
                        </options>
                     </field>
                     <field name="nominationType" type="int"/>
                     <field name="nominationId" type="string"/>
                     <field name="successorNav" type="object"/>
                  </detail>
               </processObject>
               <processObject xmlns="http://schemas.active-endpoints.com/appmodules/screenflow/2011/06/avosHostEnvironment.xsd"
                              isByCopy="true"
                              name="SFOData_LegacyPositionEntity">
                  <description/>
                  <detail>
                     <field name="positionId" type="string"/>
                     <field name="positionCode" type="string"/>
                     <field name="title" type="string"/>
                     <field name="incumbent" type="string"/>
                     <field name="createDate" type="string"/>
                     <field name="parentNav" type="reference">
                        <options>
                           <option name="referenceTo">SFOData_LegacyPositionEntity</option>
                           <option name="relationshipName">Child</option>
                        </options>
                     </field>
                     <field name="successorNav" type="object"/>
                  </detail>
               </processObject>
               <processObject xmlns="http://schemas.active-endpoints.com/appmodules/screenflow/2011/06/avosHostEnvironment.xsd"
                              isByCopy="true"
                              name="SFOData_NomineeHistory">
                  <description/>
                  <detail>
                     <field name="note" type="string"/>
                     <field name="changeTypeLabel" type="string"/>
                     <field name="readinessLabel" type="string"/>
                     <field name="readiness" type="string"/>
                     <field name="changeType" type="int"/>
                     <field name="nomineeId" type="string"/>
                     <field name="rank" type="int"/>
                     <field name="modifiedBy" type="string"/>
                     <field name="modifiedDateTime" type="string"/>
                     <field name="id" type="string"/>
                     <field name="statusLabel" type="string"/>
                     <field name="status" type="int"/>
                  </detail>
               </processObject>
               <processObject xmlns="http://schemas.active-endpoints.com/appmodules/screenflow/2011/06/avosHostEnvironment.xsd"
                              isByCopy="true"
                              name="string">
                  <description/>
                  <detail>
                     <field name="string" type="string"/>
                  </detail>
               </processObject>
               <processObject xmlns="http://schemas.active-endpoints.com/appmodules/screenflow/2011/06/avosHostEnvironment.xsd"
                              isByCopy="true"
                              name="boolean">
                  <description/>
                  <detail>
                     <field name="boolean" type="boolean"/>
                  </detail>
               </processObject>
               <processObject xmlns="http://schemas.active-endpoints.com/appmodules/screenflow/2011/06/avosHostEnvironment.xsd"
                              isByCopy="true"
                              name="double">
                  <description/>
                  <detail>
                     <field name="double" type="double"/>
                  </detail>
               </processObject>
               <processObject xmlns="http://schemas.active-endpoints.com/appmodules/screenflow/2011/06/avosHostEnvironment.xsd"
                              isByCopy="true"
                              name="integer">
                  <description/>
                  <detail>
                     <field name="integer" type="int"/>
                  </detail>
               </processObject>
               <processObject xmlns="http://schemas.active-endpoints.com/appmodules/screenflow/2011/06/avosHostEnvironment.xsd"
                              isByCopy="true"
                              name="error">
                  <description>Error</description>
                  <detail/>
               </processObject>
            </objects>
         </businessConnector>
      </types1:Entry>
      <types1:GUID>1PCJ96EIIcifyhRx6lzC6W</types1:GUID>
      <types1:DisplayName>SAP SuccessFactors Succession and Development Succession Management OData API v1</types1:DisplayName>
   </types1:Item>
   <types1:CurrentServerDateTime>2019-12-20T16:04:26.554Z</types1:CurrentServerDateTime>
</aetgt:getResponse>
