<aetgt:getResponse xmlns:aetgt="http://schemas.active-endpoints.com/appmodules/repository/2010/10/avrepository.xsd"
                   xmlns:types1="http://schemas.active-endpoints.com/appmodules/repository/2010/10/avrepository.xsd">
   <types1:Item>
      <types1:EntryId>chy8NTYglxbdypK-gt-1540488-2019-11-15T05:46:56.034Z::svc.xml</types1:EntryId>
      <types1:Name>SAP_S4HANA_Quality_Info_Record_API_v1</types1:Name>
      <types1:MimeType>application/xml+businesssconnector</types1:MimeType>
      <types1:Description>The data related to a quality  info record has one entity type. For read  operations, filter information must be sent according  to the OData protocol. All filter information is utilized  when retrieving quality info records. The detailed  entity data is sent in the response. If any issues  arise when quality info records are retrieved, the  system displays error messages in the response.</types1:Description>
      <types1:AppliesTo/>
      <types1:Tags/>
      <types1:VersionLabel>1.0</types1:VersionLabel>
      <types1:State>CURRENT</types1:State>
      <types1:ProcessGroup/>
      <types1:CreatedBy>sorabh@na1.dm-us.org</types1:CreatedBy>
      <types1:CreationDate>2019-11-15T05:46:56Z</types1:CreationDate>
      <types1:ModifiedBy/>
      <types1:PublicationStatus>published</types1:PublicationStatus>
      <types1:PublishedBy>sorabh@na1.dm-us.org</types1:PublishedBy>
      <types1:PublicationDate>2019-11-15T05:47:00Z</types1:PublicationDate>
      <types1:PublishedContributionId>project:/rt.connector/SAP_S4HANA_Quality_Info_Record_API_v1/SAP_S4HANA_Quality_Info_Record_API_v1_svcDef.xml</types1:PublishedContributionId>
      <types1:AutosaveExists>false</types1:AutosaveExists>
      <types1:Entry>
         <businessConnector xmlns="http://schemas.informatica.com/socrates/data-services/2014/05/business-connector-model.xsd"
                            agentOnly="false"
                            debug="false"
                            displayName="SAP S4HANA Quality Info Record API v1"
                            label=""
                            name="SAP_S4HANA_Quality_Info_Record_API_v1"
                            uuid="7dffceb2-d743-462c-84e5-53247c0ccfed">
            <description>The data related to a quality  info record has one entity type. For read  operations, filter information must be sent according  to the OData protocol. All filter information is utilized  when retrieving quality info records. The detailed  entity data is sent in the response. If any issues  arise when quality info records are retrieved, the  system displays error messages in the response.</description>
            <tags/>
            <connectionAttributes xmlns="http://schemas.informatica.com/appmodules/screenflow/2014/04/avosConnectors.xsd">
               <connectionAttribute description="Host Name"
                                    masked="false"
                                    name="hostName"
                                    required="true"
                                    testWith="sandbox.api.sap.com"
                                    type="string"/>
               <connectionAttribute description="User Name"
                                    masked="false"
                                    name="username"
                                    required="true"
                                    testWith=""
                                    type="string"/>
               <connectionAttribute description="Password"
                                    masked="true"
                                    name="password"
                                    required="true"
                                    testWith=""
                                    type="string"/>
            </connectionAttributes>
            <actions>
               <action category="QualityInProcurement"
                       failOnError="true"
                       forSearch="false"
                       label="PATCH_QualityInProcurement_Material_Material_QltyInProcmtIntID_QltyInProcmtIntID_"
                       maxRedirects="100"
                       name="PATCH_QualityInProcurement_Material_Material_QltyInProcmtIntID_QltyInProcmtIntID_"
                       preemptiveAuth="true"
                       responseEncoding="">
                  <description>Update entity in QualityInProcurement</description>
                  <input>
                     <parameter description="New property values"
                                label="QualityInProcurementType"
                                name="QualityInProcurementType"
                                required="false"
                                testWith=""
                                type="object"/>
                     <parameter description="Material Number  &#xA;Alphanumeric key uniquely identifying the material."
                                label="MaterialPathParam"
                                name="MaterialPathParam"
                                nogen="true"
                                required="true"
                                testWith=""
                                type="string"/>
                     <parameter description="Internal Counter for DB Objects"
                                label="QltyInProcmtIntIDPathParam"
                                name="QltyInProcmtIntIDPathParam"
                                nogen="true"
                                required="true"
                                testWith=""
                                type="string"/>
                  </input>
                  <binding>
                     <restSimpleBinding multiUsing="semicolonSeparated"
                                        url="https://{$hostName}/s4hanacloud/sap/opu/odata/sap/API_QUALITYINFORECORD_SRV/QualityInProcurement(Material='{$MaterialPathParam}',QltyInProcmtIntID='{$QltyInProcmtIntIDPathParam}')"
                                        verb="PATCH">
                        <authentication>
                           <username>{$username}</username>
                           <password>{$password}</password>
                           <isExpressionInPassword>true</isExpressionInPassword>
                        </authentication>
                        <httpHeaders>
                           <header name="Content-Type">application/json</header>
                           <header name="Accept">application/json</header>
                        </httpHeaders>
                        <body generateUsing="UnwrappedJSON" preserveJsonStringFormatting="false"/>
                     </restSimpleBinding>
                  </binding>
                  <output/>
               </action>
               <action category="QualityInProcurement"
                       failOnError="true"
                       forSearch="false"
                       label="GET_QualityInProcurement_Material_Material_QltyInProcmtIntID_QltyInProcmtIntID_"
                       maxRedirects="100"
                       name="GET_QualityInProcurement_Material_Material_QltyInProcmtIntID_QltyInProcmtIntID_"
                       preemptiveAuth="true"
                       responseEncoding="">
                  <description>Get entity from QualityInProcurement by key</description>
                  <input>
                     <parameter description="Select properties to be returned, see [Select](https://help.sap.com/doc/5890d27be418427993fafa6722cdc03b/Cloud/en-US/OdataV2.pdf#page=68)"
                                label="$select"
                                name="$select"
                                required="false"
                                testWith=""
                                type="picklist">
                        <options>
                           <option name="values">[{"value":"Material","label":"Material"},{"value":"QltyInProcmtIntID","label":"QltyInProcmtIntID"},{"value":"Supplier","label":"Supplier"},{"value":"Plant","label":"Plant"},{"value":"MaterialRevisionLevel","label":"MaterialRevisionLevel"},{"value":"QltyInProcmtReleaseValidTo","label":"QltyInProcmtReleaseValidTo"},{"value":"BaseUnit","label":"BaseUnit"},{"value":"ReleasedQuantity","label":"ReleasedQuantity"},{"value":"BlockReason","label":"BlockReason"},{"value":"ProcurementBlock","label":"ProcurementBlock"},{"value":"QltyInProcmtRelQtyIsActive","label":"QltyInProcmtRelQtyIsActive"},{"value":"QltyInProcmtInspControl","label":"QltyInProcmtInspControl"},{"value":"IsDeleted","label":"IsDeleted"}]</option>
                        </options>
                     </parameter>
                     <parameter description="Material Number  &#xA;Alphanumeric key uniquely identifying the material."
                                label="MaterialPathParam"
                                name="MaterialPathParam"
                                nogen="true"
                                required="true"
                                testWith=""
                                type="string"/>
                     <parameter description="Internal Counter for DB Objects"
                                label="QltyInProcmtIntIDPathParam"
                                name="QltyInProcmtIntIDPathParam"
                                nogen="true"
                                required="true"
                                testWith=""
                                type="string"/>
                  </input>
                  <binding>
                     <restSimpleBinding multiUsing="semicolonSeparated"
                                        url="https://{$hostName}/s4hanacloud/sap/opu/odata/sap/API_QUALITYINFORECORD_SRV/QualityInProcurement(Material='{$MaterialPathParam}',QltyInProcmtIntID='{$QltyInProcmtIntIDPathParam}')"
                                        verb="GET">
                        <authentication>
                           <username>{$username}</username>
                           <password>{$password}</password>
                           <isExpressionInPassword>true</isExpressionInPassword>
                        </authentication>
                        <httpHeaders>
                           <header name="Content-Type">application/json</header>
                           <header name="Accept">application/json</header>
                        </httpHeaders>
                     </restSimpleBinding>
                  </binding>
                  <output>
                     <field description="Retrieved entity"
                            entireResponse="true"
                            name="entireResponse"
                            type="object"/>
                  </output>
               </action>
               <action category="QualityInProcurement"
                       failOnError="true"
                       forSearch="false"
                       label="DELETE_QualityInProcurement_Material_Material_QltyInProcmtIntID_QltyInProcmtIntID_"
                       maxRedirects="100"
                       name="DELETE_QualityInProcurement_Material_Material_QltyInProcmtIntID_QltyInProcmtIntID_"
                       preemptiveAuth="true"
                       responseEncoding="">
                  <description>Delete entity from QualityInProcurement</description>
                  <input>
                     <parameter description="Material Number  &#xA;Alphanumeric key uniquely identifying the material."
                                label="MaterialPathParam"
                                name="MaterialPathParam"
                                nogen="true"
                                required="true"
                                testWith=""
                                type="string"/>
                     <parameter description="Internal Counter for DB Objects"
                                label="QltyInProcmtIntIDPathParam"
                                name="QltyInProcmtIntIDPathParam"
                                nogen="true"
                                required="true"
                                testWith=""
                                type="string"/>
                  </input>
                  <binding>
                     <restSimpleBinding multiUsing="semicolonSeparated"
                                        url="https://{$hostName}/s4hanacloud/sap/opu/odata/sap/API_QUALITYINFORECORD_SRV/QualityInProcurement(Material='{$MaterialPathParam}',QltyInProcmtIntID='{$QltyInProcmtIntIDPathParam}')"
                                        verb="DELETE">
                        <authentication>
                           <username>{$username}</username>
                           <password>{$password}</password>
                           <isExpressionInPassword>true</isExpressionInPassword>
                        </authentication>
                        <httpHeaders>
                           <header name="Content-Type">application/json</header>
                           <header name="Accept">application/json</header>
                        </httpHeaders>
                     </restSimpleBinding>
                  </binding>
                  <output/>
               </action>
               <action category="Batch Requests"
                       failOnError="true"
                       forSearch="false"
                       label="POST_batch"
                       maxRedirects="100"
                       name="POST_batch"
                       preemptiveAuth="true"
                       responseEncoding="">
                  <description>Send a group of requests. Group multiple requests into a single request payload, see [Batch Requests](https://help.sap.com/doc/5890d27be418427993fafa6722cdc03b/Cloud/en-US/OdataV2.pdf#page=152).</description>
                  <input>
                     <parameter description="Batch request"
                                label="requestBody"
                                name="requestBody"
                                required="false"
                                testWith=""
                                type="string"/>
                  </input>
                  <binding>
                     <restSimpleBinding multiUsing="semicolonSeparated"
                                        url="https://{$hostName}/s4hanacloud/sap/opu/odata/sap/API_QUALITYINFORECORD_SRV/$batch"
                                        verb="POST">
                        <authentication>
                           <username>{$username}</username>
                           <password>{$password}</password>
                           <isExpressionInPassword>true</isExpressionInPassword>
                        </authentication>
                        <httpHeaders>
                           <header name="Content-Type">multipart/mixed;boundary=request-separator</header>
                           <header name="Accept">multipart/mixed</header>
                        </httpHeaders>
                        <body>{$requestBody}</body>
                     </restSimpleBinding>
                  </binding>
                  <output/>
               </action>
               <action category="QualityInProcurement"
                       failOnError="true"
                       forSearch="false"
                       label="POST_QualityInProcurement"
                       maxRedirects="100"
                       name="POST_QualityInProcurement"
                       preemptiveAuth="true"
                       responseEncoding="">
                  <description>Add new entity to QualityInProcurement</description>
                  <input>
                     <parameter description="New entity"
                                label="QualityInProcurementType"
                                name="QualityInProcurementType"
                                required="false"
                                testWith=""
                                type="reference">
                        <options>
                           <option name="referenceTo">cds_api_qualityinforecord_srv_QualityInProcurementType_create</option>
                        </options>
                     </parameter>
                  </input>
                  <binding>
                     <restSimpleBinding multiUsing="semicolonSeparated"
                                        url="https://{$hostName}/s4hanacloud/sap/opu/odata/sap/API_QUALITYINFORECORD_SRV/QualityInProcurement"
                                        verb="POST">
                        <authentication>
                           <username>{$username}</username>
                           <password>{$password}</password>
                           <isExpressionInPassword>true</isExpressionInPassword>
                        </authentication>
                        <httpHeaders>
                           <header name="Content-Type">application/json</header>
                           <header name="Accept">application/json</header>
                        </httpHeaders>
                        <body generateUsing="UnwrappedJSON" preserveJsonStringFormatting="false"/>
                     </restSimpleBinding>
                  </binding>
                  <output/>
               </action>
               <action category="QualityInProcurement"
                       failOnError="true"
                       forSearch="false"
                       label="GET_QualityInProcurement"
                       maxRedirects="100"
                       name="GET_QualityInProcurement"
                       preemptiveAuth="true"
                       responseEncoding="">
                  <description>Get entities from QualityInProcurement</description>
                  <input>
                     <parameter description="Show only the first n items, see [Paging - Top](https://help.sap.com/doc/5890d27be418427993fafa6722cdc03b/Cloud/en-US/OdataV2.pdf#page=66)"
                                label="$top"
                                name="$top"
                                required="false"
                                testWith=""
                                type="int"/>
                     <parameter description="Skip the first n items, see [Paging - Skip](https://help.sap.com/doc/5890d27be418427993fafa6722cdc03b/Cloud/en-US/OdataV2.pdf#page=65)"
                                label="$skip"
                                name="$skip"
                                required="false"
                                testWith=""
                                type="int"/>
                     <parameter description="Filter items by property values, see [Filtering](https://help.sap.com/doc/5890d27be418427993fafa6722cdc03b/Cloud/en-US/OdataV2.pdf#page=64)"
                                label="$filter"
                                name="$filter"
                                required="false"
                                testWith=""
                                type="string"/>
                     <parameter description="Include count of items, see [Inlinecount](https://help.sap.com/doc/5890d27be418427993fafa6722cdc03b/Cloud/en-US/OdataV2.pdf#page=67)"
                                label="$inlinecount"
                                name="$inlinecount"
                                required="false"
                                testWith=""
                                type="picklist">
                        <options>
                           <option name="values">[{"value":"allpages","label":"allpages"},{"value":"none","label":"none"}]</option>
                        </options>
                     </parameter>
                     <parameter description="Order items by property values, see [Sorting](https://help.sap.com/doc/5890d27be418427993fafa6722cdc03b/Cloud/en-US/OdataV2.pdf#page=65)"
                                label="$orderby"
                                name="$orderby"
                                required="false"
                                testWith=""
                                type="picklist">
                        <options>
                           <option name="values">[{"value":"Material","label":"Material"},{"value":"Material desc","label":"Material desc"},{"value":"QltyInProcmtIntID","label":"QltyInProcmtIntID"},{"value":"QltyInProcmtIntID desc","label":"QltyInProcmtIntID desc"},{"value":"Supplier","label":"Supplier"},{"value":"Supplier desc","label":"Supplier desc"},{"value":"Plant","label":"Plant"},{"value":"Plant desc","label":"Plant desc"},{"value":"MaterialRevisionLevel","label":"MaterialRevisionLevel"},{"value":"MaterialRevisionLevel desc","label":"MaterialRevisionLevel desc"},{"value":"QltyInProcmtReleaseValidTo","label":"QltyInProcmtReleaseValidTo"},{"value":"QltyInProcmtReleaseValidTo desc","label":"QltyInProcmtReleaseValidTo desc"},{"value":"BaseUnit","label":"BaseUnit"},{"value":"BaseUnit desc","label":"BaseUnit desc"},{"value":"ReleasedQuantity","label":"ReleasedQuantity"},{"value":"ReleasedQuantity desc","label":"ReleasedQuantity desc"},{"value":"BlockReason","label":"BlockReason"},{"value":"BlockReason desc","label":"BlockReason desc"},{"value":"ProcurementBlock","label":"ProcurementBlock"},{"value":"ProcurementBlock desc","label":"ProcurementBlock desc"},{"value":"QltyInProcmtRelQtyIsActive","label":"QltyInProcmtRelQtyIsActive"},{"value":"QltyInProcmtRelQtyIsActive desc","label":"QltyInProcmtRelQtyIsActive desc"},{"value":"QltyInProcmtInspControl","label":"QltyInProcmtInspControl"},{"value":"QltyInProcmtInspControl desc","label":"QltyInProcmtInspControl desc"},{"value":"IsDeleted","label":"IsDeleted"},{"value":"IsDeleted desc","label":"IsDeleted desc"}]</option>
                        </options>
                     </parameter>
                     <parameter description="Select properties to be returned, see [Select](https://help.sap.com/doc/5890d27be418427993fafa6722cdc03b/Cloud/en-US/OdataV2.pdf#page=68)"
                                label="$select"
                                name="$select"
                                required="false"
                                testWith=""
                                type="picklist">
                        <options>
                           <option name="values">[{"value":"Material","label":"Material"},{"value":"QltyInProcmtIntID","label":"QltyInProcmtIntID"},{"value":"Supplier","label":"Supplier"},{"value":"Plant","label":"Plant"},{"value":"MaterialRevisionLevel","label":"MaterialRevisionLevel"},{"value":"QltyInProcmtReleaseValidTo","label":"QltyInProcmtReleaseValidTo"},{"value":"BaseUnit","label":"BaseUnit"},{"value":"ReleasedQuantity","label":"ReleasedQuantity"},{"value":"BlockReason","label":"BlockReason"},{"value":"ProcurementBlock","label":"ProcurementBlock"},{"value":"QltyInProcmtRelQtyIsActive","label":"QltyInProcmtRelQtyIsActive"},{"value":"QltyInProcmtInspControl","label":"QltyInProcmtInspControl"},{"value":"IsDeleted","label":"IsDeleted"}]</option>
                        </options>
                     </parameter>
                  </input>
                  <binding>
                     <restSimpleBinding multiUsing="semicolonSeparated"
                                        url="https://{$hostName}/s4hanacloud/sap/opu/odata/sap/API_QUALITYINFORECORD_SRV/QualityInProcurement"
                                        verb="GET">
                        <authentication>
                           <username>{$username}</username>
                           <password>{$password}</password>
                           <isExpressionInPassword>true</isExpressionInPassword>
                        </authentication>
                        <httpHeaders>
                           <header name="Content-Type">application/json</header>
                           <header name="Accept">application/json</header>
                        </httpHeaders>
                     </restSimpleBinding>
                  </binding>
                  <output>
                     <field description="Retrieved entities"
                            entireResponse="true"
                            name="entireResponse"
                            type="object"/>
                  </output>
               </action>
            </actions>
            <objects>
               <processObject xmlns="http://schemas.active-endpoints.com/appmodules/screenflow/2011/06/avosHostEnvironment.xsd"
                              isByCopy="true"
                              name="cds_api_qualityinforecord_srv_QualityInProcurementType_update">
                  <description/>
                  <detail>
                     <field name="QltyInProcmtReleaseValidTo" type="string"/>
                     <field name="IsDeleted" type="string"/>
                     <field name="Plant" type="string"/>
                     <field name="BlockReason" type="string"/>
                     <field name="ReleasedQuantity" type="string"/>
                     <field name="QltyInProcmtInspControl" type="string"/>
                     <field name="Supplier" type="string"/>
                     <field name="BaseUnit" type="string"/>
                     <field name="ProcurementBlock" type="string"/>
                     <field name="QltyInProcmtRelQtyIsActive" type="boolean"/>
                     <field name="MaterialRevisionLevel" type="string"/>
                  </detail>
               </processObject>
               <processObject xmlns="http://schemas.active-endpoints.com/appmodules/screenflow/2011/06/avosHostEnvironment.xsd"
                              isByCopy="true"
                              name="cds_api_qualityinforecord_srv_QualityInProcurementType_create">
                  <description/>
                  <detail>
                     <field name="IsDeleted" type="string"/>
                     <field name="BlockReason" type="string"/>
                     <field name="Material" type="string"/>
                     <field name="BaseUnit" type="string"/>
                     <field name="ProcurementBlock" type="string"/>
                     <field name="QltyInProcmtIntID" type="string"/>
                     <field name="QltyInProcmtReleaseValidTo" type="string"/>
                     <field name="Plant" type="string"/>
                     <field name="ReleasedQuantity" type="string"/>
                     <field name="QltyInProcmtInspControl" type="string"/>
                     <field name="Supplier" type="string"/>
                     <field name="QltyInProcmtRelQtyIsActive" type="boolean"/>
                     <field name="MaterialRevisionLevel" type="string"/>
                  </detail>
               </processObject>
               <processObject xmlns="http://schemas.active-endpoints.com/appmodules/screenflow/2011/06/avosHostEnvironment.xsd"
                              isByCopy="true"
                              name="error">
                  <description/>
                  <detail>
                     <field name="error" type="object"/>
                  </detail>
               </processObject>
               <processObject xmlns="http://schemas.active-endpoints.com/appmodules/screenflow/2011/06/avosHostEnvironment.xsd"
                              isByCopy="true"
                              name="cds_api_qualityinforecord_srv_QualityInProcurementType">
                  <description/>
                  <detail>
                     <field name="IsDeleted" type="string"/>
                     <field name="BlockReason" type="string"/>
                     <field name="Material" type="string"/>
                     <field name="BaseUnit" type="string"/>
                     <field name="ProcurementBlock" type="string"/>
                     <field name="QltyInProcmtIntID" type="string"/>
                     <field name="QltyInProcmtReleaseValidTo" type="string"/>
                     <field name="Plant" type="string"/>
                     <field name="ReleasedQuantity" type="string"/>
                     <field name="QltyInProcmtInspControl" type="string"/>
                     <field name="Supplier" type="string"/>
                     <field name="QltyInProcmtRelQtyIsActive" type="boolean"/>
                     <field name="MaterialRevisionLevel" type="string"/>
                  </detail>
               </processObject>
               <processObject xmlns="http://schemas.active-endpoints.com/appmodules/screenflow/2011/06/avosHostEnvironment.xsd"
                              isByCopy="true"
                              name="string">
                  <description/>
                  <detail>
                     <field name="string" type="string"/>
                  </detail>
               </processObject>
               <processObject xmlns="http://schemas.active-endpoints.com/appmodules/screenflow/2011/06/avosHostEnvironment.xsd"
                              isByCopy="true"
                              name="boolean">
                  <description/>
                  <detail>
                     <field name="boolean" type="boolean"/>
                  </detail>
               </processObject>
               <processObject xmlns="http://schemas.active-endpoints.com/appmodules/screenflow/2011/06/avosHostEnvironment.xsd"
                              isByCopy="true"
                              name="double">
                  <description/>
                  <detail>
                     <field name="double" type="double"/>
                  </detail>
               </processObject>
               <processObject xmlns="http://schemas.active-endpoints.com/appmodules/screenflow/2011/06/avosHostEnvironment.xsd"
                              isByCopy="true"
                              name="integer">
                  <description/>
                  <detail>
                     <field name="integer" type="int"/>
                  </detail>
               </processObject>
            </objects>
         </businessConnector>
      </types1:Entry>
      <types1:GUID>3hHIZ81MZUpip4gMzsbUQY</types1:GUID>
      <types1:DisplayName>SAP S4HANA Quality Info Record API v1</types1:DisplayName>
   </types1:Item>
   <types1:CurrentServerDateTime>2019-11-15T05:53:09.367Z</types1:CurrentServerDateTime>
</aetgt:getResponse>
