{
   "exportedObjects": [
      {
         "objectGuid": "almpU5d486xjg3tXw87BET",
         "objectName": "Shared assets",
         "objectType": "Project",
         "path": "/Explore",
         "metadata": {
            "additionalInfo": {
               "contentType": "Binary",
               "description": "This Project contains shared assets",
               "documentState": "COMPLETE"
            },
            "contextAttributes": [],
            "modelVersion": {
               "major": 0,
               "minor": 0
            },
            "objectRefs": [],
            "repoInfo": null
         }
      },
      {
         "objectGuid": "00m3cKr9AGOjGY55vZSASH",
         "objectName": "Service Connectors",
         "objectType": "Folder",
         "path": "/Explore/Shared assets",
         "metadata": {
            "additionalInfo": {
               "contentType": "Binary",
               "description": "",
               "documentState": "COMPLETE"
            },
            "contextAttributes": [],
            "modelVersion": {
               "major": 0,
               "minor": 0
            },
            "objectRefs": [],
            "repoInfo": null
         }
      },
      {
         "objectGuid": "92jiCyIX06IfJPrnHwm98g",
         "objectName": "Concur Itemizations API v3",
         "objectType": "AI_SERVICE_CONNECTOR",
         "path": "/Explore/Shared assets/Service Connectors",
         "metadata": {
            "additionalInfo": {
               "contentType": "application/json; charset=utf-8",
               "description": "Expense Entry Itemizations are children of an expense entry that subdivide the expense. A common use case for itemizations is on a hotel bill, which can have separate itemizations for room rate, room tax, and services such as laundry or minibar.",
               "documentState": "VALID"
            },
            "contextAttributes": null,
            "modelVersion": {
               "major": 1,
               "minor": 0
            },
            "objectRefs": [],
            "repoInfo": {
               "repoHandle": "QbdqVIKchzt1Y6t-gt-3244832-2019-01-24T00:42:23.678Z::svc.xml"
            }
         }
      }
   ]
}