<aetgt:getResponse xmlns:aetgt="http://schemas.active-endpoints.com/appmodules/repository/2010/10/avrepository.xsd"
                   xmlns:types1="http://schemas.active-endpoints.com/appmodules/repository/2010/10/avrepository.xsd">
   <types1:Item>
      <types1:EntryId>21ErhNzUzeA8rJ4-gt-7577681-2020-01-02T06:35:18.59Z::svc.xml</types1:EntryId>
      <types1:Name>Okta_API_Access_Management_REST_API_v1</types1:Name>
      <types1:MimeType>application/xml+businesssconnector</types1:MimeType>
      <types1:Description>TODO: Add Description</types1:Description>
      <types1:AppliesTo/>
      <types1:Tags/>
      <types1:VersionLabel>1.0</types1:VersionLabel>
      <types1:State>CURRENT</types1:State>
      <types1:ProcessGroup/>
      <types1:CreatedBy>sorabh@na1.dm-us.org</types1:CreatedBy>
      <types1:CreationDate>2020-01-02T06:35:19Z</types1:CreationDate>
      <types1:ModifiedBy/>
      <types1:PublicationStatus>published</types1:PublicationStatus>
      <types1:PublishedBy>sorabh@na1.dm-us.org</types1:PublishedBy>
      <types1:PublicationDate>2020-01-02T06:36:01Z</types1:PublicationDate>
      <types1:PublishedContributionId>project:/rt.connector/Okta_API_Access_Management_REST_API_v1/Okta_API_Access_Management_REST_API_v1_svcDef.xml</types1:PublishedContributionId>
      <types1:AutosaveExists>false</types1:AutosaveExists>
      <types1:Entry>
         <businessConnector xmlns="http://schemas.informatica.com/socrates/data-services/2014/05/business-connector-model.xsd"
                            agentOnly="false"
                            debug="false"
                            displayName="Okta API Access Management REST API v1"
                            label=""
                            name="Okta_API_Access_Management_REST_API_v1"
                            uuid="32c4381e-cd5f-42fd-b61d-a6243acf59a8">
            <description>TODO: Add Description</description>
            <tags/>
            <connectionAttributes xmlns="http://schemas.informatica.com/appmodules/screenflow/2014/04/avosConnectors.xsd">
               <connectionAttribute description="Host Name"
                                    masked="false"
                                    name="hostName"
                                    required="true"
                                    testWith="example.com"
                                    type="string"/>
               <connectionAttribute description="User Name"
                                    masked="false"
                                    name="username"
                                    required="true"
                                    testWith=""
                                    type="string"/>
               <connectionAttribute description="Password"
                                    masked="true"
                                    name="password"
                                    required="true"
                                    testWith=""
                                    type="string"/>
            </connectionAttributes>
            <actions>
               <action category="Credentials Operations"
                       failOnError="true"
                       forSearch="false"
                       label="ListKeys"
                       maxRedirects="100"
                       name="ListKeys"
                       preemptiveAuth="true"
                       responseEncoding="">
                  <description>List Keys. TODO: Add Description</description>
                  <input>
                     <parameter label="Authorization"
                                name="Authorization"
                                nogen="true"
                                required="true"
                                testWith=""
                                type="string"/>
                     <parameter label="authorizationServerIdPathParam"
                                name="authorizationServerIdPathParam"
                                nogen="true"
                                required="true"
                                testWith=""
                                type="string"/>
                  </input>
                  <binding>
                     <restSimpleBinding multiUsing="semicolonSeparated"
                                        url="http://{$hostName}/api/v1/authorizationServers/{$authorizationServerIdPathParam}/credentials/keys"
                                        verb="GET">
                        <httpHeaders>
                           <header name="Content-Type">application/json</header>
                           <header name="Accept">application/json</header>
                           <header name="Authorization">{$Authorization}</header>
                        </httpHeaders>
                     </restSimpleBinding>
                  </binding>
                  <output/>
               </action>
               <action category="Misc"
                       failOnError="true"
                       forSearch="false"
                       label="GetOAuth2Metadata"
                       maxRedirects="100"
                       name="GetOAuth2Metadata"
                       preemptiveAuth="true"
                       responseEncoding="">
                  <description>Get OAuth2 Metadata. TODO: Add Description</description>
                  <input>
                     <parameter label="client_id"
                                name="client_id"
                                required="true"
                                testWith=""
                                type="string"/>
                     <parameter label="authorizationServerIdPathParam"
                                name="authorizationServerIdPathParam"
                                nogen="true"
                                required="true"
                                testWith=""
                                type="string"/>
                  </input>
                  <binding>
                     <restSimpleBinding multiUsing="semicolonSeparated"
                                        url="http://{$hostName}/oauth2/{$authorizationServerIdPathParam}/.well-known/oauth-authorization-server"
                                        verb="GET">
                        <authentication>
                           <username>{$username}</username>
                           <password>{$password}</password>
                           <isExpressionInPassword>true</isExpressionInPassword>
                        </authentication>
                        <httpHeaders>
                           <header name="Content-Type">application/json</header>
                           <header name="Accept">application/json</header>
                        </httpHeaders>
                     </restSimpleBinding>
                  </binding>
                  <output/>
               </action>
               <action category="Resource Access Policy Operations"
                       failOnError="true"
                       forSearch="false"
                       label="GetResourceAccessPolicy"
                       maxRedirects="100"
                       name="GetResourceAccessPolicy"
                       preemptiveAuth="true"
                       responseEncoding="">
                  <description>Get Resource Access Policy. TODO: Add Description</description>
                  <input>
                     <parameter label="Authorization"
                                name="Authorization"
                                nogen="true"
                                required="true"
                                testWith=""
                                type="string"/>
                     <parameter label="authorizationServerIdPathParam"
                                name="authorizationServerIdPathParam"
                                nogen="true"
                                required="true"
                                testWith=""
                                type="string"/>
                     <parameter label="policyIdPathParam"
                                name="policyIdPathParam"
                                nogen="true"
                                required="true"
                                testWith=""
                                type="string"/>
                  </input>
                  <binding>
                     <restSimpleBinding multiUsing="semicolonSeparated"
                                        url="http://{$hostName}/api/v1/authorizationServers/{$authorizationServerIdPathParam}/policies/{$policyIdPathParam}"
                                        verb="GET">
                        <httpHeaders>
                           <header name="Content-Type">application/json</header>
                           <header name="Accept">application/json</header>
                           <header name="Authorization">{$Authorization}</header>
                        </httpHeaders>
                     </restSimpleBinding>
                  </binding>
                  <output/>
               </action>
               <action category="Resource Access Policy Operations"
                       failOnError="true"
                       forSearch="false"
                       label="DeleteResourceAccessPolicy"
                       maxRedirects="100"
                       name="DeleteResourceAccessPolicy"
                       preemptiveAuth="true"
                       responseEncoding="">
                  <description>Delete Resource Access Policy. TODO: Add Description</description>
                  <input>
                     <parameter label="Authorization"
                                name="Authorization"
                                nogen="true"
                                required="true"
                                testWith=""
                                type="string"/>
                     <parameter label="authorizationServerIdPathParam"
                                name="authorizationServerIdPathParam"
                                nogen="true"
                                required="true"
                                testWith=""
                                type="string"/>
                     <parameter label="policyIdPathParam"
                                name="policyIdPathParam"
                                nogen="true"
                                required="true"
                                testWith=""
                                type="string"/>
                  </input>
                  <binding>
                     <restSimpleBinding multiUsing="semicolonSeparated"
                                        url="http://{$hostName}/api/v1/authorizationServers/{$authorizationServerIdPathParam}/policies/{$policyIdPathParam}"
                                        verb="DELETE">
                        <httpHeaders>
                           <header name="Content-Type">application/json</header>
                           <header name="Accept">application/json</header>
                           <header name="Authorization">{$Authorization}</header>
                        </httpHeaders>
                     </restSimpleBinding>
                  </binding>
                  <output/>
               </action>
               <action category="Resource Access Policy Operations"
                       failOnError="true"
                       forSearch="false"
                       label="UpdateResourceAccessPolicy"
                       maxRedirects="100"
                       name="UpdateResourceAccessPolicy"
                       preemptiveAuth="true"
                       responseEncoding="">
                  <description>Update Resource Access Policy. TODO: Add Description</description>
                  <input>
                     <parameter label="Authorization"
                                name="Authorization"
                                nogen="true"
                                required="true"
                                testWith=""
                                type="string"/>
                     <parameter label="Body"
                                name="Body"
                                required="true"
                                testWith=""
                                type="reference">
                        <options>
                           <option name="referenceTo">UpdateResourceAccessPolicyRequest</option>
                        </options>
                     </parameter>
                     <parameter label="authorizationServerIdPathParam"
                                name="authorizationServerIdPathParam"
                                nogen="true"
                                required="true"
                                testWith=""
                                type="string"/>
                     <parameter label="policyIdPathParam"
                                name="policyIdPathParam"
                                nogen="true"
                                required="true"
                                testWith=""
                                type="string"/>
                  </input>
                  <binding>
                     <restSimpleBinding multiUsing="semicolonSeparated"
                                        url="http://{$hostName}/api/v1/authorizationServers/{$authorizationServerIdPathParam}/policies/{$policyIdPathParam}"
                                        verb="PUT">
                        <httpHeaders>
                           <header name="Content-Type">application/json</header>
                           <header name="Accept">application/json</header>
                           <header name="Authorization">{$Authorization}</header>
                        </httpHeaders>
                        <body generateUsing="UnwrappedJSON" preserveJsonStringFormatting="false"/>
                     </restSimpleBinding>
                  </binding>
                  <output/>
               </action>
               <action category="OAuth2 Claim Operations"
                       failOnError="true"
                       forSearch="false"
                       label="GetOAuth2Claim"
                       maxRedirects="100"
                       name="GetOAuth2Claim"
                       preemptiveAuth="true"
                       responseEncoding="">
                  <description>Get OAuth2 Claim. TODO: Add Description</description>
                  <input>
                     <parameter label="Authorization"
                                name="Authorization"
                                nogen="true"
                                required="true"
                                testWith=""
                                type="string"/>
                     <parameter label="authorizationServerIdPathParam"
                                name="authorizationServerIdPathParam"
                                nogen="true"
                                required="true"
                                testWith=""
                                type="string"/>
                     <parameter label="claimIdPathParam"
                                name="claimIdPathParam"
                                nogen="true"
                                required="true"
                                testWith=""
                                type="string"/>
                  </input>
                  <binding>
                     <restSimpleBinding multiUsing="semicolonSeparated"
                                        url="http://{$hostName}/api/v1/authorizationServers/{$authorizationServerIdPathParam}/claims/{$claimIdPathParam}"
                                        verb="GET">
                        <httpHeaders>
                           <header name="Content-Type">application/json</header>
                           <header name="Accept">application/json</header>
                           <header name="Authorization">{$Authorization}</header>
                        </httpHeaders>
                     </restSimpleBinding>
                  </binding>
                  <output/>
               </action>
               <action category="OAuth2 Claim Operations"
                       failOnError="true"
                       forSearch="false"
                       label="DeleteOAuth2Claim"
                       maxRedirects="100"
                       name="DeleteOAuth2Claim"
                       preemptiveAuth="true"
                       responseEncoding="">
                  <description>Delete OAuth2 Claim. TODO: Add Description</description>
                  <input>
                     <parameter label="Authorization"
                                name="Authorization"
                                nogen="true"
                                required="true"
                                testWith=""
                                type="string"/>
                     <parameter label="authorizationServerIdPathParam"
                                name="authorizationServerIdPathParam"
                                nogen="true"
                                required="true"
                                testWith=""
                                type="string"/>
                     <parameter label="claimIdPathParam"
                                name="claimIdPathParam"
                                nogen="true"
                                required="true"
                                testWith=""
                                type="string"/>
                  </input>
                  <binding>
                     <restSimpleBinding multiUsing="semicolonSeparated"
                                        url="http://{$hostName}/api/v1/authorizationServers/{$authorizationServerIdPathParam}/claims/{$claimIdPathParam}"
                                        verb="DELETE">
                        <httpHeaders>
                           <header name="Content-Type">application/json</header>
                           <header name="Accept">application/json</header>
                           <header name="Authorization">{$Authorization}</header>
                        </httpHeaders>
                     </restSimpleBinding>
                  </binding>
                  <output/>
               </action>
               <action category="OAuth2 Claim Operations"
                       failOnError="true"
                       forSearch="false"
                       label="UpdateOAuth2Claim"
                       maxRedirects="100"
                       name="UpdateOAuth2Claim"
                       preemptiveAuth="true"
                       responseEncoding="">
                  <description>Update OAuth2 Claim. TODO: Add Description</description>
                  <input>
                     <parameter label="Authorization"
                                name="Authorization"
                                nogen="true"
                                required="true"
                                testWith=""
                                type="string"/>
                     <parameter label="Body"
                                name="Body"
                                required="true"
                                testWith=""
                                type="reference">
                        <options>
                           <option name="referenceTo">UpdateOAuth2ClaimRequest</option>
                        </options>
                     </parameter>
                     <parameter label="authorizationServerIdPathParam"
                                name="authorizationServerIdPathParam"
                                nogen="true"
                                required="true"
                                testWith=""
                                type="string"/>
                     <parameter label="claimIdPathParam"
                                name="claimIdPathParam"
                                nogen="true"
                                required="true"
                                testWith=""
                                type="string"/>
                  </input>
                  <binding>
                     <restSimpleBinding multiUsing="semicolonSeparated"
                                        url="http://{$hostName}/api/v1/authorizationServers/{$authorizationServerIdPathParam}/claims/{$claimIdPathParam}"
                                        verb="PUT">
                        <httpHeaders>
                           <header name="Content-Type">application/json</header>
                           <header name="Accept">application/json</header>
                           <header name="Authorization">{$Authorization}</header>
                        </httpHeaders>
                        <body generateUsing="UnwrappedJSON" preserveJsonStringFormatting="false"/>
                     </restSimpleBinding>
                  </binding>
                  <output/>
               </action>
               <action category="Resource Access Policy Rule Operations"
                       failOnError="true"
                       forSearch="false"
                       label="ActivateResourceAccessPolicyRule"
                       maxRedirects="100"
                       name="ActivateResourceAccessPolicyRule"
                       preemptiveAuth="true"
                       responseEncoding="">
                  <description>Activate Resource Access Policy Rule. TODO: Add Description</description>
                  <input>
                     <parameter label="Authorization"
                                name="Authorization"
                                nogen="true"
                                required="true"
                                testWith=""
                                type="string"/>
                     <parameter label="authorizationServerIdPathParam"
                                name="authorizationServerIdPathParam"
                                nogen="true"
                                required="true"
                                testWith=""
                                type="string"/>
                     <parameter label="policyIdPathParam"
                                name="policyIdPathParam"
                                nogen="true"
                                required="true"
                                testWith=""
                                type="string"/>
                     <parameter label="ruleIdPathParam"
                                name="ruleIdPathParam"
                                nogen="true"
                                required="true"
                                testWith=""
                                type="string"/>
                  </input>
                  <binding>
                     <restSimpleBinding multiUsing="semicolonSeparated"
                                        url="http://{$hostName}/api/v1/authorizationServers/{$authorizationServerIdPathParam}/policies/{$policyIdPathParam}/rules/{$ruleIdPathParam}/lifecycle/activate"
                                        verb="POST">
                        <httpHeaders>
                           <header name="Content-Type">application/json</header>
                           <header name="Accept">application/json</header>
                           <header name="Authorization">{$Authorization}</header>
                        </httpHeaders>
                        <body generateUsing="UnwrappedJSON" preserveJsonStringFormatting="false"/>
                     </restSimpleBinding>
                  </binding>
                  <output/>
               </action>
               <action category="OAuth2 Claim Operations"
                       failOnError="true"
                       forSearch="false"
                       label="CreateOAuth2Claim"
                       maxRedirects="100"
                       name="CreateOAuth2Claim"
                       preemptiveAuth="true"
                       responseEncoding="">
                  <description>Create OAuth2 Claim. TODO: Add Description</description>
                  <input>
                     <parameter label="Authorization"
                                name="Authorization"
                                nogen="true"
                                required="true"
                                testWith=""
                                type="string"/>
                     <parameter label="Body"
                                name="Body"
                                required="true"
                                testWith=""
                                type="reference">
                        <options>
                           <option name="referenceTo">CreateOAuth2ClaimRequest</option>
                        </options>
                     </parameter>
                     <parameter label="authorizationServerIdPathParam"
                                name="authorizationServerIdPathParam"
                                nogen="true"
                                required="true"
                                testWith=""
                                type="string"/>
                  </input>
                  <binding>
                     <restSimpleBinding multiUsing="semicolonSeparated"
                                        url="http://{$hostName}/api/v1/authorizationServers/{$authorizationServerIdPathParam}/claims"
                                        verb="POST">
                        <httpHeaders>
                           <header name="Content-Type">application/json</header>
                           <header name="Accept">application/json</header>
                           <header name="Authorization">{$Authorization}</header>
                        </httpHeaders>
                        <body generateUsing="UnwrappedJSON" preserveJsonStringFormatting="false"/>
                     </restSimpleBinding>
                  </binding>
                  <output/>
               </action>
               <action category="OAuth2 Claim Operations"
                       failOnError="true"
                       forSearch="false"
                       label="ListOAuth2Claims"
                       maxRedirects="100"
                       name="ListOAuth2Claims"
                       preemptiveAuth="true"
                       responseEncoding="">
                  <description>List OAuth2 Claims. TODO: Add Description</description>
                  <input>
                     <parameter label="Authorization"
                                name="Authorization"
                                nogen="true"
                                required="true"
                                testWith=""
                                type="string"/>
                     <parameter label="authorizationServerIdPathParam"
                                name="authorizationServerIdPathParam"
                                nogen="true"
                                required="true"
                                testWith=""
                                type="string"/>
                  </input>
                  <binding>
                     <restSimpleBinding multiUsing="semicolonSeparated"
                                        url="http://{$hostName}/api/v1/authorizationServers/{$authorizationServerIdPathParam}/claims"
                                        verb="GET">
                        <httpHeaders>
                           <header name="Content-Type">application/json</header>
                           <header name="Accept">application/json</header>
                           <header name="Authorization">{$Authorization}</header>
                        </httpHeaders>
                     </restSimpleBinding>
                  </binding>
                  <output/>
               </action>
               <action category="OAuth2 Scope Operations"
                       failOnError="true"
                       forSearch="false"
                       label="GetOAuth2Scope"
                       maxRedirects="100"
                       name="GetOAuth2Scope"
                       preemptiveAuth="true"
                       responseEncoding="">
                  <description>Get OAuth2 Scope. TODO: Add Description</description>
                  <input>
                     <parameter label="Authorization"
                                name="Authorization"
                                nogen="true"
                                required="true"
                                testWith=""
                                type="string"/>
                     <parameter label="authorizationServerIdPathParam"
                                name="authorizationServerIdPathParam"
                                nogen="true"
                                required="true"
                                testWith=""
                                type="string"/>
                     <parameter label="scopeIdPathParam"
                                name="scopeIdPathParam"
                                nogen="true"
                                required="true"
                                testWith=""
                                type="string"/>
                  </input>
                  <binding>
                     <restSimpleBinding multiUsing="semicolonSeparated"
                                        url="http://{$hostName}/api/v1/authorizationServers/{$authorizationServerIdPathParam}/scopes/{$scopeIdPathParam}"
                                        verb="GET">
                        <httpHeaders>
                           <header name="Content-Type">application/json</header>
                           <header name="Accept">application/json</header>
                           <header name="Authorization">{$Authorization}</header>
                        </httpHeaders>
                     </restSimpleBinding>
                  </binding>
                  <output/>
               </action>
               <action category="OAuth2 Scope Operations"
                       failOnError="true"
                       forSearch="false"
                       label="DeleteOAuth2Scope"
                       maxRedirects="100"
                       name="DeleteOAuth2Scope"
                       preemptiveAuth="true"
                       responseEncoding="">
                  <description>Delete OAuth2 Scope. TODO: Add Description</description>
                  <input>
                     <parameter label="Authorization"
                                name="Authorization"
                                nogen="true"
                                required="true"
                                testWith=""
                                type="string"/>
                     <parameter label="authorizationServerIdPathParam"
                                name="authorizationServerIdPathParam"
                                nogen="true"
                                required="true"
                                testWith=""
                                type="string"/>
                     <parameter label="scopeIdPathParam"
                                name="scopeIdPathParam"
                                nogen="true"
                                required="true"
                                testWith=""
                                type="string"/>
                  </input>
                  <binding>
                     <restSimpleBinding multiUsing="semicolonSeparated"
                                        url="http://{$hostName}/api/v1/authorizationServers/{$authorizationServerIdPathParam}/scopes/{$scopeIdPathParam}"
                                        verb="DELETE">
                        <httpHeaders>
                           <header name="Content-Type">application/json</header>
                           <header name="Accept">application/json</header>
                           <header name="Authorization">{$Authorization}</header>
                        </httpHeaders>
                     </restSimpleBinding>
                  </binding>
                  <output/>
               </action>
               <action category="OAuth2 Scope Operations"
                       failOnError="true"
                       forSearch="false"
                       label="UpdateOAuth2Scope"
                       maxRedirects="100"
                       name="UpdateOAuth2Scope"
                       preemptiveAuth="true"
                       responseEncoding="">
                  <description>Update OAuth2 Scope. TODO: Add Description</description>
                  <input>
                     <parameter label="Authorization"
                                name="Authorization"
                                nogen="true"
                                required="true"
                                testWith=""
                                type="string"/>
                     <parameter label="Body"
                                name="Body"
                                required="true"
                                testWith=""
                                type="reference">
                        <options>
                           <option name="referenceTo">UpdateOAuth2ScopeRequest</option>
                        </options>
                     </parameter>
                     <parameter label="authorizationServerIdPathParam"
                                name="authorizationServerIdPathParam"
                                nogen="true"
                                required="true"
                                testWith=""
                                type="string"/>
                     <parameter label="scopeIdPathParam"
                                name="scopeIdPathParam"
                                nogen="true"
                                required="true"
                                testWith=""
                                type="string"/>
                  </input>
                  <binding>
                     <restSimpleBinding multiUsing="semicolonSeparated"
                                        url="http://{$hostName}/api/v1/authorizationServers/{$authorizationServerIdPathParam}/scopes/{$scopeIdPathParam}"
                                        verb="PUT">
                        <httpHeaders>
                           <header name="Content-Type">application/json</header>
                           <header name="Accept">application/json</header>
                           <header name="Authorization">{$Authorization}</header>
                        </httpHeaders>
                        <body generateUsing="UnwrappedJSON" preserveJsonStringFormatting="false"/>
                     </restSimpleBinding>
                  </binding>
                  <output/>
               </action>
               <action category="OAuth2 Scope Operations"
                       failOnError="true"
                       forSearch="false"
                       label="CreateOAuth2Scope"
                       maxRedirects="100"
                       name="CreateOAuth2Scope"
                       preemptiveAuth="true"
                       responseEncoding="">
                  <description>Create OAuth2 Scope. TODO: Add Description</description>
                  <input>
                     <parameter label="Authorization"
                                name="Authorization"
                                nogen="true"
                                required="true"
                                testWith=""
                                type="string"/>
                     <parameter label="Body"
                                name="Body"
                                required="true"
                                testWith=""
                                type="reference">
                        <options>
                           <option name="referenceTo">CreateOAuth2ScopeRequest</option>
                        </options>
                     </parameter>
                     <parameter label="authorizationServerIdPathParam"
                                name="authorizationServerIdPathParam"
                                nogen="true"
                                required="true"
                                testWith=""
                                type="string"/>
                  </input>
                  <binding>
                     <restSimpleBinding multiUsing="semicolonSeparated"
                                        url="http://{$hostName}/api/v1/authorizationServers/{$authorizationServerIdPathParam}/scopes"
                                        verb="POST">
                        <httpHeaders>
                           <header name="Content-Type">application/json</header>
                           <header name="Accept">application/json</header>
                           <header name="Authorization">{$Authorization}</header>
                        </httpHeaders>
                        <body generateUsing="UnwrappedJSON" preserveJsonStringFormatting="false"/>
                     </restSimpleBinding>
                  </binding>
                  <output/>
               </action>
               <action category="OAuth2 Scope Operations"
                       failOnError="true"
                       forSearch="false"
                       label="ListOAuth2Scopes"
                       maxRedirects="100"
                       name="ListOAuth2Scopes"
                       preemptiveAuth="true"
                       responseEncoding="">
                  <description>List OAuth2 Scopes. TODO: Add Description</description>
                  <input>
                     <parameter label="Authorization"
                                name="Authorization"
                                nogen="true"
                                required="true"
                                testWith=""
                                type="string"/>
                     <parameter label="authorizationServerIdPathParam"
                                name="authorizationServerIdPathParam"
                                nogen="true"
                                required="true"
                                testWith=""
                                type="string"/>
                  </input>
                  <binding>
                     <restSimpleBinding multiUsing="semicolonSeparated"
                                        url="http://{$hostName}/api/v1/authorizationServers/{$authorizationServerIdPathParam}/scopes"
                                        verb="GET">
                        <httpHeaders>
                           <header name="Content-Type">application/json</header>
                           <header name="Accept">application/json</header>
                           <header name="Authorization">{$Authorization}</header>
                        </httpHeaders>
                     </restSimpleBinding>
                  </binding>
                  <output/>
               </action>
               <action category="Resource Access Policy Operations"
                       failOnError="true"
                       forSearch="false"
                       label="DeactivateResourceAccessPolicy"
                       maxRedirects="100"
                       name="DeactivateResourceAccessPolicy"
                       preemptiveAuth="true"
                       responseEncoding="">
                  <description>Deactivate Resource Access Policy. TODO: Add Description</description>
                  <input>
                     <parameter label="Authorization"
                                name="Authorization"
                                nogen="true"
                                required="true"
                                testWith=""
                                type="string"/>
                     <parameter label="authorizationServerIdPathParam"
                                name="authorizationServerIdPathParam"
                                nogen="true"
                                required="true"
                                testWith=""
                                type="string"/>
                     <parameter label="policyIdPathParam"
                                name="policyIdPathParam"
                                nogen="true"
                                required="true"
                                testWith=""
                                type="string"/>
                  </input>
                  <binding>
                     <restSimpleBinding multiUsing="semicolonSeparated"
                                        url="http://{$hostName}/api/v1/authorizationServers/{$authorizationServerIdPathParam}/policies/{$policyIdPathParam}/lifecycle/deactivate"
                                        verb="POST">
                        <httpHeaders>
                           <header name="Content-Type">application/json</header>
                           <header name="Accept">application/json</header>
                           <header name="Authorization">{$Authorization}</header>
                        </httpHeaders>
                        <body generateUsing="UnwrappedJSON" preserveJsonStringFormatting="false"/>
                     </restSimpleBinding>
                  </binding>
                  <output/>
               </action>
               <action category="Misc"
                       failOnError="true"
                       forSearch="false"
                       label="GetIDTokenwithCode"
                       maxRedirects="100"
                       name="GetIDTokenwithCode"
                       preemptiveAuth="true"
                       responseEncoding="">
                  <description>Get ID Token with Code. TODO: Add Description</description>
                  <input>
                     <parameter label="grant_type"
                                name="grant_type"
                                required="true"
                                testWith=""
                                type="string"/>
                     <parameter label="redirect_uri"
                                name="redirect_uri"
                                required="true"
                                testWith=""
                                type="string"/>
                     <parameter label="code"
                                name="code"
                                required="true"
                                testWith=""
                                type="string"/>
                     <parameter label="authorizationServerIdPathParam"
                                name="authorizationServerIdPathParam"
                                nogen="true"
                                required="true"
                                testWith=""
                                type="string"/>
                  </input>
                  <binding>
                     <restSimpleBinding multiUsing="semicolonSeparated"
                                        url="http://{$hostName}/oauth2/{$authorizationServerIdPathParam}/v1/token"
                                        verb="POST">
                        <authentication>
                           <username>{$username}</username>
                           <password>{$password}</password>
                           <isExpressionInPassword>true</isExpressionInPassword>
                        </authentication>
                        <httpHeaders>
                           <header name="Content-Type">application/x-www-form-urlencoded</header>
                           <header name="Accept">application/json</header>
                        </httpHeaders>
                        <body generateUsing="Form"/>
                     </restSimpleBinding>
                  </binding>
                  <output/>
               </action>
               <action category="Resource Access Policy Rule Operations"
                       failOnError="true"
                       forSearch="false"
                       label="GetResourceAccessPolicyRule"
                       maxRedirects="100"
                       name="GetResourceAccessPolicyRule"
                       preemptiveAuth="true"
                       responseEncoding="">
                  <description>Get Resource Access Policy Rule. TODO: Add Description</description>
                  <input>
                     <parameter label="Authorization"
                                name="Authorization"
                                nogen="true"
                                required="true"
                                testWith=""
                                type="string"/>
                     <parameter label="authorizationServerIdPathParam"
                                name="authorizationServerIdPathParam"
                                nogen="true"
                                required="true"
                                testWith=""
                                type="string"/>
                     <parameter label="policyIdPathParam"
                                name="policyIdPathParam"
                                nogen="true"
                                required="true"
                                testWith=""
                                type="string"/>
                     <parameter label="ruleIdPathParam"
                                name="ruleIdPathParam"
                                nogen="true"
                                required="true"
                                testWith=""
                                type="string"/>
                  </input>
                  <binding>
                     <restSimpleBinding multiUsing="semicolonSeparated"
                                        url="http://{$hostName}/api/v1/authorizationServers/{$authorizationServerIdPathParam}/policies/{$policyIdPathParam}/rules/{$ruleIdPathParam}"
                                        verb="GET">
                        <httpHeaders>
                           <header name="Content-Type">application/json</header>
                           <header name="Accept">application/json</header>
                           <header name="Authorization">{$Authorization}</header>
                        </httpHeaders>
                     </restSimpleBinding>
                  </binding>
                  <output/>
               </action>
               <action category="Resource Access Policy Rule Operations"
                       failOnError="true"
                       forSearch="false"
                       label="DeleteResourceAccessPolicyRule"
                       maxRedirects="100"
                       name="DeleteResourceAccessPolicyRule"
                       preemptiveAuth="true"
                       responseEncoding="">
                  <description>Delete Resource Access Policy Rule. TODO: Add Description</description>
                  <input>
                     <parameter label="Authorization"
                                name="Authorization"
                                nogen="true"
                                required="true"
                                testWith=""
                                type="string"/>
                     <parameter label="authorizationServerIdPathParam"
                                name="authorizationServerIdPathParam"
                                nogen="true"
                                required="true"
                                testWith=""
                                type="string"/>
                     <parameter label="policyIdPathParam"
                                name="policyIdPathParam"
                                nogen="true"
                                required="true"
                                testWith=""
                                type="string"/>
                     <parameter label="ruleIdPathParam"
                                name="ruleIdPathParam"
                                nogen="true"
                                required="true"
                                testWith=""
                                type="string"/>
                  </input>
                  <binding>
                     <restSimpleBinding multiUsing="semicolonSeparated"
                                        url="http://{$hostName}/api/v1/authorizationServers/{$authorizationServerIdPathParam}/policies/{$policyIdPathParam}/rules/{$ruleIdPathParam}"
                                        verb="DELETE">
                        <httpHeaders>
                           <header name="Content-Type">application/json</header>
                           <header name="Accept">application/json</header>
                           <header name="Authorization">{$Authorization}</header>
                        </httpHeaders>
                     </restSimpleBinding>
                  </binding>
                  <output/>
               </action>
               <action category="Resource Access Policy Rule Operations"
                       failOnError="true"
                       forSearch="false"
                       label="UpdateResourceAccessPolicyRule"
                       maxRedirects="100"
                       name="UpdateResourceAccessPolicyRule"
                       preemptiveAuth="true"
                       responseEncoding="">
                  <description>Update Resource Access Policy Rule. TODO: Add Description</description>
                  <input>
                     <parameter label="Authorization"
                                name="Authorization"
                                nogen="true"
                                required="true"
                                testWith=""
                                type="string"/>
                     <parameter label="Body"
                                name="Body"
                                required="true"
                                testWith=""
                                type="reference">
                        <options>
                           <option name="referenceTo">UpdateResourceAccessPolicyRuleRequest</option>
                        </options>
                     </parameter>
                     <parameter label="authorizationServerIdPathParam"
                                name="authorizationServerIdPathParam"
                                nogen="true"
                                required="true"
                                testWith=""
                                type="string"/>
                     <parameter label="policyIdPathParam"
                                name="policyIdPathParam"
                                nogen="true"
                                required="true"
                                testWith=""
                                type="string"/>
                     <parameter label="ruleIdPathParam"
                                name="ruleIdPathParam"
                                nogen="true"
                                required="true"
                                testWith=""
                                type="string"/>
                  </input>
                  <binding>
                     <restSimpleBinding multiUsing="semicolonSeparated"
                                        url="http://{$hostName}/api/v1/authorizationServers/{$authorizationServerIdPathParam}/policies/{$policyIdPathParam}/rules/{$ruleIdPathParam}"
                                        verb="PUT">
                        <httpHeaders>
                           <header name="Content-Type">application/json</header>
                           <header name="Accept">application/json</header>
                           <header name="Authorization">{$Authorization}</header>
                        </httpHeaders>
                        <body generateUsing="UnwrappedJSON" preserveJsonStringFormatting="false"/>
                     </restSimpleBinding>
                  </binding>
                  <output/>
               </action>
               <action category="Resource Access Policy Operations"
                       failOnError="true"
                       forSearch="false"
                       label="ActivateResourceAccessPolicy"
                       maxRedirects="100"
                       name="ActivateResourceAccessPolicy"
                       preemptiveAuth="true"
                       responseEncoding="">
                  <description>Activate Resource Access Policy. TODO: Add Description</description>
                  <input>
                     <parameter label="Authorization"
                                name="Authorization"
                                nogen="true"
                                required="true"
                                testWith=""
                                type="string"/>
                     <parameter label="authorizationServerIdPathParam"
                                name="authorizationServerIdPathParam"
                                nogen="true"
                                required="true"
                                testWith=""
                                type="string"/>
                     <parameter label="policyIdPathParam"
                                name="policyIdPathParam"
                                nogen="true"
                                required="true"
                                testWith=""
                                type="string"/>
                  </input>
                  <binding>
                     <restSimpleBinding multiUsing="semicolonSeparated"
                                        url="http://{$hostName}/api/v1/authorizationServers/{$authorizationServerIdPathParam}/policies/{$policyIdPathParam}/lifecycle/activate"
                                        verb="POST">
                        <httpHeaders>
                           <header name="Content-Type">application/json</header>
                           <header name="Accept">application/json</header>
                           <header name="Authorization">{$Authorization}</header>
                        </httpHeaders>
                        <body generateUsing="UnwrappedJSON" preserveJsonStringFormatting="false"/>
                     </restSimpleBinding>
                  </binding>
                  <output/>
               </action>
               <action category="Misc"
                       failOnError="true"
                       forSearch="false"
                       label="GetOpenIDProviderMetadata"
                       maxRedirects="100"
                       name="GetOpenIDProviderMetadata"
                       preemptiveAuth="true"
                       responseEncoding="">
                  <description>Get OpenID Provider Metadata. TODO: Add Description</description>
                  <input>
                     <parameter label="client_id"
                                name="client_id"
                                required="true"
                                testWith=""
                                type="string"/>
                     <parameter label="authorizationServerIdPathParam"
                                name="authorizationServerIdPathParam"
                                nogen="true"
                                required="true"
                                testWith=""
                                type="string"/>
                  </input>
                  <binding>
                     <restSimpleBinding multiUsing="semicolonSeparated"
                                        url="http://{$hostName}/oauth2/{$authorizationServerIdPathParam}/.well-known/openid-configuration"
                                        verb="GET">
                        <authentication>
                           <username>{$username}</username>
                           <password>{$password}</password>
                           <isExpressionInPassword>true</isExpressionInPassword>
                        </authentication>
                        <httpHeaders>
                           <header name="Content-Type">application/json</header>
                           <header name="Accept">application/json</header>
                        </httpHeaders>
                     </restSimpleBinding>
                  </binding>
                  <output/>
               </action>
               <action category="Misc"
                       failOnError="true"
                       forSearch="false"
                       label="GetIDTokenRequiresInteceptor"
                       maxRedirects="100"
                       name="GetIDTokenRequiresInteceptor"
                       preemptiveAuth="true"
                       responseEncoding="">
                  <description>Get ID Token (Requires Inteceptor). TODO: Add Description</description>
                  <input>
                     <parameter label="client_id"
                                name="client_id"
                                required="true"
                                testWith=""
                                type="string"/>
                     <parameter label="response_type"
                                name="response_type"
                                required="true"
                                testWith=""
                                type="string"/>
                     <parameter label="response_mode"
                                name="response_mode"
                                required="true"
                                testWith=""
                                type="string"/>
                     <parameter label="scope"
                                name="scope"
                                required="true"
                                testWith=""
                                type="string"/>
                     <parameter label="redirect_uri"
                                name="redirect_uri"
                                required="true"
                                testWith=""
                                type="string"/>
                     <parameter label="state"
                                name="state"
                                required="true"
                                testWith=""
                                type="string"/>
                     <parameter label="nonce"
                                name="nonce"
                                required="true"
                                testWith=""
                                type="string"/>
                     <parameter label="authorizationServerIdPathParam"
                                name="authorizationServerIdPathParam"
                                nogen="true"
                                required="true"
                                testWith=""
                                type="string"/>
                  </input>
                  <binding>
                     <restSimpleBinding multiUsing="semicolonSeparated"
                                        url="http://{$hostName}/oauth2/{$authorizationServerIdPathParam}/v1/authorize"
                                        verb="GET">
                        <authentication>
                           <username>{$username}</username>
                           <password>{$password}</password>
                           <isExpressionInPassword>true</isExpressionInPassword>
                        </authentication>
                        <httpHeaders>
                           <header name="Content-Type">application/json</header>
                           <header name="Accept">application/json</header>
                        </httpHeaders>
                     </restSimpleBinding>
                  </binding>
                  <output/>
               </action>
               <action category="Resource Access Policy Rule Operations"
                       failOnError="true"
                       forSearch="false"
                       label="CreateResourceAccessPolicyRule"
                       maxRedirects="100"
                       name="CreateResourceAccessPolicyRule"
                       preemptiveAuth="true"
                       responseEncoding="">
                  <description>Create Resource Access Policy Rule. TODO: Add Description</description>
                  <input>
                     <parameter label="Authorization"
                                name="Authorization"
                                nogen="true"
                                required="true"
                                testWith=""
                                type="string"/>
                     <parameter label="Body"
                                name="Body"
                                required="true"
                                testWith=""
                                type="reference">
                        <options>
                           <option name="referenceTo">CreateResourceAccessPolicyRuleRequest</option>
                        </options>
                     </parameter>
                     <parameter label="authorizationServerIdPathParam"
                                name="authorizationServerIdPathParam"
                                nogen="true"
                                required="true"
                                testWith=""
                                type="string"/>
                     <parameter label="policyIdPathParam"
                                name="policyIdPathParam"
                                nogen="true"
                                required="true"
                                testWith=""
                                type="string"/>
                  </input>
                  <binding>
                     <restSimpleBinding multiUsing="semicolonSeparated"
                                        url="http://{$hostName}/api/v1/authorizationServers/{$authorizationServerIdPathParam}/policies/{$policyIdPathParam}/rules"
                                        verb="POST">
                        <httpHeaders>
                           <header name="Content-Type">application/json</header>
                           <header name="Accept">application/json</header>
                           <header name="Authorization">{$Authorization}</header>
                        </httpHeaders>
                        <body generateUsing="UnwrappedJSON" preserveJsonStringFormatting="false"/>
                     </restSimpleBinding>
                  </binding>
                  <output/>
               </action>
               <action category="Resource Access Policy Rule Operations"
                       failOnError="true"
                       forSearch="false"
                       label="ListResourceAccessPolicyRules"
                       maxRedirects="100"
                       name="ListResourceAccessPolicyRules"
                       preemptiveAuth="true"
                       responseEncoding="">
                  <description>List Resource Access Policy Rules. TODO: Add Description</description>
                  <input>
                     <parameter label="Authorization"
                                name="Authorization"
                                nogen="true"
                                required="true"
                                testWith=""
                                type="string"/>
                     <parameter label="authorizationServerIdPathParam"
                                name="authorizationServerIdPathParam"
                                nogen="true"
                                required="true"
                                testWith=""
                                type="string"/>
                     <parameter label="policyIdPathParam"
                                name="policyIdPathParam"
                                nogen="true"
                                required="true"
                                testWith=""
                                type="string"/>
                  </input>
                  <binding>
                     <restSimpleBinding multiUsing="semicolonSeparated"
                                        url="http://{$hostName}/api/v1/authorizationServers/{$authorizationServerIdPathParam}/policies/{$policyIdPathParam}/rules"
                                        verb="GET">
                        <httpHeaders>
                           <header name="Content-Type">application/json</header>
                           <header name="Accept">application/json</header>
                           <header name="Authorization">{$Authorization}</header>
                        </httpHeaders>
                     </restSimpleBinding>
                  </binding>
                  <output/>
               </action>
               <action category="Resource Access Policy Rule Operations"
                       failOnError="true"
                       forSearch="false"
                       label="DeactivateResourceAccessPolicyRule"
                       maxRedirects="100"
                       name="DeactivateResourceAccessPolicyRule"
                       preemptiveAuth="true"
                       responseEncoding="">
                  <description>Deactivate Resource Access Policy Rule. TODO: Add Description</description>
                  <input>
                     <parameter label="Authorization"
                                name="Authorization"
                                nogen="true"
                                required="true"
                                testWith=""
                                type="string"/>
                     <parameter label="authorizationServerIdPathParam"
                                name="authorizationServerIdPathParam"
                                nogen="true"
                                required="true"
                                testWith=""
                                type="string"/>
                     <parameter label="policyIdPathParam"
                                name="policyIdPathParam"
                                nogen="true"
                                required="true"
                                testWith=""
                                type="string"/>
                     <parameter label="ruleIdPathParam"
                                name="ruleIdPathParam"
                                nogen="true"
                                required="true"
                                testWith=""
                                type="string"/>
                  </input>
                  <binding>
                     <restSimpleBinding multiUsing="semicolonSeparated"
                                        url="http://{$hostName}/api/v1/authorizationServers/{$authorizationServerIdPathParam}/policies/{$policyIdPathParam}/rules/{$ruleIdPathParam}/lifecycle/deactivate"
                                        verb="POST">
                        <httpHeaders>
                           <header name="Content-Type">application/json</header>
                           <header name="Accept">application/json</header>
                           <header name="Authorization">{$Authorization}</header>
                        </httpHeaders>
                        <body generateUsing="UnwrappedJSON" preserveJsonStringFormatting="false"/>
                     </restSimpleBinding>
                  </binding>
                  <output/>
               </action>
               <action category="Misc"
                       failOnError="true"
                       forSearch="false"
                       label="RevokeToken"
                       maxRedirects="100"
                       name="RevokeToken"
                       preemptiveAuth="true"
                       responseEncoding="">
                  <description>Revoke Token. TODO: Add Description</description>
                  <input>
                     <parameter label="token"
                                name="token"
                                required="true"
                                testWith=""
                                type="string"/>
                     <parameter label="token_type_hint"
                                name="token_type_hint"
                                required="true"
                                testWith=""
                                type="string"/>
                     <parameter label="authorizationServerIdPathParam"
                                name="authorizationServerIdPathParam"
                                nogen="true"
                                required="true"
                                testWith=""
                                type="string"/>
                  </input>
                  <binding>
                     <restSimpleBinding multiUsing="semicolonSeparated"
                                        url="http://{$hostName}/oauth2/{$authorizationServerIdPathParam}/v1/revoke"
                                        verb="POST">
                        <authentication>
                           <username>{$username}</username>
                           <password>{$password}</password>
                           <isExpressionInPassword>true</isExpressionInPassword>
                        </authentication>
                        <httpHeaders>
                           <header name="Content-Type">application/x-www-form-urlencoded</header>
                           <header name="Accept">application/json</header>
                        </httpHeaders>
                        <body generateUsing="Form"/>
                     </restSimpleBinding>
                  </binding>
                  <output/>
               </action>
               <action category="Misc"
                       failOnError="true"
                       forSearch="false"
                       label="GetUserInfo"
                       maxRedirects="100"
                       name="GetUserInfo"
                       preemptiveAuth="true"
                       responseEncoding="">
                  <description>Get UserInfo. TODO: Add Description</description>
                  <input>
                     <parameter label="Authorization"
                                name="Authorization"
                                nogen="true"
                                required="true"
                                testWith=""
                                type="string"/>
                     <parameter label="authorizationServerIdPathParam"
                                name="authorizationServerIdPathParam"
                                nogen="true"
                                required="true"
                                testWith=""
                                type="string"/>
                  </input>
                  <binding>
                     <restSimpleBinding multiUsing="semicolonSeparated"
                                        url="http://{$hostName}/oauth2/{$authorizationServerIdPathParam}/v1/userinfo"
                                        verb="GET">
                        <httpHeaders>
                           <header name="Content-Type">application/json</header>
                           <header name="Accept">application/json</header>
                           <header name="Authorization">{$Authorization}</header>
                        </httpHeaders>
                     </restSimpleBinding>
                  </binding>
                  <output/>
               </action>
               <action category="Resource Access Policy Operations"
                       failOnError="true"
                       forSearch="false"
                       label="CreateResourceAccessPolicy"
                       maxRedirects="100"
                       name="CreateResourceAccessPolicy"
                       preemptiveAuth="true"
                       responseEncoding="">
                  <description>Create Resource Access Policy. TODO: Add Description</description>
                  <input>
                     <parameter label="Authorization"
                                name="Authorization"
                                nogen="true"
                                required="true"
                                testWith=""
                                type="string"/>
                     <parameter label="Body"
                                name="Body"
                                required="true"
                                testWith=""
                                type="reference">
                        <options>
                           <option name="referenceTo">CreateResourceAccessPolicyRequest</option>
                        </options>
                     </parameter>
                     <parameter label="authorizationServerIdPathParam"
                                name="authorizationServerIdPathParam"
                                nogen="true"
                                required="true"
                                testWith=""
                                type="string"/>
                  </input>
                  <binding>
                     <restSimpleBinding multiUsing="semicolonSeparated"
                                        url="http://{$hostName}/api/v1/authorizationServers/{$authorizationServerIdPathParam}/policies"
                                        verb="POST">
                        <httpHeaders>
                           <header name="Content-Type">application/json</header>
                           <header name="Accept">application/json</header>
                           <header name="Authorization">{$Authorization}</header>
                        </httpHeaders>
                        <body generateUsing="UnwrappedJSON" preserveJsonStringFormatting="false"/>
                     </restSimpleBinding>
                  </binding>
                  <output/>
               </action>
               <action category="Resource Access Policy Operations"
                       failOnError="true"
                       forSearch="false"
                       label="ListResourceAccessPolicies"
                       maxRedirects="100"
                       name="ListResourceAccessPolicies"
                       preemptiveAuth="true"
                       responseEncoding="">
                  <description>List Resource Access Policies. TODO: Add Description</description>
                  <input>
                     <parameter label="Authorization"
                                name="Authorization"
                                nogen="true"
                                required="true"
                                testWith=""
                                type="string"/>
                     <parameter label="authorizationServerIdPathParam"
                                name="authorizationServerIdPathParam"
                                nogen="true"
                                required="true"
                                testWith=""
                                type="string"/>
                  </input>
                  <binding>
                     <restSimpleBinding multiUsing="semicolonSeparated"
                                        url="http://{$hostName}/api/v1/authorizationServers/{$authorizationServerIdPathParam}/policies"
                                        verb="GET">
                        <httpHeaders>
                           <header name="Content-Type">application/json</header>
                           <header name="Accept">application/json</header>
                           <header name="Authorization">{$Authorization}</header>
                        </httpHeaders>
                     </restSimpleBinding>
                  </binding>
                  <output/>
               </action>
               <action category="Credentials Operations"
                       failOnError="true"
                       forSearch="false"
                       label="GetKey"
                       maxRedirects="100"
                       name="GetKey"
                       preemptiveAuth="true"
                       responseEncoding="">
                  <description>Get Key. TODO: Add Description</description>
                  <input>
                     <parameter label="Authorization"
                                name="Authorization"
                                nogen="true"
                                required="true"
                                testWith=""
                                type="string"/>
                     <parameter label="authorizationServerIdPathParam"
                                name="authorizationServerIdPathParam"
                                nogen="true"
                                required="true"
                                testWith=""
                                type="string"/>
                     <parameter label="keyIdPathParam"
                                name="keyIdPathParam"
                                nogen="true"
                                required="true"
                                testWith=""
                                type="string"/>
                  </input>
                  <binding>
                     <restSimpleBinding multiUsing="semicolonSeparated"
                                        url="http://{$hostName}/api/v1/authorizationServers/{$authorizationServerIdPathParam}/credentials/keys/{$keyIdPathParam}"
                                        verb="GET">
                        <httpHeaders>
                           <header name="Content-Type">application/json</header>
                           <header name="Accept">application/json</header>
                           <header name="Authorization">{$Authorization}</header>
                        </httpHeaders>
                     </restSimpleBinding>
                  </binding>
                  <output/>
               </action>
               <action category="Credentials Operations"
                       failOnError="true"
                       forSearch="false"
                       label="RotateKeys"
                       maxRedirects="100"
                       name="RotateKeys"
                       preemptiveAuth="true"
                       responseEncoding="">
                  <description>Rotate Keys. TODO: Add Description</description>
                  <input>
                     <parameter label="Authorization"
                                name="Authorization"
                                nogen="true"
                                required="true"
                                testWith=""
                                type="string"/>
                     <parameter label="Body"
                                name="Body"
                                required="true"
                                testWith=""
                                type="reference">
                        <options>
                           <option name="referenceTo">RotateKeysRequest</option>
                        </options>
                     </parameter>
                     <parameter label="authorizationServerIdPathParam"
                                name="authorizationServerIdPathParam"
                                nogen="true"
                                required="true"
                                testWith=""
                                type="string"/>
                  </input>
                  <binding>
                     <restSimpleBinding multiUsing="semicolonSeparated"
                                        url="http://{$hostName}/api/v1/authorizationServers/{$authorizationServerIdPathParam}/credentials/lifecycle/keyRotate"
                                        verb="POST">
                        <httpHeaders>
                           <header name="Content-Type">application/json</header>
                           <header name="Accept">application/json</header>
                           <header name="Authorization">{$Authorization}</header>
                        </httpHeaders>
                        <body generateUsing="UnwrappedJSON" preserveJsonStringFormatting="false"/>
                     </restSimpleBinding>
                  </binding>
                  <output/>
               </action>
               <action category="Misc"
                       failOnError="true"
                       forSearch="false"
                       label="IntrospectToken"
                       maxRedirects="100"
                       name="IntrospectToken"
                       preemptiveAuth="true"
                       responseEncoding="">
                  <description>Introspect Token. TODO: Add Description</description>
                  <input>
                     <parameter label="token"
                                name="token"
                                required="true"
                                testWith=""
                                type="string"/>
                     <parameter label="token_type_hint"
                                name="token_type_hint"
                                required="true"
                                testWith=""
                                type="string"/>
                     <parameter label="authorizationServerIdPathParam"
                                name="authorizationServerIdPathParam"
                                nogen="true"
                                required="true"
                                testWith=""
                                type="string"/>
                  </input>
                  <binding>
                     <restSimpleBinding multiUsing="semicolonSeparated"
                                        url="http://{$hostName}/oauth2/{$authorizationServerIdPathParam}/v1/introspect"
                                        verb="POST">
                        <authentication>
                           <username>{$username}</username>
                           <password>{$password}</password>
                           <isExpressionInPassword>true</isExpressionInPassword>
                        </authentication>
                        <httpHeaders>
                           <header name="Content-Type">application/x-www-form-urlencoded</header>
                           <header name="Accept">application/json</header>
                        </httpHeaders>
                        <body generateUsing="Form"/>
                     </restSimpleBinding>
                  </binding>
                  <output/>
               </action>
            </actions>
            <objects>
               <processObject xmlns="http://schemas.active-endpoints.com/appmodules/screenflow/2011/06/avosHostEnvironment.xsd"
                              isByCopy="true"
                              name="CreateResourceAccessPolicyRequest">
                  <description/>
                  <detail>
                     <field name="name" type="string"/>
                     <field name="description" type="string"/>
                     <field name="type" type="string"/>
                     <field name="priority" type="int"/>
                     <field name="conditions" type="reference">
                        <options>
                           <option name="referenceTo">Conditions2</option>
                           <option name="relationshipName">Child</option>
                        </options>
                     </field>
                     <field name="status" type="string"/>
                  </detail>
               </processObject>
               <processObject xmlns="http://schemas.active-endpoints.com/appmodules/screenflow/2011/06/avosHostEnvironment.xsd"
                              isByCopy="true"
                              name="CreateResourceAccessPolicyRuleRequest">
                  <description/>
                  <detail>
                     <field name="name" type="string"/>
                     <field name="type" type="string"/>
                     <field name="priority" type="int"/>
                     <field name="conditions" type="reference">
                        <options>
                           <option name="referenceTo">Conditions4</option>
                           <option name="relationshipName">Child</option>
                        </options>
                     </field>
                     <field name="actions" type="reference">
                        <options>
                           <option name="referenceTo">Actions</option>
                           <option name="relationshipName">Child</option>
                        </options>
                     </field>
                     <field name="status" type="string"/>
                  </detail>
               </processObject>
               <processObject xmlns="http://schemas.active-endpoints.com/appmodules/screenflow/2011/06/avosHostEnvironment.xsd"
                              isByCopy="true"
                              name="UpdateResourceAccessPolicyRuleRequest">
                  <description/>
                  <detail>
                     <field name="name" type="string"/>
                     <field name="type" type="string"/>
                     <field name="priority" type="int"/>
                     <field name="conditions" type="reference">
                        <options>
                           <option name="referenceTo">Conditions4</option>
                           <option name="relationshipName">Child</option>
                        </options>
                     </field>
                     <field name="actions" type="reference">
                        <options>
                           <option name="referenceTo">Actions</option>
                           <option name="relationshipName">Child</option>
                        </options>
                     </field>
                     <field name="status" type="string"/>
                  </detail>
               </processObject>
               <processObject xmlns="http://schemas.active-endpoints.com/appmodules/screenflow/2011/06/avosHostEnvironment.xsd"
                              isByCopy="true"
                              name="Actions">
                  <description/>
                  <detail>
                     <field name="token" type="reference">
                        <options>
                           <option name="referenceTo">Token</option>
                           <option name="relationshipName">Child</option>
                        </options>
                     </field>
                  </detail>
               </processObject>
               <processObject xmlns="http://schemas.active-endpoints.com/appmodules/screenflow/2011/06/avosHostEnvironment.xsd"
                              isByCopy="true"
                              name="People">
                  <description/>
                  <detail>
                     <field name="groups" type="reference">
                        <options>
                           <option name="referenceTo">Groups</option>
                           <option name="relationshipName">Child</option>
                        </options>
                     </field>
                  </detail>
               </processObject>
               <processObject xmlns="http://schemas.active-endpoints.com/appmodules/screenflow/2011/06/avosHostEnvironment.xsd"
                              isByCopy="true"
                              name="UpdateOAuth2ScopeRequest">
                  <description/>
                  <detail>
                     <field name="name" type="string"/>
                     <field name="description" type="string"/>
                  </detail>
               </processObject>
               <processObject xmlns="http://schemas.active-endpoints.com/appmodules/screenflow/2011/06/avosHostEnvironment.xsd"
                              isByCopy="true"
                              name="Token">
                  <description/>
                  <detail>
                     <field name="refreshTokenWindowMinutes" type="int"/>
                     <field name="accessTokenLifetimeMinutes" type="int"/>
                     <field name="refreshTokenLifetimeMinutes" type="int"/>
                  </detail>
               </processObject>
               <processObject xmlns="http://schemas.active-endpoints.com/appmodules/screenflow/2011/06/avosHostEnvironment.xsd"
                              isByCopy="true"
                              name="Clients">
                  <description/>
                  <detail>
                     <field name="include" type="objectlist">
                        <options>
                           <option name="referenceTo">string</option>
                           <option name="relationshipName">Child</option>
                        </options>
                     </field>
                  </detail>
               </processObject>
               <processObject xmlns="http://schemas.active-endpoints.com/appmodules/screenflow/2011/06/avosHostEnvironment.xsd"
                              isByCopy="true"
                              name="UpdateResourceAccessPolicyRequest">
                  <description/>
                  <detail>
                     <field name="name" type="string"/>
                     <field name="description" type="string"/>
                     <field name="type" type="string"/>
                     <field name="priority" type="int"/>
                     <field name="conditions" type="reference">
                        <options>
                           <option name="referenceTo">Conditions2</option>
                           <option name="relationshipName">Child</option>
                        </options>
                     </field>
                     <field name="status" type="string"/>
                  </detail>
               </processObject>
               <processObject xmlns="http://schemas.active-endpoints.com/appmodules/screenflow/2011/06/avosHostEnvironment.xsd"
                              isByCopy="true"
                              name="Conditions">
                  <description/>
                  <detail>
                     <field name="scopes" type="objectlist">
                        <options>
                           <option name="referenceTo">string</option>
                           <option name="relationshipName">Child</option>
                        </options>
                     </field>
                  </detail>
               </processObject>
               <processObject xmlns="http://schemas.active-endpoints.com/appmodules/screenflow/2011/06/avosHostEnvironment.xsd"
                              isByCopy="true"
                              name="CreateOAuth2ScopeRequest">
                  <description/>
                  <detail>
                     <field name="name" type="string"/>
                     <field name="description" type="string"/>
                  </detail>
               </processObject>
               <processObject xmlns="http://schemas.active-endpoints.com/appmodules/screenflow/2011/06/avosHostEnvironment.xsd"
                              isByCopy="true"
                              name="Conditions4">
                  <description/>
                  <detail>
                     <field name="grantTypes" type="reference">
                        <options>
                           <option name="referenceTo">GrantTypes</option>
                           <option name="relationshipName">Child</option>
                        </options>
                     </field>
                     <field name="scopes" type="reference">
                        <options>
                           <option name="referenceTo">Scopes</option>
                           <option name="relationshipName">Child</option>
                        </options>
                     </field>
                     <field name="people" type="reference">
                        <options>
                           <option name="referenceTo">People</option>
                           <option name="relationshipName">Child</option>
                        </options>
                     </field>
                  </detail>
               </processObject>
               <processObject xmlns="http://schemas.active-endpoints.com/appmodules/screenflow/2011/06/avosHostEnvironment.xsd"
                              isByCopy="true"
                              name="CreateOAuth2ClaimRequest">
                  <description/>
                  <detail>
                     <field name="claimType" type="string"/>
                     <field name="valueType" type="string"/>
                     <field name="name" type="string"/>
                     <field name="conditions" type="reference">
                        <options>
                           <option name="referenceTo">Conditions</option>
                           <option name="relationshipName">Child</option>
                        </options>
                     </field>
                     <field name="value" type="string"/>
                     <field name="status" type="string"/>
                  </detail>
               </processObject>
               <processObject xmlns="http://schemas.active-endpoints.com/appmodules/screenflow/2011/06/avosHostEnvironment.xsd"
                              isByCopy="true"
                              name="RotateKeysRequest">
                  <description/>
                  <detail>
                     <field name="use" type="string"/>
                  </detail>
               </processObject>
               <processObject xmlns="http://schemas.active-endpoints.com/appmodules/screenflow/2011/06/avosHostEnvironment.xsd"
                              isByCopy="true"
                              name="Conditions2">
                  <description/>
                  <detail>
                     <field name="clients" type="reference">
                        <options>
                           <option name="referenceTo">Clients</option>
                           <option name="relationshipName">Child</option>
                        </options>
                     </field>
                  </detail>
               </processObject>
               <processObject xmlns="http://schemas.active-endpoints.com/appmodules/screenflow/2011/06/avosHostEnvironment.xsd"
                              isByCopy="true"
                              name="Groups">
                  <description/>
                  <detail>
                     <field name="include" type="objectlist">
                        <options>
                           <option name="referenceTo">string</option>
                           <option name="relationshipName">Child</option>
                        </options>
                     </field>
                  </detail>
               </processObject>
               <processObject xmlns="http://schemas.active-endpoints.com/appmodules/screenflow/2011/06/avosHostEnvironment.xsd"
                              isByCopy="true"
                              name="Scopes">
                  <description/>
                  <detail>
                     <field name="include" type="objectlist">
                        <options>
                           <option name="referenceTo">string</option>
                           <option name="relationshipName">Child</option>
                        </options>
                     </field>
                  </detail>
               </processObject>
               <processObject xmlns="http://schemas.active-endpoints.com/appmodules/screenflow/2011/06/avosHostEnvironment.xsd"
                              isByCopy="true"
                              name="UpdateOAuth2ClaimRequest">
                  <description/>
                  <detail>
                     <field name="claimType" type="string"/>
                     <field name="valueType" type="string"/>
                     <field name="name" type="string"/>
                     <field name="conditions" type="reference">
                        <options>
                           <option name="referenceTo">Conditions</option>
                           <option name="relationshipName">Child</option>
                        </options>
                     </field>
                     <field name="value" type="string"/>
                     <field name="status" type="string"/>
                  </detail>
               </processObject>
               <processObject xmlns="http://schemas.active-endpoints.com/appmodules/screenflow/2011/06/avosHostEnvironment.xsd"
                              isByCopy="true"
                              name="GrantTypes">
                  <description/>
                  <detail>
                     <field name="include" type="objectlist">
                        <options>
                           <option name="referenceTo">string</option>
                           <option name="relationshipName">Child</option>
                        </options>
                     </field>
                  </detail>
               </processObject>
               <processObject xmlns="http://schemas.active-endpoints.com/appmodules/screenflow/2011/06/avosHostEnvironment.xsd"
                              isByCopy="true"
                              name="string">
                  <description/>
                  <detail>
                     <field name="string" type="string"/>
                  </detail>
               </processObject>
               <processObject xmlns="http://schemas.active-endpoints.com/appmodules/screenflow/2011/06/avosHostEnvironment.xsd"
                              isByCopy="true"
                              name="boolean">
                  <description/>
                  <detail>
                     <field name="boolean" type="boolean"/>
                  </detail>
               </processObject>
               <processObject xmlns="http://schemas.active-endpoints.com/appmodules/screenflow/2011/06/avosHostEnvironment.xsd"
                              isByCopy="true"
                              name="double">
                  <description/>
                  <detail>
                     <field name="double" type="double"/>
                  </detail>
               </processObject>
               <processObject xmlns="http://schemas.active-endpoints.com/appmodules/screenflow/2011/06/avosHostEnvironment.xsd"
                              isByCopy="true"
                              name="integer">
                  <description/>
                  <detail>
                     <field name="integer" type="int"/>
                  </detail>
               </processObject>
            </objects>
         </businessConnector>
      </types1:Entry>
      <types1:GUID>6T5E57sraeZcwHf6m7ZWsV</types1:GUID>
      <types1:DisplayName>Okta API Access Management REST API v1</types1:DisplayName>
   </types1:Item>
   <types1:CurrentServerDateTime>2020-01-02T06:36:15.092Z</types1:CurrentServerDateTime>
</aetgt:getResponse>
