{"EntryId":{"$t":"kgbdoPVm5Y6tMFy-gt-414054-2018-10-12T20:12:50.176Z::conn.xml"},"Name":{"$t":"Git-Contents-API-actions"},"ParentFlowIds":{"$t":"QzqbdpIO3M4WwOC-gt-299231-2018-10-12T20:12:50.68Z::pd.xml,KduDppppppppppp-gt-299221-2018-10-12T20:12:50.592Z::pd.xml"},"MimeType":{"$t":"application\/xml+connection"},"Description":{"$t":"This points to the \"demo\" repository, not the Informatica-Cloud-Application-Integration one. To have a cleaner source\/target for documentation."},"AppliesTo":{},"Tags":{},"VersionLabel":{"$t":"1.0"},"State":{"$t":"CURRENT"},"ProcessGroup":{},"CreatedBy":{"$t":"gstasko@UW-POC.edu"},"CreationDate":{"$t":"2018-10-12T20:12:50Z"},"ModifiedBy":{},"PublicationStatus":{"$t":"unpublished"},"AutosaveExists":{"$t":"false"},"Entry":{"connection":{"displayName":"Git-Contents-API-actions","label":"Git-Contents-API-actions","name":"Git-Contents-API-actions","xmlns":"http:\/\/schemas.informatica.com\/socrates\/data-services\/2014\/04\/avosConnections.xsd","xmlns$aetgt":"http:\/\/schemas.active-endpoints.com\/appmodules\/repository\/2010\/10\/avrepository.xsd","description":{"$t":"This points to the \"demo\" repository, not the Informatica-Cloud-Application-Integration one. To have a cleaner source\/target for documentation."},"tags":{},"agent":{},"attributes":{"attribute":[{"encrypted":"false","name":"username","value":""},{"encrypted":"false","name":"password","value":""},{"encrypted":"false","name":"baseURL","value":""},{"encrypted":"false","name":"owner","value":""},{"encrypted":"false","name":"repo","value":""},{"encrypted":"false","name":"branch","value":""}]},"businessConnector":{"agentOnly":"false","connectorPath":"project:\/rt.connector\/Git_Contents_API\/Git_Contents_API_svcDef.xml","name":"Git_Contents_API","supportsConnectionTest":"false","uuid":"516eedb8-1d47-46a1-bbaa-8a74613884e3","xmlns":"http:\/\/schemas.informatica.com\/appmodules\/screenflow\/2014\/04\/avosConnectors.xsd","description":{"$t":"This service connectors provides actions for Git Contents API. Refer https:\/\/developer.github.com\/v3\/repos\/contents\/"}}}},"GUID":{"$t":"4BHOi0knIZOhGoKqlPrQql"},"DisplayName":{"$t":"Git-Contents-API-actions"}}