<aetgt:getResponse xmlns:aetgt="http://schemas.active-endpoints.com/appmodules/repository/2010/10/avrepository.xsd"
                   xmlns:types1="http://schemas.active-endpoints.com/appmodules/repository/2010/10/avrepository.xsd">
   <types1:Item>
      <types1:EntryId>lBghNf4TsrT2htg-gt-242296-2018-10-14T20:57:25.18Z::conn.xml</types1:EntryId>
      <types1:Name>Git-Contents-API-actions</types1:Name>
      <types1:ParentFlowIds>fQtvTxhFdw8jIw8-gt-10036-2018-10-14T20:57:26.082Z::pd.xml,0RbeMVX3cjk91pq-gt-10026-2018-10-14T20:57:25.998Z::pd.xml</types1:ParentFlowIds>
      <types1:MimeType>application/xml+connection</types1:MimeType>
      <types1:Description>This points to the "demo" repository, not the Informatica-Cloud-Application-Integration one. To have a cleaner source/target for documentation.</types1:Description>
      <types1:AppliesTo/>
      <types1:Tags/>
      <types1:VersionLabel>1.0</types1:VersionLabel>
      <types1:State>CURRENT</types1:State>
      <types1:ProcessGroup/>
      <types1:CreatedBy>freddielabtest</types1:CreatedBy>
      <types1:CreationDate>2018-10-14T20:57:25Z</types1:CreationDate>
      <types1:ModifiedBy/>
      <types1:PublicationStatus>unpublished</types1:PublicationStatus>
      <types1:AutosaveExists>false</types1:AutosaveExists>
      <types1:Entry>
         <connection xmlns="http://schemas.informatica.com/socrates/data-services/2014/04/avosConnections.xsd"
                     displayName="Git-Contents-API-actions"
                     label="Git-Contents-API-actions"
                     name="Git-Contents-API-actions">
            <description>This points to the "demo" repository, not the Informatica-Cloud-Application-Integration one. To have a cleaner source/target for documentation.</description>
            <tags/>
            <agent/>
            <attributes>
               <attribute encrypted="false" name="username" value=""/>
               <attribute encrypted="false" name="password" value=""/>
               <attribute encrypted="false" name="baseURL" value=""/>
               <attribute encrypted="false" name="owner" value=""/>
               <attribute encrypted="false" name="repo" value=""/>
               <attribute encrypted="false" name="branch" value=""/>
            </attributes>
            <businessConnector xmlns="http://schemas.informatica.com/appmodules/screenflow/2014/04/avosConnectors.xsd"
                               agentOnly="false"
                               connectorPath="project:/rt.connector/Git_Contents_API/Git_Contents_API_svcDef.xml"
                               name="Git_Contents_API"
                               supportsConnectionTest="false"
                               uuid="516eedb8-1d47-46a1-bbaa-8a74613884e3">
               <description>This service connectors provides actions for Git Contents API. Refer https://developer.github.com/v3/repos/contents/</description>
            </businessConnector>
         </connection>
      </types1:Entry>
      <types1:GUID>79riOuVhXKrbHONOW4aUGa</types1:GUID>
      <types1:DisplayName>Git-Contents-API-actions</types1:DisplayName>
   </types1:Item>
   <types1:CurrentServerDateTime>2018-10-14T20:58:49.65Z</types1:CurrentServerDateTime>
</aetgt:getResponse>
