<aetgt:getResponse xmlns:aetgt="http://schemas.active-endpoints.com/appmodules/repository/2010/10/avrepository.xsd"
                   xmlns:types1="http://schemas.active-endpoints.com/appmodules/repository/2010/10/avrepository.xsd">
   <types1:Item>
      <types1:EntryId>LFJ2oTVMTonQYWe-gt-124158-2018-10-15T02:02:36.042Z::conn.xml</types1:EntryId>
      <types1:Name>Git-Contents-API-actions</types1:Name>
      <types1:ParentFlowIds>Pk7HNCnchKGXShO-gt-17119-2018-10-15T02:02:36.721Z::pd.xml,wInRpB7O2htghGZ-gt-17129-2018-10-15T02:02:36.81Z::pd.xml</types1:ParentFlowIds>
      <types1:MimeType>application/xml+connection</types1:MimeType>
      <types1:Description/>
      <types1:AppliesTo/>
      <types1:Tags/>
      <types1:VersionLabel>1.0</types1:VersionLabel>
      <types1:State>CURRENT</types1:State>
      <types1:ProcessGroup/>
      <types1:CreatedBy>freddielabtest</types1:CreatedBy>
      <types1:CreationDate>2018-10-15T02:02:36Z</types1:CreationDate>
      <types1:ModifiedBy>freddielabtest</types1:ModifiedBy>
      <types1:ModificationDate>2018-10-15T02:03:23Z</types1:ModificationDate>
      <types1:PublicationStatus>unpublished</types1:PublicationStatus>
      <types1:AutosaveExists>false</types1:AutosaveExists>
      <types1:Entry>
         <connection xmlns="http://schemas.informatica.com/socrates/data-services/2014/04/avosConnections.xsd"
                     displayName="Git-Contents-API-actions"
                     label="Git-Contents-API-actions"
                     name="Git-Contents-API-actions">
            <description/>
            <tags/>
            <agent/>
            <attributes/>
         </connection>
      </types1:Entry>
      <types1:GUID>5wjQFAEHFVtbRZVcbcANKO</types1:GUID>
      <types1:DisplayName>Git-Contents-API-actions</types1:DisplayName>
   </types1:Item>
   <types1:CurrentServerDateTime>2018-10-15T02:05:34.482Z</types1:CurrentServerDateTime>
</aetgt:getResponse>
