<aetgt:getResponse xmlns:aetgt="http://schemas.active-endpoints.com/appmodules/repository/2010/10/avrepository.xsd"
                   xmlns:types1="http://schemas.active-endpoints.com/appmodules/repository/2010/10/avrepository.xsd">
   <types1:Item>
      <types1:EntryId>DAOi6X4ZnchKGXS-gt-242323-2018-10-14T20:57:25.473Z::conn.xml</types1:EntryId>
      <types1:Name>IICS-REST-API-actions</types1:Name>
      <types1:ParentFlowIds>fQtvTxhFdw8jIw8-gt-10036-2018-10-14T20:57:26.082Z::pd.xml,0RbeMVX3cjk91pq-gt-10026-2018-10-14T20:57:25.998Z::pd.xml</types1:ParentFlowIds>
      <types1:MimeType>application/xml+connection</types1:MimeType>
      <types1:Description/>
      <types1:AppliesTo/>
      <types1:Tags/>
      <types1:VersionLabel>1.0</types1:VersionLabel>
      <types1:State>CURRENT</types1:State>
      <types1:ProcessGroup/>
      <types1:CreatedBy>freddielabtest</types1:CreatedBy>
      <types1:CreationDate>2018-10-14T20:57:25Z</types1:CreationDate>
      <types1:ModifiedBy/>
      <types1:PublicationStatus>unpublished</types1:PublicationStatus>
      <types1:AutosaveExists>false</types1:AutosaveExists>
      <types1:Entry>
         <connection xmlns="http://schemas.informatica.com/socrates/data-services/2014/04/avosConnections.xsd"
                     displayName="IICS-REST-API-actions"
                     label="IICS-REST-API-actions"
                     name="IICS-REST-API-actions">
            <description/>
            <tags/>
            <agent/>
            <attributes/>
            <businessConnector xmlns="http://schemas.informatica.com/appmodules/screenflow/2014/04/avosConnectors.xsd"
                               agentOnly="false"
                               connectorPath="project:/rt.connector/IICS_REST_API/IICS_REST_API_svcDef.xml"
                               name="IICS_REST_API"
                               supportsConnectionTest="false"
                               uuid="d7548bc0-06f3-49dd-a1d3-19f011e362d4">
               <description>This service defines actions to connect to IICS through REST API</description>
            </businessConnector>
         </connection>
      </types1:Entry>
      <types1:GUID>5QI1N0eVnWRdasION5DIOs</types1:GUID>
      <types1:DisplayName>IICS-REST-API-actions</types1:DisplayName>
   </types1:Item>
   <types1:CurrentServerDateTime>2018-10-14T20:58:49.666Z</types1:CurrentServerDateTime>
</aetgt:getResponse>
