{"EntryId":{"$t":"0n5hA7vNljLYqBG-gt-414038-2018-10-12T20:12:49.996Z::conn.xml"},"Name":{"$t":"IICS-REST-API-actions"},"ParentFlowIds":{"$t":"QzqbdpIO3M4WwOC-gt-299231-2018-10-12T20:12:50.68Z::pd.xml,KduDppppppppppp-gt-299221-2018-10-12T20:12:50.592Z::pd.xml"},"MimeType":{"$t":"application\/xml+connection"},"Description":{},"AppliesTo":{},"Tags":{},"VersionLabel":{"$t":"1.0"},"State":{"$t":"CURRENT"},"ProcessGroup":{},"CreatedBy":{"$t":"gstasko@UW-POC.edu"},"CreationDate":{"$t":"2018-10-12T20:12:50Z"},"ModifiedBy":{},"PublicationStatus":{"$t":"unpublished"},"AutosaveExists":{"$t":"false"},"Entry":{"connection":{"displayName":"IICS-REST-API-actions","label":"IICS-REST-API-actions","name":"IICS-REST-API-actions","xmlns":"http:\/\/schemas.informatica.com\/socrates\/data-services\/2014\/04\/avosConnections.xsd","xmlns$aetgt":"http:\/\/schemas.active-endpoints.com\/appmodules\/repository\/2010\/10\/avrepository.xsd","description":{},"tags":{},"agent":{},"attributes":{},"businessConnector":{"agentOnly":"false","connectorPath":"project:\/rt.connector\/IICS_REST_API\/IICS_REST_API_svcDef.xml","name":"IICS_REST_API","supportsConnectionTest":"false","uuid":"d7548bc0-06f3-49dd-a1d3-19f011e362d4","xmlns":"http:\/\/schemas.informatica.com\/appmodules\/screenflow\/2014\/04\/avosConnectors.xsd","description":{"$t":"This service defines actions to connect to IICS through REST API"}}}},"GUID":{"$t":"7G3ggEM4Q2LbQp9RPv3ey1"},"DisplayName":{"$t":"IICS-REST-API-actions"}}