<aetgt:getResponse xmlns:aetgt="http://schemas.active-endpoints.com/appmodules/repository/2010/10/avrepository.xsd"
                   xmlns:types1="http://schemas.active-endpoints.com/appmodules/repository/2010/10/avrepository.xsd">
   <types1:Item>
      <types1:EntryId>mi3wOLIFvukNXHV-gt-3244789-2019-01-24T00:42:20.203Z::svc.xml</types1:EntryId>
      <types1:Name>Concur_Receipts_API_v3</types1:Name>
      <types1:MimeType>application/xml+businesssconnector</types1:MimeType>
      <types1:Description/>
      <types1:AppliesTo/>
      <types1:Tags/>
      <types1:VersionLabel>1.0</types1:VersionLabel>
      <types1:State>CURRENT</types1:State>
      <types1:ProcessGroup/>
      <types1:CreatedBy>sorabh@na1.dm-us.org</types1:CreatedBy>
      <types1:CreationDate>2019-01-24T00:42:20Z</types1:CreationDate>
      <types1:ModifiedBy/>
      <types1:PublicationStatus>published</types1:PublicationStatus>
      <types1:PublishedBy>sorabh@na1.dm-us.org</types1:PublishedBy>
      <types1:PublicationDate>2019-01-24T00:42:26Z</types1:PublicationDate>
      <types1:PublishedContributionId>project:/rt.connector/Concur_Receipts_API_v3/Concur_Receipts_API_v3_svcDef.xml</types1:PublishedContributionId>
      <types1:AutosaveExists>false</types1:AutosaveExists>
      <types1:Entry>
         <businessConnector xmlns="http://schemas.informatica.com/socrates/data-services/2014/05/business-connector-model.xsd"
                            agentOnly="false"
                            debug="false"
                            displayName="Concur Receipts API v3"
                            label=""
                            name="Concur_Receipts_API_v3"
                            uuid="cea855e9-e26e-416b-81b5-fcf81782e9c6">
            <description/>
            <tags/>
            <connectionAttributes xmlns="http://schemas.informatica.com/appmodules/screenflow/2014/04/avosConnectors.xsd">
               <connectionAttribute description="Host Name"
                                    masked="false"
                                    name="hostName"
                                    required="true"
                                    testWith="www.concursolutions.com"
                                    type="string"/>
            </connectionAttributes>
            <actions>
               <action category="Resources"
                       failOnError="true"
                       forSearch="false"
                       label="POST_common_receipts"
                       maxRedirects="100"
                       name="POST_common_receipts"
                       preemptiveAuth="true"
                       responseEncoding="">
                  <description>Create a new receipt entry. Creates a new receipt entry. This operation enables a provider company to post receipts to Concur.</description>
                  <input>
                     <parameter description="The Receipt object to create."
                                label="content"
                                name="content"
                                required="true"
                                testWith=""
                                type="reference">
                        <options>
                           <option name="referenceTo">ReceiptPost</option>
                        </options>
                     </parameter>
                  </input>
                  <binding>
                     <restSimpleBinding multiUsing="semicolonSeparated"
                                        url="https://{$hostName}/api/v3.0/common/receipts"
                                        verb="POST">
                        <httpHeaders>
                           <header name="Content-Type">application/json</header>
                           <header name="Accept">application/json</header>
                        </httpHeaders>
                        <body generateUsing="UnwrappedJSON" preserveJsonStringFormatting="false"/>
                     </restSimpleBinding>
                  </binding>
                  <output>
                     <field description="Success"
                            entireResponse="true"
                            name="CreateResponse"
                            type="reference">
                        <options>
                           <option name="referenceTo">CreateResponse</option>
                        </options>
                     </field>
                  </output>
               </action>
            </actions>
            <objects>
               <processObject xmlns="http://schemas.active-endpoints.com/appmodules/screenflow/2011/06/avosHostEnvironment.xsd"
                              isByCopy="true"
                              name="CreateResponse">
                  <description/>
                  <detail>
                     <field name="ID" type="string"/>
                     <field name="URI" type="string"/>
                  </detail>
               </processObject>
               <processObject xmlns="http://schemas.active-endpoints.com/appmodules/screenflow/2011/06/avosHostEnvironment.xsd"
                              isByCopy="true"
                              name="ReceiptPost">
                  <description/>
                  <detail>
                     <field name="Amount" type="double"/>
                     <field name="FormofPaymentCode" type="string"/>
                     <field name="PaymentCard" type="reference">
                        <options>
                           <option name="referenceTo">PaymentCard</option>
                           <option name="relationshipName">Child</option>
                        </options>
                     </field>
                     <field name="TransactionDateTime" type="datetime"/>
                     <field name="ImageBase64" type="string"/>
                     <field name="CurrencyCode" type="string"/>
                     <field name="CustomFields" type="reference">
                        <options>
                           <option name="referenceTo">CustomField</option>
                           <option name="relationshipName">Child</option>
                        </options>
                     </field>
                     <field name="Type" type="string"/>
                     <field name="Merchant" type="reference">
                        <options>
                           <option name="referenceTo">Merchant</option>
                           <option name="relationshipName">Child</option>
                        </options>
                     </field>
                     <field name="HotelDetail" type="reference">
                        <options>
                           <option name="referenceTo">HotelDetail</option>
                           <option name="relationshipName">Child</option>
                        </options>
                     </field>
                     <field name="MatchingFact" type="reference">
                        <options>
                           <option name="referenceTo">MatchingFact</option>
                           <option name="relationshipName">Child</option>
                        </options>
                     </field>
                     <field name="RideDetail" type="reference">
                        <options>
                           <option name="referenceTo">RideDetail</option>
                           <option name="relationshipName">Child</option>
                        </options>
                     </field>
                     <field name="GeneralDetail" type="reference">
                        <options>
                           <option name="referenceTo">GeneralDetail</option>
                           <option name="relationshipName">Child</option>
                        </options>
                     </field>
                  </detail>
               </processObject>
               <processObject xmlns="http://schemas.active-endpoints.com/appmodules/screenflow/2011/06/avosHostEnvironment.xsd"
                              isByCopy="true"
                              name="PaymentCard">
                  <description/>
                  <detail>
                     <field name="AuthorizationCode" type="string"/>
                     <field name="Type" type="string"/>
                     <field name="MaskedNumber" type="string"/>
                  </detail>
               </processObject>
               <processObject xmlns="http://schemas.active-endpoints.com/appmodules/screenflow/2011/06/avosHostEnvironment.xsd"
                              isByCopy="true"
                              name="LineItem">
                  <description/>
                  <detail>
                     <field name="Description2" type="string"/>
                     <field name="Description" type="string"/>
                     <field name="Rate" type="double"/>
                     <field name="Reference" type="string"/>
                     <field name="Amount" type="double"/>
                     <field name="SequenceNumber" type="int"/>
                     <field name="Quantity" type="int"/>
                     <field name="RateType" type="string"/>
                     <field name="Date" type="datetime"/>
                  </detail>
               </processObject>
               <processObject xmlns="http://schemas.active-endpoints.com/appmodules/screenflow/2011/06/avosHostEnvironment.xsd"
                              isByCopy="true"
                              name="Decimal">
                  <description/>
                  <detail/>
               </processObject>
               <processObject xmlns="http://schemas.active-endpoints.com/appmodules/screenflow/2011/06/avosHostEnvironment.xsd"
                              isByCopy="true"
                              name="Merchant">
                  <description/>
                  <detail>
                     <field name="Name" type="string"/>
                     <field name="Location" type="reference">
                        <options>
                           <option name="referenceTo">Location</option>
                           <option name="relationshipName">Child</option>
                        </options>
                     </field>
                  </detail>
               </processObject>
               <processObject xmlns="http://schemas.active-endpoints.com/appmodules/screenflow/2011/06/avosHostEnvironment.xsd"
                              isByCopy="true"
                              name="HotelDetail">
                  <description/>
                  <detail>
                     <field name="LineItems" type="reference">
                        <options>
                           <option name="referenceTo">LineItem</option>
                           <option name="relationshipName">Child</option>
                        </options>
                     </field>
                     <field name="AverageDailyRoomRate" type="double"/>
                     <field name="RatePlanType" type="string"/>
                     <field name="RoomType" type="string"/>
                     <field name="CheckinDateTime" type="datetime"/>
                     <field name="NumberInParty" type="int"/>
                     <field name="GNR" type="string"/>
                     <field name="RoomNumber" type="string"/>
                     <field name="CheckoutDateTime" type="datetime"/>
                     <field name="ConfirmationNumber" type="string"/>
                  </detail>
               </processObject>
               <processObject xmlns="http://schemas.active-endpoints.com/appmodules/screenflow/2011/06/avosHostEnvironment.xsd"
                              isByCopy="true"
                              name="MatchingFact">
                  <description/>
                  <detail>
                     <field name="Type" type="string"/>
                     <field name="Value" type="string"/>
                  </detail>
               </processObject>
               <processObject xmlns="http://schemas.active-endpoints.com/appmodules/screenflow/2011/06/avosHostEnvironment.xsd"
                              isByCopy="true"
                              name="Nullable_1">
                  <description/>
                  <detail>
                     <field name="Value" type="reference">
                        <options>
                           <option name="referenceTo">Decimal</option>
                           <option name="relationshipName">Child</option>
                        </options>
                     </field>
                     <field name="HasValue" type="boolean"/>
                  </detail>
               </processObject>
               <processObject xmlns="http://schemas.active-endpoints.com/appmodules/screenflow/2011/06/avosHostEnvironment.xsd"
                              isByCopy="true"
                              name="CustomField">
                  <description/>
                  <detail>
                     <field name="Value" type="string"/>
                     <field name="Name" type="string"/>
                  </detail>
               </processObject>
               <processObject xmlns="http://schemas.active-endpoints.com/appmodules/screenflow/2011/06/avosHostEnvironment.xsd"
                              isByCopy="true"
                              name="RideDetail">
                  <description/>
                  <detail>
                     <field name="LineItems" type="reference">
                        <options>
                           <option name="referenceTo">LineItem</option>
                           <option name="relationshipName">Child</option>
                        </options>
                     </field>
                     <field name="DropoffLongitude" type="double"/>
                     <field name="StartDateTime" type="datetime"/>
                     <field name="EndDateTime" type="datetime"/>
                     <field name="DropoffLatitude" type="double"/>
                     <field name="DriverName" type="string"/>
                     <field name="VehicleNumber" type="string"/>
                  </detail>
               </processObject>
               <processObject xmlns="http://schemas.active-endpoints.com/appmodules/screenflow/2011/06/avosHostEnvironment.xsd"
                              isByCopy="true"
                              name="GeneralDetail">
                  <description/>
                  <detail>
                     <field name="LineItems" type="reference">
                        <options>
                           <option name="referenceTo">LineItem</option>
                           <option name="relationshipName">Child</option>
                        </options>
                     </field>
                  </detail>
               </processObject>
               <processObject xmlns="http://schemas.active-endpoints.com/appmodules/screenflow/2011/06/avosHostEnvironment.xsd"
                              isByCopy="true"
                              name="Location">
                  <description/>
                  <detail>
                     <field name="CountrySubdivisionCode" type="string"/>
                     <field name="InternetAddress" type="string"/>
                     <field name="Address" type="string"/>
                     <field name="FaxNumber" type="string"/>
                     <field name="Address2" type="string"/>
                     <field name="PostalCode" type="string"/>
                     <field name="City" type="string"/>
                     <field name="TelephoneNumber" type="string"/>
                     <field name="CountryCode" type="string"/>
                     <field name="EmailAddress" type="string"/>
                     <field name="Name" type="string"/>
                  </detail>
               </processObject>
               <processObject xmlns="http://schemas.active-endpoints.com/appmodules/screenflow/2011/06/avosHostEnvironment.xsd"
                              isByCopy="true"
                              name="string">
                  <description/>
                  <detail>
                     <field name="string" type="string"/>
                  </detail>
               </processObject>
               <processObject xmlns="http://schemas.active-endpoints.com/appmodules/screenflow/2011/06/avosHostEnvironment.xsd"
                              isByCopy="true"
                              name="boolean">
                  <description/>
                  <detail>
                     <field name="boolean" type="boolean"/>
                  </detail>
               </processObject>
               <processObject xmlns="http://schemas.active-endpoints.com/appmodules/screenflow/2011/06/avosHostEnvironment.xsd"
                              isByCopy="true"
                              name="double">
                  <description/>
                  <detail>
                     <field name="double" type="double"/>
                  </detail>
               </processObject>
               <processObject xmlns="http://schemas.active-endpoints.com/appmodules/screenflow/2011/06/avosHostEnvironment.xsd"
                              isByCopy="true"
                              name="integer">
                  <description/>
                  <detail>
                     <field name="integer" type="int"/>
                  </detail>
               </processObject>
            </objects>
         </businessConnector>
      </types1:Entry>
      <types1:GUID>0wPZ30IaDBJfpgBu6Pe0Cc</types1:GUID>
      <types1:DisplayName>Concur Receipts API v3</types1:DisplayName>
   </types1:Item>
   <types1:CurrentServerDateTime>2019-02-22T09:42:47.781Z</types1:CurrentServerDateTime>
</aetgt:getResponse>
