{
  "name" : "Workday Service Connector Package 1018",
  "sourceOrgId" : "7IJhF8s0e6bdUq4GnCuF8F",
  "sourceOrgName" : "Informatica",
  "exportedObjects" : [ {
    "objectGuid" : "1D6cNCXJFwucHp3voGbeww",
    "objectName" : "Get Worker Details",
    "objectType" : "PROCESS",
    "path" : "/Explore/Workday",
    "metadata" : {
      "modelVersion" : {
        "major" : 1,
        "minor" : 0
      },
      "repoInfo" : {
        "repoHandle" : "K8ZAZf5kck8jKBm-gt-923458-2018-10-30T16:13:01.459Z::pd.xml"
      },
      "objectRefs" : [ "76dkO0AQDwtcItaDmU0n0D" ],
      "contextAttributes" : null,
      "additionalInfo" : {
        "description" : "",
        "contentType" : "application/json; charset=utf-8",
        "documentState" : "VALID"
      }
    }
  }, {
    "objectGuid" : "0pXrAoHZ3Cjgh47TsCXbGO",
    "objectName" : "Workday",
    "objectType" : "Project",
    "path" : "/Explore",
    "metadata" : {
      "modelVersion" : {
        "major" : 0,
        "minor" : 0
      },
      "repoInfo" : null,
      "objectRefs" : [ ],
      "contextAttributes" : [ ],
      "additionalInfo" : {
        "description" : "",
        "contentType" : "Binary",
        "documentState" : "COMPLETE"
      }
    }
  }, {
    "objectGuid" : "76dkO0AQDwtcItaDmU0n0D",
    "objectName" : "Workday-API-actions",
    "objectType" : "AI_CONNECTION",
    "path" : "/Explore/Workday",
    "metadata" : {
      "modelVersion" : {
        "major" : 1,
        "minor" : 0
      },
      "repoInfo" : {
        "repoHandle" : "PTH0EKZhHwzZsMB-gt-2138854-2018-10-30T16:13:00.866Z::conn.xml"
      },
      "objectRefs" : [ ],
      "contextAttributes" : null,
      "additionalInfo" : {
        "description" : "",
        "contentType" : "application/json; charset=utf-8",
        "documentState" : "INVALID"
      }
    }
  }, {
    "objectGuid" : "aBDkk6YnxaPfeC7Lxr4SUD",
    "objectName" : "Workday API",
    "objectType" : "AI_SERVICE_CONNECTOR",
    "path" : "/Explore/Workday",
    "metadata" : {
      "modelVersion" : {
        "major" : 1,
        "minor" : 0
      },
      "repoInfo" : {
        "repoHandle" : "6TJonEBNjDg8SOl-gt-2138862-2018-10-30T16:13:01.093Z::svc.xml"
      },
      "objectRefs" : [ ],
      "contextAttributes" : null,
      "additionalInfo" : {
        "description" : "This Service Connector implements various Workday operations",
        "contentType" : "application/json; charset=utf-8",
        "documentState" : "VALID"
      }
    }
  } ]
}