{
  "name" : "Workday Service Connector Package 1018",
  "sourceOrgId" : "jfXS1Yt6v0OkJwqp7PEcm7",
  "sourceOrgName" : "Informatica",
  "exportedObjects" : [ {
    "objectGuid" : "4ZT1YsDeIIihQR9AxePDcD",
    "objectName" : "Get Worker Details",
    "objectType" : "PROCESS",
    "path" : "/Explore/Workday",
    "metadata" : {
      "modelVersion" : {
        "major" : 1,
        "minor" : 0
      },
      "repoInfo" : {
        "repoHandle" : "XvzFBwLjBeE1KoJ-gt-837539-2018-10-29T16:27:21.802Z::pd.xml"
      },
      "objectRefs" : [ "3Uf3Z6LF16bkJ8G5iWXKS5" ],
      "contextAttributes" : null,
      "additionalInfo" : {
        "description" : "",
        "contentType" : "application/json; charset=utf-8",
        "documentState" : "VALID"
      }
    }
  }, {
    "objectGuid" : "9XZi54PClCwcD6ZrHhbYSv",
    "objectName" : "Workday API",
    "objectType" : "AI_SERVICE_CONNECTOR",
    "path" : "/Explore/Workday",
    "metadata" : {
      "modelVersion" : {
        "major" : 1,
        "minor" : 0
      },
      "repoInfo" : {
        "repoHandle" : "BwZYCSNMzeHbcjq-gt-1926476-2018-10-29T16:27:21.451Z::svc.xml"
      },
      "objectRefs" : [ ],
      "contextAttributes" : null,
      "additionalInfo" : {
        "description" : "This Service Connector implements various Workday operations",
        "contentType" : "application/json; charset=utf-8",
        "documentState" : "VALID"
      }
    }
  }, {
    "objectGuid" : "3Uf3Z6LF16bkJ8G5iWXKS5",
    "objectName" : "Workday-API-actions",
    "objectType" : "AI_CONNECTION",
    "path" : "/Explore/Workday",
    "metadata" : {
      "modelVersion" : {
        "major" : 1,
        "minor" : 0
      },
      "repoInfo" : {
        "repoHandle" : "oBmeK3jhBjop81V-gt-1926468-2018-10-29T16:27:21.233Z::conn.xml"
      },
      "objectRefs" : [ ],
      "contextAttributes" : null,
      "additionalInfo" : {
        "description" : "",
        "contentType" : "application/json; charset=utf-8",
        "documentState" : "INVALID"
      }
    }
  }, {
    "objectGuid" : "9rnVFxtQ1fWhmcCQKWb6oK",
    "objectName" : "Workday",
    "objectType" : "Project",
    "path" : "/Explore",
    "metadata" : {
      "modelVersion" : {
        "major" : 0,
        "minor" : 0
      },
      "repoInfo" : null,
      "objectRefs" : [ ],
      "contextAttributes" : [ ],
      "additionalInfo" : {
        "description" : "",
        "contentType" : "Binary",
        "documentState" : "COMPLETE"
      }
    }
  } ]
}