<aetgt:getResponse xmlns:aetgt="http://schemas.active-endpoints.com/appmodules/repository/2010/10/avrepository.xsd"
                   xmlns:types1="http://schemas.active-endpoints.com/appmodules/repository/2010/10/avrepository.xsd">
   <types1:Item>
      <types1:EntryId>2bfZk9EW4ARW8UB-gt-4023327-2019-11-18T04:21:12.866Z::svc.xml</types1:EntryId>
      <types1:Name>SAP_S4HANA_Product_Allocation_Sequence_API_v1</types1:Name>
      <types1:MimeType>application/xml+businesssconnector</types1:MimeType>
      <types1:Description>You can use this service to read header data for a specific product allocation sequence (including its description) as well as read, edit and delete any assigned product and product-location assignments.</types1:Description>
      <types1:AppliesTo/>
      <types1:Tags/>
      <types1:VersionLabel>1.0</types1:VersionLabel>
      <types1:State>CURRENT</types1:State>
      <types1:ProcessGroup/>
      <types1:CreatedBy>sorabh@na1.dm-us.org</types1:CreatedBy>
      <types1:CreationDate>2019-11-18T04:21:13Z</types1:CreationDate>
      <types1:ModifiedBy/>
      <types1:PublicationStatus>published</types1:PublicationStatus>
      <types1:PublishedBy>sorabh@na1.dm-us.org</types1:PublishedBy>
      <types1:PublicationDate>2019-11-18T04:21:15Z</types1:PublicationDate>
      <types1:PublishedContributionId>project:/rt.connector/SAP_S4HANA_Product_Allocation_Sequence_API_v1/SAP_S4HANA_Product_Allocation_Sequence_API_v1_svcDef.xml</types1:PublishedContributionId>
      <types1:AutosaveExists>false</types1:AutosaveExists>
      <types1:Entry>
         <businessConnector xmlns="http://schemas.informatica.com/socrates/data-services/2014/05/business-connector-model.xsd"
                            agentOnly="false"
                            debug="false"
                            displayName="SAP S4HANA Product Allocation Sequence API v1"
                            label=""
                            name="SAP_S4HANA_Product_Allocation_Sequence_API_v1"
                            uuid="626572a0-2c0a-4abb-8bed-4c9ea35f0d78">
            <description>You can use this service to read header data for a specific product allocation sequence (including its description) as well as read, edit and delete any assigned product and product-location assignments.</description>
            <tags/>
            <connectionAttributes xmlns="http://schemas.informatica.com/appmodules/screenflow/2014/04/avosConnectors.xsd">
               <connectionAttribute description="Host Name"
                                    masked="false"
                                    name="hostName"
                                    required="true"
                                    testWith="sandbox.api.sap.com"
                                    type="string"/>
               <connectionAttribute description="User Name"
                                    masked="false"
                                    name="username"
                                    required="true"
                                    testWith=""
                                    type="string"/>
               <connectionAttribute description="Password"
                                    masked="true"
                                    name="password"
                                    required="true"
                                    testWith=""
                                    type="string"/>
            </connectionAttributes>
            <actions>
               <action category="A_ProdAllocationSequence"
                       failOnError="true"
                       forSearch="false"
                       label="POST_A_ProdAllocationSequence_ProductAllocationSequenceUUID_to_ProdAllocSqncAssgmtTP"
                       maxRedirects="100"
                       name="POST_A_ProdAllocationSequence_ProductAllocationSequenceUUID_to_ProdAllocSqncAssgmtTP"
                       preemptiveAuth="true"
                       responseEncoding="">
                  <description>Add new entity to related to_ProdAllocSqncAssgmtTP</description>
                  <input>
                     <parameter description="New entity"
                                label="A_ProdAllocSqncAssgmtType"
                                name="A_ProdAllocSqncAssgmtType"
                                required="false"
                                testWith=""
                                type="reference">
                        <options>
                           <option name="referenceTo">API_PRODUCT_ALLOC_SEQUENCE_SRV_A_ProdAllocSqncAssgmtType_create</option>
                        </options>
                     </parameter>
                     <parameter description="Product Allocation Sequence UUID"
                                label="ProductAllocationSequenceUUIDPathParam"
                                name="ProductAllocationSequenceUUIDPathParam"
                                nogen="true"
                                required="true"
                                testWith=""
                                type="string"/>
                  </input>
                  <binding>
                     <restSimpleBinding multiUsing="semicolonSeparated"
                                        url="https://{$hostName}/s4hanacloud/sap/opu/odata/sap/API_PRODUCT_ALLOC_SEQUENCE_SRV/A_ProdAllocationSequence({$ProductAllocationSequenceUUIDPathParam})/to_ProdAllocSqncAssgmtTP"
                                        verb="POST">
                        <authentication>
                           <username>{$username}</username>
                           <password>{$password}</password>
                           <isExpressionInPassword>true</isExpressionInPassword>
                        </authentication>
                        <httpHeaders>
                           <header name="Content-Type">application/json</header>
                           <header name="Accept">application/json</header>
                        </httpHeaders>
                        <body generateUsing="UnwrappedJSON" preserveJsonStringFormatting="false"/>
                     </restSimpleBinding>
                  </binding>
                  <output/>
               </action>
               <action category="A_ProdAllocationSequence"
                       failOnError="true"
                       forSearch="false"
                       label="GET_A_ProdAllocationSequence_ProductAllocationSequenceUUID_to_ProdAllocSqncAssgmtTP"
                       maxRedirects="100"
                       name="GET_A_ProdAllocationSequence_ProductAllocationSequenceUUID_to_ProdAllocSqncAssgmtTP"
                       preemptiveAuth="true"
                       responseEncoding="">
                  <description>Get entities from related to_ProdAllocSqncAssgmtTP</description>
                  <input>
                     <parameter description="Show only the first n items, see [Paging - Top](https://help.sap.com/doc/5890d27be418427993fafa6722cdc03b/Cloud/en-US/OdataV2.pdf#page=66)"
                                label="$top"
                                name="$top"
                                required="false"
                                testWith=""
                                type="int"/>
                     <parameter description="Skip the first n items, see [Paging - Skip](https://help.sap.com/doc/5890d27be418427993fafa6722cdc03b/Cloud/en-US/OdataV2.pdf#page=65)"
                                label="$skip"
                                name="$skip"
                                required="false"
                                testWith=""
                                type="int"/>
                     <parameter description="Filter items by property values, see [Filtering](https://help.sap.com/doc/5890d27be418427993fafa6722cdc03b/Cloud/en-US/OdataV2.pdf#page=64)"
                                label="$filter"
                                name="$filter"
                                required="false"
                                testWith=""
                                type="string"/>
                     <parameter description="Include count of items, see [Inlinecount](https://help.sap.com/doc/5890d27be418427993fafa6722cdc03b/Cloud/en-US/OdataV2.pdf#page=67)"
                                label="$inlinecount"
                                name="$inlinecount"
                                required="false"
                                testWith=""
                                type="picklist">
                        <options>
                           <option name="values">[{"value":"allpages","label":"allpages"},{"value":"none","label":"none"}]</option>
                        </options>
                     </parameter>
                     <parameter description="Order items by property values, see [Sorting](https://help.sap.com/doc/5890d27be418427993fafa6722cdc03b/Cloud/en-US/OdataV2.pdf#page=65)"
                                label="$orderby"
                                name="$orderby"
                                required="false"
                                testWith=""
                                type="picklist">
                        <options>
                           <option name="values">[{"value":"ProdAllocSqncAssignmentUUID","label":"ProdAllocSqncAssignmentUUID"},{"value":"ProdAllocSqncAssignmentUUID desc","label":"ProdAllocSqncAssignmentUUID desc"},{"value":"ProductAllocationSequenceUUID","label":"ProductAllocationSequenceUUID"},{"value":"ProductAllocationSequenceUUID desc","label":"ProductAllocationSequenceUUID desc"},{"value":"ProductAllocationSequence","label":"ProductAllocationSequence"},{"value":"ProductAllocationSequence desc","label":"ProductAllocationSequence desc"},{"value":"Material","label":"Material"},{"value":"Material desc","label":"Material desc"},{"value":"Plant","label":"Plant"},{"value":"Plant desc","label":"Plant desc"},{"value":"ValidityStartUTCDateTime","label":"ValidityStartUTCDateTime"},{"value":"ValidityStartUTCDateTime desc","label":"ValidityStartUTCDateTime desc"},{"value":"ValidityStartTimeZone","label":"ValidityStartTimeZone"},{"value":"ValidityStartTimeZone desc","label":"ValidityStartTimeZone desc"},{"value":"ValidityEndUTCDateTime","label":"ValidityEndUTCDateTime"},{"value":"ValidityEndUTCDateTime desc","label":"ValidityEndUTCDateTime desc"},{"value":"ValidityEndTimeZone","label":"ValidityEndTimeZone"},{"value":"ValidityEndTimeZone desc","label":"ValidityEndTimeZone desc"}]</option>
                        </options>
                     </parameter>
                     <parameter description="Select properties to be returned, see [Select](https://help.sap.com/doc/5890d27be418427993fafa6722cdc03b/Cloud/en-US/OdataV2.pdf#page=68)"
                                label="$select"
                                name="$select"
                                required="false"
                                testWith=""
                                type="picklist">
                        <options>
                           <option name="values">[{"value":"ProdAllocSqncAssignmentUUID","label":"ProdAllocSqncAssignmentUUID"},{"value":"ProductAllocationSequenceUUID","label":"ProductAllocationSequenceUUID"},{"value":"ProductAllocationSequence","label":"ProductAllocationSequence"},{"value":"Material","label":"Material"},{"value":"Plant","label":"Plant"},{"value":"ValidityStartUTCDateTime","label":"ValidityStartUTCDateTime"},{"value":"ValidityStartTimeZone","label":"ValidityStartTimeZone"},{"value":"ValidityEndUTCDateTime","label":"ValidityEndUTCDateTime"},{"value":"ValidityEndTimeZone","label":"ValidityEndTimeZone"},{"value":"to_ProdAllocationSequenceTP","label":"to_ProdAllocationSequenceTP"}]</option>
                        </options>
                     </parameter>
                     <parameter description="Expand related entities, see [Expand](https://help.sap.com/doc/5890d27be418427993fafa6722cdc03b/Cloud/en-US/OdataV2.pdf#page=63)"
                                label="$expand"
                                name="$expand"
                                required="false"
                                testWith=""
                                type="picklist">
                        <options>
                           <option name="values">[{"value":"to_ProdAllocationSequenceTP","label":"to_ProdAllocationSequenceTP"}]</option>
                        </options>
                     </parameter>
                     <parameter description="Product Allocation Sequence UUID"
                                label="ProductAllocationSequenceUUIDPathParam"
                                name="ProductAllocationSequenceUUIDPathParam"
                                nogen="true"
                                required="true"
                                testWith=""
                                type="string"/>
                  </input>
                  <binding>
                     <restSimpleBinding multiUsing="semicolonSeparated"
                                        url="https://{$hostName}/s4hanacloud/sap/opu/odata/sap/API_PRODUCT_ALLOC_SEQUENCE_SRV/A_ProdAllocationSequence({$ProductAllocationSequenceUUIDPathParam})/to_ProdAllocSqncAssgmtTP"
                                        verb="GET">
                        <authentication>
                           <username>{$username}</username>
                           <password>{$password}</password>
                           <isExpressionInPassword>true</isExpressionInPassword>
                        </authentication>
                        <httpHeaders>
                           <header name="Content-Type">application/json</header>
                           <header name="Accept">application/json</header>
                        </httpHeaders>
                     </restSimpleBinding>
                  </binding>
                  <output>
                     <field description="Retrieved entities"
                            entireResponse="true"
                            name="entireResponse"
                            type="object"/>
                  </output>
               </action>
               <action category="A_ProdAllocSequenceT"
                       failOnError="true"
                       forSearch="false"
                       label="GET_A_ProdAllocSequenceT"
                       maxRedirects="100"
                       name="GET_A_ProdAllocSequenceT"
                       preemptiveAuth="true"
                       responseEncoding="">
                  <description>Get entities from A_ProdAllocSequenceT</description>
                  <input>
                     <parameter description="Show only the first n items, see [Paging - Top](https://help.sap.com/doc/5890d27be418427993fafa6722cdc03b/Cloud/en-US/OdataV2.pdf#page=66)"
                                label="$top"
                                name="$top"
                                required="false"
                                testWith=""
                                type="int"/>
                     <parameter description="Skip the first n items, see [Paging - Skip](https://help.sap.com/doc/5890d27be418427993fafa6722cdc03b/Cloud/en-US/OdataV2.pdf#page=65)"
                                label="$skip"
                                name="$skip"
                                required="false"
                                testWith=""
                                type="int"/>
                     <parameter description="Filter items by property values, see [Filtering](https://help.sap.com/doc/5890d27be418427993fafa6722cdc03b/Cloud/en-US/OdataV2.pdf#page=64)"
                                label="$filter"
                                name="$filter"
                                required="false"
                                testWith=""
                                type="string"/>
                     <parameter description="Include count of items, see [Inlinecount](https://help.sap.com/doc/5890d27be418427993fafa6722cdc03b/Cloud/en-US/OdataV2.pdf#page=67)"
                                label="$inlinecount"
                                name="$inlinecount"
                                required="false"
                                testWith=""
                                type="picklist">
                        <options>
                           <option name="values">[{"value":"allpages","label":"allpages"},{"value":"none","label":"none"}]</option>
                        </options>
                     </parameter>
                     <parameter description="Order items by property values, see [Sorting](https://help.sap.com/doc/5890d27be418427993fafa6722cdc03b/Cloud/en-US/OdataV2.pdf#page=65)"
                                label="$orderby"
                                name="$orderby"
                                required="false"
                                testWith=""
                                type="picklist">
                        <options>
                           <option name="values">[{"value":"ProductAllocationSequenceUUID","label":"ProductAllocationSequenceUUID"},{"value":"ProductAllocationSequenceUUID desc","label":"ProductAllocationSequenceUUID desc"},{"value":"Language","label":"Language"},{"value":"Language desc","label":"Language desc"},{"value":"ProductAllocationSequenceDesc","label":"ProductAllocationSequenceDesc"},{"value":"ProductAllocationSequenceDesc desc","label":"ProductAllocationSequenceDesc desc"}]</option>
                        </options>
                     </parameter>
                     <parameter description="Select properties to be returned, see [Select](https://help.sap.com/doc/5890d27be418427993fafa6722cdc03b/Cloud/en-US/OdataV2.pdf#page=68)"
                                label="$select"
                                name="$select"
                                required="false"
                                testWith=""
                                type="picklist">
                        <options>
                           <option name="values">[{"value":"ProductAllocationSequenceUUID","label":"ProductAllocationSequenceUUID"},{"value":"Language","label":"Language"},{"value":"ProductAllocationSequenceDesc","label":"ProductAllocationSequenceDesc"},{"value":"to_ProdAllocationSequenceTP","label":"to_ProdAllocationSequenceTP"}]</option>
                        </options>
                     </parameter>
                     <parameter description="Expand related entities, see [Expand](https://help.sap.com/doc/5890d27be418427993fafa6722cdc03b/Cloud/en-US/OdataV2.pdf#page=63)"
                                label="$expand"
                                name="$expand"
                                required="false"
                                testWith=""
                                type="picklist">
                        <options>
                           <option name="values">[{"value":"to_ProdAllocationSequenceTP","label":"to_ProdAllocationSequenceTP"}]</option>
                        </options>
                     </parameter>
                  </input>
                  <binding>
                     <restSimpleBinding multiUsing="semicolonSeparated"
                                        url="https://{$hostName}/s4hanacloud/sap/opu/odata/sap/API_PRODUCT_ALLOC_SEQUENCE_SRV/A_ProdAllocSequenceT"
                                        verb="GET">
                        <authentication>
                           <username>{$username}</username>
                           <password>{$password}</password>
                           <isExpressionInPassword>true</isExpressionInPassword>
                        </authentication>
                        <httpHeaders>
                           <header name="Content-Type">application/json</header>
                           <header name="Accept">application/json</header>
                        </httpHeaders>
                     </restSimpleBinding>
                  </binding>
                  <output>
                     <field description="Retrieved entities"
                            entireResponse="true"
                            name="entireResponse"
                            type="object"/>
                  </output>
               </action>
               <action category="A_ProdAllocSqncAssgmt"
                       failOnError="true"
                       forSearch="false"
                       label="POST_A_ProdAllocSqncAssgmt"
                       maxRedirects="100"
                       name="POST_A_ProdAllocSqncAssgmt"
                       preemptiveAuth="true"
                       responseEncoding="">
                  <description>Add new entity to A_ProdAllocSqncAssgmt</description>
                  <input>
                     <parameter description="New entity"
                                label="A_ProdAllocSqncAssgmtType"
                                name="A_ProdAllocSqncAssgmtType"
                                required="false"
                                testWith=""
                                type="reference">
                        <options>
                           <option name="referenceTo">API_PRODUCT_ALLOC_SEQUENCE_SRV_A_ProdAllocSqncAssgmtType_create</option>
                        </options>
                     </parameter>
                  </input>
                  <binding>
                     <restSimpleBinding multiUsing="semicolonSeparated"
                                        url="https://{$hostName}/s4hanacloud/sap/opu/odata/sap/API_PRODUCT_ALLOC_SEQUENCE_SRV/A_ProdAllocSqncAssgmt"
                                        verb="POST">
                        <authentication>
                           <username>{$username}</username>
                           <password>{$password}</password>
                           <isExpressionInPassword>true</isExpressionInPassword>
                        </authentication>
                        <httpHeaders>
                           <header name="Content-Type">application/json</header>
                           <header name="Accept">application/json</header>
                        </httpHeaders>
                        <body generateUsing="UnwrappedJSON" preserveJsonStringFormatting="false"/>
                     </restSimpleBinding>
                  </binding>
                  <output/>
               </action>
               <action category="A_ProdAllocSqncAssgmt"
                       failOnError="true"
                       forSearch="false"
                       label="GET_A_ProdAllocSqncAssgmt"
                       maxRedirects="100"
                       name="GET_A_ProdAllocSqncAssgmt"
                       preemptiveAuth="true"
                       responseEncoding="">
                  <description>Get entities from A_ProdAllocSqncAssgmt</description>
                  <input>
                     <parameter description="Show only the first n items, see [Paging - Top](https://help.sap.com/doc/5890d27be418427993fafa6722cdc03b/Cloud/en-US/OdataV2.pdf#page=66)"
                                label="$top"
                                name="$top"
                                required="false"
                                testWith=""
                                type="int"/>
                     <parameter description="Skip the first n items, see [Paging - Skip](https://help.sap.com/doc/5890d27be418427993fafa6722cdc03b/Cloud/en-US/OdataV2.pdf#page=65)"
                                label="$skip"
                                name="$skip"
                                required="false"
                                testWith=""
                                type="int"/>
                     <parameter description="Filter items by property values, see [Filtering](https://help.sap.com/doc/5890d27be418427993fafa6722cdc03b/Cloud/en-US/OdataV2.pdf#page=64)"
                                label="$filter"
                                name="$filter"
                                required="false"
                                testWith=""
                                type="string"/>
                     <parameter description="Include count of items, see [Inlinecount](https://help.sap.com/doc/5890d27be418427993fafa6722cdc03b/Cloud/en-US/OdataV2.pdf#page=67)"
                                label="$inlinecount"
                                name="$inlinecount"
                                required="false"
                                testWith=""
                                type="picklist">
                        <options>
                           <option name="values">[{"value":"allpages","label":"allpages"},{"value":"none","label":"none"}]</option>
                        </options>
                     </parameter>
                     <parameter description="Order items by property values, see [Sorting](https://help.sap.com/doc/5890d27be418427993fafa6722cdc03b/Cloud/en-US/OdataV2.pdf#page=65)"
                                label="$orderby"
                                name="$orderby"
                                required="false"
                                testWith=""
                                type="picklist">
                        <options>
                           <option name="values">[{"value":"ProdAllocSqncAssignmentUUID","label":"ProdAllocSqncAssignmentUUID"},{"value":"ProdAllocSqncAssignmentUUID desc","label":"ProdAllocSqncAssignmentUUID desc"},{"value":"ProductAllocationSequenceUUID","label":"ProductAllocationSequenceUUID"},{"value":"ProductAllocationSequenceUUID desc","label":"ProductAllocationSequenceUUID desc"},{"value":"ProductAllocationSequence","label":"ProductAllocationSequence"},{"value":"ProductAllocationSequence desc","label":"ProductAllocationSequence desc"},{"value":"Material","label":"Material"},{"value":"Material desc","label":"Material desc"},{"value":"Plant","label":"Plant"},{"value":"Plant desc","label":"Plant desc"},{"value":"ValidityStartUTCDateTime","label":"ValidityStartUTCDateTime"},{"value":"ValidityStartUTCDateTime desc","label":"ValidityStartUTCDateTime desc"},{"value":"ValidityStartTimeZone","label":"ValidityStartTimeZone"},{"value":"ValidityStartTimeZone desc","label":"ValidityStartTimeZone desc"},{"value":"ValidityEndUTCDateTime","label":"ValidityEndUTCDateTime"},{"value":"ValidityEndUTCDateTime desc","label":"ValidityEndUTCDateTime desc"},{"value":"ValidityEndTimeZone","label":"ValidityEndTimeZone"},{"value":"ValidityEndTimeZone desc","label":"ValidityEndTimeZone desc"}]</option>
                        </options>
                     </parameter>
                     <parameter description="Select properties to be returned, see [Select](https://help.sap.com/doc/5890d27be418427993fafa6722cdc03b/Cloud/en-US/OdataV2.pdf#page=68)"
                                label="$select"
                                name="$select"
                                required="false"
                                testWith=""
                                type="picklist">
                        <options>
                           <option name="values">[{"value":"ProdAllocSqncAssignmentUUID","label":"ProdAllocSqncAssignmentUUID"},{"value":"ProductAllocationSequenceUUID","label":"ProductAllocationSequenceUUID"},{"value":"ProductAllocationSequence","label":"ProductAllocationSequence"},{"value":"Material","label":"Material"},{"value":"Plant","label":"Plant"},{"value":"ValidityStartUTCDateTime","label":"ValidityStartUTCDateTime"},{"value":"ValidityStartTimeZone","label":"ValidityStartTimeZone"},{"value":"ValidityEndUTCDateTime","label":"ValidityEndUTCDateTime"},{"value":"ValidityEndTimeZone","label":"ValidityEndTimeZone"},{"value":"to_ProdAllocationSequenceTP","label":"to_ProdAllocationSequenceTP"}]</option>
                        </options>
                     </parameter>
                     <parameter description="Expand related entities, see [Expand](https://help.sap.com/doc/5890d27be418427993fafa6722cdc03b/Cloud/en-US/OdataV2.pdf#page=63)"
                                label="$expand"
                                name="$expand"
                                required="false"
                                testWith=""
                                type="picklist">
                        <options>
                           <option name="values">[{"value":"to_ProdAllocationSequenceTP","label":"to_ProdAllocationSequenceTP"}]</option>
                        </options>
                     </parameter>
                  </input>
                  <binding>
                     <restSimpleBinding multiUsing="semicolonSeparated"
                                        url="https://{$hostName}/s4hanacloud/sap/opu/odata/sap/API_PRODUCT_ALLOC_SEQUENCE_SRV/A_ProdAllocSqncAssgmt"
                                        verb="GET">
                        <authentication>
                           <username>{$username}</username>
                           <password>{$password}</password>
                           <isExpressionInPassword>true</isExpressionInPassword>
                        </authentication>
                        <httpHeaders>
                           <header name="Content-Type">application/json</header>
                           <header name="Accept">application/json</header>
                        </httpHeaders>
                     </restSimpleBinding>
                  </binding>
                  <output>
                     <field description="Retrieved entities"
                            entireResponse="true"
                            name="entireResponse"
                            type="object"/>
                  </output>
               </action>
               <action category="Batch Requests"
                       failOnError="true"
                       forSearch="false"
                       label="POST_batch"
                       maxRedirects="100"
                       name="POST_batch"
                       preemptiveAuth="true"
                       responseEncoding="">
                  <description>Send a group of requests. Group multiple requests into a single request payload, see [Batch Requests](https://help.sap.com/doc/5890d27be418427993fafa6722cdc03b/Cloud/en-US/OdataV2.pdf#page=152).</description>
                  <input>
                     <parameter description="Batch request"
                                label="requestBody"
                                name="requestBody"
                                required="false"
                                testWith=""
                                type="string"/>
                  </input>
                  <binding>
                     <restSimpleBinding multiUsing="semicolonSeparated"
                                        url="https://{$hostName}/s4hanacloud/sap/opu/odata/sap/API_PRODUCT_ALLOC_SEQUENCE_SRV/$batch"
                                        verb="POST">
                        <authentication>
                           <username>{$username}</username>
                           <password>{$password}</password>
                           <isExpressionInPassword>true</isExpressionInPassword>
                        </authentication>
                        <httpHeaders>
                           <header name="Content-Type">multipart/mixed;boundary=request-separator</header>
                           <header name="Accept">multipart/mixed</header>
                        </httpHeaders>
                        <body>{$requestBody}</body>
                     </restSimpleBinding>
                  </binding>
                  <output/>
               </action>
               <action category="A_ProdAllocSqncAssgmt"
                       failOnError="true"
                       forSearch="false"
                       label="PATCH_A_ProdAllocSqncAssgmt_ProdAllocSqncAssignmentUUID_"
                       maxRedirects="100"
                       name="PATCH_A_ProdAllocSqncAssgmt_ProdAllocSqncAssignmentUUID_"
                       preemptiveAuth="true"
                       responseEncoding="">
                  <description>Update entity in A_ProdAllocSqncAssgmt</description>
                  <input>
                     <parameter description="New property values"
                                label="A_ProdAllocSqncAssgmtType"
                                name="A_ProdAllocSqncAssgmtType"
                                required="false"
                                testWith=""
                                type="object"/>
                     <parameter description="Product Allocation Sequence Assignment UUID"
                                label="ProdAllocSqncAssignmentUUIDPathParam"
                                name="ProdAllocSqncAssignmentUUIDPathParam"
                                nogen="true"
                                required="true"
                                testWith=""
                                type="string"/>
                  </input>
                  <binding>
                     <restSimpleBinding multiUsing="semicolonSeparated"
                                        url="https://{$hostName}/s4hanacloud/sap/opu/odata/sap/API_PRODUCT_ALLOC_SEQUENCE_SRV/A_ProdAllocSqncAssgmt({$ProdAllocSqncAssignmentUUIDPathParam})"
                                        verb="PATCH">
                        <authentication>
                           <username>{$username}</username>
                           <password>{$password}</password>
                           <isExpressionInPassword>true</isExpressionInPassword>
                        </authentication>
                        <httpHeaders>
                           <header name="Content-Type">application/json</header>
                           <header name="Accept">application/json</header>
                        </httpHeaders>
                        <body generateUsing="UnwrappedJSON" preserveJsonStringFormatting="false"/>
                     </restSimpleBinding>
                  </binding>
                  <output/>
               </action>
               <action category="A_ProdAllocSqncAssgmt"
                       failOnError="true"
                       forSearch="false"
                       label="GET_A_ProdAllocSqncAssgmt_ProdAllocSqncAssignmentUUID_"
                       maxRedirects="100"
                       name="GET_A_ProdAllocSqncAssgmt_ProdAllocSqncAssignmentUUID_"
                       preemptiveAuth="true"
                       responseEncoding="">
                  <description>Get entity from A_ProdAllocSqncAssgmt by key</description>
                  <input>
                     <parameter description="Select properties to be returned, see [Select](https://help.sap.com/doc/5890d27be418427993fafa6722cdc03b/Cloud/en-US/OdataV2.pdf#page=68)"
                                label="$select"
                                name="$select"
                                required="false"
                                testWith=""
                                type="picklist">
                        <options>
                           <option name="values">[{"value":"ProdAllocSqncAssignmentUUID","label":"ProdAllocSqncAssignmentUUID"},{"value":"ProductAllocationSequenceUUID","label":"ProductAllocationSequenceUUID"},{"value":"ProductAllocationSequence","label":"ProductAllocationSequence"},{"value":"Material","label":"Material"},{"value":"Plant","label":"Plant"},{"value":"ValidityStartUTCDateTime","label":"ValidityStartUTCDateTime"},{"value":"ValidityStartTimeZone","label":"ValidityStartTimeZone"},{"value":"ValidityEndUTCDateTime","label":"ValidityEndUTCDateTime"},{"value":"ValidityEndTimeZone","label":"ValidityEndTimeZone"},{"value":"to_ProdAllocationSequenceTP","label":"to_ProdAllocationSequenceTP"}]</option>
                        </options>
                     </parameter>
                     <parameter description="Expand related entities, see [Expand](https://help.sap.com/doc/5890d27be418427993fafa6722cdc03b/Cloud/en-US/OdataV2.pdf#page=63)"
                                label="$expand"
                                name="$expand"
                                required="false"
                                testWith=""
                                type="picklist">
                        <options>
                           <option name="values">[{"value":"to_ProdAllocationSequenceTP","label":"to_ProdAllocationSequenceTP"}]</option>
                        </options>
                     </parameter>
                     <parameter description="Product Allocation Sequence Assignment UUID"
                                label="ProdAllocSqncAssignmentUUIDPathParam"
                                name="ProdAllocSqncAssignmentUUIDPathParam"
                                nogen="true"
                                required="true"
                                testWith=""
                                type="string"/>
                  </input>
                  <binding>
                     <restSimpleBinding multiUsing="semicolonSeparated"
                                        url="https://{$hostName}/s4hanacloud/sap/opu/odata/sap/API_PRODUCT_ALLOC_SEQUENCE_SRV/A_ProdAllocSqncAssgmt({$ProdAllocSqncAssignmentUUIDPathParam})"
                                        verb="GET">
                        <authentication>
                           <username>{$username}</username>
                           <password>{$password}</password>
                           <isExpressionInPassword>true</isExpressionInPassword>
                        </authentication>
                        <httpHeaders>
                           <header name="Content-Type">application/json</header>
                           <header name="Accept">application/json</header>
                        </httpHeaders>
                     </restSimpleBinding>
                  </binding>
                  <output>
                     <field description="Retrieved entity"
                            entireResponse="true"
                            name="entireResponse"
                            type="object"/>
                  </output>
               </action>
               <action category="A_ProdAllocSequenceT"
                       failOnError="true"
                       forSearch="false"
                       label="GET_A_ProdAllocSequenceT_ProductAllocationSequenceUUID_ProductAllocationSequenceUUID_Language_Language_"
                       maxRedirects="100"
                       name="GET_A_ProdAllocSequenceT_ProductAllocationSequenceUUID_ProductAllocationSequenceUUID_Language_Language_"
                       preemptiveAuth="true"
                       responseEncoding="">
                  <description>Get entity from A_ProdAllocSequenceT by key</description>
                  <input>
                     <parameter description="Select properties to be returned, see [Select](https://help.sap.com/doc/5890d27be418427993fafa6722cdc03b/Cloud/en-US/OdataV2.pdf#page=68)"
                                label="$select"
                                name="$select"
                                required="false"
                                testWith=""
                                type="picklist">
                        <options>
                           <option name="values">[{"value":"ProductAllocationSequenceUUID","label":"ProductAllocationSequenceUUID"},{"value":"Language","label":"Language"},{"value":"ProductAllocationSequenceDesc","label":"ProductAllocationSequenceDesc"},{"value":"to_ProdAllocationSequenceTP","label":"to_ProdAllocationSequenceTP"}]</option>
                        </options>
                     </parameter>
                     <parameter description="Expand related entities, see [Expand](https://help.sap.com/doc/5890d27be418427993fafa6722cdc03b/Cloud/en-US/OdataV2.pdf#page=63)"
                                label="$expand"
                                name="$expand"
                                required="false"
                                testWith=""
                                type="picklist">
                        <options>
                           <option name="values">[{"value":"to_ProdAllocationSequenceTP","label":"to_ProdAllocationSequenceTP"}]</option>
                        </options>
                     </parameter>
                     <parameter description="Product Allocation Sequence UUID"
                                label="ProductAllocationSequenceUUIDPathParam"
                                name="ProductAllocationSequenceUUIDPathParam"
                                nogen="true"
                                required="true"
                                testWith=""
                                type="string"/>
                     <parameter description="The language key indicates  &#xA;- the language in which texts are displayed,- the language in which you enter texts,- the language in which the system prints texts."
                                label="LanguagePathParam"
                                name="LanguagePathParam"
                                nogen="true"
                                required="true"
                                testWith=""
                                type="string"/>
                  </input>
                  <binding>
                     <restSimpleBinding multiUsing="semicolonSeparated"
                                        url="https://{$hostName}/s4hanacloud/sap/opu/odata/sap/API_PRODUCT_ALLOC_SEQUENCE_SRV/A_ProdAllocSequenceT(ProductAllocationSequenceUUID={$ProductAllocationSequenceUUIDPathParam},Language='{$LanguagePathParam}')"
                                        verb="GET">
                        <authentication>
                           <username>{$username}</username>
                           <password>{$password}</password>
                           <isExpressionInPassword>true</isExpressionInPassword>
                        </authentication>
                        <httpHeaders>
                           <header name="Content-Type">application/json</header>
                           <header name="Accept">application/json</header>
                        </httpHeaders>
                     </restSimpleBinding>
                  </binding>
                  <output>
                     <field description="Retrieved entity"
                            entireResponse="true"
                            name="entireResponse"
                            type="object"/>
                  </output>
               </action>
               <action category="A_ProdAllocSqncAssgmt"
                       failOnError="true"
                       forSearch="false"
                       label="GET_A_ProdAllocSqncAssgmt_ProdAllocSqncAssignmentUUID_to_ProdAllocationSequenceTP"
                       maxRedirects="100"
                       name="GET_A_ProdAllocSqncAssgmt_ProdAllocSqncAssignmentUUID_to_ProdAllocationSequenceTP"
                       preemptiveAuth="true"
                       responseEncoding="">
                  <description>Get related to_ProdAllocationSequenceTP</description>
                  <input>
                     <parameter description="Select properties to be returned, see [Select](https://help.sap.com/doc/5890d27be418427993fafa6722cdc03b/Cloud/en-US/OdataV2.pdf#page=68)"
                                label="$select"
                                name="$select"
                                required="false"
                                testWith=""
                                type="picklist">
                        <options>
                           <option name="values">[{"value":"ProductAllocationSequenceUUID","label":"ProductAllocationSequenceUUID"},{"value":"ProductAllocationSequence","label":"ProductAllocationSequence"},{"value":"ProductAllocationSequence_Text","label":"ProductAllocationSequence_Text"},{"value":"ProdAllocSqncConsumptionUnit","label":"ProdAllocSqncConsumptionUnit"},{"value":"CreationDateTime","label":"CreationDateTime"},{"value":"CreatedByUser","label":"CreatedByUser"},{"value":"LastChangeDateTime","label":"LastChangeDateTime"},{"value":"LastChangedByUser","label":"LastChangedByUser"},{"value":"to_ProdAllocSequenceTTP","label":"to_ProdAllocSequenceTTP"},{"value":"to_ProdAllocSqncAssgmtTP","label":"to_ProdAllocSqncAssgmtTP"}]</option>
                        </options>
                     </parameter>
                     <parameter description="Expand related entities, see [Expand](https://help.sap.com/doc/5890d27be418427993fafa6722cdc03b/Cloud/en-US/OdataV2.pdf#page=63)"
                                label="$expand"
                                name="$expand"
                                required="false"
                                testWith=""
                                type="picklist">
                        <options>
                           <option name="values">[{"value":"to_ProdAllocSequenceTTP","label":"to_ProdAllocSequenceTTP"},{"value":"to_ProdAllocSqncAssgmtTP","label":"to_ProdAllocSqncAssgmtTP"}]</option>
                        </options>
                     </parameter>
                     <parameter description="Product Allocation Sequence Assignment UUID"
                                label="ProdAllocSqncAssignmentUUIDPathParam"
                                name="ProdAllocSqncAssignmentUUIDPathParam"
                                nogen="true"
                                required="true"
                                testWith=""
                                type="string"/>
                  </input>
                  <binding>
                     <restSimpleBinding multiUsing="semicolonSeparated"
                                        url="https://{$hostName}/s4hanacloud/sap/opu/odata/sap/API_PRODUCT_ALLOC_SEQUENCE_SRV/A_ProdAllocSqncAssgmt({$ProdAllocSqncAssignmentUUIDPathParam})/to_ProdAllocationSequenceTP"
                                        verb="GET">
                        <authentication>
                           <username>{$username}</username>
                           <password>{$password}</password>
                           <isExpressionInPassword>true</isExpressionInPassword>
                        </authentication>
                        <httpHeaders>
                           <header name="Content-Type">application/json</header>
                           <header name="Accept">application/json</header>
                        </httpHeaders>
                     </restSimpleBinding>
                  </binding>
                  <output>
                     <field description="Retrieved entity"
                            entireResponse="true"
                            name="entireResponse"
                            type="object"/>
                  </output>
               </action>
               <action category="A_ProdAllocSqncAssgmt"
                       failOnError="true"
                       forSearch="false"
                       label="POST_DeleteSequenceAssignment"
                       maxRedirects="100"
                       name="POST_DeleteSequenceAssignment"
                       preemptiveAuth="true"
                       responseEncoding="">
                  <description>Invoke action DeleteSequenceAssignment</description>
                  <input>
                     <parameter description="Product Allocation Sequence Assignment UUID  &#xA;(Value needs to be enclosed in single quotes and prefixed with `guid`, e.g. `guid'01234567-0123-0123-0123-0123456789ab'`)"
                                label="ProdAllocSqncAssignmentUUID"
                                name="ProdAllocSqncAssignmentUUID"
                                required="true"
                                testWith=""
                                type="string"/>
                  </input>
                  <binding>
                     <restSimpleBinding multiUsing="semicolonSeparated"
                                        url="https://{$hostName}/s4hanacloud/sap/opu/odata/sap/API_PRODUCT_ALLOC_SEQUENCE_SRV/DeleteSequenceAssignment"
                                        verb="POST">
                        <authentication>
                           <username>{$username}</username>
                           <password>{$password}</password>
                           <isExpressionInPassword>true</isExpressionInPassword>
                        </authentication>
                        <httpHeaders>
                           <header name="Content-Type">application/json</header>
                           <header name="Accept">application/json</header>
                        </httpHeaders>
                        <body generateUsing="UnwrappedJSON" preserveJsonStringFormatting="false"/>
                     </restSimpleBinding>
                  </binding>
                  <output>
                     <field description="Success"
                            entireResponse="true"
                            name="entireResponse"
                            type="object"/>
                  </output>
               </action>
               <action category="A_ProdAllocationSequence"
                       failOnError="true"
                       forSearch="false"
                       label="GET_A_ProdAllocationSequence_ProductAllocationSequenceUUID_"
                       maxRedirects="100"
                       name="GET_A_ProdAllocationSequence_ProductAllocationSequenceUUID_"
                       preemptiveAuth="true"
                       responseEncoding="">
                  <description>Get entity from A_ProdAllocationSequence by key</description>
                  <input>
                     <parameter description="Select properties to be returned, see [Select](https://help.sap.com/doc/5890d27be418427993fafa6722cdc03b/Cloud/en-US/OdataV2.pdf#page=68)"
                                label="$select"
                                name="$select"
                                required="false"
                                testWith=""
                                type="picklist">
                        <options>
                           <option name="values">[{"value":"ProductAllocationSequenceUUID","label":"ProductAllocationSequenceUUID"},{"value":"ProductAllocationSequence","label":"ProductAllocationSequence"},{"value":"ProductAllocationSequence_Text","label":"ProductAllocationSequence_Text"},{"value":"ProdAllocSqncConsumptionUnit","label":"ProdAllocSqncConsumptionUnit"},{"value":"CreationDateTime","label":"CreationDateTime"},{"value":"CreatedByUser","label":"CreatedByUser"},{"value":"LastChangeDateTime","label":"LastChangeDateTime"},{"value":"LastChangedByUser","label":"LastChangedByUser"},{"value":"to_ProdAllocSequenceTTP","label":"to_ProdAllocSequenceTTP"},{"value":"to_ProdAllocSqncAssgmtTP","label":"to_ProdAllocSqncAssgmtTP"}]</option>
                        </options>
                     </parameter>
                     <parameter description="Expand related entities, see [Expand](https://help.sap.com/doc/5890d27be418427993fafa6722cdc03b/Cloud/en-US/OdataV2.pdf#page=63)"
                                label="$expand"
                                name="$expand"
                                required="false"
                                testWith=""
                                type="picklist">
                        <options>
                           <option name="values">[{"value":"to_ProdAllocSequenceTTP","label":"to_ProdAllocSequenceTTP"},{"value":"to_ProdAllocSqncAssgmtTP","label":"to_ProdAllocSqncAssgmtTP"}]</option>
                        </options>
                     </parameter>
                     <parameter description="Product Allocation Sequence UUID"
                                label="ProductAllocationSequenceUUIDPathParam"
                                name="ProductAllocationSequenceUUIDPathParam"
                                nogen="true"
                                required="true"
                                testWith=""
                                type="string"/>
                  </input>
                  <binding>
                     <restSimpleBinding multiUsing="semicolonSeparated"
                                        url="https://{$hostName}/s4hanacloud/sap/opu/odata/sap/API_PRODUCT_ALLOC_SEQUENCE_SRV/A_ProdAllocationSequence({$ProductAllocationSequenceUUIDPathParam})"
                                        verb="GET">
                        <authentication>
                           <username>{$username}</username>
                           <password>{$password}</password>
                           <isExpressionInPassword>true</isExpressionInPassword>
                        </authentication>
                        <httpHeaders>
                           <header name="Content-Type">application/json</header>
                           <header name="Accept">application/json</header>
                        </httpHeaders>
                     </restSimpleBinding>
                  </binding>
                  <output>
                     <field description="Retrieved entity"
                            entireResponse="true"
                            name="entireResponse"
                            type="object"/>
                  </output>
               </action>
               <action category="A_ProdAllocationSequence"
                       failOnError="true"
                       forSearch="false"
                       label="GET_A_ProdAllocationSequence"
                       maxRedirects="100"
                       name="GET_A_ProdAllocationSequence"
                       preemptiveAuth="true"
                       responseEncoding="">
                  <description>Get entities from A_ProdAllocationSequence</description>
                  <input>
                     <parameter description="Show only the first n items, see [Paging - Top](https://help.sap.com/doc/5890d27be418427993fafa6722cdc03b/Cloud/en-US/OdataV2.pdf#page=66)"
                                label="$top"
                                name="$top"
                                required="false"
                                testWith=""
                                type="int"/>
                     <parameter description="Skip the first n items, see [Paging - Skip](https://help.sap.com/doc/5890d27be418427993fafa6722cdc03b/Cloud/en-US/OdataV2.pdf#page=65)"
                                label="$skip"
                                name="$skip"
                                required="false"
                                testWith=""
                                type="int"/>
                     <parameter description="Filter items by property values, see [Filtering](https://help.sap.com/doc/5890d27be418427993fafa6722cdc03b/Cloud/en-US/OdataV2.pdf#page=64)"
                                label="$filter"
                                name="$filter"
                                required="false"
                                testWith=""
                                type="string"/>
                     <parameter description="Include count of items, see [Inlinecount](https://help.sap.com/doc/5890d27be418427993fafa6722cdc03b/Cloud/en-US/OdataV2.pdf#page=67)"
                                label="$inlinecount"
                                name="$inlinecount"
                                required="false"
                                testWith=""
                                type="picklist">
                        <options>
                           <option name="values">[{"value":"allpages","label":"allpages"},{"value":"none","label":"none"}]</option>
                        </options>
                     </parameter>
                     <parameter description="Order items by property values, see [Sorting](https://help.sap.com/doc/5890d27be418427993fafa6722cdc03b/Cloud/en-US/OdataV2.pdf#page=65)"
                                label="$orderby"
                                name="$orderby"
                                required="false"
                                testWith=""
                                type="picklist">
                        <options>
                           <option name="values">[{"value":"ProductAllocationSequenceUUID","label":"ProductAllocationSequenceUUID"},{"value":"ProductAllocationSequenceUUID desc","label":"ProductAllocationSequenceUUID desc"},{"value":"ProductAllocationSequence","label":"ProductAllocationSequence"},{"value":"ProductAllocationSequence desc","label":"ProductAllocationSequence desc"},{"value":"ProductAllocationSequence_Text","label":"ProductAllocationSequence_Text"},{"value":"ProductAllocationSequence_Text desc","label":"ProductAllocationSequence_Text desc"},{"value":"ProdAllocSqncConsumptionUnit","label":"ProdAllocSqncConsumptionUnit"},{"value":"ProdAllocSqncConsumptionUnit desc","label":"ProdAllocSqncConsumptionUnit desc"},{"value":"CreationDateTime","label":"CreationDateTime"},{"value":"CreationDateTime desc","label":"CreationDateTime desc"},{"value":"CreatedByUser","label":"CreatedByUser"},{"value":"CreatedByUser desc","label":"CreatedByUser desc"},{"value":"LastChangeDateTime","label":"LastChangeDateTime"},{"value":"LastChangeDateTime desc","label":"LastChangeDateTime desc"},{"value":"LastChangedByUser","label":"LastChangedByUser"},{"value":"LastChangedByUser desc","label":"LastChangedByUser desc"}]</option>
                        </options>
                     </parameter>
                     <parameter description="Select properties to be returned, see [Select](https://help.sap.com/doc/5890d27be418427993fafa6722cdc03b/Cloud/en-US/OdataV2.pdf#page=68)"
                                label="$select"
                                name="$select"
                                required="false"
                                testWith=""
                                type="picklist">
                        <options>
                           <option name="values">[{"value":"ProductAllocationSequenceUUID","label":"ProductAllocationSequenceUUID"},{"value":"ProductAllocationSequence","label":"ProductAllocationSequence"},{"value":"ProductAllocationSequence_Text","label":"ProductAllocationSequence_Text"},{"value":"ProdAllocSqncConsumptionUnit","label":"ProdAllocSqncConsumptionUnit"},{"value":"CreationDateTime","label":"CreationDateTime"},{"value":"CreatedByUser","label":"CreatedByUser"},{"value":"LastChangeDateTime","label":"LastChangeDateTime"},{"value":"LastChangedByUser","label":"LastChangedByUser"},{"value":"to_ProdAllocSequenceTTP","label":"to_ProdAllocSequenceTTP"},{"value":"to_ProdAllocSqncAssgmtTP","label":"to_ProdAllocSqncAssgmtTP"}]</option>
                        </options>
                     </parameter>
                     <parameter description="Expand related entities, see [Expand](https://help.sap.com/doc/5890d27be418427993fafa6722cdc03b/Cloud/en-US/OdataV2.pdf#page=63)"
                                label="$expand"
                                name="$expand"
                                required="false"
                                testWith=""
                                type="picklist">
                        <options>
                           <option name="values">[{"value":"to_ProdAllocSequenceTTP","label":"to_ProdAllocSequenceTTP"},{"value":"to_ProdAllocSqncAssgmtTP","label":"to_ProdAllocSqncAssgmtTP"}]</option>
                        </options>
                     </parameter>
                  </input>
                  <binding>
                     <restSimpleBinding multiUsing="semicolonSeparated"
                                        url="https://{$hostName}/s4hanacloud/sap/opu/odata/sap/API_PRODUCT_ALLOC_SEQUENCE_SRV/A_ProdAllocationSequence"
                                        verb="GET">
                        <authentication>
                           <username>{$username}</username>
                           <password>{$password}</password>
                           <isExpressionInPassword>true</isExpressionInPassword>
                        </authentication>
                        <httpHeaders>
                           <header name="Content-Type">application/json</header>
                           <header name="Accept">application/json</header>
                        </httpHeaders>
                     </restSimpleBinding>
                  </binding>
                  <output>
                     <field description="Retrieved entities"
                            entireResponse="true"
                            name="entireResponse"
                            type="object"/>
                  </output>
               </action>
               <action category="A_ProdAllocSequenceT"
                       failOnError="true"
                       forSearch="false"
                       label="GET_A_ProdAllocSequenceT_ProductAllocationSequenceUUID_ProductAllocationSequenceUUID_Language_Language_to_ProdAllocationSequenceTP"
                       maxRedirects="100"
                       name="GET_A_ProdAllocSequenceT_ProductAllocationSequenceUUID_ProductAllocationSequenceUUID_Language_Language_to_ProdAllocationSequenceTP"
                       preemptiveAuth="true"
                       responseEncoding="">
                  <description>Get related to_ProdAllocationSequenceTP</description>
                  <input>
                     <parameter description="Select properties to be returned, see [Select](https://help.sap.com/doc/5890d27be418427993fafa6722cdc03b/Cloud/en-US/OdataV2.pdf#page=68)"
                                label="$select"
                                name="$select"
                                required="false"
                                testWith=""
                                type="picklist">
                        <options>
                           <option name="values">[{"value":"ProductAllocationSequenceUUID","label":"ProductAllocationSequenceUUID"},{"value":"ProductAllocationSequence","label":"ProductAllocationSequence"},{"value":"ProductAllocationSequence_Text","label":"ProductAllocationSequence_Text"},{"value":"ProdAllocSqncConsumptionUnit","label":"ProdAllocSqncConsumptionUnit"},{"value":"CreationDateTime","label":"CreationDateTime"},{"value":"CreatedByUser","label":"CreatedByUser"},{"value":"LastChangeDateTime","label":"LastChangeDateTime"},{"value":"LastChangedByUser","label":"LastChangedByUser"},{"value":"to_ProdAllocSequenceTTP","label":"to_ProdAllocSequenceTTP"},{"value":"to_ProdAllocSqncAssgmtTP","label":"to_ProdAllocSqncAssgmtTP"}]</option>
                        </options>
                     </parameter>
                     <parameter description="Expand related entities, see [Expand](https://help.sap.com/doc/5890d27be418427993fafa6722cdc03b/Cloud/en-US/OdataV2.pdf#page=63)"
                                label="$expand"
                                name="$expand"
                                required="false"
                                testWith=""
                                type="picklist">
                        <options>
                           <option name="values">[{"value":"to_ProdAllocSequenceTTP","label":"to_ProdAllocSequenceTTP"},{"value":"to_ProdAllocSqncAssgmtTP","label":"to_ProdAllocSqncAssgmtTP"}]</option>
                        </options>
                     </parameter>
                     <parameter description="Product Allocation Sequence UUID"
                                label="ProductAllocationSequenceUUIDPathParam"
                                name="ProductAllocationSequenceUUIDPathParam"
                                nogen="true"
                                required="true"
                                testWith=""
                                type="string"/>
                     <parameter description="The language key indicates  &#xA;- the language in which texts are displayed,- the language in which you enter texts,- the language in which the system prints texts."
                                label="LanguagePathParam"
                                name="LanguagePathParam"
                                nogen="true"
                                required="true"
                                testWith=""
                                type="string"/>
                  </input>
                  <binding>
                     <restSimpleBinding multiUsing="semicolonSeparated"
                                        url="https://{$hostName}/s4hanacloud/sap/opu/odata/sap/API_PRODUCT_ALLOC_SEQUENCE_SRV/A_ProdAllocSequenceT(ProductAllocationSequenceUUID={$ProductAllocationSequenceUUIDPathParam},Language='{$LanguagePathParam}')/to_ProdAllocationSequenceTP"
                                        verb="GET">
                        <authentication>
                           <username>{$username}</username>
                           <password>{$password}</password>
                           <isExpressionInPassword>true</isExpressionInPassword>
                        </authentication>
                        <httpHeaders>
                           <header name="Content-Type">application/json</header>
                           <header name="Accept">application/json</header>
                        </httpHeaders>
                     </restSimpleBinding>
                  </binding>
                  <output>
                     <field description="Retrieved entity"
                            entireResponse="true"
                            name="entireResponse"
                            type="object"/>
                  </output>
               </action>
               <action category="A_ProdAllocationSequence"
                       failOnError="true"
                       forSearch="false"
                       label="GET_A_ProdAllocationSequence_ProductAllocationSequenceUUID_to_ProdAllocSequenceTTP"
                       maxRedirects="100"
                       name="GET_A_ProdAllocationSequence_ProductAllocationSequenceUUID_to_ProdAllocSequenceTTP"
                       preemptiveAuth="true"
                       responseEncoding="">
                  <description>Get entities from related to_ProdAllocSequenceTTP</description>
                  <input>
                     <parameter description="Show only the first n items, see [Paging - Top](https://help.sap.com/doc/5890d27be418427993fafa6722cdc03b/Cloud/en-US/OdataV2.pdf#page=66)"
                                label="$top"
                                name="$top"
                                required="false"
                                testWith=""
                                type="int"/>
                     <parameter description="Skip the first n items, see [Paging - Skip](https://help.sap.com/doc/5890d27be418427993fafa6722cdc03b/Cloud/en-US/OdataV2.pdf#page=65)"
                                label="$skip"
                                name="$skip"
                                required="false"
                                testWith=""
                                type="int"/>
                     <parameter description="Filter items by property values, see [Filtering](https://help.sap.com/doc/5890d27be418427993fafa6722cdc03b/Cloud/en-US/OdataV2.pdf#page=64)"
                                label="$filter"
                                name="$filter"
                                required="false"
                                testWith=""
                                type="string"/>
                     <parameter description="Include count of items, see [Inlinecount](https://help.sap.com/doc/5890d27be418427993fafa6722cdc03b/Cloud/en-US/OdataV2.pdf#page=67)"
                                label="$inlinecount"
                                name="$inlinecount"
                                required="false"
                                testWith=""
                                type="picklist">
                        <options>
                           <option name="values">[{"value":"allpages","label":"allpages"},{"value":"none","label":"none"}]</option>
                        </options>
                     </parameter>
                     <parameter description="Order items by property values, see [Sorting](https://help.sap.com/doc/5890d27be418427993fafa6722cdc03b/Cloud/en-US/OdataV2.pdf#page=65)"
                                label="$orderby"
                                name="$orderby"
                                required="false"
                                testWith=""
                                type="picklist">
                        <options>
                           <option name="values">[{"value":"ProductAllocationSequenceUUID","label":"ProductAllocationSequenceUUID"},{"value":"ProductAllocationSequenceUUID desc","label":"ProductAllocationSequenceUUID desc"},{"value":"Language","label":"Language"},{"value":"Language desc","label":"Language desc"},{"value":"ProductAllocationSequenceDesc","label":"ProductAllocationSequenceDesc"},{"value":"ProductAllocationSequenceDesc desc","label":"ProductAllocationSequenceDesc desc"}]</option>
                        </options>
                     </parameter>
                     <parameter description="Select properties to be returned, see [Select](https://help.sap.com/doc/5890d27be418427993fafa6722cdc03b/Cloud/en-US/OdataV2.pdf#page=68)"
                                label="$select"
                                name="$select"
                                required="false"
                                testWith=""
                                type="picklist">
                        <options>
                           <option name="values">[{"value":"ProductAllocationSequenceUUID","label":"ProductAllocationSequenceUUID"},{"value":"Language","label":"Language"},{"value":"ProductAllocationSequenceDesc","label":"ProductAllocationSequenceDesc"},{"value":"to_ProdAllocationSequenceTP","label":"to_ProdAllocationSequenceTP"}]</option>
                        </options>
                     </parameter>
                     <parameter description="Expand related entities, see [Expand](https://help.sap.com/doc/5890d27be418427993fafa6722cdc03b/Cloud/en-US/OdataV2.pdf#page=63)"
                                label="$expand"
                                name="$expand"
                                required="false"
                                testWith=""
                                type="picklist">
                        <options>
                           <option name="values">[{"value":"to_ProdAllocationSequenceTP","label":"to_ProdAllocationSequenceTP"}]</option>
                        </options>
                     </parameter>
                     <parameter description="Product Allocation Sequence UUID"
                                label="ProductAllocationSequenceUUIDPathParam"
                                name="ProductAllocationSequenceUUIDPathParam"
                                nogen="true"
                                required="true"
                                testWith=""
                                type="string"/>
                  </input>
                  <binding>
                     <restSimpleBinding multiUsing="semicolonSeparated"
                                        url="https://{$hostName}/s4hanacloud/sap/opu/odata/sap/API_PRODUCT_ALLOC_SEQUENCE_SRV/A_ProdAllocationSequence({$ProductAllocationSequenceUUIDPathParam})/to_ProdAllocSequenceTTP"
                                        verb="GET">
                        <authentication>
                           <username>{$username}</username>
                           <password>{$password}</password>
                           <isExpressionInPassword>true</isExpressionInPassword>
                        </authentication>
                        <httpHeaders>
                           <header name="Content-Type">application/json</header>
                           <header name="Accept">application/json</header>
                        </httpHeaders>
                     </restSimpleBinding>
                  </binding>
                  <output>
                     <field description="Retrieved entities"
                            entireResponse="true"
                            name="entireResponse"
                            type="object"/>
                  </output>
               </action>
            </actions>
            <objects>
               <processObject xmlns="http://schemas.active-endpoints.com/appmodules/screenflow/2011/06/avosHostEnvironment.xsd"
                              isByCopy="true"
                              name="API_PRODUCT_ALLOC_SEQUENCE_SRV_A_ProdAllocSequenceTType_update">
                  <description/>
                  <detail>
                     <field name="ProductAllocationSequenceDesc" type="string"/>
                  </detail>
               </processObject>
               <processObject xmlns="http://schemas.active-endpoints.com/appmodules/screenflow/2011/06/avosHostEnvironment.xsd"
                              isByCopy="true"
                              name="API_PRODUCT_ALLOC_SEQUENCE_SRV_A_ProdAllocSqncAssgmtType">
                  <description/>
                  <detail>
                     <field name="Plant" type="string"/>
                     <field name="ValidityEndUTCDateTime" type="string"/>
                     <field name="ValidityStartTimeZone" type="string"/>
                     <field name="ValidityStartUTCDateTime" type="string"/>
                     <field name="Material" type="string"/>
                     <field name="ProdAllocSqncAssignmentUUID" type="string"/>
                     <field name="ProductAllocationSequence" type="string"/>
                     <field name="ProductAllocationSequenceUUID" type="string"/>
                     <field name="to_ProdAllocationSequenceTP" type="reference">
                        <options>
                           <option name="referenceTo">API_PRODUCT_ALLOC_SEQUENCE_SRV_A_ProdAllocationSequenceType</option>
                           <option name="relationshipName">Child</option>
                        </options>
                     </field>
                     <field name="ValidityEndTimeZone" type="string"/>
                  </detail>
               </processObject>
               <processObject xmlns="http://schemas.active-endpoints.com/appmodules/screenflow/2011/06/avosHostEnvironment.xsd"
                              isByCopy="true"
                              name="API_PRODUCT_ALLOC_SEQUENCE_SRV_A_ProdAllocSequenceTType_create">
                  <description/>
                  <detail>
                     <field name="Language" type="string"/>
                     <field name="ProductAllocationSequenceUUID" type="string"/>
                     <field name="to_ProdAllocationSequenceTP" type="reference">
                        <options>
                           <option name="referenceTo">API_PRODUCT_ALLOC_SEQUENCE_SRV_A_ProdAllocationSequenceType_create</option>
                           <option name="relationshipName">Child</option>
                        </options>
                     </field>
                     <field name="ProductAllocationSequenceDesc" type="string"/>
                  </detail>
               </processObject>
               <processObject xmlns="http://schemas.active-endpoints.com/appmodules/screenflow/2011/06/avosHostEnvironment.xsd"
                              isByCopy="true"
                              name="API_PRODUCT_ALLOC_SEQUENCE_SRV_A_ProdAllocationSequenceType_update">
                  <description/>
                  <detail>
                     <field name="CreationDateTime" type="string"/>
                     <field name="CreatedByUser" type="string"/>
                     <field name="ProdAllocSqncConsumptionUnit" type="string"/>
                     <field name="LastChangeDateTime" type="string"/>
                     <field name="ProductAllocationSequence" type="string"/>
                     <field name="LastChangedByUser" type="string"/>
                  </detail>
               </processObject>
               <processObject xmlns="http://schemas.active-endpoints.com/appmodules/screenflow/2011/06/avosHostEnvironment.xsd"
                              isByCopy="true"
                              name="API_PRODUCT_ALLOC_SEQUENCE_SRV_A_ProdAllocSequenceTType">
                  <description/>
                  <detail>
                     <field name="Language" type="string"/>
                     <field name="ProductAllocationSequenceUUID" type="string"/>
                     <field name="to_ProdAllocationSequenceTP" type="reference">
                        <options>
                           <option name="referenceTo">API_PRODUCT_ALLOC_SEQUENCE_SRV_A_ProdAllocationSequenceType</option>
                           <option name="relationshipName">Child</option>
                        </options>
                     </field>
                     <field name="ProductAllocationSequenceDesc" type="string"/>
                  </detail>
               </processObject>
               <processObject xmlns="http://schemas.active-endpoints.com/appmodules/screenflow/2011/06/avosHostEnvironment.xsd"
                              isByCopy="true"
                              name="API_PRODUCT_ALLOC_SEQUENCE_SRV_A_ProdAllocationSequenceType_create">
                  <description/>
                  <detail>
                     <field name="CreationDateTime" type="string"/>
                     <field name="CreatedByUser" type="string"/>
                     <field name="ProdAllocSqncConsumptionUnit" type="string"/>
                     <field name="to_ProdAllocSequenceTTP" type="object"/>
                     <field name="LastChangeDateTime" type="string"/>
                     <field name="ProductAllocationSequence" type="string"/>
                     <field name="ProductAllocationSequenceUUID" type="string"/>
                     <field name="LastChangedByUser" type="string"/>
                     <field name="to_ProdAllocSqncAssgmtTP" type="object"/>
                  </detail>
               </processObject>
               <processObject xmlns="http://schemas.active-endpoints.com/appmodules/screenflow/2011/06/avosHostEnvironment.xsd"
                              isByCopy="true"
                              name="API_PRODUCT_ALLOC_SEQUENCE_SRV_A_ProdAllocSqncAssgmtType_update">
                  <description/>
                  <detail>
                     <field name="Plant" type="string"/>
                     <field name="ValidityEndUTCDateTime" type="string"/>
                     <field name="ValidityStartTimeZone" type="string"/>
                     <field name="ValidityStartUTCDateTime" type="string"/>
                     <field name="Material" type="string"/>
                     <field name="ProductAllocationSequence" type="string"/>
                     <field name="ProductAllocationSequenceUUID" type="string"/>
                     <field name="ValidityEndTimeZone" type="string"/>
                  </detail>
               </processObject>
               <processObject xmlns="http://schemas.active-endpoints.com/appmodules/screenflow/2011/06/avosHostEnvironment.xsd"
                              isByCopy="true"
                              name="API_PRODUCT_ALLOC_SEQUENCE_SRV_A_ProdAllocationSequenceType">
                  <description/>
                  <detail>
                     <field name="CreationDateTime" type="string"/>
                     <field name="CreatedByUser" type="string"/>
                     <field name="ProdAllocSqncConsumptionUnit" type="string"/>
                     <field name="to_ProdAllocSequenceTTP" type="object"/>
                     <field name="LastChangeDateTime" type="string"/>
                     <field name="ProductAllocationSequence" type="string"/>
                     <field name="ProductAllocationSequenceUUID" type="string"/>
                     <field name="LastChangedByUser" type="string"/>
                     <field name="ProductAllocationSequence_Text" type="string"/>
                     <field name="to_ProdAllocSqncAssgmtTP" type="object"/>
                  </detail>
               </processObject>
               <processObject xmlns="http://schemas.active-endpoints.com/appmodules/screenflow/2011/06/avosHostEnvironment.xsd"
                              isByCopy="true"
                              name="API_PRODUCT_ALLOC_SEQUENCE_SRV_A_ProdAllocSqncAssgmtType_create">
                  <description/>
                  <detail>
                     <field name="Plant" type="string"/>
                     <field name="ValidityEndUTCDateTime" type="string"/>
                     <field name="ValidityStartTimeZone" type="string"/>
                     <field name="ValidityStartUTCDateTime" type="string"/>
                     <field name="Material" type="string"/>
                     <field name="ProdAllocSqncAssignmentUUID" type="string"/>
                     <field name="ProductAllocationSequence" type="string"/>
                     <field name="ProductAllocationSequenceUUID" type="string"/>
                     <field name="to_ProdAllocationSequenceTP" type="reference">
                        <options>
                           <option name="referenceTo">API_PRODUCT_ALLOC_SEQUENCE_SRV_A_ProdAllocationSequenceType_create</option>
                           <option name="relationshipName">Child</option>
                        </options>
                     </field>
                     <field name="ValidityEndTimeZone" type="string"/>
                  </detail>
               </processObject>
               <processObject xmlns="http://schemas.active-endpoints.com/appmodules/screenflow/2011/06/avosHostEnvironment.xsd"
                              isByCopy="true"
                              name="error">
                  <description/>
                  <detail>
                     <field name="error" type="object"/>
                  </detail>
               </processObject>
               <processObject xmlns="http://schemas.active-endpoints.com/appmodules/screenflow/2011/06/avosHostEnvironment.xsd"
                              isByCopy="true"
                              name="string">
                  <description/>
                  <detail>
                     <field name="string" type="string"/>
                  </detail>
               </processObject>
               <processObject xmlns="http://schemas.active-endpoints.com/appmodules/screenflow/2011/06/avosHostEnvironment.xsd"
                              isByCopy="true"
                              name="boolean">
                  <description/>
                  <detail>
                     <field name="boolean" type="boolean"/>
                  </detail>
               </processObject>
               <processObject xmlns="http://schemas.active-endpoints.com/appmodules/screenflow/2011/06/avosHostEnvironment.xsd"
                              isByCopy="true"
                              name="double">
                  <description/>
                  <detail>
                     <field name="double" type="double"/>
                  </detail>
               </processObject>
               <processObject xmlns="http://schemas.active-endpoints.com/appmodules/screenflow/2011/06/avosHostEnvironment.xsd"
                              isByCopy="true"
                              name="integer">
                  <description/>
                  <detail>
                     <field name="integer" type="int"/>
                  </detail>
               </processObject>
            </objects>
         </businessConnector>
      </types1:Entry>
      <types1:GUID>7D1YvWWAKMWb6NcavUP7Uh</types1:GUID>
      <types1:DisplayName>SAP S4HANA Product Allocation Sequence API v1</types1:DisplayName>
   </types1:Item>
   <types1:CurrentServerDateTime>2019-11-18T04:24:13.637Z</types1:CurrentServerDateTime>
</aetgt:getResponse>
