<aetgt:getResponse xmlns:aetgt="http://schemas.active-endpoints.com/appmodules/repository/2010/10/avrepository.xsd"
                   xmlns:types1="http://schemas.active-endpoints.com/appmodules/repository/2010/10/avrepository.xsd">
   <types1:Item>
      <types1:EntryId>JtlI20hELlBWlD2-gt-950109-2019-02-18T03:58:56.8Z::svc.xml</types1:EntryId>
      <types1:Name>Oracle_Eloqua_Marketing_Cloud_Service_Custom_Objects_Bulk_API_v2</types1:Name>
      <types1:MimeType>application/xml+businesssconnector</types1:MimeType>
      <types1:Description>Bulk Api Custom Objects Endpoints</types1:Description>
      <types1:AppliesTo/>
      <types1:Tags/>
      <types1:VersionLabel>1.0</types1:VersionLabel>
      <types1:State>CURRENT</types1:State>
      <types1:ProcessGroup/>
      <types1:CreatedBy>sorabh@na1.dm-us.org</types1:CreatedBy>
      <types1:CreationDate>2019-02-18T03:58:57Z</types1:CreationDate>
      <types1:ModifiedBy/>
      <types1:PublicationStatus>published</types1:PublicationStatus>
      <types1:PublishedBy>sorabh@na1.dm-us.org</types1:PublishedBy>
      <types1:PublicationDate>2019-02-18T03:59:09Z</types1:PublicationDate>
      <types1:PublishedContributionId>project:/rt.connector/Oracle_Eloqua_Marketing_Cloud_Service_Custom_Objects_Bulk_API_v2/Oracle_Eloqua_Marketing_Cloud_Service_Custom_Objects_Bulk_API_v2_svcDef.xml</types1:PublishedContributionId>
      <types1:AutosaveExists>false</types1:AutosaveExists>
      <types1:Entry>
         <businessConnector xmlns="http://schemas.informatica.com/socrates/data-services/2014/05/business-connector-model.xsd"
                            agentOnly="false"
                            debug="false"
                            displayName="Oracle Eloqua Marketing Cloud Service Custom Objects Bulk API v2"
                            label=""
                            name="Oracle_Eloqua_Marketing_Cloud_Service_Custom_Objects_Bulk_API_v2"
                            uuid="cf23e867-ea93-4916-a7c9-debc23e58be2">
            <description>Bulk Api Custom Objects Endpoints</description>
            <tags/>
            <connectionAttributes xmlns="http://schemas.informatica.com/appmodules/screenflow/2014/04/avosConnectors.xsd">
               <connectionAttribute description="Host Name"
                                    masked="false"
                                    name="hostName"
                                    required="true"
                                    testWith="apicatalog.oraclecloud.com"
                                    type="string"/>
            </connectionAttributes>
            <actions>
               <action category="Bulk/2.0/customObjects"
                       failOnError="true"
                       forSearch="false"
                       label="PostCustomObjectImportData"
                       maxRedirects="100"
                       name="PostCustomObjectImportData"
                       preemptiveAuth="true"
                       responseEncoding="">
                  <description>Upload data for a custom object import definition. Uploads data for the specified custom object import definition.</description>
                  <input>
                     <parameter description="The custom object's resource identification number."
                                label="parentIdPathParam"
                                name="parentIdPathParam"
                                nogen="true"
                                required="true"
                                testWith=""
                                type="int"/>
                     <parameter description="The import definition's resource identification number."
                                label="idPathParam"
                                name="idPathParam"
                                nogen="true"
                                required="true"
                                testWith=""
                                type="int"/>
                     <parameter description="The request body contains data to be uploaded to the custom object import definition."
                                label="CustomObjectImportData"
                                name="CustomObjectImportData"
                                required="true"
                                testWith=""
                                type="objectlist">
                        <options>
                           <option name="referenceTo"/>
                        </options>
                     </parameter>
                  </input>
                  <binding>
                     <restSimpleBinding multiUsing="semicolonSeparated"
                                        url="https://{$hostName}/api/bulk/2.0/customObjects/{$parentIdPathParam}/imports/{$idPathParam}/data"
                                        verb="POST">
                        <httpHeaders>
                           <header name="Content-Type">application/json</header>
                           <header name="Accept">application/json</header>
                        </httpHeaders>
                        <body generateUsing="UnwrappedJSON" preserveJsonStringFormatting="false"/>
                     </restSimpleBinding>
                  </binding>
                  <output/>
               </action>
               <action category="Bulk/2.0/customObjects"
                       failOnError="true"
                       forSearch="false"
                       label="DeleteCustomObjectImportData"
                       maxRedirects="100"
                       name="DeleteCustomObjectImportData"
                       preemptiveAuth="true"
                       responseEncoding="">
                  <description>Delete synced data for a custom object import definition. Deletes the synced data for the specified custom object import definition.</description>
                  <input>
                     <parameter description="The custom object's resource identification number."
                                label="parentIdPathParam"
                                name="parentIdPathParam"
                                nogen="true"
                                required="true"
                                testWith=""
                                type="int"/>
                     <parameter description="The import definition's resource identification number."
                                label="idPathParam"
                                name="idPathParam"
                                nogen="true"
                                required="true"
                                testWith=""
                                type="int"/>
                  </input>
                  <binding>
                     <restSimpleBinding multiUsing="semicolonSeparated"
                                        url="https://{$hostName}/api/bulk/2.0/customObjects/{$parentIdPathParam}/imports/{$idPathParam}/data"
                                        verb="DELETE">
                        <httpHeaders>
                           <header name="Content-Type">application/json</header>
                           <header name="Accept">application/json</header>
                        </httpHeaders>
                     </restSimpleBinding>
                  </binding>
                  <output/>
               </action>
               <action category="Bulk/2.0/customObjects"
                       failOnError="true"
                       forSearch="false"
                       label="PostCustomObjectExportIndividual"
                       maxRedirects="100"
                       name="PostCustomObjectExportIndividual"
                       preemptiveAuth="true"
                       responseEncoding="">
                  <description>Create an export definition for a custom object. Creates a new export definition for the specified custom object. See the &lt;a href='https://docs.oracle.com/cloud/latest/marketingcs_gs/OMCAB/index.html#CSHID=BulkExport'&gt;tutorial&lt;/a&gt; for details on how to export data.</description>
                  <input>
                     <parameter description="The custom object's resource identification number."
                                label="parentIdPathParam"
                                name="parentIdPathParam"
                                nogen="true"
                                required="true"
                                testWith=""
                                type="int"/>
                     <parameter description="The request body contains details of the custom object export definition."
                                label="CustomObjectExportIndividual"
                                name="CustomObjectExportIndividual"
                                required="true"
                                testWith=""
                                type="reference">
                        <options>
                           <option name="referenceTo"/>
                        </options>
                     </parameter>
                  </input>
                  <binding>
                     <restSimpleBinding multiUsing="semicolonSeparated"
                                        url="https://{$hostName}/api/bulk/2.0/customObjects/{$parentIdPathParam}/exports"
                                        verb="POST">
                        <httpHeaders>
                           <header name="Content-Type">application/json</header>
                           <header name="Accept">application/json</header>
                        </httpHeaders>
                        <body generateUsing="UnwrappedJSON" preserveJsonStringFormatting="false"/>
                     </restSimpleBinding>
                  </binding>
                  <output/>
               </action>
               <action category="Bulk/2.0/customObjects"
                       failOnError="true"
                       forSearch="false"
                       label="GetCustomObjectExportSearch"
                       maxRedirects="100"
                       name="GetCustomObjectExportSearch"
                       preemptiveAuth="true"
                       responseEncoding="">
                  <description>Retrieve a list of export definitions for a custom object. Retrieves the list of export definitions for the custom object with the specified id</description>
                  <input>
                     <parameter description="The sync action definition's resource identification number."
                                label="parentIdPathParam"
                                name="parentIdPathParam"
                                nogen="true"
                                required="true"
                                testWith=""
                                type="int"/>
                     <parameter description="A URL parameter that specifies the maximum number of records to return. This can be any positive integer between 1 and 1000 inclusive. If not specified, the default is 1000. Example: &lt;code&gt;?limit=5&lt;/code&gt;."
                                label="limit"
                                name="limit"
                                required="false"
                                testWith=""
                                type="int"/>
                     <parameter description="The links section in a resource return all the links by default. The client side might be only interested in a particular link. To satisfy that requirement, a &#34;links&#34; query parameter might be supported. The value of this query parameter is a list of relations separated by comma &#34;,&#34;. For example, ?links=canonical, next will only return the links with &#34;rel&#34; property be canonical or next."
                                label="links"
                                name="links"
                                required="false"
                                testWith=""
                                type="string"/>
                     <parameter description="Specifies an offset that allows you to retrieve the next batch of records. Any positive integer. For example, if your limit is 1000, specifying an offset of 1000 will return records 1000 through 2000. If not specified, the default is 0. Example: &lt;code&gt;?offset=1000&lt;/code&gt;."
                                label="offset"
                                name="offset"
                                required="false"
                                testWith=""
                                type="int"/>
                     <parameter description="Specifies the name of the property to order the results by. The &lt;code&gt;orderBy&lt;/code&gt; format is &lt;code&gt;term&lt;/code&gt; ASC | DESC. Example: &lt;code&gt;?orderBy=name ASC&lt;/code&gt;."
                                label="orderBy"
                                name="orderBy"
                                required="false"
                                testWith=""
                                type="string"/>
                     <parameter description="A URL parameter that specifies query criteria used to filter results. The &lt;code&gt;q&lt;/code&gt; format is &lt;code&gt;term&lt;/code&gt;&lt;code&gt;operator&lt;/code&gt;&lt;code&gt;value&lt;/code&gt;. Use &#34;*&#34; for wildcard values. Example: &lt;code&gt;?q=&#34;name=*Test*&#34;&lt;/code&gt; will find all the entities where the &#34;name&#34; field contains the string &#34;Test&#34;."
                                label="q"
                                name="q"
                                required="false"
                                testWith=""
                                type="string"/>
                     <parameter description="Whether or not the total results are shown, and factored into the &lt;code&gt;hasMore&lt;/code&gt; property in the response. When set to &lt;code&gt;false&lt;/code&gt;, the &lt;code&gt;totalResults&lt;/code&gt; property will not be returned, and the &lt;code&gt;hasMore&lt;/code&gt; property will be determined based on returned events that match the criteria specified in the URL parameters. If not specified, the default is &lt;code&gt;true&lt;/code&gt;."
                                label="totalResults"
                                name="totalResults"
                                required="false"
                                testWith=""
                                type="boolean"/>
                  </input>
                  <binding>
                     <restSimpleBinding multiUsing="semicolonSeparated"
                                        url="https://{$hostName}/api/bulk/2.0/customObjects/{$parentIdPathParam}/exports"
                                        verb="GET">
                        <httpHeaders>
                           <header name="Content-Type">application/json</header>
                           <header name="Accept">application/json</header>
                        </httpHeaders>
                     </restSimpleBinding>
                  </binding>
                  <output/>
               </action>
               <action category="Bulk/2.0/customObjects"
                       failOnError="true"
                       forSearch="false"
                       label="GetCustomObjectSearch"
                       maxRedirects="100"
                       name="GetCustomObjectSearch"
                       preemptiveAuth="true"
                       responseEncoding="">
                  <description>Retrieve a list of custom objects. Retrieves all custom objects that match the criteria specified in the URL parameters.</description>
                  <input>
                     <parameter description="A URL parameter that specifies the maximum number of records to return. This can be any positive integer between 1 and 1000 inclusive. If not specified, the default is 1000. Example: &lt;code&gt;?limit=5&lt;/code&gt;."
                                label="limit"
                                name="limit"
                                required="false"
                                testWith=""
                                type="int"/>
                     <parameter description="The links section in a resource return all the links by default. The client side might be only interested in a particular link. To satisfy that requirement, a &#34;links&#34; query parameter might be supported. The value of this query parameter is a list of relations separated by comma &#34;,&#34;. For example, ?links=canonical, next will only return the links with &#34;rel&#34; property be canonical or next."
                                label="links"
                                name="links"
                                required="false"
                                testWith=""
                                type="string"/>
                     <parameter description="Specifies an offset that allows you to retrieve the next batch of records. Any positive integer. For example, if your limit is 1000, specifying an offset of 1000 will return records 1000 through 2000. If not specified, the default is 0. Example: &lt;code&gt;?offset=1000&lt;/code&gt;."
                                label="offset"
                                name="offset"
                                required="false"
                                testWith=""
                                type="int"/>
                     <parameter description="Specifies the name of the property to order the results by. The &lt;code&gt;orderBy&lt;/code&gt; format is &lt;code&gt;term&lt;/code&gt; ASC | DESC. Example: &lt;code&gt;?orderBy=name ASC&lt;/code&gt;."
                                label="orderBy"
                                name="orderBy"
                                required="false"
                                testWith=""
                                type="string"/>
                     <parameter description="A URL parameter that specifies query criteria used to filter results. The &lt;code&gt;q&lt;/code&gt; format is &lt;code&gt;term&lt;/code&gt;&lt;code&gt;operator&lt;/code&gt;&lt;code&gt;value&lt;/code&gt;. Use &#34;*&#34; for wildcard values. Example: &lt;code&gt;?q=&#34;name=*Test*&#34;&lt;/code&gt; will find all the entities where the &#34;name&#34; field contains the string &#34;Test&#34;."
                                label="q"
                                name="q"
                                required="false"
                                testWith=""
                                type="string"/>
                     <parameter description="Whether or not the total results are shown, and factored into the &lt;code&gt;hasMore&lt;/code&gt; property in the response. When set to &lt;code&gt;false&lt;/code&gt;, the &lt;code&gt;totalResults&lt;/code&gt; property will not be returned, and the &lt;code&gt;hasMore&lt;/code&gt; property will be determined based on returned events that match the criteria specified in the URL parameters. If not specified, the default is &lt;code&gt;true&lt;/code&gt;."
                                label="totalResults"
                                name="totalResults"
                                required="false"
                                testWith=""
                                type="boolean"/>
                  </input>
                  <binding>
                     <restSimpleBinding multiUsing="semicolonSeparated"
                                        url="https://{$hostName}/api/bulk/2.0/customObjects"
                                        verb="GET">
                        <httpHeaders>
                           <header name="Content-Type">application/json</header>
                           <header name="Accept">application/json</header>
                        </httpHeaders>
                     </restSimpleBinding>
                  </binding>
                  <output/>
               </action>
               <action category="Bulk/2.0/customObjects"
                       failOnError="true"
                       forSearch="false"
                       label="GetCustomObjectIndividual"
                       maxRedirects="100"
                       name="GetCustomObjectIndividual"
                       preemptiveAuth="true"
                       responseEncoding="">
                  <description>Retrieve a custom object. Retrieves a custom object that matches the criteria specified in the URL parameters.</description>
                  <input>
                     <parameter description="The sync action definition's resource identification number."
                                label="parentIdPathParam"
                                name="parentIdPathParam"
                                nogen="true"
                                required="true"
                                testWith=""
                                type="int"/>
                  </input>
                  <binding>
                     <restSimpleBinding multiUsing="semicolonSeparated"
                                        url="https://{$hostName}/api/bulk/2.0/customObjects/{$parentIdPathParam}"
                                        verb="GET">
                        <httpHeaders>
                           <header name="Content-Type">application/json</header>
                           <header name="Accept">application/json</header>
                        </httpHeaders>
                     </restSimpleBinding>
                  </binding>
                  <output/>
               </action>
               <action category="Bulk/2.0/customObjects"
                       failOnError="true"
                       forSearch="false"
                       label="GetCustomObjectFieldSearch"
                       maxRedirects="100"
                       name="GetCustomObjectFieldSearch"
                       preemptiveAuth="true"
                       responseEncoding="">
                  <description>Retrieve a list of the fields for a custom object. Retrieves a custom object field definition for the custom object and field ids provided.</description>
                  <input>
                     <parameter description="The sync action definition's resource identification number."
                                label="parentIdPathParam"
                                name="parentIdPathParam"
                                nogen="true"
                                required="true"
                                testWith=""
                                type="int"/>
                     <parameter description="A URL parameter that specifies the maximum number of records to return. This can be any positive integer between 1 and 1000 inclusive. If not specified, the default is 1000. Example: &lt;code&gt;?limit=5&lt;/code&gt;."
                                label="limit"
                                name="limit"
                                required="false"
                                testWith=""
                                type="int"/>
                     <parameter description="The links section in a resource return all the links by default. The client side might be only interested in a particular link. To satisfy that requirement, a &#34;links&#34; query parameter might be supported. The value of this query parameter is a list of relations separated by comma &#34;,&#34;. For example, ?links=canonical, next will only return the links with &#34;rel&#34; property be canonical or next."
                                label="links"
                                name="links"
                                required="false"
                                testWith=""
                                type="string"/>
                     <parameter description="Specifies an offset that allows you to retrieve the next batch of records. Any positive integer. For example, if your limit is 1000, specifying an offset of 1000 will return records 1000 through 2000. If not specified, the default is 0. Example: &lt;code&gt;?offset=1000&lt;/code&gt;."
                                label="offset"
                                name="offset"
                                required="false"
                                testWith=""
                                type="int"/>
                     <parameter description="Specifies the name of the property to order the results by. The &lt;code&gt;orderBy&lt;/code&gt; format is &lt;code&gt;term&lt;/code&gt; ASC | DESC. Example: &lt;code&gt;?orderBy=name ASC&lt;/code&gt;."
                                label="orderBy"
                                name="orderBy"
                                required="false"
                                testWith=""
                                type="string"/>
                     <parameter description="A URL parameter that specifies query criteria used to filter results. The &lt;code&gt;q&lt;/code&gt; format is &lt;code&gt;term&lt;/code&gt;&lt;code&gt;operator&lt;/code&gt;&lt;code&gt;value&lt;/code&gt;. Use &#34;*&#34; for wildcard values. Example: &lt;code&gt;?q=&#34;name=*Test*&#34;&lt;/code&gt; will find all the entities where the &#34;name&#34; field contains the string &#34;Test&#34;."
                                label="q"
                                name="q"
                                required="false"
                                testWith=""
                                type="string"/>
                     <parameter description="Whether or not the total results are shown, and factored into the &lt;code&gt;hasMore&lt;/code&gt; property in the response. When set to &lt;code&gt;false&lt;/code&gt;, the &lt;code&gt;totalResults&lt;/code&gt; property will not be returned, and the &lt;code&gt;hasMore&lt;/code&gt; property will be determined based on returned events that match the criteria specified in the URL parameters. If not specified, the default is &lt;code&gt;true&lt;/code&gt;."
                                label="totalResults"
                                name="totalResults"
                                required="false"
                                testWith=""
                                type="boolean"/>
                  </input>
                  <binding>
                     <restSimpleBinding multiUsing="semicolonSeparated"
                                        url="https://{$hostName}/api/bulk/2.0/customObjects/{$parentIdPathParam}/fields"
                                        verb="GET">
                        <httpHeaders>
                           <header name="Content-Type">application/json</header>
                           <header name="Accept">application/json</header>
                        </httpHeaders>
                     </restSimpleBinding>
                  </binding>
                  <output/>
               </action>
               <action category="Bulk/2.0/customObjects"
                       failOnError="true"
                       forSearch="false"
                       label="PostCustomObjectImportIndividual"
                       maxRedirects="100"
                       name="PostCustomObjectImportIndividual"
                       preemptiveAuth="true"
                       responseEncoding="">
                  <description>Create an import definition for a custom object. Creates a new import definition for the specified custom object. See the &lt;a href='https://docs.oracle.com/cloud/latest/marketingcs_gs/OMCAB/index.html#CSHID=BulkImport'&gt;tutorial&lt;/a&gt; for details on how to import data.</description>
                  <input>
                     <parameter description="The custom object's resource identification number."
                                label="parentIdPathParam"
                                name="parentIdPathParam"
                                nogen="true"
                                required="true"
                                testWith=""
                                type="int"/>
                     <parameter description="The request body contains details of the custom object import definition."
                                label="CustomObjectImportIndividual"
                                name="CustomObjectImportIndividual"
                                required="true"
                                testWith=""
                                type="reference">
                        <options>
                           <option name="referenceTo"/>
                        </options>
                     </parameter>
                  </input>
                  <binding>
                     <restSimpleBinding multiUsing="semicolonSeparated"
                                        url="https://{$hostName}/api/bulk/2.0/customObjects/{$parentIdPathParam}/imports"
                                        verb="POST">
                        <httpHeaders>
                           <header name="Content-Type">application/json</header>
                           <header name="Accept">application/json</header>
                        </httpHeaders>
                        <body generateUsing="UnwrappedJSON" preserveJsonStringFormatting="false"/>
                     </restSimpleBinding>
                  </binding>
                  <output/>
               </action>
               <action category="Bulk/2.0/customObjects"
                       failOnError="true"
                       forSearch="false"
                       label="GetCustomObjectImportSearch"
                       maxRedirects="100"
                       name="GetCustomObjectImportSearch"
                       preemptiveAuth="true"
                       responseEncoding="">
                  <description>Retrieve a list of import definitions for a custom object. Retrieves the list of import definitions for the custom object with the specified id.</description>
                  <input>
                     <parameter description="The sync action definition's resource identification number."
                                label="parentIdPathParam"
                                name="parentIdPathParam"
                                nogen="true"
                                required="true"
                                testWith=""
                                type="int"/>
                     <parameter description="A URL parameter that specifies the maximum number of records to return. This can be any positive integer between 1 and 1000 inclusive. If not specified, the default is 1000. Example: &lt;code&gt;?limit=5&lt;/code&gt;."
                                label="limit"
                                name="limit"
                                required="false"
                                testWith=""
                                type="int"/>
                     <parameter description="The links section in a resource return all the links by default. The client side might be only interested in a particular link. To satisfy that requirement, a &#34;links&#34; query parameter might be supported. The value of this query parameter is a list of relations separated by comma &#34;,&#34;. For example, ?links=canonical, next will only return the links with &#34;rel&#34; property be canonical or next."
                                label="links"
                                name="links"
                                required="false"
                                testWith=""
                                type="string"/>
                     <parameter description="Specifies an offset that allows you to retrieve the next batch of records. Any positive integer. For example, if your limit is 1000, specifying an offset of 1000 will return records 1000 through 2000. If not specified, the default is 0. Example: &lt;code&gt;?offset=1000&lt;/code&gt;."
                                label="offset"
                                name="offset"
                                required="false"
                                testWith=""
                                type="int"/>
                     <parameter description="Specifies the name of the property to order the results by. The &lt;code&gt;orderBy&lt;/code&gt; format is &lt;code&gt;term&lt;/code&gt; ASC | DESC. Example: &lt;code&gt;?orderBy=name ASC&lt;/code&gt;."
                                label="orderBy"
                                name="orderBy"
                                required="false"
                                testWith=""
                                type="string"/>
                     <parameter description="A URL parameter that specifies query criteria used to filter results. The &lt;code&gt;q&lt;/code&gt; format is &lt;code&gt;term&lt;/code&gt;&lt;code&gt;operator&lt;/code&gt;&lt;code&gt;value&lt;/code&gt;. Use &#34;*&#34; for wildcard values. Example: &lt;code&gt;?q=&#34;name=*Test*&#34;&lt;/code&gt; will find all the entities where the &#34;name&#34; field contains the string &#34;Test&#34;."
                                label="q"
                                name="q"
                                required="false"
                                testWith=""
                                type="string"/>
                     <parameter description="Whether or not the total results are shown, and factored into the &lt;code&gt;hasMore&lt;/code&gt; property in the response. When set to &lt;code&gt;false&lt;/code&gt;, the &lt;code&gt;totalResults&lt;/code&gt; property will not be returned, and the &lt;code&gt;hasMore&lt;/code&gt; property will be determined based on returned events that match the criteria specified in the URL parameters. If not specified, the default is &lt;code&gt;true&lt;/code&gt;."
                                label="totalResults"
                                name="totalResults"
                                required="false"
                                testWith=""
                                type="boolean"/>
                  </input>
                  <binding>
                     <restSimpleBinding multiUsing="semicolonSeparated"
                                        url="https://{$hostName}/api/bulk/2.0/customObjects/{$parentIdPathParam}/imports"
                                        verb="GET">
                        <httpHeaders>
                           <header name="Content-Type">application/json</header>
                           <header name="Accept">application/json</header>
                        </httpHeaders>
                     </restSimpleBinding>
                  </binding>
                  <output/>
               </action>
               <action category="Bulk/2.0/customObjects"
                       failOnError="true"
                       forSearch="false"
                       label="GetCustomObjectFieldIndividual"
                       maxRedirects="100"
                       name="GetCustomObjectFieldIndividual"
                       preemptiveAuth="true"
                       responseEncoding="">
                  <description>Retrieve a custom object field definition. Retrieves a custom object field definition for the custom object and field ids provided.</description>
                  <input>
                     <parameter description="The custom object's resource identification number."
                                label="parentIdPathParam"
                                name="parentIdPathParam"
                                nogen="true"
                                required="true"
                                testWith=""
                                type="int"/>
                     <parameter description="The custom object's resource identification number."
                                label="idPathParam"
                                name="idPathParam"
                                nogen="true"
                                required="true"
                                testWith=""
                                type="int"/>
                  </input>
                  <binding>
                     <restSimpleBinding multiUsing="semicolonSeparated"
                                        url="https://{$hostName}/api/bulk/2.0/customObjects/{$parentIdPathParam}/fields/{$idPathParam}"
                                        verb="GET">
                        <httpHeaders>
                           <header name="Content-Type">application/json</header>
                           <header name="Accept">application/json</header>
                        </httpHeaders>
                     </restSimpleBinding>
                  </binding>
                  <output/>
               </action>
               <action category="Bulk/2.0/customObjects"
                       failOnError="true"
                       forSearch="false"
                       label="GetCustomObjectSyncActionOperationIndividual"
                       maxRedirects="100"
                       name="GetCustomObjectSyncActionOperationIndividual"
                       preemptiveAuth="true"
                       responseEncoding="">
                  <description>Retrieve a custom object sync action definition for a custom object. Retrieve a custom object sync action definition for the specified custom object and sync action definition.</description>
                  <input>
                     <parameter description="The custom object's resource identification number."
                                label="parentIdPathParam"
                                name="parentIdPathParam"
                                nogen="true"
                                required="true"
                                testWith=""
                                type="int"/>
                     <parameter description="The sync action definition's resource identification number."
                                label="idPathParam"
                                name="idPathParam"
                                nogen="true"
                                required="true"
                                testWith=""
                                type="int"/>
                  </input>
                  <binding>
                     <restSimpleBinding multiUsing="semicolonSeparated"
                                        url="https://{$hostName}/api/bulk/2.0/customObjects/{$parentIdPathParam}/syncActions/{$idPathParam}"
                                        verb="GET">
                        <httpHeaders>
                           <header name="Content-Type">application/json</header>
                           <header name="Accept">application/json</header>
                        </httpHeaders>
                     </restSimpleBinding>
                  </binding>
                  <output/>
               </action>
               <action category="Bulk/2.0/customObjects"
                       failOnError="true"
                       forSearch="false"
                       label="DeleteCustomObjectSyncActionOperationIndividual"
                       maxRedirects="100"
                       name="DeleteCustomObjectSyncActionOperationIndividual"
                       preemptiveAuth="true"
                       responseEncoding="">
                  <description>Delete a custom object sync action definition. Deletes the specified custom object sync action definition.</description>
                  <input>
                     <parameter description="The custom object's resource identification number."
                                label="parentIdPathParam"
                                name="parentIdPathParam"
                                nogen="true"
                                required="true"
                                testWith=""
                                type="int"/>
                     <parameter description="The sync action definition's resource identification number."
                                label="idPathParam"
                                name="idPathParam"
                                nogen="true"
                                required="true"
                                testWith=""
                                type="int"/>
                  </input>
                  <binding>
                     <restSimpleBinding multiUsing="semicolonSeparated"
                                        url="https://{$hostName}/api/bulk/2.0/customObjects/{$parentIdPathParam}/syncActions/{$idPathParam}"
                                        verb="DELETE">
                        <httpHeaders>
                           <header name="Content-Type">application/json</header>
                           <header name="Accept">application/json</header>
                        </httpHeaders>
                     </restSimpleBinding>
                  </binding>
                  <output/>
               </action>
               <action category="Bulk/2.0/customObjects"
                       failOnError="true"
                       forSearch="false"
                       label="PutCustomObjectSyncActionOperationIndividual"
                       maxRedirects="100"
                       name="PutCustomObjectSyncActionOperationIndividual"
                       preemptiveAuth="true"
                       responseEncoding="">
                  <description>Update a custom object sync action definition. Updates the specified custom object sync action definition. For PUT requests, the parameters below are required for validation, even if they are not changing.</description>
                  <input>
                     <parameter description="The custom object's resource identification number."
                                label="parentIdPathParam"
                                name="parentIdPathParam"
                                nogen="true"
                                required="true"
                                testWith=""
                                type="int"/>
                     <parameter description="The sync action definition's resource identification number."
                                label="idPathParam"
                                name="idPathParam"
                                nogen="true"
                                required="true"
                                testWith=""
                                type="int"/>
                     <parameter description="The request body contains details of the custom object sync action definition."
                                label="CustomObjectSyncActionOperationIndividual"
                                name="CustomObjectSyncActionOperationIndividual"
                                required="true"
                                testWith=""
                                type="reference">
                        <options>
                           <option name="referenceTo"/>
                        </options>
                     </parameter>
                  </input>
                  <binding>
                     <restSimpleBinding multiUsing="semicolonSeparated"
                                        url="https://{$hostName}/api/bulk/2.0/customObjects/{$parentIdPathParam}/syncActions/{$idPathParam}"
                                        verb="PUT">
                        <httpHeaders>
                           <header name="Content-Type">application/json</header>
                           <header name="Accept">application/json</header>
                        </httpHeaders>
                        <body generateUsing="UnwrappedJSON" preserveJsonStringFormatting="false"/>
                     </restSimpleBinding>
                  </binding>
                  <output/>
               </action>
               <action category="Bulk/2.0/customObjects"
                       failOnError="true"
                       forSearch="false"
                       label="GetCustomObjectImportIndividual"
                       maxRedirects="100"
                       name="GetCustomObjectImportIndividual"
                       preemptiveAuth="true"
                       responseEncoding="">
                  <description>Retrieve an import definition for a custom object. Retrieves the specified import definition for the specified custom object.</description>
                  <input>
                     <parameter description="The custom object's resource identification number."
                                label="parentIdPathParam"
                                name="parentIdPathParam"
                                nogen="true"
                                required="true"
                                testWith=""
                                type="int"/>
                     <parameter description="The import definition's resource identification number."
                                label="idPathParam"
                                name="idPathParam"
                                nogen="true"
                                required="true"
                                testWith=""
                                type="int"/>
                  </input>
                  <binding>
                     <restSimpleBinding multiUsing="semicolonSeparated"
                                        url="https://{$hostName}/api/bulk/2.0/customObjects/{$parentIdPathParam}/imports/{$idPathParam}"
                                        verb="GET">
                        <httpHeaders>
                           <header name="Content-Type">application/json</header>
                           <header name="Accept">application/json</header>
                        </httpHeaders>
                     </restSimpleBinding>
                  </binding>
                  <output/>
               </action>
               <action category="Bulk/2.0/customObjects"
                       failOnError="true"
                       forSearch="false"
                       label="DeleteCustomObjectImportIndividual"
                       maxRedirects="100"
                       name="DeleteCustomObjectImportIndividual"
                       preemptiveAuth="true"
                       responseEncoding="">
                  <description>Delete a custom object import definition. Deletes the specified custom object import definition.</description>
                  <input>
                     <parameter description="The custom object's resource identification number."
                                label="parentIdPathParam"
                                name="parentIdPathParam"
                                nogen="true"
                                required="true"
                                testWith=""
                                type="int"/>
                     <parameter description="The import definition's resource identification number."
                                label="idPathParam"
                                name="idPathParam"
                                nogen="true"
                                required="true"
                                testWith=""
                                type="int"/>
                  </input>
                  <binding>
                     <restSimpleBinding multiUsing="semicolonSeparated"
                                        url="https://{$hostName}/api/bulk/2.0/customObjects/{$parentIdPathParam}/imports/{$idPathParam}"
                                        verb="DELETE">
                        <httpHeaders>
                           <header name="Content-Type">application/json</header>
                           <header name="Accept">application/json</header>
                        </httpHeaders>
                     </restSimpleBinding>
                  </binding>
                  <output/>
               </action>
               <action category="Bulk/2.0/customObjects"
                       failOnError="true"
                       forSearch="false"
                       label="PutCustomObjectImportIndividual"
                       maxRedirects="100"
                       name="PutCustomObjectImportIndividual"
                       preemptiveAuth="true"
                       responseEncoding="">
                  <description>Update an import definition for a custom object. Updates the specified import definition for the specified custom object.</description>
                  <input>
                     <parameter description="The custom object's resource identification number."
                                label="parentIdPathParam"
                                name="parentIdPathParam"
                                nogen="true"
                                required="true"
                                testWith=""
                                type="int"/>
                     <parameter description="The import definition's resource identification number."
                                label="idPathParam"
                                name="idPathParam"
                                nogen="true"
                                required="true"
                                testWith=""
                                type="int"/>
                     <parameter description="The request body contains details of the custom object import definition."
                                label="CustomObjectImportIndividual"
                                name="CustomObjectImportIndividual"
                                required="true"
                                testWith=""
                                type="reference">
                        <options>
                           <option name="referenceTo"/>
                        </options>
                     </parameter>
                  </input>
                  <binding>
                     <restSimpleBinding multiUsing="semicolonSeparated"
                                        url="https://{$hostName}/api/bulk/2.0/customObjects/{$parentIdPathParam}/imports/{$idPathParam}"
                                        verb="PUT">
                        <httpHeaders>
                           <header name="Content-Type">application/json</header>
                           <header name="Accept">application/json</header>
                        </httpHeaders>
                        <body generateUsing="UnwrappedJSON" preserveJsonStringFormatting="false"/>
                     </restSimpleBinding>
                  </binding>
                  <output/>
               </action>
               <action category="Bulk/2.0/customObjects"
                       failOnError="true"
                       forSearch="false"
                       label="PostCustomObjectSyncActionOperationIndividual"
                       maxRedirects="100"
                       name="PostCustomObjectSyncActionOperationIndividual"
                       preemptiveAuth="true"
                       responseEncoding="">
                  <description>Create a custom object sync action definition. Creates a new custom object sync action definition.</description>
                  <input>
                     <parameter description="The custom object's resource identification number."
                                label="parentIdPathParam"
                                name="parentIdPathParam"
                                nogen="true"
                                required="true"
                                testWith=""
                                type="int"/>
                     <parameter description="The request body contains details of the custom object sync action definition."
                                label="CustomObjectSyncActionOperationIndividual"
                                name="CustomObjectSyncActionOperationIndividual"
                                required="true"
                                testWith=""
                                type="reference">
                        <options>
                           <option name="referenceTo"/>
                        </options>
                     </parameter>
                  </input>
                  <binding>
                     <restSimpleBinding multiUsing="semicolonSeparated"
                                        url="https://{$hostName}/api/bulk/2.0/customObjects/{$parentIdPathParam}/syncActions"
                                        verb="POST">
                        <httpHeaders>
                           <header name="Content-Type">application/json</header>
                           <header name="Accept">application/json</header>
                        </httpHeaders>
                        <body generateUsing="UnwrappedJSON" preserveJsonStringFormatting="false"/>
                     </restSimpleBinding>
                  </binding>
                  <output/>
               </action>
               <action category="Bulk/2.0/customObjects"
                       failOnError="true"
                       forSearch="false"
                       label="GetCustomObjectSyncActionOperationSearch"
                       maxRedirects="100"
                       name="GetCustomObjectSyncActionOperationSearch"
                       preemptiveAuth="true"
                       responseEncoding="">
                  <description>Retrieve a list of sync action definitions for a custom object. Retrieves a list of sync action definitions for the specified custom object.</description>
                  <input>
                     <parameter description="The sync action definition's resource identification number."
                                label="parentIdPathParam"
                                name="parentIdPathParam"
                                nogen="true"
                                required="true"
                                testWith=""
                                type="int"/>
                     <parameter description="A URL parameter that specifies the maximum number of records to return. This can be any positive integer between 1 and 1000 inclusive. If not specified, the default is 1000. Example: &lt;code&gt;?limit=5&lt;/code&gt;."
                                label="limit"
                                name="limit"
                                required="false"
                                testWith=""
                                type="int"/>
                     <parameter description="The links section in a resource return all the links by default. The client side might be only interested in a particular link. To satisfy that requirement, a &#34;links&#34; query parameter might be supported. The value of this query parameter is a list of relations separated by comma &#34;,&#34;. For example, ?links=canonical, next will only return the links with &#34;rel&#34; property be canonical or next."
                                label="links"
                                name="links"
                                required="false"
                                testWith=""
                                type="string"/>
                     <parameter description="Specifies an offset that allows you to retrieve the next batch of records. Any positive integer. For example, if your limit is 1000, specifying an offset of 1000 will return records 1000 through 2000. If not specified, the default is 0. Example: &lt;code&gt;?offset=1000&lt;/code&gt;."
                                label="offset"
                                name="offset"
                                required="false"
                                testWith=""
                                type="int"/>
                     <parameter description="Specifies the name of the property to order the results by. The &lt;code&gt;orderBy&lt;/code&gt; format is &lt;code&gt;term&lt;/code&gt; ASC | DESC. Example: &lt;code&gt;?orderBy=name ASC&lt;/code&gt;."
                                label="orderBy"
                                name="orderBy"
                                required="false"
                                testWith=""
                                type="string"/>
                     <parameter description="A URL parameter that specifies query criteria used to filter results. The &lt;code&gt;q&lt;/code&gt; format is &lt;code&gt;term&lt;/code&gt;&lt;code&gt;operator&lt;/code&gt;&lt;code&gt;value&lt;/code&gt;. Use &#34;*&#34; for wildcard values. Example: &lt;code&gt;?q=&#34;name=*Test*&#34;&lt;/code&gt; will find all the entities where the &#34;name&#34; field contains the string &#34;Test&#34;."
                                label="q"
                                name="q"
                                required="false"
                                testWith=""
                                type="string"/>
                     <parameter description="Whether or not the total results are shown, and factored into the &lt;code&gt;hasMore&lt;/code&gt; property in the response. When set to &lt;code&gt;false&lt;/code&gt;, the &lt;code&gt;totalResults&lt;/code&gt; property will not be returned, and the &lt;code&gt;hasMore&lt;/code&gt; property will be determined based on returned events that match the criteria specified in the URL parameters. If not specified, the default is &lt;code&gt;true&lt;/code&gt;."
                                label="totalResults"
                                name="totalResults"
                                required="false"
                                testWith=""
                                type="boolean"/>
                  </input>
                  <binding>
                     <restSimpleBinding multiUsing="semicolonSeparated"
                                        url="https://{$hostName}/api/bulk/2.0/customObjects/{$parentIdPathParam}/syncActions"
                                        verb="GET">
                        <httpHeaders>
                           <header name="Content-Type">application/json</header>
                           <header name="Accept">application/json</header>
                        </httpHeaders>
                     </restSimpleBinding>
                  </binding>
                  <output/>
               </action>
               <action category="Bulk/2.0/customObjects"
                       failOnError="true"
                       forSearch="false"
                       label="GetCustomObjectExportIndividual"
                       maxRedirects="100"
                       name="GetCustomObjectExportIndividual"
                       preemptiveAuth="true"
                       responseEncoding="">
                  <description>Retrieve the specified export definition for a custom object. Retrieves the specified export definition for the specified custom object.</description>
                  <input>
                     <parameter description="The custom object's resource identification number."
                                label="parentIdPathParam"
                                name="parentIdPathParam"
                                nogen="true"
                                required="true"
                                testWith=""
                                type="int"/>
                     <parameter description="The custom object export definition's resource identification number."
                                label="idPathParam"
                                name="idPathParam"
                                nogen="true"
                                required="true"
                                testWith=""
                                type="int"/>
                  </input>
                  <binding>
                     <restSimpleBinding multiUsing="semicolonSeparated"
                                        url="https://{$hostName}/api/bulk/2.0/customObjects/{$parentIdPathParam}/exports/{$idPathParam}"
                                        verb="GET">
                        <httpHeaders>
                           <header name="Content-Type">application/json</header>
                           <header name="Accept">application/json</header>
                        </httpHeaders>
                     </restSimpleBinding>
                  </binding>
                  <output/>
               </action>
               <action category="Bulk/2.0/customObjects"
                       failOnError="true"
                       forSearch="false"
                       label="DeleteCustomObjectExportIndividual"
                       maxRedirects="100"
                       name="DeleteCustomObjectExportIndividual"
                       preemptiveAuth="true"
                       responseEncoding="">
                  <description>Delete a custom object export definition. Deletes the specified custom object export definition.</description>
                  <input>
                     <parameter description="The custom object's resource identification number."
                                label="parentIdPathParam"
                                name="parentIdPathParam"
                                nogen="true"
                                required="true"
                                testWith=""
                                type="int"/>
                     <parameter description="The custom object export definition's resource identification number."
                                label="idPathParam"
                                name="idPathParam"
                                nogen="true"
                                required="true"
                                testWith=""
                                type="int"/>
                  </input>
                  <binding>
                     <restSimpleBinding multiUsing="semicolonSeparated"
                                        url="https://{$hostName}/api/bulk/2.0/customObjects/{$parentIdPathParam}/exports/{$idPathParam}"
                                        verb="DELETE">
                        <httpHeaders>
                           <header name="Content-Type">application/json</header>
                           <header name="Accept">application/json</header>
                        </httpHeaders>
                     </restSimpleBinding>
                  </binding>
                  <output/>
               </action>
               <action category="Bulk/2.0/customObjects"
                       failOnError="true"
                       forSearch="false"
                       label="PutCustomObjectExportIndividual"
                       maxRedirects="100"
                       name="PutCustomObjectExportIndividual"
                       preemptiveAuth="true"
                       responseEncoding="">
                  <description>Update an export definition for a custom object. Updates the specified export definition for the specified custom object.</description>
                  <input>
                     <parameter description="The custom object's resource identification number."
                                label="parentIdPathParam"
                                name="parentIdPathParam"
                                nogen="true"
                                required="true"
                                testWith=""
                                type="int"/>
                     <parameter description="The custom object export definition's resource identification number."
                                label="idPathParam"
                                name="idPathParam"
                                nogen="true"
                                required="true"
                                testWith=""
                                type="int"/>
                     <parameter description="The request body contains details of the custom object export definition."
                                label="CustomObjectExportIndividual"
                                name="CustomObjectExportIndividual"
                                required="true"
                                testWith=""
                                type="reference">
                        <options>
                           <option name="referenceTo"/>
                        </options>
                     </parameter>
                  </input>
                  <binding>
                     <restSimpleBinding multiUsing="semicolonSeparated"
                                        url="https://{$hostName}/api/bulk/2.0/customObjects/{$parentIdPathParam}/exports/{$idPathParam}"
                                        verb="PUT">
                        <httpHeaders>
                           <header name="Content-Type">application/json</header>
                           <header name="Accept">application/json</header>
                        </httpHeaders>
                        <body generateUsing="UnwrappedJSON" preserveJsonStringFormatting="false"/>
                     </restSimpleBinding>
                  </binding>
                  <output/>
               </action>
               <action category="Bulk/2.0/customObjects"
                       failOnError="true"
                       forSearch="false"
                       label="PostCustomObjectSyncActionOperationData"
                       maxRedirects="100"
                       name="PostCustomObjectSyncActionOperationData"
                       preemptiveAuth="true"
                       responseEncoding="">
                  <description>Upload custom object sync action data. Uploads custom object sync data for a specified custom object and sync action definition.</description>
                  <input>
                     <parameter description="The custom object's resource identification number."
                                label="parentIdPathParam"
                                name="parentIdPathParam"
                                nogen="true"
                                required="true"
                                testWith=""
                                type="int"/>
                     <parameter description="The sync action definition's resource identification number."
                                label="idPathParam"
                                name="idPathParam"
                                nogen="true"
                                required="true"
                                testWith=""
                                type="int"/>
                     <parameter description="The request body contains details of the custom object sync action definition."
                                label="CustomObjectSyncActionOperationData"
                                name="CustomObjectSyncActionOperationData"
                                required="true"
                                testWith=""
                                type="objectlist">
                        <options>
                           <option name="referenceTo"/>
                        </options>
                     </parameter>
                  </input>
                  <binding>
                     <restSimpleBinding multiUsing="semicolonSeparated"
                                        url="https://{$hostName}/api/bulk/2.0/customObjects/{$parentIdPathParam}/syncActions/{$idPathParam}/data"
                                        verb="POST">
                        <httpHeaders>
                           <header name="Content-Type">application/json</header>
                           <header name="Accept">application/json</header>
                        </httpHeaders>
                        <body generateUsing="UnwrappedJSON" preserveJsonStringFormatting="false"/>
                     </restSimpleBinding>
                  </binding>
                  <output/>
               </action>
               <action category="Bulk/2.0/customObjects"
                       failOnError="true"
                       forSearch="false"
                       label="DeleteCustomObjectSyncActionOperationData"
                       maxRedirects="100"
                       name="DeleteCustomObjectSyncActionOperationData"
                       preemptiveAuth="true"
                       responseEncoding="">
                  <description>Delete sync data for a custom object sync action definition. Deletes sync data for a specified custom object sync action.</description>
                  <input>
                     <parameter description="The custom object's resource identification number."
                                label="parentIdPathParam"
                                name="parentIdPathParam"
                                nogen="true"
                                required="true"
                                testWith=""
                                type="int"/>
                     <parameter description="The sync action definition's resource identification number."
                                label="idPathParam"
                                name="idPathParam"
                                nogen="true"
                                required="true"
                                testWith=""
                                type="int"/>
                  </input>
                  <binding>
                     <restSimpleBinding multiUsing="semicolonSeparated"
                                        url="https://{$hostName}/api/bulk/2.0/customObjects/{$parentIdPathParam}/syncActions/{$idPathParam}/data"
                                        verb="DELETE">
                        <httpHeaders>
                           <header name="Content-Type">application/json</header>
                           <header name="Accept">application/json</header>
                        </httpHeaders>
                     </restSimpleBinding>
                  </binding>
                  <output/>
               </action>
               <action category="Bulk/2.0/customObjects"
                       failOnError="true"
                       forSearch="false"
                       label="GetCustomObjectExportDataQuery"
                       maxRedirects="100"
                       name="GetCustomObjectExportDataQuery"
                       preemptiveAuth="true"
                       responseEncoding="">
                  <description>Retrieve the synced data for a custom object export definition. Retrieves the synced data for a custom object export definition.</description>
                  <input>
                     <parameter description="The custom object's resource identification number."
                                label="parentIdPathParam"
                                name="parentIdPathParam"
                                nogen="true"
                                required="true"
                                testWith=""
                                type="int"/>
                     <parameter description="The custom object export definition's resource identification number."
                                label="idPathParam"
                                name="idPathParam"
                                nogen="true"
                                required="true"
                                testWith=""
                                type="int"/>
                     <parameter description="A URL parameter that specifies the maximum number of records to return. This can be any positive integer between 1 and 50,000 inclusive. If not specified, the default is 1000. Example: &lt;code&gt;?limit=5&lt;/code&gt;."
                                label="limit"
                                name="limit"
                                required="false"
                                testWith=""
                                type="int"/>
                     <parameter description="The links section in a resource return all the links by default. The client side might be only interested in a particular link. To satisfy that requirement, a &#34;links&#34; query parameter might be supported. The value of this query parameter is a list of relations separated by comma &#34;,&#34;. For example, ?links=canonical, next will only return the links with &#34;rel&#34; property be canonical or next."
                                label="links"
                                name="links"
                                required="false"
                                testWith=""
                                type="string"/>
                     <parameter description="Specifies an offset that allows you to retrieve the next batch of records. Any positive integer. For example, if your limit is 1000, specifying an offset of 1000 will return records 1000 through 2000. If not specified, the default is 0. Example: &lt;code&gt;?offset=1000&lt;/code&gt;."
                                label="offset"
                                name="offset"
                                required="false"
                                testWith=""
                                type="int"/>
                     <parameter description="Whether or not the total results are shown, and factored into the &lt;code&gt;hasMore&lt;/code&gt; property in the response. When set to &lt;code&gt;false&lt;/code&gt;, the &lt;code&gt;totalResults&lt;/code&gt; property will not be returned, and the &lt;code&gt;hasMore&lt;/code&gt; property will be determined based on returned events that match the criteria specified in the URL parameters. If not specified, the default is &lt;code&gt;true&lt;/code&gt;."
                                label="totalResults"
                                name="totalResults"
                                required="false"
                                testWith=""
                                type="boolean"/>
                  </input>
                  <binding>
                     <restSimpleBinding multiUsing="semicolonSeparated"
                                        url="https://{$hostName}/api/bulk/2.0/customObjects/{$parentIdPathParam}/exports/{$idPathParam}/data"
                                        verb="GET">
                        <httpHeaders>
                           <header name="Content-Type">application/json</header>
                           <header name="Accept">application/json</header>
                        </httpHeaders>
                     </restSimpleBinding>
                  </binding>
                  <output/>
               </action>
               <action category="Bulk/2.0/customObjects"
                       failOnError="true"
                       forSearch="false"
                       label="DeleteCustomObjectExportDataQuery"
                       maxRedirects="100"
                       name="DeleteCustomObjectExportDataQuery"
                       preemptiveAuth="true"
                       responseEncoding="">
                  <description>Delete the synced data for a custom object export definition. Deletes the synced data for the specified custom object export definition.</description>
                  <input>
                     <parameter description="The custom object's resource identification number."
                                label="parentIdPathParam"
                                name="parentIdPathParam"
                                nogen="true"
                                required="true"
                                testWith=""
                                type="int"/>
                     <parameter description="The custom object export definition's resource identification number."
                                label="idPathParam"
                                name="idPathParam"
                                nogen="true"
                                required="true"
                                testWith=""
                                type="int"/>
                  </input>
                  <binding>
                     <restSimpleBinding multiUsing="semicolonSeparated"
                                        url="https://{$hostName}/api/bulk/2.0/customObjects/{$parentIdPathParam}/exports/{$idPathParam}/data"
                                        verb="DELETE">
                        <httpHeaders>
                           <header name="Content-Type">application/json</header>
                           <header name="Accept">application/json</header>
                        </httpHeaders>
                     </restSimpleBinding>
                  </binding>
                  <output/>
               </action>
            </actions>
            <objects>
               <processObject xmlns="http://schemas.active-endpoints.com/appmodules/screenflow/2011/06/avosHostEnvironment.xsd"
                              isByCopy="true"
                              name="SyncStatusType">
                  <description>The status of the synchronization. This is a read-only property.</description>
                  <detail/>
               </processObject>
               <processObject xmlns="http://schemas.active-endpoints.com/appmodules/screenflow/2011/06/avosHostEnvironment.xsd"
                              isByCopy="true"
                              name="DataType">
                  <description>The type of data, used for field definitions.</description>
                  <detail/>
               </processObject>
               <processObject xmlns="http://schemas.active-endpoints.com/appmodules/screenflow/2011/06/avosHostEnvironment.xsd"
                              isByCopy="true"
                              name="RuleType">
                  <description>The rule used when doing updates on existing data. For more information about this parameter, see the &lt;a href='https://docs.oracle.com/cloud/latest/marketingcs_gs/OMCAB/index.html#CSHID=ImportExportParams'&gt;Oracle Eloqua Developer Help Center&lt;/a&gt;.</description>
                  <detail/>
               </processObject>
               <processObject xmlns="http://schemas.active-endpoints.com/appmodules/screenflow/2011/06/avosHostEnvironment.xsd"
                              isByCopy="true"
                              name="string">
                  <description/>
                  <detail>
                     <field name="string" type="string"/>
                  </detail>
               </processObject>
               <processObject xmlns="http://schemas.active-endpoints.com/appmodules/screenflow/2011/06/avosHostEnvironment.xsd"
                              isByCopy="true"
                              name="boolean">
                  <description/>
                  <detail>
                     <field name="boolean" type="boolean"/>
                  </detail>
               </processObject>
               <processObject xmlns="http://schemas.active-endpoints.com/appmodules/screenflow/2011/06/avosHostEnvironment.xsd"
                              isByCopy="true"
                              name="double">
                  <description/>
                  <detail>
                     <field name="double" type="double"/>
                  </detail>
               </processObject>
               <processObject xmlns="http://schemas.active-endpoints.com/appmodules/screenflow/2011/06/avosHostEnvironment.xsd"
                              isByCopy="true"
                              name="integer">
                  <description/>
                  <detail>
                     <field name="integer" type="int"/>
                  </detail>
               </processObject>
            </objects>
         </businessConnector>
      </types1:Entry>
      <types1:GUID>13RguBpSAsVdR1wCz9yiSl</types1:GUID>
      <types1:DisplayName>Oracle Eloqua Marketing Cloud Service Custom Objects Bulk API v2</types1:DisplayName>
   </types1:Item>
   <types1:CurrentServerDateTime>2019-02-22T04:01:44.135Z</types1:CurrentServerDateTime>
</aetgt:getResponse>
