<aetgt:getResponse xmlns:aetgt="http://schemas.active-endpoints.com/appmodules/repository/2010/10/avrepository.xsd"
                   xmlns:types1="http://schemas.active-endpoints.com/appmodules/repository/2010/10/avrepository.xsd">
   <types1:Item>
      <types1:EntryId>Oaaa-gt-6487199-2019-12-20T13:01:28.648Z::svc.xml</types1:EntryId>
      <types1:Name>SAP_SuccessFactors_Recruiting_Offer_OData_API_v1</types1:Name>
      <types1:MimeType>application/xml+businesssconnector</types1:MimeType>
      <types1:Description>API to access and maintain offer letter.</types1:Description>
      <types1:AppliesTo/>
      <types1:Tags/>
      <types1:VersionLabel>1.0</types1:VersionLabel>
      <types1:State>CURRENT</types1:State>
      <types1:ProcessGroup/>
      <types1:CreatedBy>sorabh@na1.dm-us.org</types1:CreatedBy>
      <types1:CreationDate>2019-12-20T13:01:29Z</types1:CreationDate>
      <types1:ModifiedBy/>
      <types1:PublicationStatus>published</types1:PublicationStatus>
      <types1:PublishedBy>sorabh@na1.dm-us.org</types1:PublishedBy>
      <types1:PublicationDate>2019-12-20T13:01:31Z</types1:PublicationDate>
      <types1:PublishedContributionId>project:/rt.connector/SAP_SuccessFactors_Recruiting_Offer_OData_API_v1/SAP_SuccessFactors_Recruiting_Offer_OData_API_v1_svcDef.xml</types1:PublishedContributionId>
      <types1:AutosaveExists>false</types1:AutosaveExists>
      <types1:Entry>
         <businessConnector xmlns="http://schemas.informatica.com/socrates/data-services/2014/05/business-connector-model.xsd"
                            agentOnly="false"
                            debug="false"
                            displayName="SAP SuccessFactors Recruiting Offer OData API v1"
                            label=""
                            name="SAP_SuccessFactors_Recruiting_Offer_OData_API_v1"
                            uuid="4723e4b1-bde8-4d94-81b2-777d7c943a8f">
            <description>API to access and maintain offer letter.</description>
            <tags/>
            <connectionAttributes xmlns="http://schemas.informatica.com/appmodules/screenflow/2014/04/avosConnectors.xsd">
               <connectionAttribute description="Host Name"
                                    masked="false"
                                    name="hostName"
                                    required="true"
                                    testWith="sandbox.api.sap.com"
                                    type="string"/>
               <connectionAttribute description="User Name"
                                    masked="false"
                                    name="username"
                                    required="true"
                                    testWith=""
                                    type="string"/>
               <connectionAttribute description="Password"
                                    masked="true"
                                    name="password"
                                    required="true"
                                    testWith=""
                                    type="string"/>
            </connectionAttributes>
            <actions>
               <action category="JobOffer"
                       failOnError="true"
                       forSearch="false"
                       label="POST_JobOffer"
                       maxRedirects="100"
                       name="POST_JobOffer"
                       preemptiveAuth="true"
                       responseEncoding="">
                  <description>Add new entity to JobOffer</description>
                  <input>
                     <parameter description="New entity"
                                label="JobOffer"
                                name="JobOffer"
                                required="false"
                                testWith=""
                                type="reference">
                        <options>
                           <option name="referenceTo">SFOData_JobOffer</option>
                        </options>
                     </parameter>
                  </input>
                  <binding>
                     <restSimpleBinding multiUsing="semicolonSeparated"
                                        url="https://{$hostName}/successfactors/odata/v2/JobOffer"
                                        verb="POST">
                        <authentication>
                           <username>{$username}</username>
                           <password>{$password}</password>
                           <isExpressionInPassword>true</isExpressionInPassword>
                        </authentication>
                        <httpHeaders>
                           <header name="Content-Type">application/json</header>
                           <header name="Accept">application/json</header>
                        </httpHeaders>
                        <body generateUsing="UnwrappedJSON" preserveJsonStringFormatting="false"/>
                     </restSimpleBinding>
                  </binding>
                  <output/>
               </action>
               <action category="JobOffer"
                       failOnError="true"
                       forSearch="false"
                       label="GET_JobOffer"
                       maxRedirects="100"
                       name="GET_JobOffer"
                       preemptiveAuth="true"
                       responseEncoding="">
                  <description>Get entities from JobOffer</description>
                  <input>
                     <parameter description="Show only the first n items, see [OData Paging - Top](http://docs.oasis-open.org/odata/odata/v4.0/odata-v4.0-part1-protocol.html#_Toc445374630)"
                                label="$top"
                                name="$top"
                                required="false"
                                testWith=""
                                type="int"/>
                     <parameter description="Skip the first n items, see [OData Paging - Skip](http://docs.oasis-open.org/odata/odata/v4.0/odata-v4.0-part1-protocol.html#_Toc445374631)"
                                label="$skip"
                                name="$skip"
                                required="false"
                                testWith=""
                                type="int"/>
                     <parameter description="Search items by search phrases, see [OData Searching](http://docs.oasis-open.org/odata/odata/v4.0/odata-v4.0-part1-protocol.html#_Toc445374633)"
                                label="$search"
                                name="$search"
                                required="false"
                                testWith=""
                                type="string"/>
                     <parameter description="Filter items by property values, see [OData Filtering](http://docs.oasis-open.org/odata/odata/v4.0/odata-v4.0-part1-protocol.html#_Toc445374625)"
                                label="$filter"
                                name="$filter"
                                required="false"
                                testWith=""
                                type="string"/>
                     <parameter description="Include count of items, see [OData Count](http://docs.oasis-open.org/odata/odata/v4.0/odata-v4.0-part1-protocol.html#_Toc445374632)"
                                label="$count"
                                name="$count"
                                required="false"
                                testWith=""
                                type="boolean"/>
                     <parameter description="Order items by property values, see [OData Sorting](http://docs.oasis-open.org/odata/odata/v4.0/odata-v4.0-part1-protocol.html#_Toc445374629)"
                                label="$orderby"
                                name="$orderby"
                                required="false"
                                testWith=""
                                type="picklist">
                        <options>
                           <option name="values">[{"value":"annual_FB","label":"annual_FB"},{"value":"annual_FB desc","label":"annual_FB desc"},{"value":"annual_PF","label":"annual_PF"},{"value":"annual_PF desc","label":"annual_PF desc"},{"value":"annual_SA","label":"annual_SA"},{"value":"annual_SA desc","label":"annual_SA desc"},{"value":"annual_cashPay","label":"annual_cashPay"},{"value":"annual_cashPay desc","label":"annual_cashPay desc"},{"value":"annual_gratuity","label":"annual_gratuity"},{"value":"annual_gratuity desc","label":"annual_gratuity desc"},{"value":"annual_retirals","label":"annual_retirals"},{"value":"annual_retirals desc","label":"annual_retirals desc"},{"value":"anonymizedDate","label":"anonymizedDate"},{"value":"anonymizedDate desc","label":"anonymizedDate desc"},{"value":"anonymizedFlag","label":"anonymizedFlag"},{"value":"anonymizedFlag desc","label":"anonymizedFlag desc"},{"value":"applicationId","label":"applicationId"},{"value":"applicationId desc","label":"applicationId desc"},{"value":"candJust","label":"candJust"},{"value":"candJust desc","label":"candJust desc"},{"value":"candidateName","label":"candidateName"},{"value":"candidateName desc","label":"candidateName desc"},{"value":"commission","label":"commission"},{"value":"commission desc","label":"commission desc"},{"value":"createdBy","label":"createdBy"},{"value":"createdBy desc","label":"createdBy desc"},{"value":"createdDate","label":"createdDate"},{"value":"createdDate desc","label":"createdDate desc"},{"value":"currency","label":"currency"},{"value":"currency desc","label":"currency desc"},{"value":"currentLocation","label":"currentLocation"},{"value":"currentLocation desc","label":"currentLocation desc"},{"value":"formDataId","label":"formDataId"},{"value":"formDataId desc","label":"formDataId desc"},{"value":"formTemplateId","label":"formTemplateId"},{"value":"formTemplateId desc","label":"formTemplateId desc"},{"value":"initialComment","label":"initialComment"},{"value":"initialComment desc","label":"initialComment desc"},{"value":"internalStatus","label":"internalStatus"},{"value":"internalStatus desc","label":"internalStatus desc"},{"value":"jobRateOfPay","label":"jobRateOfPay"},{"value":"jobRateOfPay desc","label":"jobRateOfPay desc"},{"value":"lastModifiedBy","label":"lastModifiedBy"},{"value":"lastModifiedBy desc","label":"lastModifiedBy desc"},{"value":"lastModifiedDate","label":"lastModifiedDate"},{"value":"lastModifiedDate desc","label":"lastModifiedDate desc"},{"value":"location","label":"location"},{"value":"location desc","label":"location desc"},{"value":"monthly_FB","label":"monthly_FB"},{"value":"monthly_FB desc","label":"monthly_FB desc"},{"value":"monthly_PF","label":"monthly_PF"},{"value":"monthly_PF desc","label":"monthly_PF desc"},{"value":"monthly_SA","label":"monthly_SA"},{"value":"monthly_SA desc","label":"monthly_SA desc"},{"value":"monthly_cashPay","label":"monthly_cashPay"},{"value":"monthly_cashPay desc","label":"monthly_cashPay desc"},{"value":"monthly_gratuity","label":"monthly_gratuity"},{"value":"monthly_gratuity desc","label":"monthly_gratuity desc"},{"value":"monthly_retirals","label":"monthly_retirals"},{"value":"monthly_retirals desc","label":"monthly_retirals desc"},{"value":"monthly_salary","label":"monthly_salary"},{"value":"monthly_salary desc","label":"monthly_salary desc"},{"value":"offerApprovalId","label":"offerApprovalId"},{"value":"offerApprovalId desc","label":"offerApprovalId desc"},{"value":"redefineTemplateApprovers","label":"redefineTemplateApprovers"},{"value":"redefineTemplateApprovers desc","label":"redefineTemplateApprovers desc"},{"value":"salaryBase","label":"salaryBase"},{"value":"salaryBase desc","label":"salaryBase desc"},{"value":"stockPackage","label":"stockPackage"},{"value":"stockPackage desc","label":"stockPackage desc"},{"value":"targetBonusAmount","label":"targetBonusAmount"},{"value":"targetBonusAmount desc","label":"targetBonusAmount desc"},{"value":"tempDate","label":"tempDate"},{"value":"tempDate desc","label":"tempDate desc"},{"value":"templateId","label":"templateId"},{"value":"templateId desc","label":"templateId desc"},{"value":"total_earnings","label":"total_earnings"},{"value":"total_earnings desc","label":"total_earnings desc"},{"value":"total_fixed_pay","label":"total_fixed_pay"},{"value":"total_fixed_pay desc","label":"total_fixed_pay desc"},{"value":"version","label":"version"},{"value":"version desc","label":"version desc"}]</option>
                        </options>
                     </parameter>
                     <parameter description="Select properties to be returned, see [OData Select](http://docs.oasis-open.org/odata/odata/v4.0/odata-v4.0-part1-protocol.html#_Toc445374620)"
                                label="$select"
                                name="$select"
                                required="false"
                                testWith=""
                                type="picklist">
                        <options>
                           <option name="values">[{"value":"annual_FB","label":"annual_FB"},{"value":"annual_PF","label":"annual_PF"},{"value":"annual_SA","label":"annual_SA"},{"value":"annual_cashPay","label":"annual_cashPay"},{"value":"annual_gratuity","label":"annual_gratuity"},{"value":"annual_retirals","label":"annual_retirals"},{"value":"anonymizedDate","label":"anonymizedDate"},{"value":"anonymizedFlag","label":"anonymizedFlag"},{"value":"applicationId","label":"applicationId"},{"value":"candJust","label":"candJust"},{"value":"candidateName","label":"candidateName"},{"value":"commission","label":"commission"},{"value":"createdBy","label":"createdBy"},{"value":"createdDate","label":"createdDate"},{"value":"currency","label":"currency"},{"value":"currentLocation","label":"currentLocation"},{"value":"formDataId","label":"formDataId"},{"value":"formTemplateId","label":"formTemplateId"},{"value":"initialComment","label":"initialComment"},{"value":"internalStatus","label":"internalStatus"},{"value":"jobRateOfPay","label":"jobRateOfPay"},{"value":"lastModifiedBy","label":"lastModifiedBy"},{"value":"lastModifiedDate","label":"lastModifiedDate"},{"value":"location","label":"location"},{"value":"monthly_FB","label":"monthly_FB"},{"value":"monthly_PF","label":"monthly_PF"},{"value":"monthly_SA","label":"monthly_SA"},{"value":"monthly_cashPay","label":"monthly_cashPay"},{"value":"monthly_gratuity","label":"monthly_gratuity"},{"value":"monthly_retirals","label":"monthly_retirals"},{"value":"monthly_salary","label":"monthly_salary"},{"value":"offerApprovalId","label":"offerApprovalId"},{"value":"redefineTemplateApprovers","label":"redefineTemplateApprovers"},{"value":"salaryBase","label":"salaryBase"},{"value":"stockPackage","label":"stockPackage"},{"value":"targetBonusAmount","label":"targetBonusAmount"},{"value":"tempDate","label":"tempDate"},{"value":"templateId","label":"templateId"},{"value":"total_earnings","label":"total_earnings"},{"value":"total_fixed_pay","label":"total_fixed_pay"},{"value":"version","label":"version"}]</option>
                        </options>
                     </parameter>
                     <parameter description="Expand related entities, see [OData Expand](http://docs.oasis-open.org/odata/odata/v4.0/odata-v4.0-part1-protocol.html#_Toc445374621)"
                                label="$expand"
                                name="$expand"
                                required="false"
                                testWith=""
                                type="picklist">
                        <options>
                           <option name="values">[{"value":"*","label":"*"},{"value":"approvers","label":"approvers"}]</option>
                        </options>
                     </parameter>
                  </input>
                  <binding>
                     <restSimpleBinding multiUsing="semicolonSeparated"
                                        url="https://{$hostName}/successfactors/odata/v2/JobOffer"
                                        verb="GET">
                        <authentication>
                           <username>{$username}</username>
                           <password>{$password}</password>
                           <isExpressionInPassword>true</isExpressionInPassword>
                        </authentication>
                        <httpHeaders>
                           <header name="Content-Type">application/json</header>
                           <header name="Accept">application/json</header>
                        </httpHeaders>
                     </restSimpleBinding>
                  </binding>
                  <output>
                     <field description="Retrieved entities"
                            entireResponse="true"
                            name="entireResponse"
                            type="object"/>
                  </output>
               </action>
               <action category="JobOfferApprover"
                       failOnError="true"
                       forSearch="false"
                       label="GET_JobOfferApprover_offerApproverId_"
                       maxRedirects="100"
                       name="GET_JobOfferApprover_offerApproverId_"
                       preemptiveAuth="true"
                       responseEncoding="">
                  <description>Get entity from JobOfferApprover by key</description>
                  <input>
                     <parameter description="key: offerApproverId"
                                label="offerApproverIdPathParam"
                                name="offerApproverIdPathParam"
                                nogen="true"
                                required="true"
                                testWith=""
                                type="int"/>
                     <parameter description="Select properties to be returned, see [OData Select](http://docs.oasis-open.org/odata/odata/v4.0/odata-v4.0-part1-protocol.html#_Toc445374620)"
                                label="$select"
                                name="$select"
                                required="false"
                                testWith=""
                                type="picklist">
                        <options>
                           <option name="values">[{"value":"approvalStepId","label":"approvalStepId"},{"value":"approverAction","label":"approverAction"},{"value":"approverActionDate","label":"approverActionDate"},{"value":"approverFirstName","label":"approverFirstName"},{"value":"approverLastName","label":"approverLastName"},{"value":"approverOrder","label":"approverOrder"},{"value":"comment","label":"comment"},{"value":"createdBy","label":"createdBy"},{"value":"createdDate","label":"createdDate"},{"value":"lastModifiedBy","label":"lastModifiedBy"},{"value":"lastModifiedDate","label":"lastModifiedDate"},{"value":"offerApprovalId","label":"offerApprovalId"},{"value":"offerApproverId","label":"offerApproverId"},{"value":"username","label":"username"}]</option>
                        </options>
                     </parameter>
                     <parameter description="Expand related entities, see [OData Expand](http://docs.oasis-open.org/odata/odata/v4.0/odata-v4.0-part1-protocol.html#_Toc445374621)"
                                label="$expand"
                                name="$expand"
                                required="false"
                                testWith=""
                                type="picklist">
                        <options>
                           <option name="values">[{"value":"*","label":"*"},{"value":"offerApproval","label":"offerApproval"}]</option>
                        </options>
                     </parameter>
                  </input>
                  <binding>
                     <restSimpleBinding multiUsing="semicolonSeparated"
                                        url="https://{$hostName}/successfactors/odata/v2/JobOfferApprover({$offerApproverIdPathParam})"
                                        verb="GET">
                        <authentication>
                           <username>{$username}</username>
                           <password>{$password}</password>
                           <isExpressionInPassword>true</isExpressionInPassword>
                        </authentication>
                        <httpHeaders>
                           <header name="Content-Type">application/json</header>
                           <header name="Accept">application/json</header>
                        </httpHeaders>
                     </restSimpleBinding>
                  </binding>
                  <output>
                     <field description="Retrieved entity"
                            entireResponse="true"
                            name="entireResponse"
                            type="object"/>
                  </output>
               </action>
               <action category="Service Operations"
                       failOnError="true"
                       forSearch="false"
                       label="GET_approveOffer"
                       maxRedirects="100"
                       name="GET_approveOffer"
                       preemptiveAuth="true"
                       responseEncoding="">
                  <description>Invoke function approveOffer</description>
                  <input>
                     <parameter label="applicationId"
                                name="applicationId"
                                required="true"
                                testWith=""
                                type="string"/>
                     <parameter label="comment"
                                name="comment"
                                required="true"
                                testWith=""
                                type="string"/>
                  </input>
                  <binding>
                     <restSimpleBinding multiUsing="semicolonSeparated"
                                        url="https://{$hostName}/successfactors/odata/v2/approveOffer"
                                        verb="GET">
                        <authentication>
                           <username>{$username}</username>
                           <password>{$password}</password>
                           <isExpressionInPassword>true</isExpressionInPassword>
                        </authentication>
                        <httpHeaders>
                           <header name="Content-Type">application/json</header>
                           <header name="Accept">application/json</header>
                        </httpHeaders>
                     </restSimpleBinding>
                  </binding>
                  <output>
                     <field description="Success"
                            entireResponse="true"
                            name="entireResponse"
                            type="object"/>
                  </output>
               </action>
               <action category="Service Operations"
                       failOnError="true"
                       forSearch="false"
                       label="GET_sendOfferForApproval"
                       maxRedirects="100"
                       name="GET_sendOfferForApproval"
                       preemptiveAuth="true"
                       responseEncoding="">
                  <description>Invoke function sendOfferForApproval</description>
                  <input>
                     <parameter label="applicationId"
                                name="applicationId"
                                required="true"
                                testWith=""
                                type="string"/>
                  </input>
                  <binding>
                     <restSimpleBinding multiUsing="semicolonSeparated"
                                        url="https://{$hostName}/successfactors/odata/v2/sendOfferForApproval"
                                        verb="GET">
                        <authentication>
                           <username>{$username}</username>
                           <password>{$password}</password>
                           <isExpressionInPassword>true</isExpressionInPassword>
                        </authentication>
                        <httpHeaders>
                           <header name="Content-Type">application/json</header>
                           <header name="Accept">application/json</header>
                        </httpHeaders>
                     </restSimpleBinding>
                  </binding>
                  <output>
                     <field description="Success"
                            entireResponse="true"
                            name="entireResponse"
                            type="object"/>
                  </output>
               </action>
               <action category="RCMAdminReassignOfferApprover"
                       failOnError="true"
                       forSearch="false"
                       label="GET_RCMAdminReassignOfferApprover_applicationId_applicationId_currUserId_currUserId_offerDetailId_offerDetailId_"
                       maxRedirects="100"
                       name="GET_RCMAdminReassignOfferApprover_applicationId_applicationId_currUserId_currUserId_offerDetailId_offerDetailId_"
                       preemptiveAuth="true"
                       responseEncoding="">
                  <description>Get entity from RCMAdminReassignOfferApprover by key</description>
                  <input>
                     <parameter description="key: applicationId"
                                label="applicationIdPathParam"
                                name="applicationIdPathParam"
                                nogen="true"
                                required="true"
                                testWith=""
                                type="int"/>
                     <parameter description="key: currUserId"
                                label="currUserIdPathParam"
                                name="currUserIdPathParam"
                                nogen="true"
                                required="true"
                                testWith=""
                                type="string"/>
                     <parameter description="key: offerDetailId"
                                label="offerDetailIdPathParam"
                                name="offerDetailIdPathParam"
                                nogen="true"
                                required="true"
                                testWith=""
                                type="int"/>
                     <parameter description="Select properties to be returned, see [OData Select](http://docs.oasis-open.org/odata/odata/v4.0/odata-v4.0-part1-protocol.html#_Toc445374620)"
                                label="$select"
                                name="$select"
                                required="false"
                                testWith=""
                                type="picklist">
                        <options>
                           <option name="values">[{"value":"applicationId","label":"applicationId"},{"value":"candidateName","label":"candidateName"},{"value":"currUserId","label":"currUserId"},{"value":"jobReqId","label":"jobReqId"},{"value":"jobReqTitle","label":"jobReqTitle"},{"value":"offerDetailId","label":"offerDetailId"},{"value":"targetUserId","label":"targetUserId"}]</option>
                        </options>
                     </parameter>
                  </input>
                  <binding>
                     <restSimpleBinding multiUsing="semicolonSeparated"
                                        url="https://{$hostName}/successfactors/odata/v2/RCMAdminReassignOfferApprover(applicationId={$applicationIdPathParam},currUserId='{$currUserIdPathParam}',offerDetailId={$offerDetailIdPathParam})"
                                        verb="GET">
                        <authentication>
                           <username>{$username}</username>
                           <password>{$password}</password>
                           <isExpressionInPassword>true</isExpressionInPassword>
                        </authentication>
                        <httpHeaders>
                           <header name="Content-Type">application/json</header>
                           <header name="Accept">application/json</header>
                        </httpHeaders>
                     </restSimpleBinding>
                  </binding>
                  <output>
                     <field description="Retrieved entity"
                            entireResponse="true"
                            name="entireResponse"
                            type="object"/>
                  </output>
               </action>
               <action category="RCMAdminReassignOfferApprover"
                       failOnError="true"
                       forSearch="false"
                       label="PUT_RCMAdminReassignOfferApprover_applicationId_applicationId_currUserId_currUserId_offerDetailId_offerDetailId_"
                       maxRedirects="100"
                       name="PUT_RCMAdminReassignOfferApprover_applicationId_applicationId_currUserId_currUserId_offerDetailId_offerDetailId_"
                       preemptiveAuth="true"
                       responseEncoding="">
                  <description>Update entity in RCMAdminReassignOfferApprover</description>
                  <input>
                     <parameter description="key: applicationId"
                                label="applicationIdPathParam"
                                name="applicationIdPathParam"
                                nogen="true"
                                required="true"
                                testWith=""
                                type="int"/>
                     <parameter description="key: currUserId"
                                label="currUserIdPathParam"
                                name="currUserIdPathParam"
                                nogen="true"
                                required="true"
                                testWith=""
                                type="string"/>
                     <parameter description="key: offerDetailId"
                                label="offerDetailIdPathParam"
                                name="offerDetailIdPathParam"
                                nogen="true"
                                required="true"
                                testWith=""
                                type="int"/>
                     <parameter description="New property values"
                                label="RCMAdminReassignOfferApprover"
                                name="RCMAdminReassignOfferApprover"
                                required="false"
                                testWith=""
                                type="object"/>
                  </input>
                  <binding>
                     <restSimpleBinding multiUsing="semicolonSeparated"
                                        url="https://{$hostName}/successfactors/odata/v2/RCMAdminReassignOfferApprover(applicationId={$applicationIdPathParam},currUserId='{$currUserIdPathParam}',offerDetailId={$offerDetailIdPathParam})"
                                        verb="PUT">
                        <authentication>
                           <username>{$username}</username>
                           <password>{$password}</password>
                           <isExpressionInPassword>true</isExpressionInPassword>
                        </authentication>
                        <httpHeaders>
                           <header name="Content-Type">application/json</header>
                           <header name="Accept">application/json</header>
                        </httpHeaders>
                        <body generateUsing="UnwrappedJSON" preserveJsonStringFormatting="false"/>
                     </restSimpleBinding>
                  </binding>
                  <output/>
               </action>
               <action category="RCMAdminReassignOfferApprover"
                       failOnError="true"
                       forSearch="false"
                       label="POST_RCMAdminReassignOfferApprover"
                       maxRedirects="100"
                       name="POST_RCMAdminReassignOfferApprover"
                       preemptiveAuth="true"
                       responseEncoding="">
                  <description>Add new entity to RCMAdminReassignOfferApprover</description>
                  <input>
                     <parameter description="New entity"
                                label="RCMAdminReassignOfferApprover"
                                name="RCMAdminReassignOfferApprover"
                                required="false"
                                testWith=""
                                type="reference">
                        <options>
                           <option name="referenceTo">SFOData_RCMAdminReassignOfferApprover</option>
                        </options>
                     </parameter>
                  </input>
                  <binding>
                     <restSimpleBinding multiUsing="semicolonSeparated"
                                        url="https://{$hostName}/successfactors/odata/v2/RCMAdminReassignOfferApprover"
                                        verb="POST">
                        <authentication>
                           <username>{$username}</username>
                           <password>{$password}</password>
                           <isExpressionInPassword>true</isExpressionInPassword>
                        </authentication>
                        <httpHeaders>
                           <header name="Content-Type">application/json</header>
                           <header name="Accept">application/json</header>
                        </httpHeaders>
                        <body generateUsing="UnwrappedJSON" preserveJsonStringFormatting="false"/>
                     </restSimpleBinding>
                  </binding>
                  <output/>
               </action>
               <action category="RCMAdminReassignOfferApprover"
                       failOnError="true"
                       forSearch="false"
                       label="GET_RCMAdminReassignOfferApprover"
                       maxRedirects="100"
                       name="GET_RCMAdminReassignOfferApprover"
                       preemptiveAuth="true"
                       responseEncoding="">
                  <description>Get entities from RCMAdminReassignOfferApprover</description>
                  <input>
                     <parameter description="Show only the first n items, see [OData Paging - Top](http://docs.oasis-open.org/odata/odata/v4.0/odata-v4.0-part1-protocol.html#_Toc445374630)"
                                label="$top"
                                name="$top"
                                required="false"
                                testWith=""
                                type="int"/>
                     <parameter description="Skip the first n items, see [OData Paging - Skip](http://docs.oasis-open.org/odata/odata/v4.0/odata-v4.0-part1-protocol.html#_Toc445374631)"
                                label="$skip"
                                name="$skip"
                                required="false"
                                testWith=""
                                type="int"/>
                     <parameter description="Search items by search phrases, see [OData Searching](http://docs.oasis-open.org/odata/odata/v4.0/odata-v4.0-part1-protocol.html#_Toc445374633)"
                                label="$search"
                                name="$search"
                                required="false"
                                testWith=""
                                type="string"/>
                     <parameter description="Filter items by property values, see [OData Filtering](http://docs.oasis-open.org/odata/odata/v4.0/odata-v4.0-part1-protocol.html#_Toc445374625)"
                                label="$filter"
                                name="$filter"
                                required="false"
                                testWith=""
                                type="string"/>
                     <parameter description="Include count of items, see [OData Count](http://docs.oasis-open.org/odata/odata/v4.0/odata-v4.0-part1-protocol.html#_Toc445374632)"
                                label="$count"
                                name="$count"
                                required="false"
                                testWith=""
                                type="boolean"/>
                     <parameter description="Order items by property values, see [OData Sorting](http://docs.oasis-open.org/odata/odata/v4.0/odata-v4.0-part1-protocol.html#_Toc445374629)"
                                label="$orderby"
                                name="$orderby"
                                required="false"
                                testWith=""
                                type="picklist">
                        <options>
                           <option name="values">[{"value":"applicationId","label":"applicationId"},{"value":"applicationId desc","label":"applicationId desc"},{"value":"candidateName","label":"candidateName"},{"value":"candidateName desc","label":"candidateName desc"},{"value":"currUserId","label":"currUserId"},{"value":"currUserId desc","label":"currUserId desc"},{"value":"jobReqId","label":"jobReqId"},{"value":"jobReqId desc","label":"jobReqId desc"},{"value":"jobReqTitle","label":"jobReqTitle"},{"value":"jobReqTitle desc","label":"jobReqTitle desc"},{"value":"offerDetailId","label":"offerDetailId"},{"value":"offerDetailId desc","label":"offerDetailId desc"},{"value":"targetUserId","label":"targetUserId"},{"value":"targetUserId desc","label":"targetUserId desc"}]</option>
                        </options>
                     </parameter>
                     <parameter description="Select properties to be returned, see [OData Select](http://docs.oasis-open.org/odata/odata/v4.0/odata-v4.0-part1-protocol.html#_Toc445374620)"
                                label="$select"
                                name="$select"
                                required="false"
                                testWith=""
                                type="picklist">
                        <options>
                           <option name="values">[{"value":"applicationId","label":"applicationId"},{"value":"candidateName","label":"candidateName"},{"value":"currUserId","label":"currUserId"},{"value":"jobReqId","label":"jobReqId"},{"value":"jobReqTitle","label":"jobReqTitle"},{"value":"offerDetailId","label":"offerDetailId"},{"value":"targetUserId","label":"targetUserId"}]</option>
                        </options>
                     </parameter>
                  </input>
                  <binding>
                     <restSimpleBinding multiUsing="semicolonSeparated"
                                        url="https://{$hostName}/successfactors/odata/v2/RCMAdminReassignOfferApprover"
                                        verb="GET">
                        <authentication>
                           <username>{$username}</username>
                           <password>{$password}</password>
                           <isExpressionInPassword>true</isExpressionInPassword>
                        </authentication>
                        <httpHeaders>
                           <header name="Content-Type">application/json</header>
                           <header name="Accept">application/json</header>
                        </httpHeaders>
                     </restSimpleBinding>
                  </binding>
                  <output>
                     <field description="Retrieved entities"
                            entireResponse="true"
                            name="entireResponse"
                            type="object"/>
                  </output>
               </action>
               <action category="OfferLetter"
                       failOnError="true"
                       forSearch="false"
                       label="POST_OfferLetter"
                       maxRedirects="100"
                       name="POST_OfferLetter"
                       preemptiveAuth="true"
                       responseEncoding="">
                  <description>Add new entity to OfferLetter</description>
                  <input>
                     <parameter description="New entity"
                                label="OfferLetter"
                                name="OfferLetter"
                                required="false"
                                testWith=""
                                type="reference">
                        <options>
                           <option name="referenceTo">SFOData_OfferLetter</option>
                        </options>
                     </parameter>
                  </input>
                  <binding>
                     <restSimpleBinding multiUsing="semicolonSeparated"
                                        url="https://{$hostName}/successfactors/odata/v2/OfferLetter"
                                        verb="POST">
                        <authentication>
                           <username>{$username}</username>
                           <password>{$password}</password>
                           <isExpressionInPassword>true</isExpressionInPassword>
                        </authentication>
                        <httpHeaders>
                           <header name="Content-Type">application/json</header>
                           <header name="Accept">application/json</header>
                        </httpHeaders>
                        <body generateUsing="UnwrappedJSON" preserveJsonStringFormatting="false"/>
                     </restSimpleBinding>
                  </binding>
                  <output/>
               </action>
               <action category="OfferLetter"
                       failOnError="true"
                       forSearch="false"
                       label="GET_OfferLetter"
                       maxRedirects="100"
                       name="GET_OfferLetter"
                       preemptiveAuth="true"
                       responseEncoding="">
                  <description>Get entities from OfferLetter</description>
                  <input>
                     <parameter description="Show only the first n items, see [OData Paging - Top](http://docs.oasis-open.org/odata/odata/v4.0/odata-v4.0-part1-protocol.html#_Toc445374630)"
                                label="$top"
                                name="$top"
                                required="false"
                                testWith=""
                                type="int"/>
                     <parameter description="Skip the first n items, see [OData Paging - Skip](http://docs.oasis-open.org/odata/odata/v4.0/odata-v4.0-part1-protocol.html#_Toc445374631)"
                                label="$skip"
                                name="$skip"
                                required="false"
                                testWith=""
                                type="int"/>
                     <parameter description="Search items by search phrases, see [OData Searching](http://docs.oasis-open.org/odata/odata/v4.0/odata-v4.0-part1-protocol.html#_Toc445374633)"
                                label="$search"
                                name="$search"
                                required="false"
                                testWith=""
                                type="string"/>
                     <parameter description="Filter items by property values, see [OData Filtering](http://docs.oasis-open.org/odata/odata/v4.0/odata-v4.0-part1-protocol.html#_Toc445374625)"
                                label="$filter"
                                name="$filter"
                                required="false"
                                testWith=""
                                type="string"/>
                     <parameter description="Include count of items, see [OData Count](http://docs.oasis-open.org/odata/odata/v4.0/odata-v4.0-part1-protocol.html#_Toc445374632)"
                                label="$count"
                                name="$count"
                                required="false"
                                testWith=""
                                type="boolean"/>
                     <parameter description="Order items by property values, see [OData Sorting](http://docs.oasis-open.org/odata/odata/v4.0/odata-v4.0-part1-protocol.html#_Toc445374629)"
                                label="$orderby"
                                name="$orderby"
                                required="false"
                                testWith=""
                                type="picklist">
                        <options>
                           <option name="values">[{"value":"applicationId","label":"applicationId"},{"value":"applicationId desc","label":"applicationId desc"},{"value":"body","label":"body"},{"value":"body desc","label":"body desc"},{"value":"bodyLocale","label":"bodyLocale"},{"value":"bodyLocale desc","label":"bodyLocale desc"},{"value":"bodyTemplateId","label":"bodyTemplateId"},{"value":"bodyTemplateId desc","label":"bodyTemplateId desc"},{"value":"bonusPayoutFreq","label":"bonusPayoutFreq"},{"value":"bonusPayoutFreq desc","label":"bonusPayoutFreq desc"},{"value":"candResponseComments","label":"candResponseComments"},{"value":"candResponseComments desc","label":"candResponseComments desc"},{"value":"candResponseDate","label":"candResponseDate"},{"value":"candResponseDate desc","label":"candResponseDate desc"},{"value":"comments","label":"comments"},{"value":"comments desc","label":"comments desc"},{"value":"countryCode","label":"countryCode"},{"value":"countryCode desc","label":"countryCode desc"},{"value":"countryName","label":"countryName"},{"value":"countryName desc","label":"countryName desc"},{"value":"createDate","label":"createDate"},{"value":"createDate desc","label":"createDate desc"},{"value":"createdBy","label":"createdBy"},{"value":"createdBy desc","label":"createdBy desc"},{"value":"currencyCode","label":"currencyCode"},{"value":"currencyCode desc","label":"currencyCode desc"},{"value":"jobStartDate","label":"jobStartDate"},{"value":"jobStartDate desc","label":"jobStartDate desc"},{"value":"jobTitle","label":"jobTitle"},{"value":"jobTitle desc","label":"jobTitle desc"},{"value":"lastModifiedBy","label":"lastModifiedBy"},{"value":"lastModifiedBy desc","label":"lastModifiedBy desc"},{"value":"lastModifiedDate","label":"lastModifiedDate"},{"value":"lastModifiedDate desc","label":"lastModifiedDate desc"},{"value":"locale","label":"locale"},{"value":"locale desc","label":"locale desc"},{"value":"localeCode","label":"localeCode"},{"value":"localeCode desc","label":"localeCode desc"},{"value":"mailboxes","label":"mailboxes"},{"value":"mailboxes desc","label":"mailboxes desc"},{"value":"offerExpirationDate","label":"offerExpirationDate"},{"value":"offerExpirationDate desc","label":"offerExpirationDate desc"},{"value":"offerLetter","label":"offerLetter"},{"value":"offerLetter desc","label":"offerLetter desc"},{"value":"offerLetterId","label":"offerLetterId"},{"value":"offerLetterId desc","label":"offerLetterId desc"},{"value":"offerSentDate","label":"offerSentDate"},{"value":"offerSentDate desc","label":"offerSentDate desc"},{"value":"overtimeRate","label":"overtimeRate"},{"value":"overtimeRate desc","label":"overtimeRate desc"},{"value":"salaryRate","label":"salaryRate"},{"value":"salaryRate desc","label":"salaryRate desc"},{"value":"salaryRateType","label":"salaryRateType"},{"value":"salaryRateType desc","label":"salaryRateType desc"},{"value":"sendMode","label":"sendMode"},{"value":"sendMode desc","label":"sendMode desc"},{"value":"status","label":"status"},{"value":"status desc","label":"status desc"},{"value":"stockGrant","label":"stockGrant"},{"value":"stockGrant desc","label":"stockGrant desc"},{"value":"stockOption","label":"stockOption"},{"value":"stockOption desc","label":"stockOption desc"},{"value":"subject","label":"subject"},{"value":"subject desc","label":"subject desc"},{"value":"targetBonusAmount","label":"targetBonusAmount"},{"value":"targetBonusAmount desc","label":"targetBonusAmount desc"},{"value":"targetBonusPercent","label":"targetBonusPercent"},{"value":"targetBonusPercent desc","label":"targetBonusPercent desc"},{"value":"templateId","label":"templateId"},{"value":"templateId desc","label":"templateId desc"},{"value":"templateName","label":"templateName"},{"value":"templateName desc","label":"templateName desc"},{"value":"tokens","label":"tokens"},{"value":"tokens desc","label":"tokens desc"}]</option>
                        </options>
                     </parameter>
                     <parameter description="Select properties to be returned, see [OData Select](http://docs.oasis-open.org/odata/odata/v4.0/odata-v4.0-part1-protocol.html#_Toc445374620)"
                                label="$select"
                                name="$select"
                                required="false"
                                testWith=""
                                type="picklist">
                        <options>
                           <option name="values">[{"value":"applicationId","label":"applicationId"},{"value":"body","label":"body"},{"value":"bodyLocale","label":"bodyLocale"},{"value":"bodyTemplateId","label":"bodyTemplateId"},{"value":"bonusPayoutFreq","label":"bonusPayoutFreq"},{"value":"candResponseComments","label":"candResponseComments"},{"value":"candResponseDate","label":"candResponseDate"},{"value":"comments","label":"comments"},{"value":"countryCode","label":"countryCode"},{"value":"countryName","label":"countryName"},{"value":"createDate","label":"createDate"},{"value":"createdBy","label":"createdBy"},{"value":"currencyCode","label":"currencyCode"},{"value":"jobStartDate","label":"jobStartDate"},{"value":"jobTitle","label":"jobTitle"},{"value":"lastModifiedBy","label":"lastModifiedBy"},{"value":"lastModifiedDate","label":"lastModifiedDate"},{"value":"locale","label":"locale"},{"value":"localeCode","label":"localeCode"},{"value":"mailboxes","label":"mailboxes"},{"value":"offerExpirationDate","label":"offerExpirationDate"},{"value":"offerLetter","label":"offerLetter"},{"value":"offerLetterId","label":"offerLetterId"},{"value":"offerSentDate","label":"offerSentDate"},{"value":"overtimeRate","label":"overtimeRate"},{"value":"salaryRate","label":"salaryRate"},{"value":"salaryRateType","label":"salaryRateType"},{"value":"sendMode","label":"sendMode"},{"value":"status","label":"status"},{"value":"stockGrant","label":"stockGrant"},{"value":"stockOption","label":"stockOption"},{"value":"subject","label":"subject"},{"value":"targetBonusAmount","label":"targetBonusAmount"},{"value":"targetBonusPercent","label":"targetBonusPercent"},{"value":"templateId","label":"templateId"},{"value":"templateName","label":"templateName"},{"value":"tokens","label":"tokens"}]</option>
                        </options>
                     </parameter>
                  </input>
                  <binding>
                     <restSimpleBinding multiUsing="semicolonSeparated"
                                        url="https://{$hostName}/successfactors/odata/v2/OfferLetter"
                                        verb="GET">
                        <authentication>
                           <username>{$username}</username>
                           <password>{$password}</password>
                           <isExpressionInPassword>true</isExpressionInPassword>
                        </authentication>
                        <httpHeaders>
                           <header name="Content-Type">application/json</header>
                           <header name="Accept">application/json</header>
                        </httpHeaders>
                     </restSimpleBinding>
                  </binding>
                  <output>
                     <field description="Retrieved entities"
                            entireResponse="true"
                            name="entireResponse"
                            type="object"/>
                  </output>
               </action>
               <action category="Service Operations"
                       failOnError="true"
                       forSearch="false"
                       label="GET_declineOffer"
                       maxRedirects="100"
                       name="GET_declineOffer"
                       preemptiveAuth="true"
                       responseEncoding="">
                  <description>Invoke function declineOffer</description>
                  <input>
                     <parameter label="applicationId"
                                name="applicationId"
                                required="true"
                                testWith=""
                                type="string"/>
                     <parameter label="comment"
                                name="comment"
                                required="true"
                                testWith=""
                                type="string"/>
                  </input>
                  <binding>
                     <restSimpleBinding multiUsing="semicolonSeparated"
                                        url="https://{$hostName}/successfactors/odata/v2/declineOffer"
                                        verb="GET">
                        <authentication>
                           <username>{$username}</username>
                           <password>{$password}</password>
                           <isExpressionInPassword>true</isExpressionInPassword>
                        </authentication>
                        <httpHeaders>
                           <header name="Content-Type">application/json</header>
                           <header name="Accept">application/json</header>
                        </httpHeaders>
                     </restSimpleBinding>
                  </binding>
                  <output>
                     <field description="Success"
                            entireResponse="true"
                            name="entireResponse"
                            type="object"/>
                  </output>
               </action>
               <action category="OfferLetter"
                       failOnError="true"
                       forSearch="false"
                       label="GET_OfferLetter_offerLetterId_"
                       maxRedirects="100"
                       name="GET_OfferLetter_offerLetterId_"
                       preemptiveAuth="true"
                       responseEncoding="">
                  <description>Get entity from OfferLetter by key</description>
                  <input>
                     <parameter description="key: offerLetterId"
                                label="offerLetterIdPathParam"
                                name="offerLetterIdPathParam"
                                nogen="true"
                                required="true"
                                testWith=""
                                type="int"/>
                     <parameter description="Select properties to be returned, see [OData Select](http://docs.oasis-open.org/odata/odata/v4.0/odata-v4.0-part1-protocol.html#_Toc445374620)"
                                label="$select"
                                name="$select"
                                required="false"
                                testWith=""
                                type="picklist">
                        <options>
                           <option name="values">[{"value":"applicationId","label":"applicationId"},{"value":"body","label":"body"},{"value":"bodyLocale","label":"bodyLocale"},{"value":"bodyTemplateId","label":"bodyTemplateId"},{"value":"bonusPayoutFreq","label":"bonusPayoutFreq"},{"value":"candResponseComments","label":"candResponseComments"},{"value":"candResponseDate","label":"candResponseDate"},{"value":"comments","label":"comments"},{"value":"countryCode","label":"countryCode"},{"value":"countryName","label":"countryName"},{"value":"createDate","label":"createDate"},{"value":"createdBy","label":"createdBy"},{"value":"currencyCode","label":"currencyCode"},{"value":"jobStartDate","label":"jobStartDate"},{"value":"jobTitle","label":"jobTitle"},{"value":"lastModifiedBy","label":"lastModifiedBy"},{"value":"lastModifiedDate","label":"lastModifiedDate"},{"value":"locale","label":"locale"},{"value":"localeCode","label":"localeCode"},{"value":"mailboxes","label":"mailboxes"},{"value":"offerExpirationDate","label":"offerExpirationDate"},{"value":"offerLetter","label":"offerLetter"},{"value":"offerLetterId","label":"offerLetterId"},{"value":"offerSentDate","label":"offerSentDate"},{"value":"overtimeRate","label":"overtimeRate"},{"value":"salaryRate","label":"salaryRate"},{"value":"salaryRateType","label":"salaryRateType"},{"value":"sendMode","label":"sendMode"},{"value":"status","label":"status"},{"value":"stockGrant","label":"stockGrant"},{"value":"stockOption","label":"stockOption"},{"value":"subject","label":"subject"},{"value":"targetBonusAmount","label":"targetBonusAmount"},{"value":"targetBonusPercent","label":"targetBonusPercent"},{"value":"templateId","label":"templateId"},{"value":"templateName","label":"templateName"},{"value":"tokens","label":"tokens"}]</option>
                        </options>
                     </parameter>
                  </input>
                  <binding>
                     <restSimpleBinding multiUsing="semicolonSeparated"
                                        url="https://{$hostName}/successfactors/odata/v2/OfferLetter({$offerLetterIdPathParam})"
                                        verb="GET">
                        <authentication>
                           <username>{$username}</username>
                           <password>{$password}</password>
                           <isExpressionInPassword>true</isExpressionInPassword>
                        </authentication>
                        <httpHeaders>
                           <header name="Content-Type">application/json</header>
                           <header name="Accept">application/json</header>
                        </httpHeaders>
                     </restSimpleBinding>
                  </binding>
                  <output>
                     <field description="Retrieved entity"
                            entireResponse="true"
                            name="entireResponse"
                            type="object"/>
                  </output>
               </action>
               <action category="OfferLetter"
                       failOnError="true"
                       forSearch="false"
                       label="DELETE_OfferLetter_offerLetterId_"
                       maxRedirects="100"
                       name="DELETE_OfferLetter_offerLetterId_"
                       preemptiveAuth="true"
                       responseEncoding="">
                  <description>Delete entity from OfferLetter</description>
                  <input>
                     <parameter description="key: offerLetterId"
                                label="offerLetterIdPathParam"
                                name="offerLetterIdPathParam"
                                nogen="true"
                                required="true"
                                testWith=""
                                type="int"/>
                     <parameter description="ETag"
                                label="If-Match"
                                name="If-Match"
                                nogen="true"
                                required="false"
                                testWith=""
                                type="string"/>
                  </input>
                  <binding>
                     <restSimpleBinding multiUsing="semicolonSeparated"
                                        url="https://{$hostName}/successfactors/odata/v2/OfferLetter({$offerLetterIdPathParam})"
                                        verb="DELETE">
                        <authentication>
                           <username>{$username}</username>
                           <password>{$password}</password>
                           <isExpressionInPassword>true</isExpressionInPassword>
                        </authentication>
                        <httpHeaders>
                           <header name="Content-Type">application/json</header>
                           <header name="Accept">application/json</header>
                           <header name="If-Match">{$If-Match}</header>
                        </httpHeaders>
                     </restSimpleBinding>
                  </binding>
                  <output/>
               </action>
               <action category="OfferLetter"
                       failOnError="true"
                       forSearch="false"
                       label="PUT_OfferLetter_offerLetterId_"
                       maxRedirects="100"
                       name="PUT_OfferLetter_offerLetterId_"
                       preemptiveAuth="true"
                       responseEncoding="">
                  <description>Update entity in OfferLetter</description>
                  <input>
                     <parameter description="key: offerLetterId"
                                label="offerLetterIdPathParam"
                                name="offerLetterIdPathParam"
                                nogen="true"
                                required="true"
                                testWith=""
                                type="int"/>
                     <parameter description="New property values"
                                label="OfferLetter"
                                name="OfferLetter"
                                required="false"
                                testWith=""
                                type="object"/>
                  </input>
                  <binding>
                     <restSimpleBinding multiUsing="semicolonSeparated"
                                        url="https://{$hostName}/successfactors/odata/v2/OfferLetter({$offerLetterIdPathParam})"
                                        verb="PUT">
                        <authentication>
                           <username>{$username}</username>
                           <password>{$password}</password>
                           <isExpressionInPassword>true</isExpressionInPassword>
                        </authentication>
                        <httpHeaders>
                           <header name="Content-Type">application/json</header>
                           <header name="Accept">application/json</header>
                        </httpHeaders>
                        <body generateUsing="UnwrappedJSON" preserveJsonStringFormatting="false"/>
                     </restSimpleBinding>
                  </binding>
                  <output/>
               </action>
               <action category="JobOfferApprover"
                       failOnError="true"
                       forSearch="false"
                       label="GET_JobOfferApprover"
                       maxRedirects="100"
                       name="GET_JobOfferApprover"
                       preemptiveAuth="true"
                       responseEncoding="">
                  <description>Get entities from JobOfferApprover</description>
                  <input>
                     <parameter description="Show only the first n items, see [OData Paging - Top](http://docs.oasis-open.org/odata/odata/v4.0/odata-v4.0-part1-protocol.html#_Toc445374630)"
                                label="$top"
                                name="$top"
                                required="false"
                                testWith=""
                                type="int"/>
                     <parameter description="Skip the first n items, see [OData Paging - Skip](http://docs.oasis-open.org/odata/odata/v4.0/odata-v4.0-part1-protocol.html#_Toc445374631)"
                                label="$skip"
                                name="$skip"
                                required="false"
                                testWith=""
                                type="int"/>
                     <parameter description="Search items by search phrases, see [OData Searching](http://docs.oasis-open.org/odata/odata/v4.0/odata-v4.0-part1-protocol.html#_Toc445374633)"
                                label="$search"
                                name="$search"
                                required="false"
                                testWith=""
                                type="string"/>
                     <parameter description="Filter items by property values, see [OData Filtering](http://docs.oasis-open.org/odata/odata/v4.0/odata-v4.0-part1-protocol.html#_Toc445374625)"
                                label="$filter"
                                name="$filter"
                                required="false"
                                testWith=""
                                type="string"/>
                     <parameter description="Include count of items, see [OData Count](http://docs.oasis-open.org/odata/odata/v4.0/odata-v4.0-part1-protocol.html#_Toc445374632)"
                                label="$count"
                                name="$count"
                                required="false"
                                testWith=""
                                type="boolean"/>
                     <parameter description="Order items by property values, see [OData Sorting](http://docs.oasis-open.org/odata/odata/v4.0/odata-v4.0-part1-protocol.html#_Toc445374629)"
                                label="$orderby"
                                name="$orderby"
                                required="false"
                                testWith=""
                                type="picklist">
                        <options>
                           <option name="values">[{"value":"approvalStepId","label":"approvalStepId"},{"value":"approvalStepId desc","label":"approvalStepId desc"},{"value":"approverAction","label":"approverAction"},{"value":"approverAction desc","label":"approverAction desc"},{"value":"approverActionDate","label":"approverActionDate"},{"value":"approverActionDate desc","label":"approverActionDate desc"},{"value":"approverFirstName","label":"approverFirstName"},{"value":"approverFirstName desc","label":"approverFirstName desc"},{"value":"approverLastName","label":"approverLastName"},{"value":"approverLastName desc","label":"approverLastName desc"},{"value":"approverOrder","label":"approverOrder"},{"value":"approverOrder desc","label":"approverOrder desc"},{"value":"comment","label":"comment"},{"value":"comment desc","label":"comment desc"},{"value":"createdBy","label":"createdBy"},{"value":"createdBy desc","label":"createdBy desc"},{"value":"createdDate","label":"createdDate"},{"value":"createdDate desc","label":"createdDate desc"},{"value":"lastModifiedBy","label":"lastModifiedBy"},{"value":"lastModifiedBy desc","label":"lastModifiedBy desc"},{"value":"lastModifiedDate","label":"lastModifiedDate"},{"value":"lastModifiedDate desc","label":"lastModifiedDate desc"},{"value":"offerApprovalId","label":"offerApprovalId"},{"value":"offerApprovalId desc","label":"offerApprovalId desc"},{"value":"offerApproverId","label":"offerApproverId"},{"value":"offerApproverId desc","label":"offerApproverId desc"},{"value":"username","label":"username"},{"value":"username desc","label":"username desc"}]</option>
                        </options>
                     </parameter>
                     <parameter description="Select properties to be returned, see [OData Select](http://docs.oasis-open.org/odata/odata/v4.0/odata-v4.0-part1-protocol.html#_Toc445374620)"
                                label="$select"
                                name="$select"
                                required="false"
                                testWith=""
                                type="picklist">
                        <options>
                           <option name="values">[{"value":"approvalStepId","label":"approvalStepId"},{"value":"approverAction","label":"approverAction"},{"value":"approverActionDate","label":"approverActionDate"},{"value":"approverFirstName","label":"approverFirstName"},{"value":"approverLastName","label":"approverLastName"},{"value":"approverOrder","label":"approverOrder"},{"value":"comment","label":"comment"},{"value":"createdBy","label":"createdBy"},{"value":"createdDate","label":"createdDate"},{"value":"lastModifiedBy","label":"lastModifiedBy"},{"value":"lastModifiedDate","label":"lastModifiedDate"},{"value":"offerApprovalId","label":"offerApprovalId"},{"value":"offerApproverId","label":"offerApproverId"},{"value":"username","label":"username"}]</option>
                        </options>
                     </parameter>
                     <parameter description="Expand related entities, see [OData Expand](http://docs.oasis-open.org/odata/odata/v4.0/odata-v4.0-part1-protocol.html#_Toc445374621)"
                                label="$expand"
                                name="$expand"
                                required="false"
                                testWith=""
                                type="picklist">
                        <options>
                           <option name="values">[{"value":"*","label":"*"},{"value":"offerApproval","label":"offerApproval"}]</option>
                        </options>
                     </parameter>
                  </input>
                  <binding>
                     <restSimpleBinding multiUsing="semicolonSeparated"
                                        url="https://{$hostName}/successfactors/odata/v2/JobOfferApprover"
                                        verb="GET">
                        <authentication>
                           <username>{$username}</username>
                           <password>{$password}</password>
                           <isExpressionInPassword>true</isExpressionInPassword>
                        </authentication>
                        <httpHeaders>
                           <header name="Content-Type">application/json</header>
                           <header name="Accept">application/json</header>
                        </httpHeaders>
                     </restSimpleBinding>
                  </binding>
                  <output>
                     <field description="Retrieved entities"
                            entireResponse="true"
                            name="entireResponse"
                            type="object"/>
                  </output>
               </action>
               <action category="JobOffer"
                       failOnError="true"
                       forSearch="false"
                       label="GET_JobOffer_offerApprovalId_"
                       maxRedirects="100"
                       name="GET_JobOffer_offerApprovalId_"
                       preemptiveAuth="true"
                       responseEncoding="">
                  <description>Get entity from JobOffer by key</description>
                  <input>
                     <parameter description="key: offerApprovalId"
                                label="offerApprovalIdPathParam"
                                name="offerApprovalIdPathParam"
                                nogen="true"
                                required="true"
                                testWith=""
                                type="int"/>
                     <parameter description="Select properties to be returned, see [OData Select](http://docs.oasis-open.org/odata/odata/v4.0/odata-v4.0-part1-protocol.html#_Toc445374620)"
                                label="$select"
                                name="$select"
                                required="false"
                                testWith=""
                                type="picklist">
                        <options>
                           <option name="values">[{"value":"annual_FB","label":"annual_FB"},{"value":"annual_PF","label":"annual_PF"},{"value":"annual_SA","label":"annual_SA"},{"value":"annual_cashPay","label":"annual_cashPay"},{"value":"annual_gratuity","label":"annual_gratuity"},{"value":"annual_retirals","label":"annual_retirals"},{"value":"anonymizedDate","label":"anonymizedDate"},{"value":"anonymizedFlag","label":"anonymizedFlag"},{"value":"applicationId","label":"applicationId"},{"value":"candJust","label":"candJust"},{"value":"candidateName","label":"candidateName"},{"value":"commission","label":"commission"},{"value":"createdBy","label":"createdBy"},{"value":"createdDate","label":"createdDate"},{"value":"currency","label":"currency"},{"value":"currentLocation","label":"currentLocation"},{"value":"formDataId","label":"formDataId"},{"value":"formTemplateId","label":"formTemplateId"},{"value":"initialComment","label":"initialComment"},{"value":"internalStatus","label":"internalStatus"},{"value":"jobRateOfPay","label":"jobRateOfPay"},{"value":"lastModifiedBy","label":"lastModifiedBy"},{"value":"lastModifiedDate","label":"lastModifiedDate"},{"value":"location","label":"location"},{"value":"monthly_FB","label":"monthly_FB"},{"value":"monthly_PF","label":"monthly_PF"},{"value":"monthly_SA","label":"monthly_SA"},{"value":"monthly_cashPay","label":"monthly_cashPay"},{"value":"monthly_gratuity","label":"monthly_gratuity"},{"value":"monthly_retirals","label":"monthly_retirals"},{"value":"monthly_salary","label":"monthly_salary"},{"value":"offerApprovalId","label":"offerApprovalId"},{"value":"redefineTemplateApprovers","label":"redefineTemplateApprovers"},{"value":"salaryBase","label":"salaryBase"},{"value":"stockPackage","label":"stockPackage"},{"value":"targetBonusAmount","label":"targetBonusAmount"},{"value":"tempDate","label":"tempDate"},{"value":"templateId","label":"templateId"},{"value":"total_earnings","label":"total_earnings"},{"value":"total_fixed_pay","label":"total_fixed_pay"},{"value":"version","label":"version"}]</option>
                        </options>
                     </parameter>
                     <parameter description="Expand related entities, see [OData Expand](http://docs.oasis-open.org/odata/odata/v4.0/odata-v4.0-part1-protocol.html#_Toc445374621)"
                                label="$expand"
                                name="$expand"
                                required="false"
                                testWith=""
                                type="picklist">
                        <options>
                           <option name="values">[{"value":"*","label":"*"},{"value":"approvers","label":"approvers"}]</option>
                        </options>
                     </parameter>
                  </input>
                  <binding>
                     <restSimpleBinding multiUsing="semicolonSeparated"
                                        url="https://{$hostName}/successfactors/odata/v2/JobOffer({$offerApprovalIdPathParam})"
                                        verb="GET">
                        <authentication>
                           <username>{$username}</username>
                           <password>{$password}</password>
                           <isExpressionInPassword>true</isExpressionInPassword>
                        </authentication>
                        <httpHeaders>
                           <header name="Content-Type">application/json</header>
                           <header name="Accept">application/json</header>
                        </httpHeaders>
                     </restSimpleBinding>
                  </binding>
                  <output>
                     <field description="Retrieved entity"
                            entireResponse="true"
                            name="entireResponse"
                            type="object"/>
                  </output>
               </action>
               <action category="JobOffer"
                       failOnError="true"
                       forSearch="false"
                       label="DELETE_JobOffer_offerApprovalId_"
                       maxRedirects="100"
                       name="DELETE_JobOffer_offerApprovalId_"
                       preemptiveAuth="true"
                       responseEncoding="">
                  <description>Delete entity from JobOffer</description>
                  <input>
                     <parameter description="key: offerApprovalId"
                                label="offerApprovalIdPathParam"
                                name="offerApprovalIdPathParam"
                                nogen="true"
                                required="true"
                                testWith=""
                                type="int"/>
                     <parameter description="ETag"
                                label="If-Match"
                                name="If-Match"
                                nogen="true"
                                required="false"
                                testWith=""
                                type="string"/>
                  </input>
                  <binding>
                     <restSimpleBinding multiUsing="semicolonSeparated"
                                        url="https://{$hostName}/successfactors/odata/v2/JobOffer({$offerApprovalIdPathParam})"
                                        verb="DELETE">
                        <authentication>
                           <username>{$username}</username>
                           <password>{$password}</password>
                           <isExpressionInPassword>true</isExpressionInPassword>
                        </authentication>
                        <httpHeaders>
                           <header name="Content-Type">application/json</header>
                           <header name="Accept">application/json</header>
                           <header name="If-Match">{$If-Match}</header>
                        </httpHeaders>
                     </restSimpleBinding>
                  </binding>
                  <output/>
               </action>
               <action category="JobOffer"
                       failOnError="true"
                       forSearch="false"
                       label="PUT_JobOffer_offerApprovalId_"
                       maxRedirects="100"
                       name="PUT_JobOffer_offerApprovalId_"
                       preemptiveAuth="true"
                       responseEncoding="">
                  <description>Update entity in JobOffer</description>
                  <input>
                     <parameter description="key: offerApprovalId"
                                label="offerApprovalIdPathParam"
                                name="offerApprovalIdPathParam"
                                nogen="true"
                                required="true"
                                testWith=""
                                type="int"/>
                     <parameter description="New property values"
                                label="JobOffer"
                                name="JobOffer"
                                required="false"
                                testWith=""
                                type="object"/>
                  </input>
                  <binding>
                     <restSimpleBinding multiUsing="semicolonSeparated"
                                        url="https://{$hostName}/successfactors/odata/v2/JobOffer({$offerApprovalIdPathParam})"
                                        verb="PUT">
                        <authentication>
                           <username>{$username}</username>
                           <password>{$password}</password>
                           <isExpressionInPassword>true</isExpressionInPassword>
                        </authentication>
                        <httpHeaders>
                           <header name="Content-Type">application/json</header>
                           <header name="Accept">application/json</header>
                        </httpHeaders>
                        <body generateUsing="UnwrappedJSON" preserveJsonStringFormatting="false"/>
                     </restSimpleBinding>
                  </binding>
                  <output/>
               </action>
               <action category="Service Operations"
                       failOnError="true"
                       forSearch="false"
                       label="GET_sendMailOfferLetter"
                       maxRedirects="100"
                       name="GET_sendMailOfferLetter"
                       preemptiveAuth="true"
                       responseEncoding="">
                  <description>Invoke function sendMailOfferLetter</description>
                  <input>
                     <parameter label="offerLetterId"
                                name="offerLetterId"
                                required="true"
                                testWith=""
                                type="string"/>
                     <parameter label="sendMode"
                                name="sendMode"
                                required="true"
                                testWith=""
                                type="string"/>
                     <parameter label="bodyTemplateId"
                                name="bodyTemplateId"
                                required="true"
                                testWith=""
                                type="string"/>
                     <parameter label="bodyLocale"
                                name="bodyLocale"
                                required="true"
                                testWith=""
                                type="string"/>
                  </input>
                  <binding>
                     <restSimpleBinding multiUsing="semicolonSeparated"
                                        url="https://{$hostName}/successfactors/odata/v2/sendMailOfferLetter"
                                        verb="GET">
                        <authentication>
                           <username>{$username}</username>
                           <password>{$password}</password>
                           <isExpressionInPassword>true</isExpressionInPassword>
                        </authentication>
                        <httpHeaders>
                           <header name="Content-Type">application/json</header>
                           <header name="Accept">application/json</header>
                        </httpHeaders>
                     </restSimpleBinding>
                  </binding>
                  <output>
                     <field description="Success"
                            entireResponse="true"
                            name="entireResponse"
                            type="object"/>
                  </output>
               </action>
            </actions>
            <objects>
               <processObject xmlns="http://schemas.active-endpoints.com/appmodules/screenflow/2011/06/avosHostEnvironment.xsd"
                              isByCopy="true"
                              name="odata_error_main">
                  <description/>
                  <detail>
                     <field name="code" type="string"/>
                     <field name="innererror" type="object"/>
                     <field name="details" type="objectlist">
                        <options>
                           <option name="referenceTo">odata_error_detail</option>
                           <option name="relationshipName">Child</option>
                        </options>
                     </field>
                     <field name="message" type="string"/>
                     <field name="target" type="string"/>
                  </detail>
               </processObject>
               <processObject xmlns="http://schemas.active-endpoints.com/appmodules/screenflow/2011/06/avosHostEnvironment.xsd"
                              isByCopy="true"
                              name="odata_error_detail">
                  <description/>
                  <detail>
                     <field name="code" type="string"/>
                     <field name="message" type="string"/>
                     <field name="target" type="string"/>
                  </detail>
               </processObject>
               <processObject xmlns="http://schemas.active-endpoints.com/appmodules/screenflow/2011/06/avosHostEnvironment.xsd"
                              isByCopy="true"
                              name="odata_error">
                  <description/>
                  <detail>
                     <field name="error" type="reference">
                        <options>
                           <option name="referenceTo">odata_error_main</option>
                           <option name="relationshipName">Child</option>
                        </options>
                     </field>
                  </detail>
               </processObject>
               <processObject xmlns="http://schemas.active-endpoints.com/appmodules/screenflow/2011/06/avosHostEnvironment.xsd"
                              isByCopy="true"
                              name="SFOData_OfferLetter">
                  <description/>
                  <detail>
                     <field name="offerLetterId" type="string"/>
                     <field name="stockOption" type="string"/>
                     <field name="subject" type="string"/>
                     <field name="jobTitle" type="string"/>
                     <field name="bodyTemplateId" type="string"/>
                     <field name="body" type="string"/>
                     <field name="bonusPayoutFreq" type="string"/>
                     <field name="locale" type="string"/>
                     <field name="targetBonusAmount" type="string"/>
                     <field name="templateId" type="string"/>
                     <field name="targetBonusPercent" type="string"/>
                     <field name="localeCode" type="string"/>
                     <field name="countryCode" type="string"/>
                     <field name="bodyLocale" type="string"/>
                     <field name="candResponseDate" type="string"/>
                     <field name="salaryRateType" type="string"/>
                     <field name="tokens" type="string"/>
                     <field name="offerSentDate" type="string"/>
                     <field name="sendMode" type="string"/>
                     <field name="createDate" type="string"/>
                     <field name="candResponseComments" type="string"/>
                     <field name="offerLetter" type="string"/>
                     <field name="comments" type="string"/>
                     <field name="offerExpirationDate" type="string"/>
                     <field name="lastModifiedDate" type="string"/>
                     <field name="jobStartDate" type="string"/>
                     <field name="lastModifiedBy" type="string"/>
                     <field name="mailboxes" type="string"/>
                     <field name="overtimeRate" type="string"/>
                     <field name="createdBy" type="string"/>
                     <field name="salaryRate" type="string"/>
                     <field name="templateName" type="string"/>
                     <field name="stockGrant" type="string"/>
                     <field name="countryName" type="string"/>
                     <field name="applicationId" type="string"/>
                     <field name="currencyCode" type="string"/>
                     <field name="status" type="string"/>
                  </detail>
               </processObject>
               <processObject xmlns="http://schemas.active-endpoints.com/appmodules/screenflow/2011/06/avosHostEnvironment.xsd"
                              isByCopy="true"
                              name="SFOData_RCMAdminReassignOfferApprover">
                  <description/>
                  <detail>
                     <field name="jobReqTitle" type="string"/>
                     <field name="offerDetailId" type="string"/>
                     <field name="currUserId" type="string"/>
                     <field name="jobReqId" type="string"/>
                     <field name="candidateName" type="string"/>
                     <field name="targetUserId" type="string"/>
                     <field name="applicationId" type="string"/>
                  </detail>
               </processObject>
               <processObject xmlns="http://schemas.active-endpoints.com/appmodules/screenflow/2011/06/avosHostEnvironment.xsd"
                              isByCopy="true"
                              name="SFOData_JobOfferApprover">
                  <description/>
                  <detail>
                     <field name="offerApprovalId" type="string"/>
                     <field name="offerApproverId" type="string"/>
                     <field name="approverLastName" type="string"/>
                     <field name="lastModifiedDate" type="string"/>
                     <field name="lastModifiedBy" type="string"/>
                     <field name="approverOrder" type="string"/>
                     <field name="approverActionDate" type="string"/>
                     <field name="createdDate" type="string"/>
                     <field name="createdBy" type="string"/>
                     <field name="offerApproval" type="reference">
                        <options>
                           <option name="referenceTo">SFOData_JobOffer</option>
                           <option name="relationshipName">Child</option>
                        </options>
                     </field>
                     <field name="approverFirstName" type="string"/>
                     <field name="comment" type="string"/>
                     <field name="approverAction" type="string"/>
                     <field name="approvalStepId" type="string"/>
                     <field name="username" type="string"/>
                  </detail>
               </processObject>
               <processObject xmlns="http://schemas.active-endpoints.com/appmodules/screenflow/2011/06/avosHostEnvironment.xsd"
                              isByCopy="true"
                              name="SFOData_JobOffer">
                  <description/>
                  <detail>
                     <field name="monthly_cashPay" type="string"/>
                     <field name="monthly_gratuity" type="string"/>
                     <field name="salaryBase" type="string"/>
                     <field name="monthly_FB" type="string"/>
                     <field name="approvers" type="object"/>
                     <field name="candJust" type="string"/>
                     <field name="tempDate" type="string"/>
                     <field name="targetBonusAmount" type="string"/>
                     <field name="templateId" type="string"/>
                     <field name="monthly_PF" type="string"/>
                     <field name="annual_FB" type="string"/>
                     <field name="annual_cashPay" type="string"/>
                     <field name="jobRateOfPay" type="string"/>
                     <field name="initialComment" type="string"/>
                     <field name="commission" type="string"/>
                     <field name="currency" type="string"/>
                     <field name="formDataId" type="string"/>
                     <field name="annual_PF" type="string"/>
                     <field name="offerApprovalId" type="string"/>
                     <field name="annual_SA" type="string"/>
                     <field name="annual_gratuity" type="string"/>
                     <field name="lastModifiedDate" type="string"/>
                     <field name="monthly_retirals" type="string"/>
                     <field name="lastModifiedBy" type="string"/>
                     <field name="monthly_SA" type="string"/>
                     <field name="redefineTemplateApprovers" type="string"/>
                     <field name="stockPackage" type="string"/>
                     <field name="formTemplateId" type="string"/>
                     <field name="version" type="string"/>
                     <field name="currentLocation" type="string"/>
                     <field name="internalStatus" type="string"/>
                     <field name="monthly_salary" type="string"/>
                     <field name="createdDate" type="string"/>
                     <field name="anonymizedDate" type="string"/>
                     <field name="candidateName" type="string"/>
                     <field name="createdBy" type="string"/>
                     <field name="total_earnings" type="string"/>
                     <field name="total_fixed_pay" type="string"/>
                     <field name="anonymizedFlag" type="string"/>
                     <field name="location" type="string"/>
                     <field name="applicationId" type="string"/>
                     <field name="annual_retirals" type="string"/>
                  </detail>
               </processObject>
               <processObject xmlns="http://schemas.active-endpoints.com/appmodules/screenflow/2011/06/avosHostEnvironment.xsd"
                              isByCopy="true"
                              name="string">
                  <description/>
                  <detail>
                     <field name="string" type="string"/>
                  </detail>
               </processObject>
               <processObject xmlns="http://schemas.active-endpoints.com/appmodules/screenflow/2011/06/avosHostEnvironment.xsd"
                              isByCopy="true"
                              name="boolean">
                  <description/>
                  <detail>
                     <field name="boolean" type="boolean"/>
                  </detail>
               </processObject>
               <processObject xmlns="http://schemas.active-endpoints.com/appmodules/screenflow/2011/06/avosHostEnvironment.xsd"
                              isByCopy="true"
                              name="double">
                  <description/>
                  <detail>
                     <field name="double" type="double"/>
                  </detail>
               </processObject>
               <processObject xmlns="http://schemas.active-endpoints.com/appmodules/screenflow/2011/06/avosHostEnvironment.xsd"
                              isByCopy="true"
                              name="integer">
                  <description/>
                  <detail>
                     <field name="integer" type="int"/>
                  </detail>
               </processObject>
               <processObject xmlns="http://schemas.active-endpoints.com/appmodules/screenflow/2011/06/avosHostEnvironment.xsd"
                              isByCopy="true"
                              name="error">
                  <description>Error</description>
                  <detail/>
               </processObject>
            </objects>
         </businessConnector>
      </types1:Entry>
      <types1:GUID>5HATBXm3dJCdaBnovrpoC9</types1:GUID>
      <types1:DisplayName>SAP SuccessFactors Recruiting Offer OData API v1</types1:DisplayName>
   </types1:Item>
   <types1:CurrentServerDateTime>2019-12-20T13:03:31.719Z</types1:CurrentServerDateTime>
</aetgt:getResponse>
