<aetgt:getResponse xmlns:aetgt="http://schemas.active-endpoints.com/appmodules/repository/2010/10/avrepository.xsd"
                   xmlns:types1="http://schemas.active-endpoints.com/appmodules/repository/2010/10/avrepository.xsd">
   <types1:Item>
      <types1:EntryId>ZCU7uMydx2CGeFR-gt-52381-2019-02-26T06:47:12.833Z::svc.xml</types1:EntryId>
      <types1:Name>Google_Cloud_Identity_API_v1</types1:Name>
      <types1:MimeType>application/xml+businesssconnector</types1:MimeType>
      <types1:Description>API for provisioning and managing identity resources.</types1:Description>
      <types1:AppliesTo/>
      <types1:Tags/>
      <types1:VersionLabel>1.0</types1:VersionLabel>
      <types1:State>CURRENT</types1:State>
      <types1:ProcessGroup/>
      <types1:CreatedBy>stage2_pod1</types1:CreatedBy>
      <types1:CreationDate>2019-02-26T06:47:13Z</types1:CreationDate>
      <types1:ModifiedBy/>
      <types1:PublicationStatus>unpublished</types1:PublicationStatus>
      <types1:AutosaveExists>false</types1:AutosaveExists>
      <types1:Entry>
         <businessConnector xmlns="http://schemas.informatica.com/socrates/data-services/2014/05/business-connector-model.xsd"
                            agentOnly="false"
                            debug="false"
                            displayName="Google Cloud Identity API v1"
                            label=""
                            name="Google_Cloud_Identity_API_v1"
                            uuid="8b5d0cb4-e327-4572-8602-d422b4e26f34">
            <description>API for provisioning and managing identity resources.</description>
            <tags/>
            <connectionAttributes xmlns="http://schemas.informatica.com/appmodules/screenflow/2014/04/avosConnectors.xsd">
               <connectionAttribute description="Host Name"
                                    masked="false"
                                    name="hostName"
                                    required="true"
                                    testWith="cloudidentity.googleapis.com"
                                    type="string"/>
            </connectionAttributes>
            <actions>
               <action category="memberships"
                       failOnError="true"
                       forSearch="false"
                       label="V1MembershipsLookupByParentGet"
                       maxRedirects="100"
                       name="V1MembershipsLookupByParentGet"
                       preemptiveAuth="true"
                       responseEncoding="">
                  <description>LookupV1MembershipsLookupByParent. Looks up [resource name](https://cloud.google.com/apis/design/resource_names) of a Membership within a Group by member's EntityKey.</description>
                  <input>
                     <parameter description="API key. Your API key identifies your project and provides you with API access, quota, and reports. Required unless you provide an OAuth 2.0 token."
                                label="key"
                                name="key"
                                required="false"
                                testWith=""
                                type="string"/>
                     <parameter description="OAuth access token."
                                label="access_token"
                                name="access_token"
                                required="false"
                                testWith=""
                                type="string"/>
                     <parameter description="Upload protocol for media (e.g. &#34;raw&#34;, &#34;multipart&#34;)."
                                label="upload_protocol"
                                name="upload_protocol"
                                required="false"
                                testWith=""
                                type="string"/>
                     <parameter description="Returns response with indentations and line breaks."
                                label="prettyPrint"
                                name="prettyPrint"
                                required="false"
                                testWith=""
                                type="boolean"/>
                     <parameter description="Available to use for quota purposes for server-side applications. Can be any arbitrary string assigned to a user, but should not exceed 40 characters."
                                label="quotaUser"
                                name="quotaUser"
                                required="false"
                                testWith=""
                                type="string"/>
                     <parameter description="Legacy upload protocol for media (e.g. &#34;media&#34;, &#34;multipart&#34;)."
                                label="uploadType"
                                name="uploadType"
                                required="false"
                                testWith=""
                                type="string"/>
                     <parameter description="Selector specifying which fields to include in a partial response."
                                label="fields"
                                name="fields"
                                required="false"
                                testWith=""
                                type="string"/>
                     <parameter description="V1 error format. (Acceptable values are: &#34;1&#34;, &#34;2&#34;)"
                                label="$.xgafv"
                                name="$.xgafv"
                                required="false"
                                testWith=""
                                type="string"/>
                     <parameter description="OAuth 2.0 token for the current user."
                                label="oauth_token"
                                name="oauth_token"
                                required="false"
                                testWith=""
                                type="string"/>
                     <parameter description="JSONP"
                                label="callback"
                                name="callback"
                                required="false"
                                testWith=""
                                type="string"/>
                     <parameter description="Data format for response. (Acceptable values are: &#34;json&#34;, &#34;media&#34;, &#34;proto&#34;)"
                                label="alt"
                                name="alt"
                                required="false"
                                testWith=""
                                type="string"/>
                     <parameter description="The ID of the entity within the given namespace. The ID must be unique&#xA;within its namespace."
                                label="memberKey.id"
                                name="memberKey.id"
                                required="false"
                                testWith=""
                                type="string"/>
                     <parameter description="Namespaces provide isolation for IDs, so an ID only needs to be unique&#xA;within its namespace.&#xA;&#xA;Namespaces are currently only created as part of IdentitySource creation&#xA;from Admin Console. A namespace `&#34;identitysources/{identity_source_id}&#34;` is&#xA;created corresponding to every Identity Source `identity_source_id`."
                                label="memberKey.namespace"
                                name="memberKey.namespace"
                                required="false"
                                testWith=""
                                type="string"/>
                  </input>
                  <binding>
                     <restSimpleBinding multiUsing="semicolonSeparated"
                                        url="https://{$hostName}/v1/{$SC__parentPathParam}/memberships:lookup"
                                        verb="GET">
                        <httpHeaders>
                           <header name="Content-Type">application/json</header>
                           <header name="Accept">application/json</header>
                        </httpHeaders>
                     </restSimpleBinding>
                  </binding>
                  <output>
                     <field description=""
                            entireResponse="true"
                            name="LookupMembershipNameResponse"
                            type="reference">
                        <options>
                           <option name="referenceTo">LookupMembershipNameResponse</option>
                        </options>
                     </field>
                  </output>
               </action>
               <action category="groups"
                       failOnError="true"
                       forSearch="false"
                       label="V1GroupsSearchGet"
                       maxRedirects="100"
                       name="V1GroupsSearchGet"
                       preemptiveAuth="true"
                       responseEncoding="">
                  <description>SearchV1GroupsSearch. Searches for Groups.</description>
                  <input>
                     <parameter description="API key. Your API key identifies your project and provides you with API access, quota, and reports. Required unless you provide an OAuth 2.0 token."
                                label="key"
                                name="key"
                                required="false"
                                testWith=""
                                type="string"/>
                     <parameter description="OAuth access token."
                                label="access_token"
                                name="access_token"
                                required="false"
                                testWith=""
                                type="string"/>
                     <parameter description="Upload protocol for media (e.g. &#34;raw&#34;, &#34;multipart&#34;)."
                                label="upload_protocol"
                                name="upload_protocol"
                                required="false"
                                testWith=""
                                type="string"/>
                     <parameter description="Returns response with indentations and line breaks."
                                label="prettyPrint"
                                name="prettyPrint"
                                required="false"
                                testWith=""
                                type="boolean"/>
                     <parameter description="Available to use for quota purposes for server-side applications. Can be any arbitrary string assigned to a user, but should not exceed 40 characters."
                                label="quotaUser"
                                name="quotaUser"
                                required="false"
                                testWith=""
                                type="string"/>
                     <parameter description="Legacy upload protocol for media (e.g. &#34;media&#34;, &#34;multipart&#34;)."
                                label="uploadType"
                                name="uploadType"
                                required="false"
                                testWith=""
                                type="string"/>
                     <parameter description="Selector specifying which fields to include in a partial response."
                                label="fields"
                                name="fields"
                                required="false"
                                testWith=""
                                type="string"/>
                     <parameter description="V1 error format. (Acceptable values are: &#34;1&#34;, &#34;2&#34;)"
                                label="$.xgafv"
                                name="$.xgafv"
                                required="false"
                                testWith=""
                                type="string"/>
                     <parameter description="OAuth 2.0 token for the current user."
                                label="oauth_token"
                                name="oauth_token"
                                required="false"
                                testWith=""
                                type="string"/>
                     <parameter description="JSONP"
                                label="callback"
                                name="callback"
                                required="false"
                                testWith=""
                                type="string"/>
                     <parameter description="Data format for response. (Acceptable values are: &#34;json&#34;, &#34;media&#34;, &#34;proto&#34;)"
                                label="alt"
                                name="alt"
                                required="false"
                                testWith=""
                                type="string"/>
                     <parameter description="The next_page_token value returned from a previous search request, if any."
                                label="pageToken"
                                name="pageToken"
                                required="false"
                                testWith=""
                                type="string"/>
                     <parameter description="Maximum number of Groups to return.&#xA;&#xA;View | Default | Maximum&#xA;-----|---------|--------&#xA;BASIC | 200 | 1000&#xA;FULL | 50 | 500"
                                label="pageSize"
                                name="pageSize"
                                required="false"
                                testWith=""
                                type="int"/>
                     <parameter description="`Required`. Query string for performing search on groups. Users can search&#xA;on parent and label attributes of groups.&#xA;EXACT match ('==') is supported on parent, and CONTAINS match ('in') is&#xA;supported on labels."
                                label="query"
                                name="query"
                                required="false"
                                testWith=""
                                type="string"/>
                     <parameter description="Group resource view to be returned. Defaults to [View.BASIC](). (Acceptable values are: &#34;VIEW_UNSPECIFIED&#34;, &#34;BASIC&#34;, &#34;FULL&#34;)"
                                label="view"
                                name="view"
                                required="false"
                                testWith=""
                                type="string"/>
                  </input>
                  <binding>
                     <restSimpleBinding multiUsing="semicolonSeparated"
                                        url="https://{$hostName}/v1/groups:search"
                                        verb="GET">
                        <httpHeaders>
                           <header name="Content-Type">application/json</header>
                           <header name="Accept">application/json</header>
                        </httpHeaders>
                     </restSimpleBinding>
                  </binding>
                  <output>
                     <field description=""
                            entireResponse="true"
                            name="SearchGroupsResponse"
                            type="reference">
                        <options>
                           <option name="referenceTo">SearchGroupsResponse</option>
                        </options>
                     </field>
                  </output>
               </action>
               <action category="groups"
                       failOnError="true"
                       forSearch="false"
                       label="V1GroupsLookupGet"
                       maxRedirects="100"
                       name="V1GroupsLookupGet"
                       preemptiveAuth="true"
                       responseEncoding="">
                  <description>LookupV1GroupsLookup. Looks up [resource name](https://cloud.google.com/apis/design/resource_names) of a Group by its EntityKey.</description>
                  <input>
                     <parameter description="API key. Your API key identifies your project and provides you with API access, quota, and reports. Required unless you provide an OAuth 2.0 token."
                                label="key"
                                name="key"
                                required="false"
                                testWith=""
                                type="string"/>
                     <parameter description="OAuth access token."
                                label="access_token"
                                name="access_token"
                                required="false"
                                testWith=""
                                type="string"/>
                     <parameter description="Upload protocol for media (e.g. &#34;raw&#34;, &#34;multipart&#34;)."
                                label="upload_protocol"
                                name="upload_protocol"
                                required="false"
                                testWith=""
                                type="string"/>
                     <parameter description="Returns response with indentations and line breaks."
                                label="prettyPrint"
                                name="prettyPrint"
                                required="false"
                                testWith=""
                                type="boolean"/>
                     <parameter description="Available to use for quota purposes for server-side applications. Can be any arbitrary string assigned to a user, but should not exceed 40 characters."
                                label="quotaUser"
                                name="quotaUser"
                                required="false"
                                testWith=""
                                type="string"/>
                     <parameter description="Legacy upload protocol for media (e.g. &#34;media&#34;, &#34;multipart&#34;)."
                                label="uploadType"
                                name="uploadType"
                                required="false"
                                testWith=""
                                type="string"/>
                     <parameter description="Selector specifying which fields to include in a partial response."
                                label="fields"
                                name="fields"
                                required="false"
                                testWith=""
                                type="string"/>
                     <parameter description="V1 error format. (Acceptable values are: &#34;1&#34;, &#34;2&#34;)"
                                label="$.xgafv"
                                name="$.xgafv"
                                required="false"
                                testWith=""
                                type="string"/>
                     <parameter description="OAuth 2.0 token for the current user."
                                label="oauth_token"
                                name="oauth_token"
                                required="false"
                                testWith=""
                                type="string"/>
                     <parameter description="JSONP"
                                label="callback"
                                name="callback"
                                required="false"
                                testWith=""
                                type="string"/>
                     <parameter description="Data format for response. (Acceptable values are: &#34;json&#34;, &#34;media&#34;, &#34;proto&#34;)"
                                label="alt"
                                name="alt"
                                required="false"
                                testWith=""
                                type="string"/>
                     <parameter description="The ID of the entity within the given namespace. The ID must be unique&#xA;within its namespace."
                                label="groupKey.id"
                                name="groupKey.id"
                                required="false"
                                testWith=""
                                type="string"/>
                     <parameter description="Namespaces provide isolation for IDs, so an ID only needs to be unique&#xA;within its namespace.&#xA;&#xA;Namespaces are currently only created as part of IdentitySource creation&#xA;from Admin Console. A namespace `&#34;identitysources/{identity_source_id}&#34;` is&#xA;created corresponding to every Identity Source `identity_source_id`."
                                label="groupKey.namespace"
                                name="groupKey.namespace"
                                required="false"
                                testWith=""
                                type="string"/>
                  </input>
                  <binding>
                     <restSimpleBinding multiUsing="semicolonSeparated"
                                        url="https://{$hostName}/v1/groups:lookup"
                                        verb="GET">
                        <httpHeaders>
                           <header name="Content-Type">application/json</header>
                           <header name="Accept">application/json</header>
                        </httpHeaders>
                     </restSimpleBinding>
                  </binding>
                  <output>
                     <field description=""
                            entireResponse="true"
                            name="LookupGroupNameResponse"
                            type="reference">
                        <options>
                           <option name="referenceTo">LookupGroupNameResponse</option>
                        </options>
                     </field>
                  </output>
               </action>
               <action category="groups"
                       failOnError="true"
                       forSearch="false"
                       label="V1GroupsPost"
                       maxRedirects="100"
                       name="V1GroupsPost"
                       preemptiveAuth="true"
                       responseEncoding="">
                  <description>CreateV1Groups. Creates a Group.</description>
                  <input>
                     <parameter label="body"
                                name="body"
                                required="true"
                                testWith=""
                                type="reference">
                        <options>
                           <option name="referenceTo">Group</option>
                        </options>
                     </parameter>
                     <parameter description="API key. Your API key identifies your project and provides you with API access, quota, and reports. Required unless you provide an OAuth 2.0 token."
                                label="key"
                                name="key"
                                required="false"
                                testWith=""
                                type="string"/>
                     <parameter description="OAuth access token."
                                label="access_token"
                                name="access_token"
                                required="false"
                                testWith=""
                                type="string"/>
                     <parameter description="Upload protocol for media (e.g. &#34;raw&#34;, &#34;multipart&#34;)."
                                label="upload_protocol"
                                name="upload_protocol"
                                required="false"
                                testWith=""
                                type="string"/>
                     <parameter description="Returns response with indentations and line breaks."
                                label="prettyPrint"
                                name="prettyPrint"
                                required="false"
                                testWith=""
                                type="boolean"/>
                     <parameter description="Available to use for quota purposes for server-side applications. Can be any arbitrary string assigned to a user, but should not exceed 40 characters."
                                label="quotaUser"
                                name="quotaUser"
                                required="false"
                                testWith=""
                                type="string"/>
                     <parameter description="Legacy upload protocol for media (e.g. &#34;media&#34;, &#34;multipart&#34;)."
                                label="uploadType"
                                name="uploadType"
                                required="false"
                                testWith=""
                                type="string"/>
                     <parameter description="Selector specifying which fields to include in a partial response."
                                label="fields"
                                name="fields"
                                required="false"
                                testWith=""
                                type="string"/>
                     <parameter description="V1 error format. (Acceptable values are: &#34;1&#34;, &#34;2&#34;)"
                                label="$.xgafv"
                                name="$.xgafv"
                                required="false"
                                testWith=""
                                type="string"/>
                     <parameter description="OAuth 2.0 token for the current user."
                                label="oauth_token"
                                name="oauth_token"
                                required="false"
                                testWith=""
                                type="string"/>
                     <parameter description="JSONP"
                                label="callback"
                                name="callback"
                                required="false"
                                testWith=""
                                type="string"/>
                     <parameter description="Data format for response. (Acceptable values are: &#34;json&#34;, &#34;media&#34;, &#34;proto&#34;)"
                                label="alt"
                                name="alt"
                                required="false"
                                testWith=""
                                type="string"/>
                  </input>
                  <binding>
                     <restSimpleBinding multiUsing="semicolonSeparated"
                                        url="https://{$hostName}/v1/groups"
                                        verb="POST">
                        <httpHeaders>
                           <header name="Content-Type">application/json</header>
                           <header name="Accept">application/json</header>
                        </httpHeaders>
                        <body generateUsing="UnwrappedJSON" preserveJsonStringFormatting="false"/>
                     </restSimpleBinding>
                  </binding>
                  <output>
                     <field description=""
                            entireResponse="true"
                            name="Operation"
                            type="reference">
                        <options>
                           <option name="referenceTo">Operation</option>
                        </options>
                     </field>
                  </output>
               </action>
               <action category="groups"
                       failOnError="true"
                       forSearch="false"
                       label="V1GroupsGet"
                       maxRedirects="100"
                       name="V1GroupsGet"
                       preemptiveAuth="true"
                       responseEncoding="">
                  <description>ListV1Groups. List groups within a customer or a domain.</description>
                  <input>
                     <parameter description="API key. Your API key identifies your project and provides you with API access, quota, and reports. Required unless you provide an OAuth 2.0 token."
                                label="key"
                                name="key"
                                required="false"
                                testWith=""
                                type="string"/>
                     <parameter description="OAuth access token."
                                label="access_token"
                                name="access_token"
                                required="false"
                                testWith=""
                                type="string"/>
                     <parameter description="Upload protocol for media (e.g. &#34;raw&#34;, &#34;multipart&#34;)."
                                label="upload_protocol"
                                name="upload_protocol"
                                required="false"
                                testWith=""
                                type="string"/>
                     <parameter description="Returns response with indentations and line breaks."
                                label="prettyPrint"
                                name="prettyPrint"
                                required="false"
                                testWith=""
                                type="boolean"/>
                     <parameter description="Available to use for quota purposes for server-side applications. Can be any arbitrary string assigned to a user, but should not exceed 40 characters."
                                label="quotaUser"
                                name="quotaUser"
                                required="false"
                                testWith=""
                                type="string"/>
                     <parameter description="Legacy upload protocol for media (e.g. &#34;media&#34;, &#34;multipart&#34;)."
                                label="uploadType"
                                name="uploadType"
                                required="false"
                                testWith=""
                                type="string"/>
                     <parameter description="Selector specifying which fields to include in a partial response."
                                label="fields"
                                name="fields"
                                required="false"
                                testWith=""
                                type="string"/>
                     <parameter description="V1 error format. (Acceptable values are: &#34;1&#34;, &#34;2&#34;)"
                                label="$.xgafv"
                                name="$.xgafv"
                                required="false"
                                testWith=""
                                type="string"/>
                     <parameter description="OAuth 2.0 token for the current user."
                                label="oauth_token"
                                name="oauth_token"
                                required="false"
                                testWith=""
                                type="string"/>
                     <parameter description="JSONP"
                                label="callback"
                                name="callback"
                                required="false"
                                testWith=""
                                type="string"/>
                     <parameter description="Data format for response. (Acceptable values are: &#34;json&#34;, &#34;media&#34;, &#34;proto&#34;)"
                                label="alt"
                                name="alt"
                                required="false"
                                testWith=""
                                type="string"/>
                     <parameter description="The next_page_token value returned from a previous list request, if any."
                                label="pageToken"
                                name="pageToken"
                                required="false"
                                testWith=""
                                type="string"/>
                     <parameter description="Maximum number of Groups to return.&#xA;&#xA;View | Default | Maximum&#xA;-----|---------|--------&#xA;BASIC | 200 | 1000&#xA;FULL | 50 | 500"
                                label="pageSize"
                                name="pageSize"
                                required="false"
                                testWith=""
                                type="int"/>
                     <parameter description="Group resource view to be returned. Defaults to [View.BASIC](). (Acceptable values are: &#34;VIEW_UNSPECIFIED&#34;, &#34;BASIC&#34;, &#34;FULL&#34;)"
                                label="view"
                                name="view"
                                required="false"
                                testWith=""
                                type="string"/>
                     <parameter description="`Required`. May be made Optional in the future.&#xA;Customer ID to list all groups from."
                                label="parent"
                                name="parent"
                                required="false"
                                testWith=""
                                type="string"/>
                  </input>
                  <binding>
                     <restSimpleBinding multiUsing="semicolonSeparated"
                                        url="https://{$hostName}/v1/groups"
                                        verb="GET">
                        <httpHeaders>
                           <header name="Content-Type">application/json</header>
                           <header name="Accept">application/json</header>
                        </httpHeaders>
                     </restSimpleBinding>
                  </binding>
                  <output>
                     <field description=""
                            entireResponse="true"
                            name="ListGroupsResponse"
                            type="reference">
                        <options>
                           <option name="referenceTo">ListGroupsResponse</option>
                        </options>
                     </field>
                  </output>
               </action>
               <action category="memberships"
                       failOnError="true"
                       forSearch="false"
                       label="V1MembershipsByParentPost"
                       maxRedirects="100"
                       name="V1MembershipsByParentPost"
                       preemptiveAuth="true"
                       responseEncoding="">
                  <description>CreateV1MembershipsByParent. Creates a Membership.</description>
                  <input>
                     <parameter label="body"
                                name="body"
                                required="true"
                                testWith=""
                                type="reference">
                        <options>
                           <option name="referenceTo">Membership</option>
                        </options>
                     </parameter>
                     <parameter description="API key. Your API key identifies your project and provides you with API access, quota, and reports. Required unless you provide an OAuth 2.0 token."
                                label="key"
                                name="key"
                                required="false"
                                testWith=""
                                type="string"/>
                     <parameter description="OAuth access token."
                                label="access_token"
                                name="access_token"
                                required="false"
                                testWith=""
                                type="string"/>
                     <parameter description="Upload protocol for media (e.g. &#34;raw&#34;, &#34;multipart&#34;)."
                                label="upload_protocol"
                                name="upload_protocol"
                                required="false"
                                testWith=""
                                type="string"/>
                     <parameter description="Returns response with indentations and line breaks."
                                label="prettyPrint"
                                name="prettyPrint"
                                required="false"
                                testWith=""
                                type="boolean"/>
                     <parameter description="Available to use for quota purposes for server-side applications. Can be any arbitrary string assigned to a user, but should not exceed 40 characters."
                                label="quotaUser"
                                name="quotaUser"
                                required="false"
                                testWith=""
                                type="string"/>
                     <parameter description="Legacy upload protocol for media (e.g. &#34;media&#34;, &#34;multipart&#34;)."
                                label="uploadType"
                                name="uploadType"
                                required="false"
                                testWith=""
                                type="string"/>
                     <parameter description="Selector specifying which fields to include in a partial response."
                                label="fields"
                                name="fields"
                                required="false"
                                testWith=""
                                type="string"/>
                     <parameter description="V1 error format. (Acceptable values are: &#34;1&#34;, &#34;2&#34;)"
                                label="$.xgafv"
                                name="$.xgafv"
                                required="false"
                                testWith=""
                                type="string"/>
                     <parameter description="OAuth 2.0 token for the current user."
                                label="oauth_token"
                                name="oauth_token"
                                required="false"
                                testWith=""
                                type="string"/>
                     <parameter description="JSONP"
                                label="callback"
                                name="callback"
                                required="false"
                                testWith=""
                                type="string"/>
                     <parameter description="Data format for response. (Acceptable values are: &#34;json&#34;, &#34;media&#34;, &#34;proto&#34;)"
                                label="alt"
                                name="alt"
                                required="false"
                                testWith=""
                                type="string"/>
                  </input>
                  <binding>
                     <restSimpleBinding multiUsing="semicolonSeparated"
                                        url="https://{$hostName}/v1/{$SC__parentPathParam}/memberships"
                                        verb="POST">
                        <httpHeaders>
                           <header name="Content-Type">application/json</header>
                           <header name="Accept">application/json</header>
                        </httpHeaders>
                        <body generateUsing="UnwrappedJSON" preserveJsonStringFormatting="false"/>
                     </restSimpleBinding>
                  </binding>
                  <output>
                     <field description=""
                            entireResponse="true"
                            name="Operation"
                            type="reference">
                        <options>
                           <option name="referenceTo">Operation</option>
                        </options>
                     </field>
                  </output>
               </action>
               <action category="memberships"
                       failOnError="true"
                       forSearch="false"
                       label="V1MembershipsByParentGet"
                       maxRedirects="100"
                       name="V1MembershipsByParentGet"
                       preemptiveAuth="true"
                       responseEncoding="">
                  <description>ListV1MembershipsByParent. List Memberships within a Group.</description>
                  <input>
                     <parameter description="API key. Your API key identifies your project and provides you with API access, quota, and reports. Required unless you provide an OAuth 2.0 token."
                                label="key"
                                name="key"
                                required="false"
                                testWith=""
                                type="string"/>
                     <parameter description="OAuth access token."
                                label="access_token"
                                name="access_token"
                                required="false"
                                testWith=""
                                type="string"/>
                     <parameter description="Upload protocol for media (e.g. &#34;raw&#34;, &#34;multipart&#34;)."
                                label="upload_protocol"
                                name="upload_protocol"
                                required="false"
                                testWith=""
                                type="string"/>
                     <parameter description="Returns response with indentations and line breaks."
                                label="prettyPrint"
                                name="prettyPrint"
                                required="false"
                                testWith=""
                                type="boolean"/>
                     <parameter description="Available to use for quota purposes for server-side applications. Can be any arbitrary string assigned to a user, but should not exceed 40 characters."
                                label="quotaUser"
                                name="quotaUser"
                                required="false"
                                testWith=""
                                type="string"/>
                     <parameter description="Legacy upload protocol for media (e.g. &#34;media&#34;, &#34;multipart&#34;)."
                                label="uploadType"
                                name="uploadType"
                                required="false"
                                testWith=""
                                type="string"/>
                     <parameter description="Selector specifying which fields to include in a partial response."
                                label="fields"
                                name="fields"
                                required="false"
                                testWith=""
                                type="string"/>
                     <parameter description="V1 error format. (Acceptable values are: &#34;1&#34;, &#34;2&#34;)"
                                label="$.xgafv"
                                name="$.xgafv"
                                required="false"
                                testWith=""
                                type="string"/>
                     <parameter description="OAuth 2.0 token for the current user."
                                label="oauth_token"
                                name="oauth_token"
                                required="false"
                                testWith=""
                                type="string"/>
                     <parameter description="JSONP"
                                label="callback"
                                name="callback"
                                required="false"
                                testWith=""
                                type="string"/>
                     <parameter description="Data format for response. (Acceptable values are: &#34;json&#34;, &#34;media&#34;, &#34;proto&#34;)"
                                label="alt"
                                name="alt"
                                required="false"
                                testWith=""
                                type="string"/>
                     <parameter description="The next_page_token value returned from a previous list request, if any."
                                label="pageToken"
                                name="pageToken"
                                required="false"
                                testWith=""
                                type="string"/>
                     <parameter description="Maximum number of Memberships to return.&#xA;&#xA;View | Default | Maximum&#xA;-----|---------|--------&#xA;BASIC | 200 | 1000&#xA;FULL | 50 | 500"
                                label="pageSize"
                                name="pageSize"
                                required="false"
                                testWith=""
                                type="int"/>
                     <parameter description="Membership resource view to be returned. Defaults to View.BASIC. (Acceptable values are: &#34;VIEW_UNSPECIFIED&#34;, &#34;BASIC&#34;, &#34;FULL&#34;)"
                                label="view"
                                name="view"
                                required="false"
                                testWith=""
                                type="string"/>
                  </input>
                  <binding>
                     <restSimpleBinding multiUsing="semicolonSeparated"
                                        url="https://{$hostName}/v1/{$SC__parentPathParam}/memberships"
                                        verb="GET">
                        <httpHeaders>
                           <header name="Content-Type">application/json</header>
                           <header name="Accept">application/json</header>
                        </httpHeaders>
                     </restSimpleBinding>
                  </binding>
                  <output>
                     <field description=""
                            entireResponse="true"
                            name="ListMembershipsResponse"
                            type="reference">
                        <options>
                           <option name="referenceTo">ListMembershipsResponse</option>
                        </options>
                     </field>
                  </output>
               </action>
               <action category="groups"
                       failOnError="true"
                       forSearch="false"
                       label="V1ByNamePatch"
                       maxRedirects="100"
                       name="V1ByNamePatch"
                       preemptiveAuth="true"
                       responseEncoding="">
                  <description>PatchV1ByName. Updates a Group.</description>
                  <input>
                     <parameter label="body"
                                name="body"
                                required="true"
                                testWith=""
                                type="reference">
                        <options>
                           <option name="referenceTo">Group</option>
                        </options>
                     </parameter>
                     <parameter description="API key. Your API key identifies your project and provides you with API access, quota, and reports. Required unless you provide an OAuth 2.0 token."
                                label="key"
                                name="key"
                                required="false"
                                testWith=""
                                type="string"/>
                     <parameter description="OAuth access token."
                                label="access_token"
                                name="access_token"
                                required="false"
                                testWith=""
                                type="string"/>
                     <parameter description="Upload protocol for media (e.g. &#34;raw&#34;, &#34;multipart&#34;)."
                                label="upload_protocol"
                                name="upload_protocol"
                                required="false"
                                testWith=""
                                type="string"/>
                     <parameter description="Returns response with indentations and line breaks."
                                label="prettyPrint"
                                name="prettyPrint"
                                required="false"
                                testWith=""
                                type="boolean"/>
                     <parameter description="Available to use for quota purposes for server-side applications. Can be any arbitrary string assigned to a user, but should not exceed 40 characters."
                                label="quotaUser"
                                name="quotaUser"
                                required="false"
                                testWith=""
                                type="string"/>
                     <parameter description="Legacy upload protocol for media (e.g. &#34;media&#34;, &#34;multipart&#34;)."
                                label="uploadType"
                                name="uploadType"
                                required="false"
                                testWith=""
                                type="string"/>
                     <parameter description="Selector specifying which fields to include in a partial response."
                                label="fields"
                                name="fields"
                                required="false"
                                testWith=""
                                type="string"/>
                     <parameter description="V1 error format. (Acceptable values are: &#34;1&#34;, &#34;2&#34;)"
                                label="$.xgafv"
                                name="$.xgafv"
                                required="false"
                                testWith=""
                                type="string"/>
                     <parameter description="OAuth 2.0 token for the current user."
                                label="oauth_token"
                                name="oauth_token"
                                required="false"
                                testWith=""
                                type="string"/>
                     <parameter description="JSONP"
                                label="callback"
                                name="callback"
                                required="false"
                                testWith=""
                                type="string"/>
                     <parameter description="Data format for response. (Acceptable values are: &#34;json&#34;, &#34;media&#34;, &#34;proto&#34;)"
                                label="alt"
                                name="alt"
                                required="false"
                                testWith=""
                                type="string"/>
                     <parameter description="Editable fields: `display_name`, `description`"
                                label="updateMask"
                                name="updateMask"
                                required="false"
                                testWith=""
                                type="string"/>
                  </input>
                  <binding>
                     <restSimpleBinding multiUsing="semicolonSeparated"
                                        url="https://{$hostName}/v1/{$SC__namePathParam}"
                                        verb="PATCH">
                        <httpHeaders>
                           <header name="Content-Type">application/json</header>
                           <header name="Accept">application/json</header>
                        </httpHeaders>
                        <body generateUsing="UnwrappedJSON" preserveJsonStringFormatting="false"/>
                     </restSimpleBinding>
                  </binding>
                  <output>
                     <field description=""
                            entireResponse="true"
                            name="Operation"
                            type="reference">
                        <options>
                           <option name="referenceTo">Operation</option>
                        </options>
                     </field>
                  </output>
               </action>
               <action category="memberships"
                       failOnError="true"
                       forSearch="false"
                       label="V1ByNameGet"
                       maxRedirects="100"
                       name="V1ByNameGet"
                       preemptiveAuth="true"
                       responseEncoding="">
                  <description>GetV1ByName. Retrieves a Membership.</description>
                  <input>
                     <parameter description="API key. Your API key identifies your project and provides you with API access, quota, and reports. Required unless you provide an OAuth 2.0 token."
                                label="key"
                                name="key"
                                required="false"
                                testWith=""
                                type="string"/>
                     <parameter description="OAuth access token."
                                label="access_token"
                                name="access_token"
                                required="false"
                                testWith=""
                                type="string"/>
                     <parameter description="Upload protocol for media (e.g. &#34;raw&#34;, &#34;multipart&#34;)."
                                label="upload_protocol"
                                name="upload_protocol"
                                required="false"
                                testWith=""
                                type="string"/>
                     <parameter description="Returns response with indentations and line breaks."
                                label="prettyPrint"
                                name="prettyPrint"
                                required="false"
                                testWith=""
                                type="boolean"/>
                     <parameter description="Available to use for quota purposes for server-side applications. Can be any arbitrary string assigned to a user, but should not exceed 40 characters."
                                label="quotaUser"
                                name="quotaUser"
                                required="false"
                                testWith=""
                                type="string"/>
                     <parameter description="Legacy upload protocol for media (e.g. &#34;media&#34;, &#34;multipart&#34;)."
                                label="uploadType"
                                name="uploadType"
                                required="false"
                                testWith=""
                                type="string"/>
                     <parameter description="Selector specifying which fields to include in a partial response."
                                label="fields"
                                name="fields"
                                required="false"
                                testWith=""
                                type="string"/>
                     <parameter description="V1 error format. (Acceptable values are: &#34;1&#34;, &#34;2&#34;)"
                                label="$.xgafv"
                                name="$.xgafv"
                                required="false"
                                testWith=""
                                type="string"/>
                     <parameter description="OAuth 2.0 token for the current user."
                                label="oauth_token"
                                name="oauth_token"
                                required="false"
                                testWith=""
                                type="string"/>
                     <parameter description="JSONP"
                                label="callback"
                                name="callback"
                                required="false"
                                testWith=""
                                type="string"/>
                     <parameter description="Data format for response. (Acceptable values are: &#34;json&#34;, &#34;media&#34;, &#34;proto&#34;)"
                                label="alt"
                                name="alt"
                                required="false"
                                testWith=""
                                type="string"/>
                  </input>
                  <binding>
                     <restSimpleBinding multiUsing="semicolonSeparated"
                                        url="https://{$hostName}/v1/{$SC__namePathParam}"
                                        verb="GET">
                        <httpHeaders>
                           <header name="Content-Type">application/json</header>
                           <header name="Accept">application/json</header>
                        </httpHeaders>
                     </restSimpleBinding>
                  </binding>
                  <output>
                     <field description=""
                            entireResponse="true"
                            name="Membership"
                            type="reference">
                        <options>
                           <option name="referenceTo">Membership</option>
                        </options>
                     </field>
                  </output>
               </action>
               <action category="memberships"
                       failOnError="true"
                       forSearch="false"
                       label="V1ByNameDelete"
                       maxRedirects="100"
                       name="V1ByNameDelete"
                       preemptiveAuth="true"
                       responseEncoding="">
                  <description>DeleteV1ByName. Deletes a Membership.</description>
                  <input>
                     <parameter description="API key. Your API key identifies your project and provides you with API access, quota, and reports. Required unless you provide an OAuth 2.0 token."
                                label="key"
                                name="key"
                                required="false"
                                testWith=""
                                type="string"/>
                     <parameter description="OAuth access token."
                                label="access_token"
                                name="access_token"
                                required="false"
                                testWith=""
                                type="string"/>
                     <parameter description="Upload protocol for media (e.g. &#34;raw&#34;, &#34;multipart&#34;)."
                                label="upload_protocol"
                                name="upload_protocol"
                                required="false"
                                testWith=""
                                type="string"/>
                     <parameter description="Returns response with indentations and line breaks."
                                label="prettyPrint"
                                name="prettyPrint"
                                required="false"
                                testWith=""
                                type="boolean"/>
                     <parameter description="Available to use for quota purposes for server-side applications. Can be any arbitrary string assigned to a user, but should not exceed 40 characters."
                                label="quotaUser"
                                name="quotaUser"
                                required="false"
                                testWith=""
                                type="string"/>
                     <parameter description="Legacy upload protocol for media (e.g. &#34;media&#34;, &#34;multipart&#34;)."
                                label="uploadType"
                                name="uploadType"
                                required="false"
                                testWith=""
                                type="string"/>
                     <parameter description="Selector specifying which fields to include in a partial response."
                                label="fields"
                                name="fields"
                                required="false"
                                testWith=""
                                type="string"/>
                     <parameter description="V1 error format. (Acceptable values are: &#34;1&#34;, &#34;2&#34;)"
                                label="$.xgafv"
                                name="$.xgafv"
                                required="false"
                                testWith=""
                                type="string"/>
                     <parameter description="OAuth 2.0 token for the current user."
                                label="oauth_token"
                                name="oauth_token"
                                required="false"
                                testWith=""
                                type="string"/>
                     <parameter description="JSONP"
                                label="callback"
                                name="callback"
                                required="false"
                                testWith=""
                                type="string"/>
                     <parameter description="Data format for response. (Acceptable values are: &#34;json&#34;, &#34;media&#34;, &#34;proto&#34;)"
                                label="alt"
                                name="alt"
                                required="false"
                                testWith=""
                                type="string"/>
                  </input>
                  <binding>
                     <restSimpleBinding multiUsing="semicolonSeparated"
                                        url="https://{$hostName}/v1/{$SC__namePathParam}"
                                        verb="DELETE">
                        <httpHeaders>
                           <header name="Content-Type">application/json</header>
                           <header name="Accept">application/json</header>
                        </httpHeaders>
                     </restSimpleBinding>
                  </binding>
                  <output>
                     <field description=""
                            entireResponse="true"
                            name="Operation"
                            type="reference">
                        <options>
                           <option name="referenceTo">Operation</option>
                        </options>
                     </field>
                  </output>
               </action>
            </actions>
            <objects>
               <processObject xmlns="http://schemas.active-endpoints.com/appmodules/screenflow/2011/06/avosHostEnvironment.xsd"
                              isByCopy="true"
                              name="Status">
                  <description>The error result of the operation in case of failure or cancellation.</description>
                  <detail>
                     <field name="code" type="int"/>
                     <field name="details" type="object"/>
                     <field name="message" type="string"/>
                  </detail>
               </processObject>
               <processObject xmlns="http://schemas.active-endpoints.com/appmodules/screenflow/2011/06/avosHostEnvironment.xsd"
                              isByCopy="true"
                              name="LookupGroupNameResponse">
                  <description/>
                  <detail>
                     <field name="name" type="string"/>
                  </detail>
               </processObject>
               <processObject xmlns="http://schemas.active-endpoints.com/appmodules/screenflow/2011/06/avosHostEnvironment.xsd"
                              isByCopy="true"
                              name="ListMembershipsResponse">
                  <description/>
                  <detail>
                     <field name="nextPageToken" type="string"/>
                     <field name="memberships" type="objectlist">
                        <options>
                           <option name="referenceTo">Membership</option>
                           <option name="relationshipName">Child</option>
                        </options>
                     </field>
                  </detail>
               </processObject>
               <processObject xmlns="http://schemas.active-endpoints.com/appmodules/screenflow/2011/06/avosHostEnvironment.xsd"
                              isByCopy="true"
                              name="Group">
                  <description>Resource representing a Group.</description>
                  <detail>
                     <field name="parent" type="string"/>
                     <field name="createTime" type="string"/>
                     <field name="displayName" type="string"/>
                     <field name="name" type="string"/>
                     <field name="description" type="string"/>
                     <field name="updateTime" type="string"/>
                     <field name="groupKey" type="object"/>
                     <field name="labels" type="object"/>
                  </detail>
               </processObject>
               <processObject xmlns="http://schemas.active-endpoints.com/appmodules/screenflow/2011/06/avosHostEnvironment.xsd"
                              isByCopy="true"
                              name="EntityKey">
                  <description>EntityKey of the entity to be added as the member. Must be set while
creating a Membership, read-only afterwards.

Currently allowed entity types: `Users`, `Groups`.</description>
                  <detail>
                     <field name="namespace" type="string"/>
                     <field name="id" type="string"/>
                  </detail>
               </processObject>
               <processObject xmlns="http://schemas.active-endpoints.com/appmodules/screenflow/2011/06/avosHostEnvironment.xsd"
                              isByCopy="true"
                              name="ListGroupsResponse">
                  <description>Response message for ListGroups operation.</description>
                  <detail>
                     <field name="nextPageToken" type="string"/>
                     <field name="groups" type="objectlist">
                        <options>
                           <option name="referenceTo">Group</option>
                           <option name="relationshipName">Child</option>
                        </options>
                     </field>
                  </detail>
               </processObject>
               <processObject xmlns="http://schemas.active-endpoints.com/appmodules/screenflow/2011/06/avosHostEnvironment.xsd"
                              isByCopy="true"
                              name="Membership">
                  <description>Resource representing a Membership within a Group</description>
                  <detail>
                     <field name="createTime" type="string"/>
                     <field name="preferredMemberKey" type="reference">
                        <options>
                           <option name="referenceTo">EntityKey</option>
                           <option name="relationshipName">Child</option>
                        </options>
                     </field>
                     <field name="roles" type="objectlist">
                        <options>
                           <option name="referenceTo">MembershipRole</option>
                           <option name="relationshipName">Child</option>
                        </options>
                     </field>
                     <field name="name" type="string"/>
                     <field name="updateTime" type="string"/>
                  </detail>
               </processObject>
               <processObject xmlns="http://schemas.active-endpoints.com/appmodules/screenflow/2011/06/avosHostEnvironment.xsd"
                              isByCopy="true"
                              name="Operation">
                  <description>This resource represents a long-running operation that is the result of a
network API call.</description>
                  <detail>
                     <field name="metadata" type="object"/>
                     <field name="response" type="object"/>
                     <field name="name" type="string"/>
                     <field name="error" type="reference">
                        <options>
                           <option name="referenceTo">Status</option>
                           <option name="relationshipName">Child</option>
                        </options>
                     </field>
                     <field name="done" type="boolean"/>
                  </detail>
               </processObject>
               <processObject xmlns="http://schemas.active-endpoints.com/appmodules/screenflow/2011/06/avosHostEnvironment.xsd"
                              isByCopy="true"
                              name="MembershipRole">
                  <description>Resource representing a role within a Membership.</description>
                  <detail>
                     <field name="name" type="string"/>
                  </detail>
               </processObject>
               <processObject xmlns="http://schemas.active-endpoints.com/appmodules/screenflow/2011/06/avosHostEnvironment.xsd"
                              isByCopy="true"
                              name="SearchGroupsResponse">
                  <description/>
                  <detail>
                     <field name="nextPageToken" type="string"/>
                     <field name="groups" type="objectlist">
                        <options>
                           <option name="referenceTo">Group</option>
                           <option name="relationshipName">Child</option>
                        </options>
                     </field>
                  </detail>
               </processObject>
               <processObject xmlns="http://schemas.active-endpoints.com/appmodules/screenflow/2011/06/avosHostEnvironment.xsd"
                              isByCopy="true"
                              name="LookupMembershipNameResponse">
                  <description/>
                  <detail>
                     <field name="name" type="string"/>
                  </detail>
               </processObject>
               <processObject xmlns="http://schemas.active-endpoints.com/appmodules/screenflow/2011/06/avosHostEnvironment.xsd"
                              isByCopy="true"
                              name="string">
                  <description/>
                  <detail>
                     <field name="string" type="string"/>
                  </detail>
               </processObject>
               <processObject xmlns="http://schemas.active-endpoints.com/appmodules/screenflow/2011/06/avosHostEnvironment.xsd"
                              isByCopy="true"
                              name="boolean">
                  <description/>
                  <detail>
                     <field name="boolean" type="boolean"/>
                  </detail>
               </processObject>
               <processObject xmlns="http://schemas.active-endpoints.com/appmodules/screenflow/2011/06/avosHostEnvironment.xsd"
                              isByCopy="true"
                              name="double">
                  <description/>
                  <detail>
                     <field name="double" type="double"/>
                  </detail>
               </processObject>
               <processObject xmlns="http://schemas.active-endpoints.com/appmodules/screenflow/2011/06/avosHostEnvironment.xsd"
                              isByCopy="true"
                              name="integer">
                  <description/>
                  <detail>
                     <field name="integer" type="int"/>
                  </detail>
               </processObject>
            </objects>
         </businessConnector>
      </types1:Entry>
      <types1:GUID>e3L8euae8M0gjETgtkc5Yr</types1:GUID>
      <types1:DisplayName>Google Cloud Identity API v1</types1:DisplayName>
   </types1:Item>
   <types1:CurrentServerDateTime>2019-02-26T06:47:30.742Z</types1:CurrentServerDateTime>
</aetgt:getResponse>
