<aetgt:getResponse xmlns:aetgt="http://schemas.active-endpoints.com/appmodules/repository/2010/10/avrepository.xsd"
                   xmlns:types1="http://schemas.active-endpoints.com/appmodules/repository/2010/10/avrepository.xsd">
   <types1:Item>
      <types1:EntryId>6vNljLYqBGZkL0j-gt-7575355-2020-01-02T06:26:27.929Z::svc.xml</types1:EntryId>
      <types1:Name>Okta_OpenID_Connect_REST_API_v1</types1:Name>
      <types1:MimeType>application/xml+businesssconnector</types1:MimeType>
      <types1:Description>TODO: Add Description</types1:Description>
      <types1:AppliesTo/>
      <types1:Tags/>
      <types1:VersionLabel>1.0</types1:VersionLabel>
      <types1:State>CURRENT</types1:State>
      <types1:ProcessGroup/>
      <types1:CreatedBy>sorabh@na1.dm-us.org</types1:CreatedBy>
      <types1:CreationDate>2020-01-02T06:26:28Z</types1:CreationDate>
      <types1:ModifiedBy/>
      <types1:PublicationStatus>published</types1:PublicationStatus>
      <types1:PublishedBy>sorabh@na1.dm-us.org</types1:PublishedBy>
      <types1:PublicationDate>2020-01-02T06:27:01Z</types1:PublicationDate>
      <types1:PublishedContributionId>project:/rt.connector/Okta_OpenID_Connect_REST_API_v1/Okta_OpenID_Connect_REST_API_v1_svcDef.xml</types1:PublishedContributionId>
      <types1:AutosaveExists>false</types1:AutosaveExists>
      <types1:Entry>
         <businessConnector xmlns="http://schemas.informatica.com/socrates/data-services/2014/05/business-connector-model.xsd"
                            agentOnly="false"
                            debug="false"
                            displayName="Okta OpenID Connect REST API v1"
                            label=""
                            name="Okta_OpenID_Connect_REST_API_v1"
                            uuid="87c8598b-81f2-4a91-ac01-84dc71a4c12a">
            <description>TODO: Add Description</description>
            <tags/>
            <connectionAttributes xmlns="http://schemas.informatica.com/appmodules/screenflow/2014/04/avosConnectors.xsd">
               <connectionAttribute description="Host Name"
                                    masked="false"
                                    name="hostName"
                                    required="true"
                                    testWith="example.com"
                                    type="string"/>
               <connectionAttribute description="User Name"
                                    masked="false"
                                    name="username"
                                    required="true"
                                    testWith=""
                                    type="string"/>
               <connectionAttribute description="Password"
                                    masked="true"
                                    name="password"
                                    required="true"
                                    testWith=""
                                    type="string"/>
            </connectionAttributes>
            <actions>
               <action category="Misc"
                       failOnError="true"
                       forSearch="false"
                       label="GetOpenIDProviderMetadata"
                       maxRedirects="100"
                       name="GetOpenIDProviderMetadata"
                       preemptiveAuth="true"
                       responseEncoding="">
                  <description>Get OpenID Provider Metadata. TODO: Add Description</description>
                  <input>
                     <parameter label="client_id"
                                name="client_id"
                                required="true"
                                testWith=""
                                type="string"/>
                  </input>
                  <binding>
                     <restSimpleBinding multiUsing="semicolonSeparated"
                                        url="http://{$hostName}/.well-known/openid-configuration"
                                        verb="GET">
                        <authentication>
                           <username>{$username}</username>
                           <password>{$password}</password>
                           <isExpressionInPassword>true</isExpressionInPassword>
                        </authentication>
                        <httpHeaders>
                           <header name="Content-Type">application/json</header>
                           <header name="Accept">application/json</header>
                        </httpHeaders>
                     </restSimpleBinding>
                  </binding>
                  <output/>
               </action>
               <action category="Misc"
                       failOnError="true"
                       forSearch="false"
                       label="GetUserInfo"
                       maxRedirects="100"
                       name="GetUserInfo"
                       preemptiveAuth="true"
                       responseEncoding="">
                  <description>Get UserInfo. TODO: Add Description</description>
                  <input>
                     <parameter label="Authorization"
                                name="Authorization"
                                nogen="true"
                                required="true"
                                testWith=""
                                type="string"/>
                  </input>
                  <binding>
                     <restSimpleBinding multiUsing="semicolonSeparated"
                                        url="http://{$hostName}/oauth2/v1/userinfo"
                                        verb="GET">
                        <httpHeaders>
                           <header name="Content-Type">application/json</header>
                           <header name="Accept">application/json</header>
                           <header name="Authorization">{$Authorization}</header>
                        </httpHeaders>
                     </restSimpleBinding>
                  </binding>
                  <output/>
               </action>
               <action category="Misc"
                       failOnError="true"
                       forSearch="false"
                       label="GetIDTokenwithCode"
                       maxRedirects="100"
                       name="GetIDTokenwithCode"
                       preemptiveAuth="true"
                       responseEncoding="">
                  <description>Get ID Token with Code. TODO: Add Description</description>
                  <input>
                     <parameter label="grant_type"
                                name="grant_type"
                                required="true"
                                testWith=""
                                type="string"/>
                     <parameter label="redirect_uri"
                                name="redirect_uri"
                                required="true"
                                testWith=""
                                type="string"/>
                     <parameter label="code"
                                name="code"
                                required="true"
                                testWith=""
                                type="string"/>
                  </input>
                  <binding>
                     <restSimpleBinding multiUsing="semicolonSeparated"
                                        url="http://{$hostName}/oauth2/v1/token"
                                        verb="POST">
                        <authentication>
                           <username>{$username}</username>
                           <password>{$password}</password>
                           <isExpressionInPassword>true</isExpressionInPassword>
                        </authentication>
                        <httpHeaders>
                           <header name="Content-Type">application/x-www-form-urlencoded</header>
                           <header name="Accept">application/json</header>
                        </httpHeaders>
                        <body generateUsing="Form"/>
                     </restSimpleBinding>
                  </binding>
                  <output/>
               </action>
               <action category="Misc"
                       failOnError="true"
                       forSearch="false"
                       label="IntrospectToken"
                       maxRedirects="100"
                       name="IntrospectToken"
                       preemptiveAuth="true"
                       responseEncoding="">
                  <description>Introspect Token. TODO: Add Description</description>
                  <input>
                     <parameter label="token"
                                name="token"
                                required="true"
                                testWith=""
                                type="string"/>
                     <parameter label="token_type_hint"
                                name="token_type_hint"
                                required="true"
                                testWith=""
                                type="string"/>
                  </input>
                  <binding>
                     <restSimpleBinding multiUsing="semicolonSeparated"
                                        url="http://{$hostName}/oauth2/v1/introspect"
                                        verb="POST">
                        <authentication>
                           <username>{$username}</username>
                           <password>{$password}</password>
                           <isExpressionInPassword>true</isExpressionInPassword>
                        </authentication>
                        <httpHeaders>
                           <header name="Content-Type">application/x-www-form-urlencoded</header>
                           <header name="Accept">application/json</header>
                        </httpHeaders>
                        <body generateUsing="Form"/>
                     </restSimpleBinding>
                  </binding>
                  <output/>
               </action>
               <action category="Misc"
                       failOnError="true"
                       forSearch="false"
                       label="GetIDTokenRequiresInteceptor"
                       maxRedirects="100"
                       name="GetIDTokenRequiresInteceptor"
                       preemptiveAuth="true"
                       responseEncoding="">
                  <description>Get ID Token (Requires Inteceptor). TODO: Add Description</description>
                  <input>
                     <parameter label="client_id"
                                name="client_id"
                                required="true"
                                testWith=""
                                type="string"/>
                     <parameter label="response_type"
                                name="response_type"
                                required="true"
                                testWith=""
                                type="string"/>
                     <parameter label="response_mode"
                                name="response_mode"
                                required="true"
                                testWith=""
                                type="string"/>
                     <parameter label="scope"
                                name="scope"
                                required="true"
                                testWith=""
                                type="string"/>
                     <parameter label="redirect_uri"
                                name="redirect_uri"
                                required="true"
                                testWith=""
                                type="string"/>
                     <parameter label="state"
                                name="state"
                                required="true"
                                testWith=""
                                type="string"/>
                     <parameter label="nonce"
                                name="nonce"
                                required="true"
                                testWith=""
                                type="string"/>
                  </input>
                  <binding>
                     <restSimpleBinding multiUsing="semicolonSeparated"
                                        url="http://{$hostName}/oauth2/v1/authorize"
                                        verb="GET">
                        <authentication>
                           <username>{$username}</username>
                           <password>{$password}</password>
                           <isExpressionInPassword>true</isExpressionInPassword>
                        </authentication>
                        <httpHeaders>
                           <header name="Content-Type">application/json</header>
                           <header name="Accept">application/json</header>
                        </httpHeaders>
                     </restSimpleBinding>
                  </binding>
                  <output/>
               </action>
               <action category="Misc"
                       failOnError="true"
                       forSearch="false"
                       label="RevokeToken"
                       maxRedirects="100"
                       name="RevokeToken"
                       preemptiveAuth="true"
                       responseEncoding="">
                  <description>Revoke Token. TODO: Add Description</description>
                  <input>
                     <parameter label="token"
                                name="token"
                                required="true"
                                testWith=""
                                type="string"/>
                     <parameter label="token_type_hint"
                                name="token_type_hint"
                                required="true"
                                testWith=""
                                type="string"/>
                  </input>
                  <binding>
                     <restSimpleBinding multiUsing="semicolonSeparated"
                                        url="http://{$hostName}/oauth2/v1/revoke"
                                        verb="POST">
                        <authentication>
                           <username>{$username}</username>
                           <password>{$password}</password>
                           <isExpressionInPassword>true</isExpressionInPassword>
                        </authentication>
                        <httpHeaders>
                           <header name="Content-Type">application/x-www-form-urlencoded</header>
                           <header name="Accept">application/json</header>
                        </httpHeaders>
                        <body generateUsing="Form"/>
                     </restSimpleBinding>
                  </binding>
                  <output/>
               </action>
            </actions>
            <objects>
               <processObject xmlns="http://schemas.active-endpoints.com/appmodules/screenflow/2011/06/avosHostEnvironment.xsd"
                              isByCopy="true"
                              name="string">
                  <description/>
                  <detail>
                     <field name="string" type="string"/>
                  </detail>
               </processObject>
               <processObject xmlns="http://schemas.active-endpoints.com/appmodules/screenflow/2011/06/avosHostEnvironment.xsd"
                              isByCopy="true"
                              name="boolean">
                  <description/>
                  <detail>
                     <field name="boolean" type="boolean"/>
                  </detail>
               </processObject>
               <processObject xmlns="http://schemas.active-endpoints.com/appmodules/screenflow/2011/06/avosHostEnvironment.xsd"
                              isByCopy="true"
                              name="double">
                  <description/>
                  <detail>
                     <field name="double" type="double"/>
                  </detail>
               </processObject>
               <processObject xmlns="http://schemas.active-endpoints.com/appmodules/screenflow/2011/06/avosHostEnvironment.xsd"
                              isByCopy="true"
                              name="integer">
                  <description/>
                  <detail>
                     <field name="integer" type="int"/>
                  </detail>
               </processObject>
            </objects>
         </businessConnector>
      </types1:Entry>
      <types1:GUID>72aPRcav1YbiPLuwW0CM66</types1:GUID>
      <types1:DisplayName>Okta OpenID Connect REST API v1</types1:DisplayName>
   </types1:Item>
   <types1:CurrentServerDateTime>2020-01-02T06:27:16.881Z</types1:CurrentServerDateTime>
</aetgt:getResponse>
