<aetgt:getResponse xmlns:aetgt="http://schemas.active-endpoints.com/appmodules/repository/2010/10/avrepository.xsd"
                   xmlns:types1="http://schemas.active-endpoints.com/appmodules/repository/2010/10/avrepository.xsd">
   <types1:Item>
      <types1:EntryId>L2BX9cjIw8jIw8j-gt-217722-2019-02-12T01:15:22.607Z::svc.xml</types1:EntryId>
      <types1:Name>Oracle_Cloud_Infrastructure_Compute_Snapshots_API_v18-1-2</types1:Name>
      <types1:MimeType>application/xml+businesssconnector</types1:MimeType>
      <types1:Description>Instance snapshots provide an easy way to create a customized machine image using an existing instance as a template. You can then use this customized machine image to create multiple instances with identical configurations. To clone an instance using an instance snapshot, first create an instance using an appropriate machine image. This instance must use a nonpersistent boot volume. Deleting an instance shuts off and deletes the virtual machine (VM), destroying all customizations made since launch. To preserve the changes made to a VM after launch, create a new machine image of the modified VM by taking a snapshot of the instance. Add this new machine image to an image list, and then use it to create a new instance. &lt;p&gt;You can create, delete, and view snapshots of an instance using the HTTP requests listed below.&lt;/p&gt;</types1:Description>
      <types1:AppliesTo/>
      <types1:Tags/>
      <types1:VersionLabel>1.0</types1:VersionLabel>
      <types1:State>CURRENT</types1:State>
      <types1:ProcessGroup/>
      <types1:CreatedBy>sorabh@na1.dm-us.org</types1:CreatedBy>
      <types1:CreationDate>2019-02-12T01:15:23Z</types1:CreationDate>
      <types1:ModifiedBy/>
      <types1:PublicationStatus>published</types1:PublicationStatus>
      <types1:PublishedBy>sorabh@na1.dm-us.org</types1:PublishedBy>
      <types1:PublicationDate>2019-02-12T01:15:44Z</types1:PublicationDate>
      <types1:PublishedContributionId>project:/rt.connector/Oracle_Cloud_Infrastructure_Compute_Snapshots_API_v18_1_2/Oracle_Cloud_Infrastructure_Compute_Snapshots_API_v18_1_2_svcDef.xml</types1:PublishedContributionId>
      <types1:AutosaveExists>false</types1:AutosaveExists>
      <types1:Entry>
         <businessConnector xmlns="http://schemas.informatica.com/socrates/data-services/2014/05/business-connector-model.xsd"
                            agentOnly="false"
                            debug="false"
                            displayName="Oracle Cloud Infrastructure Compute Snapshots API v18-1-2"
                            label=""
                            name="Oracle_Cloud_Infrastructure_Compute_Snapshots_API_v18-1-2"
                            uuid="5ad56ca1-f74b-49fd-a54d-71099c627b62">
            <description>Instance snapshots provide an easy way to create a customized machine image using an existing instance as a template. You can then use this customized machine image to create multiple instances with identical configurations. To clone an instance using an instance snapshot, first create an instance using an appropriate machine image. This instance must use a nonpersistent boot volume. Deleting an instance shuts off and deletes the virtual machine (VM), destroying all customizations made since launch. To preserve the changes made to a VM after launch, create a new machine image of the modified VM by taking a snapshot of the instance. Add this new machine image to an image list, and then use it to create a new instance. &lt;p&gt;You can create, delete, and view snapshots of an instance using the HTTP requests listed below.&lt;/p&gt;</description>
            <tags/>
            <connectionAttributes xmlns="http://schemas.informatica.com/appmodules/screenflow/2014/04/avosConnectors.xsd">
               <connectionAttribute description="Host Name"
                                    masked="false"
                                    name="hostName"
                                    required="true"
                                    testWith="apicatalog.oraclecloud.com"
                                    type="string"/>
            </connectionAttributes>
            <actions>
               <action category="Snapshots"
                       failOnError="true"
                       forSearch="false"
                       label="addSnapshot"
                       maxRedirects="100"
                       name="addSnapshot"
                       preemptiveAuth="true"
                       responseEncoding="">
                  <description>Create an Instance Snapshot. Creates a snapshot request, which in turn creates a machine image to preserve all the changes made in the instance since launch.&lt;p&gt;There can be only one snapshot request in the &lt;code&gt;active&lt;/code&gt; or &lt;code&gt;queued&lt;/code&gt; state for an instance at any given time. After the request state changes to &lt;code&gt;error&lt;/code&gt; or &lt;code&gt;complete&lt;/code&gt;, you can issue another snapshot request for that instance.&lt;p&gt;This command returns a snapshot request identifier, which you can use to check the progress of the asynchronous snapshot request by sending a &lt;code&gt;GET&lt;/code&gt; request with the snapshot request identifier. When the state of the request changes to complete, you can send the &lt;code&gt;GET /machineimage/{name}&lt;/code&gt; request to verify that the machine image is created correctly.&lt;p&gt;If you use the &lt;code&gt;"delay": "shutdown"&lt;/code&gt; option, the snapshot remains in the &lt;code&gt;active&lt;/code&gt; state, until you shutdown the instance by deleting it. When the delete instance request &lt;code&gt;(DELETE /instance/{name})&lt;/code&gt; is executed, a snapshot of the instance is taken and a machine image is created, the state of the snapshot changes to &lt;code&gt;complete&lt;/code&gt;, and then the instance is stopped and deleted.&lt;p&gt;Add this new machine image to an image list, and then use it to create a new instance.&lt;p&gt;&lt;b&gt;Prerequisite:&lt;/b&gt; Ensure that you have selected a replication policy for your Oracle Cloud Infrastructure Object Storage Classic instance. See &lt;a target="_blank" href="http://www.oracle.com/pls/topic/lookup?ctx=stcomputecs&amp;id=CSSTO-GUID-5D53C11F-3D9E-43E4-8D1D-DDBB95DEC715"&gt;Selecting a Replication Policy for Your Service Instance&lt;/a&gt; in &lt;em&gt;Using Oracle Cloud Infrastructure Object Storage Classic&lt;/em&gt;.&lt;/p&gt;&lt;p&gt;&lt;b&gt;Required Role: &lt;/b&gt;To complete this task, you must have the &lt;code&gt;Compute_Operations&lt;/code&gt; role. If this role isn't assigned to you or you're not sure, then ask your system administrator to ensure that the role is assigned to you in Oracle Cloud My Services. See &lt;a target="_blank" href="http://www.oracle.com/pls/topic/lookup?ctx=stcomputecs&amp;id=MMOCS-GUID-54C2E747-7D5B-451C-A39C-77936178EBB6"&gt;Modifying User Roles&lt;/a&gt; in &lt;em&gt;Managing and Monitoring Oracle Cloud&lt;/em&gt;.</description>
                  <input>
                     <parameter label="body"
                                name="body"
                                required="true"
                                testWith=""
                                type="reference">
                        <options>
                           <option name="referenceTo">Snapshot_post_request</option>
                        </options>
                     </parameter>
                     <parameter description="The Cookie: header must be included with every request to the service. It must be set to the value of the set-cookie header in the response received to the POST /authenticate/ call."
                                label="Cookie"
                                name="Cookie"
                                nogen="true"
                                required="false"
                                testWith=""
                                type="string"/>
                  </input>
                  <binding>
                     <restSimpleBinding multiUsing="semicolonSeparated"
                                        url="http://{$hostName}/snapshot/"
                                        verb="POST">
                        <httpHeaders>
                           <header name="Content-Type">application/oracle-compute-v3+json</header>
                           <header name="Accept">application/oracle-compute-v3+json</header>
                           <header name="Cookie">{$Cookie}</header>
                        </httpHeaders>
                        <body generateUsing="UnwrappedJSON" preserveJsonStringFormatting="false"/>
                     </restSimpleBinding>
                  </binding>
                  <output/>
               </action>
               <action category="Snapshots"
                       failOnError="true"
                       forSearch="false"
                       label="discoverRootSnapshot"
                       maxRedirects="100"
                       name="discoverRootSnapshot"
                       preemptiveAuth="true"
                       responseEncoding="">
                  <description>Retrieve Names of Containers. Retrieves the names of containers that contain objects that you can access. You can use this information to construct the multipart name of an object.&lt;p&gt;&lt;b&gt;Required Role: &lt;/b&gt;To complete this task, you must have the &lt;code&gt;Compute_Monitor&lt;/code&gt; or &lt;code&gt;Compute_Operations&lt;/code&gt; role. If this role isn't assigned to you or you're not sure, then ask your system administrator to ensure that the role is assigned to you in Oracle Cloud My Services. See &lt;a target="_blank" href="http://www.oracle.com/pls/topic/lookup?ctx=stcomputecs&amp;id=MMOCS-GUID-54C2E747-7D5B-451C-A39C-77936178EBB6"&gt;Modifying User Roles&lt;/a&gt; in &lt;em&gt;Managing and Monitoring Oracle Cloud&lt;/em&gt;.</description>
                  <input>
                     <parameter description="The Cookie: header must be included with every request to the service. It must be set to the value of the set-cookie header in the response received to the POST /authenticate/ call."
                                label="Cookie"
                                name="Cookie"
                                nogen="true"
                                required="false"
                                testWith=""
                                type="string"/>
                  </input>
                  <binding>
                     <restSimpleBinding multiUsing="semicolonSeparated"
                                        url="http://{$hostName}/snapshot/"
                                        verb="GET">
                        <httpHeaders>
                           <header name="Content-Type">application/oracle-compute-v3+json</header>
                           <header name="Accept">application/oracle-compute-v3+directory+json</header>
                           <header name="Cookie">{$Cookie}</header>
                        </httpHeaders>
                     </restSimpleBinding>
                  </binding>
                  <output>
                     <field description="OK. See &lt;a class=&#34;xref&#34; href=&#34;Status%20Codes.html&#34;&gt;Status Codes&lt;/a&gt; for information about other possible HTTP status codes."
                            entireResponse="true"
                            name="Snapshot_discover_response"
                            type="reference">
                        <options>
                           <option name="referenceTo">Snapshot_discover_response</option>
                        </options>
                     </field>
                  </output>
               </action>
               <action category="Snapshots"
                       failOnError="true"
                       forSearch="false"
                       label="discoverSnapshot"
                       maxRedirects="100"
                       name="discoverSnapshot"
                       preemptiveAuth="true"
                       responseEncoding="">
                  <description>Retrieve Names of all Instance Snapshots and Subcontainers in a Container. Retrieves the names of objects and subcontainers that you can access in the specified container.&lt;p&gt;&lt;b&gt;Required Role: &lt;/b&gt;To complete this task, you must have the &lt;code&gt;Compute_Monitor&lt;/code&gt; or &lt;code&gt;Compute_Operations&lt;/code&gt; role. If this role isn't assigned to you or you're not sure, then ask your system administrator to ensure that the role is assigned to you in Oracle Cloud My Services. See &lt;a target="_blank" href="http://www.oracle.com/pls/topic/lookup?ctx=stcomputecs&amp;id=MMOCS-GUID-54C2E747-7D5B-451C-A39C-77936178EBB6"&gt;Modifying User Roles&lt;/a&gt; in &lt;em&gt;Managing and Monitoring Oracle Cloud&lt;/em&gt;.</description>
                  <input>
                     <parameter description="Specify &lt;code&gt;/Compute-&lt;i&gt;identityDomain&lt;/i&gt;/&lt;i&gt;user&lt;/i&gt;/&lt;/code&gt; to retrieve the names of objects that you can access. Specify &lt;code&gt;/Compute-&lt;i&gt;identityDomain&lt;/i&gt;/&lt;/code&gt; to retrieve the names of containers that contain objects that you can access."
                                label="containerPathParam"
                                name="containerPathParam"
                                nogen="true"
                                required="true"
                                testWith=""
                                type="string"/>
                     <parameter description="The Cookie: header must be included with every request to the service. It must be set to the value of the set-cookie header in the response received to the POST /authenticate/ call."
                                label="Cookie"
                                name="Cookie"
                                nogen="true"
                                required="false"
                                testWith=""
                                type="string"/>
                  </input>
                  <binding>
                     <restSimpleBinding multiUsing="semicolonSeparated"
                                        url="http://{$hostName}/snapshot/{$containerPathParam}"
                                        verb="GET">
                        <httpHeaders>
                           <header name="Content-Type">application/oracle-compute-v3+json</header>
                           <header name="Accept">application/oracle-compute-v3+directory+json</header>
                           <header name="Cookie">{$Cookie}</header>
                        </httpHeaders>
                     </restSimpleBinding>
                  </binding>
                  <output>
                     <field description="OK. See &lt;a class=&#34;xref&#34; href=&#34;Status%20Codes.html&#34;&gt;Status Codes&lt;/a&gt; for information about other possible HTTP status codes."
                            entireResponse="true"
                            name="Snapshot_discover_response"
                            type="reference">
                        <options>
                           <option name="referenceTo">Snapshot_discover_response</option>
                        </options>
                     </field>
                  </output>
               </action>
               <action category="Snapshots"
                       failOnError="true"
                       forSearch="false"
                       label="getSnapshot"
                       maxRedirects="100"
                       name="getSnapshot"
                       preemptiveAuth="true"
                       responseEncoding="">
                  <description>Retrieve Details of an Instance Snapshot. Retrieves details for a specific snapshot request.&lt;p&gt;&lt;b&gt;Required Role: &lt;/b&gt;To complete this task, you must have the &lt;code&gt;Compute_Monitor&lt;/code&gt; or &lt;code&gt;Compute_Operations&lt;/code&gt; role. If this role isn't assigned to you or you're not sure, then ask your system administrator to ensure that the role is assigned to you in Oracle Cloud My Services. See &lt;a target="_blank" href="http://www.oracle.com/pls/topic/lookup?ctx=stcomputecs&amp;id=MMOCS-GUID-54C2E747-7D5B-451C-A39C-77936178EBB6"&gt;Modifying User Roles&lt;/a&gt; in &lt;em&gt;Managing and Monitoring Oracle Cloud&lt;/em&gt;.</description>
                  <input>
                     <parameter description="Multipart name of the instance snapshot request."
                                label="namePathParam"
                                name="namePathParam"
                                nogen="true"
                                required="true"
                                testWith=""
                                type="string"/>
                     <parameter description="The Cookie: header must be included with every request to the service. It must be set to the value of the set-cookie header in the response received to the POST /authenticate/ call."
                                label="Cookie"
                                name="Cookie"
                                nogen="true"
                                required="false"
                                testWith=""
                                type="string"/>
                  </input>
                  <binding>
                     <restSimpleBinding multiUsing="semicolonSeparated"
                                        url="http://{$hostName}/snapshot/{$namePathParam}"
                                        verb="GET">
                        <httpHeaders>
                           <header name="Content-Type">application/oracle-compute-v3+json</header>
                           <header name="Accept">application/oracle-compute-v3+json</header>
                           <header name="Cookie">{$Cookie}</header>
                        </httpHeaders>
                     </restSimpleBinding>
                  </binding>
                  <output>
                     <field description="OK. See &lt;a class=&#34;xref&#34; href=&#34;Status%20Codes.html&#34;&gt;Status Codes&lt;/a&gt; for information about other possible HTTP status codes."
                            entireResponse="true"
                            name="Snapshot_response"
                            type="reference">
                        <options>
                           <option name="referenceTo">Snapshot_response</option>
                        </options>
                     </field>
                  </output>
               </action>
               <action category="Snapshots"
                       failOnError="true"
                       forSearch="false"
                       label="deleteSnapshot"
                       maxRedirects="100"
                       name="deleteSnapshot"
                       preemptiveAuth="true"
                       responseEncoding="">
                  <description>Delete an Instance Snapshot. Deletes a snapshot request. Deleting the snapshot request does not delete the machine image that was created by it. No response is returned for the delete action.&lt;p&gt;The following restrictions apply to deleting a snapshot request:&lt;ul&gt;&lt;li&gt;Requests in the &lt;code&gt;active&lt;/code&gt; state cannot be deleted.&lt;/li&gt;&lt;li&gt;Requests can only be deleted when they are in the &lt;code&gt;error&lt;/code&gt; or &lt;code&gt;complete&lt;/code&gt; state.&lt;/li&gt;&lt;/ul&gt;&lt;p&gt;&lt;b&gt;Prerequisite:&lt;/b&gt; Ensure that you have selected a replication policy for your Oracle Cloud Infrastructure Object Storage Classic instance. See &lt;a target="_blank" href="http://www.oracle.com/pls/topic/lookup?ctx=stcomputecs&amp;id=CSSTO-GUID-5D53C11F-3D9E-43E4-8D1D-DDBB95DEC715"&gt;Selecting a Replication Policy for Your Service Instance&lt;/a&gt; in &lt;em&gt;Using Oracle Cloud Infrastructure Object Storage Classic&lt;/em&gt;.&lt;/p&gt;&lt;p&gt;&lt;b&gt;Required Role: &lt;/b&gt;To complete this task, you must have the &lt;code&gt;Compute_Operations&lt;/code&gt; role. If this role isn't assigned to you or you're not sure, then ask your system administrator to ensure that the role is assigned to you in Oracle Cloud My Services. See &lt;a target="_blank" href="http://www.oracle.com/pls/topic/lookup?ctx=stcomputecs&amp;id=MMOCS-GUID-54C2E747-7D5B-451C-A39C-77936178EBB6"&gt;Modifying User Roles&lt;/a&gt; in &lt;em&gt;Managing and Monitoring Oracle Cloud&lt;/em&gt;.</description>
                  <input>
                     <parameter description="Multipart name of the instance snapshot request."
                                label="namePathParam"
                                name="namePathParam"
                                nogen="true"
                                required="true"
                                testWith=""
                                type="string"/>
                     <parameter description="The Cookie: header must be included with every request to the service. It must be set to the value of the set-cookie header in the response received to the POST /authenticate/ call."
                                label="Cookie"
                                name="Cookie"
                                nogen="true"
                                required="false"
                                testWith=""
                                type="string"/>
                  </input>
                  <binding>
                     <restSimpleBinding multiUsing="semicolonSeparated"
                                        url="http://{$hostName}/snapshot/{$namePathParam}"
                                        verb="DELETE">
                        <httpHeaders>
                           <header name="Content-Type">application/oracle-compute-v3+json</header>
                           <header name="Accept">application/oracle-compute-v3+json</header>
                           <header name="Cookie">{$Cookie}</header>
                        </httpHeaders>
                     </restSimpleBinding>
                  </binding>
                  <output/>
               </action>
               <action category="Snapshots"
                       failOnError="true"
                       forSearch="false"
                       label="listSnapshot"
                       maxRedirects="100"
                       name="listSnapshot"
                       preemptiveAuth="true"
                       responseEncoding="">
                  <description>Retrieve Details of all Instance Snapshots in a Container. Retrieves details of the instance snapshot requests that are available in the specified container and match the specified query criteria. If you don't specify any query criteria, then details of all the instance snapshot requests in the container are displayed. To filter the search results, you can pass one or more of the following query parameters, by appending them to the URI in the following syntax:&lt;p&gt;&lt;code&gt;?parameter1=value1&amp;ampparameter2=value2&amp;ampparameterN=valueN&lt;/code&gt;&lt;p&gt;&lt;b&gt;Required Role: &lt;/b&gt;To complete this task, you must have the &lt;code&gt;Compute_Monitor&lt;/code&gt; or &lt;code&gt;Compute_Operations&lt;/code&gt; role. If this role isn't assigned to you or you're not sure, then ask your system administrator to ensure that the role is assigned to you in Oracle Cloud My Services. See &lt;a target="_blank" href="http://www.oracle.com/pls/topic/lookup?ctx=stcomputecs&amp;id=MMOCS-GUID-54C2E747-7D5B-451C-A39C-77936178EBB6"&gt;Modifying User Roles&lt;/a&gt; in &lt;em&gt;Managing and Monitoring Oracle Cloud&lt;/em&gt;.</description>
                  <input>
                     <parameter description="&lt;p&gt;&lt;code&gt;/Compute-&lt;em&gt;identity_domain&lt;/em&gt;/&lt;em&gt;user&lt;/em&gt;&lt;/code&gt; or &lt;p&gt;&lt;code&gt;/Compute-&lt;em&gt;identity_domain&lt;/em&gt;&lt;/code&gt;"
                                label="containerPathParam"
                                name="containerPathParam"
                                nogen="true"
                                required="true"
                                testWith=""
                                type="string"/>
                     <parameter description="Link to object storage account that will store the image."
                                label="account"
                                name="account"
                                required="false"
                                testWith=""
                                type="string"/>
                     <parameter description="Multipart name of the instance."
                                label="instance"
                                name="instance"
                                required="false"
                                testWith=""
                                type="string"/>
                     <parameter description="Three-part name (&lt;code&gt;/Compute-&lt;em&gt;identity_domain&lt;/em&gt;/&lt;em&gt;user&lt;/em&gt;/&lt;em&gt;object&lt;/em&gt;&lt;/code&gt; ) of the machine image generated from the instance snapshot request."
                                label="machineimage"
                                name="machineimage"
                                required="false"
                                testWith=""
                                type="string"/>
                     <parameter description="Multipart name of the instance snapshot request."
                                label="name"
                                name="name"
                                required="false"
                                testWith=""
                                type="string"/>
                     <parameter description="The Cookie: header must be included with every request to the service. It must be set to the value of the set-cookie header in the response received to the POST /authenticate/ call."
                                label="Cookie"
                                name="Cookie"
                                nogen="true"
                                required="false"
                                testWith=""
                                type="string"/>
                  </input>
                  <binding>
                     <restSimpleBinding multiUsing="semicolonSeparated"
                                        url="http://{$hostName}/snapshot/{$containerPathParam}/"
                                        verb="GET">
                        <httpHeaders>
                           <header name="Content-Type">application/oracle-compute-v3+json</header>
                           <header name="Accept">application/oracle-compute-v3+json</header>
                           <header name="Cookie">{$Cookie}</header>
                        </httpHeaders>
                     </restSimpleBinding>
                  </binding>
                  <output>
                     <field description="OK. See &lt;a class=&#34;xref&#34; href=&#34;Status%20Codes.html&#34;&gt;Status Codes&lt;/a&gt; for information about other possible HTTP status codes."
                            entireResponse="true"
                            name="Snapshot_list_response"
                            type="reference">
                        <options>
                           <option name="referenceTo">Snapshot_list_response</option>
                        </options>
                     </field>
                  </output>
               </action>
            </actions>
            <objects>
               <processObject xmlns="http://schemas.active-endpoints.com/appmodules/screenflow/2011/06/avosHostEnvironment.xsd"
                              isByCopy="true"
                              name="HourlyInterval">
                  <description/>
                  <detail/>
               </processObject>
               <processObject xmlns="http://schemas.active-endpoints.com/appmodules/screenflow/2011/06/avosHostEnvironment.xsd"
                              isByCopy="true"
                              name="Snapshot_response">
                  <description/>
                  <detail>
                     <field name="creation_time" type="string"/>
                     <field name="error_reason" type="string"/>
                     <field name="instance" type="string"/>
                     <field name="delay" type="string"/>
                     <field name="quota" type="string"/>
                     <field name="name" type="string"/>
                     <field name="state" type="string"/>
                     <field name="uri" type="string"/>
                     <field name="account" type="string"/>
                     <field name="machineimage" type="string"/>
                  </detail>
               </processObject>
               <processObject xmlns="http://schemas.active-endpoints.com/appmodules/screenflow/2011/06/avosHostEnvironment.xsd"
                              isByCopy="true"
                              name="Snapshot_discover_response">
                  <description/>
                  <detail>
                     <field name="result" type="objectlist">
                        <options>
                           <option name="referenceTo">string</option>
                           <option name="relationshipName">Child</option>
                        </options>
                     </field>
                  </detail>
               </processObject>
               <processObject xmlns="http://schemas.active-endpoints.com/appmodules/screenflow/2011/06/avosHostEnvironment.xsd"
                              isByCopy="true"
                              name="Snapshot_list_response">
                  <description/>
                  <detail>
                     <field name="result" type="objectlist">
                        <options>
                           <option name="referenceTo">Snapshot_response</option>
                           <option name="relationshipName">Child</option>
                        </options>
                     </field>
                  </detail>
               </processObject>
               <processObject xmlns="http://schemas.active-endpoints.com/appmodules/screenflow/2011/06/avosHostEnvironment.xsd"
                              isByCopy="true"
                              name="Snapshot_post_request">
                  <description>The request body contains details of the instance snapshot that you want to create. </description>
                  <detail>
                     <field name="instance" type="string"/>
                     <field name="delay" type="string"/>
                     <field name="account" type="string"/>
                     <field name="machineimage" type="string"/>
                  </detail>
               </processObject>
               <processObject xmlns="http://schemas.active-endpoints.com/appmodules/screenflow/2011/06/avosHostEnvironment.xsd"
                              isByCopy="true"
                              name="DailyWeeklyInterval">
                  <description/>
                  <detail/>
               </processObject>
               <processObject xmlns="http://schemas.active-endpoints.com/appmodules/screenflow/2011/06/avosHostEnvironment.xsd"
                              isByCopy="true"
                              name="Interval">
                  <description>There are two kinds of Intervals. Each Interval has its own JSON format. Your Interval field should look like one of the following:&lt;p&gt;&lt;ul&gt;&lt;li&gt;&lt;code&gt;"interval":{"Hourly":{"hourlyInterval":2}}&lt;/code&gt;&lt;/li&gt;&lt;li&gt;&lt;code&gt;{"DailyWeekly":{"daysOfWeek":["MONDAY"],"timeOfDay":"03:15","userTimeZone":"America/Los_Angeles"}}&lt;/code&gt;&lt;/li&gt;&lt;/ul&gt;&lt;p&gt;Days of the week is any day of the week fully capitalized (MONDAY, TUESDAY, etc). The user time zone is any IANA user timezone.  For example user time zones see &lt;a href="https://en.wikipedia.org/wiki/IANA_time_zone_database"&gt;List of IANA time zones&lt;/a&gt;.</description>
                  <detail/>
               </processObject>
               <processObject xmlns="http://schemas.active-endpoints.com/appmodules/screenflow/2011/06/avosHostEnvironment.xsd"
                              isByCopy="true"
                              name="string">
                  <description/>
                  <detail>
                     <field name="string" type="string"/>
                  </detail>
               </processObject>
               <processObject xmlns="http://schemas.active-endpoints.com/appmodules/screenflow/2011/06/avosHostEnvironment.xsd"
                              isByCopy="true"
                              name="boolean">
                  <description/>
                  <detail>
                     <field name="boolean" type="boolean"/>
                  </detail>
               </processObject>
               <processObject xmlns="http://schemas.active-endpoints.com/appmodules/screenflow/2011/06/avosHostEnvironment.xsd"
                              isByCopy="true"
                              name="double">
                  <description/>
                  <detail>
                     <field name="double" type="double"/>
                  </detail>
               </processObject>
               <processObject xmlns="http://schemas.active-endpoints.com/appmodules/screenflow/2011/06/avosHostEnvironment.xsd"
                              isByCopy="true"
                              name="integer">
                  <description/>
                  <detail>
                     <field name="integer" type="int"/>
                  </detail>
               </processObject>
            </objects>
         </businessConnector>
      </types1:Entry>
      <types1:GUID>0MUywmfA2CXjVaXXeHEQQM</types1:GUID>
      <types1:DisplayName>Oracle Cloud Infrastructure Compute Snapshots API v18-1-2</types1:DisplayName>
   </types1:Item>
   <types1:CurrentServerDateTime>2019-02-25T09:24:12.421Z</types1:CurrentServerDateTime>
</aetgt:getResponse>
