<aetgt:getResponse xmlns:aetgt="http://schemas.active-endpoints.com/appmodules/repository/2010/10/avrepository.xsd"
                   xmlns:types1="http://schemas.active-endpoints.com/appmodules/repository/2010/10/avrepository.xsd">
   <types1:Item>
      <types1:EntryId>2k6UtLnzYLnzYLn-gt-5145387-2019-01-31T10:46:52.855Z::svc.xml</types1:EntryId>
      <types1:Name>Oracle_Commerce_Cloud_Service_Webhooks_API_v17-4</types1:Name>
      <types1:MimeType>application/xml+businesssconnector</types1:MimeType>
      <types1:Description>Documentation for the Oracle Commerce Cloud Service Webhooks</types1:Description>
      <types1:AppliesTo/>
      <types1:Tags/>
      <types1:VersionLabel>1.0</types1:VersionLabel>
      <types1:State>CURRENT</types1:State>
      <types1:ProcessGroup/>
      <types1:CreatedBy>sorabh@na1.dm-us.org</types1:CreatedBy>
      <types1:CreationDate>2019-01-31T10:46:53Z</types1:CreationDate>
      <types1:ModifiedBy/>
      <types1:PublicationStatus>published</types1:PublicationStatus>
      <types1:PublishedBy>sorabh@na1.dm-us.org</types1:PublishedBy>
      <types1:PublicationDate>2019-01-31T10:47:02Z</types1:PublicationDate>
      <types1:PublishedContributionId>project:/rt.connector/Oracle_Commerce_Cloud_Service_Webhooks_API_v17_4/Oracle_Commerce_Cloud_Service_Webhooks_API_v17_4_svcDef.xml</types1:PublishedContributionId>
      <types1:AutosaveExists>false</types1:AutosaveExists>
      <types1:Entry>
         <businessConnector xmlns="http://schemas.informatica.com/socrates/data-services/2014/05/business-connector-model.xsd"
                            agentOnly="false"
                            debug="false"
                            displayName="Oracle Commerce Cloud Service Webhooks API v17-4"
                            label=""
                            name="Oracle_Commerce_Cloud_Service_Webhooks_API_v17-4"
                            uuid="9de49ecc-8c71-4cf3-a979-993e3ae026c6">
            <description>Documentation for the Oracle Commerce Cloud Service Webhooks</description>
            <tags/>
            <connectionAttributes xmlns="http://schemas.informatica.com/appmodules/screenflow/2014/04/avosConnectors.xsd">
               <connectionAttribute description="Host Name"
                                    masked="false"
                                    name="hostName"
                                    required="true"
                                    testWith="apicatalog.oraclecloud.com"
                                    type="string"/>
            </connectionAttributes>
            <actions>
               <action category="Webhooks/Order Approvals"
                       failOnError="true"
                       forSearch="false"
                       label="checkOrderApprovalWebhook"
                       maxRedirects="100"
                       name="checkOrderApprovalWebhook"
                       preemptiveAuth="true"
                       responseEncoding="">
                  <description>checkOrderApprovalWebhook. This event will be called if approval check from webhook is enabled from admin's approval setting page.</description>
                  <input>
                     <parameter label="checkOrderApprovalWebhook"
                                name="checkOrderApprovalWebhook"
                                required="false"
                                testWith=""
                                type="reference">
                        <options>
                           <option name="referenceTo">checkOrderApprovalWebhook_request</option>
                        </options>
                     </parameter>
                  </input>
                  <binding>
                     <restSimpleBinding multiUsing="semicolonSeparated"
                                        url="http://{$hostName}/ccadmin/v1/webhook/checkOrderApprovalWebhook"
                                        verb="POST">
                        <httpHeaders>
                           <header name="Accept">application/json</header>
                        </httpHeaders>
                        <body generateUsing="UnwrappedJSON" preserveJsonStringFormatting="false"/>
                     </restSimpleBinding>
                  </binding>
                  <output>
                     <field description="Following model is returned when operation succeeds."
                            entireResponse="true"
                            name="checkOrderApprovalWebhook_response"
                            type="reference">
                        <options>
                           <option name="referenceTo">checkOrderApprovalWebhook_response</option>
                        </options>
                     </field>
                  </output>
               </action>
               <action category="Webhooks/External Pricing"
                       failOnError="true"
                       forSearch="false"
                       label="externalPricing"
                       maxRedirects="100"
                       name="externalPricing"
                       preemptiveAuth="true"
                       responseEncoding="">
                  <description>externalPricing. This event is triggered at 'add to cart' page requesting validation of external pricing details for products with external prices</description>
                  <input>
                     <parameter label="externalPricing"
                                name="externalPricing"
                                required="false"
                                testWith=""
                                type="reference">
                        <options>
                           <option name="referenceTo">externalPricing_request</option>
                        </options>
                     </parameter>
                  </input>
                  <binding>
                     <restSimpleBinding multiUsing="semicolonSeparated"
                                        url="http://{$hostName}/ccadmin/v1/webhook/externalPricing"
                                        verb="POST">
                        <httpHeaders>
                           <header name="Accept">application/json</header>
                        </httpHeaders>
                        <body generateUsing="UnwrappedJSON" preserveJsonStringFormatting="false"/>
                     </restSimpleBinding>
                  </binding>
                  <output>
                     <field description="Following model is returned when operation succeeds."
                            entireResponse="true"
                            name="externalPricing_response"
                            type="reference">
                        <options>
                           <option name="referenceTo">externalPricing_response</option>
                        </options>
                     </field>
                  </output>
               </action>
               <action category="Webhooks/Calculate Shipping"
                       failOnError="true"
                       forSearch="false"
                       label="calculateShipping"
                       maxRedirects="100"
                       name="calculateShipping"
                       preemptiveAuth="true"
                       responseEncoding="">
                  <description>calculateShipping. This event is triggered at 'add to cart' page requesting for external shipping pricing details</description>
                  <input>
                     <parameter label="calculateShipping"
                                name="calculateShipping"
                                required="false"
                                testWith=""
                                type="reference">
                        <options>
                           <option name="referenceTo">calculateShipping_request</option>
                        </options>
                     </parameter>
                  </input>
                  <binding>
                     <restSimpleBinding multiUsing="semicolonSeparated"
                                        url="http://{$hostName}/ccadmin/v1/webhook/calculateShipping"
                                        verb="POST">
                        <httpHeaders>
                           <header name="Accept">application/json</header>
                        </httpHeaders>
                        <body generateUsing="UnwrappedJSON" preserveJsonStringFormatting="false"/>
                     </restSimpleBinding>
                  </binding>
                  <output>
                     <field description="Following model is returned when operation succeeds."
                            entireResponse="true"
                            name="calculateShipping_response"
                            type="reference">
                        <options>
                           <option name="referenceTo">calculateShipping_response</option>
                        </options>
                     </field>
                  </output>
               </action>
               <action category="Webhooks/Generic Payment"
                       failOnError="true"
                       forSearch="false"
                       label="genericPayment"
                       maxRedirects="100"
                       name="genericPayment"
                       preemptiveAuth="true"
                       responseEncoding="">
                  <description>genericPayment. Integrates custom payment gateways that let your store accept various payment types</description>
                  <input>
                     <parameter label="genericPayment"
                                name="genericPayment"
                                required="false"
                                testWith=""
                                type="reference">
                        <options>
                           <option name="referenceTo">genericPayment_request</option>
                        </options>
                     </parameter>
                  </input>
                  <binding>
                     <restSimpleBinding multiUsing="semicolonSeparated"
                                        url="http://{$hostName}/ccadmin/v1/webhook/genericPayment"
                                        verb="POST">
                        <httpHeaders>
                           <header name="Accept">application/json</header>
                        </httpHeaders>
                        <body generateUsing="UnwrappedJSON" preserveJsonStringFormatting="false"/>
                     </restSimpleBinding>
                  </binding>
                  <output>
                     <field description="Integrates custom payment gateways that let your store accept various payment types"
                            entireResponse="true"
                            name="genericPayment_response"
                            type="reference">
                        <options>
                           <option name="referenceTo">genericPayment_response</option>
                        </options>
                     </field>
                  </output>
               </action>
               <action category="Webhooks/Request Quote"
                       failOnError="true"
                       forSearch="false"
                       label="requestQuote"
                       maxRedirects="100"
                       name="requestQuote"
                       preemptiveAuth="true"
                       responseEncoding="">
                  <description>requestQuote. This is triggered when the user requests a quote</description>
                  <input>
                     <parameter label="requestQuote"
                                name="requestQuote"
                                required="false"
                                testWith=""
                                type="reference">
                        <options>
                           <option name="referenceTo">requestQuote_request</option>
                        </options>
                     </parameter>
                  </input>
                  <binding>
                     <restSimpleBinding multiUsing="semicolonSeparated"
                                        url="http://{$hostName}/ccadmin/v1/webhook/requestQuote"
                                        verb="POST">
                        <httpHeaders>
                           <header name="Accept">application/json</header>
                        </httpHeaders>
                        <body generateUsing="UnwrappedJSON" preserveJsonStringFormatting="false"/>
                     </restSimpleBinding>
                  </binding>
                  <output>
                     <field description="No response is returned as this is an event webhook"
                            entireResponse="true"
                            name="emptyResponse"
                            type="reference">
                        <options>
                           <option name="referenceTo">emptyResponse</option>
                        </options>
                     </field>
                  </output>
               </action>
               <action category="Webhooks/Return"
                       failOnError="true"
                       forSearch="false"
                       label="return"
                       maxRedirects="100"
                       name="return"
                       preemptiveAuth="true"
                       responseEncoding="">
                  <description>return. This Event is triggered when a return request is initiated</description>
                  <input>
                     <parameter label="return"
                                name="return"
                                required="false"
                                testWith=""
                                type="reference">
                        <options>
                           <option name="referenceTo">return_request</option>
                        </options>
                     </parameter>
                  </input>
                  <binding>
                     <restSimpleBinding multiUsing="semicolonSeparated"
                                        url="http://{$hostName}/ccadmin/v1/webhook/return"
                                        verb="POST">
                        <httpHeaders>
                           <header name="Accept">application/json</header>
                        </httpHeaders>
                        <body generateUsing="UnwrappedJSON" preserveJsonStringFormatting="false"/>
                     </restSimpleBinding>
                  </binding>
                  <output>
                     <field description="No response is returned as this is an event webhook"
                            entireResponse="true"
                            name="emptyResponse"
                            type="reference">
                        <options>
                           <option name="referenceTo">emptyResponse</option>
                        </options>
                     </field>
                  </output>
               </action>
               <action category="Webhooks/Update Quote"
                       failOnError="true"
                       forSearch="false"
                       label="updateQuote"
                       maxRedirects="100"
                       name="updateQuote"
                       preemptiveAuth="true"
                       responseEncoding="">
                  <description>updateQuote. The is triggered to update the quote</description>
                  <input>
                     <parameter label="updateQuote"
                                name="updateQuote"
                                required="false"
                                testWith=""
                                type="reference">
                        <options>
                           <option name="referenceTo">updateQuote_request</option>
                        </options>
                     </parameter>
                  </input>
                  <binding>
                     <restSimpleBinding multiUsing="semicolonSeparated"
                                        url="http://{$hostName}/ccadmin/v1/webhook/updateQuote"
                                        verb="POST">
                        <httpHeaders>
                           <header name="Accept">application/json</header>
                        </httpHeaders>
                        <body generateUsing="UnwrappedJSON" preserveJsonStringFormatting="false"/>
                     </restSimpleBinding>
                  </binding>
                  <output>
                     <field description="No response is returned as this is an event webhook"
                            entireResponse="true"
                            name="emptyResponse"
                            type="reference">
                        <options>
                           <option name="referenceTo">emptyResponse</option>
                        </options>
                     </field>
                  </output>
               </action>
               <action category="Webhooks/Organization"
                       failOnError="true"
                       forSearch="false"
                       label="organization"
                       maxRedirects="100"
                       name="organization"
                       preemptiveAuth="true"
                       responseEncoding="">
                  <description>organization. The metadata for create/update account webhook.</description>
                  <input>
                     <parameter label="organization"
                                name="organization"
                                required="false"
                                testWith=""
                                type="reference">
                        <options>
                           <option name="referenceTo">organization_request</option>
                        </options>
                     </parameter>
                  </input>
                  <binding>
                     <restSimpleBinding multiUsing="semicolonSeparated"
                                        url="http://{$hostName}/ccadmin/v1/webhook/organization"
                                        verb="POST">
                        <httpHeaders>
                           <header name="Accept">application/json</header>
                        </httpHeaders>
                        <body generateUsing="UnwrappedJSON" preserveJsonStringFormatting="false"/>
                     </restSimpleBinding>
                  </binding>
                  <output>
                     <field description="No response is returned as this is an event webhook"
                            entireResponse="true"
                            name="emptyResponse"
                            type="reference">
                        <options>
                           <option name="referenceTo">emptyResponse</option>
                        </options>
                     </field>
                  </output>
               </action>
               <action category="Webhooks/Publish Event"
                       failOnError="true"
                       forSearch="false"
                       label="publishEvent"
                       maxRedirects="100"
                       name="publishEvent"
                       preemptiveAuth="true"
                       responseEncoding="">
                  <description>publishEvent. The publish event details in the Oracle Commerce Cloud</description>
                  <input>
                     <parameter label="publishEvent"
                                name="publishEvent"
                                required="false"
                                testWith=""
                                type="reference">
                        <options>
                           <option name="referenceTo">publishEvent_request</option>
                        </options>
                     </parameter>
                  </input>
                  <binding>
                     <restSimpleBinding multiUsing="semicolonSeparated"
                                        url="http://{$hostName}/ccadmin/v1/webhook/publishEvent"
                                        verb="POST">
                        <httpHeaders>
                           <header name="Accept">application/json</header>
                        </httpHeaders>
                        <body generateUsing="UnwrappedJSON" preserveJsonStringFormatting="false"/>
                     </restSimpleBinding>
                  </binding>
                  <output>
                     <field description="No response is returned as this is an event webhook"
                            entireResponse="true"
                            name="emptyResponse"
                            type="reference">
                        <options>
                           <option name="referenceTo">emptyResponse</option>
                        </options>
                     </field>
                  </output>
               </action>
               <action category="Webhooks/External Tax Calculation"
                       failOnError="true"
                       forSearch="false"
                       label="externalTaxCalculation"
                       maxRedirects="100"
                       name="externalTaxCalculation"
                       preemptiveAuth="true"
                       responseEncoding="">
                  <description>externalTaxCalculation. This event is triggered at checkout page to get tax for cart from external service</description>
                  <input>
                     <parameter label="externalTaxCalculation"
                                name="externalTaxCalculation"
                                required="false"
                                testWith=""
                                type="reference">
                        <options>
                           <option name="referenceTo">externalTaxCalculation_request</option>
                        </options>
                     </parameter>
                  </input>
                  <binding>
                     <restSimpleBinding multiUsing="semicolonSeparated"
                                        url="http://{$hostName}/ccadmin/v1/webhook/externalTaxCalculation"
                                        verb="POST">
                        <httpHeaders>
                           <header name="Accept">application/json</header>
                        </httpHeaders>
                        <body generateUsing="UnwrappedJSON" preserveJsonStringFormatting="false"/>
                     </restSimpleBinding>
                  </binding>
                  <output>
                     <field description="Following model is returned when operation succeeds."
                            entireResponse="true"
                            name="externalTaxCalculation_response"
                            type="reference">
                        <options>
                           <option name="referenceTo">externalTaxCalculation_response</option>
                        </options>
                     </field>
                  </output>
               </action>
               <action category="Webhooks/Idle Cart"
                       failOnError="true"
                       forSearch="false"
                       label="idleCart"
                       maxRedirects="100"
                       name="idleCart"
                       preemptiveAuth="true"
                       responseEncoding="">
                  <description>idleCart. The details of idle cart in the Oracle Commerce Cloud</description>
                  <input>
                     <parameter label="idleCart"
                                name="idleCart"
                                required="false"
                                testWith=""
                                type="reference">
                        <options>
                           <option name="referenceTo">idleCart_request</option>
                        </options>
                     </parameter>
                  </input>
                  <binding>
                     <restSimpleBinding multiUsing="semicolonSeparated"
                                        url="http://{$hostName}/ccadmin/v1/webhook/idleCart"
                                        verb="POST">
                        <httpHeaders>
                           <header name="Accept">application/json</header>
                        </httpHeaders>
                        <body generateUsing="UnwrappedJSON" preserveJsonStringFormatting="false"/>
                     </restSimpleBinding>
                  </binding>
                  <output>
                     <field description="No response is returned as this is an event webhook"
                            entireResponse="true"
                            name="emptyResponse"
                            type="reference">
                        <options>
                           <option name="referenceTo">emptyResponse</option>
                        </options>
                     </field>
                  </output>
               </action>
               <action category="Webhooks/Order"
                       failOnError="true"
                       forSearch="false"
                       label="order"
                       maxRedirects="100"
                       name="order"
                       preemptiveAuth="true"
                       responseEncoding="">
                  <description>order. The details of order created on the Oracle Commerce Cloud. The order includes item and shipment details</description>
                  <input>
                     <parameter label="order"
                                name="order"
                                required="false"
                                testWith=""
                                type="reference">
                        <options>
                           <option name="referenceTo">order_request</option>
                        </options>
                     </parameter>
                  </input>
                  <binding>
                     <restSimpleBinding multiUsing="semicolonSeparated"
                                        url="http://{$hostName}/ccadmin/v1/webhook/order"
                                        verb="POST">
                        <httpHeaders>
                           <header name="Accept">application/json</header>
                        </httpHeaders>
                        <body generateUsing="UnwrappedJSON" preserveJsonStringFormatting="false"/>
                     </restSimpleBinding>
                  </binding>
                  <output>
                     <field description="No response is returned as this is an event webhook"
                            entireResponse="true"
                            name="emptyResponse"
                            type="reference">
                        <options>
                           <option name="referenceTo">emptyResponse</option>
                        </options>
                     </field>
                  </output>
               </action>
               <action category="Webhooks/Profile"
                       failOnError="true"
                       forSearch="false"
                       label="profile"
                       maxRedirects="100"
                       name="profile"
                       preemptiveAuth="true"
                       responseEncoding="">
                  <description>profile. The details of customer profile created on Oracle Commerce Cloud. This includes the email, first name and last name of the customer.</description>
                  <input>
                     <parameter label="profile"
                                name="profile"
                                required="false"
                                testWith=""
                                type="reference">
                        <options>
                           <option name="referenceTo">profile_request</option>
                        </options>
                     </parameter>
                  </input>
                  <binding>
                     <restSimpleBinding multiUsing="semicolonSeparated"
                                        url="http://{$hostName}/ccadmin/v1/webhook/profile"
                                        verb="POST">
                        <httpHeaders>
                           <header name="Accept">application/json</header>
                        </httpHeaders>
                        <body generateUsing="UnwrappedJSON" preserveJsonStringFormatting="false"/>
                     </restSimpleBinding>
                  </binding>
                  <output>
                     <field description="No response is returned as this is an event webhook"
                            entireResponse="true"
                            name="emptyResponse"
                            type="reference">
                        <options>
                           <option name="referenceTo">emptyResponse</option>
                        </options>
                     </field>
                  </output>
               </action>
            </actions>
            <objects>
               <processObject xmlns="http://schemas.active-endpoints.com/appmodules/screenflow/2011/06/avosHostEnvironment.xsd"
                              isByCopy="true"
                              name="idleCart_request">
                  <description>The details of the idle cart</description>
                  <detail>
                     <field name="idleCart" type=""/>
                  </detail>
               </processObject>
               <processObject xmlns="http://schemas.active-endpoints.com/appmodules/screenflow/2011/06/avosHostEnvironment.xsd"
                              isByCopy="true"
                              name="externalTaxCalculation_request">
                  <description>This event is triggered at checkout page to get tax for cart from external service</description>
                  <detail>
                     <field name="request" type="object"/>
                  </detail>
               </processObject>
               <processObject xmlns="http://schemas.active-endpoints.com/appmodules/screenflow/2011/06/avosHostEnvironment.xsd"
                              isByCopy="true"
                              name="subCommerceItems">
                  <description>The sub commerce items represent the child items of a configurable commerce item.</description>
                  <detail/>
               </processObject>
               <processObject xmlns="http://schemas.active-endpoints.com/appmodules/screenflow/2011/06/avosHostEnvironment.xsd"
                              isByCopy="true"
                              name="organization_request">
                  <description>The metadata for create/update account webhook.</description>
                  <detail>
                     <field name="organization" type="object"/>
                  </detail>
               </processObject>
               <processObject xmlns="http://schemas.active-endpoints.com/appmodules/screenflow/2011/06/avosHostEnvironment.xsd"
                              isByCopy="true"
                              name="externalPricing_request">
                  <description>This event is triggered at 'add to cart' page requesting validation of external pricing details for products with external prices</description>
                  <detail>
                     <field name="profile" type="object"/>
                     <field name="externalPrices" type="object"/>
                     <field name="currencyCode" type="string"/>
                     <field name="operation" type="string"/>
                     <field name="order" type="object"/>
                  </detail>
               </processObject>
               <processObject xmlns="http://schemas.active-endpoints.com/appmodules/screenflow/2011/06/avosHostEnvironment.xsd"
                              isByCopy="true"
                              name="order_request">
                  <description/>
                  <detail>
                     <field name="order" type=""/>
                  </detail>
               </processObject>
               <processObject xmlns="http://schemas.active-endpoints.com/appmodules/screenflow/2011/06/avosHostEnvironment.xsd"
                              isByCopy="true"
                              name="calculateShipping_response">
                  <description/>
                  <detail>
                     <field name="error" type="object"/>
                     <field name="shippingMethods" type="object"/>
                  </detail>
               </processObject>
               <processObject xmlns="http://schemas.active-endpoints.com/appmodules/screenflow/2011/06/avosHostEnvironment.xsd"
                              isByCopy="true"
                              name="updateQuote_request">
                  <description>The details of quote and the operation requested by Oracle Commerce Cloud.</description>
                  <detail>
                     <field name="date" type="datetime"/>
                     <field name="note" type="string"/>
                     <field name="agentId" type="string"/>
                     <field name="orderId" type="string"/>
                     <field name="externalId" type="string"/>
                     <field name="operation" type="string"/>
                     <field name="externalAgentId" type="string"/>
                  </detail>
               </processObject>
               <processObject xmlns="http://schemas.active-endpoints.com/appmodules/screenflow/2011/06/avosHostEnvironment.xsd"
                              isByCopy="true"
                              name="externalPriceResponseChild">
                  <description/>
                  <detail>
                     <field name="quantity" type="double"/>
                     <field name="externalPriceQuantity" type="int"/>
                     <field name="childItems" type="objectlist">
                        <options>
                           <option name="referenceTo">externalPriceResponseChild</option>
                           <option name="relationshipName">Child</option>
                        </options>
                     </field>
                     <field name="catRefId" type="string"/>
                     <field name="externalPrice" type="double"/>
                  </detail>
               </processObject>
               <processObject xmlns="http://schemas.active-endpoints.com/appmodules/screenflow/2011/06/avosHostEnvironment.xsd"
                              isByCopy="true"
                              name="publishEvent_request">
                  <description>The details returned at a publishing event phase.</description>
                  <detail>
                     <field name="phaseCode" type="int"/>
                     <field name="time" type="string"/>
                     <field name="phaseName" type="string"/>
                  </detail>
               </processObject>
               <processObject xmlns="http://schemas.active-endpoints.com/appmodules/screenflow/2011/06/avosHostEnvironment.xsd"
                              isByCopy="true"
                              name="return_request">
                  <description>This Event is triggered when a return request is initiated</description>
                  <detail>
                     <field name="return" type=""/>
                  </detail>
               </processObject>
               <processObject xmlns="http://schemas.active-endpoints.com/appmodules/screenflow/2011/06/avosHostEnvironment.xsd"
                              isByCopy="true"
                              name="externalTaxCalculation_response">
                  <description>The tax calculation response from external service</description>
                  <detail>
                     <field name="response" type="object"/>
                  </detail>
               </processObject>
               <processObject xmlns="http://schemas.active-endpoints.com/appmodules/screenflow/2011/06/avosHostEnvironment.xsd"
                              isByCopy="true"
                              name="genericPayment_request">
                  <description>Integrates custom payment gateways that let your store accept various payment types</description>
                  <detail>
                     <field name="request" type="object"/>
                  </detail>
               </processObject>
               <processObject xmlns="http://schemas.active-endpoints.com/appmodules/screenflow/2011/06/avosHostEnvironment.xsd"
                              isByCopy="true"
                              name="genericPayment_response">
                  <description>The generic payment response from external service</description>
                  <detail>
                     <field name="response" type="object"/>
                  </detail>
               </processObject>
               <processObject xmlns="http://schemas.active-endpoints.com/appmodules/screenflow/2011/06/avosHostEnvironment.xsd"
                              isByCopy="true"
                              name="profile_request">
                  <description>This Event is triggered when a profile is created/updated</description>
                  <detail>
                     <field name="profileId" type="string"/>
                     <field name="profile" type="object"/>
                     <field name="type" type="string"/>
                  </detail>
               </processObject>
               <processObject xmlns="http://schemas.active-endpoints.com/appmodules/screenflow/2011/06/avosHostEnvironment.xsd"
                              isByCopy="true"
                              name="emptyResponse">
                  <description/>
                  <detail/>
               </processObject>
               <processObject xmlns="http://schemas.active-endpoints.com/appmodules/screenflow/2011/06/avosHostEnvironment.xsd"
                              isByCopy="true"
                              name="checkOrderApprovalWebhook_request">
                  <description>This event will be called if approval check from webhook is enabled from admin's approval setting page.</description>
                  <detail>
                     <field name="request" type="object"/>
                  </detail>
               </processObject>
               <processObject xmlns="http://schemas.active-endpoints.com/appmodules/screenflow/2011/06/avosHostEnvironment.xsd"
                              isByCopy="true"
                              name="externalPricing_response">
                  <description/>
                  <detail>
                     <field name="externalPrices" type="object"/>
                     <field name="responseCode" type="string"/>
                  </detail>
               </processObject>
               <processObject xmlns="http://schemas.active-endpoints.com/appmodules/screenflow/2011/06/avosHostEnvironment.xsd"
                              isByCopy="true"
                              name="externalPriceRequestChild">
                  <description/>
                  <detail>
                     <field name="commerceItemId" type="string"/>
                     <field name="externalPriceQuantity" type="int"/>
                     <field name="childItems" type="objectlist">
                        <options>
                           <option name="referenceTo">externalPriceRequestChild</option>
                           <option name="relationshipName">Child</option>
                        </options>
                     </field>
                     <field name="catRefId" type="string"/>
                     <field name="externalPrice" type="double"/>
                  </detail>
               </processObject>
               <processObject xmlns="http://schemas.active-endpoints.com/appmodules/screenflow/2011/06/avosHostEnvironment.xsd"
                              isByCopy="true"
                              name="calculateShipping_request">
                  <description>This event is triggered at 'add to cart' page requesting for external shipping pricing details</description>
                  <detail>
                     <field name="request" type="object"/>
                  </detail>
               </processObject>
               <processObject xmlns="http://schemas.active-endpoints.com/appmodules/screenflow/2011/06/avosHostEnvironment.xsd"
                              isByCopy="true"
                              name="checkOrderApprovalWebhook_response">
                  <description/>
                  <detail>
                     <field name="approvalActionReason" type="string"/>
                     <field name="error" type="object"/>
                     <field name="approvalAction" type="boolean"/>
                  </detail>
               </processObject>
               <processObject xmlns="http://schemas.active-endpoints.com/appmodules/screenflow/2011/06/avosHostEnvironment.xsd"
                              isByCopy="true"
                              name="requestQuote_request">
                  <description>The details of quote requested by Oracle Commerce Cloud.</description>
                  <detail>
                     <field name="operation" type="string"/>
                     <field name="order" type=""/>
                  </detail>
               </processObject>
               <processObject xmlns="http://schemas.active-endpoints.com/appmodules/screenflow/2011/06/avosHostEnvironment.xsd"
                              isByCopy="true"
                              name="string">
                  <description/>
                  <detail>
                     <field name="string" type="string"/>
                  </detail>
               </processObject>
               <processObject xmlns="http://schemas.active-endpoints.com/appmodules/screenflow/2011/06/avosHostEnvironment.xsd"
                              isByCopy="true"
                              name="boolean">
                  <description/>
                  <detail>
                     <field name="boolean" type="boolean"/>
                  </detail>
               </processObject>
               <processObject xmlns="http://schemas.active-endpoints.com/appmodules/screenflow/2011/06/avosHostEnvironment.xsd"
                              isByCopy="true"
                              name="double">
                  <description/>
                  <detail>
                     <field name="double" type="double"/>
                  </detail>
               </processObject>
               <processObject xmlns="http://schemas.active-endpoints.com/appmodules/screenflow/2011/06/avosHostEnvironment.xsd"
                              isByCopy="true"
                              name="integer">
                  <description/>
                  <detail>
                     <field name="integer" type="int"/>
                  </detail>
               </processObject>
            </objects>
         </businessConnector>
      </types1:Entry>
      <types1:GUID>9Dxsogjbeaskz2GaUqeoQL</types1:GUID>
      <types1:DisplayName>Oracle Commerce Cloud Service Webhooks API v17-4</types1:DisplayName>
   </types1:Item>
   <types1:CurrentServerDateTime>2019-02-25T10:09:07.262Z</types1:CurrentServerDateTime>
</aetgt:getResponse>
