<aetgt:getResponse xmlns:aetgt="http://schemas.active-endpoints.com/appmodules/repository/2010/10/avrepository.xsd"
                   xmlns:types1="http://schemas.active-endpoints.com/appmodules/repository/2010/10/avrepository.xsd">
   <types1:Item>
      <types1:EntryId>TD86CjqFVNN5Kaa-gt-1707343-2019-02-12T01:15:20.738Z::svc.xml</types1:EntryId>
      <types1:Name>Oracle_Cloud_Infrastructure_Compute_OrchestrationV2s_API_v18-1-2</types1:Name>
      <types1:MimeType>application/xml+businesssconnector</types1:MimeType>
      <types1:Description>An orchestration object is an object in Compute Classic which is managed by orchestration v2. It is the primary building block of an orchestration. Each object contains all the attributes for the compute, networking, or storage resource that you want to create. When you define an object in an orchestration, you can create dependencies with other objects by using references. See &lt;a target="_blank" href="http://www.oracle.com/pls/topic/lookup?ctx=stcomputecs&amp;id=STCSG-GUID-B3732A3E-2E16-4643-9C28-648F3BB09FE9"&gt;Object References and Relationships&lt;/a&gt; in &lt;i&gt;Using Oracle Cloud Infrastructure Compute Classic&lt;/i&gt;.&lt;p&gt;Orchestrations are designed to handle up to 100 interdependent objects. Creating objects using other APIs may compromise your orchestration.&lt;p&gt;Note: You should always use your orchestrations to manage resources that you've reated using orchestrations. For example, use the OrchestrationObject API to add a security list to a running instance or to create a storage snapshot of an attached storage volume inst</types1:Description>
      <types1:AppliesTo/>
      <types1:Tags/>
      <types1:VersionLabel>1.0</types1:VersionLabel>
      <types1:State>CURRENT</types1:State>
      <types1:ProcessGroup/>
      <types1:CreatedBy>sorabh@na1.dm-us.org</types1:CreatedBy>
      <types1:CreationDate>2019-02-12T01:15:21Z</types1:CreationDate>
      <types1:ModifiedBy/>
      <types1:PublicationStatus>published</types1:PublicationStatus>
      <types1:PublishedBy>sorabh@na1.dm-us.org</types1:PublishedBy>
      <types1:PublicationDate>2019-02-12T01:15:30Z</types1:PublicationDate>
      <types1:PublishedContributionId>project:/rt.connector/Oracle_Cloud_Infrastructure_Compute_OrchestrationV2s_API_v18_1_2/Oracle_Cloud_Infrastructure_Compute_OrchestrationV2s_API_v18_1_2_svcDef.xml</types1:PublishedContributionId>
      <types1:AutosaveExists>false</types1:AutosaveExists>
      <types1:Entry>
         <businessConnector xmlns="http://schemas.informatica.com/socrates/data-services/2014/05/business-connector-model.xsd"
                            agentOnly="false"
                            debug="false"
                            displayName="Oracle Cloud Infrastructure Compute OrchestrationV2s API v18-1-2"
                            label=""
                            name="Oracle_Cloud_Infrastructure_Compute_OrchestrationV2s_API_v18-1-2"
                            uuid="c93c5d86-7697-474a-9e81-e61dae82c41e">
            <description>An orchestration object is an object in Compute Classic which is managed by orchestration v2. It is the primary building block of an orchestration. Each object contains all the attributes for the compute, networking, or storage resource that you want to create. When you define an object in an orchestration, you can create dependencies with other objects by using references. See &lt;a target="_blank" href="http://www.oracle.com/pls/topic/lookup?ctx=stcomputecs&amp;id=STCSG-GUID-B3732A3E-2E16-4643-9C28-648F3BB09FE9"&gt;Object References and Relationships&lt;/a&gt; in &lt;i&gt;Using Oracle Cloud Infrastructure Compute Classic&lt;/i&gt;.&lt;p&gt;Orchestrations are designed to handle up to 100 interdependent objects. Creating objects using other APIs may compromise your orchestration.&lt;p&gt;Note: You should always use your orchestrations to manage resources that you've reated using orchestrations. For example, use the OrchestrationObject API to add a security list to a running instance or to create a storage snapshot of an attached storage volume instead of using the SecLists or StorageSnapshots APIs respectively. Don't, for example, use the web console or the REST API to delete an object that you created using an orchestration. This could cause your orchestration to either attempt to re-create the object and associated resources, or to go into an error state.&lt;p&gt;Also remember that you shouldn't try to use or manage resources created using orchestrations v1 by referencing them in orchestrations v2, or vice versa.&lt;p&gt;You can add objects to, remove objects from, or update objects in an orchestration by using the HTTP requests listed below.</description>
            <tags/>
            <connectionAttributes xmlns="http://schemas.informatica.com/appmodules/screenflow/2014/04/avosConnectors.xsd">
               <connectionAttribute description="Host Name"
                                    masked="false"
                                    name="hostName"
                                    required="true"
                                    testWith="apicatalog.oraclecloud.com"
                                    type="string"/>
            </connectionAttributes>
            <actions>
               <action category="OrchestrationObjects"
                       failOnError="true"
                       forSearch="false"
                       label="discoverOrchestrationObject"
                       maxRedirects="100"
                       name="discoverOrchestrationObject"
                       preemptiveAuth="true"
                       responseEncoding="">
                  <description>Retrieve Names of all Orchestration Objects and Subcontainers in a Container. Retrieves the names of orchestration objects and subcontainers that you can access in the specified container. &lt;p&gt;&lt;b&gt;Required Role: &lt;/b&gt;To complete this task, you must have the &lt;code&gt;Compute_Operations&lt;/code&gt; role. If this role isn't assigned to you or you're not sure, then ask your system administrator to ensure that the role is assigned to you in Oracle Cloud My Services. See &lt;a target="_blank" href="http://www.oracle.com/pls/topic/lookup?ctx=stcomputecs&amp;id=MMOCS-GUID-54C2E747-7D5B-451C-A39C-77936178EBB6"&gt;Modifying User Roles&lt;/a&gt; in &lt;em&gt;Managing and Monitoring Oracle Cloud&lt;/em&gt;.</description>
                  <input>
                     <parameter description="Specify the three-part name of the orchestration (&lt;code&gt;/Compute-&lt;em&gt;identity_domain&lt;/em&gt;/&lt;em&gt;user&lt;/em&gt;/&lt;em&gt;orchestration&lt;/em&gt;&lt;/code&gt;) to retrieve names of all the objects in that orchestration. Specify &lt;code&gt;/Compute-&lt;i&gt;identityDomain&lt;/i&gt;/&lt;/code&gt; to retrieve the names of containers that contain objects that you can access."
                                label="containerPathParam"
                                name="containerPathParam"
                                nogen="true"
                                required="true"
                                testWith=""
                                type="string"/>
                     <parameter description="The Cookie: header must be included with every request to the service. It must be set to the value of the set-cookie header in the response received to the POST /authenticate/ call."
                                label="Cookie"
                                name="Cookie"
                                nogen="true"
                                required="false"
                                testWith=""
                                type="string"/>
                  </input>
                  <binding>
                     <restSimpleBinding multiUsing="semicolonSeparated"
                                        url="http://{$hostName}/platform/v1/object/{$containerPathParam}"
                                        verb="GET">
                        <httpHeaders>
                           <header name="Content-Type">application/oracle-compute-v3+json</header>
                           <header name="Accept">application/oracle-compute-v3+directory+json</header>
                           <header name="Cookie">{$Cookie}</header>
                        </httpHeaders>
                     </restSimpleBinding>
                  </binding>
                  <output>
                     <field description="OK. See &lt;a class=&#34;xref&#34; href=&#34;Status%20Codes.html&#34;&gt;Status Codes&lt;/a&gt; for information about other possible HTTP status codes."
                            entireResponse="true"
                            name="OrchestrationObject_discover_response"
                            type="reference">
                        <options>
                           <option name="referenceTo">OrchestrationObject_discover_response</option>
                        </options>
                     </field>
                  </output>
               </action>
               <action category="OrchestrationObjects"
                       failOnError="true"
                       forSearch="false"
                       label="getOrchestrationObject"
                       maxRedirects="100"
                       name="getOrchestrationObject"
                       preemptiveAuth="true"
                       responseEncoding="">
                  <description>Retrieve Details of an Orchestration Object. Retrieves details of the specified orchestration object. &lt;p&gt;&lt;b&gt;Required Role: &lt;/b&gt;To complete this task, you must have the &lt;code&gt;Compute_Operations&lt;/code&gt; role. If this role isn't assigned to you or you're not sure, then ask your system administrator to ensure that the role is assigned to you in Oracle Cloud My Services. See &lt;a target="_blank" href="http://www.oracle.com/pls/topic/lookup?ctx=stcomputecs&amp;id=MMOCS-GUID-54C2E747-7D5B-451C-A39C-77936178EBB6"&gt;Modifying User Roles&lt;/a&gt; in &lt;em&gt;Managing and Monitoring Oracle Cloud&lt;/em&gt;.</description>
                  <input>
                     <parameter description="The four-part name of the object (&lt;code&gt;/Compute-&lt;em&gt;identity_domain&lt;/em&gt;/&lt;em&gt;user&lt;/em&gt;/&lt;em&gt;orchestration&lt;/em&gt;/&lt;em&gt;object&lt;/em&gt;&lt;/code&gt;)."
                                label="namePathParam"
                                name="namePathParam"
                                nogen="true"
                                required="true"
                                testWith=""
                                type="string"/>
                     <parameter description="The Cookie: header must be included with every request to the service. It must be set to the value of the set-cookie header in the response received to the POST /authenticate/ call."
                                label="Cookie"
                                name="Cookie"
                                nogen="true"
                                required="false"
                                testWith=""
                                type="string"/>
                  </input>
                  <binding>
                     <restSimpleBinding multiUsing="semicolonSeparated"
                                        url="http://{$hostName}/platform/v1/object/{$namePathParam}"
                                        verb="GET">
                        <httpHeaders>
                           <header name="Content-Type">application/oracle-compute-v3+json</header>
                           <header name="Accept">application/oracle-compute-v3+json</header>
                           <header name="Cookie">{$Cookie}</header>
                        </httpHeaders>
                     </restSimpleBinding>
                  </binding>
                  <output>
                     <field description="OK. See &lt;a class=&#34;xref&#34; href=&#34;Status%20Codes.html&#34;&gt;Status Codes&lt;/a&gt; for information about other possible HTTP status codes."
                            entireResponse="true"
                            name="OrchestrationObject_response"
                            type="reference">
                        <options>
                           <option name="referenceTo">OrchestrationObject_response</option>
                        </options>
                     </field>
                  </output>
               </action>
               <action category="OrchestrationObjects"
                       failOnError="true"
                       forSearch="false"
                       label="deleteOrchestrationObject"
                       maxRedirects="100"
                       name="deleteOrchestrationObject"
                       preemptiveAuth="true"
                       responseEncoding="">
                  <description>Delete an Orchestration Object. Delete the specified orchestration object and the underlying object. For example, if you send a request to delete the &lt;code&gt;/Compute-acme/jack.jones@example.com/myOrchestration/mySeclist&lt;/code&gt; orchestration object, the underlying &lt;code&gt;/Compute-acme/jack.jones@example.com/mySeclist&lt;/code&gt; security list is also deleted.&lt;p&gt;&lt;b&gt;Required Role: &lt;/b&gt;To complete this task, you must have the &lt;code&gt;Compute_Operations&lt;/code&gt; role. If this role isn't assigned to you or you're not sure, then ask your system administrator to ensure that the role is assigned to you in Oracle Cloud My Services. See &lt;a target="_blank" href="http://www.oracle.com/pls/topic/lookup?ctx=stcomputecs&amp;id=MMOCS-GUID-54C2E747-7D5B-451C-A39C-77936178EBB6"&gt;Modifying User Roles&lt;/a&gt; in &lt;em&gt;Managing and Monitoring Oracle Cloud&lt;/em&gt;.</description>
                  <input>
                     <parameter description="The four-part name of the object (&lt;code&gt;/Compute-&lt;em&gt;identity_domain&lt;/em&gt;/&lt;em&gt;user&lt;/em&gt;/&lt;em&gt;object&lt;/em&gt;&lt;/code&gt;)."
                                label="namePathParam"
                                name="namePathParam"
                                nogen="true"
                                required="true"
                                testWith=""
                                type="string"/>
                     <parameter description="Set terminate &lt;code&gt;true&lt;/code&gt; to delete active orchestration objects."
                                label="terminate"
                                name="terminate"
                                required="false"
                                testWith=""
                                type="string"/>
                     <parameter description="The Cookie: header must be included with every request to the service. It must be set to the value of the set-cookie header in the response received to the POST /authenticate/ call."
                                label="Cookie"
                                name="Cookie"
                                nogen="true"
                                required="false"
                                testWith=""
                                type="string"/>
                  </input>
                  <binding>
                     <restSimpleBinding multiUsing="semicolonSeparated"
                                        url="http://{$hostName}/platform/v1/object/{$namePathParam}"
                                        verb="DELETE">
                        <httpHeaders>
                           <header name="Content-Type">application/oracle-compute-v3+json</header>
                           <header name="Accept">application/oracle-compute-v3+json</header>
                           <header name="Cookie">{$Cookie}</header>
                        </httpHeaders>
                     </restSimpleBinding>
                  </binding>
                  <output/>
               </action>
               <action category="OrchestrationObjects"
                       failOnError="true"
                       forSearch="false"
                       label="updateOrchestrationObject"
                       maxRedirects="100"
                       name="updateOrchestrationObject"
                       preemptiveAuth="true"
                       responseEncoding="">
                  <description>Update an Orchestration Object. Updates the specified orchestration object.&lt;p&gt;* You can update the following fields of an orchestration object: &lt;code&gt;description&lt;/code&gt;, &lt;code&gt;label&lt;/code&gt;, &lt;code&gt;persistent&lt;/code&gt;, &lt;code&gt;relationships&lt;/code&gt;, and &lt;code&gt;template&lt;/code&gt;.&lt;p&gt;* You cannot update an object while the orchestration within which it is contained is in a transient state, such as &lt;code&gt;activating&lt;/code&gt;, &lt;code&gt;deactivating&lt;/code&gt;, and &lt;code&gt;suspending&lt;/code&gt;.&lt;p&gt;* You cannot move an object from one orchestration to another.&lt;p&gt;To update an orchestration object:&lt;p&gt;1.Get the orchestration object by sending the &lt;a class="xref" href="op-platform-v1-object-{name}-get.html"&gt;GET /platform/v1/object/{name}&lt;/a&gt; request. The response body is in the JSON format. &lt;p&gt;2.Modify the JSON file as per your requirements. &lt;p&gt;3.Provide the modified JSON as the request body for the &lt;a class="xref" href="op-platform-v1-object-{name}-put.html"&gt;PUT /platform/v1/object/{name}&lt;/a&gt; request. Ensure that you specify the latest &lt;code&gt;version&lt;/code&gt; of the orchestration object in the request body. &lt;p&gt;&lt;b&gt;Required Role: &lt;/b&gt;To complete this task, you must have the &lt;code&gt;Compute_Operations&lt;/code&gt; role. If this role isn't assigned to you or you're not sure, then ask your system administrator to ensure that the role is assigned to you in Oracle Cloud My Services. See &lt;a target="_blank" href="http://www.oracle.com/pls/topic/lookup?ctx=stcomputecs&amp;id=MMOCS-GUID-54C2E747-7D5B-451C-A39C-77936178EBB6"&gt;Modifying User Roles&lt;/a&gt; in &lt;em&gt;Managing and Monitoring Oracle Cloud&lt;/em&gt;.</description>
                  <input>
                     <parameter description="The four-part name of the object (&lt;code&gt;/Compute-&lt;em&gt;identity_domain&lt;/em&gt;/&lt;em&gt;user&lt;/em&gt;/&lt;em&gt;object&lt;/em&gt;&lt;/code&gt;)."
                                label="namePathParam"
                                name="namePathParam"
                                nogen="true"
                                required="true"
                                testWith=""
                                type="string"/>
                     <parameter label="body"
                                name="body"
                                required="true"
                                testWith=""
                                type="reference">
                        <options>
                           <option name="referenceTo">OrchestrationObject_put_request</option>
                        </options>
                     </parameter>
                     <parameter description="The Cookie: header must be included with every request to the service. It must be set to the value of the set-cookie header in the response received to the POST /authenticate/ call."
                                label="Cookie"
                                name="Cookie"
                                nogen="true"
                                required="false"
                                testWith=""
                                type="string"/>
                  </input>
                  <binding>
                     <restSimpleBinding multiUsing="semicolonSeparated"
                                        url="http://{$hostName}/platform/v1/object/{$namePathParam}"
                                        verb="PUT">
                        <httpHeaders>
                           <header name="Content-Type">application/oracle-compute-v3+json</header>
                           <header name="Accept">application/oracle-compute-v3+json</header>
                           <header name="Cookie">{$Cookie}</header>
                        </httpHeaders>
                        <body generateUsing="UnwrappedJSON" preserveJsonStringFormatting="false"/>
                     </restSimpleBinding>
                  </binding>
                  <output>
                     <field description="OK. See &lt;a class=&#34;xref&#34; href=&#34;Status%20Codes.html&#34;&gt;Status Codes&lt;/a&gt; for information about other possible HTTP status codes."
                            entireResponse="true"
                            name="OrchestrationObject_response"
                            type="reference">
                        <options>
                           <option name="referenceTo">OrchestrationObject_response</option>
                        </options>
                     </field>
                  </output>
               </action>
               <action category="OrchestrationObjects"
                       failOnError="true"
                       forSearch="false"
                       label="listOrchestrationObject"
                       maxRedirects="100"
                       name="listOrchestrationObject"
                       preemptiveAuth="true"
                       responseEncoding="">
                  <description>Retrieve Details of all Orchestration Objects in a Container. Retrieves details of all the orchestration objects that are available and match the specified query criteria. If you don't specify any query criteria, then details of all the orchestration objects in the container are displayed. To filter the search results, you can pass one or more of the documented query parameters by appending them to the URI in the following syntax: &lt;p&gt;&lt;code&gt;?parameter1=value1&amp;ampparameter2=value2&amp;ampparameterN=valueN&lt;/code&gt;&lt;p&gt;&lt;b&gt;Required Role: &lt;/b&gt;To complete this task, you must have the &lt;code&gt;Compute_Operations&lt;/code&gt; role. If this role isn't assigned to you or you're not sure, then ask your system administrator to ensure that the role is assigned to you in Oracle Cloud My Services. See &lt;a target="_blank" href="http://www.oracle.com/pls/topic/lookup?ctx=stcomputecs&amp;id=MMOCS-GUID-54C2E747-7D5B-451C-A39C-77936178EBB6"&gt;Modifying User Roles&lt;/a&gt; in &lt;em&gt;Managing and Monitoring Oracle Cloud&lt;/em&gt;.</description>
                  <input>
                     <parameter description="Specify &lt;code&gt;/Compute-&lt;em&gt;identity_domain&lt;/em&gt;/&lt;em&gt;user&lt;/em&gt;&lt;/code&gt; or &lt;code&gt;/Compute-&lt;em&gt;identity_domain&lt;/em&gt;&lt;/code&gt;.&lt;p&gt;Specify the three-part name of the orchestration (&lt;code&gt;/Compute-&lt;em&gt;identity_domain&lt;/em&gt;/&lt;em&gt;user&lt;/em&gt;/&lt;em&gt;orchestration&lt;/em&gt;&lt;/code&gt;) to retrieve details of all the objects in that orchestration."
                                label="containerPathParam"
                                name="containerPathParam"
                                nogen="true"
                                required="true"
                                testWith=""
                                type="string"/>
                     <parameter description="Return a list of orchestration objects filtered by the orchestration to which this object belongs"
                                label="orchestration"
                                name="orchestration"
                                required="false"
                                testWith=""
                                type="string"/>
                     <parameter description="The Cookie: header must be included with every request to the service. It must be set to the value of the set-cookie header in the response received to the POST /authenticate/ call."
                                label="Cookie"
                                name="Cookie"
                                nogen="true"
                                required="false"
                                testWith=""
                                type="string"/>
                  </input>
                  <binding>
                     <restSimpleBinding multiUsing="semicolonSeparated"
                                        url="http://{$hostName}/platform/v1/object/{$containerPathParam}/"
                                        verb="GET">
                        <httpHeaders>
                           <header name="Content-Type">application/oracle-compute-v3+json</header>
                           <header name="Accept">application/oracle-compute-v3+json</header>
                           <header name="Cookie">{$Cookie}</header>
                        </httpHeaders>
                     </restSimpleBinding>
                  </binding>
                  <output>
                     <field description="OK. See &lt;a class=&#34;xref&#34; href=&#34;Status%20Codes.html&#34;&gt;Status Codes&lt;/a&gt; for information about other possible HTTP status codes."
                            entireResponse="true"
                            name="OrchestrationObject_list_response"
                            type="reference">
                        <options>
                           <option name="referenceTo">OrchestrationObject_list_response</option>
                        </options>
                     </field>
                  </output>
               </action>
               <action category="OrchestrationObjects"
                       failOnError="true"
                       forSearch="false"
                       label="addOrchestrationObject"
                       maxRedirects="100"
                       name="addOrchestrationObject"
                       preemptiveAuth="true"
                       responseEncoding="">
                  <description>Create an Orchestration Object. Adds an object to the specified orchestration v2.&lt;p&gt;The action of the orchestration object you add is determined by the &lt;code&gt;desired_state&lt;/code&gt; of the orchestration it is associated with.&lt;p&gt;* Objects are created when the &lt;code&gt;desired_state&lt;/code&gt; of the associated orchestration is set to &lt;code&gt;active&lt;/code&gt;.&lt;p&gt;* Objects are deleted when the &lt;code&gt;desired_state&lt;/code&gt; of the associated orchestration is set to &lt;code&gt;inactive&lt;/code&gt;.&lt;p&gt;* Only non-persistent objects are deleted when the &lt;code&gt;desired_state&lt;/code&gt; of the associated orchestration is set to &lt;code&gt;suspend&lt;/code&gt;. Peristent objects are not deleted when the associated orchestration is suspended. To make an object persistent, set the persistent attribute to true. When an object is set to persist, it is not deleted when the orchestration is suspended. If the persistent objects are not already in the &lt;code&gt;active&lt;/code&gt; state, they are created. If the orchestration is terminated, then all the objects are deleted. If you set the persistent attribute of an object to true, then you must set the persistent attribute of all the dependent objects as well to true. For example, if a persistent instance references a bootable storage volume, the storage volume must also be persistent. For more information, see &lt;a target="_blank" href="http://www.oracle.com/pls/topic/lookup?ctx=stcomputecs&amp;id=STCSG-GUID-4F84DE2B-BDC9-4B9B-9B5D-B8129E0F7512"&gt;Object Persistence in Orchestrations v2&lt;/a&gt; in &lt;i&gt;Using Oracle Cloud Infrastructure Compute Classic&lt;/i&gt;.&lt;p&gt;To change the &lt;code&gt;desired_state&lt;/code&gt; of an orchestration, send the PUT /platform/v1/orchestration/{name}/?desired_state={state} HTTP request.&lt;p&gt;You can determine the status of an object by viewing its &lt;code&gt;health&lt;/code&gt; parameter.&lt;p&gt;&lt;b&gt;Required Role: &lt;/b&gt;To complete this task, you must have the &lt;code&gt;Compute_Operations&lt;/code&gt; role. If this role isn't assigned to you or you're not sure, then ask your system administrator to ensure that the role is assigned to you in Oracle Cloud My Services. See &lt;a target="_blank" href="http://www.oracle.com/pls/topic/lookup?ctx=stcomputecs&amp;id=MMOCS-GUID-54C2E747-7D5B-451C-A39C-77936178EBB6"&gt;Modifying User Roles&lt;/a&gt; in &lt;em&gt;Managing and Monitoring Oracle Cloud&lt;/em&gt;.</description>
                  <input>
                     <parameter label="body"
                                name="body"
                                required="true"
                                testWith=""
                                type="reference">
                        <options>
                           <option name="referenceTo">OrchestrationObject_post_request</option>
                        </options>
                     </parameter>
                     <parameter description="The Cookie: header must be included with every request to the service. It must be set to the value of the set-cookie header in the response received to the POST /authenticate/ call."
                                label="Cookie"
                                name="Cookie"
                                nogen="true"
                                required="false"
                                testWith=""
                                type="string"/>
                  </input>
                  <binding>
                     <restSimpleBinding multiUsing="semicolonSeparated"
                                        url="http://{$hostName}/platform/v1/object/"
                                        verb="POST">
                        <httpHeaders>
                           <header name="Content-Type">application/oracle-compute-v3+json</header>
                           <header name="Accept">application/oracle-compute-v3+json</header>
                           <header name="Cookie">{$Cookie}</header>
                        </httpHeaders>
                        <body generateUsing="UnwrappedJSON" preserveJsonStringFormatting="false"/>
                     </restSimpleBinding>
                  </binding>
                  <output/>
               </action>
               <action category="OrchestrationObjects"
                       failOnError="true"
                       forSearch="false"
                       label="discoverRootOrchestrationObject"
                       maxRedirects="100"
                       name="discoverRootOrchestrationObject"
                       preemptiveAuth="true"
                       responseEncoding="">
                  <description>Retrieve Names of Containers. Retrieves the names of containers that contain objects that you can access. You can use this information to construct the multipart name of an object.&lt;p&gt;&lt;b&gt;Required Role: &lt;/b&gt;To complete this task, you must have the &lt;code&gt;Compute_Monitor&lt;/code&gt; or &lt;code&gt;Compute_Operations&lt;/code&gt; role. If this role isn't assigned to you or you're not sure, then ask your system administrator to ensure that the role is assigned to you in Oracle Cloud My Services. See &lt;a target="_blank" href="http://www.oracle.com/pls/topic/lookup?ctx=stcomputecs&amp;id=MMOCS-GUID-54C2E747-7D5B-451C-A39C-77936178EBB6"&gt;Modifying User Roles&lt;/a&gt; in &lt;em&gt;Managing and Monitoring Oracle Cloud&lt;/em&gt;.</description>
                  <input>
                     <parameter description="The Cookie: header must be included with every request to the service. It must be set to the value of the set-cookie header in the response received to the POST /authenticate/ call."
                                label="Cookie"
                                name="Cookie"
                                nogen="true"
                                required="false"
                                testWith=""
                                type="string"/>
                  </input>
                  <binding>
                     <restSimpleBinding multiUsing="semicolonSeparated"
                                        url="http://{$hostName}/platform/v1/object/"
                                        verb="GET">
                        <httpHeaders>
                           <header name="Content-Type">application/oracle-compute-v3+json</header>
                           <header name="Accept">application/oracle-compute-v3+directory+json</header>
                           <header name="Cookie">{$Cookie}</header>
                        </httpHeaders>
                     </restSimpleBinding>
                  </binding>
                  <output>
                     <field description="OK. See &lt;a class=&#34;xref&#34; href=&#34;Status%20Codes.html&#34;&gt;Status Codes&lt;/a&gt; for information about other possible HTTP status codes."
                            entireResponse="true"
                            name="OrchestrationObject_discover_response"
                            type="reference">
                        <options>
                           <option name="referenceTo">OrchestrationObject_discover_response</option>
                        </options>
                     </field>
                  </output>
               </action>
            </actions>
            <objects>
               <processObject xmlns="http://schemas.active-endpoints.com/appmodules/screenflow/2011/06/avosHostEnvironment.xsd"
                              isByCopy="true"
                              name="HourlyInterval">
                  <description/>
                  <detail/>
               </processObject>
               <processObject xmlns="http://schemas.active-endpoints.com/appmodules/screenflow/2011/06/avosHostEnvironment.xsd"
                              isByCopy="true"
                              name="OrchestrationObject_response">
                  <description/>
                  <detail>
                     <field name="template" type="object"/>
                     <field name="orchestration" type="string"/>
                     <field name="description" type="string"/>
                     <field name="health" type="object"/>
                     <field name="desired_state" type="string"/>
                     <field name="label" type="string"/>
                     <field name="type" type="string"/>
                     <field name="uri" type="string"/>
                     <field name="version" type="int"/>
                     <field name="time_updated" type="string"/>
                     <field name="relationships" type="object"/>
                     <field name="name" type="string"/>
                     <field name="time_created" type="string"/>
                     <field name="persistent" type="boolean"/>
                     <field name="user" type="string"/>
                     <field name="account" type="string"/>
                     <field name="time_audited" type="string"/>
                  </detail>
               </processObject>
               <processObject xmlns="http://schemas.active-endpoints.com/appmodules/screenflow/2011/06/avosHostEnvironment.xsd"
                              isByCopy="true"
                              name="OrchestrationObject_list_response">
                  <description/>
                  <detail>
                     <field name="result" type="objectlist">
                        <options>
                           <option name="referenceTo">OrchestrationObject_response</option>
                           <option name="relationshipName">Child</option>
                        </options>
                     </field>
                  </detail>
               </processObject>
               <processObject xmlns="http://schemas.active-endpoints.com/appmodules/screenflow/2011/06/avosHostEnvironment.xsd"
                              isByCopy="true"
                              name="OrchestrationObject_put_request">
                  <description>The request body contains details of the orchestration object that you want to update. </description>
                  <detail>
                     <field name="template" type="object"/>
                     <field name="relationships" type="object"/>
                     <field name="orchestration" type="string"/>
                     <field name="name" type="string"/>
                     <field name="description" type="string"/>
                     <field name="desired_state" type="string"/>
                     <field name="label" type="string"/>
                     <field name="type" type="string"/>
                     <field name="persistent" type="boolean"/>
                     <field name="version" type="int"/>
                     <field name="account" type="string"/>
                  </detail>
               </processObject>
               <processObject xmlns="http://schemas.active-endpoints.com/appmodules/screenflow/2011/06/avosHostEnvironment.xsd"
                              isByCopy="true"
                              name="OrchestrationObject_discover_response">
                  <description/>
                  <detail>
                     <field name="result" type="objectlist">
                        <options>
                           <option name="referenceTo">string</option>
                           <option name="relationshipName">Child</option>
                        </options>
                     </field>
                  </detail>
               </processObject>
               <processObject xmlns="http://schemas.active-endpoints.com/appmodules/screenflow/2011/06/avosHostEnvironment.xsd"
                              isByCopy="true"
                              name="OrchestrationObject_post_request">
                  <description>The request body contains details of the orchestration object that you want to create. </description>
                  <detail>
                     <field name="template" type="object"/>
                     <field name="relationships" type="object"/>
                     <field name="orchestration" type="string"/>
                     <field name="name" type="string"/>
                     <field name="description" type="string"/>
                     <field name="desired_state" type="string"/>
                     <field name="label" type="string"/>
                     <field name="type" type="string"/>
                     <field name="persistent" type="boolean"/>
                     <field name="version" type="int"/>
                     <field name="account" type="string"/>
                  </detail>
               </processObject>
               <processObject xmlns="http://schemas.active-endpoints.com/appmodules/screenflow/2011/06/avosHostEnvironment.xsd"
                              isByCopy="true"
                              name="DailyWeeklyInterval">
                  <description/>
                  <detail/>
               </processObject>
               <processObject xmlns="http://schemas.active-endpoints.com/appmodules/screenflow/2011/06/avosHostEnvironment.xsd"
                              isByCopy="true"
                              name="Interval">
                  <description>There are two kinds of Intervals. Each Interval has its own JSON format. Your Interval field should look like one of the following:&lt;p&gt;&lt;ul&gt;&lt;li&gt;&lt;code&gt;"interval":{"Hourly":{"hourlyInterval":2}}&lt;/code&gt;&lt;/li&gt;&lt;li&gt;&lt;code&gt;{"DailyWeekly":{"daysOfWeek":["MONDAY"],"timeOfDay":"03:15","userTimeZone":"America/Los_Angeles"}}&lt;/code&gt;&lt;/li&gt;&lt;/ul&gt;&lt;p&gt;Days of the week is any day of the week fully capitalized (MONDAY, TUESDAY, etc). The user time zone is any IANA user timezone.  For example user time zones see &lt;a href="https://en.wikipedia.org/wiki/IANA_time_zone_database"&gt;List of IANA time zones&lt;/a&gt;.</description>
                  <detail/>
               </processObject>
               <processObject xmlns="http://schemas.active-endpoints.com/appmodules/screenflow/2011/06/avosHostEnvironment.xsd"
                              isByCopy="true"
                              name="string">
                  <description/>
                  <detail>
                     <field name="string" type="string"/>
                  </detail>
               </processObject>
               <processObject xmlns="http://schemas.active-endpoints.com/appmodules/screenflow/2011/06/avosHostEnvironment.xsd"
                              isByCopy="true"
                              name="boolean">
                  <description/>
                  <detail>
                     <field name="boolean" type="boolean"/>
                  </detail>
               </processObject>
               <processObject xmlns="http://schemas.active-endpoints.com/appmodules/screenflow/2011/06/avosHostEnvironment.xsd"
                              isByCopy="true"
                              name="double">
                  <description/>
                  <detail>
                     <field name="double" type="double"/>
                  </detail>
               </processObject>
               <processObject xmlns="http://schemas.active-endpoints.com/appmodules/screenflow/2011/06/avosHostEnvironment.xsd"
                              isByCopy="true"
                              name="integer">
                  <description/>
                  <detail>
                     <field name="integer" type="int"/>
                  </detail>
               </processObject>
            </objects>
         </businessConnector>
      </types1:Entry>
      <types1:GUID>ckEwb1E0pklgJjYlaTzDeA</types1:GUID>
      <types1:DisplayName>Oracle Cloud Infrastructure Compute OrchestrationV2s API v18-1-2</types1:DisplayName>
   </types1:Item>
   <types1:CurrentServerDateTime>2019-02-25T09:24:11.772Z</types1:CurrentServerDateTime>
</aetgt:getResponse>
