<aetgt:getResponse xmlns:aetgt="http://schemas.active-endpoints.com/appmodules/repository/2010/10/avrepository.xsd"
                   xmlns:types1="http://schemas.active-endpoints.com/appmodules/repository/2010/10/avrepository.xsd">
   <types1:Item>
      <types1:EntryId>dx6CjqFVNN5Kaaa-gt-570069-2019-12-22T10:12:21.061Z::svc.xml</types1:EntryId>
      <types1:Name>SAP_Ariba_Master_Data_Integration_Job_Status_for_Operational_Procurement_REST_API_v1</types1:Name>
      <types1:MimeType>application/xml+businesssconnector</types1:MimeType>
      <types1:Description>The Master Data Integration Job Status API for Operational Procurement allows the external ERP system that posts master data to the Master Data Integration Service to query for the status of master data integration jobs. You can configure the API request to query on the jobId returned by the uploadXMLData API, or on an object name. The response is in JSON format. If the master data integration job successfully posted the data to the buying solution from SAP Ariba, then the response includes the following details, among others: the number of records inserted, the number of records updated, and the number of records deleted. If there are any errors when the data is posted to the buying solution, the error details are included in the response.</types1:Description>
      <types1:AppliesTo/>
      <types1:Tags/>
      <types1:VersionLabel>1.0</types1:VersionLabel>
      <types1:State>CURRENT</types1:State>
      <types1:ProcessGroup/>
      <types1:CreatedBy>sorabh@na1.dm-us.org</types1:CreatedBy>
      <types1:CreationDate>2019-12-22T10:12:21Z</types1:CreationDate>
      <types1:ModifiedBy/>
      <types1:PublicationStatus>published</types1:PublicationStatus>
      <types1:PublishedBy>sorabh@na1.dm-us.org</types1:PublishedBy>
      <types1:PublicationDate>2019-12-22T10:12:26Z</types1:PublicationDate>
      <types1:PublishedContributionId>project:/rt.connector/SAP_Ariba_Master_Data_Integration_Job_Status_for_Operational_Procurement_REST_API_v1/SAP_Ariba_Master_Data_Integration_Job_Status_for_Operational_Procurement_REST_API_v1_svcDef.xml</types1:PublishedContributionId>
      <types1:AutosaveExists>false</types1:AutosaveExists>
      <types1:Entry>
         <businessConnector xmlns="http://schemas.informatica.com/socrates/data-services/2014/05/business-connector-model.xsd"
                            agentOnly="false"
                            debug="false"
                            displayName="SAP Ariba Master Data Integration Job Status for Operational Procurement REST API v1"
                            label=""
                            name="SAP_Ariba_Master_Data_Integration_Job_Status_for_Operational_Procurement_REST_API_v1"
                            uuid="2db2a051-6e73-4afe-b802-e2789cd35dcf">
            <description>The Master Data Integration Job Status API for Operational Procurement allows the external ERP system that posts master data to the Master Data Integration Service to query for the status of master data integration jobs. You can configure the API request to query on the jobId returned by the uploadXMLData API, or on an object name. The response is in JSON format. If the master data integration job successfully posted the data to the buying solution from SAP Ariba, then the response includes the following details, among others: the number of records inserted, the number of records updated, and the number of records deleted. If there are any errors when the data is posted to the buying solution, the error details are included in the response.</description>
            <tags/>
            <connectionAttributes xmlns="http://schemas.informatica.com/appmodules/screenflow/2014/04/avosConnectors.xsd">
               <connectionAttribute description="Host Name"
                                    masked="false"
                                    name="hostName"
                                    required="true"
                                    testWith="sandbox.api.sap.com"
                                    type="string"/>
            </connectionAttributes>
            <actions>
               <action category="/integrationJobs"
                       failOnError="true"
                       forSearch="false"
                       label="integrationJobs"
                       maxRedirects="100"
                       name="integrationJobs"
                       preemptiveAuth="true"
                       responseEncoding="">
                  <description>Get status of the status of master data integration job</description>
                  <input>
                     <parameter description="ANID of the Customer (ANXXX0002,AN71000004256,AN71000000764)"
                                label="tenantId"
                                name="tenantId"
                                required="true"
                                testWith=""
                                type="string"/>
                     <parameter description="Master Data Object to be queried (User,TaxCode,Group)"
                                label="objectName"
                                name="objectName"
                                required="false"
                                testWith=""
                                type="string"/>
                     <parameter description="jobId to be queried(AAACAKABlAAAAE99u,AAACAKABlAAAAE99o)"
                                label="jobId"
                                name="jobId"
                                required="false"
                                testWith=""
                                type="string"/>
                  </input>
                  <binding>
                     <restSimpleBinding multiUsing="semicolonSeparated"
                                        url="https://{$hostName}/ariba/api/mds-integration-job/v1/sandbox/integrationJobs"
                                        verb="GET">
                        <httpHeaders>
                           <header name="Accept">application/json</header>
                        </httpHeaders>
                     </restSimpleBinding>
                  </binding>
                  <output>
                     <field description="Successful Response"
                            entireResponse="true"
                            name="response"
                            type="reference">
                        <options>
                           <option name="referenceTo">response</option>
                        </options>
                     </field>
                  </output>
               </action>
            </actions>
            <objects>
               <processObject xmlns="http://schemas.active-endpoints.com/appmodules/screenflow/2011/06/avosHostEnvironment.xsd"
                              isByCopy="true"
                              name="errormessage">
                  <description/>
                  <detail>
                     <field name="errorCode" type="string"/>
                     <field name="message" type="string"/>
                  </detail>
               </processObject>
               <processObject xmlns="http://schemas.active-endpoints.com/appmodules/screenflow/2011/06/avosHostEnvironment.xsd"
                              isByCopy="true"
                              name="response">
                  <description/>
                  <detail>
                     <field name="Status" type="string"/>
                     <field name="StartDate" type="string"/>
                     <field name="RecordsCreated" type="int"/>
                     <field name="FatalErrors" type="string"/>
                     <field name="WarningMessages" type="string"/>
                     <field name="RecordsDeleted" type="int"/>
                     <field name="RecordsUpdated" type="int"/>
                     <field name="NonFatalExceptions" type="string"/>
                  </detail>
               </processObject>
               <processObject xmlns="http://schemas.active-endpoints.com/appmodules/screenflow/2011/06/avosHostEnvironment.xsd"
                              isByCopy="true"
                              name="string">
                  <description/>
                  <detail>
                     <field name="string" type="string"/>
                  </detail>
               </processObject>
               <processObject xmlns="http://schemas.active-endpoints.com/appmodules/screenflow/2011/06/avosHostEnvironment.xsd"
                              isByCopy="true"
                              name="boolean">
                  <description/>
                  <detail>
                     <field name="boolean" type="boolean"/>
                  </detail>
               </processObject>
               <processObject xmlns="http://schemas.active-endpoints.com/appmodules/screenflow/2011/06/avosHostEnvironment.xsd"
                              isByCopy="true"
                              name="double">
                  <description/>
                  <detail>
                     <field name="double" type="double"/>
                  </detail>
               </processObject>
               <processObject xmlns="http://schemas.active-endpoints.com/appmodules/screenflow/2011/06/avosHostEnvironment.xsd"
                              isByCopy="true"
                              name="integer">
                  <description/>
                  <detail>
                     <field name="integer" type="int"/>
                  </detail>
               </processObject>
            </objects>
         </businessConnector>
      </types1:Entry>
      <types1:GUID>hzicHVCVNgdeG5Sf8Jj0eD</types1:GUID>
      <types1:DisplayName>SAP Ariba Master Data Integration Job Status for Operational Procurement REST API v1</types1:DisplayName>
   </types1:Item>
   <types1:CurrentServerDateTime>2019-12-22T10:14:39.629Z</types1:CurrentServerDateTime>
</aetgt:getResponse>
