<aetgt:getResponse xmlns:aetgt="http://schemas.active-endpoints.com/appmodules/repository/2010/10/avrepository.xsd"
                   xmlns:types1="http://schemas.active-endpoints.com/appmodules/repository/2010/10/avrepository.xsd">
   <types1:Item>
      <types1:EntryId>xMXdzWztZK0CYyb-gt-3244848-2019-01-24T00:42:23.82Z::svc.xml</types1:EntryId>
      <types1:Name>Concur_Receipt_Images_API_v3</types1:Name>
      <types1:MimeType>application/xml+businesssconnector</types1:MimeType>
      <types1:Description>The Receipt Image API allows clients to manage the receipt images attached to expense reports and the images attached to invoices. Clients can retrieve existing images by reportID, image ID, or invoiceID, and upload new images to a user, expense entry, report, or invoice.</types1:Description>
      <types1:AppliesTo/>
      <types1:Tags/>
      <types1:VersionLabel>1.0</types1:VersionLabel>
      <types1:State>CURRENT</types1:State>
      <types1:ProcessGroup/>
      <types1:CreatedBy>sorabh@na1.dm-us.org</types1:CreatedBy>
      <types1:CreationDate>2019-01-24T00:42:24Z</types1:CreationDate>
      <types1:ModifiedBy/>
      <types1:PublicationStatus>published</types1:PublicationStatus>
      <types1:PublishedBy>sorabh@na1.dm-us.org</types1:PublishedBy>
      <types1:PublicationDate>2019-01-24T00:42:47Z</types1:PublicationDate>
      <types1:PublishedContributionId>project:/rt.connector/Concur_Receipt_Images_API_v3/Concur_Receipt_Images_API_v3_svcDef.xml</types1:PublishedContributionId>
      <types1:AutosaveExists>false</types1:AutosaveExists>
      <types1:Entry>
         <businessConnector xmlns="http://schemas.informatica.com/socrates/data-services/2014/05/business-connector-model.xsd"
                            agentOnly="false"
                            debug="false"
                            displayName="Concur Receipt Images API v3"
                            label=""
                            name="Concur_Receipt_Images_API_v3"
                            uuid="d4554c21-effa-4ec6-b344-31caa8deab86">
            <description>The Receipt Image API allows clients to manage the receipt images attached to expense reports and the images attached to invoices. Clients can retrieve existing images by reportID, image ID, or invoiceID, and upload new images to a user, expense entry, report, or invoice.</description>
            <tags/>
            <connectionAttributes xmlns="http://schemas.informatica.com/appmodules/screenflow/2014/04/avosConnectors.xsd">
               <connectionAttribute description="Host Name"
                                    masked="false"
                                    name="hostName"
                                    required="true"
                                    testWith="www.concursolutions.com"
                                    type="string"/>
            </connectionAttributes>
            <actions>
               <action category="Resources"
                       failOnError="true"
                       forSearch="false"
                       label="GET_expense_receiptimages_id_"
                       maxRedirects="100"
                       name="GET_expense_receiptimages_id_"
                       preemptiveAuth="true"
                       responseEncoding="">
                  <description>Get a receipt image URL. Get a receipt image URL by image ID.</description>
                  <input>
                     <parameter description="ReceiptImage ID"
                                label="idPathParam"
                                name="idPathParam"
                                nogen="true"
                                required="true"
                                testWith=""
                                type="string"/>
                     <parameter description="The login ID of the user. Optional. The user must have the Web Services Admin (Professional) or Can Administer (Standard) user role to use this parameter."
                                label="user"
                                name="user"
                                required="false"
                                testWith=""
                                type="string"/>
                  </input>
                  <binding>
                     <restSimpleBinding multiUsing="semicolonSeparated"
                                        url="https://{$hostName}/api/v3.0/expense/receiptimages/{$idPathParam}"
                                        verb="GET">
                        <httpHeaders>
                           <header name="Content-Type">application/json</header>
                           <header name="Accept">application/json</header>
                        </httpHeaders>
                     </restSimpleBinding>
                  </binding>
                  <output>
                     <field description="Success"
                            entireResponse="true"
                            name="ReceiptImage"
                            type="reference">
                        <options>
                           <option name="referenceTo">ReceiptImage</option>
                        </options>
                     </field>
                  </output>
               </action>
               <action category="Resources"
                       failOnError="true"
                       forSearch="false"
                       label="DELETE_expense_receiptimages_id_"
                       maxRedirects="100"
                       name="DELETE_expense_receiptimages_id_"
                       preemptiveAuth="true"
                       responseEncoding="">
                  <description>Delete a receipt image by ID. Deletes the specified receipt image</description>
                  <input>
                     <parameter description="ID of the receipt image to delete"
                                label="idPathParam"
                                name="idPathParam"
                                nogen="true"
                                required="true"
                                testWith=""
                                type="string"/>
                     <parameter description="The login ID of the user. Optional. The user must have the Web Services Admin (Professional) or Can Administer (Standard) user role to use this parameter."
                                label="user"
                                name="user"
                                required="false"
                                testWith=""
                                type="string"/>
                  </input>
                  <binding>
                     <restSimpleBinding multiUsing="semicolonSeparated"
                                        url="https://{$hostName}/api/v3.0/expense/receiptimages/{$idPathParam}"
                                        verb="DELETE">
                        <httpHeaders>
                           <header name="Content-Type">application/json</header>
                           <header name="Accept">application/json</header>
                        </httpHeaders>
                     </restSimpleBinding>
                  </binding>
                  <output>
                     <field description="Success"
                            entireResponse="true"
                            name="Void"
                            type="reference">
                        <options>
                           <option name="referenceTo">Void</option>
                        </options>
                     </field>
                  </output>
               </action>
               <action category="Resources"
                       failOnError="true"
                       forSearch="false"
                       label="PUT_expense_receiptimages_id_"
                       maxRedirects="100"
                       name="PUT_expense_receiptimages_id_"
                       preemptiveAuth="true"
                       responseEncoding="">
                  <description>Appends a receipt image to an existing receipt image. Appends a receipt image to an existing image in the receipt store.</description>
                  <input>
                     <parameter description="ID of the receipt image to update"
                                label="idPathParam"
                                name="idPathParam"
                                nogen="true"
                                required="true"
                                testWith=""
                                type="string"/>
                     <parameter description="The login ID of the user. Optional. The user must have the Web Services Admin (Professional) or Can Administer (Standard) user role to use this parameter."
                                label="user"
                                name="user"
                                required="false"
                                testWith=""
                                type="string"/>
                     <parameter description="Image data file"
                                label="image"
                                name="image"
                                required="true"
                                testWith=""
                                type="reference">
                        <options>
                           <option name="referenceTo"/>
                        </options>
                     </parameter>
                  </input>
                  <binding>
                     <restSimpleBinding multiUsing="semicolonSeparated"
                                        url="https://{$hostName}/api/v3.0/expense/receiptimages/{$idPathParam}"
                                        verb="PUT">
                        <httpHeaders>
                           <header name="Content-Type">application/json</header>
                           <header name="Accept">application/json</header>
                        </httpHeaders>
                        <body generateUsing="UnwrappedJSON" preserveJsonStringFormatting="false"/>
                     </restSimpleBinding>
                  </binding>
                  <output>
                     <field description="Success"
                            entireResponse="true"
                            name="Void"
                            type="reference">
                        <options>
                           <option name="referenceTo">Void</option>
                        </options>
                     </field>
                  </output>
               </action>
               <action category="Resources"
                       failOnError="true"
                       forSearch="false"
                       label="POST_expense_receiptimages"
                       maxRedirects="100"
                       name="POST_expense_receiptimages"
                       preemptiveAuth="true"
                       responseEncoding="">
                  <description>Create a new receipt image. Creates a new image in the receipt store.</description>
                  <input>
                     <parameter description="The login ID of the user. Optional. The user must have the Web Services Admin (Professional) or Can Administer (Standard) user role to use this parameter."
                                label="user"
                                name="user"
                                required="false"
                                testWith=""
                                type="string"/>
                     <parameter description="Image data file"
                                label="image"
                                name="image"
                                required="true"
                                testWith=""
                                type="reference">
                        <options>
                           <option name="referenceTo"/>
                        </options>
                     </parameter>
                  </input>
                  <binding>
                     <restSimpleBinding multiUsing="semicolonSeparated"
                                        url="https://{$hostName}/api/v3.0/expense/receiptimages"
                                        verb="POST">
                        <httpHeaders>
                           <header name="Content-Type">application/json</header>
                           <header name="Accept">application/json</header>
                        </httpHeaders>
                        <body generateUsing="UnwrappedJSON" preserveJsonStringFormatting="false"/>
                     </restSimpleBinding>
                  </binding>
                  <output>
                     <field description="Success"
                            entireResponse="true"
                            name="ReceiptImage"
                            type="reference">
                        <options>
                           <option name="referenceTo">ReceiptImage</option>
                        </options>
                     </field>
                  </output>
               </action>
               <action category="Resources"
                       failOnError="true"
                       forSearch="false"
                       label="GET_expense_receiptimages"
                       maxRedirects="100"
                       name="GET_expense_receiptimages"
                       preemptiveAuth="true"
                       responseEncoding="">
                  <description>Get all receipt IDs by user. Get a list of all receipt IDs owned by the user associated with the OAuth token</description>
                  <input>
                     <parameter description="Starting page offset"
                                label="offset"
                                name="offset"
                                required="false"
                                testWith=""
                                type="string"/>
                     <parameter description="Number of records to return (default 25)"
                                label="limit"
                                name="limit"
                                required="false"
                                testWith=""
                                type="int"/>
                     <parameter description="The login ID of the user. Optional. The user must have the Web Services Admin (Professional) or Can Administer (Standard) user role to use this parameter."
                                label="user"
                                name="user"
                                required="false"
                                testWith=""
                                type="string"/>
                  </input>
                  <binding>
                     <restSimpleBinding multiUsing="semicolonSeparated"
                                        url="https://{$hostName}/api/v3.0/expense/receiptimages"
                                        verb="GET">
                        <httpHeaders>
                           <header name="Content-Type">application/json</header>
                           <header name="Accept">application/json</header>
                        </httpHeaders>
                     </restSimpleBinding>
                  </binding>
                  <output>
                     <field description="Success"
                            entireResponse="true"
                            name="ReceiptImageCollection"
                            type="reference">
                        <options>
                           <option name="referenceTo">ReceiptImageCollection</option>
                        </options>
                     </field>
                  </output>
               </action>
            </actions>
            <objects>
               <processObject xmlns="http://schemas.active-endpoints.com/appmodules/screenflow/2011/06/avosHostEnvironment.xsd"
                              isByCopy="true"
                              name="ReceiptImage">
                  <description/>
                  <detail>
                     <field name="ID" type="string"/>
                     <field name="URI" type="string"/>
                  </detail>
               </processObject>
               <processObject xmlns="http://schemas.active-endpoints.com/appmodules/screenflow/2011/06/avosHostEnvironment.xsd"
                              isByCopy="true"
                              name="ReceiptImageCollection">
                  <description/>
                  <detail>
                     <field name="Items" type="reference">
                        <options>
                           <option name="referenceTo">ReceiptImage</option>
                           <option name="relationshipName">Child</option>
                        </options>
                     </field>
                     <field name="NextPage" type="string"/>
                  </detail>
               </processObject>
               <processObject xmlns="http://schemas.active-endpoints.com/appmodules/screenflow/2011/06/avosHostEnvironment.xsd"
                              isByCopy="true"
                              name="Void">
                  <description/>
                  <detail/>
               </processObject>
               <processObject xmlns="http://schemas.active-endpoints.com/appmodules/screenflow/2011/06/avosHostEnvironment.xsd"
                              isByCopy="true"
                              name="string">
                  <description/>
                  <detail>
                     <field name="string" type="string"/>
                  </detail>
               </processObject>
               <processObject xmlns="http://schemas.active-endpoints.com/appmodules/screenflow/2011/06/avosHostEnvironment.xsd"
                              isByCopy="true"
                              name="boolean">
                  <description/>
                  <detail>
                     <field name="boolean" type="boolean"/>
                  </detail>
               </processObject>
               <processObject xmlns="http://schemas.active-endpoints.com/appmodules/screenflow/2011/06/avosHostEnvironment.xsd"
                              isByCopy="true"
                              name="double">
                  <description/>
                  <detail>
                     <field name="double" type="double"/>
                  </detail>
               </processObject>
               <processObject xmlns="http://schemas.active-endpoints.com/appmodules/screenflow/2011/06/avosHostEnvironment.xsd"
                              isByCopy="true"
                              name="integer">
                  <description/>
                  <detail>
                     <field name="integer" type="int"/>
                  </detail>
               </processObject>
            </objects>
         </businessConnector>
      </types1:Entry>
      <types1:GUID>7BzCP1F7lWXdKQvKbJy6mY</types1:GUID>
      <types1:DisplayName>Concur Receipt Images API v3</types1:DisplayName>
   </types1:Item>
   <types1:CurrentServerDateTime>2019-02-22T09:42:48.031Z</types1:CurrentServerDateTime>
</aetgt:getResponse>
