{
  "name" : "ServiceNowConnectorPackate0918.zip",
  "sourceOrgId" : "7IJhF8s0e6bdUq4GnCuF8F",
  "sourceOrgName" : "Informatica",
  "exportedObjects" : [ {
    "objectGuid" : "g1rBncojsCKbLVlFy6u02P",
    "objectName" : "Create an account in ServiceNow",
    "objectType" : "PROCESS",
    "path" : "/Explore/ServiceNow",
    "metadata" : {
      "modelVersion" : {
        "major" : 1,
        "minor" : 0
      },
      "repoInfo" : {
        "repoHandle" : "pw0VPNzUzeA8rJ4-gt-898317-2018-09-11T16:02:45.252Z::pd.xml"
      },
      "objectRefs" : [ "gwdb9bdGIEDjJEpHY3DYsl" ],
      "contextAttributes" : null,
      "additionalInfo" : {
        "description" : "A process that demonstrates how to create an account in ServiceNow. Credentials are embedded in the ServiceNow-Table-API-actions connection, and the new account inputs are passed in via a POST invocation.",
        "contentType" : "application/json; charset=utf-8",
        "documentState" : "VALID"
      },
      "objectExistence" : "WITH_DEPENDENCIES"
    }
  }, {
    "objectGuid" : "85KGIRbr6ogj26VrhPWvi4",
    "objectName" : "ServiceNow Table API",
    "objectType" : "AI_SERVICE_CONNECTOR",
    "path" : "/Explore/ServiceNow",
    "metadata" : {
      "modelVersion" : {
        "major" : 1,
        "minor" : 0
      },
      "repoInfo" : {
        "repoHandle" : "RabbfTQbdxWq9bd-gt-485250-2018-09-11T16:02:44.707Z::svc.xml"
      },
      "objectRefs" : [ ],
      "contextAttributes" : null,
      "additionalInfo" : {
        "description" : "",
        "contentType" : "application/json; charset=utf-8",
        "documentState" : "VALID"
      },
      "objectExistence" : "WITH_DEPENDENCIES"
    }
  }, {
    "objectGuid" : "gwdb9bdGIEDjJEpHY3DYsl",
    "objectName" : "ServiceNow-Table-API-actions",
    "objectType" : "AI_CONNECTION",
    "path" : "/Explore/ServiceNow",
    "metadata" : {
      "modelVersion" : {
        "major" : 1,
        "minor" : 0
      },
      "repoInfo" : {
        "repoHandle" : "GOUwvwNXHVOJ2oT-gt-485242-2018-09-11T16:02:44.516Z::conn.xml"
      },
      "objectRefs" : [ ],
      "contextAttributes" : null,
      "additionalInfo" : {
        "description" : "",
        "contentType" : "application/json; charset=utf-8",
        "documentState" : "INVALID"
      },
      "objectExistence" : "WITH_DEPENDENCIES"
    }
  }, {
    "objectGuid" : "59PUjwTVokQkxOYPIfIymA",
    "objectName" : "ServiceNow",
    "objectType" : "Project",
    "path" : "/Explore",
    "metadata" : {
      "modelVersion" : {
        "major" : 0,
        "minor" : 0
      },
      "repoInfo" : null,
      "objectRefs" : [ ],
      "contextAttributes" : [ ],
      "additionalInfo" : {
        "description" : "",
        "contentType" : "Binary",
        "documentState" : "COMPLETE"
      },
      "objectExistence" : "WITHOUT_DEPENDENCIES"
    }
  }, {
    "objectGuid" : "4cRgLcNab7rlrIJN0pGHYJ",
    "objectName" : "Retrieve account data from ServiceNow",
    "objectType" : "PROCESS",
    "path" : "/Explore/ServiceNow",
    "metadata" : {
      "modelVersion" : {
        "major" : 1,
        "minor" : 0
      },
      "repoInfo" : {
        "repoHandle" : "m6kbeJHQjATO9pH-gt-898307-2018-09-11T16:02:45.198Z::pd.xml"
      },
      "objectRefs" : [ "gwdb9bdGIEDjJEpHY3DYsl" ],
      "contextAttributes" : null,
      "additionalInfo" : {
        "description" : "This process is invoked with a ServiceNow account ID. ServiceNow credentials are embedded in the ServiceNow-Table-API-actions connection. A valid sys_id of an account is passed when invoking the process. The value returned from the \"Create an account in ServiceNow\" process can be used as an input.",
        "contentType" : "application/json; charset=utf-8",
        "documentState" : "VALID"
      },
      "objectExistence" : "WITH_DEPENDENCIES"
    }
  } ]
}