<aetgt:getResponse xmlns:aetgt="http://schemas.active-endpoints.com/appmodules/repository/2010/10/avrepository.xsd"
                   xmlns:types1="http://schemas.active-endpoints.com/appmodules/repository/2010/10/avrepository.xsd">
   <types1:Item>
      <types1:EntryId>2mi0UuDpppppppp-gt-524632-2019-12-22T05:23:38.867Z::svc.xml</types1:EntryId>
      <types1:Name>SAP_Ariba_Network_Purchase_Orders_REST_API_v1</types1:Name>
      <types1:MimeType>application/xml+businesssconnector</types1:MimeType>
      <types1:Description>The Purchase Order API enables you to retrieve purchase order header and item details from the Ariba Network.</types1:Description>
      <types1:AppliesTo/>
      <types1:Tags/>
      <types1:VersionLabel>1.0</types1:VersionLabel>
      <types1:State>CURRENT</types1:State>
      <types1:ProcessGroup/>
      <types1:CreatedBy>sorabh@na1.dm-us.org</types1:CreatedBy>
      <types1:CreationDate>2019-12-22T05:23:39Z</types1:CreationDate>
      <types1:ModifiedBy/>
      <types1:PublicationStatus>published</types1:PublicationStatus>
      <types1:PublishedBy>sorabh@na1.dm-us.org</types1:PublishedBy>
      <types1:PublicationDate>2019-12-22T05:23:42Z</types1:PublicationDate>
      <types1:PublishedContributionId>project:/rt.connector/SAP_Ariba_Network_Purchase_Orders_REST_API_v1/SAP_Ariba_Network_Purchase_Orders_REST_API_v1_svcDef.xml</types1:PublishedContributionId>
      <types1:AutosaveExists>false</types1:AutosaveExists>
      <types1:Entry>
         <businessConnector xmlns="http://schemas.informatica.com/socrates/data-services/2014/05/business-connector-model.xsd"
                            agentOnly="false"
                            debug="false"
                            displayName="SAP Ariba Network Purchase Orders REST API v1"
                            label=""
                            name="SAP_Ariba_Network_Purchase_Orders_REST_API_v1"
                            uuid="6594b4f1-29e7-47c7-b92a-79a7e2c969aa">
            <description>The Purchase Order API enables you to retrieve purchase order header and item details from the Ariba Network.</description>
            <tags/>
            <connectionAttributes xmlns="http://schemas.informatica.com/appmodules/screenflow/2014/04/avosConnectors.xsd">
               <connectionAttribute description="Host Name"
                                    masked="false"
                                    name="hostName"
                                    required="true"
                                    testWith="sandbox.api.sap.com"
                                    type="string"/>
            </connectionAttributes>
            <actions>
               <action category="Orders"
                       failOnError="true"
                       forSearch="false"
                       label="getOrderItemsListUsingGET"
                       maxRedirects="100"
                       name="getOrderItemsListUsingGET"
                       preemptiveAuth="true"
                       responseEncoding="">
                  <description>This API provides order item data matching the buyer, the supplier and the order id.</description>
                  <input>
                     <parameter description="The customer's ANID."
                                label="X-ARIBA-NETWORK-ID"
                                name="X-ARIBA-NETWORK-ID"
                                nogen="true"
                                required="true"
                                testWith=""
                                type="string"/>
                     <parameter description="$filter=expression. 'expression' is a combination of resource parameters, values. We use 'eq' as operator to link parameter and value. We use 'and' as operator to link two or more parameters. For example, $filter=a eq 'b' and c eq 'd'. Currently we support the following parameters.&lt;br/&gt;&#xA;supplierANID         -- The supplier's ANID. &lt;br/&gt;&#xA;documentNumber       -- Same as the orderID. The identifier for this order. Analogous to the purchase order number. &lt;br/&gt;&#xA;orderStatus          -- Order Status indicates where the order stands in regard to your processing of the order. &lt;br/&gt;&#xA;routingStatus        -- Routing Status indicates whether a purchase order or service order is queued, sent, acknowledged, or if routing failed.&lt;br/&gt;&#xA;startDate            -- Search by the date on which Ariba Network received the order. The maximum date range is 31 days.&lt;br/&gt;&#xA;endDate              -- Search by the date on which Ariba Network received the order. The maximum date range is 31 days.&lt;br/&gt;&#xA;"
                                label="$filter"
                                name="$filter"
                                required="false"
                                testWith=""
                                type="string"/>
                     <parameter description="To specify the order of results. Please provide the parameter supplierANID into $filter when use $orderby. $orderby=propertyName asc, $orderby=propertyName desc.&lt;br/&gt;&#xA;The order can be either ascending or descending: asc or desc. If the order is not specified, then it is defaulted to ascending(asc).&lt;br/&gt;&#xA;propertyName    -- The column to sort on. This is either of BUYERORGID, SUPPLIERORGID. &lt;br/&gt;&#xA;"
                                label="$orderby"
                                name="$orderby"
                                required="false"
                                testWith=""
                                type="string"/>
                     <parameter description="$skip is the number of items to be skipped"
                                label="$skip"
                                name="$skip"
                                required="false"
                                testWith=""
                                type="int"/>
                     <parameter description="$top is the number of items to be returned (page size)"
                                label="$top"
                                name="$top"
                                required="false"
                                testWith=""
                                type="int"/>
                     <parameter description="To return the number of elements in a collection inline. The syntax is $count=true&lt;br/&gt;&#xA;"
                                label="$count"
                                name="$count"
                                required="false"
                                testWith=""
                                type="string"/>
                  </input>
                  <binding>
                     <restSimpleBinding multiUsing="semicolonSeparated"
                                        url="https://{$hostName}/ariba/api/purchase-orders/v1/sandbox/items"
                                        verb="GET">
                        <httpHeaders>
                           <header name="Content-Type">application/json</header>
                           <header name="Accept">application/json</header>
                           <header name="X-ARIBA-NETWORK-ID">{$X-ARIBA-NETWORK-ID}</header>
                        </httpHeaders>
                     </restSimpleBinding>
                  </binding>
                  <output>
                     <field description="OK"
                            entireResponse="true"
                            name="PageData_OrderLineItem_"
                            type="reference">
                        <options>
                           <option name="referenceTo">PageData_OrderLineItem_</option>
                        </options>
                     </field>
                  </output>
               </action>
               <action category="Orders"
                       failOnError="true"
                       forSearch="false"
                       label="getOrderHeaderListUsingGET"
                       maxRedirects="100"
                       name="getOrderHeaderListUsingGET"
                       preemptiveAuth="true"
                       responseEncoding="">
                  <description>This API provides order header data matching the buyer, the supplier and the order id.</description>
                  <input>
                     <parameter description="The customer's ANID."
                                label="X-ARIBA-NETWORK-ID"
                                name="X-ARIBA-NETWORK-ID"
                                nogen="true"
                                required="true"
                                testWith=""
                                type="string"/>
                     <parameter description="$filter=expression. 'expression' is a combination of resource parameters, values. We use 'eq' as operator to link parameter and value. We use 'and' as operator to link two or more parameters. For example, $filter=a eq 'b' and c eq 'd'. Currently we support the following parameters.&lt;br/&gt;&#xA;supplierANID         -- The supplier's ANID. &lt;br/&gt;&#xA;documentNumber       -- Same as the orderID. The identifier for this order. Analogous to the purchase order number. &lt;br/&gt;&#xA;orderStatus          -- Order Status indicates where the order stands in regard to your processing of the order. &lt;br/&gt;&#xA;routingStatus        -- Routing Status indicates whether a purchase order or service order is queued, sent, acknowledged, or if routing failed.&lt;br/&gt;&#xA;startDate            -- Search by the date on which Ariba Network received the order. The maximum date range is 31 days.&lt;br/&gt;&#xA;endDate              -- Search by the date on which Ariba Network received the order. The maximum date range is 31 days.&lt;br/&gt;&#xA;"
                                label="$filter"
                                name="$filter"
                                required="false"
                                testWith=""
                                type="string"/>
                     <parameter description="To specify the order of results. Please provide the parameter supplierANID into $filter when use $orderby. $orderby=propertyName asc, $orderby=propertyName desc.&lt;br/&gt;&#xA;The order can be either ascending or descending: asc or desc. If the order is not specified, then it is defaulted to ascending(asc).&lt;br/&gt;&#xA;propertyName    -- The column to sort on. This is either of BUYERORGID, SUPPLIERORGID. &lt;br/&gt;&#xA;"
                                label="$orderby"
                                name="$orderby"
                                required="false"
                                testWith=""
                                type="string"/>
                     <parameter description="$skip is the number of items to be skipped"
                                label="$skip"
                                name="$skip"
                                required="false"
                                testWith=""
                                type="int"/>
                     <parameter description="$top is the number of items to be returned (page size)"
                                label="$top"
                                name="$top"
                                required="false"
                                testWith=""
                                type="int"/>
                     <parameter description="To return the number of elements in a collection inline. The syntax is $count=true&lt;br/&gt;&#xA;"
                                label="$count"
                                name="$count"
                                required="false"
                                testWith=""
                                type="string"/>
                  </input>
                  <binding>
                     <restSimpleBinding multiUsing="semicolonSeparated"
                                        url="https://{$hostName}/ariba/api/purchase-orders/v1/sandbox/orders"
                                        verb="GET">
                        <httpHeaders>
                           <header name="Content-Type">application/json</header>
                           <header name="Accept">application/json</header>
                           <header name="X-ARIBA-NETWORK-ID">{$X-ARIBA-NETWORK-ID}</header>
                        </httpHeaders>
                     </restSimpleBinding>
                  </binding>
                  <output>
                     <field description="OK"
                            entireResponse="true"
                            name="PageData_OrderHeader_"
                            type="reference">
                        <options>
                           <option name="referenceTo">PageData_OrderHeader_</option>
                        </options>
                     </field>
                  </output>
               </action>
            </actions>
            <objects>
               <processObject xmlns="http://schemas.active-endpoints.com/appmodules/screenflow/2011/06/avosHostEnvironment.xsd"
                              isByCopy="true"
                              name="OrderHeader">
                  <description/>
                  <detail>
                     <field name="poShipToStreet" type="string"/>
                     <field name="poAmount" type="reference">
                        <options>
                           <option name="referenceTo">MoneyDto</option>
                           <option name="relationshipName">Child</option>
                        </options>
                     </field>
                     <field name="amountAvailable" type="reference">
                        <options>
                           <option name="referenceTo">MoneyDto</option>
                           <option name="relationshipName">Child</option>
                        </options>
                     </field>
                     <field name="paymentTermsExplanation" type="string"/>
                     <field name="invoicedAmount" type="reference">
                        <options>
                           <option name="referenceTo">MoneyDto</option>
                           <option name="relationshipName">Child</option>
                        </options>
                     </field>
                     <field name="supplierANID" type="string"/>
                     <field name="documentNumber" type="string"/>
                     <field name="customerANID" type="string"/>
                     <field name="blanketPoId" type="double"/>
                     <field name="poShipToName" type="string"/>
                     <field name="isRelease" type="string"/>
                     <field name="settlement" type="string"/>
                     <field name="balance" type="reference">
                        <options>
                           <option name="referenceTo">MoneyDto</option>
                           <option name="relationshipName">Child</option>
                        </options>
                     </field>
                     <field name="purchasingAgentName" type="string"/>
                     <field name="poClosed" type="boolean"/>
                     <field name="poVersion" type="double"/>
                     <field name="documentStatus" type="string"/>
                     <field name="transportTerms" type="string"/>
                     <field name="poShipToState" type="string"/>
                     <field name="serviceId" type="double"/>
                     <field name="paymentTerms" type="objectlist">
                        <options>
                           <option name="referenceTo">string</option>
                           <option name="relationshipName">Child</option>
                        </options>
                     </field>
                     <field name="payloadId" type="string"/>
                     <field name="supplierName" type="string"/>
                     <field name="transportTermsDesc" type="string"/>
                     <field name="poShipToCode" type="string"/>
                     <field name="poShipToCountry" type="string"/>
                     <field name="releaseRequired" type="boolean"/>
                     <field name="created" type="string"/>
                     <field name="dashboardStatus" type="string"/>
                     <field name="poShipToCity" type="string"/>
                     <field name="hideAmount" type="boolean"/>
                     <field name="customerName" type="string"/>
                     <field name="revision" type="string"/>
                     <field name="schedulingAgreement" type="boolean"/>
                     <field name="numberOfInvoices" type="int"/>
                     <field name="pCardNumberPrefix" type="string"/>
                     <field name="disputeId" type="double"/>
                     <field name="poShipToPostalCode" type="string"/>
                     <field name="attachmentCount" type="int"/>
                     <field name="blanket" type="boolean"/>
                     <field name="orderDate" type="string"/>
                     <field name="status" type="string"/>
                  </detail>
               </processObject>
               <processObject xmlns="http://schemas.active-endpoints.com/appmodules/screenflow/2011/06/avosHostEnvironment.xsd"
                              isByCopy="true"
                              name="MoneyDto">
                  <description/>
                  <detail>
                     <field name="conversionDate" type="string"/>
                     <field name="amount" type="double"/>
                     <field name="currencyCode" type="string"/>
                     <field name="approx" type="double"/>
                  </detail>
               </processObject>
               <processObject xmlns="http://schemas.active-endpoints.com/appmodules/screenflow/2011/06/avosHostEnvironment.xsd"
                              isByCopy="true"
                              name="OrderLineItem">
                  <description/>
                  <detail>
                     <field name="lineOfBusiness" type="string"/>
                     <field name="pbqConversionFactor" type="double"/>
                     <field name="agreementDate" type="string"/>
                     <field name="documentNumber" type="string"/>
                     <field name="plannerDescription" type="string"/>
                     <field name="productionGoAheadEndDate" type="string"/>
                     <field name="storageLocation" type="string"/>
                     <field name="requestedShipmentDate" type="string"/>
                     <field name="productSubFamily" type="string"/>
                     <field name="itemShipToPostalCode" type="string"/>
                     <field name="previousAsnDate" type="string"/>
                     <field name="partType" type="string"/>
                     <field name="manufacturerPart" type="string"/>
                     <field name="unitPrice" type="reference">
                        <options>
                           <option name="referenceTo">MoneyDto</option>
                           <option name="relationshipName">Child</option>
                        </options>
                     </field>
                     <field name="unitOfMeasure" type="string"/>
                     <field name="previousReceivedQuantityUom" type="string"/>
                     <field name="itemLocation" type="string"/>
                     <field name="itemShipToCountry" type="string"/>
                     <field name="priority" type="int"/>
                     <field name="materialGoAheadEndDate" type="string"/>
                     <field name="buyerBatchId" type="string"/>
                     <field name="requestedDeliveryDate" type="string"/>
                     <field name="plannerCode" type="string"/>
                     <field name="lineNumber" type="int"/>
                     <field name="productFamily" type="string"/>
                     <field name="itemShipToCode" type="string"/>
                     <field name="supplierBatchId" type="string"/>
                     <field name="itemShipToState" type="string"/>
                     <field name="itemShipToCity" type="string"/>
                     <field name="supplierPart" type="string"/>
                     <field name="description" type="string"/>
                     <field name="pbqQuantity" type="double"/>
                     <field name="cumulativeReceivedUom" type="string"/>
                     <field name="confirmedQuantity" type="double"/>
                     <field name="cumulativeReceivedQuantity" type="double"/>
                     <field name="releaseType" type="string"/>
                     <field name="agreementId" type="string"/>
                     <field name="cumulativeShipQuantity" type="double"/>
                     <field name="itemShipToStreet" type="string"/>
                     <field name="itemShipToName" type="string"/>
                     <field name="partCategory" type="string"/>
                     <field name="buyerPartId" type="string"/>
                     <field name="quantity" type="double"/>
                     <field name="productIdentifier" type="string"/>
                     <field name="itemReturnAuthorizationNumber" type="string"/>
                     <field name="previousReceivedQuantity" type="double"/>
                     <field name="pbqUOM" type="string"/>
                     <field name="productCode" type="string"/>
                     <field name="previousAsnId" type="string"/>
                     <field name="category" type="string"/>
                     <field name="needBy" type="string"/>
                  </detail>
               </processObject>
               <processObject xmlns="http://schemas.active-endpoints.com/appmodules/screenflow/2011/06/avosHostEnvironment.xsd"
                              isByCopy="true"
                              name="PageData_OrderLineItem_">
                  <description/>
                  <detail>
                     <field name="lastPage" type="boolean"/>
                     <field name="offset" type="int"/>
                     <field name="firstPage" type="boolean"/>
                     <field name="count" type="int"/>
                     <field name="limit" type="int"/>
                     <field name="totalPages" type="int"/>
                     <field name="content" type="objectlist">
                        <options>
                           <option name="referenceTo">OrderLineItem</option>
                           <option name="relationshipName">Child</option>
                        </options>
                     </field>
                  </detail>
               </processObject>
               <processObject xmlns="http://schemas.active-endpoints.com/appmodules/screenflow/2011/06/avosHostEnvironment.xsd"
                              isByCopy="true"
                              name="PageData_OrderHeader_">
                  <description/>
                  <detail>
                     <field name="lastPage" type="boolean"/>
                     <field name="offset" type="int"/>
                     <field name="firstPage" type="boolean"/>
                     <field name="count" type="int"/>
                     <field name="limit" type="int"/>
                     <field name="totalPages" type="int"/>
                     <field name="content" type="objectlist">
                        <options>
                           <option name="referenceTo">OrderHeader</option>
                           <option name="relationshipName">Child</option>
                        </options>
                     </field>
                  </detail>
               </processObject>
               <processObject xmlns="http://schemas.active-endpoints.com/appmodules/screenflow/2011/06/avosHostEnvironment.xsd"
                              isByCopy="true"
                              name="string">
                  <description/>
                  <detail>
                     <field name="string" type="string"/>
                  </detail>
               </processObject>
               <processObject xmlns="http://schemas.active-endpoints.com/appmodules/screenflow/2011/06/avosHostEnvironment.xsd"
                              isByCopy="true"
                              name="boolean">
                  <description/>
                  <detail>
                     <field name="boolean" type="boolean"/>
                  </detail>
               </processObject>
               <processObject xmlns="http://schemas.active-endpoints.com/appmodules/screenflow/2011/06/avosHostEnvironment.xsd"
                              isByCopy="true"
                              name="double">
                  <description/>
                  <detail>
                     <field name="double" type="double"/>
                  </detail>
               </processObject>
               <processObject xmlns="http://schemas.active-endpoints.com/appmodules/screenflow/2011/06/avosHostEnvironment.xsd"
                              isByCopy="true"
                              name="integer">
                  <description/>
                  <detail>
                     <field name="integer" type="int"/>
                  </detail>
               </processObject>
            </objects>
         </businessConnector>
      </types1:Entry>
      <types1:GUID>5wSkMXT8PLsk3i1YR3tFSr</types1:GUID>
      <types1:DisplayName>SAP Ariba Network Purchase Orders REST API v1</types1:DisplayName>
   </types1:Item>
   <types1:CurrentServerDateTime>2019-12-22T05:25:33.568Z</types1:CurrentServerDateTime>
</aetgt:getResponse>
