{
   "exportedObjects": [
      {
         "objectGuid": "almpU5d486xjg3tXw87BET",
         "objectName": "Shared assets",
         "objectType": "Project",
         "path": "/Explore",
         "metadata": {
            "additionalInfo": {
               "contentType": "Binary",
               "description": "This Project contains shared assets",
               "documentState": "COMPLETE"
            },
            "contextAttributes": [],
            "modelVersion": {
               "major": 0,
               "minor": 0
            },
            "objectRefs": [],
            "repoInfo": null
         }
      },
      {
         "objectGuid": "00m3cKr9AGOjGY55vZSASH",
         "objectName": "Service Connectors",
         "objectType": "Folder",
         "path": "/Explore/Shared assets",
         "metadata": {
            "additionalInfo": {
               "contentType": "Binary",
               "description": "",
               "documentState": "COMPLETE"
            },
            "contextAttributes": [],
            "modelVersion": {
               "major": 0,
               "minor": 0
            },
            "objectRefs": [],
            "repoInfo": null
         }
      },
      {
         "objectGuid": "ejDw9g9HocclhgNGpmSJ0V",
         "objectName": "Oracle Cloud Infrastructure Compute LaunchPlans API v18-1-2",
         "objectType": "AI_SERVICE_CONNECTOR",
         "path": "/Explore/Shared assets/Service Connectors",
         "metadata": {
            "additionalInfo": {
               "contentType": "application/json; charset=utf-8",
               "description": "A launch plan is a JSON-formatted file that defines the properties of one or more instances. You can use a launch plan to quickly create and start multiple, nonpersistent instances in Compute Classic. Note that while you can reuse your launch plan JSON file to create instances any number of times, the launch plan itself does not persist in Compute Classic.\u003cp\u003eWhen you create an instance, the initial state is \u003ccode\u003epreparing\u003c/code\u003e, as Compute Classic allocates resources and prepares to create the instance. Next, the state changes to \u003ccode\u003einitializing\u003c/code\u003e, which indicates that the specified image is being installed. When initializing is complete, the state changes to \u003ccode\u003erunning\u003c/code\u003e, which indicates that the OS has started. When an instance is in the \u003ccode\u003erunning\u003c/code\u003e state, you can connect to it.",
               "documentState": "VALID"
            },
            "contextAttributes": null,
            "modelVersion": {
               "major": 1,
               "minor": 0
            },
            "objectRefs": [],
            "repoInfo": {
               "repoHandle": "MHck5qbbfUryzfY-gt-11778-2019-02-05T11:08:42.628Z::svc.xml"
            }
         }
      }
   ]
}