{
  "name" : "Oracle Field Service Cloud Service REST API v2019-11-21",
  "sourceOrgId" : "6w10pMc8bwmkGpCQs9xkSM",
  "sourceOrgName" : "IICS iPaaS",
  "exportedObjects" : [ {
    "objectGuid" : "c7EKUaDQboEcFBmqnCdfm6",
    "objectName" : "Oracle Field Service Cloud Service REST API v2019-11-21",
    "objectType" : "AI_SERVICE_CONNECTOR",
    "path" : "/Explore/Shared assets/Service Connectors",
    "metadata" : {
      "modelVersion" : {
        "major" : 1,
        "minor" : 0
      },
      "repoInfo" : {
        "repoHandle" : "T4xWPQE8jIw8jIw-gt-10182325-2019-11-26T10:37:25.727Z::svc.xml"
      },
      "objectRefs" : [ ],
      "contextAttributes" : null,
      "additionalInfo" : {
        "description" : "<div>\n<span style=\"color: #e00;\">Last Updated November 2019</span><br><br>\n<p>You can use Oracle REST APIs to view and manage data stored in Oracle Field Service Cloud Service.</p><p>Whether you're experienced with or new to REST, use this guide to find what you need, including:</p>\n<ul>\n<li>A quick start that walks you through a simple request example.</li>\n<li>Use Cases that provide real-world solutions with code examples.</li>\n<li>Detailed descriptions for each REST API resource.</li>\n</ul>\n</div>",
        "contentType" : "application/json; charset=utf-8",
        "documentState" : "INVALID"
      }
    }
  }, {
    "objectGuid" : "00m3cKr9AGOjGY55vZSASH",
    "objectName" : "Service Connectors",
    "objectType" : "Folder",
    "path" : "/Explore/Shared assets",
    "metadata" : {
      "modelVersion" : {
        "major" : 0,
        "minor" : 0
      },
      "repoInfo" : null,
      "objectRefs" : [ ],
      "contextAttributes" : [ ],
      "additionalInfo" : {
        "description" : "",
        "contentType" : "Binary",
        "documentState" : "COMPLETE"
      }
    }
  }, {
    "objectGuid" : "almpU5d486xjg3tXw87BET",
    "objectName" : "Shared assets",
    "objectType" : "Project",
    "path" : "/Explore",
    "metadata" : {
      "modelVersion" : {
        "major" : 0,
        "minor" : 0
      },
      "repoInfo" : null,
      "objectRefs" : [ ],
      "contextAttributes" : [ ],
      "additionalInfo" : {
        "description" : "This Project contains shared assets",
        "contentType" : "Binary",
        "documentState" : "COMPLETE"
      }
    }
  } ]
}