<aetgt:getResponse xmlns:aetgt="http://schemas.active-endpoints.com/appmodules/repository/2010/10/avrepository.xsd"
                   xmlns:types1="http://schemas.active-endpoints.com/appmodules/repository/2010/10/avrepository.xsd">
   <types1:Item>
      <types1:EntryId>DsZvEIAkRtO3M4W-gt-2706464-2020-10-23T06:26:25.472Z::svc.xml</types1:EntryId>
      <types1:Name>Informatica_Profiling_Service_REST_API_v1</types1:Name>
      <types1:MimeType>application/xml+businesssconnector</types1:MimeType>
      <types1:Description>This app provides REST APIs for profiling service</types1:Description>
      <types1:AppliesTo/>
      <types1:Tags/>
      <types1:VersionLabel>1.0</types1:VersionLabel>
      <types1:State>CURRENT</types1:State>
      <types1:ProcessGroup/>
      <types1:CreatedBy>sorabh@na1.dm-us.org</types1:CreatedBy>
      <types1:CreationDate>2020-10-23T06:26:25Z</types1:CreationDate>
      <types1:ModifiedBy>sorabh@na1.dm-us.org</types1:ModifiedBy>
      <types1:ModificationDate>2020-10-23T06:28:05Z</types1:ModificationDate>
      <types1:PublicationStatus>published</types1:PublicationStatus>
      <types1:PublishedBy>sorabh@na1.dm-us.org</types1:PublishedBy>
      <types1:PublicationDate>2020-10-23T06:28:10Z</types1:PublicationDate>
      <types1:PublishedContributionId>project:/rt.connector/Informatica_Profiling_Service_REST_API_v1/Informatica_Profiling_Service_REST_API_v1_svcDef.xml</types1:PublishedContributionId>
      <types1:AutosaveExists>false</types1:AutosaveExists>
      <types1:Entry>
         <businessConnector xmlns="http://schemas.informatica.com/socrates/data-services/2014/05/business-connector-model.xsd"
                            agentOnly="false"
                            debug="false"
                            displayName="Informatica Profiling Service REST API v1"
                            label=""
                            name="Informatica_Profiling_Service_REST_API_v1"
                            uuid="1f61324e-3960-48ec-9f83-5005ff80e883">
            <description>This app provides REST APIs for profiling service</description>
            <tags/>
            <connectionAttributes xmlns="http://schemas.informatica.com/appmodules/screenflow/2014/04/avosConnectors.xsd">
               <connectionAttribute description="Host Name"
                                    masked="false"
                                    name="hostName"
                                    required="true"
                                    testWith="example.com"
                                    type="string"/>
            </connectionAttributes>
            <actions>
               <action category="Query"
                       failOnError="true"
                       forSearch="false"
                       label="createQueryOperation"
                       maxRedirects="100"
                       name="createQueryOperation"
                       preemptiveAuth="true"
                       responseEncoding="">
                  <description>createQueryOperation. Creates Query</description>
                  <input>
                     <parameter label="body"
                                name="body"
                                required="true"
                                testWith=""
                                type="reference">
                        <options>
                           <option name="referenceTo">QueryOperationRM</option>
                        </options>
                     </parameter>
                  </input>
                  <binding>
                     <restSimpleBinding multiUsing="semicolonSeparated"
                                        url="https://{$hostName}/profiling-service/api/v1/query"
                                        verb="POST">
                        <httpHeaders>
                           <header name="Content-Type">application/json</header>
                           <header name="Accept">*/*</header>
                        </httpHeaders>
                        <body generateUsing="UnwrappedJSON" preserveJsonStringFormatting="false"/>
                     </restSimpleBinding>
                  </binding>
                  <output>
                     <field description="OK"
                            entireResponse="true"
                            name="entireResponse"
                            type="string"/>
                  </output>
               </action>
               <action category="Query"
                       failOnError="true"
                       forSearch="false"
                       label="listAllQueryOperationsByProfileLight"
                       maxRedirects="100"
                       name="listAllQueryOperationsByProfileLight"
                       preemptiveAuth="true"
                       responseEncoding="">
                  <description>listAllQueryOperationsByProfileLight. Lists all Query by Data Profile Asset</description>
                  <input>
                     <parameter label="profileId"
                                name="profileId"
                                required="true"
                                testWith=""
                                type="string"/>
                     <parameter label="queryType"
                                name="queryType"
                                required="false"
                                testWith=""
                                type="picklist">
                        <options>
                           <option name="values">[{"value":"PERSISTENT","label":"PERSISTENT"},{"value":"DRILLDOWN","label":"DRILLDOWN"}]</option>
                        </options>
                     </parameter>
                  </input>
                  <binding>
                     <restSimpleBinding multiUsing="semicolonSeparated"
                                        url="https://{$hostName}/profiling-service/api/v1/query"
                                        verb="GET">
                        <httpHeaders>
                           <header name="Content-Type">application/json</header>
                           <header name="Accept">application/json</header>
                        </httpHeaders>
                     </restSimpleBinding>
                  </binding>
                  <output>
                     <field description="OK" name="QueryOperationRMList" type="objectlist">
                        <options>
                           <option name="referenceTo">QueryOperationRM</option>
                        </options>
                        <xquery>{
                             (: unwrap the object list from the root wrapper :)
                             for $child in ./*
                             return
                                element {'QueryOperationRM'} { $child/* }
                             }</xquery>
                     </field>
                  </output>
               </action>
               <action category="Job"
                       failOnError="true"
                       forSearch="false"
                       label="resumeJob"
                       maxRedirects="100"
                       name="resumeJob"
                       preemptiveAuth="true"
                       responseEncoding="">
                  <description>resumeJob. Resumes Job</description>
                  <input>
                     <parameter label="body"
                                name="body"
                                required="true"
                                testWith=""
                                type="reference">
                        <options>
                           <option name="referenceTo">JobActionRM</option>
                        </options>
                     </parameter>
                  </input>
                  <binding>
                     <restSimpleBinding multiUsing="semicolonSeparated"
                                        url="https://{$hostName}/profiling-service/api/v1/job/resume"
                                        verb="POST">
                        <httpHeaders>
                           <header name="Content-Type">application/json</header>
                           <header name="Accept">application/json</header>
                        </httpHeaders>
                        <body generateUsing="UnwrappedJSON" preserveJsonStringFormatting="false"/>
                     </restSimpleBinding>
                  </binding>
                  <output>
                     <field description="OK"
                            entireResponse="true"
                            name="entireResponse"
                            type="boolean"/>
                  </output>
               </action>
               <action category="RunDetail"
                       failOnError="true"
                       forSearch="false"
                       label="getRunDetailById"
                       maxRedirects="100"
                       name="getRunDetailById"
                       preemptiveAuth="true"
                       responseEncoding="">
                  <description>getRunDetailById. Get RunDetail by Id</description>
                  <input>
                     <parameter label="idPathParam"
                                name="idPathParam"
                                nogen="true"
                                required="true"
                                testWith=""
                                type="string"/>
                  </input>
                  <binding>
                     <restSimpleBinding multiUsing="semicolonSeparated"
                                        url="https://{$hostName}/profiling-service/api/v1/runDetail/{$idPathParam}"
                                        verb="GET">
                        <httpHeaders>
                           <header name="Content-Type">application/json</header>
                           <header name="Accept">application/json</header>
                        </httpHeaders>
                     </restSimpleBinding>
                  </binding>
                  <output>
                     <field description="OK"
                            entireResponse="true"
                            name="RunDetailRM"
                            type="reference">
                        <options>
                           <option name="referenceTo">RunDetailRM</option>
                        </options>
                     </field>
                  </output>
               </action>
               <action category="Query"
                       failOnError="true"
                       forSearch="false"
                       label="getQueryResultsPublic"
                       maxRedirects="100"
                       name="getQueryResultsPublic"
                       preemptiveAuth="true"
                       responseEncoding="">
                  <description>getQueryResultsPublic. Get Query result</description>
                  <input>
                     <parameter label="queryIdPathParam"
                                name="queryIdPathParam"
                                nogen="true"
                                required="true"
                                testWith=""
                                type="string"/>
                     <parameter label="startRowNum"
                                name="startRowNum"
                                required="false"
                                testWith=""
                                type="int"/>
                     <parameter label="numRows"
                                name="numRows"
                                required="false"
                                testWith=""
                                type="int"/>
                  </input>
                  <binding>
                     <restSimpleBinding multiUsing="semicolonSeparated"
                                        url="https://{$hostName}/profiling-service/api/v1/query/{$queryIdPathParam}/queryResults"
                                        verb="GET">
                        <httpHeaders>
                           <header name="Content-Type">application/json</header>
                           <header name="Accept">application/json</header>
                        </httpHeaders>
                     </restSimpleBinding>
                  </binding>
                  <output>
                     <field description="OK"
                            entireResponse="true"
                            name="QueryExecutionResultRM"
                            type="reference">
                        <options>
                           <option name="referenceTo">QueryExecutionResultRM</option>
                        </options>
                     </field>
                  </output>
               </action>
               <action category="Job"
                       failOnError="true"
                       forSearch="false"
                       label="stopJob"
                       maxRedirects="100"
                       name="stopJob"
                       preemptiveAuth="true"
                       responseEncoding="">
                  <description>stopJob. Stops Job</description>
                  <input>
                     <parameter label="body"
                                name="body"
                                required="true"
                                testWith=""
                                type="reference">
                        <options>
                           <option name="referenceTo">JobActionRM</option>
                        </options>
                     </parameter>
                  </input>
                  <binding>
                     <restSimpleBinding multiUsing="semicolonSeparated"
                                        url="https://{$hostName}/profiling-service/api/v1/job/stop"
                                        verb="POST">
                        <httpHeaders>
                           <header name="Content-Type">application/json</header>
                           <header name="Accept">application/json</header>
                        </httpHeaders>
                        <body generateUsing="UnwrappedJSON" preserveJsonStringFormatting="false"/>
                     </restSimpleBinding>
                  </binding>
                  <output>
                     <field description="OK"
                            entireResponse="true"
                            name="entireResponse"
                            type="boolean"/>
                  </output>
               </action>
               <action category="Query"
                       failOnError="true"
                       forSearch="false"
                       label="executePublic"
                       maxRedirects="100"
                       name="executePublic"
                       preemptiveAuth="true"
                       responseEncoding="">
                  <description>executePublic. Execute drilldown/query operation on profile</description>
                  <input>
                     <parameter label="idPathParam"
                                name="idPathParam"
                                nogen="true"
                                required="true"
                                testWith=""
                                type="string"/>
                     <parameter label="connectionId"
                                name="connectionId"
                                required="false"
                                testWith=""
                                type="string"/>
                  </input>
                  <binding>
                     <restSimpleBinding multiUsing="semicolonSeparated"
                                        url="https://{$hostName}/profiling-service/api/v1/query/{$idPathParam}/execute"
                                        verb="POST">
                        <httpHeaders>
                           <header name="Content-Type">application/json</header>
                           <header name="Accept">*/*</header>
                        </httpHeaders>
                        <body generateUsing="UnwrappedJSON" preserveJsonStringFormatting="false"/>
                     </restSimpleBinding>
                  </binding>
                  <output>
                     <field description="OK"
                            entireResponse="true"
                            name="QueryExecutionResponseRM"
                            type="reference">
                        <options>
                           <option name="referenceTo">QueryExecutionResponseRM</option>
                        </options>
                     </field>
                  </output>
               </action>
               <action category="Profile"
                       failOnError="true"
                       forSearch="false"
                       label="createProfile"
                       maxRedirects="100"
                       name="createProfile"
                       preemptiveAuth="true"
                       responseEncoding="">
                  <description>createProfile. Creates profile</description>
                  <input>
                     <parameter label="body"
                                name="body"
                                required="true"
                                testWith=""
                                type="reference">
                        <options>
                           <option name="referenceTo">ProfileRM</option>
                        </options>
                     </parameter>
                  </input>
                  <binding>
                     <restSimpleBinding multiUsing="semicolonSeparated"
                                        url="https://{$hostName}/profiling-service/api/v1/profile"
                                        verb="POST">
                        <httpHeaders>
                           <header name="Content-Type">application/json</header>
                           <header name="Accept">application/json</header>
                        </httpHeaders>
                        <body generateUsing="UnwrappedJSON" preserveJsonStringFormatting="false"/>
                     </restSimpleBinding>
                  </binding>
                  <output/>
               </action>
               <action category="Profile"
                       failOnError="true"
                       forSearch="false"
                       label="listAllProfiles"
                       maxRedirects="100"
                       name="listAllProfiles"
                       preemptiveAuth="true"
                       responseEncoding="">
                  <description>listAllProfiles. Lists summary of all profiles by page</description>
                  <input>
                     <parameter description="Name of the profile"
                                label="name"
                                name="name"
                                required="false"
                                testWith=""
                                type="string"/>
                     <parameter description="ID of the project"
                                label="frsProjectId"
                                name="frsProjectId"
                                required="false"
                                testWith=""
                                type="string"/>
                     <parameter description="ID of the folder"
                                label="frsFolderId"
                                name="frsFolderId"
                                required="false"
                                testWith=""
                                type="string"/>
                  </input>
                  <binding>
                     <restSimpleBinding multiUsing="semicolonSeparated"
                                        url="https://{$hostName}/profiling-service/api/v1/profile"
                                        verb="GET">
                        <httpHeaders>
                           <header name="Content-Type">application/json</header>
                           <header name="Accept">application/json</header>
                        </httpHeaders>
                     </restSimpleBinding>
                  </binding>
                  <output>
                     <field description="OK" name="ProfileRMList" type="objectlist">
                        <options>
                           <option name="referenceTo">ProfileRM</option>
                        </options>
                        <xquery>{
                             (: unwrap the object list from the root wrapper :)
                             for $child in ./*
                             return
                                element {'ProfileRM'} { $child/* }
                             }</xquery>
                     </field>
                  </output>
               </action>
               <action category="Job"
                       failOnError="true"
                       forSearch="false"
                       label="getSessionLogs"
                       maxRedirects="100"
                       name="getSessionLogs"
                       preemptiveAuth="true"
                       responseEncoding="">
                  <description>getSessionLogs. Download session logs for job steps executed on agent</description>
                  <input>
                     <parameter label="jobStepIdPathParam"
                                name="jobStepIdPathParam"
                                nogen="true"
                                required="true"
                                testWith=""
                                type="string"/>
                  </input>
                  <binding>
                     <restSimpleBinding multiUsing="semicolonSeparated"
                                        url="https://{$hostName}/profiling-service/api/v1/job/getSessionLogs/{$jobStepIdPathParam}"
                                        verb="GET">
                        <httpHeaders>
                           <header name="Content-Type">application/json</header>
                           <header name="Accept">application/octet-stream</header>
                        </httpHeaders>
                     </restSimpleBinding>
                  </binding>
                  <output>
                     <field description="OK"
                            entireResponse="true"
                            name="entireResponse"
                            type="string"/>
                  </output>
               </action>
               <action category="RunDetail"
                       failOnError="true"
                       forSearch="false"
                       label="listRunDetails"
                       maxRedirects="100"
                       name="listRunDetails"
                       preemptiveAuth="true"
                       responseEncoding="">
                  <description>listRunDetails. Lists RunDetails of profile</description>
                  <input>
                     <parameter label="profileId"
                                name="profileId"
                                required="true"
                                testWith=""
                                type="string"/>
                  </input>
                  <binding>
                     <restSimpleBinding multiUsing="semicolonSeparated"
                                        url="https://{$hostName}/profiling-service/api/v1/runDetail"
                                        verb="GET">
                        <httpHeaders>
                           <header name="Content-Type">application/json</header>
                           <header name="Accept">application/json</header>
                        </httpHeaders>
                     </restSimpleBinding>
                  </binding>
                  <output>
                     <field description="OK" name="RunDetailRMList" type="objectlist">
                        <options>
                           <option name="referenceTo">RunDetailRM</option>
                        </options>
                        <xquery>{
                             (: unwrap the object list from the root wrapper :)
                             for $child in ./*
                             return
                                element {'RunDetailRM'} { $child/* }
                             }</xquery>
                     </field>
                  </output>
               </action>
               <action category="RunDetail"
                       failOnError="true"
                       forSearch="false"
                       label="deleteRuns"
                       maxRedirects="100"
                       name="deleteRuns"
                       preemptiveAuth="true"
                       responseEncoding="">
                  <description>deleteRuns. Delete Runs by Data Profile Asset</description>
                  <input>
                     <parameter label="profileId"
                                name="profileId"
                                required="true"
                                testWith=""
                                type="string"/>
                     <parameter label="runDetailIds"
                                name="runDetailIds"
                                required="true"
                                testWith=""
                                type="objectlist">
                        <options>
                           <option name="referenceTo">string</option>
                        </options>
                     </parameter>
                  </input>
                  <binding>
                     <restSimpleBinding multiUsing="semicolonSeparated"
                                        url="https://{$hostName}/profiling-service/api/v1/runDetail"
                                        verb="DELETE">
                        <httpHeaders>
                           <header name="Content-Type">application/json</header>
                           <header name="Accept">application/json</header>
                        </httpHeaders>
                     </restSimpleBinding>
                  </binding>
                  <output>
                     <field description="OK" name="RunDetailRMList" type="objectlist">
                        <options>
                           <option name="referenceTo">RunDetailRM</option>
                        </options>
                        <xquery>{
                             (: unwrap the object list from the root wrapper :)
                             for $child in ./*
                             return
                                element {'RunDetailRM'} { $child/* }
                             }</xquery>
                     </field>
                  </output>
               </action>
               <action category="Profile"
                       failOnError="true"
                       forSearch="false"
                       label="executeProfile"
                       maxRedirects="100"
                       name="executeProfile"
                       preemptiveAuth="true"
                       responseEncoding="">
                  <description>executeProfile</description>
                  <input>
                     <parameter label="idPathParam"
                                name="idPathParam"
                                nogen="true"
                                required="true"
                                testWith=""
                                type="string"/>
                  </input>
                  <binding>
                     <restSimpleBinding multiUsing="semicolonSeparated"
                                        url="https://{$hostName}/profiling-service/api/v1/profile/{$idPathParam}/execute"
                                        verb="POST">
                        <httpHeaders>
                           <header name="Content-Type">application/json</header>
                           <header name="Accept">application/json</header>
                        </httpHeaders>
                        <body generateUsing="UnwrappedJSON" preserveJsonStringFormatting="false"/>
                     </restSimpleBinding>
                  </binding>
                  <output>
                     <field description="OK"
                            entireResponse="true"
                            name="ProfileExecutionResponseRM"
                            type="reference">
                        <options>
                           <option name="referenceTo">ProfileExecutionResponseRM</option>
                        </options>
                     </field>
                  </output>
               </action>
               <action category="Job"
                       failOnError="true"
                       forSearch="false"
                       label="getRunningJobs"
                       maxRedirects="100"
                       name="getRunningJobs"
                       preemptiveAuth="true"
                       responseEncoding="">
                  <description>getRunningJobs. Get Running Jobs by Profile Id</description>
                  <input>
                     <parameter label="profileIdPathParam"
                                name="profileIdPathParam"
                                nogen="true"
                                required="true"
                                testWith=""
                                type="string"/>
                  </input>
                  <binding>
                     <restSimpleBinding multiUsing="semicolonSeparated"
                                        url="https://{$hostName}/profiling-service/api/v1/job/runningJobs/{$profileIdPathParam}"
                                        verb="GET">
                        <httpHeaders>
                           <header name="Content-Type">application/json</header>
                           <header name="Accept">application/json</header>
                        </httpHeaders>
                     </restSimpleBinding>
                  </binding>
                  <output>
                     <field description="OK" name="RunningJobsRMList" type="objectlist">
                        <options>
                           <option name="referenceTo">RunningJobsRM</option>
                        </options>
                        <xquery>{
                             (: unwrap the object list from the root wrapper :)
                             for $child in ./*
                             return
                                element {'RunningJobsRM'} { $child/* }
                             }</xquery>
                     </field>
                  </output>
               </action>
               <action category="Query"
                       failOnError="true"
                       forSearch="false"
                       label="getQueryOperationById"
                       maxRedirects="100"
                       name="getQueryOperationById"
                       preemptiveAuth="true"
                       responseEncoding="">
                  <description>getQueryOperationById. Get Query by Id</description>
                  <input>
                     <parameter label="idPathParam"
                                name="idPathParam"
                                nogen="true"
                                required="true"
                                testWith=""
                                type="string"/>
                  </input>
                  <binding>
                     <restSimpleBinding multiUsing="semicolonSeparated"
                                        url="https://{$hostName}/profiling-service/api/v1/query/{$idPathParam}"
                                        verb="GET">
                        <httpHeaders>
                           <header name="Content-Type">application/json</header>
                           <header name="Accept">application/json</header>
                        </httpHeaders>
                     </restSimpleBinding>
                  </binding>
                  <output>
                     <field description="OK"
                            entireResponse="true"
                            name="QueryOperationRM"
                            type="reference">
                        <options>
                           <option name="referenceTo">QueryOperationRM</option>
                        </options>
                     </field>
                  </output>
               </action>
               <action category="Query"
                       failOnError="true"
                       forSearch="false"
                       label="deleteDrillDownOperation"
                       maxRedirects="100"
                       name="deleteDrillDownOperation"
                       preemptiveAuth="true"
                       responseEncoding="">
                  <description>deleteDrillDownOperation. Deletes Query</description>
                  <input>
                     <parameter label="idPathParam"
                                name="idPathParam"
                                nogen="true"
                                required="true"
                                testWith=""
                                type="string"/>
                  </input>
                  <binding>
                     <restSimpleBinding multiUsing="semicolonSeparated"
                                        url="https://{$hostName}/profiling-service/api/v1/query/{$idPathParam}"
                                        verb="DELETE">
                        <httpHeaders>
                           <header name="Content-Type">application/json</header>
                           <header name="Accept">application/json</header>
                        </httpHeaders>
                     </restSimpleBinding>
                  </binding>
                  <output/>
               </action>
               <action category="Query"
                       failOnError="true"
                       forSearch="false"
                       label="updateQueryOperation"
                       maxRedirects="100"
                       name="updateQueryOperation"
                       preemptiveAuth="true"
                       responseEncoding="">
                  <description>updateQueryOperation. Update Query</description>
                  <input>
                     <parameter label="idPathParam"
                                name="idPathParam"
                                nogen="true"
                                required="true"
                                testWith=""
                                type="string"/>
                     <parameter label="body"
                                name="body"
                                required="true"
                                testWith=""
                                type="reference">
                        <options>
                           <option name="referenceTo">QueryOperationRM</option>
                        </options>
                     </parameter>
                  </input>
                  <binding>
                     <restSimpleBinding multiUsing="semicolonSeparated"
                                        url="https://{$hostName}/profiling-service/api/v1/query/{$idPathParam}"
                                        verb="PUT">
                        <httpHeaders>
                           <header name="Content-Type">application/json</header>
                           <header name="Accept">application/json</header>
                        </httpHeaders>
                        <body generateUsing="UnwrappedJSON" preserveJsonStringFormatting="false"/>
                     </restSimpleBinding>
                  </binding>
                  <output>
                     <field description="OK"
                            entireResponse="true"
                            name="QueryOperationRM"
                            type="reference">
                        <options>
                           <option name="referenceTo">QueryOperationRM</option>
                        </options>
                     </field>
                  </output>
               </action>
               <action category="Job"
                       failOnError="true"
                       forSearch="false"
                       label="getJobById"
                       maxRedirects="100"
                       name="getJobById"
                       preemptiveAuth="true"
                       responseEncoding="">
                  <description>getJobById. Get job by Id</description>
                  <input>
                     <parameter label="idPathParam"
                                name="idPathParam"
                                nogen="true"
                                required="true"
                                testWith=""
                                type="string"/>
                  </input>
                  <binding>
                     <restSimpleBinding multiUsing="semicolonSeparated"
                                        url="https://{$hostName}/profiling-service/api/v1/job/{$idPathParam}"
                                        verb="GET">
                        <httpHeaders>
                           <header name="Content-Type">application/json</header>
                           <header name="Accept">application/json</header>
                        </httpHeaders>
                     </restSimpleBinding>
                  </binding>
                  <output>
                     <field description="OK"
                            entireResponse="true"
                            name="JobRM"
                            type="reference">
                        <options>
                           <option name="referenceTo">JobRM</option>
                        </options>
                     </field>
                  </output>
               </action>
               <action category="Profile"
                       failOnError="true"
                       forSearch="false"
                       label="getProfileById"
                       maxRedirects="100"
                       name="getProfileById"
                       preemptiveAuth="true"
                       responseEncoding="">
                  <description>getProfileById. Get Profile by Id</description>
                  <input>
                     <parameter description="Unique Identifier of Data Profile Asset"
                                label="idPathParam"
                                name="idPathParam"
                                nogen="true"
                                required="true"
                                testWith=""
                                type="string"/>
                  </input>
                  <binding>
                     <restSimpleBinding multiUsing="semicolonSeparated"
                                        url="https://{$hostName}/profiling-service/api/v1/profile/{$idPathParam}"
                                        verb="GET">
                        <httpHeaders>
                           <header name="Content-Type">application/json</header>
                           <header name="Accept">application/json</header>
                        </httpHeaders>
                     </restSimpleBinding>
                  </binding>
                  <output>
                     <field description="OK"
                            entireResponse="true"
                            name="ProfileRM"
                            type="reference">
                        <options>
                           <option name="referenceTo">ProfileRM</option>
                        </options>
                     </field>
                  </output>
               </action>
               <action category="Profile"
                       failOnError="true"
                       forSearch="false"
                       label="deleteProfile"
                       maxRedirects="100"
                       name="deleteProfile"
                       preemptiveAuth="true"
                       responseEncoding="">
                  <description>deleteProfile. Deletes profile</description>
                  <input>
                     <parameter description="Unique Identifier of Data Profile Asset"
                                label="idPathParam"
                                name="idPathParam"
                                nogen="true"
                                required="true"
                                testWith=""
                                type="string"/>
                  </input>
                  <binding>
                     <restSimpleBinding multiUsing="semicolonSeparated"
                                        url="https://{$hostName}/profiling-service/api/v1/profile/{$idPathParam}"
                                        verb="DELETE">
                        <httpHeaders>
                           <header name="Content-Type">application/json</header>
                           <header name="Accept">application/json</header>
                        </httpHeaders>
                     </restSimpleBinding>
                  </binding>
                  <output/>
               </action>
               <action category="Profile"
                       failOnError="true"
                       forSearch="false"
                       label="updateProfile"
                       maxRedirects="100"
                       name="updateProfile"
                       preemptiveAuth="true"
                       responseEncoding="">
                  <description>updateProfile. Updates profile</description>
                  <input>
                     <parameter description="Unique Identifier of Data Profile Asset"
                                label="idPathParam"
                                name="idPathParam"
                                nogen="true"
                                required="true"
                                testWith=""
                                type="string"/>
                     <parameter label="body"
                                name="body"
                                required="true"
                                testWith=""
                                type="reference">
                        <options>
                           <option name="referenceTo">ProfileRM</option>
                        </options>
                     </parameter>
                  </input>
                  <binding>
                     <restSimpleBinding multiUsing="semicolonSeparated"
                                        url="https://{$hostName}/profiling-service/api/v1/profile/{$idPathParam}"
                                        verb="PUT">
                        <httpHeaders>
                           <header name="Content-Type">application/json</header>
                           <header name="Accept">application/json</header>
                        </httpHeaders>
                        <body generateUsing="UnwrappedJSON" preserveJsonStringFormatting="false"/>
                     </restSimpleBinding>
                  </binding>
                  <output/>
               </action>
            </actions>
            <objects>
               <processObject xmlns="http://schemas.active-endpoints.com/appmodules/screenflow/2011/06/avosHostEnvironment.xsd"
                              isByCopy="true"
                              name="ProfileRM">
                  <description>Data Profile Asset</description>
                  <detail>
                     <field name="createdByName" type="string"/>
                     <field name="samplingOptions" type="reference">
                        <options>
                           <option name="referenceTo">SamplingOptionsRM</option>
                           <option name="relationshipName">Child</option>
                        </options>
                     </field>
                     <field name="frsFolderId" type="string"/>
                     <field name="updatedBy" type="string"/>
                     <field name="updatedByName" type="string"/>
                     <field name="description" type="string"/>
                     <field name="updateTime" type="int"/>
                     <field name="profileableFields" type="objectlist">
                        <options>
                           <option name="referenceTo">ProfileableFieldRM</option>
                           <option name="relationshipName">Child</option>
                        </options>
                     </field>
                     <field name="source" type="reference">
                        <options>
                           <option name="referenceTo">ProfileableSourceRM</option>
                           <option name="relationshipName">Child</option>
                        </options>
                     </field>
                     <field name="filters" type="objectlist">
                        <options>
                           <option name="referenceTo">FilterRM</option>
                           <option name="relationshipName">Child</option>
                        </options>
                     </field>
                     <field name="drillDownType" type="reference">
                        <options>
                           <option name="referenceTo">DrillDownType</option>
                           <option name="relationshipName">Child</option>
                        </options>
                     </field>
                     <field name="version" type="int"/>
                     <field name="orgId" type="string"/>
                     <field name="profileKey" type="int"/>
                     <field name="frsId" type="string"/>
                     <field name="runtimeOptions" type="reference">
                        <options>
                           <option name="referenceTo">RuntimeOptionsRM</option>
                           <option name="relationshipName">Child</option>
                        </options>
                     </field>
                     <field name="frsProjectId" type="string"/>
                     <field name="createdBy" type="string"/>
                     <field name="createTime" type="int"/>
                     <field name="name" type="string"/>
                     <field name="connectionId" type="string"/>
                     <field name="id" type="string"/>
                     <field name="isFilterEnabled" type="boolean"/>
                     <field name="lastRunKey" type="int"/>
                  </detail>
               </processObject>
               <processObject xmlns="http://schemas.active-endpoints.com/appmodules/screenflow/2011/06/avosHostEnvironment.xsd"
                              isByCopy="true"
                              name="Operator">
                  <description/>
                  <detail/>
               </processObject>
               <processObject xmlns="http://schemas.active-endpoints.com/appmodules/screenflow/2011/06/avosHostEnvironment.xsd"
                              isByCopy="true"
                              name="DataSourcePropertyRM">
                  <description>Additional properties for source</description>
                  <detail>
                     <field name="dataSourceType" type="string"/>
                  </detail>
               </processObject>
               <processObject xmlns="http://schemas.active-endpoints.com/appmodules/screenflow/2011/06/avosHostEnvironment.xsd"
                              isByCopy="true"
                              name="FixedWidthTypePropertyRM">
                  <description/>
                  <detail/>
               </processObject>
               <processObject xmlns="http://schemas.active-endpoints.com/appmodules/screenflow/2011/06/avosHostEnvironment.xsd"
                              isByCopy="true"
                              name="MappletRM">
                  <description>Rules/Mapplet applied to source</description>
                  <detail>
                     <field name="frsId" type="string"/>
                     <field name="isDeleted" type="boolean"/>
                     <field name="outFields" type="objectlist">
                        <options>
                           <option name="referenceTo">MappletFieldRM</option>
                           <option name="relationshipName">Child</option>
                        </options>
                     </field>
                     <field name="ruleType" type="reference">
                        <options>
                           <option name="referenceTo">RuleType</option>
                           <option name="relationshipName">Child</option>
                        </options>
                     </field>
                     <field name="name" type="string"/>
                     <field name="description" type="string"/>
                     <field name="id" type="string"/>
                     <field name="inFields" type="objectlist">
                        <options>
                           <option name="referenceTo">MappletFieldRM</option>
                           <option name="relationshipName">Child</option>
                        </options>
                     </field>
                  </detail>
               </processObject>
               <processObject xmlns="http://schemas.active-endpoints.com/appmodules/screenflow/2011/06/avosHostEnvironment.xsd"
                              isByCopy="true"
                              name="ColumnType">
                  <description>Element on which query is created. Either directly on source or mapplet output or profileable fields</description>
                  <detail/>
               </processObject>
               <processObject xmlns="http://schemas.active-endpoints.com/appmodules/screenflow/2011/06/avosHostEnvironment.xsd"
                              isByCopy="true"
                              name="QueryExecutionResponseRM">
                  <description/>
                  <detail>
                     <field name="isExecutionSucess" type="boolean"/>
                     <field name="errorMessage" type="string"/>
                     <field name="queryName" type="string"/>
                     <field name="drillDownJobId" type="string"/>
                     <field name="queryId" type="string"/>
                  </detail>
               </processObject>
               <processObject xmlns="http://schemas.active-endpoints.com/appmodules/screenflow/2011/06/avosHostEnvironment.xsd"
                              isByCopy="true"
                              name="JobStepRM">
                  <description/>
                  <detail>
                     <field name="sequence" type="int"/>
                     <field name="dtmStats" type="string"/>
                     <field name="createTime" type="int"/>
                     <field name="errorMessage" type="string"/>
                     <field name="name" type="string"/>
                     <field name="startTime" type="int"/>
                     <field name="id" type="string"/>
                     <field name="endTime" type="int"/>
                     <field name="orgId" type="string"/>
                     <field name="jobStepType" type="reference">
                        <options>
                           <option name="referenceTo">JobStepType</option>
                           <option name="relationshipName">Child</option>
                        </options>
                     </field>
                     <field name="status" type="reference">
                        <options>
                           <option name="referenceTo">Status</option>
                           <option name="relationshipName">Child</option>
                        </options>
                     </field>
                  </detail>
               </processObject>
               <processObject xmlns="http://schemas.active-endpoints.com/appmodules/screenflow/2011/06/avosHostEnvironment.xsd"
                              isByCopy="true"
                              name="JobStepType">
                  <description/>
                  <detail/>
               </processObject>
               <processObject xmlns="http://schemas.active-endpoints.com/appmodules/screenflow/2011/06/avosHostEnvironment.xsd"
                              isByCopy="true"
                              name="MappletFieldRM">
                  <description>Mapplet Port</description>
                  <detail>
                     <field name="isDeleted" type="boolean"/>
                     <field name="dataType" type="string"/>
                     <field name="precision" type="int"/>
                     <field name="name" type="string"/>
                     <field name="scale" type="int"/>
                     <field name="id" type="string"/>
                  </detail>
               </processObject>
               <processObject xmlns="http://schemas.active-endpoints.com/appmodules/screenflow/2011/06/avosHostEnvironment.xsd"
                              isByCopy="true"
                              name="CCITypePropertyRM">
                  <description/>
                  <detail/>
               </processObject>
               <processObject xmlns="http://schemas.active-endpoints.com/appmodules/screenflow/2011/06/avosHostEnvironment.xsd"
                              isByCopy="true"
                              name="SamplingType">
                  <description/>
                  <detail/>
               </processObject>
               <processObject xmlns="http://schemas.active-endpoints.com/appmodules/screenflow/2011/06/avosHostEnvironment.xsd"
                              isByCopy="true"
                              name="ProfileableFieldRM">
                  <description/>
                  <detail>
                     <field name="isDeleted" type="boolean"/>
                     <field name="id" type="string"/>
                     <field name="fieldType" type="string"/>
                  </detail>
               </processObject>
               <processObject xmlns="http://schemas.active-endpoints.com/appmodules/screenflow/2011/06/avosHostEnvironment.xsd"
                              isByCopy="true"
                              name="SqlFilterRM">
                  <description/>
                  <detail/>
               </processObject>
               <processObject xmlns="http://schemas.active-endpoints.com/appmodules/screenflow/2011/06/avosHostEnvironment.xsd"
                              isByCopy="true"
                              name="FilterRM">
                  <description>Defines filter</description>
                  <detail>
                     <field name="isEnabled" type="boolean"/>
                     <field name="name" type="string"/>
                     <field name="description" type="string"/>
                     <field name="id" type="string"/>
                     <field name="filterType" type="string"/>
                  </detail>
               </processObject>
               <processObject xmlns="http://schemas.active-endpoints.com/appmodules/screenflow/2011/06/avosHostEnvironment.xsd"
                              isByCopy="true"
                              name="ProfileableMappletFieldRM">
                  <description/>
                  <detail/>
               </processObject>
               <processObject xmlns="http://schemas.active-endpoints.com/appmodules/screenflow/2011/06/avosHostEnvironment.xsd"
                              isByCopy="true"
                              name="RunDetailRM">
                  <description/>
                  <detail>
                     <field name="runDetailStatus" type="string"/>
                     <field name="samplingType" type="reference">
                        <options>
                           <option name="referenceTo">SamplingType</option>
                           <option name="relationshipName">Child</option>
                        </options>
                     </field>
                     <field name="createdByName" type="string"/>
                     <field name="profiledFields" type="object"/>
                     <field name="numberOfRules" type="int"/>
                     <field name="runCostInMB" type="double"/>
                     <field name="filterName" type="string"/>
                     <field name="rowsProcessed" type="int"/>
                     <field name="numberOfMappletColumns" type="int"/>
                     <field name="isDetectOutlier" type="boolean"/>
                     <field name="numberOfDSColumns" type="int"/>
                     <field name="executionTime" type="int"/>
                     <field name="jobId" type="string"/>
                     <field name="numberOfColumns" type="int"/>
                     <field name="createdBy" type="string"/>
                     <field name="profileId" type="string"/>
                     <field name="runKey" type="int"/>
                     <field name="createdTime" type="int"/>
                     <field name="startTime" type="int"/>
                     <field name="id" type="string"/>
                     <field name="endTime" type="int"/>
                     <field name="isFilterEnabled" type="boolean"/>
                     <field name="samplingRows" type="int"/>
                     <field name="status" type="string"/>
                  </detail>
               </processObject>
               <processObject xmlns="http://schemas.active-endpoints.com/appmodules/screenflow/2011/06/avosHostEnvironment.xsd"
                              isByCopy="true"
                              name="RunningJobsRM">
                  <description/>
                  <detail>
                     <field name="jobName" type="string"/>
                     <field name="jobId" type="string"/>
                     <field name="runKey" type="int"/>
                     <field name="jobType" type="reference">
                        <options>
                           <option name="referenceTo">JobType</option>
                           <option name="relationshipName">Child</option>
                        </options>
                     </field>
                  </detail>
               </processObject>
               <processObject xmlns="http://schemas.active-endpoints.com/appmodules/screenflow/2011/06/avosHostEnvironment.xsd"
                              isByCopy="true"
                              name="SimpleFilterRM">
                  <description/>
                  <detail/>
               </processObject>
               <processObject xmlns="http://schemas.active-endpoints.com/appmodules/screenflow/2011/06/avosHostEnvironment.xsd"
                              isByCopy="true"
                              name="RuntimeOptionsRM">
                  <description>Runtime properties of Data Profile Asset</description>
                  <detail>
                     <field name="failureEmailIds" type="objectlist">
                        <options>
                           <option name="referenceTo">string</option>
                           <option name="relationshipName">Child</option>
                        </options>
                     </field>
                     <field name="profileAdvProps" type="reference">
                        <options>
                           <option name="referenceTo">ProfileAdvancedOptionsRM</option>
                           <option name="relationshipName">Child</option>
                        </options>
                     </field>
                     <field name="runtimeEnvironmentId" type="string"/>
                     <field name="successEmailIds" type="objectlist">
                        <options>
                           <option name="referenceTo">string</option>
                           <option name="relationshipName">Child</option>
                        </options>
                     </field>
                     <field name="warningEmailIds" type="objectlist">
                        <options>
                           <option name="referenceTo">string</option>
                           <option name="relationshipName">Child</option>
                        </options>
                     </field>
                     <field name="id" type="string"/>
                     <field name="scheduleId" type="string"/>
                     <field name="defaultEmailNotification" type="boolean"/>
                  </detail>
               </processObject>
               <processObject xmlns="http://schemas.active-endpoints.com/appmodules/screenflow/2011/06/avosHostEnvironment.xsd"
                              isByCopy="true"
                              name="DataSourceType">
                  <description>Type of the DataSource</description>
                  <detail/>
               </processObject>
               <processObject xmlns="http://schemas.active-endpoints.com/appmodules/screenflow/2011/06/avosHostEnvironment.xsd"
                              isByCopy="true"
                              name="DelimitedTypePropertyRM">
                  <description/>
                  <detail/>
               </processObject>
               <processObject xmlns="http://schemas.active-endpoints.com/appmodules/screenflow/2011/06/avosHostEnvironment.xsd"
                              isByCopy="true"
                              name="ProfileExecutionResponseRM">
                  <description/>
                  <detail>
                     <field name="profileRunId" type="string"/>
                     <field name="profileJobId" type="string"/>
                  </detail>
               </processObject>
               <processObject xmlns="http://schemas.active-endpoints.com/appmodules/screenflow/2011/06/avosHostEnvironment.xsd"
                              isByCopy="true"
                              name="ProfileableSourceRM">
                  <description>Source to profile</description>
                  <detail>
                     <field name="sourceType" type="string"/>
                     <field name="id" type="string"/>
                  </detail>
               </processObject>
               <processObject xmlns="http://schemas.active-endpoints.com/appmodules/screenflow/2011/06/avosHostEnvironment.xsd"
                              isByCopy="true"
                              name="JobRM">
                  <description/>
                  <detail>
                     <field name="createTime" type="int"/>
                     <field name="createdBy" type="string"/>
                     <field name="errorMessage" type="string"/>
                     <field name="name" type="string"/>
                     <field name="jobSteps" type="objectlist">
                        <options>
                           <option name="referenceTo">JobStepRM</option>
                           <option name="relationshipName">Child</option>
                        </options>
                     </field>
                     <field name="startTime" type="int"/>
                     <field name="id" type="string"/>
                     <field name="endTime" type="int"/>
                     <field name="type" type="reference">
                        <options>
                           <option name="referenceTo">Type</option>
                           <option name="relationshipName">Child</option>
                        </options>
                     </field>
                     <field name="orgId" type="string"/>
                     <field name="status" type="reference">
                        <options>
                           <option name="referenceTo">Status</option>
                           <option name="relationshipName">Child</option>
                        </options>
                     </field>
                  </detail>
               </processObject>
               <processObject xmlns="http://schemas.active-endpoints.com/appmodules/screenflow/2011/06/avosHostEnvironment.xsd"
                              isByCopy="true"
                              name="MappletInputFieldMapRM">
                  <description>Rule Port &amp; datasource field mappings</description>
                  <detail>
                     <field name="dataSourceFieldName" type="string"/>
                     <field name="inFieldName" type="string"/>
                     <field name="isDeleted" type="boolean"/>
                     <field name="id" type="string"/>
                  </detail>
               </processObject>
               <processObject xmlns="http://schemas.active-endpoints.com/appmodules/screenflow/2011/06/avosHostEnvironment.xsd"
                              isByCopy="true"
                              name="SamplingOptionsRM">
                  <description>Sampling options to select rows to profile</description>
                  <detail>
                     <field name="samplingType" type="reference">
                        <options>
                           <option name="referenceTo">SamplingType</option>
                           <option name="relationshipName">Child</option>
                        </options>
                     </field>
                     <field name="id" type="string"/>
                     <field name="rows" type="int"/>
                  </detail>
               </processObject>
               <processObject xmlns="http://schemas.active-endpoints.com/appmodules/screenflow/2011/06/avosHostEnvironment.xsd"
                              isByCopy="true"
                              name="QueryExecutionResultRM">
                  <description/>
                  <detail>
                     <field name="isFilterApplied" type="boolean"/>
                     <field name="filterCondition" type="string"/>
                     <field name="agentName" type="string"/>
                     <field name="runtimeEnvName" type="string"/>
                     <field name="rowCount" type="int"/>
                     <field name="connectionName" type="string"/>
                     <field name="pathToResultsFile" type="string"/>
                     <field name="queryId" type="string"/>
                     <field name="resultRows" type="string"/>
                  </detail>
               </processObject>
               <processObject xmlns="http://schemas.active-endpoints.com/appmodules/screenflow/2011/06/avosHostEnvironment.xsd"
                              isByCopy="true"
                              name="Operator1">
                  <description>logical operator to aggregate multiple query results</description>
                  <detail/>
               </processObject>
               <processObject xmlns="http://schemas.active-endpoints.com/appmodules/screenflow/2011/06/avosHostEnvironment.xsd"
                              isByCopy="true"
                              name="Status">
                  <description/>
                  <detail/>
               </processObject>
               <processObject xmlns="http://schemas.active-endpoints.com/appmodules/screenflow/2011/06/avosHostEnvironment.xsd"
                              isByCopy="true"
                              name="JobActionRM">
                  <description/>
                  <detail>
                     <field name="jobId" type="string"/>
                     <field name="jobStepId" type="string"/>
                     <field name="jobType" type="reference">
                        <options>
                           <option name="referenceTo">JobType</option>
                           <option name="relationshipName">Child</option>
                        </options>
                     </field>
                  </detail>
               </processObject>
               <processObject xmlns="http://schemas.active-endpoints.com/appmodules/screenflow/2011/06/avosHostEnvironment.xsd"
                              isByCopy="true"
                              name="QueryRM">
                  <description/>
                  <detail>
                     <field name="columnType" type="reference">
                        <options>
                           <option name="referenceTo">ColumnType</option>
                           <option name="relationshipName">Child</option>
                        </options>
                     </field>
                     <field name="columnId" type="string"/>
                     <field name="values" type="objectlist">
                        <options>
                           <option name="referenceTo">string</option>
                           <option name="relationshipName">Child</option>
                        </options>
                     </field>
                     <field name="valueFunctiontype" type="reference">
                        <options>
                           <option name="referenceTo">ValueFunctiontype</option>
                           <option name="relationshipName">Child</option>
                        </options>
                     </field>
                     <field name="operationType" type="reference">
                        <options>
                           <option name="referenceTo">OperationType</option>
                           <option name="relationshipName">Child</option>
                        </options>
                     </field>
                     <field name="id" type="string"/>
                     <field name="columnName" type="string"/>
                  </detail>
               </processObject>
               <processObject xmlns="http://schemas.active-endpoints.com/appmodules/screenflow/2011/06/avosHostEnvironment.xsd"
                              isByCopy="true"
                              name="RuleType">
                  <description/>
                  <detail/>
               </processObject>
               <processObject xmlns="http://schemas.active-endpoints.com/appmodules/screenflow/2011/06/avosHostEnvironment.xsd"
                              isByCopy="true"
                              name="DrillDownType">
                  <description/>
                  <detail/>
               </processObject>
               <processObject xmlns="http://schemas.active-endpoints.com/appmodules/screenflow/2011/06/avosHostEnvironment.xsd"
                              isByCopy="true"
                              name="AdvancedFilterRM">
                  <description/>
                  <detail/>
               </processObject>
               <processObject xmlns="http://schemas.active-endpoints.com/appmodules/screenflow/2011/06/avosHostEnvironment.xsd"
                              isByCopy="true"
                              name="FieldFilterRM">
                  <description/>
                  <detail>
                     <field name="id" type="string"/>
                     <field name="value" type="string"/>
                     <field name="operator" type="reference">
                        <options>
                           <option name="referenceTo">Operator</option>
                           <option name="relationshipName">Child</option>
                        </options>
                     </field>
                     <field name="columnName" type="string"/>
                  </detail>
               </processObject>
               <processObject xmlns="http://schemas.active-endpoints.com/appmodules/screenflow/2011/06/avosHostEnvironment.xsd"
                              isByCopy="true"
                              name="MappletOutputFieldMapRM">
                  <description>Rule Output Port &amp; mapping output field mappings</description>
                  <detail>
                     <field name="isDeleted" type="boolean"/>
                     <field name="datatype" type="string"/>
                     <field name="id" type="string"/>
                     <field name="outFieldName" type="string"/>
                     <field name="columnKey" type="int"/>
                  </detail>
               </processObject>
               <processObject xmlns="http://schemas.active-endpoints.com/appmodules/screenflow/2011/06/avosHostEnvironment.xsd"
                              isByCopy="true"
                              name="Type">
                  <description/>
                  <detail/>
               </processObject>
               <processObject xmlns="http://schemas.active-endpoints.com/appmodules/screenflow/2011/06/avosHostEnvironment.xsd"
                              isByCopy="true"
                              name="JobType">
                  <description/>
                  <detail/>
               </processObject>
               <processObject xmlns="http://schemas.active-endpoints.com/appmodules/screenflow/2011/06/avosHostEnvironment.xsd"
                              isByCopy="true"
                              name="DataSourceFieldRM">
                  <description>Describes source field</description>
                  <detail>
                     <field name="pcType" type="string"/>
                     <field name="isDeleted" type="boolean"/>
                     <field name="metaExtensions" type="object"/>
                     <field name="dataType" type="string"/>
                     <field name="precision" type="int"/>
                     <field name="name" type="string"/>
                     <field name="scale" type="int"/>
                     <field name="id" type="string"/>
                     <field name="order" type="int"/>
                  </detail>
               </processObject>
               <processObject xmlns="http://schemas.active-endpoints.com/appmodules/screenflow/2011/06/avosHostEnvironment.xsd"
                              isByCopy="true"
                              name="ProfileAdvancedOptionsRM">
                  <description>Advanced  runtime configuration of data profiling asset</description>
                  <detail>
                     <field name="dtmBufferSize" type="string"/>
                     <field name="maxPatterns" type="int"/>
                     <field name="maxPatternThresholdPercent" type="double"/>
                     <field name="lineSequentialBufferLength" type="int"/>
                     <field name="inferDateTime" type="boolean"/>
                     <field name="minNoOfRowsForSplitMapping" type="int"/>
                     <field name="defaultBufferBlockSize" type="string"/>
                     <field name="stopOnErrors" type="int"/>
                     <field name="detectOutliers" type="boolean"/>
                     <field name="maxTopN" type="int"/>
                     <field name="maxColumnsPerMapping" type="int"/>
                  </detail>
               </processObject>
               <processObject xmlns="http://schemas.active-endpoints.com/appmodules/screenflow/2011/06/avosHostEnvironment.xsd"
                              isByCopy="true"
                              name="ProfileableDataSourceFieldRM">
                  <description/>
                  <detail/>
               </processObject>
               <processObject xmlns="http://schemas.active-endpoints.com/appmodules/screenflow/2011/06/avosHostEnvironment.xsd"
                              isByCopy="true"
                              name="OperationType">
                  <description>Type of query</description>
                  <detail/>
               </processObject>
               <processObject xmlns="http://schemas.active-endpoints.com/appmodules/screenflow/2011/06/avosHostEnvironment.xsd"
                              isByCopy="true"
                              name="ValueFunctiontype">
                  <description>Query Function</description>
                  <detail/>
               </processObject>
               <processObject xmlns="http://schemas.active-endpoints.com/appmodules/screenflow/2011/06/avosHostEnvironment.xsd"
                              isByCopy="true"
                              name="QueryType">
                  <description/>
                  <detail/>
               </processObject>
               <processObject xmlns="http://schemas.active-endpoints.com/appmodules/screenflow/2011/06/avosHostEnvironment.xsd"
                              isByCopy="true"
                              name="DataSourceRM">
                  <description>Source object</description>
                  <detail/>
               </processObject>
               <processObject xmlns="http://schemas.active-endpoints.com/appmodules/screenflow/2011/06/avosHostEnvironment.xsd"
                              isByCopy="true"
                              name="QueryOperationRM">
                  <description/>
                  <detail>
                     <field name="createdByName" type="string"/>
                     <field name="updatedBy" type="string"/>
                     <field name="updatedByName" type="string"/>
                     <field name="rowsProcessed" type="int"/>
                     <field name="description" type="string"/>
                     <field name="updateTime" type="int"/>
                     <field name="queries" type="objectlist">
                        <options>
                           <option name="referenceTo">QueryRM</option>
                           <option name="relationshipName">Child</option>
                        </options>
                     </field>
                     <field name="operator" type="reference">
                        <options>
                           <option name="referenceTo">Operator1</option>
                           <option name="relationshipName">Child</option>
                        </options>
                     </field>
                     <field name="queryType" type="reference">
                        <options>
                           <option name="referenceTo">QueryType</option>
                           <option name="relationshipName">Child</option>
                        </options>
                     </field>
                     <field name="jobId" type="string"/>
                     <field name="createdBy" type="string"/>
                     <field name="createTime" type="int"/>
                     <field name="profileId" type="string"/>
                     <field name="name" type="string"/>
                     <field name="connectionId" type="string"/>
                     <field name="successRows" type="int"/>
                     <field name="id" type="string"/>
                     <field name="status" type="string"/>
                  </detail>
               </processObject>
               <processObject xmlns="http://schemas.active-endpoints.com/appmodules/screenflow/2011/06/avosHostEnvironment.xsd"
                              isByCopy="true"
                              name="string">
                  <description/>
                  <detail>
                     <field name="string" type="string"/>
                  </detail>
               </processObject>
               <processObject xmlns="http://schemas.active-endpoints.com/appmodules/screenflow/2011/06/avosHostEnvironment.xsd"
                              isByCopy="true"
                              name="boolean">
                  <description/>
                  <detail>
                     <field name="boolean" type="boolean"/>
                  </detail>
               </processObject>
               <processObject xmlns="http://schemas.active-endpoints.com/appmodules/screenflow/2011/06/avosHostEnvironment.xsd"
                              isByCopy="true"
                              name="double">
                  <description/>
                  <detail>
                     <field name="double" type="double"/>
                  </detail>
               </processObject>
               <processObject xmlns="http://schemas.active-endpoints.com/appmodules/screenflow/2011/06/avosHostEnvironment.xsd"
                              isByCopy="true"
                              name="integer">
                  <description/>
                  <detail>
                     <field name="integer" type="int"/>
                  </detail>
               </processObject>
            </objects>
         </businessConnector>
      </types1:Entry>
      <types1:GUID>bKGQedLhzuaj4TVCCO8pWC</types1:GUID>
      <types1:DisplayName>Informatica Profiling Service REST API v1</types1:DisplayName>
   </types1:Item>
   <types1:CurrentServerDateTime>2020-10-23T06:28:46.904Z</types1:CurrentServerDateTime>
</aetgt:getResponse>
